t_s,theta_deg,alpha_deg,alpha_raw_deg,pwm,mode
0.000000,-15.1172,89.8242,-990.1758,0,0
0.001146,-15.1172,89.8242,-990.1758,0,0
0.005087,-15.1172,89.6484,-990.3516,0,0
0.009106,-15.1172,89.6484,-990.3516,0,0
0.013078,-15.1172,89.6484,-990.3516,0,0
0.017145,-15.1172,89.6484,-990.3516,0,0
0.021115,-15.1172,89.6484,-990.3516,0,0
0.025079,-15.1172,89.6484,-990.3516,0,0
0.029131,-15.1172,89.6484,-990.3516,0,0
0.033138,-15.1172,89.6484,-990.3516,0,0
0.037529,-15.1172,89.6484,-990.3516,0,0
0.041094,-15.1172,89.6484,-990.3516,0,0
0.045126,-15.1172,89.6484,-990.3516,0,0
0.049157,-15.1172,89.6484,-990.3516,0,0
0.053099,-15.1172,89.6484,-990.3516,0,0
0.057090,-15.1172,89.6484,-990.3516,0,0
0.061156,-15.1172,89.6484,-990.3516,0,0
0.065123,-15.1172,89.6484,-990.3516,0,0
0.069090,-15.1172,89.6484,-990.3516,0,0
0.073156,-15.1172,89.6484,-990.3516,0,0
0.077123,-15.1172,89.6484,-990.3516,0,0
0.081090,-15.1172,89.6484,-990.3516,0,0
0.085156,-15.1172,89.6484,-990.3516,0,0
0.089123,-15.1172,89.6484,-990.3516,0,0
0.093090,-15.1172,89.6484,-990.3516,0,0
0.097156,-15.1172,89.8242,-990.1758,0,0
0.101123,-15.1172,89.8242,-990.1758,0,0
0.105087,-15.1172,89.8242,-990.1758,0,0
0.109082,-15.1172,89.8242,-990.1758,0,0
0.113145,-15.1172,90.0000,-990.0000,0,0
0.117116,-15.1172,90.0000,-990.0000,0,0
0.121082,-15.1172,90.0000,-990.0000,0,0
0.125145,-15.1172,90.0000,-990.0000,0,0
0.129160,-15.1172,90.0000,-990.0000,0,0
0.133071,-15.1172,90.0000,-990.0000,0,0
0.137137,-15.1172,90.1758,-989.8242,0,0
0.141107,-15.1172,90.1758,-989.8242,0,0
0.145078,-15.1172,90.1758,-989.8242,0,0
0.149145,-15.1172,90.1758,-989.8242,0,0
0.153128,-15.1172,90.3516,-989.6484,0,0
0.157096,-15.1172,90.3516,-989.6484,0,0
0.161161,-15.1172,90.3516,-989.6484,0,0
0.165130,-15.1172,90.3516,-989.6484,0,0
0.169096,-15.1172,90.3516,-989.6484,0,0
0.173161,-15.1172,90.5273,-989.4727,0,0
0.177130,-15.1172,90.5273,-989.4727,0,0
0.181096,-15.1172,90.7031,-989.2969,0,0
0.185161,-15.1172,90.7031,-989.2969,0,0
0.189130,-15.1172,90.7031,-989.2969,0,0
0.193096,-15.1172,90.7031,-989.2969,0,0
0.197161,-15.1172,90.8789,-989.1211,0,0
0.201130,-15.1172,90.8789,-989.1211,0,0
0.205105,-15.1172,90.8789,-989.1211,0,0
0.209090,-15.1172,90.8789,-989.1211,0,0
0.213156,-15.1172,91.0547,-988.9453,0,0
0.217123,-15.1172,91.0547,-988.9453,0,0
0.221090,-15.1172,91.0547,-988.9453,0,0
0.225090,-15.1172,91.0547,-988.9453,0,0
0.229156,-15.1172,91.2305,-988.7695,0,0
0.233083,-15.1172,91.2305,-988.7695,0,0
0.237078,-15.1172,91.2305,-988.7695,0,0
0.241145,-15.1172,91.4062,-988.5938,0,0
0.245116,-15.1172,91.4062,-988.5938,0,0
0.249082,-15.1172,91.4062,-988.5938,0,0
0.253156,-15.1172,91.4062,-988.5938,0,0
0.257123,-15.1172,91.4062,-988.5938,0,0
0.261090,-15.1172,91.4062,-988.5938,0,0
0.265156,-15.1172,91.5820,-988.4180,0,0
0.269123,-15.1172,91.5820,-988.4180,0,0
0.273090,-15.1172,91.5820,-988.4180,0,0
0.277156,-15.1172,91.5820,-988.4180,0,0
0.281123,-15.1172,91.5820,-988.4180,0,0
0.285090,-15.1172,91.5820,-988.4180,0,0
0.289119,-15.1172,91.7578,-988.2422,0,0
0.293123,-15.1172,91.7578,-988.2422,0,0
0.297071,-15.1172,91.7578,-988.2422,0,0
0.301137,-15.1172,91.7578,-988.2422,0,0
0.305151,-15.1172,91.7578,-988.2422,0,0
0.309145,-15.1172,91.7578,-988.2422,0,0
0.313116,-15.1172,91.7578,-988.2422,0,0
0.317082,-15.1172,91.7578,-988.2422,0,0
0.321145,-15.1172,91.7578,-988.2422,0,0
0.325116,-15.1172,91.7578,-988.2422,0,0
0.329082,-15.1172,91.7578,-988.2422,0,0
0.333159,-15.1172,91.7578,-988.2422,0,0
0.337078,-15.1172,91.7578,-988.2422,0,0
0.341912,-15.1172,91.7578,-988.2422,0,0
0.345090,-15.1172,91.7578,-988.2422,0,0
0.349123,-15.1172,91.7578,-988.2422,0,0
0.353100,-15.1172,91.7578,-988.2422,0,0
0.357090,-15.1172,91.7578,-988.2422,0,0
0.361173,-15.1172,91.7578,-988.2422,0,0
0.365145,-15.1172,91.7578,-988.2422,0,0
0.369116,-15.1172,91.7578,-988.2422,0,0
0.373090,-15.1172,91.7578,-988.2422,0,0
0.377156,-15.1172,91.7578,-988.2422,0,0
0.381123,-15.1172,91.7578,-988.2422,0,0
0.385090,-15.1172,91.7578,-988.2422,0,0
0.389156,-15.1172,91.7578,-988.2422,0,0
0.393123,-15.1172,91.5820,-988.4180,0,0
0.397103,-15.1172,91.5820,-988.4180,0,0
0.401090,-15.1172,91.5820,-988.4180,0,0
0.405071,-15.1172,91.5820,-988.4180,0,0
0.409152,-15.1172,91.5820,-988.4180,0,0
0.413137,-15.1172,91.5820,-988.4180,0,0
0.417162,-15.1172,91.4062,-988.5938,0,0
0.421078,-15.1172,91.4062,-988.5938,0,0
0.425145,-15.1172,91.4062,-988.5938,0,0
0.429130,-15.1172,91.4062,-988.5938,0,0
0.433111,-15.1172,91.4062,-988.5938,0,0
0.437080,-15.1172,91.2305,-988.7695,0,0
0.441112,-15.1172,91.2305,-988.7695,0,0
0.445145,-15.1172,91.2305,-988.7695,0,0
0.449116,-15.1172,91.0547,-988.9453,0,0
0.453132,-15.1172,91.0547,-988.9453,0,0
0.457119,-15.1172,91.0547,-988.9453,0,0
0.461107,-15.1172,91.0547,-988.9453,0,0
0.465078,-15.1172,90.8789,-989.1211,0,0
0.469145,-15.1172,90.8789,-989.1211,0,0
0.473116,-15.1172,90.8789,-989.1211,0,0
0.477082,-15.1172,90.8789,-989.1211,0,0
0.481090,-15.1172,90.7031,-989.2969,0,0
0.485113,-15.1172,90.7031,-989.2969,0,0
0.489082,-15.1172,90.7031,-989.2969,0,0
0.493145,-15.1172,90.7031,-989.2969,0,0
0.497116,-15.1172,90.5273,-989.4727,0,0
0.501082,-15.1172,90.5273,-989.4727,0,0
0.505090,-15.1172,90.5273,-989.4727,0,0
0.509074,-15.1172,90.3516,-989.6484,0,0
0.513142,-15.1172,90.3516,-989.6484,0,0
0.517114,-15.1172,90.3516,-989.6484,0,0
0.521082,-15.1172,90.3516,-989.6484,0,0
0.525145,-15.1172,90.3516,-989.6484,0,0
0.529116,-15.1172,90.1758,-989.8242,0,0
0.533082,-15.1172,90.1758,-989.8242,0,0
0.537145,-15.1172,90.1758,-989.8242,0,0
0.541096,-15.1172,90.1758,-989.8242,0,0
0.545161,-15.1172,90.1758,-989.8242,0,0
0.549130,-15.1172,90.0000,-990.0000,0,0
0.553101,-15.1172,90.0000,-990.0000,0,0
0.557074,-15.1172,90.0000,-990.0000,0,0
0.561142,-15.1172,90.0000,-990.0000,0,0
0.565114,-15.1172,90.0000,-990.0000,0,0
0.569082,-15.1172,90.0000,-990.0000,0,0
0.573145,-15.1172,90.0000,-990.0000,0,0
0.577116,-15.1172,90.0000,-990.0000,0,0
0.581082,-15.1172,89.8242,-990.1758,0,0
0.585145,-15.1172,89.8242,-990.1758,0,0
0.589116,-15.1172,89.8242,-990.1758,0,0
0.593082,-15.1172,89.8242,-990.1758,0,0
0.597145,-15.1172,89.8242,-990.1758,0,0
0.601116,-15.1172,89.8242,-990.1758,0,0
0.605096,-15.1172,89.8242,-990.1758,0,0
0.609082,-15.1172,89.8242,-990.1758,0,0
0.613145,-15.1172,89.8242,-990.1758,0,0
0.617116,-15.1172,89.8242,-990.1758,0,0
0.621082,-15.1172,89.8242,-990.1758,0,0
0.625145,-15.1172,89.8242,-990.1758,0,0
0.629116,-15.1172,89.8242,-990.1758,0,0
0.633082,-15.1172,89.8242,-990.1758,0,0
0.637145,-15.1172,89.8242,-990.1758,0,0
0.641105,-15.1172,89.8242,-990.1758,0,0
0.645090,-15.1172,89.8242,-990.1758,0,0
0.649156,-15.1172,89.8242,-990.1758,0,0
0.653134,-15.1172,89.8242,-990.1758,0,0
0.657104,-15.1172,89.8242,-990.1758,0,0
0.661074,-15.1172,89.8242,-990.1758,0,0
0.665142,-15.1172,89.8242,-990.1758,0,0
0.669114,-15.1172,90.0000,-990.0000,0,0
0.673082,-15.1172,90.0000,-990.0000,0,0
0.677145,-15.1172,90.0000,-990.0000,0,0
0.681116,-15.1172,90.0000,-990.0000,0,0
0.685082,-15.1172,90.0000,-990.0000,0,0
0.689128,-15.1172,90.0000,-990.0000,0,0
0.693090,-15.1172,90.0000,-990.0000,0,0
0.697099,-15.1172,90.1758,-989.8242,0,0
0.701109,-15.1172,90.1758,-989.8242,0,0
0.705128,-15.1172,90.1758,-989.8242,0,0
0.712238,-15.1172,90.1758,-989.8242,0,0
0.713166,-15.1172,90.1758,-989.8242,0,0
0.717078,-15.1172,90.3516,-989.6484,0,0
0.721145,-15.1172,90.3516,-989.6484,0,0
0.725112,-15.1172,90.3516,-989.6484,0,0
0.729082,-15.1172,90.3516,-989.6484,0,0
0.733145,-15.1172,90.3516,-989.6484,0,0
0.737116,-15.1172,90.5273,-989.4727,0,0
0.741096,-15.1172,90.5273,-989.4727,0,0
0.745090,-15.1172,90.5273,-989.4727,0,0
0.749148,-15.1172,90.7031,-989.2969,0,0
0.753134,-15.1172,90.7031,-989.2969,0,0
0.757105,-15.1172,90.7031,-989.2969,0,0
0.761074,-15.1172,90.7031,-989.2969,0,0
0.765142,-15.1172,90.8789,-989.1211,0,0
0.769115,-15.1172,90.8789,-989.1211,0,0
0.773114,-15.1172,90.8789,-989.1211,0,0
0.777079,-15.1172,90.8789,-989.1211,0,0
0.781090,-15.1172,90.8789,-989.1211,0,0
0.785152,-15.1172,91.0547,-988.9453,0,0
0.789122,-15.1172,91.0547,-988.9453,0,0
0.793110,-15.1172,91.0547,-988.9453,0,0
0.797646,-15.1172,91.0547,-988.9453,0,0
0.801080,-15.1172,91.0547,-988.9453,0,0
0.805130,-15.1172,91.2305,-988.7695,0,0
0.809152,-15.1172,91.2305,-988.7695,0,0
0.813123,-15.1172,91.2305,-988.7695,0,0
0.817132,-15.1172,91.4062,-988.5938,0,0
0.821107,-15.1172,91.4062,-988.5938,0,0
0.825078,-15.1172,91.4062,-988.5938,0,0
0.829145,-15.1172,91.4062,-988.5938,0,0
0.833116,-15.1172,91.4062,-988.5938,0,0
0.837082,-15.1172,91.4062,-988.5938,0,0
0.841145,-15.1172,91.5820,-988.4180,0,0
0.845142,-15.1172,91.5820,-988.4180,0,0
0.849114,-15.1172,91.5820,-988.4180,0,0
0.853133,-15.1172,91.5820,-988.4180,0,0
0.857104,-15.1172,91.5820,-988.4180,0,0
0.861078,-15.1172,91.5820,-988.4180,0,0
0.865141,-15.1172,91.5820,-988.4180,0,0
0.869112,-15.1172,91.5820,-988.4180,0,0
0.873082,-15.1172,91.5820,-988.4180,0,0
0.877145,-15.1172,91.5820,-988.4180,0,0
0.881116,-15.1172,91.7578,-988.2422,0,0
0.885082,-15.1172,91.7578,-988.2422,0,0
0.889145,-15.1172,91.7578,-988.2422,0,0
0.893116,-15.1172,91.7578,-988.2422,0,0
0.897082,-15.1172,91.7578,-988.2422,0,0
0.901145,-15.1172,91.7578,-988.2422,0,0
0.905124,-15.1172,91.7578,-988.2422,0,0
0.909106,-15.1172,91.7578,-988.2422,0,0
0.913078,-15.1172,91.7578,-988.2422,0,0
0.917145,-15.1172,91.7578,-988.2422,0,0
0.921090,-15.1172,91.7578,-988.2422,0,0
0.925156,-15.1172,91.7578,-988.2422,0,0
0.929123,-15.1172,91.7578,-988.2422,0,0
0.933090,-15.1172,91.7578,-988.2422,0,0
0.937156,-15.1172,91.5820,-988.4180,0,0
0.941152,-15.1172,91.5820,-988.4180,0,0
0.945123,-15.1172,91.5820,-988.4180,0,0
0.949076,-15.1172,91.5820,-988.4180,0,0
0.953114,-15.1172,91.5820,-988.4180,0,0
0.957082,-15.1172,91.5820,-988.4180,0,0
0.961145,-15.1172,91.5820,-988.4180,0,0
0.965116,-15.1172,91.5820,-988.4180,0,0
0.969082,-15.1172,91.5820,-988.4180,0,0
0.973145,-15.1172,91.4062,-988.5938,0,0
0.977116,-15.1172,91.4062,-988.5938,0,0
0.981082,-15.1172,91.4062,-988.5938,0,0
0.985145,-15.1172,91.4062,-988.5938,0,0
0.989116,-15.1172,91.4062,-988.5938,0,0
0.993082,-15.1172,91.4062,-988.5938,0,0
0.997145,-15.1172,91.2305,-988.7695,0,0
1.001116,-15.1172,91.2305,-988.7695,0,0
1.005096,-15.1172,91.2305,-988.7695,0,0
1.009082,-15.1172,91.2305,-988.7695,0,0
1.013145,-15.1172,91.0547,-988.9453,0,0
1.017116,-15.1172,91.0547,-988.9453,0,0
1.021082,-15.1172,91.0547,-988.9453,0,0
1.025145,-15.1172,91.0547,-988.9453,0,0
1.029116,-15.1172,91.0547,-988.9453,0,0
1.033082,-15.1172,90.8789,-989.1211,0,0
1.037145,-15.1172,90.8789,-989.1211,0,0
1.041116,-15.1172,90.8789,-989.1211,0,0
1.045082,-15.1172,90.8789,-989.1211,0,0
1.049112,-15.1172,90.7031,-989.2969,0,0
1.053136,-15.1172,90.7031,-989.2969,0,0
1.057145,-15.1172,90.7031,-989.2969,0,0
1.061160,-15.1172,90.7031,-989.2969,0,0
1.065133,-15.1172,90.7031,-989.2969,0,0
1.070202,-15.1172,90.5273,-989.4727,0,0
1.073261,-15.1172,90.5273,-989.4727,0,0
1.077137,-15.1172,90.5273,-989.4727,0,0
1.081106,-15.1172,90.3516,-989.6484,0,0
1.085078,-15.1172,90.3516,-989.6484,0,0
1.089131,-15.1172,90.3516,-989.6484,0,0
1.093097,-15.1172,90.3516,-989.6484,0,0
1.097080,-15.1172,90.3516,-989.6484,0,0
1.101145,-15.1172,90.3516,-989.6484,0,0
1.105139,-15.1172,90.1758,-989.8242,0,0
1.109135,-15.1172,90.1758,-989.8242,0,0
1.113160,-15.1172,90.1758,-989.8242,0,0
1.117074,-15.1172,90.1758,-989.8242,0,0
1.121141,-15.1172,90.1758,-989.8242,0,0
1.125105,-15.1172,90.1758,-989.8242,0,0
1.129074,-15.1172,90.0000,-990.0000,0,0
1.133141,-15.1172,90.0000,-990.0000,0,0
1.137112,-15.1172,90.0000,-990.0000,0,0
1.141082,-15.1172,90.0000,-990.0000,0,0
1.145145,-15.1172,90.0000,-990.0000,0,0
1.149116,-15.1172,90.0000,-990.0000,0,0
1.153150,-15.1172,90.0000,-990.0000,0,0
1.157160,-15.1172,90.0000,-990.0000,0,0
1.161130,-15.1172,90.0000,-990.0000,0,0
1.165096,-15.1172,90.0000,-990.0000,0,0
1.169161,-15.1172,90.0000,-990.0000,0,0
1.173130,-15.1172,90.0000,-990.0000,0,0
1.177096,-15.1172,90.0000,-990.0000,0,0
1.181161,-15.1172,89.8242,-990.1758,0,0
1.185130,-15.1172,89.8242,-990.1758,0,0
1.189096,-15.1172,89.8242,-990.1758,0,0
1.193161,-15.1172,89.8242,-990.1758,0,0
1.197130,-15.1172,89.8242,-990.1758,0,0
1.201096,-15.1172,89.8242,-990.1758,0,0
1.205104,-15.1172,89.8242,-990.1758,0,0
1.209090,-15.1172,89.8242,-990.1758,0,0
1.213156,-15.1172,89.8242,-990.1758,0,0
1.217123,-15.1172,90.0000,-990.0000,0,0
1.221090,-15.1172,90.0000,-990.0000,0,0
1.225156,-15.1172,90.0000,-990.0000,0,0
1.229123,-15.1172,90.0000,-990.0000,0,0
1.233090,-15.1172,90.0000,-990.0000,0,0
1.237156,-15.1172,90.0000,-990.0000,0,0
1.241123,-15.1172,90.0000,-990.0000,0,0
1.245090,-15.1172,90.0000,-990.0000,0,0
1.249156,-15.1172,90.0000,-990.0000,0,0
1.253145,-15.1172,90.0000,-990.0000,0,0
1.257082,-15.1172,90.0000,-990.0000,0,0
1.261077,-15.1172,90.1758,-989.8242,0,0
1.265145,-15.1172,90.1758,-989.8242,0,0
1.269116,-15.1172,90.1758,-989.8242,0,0
1.273082,-15.1172,90.1758,-989.8242,0,0
1.277145,-15.1172,90.1758,-989.8242,0,0
1.281116,-15.1172,90.1758,-989.8242,0,0
1.285082,-15.1172,90.3516,-989.6484,0,0
1.289145,-15.1172,90.3516,-989.6484,0,0
1.293116,-15.1172,90.3516,-989.6484,0,0
1.297082,-15.1172,90.3516,-989.6484,0,0
1.301080,-15.1172,90.3516,-989.6484,0,0
1.305160,-15.1172,90.5273,-989.4727,0,0
1.309145,-15.1172,90.5273,-989.4727,0,0
1.313115,-15.1172,90.5273,-989.4727,0,0
1.317082,-15.1172,90.7031,-989.2969,0,0
1.321145,-15.1172,90.7031,-989.2969,0,0
1.325116,-15.1172,90.7031,-989.2969,0,0
1.329082,-15.1172,90.7031,-989.2969,0,0
1.333145,-15.1172,90.7031,-989.2969,0,0
1.337116,-15.1172,90.8789,-989.1211,0,0
1.341082,-15.1172,90.8789,-989.1211,0,0
1.345145,-15.1172,90.8789,-989.1211,0,0
1.349116,-15.1172,90.8789,-989.1211,0,0
1.353090,-15.1172,90.8789,-989.1211,0,0
1.357109,-15.1172,91.0547,-988.9453,0,0
1.361130,-15.1172,91.0547,-988.9453,0,0
1.365121,-15.1172,91.0547,-988.9453,0,0
1.369139,-15.1172,91.0547,-988.9453,0,0
1.373106,-15.1172,91.0547,-988.9453,0,0
1.377096,-15.1172,91.2305,-988.7695,0,0
1.381090,-15.1172,91.2305,-988.7695,0,0
1.385117,-15.1172,91.2305,-988.7695,0,0
1.391902,-15.1172,91.4062,-988.5938,0,0
1.393145,-15.1172,91.4062,-988.5938,0,0
1.397090,-15.1172,91.4062,-988.5938,0,0
1.401068,-15.1172,91.4062,-988.5938,0,0
1.405090,-15.1172,91.4062,-988.5938,0,0
1.409084,-15.1172,91.4062,-988.5938,0,0
1.413136,-15.1172,91.4062,-988.5938,0,0
1.417145,-15.1172,91.4062,-988.5938,0,0
1.421145,-15.1172,91.5820,-988.4180,0,0
1.425116,-15.1172,91.5820,-988.4180,0,0
1.429105,-15.1172,91.5820,-988.4180,0,0
1.433074,-15.1172,91.5820,-988.4180,0,0
1.437142,-15.1172,91.5820,-988.4180,0,0
1.441130,-15.1172,91.5820,-988.4180,0,0
1.445091,-15.1172,91.5820,-988.4180,0,0
1.449082,-15.1172,91.5820,-988.4180,0,0
1.453167,-15.1172,91.5820,-988.4180,0,0
1.457137,-15.1172,91.5820,-988.4180,0,0
1.461137,-15.1172,91.5820,-988.4180,0,0
1.465152,-15.1172,91.5820,-988.4180,0,0
1.469123,-15.1172,91.5820,-988.4180,0,0
1.473090,-15.1172,91.5820,-988.4180,0,0
1.477156,-15.1172,91.5820,-988.4180,0,0
1.481123,-15.1172,91.5820,-988.4180,0,0
1.485090,-15.1172,91.5820,-988.4180,0,0
1.489156,-15.1172,91.5820,-988.4180,0,0
1.493123,-15.1172,91.5820,-988.4180,0,0
1.497090,-15.1172,91.5820,-988.4180,0,0
1.501156,-15.1172,91.5820,-988.4180,0,0
1.505161,-15.1172,91.5820,-988.4180,0,0
1.509145,-15.1172,91.5820,-988.4180,0,0
1.513116,-15.1172,91.5820,-988.4180,0,0
1.517082,-15.1172,91.5820,-988.4180,0,0
1.521145,-15.1172,91.5820,-988.4180,0,0
1.525116,-15.1172,91.5820,-988.4180,0,0
1.529082,-15.1172,91.4062,-988.5938,0,0
1.533145,-15.1172,91.4062,-988.5938,0,0
1.537116,-15.1172,91.4062,-988.5938,0,0
1.541082,-15.1172,91.4062,-988.5938,0,0
1.545145,-15.1172,91.4062,-988.5938,0,0
1.549116,-15.1172,91.4062,-988.5938,0,0
1.553090,-15.1172,91.4062,-988.5938,0,0
1.557160,-15.1172,91.4062,-988.5938,0,0
1.561073,-15.1172,91.2305,-988.7695,0,0
1.565087,-15.1172,91.2305,-988.7695,0,0
1.569152,-15.1172,91.2305,-988.7695,0,0
1.573123,-15.1172,91.2305,-988.7695,0,0
1.577090,-15.1172,91.0547,-988.9453,0,0
1.581156,-15.1172,91.0547,-988.9453,0,0
1.585123,-15.1172,91.0547,-988.9453,0,0
1.589090,-15.1172,91.0547,-988.9453,0,0
1.593156,-15.1172,91.0547,-988.9453,0,0
1.597123,-15.1172,91.0547,-988.9453,0,0
1.601090,-15.1172,90.8789,-989.1211,0,0
1.605074,-15.1172,90.8789,-989.1211,0,0
1.609156,-15.1172,90.8789,-989.1211,0,0
1.613137,-15.1172,90.8789,-989.1211,0,0
1.617107,-15.1172,90.8789,-989.1211,0,0
1.621078,-15.1172,90.7031,-989.2969,0,0
1.625145,-15.1172,90.7031,-989.2969,0,0
1.629116,-15.1172,90.7031,-989.2969,0,0
1.633082,-15.1172,90.7031,-989.2969,0,0
1.637145,-15.1172,90.7031,-989.2969,0,0
1.641116,-15.1172,90.7031,-989.2969,0,0
1.645082,-15.1172,90.5273,-989.4727,0,0
1.649145,-15.1172,90.5273,-989.4727,0,0
1.653128,-15.1172,90.5273,-989.4727,0,0
1.657096,-15.1172,90.3516,-989.6484,0,0
1.661153,-15.1172,90.3516,-989.6484,0,0
1.665104,-15.1172,90.3516,-989.6484,0,0
1.669129,-15.1172,90.3516,-989.6484,0,0
1.673200,-15.1172,90.3516,-989.6484,0,0
1.677186,-15.1172,90.3516,-989.6484,0,0
1.681128,-15.1172,90.1758,-989.8242,0,0
1.685145,-15.1172,90.1758,-989.8242,0,0
1.689072,-15.1172,90.1758,-989.8242,0,0
1.693153,-15.1172,90.1758,-989.8242,0,0
1.697145,-15.1172,90.1758,-989.8242,0,0
1.701116,-15.1172,90.1758,-989.8242,0,0
1.705090,-15.1172,90.1758,-989.8242,0,0
1.709074,-15.1172,90.1758,-989.8242,0,0
1.713142,-15.1172,90.1758,-989.8242,0,0
1.717114,-15.1172,90.0000,-990.0000,0,0
1.721082,-15.1172,90.0000,-990.0000,0,0
1.725145,-15.1172,90.0000,-990.0000,0,0
1.729116,-15.1172,90.0000,-990.0000,0,0
1.733082,-15.1172,90.0000,-990.0000,0,0
1.737145,-15.1172,90.0000,-990.0000,0,0
1.741116,-15.1172,90.0000,-990.0000,0,0
1.745082,-15.1172,90.0000,-990.0000,0,0
1.749145,-15.1172,90.0000,-990.0000,0,0
1.753131,-15.1172,90.0000,-990.0000,0,0
1.757112,-15.1172,90.0000,-990.0000,0,0
1.761082,-15.1172,90.0000,-990.0000,0,0
1.765145,-15.1172,90.0000,-990.0000,0,0
1.769130,-15.1172,90.0000,-990.0000,0,0
1.773142,-15.1172,90.0000,-990.0000,0,0
1.777114,-15.1172,90.0000,-990.0000,0,0
1.781082,-15.1172,90.0000,-990.0000,0,0
1.785145,-15.1172,90.0000,-990.0000,0,0
1.789116,-15.1172,90.0000,-990.0000,0,0
1.793082,-15.1172,90.0000,-990.0000,0,0
1.797145,-15.1172,90.0000,-990.0000,0,0
1.801116,-15.1172,90.0000,-990.0000,0,0
1.805096,-15.1172,90.0000,-990.0000,0,0
1.809082,-15.1172,90.1758,-989.8242,0,0
1.813145,-15.1172,90.1758,-989.8242,0,0
1.817116,-15.1172,90.1758,-989.8242,0,0
1.821082,-15.1172,90.1758,-989.8242,0,0
1.825145,-15.1172,90.1758,-989.8242,0,0
1.829122,-15.1172,90.1758,-989.8242,0,0
1.833082,-15.1172,90.1758,-989.8242,0,0
1.837094,-15.1172,90.1758,-989.8242,0,0
1.841104,-15.1172,90.3516,-989.6484,0,0
1.845074,-15.1172,90.3516,-989.6484,0,0
1.849064,-15.1172,90.3516,-989.6484,0,0
1.853082,-15.1172,90.3516,-989.6484,0,0
1.857145,-15.1172,90.3516,-989.6484,0,0
1.861124,-15.1172,90.3516,-989.6484,0,0
1.865080,-15.1172,90.3516,-989.6484,0,0
1.869104,-15.1172,90.3516,-989.6484,0,0
1.873109,-15.1172,90.5273,-989.4727,0,0
1.877082,-15.1172,90.5273,-989.4727,0,0
1.881145,-15.1172,90.5273,-989.4727,0,0
1.885116,-15.1172,90.7031,-989.2969,0,0
1.889082,-15.1172,90.7031,-989.2969,0,0
1.893145,-15.1172,90.7031,-989.2969,0,0
1.897116,-15.1172,90.7031,-989.2969,0,0
1.901082,-15.1172,90.7031,-989.2969,0,0
1.905152,-15.1172,90.7031,-989.2969,0,0
1.909137,-15.1172,90.8789,-989.1211,0,0
1.913137,-15.1172,90.8789,-989.1211,0,0
1.917107,-15.1172,90.8789,-989.1211,0,0
1.921078,-15.1172,90.8789,-989.1211,0,0
1.925145,-15.1172,90.8789,-989.1211,0,0
1.929116,-15.1172,90.8789,-989.1211,0,0
1.933082,-15.1172,91.0547,-988.9453,0,0
1.937145,-15.1172,91.0547,-988.9453,0,0
1.941102,-15.1172,91.0547,-988.9453,0,0
1.945124,-15.1172,91.0547,-988.9453,0,0
1.949169,-15.1172,91.0547,-988.9453,0,0
1.954556,-15.1172,91.0547,-988.9453,0,0
1.957147,-15.1172,91.2305,-988.7695,0,0
1.961124,-15.1172,91.2305,-988.7695,0,0
1.965145,-15.1172,91.2305,-988.7695,0,0
1.969078,-15.1172,91.2305,-988.7695,0,0
1.973122,-15.1172,91.2305,-988.7695,0,0
1.977102,-15.1172,91.4062,-988.5938,0,0
1.981074,-15.1172,91.4062,-988.5938,0,0
1.985074,-15.1172,91.4062,-988.5938,0,0
1.989121,-15.1172,91.4062,-988.5938,0,0
1.993098,-15.1172,91.4062,-988.5938,0,0
1.997070,-15.1172,91.4062,-988.5938,0,0
2.001137,-15.1172,91.4062,-988.5938,0,0
2.005096,-15.1172,91.4062,-988.5938,0,0
2.009082,-15.1172,91.4062,-988.5938,0,0
2.013145,-15.1172,91.4062,-988.5938,0,0
2.017116,-15.1172,91.4062,-988.5938,0,0
2.021082,-15.1172,91.4062,-988.5938,0,0
2.025145,-15.1172,91.4062,-988.5938,0,0
2.029116,-15.1172,91.4062,-988.5938,0,0
2.033082,-15.1172,91.4062,-988.5938,0,0
2.037145,-15.1172,91.4062,-988.5938,0,0
2.041116,-15.1172,91.4062,-988.5938,0,0
2.045082,-15.1172,91.5820,-988.4180,0,0
2.049145,-15.1172,91.5820,-988.4180,0,0
2.053131,-15.1172,91.5820,-988.4180,0,0
2.057112,-15.1172,91.5820,-988.4180,0,0
2.061082,-15.1172,91.5820,-988.4180,0,0
2.065145,-15.1172,91.5820,-988.4180,0,0
2.069116,-15.1172,91.5820,-988.4180,0,0
2.073119,-15.1172,91.4062,-988.5938,0,0
2.077082,-15.1172,91.4062,-988.5938,0,0
2.081096,-15.1172,91.4062,-988.5938,0,0
2.085161,-15.1172,91.4062,-988.5938,0,0
2.089130,-15.1172,91.4062,-988.5938,0,0
2.093096,-15.1172,91.4062,-988.5938,0,0
2.097161,-15.1172,91.4062,-988.5938,0,0
2.101130,-15.1172,91.4062,-988.5938,0,0
2.105134,-15.1172,91.4062,-988.5938,0,0
2.109123,-15.1172,91.4062,-988.5938,0,0
2.113090,-15.1172,91.4062,-988.5938,0,0
2.117156,-15.1172,91.2305,-988.7695,0,0
2.121123,-15.1172,91.2305,-988.7695,0,0
2.125090,-15.1172,91.2305,-988.7695,0,0
2.129156,-15.1172,91.2305,-988.7695,0,0
2.133123,-15.1172,91.2305,-988.7695,0,0
2.137090,-15.1172,91.2305,-988.7695,0,0
2.141156,-15.1172,91.0547,-988.9453,0,0
2.145123,-15.1172,91.0547,-988.9453,0,0
2.149090,-15.1172,91.0547,-988.9453,0,0
2.153064,-15.1172,91.0547,-988.9453,0,0
2.157137,-15.1172,91.0547,-988.9453,0,0
2.161107,-15.1172,91.0547,-988.9453,0,0
2.165078,-15.1172,91.0547,-988.9453,0,0
2.169145,-15.1172,90.8789,-989.1211,0,0
2.173116,-15.1172,90.8789,-989.1211,0,0
2.177137,-15.1172,90.8789,-989.1211,0,0
2.181130,-15.1172,90.8789,-989.1211,0,0
2.185096,-15.1172,90.8789,-989.1211,0,0
2.189161,-15.1172,90.8789,-989.1211,0,0
2.193137,-15.1172,90.7031,-989.2969,0,0
2.197107,-15.1172,90.7031,-989.2969,0,0
2.201078,-15.1172,90.7031,-989.2969,0,0
2.205160,-15.1172,90.7031,-989.2969,0,0
2.209145,-15.1172,90.7031,-989.2969,0,0
2.213116,-15.1172,90.7031,-989.2969,0,0
2.217082,-15.1172,90.5273,-989.4727,0,0
2.221093,-15.1172,90.5273,-989.4727,0,0
2.225123,-15.1172,90.5273,-989.4727,0,0
2.229090,-15.1172,90.5273,-989.4727,0,0
2.233156,-15.1172,90.3516,-989.6484,0,0
2.237157,-15.1172,90.3516,-989.6484,0,0
2.241128,-15.1172,90.3516,-989.6484,0,0
2.245124,-15.1172,90.3516,-989.6484,0,0
2.249409,-15.1172,90.3516,-989.6484,0,0
2.253154,-15.1172,90.3516,-989.6484,0,0
2.257123,-15.1172,90.3516,-989.6484,0,0
2.261090,-15.1172,90.3516,-989.6484,0,0
2.267035,-15.1172,90.1758,-989.8242,0,0
2.269155,-15.1172,90.1758,-989.8242,0,0
2.273137,-15.1172,90.1758,-989.8242,0,0
2.277068,-15.1172,90.1758,-989.8242,0,0
2.281120,-15.1172,90.1758,-989.8242,0,0
2.285090,-15.1172,90.1758,-989.8242,0,0
2.289117,-15.1172,90.1758,-989.8242,0,0
2.293079,-15.1172,90.1758,-989.8242,0,0
2.297161,-15.1172,90.1758,-989.8242,0,0
2.301130,-15.1172,90.1758,-989.8242,0,0
2.305098,-15.1172,90.1758,-989.8242,0,0
2.309082,-15.1172,90.1758,-989.8242,0,0
2.313145,-15.1172,90.1758,-989.8242,0,0
2.317116,-15.1172,90.1758,-989.8242,0,0
2.321082,-15.1172,90.1758,-989.8242,0,0
2.325145,-15.1172,90.1758,-989.8242,0,0
2.329116,-15.1172,90.1758,-989.8242,0,0
2.333082,-15.1172,90.1758,-989.8242,0,0
2.337145,-15.1172,90.1758,-989.8242,0,0
2.341116,-15.1172,90.1758,-989.8242,0,0
2.345082,-15.1172,90.1758,-989.8242,0,0
2.349145,-15.1172,90.1758,-989.8242,0,0
2.353129,-15.1172,90.1758,-989.8242,0,0
2.357107,-15.1172,90.1758,-989.8242,0,0
2.361080,-15.1172,90.1758,-989.8242,0,0
2.365074,-15.1172,90.1758,-989.8242,0,0
2.369142,-15.1172,90.1758,-989.8242,0,0
2.373114,-15.1172,90.1758,-989.8242,0,0
2.377082,-15.1172,90.1758,-989.8242,0,0
2.381146,-15.1172,90.1758,-989.8242,0,0
2.385161,-15.1172,90.1758,-989.8242,0,0
2.389130,-15.1172,90.1758,-989.8242,0,0
2.393096,-15.1172,90.1758,-989.8242,0,0
2.397161,-15.1172,90.1758,-989.8242,0,0
2.401130,-15.1172,90.3516,-989.6484,0,0
2.405105,-15.1172,90.3516,-989.6484,0,0
2.409090,-15.1172,90.3516,-989.6484,0,0
2.413156,-15.1172,90.3516,-989.6484,0,0
2.417123,-15.1172,90.3516,-989.6484,0,0
2.421090,-15.1172,90.3516,-989.6484,0,0
2.425156,-15.1172,90.3516,-989.6484,0,0
2.429123,-15.1172,90.3516,-989.6484,0,0
2.433090,-15.1172,90.5273,-989.4727,0,0
2.437156,-15.1172,90.5273,-989.4727,0,0
2.441123,-15.1172,90.5273,-989.4727,0,0
2.445090,-15.1172,90.5273,-989.4727,0,0
2.449156,-15.1172,90.5273,-989.4727,0,0
2.453131,-15.1172,90.7031,-989.2969,0,0
2.457096,-15.1172,90.7031,-989.2969,0,0
2.461161,-15.1172,90.7031,-989.2969,0,0
2.465130,-15.1172,90.7031,-989.2969,0,0
2.469108,-15.1172,90.7031,-989.2969,0,0
2.473080,-15.1172,90.7031,-989.2969,0,0
2.477145,-15.1172,90.7031,-989.2969,0,0
2.481116,-15.1172,90.8789,-989.1211,0,0
2.485160,-15.1172,90.8789,-989.1211,0,0
2.489130,-15.1172,90.8789,-989.1211,0,0
2.493096,-15.1172,90.8789,-989.1211,0,0
2.497161,-15.1172,90.8789,-989.1211,0,0
2.501130,-15.1172,90.8789,-989.1211,0,0
2.505105,-15.1172,91.0547,-988.9453,0,0
2.509090,-15.1172,91.0547,-988.9453,0,0
2.513156,-15.1172,91.0547,-988.9453,0,0
2.517123,-15.1172,91.0547,-988.9453,0,0
2.521090,-15.1172,91.0547,-988.9453,0,0
2.525156,-15.1172,91.0547,-988.9453,0,0
2.529150,-15.1172,91.0547,-988.9453,0,0
2.533112,-15.1172,91.0547,-988.9453,0,0
2.537139,-15.1172,91.2305,-988.7695,0,0
2.541114,-15.1172,91.2305,-988.7695,0,0
2.545082,-15.1172,91.2305,-988.7695,0,0
2.549145,-15.1172,91.2305,-988.7695,0,0
2.553127,-15.1172,91.2305,-988.7695,0,0
2.557096,-15.1172,91.2305,-988.7695,0,0
2.562438,-15.1172,91.4062,-988.5938,0,0
2.565139,-15.1172,91.4062,-988.5938,0,0
2.569080,-15.1172,91.4062,-988.5938,0,0
2.573074,-15.1172,91.4062,-988.5938,0,0
2.577161,-15.1172,91.4062,-988.5938,0,0
2.581130,-15.1172,91.4062,-988.5938,0,0
2.585119,-15.1172,91.4062,-988.5938,0,0
2.589108,-15.1172,91.4062,-988.5938,0,0
2.593137,-15.1172,91.4062,-988.5938,0,0
2.597107,-15.1172,91.4062,-988.5938,0,0
2.601078,-15.1172,91.4062,-988.5938,0,0
2.605072,-15.1172,91.4062,-988.5938,0,0
2.609112,-15.1172,91.4062,-988.5938,0,0
2.613169,-15.1172,91.4062,-988.5938,0,0
2.617123,-15.1172,91.4062,-988.5938,0,0
2.621090,-15.1172,91.4062,-988.5938,0,0
2.625156,-15.1172,91.4062,-988.5938,0,0
2.629123,-15.1172,91.4062,-988.5938,0,0
2.633090,-15.1172,91.4062,-988.5938,0,0
2.637156,-15.1172,91.4062,-988.5938,0,0
2.641123,-15.1172,91.4062,-988.5938,0,0
2.645090,-15.1172,91.4062,-988.5938,0,0
2.649156,-15.1172,91.4062,-988.5938,0,0
2.653131,-15.1172,91.4062,-988.5938,0,0
2.657104,-15.1172,91.4062,-988.5938,0,0
2.661074,-15.1172,91.4062,-988.5938,0,0
2.665142,-15.1172,91.4062,-988.5938,0,0
2.669114,-15.1172,91.4062,-988.5938,0,0
2.673082,-15.1172,91.2305,-988.7695,0,0
2.677145,-15.1172,91.2305,-988.7695,0,0
2.681116,-15.1172,91.2305,-988.7695,0,0
2.685082,-15.1172,91.2305,-988.7695,0,0
2.689160,-15.1172,91.2305,-988.7695,0,0
2.693130,-15.1172,91.2305,-988.7695,0,0
2.697152,-15.1172,91.2305,-988.7695,0,0
2.701123,-15.1172,91.0547,-988.9453,0,0
2.705128,-15.1172,91.0547,-988.9453,0,0
2.709107,-15.1172,91.0547,-988.9453,0,0
2.713078,-15.1172,91.0547,-988.9453,0,0
2.717145,-15.1172,91.0547,-988.9453,0,0
2.721116,-15.1172,91.0547,-988.9453,0,0
2.725082,-15.1172,91.0547,-988.9453,0,0
2.729145,-15.1172,90.8789,-989.1211,0,0
2.733116,-15.1172,90.8789,-989.1211,0,0
2.737082,-15.1172,90.8789,-989.1211,0,0
2.741145,-15.1172,90.8789,-989.1211,0,0
2.745116,-15.1172,90.8789,-989.1211,0,0
2.749082,-15.1172,90.8789,-989.1211,0,0
2.753156,-15.1172,90.8789,-989.1211,0,0
2.757123,-15.1172,90.8789,-989.1211,0,0
2.761090,-15.1172,90.7031,-989.2969,0,0
2.765156,-15.1172,90.7031,-989.2969,0,0
2.769123,-15.1172,90.7031,-989.2969,0,0
2.773090,-15.1172,90.7031,-989.2969,0,0
2.777072,-15.1172,90.7031,-989.2969,0,0
2.781137,-15.1172,90.7031,-989.2969,0,0
2.785107,-15.1172,90.7031,-989.2969,0,0
2.789078,-15.1172,90.5273,-989.4727,0,0
2.793116,-15.1172,90.5273,-989.4727,0,0
2.797082,-15.1172,90.5273,-989.4727,0,0
2.801145,-15.1172,90.5273,-989.4727,0,0
2.805124,-15.1172,90.5273,-989.4727,0,0
2.809106,-15.1172,90.5273,-989.4727,0,0
2.813078,-15.1172,90.3516,-989.6484,0,0
2.817145,-15.1172,90.3516,-989.6484,0,0
2.821116,-15.1172,90.3516,-989.6484,0,0
2.825082,-15.1172,90.3516,-989.6484,0,0
2.829145,-15.1172,90.3516,-989.6484,0,0
2.833116,-15.1172,90.3516,-989.6484,0,0
2.837082,-15.1172,90.3516,-989.6484,0,0
2.841145,-15.1172,90.3516,-989.6484,0,0
2.845116,-15.1172,90.3516,-989.6484,0,0
2.849082,-15.1172,90.3516,-989.6484,0,0
2.853156,-15.1172,90.3516,-989.6484,0,0
2.857123,-15.1172,90.3516,-989.6484,0,0
2.861091,-15.1172,90.1758,-989.8242,0,0
2.865123,-15.1172,90.1758,-989.8242,0,0
2.869067,-15.1172,90.1758,-989.8242,0,0
2.873123,-15.1172,90.1758,-989.8242,0,0
2.877083,-15.1172,90.1758,-989.8242,0,0
2.881152,-15.1172,90.1758,-989.8242,0,0
2.885123,-15.1172,90.1758,-989.8242,0,0
2.889090,-15.1172,90.1758,-989.8242,0,0
2.893156,-15.1172,90.1758,-989.8242,0,0
2.897070,-15.1172,90.1758,-989.8242,0,0
2.901160,-15.1172,90.1758,-989.8242,0,0
2.905160,-15.1172,90.1758,-989.8242,0,0
2.909071,-15.1172,90.1758,-989.8242,0,0
2.913071,-15.1172,90.1758,-989.8242,0,0
2.917070,-15.1172,90.1758,-989.8242,0,0
2.921156,-15.1172,90.1758,-989.8242,0,0
2.925145,-15.1172,90.1758,-989.8242,0,0
2.929161,-15.1172,90.1758,-989.8242,0,0
2.933145,-15.1172,90.1758,-989.8242,0,0
2.937128,-15.1172,90.1758,-989.8242,0,0
2.941114,-15.1172,90.3516,-989.6484,0,0
2.945082,-15.1172,90.3516,-989.6484,0,0
2.949102,-15.1172,90.3516,-989.6484,0,0
2.953100,-15.1172,90.3516,-989.6484,0,0
2.957082,-15.1172,90.3516,-989.6484,0,0
2.961627,-15.1172,90.3516,-989.6484,0,0
2.965496,-15.1172,90.3516,-989.6484,0,0
2.969175,-15.1172,90.3516,-989.6484,0,0
2.973078,-15.1172,90.3516,-989.6484,0,0
2.977082,-15.1172,90.3516,-989.6484,0,0
2.981071,-15.1172,90.3516,-989.6484,0,0
2.985148,-15.1172,90.5273,-989.4727,0,0
2.989123,-15.1172,90.5273,-989.4727,0,0
2.993090,-15.1172,90.5273,-989.4727,0,0
2.997115,-15.1172,90.5273,-989.4727,0,0
3.001078,-15.1172,90.5273,-989.4727,0,0
3.005137,-15.1172,90.5273,-989.4727,0,0
3.009160,-15.1172,90.5273,-989.4727,0,0
3.013145,-15.1172,90.7031,-989.2969,0,0
3.017145,-15.1172,90.7031,-989.2969,0,0
3.021117,-15.1172,90.7031,-989.2969,0,0
3.025117,-15.1172,90.7031,-989.2969,0,0
3.029145,-15.1172,90.7031,-989.2969,0,0
3.033114,-15.1172,90.7031,-989.2969,0,0
3.037082,-15.1172,90.7031,-989.2969,0,0
3.041105,-15.1172,90.7031,-989.2969,0,0
3.045074,-15.1172,90.8789,-989.1211,0,0
3.049142,-15.1172,90.8789,-989.1211,0,0
3.053129,-15.1172,90.8789,-989.1211,0,0
3.057096,-15.1172,90.8789,-989.1211,0,0
3.061161,-15.1172,90.8789,-989.1211,0,0
3.065130,-15.1172,90.8789,-989.1211,0,0
3.069096,-15.1172,90.8789,-989.1211,0,0
3.073161,-15.1172,90.8789,-989.1211,0,0
3.077130,-15.1172,91.0547,-988.9453,0,0
3.081096,-15.1172,91.0547,-988.9453,0,0
3.085161,-15.1172,91.0547,-988.9453,0,0
3.089152,-15.1172,91.0547,-988.9453,0,0
3.093123,-15.1172,91.0547,-988.9453,0,0
3.097138,-15.1172,91.0547,-988.9453,0,0
3.101123,-15.1172,91.0547,-988.9453,0,0
3.105133,-15.1172,91.0547,-988.9453,0,0
3.109123,-15.1172,91.0547,-988.9453,0,0
3.113090,-15.1172,91.0547,-988.9453,0,0
3.117171,-15.1172,91.0547,-988.9453,0,0
3.121074,-15.1172,91.0547,-988.9453,0,0
3.125142,-15.1172,91.0547,-988.9453,0,0
3.129129,-15.1172,91.2305,-988.7695,0,0
3.133097,-15.1172,91.2305,-988.7695,0,0
3.137161,-15.1172,91.2305,-988.7695,0,0
3.141130,-15.1172,91.2305,-988.7695,0,0
3.145109,-15.1172,91.2305,-988.7695,0,0
3.149082,-15.1172,91.2305,-988.7695,0,0
3.153082,-15.1172,91.2305,-988.7695,0,0
3.157161,-15.1172,91.2305,-988.7695,0,0
3.161112,-15.1172,91.2305,-988.7695,0,0
3.165110,-15.1172,91.2305,-988.7695,0,0
3.169082,-15.1172,91.2305,-988.7695,0,0
3.173144,-15.1172,91.2305,-988.7695,0,0
3.177114,-15.1172,91.2305,-988.7695,0,0
3.181082,-15.1172,91.2305,-988.7695,0,0
3.185145,-15.1172,91.2305,-988.7695,0,0
3.189116,-15.1172,91.2305,-988.7695,0,0
3.193082,-15.1172,91.2305,-988.7695,0,0
3.197145,-15.1172,91.2305,-988.7695,0,0
3.201071,-15.1172,91.2305,-988.7695,0,0
3.205080,-15.1172,91.2305,-988.7695,0,0
3.209160,-15.1172,91.2305,-988.7695,0,0
3.213130,-15.1172,91.2305,-988.7695,0,0
3.217096,-15.1172,91.2305,-988.7695,0,0
3.221161,-15.1172,91.2305,-988.7695,0,0
3.225130,-15.1172,91.2305,-988.7695,0,0
3.229096,-15.1172,91.2305,-988.7695,0,0
3.233161,-15.1172,91.2305,-988.7695,0,0
3.237130,-15.1172,91.2305,-988.7695,0,0
3.241096,-15.1172,91.2305,-988.7695,0,0
3.245161,-15.1172,91.2305,-988.7695,0,0
3.249130,-15.1172,91.0547,-988.9453,0,0
3.253106,-15.1172,91.0547,-988.9453,0,0
3.257074,-15.1172,91.0547,-988.9453,0,0
3.261142,-15.1172,91.0547,-988.9453,0,0
3.265114,-15.1172,91.0547,-988.9453,0,0
3.269082,-15.1172,91.0547,-988.9453,0,0
3.273145,-15.1172,91.0547,-988.9453,0,0
3.277116,-15.1172,91.0547,-988.9453,0,0
3.281082,-15.1172,91.0547,-988.9453,0,0
3.285145,-15.1172,91.0547,-988.9453,0,0
3.289116,-15.1172,91.0547,-988.9453,0,0
3.293082,-15.1172,91.0547,-988.9453,0,0
3.297145,-15.1172,90.8789,-989.1211,0,0
3.301116,-15.1172,90.8789,-989.1211,0,0
3.305096,-15.1172,90.8789,-989.1211,0,0
3.309087,-15.1172,90.8789,-989.1211,0,0
3.313078,-15.1172,90.8789,-989.1211,0,0
3.317145,-15.1172,90.8789,-989.1211,0,0
3.321116,-15.1172,90.8789,-989.1211,0,0
3.325082,-15.1172,90.8789,-989.1211,0,0
3.329145,-15.1172,90.7031,-989.2969,0,0
3.333116,-15.1172,90.7031,-989.2969,0,0
3.337082,-15.1172,90.7031,-989.2969,0,0
3.341145,-15.1172,90.7031,-989.2969,0,0
3.345116,-15.1172,90.7031,-989.2969,0,0
3.349082,-15.1172,90.7031,-989.2969,0,0
3.353156,-15.1172,90.7031,-989.2969,0,0
3.357123,-15.1172,90.7031,-989.2969,0,0
3.361090,-15.1172,90.7031,-989.2969,0,0
3.365121,-15.1172,90.5273,-989.4727,0,0
3.369104,-15.1172,90.5273,-989.4727,0,0
3.373074,-15.1172,90.5273,-989.4727,0,0
3.377142,-15.1172,90.5273,-989.4727,0,0
3.381114,-15.1172,90.5273,-989.4727,0,0
3.385082,-15.1172,90.5273,-989.4727,0,0
3.389145,-15.1172,90.5273,-989.4727,0,0
3.393116,-15.1172,90.5273,-989.4727,0,0
3.397082,-15.1172,90.5273,-989.4727,0,0
3.401145,-15.1172,90.5273,-989.4727,0,0
3.405071,-15.1172,90.3516,-989.6484,0,0
3.409087,-15.1172,90.3516,-989.6484,0,0
3.413177,-15.1172,90.3516,-989.6484,0,0
3.417072,-15.1172,90.3516,-989.6484,0,0
3.421108,-15.1172,90.3516,-989.6484,0,0
3.427129,-15.1172,90.3516,-989.6484,0,0
3.429168,-15.1172,90.3516,-989.6484,0,0
3.433090,-15.1172,90.3516,-989.6484,0,0
3.437112,-15.1172,90.3516,-989.6484,0,0
3.441079,-15.1172,90.3516,-989.6484,0,0
3.445070,-15.1172,90.3516,-989.6484,0,0
3.449137,-15.1172,90.3516,-989.6484,0,0
3.453115,-15.1172,90.3516,-989.6484,0,0
3.457114,-15.1172,90.3516,-989.6484,0,0
3.461079,-15.1172,90.3516,-989.6484,0,0
3.465144,-15.1172,90.3516,-989.6484,0,0
3.469110,-15.1172,90.3516,-989.6484,0,0
3.473090,-15.1172,90.3516,-989.6484,0,0
3.477152,-15.1172,90.3516,-989.6484,0,0
3.481122,-15.1172,90.3516,-989.6484,0,0
3.485090,-15.1172,90.3516,-989.6484,0,0
3.489152,-15.1172,90.3516,-989.6484,0,0
3.493122,-15.1172,90.3516,-989.6484,0,0
3.497090,-15.1172,90.3516,-989.6484,0,0
3.501152,-15.1172,90.3516,-989.6484,0,0
3.505105,-15.1172,90.3516,-989.6484,0,0
3.509104,-15.1172,90.3516,-989.6484,0,0
3.513122,-15.1172,90.3516,-989.6484,0,0
3.517090,-15.1172,90.3516,-989.6484,0,0
3.521104,-15.1172,90.3516,-989.6484,0,0
3.525073,-15.1172,90.3516,-989.6484,0,0
3.529137,-15.1172,90.3516,-989.6484,0,0
3.533104,-15.1172,90.3516,-989.6484,0,0
3.537073,-15.1172,90.3516,-989.6484,0,0
3.541137,-15.1172,90.3516,-989.6484,0,0
3.545104,-15.1172,90.5273,-989.4727,0,0
3.549112,-15.1172,90.5273,-989.4727,0,0
3.553119,-15.1172,90.5273,-989.4727,0,0
3.557090,-15.1172,90.5273,-989.4727,0,0
3.561152,-15.1172,90.5273,-989.4727,0,0
3.565145,-15.1172,90.5273,-989.4727,0,0
3.569116,-15.1172,90.5273,-989.4727,0,0
3.573082,-15.1172,90.7031,-989.2969,0,0
3.577145,-15.1172,90.7031,-989.2969,0,0
3.581116,-15.1172,90.7031,-989.2969,0,0
3.585082,-15.1172,90.7031,-989.2969,0,0
3.589145,-15.1172,90.7031,-989.2969,0,0
3.593086,-15.1172,90.7031,-989.2969,0,0
3.597091,-15.1172,90.7031,-989.2969,0,0
3.601160,-15.1172,90.7031,-989.2969,0,0
3.605074,-15.1172,90.7031,-989.2969,0,0
3.609138,-15.1172,90.7031,-989.2969,0,0
3.613071,-15.1172,90.8789,-989.1211,0,0
3.617137,-15.1172,90.8789,-989.1211,0,0
3.621107,-15.1172,90.8789,-989.1211,0,0
3.625078,-15.1172,90.8789,-989.1211,0,0
3.629145,-15.1172,90.8789,-989.1211,0,0
3.633151,-15.1172,90.8789,-989.1211,0,0
3.637076,-15.1172,90.8789,-989.1211,0,0
3.641145,-15.1172,90.8789,-989.1211,0,0
3.645126,-15.1172,90.8789,-989.1211,0,0
3.649141,-15.1172,90.8789,-989.1211,0,0
3.653128,-15.1172,90.8789,-989.1211,0,0
3.657114,-15.1172,91.0547,-988.9453,0,0
3.661082,-15.1172,91.0547,-988.9453,0,0
3.665152,-15.1172,91.0547,-988.9453,0,0
3.669123,-15.1172,91.0547,-988.9453,0,0
3.673090,-15.1172,91.0547,-988.9453,0,0
3.677156,-15.1172,91.0547,-988.9453,0,0
3.681123,-15.1172,91.0547,-988.9453,0,0
3.685090,-15.1172,91.0547,-988.9453,0,0
3.689156,-15.1172,91.0547,-988.9453,0,0
3.693123,-15.1172,91.0547,-988.9453,0,0
3.697090,-15.1172,91.0547,-988.9453,0,0
3.701156,-15.1172,91.0547,-988.9453,0,0
3.705141,-15.1172,91.0547,-988.9453,0,0
3.709123,-15.1172,91.0547,-988.9453,0,0
3.713128,-15.1172,91.0547,-988.9453,0,0
3.717134,-15.1172,91.0547,-988.9453,0,0
3.721104,-15.1172,91.0547,-988.9453,0,0
3.725074,-15.1172,91.0547,-988.9453,0,0
3.729142,-15.1172,91.0547,-988.9453,0,0
3.733114,-15.1172,91.0547,-988.9453,0,0
3.737082,-15.1172,91.0547,-988.9453,0,0
3.741145,-15.1172,91.2305,-988.7695,0,0
3.745116,-15.1172,91.2305,-988.7695,0,0
3.749090,-15.1172,91.2305,-988.7695,0,0
3.753064,-15.1172,91.2305,-988.7695,0,0
3.757137,-15.1172,91.2305,-988.7695,0,0
3.761107,-15.1172,91.2305,-988.7695,0,0
3.765078,-15.1172,91.2305,-988.7695,0,0
3.769145,-15.1172,91.2305,-988.7695,0,0
3.773116,-15.1172,91.2305,-988.7695,0,0
3.777082,-15.1172,91.0547,-988.9453,0,0
3.781145,-15.1172,91.0547,-988.9453,0,0
3.785116,-15.1172,91.0547,-988.9453,0,0
3.789082,-15.1172,91.0547,-988.9453,0,0
3.793145,-15.1172,91.0547,-988.9453,0,0
3.797116,-15.1172,91.0547,-988.9453,0,0
3.801082,-15.1172,91.0547,-988.9453,0,0
3.805152,-15.1172,91.0547,-988.9453,0,0
3.809137,-15.1172,91.0547,-988.9453,0,0
3.813107,-15.1172,91.0547,-988.9453,0,0
3.817127,-15.1172,91.0547,-988.9453,0,0
3.821090,-15.1172,91.0547,-988.9453,0,0
3.825104,-15.1172,91.0547,-988.9453,0,0
3.829090,-15.1172,91.0547,-988.9453,0,0
3.833080,-15.1172,91.0547,-988.9453,0,0
3.837145,-15.1172,91.0547,-988.9453,0,0
3.841116,-15.1172,91.0547,-988.9453,0,0
3.845082,-15.1172,91.0547,-988.9453,0,0
3.849145,-15.1172,91.0547,-988.9453,0,0
3.853143,-15.1172,91.0547,-988.9453,0,0
3.857114,-15.1172,90.8789,-989.1211,0,0
3.861110,-15.1172,90.8789,-989.1211,0,0
3.865160,-15.1172,90.8789,-989.1211,0,0
3.869130,-15.1172,90.8789,-989.1211,0,0
3.873154,-15.1172,90.8789,-989.1211,0,0
3.879128,-15.1172,90.8789,-989.1211,0,0
3.881160,-15.1172,90.8789,-989.1211,0,0
3.885077,-15.1172,90.8789,-989.1211,0,0
3.889144,-15.1172,90.8789,-989.1211,0,0
3.893102,-15.1172,90.8789,-989.1211,0,0
3.897070,-15.1172,90.8789,-989.1211,0,0
3.901137,-15.1172,90.8789,-989.1211,0,0
3.905098,-15.1172,90.7031,-989.2969,0,0
3.909079,-15.1172,90.7031,-989.2969,0,0
3.913144,-15.1172,90.7031,-989.2969,0,0
3.917109,-15.1172,90.7031,-989.2969,0,0
3.921123,-15.1172,90.7031,-989.2969,0,0
3.925090,-15.1172,90.7031,-989.2969,0,0
3.929152,-15.1172,90.7031,-989.2969,0,0
3.933122,-15.1172,90.7031,-989.2969,0,0
3.937121,-15.1172,90.7031,-989.2969,0,0
3.941090,-15.1172,90.7031,-989.2969,0,0
3.945152,-15.1172,90.7031,-989.2969,0,0
3.949122,-15.1172,90.7031,-989.2969,0,0
3.953100,-15.1172,90.7031,-989.2969,0,0
3.957160,-15.1172,90.5273,-989.4727,0,0
3.961128,-15.1172,90.5273,-989.4727,0,0
3.965097,-15.1172,90.5273,-989.4727,0,0
3.969160,-15.1172,90.5273,-989.4727,0,0
3.973128,-15.1172,90.5273,-989.4727,0,0
3.977096,-15.1172,90.5273,-989.4727,0,0
3.981098,-15.1172,90.5273,-989.4727,0,0
3.985160,-15.1172,90.5273,-989.4727,0,0
3.989128,-15.1172,90.5273,-989.4727,0,0
3.993097,-15.1172,90.5273,-989.4727,0,0
3.997160,-15.1172,90.5273,-989.4727,0,0
4.001128,-15.1172,90.5273,-989.4727,0,0
4.005104,-15.1172,90.5273,-989.4727,0,0
4.009079,-15.1172,90.5273,-989.4727,0,0
4.013144,-15.1172,90.5273,-989.4727,0,0
4.017110,-15.1172,90.3516,-989.6484,0,0
4.021144,-15.1172,90.3516,-989.6484,0,0
4.025126,-15.1172,90.3516,-989.6484,0,0
4.029097,-15.1172,90.3516,-989.6484,0,0
4.033160,-15.1172,90.3516,-989.6484,0,0
4.037128,-15.1172,90.3516,-989.6484,0,0
4.041097,-15.1172,90.3516,-989.6484,0,0
4.045160,-15.1172,90.3516,-989.6484,0,0
4.049133,-15.1172,90.3516,-989.6484,0,0
4.053115,-15.1172,90.3516,-989.6484,0,0
4.057082,-15.1172,90.3516,-989.6484,0,0
4.061145,-15.1172,90.3516,-989.6484,0,0
4.065116,-15.1172,90.3516,-989.6484,0,0
4.069131,-15.1172,90.3516,-989.6484,0,0
4.073096,-15.1172,90.3516,-989.6484,0,0
4.077161,-15.1172,90.3516,-989.6484,0,0
4.081130,-15.1172,90.3516,-989.6484,0,0
4.085096,-15.1172,90.5273,-989.4727,0,0
4.089161,-15.1172,90.5273,-989.4727,0,0
4.093130,-15.1172,90.5273,-989.4727,0,0
4.097096,-15.1172,90.5273,-989.4727,0,0
4.101070,-15.1172,90.5273,-989.4727,0,0
4.105090,-15.1172,90.5273,-989.4727,0,0
4.109082,-15.1172,90.5273,-989.4727,0,0
4.113102,-15.1172,90.5273,-989.4727,0,0
4.117074,-15.1172,90.5273,-989.4727,0,0
4.121068,-15.1172,90.5273,-989.4727,0,0
4.125108,-15.1172,90.5273,-989.4727,0,0
4.129082,-15.1172,90.5273,-989.4727,0,0
4.133145,-15.1172,90.7031,-989.2969,0,0
4.137116,-15.1172,90.7031,-989.2969,0,0
4.141082,-15.1172,90.7031,-989.2969,0,0
4.145145,-15.1172,90.7031,-989.2969,0,0
4.149116,-15.1172,90.7031,-989.2969,0,0
4.153095,-15.1172,90.7031,-989.2969,0,0
4.157090,-15.1172,90.7031,-989.2969,0,0
4.161156,-15.1172,90.7031,-989.2969,0,0
4.165123,-15.1172,90.7031,-989.2969,0,0
4.169090,-15.1172,90.7031,-989.2969,0,0
4.173156,-15.1172,90.7031,-989.2969,0,0
4.177123,-15.1172,90.7031,-989.2969,0,0
4.181090,-15.1172,90.7031,-989.2969,0,0
4.185156,-15.1172,90.7031,-989.2969,0,0
4.189123,-15.1172,90.8789,-989.1211,0,0
4.193090,-15.1172,90.8789,-989.1211,0,0
4.197156,-15.1172,90.8789,-989.1211,0,0
4.201123,-15.1172,90.8789,-989.1211,0,0
4.205104,-15.1172,90.8789,-989.1211,0,0
4.209090,-15.1172,90.8789,-989.1211,0,0
4.213156,-15.1172,90.8789,-989.1211,0,0
4.217123,-15.1172,90.8789,-989.1211,0,0
4.221090,-15.1172,90.8789,-989.1211,0,0
4.225074,-15.1172,90.8789,-989.1211,0,0
4.229161,-15.1172,90.8789,-989.1211,0,0
4.233130,-15.1172,90.8789,-989.1211,0,0
4.237096,-15.1172,90.8789,-989.1211,0,0
4.241161,-15.1172,90.8789,-989.1211,0,0
4.245130,-15.1172,90.8789,-989.1211,0,0
4.249096,-15.1172,91.0547,-988.9453,0,0
4.253075,-15.1172,91.0547,-988.9453,0,0
4.257145,-15.1172,91.0547,-988.9453,0,0
4.261116,-15.1172,91.0547,-988.9453,0,0
4.265082,-15.1172,91.0547,-988.9453,0,0
4.269145,-15.1172,91.0547,-988.9453,0,0
4.273116,-15.1172,91.0547,-988.9453,0,0
4.277082,-15.1172,91.0547,-988.9453,0,0
4.281145,-15.1172,91.0547,-988.9453,0,0
4.285116,-15.1172,91.0547,-988.9453,0,0
4.289082,-15.1172,91.0547,-988.9453,0,0
4.293145,-15.1172,91.0547,-988.9453,0,0
4.297116,-15.1172,91.0547,-988.9453,0,0
4.301160,-15.1172,91.0547,-988.9453,0,0
4.305104,-15.1172,91.0547,-988.9453,0,0
4.309125,-15.1172,91.0547,-988.9453,0,0
4.313106,-15.1172,91.0547,-988.9453,0,0
4.317102,-15.1172,91.0547,-988.9453,0,0
4.321130,-15.1172,91.0547,-988.9453,0,0
4.325096,-15.1172,91.0547,-988.9453,0,0
4.329141,-15.1172,91.0547,-988.9453,0,0
4.333112,-15.1172,91.0547,-988.9453,0,0
4.337161,-15.1172,91.0547,-988.9453,0,0
4.341130,-15.1172,91.0547,-988.9453,0,0
4.345137,-15.1172,91.0547,-988.9453,0,0
4.349130,-15.1172,91.0547,-988.9453,0,0
4.353103,-15.1172,91.0547,-988.9453,0,0
4.357074,-15.1172,91.0547,-988.9453,0,0
4.361083,-15.1172,91.0547,-988.9453,0,0
4.367763,-15.1172,91.0547,-988.9453,0,0
4.369144,-15.1172,91.0547,-988.9453,0,0
4.373145,-15.1172,91.0547,-988.9453,0,0
4.377116,-15.1172,91.0547,-988.9453,0,0
4.381137,-15.1172,91.0547,-988.9453,0,0
4.385137,-15.1172,91.0547,-988.9453,0,0
4.389106,-15.1172,91.0547,-988.9453,0,0
4.393122,-15.1172,91.0547,-988.9453,0,0
4.397090,-15.1172,91.0547,-988.9453,0,0
4.401156,-15.1172,91.0547,-988.9453,0,0
4.405127,-15.1172,91.0547,-988.9453,0,0
4.409106,-15.1172,90.8789,-989.1211,0,0
4.413080,-15.1172,90.8789,-989.1211,0,0
4.417152,-15.1172,90.8789,-989.1211,0,0
4.421139,-15.1172,90.8789,-989.1211,0,0
4.425082,-15.1172,90.8789,-989.1211,0,0
4.429146,-15.1172,90.8789,-989.1211,0,0
4.433109,-15.1172,90.8789,-989.1211,0,0
4.437127,-15.1172,90.8789,-989.1211,0,0
4.441121,-15.1172,90.8789,-989.1211,0,0
4.445102,-15.1172,90.8789,-989.1211,0,0
4.449097,-15.1172,90.8789,-989.1211,0,0
4.453070,-15.1172,90.8789,-989.1211,0,0
4.457137,-15.1172,90.8789,-989.1211,0,0
4.461106,-15.1172,90.8789,-989.1211,0,0
4.465078,-15.1172,90.8789,-989.1211,0,0
4.469145,-15.1172,90.8789,-989.1211,0,0
4.473116,-15.1172,90.8789,-989.1211,0,0
4.477082,-15.1172,90.8789,-989.1211,0,0
4.481145,-15.1172,90.8789,-989.1211,0,0
4.485116,-15.1172,90.7031,-989.2969,0,0
4.489082,-15.1172,90.7031,-989.2969,0,0
4.493145,-15.1172,90.7031,-989.2969,0,0
4.497116,-15.1172,90.7031,-989.2969,0,0
4.501082,-15.1172,90.7031,-989.2969,0,0
4.505090,-15.1172,90.7031,-989.2969,0,0
4.509074,-15.1172,90.7031,-989.2969,0,0
4.513141,-15.1172,90.7031,-989.2969,0,0
4.517112,-15.1172,90.7031,-989.2969,0,0
4.521082,-15.1172,90.7031,-989.2969,0,0
4.525145,-15.1172,90.7031,-989.2969,0,0
4.529116,-15.1172,90.7031,-989.2969,0,0
4.533121,-15.1172,90.7031,-989.2969,0,0
4.537160,-15.1172,90.7031,-989.2969,0,0
4.541130,-15.1172,90.7031,-989.2969,0,0
4.545096,-15.1172,90.7031,-989.2969,0,0
4.549161,-15.1172,90.7031,-989.2969,0,0
4.553137,-15.1172,90.7031,-989.2969,0,0
4.557106,-15.1172,90.7031,-989.2969,0,0
4.561078,-15.1172,90.7031,-989.2969,0,0
4.565145,-15.1172,90.7031,-989.2969,0,0
4.569152,-15.1172,90.5273,-989.4727,0,0
4.573123,-15.1172,90.5273,-989.4727,0,0
4.577090,-15.1172,90.5273,-989.4727,0,0
4.581156,-15.1172,90.5273,-989.4727,0,0
4.585123,-15.1172,90.5273,-989.4727,0,0
4.589090,-15.1172,90.5273,-989.4727,0,0
4.593156,-15.1172,90.5273,-989.4727,0,0
4.597123,-15.1172,90.5273,-989.4727,0,0
4.601090,-15.1172,90.5273,-989.4727,0,0
4.605072,-15.1172,90.5273,-989.4727,0,0
4.609152,-15.1172,90.5273,-989.4727,0,0
4.613123,-15.1172,90.5273,-989.4727,0,0
4.617090,-15.1172,90.5273,-989.4727,0,0
4.621156,-15.1172,90.5273,-989.4727,0,0
4.625123,-15.1172,90.5273,-989.4727,0,0
4.629090,-15.1172,90.5273,-989.4727,0,0
4.633113,-15.1172,90.5273,-989.4727,0,0
4.637089,-15.1172,90.5273,-989.4727,0,0
4.641116,-15.1172,90.5273,-989.4727,0,0
4.645082,-15.1172,90.5273,-989.4727,0,0
4.649145,-15.1172,90.5273,-989.4727,0,0
4.653128,-15.1172,90.5273,-989.4727,0,0
4.657096,-15.1172,90.5273,-989.4727,0,0
4.661161,-15.1172,90.5273,-989.4727,0,0
4.665130,-15.1172,90.5273,-989.4727,0,0
4.669096,-15.1172,90.5273,-989.4727,0,0
4.673161,-15.1172,90.5273,-989.4727,0,0
4.677130,-15.1172,90.5273,-989.4727,0,0
4.681096,-15.1172,90.5273,-989.4727,0,0
4.685146,-15.1172,90.5273,-989.4727,0,0
4.689137,-15.1172,90.5273,-989.4727,0,0
4.693141,-15.1172,90.7031,-989.2969,0,0
4.697120,-15.1172,90.7031,-989.2969,0,0
4.701136,-15.1172,90.7031,-989.2969,0,0
4.705108,-15.1172,90.7031,-989.2969,0,0
4.709160,-15.1172,90.7031,-989.2969,0,0
4.713130,-15.1172,90.7031,-989.2969,0,0
4.717096,-15.1172,90.7031,-989.2969,0,0
4.721161,-15.1172,90.7031,-989.2969,0,0
4.725130,-15.1172,90.7031,-989.2969,0,0
4.729096,-15.1172,90.7031,-989.2969,0,0
4.733161,-15.1172,90.7031,-989.2969,0,0
4.739770,-15.1172,90.7031,-989.2969,0,0
4.741157,-15.1172,90.7031,-989.2969,0,0
4.745141,-15.1172,90.7031,-989.2969,0,0
4.749104,-15.1172,90.7031,-989.2969,0,0
4.753114,-15.1172,90.7031,-989.2969,0,0
4.757148,-15.1172,90.7031,-989.2969,0,0
4.761111,-15.1172,90.7031,-989.2969,0,0
4.765087,-15.1172,90.7031,-989.2969,0,0
4.769152,-15.1172,90.7031,-989.2969,0,0
4.773123,-15.1172,90.7031,-989.2969,0,0
4.777159,-15.1172,90.8789,-989.1211,0,0
4.781090,-15.1172,90.8789,-989.1211,0,0
4.785156,-15.1172,90.8789,-989.1211,0,0
4.789123,-15.1172,90.8789,-989.1211,0,0
4.793090,-15.1172,90.8789,-989.1211,0,0
4.797156,-15.1172,90.8789,-989.1211,0,0
4.801123,-15.1172,90.8789,-989.1211,0,0
4.805096,-15.1172,90.8789,-989.1211,0,0
4.809082,-15.1172,90.8789,-989.1211,0,0
4.813145,-15.1172,90.8789,-989.1211,0,0
4.817116,-15.1172,90.8789,-989.1211,0,0
4.821082,-15.1172,90.8789,-989.1211,0,0
4.825145,-15.1172,90.8789,-989.1211,0,0
4.829116,-15.1172,90.8789,-989.1211,0,0
4.833082,-15.1172,90.8789,-989.1211,0,0
4.837145,-15.1172,90.8789,-989.1211,0,0
4.841137,-15.1172,90.8789,-989.1211,0,0
4.845156,-15.1172,90.8789,-989.1211,0,0
4.849123,-15.1172,90.8789,-989.1211,0,0
4.853096,-15.1172,90.8789,-989.1211,0,0
4.857161,-15.1172,90.8789,-989.1211,0,0
4.861166,-15.1172,90.8789,-989.1211,0,0
4.865090,-15.1172,90.8789,-989.1211,0,0
4.869156,-15.1172,90.8789,-989.1211,0,0
4.873123,-15.1172,90.8789,-989.1211,0,0
4.877090,-15.1172,90.8789,-989.1211,0,0
4.881156,-15.1172,90.8789,-989.1211,0,0
4.885123,-15.1172,90.8789,-989.1211,0,0
4.889090,-15.1172,90.8789,-989.1211,0,0
4.893156,-15.1172,90.8789,-989.1211,0,0
4.897123,-15.1172,90.8789,-989.1211,0,0
4.901090,-15.1172,90.8789,-989.1211,0,0
4.905072,-15.1172,90.8789,-989.1211,0,0
4.909152,-15.1172,90.8789,-989.1211,0,0
4.913123,-15.1172,90.8789,-989.1211,0,0
4.917090,-15.1172,90.8789,-989.1211,0,0
4.921156,-15.1172,90.8789,-989.1211,0,0
4.925123,-15.1172,90.8789,-989.1211,0,0
4.929090,-15.1172,90.8789,-989.1211,0,0
4.933156,-15.1172,90.8789,-989.1211,0,0
4.937160,-15.1172,90.8789,-989.1211,0,0
4.941083,-15.1172,90.8789,-989.1211,0,0
4.945075,-15.1172,90.8789,-989.1211,0,0
4.949145,-15.1172,90.8789,-989.1211,0,0
4.953128,-15.1172,90.8789,-989.1211,0,0
4.957096,-15.1172,90.8789,-989.1211,0,0
4.961161,-15.1172,90.8789,-989.1211,0,0
4.965130,-15.1172,90.8789,-989.1211,0,0
4.969096,-15.1172,90.8789,-989.1211,0,0
4.973161,-15.1172,90.8789,-989.1211,0,0
4.977130,-15.1172,90.8789,-989.1211,0,0
4.981096,-15.1172,90.8789,-989.1211,0,0
4.985161,-15.1172,90.8789,-989.1211,0,0
4.989130,-15.1172,90.8789,-989.1211,0,0
4.993096,-15.1172,90.8789,-989.1211,0,0
4.997161,-15.1172,90.8789,-989.1211,0,0
5.001130,-15.1172,90.8789,-989.1211,0,0
5.005109,-15.1172,90.8789,-989.1211,0,0
5.009168,-15.1172,90.8789,-989.1211,0,0
5.013077,-15.1172,90.8789,-989.1211,0,0
5.017145,-15.1172,90.8789,-989.1211,0,0
5.021116,-15.1172,90.8789,-989.1211,0,0
5.025129,-15.1172,90.8789,-989.1211,0,0
5.029137,-15.1172,90.8789,-989.1211,0,0
5.033117,-15.1172,90.8789,-989.1211,0,0
5.038707,-15.1172,90.8789,-989.1211,0,0
5.041498,-15.1172,90.8789,-989.1211,0,0
5.045072,-15.1172,90.8789,-989.1211,0,0
5.049137,-15.1172,90.8789,-989.1211,0,0
5.053162,-15.1172,90.8789,-989.1211,0,0
5.057090,-15.1172,90.7031,-989.2969,0,0
5.061156,-15.1172,90.7031,-989.2969,0,0
5.065123,-15.1172,90.7031,-989.2969,0,0
5.069127,-15.1172,90.7031,-989.2969,0,0
5.073098,-15.1172,90.7031,-989.2969,0,0
5.077161,-15.1172,90.7031,-989.2969,0,0
5.081142,-15.1172,90.7031,-989.2969,0,0
5.085124,-15.1172,90.7031,-989.2969,0,0
5.089105,-15.1172,90.7031,-989.2969,0,0
5.093074,-15.1172,90.7031,-989.2969,0,0
5.097142,-15.1172,90.7031,-989.2969,0,0
5.101114,-15.1172,90.7031,-989.2969,0,0
5.105079,-15.1172,90.7031,-989.2969,0,0
5.109090,-15.1172,90.7031,-989.2969,0,0
5.113090,-15.1172,90.7031,-989.2969,0,0
5.117072,-15.1172,90.7031,-989.2969,0,0
5.121156,-15.1172,90.7031,-989.2969,0,0
5.125078,-15.1172,90.7031,-989.2969,0,0
5.129160,-15.1172,90.7031,-989.2969,0,0
5.133145,-15.1172,90.7031,-989.2969,0,0
5.137116,-15.1172,90.7031,-989.2969,0,0
5.141082,-15.1172,90.7031,-989.2969,0,0
5.145082,-15.1172,90.7031,-989.2969,0,0
5.149157,-15.1172,90.7031,-989.2969,0,0
5.153142,-15.1172,90.7031,-989.2969,0,0
5.157075,-15.1172,90.7031,-989.2969,0,0
5.161113,-15.1172,90.7031,-989.2969,0,0
5.165082,-15.1172,90.7031,-989.2969,0,0
5.169145,-15.1172,90.7031,-989.2969,0,0
5.173116,-15.1172,90.7031,-989.2969,0,0
5.177082,-15.1172,90.7031,-989.2969,0,0
5.181145,-15.1172,90.7031,-989.2969,0,0
5.185116,-15.1172,90.7031,-989.2969,0,0
5.189082,-15.1172,90.7031,-989.2969,0,0
5.193145,-15.1172,90.7031,-989.2969,0,0
5.197116,-15.1172,90.7031,-989.2969,0,0
5.201082,-15.1172,90.7031,-989.2969,0,0
5.205090,-15.1172,90.7031,-989.2969,0,0
5.209074,-15.1172,90.7031,-989.2969,0,0
5.213142,-15.1172,90.7031,-989.2969,0,0
5.217114,-15.1172,90.7031,-989.2969,0,0
5.221082,-15.1172,90.7031,-989.2969,0,0
5.225145,-15.1172,90.7031,-989.2969,0,0
5.229116,-15.1172,90.7031,-989.2969,0,0
5.233082,-15.1172,90.7031,-989.2969,0,0
5.237145,-15.1172,90.7031,-989.2969,0,0
5.241116,-15.1172,90.7031,-989.2969,0,0
5.245082,-15.1172,90.7031,-989.2969,0,0
5.249090,-15.1172,90.7031,-989.2969,0,0
5.253110,-15.1172,90.7031,-989.2969,0,0
5.257082,-15.1172,90.7031,-989.2969,0,0
5.261090,-15.1172,90.7031,-989.2969,0,0
5.265156,-15.1172,90.7031,-989.2969,0,0
5.269123,-15.1172,90.7031,-989.2969,0,0
5.273090,-15.1172,90.7031,-989.2969,0,0
5.277156,-15.1172,90.7031,-989.2969,0,0
5.281123,-15.1172,90.7031,-989.2969,0,0
5.285090,-15.1172,90.7031,-989.2969,0,0
5.289156,-15.1172,90.7031,-989.2969,0,0
5.293123,-15.1172,90.7031,-989.2969,0,0
5.297090,-15.1172,90.7031,-989.2969,0,0
5.301156,-15.1172,90.7031,-989.2969,0,0
5.305137,-15.1172,90.7031,-989.2969,0,0
5.309123,-15.1172,90.7031,-989.2969,0,0
5.313090,-15.1172,90.7031,-989.2969,0,0
5.317156,-15.1172,90.8789,-989.1211,0,0
5.321123,-15.1172,90.8789,-989.1211,0,0
5.325090,-15.1172,90.8789,-989.1211,0,0
5.329156,-15.1172,90.8789,-989.1211,0,0
5.333123,-15.1172,90.8789,-989.1211,0,0
5.337090,-15.1172,90.8789,-989.1211,0,0
5.341156,-15.1172,90.8789,-989.1211,0,0
5.345123,-15.1172,90.8789,-989.1211,0,0
5.349090,-15.1172,90.8789,-989.1211,0,0
5.353111,-15.1172,90.8789,-989.1211,0,0
5.357106,-15.1172,90.8789,-989.1211,0,0
5.361079,-15.1172,90.8789,-989.1211,0,0
5.365170,-15.1172,90.8789,-989.1211,0,0
5.369079,-15.1172,90.8789,-989.1211,0,0
5.373188,-15.1172,90.8789,-989.1211,0,0
5.377096,-15.1172,90.8789,-989.1211,0,0
5.381161,-15.1172,90.8789,-989.1211,0,0
5.385130,-15.1172,90.8789,-989.1211,0,0
5.389096,-15.1172,90.8789,-989.1211,0,0
5.394353,-15.1172,90.8789,-989.1211,0,0
5.397313,-15.1172,90.8789,-989.1211,0,0
5.401090,-15.1172,90.8789,-989.1211,0,0
5.405144,-15.1172,90.8789,-989.1211,0,0
5.409087,-15.1172,90.8789,-989.1211,0,0
5.413152,-15.1172,90.8789,-989.1211,0,0
5.417137,-15.1172,90.8789,-989.1211,0,0
5.421077,-15.1172,90.8789,-989.1211,0,0
5.425139,-15.1172,90.8789,-989.1211,0,0
5.429139,-15.1172,90.8789,-989.1211,0,0
5.433104,-15.1172,90.8789,-989.1211,0,0
5.437070,-15.1172,90.8789,-989.1211,0,0
5.441136,-15.1172,90.8789,-989.1211,0,0
5.445104,-15.1172,90.8789,-989.1211,0,0
5.449096,-15.1172,90.8789,-989.1211,0,0
5.453132,-15.1172,90.8789,-989.1211,0,0
5.457094,-15.1172,90.8789,-989.1211,0,0
5.461114,-15.1172,90.8789,-989.1211,0,0
5.465082,-15.1172,90.8789,-989.1211,0,0
5.469145,-15.1172,90.8789,-989.1211,0,0
5.473071,-15.1172,90.8789,-989.1211,0,0
5.477152,-15.1172,90.8789,-989.1211,0,0
5.481123,-15.1172,90.8789,-989.1211,0,0
5.485090,-15.1172,90.8789,-989.1211,0,0
5.489080,-15.1172,90.8789,-989.1211,0,0
5.493145,-15.1172,90.8789,-989.1211,0,0
5.497071,-15.1172,90.8789,-989.1211,0,0
5.501130,-15.1172,90.8789,-989.1211,0,0
5.505141,-15.1172,90.8789,-989.1211,0,0
5.509123,-15.1172,90.8789,-989.1211,0,0
5.513090,-15.1172,90.8789,-989.1211,0,0
5.517156,-15.1172,90.8789,-989.1211,0,0
5.521123,-15.1172,90.8789,-989.1211,0,0
5.525090,-15.1172,90.8789,-989.1211,0,0
5.529156,-15.1172,90.8789,-989.1211,0,0
5.533123,-15.1172,90.8789,-989.1211,0,0
5.537090,-15.1172,90.8789,-989.1211,0,0
5.541156,-15.1172,90.8789,-989.1211,0,0
5.545123,-15.1172,90.8789,-989.1211,0,0
5.549090,-15.1172,90.8789,-989.1211,0,0
5.553064,-15.1172,90.8789,-989.1211,0,0
5.557104,-15.1172,90.8789,-989.1211,0,0
5.561074,-15.1172,90.8789,-989.1211,0,0
5.565160,-15.1172,90.8789,-989.1211,0,0
5.569090,-15.1172,90.8789,-989.1211,0,0
5.573156,-15.1172,90.8789,-989.1211,0,0
5.577123,-15.1172,90.8789,-989.1211,0,0
5.581090,-15.1172,90.8789,-989.1211,0,0
5.585156,-15.1172,90.8789,-989.1211,0,0
5.589123,-15.1172,90.8789,-989.1211,0,0
5.593090,-15.1172,90.7031,-989.2969,0,0
5.597156,-15.1172,90.7031,-989.2969,0,0
5.601123,-15.1172,90.7031,-989.2969,0,0
5.605104,-15.1172,90.7031,-989.2969,0,0
5.609090,-15.1172,90.7031,-989.2969,0,0
5.613156,-15.1172,90.7031,-989.2969,0,0
5.617137,-15.1172,90.7031,-989.2969,0,0
5.621106,-15.1172,90.7031,-989.2969,0,0
5.625078,-15.1172,90.7031,-989.2969,0,0
5.629145,-15.1172,90.7031,-989.2969,0,0
5.633116,-15.1172,90.7031,-989.2969,0,0
5.637082,-15.1172,90.7031,-989.2969,0,0
5.641145,-15.1172,90.7031,-989.2969,0,0
5.645116,-15.1172,90.7031,-989.2969,0,0
5.649082,-15.1172,90.7031,-989.2969,0,0
5.653161,-15.1172,90.7031,-989.2969,0,0
5.657079,-15.1172,90.7031,-989.2969,0,0
5.661072,-15.1172,90.7031,-989.2969,0,0
5.665137,-15.1172,90.7031,-989.2969,0,0
5.669106,-15.1172,90.7031,-989.2969,0,0
5.673078,-15.1172,90.7031,-989.2969,0,0
5.677145,-15.1172,90.7031,-989.2969,0,0
5.681116,-15.1172,90.7031,-989.2969,0,0
5.685082,-15.1172,90.7031,-989.2969,0,0
5.689145,-15.1172,90.7031,-989.2969,0,0
5.693116,-15.1172,90.7031,-989.2969,0,0
5.697082,-15.1172,90.7031,-989.2969,0,0
5.701064,-15.1172,90.7031,-989.2969,0,0
5.705152,-15.1172,90.7031,-989.2969,0,0
5.709243,-15.1172,90.7031,-989.2969,0,0
5.713102,-15.1172,90.7031,-989.2969,0,0
5.717090,-15.1172,90.7031,-989.2969,0,0
5.721069,-15.1172,90.7031,-989.2969,0,0
5.725071,-15.1172,90.7031,-989.2969,0,0
5.729137,-15.1172,90.7031,-989.2969,0,0
5.733121,-15.1172,90.7031,-989.2969,0,0
5.737090,-15.1172,90.7031,-989.2969,0,0
5.741152,-15.1172,90.7031,-989.2969,0,0
5.745137,-15.1172,90.7031,-989.2969,0,0
5.749106,-15.1172,90.7031,-989.2969,0,0
5.753110,-15.1172,90.7031,-989.2969,0,0
5.757097,-15.1172,90.7031,-989.2969,0,0
5.761074,-15.1172,90.7031,-989.2969,0,0
5.765069,-15.1172,90.7031,-989.2969,0,0
5.769137,-15.1172,90.7031,-989.2969,0,0
5.773078,-15.1172,90.7031,-989.2969,0,0
5.777269,-15.1172,90.7031,-989.2969,0,0
5.781082,-15.1172,90.7031,-989.2969,0,0
5.785088,-15.1172,90.7031,-989.2969,0,0
5.789152,-15.1172,90.7031,-989.2969,0,0
5.793123,-15.1172,90.7031,-989.2969,0,0
5.797128,-15.1172,90.7031,-989.2969,0,0
5.801140,-15.1172,90.7031,-989.2969,0,0
5.805160,-15.1172,90.7031,-989.2969,0,0
5.809141,-15.1172,90.7031,-989.2969,0,0
5.813112,-15.1172,90.7031,-989.2969,0,0
5.817082,-15.1172,90.8789,-989.1211,0,0
5.821145,-15.1172,90.8789,-989.1211,0,0
5.825116,-15.1172,90.8789,-989.1211,0,0
5.829082,-15.1172,90.8789,-989.1211,0,0
5.833145,-15.1172,90.8789,-989.1211,0,0
5.837116,-15.1172,90.8789,-989.1211,0,0
5.841082,-15.1172,90.8789,-989.1211,0,0
5.845145,-15.1172,90.8789,-989.1211,0,0
5.849116,-15.1172,90.8789,-989.1211,0,0
5.853091,-15.1172,90.8789,-989.1211,0,0
5.857090,-15.1172,90.8789,-989.1211,0,0
5.861167,-15.1172,90.8789,-989.1211,0,0
5.865082,-15.1172,90.8789,-989.1211,0,0
5.869097,-15.1172,90.8789,-989.1211,0,0
5.873161,-15.1172,90.8789,-989.1211,0,0
5.877130,-15.1172,90.8789,-989.1211,0,0
5.881096,-15.1172,90.8789,-989.1211,0,0
5.885161,-15.1172,90.8789,-989.1211,0,0
5.889130,-15.1172,90.8789,-989.1211,0,0
5.893096,-15.1172,90.8789,-989.1211,0,0
5.897161,-15.1172,90.8789,-989.1211,0,0
5.901130,-15.1172,90.8789,-989.1211,0,0
5.905109,-15.1172,90.8789,-989.1211,0,0
5.909090,-15.1172,90.8789,-989.1211,0,0
5.913156,-15.1172,90.8789,-989.1211,0,0
5.917123,-15.1172,90.7031,-989.2969,0,0
5.921090,-15.1172,90.7031,-989.2969,0,0
5.925156,-15.1172,90.7031,-989.2969,0,0
5.929123,-15.1172,90.7031,-989.2969,0,0
5.933090,-15.1172,90.7031,-989.2969,0,0
5.937156,-15.1172,90.7031,-989.2969,0,0
5.941123,-15.1172,90.7031,-989.2969,0,0
5.945090,-15.1172,90.7031,-989.2969,0,0
5.949167,-15.1172,90.7031,-989.2969,0,0
5.953152,-15.1172,90.7031,-989.2969,0,0
5.957123,-15.1172,90.7031,-989.2969,0,0
5.961090,-15.1172,90.7031,-989.2969,0,0
5.965119,-15.1172,90.7031,-989.2969,0,0
5.969104,-15.1172,90.7031,-989.2969,0,0
5.973074,-15.1172,90.7031,-989.2969,0,0
5.977141,-15.1172,90.7031,-989.2969,0,0
5.981112,-15.1172,90.7031,-989.2969,0,0
5.985082,-15.1172,90.7031,-989.2969,0,0
5.989145,-15.1172,90.7031,-989.2969,0,0
5.993116,-15.1172,90.7031,-989.2969,0,0
5.997082,-15.1172,90.7031,-989.2969,0,0
6.001145,-15.1172,90.7031,-989.2969,0,0
6.005124,-15.1172,90.7031,-989.2969,0,0
6.009106,-15.1172,90.7031,-989.2969,0,0
6.013078,-15.1172,90.7031,-989.2969,0,0
6.017146,-15.1172,90.7031,-989.2969,0,0
6.021116,-15.1172,90.7031,-989.2969,0,0
6.025082,-15.1172,90.7031,-989.2969,0,0
6.029145,-15.1172,90.7031,-989.2969,0,0
6.033079,-15.1172,90.7031,-989.2969,0,0
6.037082,-15.1172,90.7031,-989.2969,0,0
6.041145,-15.1172,90.7031,-989.2969,0,0
6.045116,-15.1172,90.7031,-989.2969,0,0
6.051571,-15.1172,90.7031,-989.2969,0,0
6.053156,-15.1172,90.7031,-989.2969,0,0
6.057107,-15.1172,90.7031,-989.2969,0,0
6.061107,-15.1172,90.7031,-989.2969,0,0
6.065070,-15.1172,90.7031,-989.2969,0,0
6.069104,-15.1172,90.7031,-989.2969,0,0
6.073120,-15.1172,90.7031,-989.2969,0,0
6.077090,-15.1172,90.7031,-989.2969,0,0
6.081078,-15.1172,90.7031,-989.2969,0,0
6.085137,-15.1172,90.7031,-989.2969,0,0
6.089087,-15.1172,90.7031,-989.2969,0,0
6.093080,-15.1172,90.7031,-989.2969,0,0
6.097107,-15.1172,90.7031,-989.2969,0,0
6.101123,-15.1172,90.7031,-989.2969,0,0
6.105064,-15.1172,90.7031,-989.2969,0,0
6.109090,-15.1172,90.7031,-989.2969,0,0
6.113156,-15.1172,90.8789,-989.1211,0,0
6.117123,-15.1172,90.8789,-989.1211,0,0
6.121090,-15.1172,90.8789,-989.1211,0,0
6.125156,-15.1172,90.8789,-989.1211,0,0
6.129123,-15.1172,90.8789,-989.1211,0,0
6.133090,-15.1172,90.8789,-989.1211,0,0
6.137156,-15.1172,90.8789,-989.1211,0,0
6.141123,-15.1172,90.8789,-989.1211,0,0
6.145090,-15.1172,90.8789,-989.1211,0,0
6.149156,-15.1172,90.8789,-989.1211,0,0
6.153131,-15.1172,90.8789,-989.1211,0,0
6.157104,-15.1172,90.8789,-989.1211,0,0
6.161074,-15.1172,90.8789,-989.1211,0,0
6.165141,-15.1172,90.8789,-989.1211,0,0
6.169081,-15.1172,90.8789,-989.1211,0,0
6.173154,-15.1172,90.8789,-989.1211,0,0
6.177160,-15.1172,90.8789,-989.1211,0,0
6.181130,-15.1172,90.8789,-989.1211,0,0
6.185096,-15.1172,90.8789,-989.1211,0,0
6.189161,-15.1172,90.8789,-989.1211,0,0
6.193130,-15.1172,90.8789,-989.1211,0,0
6.197096,-15.1172,90.8789,-989.1211,0,0
6.201161,-15.1172,90.8789,-989.1211,0,0
6.205141,-15.1172,90.8789,-989.1211,0,0
6.209123,-15.1172,90.8789,-989.1211,0,0
6.213090,-15.1172,90.8789,-989.1211,0,0
6.217156,-15.1172,90.8789,-989.1211,0,0
6.221123,-15.1172,90.8789,-989.1211,0,0
6.225090,-15.1172,90.8789,-989.1211,0,0
6.229156,-15.1172,90.7031,-989.2969,0,0
6.233123,-15.1172,90.7031,-989.2969,0,0
6.237090,-15.1172,90.7031,-989.2969,0,0
6.241156,-15.1172,90.7031,-989.2969,0,0
6.245123,-15.1172,90.7031,-989.2969,0,0
6.249090,-15.1172,90.7031,-989.2969,0,0
6.253064,-15.1172,90.7031,-989.2969,0,0
6.257137,-15.1172,90.7031,-989.2969,0,0
6.261106,-15.1172,90.7031,-989.2969,0,0
6.265078,-15.1172,90.7031,-989.2969,0,0
6.269145,-15.1172,90.7031,-989.2969,0,0
6.273069,-15.1172,90.7031,-989.2969,0,0
6.277152,-15.1172,90.7031,-989.2969,0,0
6.281123,-15.1172,90.7031,-989.2969,0,0
6.285104,-15.1172,90.7031,-989.2969,0,0
6.289074,-15.1172,90.7031,-989.2969,0,0
6.293141,-15.1172,90.7031,-989.2969,0,0
6.297112,-15.1172,90.7031,-989.2969,0,0
6.301082,-15.1172,90.7031,-989.2969,0,0
6.305070,-15.1172,90.7031,-989.2969,0,0
6.309145,-15.1172,90.7031,-989.2969,0,0
6.313116,-15.1172,90.7031,-989.2969,0,0
6.317082,-15.1172,90.7031,-989.2969,0,0
6.321145,-15.1172,90.7031,-989.2969,0,0
6.325116,-15.1172,90.7031,-989.2969,0,0
6.329082,-15.1172,90.7031,-989.2969,0,0
6.333145,-15.1172,90.7031,-989.2969,0,0
6.337116,-15.1172,90.7031,-989.2969,0,0
6.341141,-15.1172,90.7031,-989.2969,0,0
6.345077,-15.1172,90.7031,-989.2969,0,0
6.349090,-15.1172,90.7031,-989.2969,0,0
6.353065,-15.1172,90.7031,-989.2969,0,0
6.357108,-15.1172,90.7031,-989.2969,0,0
6.361087,-15.1172,90.7031,-989.2969,0,0
6.365082,-15.1172,90.7031,-989.2969,0,0
6.370974,-15.1172,90.7031,-989.2969,0,0
6.373157,-15.1172,90.7031,-989.2969,0,0
6.377087,-15.1172,90.7031,-989.2969,0,0
6.381121,-15.1172,90.7031,-989.2969,0,0
6.385115,-15.1172,90.7031,-989.2969,0,0
6.389111,-15.1172,90.7031,-989.2969,0,0
6.393159,-15.1172,90.7031,-989.2969,0,0
6.397097,-15.1172,90.7031,-989.2969,0,0
6.401132,-15.1172,90.7031,-989.2969,0,0
6.405106,-15.1172,90.7031,-989.2969,0,0
6.409090,-15.1172,90.7031,-989.2969,0,0
6.413090,-15.1172,90.7031,-989.2969,0,0
6.417075,-15.1172,90.7031,-989.2969,0,0
6.421145,-15.1172,90.7031,-989.2969,0,0
6.425131,-15.1172,90.7031,-989.2969,0,0
6.429123,-15.1172,90.7031,-989.2969,0,0
6.433112,-15.1172,90.7031,-989.2969,0,0
6.437070,-15.1172,90.7031,-989.2969,0,0
6.441090,-15.1172,90.7031,-989.2969,0,0
6.445096,-15.1172,90.7031,-989.2969,0,0
6.449074,-15.1172,90.7031,-989.2969,0,0
6.453134,-15.1172,90.7031,-989.2969,0,0
6.457130,-15.1172,90.7031,-989.2969,0,0
6.461096,-15.1172,90.7031,-989.2969,0,0
6.465161,-15.1172,90.7031,-989.2969,0,0
6.469130,-15.1172,90.7031,-989.2969,0,0
6.473096,-15.1172,90.7031,-989.2969,0,0
6.477076,-15.1172,90.7031,-989.2969,0,0
6.481090,-15.1172,90.7031,-989.2969,0,0
6.485156,-15.1172,90.7031,-989.2969,0,0
6.489123,-15.1172,90.7031,-989.2969,0,0
6.493090,-15.1172,90.7031,-989.2969,0,0
6.497156,-15.1172,90.7031,-989.2969,0,0
6.501123,-15.1172,90.7031,-989.2969,0,0
6.505124,-15.1172,90.7031,-989.2969,0,0
6.509106,-15.1172,90.7031,-989.2969,0,0
6.513078,-15.1172,90.7031,-989.2969,0,0
6.517145,-15.1172,90.7031,-989.2969,0,0
6.521116,-15.1172,90.7031,-989.2969,0,0
6.525082,-15.1172,90.7031,-989.2969,0,0
6.529145,-15.1172,90.7031,-989.2969,0,0
6.533116,-15.1172,90.7031,-989.2969,0,0
6.537082,-15.1172,90.7031,-989.2969,0,0
6.541145,-15.1172,90.7031,-989.2969,0,0
6.545116,-15.1172,90.7031,-989.2969,0,0
6.549082,-15.1172,90.7031,-989.2969,0,0
6.553162,-15.1172,90.7031,-989.2969,0,0
6.557131,-15.1172,90.7031,-989.2969,0,0
6.561097,-15.1172,90.7031,-989.2969,0,0
6.565161,-15.1172,90.7031,-989.2969,0,0
6.569130,-15.1172,90.7031,-989.2969,0,0
6.573096,-15.1172,90.7031,-989.2969,0,0
6.577161,-15.1172,90.7031,-989.2969,0,0
6.581104,-15.1172,90.7031,-989.2969,0,0
6.585074,-15.1172,90.7031,-989.2969,0,0
6.589141,-15.1172,90.7031,-989.2969,0,0
6.593152,-15.1172,90.7031,-989.2969,0,0
6.597123,-15.1172,90.7031,-989.2969,0,0
6.601090,-15.1172,90.7031,-989.2969,0,0
6.605074,-15.1172,90.7031,-989.2969,0,0
6.609156,-15.1172,90.7031,-989.2969,0,0
6.613123,-15.1172,90.7031,-989.2969,0,0
6.617090,-15.1172,90.7031,-989.2969,0,0
6.621156,-15.1172,90.7031,-989.2969,0,0
6.625123,-15.1172,90.7031,-989.2969,0,0
6.629090,-15.1172,90.7031,-989.2969,0,0
6.633156,-15.1172,90.7031,-989.2969,0,0
6.637123,-15.1172,90.7031,-989.2969,0,0
6.641090,-15.1172,90.7031,-989.2969,0,0
6.645156,-15.1172,90.7031,-989.2969,0,0
6.649123,-15.1172,90.7031,-989.2969,0,0
6.653094,-15.1172,90.7031,-989.2969,0,0
6.657160,-15.1172,90.7031,-989.2969,0,0
6.661130,-15.1172,90.7031,-989.2969,0,0
6.665096,-15.1172,90.7031,-989.2969,0,0
6.669161,-15.1172,90.7031,-989.2969,0,0
6.673130,-15.1172,90.7031,-989.2969,0,0
6.677096,-15.1172,90.7031,-989.2969,0,0
6.681109,-15.1172,90.7031,-989.2969,0,0
6.685091,-15.1172,90.7031,-989.2969,0,0
6.689086,-15.1172,90.7031,-989.2969,0,0
6.693123,-15.1172,90.7031,-989.2969,0,0
6.697129,-15.1172,90.7031,-989.2969,0,0
6.701096,-15.1172,90.7031,-989.2969,0,0
6.705140,-15.1172,90.7031,-989.2969,0,0
6.709090,-15.1172,90.7031,-989.2969,0,0
6.713109,-15.1172,90.7031,-989.2969,0,0
6.717126,-15.1172,90.7031,-989.2969,0,0
6.721139,-15.1172,90.7031,-989.2969,0,0
6.726438,-15.1172,90.7031,-989.2969,0,0
6.729398,-15.1172,90.7031,-989.2969,0,0
6.733124,-15.1172,90.7031,-989.2969,0,0
6.737090,-15.1172,90.7031,-989.2969,0,0
6.741073,-15.1172,90.7031,-989.2969,0,0
6.745152,-15.1172,90.7031,-989.2969,0,0
6.749121,-15.1172,90.7031,-989.2969,0,0
6.753099,-15.1172,90.7031,-989.2969,0,0
6.757090,-15.1172,90.7031,-989.2969,0,0
6.761152,-15.1172,90.7031,-989.2969,0,0
6.765122,-15.1172,90.7031,-989.2969,0,0
6.769152,-15.1172,90.7031,-989.2969,0,0
6.773123,-15.1172,90.7031,-989.2969,0,0
6.777128,-15.1172,90.7031,-989.2969,0,0
6.781109,-15.1172,90.7031,-989.2969,0,0
6.785065,-15.1172,90.7031,-989.2969,0,0
6.789071,-15.1172,90.7031,-989.2969,0,0
6.793078,-15.1172,90.7031,-989.2969,0,0
6.797125,-15.1172,90.7031,-989.2969,0,0
6.801096,-15.1172,90.7031,-989.2969,0,0
6.805144,-15.1172,90.7031,-989.2969,0,0
6.809130,-15.1172,90.7031,-989.2969,0,0
6.813096,-15.1172,90.7031,-989.2969,0,0
6.817161,-15.1172,90.7031,-989.2969,0,0
6.821130,-15.1172,90.7031,-989.2969,0,0
6.825096,-15.1172,90.7031,-989.2969,0,0
6.829161,-15.1172,90.7031,-989.2969,0,0
6.833130,-15.1172,90.7031,-989.2969,0,0
6.837096,-15.1172,90.7031,-989.2969,0,0
6.841161,-15.1172,90.7031,-989.2969,0,0
6.845130,-15.1172,90.7031,-989.2969,0,0
6.849096,-15.1172,90.7031,-989.2969,0,0
6.853070,-15.1172,90.7031,-989.2969,0,0
6.857074,-15.1172,90.7031,-989.2969,0,0
6.861151,-15.1172,90.7031,-989.2969,0,0
6.865074,-15.1172,90.7031,-989.2969,0,0
6.869142,-15.1172,90.7031,-989.2969,0,0
6.873114,-15.1172,90.7031,-989.2969,0,0
6.877082,-15.1172,90.7031,-989.2969,0,0
6.881145,-15.1172,90.7031,-989.2969,0,0
6.885116,-15.1172,90.8789,-989.1211,0,0
6.889138,-15.1172,90.8789,-989.1211,0,0
6.893107,-15.1172,90.8789,-989.1211,0,0
6.897078,-15.1172,91.0547,-988.9453,0,0
6.901145,-15.1172,91.0547,-988.9453,0,0
6.905124,-15.1172,91.4062,-988.5938,0,0
6.909107,-15.1172,91.5820,-988.4180,0,0
6.913078,-15.1172,91.7578,-988.2422,0,0
6.917145,-15.1172,92.1094,-987.8906,0,0
6.921116,-15.1172,92.2852,-987.7148,0,0
6.925082,-15.1172,92.6367,-987.3633,0,0
6.929145,-15.1172,92.9883,-987.0117,0,0
6.933116,-15.1172,93.3398,-986.6602,0,0
6.937082,-15.1172,93.6914,-986.3086,0,0
6.941160,-15.1172,94.2188,-985.7812,0,0
6.945130,-15.1172,94.3945,-985.6055,0,0
6.949096,-15.1172,94.9219,-985.0781,0,0
6.953075,-15.1172,95.0977,-984.9023,0,0
6.957145,-15.1172,95.2734,-984.7266,0,0
6.961115,-15.1172,95.4492,-984.5508,0,0
6.965082,-15.1172,95.4492,-984.5508,0,0
6.969145,-15.1172,95.4492,-984.5508,0,0
6.973116,-15.1172,95.4492,-984.5508,0,0
6.977082,-15.1172,95.4492,-984.5508,0,0
6.981145,-15.1172,95.2734,-984.7266,0,0
6.985116,-15.1172,95.2734,-984.7266,0,0
6.989128,-15.1172,95.2734,-984.7266,0,0
6.993110,-15.1172,95.2734,-984.7266,0,0
6.997082,-15.1172,95.2734,-984.7266,0,0
7.001145,-15.1172,95.4492,-984.5508,0,0
7.005124,-15.1172,95.4492,-984.5508,0,0
7.009107,-15.1172,95.6250,-984.3750,0,0
7.013078,-15.1172,95.6250,-984.3750,0,0
7.017145,-15.1172,95.6250,-984.3750,0,0
7.021116,-15.1172,95.8008,-984.1992,0,0
7.025082,-15.1172,95.8008,-984.1992,0,0
7.029145,-15.1172,95.8008,-984.1992,0,0
7.033116,-15.1172,95.9766,-984.0234,0,0
7.037172,-14.9414,95.9766,-984.0234,0,0
7.041123,-14.9414,95.9766,-984.0234,0,0
7.047848,-14.9414,96.1523,-983.8477,0,0
7.049103,-14.9414,96.1523,-983.8477,0,0
7.053163,-14.9414,96.1523,-983.8477,0,0
7.057152,-14.9414,96.1523,-983.8477,0,0
7.061123,-14.9414,96.3281,-983.6719,0,0
7.065090,-14.9414,96.3281,-983.6719,0,0
7.069115,-14.9414,96.3281,-983.6719,0,0
7.073132,-14.9414,96.5039,-983.4961,0,0
7.077145,-14.9414,96.5039,-983.4961,0,0
7.081152,-14.9414,96.5039,-983.4961,0,0
7.085123,-14.9414,96.6797,-983.3203,0,0
7.089090,-14.9414,96.6797,-983.3203,0,0
7.093152,-14.9414,96.6797,-983.3203,0,0
7.097071,-14.9414,96.8555,-983.1445,0,0
7.101137,-14.9414,96.8555,-983.1445,0,0
7.105118,-14.9414,97.0312,-982.9688,0,0
7.109134,-14.9414,97.0312,-982.9688,0,0
7.113104,-14.9414,97.0312,-982.9688,0,0
7.117096,-14.9414,97.2070,-982.7930,0,0
7.121119,-14.9414,97.2070,-982.7930,0,0
7.125090,-14.9414,97.3828,-982.6172,0,0
7.129156,-14.9414,97.3828,-982.6172,0,0
7.133123,-14.9414,97.5586,-982.4414,0,0
7.137090,-14.9414,97.7344,-982.2656,0,0
7.141156,-14.9414,97.7344,-982.2656,0,0
7.145123,-14.9414,97.9102,-982.0898,0,0
7.149090,-14.9414,97.9102,-982.0898,0,0
7.153064,-14.9414,98.0859,-981.9141,0,0
7.157161,-14.9414,98.2617,-981.7383,0,0
7.161130,-14.9414,98.4375,-981.5625,0,0
7.165096,-14.9414,98.4375,-981.5625,0,0
7.169161,-14.9414,98.6133,-981.3867,0,0
7.173130,-14.9414,98.7891,-981.2109,0,0
7.177096,-14.9414,98.7891,-981.2109,0,0
7.181161,-14.9414,98.9648,-981.0352,0,0
7.185130,-14.9414,99.1406,-980.8594,0,0
7.189096,-14.9414,99.3164,-980.6836,0,0
7.193111,-14.9414,99.4922,-980.5078,0,0
7.197108,-14.9414,99.4922,-980.5078,0,0
7.201082,-14.9414,99.6680,-980.3320,0,0
7.205071,-14.9414,99.8438,-980.1562,0,0
7.209145,-14.9414,100.0195,-979.9805,0,0
7.213116,-14.9414,100.0195,-979.9805,0,0
7.217082,-14.9414,100.1953,-979.8047,0,0
7.221145,-14.9414,100.3711,-979.6289,0,0
7.225116,-14.9414,100.5469,-979.4531,0,0
7.229082,-14.9414,100.5469,-979.4531,0,0
7.233145,-14.9414,100.7227,-979.2773,0,0
7.237116,-14.9414,100.7227,-979.2773,0,0
7.241082,-14.7656,100.8984,-979.1016,0,0
7.245145,-14.7656,100.8984,-979.1016,0,0
7.249116,-14.7656,101.0742,-978.9258,0,0
7.253090,-14.7656,101.0742,-978.9258,0,0
7.257160,-14.7656,101.2500,-978.7500,0,0
7.261130,-14.7656,101.2500,-978.7500,0,0
7.265096,-14.7656,101.2500,-978.7500,0,0
7.269161,-14.7656,101.4258,-978.5742,0,0
7.273130,-14.7656,101.4258,-978.5742,0,0
7.277096,-14.7656,101.4258,-978.5742,0,0
7.281161,-14.7656,101.4258,-978.5742,0,0
7.285168,-14.7656,101.6016,-978.3984,0,0
7.289141,-14.7656,101.6016,-978.3984,0,0
7.293111,-14.7656,101.6016,-978.3984,0,0
7.297150,-14.7656,101.6016,-978.3984,0,0
7.301123,-14.7656,101.7773,-978.2227,0,0
7.305104,-14.7656,101.7773,-978.2227,0,0
7.309090,-14.7656,101.9531,-978.0469,0,0
7.313156,-14.7656,101.9531,-978.0469,0,0
7.317123,-14.7656,101.9531,-978.0469,0,0
7.321090,-14.7656,101.9531,-978.0469,0,0
7.325147,-14.9414,102.1289,-977.8711,0,0
7.329129,-14.9414,102.1289,-977.8711,0,0
7.333096,-14.9414,102.1289,-977.8711,0,0
7.337322,-14.9414,102.3047,-977.6953,0,0
7.341260,-14.9414,102.3047,-977.6953,0,0
7.345151,-14.9414,102.3047,-977.6953,0,0
7.349139,-14.9414,102.4805,-977.5195,0,0
7.353166,-14.9414,102.6562,-977.3438,0,0
7.357135,-14.9414,102.6562,-977.3438,0,0
7.361111,-14.9414,102.6562,-977.3438,0,0
7.365137,-14.9414,102.8320,-977.1680,0,0
7.369096,-14.9414,102.8320,-977.1680,0,0
7.373068,-14.9414,102.8320,-977.1680,0,0
7.377113,-14.9414,103.0078,-976.9922,0,0
7.381082,-14.9414,103.0078,-976.9922,0,0
7.385147,-14.9414,103.1836,-976.8164,0,0
7.389087,-14.9414,103.3594,-976.6406,0,0
7.393080,-14.9414,103.3594,-976.6406,0,0
7.397163,-14.9414,103.5352,-976.4648,0,0
7.401078,-14.9414,103.5352,-976.4648,0,0
7.405137,-14.9414,103.7109,-976.2891,0,0
7.409090,-14.9414,103.7109,-976.2891,0,0
7.413125,-14.9414,103.8867,-976.1133,0,0
7.417140,-14.9414,104.0625,-975.9375,0,0
7.421135,-14.9414,104.0625,-975.9375,0,0
7.425072,-14.9414,104.2383,-975.7617,0,0
7.429104,-14.7656,104.2383,-975.7617,0,0
7.433135,-14.7656,104.4141,-975.5859,0,0
7.437072,-14.7656,104.4141,-975.5859,0,0
7.441104,-14.7656,104.5898,-975.4102,0,0
7.445135,-14.7656,104.7656,-975.2344,0,0
7.449072,-14.7656,104.7656,-975.2344,0,0
7.453138,-14.7656,104.9414,-975.0586,0,0
7.457088,-14.7656,104.9414,-975.0586,0,0
7.461133,-14.7656,105.1172,-974.8828,0,0
7.465163,-14.7656,105.1172,-974.8828,0,0
7.469116,-14.7656,105.1172,-974.8828,0,0
7.473082,-14.7656,105.2930,-974.7070,0,0
7.477145,-14.7656,105.4688,-974.5312,0,0
7.481116,-14.7656,105.4688,-974.5312,0,0
7.485082,-14.7656,105.6445,-974.3555,0,0
7.489145,-14.7656,105.6445,-974.3555,0,0
7.493116,-14.7656,105.6445,-974.3555,0,0
7.497082,-14.7656,105.8203,-974.1797,0,0
7.501130,-14.7656,105.8203,-974.1797,0,0
7.505105,-14.7656,105.8203,-974.1797,0,0
7.509137,-14.7656,105.8203,-974.1797,0,0
7.513107,-14.7656,105.8203,-974.1797,0,0
7.517078,-14.7656,105.8203,-974.1797,0,0
7.521145,-14.7656,105.9961,-974.0039,0,0
7.525116,-14.7656,105.9961,-974.0039,0,0
7.529082,-14.7656,105.9961,-974.0039,0,0
7.533145,-14.7656,106.1719,-973.8281,0,0
7.537116,-14.7656,106.1719,-973.8281,0,0
7.541082,-14.7656,106.1719,-973.8281,0,0
7.545145,-14.7656,106.1719,-973.8281,0,0
7.549116,-14.7656,106.1719,-973.8281,0,0
7.553090,-14.7656,106.1719,-973.8281,0,0
7.557160,-14.7656,106.3477,-973.6523,0,0
7.561130,-14.7656,106.3477,-973.6523,0,0
7.565096,-14.7656,106.3477,-973.6523,0,0
7.569161,-14.7656,106.3477,-973.6523,0,0
7.573130,-14.7656,106.3477,-973.6523,0,0
7.577108,-14.7656,106.5234,-973.4766,0,0
7.581080,-14.7656,106.5234,-973.4766,0,0
7.585145,-14.7656,106.5234,-973.4766,0,0
7.589116,-14.7656,106.5234,-973.4766,0,0
7.593082,-14.7656,106.5234,-973.4766,0,0
7.597145,-14.7656,106.6992,-973.3008,0,0
7.601116,-14.7656,106.6992,-973.3008,0,0
7.605109,-14.7656,106.6992,-973.3008,0,0
7.609116,-14.7656,106.6992,-973.3008,0,0
7.613090,-14.7656,106.8750,-973.1250,0,0
7.617156,-14.7656,106.8750,-973.1250,0,0
7.621123,-14.7656,106.8750,-973.1250,0,0
7.625090,-14.7656,106.8750,-973.1250,0,0
7.629156,-14.7656,106.8750,-973.1250,0,0
7.633123,-14.7656,106.8750,-973.1250,0,0
7.637090,-14.7656,106.8750,-973.1250,0,0
7.641156,-14.7656,106.8750,-973.1250,0,0
7.645123,-14.7656,106.8750,-973.1250,0,0
7.649111,-14.7656,106.8750,-973.1250,0,0
7.653086,-14.7656,106.8750,-973.1250,0,0
7.657121,-14.7656,106.8750,-973.1250,0,0
7.661115,-14.7656,106.8750,-973.1250,0,0
7.665108,-14.7656,106.8750,-973.1250,0,0
7.669097,-14.7656,106.8750,-973.1250,0,0
7.673114,-14.7656,106.8750,-973.1250,0,0
7.677109,-14.7656,106.8750,-973.1250,0,0
7.681129,-14.7656,106.8750,-973.1250,0,0
7.685145,-14.7656,106.8750,-973.1250,0,0
7.689134,-14.7656,107.0508,-972.9492,0,0
7.693141,-14.7656,107.0508,-972.9492,0,0
7.697130,-14.9414,107.0508,-972.9492,0,0
7.701126,-14.9414,107.0508,-972.9492,0,0
7.705132,-14.9414,107.0508,-972.9492,0,0
7.709161,-14.9414,107.0508,-972.9492,0,0
7.713128,-14.9414,107.2266,-972.7734,0,0
7.717104,-14.9414,107.2266,-972.7734,0,0
7.721112,-14.9414,107.2266,-972.7734,0,0
7.725097,-14.9414,107.2266,-972.7734,0,0
7.729161,-15.1172,107.2266,-972.7734,0,0
7.733131,-15.1172,107.2266,-972.7734,0,0
7.737116,-15.1172,107.2266,-972.7734,0,0
7.741114,-15.1172,107.2266,-972.7734,0,0
7.745104,-15.1172,107.2266,-972.7734,0,0
7.749087,-15.1172,107.2266,-972.7734,0,0
7.753092,-15.1172,107.2266,-972.7734,0,0
7.757126,-15.1172,107.2266,-972.7734,0,0
7.763939,-15.1172,107.2266,-972.7734,0,0
7.765107,-15.1172,107.2266,-972.7734,0,0
7.769081,-15.1172,107.2266,-972.7734,0,0
7.773141,-15.1172,107.2266,-972.7734,0,0
7.777135,-14.9414,107.2266,-972.7734,0,0
7.781302,-14.9414,107.2266,-972.7734,0,0
7.785079,-14.9414,107.2266,-972.7734,0,0
7.789145,-14.9414,107.2266,-972.7734,0,0
7.793152,-14.9414,107.2266,-972.7734,0,0
7.797123,-14.9414,107.2266,-972.7734,0,0
7.801090,-14.9414,107.2266,-972.7734,0,0
7.805146,-14.9414,107.2266,-972.7734,0,0
7.809110,-14.9414,107.2266,-972.7734,0,0
7.813121,-15.1172,107.2266,-972.7734,0,0
7.817090,-15.1172,107.2266,-972.7734,0,0
7.821156,-15.1172,107.2266,-972.7734,0,0
7.825105,-15.1172,107.2266,-972.7734,0,0
7.829074,-15.1172,107.4023,-972.5977,0,0
7.833141,-15.1172,107.4023,-972.5977,0,0
7.837137,-15.1172,107.4023,-972.5977,0,0
7.841106,-15.1172,107.4023,-972.5977,0,0
7.845078,-15.1172,107.4023,-972.5977,0,0
7.849145,-15.1172,107.4023,-972.5977,0,0
7.853124,-15.1172,107.4023,-972.5977,0,0
7.857096,-15.1172,107.4023,-972.5977,0,0
7.861172,-15.1172,107.4023,-972.5977,0,0
7.865097,-15.1172,107.4023,-972.5977,0,0
7.869090,-15.1172,107.4023,-972.5977,0,0
7.873156,-15.1172,107.4023,-972.5977,0,0
7.877123,-15.1172,107.2266,-972.7734,0,0
7.881090,-15.1172,107.2266,-972.7734,0,0
7.885156,-15.2930,107.2266,-972.7734,0,0
7.889138,-15.2930,107.2266,-972.7734,0,0
7.893106,-15.2930,107.2266,-972.7734,0,0
7.897078,-15.2930,107.2266,-972.7734,0,0
7.901145,-15.2930,107.2266,-972.7734,0,0
7.905152,-15.2930,107.2266,-972.7734,0,0
7.909142,-15.2930,107.2266,-972.7734,0,0
7.913130,-15.2930,107.2266,-972.7734,0,0
7.917145,-15.2930,107.2266,-972.7734,0,0
7.921116,-15.2930,107.2266,-972.7734,0,0
7.925161,-15.2930,107.2266,-972.7734,0,0
7.929104,-15.4688,107.2266,-972.7734,0,0
7.933119,-15.4688,107.2266,-972.7734,0,0
7.937090,-15.4688,107.0508,-972.9492,0,0
7.941090,-15.4688,107.0508,-972.9492,0,0
7.945074,-15.4688,107.0508,-972.9492,0,0
7.949141,-15.4688,107.0508,-972.9492,0,0
7.953125,-15.4688,107.0508,-972.9492,0,0
7.957096,-15.4688,107.0508,-972.9492,0,0
7.961195,-15.4688,107.0508,-972.9492,0,0
7.965096,-15.4688,107.0508,-972.9492,0,0
7.969161,-15.4688,107.0508,-972.9492,0,0
7.973130,-15.4688,107.0508,-972.9492,0,0
7.977096,-15.4688,107.0508,-972.9492,0,0
7.981161,-15.4688,107.0508,-972.9492,0,0
7.985130,-15.4688,106.8750,-973.1250,0,0
7.989096,-15.4688,106.8750,-973.1250,0,0
7.993161,-15.4688,106.8750,-973.1250,0,0
7.997130,-15.4688,106.8750,-973.1250,0,0
8.001096,-15.2930,106.8750,-973.1250,0,0
8.005079,-15.2930,106.8750,-973.1250,0,0
8.009160,-15.2930,106.8750,-973.1250,0,0
8.013098,-15.2930,106.8750,-973.1250,0,0
8.017090,-15.2930,106.8750,-973.1250,0,0
8.021156,-15.2930,106.8750,-973.1250,0,0
8.025123,-15.2930,106.8750,-973.1250,0,0
8.029090,-15.2930,106.8750,-973.1250,0,0
8.033069,-15.2930,106.8750,-973.1250,0,0
8.037130,-15.2930,106.8750,-973.1250,0,0
8.041127,-15.2930,106.8750,-973.1250,0,0
8.045097,-15.2930,106.8750,-973.1250,0,0
8.049161,-15.2930,106.8750,-973.1250,0,0
8.053154,-15.2930,106.8750,-973.1250,0,0
8.057130,-15.2930,106.8750,-973.1250,0,0
8.061096,-15.2930,106.8750,-973.1250,0,0
8.065080,-15.2930,106.8750,-973.1250,0,0
8.069145,-15.2930,106.8750,-973.1250,0,0
8.073090,-15.2930,106.8750,-973.1250,0,0
8.077075,-15.2930,107.0508,-972.9492,0,0
8.081152,-15.2930,107.0508,-972.9492,0,0
8.085123,-15.2930,107.0508,-972.9492,0,0
8.089090,-15.2930,107.0508,-972.9492,0,0
8.094592,-15.2930,107.0508,-972.9492,0,0
8.097081,-15.2930,107.0508,-972.9492,0,0
8.101160,-15.2930,107.0508,-972.9492,0,0
8.105152,-15.2930,107.0508,-972.9492,0,0
8.109135,-15.2930,107.0508,-972.9492,0,0
8.113102,-15.2930,107.0508,-972.9492,0,0
8.117152,-15.2930,107.0508,-972.9492,0,0
8.121120,-15.2930,107.0508,-972.9492,0,0
8.125160,-15.2930,107.0508,-972.9492,0,0
8.129142,-15.2930,107.0508,-972.9492,0,0
8.133116,-15.2930,107.0508,-972.9492,0,0
8.137086,-15.2930,107.0508,-972.9492,0,0
8.141148,-15.2930,107.0508,-972.9492,0,0
8.145300,-15.2930,107.2266,-972.7734,0,0
8.149102,-15.2930,107.2266,-972.7734,0,0
8.153085,-15.2930,107.2266,-972.7734,0,0
8.157097,-15.2930,107.2266,-972.7734,0,0
8.161078,-15.2930,107.2266,-972.7734,0,0
8.165145,-15.2930,107.2266,-972.7734,0,0
8.169116,-15.2930,107.2266,-972.7734,0,0
8.173082,-15.2930,107.2266,-972.7734,0,0
8.177145,-15.2930,107.2266,-972.7734,0,0
8.181116,-15.2930,107.2266,-972.7734,0,0
8.185082,-15.2930,107.2266,-972.7734,0,0
8.189145,-15.2930,107.2266,-972.7734,0,0
8.193116,-15.2930,107.2266,-972.7734,0,0
8.197082,-15.2930,107.2266,-972.7734,0,0
8.201145,-15.1172,107.2266,-972.7734,0,0
8.205152,-15.1172,107.2266,-972.7734,0,0
8.209137,-15.1172,107.2266,-972.7734,0,0
8.213107,-15.1172,107.2266,-972.7734,0,0
8.217142,-15.1172,107.2266,-972.7734,0,0
8.221082,-15.1172,107.2266,-972.7734,0,0
8.225094,-15.1172,107.2266,-972.7734,0,0
8.229160,-15.1172,107.2266,-972.7734,0,0
8.233130,-15.1172,107.2266,-972.7734,0,0
8.237096,-15.1172,107.2266,-972.7734,0,0
8.241161,-15.1172,107.2266,-972.7734,0,0
8.245130,-15.1172,107.0508,-972.9492,0,0
8.249096,-15.1172,107.0508,-972.9492,0,0
8.253071,-15.1172,107.0508,-972.9492,0,0
8.257137,-15.1172,107.0508,-972.9492,0,0
8.261107,-15.1172,107.0508,-972.9492,0,0
8.265078,-15.1172,107.0508,-972.9492,0,0
8.269145,-15.1172,107.0508,-972.9492,0,0
8.273116,-15.1172,107.0508,-972.9492,0,0
8.277082,-15.1172,107.0508,-972.9492,0,0
8.281158,-15.1172,107.0508,-972.9492,0,0
8.285130,-15.1172,107.0508,-972.9492,0,0
8.289096,-15.1172,107.0508,-972.9492,0,0
8.293161,-15.1172,107.0508,-972.9492,0,0
8.297130,-15.1172,107.0508,-972.9492,0,0
8.301096,-15.1172,107.0508,-972.9492,0,0
8.305080,-15.1172,107.0508,-972.9492,0,0
8.309160,-15.1172,107.0508,-972.9492,0,0
8.313130,-15.1172,106.8750,-973.1250,0,0
8.317096,-15.1172,106.8750,-973.1250,0,0
8.321137,-15.1172,106.8750,-973.1250,0,0
8.325145,-15.1172,106.8750,-973.1250,0,0
8.329116,-15.1172,106.8750,-973.1250,0,0
8.333082,-15.1172,106.8750,-973.1250,0,0
8.337145,-15.1172,106.6992,-973.3008,0,0
8.341116,-15.1172,106.6992,-973.3008,0,0
8.345082,-14.9414,106.6992,-973.3008,0,0
8.349145,-14.9414,106.5234,-973.4766,0,0
8.353128,-14.9414,106.5234,-973.4766,0,0
8.357096,-14.9414,106.5234,-973.4766,0,0
8.361171,-14.9414,106.5234,-973.4766,0,0
8.365137,-14.9414,106.5234,-973.4766,0,0
8.369107,-14.9414,106.5234,-973.4766,0,0
8.373078,-14.9414,106.3477,-973.6523,0,0
8.377145,-14.9414,106.3477,-973.6523,0,0
8.381116,-14.9414,106.3477,-973.6523,0,0
8.385082,-14.9414,106.3477,-973.6523,0,0
8.389145,-14.9414,106.3477,-973.6523,0,0
8.393116,-14.9414,106.3477,-973.6523,0,0
8.397084,-14.9414,106.3477,-973.6523,0,0
8.401123,-14.9414,106.3477,-973.6523,0,0
8.405104,-14.9414,106.3477,-973.6523,0,0
8.409090,-14.9414,106.3477,-973.6523,0,0
8.413156,-14.9414,106.3477,-973.6523,0,0
8.417137,-14.9414,106.3477,-973.6523,0,0
8.421107,-14.9414,106.3477,-973.6523,0,0
8.425161,-14.9414,106.3477,-973.6523,0,0
8.429079,-14.9414,106.3477,-973.6523,0,0
8.433145,-14.9414,106.3477,-973.6523,0,0
8.437116,-14.9414,106.3477,-973.6523,0,0
8.441082,-14.9414,106.3477,-973.6523,0,0
8.445145,-14.9414,106.3477,-973.6523,0,0
8.449116,-14.9414,106.3477,-973.6523,0,0
8.453096,-14.9414,106.3477,-973.6523,0,0
8.457161,-14.9414,106.3477,-973.6523,0,0
8.461130,-14.9414,106.3477,-973.6523,0,0
8.465124,-14.9414,106.3477,-973.6523,0,0
8.469122,-14.9414,106.5234,-973.4766,0,0
8.474045,-14.9414,106.5234,-973.4766,0,0
8.477102,-14.9414,106.5234,-973.4766,0,0
8.481090,-14.9414,106.5234,-973.4766,0,0
8.485123,-14.9414,106.5234,-973.4766,0,0
8.489105,-14.9414,106.5234,-973.4766,0,0
8.493074,-14.9414,106.5234,-973.4766,0,0
8.497142,-14.9414,106.5234,-973.4766,0,0
8.501129,-14.9414,106.5234,-973.4766,0,0
8.505094,-14.9414,106.5234,-973.4766,0,0
8.509088,-14.9414,106.5234,-973.4766,0,0
8.513152,-14.9414,106.5234,-973.4766,0,0
8.517123,-14.9414,106.5234,-973.4766,0,0
8.521090,-14.9414,106.5234,-973.4766,0,0
8.525087,-14.9414,106.5234,-973.4766,0,0
8.529119,-14.9414,106.5234,-973.4766,0,0
8.533107,-14.9414,106.5234,-973.4766,0,0
8.537096,-14.9414,106.6992,-973.3008,0,0
8.541161,-14.9414,106.6992,-973.3008,0,0
8.545152,-14.9414,106.6992,-973.3008,0,0
8.549123,-14.9414,106.6992,-973.3008,0,0
8.553122,-14.9414,106.6992,-973.3008,0,0
8.557090,-14.9414,106.6992,-973.3008,0,0
8.561112,-14.9414,106.6992,-973.3008,0,0
8.565090,-14.9414,106.6992,-973.3008,0,0
8.569124,-14.9414,106.6992,-973.3008,0,0
8.573121,-14.9414,106.6992,-973.3008,0,0
8.577090,-14.9414,106.6992,-973.3008,0,0
8.581156,-14.9414,106.6992,-973.3008,0,0
8.585123,-14.9414,106.6992,-973.3008,0,0
8.589090,-14.9414,106.6992,-973.3008,0,0
8.593156,-14.9414,106.8750,-973.1250,0,0
8.597123,-14.9414,106.8750,-973.1250,0,0
8.601090,-14.9414,106.8750,-973.1250,0,0
8.605096,-14.9414,106.8750,-973.1250,0,0
8.609082,-14.9414,106.8750,-973.1250,0,0
8.613145,-14.9414,106.8750,-973.1250,0,0
8.617116,-14.9414,106.8750,-973.1250,0,0
8.621082,-14.9414,106.8750,-973.1250,0,0
8.625145,-14.9414,106.8750,-973.1250,0,0
8.629160,-14.9414,106.8750,-973.1250,0,0
8.633082,-14.9414,106.8750,-973.1250,0,0
8.637145,-14.9414,106.8750,-973.1250,0,0
8.641116,-14.9414,106.8750,-973.1250,0,0
8.645085,-14.9414,106.8750,-973.1250,0,0
8.649090,-14.9414,106.8750,-973.1250,0,0
8.653064,-14.9414,106.8750,-973.1250,0,0
8.657137,-14.9414,106.8750,-973.1250,0,0
8.661107,-14.9414,106.8750,-973.1250,0,0
8.665078,-14.9414,106.8750,-973.1250,0,0
8.669145,-14.9414,106.8750,-973.1250,0,0
8.673116,-14.9414,106.8750,-973.1250,0,0
8.677082,-14.9414,107.0508,-972.9492,0,0
8.681145,-14.9414,107.0508,-972.9492,0,0
8.685116,-14.9414,107.0508,-972.9492,0,0
8.689082,-14.9414,107.0508,-972.9492,0,0
8.693145,-14.9414,107.0508,-972.9492,0,0
8.697116,-14.9414,107.0508,-972.9492,0,0
8.701082,-14.9414,107.0508,-972.9492,0,0
8.705152,-14.9414,107.2266,-972.7734,0,0
8.709137,-14.9414,107.2266,-972.7734,0,0
8.713107,-14.9414,107.2266,-972.7734,0,0
8.717078,-14.9414,107.2266,-972.7734,0,0
8.721145,-14.9414,107.2266,-972.7734,0,0
8.725116,-14.9414,107.2266,-972.7734,0,0
8.729137,-14.9414,107.2266,-972.7734,0,0
8.733145,-14.9414,107.4023,-972.5977,0,0
8.737116,-14.9414,107.4023,-972.5977,0,0
8.741082,-14.9414,107.4023,-972.5977,0,0
8.745145,-14.9414,107.4023,-972.5977,0,0
8.749116,-14.9414,107.4023,-972.5977,0,0
8.753090,-14.9414,107.4023,-972.5977,0,0
8.757160,-14.9414,107.5781,-972.4219,0,0
8.761130,-14.9414,107.5781,-972.4219,0,0
8.765096,-14.9414,107.5781,-972.4219,0,0
8.769161,-14.9414,107.5781,-972.4219,0,0
8.773130,-14.9414,107.5781,-972.4219,0,0
8.777096,-14.9414,107.5781,-972.4219,0,0
8.781161,-14.9414,107.5781,-972.4219,0,0
8.785130,-14.9414,107.5781,-972.4219,0,0
8.789096,-14.9414,107.5781,-972.4219,0,0
8.793161,-14.9414,107.5781,-972.4219,0,0
8.797130,-14.9414,107.5781,-972.4219,0,0
8.801096,-14.9414,107.5781,-972.4219,0,0
8.805080,-15.1172,107.5781,-972.4219,0,0
8.809160,-15.1172,107.5781,-972.4219,0,0
8.813126,-15.1172,107.5781,-972.4219,0,0
8.817071,-15.1172,107.5781,-972.4219,0,0
8.821137,-15.1172,107.5781,-972.4219,0,0
8.825107,-15.1172,107.5781,-972.4219,0,0
8.829122,-15.1172,107.5781,-972.4219,0,0
8.833078,-15.1172,107.5781,-972.4219,0,0
8.837090,-15.1172,107.5781,-972.4219,0,0
8.841156,-15.1172,107.5781,-972.4219,0,0
8.845123,-15.1172,107.5781,-972.4219,0,0
8.849090,-15.1172,107.5781,-972.4219,0,0
8.853064,-15.1172,107.5781,-972.4219,0,0
8.857279,-15.1172,107.5781,-972.4219,0,0
8.861244,-15.1172,107.5781,-972.4219,0,0
8.865146,-15.1172,107.5781,-972.4219,0,0
8.869118,-15.1172,107.5781,-972.4219,0,0
8.873090,-15.1172,107.5781,-972.4219,0,0
8.877126,-15.1172,107.5781,-972.4219,0,0
8.881090,-15.1172,107.5781,-972.4219,0,0
8.885129,-15.1172,107.5781,-972.4219,0,0
8.889122,-15.1172,107.5781,-972.4219,0,0
8.893090,-15.1172,107.5781,-972.4219,0,0
8.897152,-15.1172,107.5781,-972.4219,0,0
8.901122,-15.1172,107.5781,-972.4219,0,0
8.905104,-15.1172,107.5781,-972.4219,0,0
8.909079,-15.1172,107.5781,-972.4219,0,0
8.913157,-15.1172,107.5781,-972.4219,0,0
8.917068,-15.1172,107.5781,-972.4219,0,0
8.921448,-15.1172,107.5781,-972.4219,0,0
8.925085,-15.1172,107.5781,-972.4219,0,0
8.929160,-15.1172,107.5781,-972.4219,0,0
8.933130,-15.1172,107.5781,-972.4219,0,0
8.937144,-15.1172,107.5781,-972.4219,0,0
8.941114,-15.1172,107.5781,-972.4219,0,0
8.945082,-15.1172,107.5781,-972.4219,0,0
8.949145,-15.1172,107.5781,-972.4219,0,0
8.953155,-15.1172,107.5781,-972.4219,0,0
8.957123,-15.1172,107.5781,-972.4219,0,0
8.961090,-15.1172,107.5781,-972.4219,0,0
8.965156,-15.1172,107.7539,-972.2461,0,0
8.969067,-15.1172,107.7539,-972.2461,0,0
8.973094,-15.1172,107.7539,-972.2461,0,0
8.977160,-15.1172,107.7539,-972.2461,0,0
8.981130,-15.1172,107.7539,-972.2461,0,0
8.985096,-15.1172,107.7539,-972.2461,0,0
8.989161,-15.1172,107.7539,-972.2461,0,0
8.993130,-15.1172,107.7539,-972.2461,0,0
8.997096,-15.1172,107.7539,-972.2461,0,0
9.001161,-15.1172,107.7539,-972.2461,0,0
9.005074,-15.1172,107.7539,-972.2461,0,0
9.009152,-15.1172,107.7539,-972.2461,0,0
9.013123,-15.1172,107.7539,-972.2461,0,0
9.017090,-15.1172,107.7539,-972.2461,0,0
9.021156,-15.1172,107.7539,-972.2461,0,0
9.025123,-15.1172,107.7539,-972.2461,0,0
9.029090,-14.9414,107.7539,-972.2461,0,0
9.033156,-14.9414,107.7539,-972.2461,0,0
9.037126,-14.9414,107.7539,-972.2461,0,0
9.041080,-14.9414,107.7539,-972.2461,0,0
9.045145,-14.9414,107.7539,-972.2461,0,0
9.049116,-14.9414,107.7539,-972.2461,0,0
9.053098,-14.9414,107.7539,-972.2461,0,0
9.057161,-14.9414,107.7539,-972.2461,0,0
9.061130,-14.9414,107.7539,-972.2461,0,0
9.065114,-14.9414,107.7539,-972.2461,0,0
9.069082,-14.9414,107.7539,-972.2461,0,0
9.073145,-14.9414,107.7539,-972.2461,0,0
9.077116,-14.9414,107.7539,-972.2461,0,0
9.081082,-14.9414,107.7539,-972.2461,0,0
9.085145,-15.1172,107.7539,-972.2461,0,0
9.089116,-15.1172,107.7539,-972.2461,0,0
9.093082,-15.1172,107.7539,-972.2461,0,0
9.097145,-15.1172,107.7539,-972.2461,0,0
9.101116,-15.1172,107.7539,-972.2461,0,0
9.105119,-15.1172,107.7539,-972.2461,0,0
9.109107,-15.1172,107.7539,-972.2461,0,0
9.113078,-15.1172,107.7539,-972.2461,0,0
9.117145,-15.1172,107.7539,-972.2461,0,0
9.121116,-15.1172,107.7539,-972.2461,0,0
9.125082,-15.1172,107.7539,-972.2461,0,0
9.129145,-15.1172,107.7539,-972.2461,0,0
9.133116,-15.1172,107.7539,-972.2461,0,0
9.137082,-15.1172,107.7539,-972.2461,0,0
9.141097,-15.1172,107.7539,-972.2461,0,0
9.145104,-15.1172,107.7539,-972.2461,0,0
9.149074,-15.1172,107.7539,-972.2461,0,0
9.153153,-15.1172,107.7539,-972.2461,0,0
9.157123,-15.1172,107.9297,-972.0703,0,0
9.161090,-15.2930,107.9297,-972.0703,0,0
9.165156,-15.2930,107.9297,-972.0703,0,0
9.169123,-15.2930,107.9297,-972.0703,0,0
9.173099,-15.2930,107.9297,-972.0703,0,0
9.177137,-15.2930,107.9297,-972.0703,0,0
9.181102,-15.2930,107.9297,-972.0703,0,0
9.187512,-15.2930,107.9297,-972.0703,0,0
9.189099,-15.2930,107.9297,-972.0703,0,0
9.193137,-15.2930,107.9297,-972.0703,0,0
9.197096,-15.2930,107.9297,-972.0703,0,0
9.201096,-15.2930,107.9297,-972.0703,0,0
9.205152,-15.2930,107.9297,-972.0703,0,0
9.209137,-15.2930,107.9297,-972.0703,0,0
9.213107,-15.2930,108.1055,-971.8945,0,0
9.217078,-15.2930,108.1055,-971.8945,0,0
9.221145,-15.2930,108.1055,-971.8945,0,0
9.225131,-15.2930,108.1055,-971.8945,0,0
9.229399,-15.2930,108.1055,-971.8945,0,0
9.233131,-15.2930,108.1055,-971.8945,0,0
9.237096,-15.2930,108.1055,-971.8945,0,0
9.241157,-15.2930,108.1055,-971.8945,0,0
9.245099,-15.2930,108.1055,-971.8945,0,0
9.249097,-15.2930,108.1055,-971.8945,0,0
9.253071,-15.2930,108.1055,-971.8945,0,0
9.257074,-15.2930,108.1055,-971.8945,0,0
9.261142,-15.2930,107.9297,-972.0703,0,0
9.265114,-15.2930,107.9297,-972.0703,0,0
9.269082,-15.2930,107.9297,-972.0703,0,0
9.273145,-15.2930,107.9297,-972.0703,0,0
9.277116,-15.2930,107.9297,-972.0703,0,0
9.281082,-15.2930,107.9297,-972.0703,0,0
9.285145,-15.2930,107.9297,-972.0703,0,0
9.289116,-15.2930,107.9297,-972.0703,0,0
9.293082,-15.2930,107.9297,-972.0703,0,0
9.297145,-15.2930,107.9297,-972.0703,0,0
9.301116,-15.2930,107.9297,-972.0703,0,0
9.305117,-15.2930,107.9297,-972.0703,0,0
9.309096,-15.2930,107.9297,-972.0703,0,0
9.313161,-15.2930,107.9297,-972.0703,0,0
9.317130,-15.2930,107.9297,-972.0703,0,0
9.321096,-15.2930,107.9297,-972.0703,0,0
9.325161,-15.2930,107.9297,-972.0703,0,0
9.329130,-15.2930,107.9297,-972.0703,0,0
9.333096,-15.2930,107.9297,-972.0703,0,0
9.337161,-15.2930,107.9297,-972.0703,0,0
9.341130,-15.2930,107.9297,-972.0703,0,0
9.345080,-15.2930,107.9297,-972.0703,0,0
9.349129,-15.2930,107.9297,-972.0703,0,0
9.353104,-15.1172,107.9297,-972.0703,0,0
9.357074,-15.1172,107.9297,-972.0703,0,0
9.361153,-15.1172,107.9297,-972.0703,0,0
9.365074,-15.1172,107.7539,-972.2461,0,0
9.369142,-15.1172,107.7539,-972.2461,0,0
9.373114,-15.1172,107.7539,-972.2461,0,0
9.377082,-15.1172,107.7539,-972.2461,0,0
9.381145,-15.1172,107.7539,-972.2461,0,0
9.385116,-15.1172,107.7539,-972.2461,0,0
9.389082,-15.1172,107.7539,-972.2461,0,0
9.393145,-15.1172,107.7539,-972.2461,0,0
9.397116,-15.1172,107.7539,-972.2461,0,0
9.401082,-15.1172,107.7539,-972.2461,0,0
9.405152,-15.1172,107.7539,-972.2461,0,0
9.409137,-15.1172,107.7539,-972.2461,0,0
9.413107,-15.1172,107.7539,-972.2461,0,0
9.417078,-15.1172,107.7539,-972.2461,0,0
9.421154,-15.1172,107.7539,-972.2461,0,0
9.425123,-15.1172,107.7539,-972.2461,0,0
9.429090,-15.1172,107.7539,-972.2461,0,0
9.433156,-15.1172,107.7539,-972.2461,0,0
9.437123,-15.1172,107.7539,-972.2461,0,0
9.441090,-15.1172,107.7539,-972.2461,0,0
9.445156,-15.1172,107.7539,-972.2461,0,0
9.449070,-15.1172,107.7539,-972.2461,0,0
9.453082,-15.1172,107.7539,-972.2461,0,0
9.457145,-15.1172,107.7539,-972.2461,0,0
9.461116,-15.1172,107.7539,-972.2461,0,0
9.465082,-15.1172,107.7539,-972.2461,0,0
9.469145,-15.1172,107.7539,-972.2461,0,0
9.473116,-15.1172,107.7539,-972.2461,0,0
9.477082,-15.1172,107.7539,-972.2461,0,0
9.481160,-15.1172,107.7539,-972.2461,0,0
9.485077,-15.1172,107.7539,-972.2461,0,0
9.489161,-15.1172,107.7539,-972.2461,0,0
9.493124,-15.1172,107.7539,-972.2461,0,0
9.498253,-15.1172,107.7539,-972.2461,0,0
9.501130,-15.1172,107.7539,-972.2461,0,0
9.505090,-15.1172,107.7539,-972.2461,0,0
9.509064,-15.1172,107.7539,-972.2461,0,0
9.513130,-15.1172,107.7539,-972.2461,0,0
9.517173,-15.1172,107.7539,-972.2461,0,0
9.521144,-15.1172,107.7539,-972.2461,0,0
9.525090,-15.1172,107.7539,-972.2461,0,0
9.529129,-15.1172,107.7539,-972.2461,0,0
9.533125,-15.1172,107.7539,-972.2461,0,0
9.537096,-15.1172,107.7539,-972.2461,0,0
9.541161,-15.1172,107.7539,-972.2461,0,0
9.545130,-15.1172,107.7539,-972.2461,0,0
9.549106,-15.1172,107.7539,-972.2461,0,0
9.553133,-15.1172,107.7539,-972.2461,0,0
9.557104,-15.1172,107.7539,-972.2461,0,0
9.561074,-15.1172,107.7539,-972.2461,0,0
9.565142,-15.1172,107.7539,-972.2461,0,0
9.569114,-15.1172,107.7539,-972.2461,0,0
9.573082,-15.1172,107.7539,-972.2461,0,0
9.577145,-15.1172,107.7539,-972.2461,0,0
9.581116,-15.1172,107.7539,-972.2461,0,0
9.585082,-15.1172,107.7539,-972.2461,0,0
9.589145,-15.1172,107.7539,-972.2461,0,0
9.593116,-15.1172,107.7539,-972.2461,0,0
9.597082,-15.1172,107.7539,-972.2461,0,0
9.601145,-15.1172,107.7539,-972.2461,0,0
9.605152,-15.1172,107.7539,-972.2461,0,0
9.609137,-15.1172,107.7539,-972.2461,0,0
9.613107,-15.1172,107.7539,-972.2461,0,0
9.617078,-15.1172,107.7539,-972.2461,0,0
9.621145,-15.1172,107.7539,-972.2461,0,0
9.625116,-15.1172,107.7539,-972.2461,0,0
9.629082,-15.1172,107.7539,-972.2461,0,0
9.633145,-15.1172,107.7539,-972.2461,0,0
9.637116,-15.1172,107.7539,-972.2461,0,0
9.641082,-15.1172,107.7539,-972.2461,0,0
9.645145,-15.1172,107.7539,-972.2461,0,0
9.649116,-15.1172,107.7539,-972.2461,0,0
9.653142,-15.1172,107.7539,-972.2461,0,0
9.657140,-15.1172,107.7539,-972.2461,0,0
9.661108,-15.1172,107.7539,-972.2461,0,0
9.665080,-15.1172,107.7539,-972.2461,0,0
9.669145,-15.1172,107.7539,-972.2461,0,0
9.673116,-15.1172,107.7539,-972.2461,0,0
9.677082,-15.1172,107.7539,-972.2461,0,0
9.681145,-15.1172,107.7539,-972.2461,0,0
9.685116,-15.1172,107.7539,-972.2461,0,0
9.689082,-15.1172,107.7539,-972.2461,0,0
9.693145,-15.1172,107.7539,-972.2461,0,0
9.697116,-15.1172,107.7539,-972.2461,0,0
9.701082,-15.1172,107.7539,-972.2461,0,0
9.705152,-15.1172,107.7539,-972.2461,0,0
9.709137,-15.1172,107.7539,-972.2461,0,0
9.713107,-15.1172,107.7539,-972.2461,0,0
9.717078,-15.1172,107.9297,-972.0703,0,0
9.721145,-15.1172,107.9297,-972.0703,0,0
9.725116,-15.1172,107.9297,-972.0703,0,0
9.729082,-15.1172,107.9297,-972.0703,0,0
9.733096,-15.1172,107.9297,-972.0703,0,0
9.737161,-15.1172,107.9297,-972.0703,0,0
9.741130,-15.1172,107.9297,-972.0703,0,0
9.745096,-15.1172,107.9297,-972.0703,0,0
9.749161,-15.1172,107.9297,-972.0703,0,0
9.753165,-15.1172,107.9297,-972.0703,0,0
9.757102,-15.1172,107.9297,-972.0703,0,0
9.761107,-15.1172,108.1055,-971.8945,0,0
9.765078,-15.1172,108.1055,-971.8945,0,0
9.769145,-15.1172,108.1055,-971.8945,0,0
9.773136,-15.1172,108.1055,-971.8945,0,0
9.777090,-15.1172,108.1055,-971.8945,0,0
9.781118,-15.1172,108.1055,-971.8945,0,0
9.785090,-15.1172,108.2812,-971.7188,0,0
9.789156,-15.1172,108.2812,-971.7188,0,0
9.793123,-15.1172,108.2812,-971.7188,0,0
9.799001,-15.1172,108.2812,-971.7188,0,0
9.801139,-15.1172,108.2812,-971.7188,0,0
9.805082,-15.1172,108.2812,-971.7188,0,0
9.809132,-15.1172,108.2812,-971.7188,0,0
9.813159,-15.1172,108.2812,-971.7188,0,0
9.817097,-15.1172,108.2812,-971.7188,0,0
9.821148,-15.1172,108.4570,-971.5430,0,0
9.825087,-15.1172,108.4570,-971.5430,0,0
9.829121,-15.1172,108.4570,-971.5430,0,0
9.833151,-15.1172,108.4570,-971.5430,0,0
9.837087,-15.1172,108.4570,-971.5430,0,0
9.841121,-15.1172,108.4570,-971.5430,0,0
9.845158,-15.1172,108.4570,-971.5430,0,0
9.849097,-15.1172,108.4570,-971.5430,0,0
9.853143,-15.1172,108.4570,-971.5430,0,0
9.857072,-15.1172,108.4570,-971.5430,0,0
9.861161,-15.1172,108.4570,-971.5430,0,0
9.865094,-15.1172,108.4570,-971.5430,0,0
9.869090,-15.1172,108.4570,-971.5430,0,0
9.873156,-15.1172,108.6328,-971.3672,0,0
9.877114,-15.1172,108.6328,-971.3672,0,0
9.881082,-15.1172,108.6328,-971.3672,0,0
9.885145,-15.1172,108.6328,-971.3672,0,0
9.889116,-15.1172,108.6328,-971.3672,0,0
9.893082,-15.1172,108.6328,-971.3672,0,0
9.897145,-15.1172,108.6328,-971.3672,0,0
9.901116,-15.1172,108.6328,-971.3672,0,0
9.905117,-15.1172,108.6328,-971.3672,0,0
9.909104,-15.2930,108.6328,-971.3672,0,0
9.913074,-15.2930,108.6328,-971.3672,0,0
9.917142,-15.2930,108.6328,-971.3672,0,0
9.921114,-15.2930,108.6328,-971.3672,0,0
9.925082,-15.2930,108.6328,-971.3672,0,0
9.929145,-15.2930,108.6328,-971.3672,0,0
9.933116,-15.2930,108.6328,-971.3672,0,0
9.937082,-15.2930,108.6328,-971.3672,0,0
9.941145,-15.2930,108.6328,-971.3672,0,0
9.945116,-15.2930,108.6328,-971.3672,0,0
9.949082,-15.2930,108.6328,-971.3672,0,0
9.953167,-15.2930,108.6328,-971.3672,0,0
9.957137,-15.2930,108.8086,-971.1914,0,0
9.961105,-15.2930,108.8086,-971.1914,0,0
9.965111,-15.2930,108.8086,-971.1914,0,0
9.969082,-15.2930,108.8086,-971.1914,0,0
9.973145,-15.2930,108.8086,-971.1914,0,0
9.977116,-15.2930,108.8086,-971.1914,0,0
9.981082,-15.2930,108.8086,-971.1914,0,0
9.985145,-15.2930,108.8086,-971.1914,0,0
9.989116,-15.2930,108.8086,-971.1914,0,0
9.993082,-15.2930,108.8086,-971.1914,0,0
9.997145,-15.2930,108.8086,-971.1914,0,0
10.001116,-15.2930,108.8086,-971.1914,0,0
10.005096,-15.2930,108.8086,-971.1914,0,0
10.009082,-15.2930,108.8086,-971.1914,0,0
10.013145,-15.2930,108.8086,-971.1914,0,0
10.017116,-15.2930,108.8086,-971.1914,0,0
10.021102,-15.2930,108.8086,-971.1914,0,0
10.025074,-15.2930,108.8086,-971.1914,0,0
10.029142,-15.2930,108.8086,-971.1914,0,0
10.033114,-15.2930,108.8086,-971.1914,0,0
10.037082,-15.2930,108.8086,-971.1914,0,0
10.041145,-15.2930,108.8086,-971.1914,0,0
10.045116,-15.2930,108.8086,-971.1914,0,0
10.049082,-15.2930,108.8086,-971.1914,0,0
10.053156,-15.2930,108.8086,-971.1914,0,0
10.057123,-15.2930,108.8086,-971.1914,0,0
10.061137,-15.2930,108.8086,-971.1914,0,0
10.065112,-15.2930,108.8086,-971.1914,0,0
10.069123,-15.2930,108.8086,-971.1914,0,0
10.073090,-15.2930,108.8086,-971.1914,0,0
10.077156,-15.2930,108.9844,-971.0156,0,0
10.081123,-15.2930,108.9844,-971.0156,0,0
10.085090,-15.2930,108.9844,-971.0156,0,0
10.089156,-15.4688,108.9844,-971.0156,0,0
10.093123,-15.4688,108.9844,-971.0156,0,0
10.097090,-15.4688,108.9844,-971.0156,0,0
10.101156,-15.4688,108.9844,-971.0156,0,0
10.105152,-15.4688,108.9844,-971.0156,0,0
10.109145,-15.4688,108.9844,-971.0156,0,0
10.113116,-15.4688,109.1602,-970.8398,0,0
10.117126,-15.6445,109.1602,-970.8398,0,0
10.121141,-15.6445,109.1602,-970.8398,0,0
10.125157,-15.6445,109.1602,-970.8398,0,0
10.129145,-15.6445,109.1602,-970.8398,0,0
10.133072,-15.6445,109.1602,-970.8398,0,0
10.137890,-15.6445,109.1602,-970.8398,0,0
10.141155,-15.6445,109.1602,-970.8398,0,0
10.145136,-15.6445,109.3359,-970.6641,0,0
10.149096,-15.6445,109.3359,-970.6641,0,0
10.153070,-15.6445,109.3359,-970.6641,0,0
10.157140,-15.6445,109.3359,-970.6641,0,0
10.161080,-15.6445,109.3359,-970.6641,0,0
10.165087,-15.6445,109.3359,-970.6641,0,0
10.169122,-15.6445,109.3359,-970.6641,0,0
10.173101,-15.6445,109.3359,-970.6641,0,0
10.177135,-15.6445,109.3359,-970.6641,0,0
10.181072,-15.6445,109.3359,-970.6641,0,0
10.185104,-15.6445,109.3359,-970.6641,0,0
10.189136,-15.6445,109.3359,-970.6641,0,0
10.193104,-15.6445,109.3359,-970.6641,0,0
10.197135,-15.8203,109.3359,-970.6641,0,0
10.201079,-15.8203,109.3359,-970.6641,0,0
10.205160,-15.8203,109.3359,-970.6641,0,0
10.209071,-15.8203,109.3359,-970.6641,0,0
10.213136,-15.8203,109.3359,-970.6641,0,0
10.217102,-15.8203,109.3359,-970.6641,0,0
10.221160,-15.8203,109.3359,-970.6641,0,0
10.225068,-15.8203,109.3359,-970.6641,0,0
10.229152,-15.8203,109.3359,-970.6641,0,0
10.233152,-15.8203,109.3359,-970.6641,0,0
10.237072,-15.8203,109.5117,-970.4883,0,0
10.241071,-15.8203,109.5117,-970.4883,0,0
10.245137,-15.8203,109.5117,-970.4883,0,0
10.249107,-15.8203,109.5117,-970.4883,0,0
10.253085,-15.8203,109.5117,-970.4883,0,0
10.257082,-15.8203,109.5117,-970.4883,0,0
10.261145,-15.8203,109.6875,-970.3125,0,0
10.265103,-15.8203,109.6875,-970.3125,0,0
10.269130,-15.8203,109.6875,-970.3125,0,0
10.273142,-15.8203,109.6875,-970.3125,0,0
10.277114,-15.8203,109.6875,-970.3125,0,0
10.281082,-15.8203,109.6875,-970.3125,0,0
10.285145,-15.8203,109.6875,-970.3125,0,0
10.289116,-15.8203,109.6875,-970.3125,0,0
10.293082,-15.8203,109.6875,-970.3125,0,0
10.297145,-15.8203,109.6875,-970.3125,0,0
10.301116,-15.8203,109.6875,-970.3125,0,0
10.305117,-15.8203,109.6875,-970.3125,0,0
10.309096,-15.8203,109.6875,-970.3125,0,0
10.313161,-15.8203,109.6875,-970.3125,0,0
10.317130,-15.8203,109.6875,-970.3125,0,0
10.321096,-15.8203,109.6875,-970.3125,0,0
10.325161,-15.8203,109.6875,-970.3125,0,0
10.329130,-15.8203,109.6875,-970.3125,0,0
10.333096,-15.8203,109.6875,-970.3125,0,0
10.337161,-15.8203,109.6875,-970.3125,0,0
10.341130,-15.8203,109.6875,-970.3125,0,0
10.345096,-15.8203,109.6875,-970.3125,0,0
10.349161,-15.8203,109.6875,-970.3125,0,0
10.353144,-15.8203,109.6875,-970.3125,0,0
10.357114,-15.8203,109.6875,-970.3125,0,0
10.361086,-15.8203,109.6875,-970.3125,0,0
10.365094,-15.8203,109.6875,-970.3125,0,0
10.369131,-15.8203,109.6875,-970.3125,0,0
10.373128,-15.8203,109.6875,-970.3125,0,0
10.377096,-15.8203,109.6875,-970.3125,0,0
10.381161,-15.8203,109.6875,-970.3125,0,0
10.385130,-15.8203,109.6875,-970.3125,0,0
10.389096,-15.8203,109.6875,-970.3125,0,0
10.393161,-15.8203,109.6875,-970.3125,0,0
10.397130,-15.8203,109.6875,-970.3125,0,0
10.401096,-15.8203,109.6875,-970.3125,0,0
10.405080,-15.8203,109.6875,-970.3125,0,0
10.409160,-15.8203,109.6875,-970.3125,0,0
10.413130,-15.8203,109.6875,-970.3125,0,0
10.417096,-15.8203,109.6875,-970.3125,0,0
10.421161,-15.8203,109.6875,-970.3125,0,0
10.425130,-15.8203,109.6875,-970.3125,0,0
10.429096,-15.8203,109.6875,-970.3125,0,0
10.433161,-15.8203,109.6875,-970.3125,0,0
10.437130,-15.6445,109.6875,-970.3125,0,0
10.441096,-15.6445,109.6875,-970.3125,0,0
10.445161,-15.6445,109.6875,-970.3125,0,0
10.449130,-15.6445,109.6875,-970.3125,0,0
10.453104,-15.6445,109.6875,-970.3125,0,0
10.457074,-15.6445,109.6875,-970.3125,0,0
10.461142,-15.6445,109.6875,-970.3125,0,0
10.465114,-15.6445,109.6875,-970.3125,0,0
10.469082,-15.6445,109.6875,-970.3125,0,0
10.473129,-15.6445,109.6875,-970.3125,0,0
10.477104,-15.6445,109.6875,-970.3125,0,0
10.481122,-15.6445,109.6875,-970.3125,0,0
10.485137,-15.6445,109.6875,-970.3125,0,0
10.489124,-15.6445,109.6875,-970.3125,0,0
10.493098,-15.6445,109.6875,-970.3125,0,0
10.497166,-15.6445,109.6875,-970.3125,0,0
10.501111,-15.6445,109.6875,-970.3125,0,0
10.505070,-15.6445,109.6875,-970.3125,0,0
10.509144,-15.6445,109.6875,-970.3125,0,0
10.513152,-15.6445,109.6875,-970.3125,0,0
10.517121,-15.6445,109.6875,-970.3125,0,0
10.521102,-15.6445,109.6875,-970.3125,0,0
10.525080,-15.6445,109.6875,-970.3125,0,0
10.529152,-15.6445,109.6875,-970.3125,0,0
10.533152,-15.6445,109.5117,-970.4883,0,0
10.537130,-15.6445,109.5117,-970.4883,0,0
10.541115,-15.6445,109.5117,-970.4883,0,0
10.545135,-15.6445,109.5117,-970.4883,0,0
10.549154,-15.6445,109.5117,-970.4883,0,0
10.553085,-15.6445,109.5117,-970.4883,0,0
10.557127,-15.6445,109.5117,-970.4883,0,0
10.561128,-15.6445,109.5117,-970.4883,0,0
10.565096,-15.6445,109.5117,-970.4883,0,0
10.569161,-15.6445,109.5117,-970.4883,0,0
10.573141,-15.6445,109.5117,-970.4883,0,0
10.577082,-15.6445,109.6875,-970.3125,0,0
10.581145,-15.6445,109.6875,-970.3125,0,0
10.585116,-15.6445,109.6875,-970.3125,0,0
10.589082,-15.6445,109.6875,-970.3125,0,0
10.593145,-15.6445,109.6875,-970.3125,0,0
10.597116,-15.6445,109.6875,-970.3125,0,0
10.601082,-15.6445,109.6875,-970.3125,0,0
10.605104,-15.6445,109.6875,-970.3125,0,0
10.609090,-15.6445,109.6875,-970.3125,0,0
10.613156,-15.6445,109.6875,-970.3125,0,0
10.617123,-15.6445,109.6875,-970.3125,0,0
10.621090,-15.6445,109.6875,-970.3125,0,0
10.625156,-15.6445,109.6875,-970.3125,0,0
10.629123,-15.6445,109.5117,-970.4883,0,0
10.633090,-15.6445,109.5117,-970.4883,0,0
10.637156,-15.6445,109.5117,-970.4883,0,0
10.641123,-15.6445,109.5117,-970.4883,0,0
10.645090,-15.6445,109.5117,-970.4883,0,0
10.649156,-15.6445,109.5117,-970.4883,0,0
10.653133,-15.6445,109.5117,-970.4883,0,0
10.657104,-15.6445,109.5117,-970.4883,0,0
10.661074,-15.6445,109.5117,-970.4883,0,0
10.665142,-15.6445,109.5117,-970.4883,0,0
10.669114,-15.6445,109.5117,-970.4883,0,0
10.673082,-15.6445,109.5117,-970.4883,0,0
10.677115,-15.6445,109.5117,-970.4883,0,0
10.681082,-15.6445,109.5117,-970.4883,0,0
10.685145,-15.6445,109.5117,-970.4883,0,0
10.689116,-15.6445,109.5117,-970.4883,0,0
10.693082,-15.6445,109.5117,-970.4883,0,0
10.697145,-15.6445,109.5117,-970.4883,0,0
10.701116,-15.6445,109.5117,-970.4883,0,0
10.705096,-15.6445,109.5117,-970.4883,0,0
10.709082,-15.6445,109.5117,-970.4883,0,0
10.713145,-15.6445,109.5117,-970.4883,0,0
10.717116,-15.6445,109.5117,-970.4883,0,0
10.721082,-15.6445,109.5117,-970.4883,0,0
10.725155,-15.6445,109.5117,-970.4883,0,0
10.729123,-15.6445,109.5117,-970.4883,0,0
10.733090,-15.6445,109.5117,-970.4883,0,0
10.737156,-15.6445,109.5117,-970.4883,0,0
10.741123,-15.6445,109.5117,-970.4883,0,0
10.745090,-15.6445,109.5117,-970.4883,0,0
10.749156,-15.6445,109.5117,-970.4883,0,0
10.753134,-15.6445,109.5117,-970.4883,0,0
10.757104,-15.6445,109.5117,-970.4883,0,0
10.761074,-15.6445,109.5117,-970.4883,0,0
10.765142,-15.6445,109.5117,-970.4883,0,0
10.769114,-15.6445,109.5117,-970.4883,0,0
10.773082,-15.6445,109.5117,-970.4883,0,0
10.777098,-15.6445,109.5117,-970.4883,0,0
10.781131,-15.6445,109.5117,-970.4883,0,0
10.785098,-15.6445,109.5117,-970.4883,0,0
10.789161,-15.6445,109.6875,-970.3125,0,0
10.793130,-15.6445,109.6875,-970.3125,0,0
10.797096,-15.6445,109.6875,-970.3125,0,0
10.801080,-15.6445,109.6875,-970.3125,0,0
10.805094,-15.6445,109.6875,-970.3125,0,0
10.809145,-15.6445,109.6875,-970.3125,0,0
10.813130,-15.6445,109.8633,-970.1367,0,0
10.817106,-15.6445,109.8633,-970.1367,0,0
10.821087,-15.6445,109.8633,-970.1367,0,0
10.825152,-15.6445,109.8633,-970.1367,0,0
10.829123,-15.6445,109.8633,-970.1367,0,0
10.833090,-15.6445,109.8633,-970.1367,0,0
10.837096,-15.4688,109.8633,-970.1367,0,0
10.841161,-15.4688,110.0391,-969.9609,0,0
10.845071,-15.4688,110.0391,-969.9609,0,0
10.849137,-15.4688,110.0391,-969.9609,0,0
10.853090,-15.4688,110.2148,-969.7852,0,0
10.857074,-15.4688,110.3906,-969.6094,0,0
10.861150,-15.4688,110.3906,-969.6094,0,0
10.865161,-15.4688,110.5664,-969.4336,0,0
10.869130,-15.4688,110.5664,-969.4336,0,0
10.873096,-15.4688,110.7422,-969.2578,0,0
10.877161,-15.4688,110.7422,-969.2578,0,0
10.881090,-15.4688,110.7422,-969.2578,0,0
10.885098,-15.4688,110.9180,-969.0820,0,0
10.889161,-15.4688,111.0938,-968.9062,0,0
10.895366,-15.4688,111.0938,-968.9062,0,0
10.897071,-15.2930,111.0938,-968.9062,0,0
10.901109,-15.2930,111.2695,-968.7305,0,0
10.905083,-15.2930,111.2695,-968.7305,0,0
10.909090,-15.2930,111.4453,-968.5547,0,0
10.913137,-15.2930,111.4453,-968.5547,0,0
10.917109,-15.2930,111.6211,-968.3789,0,0
10.921097,-15.4688,111.7969,-968.2031,0,0
10.925152,-15.4688,111.9727,-968.0273,0,0
10.929123,-15.4688,111.9727,-968.0273,0,0
10.933161,-15.4688,112.1484,-967.8516,0,0
10.937077,-15.6445,112.1484,-967.8516,0,0
10.941145,-15.6445,112.3242,-967.6758,0,0
10.945068,-15.6445,112.5000,-967.5000,0,0
10.949103,-15.6445,112.5000,-967.5000,0,0
10.953099,-15.6445,112.6758,-967.3242,0,0
10.957090,-15.6445,112.6758,-967.3242,0,0
10.961074,-15.6445,112.6758,-967.3242,0,0
10.965121,-15.6445,112.6758,-967.3242,0,0
10.969090,-15.6445,112.8516,-967.1484,0,0
10.973075,-15.6445,112.8516,-967.1484,0,0
10.977141,-15.4688,112.8516,-967.1484,0,0
10.981128,-15.4688,112.8516,-967.1484,0,0
10.985104,-15.4688,113.0273,-966.9727,0,0
10.989074,-15.4688,113.0273,-966.9727,0,0
10.993078,-15.4688,113.2031,-966.7969,0,0
10.997090,-15.4688,113.2031,-966.7969,0,0
11.001156,-15.4688,113.3789,-966.6211,0,0
11.005071,-15.4688,113.3789,-966.6211,0,0
11.009145,-15.4688,113.5547,-966.4453,0,0
11.013116,-15.4688,113.5547,-966.4453,0,0
11.017082,-15.4688,113.7305,-966.2695,0,0
11.021145,-15.4688,113.9062,-966.0938,0,0
11.025116,-15.4688,113.9062,-966.0938,0,0
11.029090,-15.4688,114.0820,-965.9180,0,0
11.033156,-15.4688,114.0820,-965.9180,0,0
11.037123,-15.4688,114.0820,-965.9180,0,0
11.041090,-15.4688,114.0820,-965.9180,0,0
11.045156,-15.4688,114.0820,-965.9180,0,0
11.049130,-15.4688,114.0820,-965.9180,0,0
11.053104,-15.4688,114.0820,-965.9180,0,0
11.057074,-15.4688,114.0820,-965.9180,0,0
11.061142,-15.4688,113.9062,-966.0938,0,0
11.065114,-15.4688,113.9062,-966.0938,0,0
11.069082,-15.4688,113.7305,-966.2695,0,0
11.073145,-15.4688,113.7305,-966.2695,0,0
11.077116,-15.4688,113.5547,-966.4453,0,0
11.081082,-15.4688,113.3789,-966.6211,0,0
11.085135,-15.4688,113.3789,-966.6211,0,0
11.089128,-15.4688,113.2031,-966.7969,0,0
11.093152,-15.4688,112.8516,-967.1484,0,0
11.097123,-15.4688,112.6758,-967.3242,0,0
11.101090,-15.4688,112.3242,-967.6758,0,0
11.105104,-15.4688,111.9727,-968.0273,0,0
11.109096,-15.4688,111.6211,-968.3789,0,0
11.113161,-15.4688,111.0938,-968.9062,0,0
11.117130,-15.4688,110.7422,-969.2578,0,0
11.121096,-15.4688,110.2148,-969.7852,0,0
11.125161,-15.4688,109.6875,-970.3125,0,0
11.129130,-15.4688,108.9844,-971.0156,0,0
11.133096,-15.4688,108.4570,-971.5430,0,0
11.137161,-15.4688,107.7539,-972.2461,0,0
11.141130,-15.4688,107.0508,-972.9492,0,0
11.145096,-15.4688,106.3477,-973.6523,0,0
11.149161,-15.4688,105.6445,-974.3555,0,0
11.153143,-15.4688,104.9414,-975.0586,0,0
11.157114,-15.4688,104.0625,-975.9375,0,0
11.161082,-15.4688,103.3594,-976.6406,0,0
11.165145,-15.4688,102.4805,-977.5195,0,0
11.169116,-15.4688,101.6016,-978.3984,0,0
11.173082,-15.4688,100.7227,-979.2773,0,0
11.177145,-15.4688,99.8438,-980.1562,0,0
11.181116,-15.4688,98.7891,-981.2109,0,0
11.185082,-15.4688,97.9102,-982.0898,0,0
11.189117,-15.4688,97.0312,-982.9688,0,0
11.193082,-15.4688,95.9766,-984.0234,0,0
11.197087,-15.4688,95.0977,-984.9023,0,0
11.201152,-15.6445,94.2188,-985.7812,0,0
11.205078,-15.6445,93.1641,-986.8359,0,0
11.209728,-15.6445,92.1094,-987.8906,0,0
11.213094,-15.6445,91.2305,-988.7695,0,0
11.217070,-15.6445,90.3516,-989.6484,0,0
11.221090,-15.6445,89.2969,-990.7031,0,0
11.225156,-15.8203,88.2422,-991.7578,0,0
11.229145,-15.8203,87.3633,-992.6367,0,0
11.233116,-15.8203,86.4844,-993.5156,0,0
11.237083,-15.8203,85.4297,-994.5703,0,0
11.241227,-15.8203,84.5508,-995.4492,0,0
11.245152,-15.8203,83.4961,-996.5039,0,0
11.249104,-15.8203,82.6172,-997.3828,0,0
11.253085,-15.8203,81.7383,-998.2617,0,0
11.257101,-15.8203,80.8594,-999.1406,0,0
11.261104,-15.9961,79.9805,-1000.0195,0,0
11.265102,-15.9961,79.1016,-1000.8984,0,0
11.269082,-15.9961,78.2227,-1001.7773,0,0
11.273145,-15.9961,77.5195,-1002.4805,0,0
11.277116,-15.9961,76.6406,-1003.3594,0,0
11.281082,-15.9961,75.9375,-1004.0625,0,0
11.285145,-15.9961,75.2344,-1004.7656,0,0
11.289155,-15.9961,74.5312,-1005.4688,0,0
11.293070,-15.9961,73.8281,-1006.1719,0,0
11.297096,-15.9961,73.3008,-1006.6992,0,0
11.301161,-15.9961,72.5977,-1007.4023,0,0
11.305118,-15.9961,72.0703,-1007.9297,0,0
11.309096,-15.9961,71.5430,-1008.4570,0,0
11.313161,-15.9961,71.0156,-1008.9844,0,0
11.317130,-15.9961,70.6641,-1009.3359,0,0
11.321096,-15.9961,70.1367,-1009.8633,0,0
11.325161,-15.9961,69.7852,-1010.2148,0,0
11.329130,-15.9961,69.4336,-1010.5664,0,0
11.333096,-15.9961,69.0820,-1010.9180,0,0
11.337161,-15.9961,68.9062,-1011.0938,0,0
11.341130,-15.9961,68.5547,-1011.4453,0,0
11.345096,-15.9961,68.3789,-1011.6211,0,0
11.349161,-15.9961,68.3789,-1011.6211,0,0
11.353137,-15.9961,68.2031,-1011.7969,0,0
11.357107,-15.9961,68.2031,-1011.7969,0,0
11.361080,-15.9961,68.2031,-1011.7969,0,0
11.365121,-15.9961,68.2031,-1011.7969,0,0
11.369090,-15.9961,68.2031,-1011.7969,0,0
11.373156,-15.9961,68.3789,-1011.6211,0,0
11.377123,-15.9961,68.5547,-1011.4453,0,0
11.381090,-15.9961,68.7305,-1011.2695,0,0
11.385156,-15.9961,69.0820,-1010.9180,0,0
11.389123,-15.9961,69.2578,-1010.7422,0,0
11.393146,-15.9961,69.6094,-1010.3906,0,0
11.397141,-15.9961,69.9609,-1010.0391,0,0
11.401112,-16.1719,70.3125,-1009.6875,0,0
11.405096,-16.1719,70.8398,-1009.1602,0,0
11.409082,-16.1719,71.3672,-1008.6328,0,0
11.413145,-16.1719,71.8945,-1008.1055,0,0
11.417116,-16.1719,72.4219,-1007.5781,0,0
11.421082,-16.1719,72.9492,-1007.0508,0,0
11.425145,-16.1719,73.4766,-1006.5234,0,0
11.429116,-16.1719,74.1797,-1005.8203,0,0
11.433082,-16.1719,74.8828,-1005.1172,0,0
11.437145,-16.1719,75.5859,-1004.4141,0,0
11.441124,-16.1719,76.2891,-1003.7109,0,0
11.445096,-16.1719,77.1680,-1002.8320,0,0
11.449161,-16.1719,77.8711,-1002.1289,0,0
11.453144,-16.1719,78.7500,-1001.2500,0,0
11.457114,-16.1719,79.6289,-1000.3711,0,0
11.461082,-16.1719,80.3320,-999.6680,0,0
11.465145,-16.1719,81.2109,-998.7891,0,0
11.469116,-16.1719,82.2656,-997.7344,0,0
11.473082,-16.1719,83.1445,-996.8555,0,0
11.477145,-16.1719,84.0234,-995.9766,0,0
11.481116,-15.9961,84.9023,-995.0977,0,0
11.485082,-15.9961,85.7812,-994.2188,0,0
11.489145,-15.9961,86.8359,-993.1641,0,0
11.493117,-15.9961,87.7148,-992.2852,0,0
11.497125,-15.9961,88.7695,-991.2305,0,0
11.501067,-15.9961,89.6484,-990.3516,0,0
11.505156,-15.9961,90.7031,-989.2969,0,0
11.509145,-15.9961,91.5820,-988.4180,0,0
11.513116,-15.9961,92.4609,-987.5391,0,0
11.517082,-15.9961,93.5156,-986.4844,0,0
11.522518,-15.9961,94.9219,-985.0781,0,0
11.525104,-15.9961,95.4492,-984.5508,0,0
11.529144,-15.9961,96.5039,-983.4961,0,0
11.533122,-15.9961,97.3828,-982.6172,0,0
11.537077,-15.9961,98.2617,-981.7383,0,0
11.541132,-15.9961,99.3164,-980.6836,0,0
11.545070,-15.9961,100.0195,-979.9805,0,0
11.549104,-15.8203,100.8984,-979.1016,0,0
11.553162,-15.8203,101.9531,-978.0469,0,0
11.557068,-15.8203,102.6562,-977.3438,0,0
11.561069,-15.8203,103.5352,-976.4648,0,0
11.565137,-15.8203,104.2383,-975.7617,0,0
11.569107,-15.8203,104.9414,-975.0586,0,0
11.573104,-15.8203,105.6445,-974.3555,0,0
11.577145,-15.8203,106.3477,-973.6523,0,0
11.581116,-15.6445,107.0508,-972.9492,0,0
11.585082,-15.6445,107.7539,-972.2461,0,0
11.589145,-15.6445,108.2812,-971.7188,0,0
11.593116,-15.6445,108.8086,-971.1914,0,0
11.597090,-15.6445,109.3359,-970.6641,0,0
11.601104,-15.6445,109.8633,-970.1367,0,0
11.605070,-15.6445,110.3906,-969.6094,0,0
11.609145,-15.6445,110.7422,-969.2578,0,0
11.613116,-15.6445,111.0938,-968.9062,0,0
11.617082,-15.6445,111.4453,-968.5547,0,0
11.621145,-15.6445,111.7969,-968.2031,0,0
11.625116,-15.6445,112.1484,-967.8516,0,0
11.629082,-15.6445,112.3242,-967.6758,0,0
11.633145,-15.6445,112.5000,-967.5000,0,0
11.637116,-15.6445,112.6758,-967.3242,0,0
11.641082,-15.6445,112.8516,-967.1484,0,0
11.645145,-15.6445,112.8516,-967.1484,0,0
11.649116,-15.6445,112.8516,-967.1484,0,0
11.653090,-15.6445,112.8516,-967.1484,0,0
11.657160,-15.6445,112.8516,-967.1484,0,0
11.661130,-15.6445,112.8516,-967.1484,0,0
11.665096,-15.6445,112.6758,-967.3242,0,0
11.669161,-15.6445,112.5000,-967.5000,0,0
11.673130,-15.6445,112.3242,-967.6758,0,0
11.677096,-15.6445,112.1484,-967.8516,0,0
11.681161,-15.6445,111.7969,-968.2031,0,0
11.685130,-15.6445,111.4453,-968.5547,0,0
11.689096,-15.6445,111.0938,-968.9062,0,0
11.693161,-15.6445,110.7422,-969.2578,0,0
11.697130,-15.6445,110.2148,-969.7852,0,0
11.701146,-15.6445,109.8633,-970.1367,0,0
11.705152,-15.6445,109.3359,-970.6641,0,0
11.709137,-15.6445,108.8086,-971.1914,0,0
11.713107,-15.6445,108.2812,-971.7188,0,0
11.717078,-15.6445,107.5781,-972.4219,0,0
11.721145,-15.6445,106.8750,-973.1250,0,0
11.725116,-15.6445,106.1719,-973.8281,0,0
11.729082,-15.6445,105.4688,-974.5312,0,0
11.733145,-15.8203,104.7656,-975.2344,0,0
11.737116,-15.8203,104.0625,-975.9375,0,0
11.741082,-15.8203,103.3594,-976.6406,0,0
11.745096,-15.8203,102.4805,-977.5195,0,0
11.749161,-15.8203,101.6016,-978.3984,0,0
11.753144,-15.8203,100.8984,-979.1016,0,0
11.757114,-15.8203,100.0195,-979.9805,0,0
11.761082,-15.9961,99.1406,-980.8594,0,0
11.765145,-15.9961,98.2617,-981.7383,0,0
11.769116,-15.9961,97.3828,-982.6172,0,0
11.773082,-15.9961,96.5039,-983.4961,0,0
11.777145,-15.9961,95.4492,-984.5508,0,0
11.781116,-15.9961,94.5703,-985.4297,0,0
11.785082,-16.1719,93.6914,-986.3086,0,0
11.789145,-16.1719,92.6367,-987.3633,0,0
11.793116,-16.1719,91.5820,-988.4180,0,0
11.797082,-16.1719,90.7031,-989.2969,0,0
11.801090,-16.1719,89.6484,-990.3516,0,0
11.805074,-16.1719,88.7695,-991.2305,0,0
11.809156,-16.1719,87.7148,-992.2852,0,0
11.813122,-16.1719,86.8359,-993.1641,0,0
11.817146,-16.1719,85.9570,-994.0430,0,0
11.821125,-16.1719,84.9023,-995.0977,0,0
11.825119,-16.1719,84.0234,-995.9766,0,0
11.830636,-16.1719,82.7930,-997.2070,0,0
11.833156,-16.3477,82.2656,-997.7344,0,0
11.837130,-16.3477,81.3867,-998.6133,0,0
11.841145,-16.3477,80.5078,-999.4922,0,0
11.845116,-16.3477,79.6289,-1000.3711,0,0
11.849130,-16.3477,78.9258,-1001.0742,0,0
11.853282,-16.3477,78.0469,-1001.9531,0,0
11.857123,-16.3477,77.3438,-1002.6562,0,0
11.861138,-16.3477,76.6406,-1003.3594,0,0
11.865104,-16.5234,75.9375,-1004.0625,0,0
11.869074,-16.5234,75.2344,-1004.7656,0,0
11.873142,-16.5234,74.5312,-1005.4688,0,0
11.877114,-16.5234,73.8281,-1006.1719,0,0
11.881121,-16.5234,73.3008,-1006.6992,0,0
11.885090,-16.5234,72.7734,-1007.2266,0,0
11.889156,-16.5234,72.2461,-1007.7539,0,0
11.893123,-16.5234,71.7188,-1008.2812,0,0
11.897090,-16.5234,71.1914,-1008.8086,0,0
11.901078,-16.5234,70.8398,-1009.1602,0,0
11.905070,-16.6992,70.4883,-1009.5117,0,0
11.909104,-16.6992,70.1367,-1009.8633,0,0
11.913074,-16.6992,69.7852,-1010.2148,0,0
11.917142,-16.6992,69.4336,-1010.5664,0,0
11.921114,-16.6992,69.2578,-1010.7422,0,0
11.925123,-16.6992,69.0820,-1010.9180,0,0
11.929094,-16.6992,68.9062,-1011.0938,0,0
11.933160,-16.6992,68.7305,-1011.2695,0,0
11.937130,-16.6992,68.7305,-1011.2695,0,0
11.941096,-16.6992,68.5547,-1011.4453,0,0
11.945161,-16.6992,68.5547,-1011.4453,0,0
11.949130,-16.6992,68.7305,-1011.2695,0,0
11.953107,-16.6992,68.9062,-1011.0938,0,0
11.957078,-16.6992,68.9062,-1011.0938,0,0
11.961145,-16.6992,69.0820,-1010.9180,0,0
11.965116,-16.6992,69.2578,-1010.7422,0,0
11.969082,-16.6992,69.6094,-1010.3906,0,0
11.973145,-16.6992,69.7852,-1010.2148,0,0
11.977116,-16.6992,70.3125,-1009.6875,0,0
11.981082,-16.6992,70.6641,-1009.3359,0,0
11.985145,-16.6992,71.0156,-1008.9844,0,0
11.989116,-16.6992,71.3672,-1008.6328,0,0
11.993082,-16.6992,71.8945,-1008.1055,0,0
11.997145,-16.6992,72.4219,-1007.5781,0,0
12.001116,-16.6992,72.9492,-1007.0508,0,0
12.005104,-16.6992,73.4766,-1006.5234,0,0
12.009078,-16.5234,74.1797,-1005.8203,0,0
12.013145,-16.5234,74.8828,-1005.1172,0,0
12.017115,-16.5234,75.5859,-1004.4141,0,0
12.021082,-16.5234,76.2891,-1003.7109,0,0
12.025145,-16.5234,76.9922,-1003.0078,0,0
12.029116,-16.5234,77.6953,-1002.3047,0,0
12.033082,-16.5234,78.3984,-1001.6016,0,0
12.037145,-16.5234,79.2773,-1000.7227,0,0
12.041116,-16.5234,80.1562,-999.8438,0,0
12.045082,-16.5234,81.0352,-998.9648,0,0
12.049145,-16.5234,81.9141,-998.0859,0,0
12.053128,-16.5234,82.6172,-997.3828,0,0
12.057096,-16.5234,83.6719,-996.3281,0,0
12.061072,-16.3477,84.5508,-995.4492,0,0
12.065137,-16.3477,85.4297,-994.5703,0,0
12.069107,-16.3477,86.4844,-993.5156,0,0
12.073078,-16.3477,87.3633,-992.6367,0,0
12.077145,-16.3477,88.2422,-991.7578,0,0
12.081116,-16.3477,89.2969,-990.7031,0,0
12.085082,-16.3477,90.1758,-989.8242,0,0
12.089145,-16.3477,91.0547,-988.9453,0,0
12.093116,-16.3477,92.1094,-987.8906,0,0
12.097082,-16.3477,92.9883,-987.0117,0,0
12.101095,-16.3477,93.8672,-986.1328,0,0
12.105152,-16.1719,94.9219,-985.0781,0,0
12.109097,-16.1719,95.8008,-984.1992,0,0
12.116281,-16.1719,97.3828,-982.6172,0,0
12.117177,-16.1719,97.7344,-982.2656,0,0
12.121118,-16.1719,98.6133,-981.3867,0,0
12.125152,-16.1719,99.4922,-980.5078,0,0
12.129138,-16.1719,100.1953,-979.8047,0,0
12.133108,-15.9961,101.0742,-978.9258,0,0
12.137085,-15.9961,101.9531,-978.0469,0,0
12.141127,-15.9961,102.6562,-977.3438,0,0
12.145097,-15.9961,103.5352,-976.4648,0,0
12.149082,-15.9961,104.2383,-975.7617,0,0
12.153166,-15.9961,104.9414,-975.0586,0,0
12.157137,-15.9961,105.6445,-974.3555,0,0
12.161107,-15.9961,106.3477,-973.6523,0,0
12.165078,-15.9961,107.0508,-972.9492,0,0
12.169145,-15.9961,107.5781,-972.4219,0,0
12.173116,-15.9961,108.2812,-971.7188,0,0
12.177082,-15.9961,108.8086,-971.1914,0,0
12.181145,-15.9961,109.3359,-970.6641,0,0
12.185116,-15.9961,109.6875,-970.3125,0,0
12.189082,-15.9961,110.2148,-969.7852,0,0
12.193145,-15.9961,110.5664,-969.4336,0,0
12.197116,-15.9961,111.0938,-968.9062,0,0
12.201082,-15.9961,111.4453,-968.5547,0,0
12.205139,-15.9961,111.7969,-968.2031,0,0
12.209123,-15.9961,111.9727,-968.0273,0,0
12.213130,-15.9961,112.1484,-967.8516,0,0
12.217137,-15.9961,112.3242,-967.6758,0,0
12.221107,-15.9961,112.5000,-967.5000,0,0
12.225078,-15.9961,112.6758,-967.3242,0,0
12.229145,-15.9961,112.6758,-967.3242,0,0
12.233116,-15.9961,112.6758,-967.3242,0,0
12.237082,-15.9961,112.6758,-967.3242,0,0
12.241145,-15.9961,112.6758,-967.3242,0,0
12.245116,-15.9961,112.5000,-967.5000,0,0
12.249082,-15.9961,112.5000,-967.5000,0,0
12.253156,-15.9961,112.1484,-967.8516,0,0
12.257123,-15.9961,111.9727,-968.0273,0,0
12.261090,-15.9961,111.7969,-968.2031,0,0
12.265156,-15.9961,111.4453,-968.5547,0,0
12.269123,-15.9961,111.0938,-968.9062,0,0
12.273090,-15.9961,110.7422,-969.2578,0,0
12.277156,-15.9961,110.2148,-969.7852,0,0
12.281123,-15.9961,109.8633,-970.1367,0,0
12.285090,-15.9961,109.3359,-970.6641,0,0
12.289156,-15.9961,108.8086,-971.1914,0,0
12.293123,-15.9961,108.2812,-971.7188,0,0
12.297090,-15.9961,107.5781,-972.4219,0,0
12.301156,-15.9961,106.8750,-973.1250,0,0
12.305141,-15.9961,106.3477,-973.6523,0,0
12.309123,-15.9961,105.6445,-974.3555,0,0
12.313139,-15.9961,104.9414,-975.0586,0,0
12.317124,-15.9961,104.0625,-975.9375,0,0
12.321128,-15.9961,103.3594,-976.6406,0,0
12.325096,-15.9961,102.6562,-977.3438,0,0
12.329161,-15.9961,101.6016,-978.3984,0,0
12.333130,-15.9961,100.8984,-979.1016,0,0
12.337096,-15.9961,100.0195,-979.9805,0,0
12.341161,-15.9961,99.1406,-980.8594,0,0
12.345130,-15.9961,98.2617,-981.7383,0,0
12.349096,-15.9961,97.3828,-982.6172,0,0
12.353090,-15.9961,96.5039,-983.4961,0,0
12.357160,-15.9961,95.6250,-984.3750,0,0
12.361140,-15.9961,94.5703,-985.4297,0,0
12.365123,-15.9961,93.6914,-986.3086,0,0
12.369094,-15.9961,92.8125,-987.1875,0,0
12.373160,-15.9961,91.7578,-988.2422,0,0
12.377130,-15.9961,90.8789,-989.1211,0,0
12.381096,-15.9961,90.0000,-990.0000,0,0
12.385161,-15.9961,88.9453,-991.0547,0,0
12.389070,-16.1719,88.0664,-991.9336,0,0
12.393144,-16.1719,87.1875,-992.8125,0,0
12.397090,-16.1719,86.1328,-993.8672,0,0
12.401156,-16.1719,85.2539,-994.7461,0,0
12.405080,-16.1719,84.3750,-995.6250,0,0
12.409160,-16.1719,83.4961,-996.5039,0,0
12.413096,-16.1719,82.6172,-997.3828,0,0
12.417733,-16.1719,81.5625,-998.4375,0,0
12.421114,-16.1719,80.8594,-999.1406,0,0
12.425137,-16.3477,80.1562,-999.8438,0,0
12.429152,-16.3477,79.2773,-1000.7227,0,0
12.433143,-16.3477,78.3984,-1001.6016,0,0
12.437115,-16.3477,77.6953,-1002.3047,0,0
12.441084,-16.3477,76.9922,-1003.0078,0,0
12.445145,-16.3477,76.2891,-1003.7109,0,0
12.449098,-16.3477,75.5859,-1004.4141,0,0
12.453166,-16.3477,75.0586,-1004.9414,0,0
12.457137,-16.3477,74.3555,-1005.6445,0,0
12.461107,-16.3477,73.8281,-1006.1719,0,0
12.465078,-16.3477,73.3008,-1006.6992,0,0
12.469145,-16.3477,72.7734,-1007.2266,0,0
12.473116,-16.5234,72.2461,-1007.7539,0,0
12.477082,-16.5234,71.7188,-1008.2812,0,0
12.481145,-16.5234,71.3672,-1008.6328,0,0
12.485116,-16.5234,71.0156,-1008.9844,0,0
12.489082,-16.5234,70.6641,-1009.3359,0,0
12.493145,-16.5234,70.3125,-1009.6875,0,0
12.497116,-16.5234,69.9609,-1010.0391,0,0
12.501082,-16.5234,69.7852,-1010.2148,0,0
12.505125,-16.5234,69.6094,-1010.3906,0,0
12.509107,-16.5234,69.4336,-1010.5664,0,0
12.513078,-16.5234,69.2578,-1010.7422,0,0
12.517145,-16.5234,69.2578,-1010.7422,0,0
12.521071,-16.5234,69.2578,-1010.7422,0,0
12.525137,-16.5234,69.2578,-1010.7422,0,0
12.529107,-16.5234,69.2578,-1010.7422,0,0
12.533078,-16.5234,69.4336,-1010.5664,0,0
12.537145,-16.5234,69.6094,-1010.3906,0,0
12.541116,-16.5234,69.7852,-1010.2148,0,0
12.545082,-16.5234,69.9609,-1010.0391,0,0
12.549145,-16.6992,70.1367,-1009.8633,0,0
12.553128,-16.6992,70.4883,-1009.5117,0,0
12.557096,-16.6992,70.8398,-1009.1602,0,0
12.561161,-16.6992,71.1914,-1008.8086,0,0
12.565130,-16.6992,71.5430,-1008.4570,0,0
12.569096,-16.6992,71.8945,-1008.1055,0,0
12.573161,-16.6992,72.4219,-1007.5781,0,0
12.577130,-16.6992,72.9492,-1007.0508,0,0
12.581096,-16.6992,73.4766,-1006.5234,0,0
12.585161,-16.6992,74.0039,-1005.9961,0,0
12.589130,-16.6992,74.7070,-1005.2930,0,0
12.593096,-16.6992,75.2344,-1004.7656,0,0
12.597161,-16.6992,75.9375,-1004.0625,0,0
12.601130,-16.6992,76.6406,-1003.3594,0,0
12.605109,-16.6992,77.3438,-1002.6562,0,0
12.609090,-16.6992,78.0469,-1001.9531,0,0
12.613156,-16.6992,78.9258,-1001.0742,0,0
12.617123,-16.6992,79.6289,-1000.3711,0,0
12.621143,-16.6992,80.5078,-999.4922,0,0
12.625137,-16.6992,81.2109,-998.7891,0,0
12.629107,-16.6992,82.0898,-997.9102,0,0
12.633078,-16.6992,82.9688,-997.0312,0,0
12.637145,-16.6992,83.8477,-996.1523,0,0
12.641137,-16.6992,84.7266,-995.2734,0,0
12.645107,-16.5234,85.6055,-994.3945,0,0
12.649078,-16.5234,86.4844,-993.5156,0,0
12.653156,-16.5234,87.5391,-992.4609,0,0
12.657123,-16.5234,88.4180,-991.5820,0,0
12.661090,-16.5234,89.2969,-990.7031,0,0
12.665156,-16.5234,90.1758,-989.8242,0,0
12.669123,-16.5234,91.0547,-988.9453,0,0
12.673090,-16.5234,92.1094,-987.8906,0,0
12.677156,-16.5234,92.9883,-987.0117,0,0
12.681123,-16.5234,93.8672,-986.1328,0,0
12.685090,-16.5234,94.9219,-985.0781,0,0
12.689156,-16.3477,95.8008,-984.1992,0,0
12.693111,-16.3477,96.5039,-983.4961,0,0
12.697107,-16.3477,97.3828,-982.6172,0,0
12.701137,-16.3477,98.4375,-981.5625,0,0
12.705078,-16.3477,99.1406,-980.8594,0,0
12.709695,-16.3477,100.1953,-979.8047,0,0
12.713160,-16.3477,100.8984,-979.1016,0,0
12.717068,-16.3477,101.6016,-978.3984,0,0
12.721090,-16.3477,102.4805,-977.5195,0,0
12.725131,-16.3477,103.1836,-976.8164,0,0
12.729145,-16.3477,103.8867,-976.1133,0,0
12.733083,-16.3477,104.5898,-975.4102,0,0
12.737152,-16.3477,105.2930,-974.7070,0,0
12.741144,-16.3477,105.9961,-974.0039,0,0
12.745114,-16.1719,106.5234,-973.4766,0,0
12.749082,-16.1719,107.2266,-972.7734,0,0
12.753162,-16.1719,107.7539,-972.2461,0,0
12.757137,-16.1719,108.2812,-971.7188,0,0
12.761107,-16.1719,108.8086,-971.1914,0,0
12.765078,-16.1719,109.1602,-970.8398,0,0
12.769145,-16.1719,109.6875,-970.3125,0,0
12.773116,-16.1719,110.0391,-969.9609,0,0
12.777082,-16.1719,110.3906,-969.6094,0,0
12.781145,-16.1719,110.7422,-969.2578,0,0
12.785116,-15.9961,111.0938,-968.9062,0,0
12.789082,-15.9961,111.2695,-968.7305,0,0
12.793145,-15.9961,111.4453,-968.5547,0,0
12.797116,-15.9961,111.6211,-968.3789,0,0
12.801082,-15.9961,111.7969,-968.2031,0,0
12.805134,-15.9961,111.7969,-968.2031,0,0
12.809116,-15.9961,111.9727,-968.0273,0,0
12.813082,-15.9961,111.9727,-968.0273,0,0
12.817145,-15.9961,111.9727,-968.0273,0,0
12.821116,-15.9961,111.7969,-968.2031,0,0
12.825090,-15.9961,111.7969,-968.2031,0,0
12.829114,-15.9961,111.6211,-968.3789,0,0
12.833082,-15.9961,111.4453,-968.5547,0,0
12.837145,-15.9961,111.0938,-968.9062,0,0
12.841116,-15.9961,110.9180,-969.0820,0,0
12.845082,-15.9961,110.5664,-969.4336,0,0
12.849145,-15.9961,110.2148,-969.7852,0,0
12.853128,-15.9961,109.8633,-970.1367,0,0
12.857096,-15.9961,109.5117,-970.4883,0,0
12.861171,-15.9961,108.9844,-971.0156,0,0
12.865090,-15.9961,108.6328,-971.3672,0,0
12.869156,-15.9961,108.1055,-971.8945,0,0
12.873123,-15.9961,107.5781,-972.4219,0,0
12.877090,-15.9961,106.8750,-973.1250,0,0
12.881156,-15.9961,106.3477,-973.6523,0,0
12.885123,-15.9961,105.6445,-974.3555,0,0
12.889090,-15.9961,104.9414,-975.0586,0,0
12.893156,-15.9961,104.2383,-975.7617,0,0
12.897123,-15.9961,103.5352,-976.4648,0,0
12.901090,-15.9961,102.8320,-977.1680,0,0
12.905074,-15.9961,102.1289,-977.8711,0,0
12.909152,-15.9961,101.2500,-978.7500,0,0
12.913123,-15.9961,100.5469,-979.4531,0,0
12.917090,-15.9961,99.6680,-980.3320,0,0
12.921156,-15.9961,98.7891,-981.2109,0,0
12.925123,-15.9961,97.9102,-982.0898,0,0
12.929145,-15.9961,97.0312,-982.9688,0,0
12.933116,-15.9961,96.1523,-983.8477,0,0
12.937109,-15.9961,95.2734,-984.7266,0,0
12.941082,-15.9961,94.3945,-985.6055,0,0
12.945097,-15.9961,93.5156,-986.4844,0,0
12.949161,-15.9961,92.6367,-987.3633,0,0
12.953144,-15.9961,91.7578,-988.2422,0,0
12.957114,-15.9961,90.8789,-989.1211,0,0
12.961082,-15.9961,90.0000,-990.0000,0,0
12.965145,-15.9961,88.9453,-991.0547,0,0
12.969152,-15.9961,88.0664,-991.9336,0,0
12.973101,-15.9961,87.1875,-992.8125,0,0
12.977074,-15.9961,86.3086,-993.6914,0,0
12.981090,-15.9961,85.4297,-994.5703,0,0
12.985068,-15.9961,84.5508,-995.4492,0,0
12.989118,-15.9961,83.6719,-996.3281,0,0
12.993090,-15.9961,82.7930,-997.2070,0,0
12.997090,-15.9961,81.9141,-998.0859,0,0
13.004807,-15.9961,80.3320,-999.6680,0,0
13.005289,-15.9961,80.3320,-999.6680,0,0
13.009174,-15.9961,79.6289,-1000.3711,0,0
13.013545,-15.9961,78.7500,-1001.2500,0,0
13.017096,-15.9961,78.0469,-1001.9531,0,0
13.021161,-16.1719,77.3438,-1002.6562,0,0
13.025078,-16.1719,76.6406,-1003.3594,0,0
13.029161,-16.1719,76.1133,-1003.8867,0,0
13.033126,-16.1719,75.4102,-1004.5898,0,0
13.037156,-16.1719,74.7070,-1005.2930,0,0
13.041123,-16.1719,74.1797,-1005.8203,0,0
13.045090,-16.1719,73.6523,-1006.3477,0,0
13.049104,-16.1719,73.1250,-1006.8750,0,0
13.053096,-16.1719,72.7734,-1007.2266,0,0
13.057097,-16.1719,72.2461,-1007.7539,0,0
13.061161,-16.1719,71.8945,-1008.1055,0,0
13.065160,-16.1719,71.5430,-1008.4570,0,0
13.069090,-16.1719,71.1914,-1008.8086,0,0
13.073156,-16.1719,70.8398,-1009.1602,0,0
13.077123,-16.1719,70.6641,-1009.3359,0,0
13.081090,-16.1719,70.4883,-1009.5117,0,0
13.085156,-16.1719,70.3125,-1009.6875,0,0
13.089123,-16.1719,69.9609,-1010.0391,0,0
13.093090,-16.1719,69.9609,-1010.0391,0,0
13.097156,-16.1719,69.9609,-1010.0391,0,0
13.101123,-16.1719,69.7852,-1010.2148,0,0
13.105074,-16.1719,69.7852,-1010.2148,0,0
13.109161,-16.1719,69.9609,-1010.0391,0,0
13.113130,-16.1719,69.9609,-1010.0391,0,0
13.117096,-16.1719,70.1367,-1009.8633,0,0
13.121161,-16.1719,70.3125,-1009.6875,0,0
13.125130,-16.1719,70.4883,-1009.5117,0,0
13.129096,-16.1719,70.8398,-1009.1602,0,0
13.133150,-16.1719,70.8398,-1009.1602,0,0
13.137145,-16.1719,70.8398,-1009.1602,0,0
13.141074,-16.3477,70.8398,-1009.1602,0,0
13.145142,-16.3477,70.6641,-1009.3359,0,0
13.149114,-16.3477,70.6641,-1009.3359,0,0
13.153098,-16.3477,70.6641,-1009.3359,0,0
13.157161,-16.3477,70.6641,-1009.3359,0,0
13.161130,-16.3477,70.6641,-1009.3359,0,0
13.165096,-16.3477,70.8398,-1009.1602,0,0
13.169161,-16.3477,71.0156,-1008.9844,0,0
13.173130,-16.3477,71.1914,-1008.8086,0,0
13.177096,-16.3477,71.3672,-1008.6328,0,0
13.181161,-16.3477,71.5430,-1008.4570,0,0
13.185130,-16.3477,71.7188,-1008.2812,0,0
13.189096,-16.3477,71.8945,-1008.1055,0,0
13.193161,-16.3477,72.0703,-1007.9297,0,0
13.197130,-16.3477,72.2461,-1007.7539,0,0
13.201096,-16.3477,72.4219,-1007.5781,0,0
13.205071,-16.3477,72.5977,-1007.4023,0,0
13.209152,-16.3477,72.7734,-1007.2266,0,0
13.213123,-16.3477,72.9492,-1007.0508,0,0
13.217090,-16.3477,73.1250,-1006.8750,0,0
13.221090,-16.3477,73.3008,-1006.6992,0,0
13.225156,-16.3477,73.3008,-1006.6992,0,0
13.229123,-16.3477,73.4766,-1006.5234,0,0
13.233090,-16.3477,73.6523,-1006.3477,0,0
13.237109,-16.3477,73.8281,-1006.1719,0,0
13.241109,-16.3477,74.0039,-1005.9961,0,0
13.245082,-16.3477,74.3555,-1005.6445,0,0
13.249145,-16.3477,74.7070,-1005.2930,0,0
13.253128,-16.3477,74.8828,-1005.1172,0,0
13.257096,-16.3477,75.4102,-1004.5898,0,0
13.261161,-16.3477,75.7617,-1004.2383,0,0
13.265129,-16.3477,76.1133,-1003.8867,0,0
13.269098,-16.3477,76.6406,-1003.3594,0,0
13.273111,-16.3477,76.9922,-1003.0078,0,0
13.277082,-16.3477,77.5195,-1002.4805,0,0
13.281078,-16.3477,78.0469,-1001.9531,0,0
13.285065,-16.3477,78.5742,-1001.4258,0,0
13.290654,-16.3477,79.4531,-1000.5469,0,0
13.293143,-16.3477,79.6289,-1000.3711,0,0
13.297080,-16.3477,80.3320,-999.6680,0,0
13.301164,-16.3477,81.0352,-998.9648,0,0
13.305067,-16.3477,81.5625,-998.4375,0,0
13.309114,-16.3477,82.2656,-997.7344,0,0
13.313082,-16.3477,82.9688,-997.0312,0,0
13.317145,-16.1719,83.6719,-996.3281,0,0
13.321116,-16.1719,84.3750,-995.6250,0,0
13.325082,-16.1719,85.0781,-994.9219,0,0
13.329145,-16.1719,85.7812,-994.2188,0,0
13.333116,-16.1719,86.4844,-993.5156,0,0
13.337102,-16.1719,87.1875,-992.8125,0,0
13.341090,-16.1719,87.8906,-992.1094,0,0
13.345164,-16.1719,88.7695,-991.2305,0,0
13.349096,-16.1719,89.4727,-990.5273,0,0
13.353071,-16.1719,90.1758,-989.8242,0,0
13.357145,-16.1719,90.7031,-989.2969,0,0
13.361122,-15.9961,91.0547,-988.9453,0,0
13.365145,-15.9961,91.0547,-988.9453,0,0
13.369116,-15.9961,91.0547,-988.9453,0,0
13.373082,-15.8203,91.0547,-988.9453,0,0
13.377145,-15.8203,91.0547,-988.9453,0,0
13.381116,-15.8203,91.2305,-988.7695,0,0
13.385082,-15.8203,91.2305,-988.7695,0,0
13.389145,-15.9961,91.2305,-988.7695,0,0
13.393116,-15.9961,91.4062,-988.5938,0,0
13.397082,-15.9961,91.4062,-988.5938,0,0
13.401145,-16.1719,91.4062,-988.5938,0,0
13.405124,-16.1719,91.4062,-988.5938,0,0
13.409106,-16.1719,91.4062,-988.5938,0,0
13.413078,-16.1719,91.4062,-988.5938,0,0
13.417146,-16.1719,91.2305,-988.7695,0,0
13.421116,-16.1719,91.2305,-988.7695,0,0
13.425082,-15.9961,91.0547,-988.9453,0,0
13.429145,-15.9961,91.0547,-988.9453,0,0
13.433116,-15.9961,91.0547,-988.9453,0,0
13.437082,-15.9961,90.8789,-989.1211,0,0
13.441102,-15.9961,90.8789,-989.1211,0,0
13.445075,-15.9961,90.8789,-989.1211,0,0
13.449071,-15.9961,90.8789,-989.1211,0,0
13.453152,-15.9961,90.8789,-989.1211,0,0
13.457123,-15.9961,90.8789,-989.1211,0,0
13.461090,-15.9961,90.8789,-989.1211,0,0
13.465156,-15.9961,90.7031,-989.2969,0,0
13.469123,-15.9961,90.7031,-989.2969,0,0
13.473090,-15.9961,90.7031,-989.2969,0,0
13.477156,-15.9961,90.7031,-989.2969,0,0
13.481123,-15.9961,90.7031,-989.2969,0,0
13.485090,-15.9961,90.5273,-989.4727,0,0
13.489156,-15.9961,90.5273,-989.4727,0,0
13.493123,-15.9961,90.8789,-989.1211,0,0
13.497090,-15.9961,91.2305,-988.7695,0,0
13.501156,-15.9961,91.9336,-988.0664,0,0
13.505141,-16.1719,92.6367,-987.3633,0,0
13.509123,-16.1719,92.6367,-987.3633,0,0
13.513090,-16.1719,92.6367,-987.3633,0,0
13.517161,-15.9961,92.6367,-987.3633,0,0
13.521130,-15.9961,92.9883,-987.0117,0,0
13.525096,-15.9961,93.1641,-986.8359,0,0
13.529161,-15.9961,93.3398,-986.6602,0,0
13.533130,-15.8203,93.3398,-986.6602,0,0
13.537096,-15.8203,93.3398,-986.6602,0,0
13.541161,-15.8203,93.5156,-986.4844,0,0
13.545090,-15.8203,93.6914,-986.3086,0,0
13.549082,-15.8203,93.6914,-986.3086,0,0
13.553153,-15.8203,93.8672,-986.1328,0,0
13.557145,-15.8203,93.8672,-986.1328,0,0
13.561161,-15.8203,94.0430,-985.9570,0,0
13.565130,-15.8203,94.2188,-985.7812,0,0
13.569114,-15.8203,94.2188,-985.7812,0,0
13.573097,-15.8203,94.2188,-985.7812,0,0
13.577161,-15.8203,94.3945,-985.6055,0,0
13.581130,-15.8203,94.5703,-985.4297,0,0
13.585096,-15.8203,94.7461,-985.2539,0,0
13.589161,-15.8203,94.9219,-985.0781,0,0
13.593130,-15.8203,94.9219,-985.0781,0,0
13.597113,-15.8203,95.0977,-984.9023,0,0
13.601082,-15.8203,95.0977,-984.9023,0,0
13.605152,-15.8203,95.2734,-984.7266,0,0
13.609137,-15.8203,95.2734,-984.7266,0,0
13.613106,-15.6445,95.4492,-984.5508,0,0
13.617078,-15.6445,95.6250,-984.3750,0,0
13.621145,-15.6445,95.8008,-984.1992,0,0
13.625116,-15.6445,95.8008,-984.1992,0,0
13.629082,-15.4688,95.9766,-984.0234,0,0
13.633145,-15.4688,95.9766,-984.0234,0,0
13.637116,-15.4688,96.1523,-983.8477,0,0
13.641082,-15.4688,96.3281,-983.6719,0,0
13.645138,-15.4688,96.5039,-983.4961,0,0
13.649160,-15.4688,96.5039,-983.4961,0,0
13.653143,-15.4688,96.6797,-983.3203,0,0
13.657114,-15.4688,96.6797,-983.3203,0,0
13.661104,-15.4688,96.8555,-983.1445,0,0
13.665074,-15.4688,97.0312,-982.9688,0,0
13.669141,-15.4688,97.2070,-982.7930,0,0
13.673112,-15.4688,97.2070,-982.7930,0,0
13.677082,-15.4688,97.3828,-982.6172,0,0
13.681145,-15.4688,97.3828,-982.6172,0,0
13.685116,-15.4688,97.5586,-982.4414,0,0
13.689082,-15.4688,97.7344,-982.2656,0,0
13.693145,-15.4688,97.7344,-982.2656,0,0
13.697116,-15.6445,97.9102,-982.0898,0,0
13.701082,-15.6445,97.9102,-982.0898,0,0
13.705108,-15.6445,98.0859,-981.9141,0,0
13.709114,-15.6445,98.0859,-981.9141,0,0
13.713161,-15.6445,98.2617,-981.7383,0,0
13.717075,-15.6445,98.4375,-981.5625,0,0
13.721141,-15.6445,98.4375,-981.5625,0,0
13.725111,-15.6445,98.6133,-981.3867,0,0
13.729074,-15.8203,98.6133,-981.3867,0,0
13.733108,-15.8203,98.7891,-981.2109,0,0
13.737096,-15.8203,98.7891,-981.2109,0,0
13.741161,-15.8203,98.9648,-981.0352,0,0
13.745069,-15.8203,99.1406,-980.8594,0,0
13.749152,-15.8203,99.1406,-980.8594,0,0
13.753113,-15.8203,99.3164,-980.6836,0,0
13.757145,-15.8203,99.3164,-980.6836,0,0
13.761116,-15.8203,99.4922,-980.5078,0,0
13.765096,-15.8203,99.4922,-980.5078,0,0
13.769161,-15.8203,99.6680,-980.3320,0,0
13.773130,-15.8203,99.6680,-980.3320,0,0
13.777138,-15.8203,99.8438,-980.1562,0,0
13.781152,-15.8203,99.8438,-980.1562,0,0
13.785123,-15.8203,100.0195,-979.9805,0,0
13.789090,-15.8203,100.0195,-979.9805,0,0
13.793156,-15.8203,100.1953,-979.8047,0,0
13.797123,-15.6445,100.1953,-979.8047,0,0
13.801092,-15.6445,100.1953,-979.8047,0,0
13.805070,-15.6445,100.3711,-979.6289,0,0
13.809145,-15.6445,100.5469,-979.4531,0,0
13.813116,-15.6445,100.5469,-979.4531,0,0
13.817082,-15.6445,100.5469,-979.4531,0,0
13.821145,-15.6445,100.7227,-979.2773,0,0
13.825116,-15.6445,100.8984,-979.1016,0,0
13.829082,-15.6445,100.8984,-979.1016,0,0
13.833145,-15.6445,101.0742,-978.9258,0,0
13.837116,-15.8203,101.0742,-978.9258,0,0
13.841082,-15.8203,101.2500,-978.7500,0,0
13.845145,-15.8203,101.4258,-978.5742,0,0
13.849099,-15.8203,101.4258,-978.5742,0,0
13.853132,-15.8203,101.6016,-978.3984,0,0
13.857146,-15.8203,101.6016,-978.3984,0,0
13.861122,-15.8203,101.9531,-978.0469,0,0
13.865160,-15.8203,101.9531,-978.0469,0,0
13.869130,-15.9961,102.1289,-977.8711,0,0
13.873096,-15.9961,102.3047,-977.6953,0,0
13.877161,-15.9961,102.3047,-977.6953,0,0
13.881130,-15.9961,102.4805,-977.5195,0,0
13.885096,-15.9961,102.6562,-977.3438,0,0
13.889161,-15.9961,102.8320,-977.1680,0,0
13.893130,-15.9961,102.8320,-977.1680,0,0
13.897096,-15.9961,103.0078,-976.9922,0,0
13.901161,-15.9961,103.0078,-976.9922,0,0
13.905141,-15.9961,103.1836,-976.8164,0,0
13.909123,-15.9961,103.1836,-976.8164,0,0
13.913090,-15.9961,103.3594,-976.6406,0,0
13.917156,-15.9961,103.3594,-976.6406,0,0
13.921123,-15.9961,103.3594,-976.6406,0,0
13.925090,-15.9961,103.5352,-976.4648,0,0
13.929156,-15.9961,103.5352,-976.4648,0,0
13.933123,-15.9961,103.5352,-976.4648,0,0
13.937090,-15.9961,103.5352,-976.4648,0,0
13.941156,-15.9961,103.5352,-976.4648,0,0
13.945123,-15.9961,103.7109,-976.2891,0,0
13.949090,-15.9961,103.7109,-976.2891,0,0
13.953156,-15.9961,103.7109,-976.2891,0,0
13.957124,-15.9961,103.7109,-976.2891,0,0
13.961116,-15.9961,103.7109,-976.2891,0,0
13.965090,-15.9961,103.7109,-976.2891,0,0
13.969156,-15.9961,103.7109,-976.2891,0,0
13.973123,-15.9961,103.7109,-976.2891,0,0
13.977090,-15.9961,103.8867,-976.1133,0,0
13.981156,-15.9961,103.8867,-976.1133,0,0
13.985069,-15.9961,103.8867,-976.1133,0,0
13.989080,-15.9961,103.8867,-976.1133,0,0
13.993145,-15.9961,103.8867,-976.1133,0,0
13.997072,-15.9961,103.8867,-976.1133,0,0
14.001137,-15.9961,103.8867,-976.1133,0,0
14.005117,-15.9961,103.8867,-976.1133,0,0
14.009096,-15.9961,103.8867,-976.1133,0,0
14.013078,-15.9961,103.7109,-976.2891,0,0
14.017145,-15.9961,103.7109,-976.2891,0,0
14.021116,-15.9961,103.7109,-976.2891,0,0
14.025082,-15.9961,103.7109,-976.2891,0,0
14.029145,-15.9961,103.7109,-976.2891,0,0
14.033116,-15.9961,103.7109,-976.2891,0,0
14.037097,-15.9961,103.7109,-976.2891,0,0
14.041161,-16.1719,103.7109,-976.2891,0,0
14.045145,-16.1719,103.7109,-976.2891,0,0
14.049130,-16.1719,103.7109,-976.2891,0,0
14.053108,-16.1719,103.7109,-976.2891,0,0
14.057075,-16.1719,103.7109,-976.2891,0,0
14.061090,-16.1719,103.7109,-976.2891,0,0
14.065067,-16.1719,103.7109,-976.2891,0,0
14.070589,-16.1719,103.7109,-976.2891,0,0
14.073170,-16.1719,103.7109,-976.2891,0,0
14.077087,-16.1719,103.7109,-976.2891,0,0
14.081101,-16.1719,103.7109,-976.2891,0,0
14.085160,-16.1719,103.7109,-976.2891,0,0
14.089128,-16.1719,103.7109,-976.2891,0,0
14.093152,-16.1719,103.5352,-976.4648,0,0
14.097121,-16.1719,103.5352,-976.4648,0,0
14.101128,-16.1719,103.5352,-976.4648,0,0
14.105444,-16.1719,103.5352,-976.4648,0,0
14.109145,-15.9961,103.5352,-976.4648,0,0
14.113116,-15.9961,103.5352,-976.4648,0,0
14.117096,-15.9961,103.5352,-976.4648,0,0
14.121080,-15.9961,103.5352,-976.4648,0,0
14.125070,-15.9961,103.5352,-976.4648,0,0
14.129137,-15.9961,103.5352,-976.4648,0,0
14.133106,-15.9961,103.7109,-976.2891,0,0
14.137078,-15.9961,103.7109,-976.2891,0,0
14.141097,-15.9961,103.7109,-976.2891,0,0
14.145102,-15.9961,103.7109,-976.2891,0,0
14.149074,-15.9961,103.7109,-976.2891,0,0
14.153166,-15.9961,103.7109,-976.2891,0,0
14.157134,-15.9961,103.8867,-976.1133,0,0
14.161105,-15.9961,103.8867,-976.1133,0,0
14.165121,-15.9961,103.8867,-976.1133,0,0
14.169090,-15.9961,103.8867,-976.1133,0,0
14.173156,-15.9961,103.8867,-976.1133,0,0
14.177123,-15.9961,104.0625,-975.9375,0,0
14.181090,-15.9961,104.0625,-975.9375,0,0
14.185156,-15.9961,104.0625,-975.9375,0,0
14.189123,-15.9961,104.0625,-975.9375,0,0
14.193090,-15.9961,104.0625,-975.9375,0,0
14.197156,-15.9961,104.0625,-975.9375,0,0
14.201123,-15.9961,104.0625,-975.9375,0,0
14.205104,-15.9961,104.0625,-975.9375,0,0
14.209090,-15.9961,104.0625,-975.9375,0,0
14.213156,-15.9961,104.0625,-975.9375,0,0
14.217123,-15.9961,104.0625,-975.9375,0,0
14.221090,-15.9961,104.2383,-975.7617,0,0
14.225156,-15.9961,104.2383,-975.7617,0,0
14.229123,-15.9961,104.2383,-975.7617,0,0
14.233090,-15.9961,104.2383,-975.7617,0,0
14.237070,-15.9961,104.2383,-975.7617,0,0
14.241137,-15.9961,104.4141,-975.5859,0,0
14.245106,-15.9961,104.4141,-975.5859,0,0
14.249078,-15.9961,104.4141,-975.5859,0,0
14.253156,-15.9961,104.4141,-975.5859,0,0
14.257123,-15.9961,104.4141,-975.5859,0,0
14.261157,-15.9961,104.2383,-975.7617,0,0
14.265128,-15.9961,104.2383,-975.7617,0,0
14.269097,-15.9961,104.0625,-975.9375,0,0
14.273161,-15.9961,103.8867,-976.1133,0,0
14.277130,-15.9961,103.7109,-976.2891,0,0
14.281096,-15.9961,103.3594,-976.6406,0,0
14.285161,-15.9961,103.1836,-976.8164,0,0
14.289130,-15.9961,102.8320,-977.1680,0,0
14.293096,-15.9961,102.6562,-977.3438,0,0
14.297161,-15.9961,102.1289,-977.8711,0,0
14.301130,-15.9961,101.9531,-978.0469,0,0
14.305109,-15.9961,101.4258,-978.5742,0,0
14.309090,-15.9961,101.0742,-978.9258,0,0
14.313156,-15.9961,100.5469,-979.4531,0,0
14.317123,-15.9961,100.1953,-979.8047,0,0
14.321090,-15.9961,99.6680,-980.3320,0,0
14.325156,-15.9961,99.1406,-980.8594,0,0
14.329123,-15.9961,98.6133,-981.3867,0,0
14.333090,-15.9961,98.0859,-981.9141,0,0
14.337156,-15.9961,97.3828,-982.6172,0,0
14.341123,-15.9961,96.8555,-983.1445,0,0
14.345090,-15.9961,96.3281,-983.6719,0,0
14.349156,-15.9961,95.6250,-984.3750,0,0
14.353070,-15.9961,95.0977,-984.9023,0,0
14.357078,-15.9961,94.3945,-985.6055,0,0
14.361068,-15.9961,93.6914,-986.3086,0,0
14.365157,-15.9961,93.1641,-986.8359,0,0
14.369128,-15.9961,92.4609,-987.5391,0,0
14.373097,-15.9961,91.7578,-988.2422,0,0
14.377072,-15.9961,91.0547,-988.9453,0,0
14.381161,-15.9961,90.3516,-989.6484,0,0
14.385130,-15.9961,89.6484,-990.3516,0,0
14.389129,-15.9961,89.1211,-990.8789,0,0
14.393096,-15.9961,88.4180,-991.5820,0,0
14.397080,-15.9961,87.7148,-992.2852,0,0
14.401103,-15.9961,87.0117,-992.9883,0,0
14.405108,-16.1719,86.4844,-993.5156,0,0
14.409090,-16.1719,85.7812,-994.2188,0,0
14.413156,-16.1719,85.0781,-994.9219,0,0
14.419146,-16.1719,84.0234,-995.9766,0,0
14.421164,-16.1719,83.8477,-996.1523,0,0
14.425090,-16.1719,83.1445,-996.8555,0,0
14.429104,-16.1719,82.4414,-997.5586,0,0
14.433094,-16.3477,81.9141,-998.0859,0,0
14.437161,-16.3477,81.2109,-998.7891,0,0
14.441070,-16.3477,80.6836,-999.3164,0,0
14.445152,-16.3477,80.1562,-999.8438,0,0
14.449123,-16.3477,79.6289,-1000.3711,0,0
14.453099,-16.3477,79.1016,-1000.8984,0,0
14.457090,-16.3477,78.5742,-1001.4258,0,0
14.461156,-16.3477,78.0469,-1001.9531,0,0
14.465102,-16.3477,77.5195,-1002.4805,0,0
14.469074,-16.3477,76.9922,-1003.0078,0,0
14.473079,-16.3477,76.6406,-1003.3594,0,0
14.477145,-16.3477,76.2891,-1003.7109,0,0
14.481156,-16.3477,75.9375,-1004.0625,0,0
14.485146,-16.3477,75.4102,-1004.5898,0,0
14.489116,-16.5234,75.2344,-1004.7656,0,0
14.493160,-16.5234,74.8828,-1005.1172,0,0
14.497128,-16.5234,74.5312,-1005.4688,0,0
14.501117,-16.5234,74.3555,-1005.6445,0,0
14.505161,-16.5234,74.0039,-1005.9961,0,0
14.509186,-16.5234,73.8281,-1006.1719,0,0
14.513071,-16.5234,73.6523,-1006.3477,0,0
14.517118,-16.5234,73.4766,-1006.5234,0,0
14.521090,-16.5234,73.4766,-1006.5234,0,0
14.525072,-16.5234,73.3008,-1006.6992,0,0
14.529152,-16.5234,73.3008,-1006.6992,0,0
14.533073,-16.6992,73.3008,-1006.6992,0,0
14.537137,-16.6992,73.3008,-1006.6992,0,0
14.541106,-16.6992,73.3008,-1006.6992,0,0
14.545078,-16.6992,73.3008,-1006.6992,0,0
14.549145,-16.6992,73.4766,-1006.5234,0,0
14.553131,-16.6992,73.4766,-1006.5234,0,0
14.557112,-16.6992,73.8281,-1006.1719,0,0
14.561082,-16.6992,73.8281,-1006.1719,0,0
14.565164,-16.6992,74.0039,-1005.9961,0,0
14.569110,-16.6992,74.3555,-1005.6445,0,0
14.573082,-16.6992,74.5312,-1005.4688,0,0
14.577145,-16.6992,74.8828,-1005.1172,0,0
14.581116,-16.6992,75.0586,-1004.9414,0,0
14.585082,-16.6992,75.4102,-1004.5898,0,0
14.589145,-16.6992,75.7617,-1004.2383,0,0
14.593116,-16.6992,76.1133,-1003.8867,0,0
14.597082,-16.6992,76.6406,-1003.3594,0,0
14.601145,-16.6992,76.9922,-1003.0078,0,0
14.605152,-16.6992,77.3438,-1002.6562,0,0
14.609137,-16.6992,77.8711,-1002.1289,0,0
14.613106,-16.6992,78.3984,-1001.6016,0,0
14.617078,-16.6992,78.9258,-1001.0742,0,0
14.621145,-16.6992,79.4531,-1000.5469,0,0
14.625116,-16.6992,79.9805,-1000.0195,0,0
14.629082,-16.6992,80.5078,-999.4922,0,0
14.633145,-16.6992,81.0352,-998.9648,0,0
14.637116,-16.6992,81.7383,-998.2617,0,0
14.641082,-16.6992,82.2656,-997.7344,0,0
14.645145,-16.6992,82.9688,-997.0312,0,0
14.649116,-16.6992,83.4961,-996.5039,0,0
14.653090,-16.6992,84.1992,-995.8008,0,0
14.657160,-16.6992,84.7266,-995.2734,0,0
14.661130,-16.6992,85.4297,-994.5703,0,0
14.665096,-16.6992,86.1328,-993.8672,0,0
14.669122,-16.6992,86.6602,-993.3398,0,0
14.673121,-16.6992,87.3633,-992.6367,0,0
14.677090,-16.6992,88.0664,-991.9336,0,0
14.681156,-16.6992,88.7695,-991.2305,0,0
14.685123,-16.6992,89.2969,-990.7031,0,0
14.689090,-16.6992,90.0000,-990.0000,0,0
14.693156,-16.5234,90.5273,-989.4727,0,0
14.697123,-16.5234,91.2305,-988.7695,0,0
14.701090,-16.5234,91.7578,-988.2422,0,0
14.705072,-16.5234,92.4609,-987.5391,0,0
14.709152,-16.5234,93.1641,-986.8359,0,0
14.713123,-16.5234,93.6914,-986.3086,0,0
14.717090,-16.5234,94.3945,-985.6055,0,0
14.721156,-16.5234,94.9219,-985.0781,0,0
14.725123,-16.5234,95.6250,-984.3750,0,0
14.729090,-16.5234,96.1523,-983.8477,0,0
14.733160,-16.5234,96.6797,-983.3203,0,0
14.737123,-16.5234,97.2070,-982.7930,0,0
14.741090,-16.5234,97.7344,-982.2656,0,0
14.745156,-16.5234,98.2617,-981.7383,0,0
14.749123,-16.5234,98.7891,-981.2109,0,0
14.753099,-16.5234,99.3164,-980.6836,0,0
14.757071,-16.5234,99.8438,-980.1562,0,0
14.761163,-16.5234,100.1953,-979.8047,0,0
14.765104,-16.5234,100.5469,-979.4531,0,0
14.769074,-16.3477,100.8984,-979.1016,0,0
14.773116,-16.3477,101.4258,-978.5742,0,0
14.777145,-16.3477,101.6016,-978.3984,0,0
14.781116,-16.3477,101.9531,-978.0469,0,0
14.785184,-16.3477,102.3047,-977.6953,0,0
14.789161,-16.3477,102.6562,-977.3438,0,0
14.793130,-16.3477,102.8320,-977.1680,0,0
14.797096,-16.3477,103.0078,-976.9922,0,0
14.801161,-16.3477,103.1836,-976.8164,0,0
14.807725,-16.3477,103.5352,-976.4648,0,0
14.809113,-16.3477,103.5352,-976.4648,0,0
14.813155,-16.3477,103.5352,-976.4648,0,0
14.817096,-16.3477,103.7109,-976.2891,0,0
14.821132,-16.3477,103.7109,-976.2891,0,0
14.825152,-16.3477,103.7109,-976.2891,0,0
14.829143,-16.3477,103.7109,-976.2891,0,0
14.833130,-16.3477,103.7109,-976.2891,0,0
14.837119,-16.3477,103.5352,-976.4648,0,0
14.841141,-16.3477,103.5352,-976.4648,0,0
14.845101,-16.3477,103.3594,-976.6406,0,0
14.849097,-16.3477,103.3594,-976.6406,0,0
14.853099,-16.3477,103.0078,-976.9922,0,0
14.857122,-16.3477,102.8320,-977.1680,0,0
14.861091,-16.3477,102.6562,-977.3438,0,0
14.865145,-16.3477,102.3047,-977.6953,0,0
14.869116,-16.3477,102.1289,-977.8711,0,0
14.873120,-16.3477,101.7773,-978.2227,0,0
14.877123,-16.3477,101.4258,-978.5742,0,0
14.881130,-16.3477,101.0742,-978.9258,0,0
14.885096,-16.3477,100.7227,-979.2773,0,0
14.889161,-16.3477,100.1953,-979.8047,0,0
14.893130,-16.3477,99.8438,-980.1562,0,0
14.897096,-16.3477,99.3164,-980.6836,0,0
14.901161,-16.3477,98.7891,-981.2109,0,0
14.905088,-16.3477,98.4375,-981.5625,0,0
14.909070,-16.3477,97.9102,-982.0898,0,0
14.913137,-16.3477,97.3828,-982.6172,0,0
14.917106,-16.3477,96.8555,-983.1445,0,0
14.921078,-16.3477,96.3281,-983.6719,0,0
14.925145,-16.3477,95.6250,-984.3750,0,0
14.929116,-16.3477,95.0977,-984.9023,0,0
14.933082,-16.3477,94.3945,-985.6055,0,0
14.937145,-16.3477,93.8672,-986.1328,0,0
14.941116,-16.3477,93.1641,-986.8359,0,0
14.945082,-16.3477,92.6367,-987.3633,0,0
14.949145,-16.3477,91.9336,-988.0664,0,0
14.953137,-16.3477,91.4062,-988.5938,0,0
14.957106,-16.3477,90.7031,-989.2969,0,0
14.961078,-16.3477,90.0000,-990.0000,0,0
14.965145,-16.3477,89.2969,-990.7031,0,0
14.969116,-16.3477,88.7695,-991.2305,0,0
14.973082,-16.3477,88.0664,-991.9336,0,0
14.977156,-16.3477,87.3633,-992.6367,0,0
14.981161,-16.3477,86.6602,-993.3398,0,0
14.985130,-16.3477,86.1328,-993.8672,0,0
14.989096,-16.3477,85.4297,-994.5703,0,0
14.993161,-16.3477,84.7266,-995.2734,0,0
14.997130,-16.3477,84.1992,-995.8008,0,0
15.001096,-16.3477,83.4961,-996.5039,0,0
15.005080,-16.3477,82.9688,-997.0312,0,0
15.009160,-16.3477,82.2656,-997.7344,0,0
15.013152,-16.3477,81.7383,-998.2617,0,0
15.017123,-16.3477,81.2109,-998.7891,0,0
15.021090,-16.3477,80.6836,-999.3164,0,0
15.025156,-16.3477,80.1562,-999.8438,0,0
15.029123,-16.3477,79.6289,-1000.3711,0,0
15.033090,-16.3477,79.1016,-1000.8984,0,0
15.037156,-16.3477,78.5742,-1001.4258,0,0
15.041123,-16.3477,78.0469,-1001.9531,0,0
15.045090,-16.3477,77.6953,-1002.3047,0,0
15.049156,-16.3477,77.3438,-1002.6562,0,0
15.053129,-16.3477,76.8164,-1003.1836,0,0
15.057096,-16.3477,76.4648,-1003.5352,0,0
15.061161,-16.3477,76.1133,-1003.8867,0,0
15.065130,-16.3477,75.7617,-1004.2383,0,0
15.069096,-16.3477,75.4102,-1004.5898,0,0
15.073161,-16.3477,75.2344,-1004.7656,0,0
15.077130,-16.5234,74.8828,-1005.1172,0,0
15.081152,-16.5234,74.7070,-1005.2930,0,0
15.085124,-16.5234,74.5312,-1005.4688,0,0
15.089131,-16.5234,74.3555,-1005.6445,0,0
15.093127,-16.5234,74.1797,-1005.8203,0,0
15.097077,-16.5234,74.0039,-1005.9961,0,0
15.101083,-16.5234,74.0039,-1005.9961,0,0
15.105094,-16.5234,73.8281,-1006.1719,0,0
15.109082,-16.5234,73.8281,-1006.1719,0,0
15.113102,-16.5234,73.8281,-1006.1719,0,0
15.117082,-16.5234,73.8281,-1006.1719,0,0
15.121145,-16.5234,73.8281,-1006.1719,0,0
15.126684,-16.5234,74.0039,-1005.9961,0,0
15.129094,-16.5234,74.0039,-1005.9961,0,0
15.133162,-16.5234,74.1797,-1005.8203,0,0
15.137070,-16.5234,74.3555,-1005.6445,0,0
15.141094,-16.5234,74.5312,-1005.4688,0,0
15.145160,-16.5234,74.7070,-1005.2930,0,0
15.149146,-16.5234,74.8828,-1005.1172,0,0
15.153114,-16.5234,75.2344,-1004.7656,0,0
15.157145,-16.5234,75.5859,-1004.4141,0,0
15.161090,-16.5234,75.7617,-1004.2383,0,0
15.165148,-16.5234,76.1133,-1003.8867,0,0
15.169137,-16.5234,76.4648,-1003.5352,0,0
15.173090,-16.5234,76.8164,-1003.1836,0,0
15.177156,-16.5234,77.3438,-1002.6562,0,0
15.181130,-16.5234,77.6953,-1002.3047,0,0
15.185137,-16.5234,78.2227,-1001.7773,0,0
15.189131,-16.5234,78.7500,-1001.2500,0,0
15.193124,-16.5234,79.1016,-1000.8984,0,0
15.197097,-16.5234,79.6289,-1000.3711,0,0
15.201161,-16.5234,80.1562,-999.8438,0,0
15.205154,-16.5234,80.6836,-999.3164,0,0
15.209161,-16.5234,81.2109,-998.7891,0,0
15.213130,-16.5234,81.7383,-998.2617,0,0
15.217096,-16.3477,82.4414,-997.5586,0,0
15.221161,-16.3477,82.9688,-997.0312,0,0
15.225130,-16.3477,83.6719,-996.3281,0,0
15.229096,-16.3477,84.1992,-995.8008,0,0
15.233161,-16.3477,84.7266,-995.2734,0,0
15.237130,-16.3477,85.4297,-994.5703,0,0
15.241096,-16.3477,86.1328,-993.8672,0,0
15.245161,-16.3477,86.6602,-993.3398,0,0
15.249130,-16.3477,87.3633,-992.6367,0,0
15.253106,-16.3477,88.0664,-991.9336,0,0
15.257090,-16.3477,88.5938,-991.4062,0,0
15.261156,-16.3477,89.2969,-990.7031,0,0
15.265123,-16.3477,90.0000,-990.0000,0,0
15.269090,-16.3477,90.5273,-989.4727,0,0
15.273156,-16.3477,91.0547,-988.9453,0,0
15.277123,-16.3477,91.7578,-988.2422,0,0
15.281090,-16.3477,92.4609,-987.5391,0,0
15.285137,-16.3477,92.9883,-987.0117,0,0
15.289108,-16.1719,93.6914,-986.3086,0,0
15.293116,-16.1719,94.2188,-985.7812,0,0
15.297082,-16.1719,94.7461,-985.2539,0,0
15.301145,-16.1719,95.2734,-984.7266,0,0
15.305124,-16.1719,95.9766,-984.0234,0,0
15.309106,-16.1719,96.5039,-983.4961,0,0
15.313078,-16.1719,97.0312,-982.9688,0,0
15.317145,-16.1719,97.5586,-982.4414,0,0
15.321116,-16.1719,98.0859,-981.9141,0,0
15.325082,-16.1719,98.6133,-981.3867,0,0
15.329145,-16.1719,98.9648,-981.0352,0,0
15.333116,-16.1719,99.4922,-980.5078,0,0
15.337082,-16.1719,99.8438,-980.1562,0,0
15.341145,-16.1719,100.1953,-979.8047,0,0
15.345146,-16.1719,100.7227,-979.2773,0,0
15.349116,-16.1719,100.8984,-979.1016,0,0
15.353090,-16.1719,101.2500,-978.7500,0,0
15.357160,-16.1719,101.6016,-978.3984,0,0
15.361140,-16.1719,101.9531,-978.0469,0,0
15.365145,-16.1719,102.1289,-977.8711,0,0
15.369116,-15.9961,102.3047,-977.6953,0,0
15.373082,-15.9961,102.6562,-977.3438,0,0
15.377145,-15.9961,102.8320,-977.1680,0,0
15.381116,-15.9961,102.8320,-977.1680,0,0
15.385134,-15.9961,103.0078,-976.9922,0,0
15.389131,-15.9961,103.0078,-976.9922,0,0
15.393097,-15.9961,103.1836,-976.8164,0,0
15.397161,-15.9961,103.1836,-976.8164,0,0
15.401130,-15.9961,103.3594,-976.6406,0,0
15.405105,-15.9961,103.3594,-976.6406,0,0
15.409090,-15.9961,103.1836,-976.8164,0,0
15.413156,-15.9961,103.1836,-976.8164,0,0
15.417142,-15.9961,103.0078,-976.9922,0,0
15.421093,-15.9961,103.0078,-976.9922,0,0
15.425123,-15.9961,102.8320,-977.1680,0,0
15.429156,-15.9961,102.6562,-977.3438,0,0
15.433090,-15.9961,102.4805,-977.5195,0,0
15.437160,-15.9961,102.1289,-977.8711,0,0
15.441130,-15.9961,101.9531,-978.0469,0,0
15.445096,-15.9961,101.6016,-978.3984,0,0
15.449161,-15.9961,101.4258,-978.5742,0,0
15.453144,-15.9961,101.0742,-978.9258,0,0
15.457238,-15.9961,100.7227,-979.2773,0,0
15.461160,-15.9961,100.1953,-979.8047,0,0
15.465070,-15.9961,99.8438,-980.1562,0,0
15.469152,-15.9961,99.4922,-980.5078,0,0
15.473120,-15.9961,99.1406,-980.8594,0,0
15.477090,-15.9961,98.6133,-981.3867,0,0
15.481070,-15.9961,98.0859,-981.9141,0,0
15.485130,-15.9961,97.7344,-982.2656,0,0
15.489072,-15.9961,97.2070,-982.7930,0,0
15.493135,-15.9961,96.6797,-983.3203,0,0
15.497070,-15.9961,95.9766,-984.0234,0,0
15.501130,-16.1719,95.6250,-984.3750,0,0
15.505097,-16.1719,94.9219,-985.0781,0,0
15.509154,-16.1719,94.3945,-985.6055,0,0
15.513068,-16.1719,93.8672,-986.1328,0,0
15.517137,-16.1719,93.1641,-986.8359,0,0
15.521106,-16.1719,92.6367,-987.3633,0,0
15.525078,-16.1719,91.9336,-988.0664,0,0
15.529097,-16.1719,91.4062,-988.5938,0,0
15.533179,-16.1719,90.7031,-989.2969,0,0
15.537064,-16.1719,90.1758,-989.8242,0,0
15.541131,-16.1719,89.4727,-990.5273,0,0
15.545097,-16.1719,88.7695,-991.2305,0,0
15.549161,-16.1719,88.2422,-991.7578,0,0
15.553151,-16.3477,87.5391,-992.4609,0,0
15.557123,-16.3477,86.8359,-993.1641,0,0
15.561090,-16.3477,86.3086,-993.6914,0,0
15.565156,-16.3477,85.7812,-994.2188,0,0
15.569123,-16.3477,85.0781,-994.9219,0,0
15.573090,-16.3477,84.5508,-995.4492,0,0
15.577156,-16.3477,83.8477,-996.1523,0,0
15.581123,-16.3477,83.3203,-996.6797,0,0
15.585090,-16.3477,82.6172,-997.3828,0,0
15.589156,-16.3477,82.0898,-997.9102,0,0
15.593080,-16.3477,81.5625,-998.4375,0,0
15.597145,-16.3477,81.0352,-998.9648,0,0
15.601116,-16.3477,80.5078,-999.4922,0,0
15.605117,-16.3477,79.9805,-1000.0195,0,0
15.609096,-16.3477,79.4531,-1000.5469,0,0
15.613161,-16.3477,78.9258,-1001.0742,0,0
15.617130,-16.3477,78.3984,-1001.6016,0,0
15.621096,-16.3477,78.0469,-1001.9531,0,0
15.625161,-16.3477,77.5195,-1002.4805,0,0
15.629130,-16.3477,77.1680,-1002.8320,0,0
15.633096,-16.3477,76.8164,-1003.1836,0,0
15.637161,-16.3477,76.4648,-1003.5352,0,0
15.641130,-16.3477,76.1133,-1003.8867,0,0
15.645096,-16.3477,75.7617,-1004.2383,0,0
15.649161,-16.3477,75.4102,-1004.5898,0,0
15.653144,-16.3477,75.2344,-1004.7656,0,0
15.657113,-16.3477,75.0586,-1004.9414,0,0
15.661082,-16.3477,74.7070,-1005.2930,0,0
15.665145,-16.3477,74.7070,-1005.2930,0,0
15.669152,-16.3477,74.5312,-1005.4688,0,0
15.673123,-16.3477,74.3555,-1005.6445,0,0
15.677090,-16.3477,74.1797,-1005.8203,0,0
15.681156,-16.3477,74.1797,-1005.8203,0,0
15.685123,-16.3477,74.1797,-1005.8203,0,0
15.689090,-16.3477,74.1797,-1005.8203,0,0
15.693113,-16.3477,74.1797,-1005.8203,0,0
15.697102,-16.3477,74.1797,-1005.8203,0,0
15.701074,-16.3477,74.1797,-1005.8203,0,0
15.705152,-16.3477,74.3555,-1005.6445,0,0
15.709137,-16.3477,74.5312,-1005.4688,0,0
15.713107,-16.3477,74.5312,-1005.4688,0,0
15.717078,-16.3477,74.7070,-1005.2930,0,0
15.721145,-16.3477,74.8828,-1005.1172,0,0
15.725116,-16.3477,75.2344,-1004.7656,0,0
15.729082,-16.3477,75.4102,-1004.5898,0,0
15.733145,-16.3477,75.5859,-1004.4141,0,0
15.737116,-16.3477,75.9375,-1004.0625,0,0
15.741082,-16.3477,76.2891,-1003.7109,0,0
15.745145,-16.3477,76.6406,-1003.3594,0,0
15.749116,-16.3477,76.9922,-1003.0078,0,0
15.753090,-16.3477,77.5195,-1002.4805,0,0
15.757160,-16.3477,77.8711,-1002.1289,0,0
15.761130,-16.3477,78.2227,-1001.7773,0,0
15.765139,-16.3477,78.7500,-1001.2500,0,0
15.769125,-16.3477,79.1016,-1000.8984,0,0
15.773108,-16.3477,79.6289,-1000.3711,0,0
15.777082,-16.3477,80.1562,-999.8438,0,0
15.781145,-16.3477,80.6836,-999.3164,0,0
15.785116,-16.3477,81.2109,-998.7891,0,0
15.792002,-16.3477,82.2656,-997.7344,0,0
15.793148,-16.3477,82.4414,-997.5586,0,0
15.797142,-16.3477,82.9688,-997.0312,0,0
15.801160,-16.3477,83.4961,-996.5039,0,0
15.805127,-16.3477,84.0234,-995.9766,0,0
15.809116,-16.3477,84.7266,-995.2734,0,0
15.813102,-16.3477,85.4297,-994.5703,0,0
15.817071,-16.3477,85.9570,-994.0430,0,0
15.821144,-16.3477,86.6602,-993.3398,0,0
15.825148,-16.3477,87.1875,-992.8125,0,0
15.829156,-16.3477,87.8906,-992.1094,0,0
15.833130,-16.3477,88.5938,-991.4062,0,0
15.837093,-16.3477,89.1211,-990.8789,0,0
15.841152,-16.3477,89.8242,-990.1758,0,0
15.845120,-16.3477,90.3516,-989.6484,0,0
15.849102,-16.3477,91.0547,-988.9453,0,0
15.853069,-16.1719,91.5820,-988.4180,0,0
15.857098,-16.1719,92.2852,-987.7148,0,0
15.861064,-16.1719,92.8125,-987.1875,0,0
15.865105,-16.1719,93.3398,-986.6602,0,0
15.869139,-16.1719,93.8672,-986.1328,0,0
15.873074,-16.1719,94.5703,-985.4297,0,0
15.877141,-16.1719,95.0977,-984.9023,0,0
15.881112,-16.1719,95.6250,-984.3750,0,0
15.885082,-16.1719,96.1523,-983.8477,0,0
15.889145,-16.1719,96.6797,-983.3203,0,0
15.893116,-15.9961,97.2070,-982.7930,0,0
15.897139,-15.9961,97.7344,-982.2656,0,0
15.901144,-15.9961,98.0859,-981.9141,0,0
15.905152,-15.9961,98.6133,-981.3867,0,0
15.909137,-15.9961,99.1406,-980.8594,0,0
15.913106,-15.9961,99.4922,-980.5078,0,0
15.917078,-15.9961,99.8438,-980.1562,0,0
15.921145,-15.9961,100.1953,-979.8047,0,0
15.925116,-15.9961,100.5469,-979.4531,0,0
15.929082,-15.9961,100.8984,-979.1016,0,0
15.933145,-15.9961,101.2500,-978.7500,0,0
15.937116,-15.9961,101.4258,-978.5742,0,0
15.941082,-15.9961,101.7773,-978.2227,0,0
15.945145,-15.9961,101.9531,-978.0469,0,0
15.949116,-15.9961,102.1289,-977.8711,0,0
15.953090,-15.9961,102.3047,-977.6953,0,0
15.957160,-15.9961,102.4805,-977.5195,0,0
15.961130,-15.9961,102.6562,-977.3438,0,0
15.965096,-15.9961,102.8320,-977.1680,0,0
15.969161,-15.9961,102.8320,-977.1680,0,0
15.973130,-15.9961,102.8320,-977.1680,0,0
15.977096,-15.9961,102.8320,-977.1680,0,0
15.981161,-15.9961,102.8320,-977.1680,0,0
15.985130,-15.9961,102.8320,-977.1680,0,0
15.989096,-15.9961,102.8320,-977.1680,0,0
15.993161,-15.9961,102.8320,-977.1680,0,0
15.997130,-15.9961,102.6562,-977.3438,0,0
16.001146,-15.9961,102.4805,-977.5195,0,0
16.005141,-15.9961,102.3047,-977.6953,0,0
16.009123,-15.9961,102.1289,-977.8711,0,0
16.013107,-15.9961,101.9531,-978.0469,0,0
16.017078,-15.9961,101.6016,-978.3984,0,0
16.021145,-15.9961,101.4258,-978.5742,0,0
16.025116,-15.9961,101.0742,-978.9258,0,0
16.029082,-15.9961,100.7227,-979.2773,0,0
16.033145,-15.9961,100.5469,-979.4531,0,0
16.037116,-15.9961,100.1953,-979.8047,0,0
16.041082,-15.9961,99.8438,-980.1562,0,0
16.045145,-15.9961,99.3164,-980.6836,0,0
16.049116,-15.9961,98.9648,-981.0352,0,0
16.053090,-15.9961,98.4375,-981.5625,0,0
16.057160,-15.9961,98.0859,-981.9141,0,0
16.061130,-15.9961,97.5586,-982.4414,0,0
16.065096,-15.9961,97.0312,-982.9688,0,0
16.069161,-15.9961,96.5039,-983.4961,0,0
16.073130,-15.9961,95.9766,-984.0234,0,0
16.077096,-15.9961,95.4492,-984.5508,0,0
16.081161,-15.9961,94.9219,-985.0781,0,0
16.085130,-15.9961,94.3945,-985.6055,0,0
16.089096,-15.9961,93.6914,-986.3086,0,0
16.093161,-15.9961,93.1641,-986.8359,0,0
16.097130,-15.9961,92.6367,-987.3633,0,0
16.101096,-15.9961,92.1094,-987.8906,0,0
16.105144,-15.9961,91.4062,-988.5938,0,0
16.109074,-15.9961,90.7031,-989.2969,0,0
16.113110,-15.9961,90.1758,-989.8242,0,0
16.117130,-15.9961,89.4727,-990.5273,0,0
16.121132,-15.9961,88.9453,-991.0547,0,0
16.125104,-15.9961,88.2422,-991.7578,0,0
16.129076,-15.9961,87.7148,-992.2852,0,0
16.133128,-15.9961,87.1875,-992.8125,0,0
16.137096,-15.9961,86.4844,-993.5156,0,0
16.141161,-15.9961,85.7812,-994.2188,0,0
16.145130,-15.9961,85.2539,-994.7461,0,0
16.149096,-15.9961,84.7266,-995.2734,0,0
16.154760,-15.9961,83.8477,-996.1523,0,0
16.157085,-15.9961,83.4961,-996.5039,0,0
16.161104,-15.9961,82.9688,-997.0312,0,0
16.165070,-15.9961,82.4414,-997.5586,0,0
16.169152,-15.9961,81.7383,-998.2617,0,0
16.173121,-16.1719,81.2109,-998.7891,0,0
16.177066,-16.1719,80.8594,-999.1406,0,0
16.181090,-16.1719,80.3320,-999.6680,0,0
16.185152,-16.1719,79.8047,-1000.1953,0,0
16.189122,-16.1719,79.2773,-1000.7227,0,0
16.193090,-16.1719,78.7500,-1001.2500,0,0
16.197152,-16.1719,78.3984,-1001.6016,0,0
16.201122,-16.1719,78.0469,-1001.9531,0,0
16.205156,-16.1719,77.5195,-1002.4805,0,0
16.209170,-16.1719,77.1680,-1002.8320,0,0
16.213094,-16.1719,76.8164,-1003.1836,0,0
16.217146,-16.1719,76.6406,-1003.3594,0,0
16.221129,-16.1719,76.2891,-1003.7109,0,0
16.225096,-16.1719,75.9375,-1004.0625,0,0
16.229161,-16.1719,75.7617,-1004.2383,0,0
16.233130,-16.1719,75.4102,-1004.5898,0,0
16.237096,-16.1719,75.2344,-1004.7656,0,0
16.241161,-16.1719,75.0586,-1004.9414,0,0
16.245130,-16.1719,74.8828,-1005.1172,0,0
16.249096,-16.1719,74.8828,-1005.1172,0,0
16.253070,-16.1719,74.7070,-1005.2930,0,0
16.257074,-16.1719,74.7070,-1005.2930,0,0
16.261141,-16.1719,74.5312,-1005.4688,0,0
16.265111,-16.1719,74.5312,-1005.4688,0,0
16.269082,-16.1719,74.5312,-1005.4688,0,0
16.273145,-16.1719,74.5312,-1005.4688,0,0
16.277116,-16.1719,74.7070,-1005.2930,0,0
16.281082,-16.1719,74.7070,-1005.2930,0,0
16.285145,-16.1719,74.8828,-1005.1172,0,0
16.289116,-16.1719,74.8828,-1005.1172,0,0
16.293082,-16.1719,75.0586,-1004.9414,0,0
16.297145,-16.1719,75.2344,-1004.7656,0,0
16.301116,-16.1719,75.4102,-1004.5898,0,0
16.305117,-16.1719,75.7617,-1004.2383,0,0
16.309112,-16.1719,75.9375,-1004.0625,0,0
16.313123,-16.1719,76.2891,-1003.7109,0,0
16.317090,-16.1719,76.6406,-1003.3594,0,0
16.321156,-16.1719,76.9922,-1003.0078,0,0
16.325123,-16.1719,77.3438,-1002.6562,0,0
16.329090,-16.1719,77.6953,-1002.3047,0,0
16.333156,-16.1719,78.0469,-1001.9531,0,0
16.337123,-16.1719,78.3984,-1001.6016,0,0
16.341090,-16.1719,78.9258,-1001.0742,0,0
16.345156,-16.1719,79.4531,-1000.5469,0,0
16.349123,-16.1719,79.8047,-1000.1953,0,0
16.353094,-16.1719,80.3320,-999.6680,0,0
16.357160,-16.1719,80.8594,-999.1406,0,0
16.361177,-16.1719,81.3867,-998.6133,0,0
16.365145,-16.1719,81.9141,-998.0859,0,0
16.369116,-16.1719,82.4414,-997.5586,0,0
16.373082,-16.1719,82.9688,-997.0312,0,0
16.377145,-16.1719,83.6719,-996.3281,0,0
16.381116,-16.1719,84.1992,-995.8008,0,0
16.385082,-16.1719,84.7266,-995.2734,0,0
16.389145,-16.1719,85.2539,-994.7461,0,0
16.393116,-16.1719,85.9570,-994.0430,0,0
16.397082,-16.1719,86.4844,-993.5156,0,0
16.401145,-16.1719,87.1875,-992.8125,0,0
16.405124,-16.1719,87.7148,-992.2852,0,0
16.409126,-16.1719,88.4180,-991.5820,0,0
16.413145,-16.1719,88.9453,-991.0547,0,0
16.417147,-16.1719,89.4727,-990.5273,0,0
16.421116,-16.1719,90.1758,-989.8242,0,0
16.425082,-16.1719,90.7031,-989.2969,0,0
16.429145,-15.9961,91.4062,-988.5938,0,0
16.433116,-15.9961,91.9336,-988.0664,0,0
16.437082,-15.9961,92.4609,-987.5391,0,0
16.441145,-15.9961,93.1641,-986.8359,0,0
16.445116,-15.9961,93.6914,-986.3086,0,0
16.449082,-15.9961,94.2188,-985.7812,0,0
16.453156,-15.9961,94.9219,-985.0781,0,0
16.457123,-15.9961,95.2734,-984.7266,0,0
16.461081,-15.9961,95.9766,-984.0234,0,0
16.465160,-15.9961,96.5039,-983.4961,0,0
16.469068,-15.9961,97.0312,-982.9688,0,0
16.473137,-15.9961,97.3828,-982.6172,0,0
16.477106,-15.9961,97.9102,-982.0898,0,0
16.481108,-15.9961,98.4375,-981.5625,0,0
16.485080,-15.9961,98.7891,-981.2109,0,0
16.489148,-15.9961,99.1406,-980.8594,0,0
16.493070,-15.9961,99.4922,-980.5078,0,0
16.497145,-15.9961,100.0195,-979.9805,0,0
16.501116,-15.9961,100.1953,-979.8047,0,0
16.505124,-15.9961,100.5469,-979.4531,0,0
16.509106,-15.9961,100.8984,-979.1016,0,0
16.515641,-15.9961,101.4258,-978.5742,0,0
16.517165,-15.9961,101.4258,-978.5742,0,0
16.521141,-15.9961,101.6016,-978.3984,0,0
16.525112,-15.9961,101.9531,-978.0469,0,0
16.529071,-15.9961,101.9531,-978.0469,0,0
16.533105,-15.9961,102.1289,-977.8711,0,0
16.537139,-15.9961,102.3047,-977.6953,0,0
16.541071,-15.9961,102.3047,-977.6953,0,0
16.545134,-15.9961,102.4805,-977.5195,0,0
16.549104,-15.9961,102.4805,-977.5195,0,0
16.553085,-15.9961,102.6562,-977.3438,0,0
16.557082,-15.9961,102.6562,-977.3438,0,0
16.561145,-15.9961,102.6562,-977.3438,0,0
16.565116,-15.9961,102.4805,-977.5195,0,0
16.569082,-15.9961,102.3047,-977.6953,0,0
16.573145,-15.9961,102.3047,-977.6953,0,0
16.577116,-15.9961,102.1289,-977.8711,0,0
16.581082,-15.9961,101.9531,-978.0469,0,0
16.585145,-15.9961,101.7773,-978.2227,0,0
16.589116,-15.9961,101.6016,-978.3984,0,0
16.593082,-15.9961,101.4258,-978.5742,0,0
16.597145,-15.9961,101.0742,-978.9258,0,0
16.601116,-15.9961,100.8984,-979.1016,0,0
16.605147,-15.9961,100.5469,-979.4531,0,0
16.609130,-15.9961,100.1953,-979.8047,0,0
16.613096,-15.9961,99.8438,-980.1562,0,0
16.617115,-15.9961,99.4922,-980.5078,0,0
16.621082,-15.9961,99.1406,-980.8594,0,0
16.625145,-15.9961,98.6133,-981.3867,0,0
16.629116,-15.9961,98.2617,-981.7383,0,0
16.633082,-15.9961,97.7344,-982.2656,0,0
16.637145,-15.9961,97.3828,-982.6172,0,0
16.641116,-15.9961,96.8555,-983.1445,0,0
16.645082,-15.9961,96.3281,-983.6719,0,0
16.649145,-15.9961,95.8008,-984.1992,0,0
16.653128,-15.9961,95.2734,-984.7266,0,0
16.657096,-15.9961,94.7461,-985.2539,0,0
16.661161,-15.9961,94.2188,-985.7812,0,0
16.665130,-15.9961,93.6914,-986.3086,0,0
16.669096,-15.9961,92.9883,-987.0117,0,0
16.673161,-15.9961,92.4609,-987.5391,0,0
16.677130,-15.9961,91.9336,-988.0664,0,0
16.681096,-15.9961,91.2305,-988.7695,0,0
16.685161,-15.9961,90.7031,-989.2969,0,0
16.689130,-15.9961,90.1758,-989.8242,0,0
16.693096,-15.9961,89.4727,-990.5273,0,0
16.697161,-15.9961,88.9453,-991.0547,0,0
16.701130,-15.9961,88.2422,-991.7578,0,0
16.705109,-15.9961,87.7148,-992.2852,0,0
16.709090,-15.9961,87.1875,-992.8125,0,0
16.713090,-15.9961,86.4844,-993.5156,0,0
16.717113,-15.9961,85.9570,-994.0430,0,0
16.721082,-15.9961,85.2539,-994.7461,0,0
16.725146,-15.9961,84.7266,-995.2734,0,0
16.729137,-15.9961,84.0234,-995.9766,0,0
16.733107,-15.9961,83.6719,-996.3281,0,0
16.737078,-15.9961,82.9688,-997.0312,0,0
16.741145,-15.9961,82.4414,-997.5586,0,0
16.745116,-15.9961,81.9141,-998.0859,0,0
16.749082,-15.9961,81.3867,-998.6133,0,0
16.753156,-15.9961,80.8594,-999.1406,0,0
16.757123,-15.9961,80.5078,-999.4922,0,0
16.761090,-15.9961,79.9805,-1000.0195,0,0
16.765156,-15.9961,79.4531,-1000.5469,0,0
16.769123,-15.9961,79.1016,-1000.8984,0,0
16.773090,-15.9961,78.7500,-1001.2500,0,0
16.777156,-15.9961,78.2227,-1001.7773,0,0
16.781123,-15.9961,77.8711,-1002.1289,0,0
16.785090,-15.9961,77.5195,-1002.4805,0,0
16.789156,-15.9961,77.1680,-1002.8320,0,0
16.793095,-15.9961,76.8164,-1003.1836,0,0
16.797108,-15.9961,76.6406,-1003.3594,0,0
16.801254,-15.9961,76.2891,-1003.7109,0,0
16.808033,-15.9961,75.9375,-1004.0625,0,0
16.809118,-15.9961,75.9375,-1004.0625,0,0
16.813090,-15.9961,75.5859,-1004.4141,0,0
16.817156,-15.9961,75.4102,-1004.5898,0,0
16.821136,-15.9961,75.4102,-1004.5898,0,0
16.825132,-15.9961,75.2344,-1004.7656,0,0
16.829121,-15.9961,75.0586,-1004.9414,0,0
16.833095,-15.9961,75.0586,-1004.9414,0,0
16.837096,-15.9961,75.0586,-1004.9414,0,0
16.841161,-15.9961,74.8828,-1005.1172,0,0
16.845160,-15.9961,74.8828,-1005.1172,0,0
16.849099,-15.9961,74.8828,-1005.1172,0,0
16.853162,-15.9961,75.0586,-1004.9414,0,0
16.857090,-15.9961,75.2344,-1004.7656,0,0
16.861078,-15.9961,75.2344,-1004.7656,0,0
16.865137,-15.9961,75.4102,-1004.5898,0,0
16.869107,-15.9961,75.5859,-1004.4141,0,0
16.873098,-15.9961,75.5859,-1004.4141,0,0
16.877161,-15.9961,75.9375,-1004.0625,0,0
16.881152,-15.9961,76.1133,-1003.8867,0,0
16.885111,-15.9961,76.2891,-1003.7109,0,0
16.889082,-15.9961,76.6406,-1003.3594,0,0
16.893145,-15.9961,76.9922,-1003.0078,0,0
16.897116,-15.9961,77.3438,-1002.6562,0,0
16.901082,-15.9961,77.6953,-1002.3047,0,0
16.906733,-15.9961,78.2227,-1001.7773,0,0
16.909130,-15.9961,78.3984,-1001.6016,0,0
16.913096,-15.9961,78.7500,-1001.2500,0,0
16.917161,-15.9961,79.2773,-1000.7227,0,0
16.921163,-15.9961,79.6289,-1000.3711,0,0
16.925147,-15.9961,80.1562,-999.8438,0,0
16.929160,-15.9961,80.6836,-999.3164,0,0
16.933130,-15.9961,81.2109,-998.7891,0,0
16.937096,-15.9961,81.7383,-998.2617,0,0
16.941161,-15.9961,82.2656,-997.7344,0,0
16.945130,-15.9961,82.6172,-997.3828,0,0
16.949096,-15.9961,83.1445,-996.8555,0,0
16.953071,-15.9961,83.8477,-996.1523,0,0
16.957137,-15.9961,84.3750,-995.6250,0,0
16.961107,-15.9961,84.9023,-995.0977,0,0
16.965078,-15.9961,85.4297,-994.5703,0,0
16.969145,-15.9961,86.1328,-993.8672,0,0
16.973116,-15.9961,86.6602,-993.3398,0,0
16.977082,-15.9961,87.1875,-992.8125,0,0
16.981145,-15.9961,87.8906,-992.1094,0,0
16.985116,-15.9961,88.4180,-991.5820,0,0
16.989082,-15.9961,88.9453,-991.0547,0,0
16.993145,-15.9961,89.6484,-990.3516,0,0
16.997116,-15.9961,90.1758,-989.8242,0,0
17.001082,-15.9961,90.7031,-989.2969,0,0
17.006648,-15.9961,91.5820,-988.4180,0,0
17.009146,-15.9961,91.9336,-988.0664,0,0
17.013116,-15.9961,92.4609,-987.5391,0,0
17.017082,-15.9961,92.9883,-987.0117,0,0
17.021145,-15.9961,93.5156,-986.4844,0,0
17.025106,-15.9961,94.0430,-985.9570,0,0
17.029096,-15.9961,94.5703,-985.4297,0,0
17.033161,-15.9961,95.0977,-984.9023,0,0
17.037130,-15.9961,95.6250,-984.3750,0,0
17.041104,-15.8203,96.1523,-983.8477,0,0
17.045098,-15.8203,96.6797,-983.3203,0,0
17.049161,-15.8203,97.0312,-982.9688,0,0
17.053144,-15.8203,97.5586,-982.4414,0,0
17.057114,-15.8203,97.9102,-982.0898,0,0
17.061082,-15.8203,98.4375,-981.5625,0,0
17.065145,-15.8203,98.7891,-981.2109,0,0
17.069116,-15.8203,99.1406,-980.8594,0,0
17.073082,-15.8203,99.4922,-980.5078,0,0
17.077145,-15.8203,99.8438,-980.1562,0,0
17.081116,-15.8203,100.1953,-979.8047,0,0
17.085082,-15.8203,100.5469,-979.4531,0,0
17.089145,-15.8203,100.7227,-979.2773,0,0
17.093116,-15.8203,100.8984,-979.1016,0,0
17.097139,-15.8203,101.2500,-978.7500,0,0
17.101152,-15.8203,101.4258,-978.5742,0,0
17.106836,-15.8203,101.6016,-978.3984,0,0
17.109102,-15.8203,101.6016,-978.3984,0,0
17.113133,-15.8203,101.7773,-978.2227,0,0
17.117104,-15.8203,101.9531,-978.0469,0,0
17.121074,-15.8203,101.9531,-978.0469,0,0
17.125161,-15.8203,102.1289,-977.8711,0,0
17.129087,-15.8203,102.1289,-977.8711,0,0
17.136282,-15.8203,102.1289,-977.8711,0,0
17.137102,-15.8203,102.1289,-977.8711,0,0
17.141072,-15.8203,101.9531,-978.0469,0,0
17.145112,-15.8203,101.9531,-978.0469,0,0
17.149097,-15.8203,101.9531,-978.0469,0,0
17.153169,-15.8203,101.7773,-978.2227,0,0
17.157135,-15.8203,101.6016,-978.3984,0,0
17.161102,-15.8203,101.4258,-978.5742,0,0
17.165160,-15.8203,101.2500,-978.7500,0,0
17.169078,-15.8203,100.8984,-979.1016,0,0
17.173090,-15.8203,100.7227,-979.2773,0,0
17.177152,-15.8203,100.5469,-979.4531,0,0
17.181143,-15.8203,100.1953,-979.8047,0,0
17.185106,-15.8203,99.8438,-980.1562,0,0
17.189078,-15.8203,99.4922,-980.5078,0,0
17.193135,-15.8203,99.1406,-980.8594,0,0
17.197121,-15.8203,98.7891,-981.2109,0,0
17.201074,-15.8203,98.4375,-981.5625,0,0
17.206896,-15.8203,97.7344,-982.2656,0,0
17.209102,-15.8203,97.5586,-982.4414,0,0
17.213116,-15.8203,97.0312,-982.9688,0,0
17.217082,-15.8203,96.6797,-983.3203,0,0
17.221161,-15.8203,96.1523,-983.8477,0,0
17.225130,-15.8203,95.6250,-984.3750,0,0
17.229076,-15.8203,95.0977,-984.9023,0,0
17.233146,-15.8203,94.5703,-985.4297,0,0
17.237145,-15.8203,94.0430,-985.9570,0,0
17.241115,-15.8203,93.5156,-986.4844,0,0
17.245152,-15.8203,92.9883,-987.0117,0,0
17.249123,-15.8203,92.4609,-987.5391,0,0
17.253097,-15.8203,91.9336,-988.0664,0,0
17.257090,-15.8203,91.4062,-988.5938,0,0
17.261156,-15.8203,90.7031,-989.2969,0,0
17.265123,-15.8203,90.1758,-989.8242,0,0
17.269090,-15.8203,89.6484,-990.3516,0,0
17.273156,-15.8203,88.9453,-991.0547,0,0
17.277123,-15.8203,88.4180,-991.5820,0,0
17.281090,-15.8203,87.8906,-992.1094,0,0
17.285156,-15.8203,87.1875,-992.8125,0,0
17.289123,-15.8203,86.6602,-993.3398,0,0
17.293090,-15.9961,86.1328,-993.8672,0,0
17.297156,-15.9961,85.4297,-994.5703,0,0
17.301123,-15.9961,84.9023,-995.0977,0,0
17.306689,-15.9961,84.1992,-995.8008,0,0
17.309080,-15.9961,83.8477,-996.1523,0,0
17.313152,-15.9961,83.3203,-996.6797,0,0
17.317123,-15.9961,82.7930,-997.2070,0,0
17.321090,-15.9961,82.2656,-997.7344,0,0
17.325156,-15.9961,81.7383,-998.2617,0,0
17.329123,-15.9961,81.2109,-998.7891,0,0
17.333132,-15.9961,80.8594,-999.1406,0,0
17.337104,-15.9961,80.3320,-999.6680,0,0
17.341074,-15.9961,79.8047,-1000.1953,0,0
17.345142,-15.9961,79.4531,-1000.5469,0,0
17.349124,-15.9961,78.9258,-1001.0742,0,0
17.353104,-15.9961,78.5742,-1001.4258,0,0
17.357074,-15.9961,78.2227,-1001.7773,0,0
17.361157,-15.9961,77.8711,-1002.1289,0,0
17.365152,-15.9961,77.5195,-1002.4805,0,0
17.369123,-15.9961,77.1680,-1002.8320,0,0
17.373090,-15.9961,76.9922,-1003.0078,0,0
17.377156,-15.9961,76.6406,-1003.3594,0,0
17.381123,-15.9961,76.4648,-1003.5352,0,0
17.385090,-15.9961,76.1133,-1003.8867,0,0
17.389156,-15.9961,75.9375,-1004.0625,0,0
17.393123,-15.9961,75.9375,-1004.0625,0,0
17.397090,-15.9961,75.5859,-1004.4141,0,0
17.401156,-15.9961,75.5859,-1004.4141,0,0
17.406626,-15.9961,75.4102,-1004.5898,0,0
17.409114,-15.9961,75.4102,-1004.5898,0,0
17.413090,-15.9961,75.4102,-1004.5898,0,0
17.417156,-15.9961,75.2344,-1004.7656,0,0
17.421123,-15.9961,75.2344,-1004.7656,0,0
17.425090,-15.9961,75.4102,-1004.5898,0,0
17.429156,-15.9961,75.4102,-1004.5898,0,0
17.433158,-15.9961,75.4102,-1004.5898,0,0
17.437070,-15.9961,75.5859,-1004.4141,0,0
17.441074,-15.9961,75.5859,-1004.4141,0,0
17.445142,-15.9961,75.7617,-1004.2383,0,0
17.449114,-15.9961,75.9375,-1004.0625,0,0
17.453168,-15.9961,76.1133,-1003.8867,0,0
17.457145,-15.9961,76.4648,-1003.5352,0,0
17.461156,-15.9961,76.6406,-1003.3594,0,0
17.465123,-15.9961,76.9922,-1003.0078,0,0
17.469090,-15.9961,77.3438,-1002.6562,0,0
17.473215,-15.9961,77.5195,-1002.4805,0,0
17.477385,-15.9961,77.8711,-1002.1289,0,0
17.481134,-15.9961,78.2227,-1001.7773,0,0
17.485102,-15.9961,78.5742,-1001.4258,0,0
17.489160,-15.9961,78.9258,-1001.0742,0,0
17.493070,-15.9961,79.4531,-1000.5469,0,0
17.497130,-15.9961,79.8047,-1000.1953,0,0
17.501143,-15.9961,80.3320,-999.6680,0,0
17.506959,-15.9961,81.0352,-998.9648,0,0
17.509160,-15.9961,81.2109,-998.7891,0,0
17.513144,-15.9961,81.7383,-998.2617,0,0
17.517109,-15.9961,82.2656,-997.7344,0,0
17.521071,-15.9961,82.7930,-997.2070,0,0
17.525072,-15.9961,83.3203,-996.6797,0,0
17.529124,-15.9961,83.8477,-996.1523,0,0
17.533115,-15.9961,84.3750,-995.6250,0,0
17.537137,-15.9961,84.9023,-995.0977,0,0
17.541074,-15.9961,85.4297,-994.5703,0,0
17.545142,-15.9961,85.9570,-994.0430,0,0
17.549114,-15.9961,86.6602,-993.3398,0,0
17.553090,-15.9961,87.1875,-992.8125,0,0
17.557160,-15.9961,87.8906,-992.1094,0,0
17.561130,-15.9961,88.2422,-991.7578,0,0
17.565096,-15.9961,88.9453,-991.0547,0,0
17.569161,-15.9961,89.4727,-990.5273,0,0
17.573130,-15.9961,90.0000,-990.0000,0,0
17.577096,-15.9961,90.7031,-989.2969,0,0
17.581161,-15.9961,91.2305,-988.7695,0,0
17.585130,-15.9961,91.7578,-988.2422,0,0
17.589096,-15.9961,92.2852,-987.7148,0,0
17.593161,-15.9961,92.8125,-987.1875,0,0
17.597130,-15.9961,93.5156,-986.4844,0,0
17.601096,-15.9961,93.8672,-986.1328,0,0
17.606687,-15.8203,94.5703,-985.4297,0,0
17.609080,-15.8203,94.9219,-985.0781,0,0
17.613152,-15.8203,95.4492,-984.5508,0,0
17.617123,-15.8203,95.9766,-984.0234,0,0
17.621090,-15.8203,96.5039,-983.4961,0,0
17.625156,-15.8203,96.8555,-983.1445,0,0
17.629123,-15.8203,97.3828,-982.6172,0,0
17.633090,-15.8203,97.7344,-982.2656,0,0
17.637156,-15.8203,98.0859,-981.9141,0,0
17.641078,-15.8203,98.6133,-981.3867,0,0
17.645071,-15.8203,98.7891,-981.2109,0,0
17.649137,-15.8203,99.3164,-980.6836,0,0
17.653116,-15.8203,99.4922,-980.5078,0,0
17.657082,-15.8203,99.8438,-980.1562,0,0
17.661145,-15.8203,100.1953,-979.8047,0,0
17.665116,-15.8203,100.3711,-979.6289,0,0
17.669082,-15.8203,100.7227,-979.2773,0,0
17.673145,-15.8203,100.8984,-979.1016,0,0
17.677116,-15.8203,101.0742,-978.9258,0,0
17.681082,-15.6445,101.2500,-978.7500,0,0
17.685145,-15.6445,101.4258,-978.5742,0,0
17.689116,-15.6445,101.4258,-978.5742,0,0
17.693082,-15.6445,101.6016,-978.3984,0,0
17.697145,-15.6445,101.6016,-978.3984,0,0
17.701116,-15.6445,101.6016,-978.3984,0,0
17.706695,-15.6445,101.6016,-978.3984,0,0
17.709090,-15.6445,101.6016,-978.3984,0,0
17.713161,-15.6445,101.6016,-978.3984,0,0
17.717130,-15.6445,101.6016,-978.3984,0,0
17.721096,-15.6445,101.6016,-978.3984,0,0
17.725161,-15.6445,101.4258,-978.5742,0,0
17.729130,-15.6445,101.4258,-978.5742,0,0
17.733096,-15.6445,101.2500,-978.7500,0,0
17.737161,-15.6445,101.0742,-978.9258,0,0
17.741078,-15.6445,100.8984,-979.1016,0,0
17.745071,-15.6445,100.5469,-979.4531,0,0
17.749137,-15.6445,100.3711,-979.6289,0,0
17.753116,-15.6445,100.1953,-979.8047,0,0
17.757082,-15.6445,99.8438,-980.1562,0,0
17.761145,-15.6445,99.4922,-980.5078,0,0
17.765116,-15.6445,99.1406,-980.8594,0,0
17.769082,-15.6445,98.7891,-981.2109,0,0
17.773132,-15.6445,98.4375,-981.5625,0,0
17.777098,-15.6445,98.0859,-981.9141,0,0
17.781108,-15.6445,97.7344,-982.2656,0,0
17.785137,-15.6445,97.2070,-982.7930,0,0
17.791740,-15.6445,96.5039,-983.4961,0,0
17.793079,-15.6445,96.3281,-983.6719,0,0
17.797150,-15.6445,95.9766,-984.0234,0,0
17.801082,-15.6445,95.4492,-984.5508,0,0
17.806962,-15.6445,94.5703,-985.4297,0,0
17.809160,-15.6445,94.3945,-985.6055,0,0
17.813137,-15.6445,93.8672,-986.1328,0,0
17.817108,-15.6445,93.3398,-986.6602,0,0
17.821283,-15.6445,92.8125,-987.1875,0,0
17.825114,-15.6445,92.2852,-987.7148,0,0
17.829074,-15.6445,91.7578,-988.2422,0,0
17.833142,-15.6445,91.2305,-988.7695,0,0
17.837114,-15.6445,90.7031,-989.2969,0,0
17.841082,-15.6445,90.1758,-989.8242,0,0
17.845117,-15.6445,89.4727,-990.5273,0,0
17.849090,-15.6445,88.9453,-991.0547,0,0
17.853064,-15.8203,88.4180,-991.5820,0,0
17.857137,-15.8203,87.8906,-992.1094,0,0
17.861116,-15.8203,87.3633,-992.6367,0,0
17.865160,-15.8203,86.6602,-993.3398,0,0
17.869130,-15.8203,86.1328,-993.8672,0,0
17.873096,-15.8203,85.6055,-994.3945,0,0
17.877161,-15.8203,85.0781,-994.9219,0,0
17.881130,-15.8203,84.5508,-995.4492,0,0
17.885096,-15.8203,84.0234,-995.9766,0,0
17.889161,-15.8203,83.4961,-996.5039,0,0
17.893130,-15.8203,82.9688,-997.0312,0,0
17.897096,-15.8203,82.4414,-997.5586,0,0
17.901161,-15.8203,81.9141,-998.0859,0,0
17.906659,-15.8203,81.3867,-998.6133,0,0
17.909145,-15.8203,81.0352,-998.9648,0,0
17.913124,-15.8203,80.5078,-999.4922,0,0
17.917098,-15.8203,80.1562,-999.8438,0,0
17.921161,-15.8203,79.8047,-1000.1953,0,0
17.925130,-15.9961,79.4531,-1000.5469,0,0
17.929096,-15.9961,78.9258,-1001.0742,0,0
17.933161,-15.9961,78.7500,-1001.2500,0,0
17.937130,-15.9961,78.2227,-1001.7773,0,0
17.941096,-15.9961,78.0469,-1001.9531,0,0
17.945081,-15.9961,77.6953,-1002.3047,0,0
17.949153,-15.9961,77.3438,-1002.6562,0,0
17.953134,-15.9961,77.1680,-1002.8320,0,0
17.957104,-15.9961,76.8164,-1003.1836,0,0
17.961074,-15.9961,76.6406,-1003.3594,0,0
17.965142,-15.9961,76.4648,-1003.5352,0,0
17.969114,-15.9961,76.2891,-1003.7109,0,0
17.973082,-15.9961,76.1133,-1003.8867,0,0
17.977145,-15.9961,75.9375,-1004.0625,0,0
17.981116,-15.9961,75.9375,-1004.0625,0,0
17.985082,-15.9961,75.9375,-1004.0625,0,0
17.989145,-15.9961,75.7617,-1004.2383,0,0
17.993116,-15.9961,75.7617,-1004.2383,0,0
17.997082,-15.9961,75.7617,-1004.2383,0,0
18.001145,-15.9961,75.7617,-1004.2383,0,0
18.006618,-15.9961,75.9375,-1004.0625,0,0
18.009107,-15.9961,75.9375,-1004.0625,0,0
18.013082,-15.9961,75.9375,-1004.0625,0,0
18.017145,-15.9961,76.1133,-1003.8867,0,0
18.021116,-15.9961,76.2891,-1003.7109,0,0
18.025090,-15.9961,76.4648,-1003.5352,0,0
18.029156,-15.9961,76.6406,-1003.3594,0,0
18.033123,-15.9961,76.8164,-1003.1836,0,0
18.037090,-15.9961,76.9922,-1003.0078,0,0
18.041156,-15.9961,77.3438,-1002.6562,0,0
18.045123,-15.9961,77.6953,-1002.3047,0,0
18.049152,-15.9961,77.8711,-1002.1289,0,0
18.053134,-15.9961,78.2227,-1001.7773,0,0
18.057130,-15.9961,78.5742,-1001.4258,0,0
18.061096,-15.9961,78.9258,-1001.0742,0,0
18.065161,-15.9961,79.2773,-1000.7227,0,0
18.069130,-15.9961,79.6289,-1000.3711,0,0
18.073064,-15.9961,80.1562,-999.8438,0,0
18.077074,-15.9961,80.5078,-999.4922,0,0
18.081142,-15.9961,81.0352,-998.9648,0,0
18.085171,-15.9961,81.5625,-998.4375,0,0
18.089598,-15.9961,81.9141,-998.0859,0,0
18.093072,-15.9961,82.4414,-997.5586,0,0
18.097147,-15.9961,82.9688,-997.0312,0,0
18.101236,-15.9961,83.3203,-996.6797,0,0
18.107145,-15.9961,84.1992,-995.8008,0,0
18.109160,-15.9961,84.3750,-995.6250,0,0
18.113074,-15.9961,84.9023,-995.0977,0,0
18.117142,-15.9961,85.4297,-994.5703,0,0
18.121114,-15.9961,85.9570,-994.0430,0,0
18.125082,-15.9961,86.6602,-993.3398,0,0
18.129145,-15.9961,87.1875,-992.8125,0,0
18.133101,-15.9961,87.7148,-992.2852,0,0
18.137082,-15.9961,88.2422,-991.7578,0,0
18.141145,-15.9961,88.7695,-991.2305,0,0
18.145116,-15.9961,89.2969,-990.7031,0,0
18.149098,-15.9961,90.0000,-990.0000,0,0
18.153095,-15.8203,90.3516,-989.6484,0,0
18.157112,-15.8203,91.0547,-988.9453,0,0
18.161082,-15.8203,91.5820,-988.4180,0,0
18.165145,-15.8203,92.1094,-987.8906,0,0
18.169116,-15.8203,92.6367,-987.3633,0,0
18.173082,-15.8203,93.1641,-986.8359,0,0
18.177145,-15.8203,93.6914,-986.3086,0,0
18.181116,-15.8203,94.2188,-985.7812,0,0
18.185082,-15.8203,94.5703,-985.4297,0,0
18.189145,-15.8203,95.0977,-984.9023,0,0
18.193116,-15.8203,95.6250,-984.3750,0,0
18.197082,-15.8203,95.9766,-984.0234,0,0
18.201145,-15.8203,96.5039,-983.4961,0,0
18.206618,-15.8203,97.2070,-982.7930,0,0
18.209106,-15.8203,97.3828,-982.6172,0,0
18.213082,-15.8203,97.7344,-982.2656,0,0
18.217145,-15.8203,98.0859,-981.9141,0,0
18.221116,-15.8203,98.4375,-981.5625,0,0
18.225082,-15.8203,98.7891,-981.2109,0,0
18.229145,-15.8203,99.1406,-980.8594,0,0
18.233116,-15.8203,99.4922,-980.5078,0,0
18.237082,-15.8203,99.8438,-980.1562,0,0
18.241145,-15.8203,100.0195,-979.9805,0,0
18.245116,-15.8203,100.1953,-979.8047,0,0
18.249082,-15.8203,100.5469,-979.4531,0,0
18.253111,-15.8203,100.7227,-979.2773,0,0
18.257096,-15.8203,100.7227,-979.2773,0,0
18.261161,-15.8203,100.8984,-979.1016,0,0
18.265130,-15.8203,101.0742,-978.9258,0,0
18.269096,-15.8203,101.2500,-978.7500,0,0
18.273161,-15.8203,101.2500,-978.7500,0,0
18.277130,-15.8203,101.2500,-978.7500,0,0
18.281096,-15.8203,101.4258,-978.5742,0,0
18.285161,-15.8203,101.4258,-978.5742,0,0
18.289130,-15.8203,101.4258,-978.5742,0,0
18.293096,-15.8203,101.2500,-978.7500,0,0
18.297161,-15.8203,101.2500,-978.7500,0,0
18.301130,-15.8203,101.0742,-978.9258,0,0
18.306694,-15.8203,100.8984,-979.1016,0,0
18.309082,-15.8203,100.8984,-979.1016,0,0
18.313152,-15.8203,100.7227,-979.2773,0,0
18.317123,-15.8203,100.5469,-979.4531,0,0
18.321090,-15.8203,100.1953,-979.8047,0,0
18.325096,-15.8203,100.0195,-979.9805,0,0
18.329161,-15.8203,99.8438,-980.1562,0,0
18.333130,-15.8203,99.4922,-980.5078,0,0
18.337096,-15.8203,99.1406,-980.8594,0,0
18.341161,-15.8203,98.7891,-981.2109,0,0
18.345130,-15.8203,98.6133,-981.3867,0,0
18.349096,-15.8203,98.2617,-981.7383,0,0
18.353122,-15.8203,97.9102,-982.0898,0,0
18.357161,-15.8203,97.3828,-982.6172,0,0
18.361092,-15.8203,97.0312,-982.9688,0,0
18.365090,-15.8203,96.6797,-983.3203,0,0
18.369156,-15.8203,96.1523,-983.8477,0,0
18.373123,-15.8203,95.8008,-984.1992,0,0
18.377108,-15.8203,95.2734,-984.7266,0,0
18.381105,-15.8203,94.7461,-985.2539,0,0
18.385074,-15.8203,94.3945,-985.6055,0,0
18.389142,-15.8203,93.8672,-986.1328,0,0
18.393137,-15.8203,93.3398,-986.6602,0,0
18.397107,-15.8203,92.8125,-987.1875,0,0
18.401078,-15.8203,92.2852,-987.7148,0,0
18.406651,-15.8203,91.5820,-988.4180,0,0
18.409137,-15.8203,91.2305,-988.7695,0,0
18.413112,-15.8203,90.7031,-989.2969,0,0
18.417082,-15.8203,90.1758,-989.8242,0,0
18.421156,-15.8203,89.6484,-990.3516,0,0
18.425142,-15.8203,88.9453,-991.0547,0,0
18.429077,-15.8203,88.5938,-991.4062,0,0
18.434549,-15.8203,87.7148,-992.2852,0,0
18.437255,-15.8203,87.3633,-992.6367,0,0
18.441071,-15.8203,86.8359,-993.1641,0,0
18.445129,-15.8203,86.3086,-993.6914,0,0
18.449128,-15.8203,85.7812,-994.2188,0,0
18.453099,-15.8203,85.2539,-994.7461,0,0
18.457110,-15.8203,84.7266,-995.2734,0,0
18.461132,-15.8203,84.1992,-995.8008,0,0
18.465185,-15.8203,83.6719,-996.3281,0,0
18.469123,-15.8203,83.1445,-996.8555,0,0
18.473137,-15.8203,82.6172,-997.3828,0,0
18.477126,-15.8203,82.2656,-997.7344,0,0
18.481109,-15.8203,81.7383,-998.2617,0,0
18.485176,-15.8203,81.2109,-998.7891,0,0
18.489090,-15.8203,80.8594,-999.1406,0,0
18.493156,-15.8203,80.5078,-999.4922,0,0
18.497123,-15.9961,80.1562,-999.8438,0,0
18.501090,-15.9961,79.6289,-1000.3711,0,0
18.506919,-15.9961,79.1016,-1000.8984,0,0
18.509120,-15.9961,78.9258,-1001.0742,0,0
18.513097,-15.9961,78.5742,-1001.4258,0,0
18.517161,-15.9961,78.2227,-1001.7773,0,0
18.521130,-15.9961,78.0469,-1001.9531,0,0
18.525096,-15.9961,77.6953,-1002.3047,0,0
18.529161,-15.9961,77.5195,-1002.4805,0,0
18.533130,-15.9961,77.1680,-1002.8320,0,0
18.537096,-15.9961,76.9922,-1003.0078,0,0
18.541161,-15.9961,76.8164,-1003.1836,0,0
18.545130,-15.9961,76.6406,-1003.3594,0,0
18.549096,-15.9961,76.4648,-1003.5352,0,0
18.553070,-15.9961,76.2891,-1003.7109,0,0
18.557074,-15.9961,76.2891,-1003.7109,0,0
18.561160,-15.9961,76.2891,-1003.7109,0,0
18.565080,-15.9961,76.1133,-1003.8867,0,0
18.569145,-15.9961,76.1133,-1003.8867,0,0
18.573116,-15.9961,76.1133,-1003.8867,0,0
18.577082,-15.9961,76.1133,-1003.8867,0,0
18.581145,-15.9961,76.1133,-1003.8867,0,0
18.585116,-15.9961,76.2891,-1003.7109,0,0
18.589082,-15.9961,76.2891,-1003.7109,0,0
18.593145,-15.9961,76.4648,-1003.5352,0,0
18.597116,-15.9961,76.6406,-1003.3594,0,0
18.601082,-15.9961,76.8164,-1003.1836,0,0
18.606681,-15.9961,76.9922,-1003.0078,0,0
18.609071,-15.9961,77.1680,-1002.8320,0,0
18.613145,-15.9961,77.3438,-1002.6562,0,0
18.617115,-15.9961,77.6953,-1002.3047,0,0
18.621082,-15.9961,77.8711,-1002.1289,0,0
18.625145,-15.9961,78.2227,-1001.7773,0,0
18.629116,-15.9961,78.5742,-1001.4258,0,0
18.633082,-15.9961,78.9258,-1001.0742,0,0
18.637145,-15.9961,79.1016,-1000.8984,0,0
18.641116,-15.9961,79.6289,-1000.3711,0,0
18.645082,-15.9961,79.9805,-1000.0195,0,0
18.649145,-15.9961,80.3320,-999.6680,0,0
18.653128,-15.9961,80.8594,-999.1406,0,0
18.657096,-15.9961,81.2109,-998.7891,0,0
18.661161,-15.9961,81.7383,-998.2617,0,0
18.665097,-15.9961,82.0898,-997.9102,0,0
18.669090,-15.9961,82.6172,-997.3828,0,0
18.673156,-15.9961,83.1445,-996.8555,0,0
18.677123,-15.9961,83.6719,-996.3281,0,0
18.681090,-15.9961,84.0234,-995.9766,0,0
18.685156,-15.9961,84.5508,-995.4492,0,0
18.689123,-15.9961,85.0781,-994.9219,0,0
18.693090,-15.9961,85.6055,-994.3945,0,0
18.697156,-15.9961,86.1328,-993.8672,0,0
18.701123,-15.9961,86.6602,-993.3398,0,0
18.706689,-15.9961,87.3633,-992.6367,0,0
18.709080,-15.9961,87.7148,-992.2852,0,0
18.713152,-15.9961,88.2422,-991.7578,0,0
18.717091,-15.9961,88.7695,-991.2305,0,0
18.721139,-15.9961,89.4727,-990.5273,0,0
18.726477,-15.9961,90.1758,-989.8242,0,0
18.729151,-15.9961,90.3516,-989.6484,0,0
18.733161,-15.9961,91.0547,-988.9453,0,0
18.737143,-15.9961,91.5820,-988.4180,0,0
18.741091,-15.9961,92.1094,-987.8906,0,0
18.745145,-15.9961,92.4609,-987.5391,0,0
18.749115,-15.9961,92.9883,-987.0117,0,0
18.753091,-15.9961,93.5156,-986.4844,0,0
18.757097,-15.9961,94.0430,-985.9570,0,0
18.761161,-15.9961,94.5703,-985.4297,0,0
18.765119,-15.8203,94.9219,-985.0781,0,0
18.769128,-15.8203,95.4492,-984.5508,0,0
18.773096,-15.8203,95.8008,-984.1992,0,0
18.777161,-15.8203,96.3281,-983.6719,0,0
18.781130,-15.8203,96.6797,-983.3203,0,0
18.785122,-15.8203,97.2070,-982.7930,0,0
18.789141,-15.8203,97.5586,-982.4414,0,0
18.793112,-15.8203,97.9102,-982.0898,0,0
18.797082,-15.8203,98.2617,-981.7383,0,0
18.801145,-15.8203,98.6133,-981.3867,0,0
18.806889,-15.8203,98.9648,-981.0352,0,0
18.809090,-15.8203,99.1406,-980.8594,0,0
18.813161,-15.8203,99.4922,-980.5078,0,0
18.817130,-15.8203,99.6680,-980.3320,0,0
18.821096,-15.8203,99.8438,-980.1562,0,0
18.825161,-15.8203,100.1953,-979.8047,0,0
18.829130,-15.8203,100.1953,-979.8047,0,0
18.833096,-15.8203,100.5469,-979.4531,0,0
18.837161,-15.8203,100.5469,-979.4531,0,0
18.841130,-15.8203,100.7227,-979.2773,0,0
18.845096,-15.8203,100.7227,-979.2773,0,0
18.849161,-15.8203,100.8984,-979.1016,0,0
18.853139,-15.8203,100.8984,-979.1016,0,0
18.857107,-15.8203,100.8984,-979.1016,0,0
18.861080,-15.8203,100.8984,-979.1016,0,0
18.865124,-15.8203,100.8984,-979.1016,0,0
18.869130,-15.8203,100.8984,-979.1016,0,0
18.873074,-15.8203,100.7227,-979.2773,0,0
18.877142,-15.8203,100.7227,-979.2773,0,0
18.881114,-15.8203,100.5469,-979.4531,0,0
18.885082,-15.8203,100.5469,-979.4531,0,0
18.889145,-15.8203,100.1953,-979.8047,0,0
18.893116,-15.8203,100.0195,-979.9805,0,0
18.897082,-15.8203,99.8438,-980.1562,0,0
18.901145,-15.8203,99.6680,-980.3320,0,0
18.906618,-15.8203,99.3164,-980.6836,0,0
18.909107,-15.8203,99.1406,-980.8594,0,0
18.913082,-15.8203,98.7891,-981.2109,0,0
18.917145,-15.8203,98.6133,-981.3867,0,0
18.921116,-15.8203,98.2617,-981.7383,0,0
18.925082,-15.8203,97.9102,-982.0898,0,0
18.929145,-15.8203,97.5586,-982.4414,0,0
18.933116,-15.8203,97.2070,-982.7930,0,0
18.937082,-15.8203,96.6797,-983.3203,0,0
18.941145,-15.8203,96.3281,-983.6719,0,0
18.945116,-15.8203,95.9766,-984.0234,0,0
18.949082,-15.8203,95.4492,-984.5508,0,0
18.953163,-15.8203,95.0977,-984.9023,0,0
18.957137,-15.8203,94.5703,-985.4297,0,0
18.961107,-15.8203,94.0430,-985.9570,0,0
18.965081,-15.8203,93.6914,-986.3086,0,0
18.969130,-15.8203,93.1641,-986.8359,0,0
18.973123,-15.8203,92.6367,-987.3633,0,0
18.977090,-15.8203,92.1094,-987.8906,0,0
18.981156,-15.8203,91.5820,-988.4180,0,0
18.985123,-15.8203,91.0547,-988.9453,0,0
18.989090,-15.8203,90.5273,-989.4727,0,0
18.993151,-15.8203,90.0000,-990.0000,0,0
18.997104,-15.8203,89.4727,-990.5273,0,0
19.001119,-15.8203,88.9453,-991.0547,0,0
19.006687,-15.8203,88.2422,-991.7578,0,0
19.009074,-15.8203,87.8906,-992.1094,0,0
19.013162,-15.8203,87.3633,-992.6367,0,0
19.017071,-15.8203,86.8359,-993.1641,0,0
19.021147,-15.8203,86.3086,-993.6914,0,0
19.025145,-15.8203,85.7812,-994.2188,0,0
19.029140,-15.8203,85.2539,-994.7461,0,0
19.033562,-15.8203,84.7266,-995.2734,0,0
19.037464,-15.8203,84.1992,-995.8008,0,0
19.041068,-15.8203,83.8477,-996.1523,0,0
19.045104,-15.8203,83.3203,-996.6797,0,0
19.049135,-15.8203,82.7930,-997.2070,0,0
19.053154,-15.8203,82.4414,-997.5586,0,0
19.057145,-15.9961,81.9141,-998.0859,0,0
19.061157,-15.9961,81.5625,-998.4375,0,0
19.065122,-15.9961,81.0352,-998.9648,0,0
19.069161,-15.9961,80.6836,-999.3164,0,0
19.073107,-15.9961,80.3320,-999.6680,0,0
19.077142,-15.9961,79.9805,-1000.0195,0,0
19.081087,-15.9961,79.6289,-1000.3711,0,0
19.085152,-15.9961,79.2773,-1000.7227,0,0
19.089145,-15.9961,78.9258,-1001.0742,0,0
19.093115,-15.9961,78.5742,-1001.4258,0,0
19.097082,-15.9961,78.3984,-1001.6016,0,0
19.101146,-15.9961,78.0469,-1001.9531,0,0
19.107173,-15.9961,77.6953,-1002.3047,0,0
19.109102,-15.9961,77.5195,-1002.4805,0,0
19.113074,-15.9961,77.3438,-1002.6562,0,0
19.117142,-15.9961,77.1680,-1002.8320,0,0
19.121114,-15.9961,76.9922,-1003.0078,0,0
19.125082,-15.9961,76.9922,-1003.0078,0,0
19.129145,-15.9961,76.8164,-1003.1836,0,0
19.133116,-15.9961,76.6406,-1003.3594,0,0
19.137082,-15.9961,76.6406,-1003.3594,0,0
19.141145,-15.9961,76.6406,-1003.3594,0,0
19.145115,-15.9961,76.6406,-1003.3594,0,0
19.149082,-15.9961,76.6406,-1003.3594,0,0
19.153162,-15.9961,76.6406,-1003.3594,0,0
19.157137,-15.9961,76.6406,-1003.3594,0,0
19.161107,-15.9961,76.6406,-1003.3594,0,0
19.165078,-15.9961,76.8164,-1003.1836,0,0
19.169145,-15.9961,76.8164,-1003.1836,0,0
19.173125,-15.9961,76.9922,-1003.0078,0,0
19.177096,-15.9961,77.1680,-1002.8320,0,0
19.181161,-15.9961,77.3438,-1002.6562,0,0
19.185130,-15.9961,77.5195,-1002.4805,0,0
19.189146,-15.9961,77.6953,-1002.3047,0,0
19.193115,-15.9961,78.0469,-1001.9531,0,0
19.197082,-15.9961,78.2227,-1001.7773,0,0
19.201145,-15.9961,78.5742,-1001.4258,0,0
19.206618,-15.9961,78.9258,-1001.0742,0,0
19.209107,-15.9961,79.1016,-1000.8984,0,0
19.213082,-15.9961,79.6289,-1000.3711,0,0
19.217145,-15.9961,79.8047,-1000.1953,0,0
19.221116,-15.9961,80.3320,-999.6680,0,0
19.225082,-15.9961,80.6836,-999.3164,0,0
19.229145,-15.9961,81.0352,-998.9648,0,0
19.233116,-15.9961,81.5625,-998.4375,0,0
19.237082,-15.9961,81.9141,-998.0859,0,0
19.241145,-15.9961,82.4414,-997.5586,0,0
19.245137,-15.9961,82.7930,-997.2070,0,0
19.249107,-15.9961,83.3203,-996.6797,0,0
19.253094,-15.9961,83.6719,-996.3281,0,0
19.257160,-15.9961,84.1992,-995.8008,0,0
19.261130,-15.9961,84.7266,-995.2734,0,0
19.265096,-15.9961,85.2539,-994.7461,0,0
19.269161,-15.9961,85.7812,-994.2188,0,0
19.273130,-15.9961,86.1328,-993.8672,0,0
19.277152,-15.9961,86.8359,-993.1641,0,0
19.281145,-15.9961,87.3633,-992.6367,0,0
19.285115,-15.9961,87.8906,-992.1094,0,0
19.289082,-15.9961,88.2422,-991.7578,0,0
19.293145,-15.9961,88.9453,-991.0547,0,0
19.297116,-15.9961,89.4727,-990.5273,0,0
19.301082,-15.9961,90.0000,-990.0000,0,0
19.306648,-15.9961,90.7031,-989.2969,0,0
19.309160,-15.9961,90.8789,-989.1211,0,0
19.313112,-15.9961,91.4062,-988.5938,0,0
19.317123,-15.9961,91.9336,-988.0664,0,0
19.321112,-15.9961,92.4609,-987.5391,0,0
19.325082,-15.9961,92.9883,-987.0117,0,0
19.329145,-15.9961,93.5156,-986.4844,0,0
19.333127,-15.9961,93.8672,-986.1328,0,0
19.337096,-15.9961,94.3945,-985.6055,0,0
19.341161,-15.9961,94.9219,-985.0781,0,0
19.345145,-15.9961,95.2734,-984.7266,0,0
19.349116,-15.9961,95.6250,-984.3750,0,0
19.353091,-15.9961,96.1523,-983.8477,0,0
19.357098,-15.9961,96.5039,-983.4961,0,0
19.361102,-15.9961,96.8555,-983.1445,0,0
19.365116,-15.9961,97.2070,-982.7930,0,0
19.369108,-15.9961,97.5586,-982.4414,0,0
19.373082,-15.9961,97.9102,-982.0898,0,0
19.377145,-15.8203,98.2617,-981.7383,0,0
19.381095,-15.8203,98.6133,-981.3867,0,0
19.386714,-15.8203,98.9648,-981.0352,0,0
19.389095,-15.8203,99.1406,-980.8594,0,0
19.393138,-15.8203,99.3164,-980.6836,0,0
19.397104,-15.8203,99.4922,-980.5078,0,0
19.401125,-15.8203,99.6680,-980.3320,0,0
19.406976,-15.8203,100.0195,-979.9805,0,0
19.409097,-15.8203,100.0195,-979.9805,0,0
19.413160,-15.8203,100.1953,-979.8047,0,0
19.417124,-15.8203,100.1953,-979.8047,0,0
19.421104,-15.8203,100.3711,-979.6289,0,0
19.425070,-15.8203,100.5469,-979.4531,0,0
19.429090,-15.8203,100.5469,-979.4531,0,0
19.433071,-15.8203,100.5469,-979.4531,0,0
19.437135,-15.8203,100.5469,-979.4531,0,0
19.441102,-15.8203,100.5469,-979.4531,0,0
19.445070,-15.8203,100.5469,-979.4531,0,0
19.449130,-15.8203,100.3711,-979.6289,0,0
19.453160,-15.8203,100.3711,-979.6289,0,0
19.457119,-15.8203,100.1953,-979.8047,0,0
19.461142,-15.8203,100.0195,-979.9805,0,0
19.465111,-15.8203,99.8438,-980.1562,0,0
19.469082,-15.8203,99.6680,-980.3320,0,0
19.473161,-15.8203,99.4922,-980.5078,0,0
19.477123,-15.8203,99.3164,-980.6836,0,0
19.481156,-15.8203,99.1406,-980.8594,0,0
19.485152,-15.8203,98.7891,-981.2109,0,0
19.489123,-15.8203,98.6133,-981.3867,0,0
19.493090,-15.8203,98.2617,-981.7383,0,0
19.497156,-15.8203,97.9102,-982.0898,0,0
19.501123,-15.8203,97.5586,-982.4414,0,0
19.506714,-15.8203,97.0312,-982.9688,0,0
19.509106,-15.8203,96.8555,-983.1445,0,0
19.513082,-15.8203,96.5039,-983.4961,0,0
19.517145,-15.8203,95.9766,-984.0234,0,0
19.521116,-15.8203,95.6250,-984.3750,0,0
19.525082,-15.8203,95.2734,-984.7266,0,0
19.529145,-15.8203,94.7461,-985.2539,0,0
19.533116,-15.8203,94.3945,-985.6055,0,0
19.537082,-15.8203,93.8672,-986.1328,0,0
19.541145,-15.8203,93.5156,-986.4844,0,0
19.545116,-15.8203,92.9883,-987.0117,0,0
19.549082,-15.8203,92.4609,-987.5391,0,0
19.553158,-15.8203,91.9336,-988.0664,0,0
19.557130,-15.8203,91.4062,-988.5938,0,0
19.561106,-15.8203,90.8789,-989.1211,0,0
19.565074,-15.8203,90.3516,-989.6484,0,0
19.569141,-15.8203,90.0000,-990.0000,0,0
19.573111,-15.8203,89.4727,-990.5273,0,0
19.577082,-15.8203,88.9453,-991.0547,0,0
19.581145,-15.8203,88.4180,-991.5820,0,0
19.585161,-15.8203,87.8906,-992.1094,0,0
19.589152,-15.9961,87.3633,-992.6367,0,0
19.593123,-15.9961,86.8359,-993.1641,0,0
19.597090,-15.9961,86.4844,-993.5156,0,0
19.601156,-15.9961,85.9570,-994.0430,0,0
19.606626,-15.9961,85.2539,-994.7461,0,0
19.609114,-15.9961,84.9023,-995.0977,0,0
19.613090,-15.9961,84.3750,-995.6250,0,0
19.617156,-15.9961,84.0234,-995.9766,0,0
19.621123,-15.9961,83.4961,-996.5039,0,0
19.625090,-15.9961,82.9688,-997.0312,0,0
19.629156,-15.9961,82.6172,-997.3828,0,0
19.633123,-15.9961,82.2656,-997.7344,0,0
19.637090,-15.9961,81.7383,-998.2617,0,0
19.641156,-15.9961,81.3867,-998.6133,0,0
19.645123,-15.9961,81.0352,-998.9648,0,0
19.649090,-15.9961,80.5078,-999.4922,0,0
19.653064,-15.9961,80.1562,-999.8438,0,0
19.657137,-15.9961,79.8047,-1000.1953,0,0
19.661106,-15.9961,79.6289,-1000.3711,0,0
19.665078,-15.9961,79.2773,-1000.7227,0,0
19.669145,-15.9961,78.9258,-1001.0742,0,0
19.673116,-15.9961,78.7500,-1001.2500,0,0
19.677082,-15.9961,78.3984,-1001.6016,0,0
19.681145,-15.9961,78.2227,-1001.7773,0,0
19.685116,-15.9961,78.0469,-1001.9531,0,0
19.689123,-15.9961,77.6953,-1002.3047,0,0
19.693119,-15.9961,77.5195,-1002.4805,0,0
19.697090,-15.9961,77.5195,-1002.4805,0,0
19.701156,-15.9961,77.3438,-1002.6562,0,0
19.706777,-15.9961,77.1680,-1002.8320,0,0
19.709155,-15.9961,76.9922,-1003.0078,0,0
19.713137,-15.9961,76.9922,-1003.0078,0,0
19.717106,-15.9961,76.9922,-1003.0078,0,0
19.721078,-16.1719,76.9922,-1003.0078,0,0
19.725146,-16.1719,76.9922,-1003.0078,0,0
19.729134,-16.1719,76.9922,-1003.0078,0,0
19.733104,-16.1719,76.9922,-1003.0078,0,0
19.737074,-16.1719,76.9922,-1003.0078,0,0
19.741068,-16.1719,77.1680,-1002.8320,0,0
19.745080,-16.1719,77.3438,-1002.6562,0,0
19.749145,-16.1719,77.3438,-1002.6562,0,0
19.753127,-16.1719,77.5195,-1002.4805,0,0
19.757096,-16.1719,77.6953,-1002.3047,0,0
19.761068,-16.1719,77.8711,-1002.1289,0,0
19.765164,-16.1719,78.0469,-1001.9531,0,0
19.769156,-16.1719,78.3984,-1001.6016,0,0
19.773072,-16.1719,78.5742,-1001.4258,0,0
19.777137,-16.1719,78.9258,-1001.0742,0,0
19.781131,-16.1719,79.1016,-1000.8984,0,0
19.785097,-16.1719,79.4531,-1000.5469,0,0
19.789138,-16.1719,79.8047,-1000.1953,0,0
19.793136,-16.1719,80.1562,-999.8438,0,0
19.797104,-16.1719,80.5078,-999.4922,0,0
19.801073,-16.1719,80.8594,-999.1406,0,0
19.806923,-16.1719,81.5625,-998.4375,0,0
19.809132,-16.1719,81.7383,-998.2617,0,0
19.813104,-16.1719,82.0898,-997.9102,0,0
19.817073,-16.1719,82.6172,-997.3828,0,0
19.821161,-16.1719,82.9688,-997.0312,0,0
19.825112,-16.1719,83.3203,-996.6797,0,0
19.829169,-16.1719,83.8477,-996.1523,0,0
19.833137,-16.1719,84.3750,-995.6250,0,0
19.837124,-16.1719,84.7266,-995.2734,0,0
19.841140,-15.9961,85.2539,-994.7461,0,0
19.845137,-15.9961,85.7812,-994.2188,0,0
19.849106,-15.9961,86.3086,-993.6914,0,0
19.853085,-15.9961,86.8359,-993.1641,0,0
19.857090,-15.9961,87.3633,-992.6367,0,0
19.861167,-15.9961,87.8906,-992.1094,0,0
19.865090,-15.9961,88.2422,-991.7578,0,0
19.869156,-15.9961,88.7695,-991.2305,0,0
19.873123,-15.9961,89.2969,-990.7031,0,0
19.877090,-15.9961,89.8242,-990.1758,0,0
19.881156,-15.9961,90.3516,-989.6484,0,0
19.885123,-15.9961,90.8789,-989.1211,0,0
19.889090,-15.9961,91.4062,-988.5938,0,0
19.893102,-15.9961,91.7578,-988.2422,0,0
19.897119,-15.9961,92.2852,-987.7148,0,0
19.901090,-15.9961,92.8125,-987.1875,0,0
19.906680,-15.9961,93.5156,-986.4844,0,0
19.909071,-15.9961,93.6914,-986.3086,0,0
19.913145,-15.9961,94.2188,-985.7812,0,0
19.917116,-15.9961,94.5703,-985.4297,0,0
19.921082,-15.9961,95.0977,-984.9023,0,0
19.925145,-15.9961,95.4492,-984.5508,0,0
19.929116,-15.9961,95.8008,-984.1992,0,0
19.933082,-15.9961,96.3281,-983.6719,0,0
19.937145,-15.9961,96.6797,-983.3203,0,0
19.941116,-15.9961,97.0312,-982.9688,0,0
19.945082,-15.9961,97.3828,-982.6172,0,0
19.949145,-15.9961,97.7344,-982.2656,0,0
19.953128,-15.9961,97.9102,-982.0898,0,0
19.957104,-15.9961,98.2617,-981.7383,0,0
19.961074,-15.9961,98.4375,-981.5625,0,0
19.965141,-15.9961,98.7891,-981.2109,0,0
19.969112,-15.9961,98.9648,-981.0352,0,0
19.973082,-15.9961,99.1406,-980.8594,0,0
19.977145,-15.9961,99.3164,-980.6836,0,0
19.981116,-15.9961,99.4922,-980.5078,0,0
19.985082,-15.9961,99.6680,-980.3320,0,0
19.989145,-15.9961,99.8438,-980.1562,0,0
19.993069,-15.9961,99.8438,-980.1562,0,0
19.997074,-15.8203,100.0195,-979.9805,0,0
20.001141,-15.8203,100.0195,-979.9805,0,0
20.006711,-15.8203,100.1953,-979.8047,0,0
20.009101,-15.8203,100.1953,-979.8047,0,0
20.013074,-15.8203,100.1953,-979.8047,0,0
20.017141,-15.8203,100.1953,-979.8047,0,0
20.021112,-15.8203,100.0195,-979.9805,0,0
20.025082,-15.8203,100.0195,-979.9805,0,0
20.029145,-15.8203,99.8438,-980.1562,0,0
20.033116,-15.8203,99.8438,-980.1562,0,0
20.037082,-15.8203,99.6680,-980.3320,0,0
20.041145,-15.8203,99.4922,-980.5078,0,0
20.045116,-15.8203,99.3164,-980.6836,0,0
20.049082,-15.8203,99.1406,-980.8594,0,0
20.053156,-15.8203,98.9648,-981.0352,0,0
20.057123,-15.8203,98.7891,-981.2109,0,0
20.061090,-15.8203,98.4375,-981.5625,0,0
20.065156,-15.8203,98.2617,-981.7383,0,0
20.069123,-15.8203,97.9102,-982.0898,0,0
20.073090,-15.8203,97.5586,-982.4414,0,0
20.077151,-15.8203,97.2070,-982.7930,0,0
20.081106,-15.8203,97.0312,-982.9688,0,0
20.085152,-15.8203,96.5039,-983.4961,0,0
20.089123,-15.8203,96.3281,-983.6719,0,0
20.093090,-15.8203,95.8008,-984.1992,0,0
20.097109,-15.8203,95.4492,-984.5508,0,0
20.101123,-15.8203,95.0977,-984.9023,0,0
20.110895,-15.8203,93.8672,-986.1328,0,0
20.111455,-15.8203,93.8672,-986.1328,0,0
20.113160,-15.8203,93.6914,-986.3086,0,0
20.117104,-15.8203,93.1641,-986.8359,0,0
20.121090,-15.8203,92.8125,-987.1875,0,0
20.125152,-15.8203,92.2852,-987.7148,0,0
20.129120,-15.8203,91.7578,-988.2422,0,0
20.133090,-15.8203,91.4062,-988.5938,0,0
20.137133,-15.8203,90.8789,-989.1211,0,0
20.141159,-15.8203,90.3516,-989.6484,0,0
20.145130,-15.8203,89.8242,-990.1758,0,0
20.149139,-15.8203,89.4727,-990.5273,0,0
20.153122,-15.8203,88.9453,-991.0547,0,0
20.157124,-15.8203,88.4180,-991.5820,0,0
20.161138,-15.8203,87.8906,-992.1094,0,0
20.165107,-15.8203,87.3633,-992.6367,0,0
20.169078,-15.8203,86.8359,-993.1641,0,0
20.173090,-15.8203,86.4844,-993.5156,0,0
20.177096,-15.8203,85.9570,-994.0430,0,0
20.181161,-15.8203,85.4297,-994.5703,0,0
20.185130,-15.9961,85.0781,-994.9219,0,0
20.189096,-15.9961,84.5508,-995.4492,0,0
20.193161,-15.9961,84.0234,-995.9766,0,0
20.197130,-15.9961,83.6719,-996.3281,0,0
20.201121,-15.9961,83.1445,-996.8555,0,0
20.205071,-15.9961,82.7930,-997.2070,0,0
20.209723,-15.9961,82.2656,-997.7344,0,0
20.213104,-15.9961,81.9141,-998.0859,0,0
20.217074,-15.9961,81.5625,-998.4375,0,0
20.221142,-15.9961,81.2109,-998.7891,0,0
20.225114,-15.9961,80.8594,-999.1406,0,0
20.229082,-15.9961,80.5078,-999.4922,0,0
20.233145,-15.9961,80.1562,-999.8438,0,0
20.237116,-15.9961,79.8047,-1000.1953,0,0
20.241082,-15.9961,79.4531,-1000.5469,0,0
20.245145,-15.9961,79.2773,-1000.7227,0,0
20.249116,-15.9961,78.9258,-1001.0742,0,0
20.253098,-15.9961,78.7500,-1001.2500,0,0
20.257161,-15.9961,78.3984,-1001.6016,0,0
20.261130,-15.9961,78.2227,-1001.7773,0,0
20.265096,-15.9961,78.0469,-1001.9531,0,0
20.269161,-15.9961,78.0469,-1001.9531,0,0
20.273130,-15.9961,77.6953,-1002.3047,0,0
20.277096,-15.9961,77.6953,-1002.3047,0,0
20.281161,-15.9961,77.5195,-1002.4805,0,0
20.285130,-15.9961,77.5195,-1002.4805,0,0
20.289096,-15.9961,77.5195,-1002.4805,0,0
20.293161,-15.9961,77.3438,-1002.6562,0,0
20.297130,-15.9961,77.3438,-1002.6562,0,0
20.301146,-15.9961,77.3438,-1002.6562,0,0
20.305137,-15.9961,77.3438,-1002.6562,0,0
20.309626,-15.9961,77.3438,-1002.6562,0,0
20.313096,-15.9961,77.5195,-1002.4805,0,0
20.317161,-15.9961,77.5195,-1002.4805,0,0
20.321130,-15.9961,77.6953,-1002.3047,0,0
20.325096,-15.9961,77.6953,-1002.3047,0,0
20.329104,-15.9961,78.0469,-1001.9531,0,0
20.333074,-15.9961,78.0469,-1001.9531,0,0
20.337142,-15.9961,78.2227,-1001.7773,0,0
20.341114,-15.9961,78.3984,-1001.6016,0,0
20.345082,-15.9961,78.7500,-1001.2500,0,0
20.349145,-15.9961,78.9258,-1001.0742,0,0
20.353128,-15.9961,79.2773,-1000.7227,0,0
20.357096,-15.9961,79.6289,-1000.3711,0,0
20.361177,-15.9961,79.8047,-1000.1953,0,0
20.365145,-15.9961,80.1562,-999.8438,0,0
20.369116,-15.9961,80.5078,-999.4922,0,0
20.373082,-15.9961,80.8594,-999.1406,0,0
20.377145,-15.9961,81.2109,-998.7891,0,0
20.381116,-15.9961,81.5625,-998.4375,0,0
20.385082,-15.9961,81.9141,-998.0859,0,0
20.389145,-15.9961,82.4414,-997.5586,0,0
20.393116,-15.9961,82.7930,-997.2070,0,0
20.397091,-15.9961,83.3203,-996.6797,0,0
20.401135,-15.9961,83.6719,-996.3281,0,0
20.405126,-15.9961,84.0234,-995.9766,0,0
20.413233,-15.9961,85.0781,-994.9219,0,0
20.414241,-15.9961,85.2539,-994.7461,0,0
20.417094,-15.9961,85.4297,-994.5703,0,0
20.421074,-15.9961,85.9570,-994.0430,0,0
20.425143,-15.9961,86.4844,-993.5156,0,0
20.429131,-15.9961,86.8359,-993.1641,0,0
20.433270,-15.9961,87.3633,-992.6367,0,0
20.437145,-15.9961,87.8906,-992.1094,0,0
20.441152,-15.9961,88.4180,-991.5820,0,0
20.445161,-15.9961,88.9453,-991.0547,0,0
20.449073,-15.9961,89.2969,-990.7031,0,0
20.453099,-15.9961,89.8242,-990.1758,0,0
20.457090,-15.9961,90.3516,-989.6484,0,0
20.461156,-15.9961,90.8789,-989.1211,0,0
20.465123,-15.9961,91.4062,-988.5938,0,0
20.469090,-15.9961,91.7578,-988.2422,0,0
20.473156,-15.9961,92.2852,-987.7148,0,0
20.477123,-15.9961,92.8125,-987.1875,0,0
20.481090,-15.9961,93.1641,-986.8359,0,0
20.485156,-15.9961,93.6914,-986.3086,0,0
20.489123,-15.9961,94.0430,-985.9570,0,0
20.493090,-15.9961,94.3945,-985.6055,0,0
20.497156,-15.8203,94.9219,-985.0781,0,0
20.501123,-15.8203,95.2734,-984.7266,0,0
20.505139,-15.8203,95.6250,-984.3750,0,0
20.509832,-15.8203,95.9766,-984.0234,0,0
20.513128,-15.8203,96.3281,-983.6719,0,0
20.517141,-15.8203,96.6797,-983.3203,0,0
20.521112,-15.8203,97.0312,-982.9688,0,0
20.525082,-15.8203,97.3828,-982.6172,0,0
20.529145,-15.8203,97.7344,-982.2656,0,0
20.533116,-15.8203,97.9102,-982.0898,0,0
20.537082,-15.8203,98.0859,-981.9141,0,0
20.541145,-15.8203,98.4375,-981.5625,0,0
20.545116,-15.8203,98.6133,-981.3867,0,0
20.549082,-15.8203,98.7891,-981.2109,0,0
20.553156,-15.8203,99.1406,-980.8594,0,0
20.557123,-15.8203,99.1406,-980.8594,0,0
20.561090,-15.8203,99.3164,-980.6836,0,0
20.565156,-15.8203,99.4922,-980.5078,0,0
20.569123,-15.8203,99.4922,-980.5078,0,0
20.573090,-15.8203,99.6680,-980.3320,0,0
20.577156,-15.8203,99.6680,-980.3320,0,0
20.581123,-15.8203,99.8438,-980.1562,0,0
20.585090,-15.8203,99.8438,-980.1562,0,0
20.589156,-15.8203,99.8438,-980.1562,0,0
20.593123,-15.8203,99.8438,-980.1562,0,0
20.597090,-15.8203,99.6680,-980.3320,0,0
20.601156,-15.8203,99.6680,-980.3320,0,0
20.605123,-15.8203,99.4922,-980.5078,0,0
20.609701,-15.8203,99.4922,-980.5078,0,0
20.613080,-15.8203,99.3164,-980.6836,0,0
20.617145,-15.8203,99.1406,-980.8594,0,0
20.621137,-15.8203,98.9648,-981.0352,0,0
20.625106,-15.8203,98.7891,-981.2109,0,0
20.629078,-15.8203,98.6133,-981.3867,0,0
20.633145,-15.8203,98.4375,-981.5625,0,0
20.637116,-15.8203,98.0859,-981.9141,0,0
20.641082,-15.8203,97.9102,-982.0898,0,0
20.645155,-15.8203,97.5586,-982.4414,0,0
20.649123,-15.8203,97.3828,-982.6172,0,0
20.653094,-15.8203,97.0312,-982.9688,0,0
20.657160,-15.8203,96.6797,-983.3203,0,0
20.661130,-15.8203,96.3281,-983.6719,0,0
20.665096,-15.8203,95.9766,-984.0234,0,0
20.669161,-15.8203,95.6250,-984.3750,0,0
20.673130,-15.8203,95.0977,-984.9023,0,0
20.677096,-15.8203,94.7461,-985.2539,0,0
20.681161,-15.8203,94.3945,-985.6055,0,0
20.685099,-15.8203,93.8672,-986.1328,0,0
20.689097,-15.8203,93.5156,-986.4844,0,0
20.693161,-15.8203,92.9883,-987.0117,0,0
20.697127,-15.8203,92.6367,-987.3633,0,0
20.701100,-15.8203,92.1094,-987.8906,0,0
20.705145,-15.8203,91.7578,-988.2422,0,0
20.709677,-15.8203,91.0547,-988.9453,0,0
20.713071,-15.8203,90.7031,-989.2969,0,0
20.719817,-15.8203,90.0000,-990.0000,0,0
20.721103,-15.8203,89.8242,-990.1758,0,0
20.725113,-15.8203,89.2969,-990.7031,0,0
20.729102,-15.8203,88.9453,-991.0547,0,0
20.733075,-15.8203,88.4180,-991.5820,0,0
20.737595,-15.8203,87.8906,-992.1094,0,0
20.741119,-15.8203,87.3633,-992.6367,0,0
20.745071,-15.8203,87.0117,-992.9883,0,0
20.749131,-15.8203,86.4844,-993.5156,0,0
20.753085,-15.8203,85.9570,-994.0430,0,0
20.757090,-15.8203,85.6055,-994.3945,0,0
20.761156,-15.8203,85.0781,-994.9219,0,0
20.765123,-15.8203,84.5508,-995.4492,0,0
20.769090,-15.8203,84.1992,-995.8008,0,0
20.773156,-15.8203,83.6719,-996.3281,0,0
20.777123,-15.8203,83.3203,-996.6797,0,0
20.781090,-15.8203,82.9688,-997.0312,0,0
20.785156,-15.8203,82.4414,-997.5586,0,0
20.789123,-15.9961,82.0898,-997.9102,0,0
20.793090,-15.9961,81.7383,-998.2617,0,0
20.797156,-15.9961,81.3867,-998.6133,0,0
20.801123,-15.9961,81.0352,-998.9648,0,0
20.805090,-15.9961,80.6836,-999.3164,0,0
20.809923,-15.9961,80.3320,-999.6680,0,0
20.813106,-15.9961,79.9805,-1000.0195,0,0
20.817124,-15.9961,79.8047,-1000.1953,0,0
20.821094,-15.9961,79.4531,-1000.5469,0,0
20.825160,-15.9961,79.1016,-1000.8984,0,0
20.829130,-15.9961,78.9258,-1001.0742,0,0
20.833096,-15.9961,78.7500,-1001.2500,0,0
20.837161,-15.9961,78.5742,-1001.4258,0,0
20.841130,-15.9961,78.3984,-1001.6016,0,0
20.845096,-15.9961,78.2227,-1001.7773,0,0
20.849161,-15.9961,78.0469,-1001.9531,0,0
20.853144,-15.9961,78.0469,-1001.9531,0,0
20.857113,-15.9961,77.8711,-1002.1289,0,0
20.861086,-15.9961,77.8711,-1002.1289,0,0
20.865121,-15.9961,77.6953,-1002.3047,0,0
20.869090,-15.9961,77.6953,-1002.3047,0,0
20.873156,-15.9961,77.6953,-1002.3047,0,0
20.877123,-15.9961,77.6953,-1002.3047,0,0
20.881090,-15.9961,77.6953,-1002.3047,0,0
20.885156,-15.9961,77.6953,-1002.3047,0,0
20.889123,-15.9961,77.8711,-1002.1289,0,0
20.893090,-15.9961,77.8711,-1002.1289,0,0
20.897156,-15.9961,78.0469,-1001.9531,0,0
20.901123,-15.9961,78.2227,-1001.7773,0,0
20.905090,-15.9961,78.2227,-1001.7773,0,0
20.909672,-15.9961,78.3984,-1001.6016,0,0
20.913145,-15.9961,78.7500,-1001.2500,0,0
20.917107,-15.9961,78.9258,-1001.0742,0,0
20.921078,-15.9961,79.1016,-1000.8984,0,0
20.925145,-15.9961,79.4531,-1000.5469,0,0
20.929116,-15.9961,79.6289,-1000.3711,0,0
20.933082,-15.9961,79.8047,-1000.1953,0,0
20.937160,-15.9961,80.1562,-999.8438,0,0
20.941130,-15.9961,80.5078,-999.4922,0,0
20.945096,-15.9961,80.8594,-999.1406,0,0
20.949161,-15.9961,81.2109,-998.7891,0,0
20.953144,-15.9961,81.5625,-998.4375,0,0
20.957113,-15.9961,81.9141,-998.0859,0,0
20.961082,-15.9961,82.2656,-997.7344,0,0
20.965145,-15.9961,82.6172,-997.3828,0,0
20.969116,-15.9961,83.1445,-996.8555,0,0
20.973082,-15.9961,83.4961,-996.5039,0,0
20.977145,-15.9961,83.8477,-996.1523,0,0
20.981084,-15.9961,84.3750,-995.6250,0,0
20.985097,-15.9961,84.7266,-995.2734,0,0
20.989161,-15.9961,85.2539,-994.7461,0,0
20.993115,-15.9961,85.7812,-994.2188,0,0
20.997082,-15.9961,86.1328,-993.8672,0,0
21.001117,-15.9961,86.6602,-993.3398,0,0
21.005090,-15.9961,87.0117,-992.9883,0,0
21.009674,-15.9961,87.5391,-992.4609,0,0
21.013145,-15.9961,88.0664,-991.9336,0,0
21.017080,-15.9961,88.5938,-991.4062,0,0
21.021096,-15.9961,88.9453,-991.0547,0,0
21.025114,-15.9961,89.4727,-990.5273,0,0
21.029111,-15.9961,90.0000,-990.0000,0,0
21.033175,-15.9961,90.3516,-989.6484,0,0
21.038807,-15.9961,91.0547,-988.9453,0,0
21.041163,-15.9961,91.4062,-988.5938,0,0
21.045128,-15.9961,91.7578,-988.2422,0,0
21.049148,-15.9961,92.2852,-987.7148,0,0
21.053143,-15.9961,92.6367,-987.3633,0,0
21.057110,-15.9961,92.9883,-987.0117,0,0
21.061147,-15.8203,93.5156,-986.4844,0,0
21.065071,-15.8203,93.8672,-986.1328,0,0
21.069097,-15.8203,94.2188,-985.7812,0,0
21.073090,-15.8203,94.5703,-985.4297,0,0
21.077156,-15.8203,95.0977,-984.9023,0,0
21.081123,-15.8203,95.4492,-984.5508,0,0
21.085105,-15.8203,95.8008,-984.1992,0,0
21.089074,-15.8203,96.1523,-983.8477,0,0
21.093141,-15.8203,96.5039,-983.4961,0,0
21.097112,-15.8203,96.8555,-983.1445,0,0
21.101082,-15.8203,97.2070,-982.7930,0,0
21.105161,-15.8203,97.3828,-982.6172,0,0
21.110141,-15.8203,97.7344,-982.2656,0,0
21.113152,-15.8203,97.9102,-982.0898,0,0
21.117123,-15.8203,98.0859,-981.9141,0,0
21.121090,-15.8203,98.4375,-981.5625,0,0
21.125104,-15.8203,98.6133,-981.3867,0,0
21.129074,-15.8203,98.7891,-981.2109,0,0
21.133141,-15.8203,98.7891,-981.2109,0,0
21.137112,-15.8203,98.9648,-981.0352,0,0
21.141137,-15.8203,99.1406,-980.8594,0,0
21.145106,-15.8203,99.1406,-980.8594,0,0
21.149143,-15.8203,99.3164,-980.6836,0,0
21.153128,-15.8203,99.3164,-980.6836,0,0
21.157106,-15.8203,99.3164,-980.6836,0,0
21.161078,-15.8203,99.3164,-980.6836,0,0
21.165145,-15.8203,99.3164,-980.6836,0,0
21.169116,-15.8203,99.3164,-980.6836,0,0
21.173082,-15.8203,99.3164,-980.6836,0,0
21.177145,-15.8203,99.3164,-980.6836,0,0
21.181116,-15.8203,99.1406,-980.8594,0,0
21.185082,-15.8203,99.1406,-980.8594,0,0
21.189145,-15.8203,98.9648,-981.0352,0,0
21.193116,-15.8203,98.7891,-981.2109,0,0
21.197082,-15.8203,98.6133,-981.3867,0,0
21.201145,-15.8203,98.4375,-981.5625,0,0
21.205116,-15.8203,98.2617,-981.7383,0,0
21.209695,-15.8203,97.9102,-982.0898,0,0
21.213160,-15.8203,97.7344,-982.2656,0,0
21.217137,-15.8203,97.5586,-982.4414,0,0
21.221106,-15.8203,97.2070,-982.7930,0,0
21.225136,-15.8203,97.0312,-982.9688,0,0
21.229106,-15.8203,96.6797,-983.3203,0,0
21.233078,-15.8203,96.3281,-983.6719,0,0
21.237146,-15.8203,95.9766,-984.0234,0,0
21.241122,-15.8203,95.6250,-984.3750,0,0
21.245123,-15.8203,95.2734,-984.7266,0,0
21.249090,-15.8203,94.9219,-985.0781,0,0
21.253064,-15.8203,94.3945,-985.6055,0,0
21.257137,-15.8203,94.0430,-985.9570,0,0
21.261106,-15.8203,93.6914,-986.3086,0,0
21.265078,-15.8203,93.1641,-986.8359,0,0
21.269145,-15.8203,92.8125,-987.1875,0,0
21.273116,-15.8203,92.4609,-987.5391,0,0
21.277082,-15.8203,91.9336,-988.0664,0,0
21.281145,-15.8203,91.5820,-988.4180,0,0
21.285116,-15.8203,91.0547,-988.9453,0,0
21.289082,-15.8203,90.7031,-989.2969,0,0
21.293145,-15.8203,90.1758,-989.8242,0,0
21.297116,-15.8203,89.6484,-990.3516,0,0
21.301082,-15.8203,89.2969,-990.7031,0,0
21.305145,-15.8203,88.7695,-991.2305,0,0
21.309647,-15.8203,88.2422,-991.7578,0,0
21.313103,-15.8203,87.8906,-992.1094,0,0
21.317085,-15.8203,87.3633,-992.6367,0,0
21.321123,-15.8203,86.8359,-993.1641,0,0
21.325111,-15.8203,86.4844,-993.5156,0,0
21.329587,-15.8203,85.9570,-994.0430,0,0
21.333145,-15.8203,85.6055,-994.3945,0,0
21.337158,-15.8203,85.0781,-994.9219,0,0
21.341134,-15.8203,84.7266,-995.2734,0,0
21.345112,-15.8203,84.1992,-995.8008,0,0
21.349130,-15.8203,83.8477,-996.1523,0,0
21.353103,-15.8203,83.3203,-996.6797,0,0
21.357090,-15.8203,82.9688,-997.0312,0,0
21.361174,-15.8203,82.6172,-997.3828,0,0
21.365078,-15.8203,82.2656,-997.7344,0,0
21.369145,-15.8203,81.9141,-998.0859,0,0
21.373116,-15.8203,81.5625,-998.4375,0,0
21.377082,-15.8203,81.2109,-998.7891,0,0
21.381145,-15.8203,81.0352,-998.9648,0,0
21.385116,-15.8203,80.6836,-999.3164,0,0
21.389082,-15.8203,80.3320,-999.6680,0,0
21.393145,-15.8203,80.1562,-999.8438,0,0
21.397116,-15.8203,79.8047,-1000.1953,0,0
21.401082,-15.8203,79.6289,-1000.3711,0,0
21.405145,-15.8203,79.2773,-1000.7227,0,0
21.409901,-15.8203,79.1016,-1000.8984,0,0
21.413083,-15.8203,78.9258,-1001.0742,0,0
21.417152,-15.8203,78.7500,-1001.2500,0,0
21.421123,-15.8203,78.5742,-1001.4258,0,0
21.425090,-15.8203,78.3984,-1001.6016,0,0
21.429090,-15.8203,78.3984,-1001.6016,0,0
21.433123,-15.8203,78.2227,-1001.7773,0,0
21.437090,-15.8203,78.2227,-1001.7773,0,0
21.441156,-15.8203,78.2227,-1001.7773,0,0
21.445123,-15.8203,78.0469,-1001.9531,0,0
21.449090,-15.9961,78.0469,-1001.9531,0,0
21.453064,-15.9961,78.0469,-1001.9531,0,0
21.457137,-15.9961,78.0469,-1001.9531,0,0
21.461107,-15.9961,78.2227,-1001.7773,0,0
21.465078,-15.9961,78.2227,-1001.7773,0,0
21.469145,-15.9961,78.3984,-1001.6016,0,0
21.473116,-15.9961,78.3984,-1001.6016,0,0
21.477082,-15.9961,78.5742,-1001.4258,0,0
21.481145,-15.9961,78.7500,-1001.2500,0,0
21.485116,-15.9961,78.9258,-1001.0742,0,0
21.489082,-15.9961,79.1016,-1000.8984,0,0
21.493145,-15.9961,79.2773,-1000.7227,0,0
21.497079,-15.9961,79.4531,-1000.5469,0,0
21.501145,-15.9961,79.6289,-1000.3711,0,0
21.505116,-15.9961,79.9805,-1000.0195,0,0
21.509695,-15.9961,80.3320,-999.6680,0,0
21.513160,-15.9961,80.5078,-999.4922,0,0
21.517137,-15.9961,80.8594,-999.1406,0,0
21.521107,-15.9961,81.2109,-998.7891,0,0
21.525078,-15.9961,81.5625,-998.4375,0,0
21.529112,-15.9961,81.7383,-998.2617,0,0
21.533080,-15.9961,82.2656,-997.7344,0,0
21.537090,-15.9961,82.6172,-997.3828,0,0
21.541156,-15.9961,82.9688,-997.0312,0,0
21.545123,-15.9961,83.3203,-996.6797,0,0
21.549090,-15.9961,83.6719,-996.3281,0,0
21.553065,-15.9961,84.0234,-995.9766,0,0
21.557137,-15.9961,84.5508,-995.4492,0,0
21.561122,-15.9961,85.0781,-994.9219,0,0
21.565090,-15.9961,85.4297,-994.5703,0,0
21.569156,-15.9961,85.7812,-994.2188,0,0
21.573123,-15.9961,86.3086,-993.6914,0,0
21.577090,-15.9961,86.6602,-993.3398,0,0
21.581156,-15.8203,87.1875,-992.8125,0,0
21.585123,-15.8203,87.5391,-992.4609,0,0
21.589178,-15.8203,88.0664,-991.9336,0,0
21.593065,-15.8203,88.5938,-991.4062,0,0
21.597248,-15.8203,88.9453,-991.0547,0,0
21.601161,-15.8203,89.4727,-990.5273,0,0
21.605130,-15.8203,90.0000,-990.0000,0,0
21.609744,-15.8203,90.3516,-989.6484,0,0
21.615081,-15.8203,91.0547,-988.9453,0,0
21.617438,-15.8203,91.4062,-988.5938,0,0
21.621130,-15.8203,91.7578,-988.2422,0,0
21.625074,-15.8203,92.1094,-987.8906,0,0
21.629142,-15.8203,92.4609,-987.5391,0,0
21.633145,-15.8203,92.9883,-987.0117,0,0
21.637160,-15.8203,93.3398,-986.6602,0,0
21.641115,-15.8203,93.6914,-986.3086,0,0
21.645082,-15.8203,94.2188,-985.7812,0,0
21.649073,-15.8203,94.5703,-985.4297,0,0
21.653076,-15.8203,94.9219,-985.0781,0,0
21.657148,-15.8203,95.2734,-984.7266,0,0
21.661123,-15.8203,95.6250,-984.3750,0,0
21.665094,-15.8203,95.9766,-984.0234,0,0
21.669096,-15.8203,96.3281,-983.6719,0,0
21.673080,-15.8203,96.5039,-983.4961,0,0
21.677145,-15.8203,96.8555,-983.1445,0,0
21.681116,-15.8203,97.2070,-982.7930,0,0
21.685082,-15.8203,97.3828,-982.6172,0,0
21.689145,-15.8203,97.7344,-982.2656,0,0
21.693074,-15.8203,97.9102,-982.0898,0,0
21.697128,-15.6445,98.0859,-981.9141,0,0
21.701096,-15.6445,98.2617,-981.7383,0,0
21.705161,-15.6445,98.4375,-981.5625,0,0
21.709890,-15.6445,98.6133,-981.3867,0,0
21.713080,-15.6445,98.6133,-981.3867,0,0
21.717152,-15.6445,98.7891,-981.2109,0,0
21.721123,-15.6445,98.7891,-981.2109,0,0
21.725090,-15.6445,98.9648,-981.0352,0,0
21.729156,-15.6445,98.9648,-981.0352,0,0
21.733123,-15.6445,98.9648,-981.0352,0,0
21.737145,-15.6445,98.9648,-981.0352,0,0
21.741114,-15.6445,98.9648,-981.0352,0,0
21.745082,-15.6445,98.9648,-981.0352,0,0
21.749145,-15.6445,98.9648,-981.0352,0,0
21.753130,-15.6445,98.7891,-981.2109,0,0
21.757096,-15.6445,98.7891,-981.2109,0,0
21.761161,-15.6445,98.6133,-981.3867,0,0
21.765130,-15.6445,98.6133,-981.3867,0,0
21.769096,-15.6445,98.4375,-981.5625,0,0
21.773161,-15.6445,98.2617,-981.7383,0,0
21.777130,-15.6445,98.0859,-981.9141,0,0
21.781096,-15.6445,97.9102,-982.0898,0,0
21.785161,-15.6445,97.7344,-982.2656,0,0
21.789130,-15.6445,97.3828,-982.6172,0,0
21.793096,-15.6445,97.2070,-982.7930,0,0
21.797161,-15.6445,96.8555,-983.1445,0,0
21.801130,-15.6445,96.6797,-983.3203,0,0
21.805096,-15.6445,96.3281,-983.6719,0,0
21.809679,-15.6445,95.9766,-984.0234,0,0
21.813152,-15.6445,95.6250,-984.3750,0,0
21.817123,-15.6445,95.2734,-984.7266,0,0
21.821090,-15.6445,94.9219,-985.0781,0,0
21.825156,-15.6445,94.5703,-985.4297,0,0
21.829123,-15.6445,94.2188,-985.7812,0,0
21.833090,-15.6445,93.8672,-986.1328,0,0
21.837102,-15.6445,93.5156,-986.4844,0,0
21.841104,-15.6445,92.9883,-987.0117,0,0
21.845090,-15.6445,92.6367,-987.3633,0,0
21.849156,-15.6445,92.2852,-987.7148,0,0
21.853134,-15.6445,91.7578,-988.2422,0,0
21.857104,-15.6445,91.4062,-988.5938,0,0
21.861080,-15.6445,90.8789,-989.1211,0,0
21.865121,-15.6445,90.5273,-989.4727,0,0
21.869090,-15.6445,90.0000,-990.0000,0,0
21.873156,-15.6445,89.6484,-990.3516,0,0
21.877123,-15.6445,89.1211,-990.8789,0,0
21.881090,-15.6445,88.7695,-991.2305,0,0
21.885156,-15.6445,88.2422,-991.7578,0,0
21.889123,-15.6445,87.8906,-992.1094,0,0
21.893090,-15.6445,87.3633,-992.6367,0,0
21.897156,-15.6445,86.8359,-993.1641,0,0
21.901123,-15.6445,86.4844,-993.5156,0,0
21.905078,-15.6445,85.9570,-994.0430,0,0
21.909711,-15.6445,85.4297,-994.5703,0,0
21.913113,-15.6445,85.0781,-994.9219,0,0
21.917151,-15.6445,84.7266,-995.2734,0,0
21.921064,-15.6445,84.3750,-995.6250,0,0
21.925169,-15.6445,83.8477,-996.1523,0,0
21.929074,-15.6445,83.4961,-996.5039,0,0
21.933142,-15.6445,83.1445,-996.8555,0,0
21.937114,-15.6445,82.7930,-997.2070,0,0
21.941075,-15.6445,82.4414,-997.5586,0,0
21.945082,-15.6445,82.0898,-997.9102,0,0
21.949082,-15.6445,81.7383,-998.2617,0,0
21.953159,-15.8203,81.3867,-998.6133,0,0
21.957130,-15.8203,81.0352,-998.9648,0,0
21.961096,-15.8203,80.8594,-999.1406,0,0
21.965152,-15.8203,80.5078,-999.4922,0,0
21.969123,-15.8203,80.3320,-999.6680,0,0
21.973090,-15.8203,80.1562,-999.8438,0,0
21.977156,-15.8203,79.8047,-1000.1953,0,0
21.981123,-15.8203,79.6289,-1000.3711,0,0
21.985090,-15.8203,79.4531,-1000.5469,0,0
21.989156,-15.8203,79.2773,-1000.7227,0,0
21.993123,-15.8203,79.1016,-1000.8984,0,0
21.997090,-15.8203,78.9258,-1001.0742,0,0
22.001156,-15.8203,78.7500,-1001.2500,0,0
22.005123,-15.8203,78.7500,-1001.2500,0,0
22.009966,-15.8203,78.5742,-1001.4258,0,0
22.013152,-15.8203,78.5742,-1001.4258,0,0
22.017123,-15.8203,78.3984,-1001.6016,0,0
22.021090,-15.8203,78.3984,-1001.6016,0,0
22.025156,-15.8203,78.3984,-1001.6016,0,0
22.029123,-15.8203,78.3984,-1001.6016,0,0
22.033090,-15.8203,78.3984,-1001.6016,0,0
22.037156,-15.8203,78.3984,-1001.6016,0,0
22.041072,-15.8203,78.5742,-1001.4258,0,0
22.045124,-15.8203,78.7500,-1001.2500,0,0
22.049137,-15.8203,78.7500,-1001.2500,0,0
22.053116,-15.8203,78.9258,-1001.0742,0,0
22.057082,-15.8203,79.1016,-1000.8984,0,0
22.061145,-15.8203,79.1016,-1000.8984,0,0
22.065116,-15.8203,79.4531,-1000.5469,0,0
22.069082,-15.8203,79.6289,-1000.3711,0,0
22.073145,-15.8203,79.8047,-1000.1953,0,0
22.077116,-15.8203,80.1562,-999.8438,0,0
22.081082,-15.8203,80.3320,-999.6680,0,0
22.085145,-15.8203,80.5078,-999.4922,0,0
22.089116,-15.8203,80.8594,-999.1406,0,0
22.093082,-15.8203,81.2109,-998.7891,0,0
22.097145,-15.8203,81.5625,-998.4375,0,0
22.101116,-15.8203,81.7383,-998.2617,0,0
22.105082,-15.8203,82.0898,-997.9102,0,0
22.109882,-15.8203,82.6172,-997.3828,0,0
22.113071,-15.8203,82.7930,-997.2070,0,0
22.117145,-15.8203,83.1445,-996.8555,0,0
22.121115,-15.8203,83.6719,-996.3281,0,0
22.125082,-15.8203,84.0234,-995.9766,0,0
22.129145,-15.8203,84.3750,-995.6250,0,0
22.133116,-15.8203,84.7266,-995.2734,0,0
22.137082,-15.8203,85.2539,-994.7461,0,0
22.141145,-15.8203,85.6055,-994.3945,0,0
22.145089,-15.8203,85.9570,-994.0430,0,0
22.149070,-15.8203,86.4844,-993.5156,0,0
22.153152,-15.8203,86.8359,-993.1641,0,0
22.157137,-15.8203,87.3633,-992.6367,0,0
22.161107,-15.8203,87.7148,-992.2852,0,0
22.165078,-15.8203,88.2422,-991.7578,0,0
22.169145,-15.8203,88.5938,-991.4062,0,0
22.173116,-15.8203,89.1211,-990.8789,0,0
22.177159,-15.8203,89.4727,-990.5273,0,0
22.181097,-15.8203,90.0000,-990.0000,0,0
22.185077,-15.8203,90.3516,-989.6484,0,0
22.189145,-15.8203,90.8789,-989.1211,0,0
22.193115,-15.8203,91.2305,-988.7695,0,0
22.197082,-15.8203,91.7578,-988.2422,0,0
22.201080,-15.8203,92.1094,-987.8906,0,0
22.205145,-15.8203,92.4609,-987.5391,0,0
22.209626,-15.8203,92.9883,-987.0117,0,0
22.213114,-15.8203,93.3398,-986.6602,0,0
22.217090,-15.8203,93.6914,-986.3086,0,0
22.221156,-15.8203,94.2188,-985.7812,0,0
22.225123,-15.8203,94.5703,-985.4297,0,0
22.229090,-15.8203,94.9219,-985.0781,0,0
22.233156,-15.8203,95.2734,-984.7266,0,0
22.237123,-15.8203,95.6250,-984.3750,0,0
22.241090,-15.8203,95.8008,-984.1992,0,0
22.245168,-15.8203,96.1523,-983.8477,0,0
22.249128,-15.8203,96.5039,-983.4961,0,0
22.253155,-15.6445,96.6797,-983.3203,0,0
22.257123,-15.6445,97.0312,-982.9688,0,0
22.261090,-15.6445,97.2070,-982.7930,0,0
22.265157,-15.6445,97.3828,-982.6172,0,0
22.269304,-15.6445,97.7344,-982.2656,0,0
22.273200,-15.6445,97.9102,-982.0898,0,0
22.277129,-15.6445,97.9102,-982.0898,0,0
22.281161,-15.6445,98.0859,-981.9141,0,0
22.285130,-15.6445,98.2617,-981.7383,0,0
22.289145,-15.6445,98.4375,-981.5625,0,0
22.293116,-15.6445,98.4375,-981.5625,0,0
22.297082,-15.6445,98.6133,-981.3867,0,0
22.301145,-15.6445,98.6133,-981.3867,0,0
22.305116,-15.6445,98.6133,-981.3867,0,0
22.309985,-15.6445,98.7891,-981.2109,0,0
22.313074,-15.6445,98.7891,-981.2109,0,0
22.317094,-15.6445,98.7891,-981.2109,0,0
22.321147,-15.6445,98.6133,-981.3867,0,0
22.325098,-15.6445,98.6133,-981.3867,0,0
22.329159,-15.6445,98.6133,-981.3867,0,0
22.333104,-15.6445,98.4375,-981.5625,0,0
22.337074,-15.6445,98.4375,-981.5625,0,0
22.341142,-15.6445,98.2617,-981.7383,0,0
22.345114,-15.6445,98.0859,-981.9141,0,0
22.349084,-15.6445,97.9102,-982.0898,0,0
22.353133,-15.6445,97.7344,-982.2656,0,0
22.357105,-15.6445,97.5586,-982.4414,0,0
22.361078,-15.6445,97.2070,-982.7930,0,0
22.365082,-15.6445,97.0312,-982.9688,0,0
22.369145,-15.6445,96.6797,-983.3203,0,0
22.373116,-15.6445,96.5039,-983.4961,0,0
22.377082,-15.6445,96.3281,-983.6719,0,0
22.381145,-15.6445,95.9766,-984.0234,0,0
22.385116,-15.6445,95.6250,-984.3750,0,0
22.389082,-15.6445,95.2734,-984.7266,0,0
22.393145,-15.6445,94.9219,-985.0781,0,0
22.397116,-15.6445,94.5703,-985.4297,0,0
22.401082,-15.6445,94.2188,-985.7812,0,0
22.405145,-15.6445,93.8672,-986.1328,0,0
22.409659,-15.6445,93.5156,-986.4844,0,0
22.413133,-15.6445,93.1641,-986.8359,0,0
22.417107,-15.6445,92.8125,-987.1875,0,0
22.421078,-15.6445,92.4609,-987.5391,0,0
22.425154,-15.6445,91.9336,-988.0664,0,0
22.429123,-15.6445,91.5820,-988.4180,0,0
22.433090,-15.6445,91.0547,-988.9453,0,0
22.437156,-15.6445,90.7031,-989.2969,0,0
22.441123,-15.6445,90.1758,-989.8242,0,0
22.445090,-15.6445,89.8242,-990.1758,0,0
22.449156,-15.6445,89.4727,-990.5273,0,0
22.453094,-15.6445,88.9453,-991.0547,0,0
22.457090,-15.6445,88.5938,-991.4062,0,0
22.461156,-15.6445,88.0664,-991.9336,0,0
22.465123,-15.6445,87.7148,-992.2852,0,0
22.469090,-15.6445,87.1875,-992.8125,0,0
22.473156,-15.6445,86.8359,-993.1641,0,0
22.477123,-15.6445,86.4844,-993.5156,0,0
22.481090,-15.6445,85.9570,-994.0430,0,0
22.485156,-15.6445,85.6055,-994.3945,0,0
22.489123,-15.6445,85.0781,-994.9219,0,0
22.493090,-15.6445,84.7266,-995.2734,0,0
22.497156,-15.6445,84.3750,-995.6250,0,0
22.501123,-15.6445,84.0234,-995.9766,0,0
22.505090,-15.6445,83.6719,-996.3281,0,0
22.509672,-15.6445,83.1445,-996.8555,0,0
22.513145,-15.6445,82.7930,-997.2070,0,0
22.517124,-15.6445,82.4414,-997.5586,0,0
22.521097,-15.6445,82.2656,-997.7344,0,0
22.525161,-15.6445,81.9141,-998.0859,0,0
22.529130,-15.6445,81.5625,-998.4375,0,0
22.533096,-15.6445,81.2109,-998.7891,0,0
22.537161,-15.6445,81.0352,-998.9648,0,0
22.541130,-15.8203,80.6836,-999.3164,0,0
22.545096,-15.8203,80.5078,-999.4922,0,0
22.549161,-15.8203,80.1562,-999.8438,0,0
22.553090,-15.8203,79.9805,-1000.0195,0,0
22.557160,-15.8203,79.8047,-1000.1953,0,0
22.561152,-15.8203,79.6289,-1000.3711,0,0
22.565123,-15.8203,79.4531,-1000.5469,0,0
22.569074,-15.8203,79.2773,-1000.7227,0,0
22.573074,-15.8203,79.1016,-1000.8984,0,0
22.577090,-15.8203,79.1016,-1000.8984,0,0
22.581099,-15.8203,78.9258,-1001.0742,0,0
22.585090,-15.8203,78.9258,-1001.0742,0,0
22.589156,-15.8203,78.9258,-1001.0742,0,0
22.593116,-15.8203,78.7500,-1001.2500,0,0
22.597177,-15.8203,78.7500,-1001.2500,0,0
22.601105,-15.8203,78.7500,-1001.2500,0,0
22.605161,-15.8203,78.7500,-1001.2500,0,0
22.609922,-15.8203,78.9258,-1001.0742,0,0
22.613106,-15.8203,78.9258,-1001.0742,0,0
22.617082,-15.8203,78.9258,-1001.0742,0,0
22.621145,-15.8203,79.1016,-1000.8984,0,0
22.625116,-15.8203,79.1016,-1000.8984,0,0
22.629082,-15.8203,79.2773,-1000.7227,0,0
22.633156,-15.8203,79.4531,-1000.5469,0,0
22.637123,-15.8203,79.6289,-1000.3711,0,0
22.641137,-15.8203,79.8047,-1000.1953,0,0
22.645070,-15.8203,79.9805,-1000.0195,0,0
22.649106,-15.8203,80.1562,-999.8438,0,0
22.653085,-15.8203,80.5078,-999.4922,0,0
22.657078,-15.8203,80.6836,-999.3164,0,0
22.661157,-15.8203,81.0352,-998.9648,0,0
22.665146,-15.8203,81.2109,-998.7891,0,0
22.669116,-15.8203,81.5625,-998.4375,0,0
22.673082,-15.8203,81.7383,-998.2617,0,0
22.677160,-15.8203,82.0898,-997.9102,0,0
22.681130,-15.8203,82.4414,-997.5586,0,0
22.685123,-15.8203,82.7930,-997.2070,0,0
22.689074,-15.8203,83.1445,-996.8555,0,0
22.693142,-15.8203,83.4961,-996.5039,0,0
22.697114,-15.8203,83.8477,-996.1523,0,0
22.701082,-15.8203,84.1992,-995.8008,0,0
22.705145,-15.8203,84.7266,-995.2734,0,0
22.709659,-15.8203,85.0781,-994.9219,0,0
22.713134,-15.8203,85.4297,-994.5703,0,0
22.717107,-15.8203,85.7812,-994.2188,0,0
22.721078,-15.8203,86.1328,-993.8672,0,0
22.725145,-15.8203,86.6602,-993.3398,0,0
22.729116,-15.8203,87.1875,-992.8125,0,0
22.733082,-15.8203,87.5391,-992.4609,0,0
22.737145,-15.8203,87.8906,-992.1094,0,0
22.741116,-15.8203,88.4180,-991.5820,0,0
22.745082,-15.8203,88.7695,-991.2305,0,0
22.749145,-15.8203,89.2969,-990.7031,0,0
22.753132,-15.8203,89.6484,-990.3516,0,0
22.757104,-15.8203,90.0000,-990.0000,0,0
22.761080,-15.6445,90.3516,-989.6484,0,0
22.765090,-15.6445,90.8789,-989.1211,0,0
22.769156,-15.6445,91.2305,-988.7695,0,0
22.773123,-15.6445,91.7578,-988.2422,0,0
22.777090,-15.6445,92.1094,-987.8906,0,0
22.781156,-15.6445,92.4609,-987.5391,0,0
22.785123,-15.6445,92.8125,-987.1875,0,0
22.789090,-15.6445,93.1641,-986.8359,0,0
22.793156,-15.6445,93.6914,-986.3086,0,0
22.797123,-15.6445,93.8672,-986.1328,0,0
22.801090,-15.6445,94.2188,-985.7812,0,0
22.805156,-15.6445,94.5703,-985.4297,0,0
22.809643,-15.6445,94.9219,-985.0781,0,0
22.813117,-15.6445,95.2734,-984.7266,0,0
22.817090,-15.6445,95.6250,-984.3750,0,0
22.821104,-15.6445,95.8008,-984.1992,0,0
22.825074,-15.6445,96.1523,-983.8477,0,0
22.829142,-15.6445,96.3281,-983.6719,0,0
22.833114,-15.6445,96.6797,-983.3203,0,0
22.837082,-15.6445,96.8555,-983.1445,0,0
22.841145,-15.6445,97.0312,-982.9688,0,0
22.845116,-15.6445,97.2070,-982.7930,0,0
22.849082,-15.6445,97.3828,-982.6172,0,0
22.853161,-15.4688,97.7344,-982.2656,0,0
22.857130,-15.4688,97.7344,-982.2656,0,0
22.861162,-15.4688,97.9102,-982.0898,0,0
22.865104,-15.4688,98.0859,-981.9141,0,0
22.869074,-15.4688,98.0859,-981.9141,0,0
22.873142,-15.4688,98.0859,-981.9141,0,0
22.877114,-15.4688,98.2617,-981.7383,0,0
22.881082,-15.4688,98.2617,-981.7383,0,0
22.885145,-15.4688,98.2617,-981.7383,0,0
22.889116,-15.4688,98.2617,-981.7383,0,0
22.893072,-15.4688,98.2617,-981.7383,0,0
22.897079,-15.4688,98.2617,-981.7383,0,0
22.901068,-15.4688,98.0859,-981.9141,0,0
22.905160,-15.4688,98.0859,-981.9141,0,0
22.909656,-15.4688,98.0859,-981.9141,0,0
22.913152,-15.4688,97.9102,-982.0898,0,0
22.917152,-15.4688,97.7344,-982.2656,0,0
22.921074,-15.4688,97.7344,-982.2656,0,0
22.927291,-15.4688,97.3828,-982.6172,0,0
22.929108,-15.4688,97.3828,-982.6172,0,0
22.933143,-15.4688,97.2070,-982.7930,0,0
22.937138,-15.4688,97.0312,-982.9688,0,0
22.941152,-15.4688,96.6797,-983.3203,0,0
22.945123,-15.4688,96.5039,-983.4961,0,0
22.949090,-15.4688,96.3281,-983.6719,0,0
22.953078,-15.4688,95.9766,-984.0234,0,0
22.957090,-15.4688,95.6250,-984.3750,0,0
22.961071,-15.4688,95.2734,-984.7266,0,0
22.965094,-15.4688,95.0977,-984.9023,0,0
22.969112,-15.4688,94.7461,-985.2539,0,0
22.973116,-15.4688,94.3945,-985.6055,0,0
22.977107,-15.4688,94.0430,-985.9570,0,0
22.981107,-15.4688,93.6914,-986.3086,0,0
22.985081,-15.4688,93.3398,-986.6602,0,0
22.989074,-15.4688,92.9883,-987.0117,0,0
22.993090,-15.4688,92.6367,-987.3633,0,0
22.997113,-15.4688,92.2852,-987.7148,0,0
23.001083,-15.4688,91.7578,-988.2422,0,0
23.005094,-15.4688,91.4062,-988.5938,0,0
23.009955,-15.4688,90.8789,-989.1211,0,0
23.013071,-15.4688,90.7031,-989.2969,0,0
23.017136,-15.4688,90.1758,-989.8242,0,0
23.021107,-15.4688,89.8242,-990.1758,0,0
23.025116,-15.4688,89.4727,-990.5273,0,0
23.029090,-15.6445,88.9453,-991.0547,0,0
23.033156,-15.6445,88.5938,-991.4062,0,0
23.037123,-15.6445,88.2422,-991.7578,0,0
23.041090,-15.6445,87.7148,-992.2852,0,0
23.045156,-15.6445,87.3633,-992.6367,0,0
23.049123,-15.6445,86.8359,-993.1641,0,0
23.053099,-15.6445,86.4844,-993.5156,0,0
23.057090,-15.6445,86.1328,-993.8672,0,0
23.061156,-15.6445,85.7812,-994.2188,0,0
23.065099,-15.6445,85.2539,-994.7461,0,0
23.069114,-15.6445,84.9023,-995.0977,0,0
23.073082,-15.6445,84.5508,-995.4492,0,0
23.077145,-15.6445,84.1992,-995.8008,0,0
23.081116,-15.6445,83.8477,-996.1523,0,0
23.085082,-15.6445,83.4961,-996.5039,0,0
23.089145,-15.6445,83.1445,-996.8555,0,0
23.093116,-15.6445,82.7930,-997.2070,0,0
23.097082,-15.6445,82.4414,-997.5586,0,0
23.101145,-15.6445,82.0898,-997.9102,0,0
23.105116,-15.6445,81.9141,-998.0859,0,0
23.109910,-15.6445,81.5625,-998.4375,0,0
23.113102,-15.6445,81.2109,-998.7891,0,0
23.117074,-15.6445,81.0352,-998.9648,0,0
23.121142,-15.6445,80.8594,-999.1406,0,0
23.125114,-15.6445,80.5078,-999.4922,0,0
23.129082,-15.6445,80.3320,-999.6680,0,0
23.133145,-15.6445,80.1562,-999.8438,0,0
23.137116,-15.6445,79.9805,-1000.0195,0,0
23.141082,-15.6445,79.8047,-1000.1953,0,0
23.145094,-15.6445,79.6289,-1000.3711,0,0
23.149160,-15.6445,79.4531,-1000.5469,0,0
23.153143,-15.6445,79.4531,-1000.5469,0,0
23.157114,-15.6445,79.2773,-1000.7227,0,0
23.161082,-15.6445,79.2773,-1000.7227,0,0
23.165145,-15.6445,79.1016,-1000.8984,0,0
23.169074,-15.6445,79.1016,-1000.8984,0,0
23.173143,-15.6445,79.1016,-1000.8984,0,0
23.177142,-15.6445,79.1016,-1000.8984,0,0
23.181114,-15.6445,79.1016,-1000.8984,0,0
23.185082,-15.6445,79.1016,-1000.8984,0,0
23.189145,-15.6445,79.2773,-1000.7227,0,0
23.193116,-15.6445,79.2773,-1000.7227,0,0
23.197082,-15.6445,79.4531,-1000.5469,0,0
23.201145,-15.6445,79.4531,-1000.5469,0,0
23.205116,-15.6445,79.6289,-1000.3711,0,0
23.209695,-15.6445,79.8047,-1000.1953,0,0
23.213160,-15.6445,79.8047,-1000.1953,0,0
23.217137,-15.6445,80.1562,-999.8438,0,0
23.221107,-15.6445,80.3320,-999.6680,0,0
23.225078,-15.6445,80.5078,-999.4922,0,0
23.229145,-15.6445,80.6836,-999.3164,0,0
23.233145,-15.6445,81.0352,-998.9648,0,0
23.237072,-15.6445,81.2109,-998.7891,0,0
23.241152,-15.6445,81.5625,-998.4375,0,0
23.245123,-15.6445,81.7383,-998.2617,0,0
23.249090,-15.6445,82.0898,-997.9102,0,0
23.253064,-15.6445,82.4414,-997.5586,0,0
23.257070,-15.6445,82.6172,-997.3828,0,0
23.261137,-15.6445,82.9688,-997.0312,0,0
23.265074,-15.6445,83.3203,-996.6797,0,0
23.269101,-15.6445,83.6719,-996.3281,0,0
23.273131,-15.6445,84.0234,-995.9766,0,0
23.277073,-15.6445,84.3750,-995.6250,0,0
23.281090,-15.6445,84.7266,-995.2734,0,0
23.285156,-15.6445,85.2539,-994.7461,0,0
23.289145,-15.6445,85.6055,-994.3945,0,0
23.293125,-15.6445,85.9570,-994.0430,0,0
23.297097,-15.6445,86.4844,-993.5156,0,0
23.301161,-15.6445,86.8359,-993.1641,0,0
23.305145,-15.6445,87.1875,-992.8125,0,0
23.309938,-15.6445,87.7148,-992.2852,0,0
23.313127,-15.6445,88.0664,-991.9336,0,0
23.317118,-15.6445,88.4180,-991.5820,0,0
23.321090,-15.6445,88.7695,-991.2305,0,0
23.325110,-15.6445,89.2969,-990.7031,0,0
23.329167,-15.6445,89.6484,-990.3516,0,0
23.333161,-15.6445,90.0000,-990.0000,0,0
23.337082,-15.6445,90.3516,-989.6484,0,0
23.341161,-15.6445,90.8789,-989.1211,0,0
23.345130,-15.6445,91.2305,-988.7695,0,0
23.349096,-15.6445,91.5820,-988.4180,0,0
23.353070,-15.6445,92.1094,-987.8906,0,0
23.357074,-15.6445,92.4609,-987.5391,0,0
23.361142,-15.6445,92.8125,-987.1875,0,0
23.365160,-15.6445,93.1641,-986.8359,0,0
23.369130,-15.6445,93.5156,-986.4844,0,0
23.373069,-15.6445,93.8672,-986.1328,0,0
23.377087,-15.6445,94.2188,-985.7812,0,0
23.381087,-15.6445,94.5703,-985.4297,0,0
23.385071,-15.6445,94.9219,-985.0781,0,0
23.389152,-15.6445,95.2734,-984.7266,0,0
23.393122,-15.6445,95.6250,-984.3750,0,0
23.397090,-15.8203,95.8008,-984.1992,0,0
23.401156,-15.8203,96.1523,-983.8477,0,0
23.405123,-15.8203,96.3281,-983.6719,0,0
23.409729,-15.8203,96.6797,-983.3203,0,0
23.413108,-15.8203,96.8555,-983.1445,0,0
23.417082,-15.8203,97.0312,-982.9688,0,0
23.421145,-15.8203,97.2070,-982.7930,0,0
23.425116,-15.8203,97.3828,-982.6172,0,0
23.429082,-15.8203,97.5586,-982.4414,0,0
23.433145,-15.8203,97.7344,-982.2656,0,0
23.437116,-15.8203,97.7344,-982.2656,0,0
23.441082,-15.8203,97.9102,-982.0898,0,0
23.445145,-15.8203,97.9102,-982.0898,0,0
23.449116,-15.8203,97.9102,-982.0898,0,0
23.453094,-15.8203,98.0859,-981.9141,0,0
23.457090,-15.8203,98.0859,-981.9141,0,0
23.461156,-15.8203,98.0859,-981.9141,0,0
23.465123,-15.8203,98.0859,-981.9141,0,0
23.469090,-15.6445,98.0859,-981.9141,0,0
23.473156,-15.6445,97.9102,-982.0898,0,0
23.477074,-15.6445,97.9102,-982.0898,0,0
23.481086,-15.6445,97.9102,-982.0898,0,0
23.485082,-15.6445,97.7344,-982.2656,0,0
23.489145,-15.6445,97.5586,-982.4414,0,0
23.493116,-15.6445,97.3828,-982.6172,0,0
23.497082,-15.6445,97.3828,-982.6172,0,0
23.501145,-15.6445,97.2070,-982.7930,0,0
23.505116,-15.6445,97.0312,-982.9688,0,0
23.509695,-15.6445,96.6797,-983.3203,0,0
23.513160,-15.6445,96.5039,-983.4961,0,0
23.517137,-15.6445,96.3281,-983.6719,0,0
23.521107,-15.6445,95.9766,-984.0234,0,0
23.525078,-15.6445,95.8008,-984.1992,0,0
23.529145,-15.6445,95.6250,-984.3750,0,0
23.533116,-15.6445,95.2734,-984.7266,0,0
23.537082,-15.6445,94.9219,-985.0781,0,0
23.541145,-15.6445,94.5703,-985.4297,0,0
23.545116,-15.6445,94.3945,-985.6055,0,0
23.549082,-15.6445,94.0430,-985.9570,0,0
23.553156,-15.6445,93.6914,-986.3086,0,0
23.557123,-15.6445,93.3398,-986.6602,0,0
23.561090,-15.6445,92.9883,-987.0117,0,0
23.565156,-15.6445,92.6367,-987.3633,0,0
23.569123,-15.6445,92.2852,-987.7148,0,0
23.573090,-15.6445,91.7578,-988.2422,0,0
23.577098,-15.6445,91.4062,-988.5938,0,0
23.581077,-15.6445,91.0547,-988.9453,0,0
23.585146,-15.6445,90.7031,-989.2969,0,0
23.589160,-15.6445,90.1758,-989.8242,0,0
23.593130,-15.6445,89.8242,-990.1758,0,0
23.597096,-15.6445,89.4727,-990.5273,0,0
23.601080,-15.6445,89.1211,-990.8789,0,0
23.605417,-15.6445,88.5938,-991.4062,0,0
23.612495,-15.6445,87.8906,-992.1094,0,0
23.613160,-15.6445,87.8906,-992.1094,0,0
23.617102,-15.6445,87.5391,-992.4609,0,0
23.621160,-15.6445,87.0117,-992.9883,0,0
23.625122,-15.6445,86.6602,-993.3398,0,0
23.629104,-15.6445,86.3086,-993.6914,0,0
23.633096,-15.6445,85.9570,-994.0430,0,0
23.637161,-15.8203,85.4297,-994.5703,0,0
23.641130,-15.8203,85.0781,-994.9219,0,0
23.645108,-15.8203,84.7266,-995.2734,0,0
23.649087,-15.8203,84.3750,-995.6250,0,0
23.653134,-15.8203,84.0234,-995.9766,0,0
23.657154,-15.8203,83.6719,-996.3281,0,0
23.661102,-15.8203,83.3203,-996.6797,0,0
23.665130,-15.8203,82.9688,-997.0312,0,0
23.669096,-15.8203,82.7930,-997.2070,0,0
23.673161,-15.8203,82.4414,-997.5586,0,0
23.677130,-15.8203,82.0898,-997.9102,0,0
23.681097,-15.8203,81.9141,-998.0859,0,0
23.685069,-15.8203,81.5625,-998.4375,0,0
23.689090,-15.8203,81.3867,-998.6133,0,0
23.693156,-15.8203,81.0352,-998.9648,0,0
23.697123,-15.8203,80.8594,-999.1406,0,0
23.701090,-15.8203,80.6836,-999.3164,0,0
23.705156,-15.8203,80.5078,-999.4922,0,0
23.710700,-15.8203,80.3320,-999.6680,0,0
23.713096,-15.8203,80.1562,-999.8438,0,0
23.717161,-15.8203,79.9805,-1000.0195,0,0
23.721130,-15.8203,79.8047,-1000.1953,0,0
23.725096,-15.8203,79.8047,-1000.1953,0,0
23.729161,-15.8203,79.6289,-1000.3711,0,0
23.733130,-15.8203,79.6289,-1000.3711,0,0
23.737096,-15.8203,79.6289,-1000.3711,0,0
23.741161,-15.8203,79.4531,-1000.5469,0,0
23.745130,-15.8203,79.4531,-1000.5469,0,0
23.749096,-15.8203,79.4531,-1000.5469,0,0
23.753075,-15.8203,79.4531,-1000.5469,0,0
23.757145,-15.8203,79.4531,-1000.5469,0,0
23.761115,-15.8203,79.4531,-1000.5469,0,0
23.765082,-15.8203,79.6289,-1000.3711,0,0
23.769145,-15.8203,79.6289,-1000.3711,0,0
23.773116,-15.8203,79.8047,-1000.1953,0,0
23.777082,-15.8203,79.8047,-1000.1953,0,0
23.781145,-15.8203,79.9805,-1000.0195,0,0
23.785094,-15.8203,80.1562,-999.8438,0,0
23.789161,-15.8203,80.3320,-999.6680,0,0
23.793130,-15.8203,80.5078,-999.4922,0,0
23.797096,-15.8203,80.6836,-999.3164,0,0
23.801161,-15.8203,80.8594,-999.1406,0,0
23.805130,-15.8203,81.2109,-998.7891,0,0
23.810694,-15.8203,81.5625,-998.4375,0,0
23.813090,-15.8203,81.7383,-998.2617,0,0
23.817156,-15.8203,81.9141,-998.0859,0,0
23.821123,-15.8203,82.2656,-997.7344,0,0
23.825090,-15.8203,82.4414,-997.5586,0,0
23.829171,-15.8203,82.7930,-997.2070,0,0
23.833137,-15.8203,83.1445,-996.8555,0,0
23.837107,-15.8203,83.3203,-996.6797,0,0
23.841078,-15.8203,83.8477,-996.1523,0,0
23.845145,-15.8203,84.0234,-995.9766,0,0
23.849116,-15.8203,84.5508,-995.4492,0,0
23.853090,-15.8203,84.7266,-995.2734,0,0
23.857160,-15.8203,85.2539,-994.7461,0,0
23.861139,-15.8203,85.6055,-994.3945,0,0
23.865106,-15.8203,85.9570,-994.0430,0,0
23.869074,-15.8203,86.3086,-993.6914,0,0
23.873142,-15.8203,86.6602,-993.3398,0,0
23.877070,-15.8203,87.1875,-992.8125,0,0
23.881119,-15.8203,87.5391,-992.4609,0,0
23.885116,-15.8203,87.8906,-992.1094,0,0
23.889127,-15.8203,88.2422,-991.7578,0,0
23.894594,-15.8203,88.7695,-991.2305,0,0
23.897072,-15.8203,89.1211,-990.8789,0,0
23.901145,-15.8203,89.4727,-990.5273,0,0
23.905152,-15.8203,89.8242,-990.1758,0,0
23.910890,-15.8203,90.3516,-989.6484,0,0
23.913096,-15.8203,90.7031,-989.2969,0,0
23.917175,-15.8203,91.0547,-988.9453,0,0
23.921083,-15.8203,91.4062,-988.5938,0,0
23.925087,-15.8203,91.7578,-988.2422,0,0
23.929152,-15.8203,92.1094,-987.8906,0,0
23.933123,-15.8203,92.4609,-987.5391,0,0
23.937090,-15.8203,92.8125,-987.1875,0,0
23.941104,-15.8203,93.1641,-986.8359,0,0
23.945074,-15.8203,93.5156,-986.4844,0,0
23.949142,-15.8203,93.8672,-986.1328,0,0
23.953129,-15.8203,94.2188,-985.7812,0,0
23.957114,-15.8203,94.5703,-985.4297,0,0
23.961082,-15.6445,94.7461,-985.2539,0,0
23.965145,-15.6445,95.0977,-984.9023,0,0
23.969116,-15.6445,95.2734,-984.7266,0,0
23.973082,-15.6445,95.6250,-984.3750,0,0
23.977145,-15.6445,95.8008,-984.1992,0,0
23.981116,-15.6445,95.9766,-984.0234,0,0
23.985082,-15.6445,96.3281,-983.6719,0,0
23.989094,-15.6445,96.5039,-983.4961,0,0
23.993161,-15.6445,96.6797,-983.3203,0,0
23.997082,-15.6445,96.8555,-983.1445,0,0
24.001145,-15.6445,97.0312,-982.9688,0,0
24.005116,-15.6445,97.2070,-982.7930,0,0
24.010708,-15.6445,97.3828,-982.6172,0,0
24.013101,-15.6445,97.3828,-982.6172,0,0
24.017074,-15.6445,97.3828,-982.6172,0,0
24.021142,-15.6445,97.5586,-982.4414,0,0
24.025114,-15.6445,97.5586,-982.4414,0,0
24.029082,-15.6445,97.5586,-982.4414,0,0
24.033145,-15.6445,97.7344,-982.2656,0,0
24.037116,-15.6445,97.7344,-982.2656,0,0
24.041082,-15.6445,97.7344,-982.2656,0,0
24.045145,-15.6445,97.7344,-982.2656,0,0
24.049116,-15.6445,97.5586,-982.4414,0,0
24.053090,-15.6445,97.5586,-982.4414,0,0
24.057160,-15.6445,97.3828,-982.6172,0,0
24.061130,-15.6445,97.3828,-982.6172,0,0
24.065096,-15.6445,97.2070,-982.7930,0,0
24.069161,-15.6445,97.0312,-982.9688,0,0
24.073130,-15.6445,97.0312,-982.9688,0,0
24.077096,-15.6445,96.6797,-983.3203,0,0
24.081161,-15.6445,96.5039,-983.4961,0,0
24.085130,-15.6445,96.3281,-983.6719,0,0
24.089137,-15.6445,96.1523,-983.8477,0,0
24.093124,-15.6445,95.9766,-984.0234,0,0
24.097130,-15.6445,95.8008,-984.1992,0,0
24.101096,-15.6445,95.4492,-984.5508,0,0
24.105161,-15.6445,95.2734,-984.7266,0,0
24.110855,-15.6445,94.9219,-985.0781,0,0
24.113160,-15.6445,94.5703,-985.4297,0,0
24.117137,-15.6445,94.3945,-985.6055,0,0
24.121107,-15.6445,94.0430,-985.9570,0,0
24.125078,-15.6445,93.6914,-986.3086,0,0
24.129160,-15.6445,93.5156,-986.4844,0,0
24.133130,-15.6445,93.1641,-986.8359,0,0
24.137096,-15.6445,92.8125,-987.1875,0,0
24.141161,-15.6445,92.4609,-987.5391,0,0
24.145130,-15.6445,92.1094,-987.8906,0,0
24.149096,-15.6445,91.7578,-988.2422,0,0
24.153075,-15.6445,91.4062,-988.5938,0,0
24.157145,-15.6445,90.8789,-989.1211,0,0
24.161115,-15.6445,90.5273,-989.4727,0,0
24.165082,-15.6445,90.1758,-989.8242,0,0
24.169123,-15.6445,89.8242,-990.1758,0,0
24.173096,-15.6445,89.4727,-990.5273,0,0
24.179055,-15.6445,88.7695,-991.2305,0,0
24.181155,-15.6445,88.5938,-991.4062,0,0
24.185104,-15.6445,88.2422,-991.7578,0,0
24.189074,-15.6445,87.8906,-992.1094,0,0
24.193070,-15.6445,87.3633,-992.6367,0,0
24.197078,-15.6445,87.0117,-992.9883,0,0
24.201080,-15.6445,86.6602,-993.3398,0,0
24.205074,-15.6445,86.3086,-993.6914,0,0
24.210918,-15.6445,85.7812,-994.2188,0,0
24.213078,-15.6445,85.4297,-994.5703,0,0
24.217068,-15.6445,85.2539,-994.7461,0,0
24.221094,-15.6445,84.7266,-995.2734,0,0
24.225142,-15.6445,84.5508,-995.4492,0,0
24.229114,-15.6445,84.0234,-995.9766,0,0
24.233082,-15.6445,83.8477,-996.1523,0,0
24.237145,-15.6445,83.4961,-996.5039,0,0
24.241116,-15.6445,83.1445,-996.8555,0,0
24.245082,-15.6445,82.7930,-997.2070,0,0
24.249145,-15.6445,82.6172,-997.3828,0,0
24.253131,-15.6445,82.2656,-997.7344,0,0
24.257112,-15.8203,81.9141,-998.0859,0,0
24.261082,-15.8203,81.7383,-998.2617,0,0
24.265145,-15.8203,81.5625,-998.4375,0,0
24.269116,-15.8203,81.2109,-998.7891,0,0
24.273082,-15.8203,81.0352,-998.9648,0,0
24.277145,-15.8203,80.8594,-999.1406,0,0
24.281116,-15.8203,80.6836,-999.3164,0,0
24.285082,-15.8203,80.5078,-999.4922,0,0
24.289145,-15.8203,80.3320,-999.6680,0,0
24.293116,-15.8203,80.3320,-999.6680,0,0
24.297147,-15.8203,80.1562,-999.8438,0,0
24.301116,-15.8203,79.9805,-1000.0195,0,0
24.305082,-15.8203,79.9805,-1000.0195,0,0
24.310670,-15.8203,79.8047,-1000.1953,0,0
24.313160,-15.8203,79.8047,-1000.1953,0,0
24.317137,-15.8203,79.8047,-1000.1953,0,0
24.321107,-15.8203,79.8047,-1000.1953,0,0
24.325078,-15.8203,79.8047,-1000.1953,0,0
24.329145,-15.8203,79.8047,-1000.1953,0,0
24.333116,-15.8203,79.8047,-1000.1953,0,0
24.337082,-15.8203,79.8047,-1000.1953,0,0
24.341145,-15.8203,79.8047,-1000.1953,0,0
24.345116,-15.8203,79.9805,-1000.0195,0,0
24.349082,-15.8203,80.1562,-999.8438,0,0
24.353156,-15.8203,80.1562,-999.8438,0,0
24.357123,-15.8203,80.3320,-999.6680,0,0
24.361090,-15.8203,80.5078,-999.4922,0,0
24.365090,-15.8203,80.6836,-999.3164,0,0
24.369156,-15.8203,80.8594,-999.1406,0,0
24.373123,-15.8203,81.0352,-998.9648,0,0
24.377090,-15.8203,81.2109,-998.7891,0,0
24.381156,-15.8203,81.5625,-998.4375,0,0
24.385123,-15.8203,81.7383,-998.2617,0,0
24.389090,-15.8203,81.9141,-998.0859,0,0
24.393156,-15.8203,82.2656,-997.7344,0,0
24.397078,-15.8203,82.4414,-997.5586,0,0
24.401161,-15.8203,82.7930,-997.2070,0,0
24.405130,-15.8203,83.1445,-996.8555,0,0
24.410694,-15.8203,83.4961,-996.5039,0,0
24.413082,-15.8203,83.6719,-996.3281,0,0
24.417159,-15.8203,84.0234,-995.9766,0,0
24.421130,-15.8203,84.3750,-995.6250,0,0
24.425096,-15.8203,84.7266,-995.2734,0,0
24.429161,-15.8203,85.0781,-994.9219,0,0
24.433130,-15.8203,85.4297,-994.5703,0,0
24.437096,-15.8203,85.7812,-994.2188,0,0
24.441161,-15.8203,86.1328,-993.8672,0,0
24.445130,-15.8203,86.4844,-993.5156,0,0
24.449096,-15.8203,86.8359,-993.1641,0,0
24.453075,-15.8203,87.3633,-992.6367,0,0
24.457145,-15.8203,87.7148,-992.2852,0,0
24.461115,-15.8203,88.0664,-991.9336,0,0
24.465147,-15.8203,88.4180,-991.5820,0,0
24.469072,-15.8203,88.7695,-991.2305,0,0
24.473145,-15.8203,89.2969,-990.7031,0,0
24.477116,-15.8203,89.6484,-990.3516,0,0
24.481066,-15.8203,90.0000,-990.0000,0,0
24.485299,-15.8203,90.3516,-989.6484,0,0
24.489156,-15.8203,90.7031,-989.2969,0,0
24.493065,-15.8203,91.0547,-988.9453,0,0
24.497104,-15.8203,91.4062,-988.5938,0,0
24.501137,-15.8203,91.7578,-988.2422,0,0
24.505075,-15.8203,92.1094,-987.8906,0,0
24.510912,-15.8203,92.6367,-987.3633,0,0
24.513122,-15.8203,92.8125,-987.1875,0,0
24.517096,-15.8203,93.1641,-986.8359,0,0
24.521161,-15.8203,93.5156,-986.4844,0,0
24.525130,-15.8203,93.6914,-986.3086,0,0
24.529096,-15.8203,94.0430,-985.9570,0,0
24.533161,-15.8203,94.3945,-985.6055,0,0
24.537130,-15.8203,94.5703,-985.4297,0,0
24.541096,-15.8203,94.9219,-985.0781,0,0
24.545161,-15.8203,95.0977,-984.9023,0,0
24.549130,-15.8203,95.4492,-984.5508,0,0
24.553106,-15.6445,95.6250,-984.3750,0,0
24.557090,-15.6445,95.8008,-984.1992,0,0
24.561156,-15.6445,95.9766,-984.0234,0,0
24.565123,-15.6445,96.3281,-983.6719,0,0
24.569090,-15.6445,96.5039,-983.4961,0,0
24.573156,-15.6445,96.5039,-983.4961,0,0
24.577123,-15.6445,96.6797,-983.3203,0,0
24.581090,-15.6445,96.8555,-983.1445,0,0
24.585156,-15.6445,97.0312,-982.9688,0,0
24.589123,-15.6445,97.0312,-982.9688,0,0
24.593090,-15.6445,97.2070,-982.7930,0,0
24.597156,-15.6445,97.2070,-982.7930,0,0
24.601117,-15.6445,97.2070,-982.7930,0,0
24.605125,-15.6445,97.2070,-982.7930,0,0
24.610694,-15.6445,97.2070,-982.7930,0,0
24.613082,-15.6445,97.2070,-982.7930,0,0
24.617152,-15.6445,97.2070,-982.7930,0,0
24.621123,-15.6445,97.2070,-982.7930,0,0
24.625090,-15.6445,97.2070,-982.7930,0,0
24.629156,-15.6445,97.0312,-982.9688,0,0
24.633123,-15.6445,97.0312,-982.9688,0,0
24.637090,-15.6445,97.0312,-982.9688,0,0
24.641156,-15.6445,96.8555,-983.1445,0,0
24.645123,-15.6445,96.6797,-983.3203,0,0
24.649090,-15.6445,96.5039,-983.4961,0,0
24.653064,-15.6445,96.3281,-983.6719,0,0
24.657137,-15.6445,96.1523,-983.8477,0,0
24.661107,-15.6445,95.9766,-984.0234,0,0
24.665078,-15.6445,95.8008,-984.1992,0,0
24.669145,-15.6445,95.6250,-984.3750,0,0
24.673116,-15.6445,95.2734,-984.7266,0,0
24.677082,-15.6445,95.0977,-984.9023,0,0
24.681145,-15.6445,94.9219,-985.0781,0,0
24.685116,-15.6445,94.5703,-985.4297,0,0
24.689082,-15.6445,94.3945,-985.6055,0,0
24.693145,-15.6445,94.0430,-985.9570,0,0
24.697116,-15.6445,93.6914,-986.3086,0,0
24.701082,-15.6445,93.5156,-986.4844,0,0
24.705096,-15.6445,93.1641,-986.8359,0,0
24.710687,-15.6445,92.6367,-987.3633,0,0
24.713080,-15.6445,92.4609,-987.5391,0,0
24.717096,-15.6445,92.1094,-987.8906,0,0
24.721161,-15.6445,91.7578,-988.2422,0,0
24.725130,-15.6445,91.4062,-988.5938,0,0
24.729096,-15.6445,91.0547,-988.9453,0,0
24.733161,-15.6445,90.7031,-989.2969,0,0
24.737130,-15.6445,90.3516,-989.6484,0,0
24.741096,-15.6445,90.0000,-990.0000,0,0
24.745078,-15.6445,89.6484,-990.3516,0,0
24.749160,-15.6445,89.2969,-990.7031,0,0
24.753145,-15.6445,88.7695,-991.2305,0,0
24.757116,-15.6445,88.4180,-991.5820,0,0
24.761124,-15.6445,88.0664,-991.9336,0,0
24.765104,-15.6445,87.7148,-992.2852,0,0
24.769074,-15.6445,87.3633,-992.6367,0,0
24.773158,-15.6445,87.0117,-992.9883,0,0
24.777161,-15.6445,86.6602,-993.3398,0,0
24.781130,-15.6445,86.3086,-993.6914,0,0
24.785118,-15.6445,85.9570,-994.0430,0,0
24.790397,-15.6445,85.4297,-994.5703,0,0
24.793380,-15.6445,85.2539,-994.7461,0,0
24.797070,-15.6445,84.9023,-995.0977,0,0
24.801082,-15.6445,84.5508,-995.4492,0,0
24.805115,-15.6445,84.1992,-995.8008,0,0
24.810944,-15.6445,83.8477,-996.1523,0,0
24.813145,-15.6445,83.6719,-996.3281,0,0
24.817090,-15.6445,83.3203,-996.6797,0,0
24.821083,-15.6445,83.1445,-996.8555,0,0
24.825152,-15.6445,82.7930,-997.2070,0,0
24.829145,-15.6445,82.4414,-997.5586,0,0
24.833157,-15.6445,82.2656,-997.7344,0,0
24.837161,-15.6445,82.0898,-997.9102,0,0
24.841130,-15.6445,81.7383,-998.2617,0,0
24.845096,-15.6445,81.5625,-998.4375,0,0
24.849161,-15.6445,81.3867,-998.6133,0,0
24.853160,-15.6445,81.2109,-998.7891,0,0
24.857130,-15.6445,81.0352,-998.9648,0,0
24.861105,-15.6445,80.8594,-999.1406,0,0
24.865152,-15.6445,80.6836,-999.3164,0,0
24.869123,-15.6445,80.5078,-999.4922,0,0
24.873090,-15.6445,80.5078,-999.4922,0,0
24.877156,-15.6445,80.3320,-999.6680,0,0
24.881123,-15.6445,80.3320,-999.6680,0,0
24.885090,-15.6445,80.3320,-999.6680,0,0
24.889156,-15.6445,80.1562,-999.8438,0,0
24.893123,-15.6445,80.1562,-999.8438,0,0
24.897090,-15.6445,80.1562,-999.8438,0,0
24.901156,-15.6445,80.1562,-999.8438,0,0
24.905123,-15.6445,80.1562,-999.8438,0,0
24.910688,-15.6445,80.1562,-999.8438,0,0
24.913157,-15.6445,80.3320,-999.6680,0,0
24.917130,-15.6445,80.3320,-999.6680,0,0
24.921096,-15.6445,80.3320,-999.6680,0,0
24.925161,-15.6445,80.5078,-999.4922,0,0
24.929130,-15.6445,80.5078,-999.4922,0,0
24.933096,-15.6445,80.6836,-999.3164,0,0
24.937161,-15.6445,80.8594,-999.1406,0,0
24.941130,-15.6445,81.0352,-998.9648,0,0
24.945096,-15.6445,81.2109,-998.7891,0,0
24.949161,-15.6445,81.3867,-998.6133,0,0
24.953144,-15.6445,81.5625,-998.4375,0,0
24.957114,-15.6445,81.7383,-998.2617,0,0
24.961082,-15.6445,81.9141,-998.0859,0,0
24.965145,-15.6445,82.2656,-997.7344,0,0
24.969116,-15.6445,82.4414,-997.5586,0,0
24.973082,-15.6445,82.7930,-997.2070,0,0
24.977145,-15.6445,83.1445,-996.8555,0,0
24.981116,-15.6445,83.3203,-996.6797,0,0
24.985082,-15.6445,83.6719,-996.3281,0,0
24.989145,-15.6445,84.0234,-995.9766,0,0
24.993151,-15.6445,84.3750,-995.6250,0,0
24.997123,-15.6445,84.5508,-995.4492,0,0
25.001090,-15.6445,84.9023,-995.0977,0,0
25.005156,-15.6445,85.2539,-994.7461,0,0
25.010638,-15.6445,85.7812,-994.2188,0,0
25.013137,-15.6445,85.9570,-994.0430,0,0
25.017137,-15.6445,86.3086,-993.6914,0,0
25.021107,-15.6445,86.6602,-993.3398,0,0
25.025078,-15.6445,87.0117,-992.9883,0,0
25.029145,-15.6445,87.3633,-992.6367,0,0
25.033116,-15.6445,87.8906,-992.1094,0,0
25.037082,-15.6445,88.2422,-991.7578,0,0
25.041145,-15.6445,88.5938,-991.4062,0,0
25.045116,-15.6445,88.9453,-991.0547,0,0
25.049082,-15.6445,89.2969,-990.7031,0,0
25.053065,-15.6445,89.6484,-990.3516,0,0
25.057112,-15.6445,90.0000,-990.0000,0,0
25.061082,-15.6445,90.3516,-989.6484,0,0
25.065108,-15.6445,90.7031,-989.2969,0,0
25.069124,-15.6445,91.0547,-988.9453,0,0
25.073138,-15.6445,91.4062,-988.5938,0,0
25.077169,-15.6445,91.7578,-988.2422,0,0
25.081074,-15.6445,92.1094,-987.8906,0,0
25.085152,-15.6445,92.4609,-987.5391,0,0
25.089123,-15.6445,92.8125,-987.1875,0,0
25.093115,-15.6445,92.9883,-987.0117,0,0
25.097564,-15.6445,93.5156,-986.4844,0,0
25.101606,-15.6445,93.6914,-986.3086,0,0
25.105087,-15.6445,93.8672,-986.1328,0,0
25.111136,-15.6445,94.3945,-985.6055,0,0
25.113143,-15.6445,94.5703,-985.4297,0,0
25.117090,-15.6445,94.7461,-985.2539,0,0
25.121157,-15.4688,95.0977,-984.9023,0,0
25.125074,-15.4688,95.2734,-984.7266,0,0
25.129142,-15.4688,95.4492,-984.5508,0,0
25.133139,-15.4688,95.6250,-984.3750,0,0
25.137107,-15.4688,95.8008,-984.1992,0,0
25.141078,-15.4688,95.9766,-984.0234,0,0
25.145145,-15.4688,96.3281,-983.6719,0,0
25.149158,-15.4688,96.3281,-983.6719,0,0
25.153137,-15.4688,96.5039,-983.4961,0,0
25.157107,-15.4688,96.6797,-983.3203,0,0
25.161078,-15.4688,96.6797,-983.3203,0,0
25.165073,-15.4688,96.6797,-983.3203,0,0
25.169116,-15.4688,96.8555,-983.1445,0,0
25.173156,-15.4688,97.0312,-982.9688,0,0
25.177130,-15.4688,97.0312,-982.9688,0,0
25.181098,-15.4688,97.0312,-982.9688,0,0
25.185142,-15.4688,97.0312,-982.9688,0,0
25.189161,-15.4688,97.0312,-982.9688,0,0
25.193130,-15.4688,97.0312,-982.9688,0,0
25.197096,-15.4688,97.0312,-982.9688,0,0
25.201161,-15.4688,96.8555,-983.1445,0,0
25.205130,-15.4688,96.8555,-983.1445,0,0
25.210721,-15.4688,96.6797,-983.3203,0,0
25.213113,-15.4688,96.6797,-983.3203,0,0
25.217104,-15.4688,96.5039,-983.4961,0,0
25.221128,-15.4688,96.3281,-983.6719,0,0
25.225096,-15.4688,96.3281,-983.6719,0,0
25.229161,-15.4688,96.1523,-983.8477,0,0
25.233130,-15.4688,95.9766,-984.0234,0,0
25.237096,-15.4688,95.8008,-984.1992,0,0
25.241161,-15.4688,95.6250,-984.3750,0,0
25.245130,-15.4688,95.2734,-984.7266,0,0
25.249096,-15.4688,95.0977,-984.9023,0,0
25.253071,-15.4688,94.9219,-985.0781,0,0
25.257145,-15.4688,94.5703,-985.4297,0,0
25.261116,-15.4688,94.3945,-985.6055,0,0
25.265082,-15.4688,94.0430,-985.9570,0,0
25.269145,-15.4688,93.6914,-986.3086,0,0
25.273116,-15.4688,93.5156,-986.4844,0,0
25.277082,-15.4688,93.1641,-986.8359,0,0
25.281145,-15.4688,92.8125,-987.1875,0,0
25.285116,-15.4688,92.4609,-987.5391,0,0
25.289082,-15.4688,92.2852,-987.7148,0,0
25.293145,-15.4688,91.9336,-988.0664,0,0
25.297116,-15.4688,91.5820,-988.4180,0,0
25.301082,-15.4688,91.2305,-988.7695,0,0
25.305097,-15.4688,90.8789,-989.1211,0,0
25.310666,-15.4688,90.3516,-989.6484,0,0
25.313152,-15.4688,90.1758,-989.8242,0,0
25.317123,-15.4688,89.8242,-990.1758,0,0
25.321161,-15.4688,89.4727,-990.5273,0,0
25.325130,-15.4688,89.1211,-990.8789,0,0
25.329096,-15.4688,88.7695,-991.2305,0,0
25.333161,-15.4688,88.4180,-991.5820,0,0
25.337130,-15.4688,88.0664,-991.9336,0,0
25.341096,-15.4688,87.5391,-992.4609,0,0
25.345161,-15.4688,87.3633,-992.6367,0,0
25.349130,-15.4688,86.8359,-993.1641,0,0
25.353104,-15.4688,86.6602,-993.3398,0,0
25.357074,-15.4688,86.1328,-993.8672,0,0
25.361151,-15.4688,85.9570,-994.0430,0,0
25.365152,-15.4688,85.4297,-994.5703,0,0
25.369123,-15.4688,85.2539,-994.7461,0,0
25.373090,-15.4688,84.9023,-995.0977,0,0
25.377156,-15.4688,84.5508,-995.4492,0,0
25.381123,-15.4688,84.1992,-995.8008,0,0
25.385090,-15.4688,83.8477,-996.1523,0,0
25.389156,-15.4688,83.6719,-996.3281,0,0
25.393123,-15.4688,83.3203,-996.6797,0,0
25.397090,-15.4688,83.1445,-996.8555,0,0
25.401156,-15.4688,82.7930,-997.2070,0,0
25.405123,-15.4688,82.6172,-997.3828,0,0
25.410689,-15.4688,82.2656,-997.7344,0,0
25.413080,-15.4688,82.0898,-997.9102,0,0
25.417152,-15.4688,81.9141,-998.0859,0,0
25.421079,-15.6445,81.7383,-998.2617,0,0
25.425132,-15.6445,81.5625,-998.4375,0,0
25.429083,-15.6445,81.3867,-998.6133,0,0
25.433114,-15.6445,81.2109,-998.7891,0,0
25.437112,-15.6445,81.0352,-998.9648,0,0
25.441130,-15.6445,80.8594,-999.1406,0,0
25.446347,-15.6445,80.8594,-999.1406,0,0
25.449154,-15.6445,80.6836,-999.3164,0,0
25.453085,-15.6445,80.5078,-999.4922,0,0
25.457123,-15.6445,80.5078,-999.4922,0,0
25.461102,-15.6445,80.5078,-999.4922,0,0
25.465077,-15.6445,80.5078,-999.4922,0,0
25.469136,-15.6445,80.5078,-999.4922,0,0
25.473127,-15.6445,80.5078,-999.4922,0,0
25.477115,-15.6445,80.5078,-999.4922,0,0
25.481069,-15.6445,80.5078,-999.4922,0,0
25.485161,-15.6445,80.5078,-999.4922,0,0
25.489090,-15.6445,80.5078,-999.4922,0,0
25.493112,-15.6445,80.5078,-999.4922,0,0
25.497137,-15.6445,80.6836,-999.3164,0,0
25.501107,-15.6445,80.8594,-999.1406,0,0
25.505078,-15.6445,80.8594,-999.1406,0,0
25.510917,-15.6445,81.0352,-998.9648,0,0
25.513113,-15.6445,81.2109,-998.7891,0,0
25.517090,-15.6445,81.3867,-998.6133,0,0
25.521156,-15.6445,81.5625,-998.4375,0,0
25.525071,-15.6445,81.7383,-998.2617,0,0
25.529137,-15.6445,81.9141,-998.0859,0,0
25.533160,-15.6445,82.0898,-997.9102,0,0
25.537130,-15.6445,82.4414,-997.5586,0,0
25.541096,-15.6445,82.6172,-997.3828,0,0
25.545161,-15.6445,82.7930,-997.2070,0,0
25.549130,-15.6445,83.1445,-996.8555,0,0
25.553106,-15.6445,83.3203,-996.6797,0,0
25.557074,-15.6445,83.6719,-996.3281,0,0
25.561142,-15.6445,83.8477,-996.1523,0,0
25.565114,-15.6445,84.1992,-995.8008,0,0
25.569082,-15.6445,84.5508,-995.4492,0,0
25.573145,-15.6445,84.9023,-995.0977,0,0
25.577116,-15.6445,85.2539,-994.7461,0,0
25.581082,-15.6445,85.4297,-994.5703,0,0
25.585145,-15.6445,85.7812,-994.2188,0,0
25.589116,-15.6445,86.1328,-993.8672,0,0
25.593082,-15.6445,86.4844,-993.5156,0,0
25.597145,-15.6445,86.8359,-993.1641,0,0
25.601116,-15.6445,87.1875,-992.8125,0,0
25.605082,-15.6445,87.5391,-992.4609,0,0
25.610648,-15.6445,88.0664,-991.9336,0,0
25.613133,-15.6445,88.2422,-991.7578,0,0
25.617107,-15.6445,88.5938,-991.4062,0,0
25.621078,-15.6445,88.9453,-991.0547,0,0
25.625069,-15.6445,89.2969,-990.7031,0,0
25.629112,-15.6445,89.6484,-990.3516,0,0
25.633082,-15.6445,90.0000,-990.0000,0,0
25.637074,-15.6445,90.3516,-989.6484,0,0
25.641142,-15.6445,90.7031,-989.2969,0,0
25.645114,-15.6445,91.0547,-988.9453,0,0
25.649082,-15.6445,91.4062,-988.5938,0,0
25.653156,-15.6445,91.7578,-988.2422,0,0
25.657123,-15.6445,92.1094,-987.8906,0,0
25.661090,-15.4688,92.4609,-987.5391,0,0
25.665156,-15.4688,92.8125,-987.1875,0,0
25.669123,-15.4688,92.9883,-987.0117,0,0
25.673090,-15.4688,93.3398,-986.6602,0,0
25.677090,-15.4688,93.5156,-986.4844,0,0
25.681156,-15.4688,93.8672,-986.1328,0,0
25.685123,-15.4688,94.0430,-985.9570,0,0
25.689090,-15.4688,94.3945,-985.6055,0,0
25.693156,-15.4688,94.5703,-985.4297,0,0
25.697123,-15.4688,94.9219,-985.0781,0,0
25.701090,-15.4688,95.0977,-984.9023,0,0
25.705156,-15.4688,95.2734,-984.7266,0,0
25.710626,-15.4688,95.4492,-984.5508,0,0
25.713114,-15.4688,95.6250,-984.3750,0,0
25.717090,-15.4688,95.8008,-984.1992,0,0
25.721156,-15.4688,95.9766,-984.0234,0,0
25.725123,-15.4688,95.9766,-984.0234,0,0
25.729145,-15.4688,96.1523,-983.8477,0,0
25.733145,-15.4688,96.3281,-983.6719,0,0
25.737071,-15.4688,96.3281,-983.6719,0,0
25.741081,-15.4688,96.5039,-983.4961,0,0
25.745145,-15.4688,96.5039,-983.4961,0,0
25.749160,-15.4688,96.6797,-983.3203,0,0
25.753100,-15.4688,96.6797,-983.3203,0,0
25.760188,-15.4688,96.6797,-983.3203,0,0
25.761165,-15.4688,96.6797,-983.3203,0,0
25.765101,-15.4688,96.6797,-983.3203,0,0
25.769090,-15.4688,96.6797,-983.3203,0,0
25.773090,-15.4688,96.6797,-983.3203,0,0
25.777156,-15.4688,96.5039,-983.4961,0,0
25.781098,-15.4688,96.5039,-983.4961,0,0
25.785090,-15.2930,96.3281,-983.6719,0,0
25.789083,-15.2930,96.3281,-983.6719,0,0
25.793090,-15.2930,96.1523,-983.8477,0,0
25.797152,-15.2930,95.9766,-984.0234,0,0
25.801145,-15.2930,95.9766,-984.0234,0,0
25.805116,-15.2930,95.8008,-984.1992,0,0
25.811071,-15.2930,95.4492,-984.5508,0,0
25.813127,-15.2930,95.2734,-984.7266,0,0
25.817106,-15.2930,95.0977,-984.9023,0,0
25.821078,-15.2930,94.9219,-985.0781,0,0
25.825146,-15.2930,94.7461,-985.2539,0,0
25.829116,-15.2930,94.5703,-985.4297,0,0
25.833116,-15.2930,94.2188,-985.7812,0,0
25.837127,-15.2930,94.0430,-985.9570,0,0
25.841097,-15.2930,93.6914,-986.3086,0,0
25.845161,-15.2930,93.5156,-986.4844,0,0
25.849130,-15.2930,93.1641,-986.8359,0,0
25.853106,-15.2930,92.9883,-987.0117,0,0
25.857074,-15.2930,92.6367,-987.3633,0,0
25.861151,-15.2930,92.2852,-987.7148,0,0
25.865074,-15.2930,91.9336,-988.0664,0,0
25.869141,-15.2930,91.5820,-988.4180,0,0
25.873112,-15.2930,91.4062,-988.5938,0,0
25.877082,-15.2930,91.0547,-988.9453,0,0
25.881145,-15.2930,90.7031,-989.2969,0,0
25.885116,-15.2930,90.3516,-989.6484,0,0
25.889082,-15.2930,90.0000,-990.0000,0,0
25.893145,-15.2930,89.6484,-990.3516,0,0
25.897116,-15.2930,89.2969,-990.7031,0,0
25.901082,-15.2930,88.9453,-991.0547,0,0
25.905145,-15.2930,88.5938,-991.4062,0,0
25.910618,-15.2930,88.0664,-991.9336,0,0
25.913106,-15.2930,87.8906,-992.1094,0,0
25.917082,-15.2930,87.5391,-992.4609,0,0
25.921145,-15.2930,87.1875,-992.8125,0,0
25.925116,-15.2930,86.8359,-993.1641,0,0
25.929082,-15.2930,86.4844,-993.5156,0,0
25.933109,-15.4688,86.1328,-993.8672,0,0
25.937104,-15.4688,85.9570,-994.0430,0,0
25.941074,-15.4688,85.4297,-994.5703,0,0
25.945141,-15.4688,85.2539,-994.7461,0,0
25.949112,-15.4688,84.9023,-995.0977,0,0
25.953090,-15.4688,84.5508,-995.4492,0,0
25.957160,-15.4688,84.3750,-995.6250,0,0
25.961130,-15.4688,84.0234,-995.9766,0,0
25.965096,-15.4688,83.8477,-996.1523,0,0
25.969161,-15.4688,83.4961,-996.5039,0,0
25.973130,-15.4688,83.1445,-996.8555,0,0
25.977096,-15.4688,82.9688,-997.0312,0,0
25.981161,-15.4688,82.7930,-997.2070,0,0
25.985139,-15.4688,82.6172,-997.3828,0,0
25.989106,-15.4688,82.2656,-997.7344,0,0
25.993078,-15.4688,82.0898,-997.9102,0,0
25.997145,-15.4688,81.9141,-998.0859,0,0
26.001116,-15.4688,81.7383,-998.2617,0,0
26.005082,-15.4688,81.5625,-998.4375,0,0
26.010648,-15.4688,81.3867,-998.6133,0,0
26.013133,-15.4688,81.2109,-998.7891,0,0
26.017106,-15.4688,81.2109,-998.7891,0,0
26.021078,-15.4688,81.0352,-998.9648,0,0
26.025145,-15.4688,81.0352,-998.9648,0,0
26.029116,-15.4688,80.8594,-999.1406,0,0
26.033082,-15.4688,80.8594,-999.1406,0,0
26.037104,-15.4688,80.8594,-999.1406,0,0
26.041079,-15.4688,80.8594,-999.1406,0,0
26.045090,-15.4688,80.8594,-999.1406,0,0
26.049108,-15.4688,80.8594,-999.1406,0,0
26.053143,-15.4688,80.8594,-999.1406,0,0
26.057114,-15.4688,80.8594,-999.1406,0,0
26.061105,-15.4688,80.8594,-999.1406,0,0
26.065114,-15.4688,80.8594,-999.1406,0,0
26.069106,-15.4688,81.0352,-998.9648,0,0
26.073108,-15.4688,81.0352,-998.9648,0,0
26.077082,-15.4688,81.2109,-998.7891,0,0
26.081145,-15.4688,81.2109,-998.7891,0,0
26.085116,-15.4688,81.3867,-998.6133,0,0
26.089106,-15.4688,81.5625,-998.4375,0,0
26.093078,-15.4688,81.7383,-998.2617,0,0
26.097078,-15.4688,81.9141,-998.0859,0,0
26.101071,-15.4688,82.0898,-997.9102,0,0
26.105137,-15.4688,82.2656,-997.7344,0,0
26.110964,-15.4688,82.6172,-997.3828,0,0
26.113080,-15.4688,82.6172,-997.3828,0,0
26.117152,-15.4688,82.9688,-997.0312,0,0
26.124104,-15.4688,83.3203,-996.6797,0,0
26.125137,-15.4688,83.3203,-996.6797,0,0
26.129143,-15.4688,83.6719,-996.3281,0,0
26.133105,-15.4688,83.8477,-996.1523,0,0
26.137099,-15.4688,84.1992,-995.8008,0,0
26.141090,-15.4688,84.5508,-995.4492,0,0
26.145104,-15.4688,84.7266,-995.2734,0,0
26.149074,-15.4688,85.0781,-994.9219,0,0
26.153102,-15.4688,85.4297,-994.5703,0,0
26.157184,-15.4688,85.7812,-994.2188,0,0
26.161071,-15.4688,85.9570,-994.0430,0,0
26.165103,-15.4688,86.4844,-993.5156,0,0
26.169090,-15.4688,86.6602,-993.3398,0,0
26.173156,-15.4688,87.0117,-992.9883,0,0
26.177123,-15.4688,87.3633,-992.6367,0,0
26.181090,-15.4688,87.7148,-992.2852,0,0
26.185156,-15.4688,88.0664,-991.9336,0,0
26.189123,-15.4688,88.4180,-991.5820,0,0
26.193090,-15.4688,88.7695,-991.2305,0,0
26.197156,-15.4688,89.1211,-990.8789,0,0
26.201123,-15.4688,89.4727,-990.5273,0,0
26.205090,-15.4688,89.6484,-990.3516,0,0
26.210911,-15.4688,90.1758,-989.8242,0,0
26.213111,-15.4688,90.3516,-989.6484,0,0
26.217082,-15.4688,90.7031,-989.2969,0,0
26.221145,-15.4688,91.0547,-988.9453,0,0
26.225116,-15.4688,91.4062,-988.5938,0,0
26.229082,-15.4688,91.7578,-988.2422,0,0
26.233145,-15.4688,92.1094,-987.8906,0,0
26.237116,-15.4688,92.2852,-987.7148,0,0
26.241137,-15.4688,92.6367,-987.3633,0,0
26.245152,-15.4688,92.9883,-987.0117,0,0
26.249123,-15.4688,93.1641,-986.8359,0,0
26.253096,-15.4688,93.5156,-986.4844,0,0
26.257161,-15.4688,93.6914,-986.3086,0,0
26.261130,-15.4688,93.8672,-986.1328,0,0
26.265096,-15.4688,94.2188,-985.7812,0,0
26.269161,-15.4688,94.3945,-985.6055,0,0
26.273130,-15.4688,94.5703,-985.4297,0,0
26.277096,-15.4688,94.9219,-985.0781,0,0
26.281161,-15.4688,95.0977,-984.9023,0,0
26.285130,-15.4688,95.2734,-984.7266,0,0
26.289096,-15.4688,95.4492,-984.5508,0,0
26.293080,-15.4688,95.6250,-984.3750,0,0
26.297145,-15.4688,95.8008,-984.1992,0,0
26.301116,-15.4688,95.8008,-984.1992,0,0
26.305082,-15.4688,95.9766,-984.0234,0,0
26.310648,-15.4688,96.1523,-983.8477,0,0
26.313133,-15.4688,96.1523,-983.8477,0,0
26.317106,-15.4688,96.3281,-983.6719,0,0
26.321078,-15.4688,96.3281,-983.6719,0,0
26.325145,-15.4688,96.3281,-983.6719,0,0
26.329116,-15.4688,96.3281,-983.6719,0,0
26.333082,-15.4688,96.3281,-983.6719,0,0
26.337145,-15.4688,96.3281,-983.6719,0,0
26.341116,-15.4688,96.3281,-983.6719,0,0
26.345075,-15.4688,96.3281,-983.6719,0,0
26.349141,-15.4688,96.3281,-983.6719,0,0
26.353120,-15.4688,96.3281,-983.6719,0,0
26.357090,-15.2930,96.1523,-983.8477,0,0
26.361174,-15.2930,95.9766,-984.0234,0,0
26.365145,-15.2930,95.9766,-984.0234,0,0
26.369116,-15.2930,95.8008,-984.1992,0,0
26.373082,-15.2930,95.8008,-984.1992,0,0
26.377145,-15.2930,95.6250,-984.3750,0,0
26.381116,-15.2930,95.4492,-984.5508,0,0
26.385082,-15.2930,95.2734,-984.7266,0,0
26.389145,-15.2930,95.0977,-984.9023,0,0
26.393116,-15.2930,94.9219,-985.0781,0,0
26.397082,-15.2930,94.5703,-985.4297,0,0
26.401145,-15.2930,94.3945,-985.6055,0,0
26.405116,-15.2930,94.2188,-985.7812,0,0
26.410680,-15.2930,93.8672,-986.1328,0,0
26.413074,-15.2930,93.6914,-986.3086,0,0
26.417106,-15.2930,93.5156,-986.4844,0,0
26.421129,-15.2930,93.1641,-986.8359,0,0
26.425096,-15.2930,92.9883,-987.0117,0,0
26.429102,-15.2930,92.6367,-987.3633,0,0
26.434230,-15.2930,92.2852,-987.7148,0,0
26.437138,-15.2930,92.1094,-987.8906,0,0
26.441114,-15.2930,91.7578,-988.2422,0,0
26.445104,-15.2930,91.4062,-988.5938,0,0
26.449128,-15.2930,91.0547,-988.9453,0,0
26.453123,-15.2930,90.7031,-989.2969,0,0
26.457161,-15.2930,90.3516,-989.6484,0,0
26.461130,-15.2930,90.1758,-989.8242,0,0
26.465153,-15.2930,89.8242,-990.1758,0,0
26.469075,-15.2930,89.4727,-990.5273,0,0
26.473091,-15.2930,89.1211,-990.8789,0,0
26.477152,-15.2930,88.7695,-991.2305,0,0
26.481123,-15.2930,88.4180,-991.5820,0,0
26.485090,-15.2930,88.0664,-991.9336,0,0
26.489156,-15.2930,87.8906,-992.1094,0,0
26.493123,-15.2930,87.3633,-992.6367,0,0
26.497090,-15.2930,87.1875,-992.8125,0,0
26.501156,-15.2930,86.8359,-993.1641,0,0
26.505123,-15.2930,86.4844,-993.5156,0,0
26.510955,-15.4688,85.9570,-994.0430,0,0
26.513160,-15.4688,85.7812,-994.2188,0,0
26.517137,-15.4688,85.4297,-994.5703,0,0
26.521106,-15.4688,85.2539,-994.7461,0,0
26.525078,-15.4688,84.9023,-995.0977,0,0
26.529145,-15.4688,84.7266,-995.2734,0,0
26.533116,-15.4688,84.3750,-995.6250,0,0
26.537082,-15.4688,84.0234,-995.9766,0,0
26.541145,-15.4688,83.8477,-996.1523,0,0
26.545116,-15.4688,83.6719,-996.3281,0,0
26.549094,-15.4688,83.3203,-996.6797,0,0
26.553155,-15.4688,83.1445,-996.8555,0,0
26.557123,-15.4688,82.9688,-997.0312,0,0
26.561090,-15.4688,82.6172,-997.3828,0,0
26.565156,-15.4688,82.4414,-997.5586,0,0
26.569123,-15.4688,82.2656,-997.7344,0,0
26.573090,-15.4688,82.0898,-997.9102,0,0
26.577156,-15.4688,81.9141,-998.0859,0,0
26.581123,-15.4688,81.7383,-998.2617,0,0
26.585090,-15.4688,81.7383,-998.2617,0,0
26.589156,-15.4688,81.5625,-998.4375,0,0
26.593123,-15.4688,81.3867,-998.6133,0,0
26.597090,-15.4688,81.2109,-998.7891,0,0
26.601156,-15.4688,81.2109,-998.7891,0,0
26.605123,-15.4688,81.2109,-998.7891,0,0
26.610689,-15.4688,81.0352,-998.9648,0,0
26.613080,-15.4688,81.0352,-998.9648,0,0
26.617152,-15.4688,81.0352,-998.9648,0,0
26.621123,-15.4688,81.0352,-998.9648,0,0
26.625090,-15.4688,81.0352,-998.9648,0,0
26.629156,-15.4688,81.0352,-998.9648,0,0
26.633123,-15.4688,81.0352,-998.9648,0,0
26.637090,-15.4688,81.2109,-998.7891,0,0
26.641156,-15.4688,81.2109,-998.7891,0,0
26.645123,-15.4688,81.2109,-998.7891,0,0
26.649139,-15.4688,81.3867,-998.6133,0,0
26.653121,-15.4688,81.5625,-998.4375,0,0
26.657137,-15.4688,81.5625,-998.4375,0,0
26.661106,-15.4688,81.7383,-998.2617,0,0
26.665078,-15.4688,81.9141,-998.0859,0,0
26.669074,-15.4688,81.9141,-998.0859,0,0
26.673141,-15.4688,82.2656,-997.7344,0,0
26.677111,-15.4688,82.4414,-997.5586,0,0
26.681082,-15.4688,82.6172,-997.3828,0,0
26.685145,-15.4688,82.7930,-997.2070,0,0
26.689116,-15.4688,82.9688,-997.0312,0,0
26.693082,-15.4688,83.1445,-996.8555,0,0
26.697145,-15.4688,83.4961,-996.5039,0,0
26.701116,-15.4688,83.6719,-996.3281,0,0
26.705082,-15.4688,84.0234,-995.9766,0,0
26.710648,-15.4688,84.3750,-995.6250,0,0
26.713133,-15.4688,84.5508,-995.4492,0,0
26.717066,-15.4688,84.7266,-995.2734,0,0
26.721101,-15.4688,85.0781,-994.9219,0,0
26.725075,-15.4688,85.2539,-994.7461,0,0
26.729088,-15.4688,85.6055,-994.3945,0,0
26.735903,-15.4688,86.1328,-993.8672,0,0
26.737131,-15.4688,86.3086,-993.6914,0,0
26.741078,-15.4688,86.6602,-993.3398,0,0
26.745128,-15.4688,86.8359,-993.1641,0,0
26.749096,-15.4688,87.1875,-992.8125,0,0
26.753071,-15.4688,87.5391,-992.4609,0,0
26.757136,-15.4688,87.8906,-992.1094,0,0
26.761139,-15.4688,88.2422,-991.7578,0,0
26.765122,-15.4688,88.5938,-991.4062,0,0
26.769090,-15.4688,88.7695,-991.2305,0,0
26.773156,-15.4688,89.2969,-990.7031,0,0
26.777123,-15.4688,89.4727,-990.5273,0,0
26.781090,-15.4688,89.8242,-990.1758,0,0
26.785078,-15.4688,90.1758,-989.8242,0,0
26.789146,-15.4688,90.5273,-989.4727,0,0
26.793116,-15.4688,90.8789,-989.1211,0,0
26.797082,-15.4688,91.0547,-988.9453,0,0
26.801145,-15.4688,91.4062,-988.5938,0,0
26.805116,-15.4688,91.7578,-988.2422,0,0
26.810946,-15.4688,92.1094,-987.8906,0,0
26.813137,-15.4688,92.2852,-987.7148,0,0
26.817111,-15.4688,92.6367,-987.3633,0,0
26.821082,-15.4688,92.8125,-987.1875,0,0
26.825074,-15.4688,93.1641,-986.8359,0,0
26.829141,-15.4688,93.3398,-986.6602,0,0
26.833112,-15.4688,93.6914,-986.3086,0,0
26.837082,-15.4688,93.8672,-986.1328,0,0
26.841145,-15.4688,94.0430,-985.9570,0,0
26.845116,-15.4688,94.2188,-985.7812,0,0
26.849082,-15.4688,94.3945,-985.6055,0,0
26.853159,-15.4688,94.5703,-985.4297,0,0
26.857121,-15.4688,94.9219,-985.0781,0,0
26.861090,-15.4688,95.0977,-984.9023,0,0
26.865161,-15.4688,95.0977,-984.9023,0,0
26.869130,-15.4688,95.2734,-984.7266,0,0
26.873130,-15.4688,95.4492,-984.5508,0,0
26.877096,-15.4688,95.6250,-984.3750,0,0
26.881161,-15.4688,95.8008,-984.1992,0,0
26.885130,-15.4688,95.8008,-984.1992,0,0
26.889096,-15.4688,95.8008,-984.1992,0,0
26.893161,-15.4688,95.9766,-984.0234,0,0
26.897130,-15.4688,95.9766,-984.0234,0,0
26.901096,-15.4688,95.9766,-984.0234,0,0
26.905161,-15.4688,95.9766,-984.0234,0,0
26.910623,-15.4688,95.9766,-984.0234,0,0
26.913079,-15.4688,95.9766,-984.0234,0,0
26.917126,-15.4688,95.9766,-984.0234,0,0
26.921137,-15.4688,95.9766,-984.0234,0,0
26.925152,-15.4688,95.9766,-984.0234,0,0
26.929102,-15.4688,95.9766,-984.0234,0,0
26.933137,-15.4688,95.8008,-984.1992,0,0
26.937074,-15.4688,95.8008,-984.1992,0,0
26.941117,-15.4688,95.6250,-984.3750,0,0
26.945123,-15.4688,95.6250,-984.3750,0,0
26.949122,-15.4688,95.4492,-984.5508,0,0
26.953099,-15.4688,95.2734,-984.7266,0,0
26.957142,-15.4688,95.0977,-984.9023,0,0
26.961110,-15.4688,94.9219,-985.0781,0,0
26.965131,-15.4688,94.7461,-985.2539,0,0
26.969110,-15.4688,94.5703,-985.4297,0,0
26.973114,-15.4688,94.3945,-985.6055,0,0
26.977123,-15.4688,94.2188,-985.7812,0,0
26.981090,-15.4688,93.8672,-986.1328,0,0
26.985105,-15.4688,93.6914,-986.3086,0,0
26.989090,-15.4688,93.5156,-986.4844,0,0
26.993073,-15.4688,93.1641,-986.8359,0,0
26.997090,-15.4688,92.9883,-987.0117,0,0
27.001070,-15.4688,92.6367,-987.3633,0,0
27.005160,-15.4688,92.4609,-987.5391,0,0
27.010683,-15.4688,91.9336,-988.0664,0,0
27.013080,-15.4688,91.7578,-988.2422,0,0
27.017152,-15.4688,91.5820,-988.4180,0,0
27.021152,-15.4688,91.2305,-988.7695,0,0
27.025130,-15.4688,90.8789,-989.1211,0,0
27.029096,-15.4688,90.7031,-989.2969,0,0
27.033139,-15.4688,90.3516,-989.6484,0,0
27.037070,-15.4688,90.0000,-990.0000,0,0
27.041090,-15.4688,89.6484,-990.3516,0,0
27.045106,-15.4688,89.2969,-990.7031,0,0
27.049087,-15.4688,88.9453,-991.0547,0,0
27.053079,-15.4688,88.7695,-991.2305,0,0
27.057090,-15.4688,88.4180,-991.5820,0,0
27.061109,-15.4688,88.0664,-991.9336,0,0
27.065096,-15.4688,87.7148,-992.2852,0,0
27.069082,-15.4688,87.3633,-992.6367,0,0
27.073160,-15.4688,87.1875,-992.8125,0,0
27.077079,-15.4688,86.8359,-993.1641,0,0
27.081113,-15.4688,86.4844,-993.5156,0,0
27.085143,-15.4688,86.1328,-993.8672,0,0
27.089076,-15.4688,85.7812,-994.2188,0,0
27.093113,-15.4688,85.4297,-994.5703,0,0
27.097082,-15.4688,85.2539,-994.7461,0,0
27.101145,-15.4688,85.0781,-994.9219,0,0
27.105116,-15.4688,84.7266,-995.2734,0,0
27.110896,-15.4688,84.3750,-995.6250,0,0
27.113101,-15.4688,84.1992,-995.8008,0,0
27.117074,-15.4688,83.8477,-996.1523,0,0
27.121141,-15.4688,83.6719,-996.3281,0,0
27.125112,-15.4688,83.4961,-996.5039,0,0
27.129082,-15.4688,83.1445,-996.8555,0,0
27.133145,-15.4688,82.9688,-997.0312,0,0
27.137116,-15.4688,82.7930,-997.2070,0,0
27.141082,-15.4688,82.6172,-997.3828,0,0
27.145145,-15.4688,82.4414,-997.5586,0,0
27.149116,-15.4688,82.2656,-997.7344,0,0
27.153094,-15.4688,82.0898,-997.9102,0,0
27.157082,-15.4688,81.9141,-998.0859,0,0
27.161086,-15.4688,81.9141,-998.0859,0,0
27.165152,-15.4688,81.7383,-998.2617,0,0
27.169080,-15.4688,81.5625,-998.4375,0,0
27.173145,-15.4688,81.5625,-998.4375,0,0
27.177116,-15.4688,81.5625,-998.4375,0,0
27.181082,-15.4688,81.3867,-998.6133,0,0
27.185145,-15.4688,81.3867,-998.6133,0,0
27.189116,-15.4688,81.2109,-998.7891,0,0
27.193082,-15.4688,81.2109,-998.7891,0,0
27.197145,-15.4688,81.2109,-998.7891,0,0
27.201116,-15.4688,81.2109,-998.7891,0,0
27.205082,-15.4688,81.2109,-998.7891,0,0
27.210648,-15.4688,81.3867,-998.6133,0,0
27.213133,-15.4688,81.3867,-998.6133,0,0
27.217106,-15.4688,81.5625,-998.4375,0,0
27.221094,-15.4688,81.5625,-998.4375,0,0
27.225160,-15.4688,81.5625,-998.4375,0,0
27.229130,-15.4688,81.7383,-998.2617,0,0
27.233096,-15.4688,81.9141,-998.0859,0,0
27.237161,-15.4688,81.9141,-998.0859,0,0
27.241130,-15.4688,82.0898,-997.9102,0,0
27.245090,-15.4688,82.2656,-997.7344,0,0
27.249161,-15.4688,82.4414,-997.5586,0,0
27.253145,-15.4688,82.6172,-997.3828,0,0
27.257080,-15.4688,82.7930,-997.2070,0,0
27.261145,-15.4688,82.9688,-997.0312,0,0
27.265104,-15.4688,83.1445,-996.8555,0,0
27.269119,-15.4688,83.4961,-996.5039,0,0
27.273136,-15.4688,83.6719,-996.3281,0,0
27.277161,-15.4688,83.8477,-996.1523,0,0
27.281153,-15.4688,84.1992,-995.8008,0,0
27.285105,-15.4688,84.3750,-995.6250,0,0
27.289137,-15.4688,84.7266,-995.2734,0,0
27.293106,-15.4688,85.0781,-994.9219,0,0
27.297078,-15.4688,85.2539,-994.7461,0,0
27.301074,-15.4688,85.4297,-994.5703,0,0
27.305156,-15.4688,85.7812,-994.2188,0,0
27.310893,-15.4688,86.3086,-993.6914,0,0
27.313124,-15.4688,86.4844,-993.5156,0,0
27.317096,-15.4688,86.8359,-993.1641,0,0
27.321161,-15.4688,87.1875,-992.8125,0,0
27.325090,-15.4688,87.3633,-992.6367,0,0
27.329113,-15.4688,87.7148,-992.2852,0,0
27.333082,-15.4688,88.0664,-991.9336,0,0
27.337161,-15.4688,88.2422,-991.7578,0,0
27.341074,-15.4688,88.5938,-991.4062,0,0
27.345141,-15.4688,88.9453,-991.0547,0,0
27.349111,-15.4688,89.2969,-990.7031,0,0
27.353092,-15.4688,89.6484,-990.3516,0,0
27.357082,-15.4688,90.0000,-990.0000,0,0
27.361178,-15.4688,90.1758,-989.8242,0,0
27.365090,-15.4688,90.5273,-989.4727,0,0
27.369131,-15.4688,90.8789,-989.1211,0,0
27.373141,-15.4688,91.0547,-988.9453,0,0
27.377111,-15.4688,91.4062,-988.5938,0,0
27.381082,-15.4688,91.7578,-988.2422,0,0
27.385145,-15.4688,92.1094,-987.8906,0,0
27.389116,-15.4688,92.2852,-987.7148,0,0
27.393130,-15.4688,92.4609,-987.5391,0,0
27.397096,-15.4688,92.8125,-987.1875,0,0
27.401161,-15.4688,93.1641,-986.8359,0,0
27.405087,-15.4688,93.3398,-986.6602,0,0
27.410762,-15.4688,93.6914,-986.3086,0,0
27.413123,-15.4688,93.8672,-986.1328,0,0
27.417122,-15.4688,94.0430,-985.9570,0,0
27.421123,-15.4688,94.2188,-985.7812,0,0
27.425104,-15.4688,94.3945,-985.6055,0,0
27.429090,-15.4688,94.5703,-985.4297,0,0
27.433074,-15.4688,94.7461,-985.2539,0,0
27.437141,-15.4688,94.9219,-985.0781,0,0
27.441151,-15.4688,95.0977,-984.9023,0,0
27.445161,-15.4688,95.0977,-984.9023,0,0
27.449130,-15.4688,95.2734,-984.7266,0,0
27.453103,-15.4688,95.4492,-984.5508,0,0
27.457090,-15.4688,95.6250,-984.3750,0,0
27.461156,-15.4688,95.6250,-984.3750,0,0
27.465123,-15.4688,95.6250,-984.3750,0,0
27.469072,-15.4688,95.8008,-984.1992,0,0
27.473082,-15.4688,95.8008,-984.1992,0,0
27.477096,-15.4688,95.8008,-984.1992,0,0
27.481161,-15.4688,95.8008,-984.1992,0,0
27.485130,-15.4688,95.8008,-984.1992,0,0
27.489096,-15.4688,95.8008,-984.1992,0,0
27.493161,-15.4688,95.8008,-984.1992,0,0
27.497078,-15.4688,95.8008,-984.1992,0,0
27.501145,-15.4688,95.8008,-984.1992,0,0
27.505116,-15.4688,95.6250,-984.3750,0,0
27.510680,-15.4688,95.6250,-984.3750,0,0
27.513074,-15.4688,95.4492,-984.5508,0,0
27.517145,-15.4688,95.2734,-984.7266,0,0
27.521116,-15.4688,95.2734,-984.7266,0,0
27.525082,-15.4688,95.0977,-984.9023,0,0
27.529145,-15.4688,94.9219,-985.0781,0,0
27.533116,-15.4688,94.9219,-985.0781,0,0
27.537082,-15.4688,94.5703,-985.4297,0,0
27.541160,-15.4688,94.3945,-985.6055,0,0
27.545130,-15.4688,94.2188,-985.7812,0,0
27.549131,-15.4688,94.0430,-985.9570,0,0
27.553107,-15.4688,93.8672,-986.1328,0,0
27.557090,-15.4688,93.6914,-986.3086,0,0
27.561080,-15.4688,93.5156,-986.4844,0,0
27.565102,-15.4688,93.1641,-986.8359,0,0
27.569074,-15.4688,92.9883,-987.0117,0,0
27.573108,-15.4688,92.6367,-987.3633,0,0
27.577122,-15.4688,92.4609,-987.5391,0,0
27.581090,-15.4688,92.1094,-987.8906,0,0
27.585156,-15.4688,91.7578,-988.2422,0,0
27.589123,-15.4688,91.5820,-988.4180,0,0
27.593090,-15.4688,91.2305,-988.7695,0,0
27.597156,-15.4688,91.0547,-988.9453,0,0
27.601123,-15.4688,90.7031,-989.2969,0,0
27.605090,-15.4688,90.3516,-989.6484,0,0
27.610659,-15.4688,90.0000,-990.0000,0,0
27.613145,-15.4688,89.8242,-990.1758,0,0
27.617124,-15.4688,89.4727,-990.5273,0,0
27.621097,-15.4688,89.1211,-990.8789,0,0
27.625161,-15.4688,88.7695,-991.2305,0,0
27.629130,-15.4688,88.5938,-991.4062,0,0
27.633096,-15.4688,88.2422,-991.7578,0,0
27.637161,-15.4688,87.8906,-992.1094,0,0
27.641130,-15.4688,87.5391,-992.4609,0,0
27.645096,-15.4688,87.3633,-992.6367,0,0
27.649161,-15.4688,87.0117,-992.9883,0,0
27.653144,-15.4688,86.6602,-993.3398,0,0
27.657122,-15.4688,86.4844,-993.5156,0,0
27.661091,-15.4688,86.1328,-993.8672,0,0
27.665112,-15.4688,85.7812,-994.2188,0,0
27.669082,-15.4688,85.4297,-994.5703,0,0
27.673156,-15.4688,85.2539,-994.7461,0,0
27.677090,-15.4688,85.0781,-994.9219,0,0
27.681158,-15.4688,84.7266,-995.2734,0,0
27.685168,-15.4688,84.5508,-995.4492,0,0
27.690813,-15.4688,84.0234,-995.9766,0,0
27.693087,-15.4688,84.0234,-995.9766,0,0
27.697118,-15.4688,83.8477,-996.1523,0,0
27.701090,-15.4688,83.6719,-996.3281,0,0
27.705077,-15.4688,83.3203,-996.6797,0,0
27.710904,-15.4688,83.1445,-996.8555,0,0
27.713096,-15.4688,82.9688,-997.0312,0,0
27.717072,-15.4688,82.7930,-997.2070,0,0
27.721137,-15.4688,82.6172,-997.3828,0,0
27.725106,-15.4688,82.4414,-997.5586,0,0
27.729090,-15.4688,82.2656,-997.7344,0,0
27.733078,-15.4688,82.2656,-997.7344,0,0
27.737066,-15.4688,82.0898,-997.9102,0,0
27.741074,-15.4688,81.9141,-998.0859,0,0
27.745141,-15.4688,81.9141,-998.0859,0,0
27.749112,-15.4688,81.7383,-998.2617,0,0
27.753091,-15.4688,81.7383,-998.2617,0,0
27.757090,-15.4688,81.7383,-998.2617,0,0
27.761156,-15.4688,81.5625,-998.4375,0,0
27.765123,-15.4688,81.5625,-998.4375,0,0
27.769090,-15.4688,81.5625,-998.4375,0,0
27.773156,-15.4688,81.5625,-998.4375,0,0
27.777118,-15.4688,81.5625,-998.4375,0,0
27.781129,-15.4688,81.5625,-998.4375,0,0
27.785096,-15.4688,81.5625,-998.4375,0,0
27.789090,-15.4688,81.7383,-998.2617,0,0
27.793156,-15.4688,81.7383,-998.2617,0,0
27.797131,-15.4688,81.9141,-998.0859,0,0
27.801097,-15.4688,81.9141,-998.0859,0,0
27.805161,-15.4688,82.0898,-997.9102,0,0
27.810659,-15.4688,82.2656,-997.7344,0,0
27.813145,-15.4688,82.2656,-997.7344,0,0
27.817124,-15.4688,82.4414,-997.5586,0,0
27.821097,-15.4688,82.6172,-997.3828,0,0
27.825161,-15.4688,82.7930,-997.2070,0,0
27.829130,-15.4688,82.9688,-997.0312,0,0
27.833096,-15.4688,83.1445,-996.8555,0,0
27.837161,-15.4688,83.3203,-996.6797,0,0
27.841130,-15.4688,83.4961,-996.5039,0,0
27.845096,-15.4688,83.6719,-996.3281,0,0
27.849161,-15.4688,84.0234,-995.9766,0,0
27.853139,-15.4688,84.1992,-995.8008,0,0
27.857106,-15.4688,84.3750,-995.6250,0,0
27.861080,-15.4688,84.7266,-995.2734,0,0
27.865137,-15.4688,85.0781,-994.9219,0,0
27.869106,-15.4688,85.2539,-994.7461,0,0
27.873078,-15.4688,85.4297,-994.5703,0,0
27.877170,-15.4688,85.7812,-994.2188,0,0
27.881068,-15.4688,86.1328,-993.8672,0,0
27.885106,-15.4688,86.3086,-993.6914,0,0
27.889078,-15.4688,86.6602,-993.3398,0,0
27.893145,-15.4688,86.8359,-993.1641,0,0
27.897116,-15.4688,87.1875,-992.8125,0,0
27.901082,-15.4688,87.5391,-992.4609,0,0
27.905145,-15.4688,87.8906,-992.1094,0,0
27.910629,-15.4688,88.2422,-991.7578,0,0
27.913114,-15.4688,88.4180,-991.5820,0,0
27.917090,-15.4688,88.7695,-991.2305,0,0
27.921156,-15.4688,89.1211,-990.8789,0,0
27.925123,-15.4688,89.2969,-990.7031,0,0
27.929090,-15.4688,89.6484,-990.3516,0,0
27.933156,-15.4688,90.0000,-990.0000,0,0
27.937123,-15.4688,90.1758,-989.8242,0,0
27.941090,-15.4688,90.5273,-989.4727,0,0
27.945156,-15.4688,90.8789,-989.1211,0,0
27.949123,-15.4688,91.0547,-988.9453,0,0
27.953097,-15.4688,91.4062,-988.5938,0,0
27.957161,-15.4688,91.7578,-988.2422,0,0
27.961130,-15.4688,92.1094,-987.8906,0,0
27.965096,-15.4688,92.2852,-987.7148,0,0
27.969161,-15.4688,92.4609,-987.5391,0,0
27.973130,-15.4688,92.8125,-987.1875,0,0
27.977096,-15.4688,92.9883,-987.0117,0,0
27.981122,-15.4688,93.1641,-986.8359,0,0
27.985124,-15.4688,93.5156,-986.4844,0,0
27.989069,-15.4688,93.6914,-986.3086,0,0
27.993128,-15.4688,93.8672,-986.1328,0,0
27.997698,-15.4688,94.0430,-985.9570,0,0
28.001167,-15.4688,94.2188,-985.7812,0,0
28.005104,-15.4688,94.3945,-985.6055,0,0
28.010902,-15.4688,94.5703,-985.4297,0,0
28.013104,-15.4688,94.5703,-985.4297,0,0
28.017143,-15.4688,94.9219,-985.0781,0,0
28.021096,-15.4688,94.9219,-985.0781,0,0
28.025132,-15.4688,95.0977,-984.9023,0,0
28.029070,-15.4688,95.0977,-984.9023,0,0
28.033104,-15.4688,95.2734,-984.7266,0,0
28.037135,-15.4688,95.2734,-984.7266,0,0
28.041072,-15.4688,95.4492,-984.5508,0,0
28.045104,-15.4688,95.4492,-984.5508,0,0
28.049135,-15.4688,95.4492,-984.5508,0,0
28.053085,-15.4688,95.6250,-984.3750,0,0
28.057144,-15.4688,95.6250,-984.3750,0,0
28.061080,-15.4688,95.6250,-984.3750,0,0
28.065142,-15.4688,95.6250,-984.3750,0,0
28.069080,-15.4688,95.4492,-984.5508,0,0
28.073126,-15.4688,95.4492,-984.5508,0,0
28.077159,-15.4688,95.4492,-984.5508,0,0
28.081097,-15.4688,95.2734,-984.7266,0,0
28.085127,-15.4688,95.2734,-984.7266,0,0
28.089082,-15.4688,95.0977,-984.9023,0,0
28.093082,-15.4688,95.0977,-984.9023,0,0
28.097156,-15.4688,94.9219,-985.0781,0,0
28.101132,-15.4688,94.7461,-985.2539,0,0
28.105087,-15.4688,94.5703,-985.4297,0,0
28.111031,-15.4688,94.3945,-985.6055,0,0
28.113122,-15.4688,94.3945,-985.6055,0,0
28.117116,-15.4688,94.2188,-985.7812,0,0
28.121132,-15.4688,94.0430,-985.9570,0,0
28.125072,-15.4688,93.8672,-986.1328,0,0
28.129108,-15.4688,93.6914,-986.3086,0,0
28.133080,-15.4688,93.3398,-986.6602,0,0
28.137096,-15.4688,93.1641,-986.8359,0,0
28.141159,-15.4688,92.9883,-987.0117,0,0
28.145132,-15.4688,92.6367,-987.3633,0,0
28.149098,-15.4688,92.4609,-987.5391,0,0
28.153100,-15.4688,92.1094,-987.8906,0,0
28.157073,-15.4688,91.9336,-988.0664,0,0
28.161121,-15.4688,91.5820,-988.4180,0,0
28.165155,-15.4688,91.4062,-988.5938,0,0
28.169142,-15.4688,91.0547,-988.9453,0,0
28.173121,-15.4688,90.8789,-989.1211,0,0
28.177070,-15.4688,90.5273,-989.4727,0,0
28.181121,-15.4688,90.1758,-989.8242,0,0
28.185097,-15.4688,90.0000,-990.0000,0,0
28.189119,-15.4688,89.6484,-990.3516,0,0
28.193163,-15.4688,89.2969,-990.7031,0,0
28.197136,-15.4688,88.9453,-991.0547,0,0
28.201087,-15.4688,88.7695,-991.2305,0,0
28.205121,-15.4688,88.4180,-991.5820,0,0
28.210662,-15.4688,88.0664,-991.9336,0,0
28.213155,-15.4688,87.8906,-992.1094,0,0
28.217144,-15.4688,87.5391,-992.4609,0,0
28.221105,-15.4688,87.1875,-992.8125,0,0
28.225136,-15.4688,86.8359,-993.1641,0,0
28.229072,-15.4688,86.6602,-993.3398,0,0
28.233104,-15.4688,86.4844,-993.5156,0,0
28.237070,-15.4688,86.1328,-993.8672,0,0
28.241152,-15.4688,85.7812,-994.2188,0,0
28.245134,-15.4688,85.4297,-994.5703,0,0
28.249123,-15.4688,85.2539,-994.7461,0,0
28.253080,-15.4688,85.0781,-994.9219,0,0
28.257082,-15.4688,84.7266,-995.2734,0,0
28.261064,-15.4688,84.5508,-995.4492,0,0
28.265137,-15.4688,84.3750,-995.6250,0,0
28.269106,-15.4688,84.0234,-995.9766,0,0
28.273078,-15.4688,83.8477,-996.1523,0,0
28.277145,-15.4688,83.6719,-996.3281,0,0
28.281116,-15.4688,83.3203,-996.6797,0,0
28.285082,-15.4688,83.1445,-996.8555,0,0
28.289152,-15.4688,83.1445,-996.8555,0,0
28.293156,-15.4688,82.9688,-997.0312,0,0
28.297123,-15.4688,82.7930,-997.2070,0,0
28.301112,-15.4688,82.6172,-997.3828,0,0
28.305161,-15.4688,82.4414,-997.5586,0,0
28.310659,-15.4688,82.2656,-997.7344,0,0
28.313145,-15.4688,82.2656,-997.7344,0,0
28.317124,-15.4688,82.2656,-997.7344,0,0
28.321097,-15.4688,82.0898,-997.9102,0,0
28.325161,-15.4688,81.9141,-998.0859,0,0
28.329130,-15.4688,81.9141,-998.0859,0,0
28.333096,-15.4688,81.9141,-998.0859,0,0
28.337161,-15.4688,81.9141,-998.0859,0,0
28.341130,-15.4688,81.9141,-998.0859,0,0
28.345096,-15.4688,81.7383,-998.2617,0,0
28.349161,-15.4688,81.7383,-998.2617,0,0
28.353139,-15.4688,81.9141,-998.0859,0,0
28.357106,-15.4688,81.9141,-998.0859,0,0
28.361080,-15.4688,81.9141,-998.0859,0,0
28.365074,-15.4688,81.9141,-998.0859,0,0
28.369141,-15.4688,82.0898,-997.9102,0,0
28.373112,-15.4688,82.0898,-997.9102,0,0
28.377082,-15.4688,82.2656,-997.7344,0,0
28.381145,-15.4688,82.2656,-997.7344,0,0
28.385116,-15.4688,82.4414,-997.5586,0,0
28.389082,-15.4688,82.6172,-997.3828,0,0
28.393153,-15.4688,82.6172,-997.3828,0,0
28.397090,-15.4688,82.9688,-997.0312,0,0
28.401156,-15.4688,82.9688,-997.0312,0,0
28.405123,-15.4688,83.1445,-996.8555,0,0
28.410689,-15.4688,83.4961,-996.5039,0,0
28.413080,-15.4688,83.6719,-996.3281,0,0
28.417152,-15.4688,83.8477,-996.1523,0,0
28.421123,-15.4688,84.0234,-995.9766,0,0
28.425090,-15.4688,84.1992,-995.8008,0,0
28.429156,-15.4688,84.5508,-995.4492,0,0
28.433123,-15.4688,84.7266,-995.2734,0,0
28.437090,-15.4688,85.0781,-994.9219,0,0
28.441156,-15.4688,85.2539,-994.7461,0,0
28.445123,-15.4688,85.4297,-994.5703,0,0
28.449090,-15.4688,85.7812,-994.2188,0,0
28.453069,-15.4688,85.9570,-994.0430,0,0
28.457137,-15.4688,86.3086,-993.6914,0,0
28.461106,-15.4688,86.6602,-993.3398,0,0
28.465078,-15.4688,86.8359,-993.1641,0,0
28.469145,-15.4688,87.1875,-992.8125,0,0
28.473116,-15.4688,87.3633,-992.6367,0,0
28.477082,-15.4688,87.7148,-992.2852,0,0
28.481145,-15.4688,88.0664,-991.9336,0,0
28.485116,-15.4688,88.2422,-991.7578,0,0
28.489096,-15.4688,88.5938,-991.4062,0,0
28.493124,-15.4688,88.9453,-991.0547,0,0
28.497163,-15.4688,89.2969,-990.7031,0,0
28.501160,-15.4688,89.4727,-990.5273,0,0
28.505074,-15.4688,89.8242,-990.1758,0,0
28.510620,-15.4688,90.1758,-989.8242,0,0
28.513085,-15.4688,90.3516,-989.6484,0,0
28.517554,-15.4688,90.7031,-989.2969,0,0
28.521161,-15.4688,90.8789,-989.1211,0,0
28.525080,-15.4688,91.2305,-988.7695,0,0
28.529090,-15.4688,91.4062,-988.5938,0,0
28.533157,-15.4688,91.7578,-988.2422,0,0
28.537145,-15.4688,92.1094,-987.8906,0,0
28.541116,-15.4688,92.2852,-987.7148,0,0
28.545070,-15.4688,92.4609,-987.5391,0,0
28.549139,-15.4688,92.8125,-987.1875,0,0
28.553131,-15.4688,92.9883,-987.0117,0,0
28.557123,-15.4688,93.1641,-986.8359,0,0
28.561106,-15.4688,93.3398,-986.6602,0,0
28.565078,-15.4688,93.5156,-986.4844,0,0
28.569145,-15.4688,93.6914,-986.3086,0,0
28.573118,-15.4688,93.8672,-986.1328,0,0
28.577138,-15.4688,94.2188,-985.7812,0,0
28.581080,-15.4688,94.2188,-985.7812,0,0
28.585120,-15.4688,94.3945,-985.6055,0,0
28.589090,-15.4688,94.5703,-985.4297,0,0
28.593156,-15.4688,94.7461,-985.2539,0,0
28.597097,-15.4688,94.9219,-985.0781,0,0
28.601114,-15.4688,94.9219,-985.0781,0,0
28.605137,-15.4688,95.0977,-984.9023,0,0
28.610982,-15.4688,95.0977,-984.9023,0,0
28.613090,-15.4688,95.0977,-984.9023,0,0
28.617160,-15.4688,95.2734,-984.7266,0,0
28.621130,-15.4688,95.2734,-984.7266,0,0
28.625096,-15.4688,95.2734,-984.7266,0,0
28.629161,-15.4688,95.2734,-984.7266,0,0
28.633130,-15.4688,95.2734,-984.7266,0,0
28.637096,-15.4688,95.2734,-984.7266,0,0
28.641161,-15.4688,95.2734,-984.7266,0,0
28.645130,-15.4688,95.2734,-984.7266,0,0
28.649096,-15.4688,95.2734,-984.7266,0,0
28.653071,-15.4688,95.0977,-984.9023,0,0
28.657074,-15.4688,95.0977,-984.9023,0,0
28.661141,-15.4688,94.9219,-985.0781,0,0
28.665112,-15.4688,94.9219,-985.0781,0,0
28.669082,-15.4688,94.7461,-985.2539,0,0
28.673145,-15.4688,94.5703,-985.4297,0,0
28.677116,-15.4688,94.5703,-985.4297,0,0
28.681082,-15.4688,94.3945,-985.6055,0,0
28.685145,-15.4688,94.2188,-985.7812,0,0
28.689116,-15.4688,94.0430,-985.9570,0,0
28.693082,-15.4688,93.8672,-986.1328,0,0
28.697071,-15.4688,93.6914,-986.3086,0,0
28.701153,-15.4688,93.5156,-986.4844,0,0
28.705152,-15.4688,93.3398,-986.6602,0,0
28.710626,-15.4688,92.9883,-987.0117,0,0
28.713114,-15.4688,92.8125,-987.1875,0,0
28.717090,-15.4688,92.6367,-987.3633,0,0
28.721156,-15.4688,92.4609,-987.5391,0,0
28.725123,-15.4688,92.1094,-987.8906,0,0
28.729090,-15.4688,91.9336,-988.0664,0,0
28.733156,-15.4688,91.5820,-988.4180,0,0
28.737123,-15.4688,91.4062,-988.5938,0,0
28.741090,-15.4688,91.0547,-988.9453,0,0
28.745177,-15.4688,90.8789,-989.1211,0,0
28.749145,-15.4688,90.5273,-989.4727,0,0
28.753127,-15.4688,90.3516,-989.6484,0,0
28.757096,-15.4688,90.0000,-990.0000,0,0
28.761161,-15.4688,89.6484,-990.3516,0,0
28.765130,-15.4688,89.4727,-990.5273,0,0
28.769096,-15.4688,89.1211,-990.8789,0,0
28.773161,-15.4688,88.7695,-991.2305,0,0
28.777130,-15.4688,88.5938,-991.4062,0,0
28.781096,-15.4688,88.2422,-991.7578,0,0
28.785161,-15.4688,88.0664,-991.9336,0,0
28.789130,-15.4688,87.7148,-992.2852,0,0
28.793096,-15.4688,87.3633,-992.6367,0,0
28.797161,-15.4688,87.1875,-992.8125,0,0
28.801078,-15.4688,86.8359,-993.1641,0,0
28.805161,-15.4688,86.4844,-993.5156,0,0
28.810629,-15.4688,86.1328,-993.8672,0,0
28.813152,-15.4688,85.9570,-994.0430,0,0
28.817123,-15.4688,85.7812,-994.2188,0,0
28.821090,-15.4688,85.4297,-994.5703,0,0
28.825156,-15.4688,85.2539,-994.7461,0,0
28.829066,-15.4688,85.0781,-994.9219,0,0
28.833109,-15.4688,84.7266,-995.2734,0,0
28.837082,-15.4688,84.5508,-995.4492,0,0
28.841136,-15.4688,84.3750,-995.6250,0,0
28.845073,-15.4688,84.0234,-995.9766,0,0
28.849090,-15.4688,83.8477,-996.1523,0,0
28.853120,-15.4688,83.6719,-996.3281,0,0
28.857096,-15.4688,83.4961,-996.5039,0,0
28.861171,-15.4688,83.3203,-996.6797,0,0
28.865110,-15.4688,83.1445,-996.8555,0,0
28.869117,-15.4688,82.9688,-997.0312,0,0
28.873090,-15.4688,82.9688,-997.0312,0,0
28.877156,-15.4688,82.7930,-997.2070,0,0
28.881123,-15.4688,82.6172,-997.3828,0,0
28.885090,-15.4688,82.4414,-997.5586,0,0
28.889156,-15.4688,82.4414,-997.5586,0,0
28.893137,-15.4688,82.2656,-997.7344,0,0
28.897106,-15.4688,82.2656,-997.7344,0,0
28.901094,-15.4688,82.2656,-997.7344,0,0
28.905078,-15.4688,82.2656,-997.7344,0,0
28.910984,-15.4688,82.0898,-997.9102,0,0
28.913145,-15.4688,82.0898,-997.9102,0,0
28.917124,-15.4688,82.0898,-997.9102,0,0
28.921077,-15.4688,82.0898,-997.9102,0,0
28.925088,-15.4688,82.0898,-997.9102,0,0
28.929159,-15.4688,82.0898,-997.9102,0,0
28.933124,-15.4688,82.2656,-997.7344,0,0
28.937106,-15.4688,82.2656,-997.7344,0,0
28.941112,-15.4688,82.2656,-997.7344,0,0
28.945109,-15.4688,82.2656,-997.7344,0,0
28.949082,-15.4688,82.4414,-997.5586,0,0
28.953167,-15.4688,82.4414,-997.5586,0,0
28.957137,-15.4688,82.6172,-997.3828,0,0
28.961106,-15.4688,82.7930,-997.2070,0,0
28.965078,-15.4688,82.9688,-997.0312,0,0
28.969145,-15.4688,82.9688,-997.0312,0,0
28.973116,-15.4688,83.1445,-996.8555,0,0
28.977082,-15.4688,83.3203,-996.6797,0,0
28.981145,-15.4688,83.4961,-996.5039,0,0
28.985116,-15.4688,83.6719,-996.3281,0,0
28.989082,-15.4688,83.8477,-996.1523,0,0
28.993145,-15.4688,84.0234,-995.9766,0,0
28.997116,-15.4688,84.3750,-995.6250,0,0
29.001082,-15.4688,84.5508,-995.4492,0,0
29.005160,-15.4688,84.7266,-995.2734,0,0
29.010659,-15.4688,85.0781,-994.9219,0,0
29.013150,-15.4688,85.2539,-994.7461,0,0
29.017096,-15.4688,85.4297,-994.5703,0,0
29.021161,-15.4688,85.7812,-994.2188,0,0
29.025130,-15.4688,85.9570,-994.0430,0,0
29.029096,-15.4688,86.1328,-993.8672,0,0
29.033161,-15.4688,86.4844,-993.5156,0,0
29.037130,-15.4688,86.8359,-993.1641,0,0
29.041096,-15.4688,87.0117,-992.9883,0,0
29.045161,-15.4688,87.3633,-992.6367,0,0
29.049130,-15.4688,87.5391,-992.4609,0,0
29.053104,-15.4688,87.8906,-992.1094,0,0
29.057074,-15.4688,88.2422,-991.7578,0,0
29.061141,-15.4688,88.4180,-991.5820,0,0
29.065112,-15.4688,88.7695,-991.2305,0,0
29.069082,-15.4688,88.9453,-991.0547,0,0
29.073145,-15.4688,89.2969,-990.7031,0,0
29.077116,-15.4688,89.6484,-990.3516,0,0
29.081097,-15.4688,89.8242,-990.1758,0,0
29.085161,-15.4688,90.1758,-989.8242,0,0
29.089130,-15.4688,90.3516,-989.6484,0,0
29.093096,-15.4688,90.7031,-989.2969,0,0
29.097161,-15.4688,91.0547,-988.9453,0,0
29.101130,-15.4688,91.2305,-988.7695,0,0
29.105096,-15.4688,91.5820,-988.4180,0,0
29.110930,-15.4688,91.7578,-988.2422,0,0
29.113152,-15.4688,91.9336,-988.0664,0,0
29.117123,-15.2930,92.2852,-987.7148,0,0
29.121090,-15.2930,92.4609,-987.5391,0,0
29.125156,-15.2930,92.6367,-987.3633,0,0
29.129123,-15.2930,92.8125,-987.1875,0,0
29.133090,-15.2930,92.9883,-987.0117,0,0
29.137156,-15.2930,93.1641,-986.8359,0,0
29.141123,-15.2930,93.5156,-986.4844,0,0
29.145090,-15.2930,93.6914,-986.3086,0,0
29.149156,-15.2930,93.8672,-986.1328,0,0
29.153134,-15.2930,93.8672,-986.1328,0,0
29.157104,-15.2930,94.0430,-985.9570,0,0
29.161074,-15.2930,94.2188,-985.7812,0,0
29.165141,-15.2930,94.3945,-985.6055,0,0
29.169112,-15.2930,94.3945,-985.6055,0,0
29.173082,-15.2930,94.5703,-985.4297,0,0
29.177145,-15.2930,94.5703,-985.4297,0,0
29.181116,-15.2930,94.7461,-985.2539,0,0
29.185112,-15.2930,94.9219,-985.0781,0,0
29.189145,-15.2930,94.9219,-985.0781,0,0
29.193116,-15.2930,94.9219,-985.0781,0,0
29.197082,-15.2930,94.9219,-985.0781,0,0
29.201094,-15.2930,95.0977,-984.9023,0,0
29.205160,-15.2930,95.0977,-984.9023,0,0
29.210668,-15.2930,95.0977,-984.9023,0,0
29.213164,-15.2930,95.0977,-984.9023,0,0
29.217133,-15.2930,95.0977,-984.9023,0,0
29.221123,-15.2930,94.9219,-985.0781,0,0
29.225159,-15.2930,94.9219,-985.0781,0,0
29.230919,-15.2930,94.9219,-985.0781,0,0
29.233156,-15.2930,94.7461,-985.2539,0,0
29.237161,-15.2930,94.7461,-985.2539,0,0
29.241104,-15.2930,94.5703,-985.4297,0,0
29.245068,-15.2930,94.5703,-985.4297,0,0
29.249070,-15.2930,94.3945,-985.6055,0,0
29.253099,-15.2930,94.2188,-985.7812,0,0
29.257127,-15.2930,94.2188,-985.7812,0,0
29.261096,-15.2930,93.8672,-986.1328,0,0
29.265112,-15.2930,93.8672,-986.1328,0,0
29.269141,-15.2930,93.6914,-986.3086,0,0
29.273112,-15.2930,93.5156,-986.4844,0,0
29.277082,-15.2930,93.1641,-986.8359,0,0
29.281145,-15.2930,92.9883,-987.0117,0,0
29.285116,-15.2930,92.8125,-987.1875,0,0
29.289082,-15.2930,92.6367,-987.3633,0,0
29.293145,-15.2930,92.4609,-987.5391,0,0
29.297116,-15.2930,92.1094,-987.8906,0,0
29.301082,-15.2930,91.9336,-988.0664,0,0
29.305145,-15.2930,91.7578,-988.2422,0,0
29.310892,-15.2930,91.4062,-988.5938,0,0
29.313110,-15.2930,91.2305,-988.7695,0,0
29.317160,-15.2930,90.8789,-989.1211,0,0
29.321130,-15.2930,90.7031,-989.2969,0,0
29.325096,-15.2930,90.3516,-989.6484,0,0
29.329161,-15.2930,90.1758,-989.8242,0,0
29.333130,-15.2930,89.8242,-990.1758,0,0
29.337096,-15.2930,89.6484,-990.3516,0,0
29.341161,-15.2930,89.2969,-990.7031,0,0
29.345130,-15.2930,88.9453,-991.0547,0,0
29.349096,-15.2930,88.7695,-991.2305,0,0
29.353071,-15.2930,88.4180,-991.5820,0,0
29.357137,-15.2930,88.2422,-991.7578,0,0
29.361116,-15.2930,87.8906,-992.1094,0,0
29.365152,-15.2930,87.5391,-992.4609,0,0
29.369123,-15.2930,87.3633,-992.6367,0,0
29.373090,-15.2930,87.1875,-992.8125,0,0
29.377156,-15.2930,86.8359,-993.1641,0,0
29.381123,-15.2930,86.4844,-993.5156,0,0
29.385090,-15.2930,86.3086,-993.6914,0,0
29.389156,-15.2930,85.9570,-994.0430,0,0
29.393123,-15.2930,85.7812,-994.2188,0,0
29.397090,-15.2930,85.4297,-994.5703,0,0
29.401156,-15.2930,85.2539,-994.7461,0,0
29.405123,-15.2930,85.0781,-994.9219,0,0
29.410689,-15.2930,84.7266,-995.2734,0,0
29.413080,-15.2930,84.5508,-995.4492,0,0
29.417106,-15.2930,84.3750,-995.6250,0,0
29.421080,-15.2930,84.1992,-995.8008,0,0
29.425160,-15.2930,84.0234,-995.9766,0,0
29.429130,-15.2930,83.8477,-996.1523,0,0
29.433096,-15.2930,83.6719,-996.3281,0,0
29.437074,-15.2930,83.4961,-996.5039,0,0
29.441141,-15.2930,83.3203,-996.6797,0,0
29.445111,-15.2930,83.1445,-996.8555,0,0
29.449082,-15.2930,83.1445,-996.8555,0,0
29.453156,-15.2930,82.9688,-997.0312,0,0
29.457123,-15.2930,82.7930,-997.2070,0,0
29.461090,-15.2930,82.7930,-997.2070,0,0
29.465156,-15.2930,82.6172,-997.3828,0,0
29.469123,-15.2930,82.6172,-997.3828,0,0
29.473090,-15.2930,82.4414,-997.5586,0,0
29.477156,-15.2930,82.4414,-997.5586,0,0
29.481123,-15.2930,82.4414,-997.5586,0,0
29.485090,-15.2930,82.4414,-997.5586,0,0
29.489156,-15.2930,82.4414,-997.5586,0,0
29.493123,-15.2930,82.2656,-997.7344,0,0
29.497128,-15.2930,82.2656,-997.7344,0,0
29.501070,-15.2930,82.2656,-997.7344,0,0
29.505090,-15.2930,82.4414,-997.5586,0,0
29.510670,-15.2930,82.4414,-997.5586,0,0
29.513160,-15.2930,82.4414,-997.5586,0,0
29.517091,-15.2930,82.4414,-997.5586,0,0
29.521178,-15.2930,82.6172,-997.3828,0,0
29.525104,-15.2930,82.6172,-997.3828,0,0
29.529147,-15.2930,82.7930,-997.2070,0,0
29.533160,-15.2930,82.9688,-997.0312,0,0
29.537146,-15.2930,82.9688,-997.0312,0,0
29.541116,-15.2930,83.1445,-996.8555,0,0
29.545114,-15.2930,83.3203,-996.6797,0,0
29.549078,-15.2930,83.3203,-996.6797,0,0
29.553165,-15.2930,83.6719,-996.3281,0,0
29.557124,-15.2930,83.8477,-996.1523,0,0
29.561080,-15.2930,83.8477,-996.1523,0,0
29.565145,-15.2930,84.0234,-995.9766,0,0
29.569116,-15.2930,84.3750,-995.6250,0,0
29.573082,-15.2930,84.5508,-995.4492,0,0
29.577145,-15.2930,84.7266,-995.2734,0,0
29.581116,-15.2930,85.0781,-994.9219,0,0
29.585082,-15.2930,85.2539,-994.7461,0,0
29.589145,-15.2930,85.4297,-994.5703,0,0
29.593116,-15.2930,85.7812,-994.2188,0,0
29.597082,-15.2930,85.9570,-994.0430,0,0
29.601145,-15.2930,86.1328,-993.8672,0,0
29.605116,-15.2930,86.4844,-993.5156,0,0
29.610946,-15.2930,86.8359,-993.1641,0,0
29.613152,-15.2930,86.8359,-993.1641,0,0
29.617123,-15.2930,87.1875,-992.8125,0,0
29.621134,-15.2930,87.5391,-992.4609,0,0
29.625149,-15.2930,87.7148,-992.2852,0,0
29.629123,-15.2930,88.0664,-991.9336,0,0
29.633090,-15.2930,88.2422,-991.7578,0,0
29.637156,-15.2930,88.5938,-991.4062,0,0
29.641123,-15.2930,88.7695,-991.2305,0,0
29.645090,-15.2930,89.1211,-990.8789,0,0
29.649156,-15.2930,89.2969,-990.7031,0,0
29.653133,-15.2930,89.6484,-990.3516,0,0
29.657104,-15.2930,89.8242,-990.1758,0,0
29.661074,-15.2930,90.1758,-989.8242,0,0
29.665142,-15.2930,90.3516,-989.6484,0,0
29.669114,-15.2930,90.7031,-989.2969,0,0
29.673082,-15.2930,90.8789,-989.1211,0,0
29.677145,-15.2930,91.0547,-988.9453,0,0
29.681116,-15.2930,91.4062,-988.5938,0,0
29.685082,-15.2930,91.5820,-988.4180,0,0
29.689145,-15.2930,91.7578,-988.2422,0,0
29.693116,-15.2930,92.1094,-987.8906,0,0
29.697082,-15.2930,92.2852,-987.7148,0,0
29.701145,-15.2930,92.4609,-987.5391,0,0
29.705116,-15.2930,92.8125,-987.1875,0,0
29.710680,-15.2930,92.9883,-987.0117,0,0
29.713074,-15.2930,93.1641,-986.8359,0,0
29.717145,-15.2930,93.3398,-986.6602,0,0
29.721140,-15.2930,93.5156,-986.4844,0,0
29.725115,-15.2930,93.6914,-986.3086,0,0
29.729082,-15.2930,93.8672,-986.1328,0,0
29.733145,-15.2930,93.8672,-986.1328,0,0
29.737116,-15.2930,94.0430,-985.9570,0,0
29.741082,-15.2930,94.2188,-985.7812,0,0
29.745145,-15.2930,94.3945,-985.6055,0,0
29.749160,-15.2930,94.3945,-985.6055,0,0
29.753143,-15.2930,94.3945,-985.6055,0,0
29.757114,-15.2930,94.5703,-985.4297,0,0
29.761082,-15.2930,94.5703,-985.4297,0,0
29.765145,-15.2930,94.5703,-985.4297,0,0
29.769116,-15.2930,94.7461,-985.2539,0,0
29.773082,-15.2930,94.7461,-985.2539,0,0
29.777145,-15.2930,94.7461,-985.2539,0,0
29.781116,-15.2930,94.7461,-985.2539,0,0
29.785082,-15.2930,94.7461,-985.2539,0,0
29.789145,-15.2930,94.7461,-985.2539,0,0
29.793116,-15.2930,94.7461,-985.2539,0,0
29.797106,-15.2930,94.7461,-985.2539,0,0
29.801071,-15.2930,94.7461,-985.2539,0,0
29.805144,-15.2930,94.5703,-985.4297,0,0
29.810657,-15.2930,94.5703,-985.4297,0,0
29.813145,-15.2930,94.3945,-985.6055,0,0
29.819438,-15.2930,94.3945,-985.6055,0,0
29.821127,-15.2930,94.2188,-985.7812,0,0
29.825071,-15.2930,94.2188,-985.7812,0,0
29.829090,-15.2930,94.0430,-985.9570,0,0
29.833096,-15.2930,93.8672,-986.1328,0,0
29.837161,-15.2930,93.6914,-986.3086,0,0
29.841071,-15.2930,93.5156,-986.4844,0,0
29.845152,-15.2930,93.5156,-986.4844,0,0
29.849123,-15.2930,93.1641,-986.8359,0,0
29.853102,-15.2930,92.9883,-987.0117,0,0
29.857075,-15.2930,92.8125,-987.1875,0,0
29.861083,-15.2930,92.6367,-987.3633,0,0
29.865091,-15.2930,92.4609,-987.5391,0,0
29.869080,-15.2930,92.2852,-987.7148,0,0
29.873145,-15.2930,92.1094,-987.8906,0,0
29.877070,-15.2930,91.7578,-988.2422,0,0
29.881074,-15.2930,91.5820,-988.4180,0,0
29.885142,-15.2930,91.4062,-988.5938,0,0
29.889114,-15.2930,91.0547,-988.9453,0,0
29.893082,-15.2930,90.8789,-989.1211,0,0
29.897145,-15.2930,90.5273,-989.4727,0,0
29.901116,-15.2930,90.3516,-989.6484,0,0
29.905082,-15.2930,90.0000,-990.0000,0,0
29.910896,-15.2930,89.6484,-990.3516,0,0
29.913096,-15.2930,89.4727,-990.5273,0,0
29.917072,-15.2930,89.2969,-990.7031,0,0
29.921137,-15.2930,88.9453,-991.0547,0,0
29.925107,-15.2930,88.7695,-991.2305,0,0
29.929090,-15.2930,88.5938,-991.4062,0,0
29.933079,-15.2930,88.2422,-991.7578,0,0
29.937112,-15.2930,87.8906,-992.1094,0,0
29.941082,-15.2930,87.7148,-992.2852,0,0
29.945145,-15.2930,87.3633,-992.6367,0,0
29.949116,-15.2930,87.1875,-992.8125,0,0
29.953090,-15.2930,86.8359,-993.1641,0,0
29.957160,-15.2930,86.6602,-993.3398,0,0
29.961130,-15.2930,86.3086,-993.6914,0,0
29.965096,-15.2930,86.1328,-993.8672,0,0
29.969161,-15.2930,85.9570,-994.0430,0,0
29.973130,-15.2930,85.6055,-994.3945,0,0
29.977096,-15.2930,85.4297,-994.5703,0,0
29.981161,-15.2930,85.2539,-994.7461,0,0
29.985130,-15.2930,85.0781,-994.9219,0,0
29.989096,-15.2930,84.7266,-995.2734,0,0
29.993161,-15.2930,84.5508,-995.4492,0,0
29.997130,-15.2930,84.3750,-995.6250,0,0
30.001096,-15.2930,84.1992,-995.8008,0,0
30.005161,-15.2930,84.0234,-995.9766,0,0
30.010629,-15.2930,83.6719,-996.3281,0,0
30.013114,-15.2930,83.6719,-996.3281,0,0
30.017090,-15.2930,83.4961,-996.5039,0,0
30.021156,-15.2930,83.3203,-996.6797,0,0
30.025123,-15.2930,83.1445,-996.8555,0,0
30.029144,-15.2930,83.1445,-996.8555,0,0
30.033131,-15.2930,82.9688,-997.0312,0,0
30.037096,-15.2930,82.9688,-997.0312,0,0
30.041161,-15.2930,82.7930,-997.2070,0,0
30.045130,-15.2930,82.7930,-997.2070,0,0
30.049105,-15.2930,82.6172,-997.3828,0,0
30.053082,-15.2930,82.6172,-997.3828,0,0
30.057145,-15.2930,82.6172,-997.3828,0,0
30.061116,-15.2930,82.6172,-997.3828,0,0
30.065082,-15.2930,82.6172,-997.3828,0,0
30.069145,-15.2930,82.6172,-997.3828,0,0
30.073116,-15.2930,82.6172,-997.3828,0,0
30.077082,-15.2930,82.6172,-997.3828,0,0
30.081145,-15.2930,82.6172,-997.3828,0,0
30.085116,-15.2930,82.6172,-997.3828,0,0
30.089082,-15.2930,82.6172,-997.3828,0,0
30.093145,-15.2930,82.6172,-997.3828,0,0
30.097116,-15.2930,82.7930,-997.2070,0,0
30.101082,-15.2930,82.9688,-997.0312,0,0
30.105145,-15.2930,82.9688,-997.0312,0,0
30.110832,-15.2930,83.1445,-996.8555,0,0
30.113137,-15.2930,83.1445,-996.8555,0,0
30.117141,-15.2930,83.3203,-996.6797,0,0
30.121110,-15.2930,83.4961,-996.5039,0,0
30.125090,-15.2930,83.6719,-996.3281,0,0
30.129104,-15.2930,83.8477,-996.1523,0,0
30.133111,-15.2930,83.8477,-996.1523,0,0
30.137122,-15.2930,84.0234,-995.9766,0,0
30.141090,-15.2930,84.3750,-995.6250,0,0
30.145156,-15.2930,84.5508,-995.4492,0,0
30.150915,-15.2930,84.7266,-995.2734,0,0
30.153075,-15.2930,84.9023,-995.0977,0,0
30.157090,-15.2930,85.0781,-994.9219,0,0
30.161125,-15.2930,85.2539,-994.7461,0,0
30.165130,-15.2930,85.6055,-994.3945,0,0
30.169160,-15.2930,85.7812,-994.2188,0,0
30.173151,-15.2930,85.9570,-994.0430,0,0
30.177131,-15.2930,86.3086,-993.6914,0,0
30.181096,-15.2930,86.4844,-993.5156,0,0
30.185161,-15.2930,86.8359,-993.1641,0,0
30.189130,-15.2930,87.0117,-992.9883,0,0
30.193096,-15.2930,87.3633,-992.6367,0,0
30.197161,-15.2930,87.5391,-992.4609,0,0
30.201130,-15.2930,87.8906,-992.1094,0,0
30.205096,-15.2930,88.0664,-991.9336,0,0
30.210932,-15.2930,88.4180,-991.5820,0,0
30.213141,-15.2930,88.5938,-991.4062,0,0
30.217115,-15.2930,88.9453,-991.0547,0,0
30.221082,-15.2930,89.1211,-990.8789,0,0
30.225145,-15.2930,89.4727,-990.5273,0,0
30.229116,-15.2930,89.6484,-990.3516,0,0
30.233093,-15.2930,90.0000,-990.0000,0,0
30.237104,-15.2930,90.1758,-989.8242,0,0
30.241092,-15.2930,90.3516,-989.6484,0,0
30.245124,-15.2930,90.7031,-989.2969,0,0
30.249097,-15.2930,90.8789,-989.1211,0,0
30.253071,-15.2930,91.0547,-988.9453,0,0
30.257145,-15.2930,91.4062,-988.5938,0,0
30.261116,-15.2930,91.5820,-988.4180,0,0
30.265082,-15.2930,91.7578,-988.2422,0,0
30.269145,-15.2930,92.1094,-987.8906,0,0
30.273116,-15.2930,92.2852,-987.7148,0,0
30.277082,-15.2930,92.4609,-987.5391,0,0
30.281145,-15.2930,92.8125,-987.1875,0,0
30.285116,-15.2930,92.8125,-987.1875,0,0
30.289082,-15.2930,92.9883,-987.0117,0,0
30.293145,-15.2930,93.1641,-986.8359,0,0
30.297116,-15.2930,93.3398,-986.6602,0,0
30.301082,-15.2930,93.5156,-986.4844,0,0
30.305145,-15.2930,93.6914,-986.3086,0,0
30.310618,-15.2930,93.8672,-986.1328,0,0
30.313107,-15.2930,93.8672,-986.1328,0,0
30.317082,-15.2930,94.0430,-985.9570,0,0
30.321145,-15.2930,94.2188,-985.7812,0,0
30.325116,-15.2930,94.2188,-985.7812,0,0
30.329082,-15.2930,94.3945,-985.6055,0,0
30.333145,-15.2930,94.3945,-985.6055,0,0
30.337080,-15.2930,94.3945,-985.6055,0,0
30.341145,-15.2930,94.5703,-985.4297,0,0
30.345142,-15.2930,94.5703,-985.4297,0,0
30.349114,-15.2930,94.5703,-985.4297,0,0
30.353090,-15.2930,94.5703,-985.4297,0,0
30.357160,-15.2930,94.5703,-985.4297,0,0
30.361135,-15.2930,94.5703,-985.4297,0,0
30.365131,-15.2930,94.5703,-985.4297,0,0
30.369096,-15.2930,94.5703,-985.4297,0,0
30.373161,-15.2930,94.5703,-985.4297,0,0
30.377130,-15.2930,94.3945,-985.6055,0,0
30.381096,-15.2930,94.3945,-985.6055,0,0
30.385161,-15.2930,94.3945,-985.6055,0,0
30.389130,-15.2930,94.2188,-985.7812,0,0
30.393096,-15.2930,94.2188,-985.7812,0,0
30.397161,-15.2930,94.0430,-985.9570,0,0
30.401130,-15.2930,93.8672,-986.1328,0,0
30.405096,-15.2930,93.6914,-986.3086,0,0
30.410666,-15.2930,93.5156,-986.4844,0,0
30.413152,-15.2930,93.5156,-986.4844,0,0
30.417108,-15.2930,93.3398,-986.6602,0,0
30.421119,-15.2930,93.1641,-986.8359,0,0
30.427745,-15.2930,92.8125,-987.1875,0,0
30.429161,-15.2930,92.8125,-987.1875,0,0
30.433159,-15.2930,92.6367,-987.3633,0,0
30.437170,-15.2930,92.4609,-987.5391,0,0
30.441132,-15.2930,92.2852,-987.7148,0,0
30.445071,-15.2930,92.1094,-987.8906,0,0
30.449090,-15.2930,91.7578,-988.2422,0,0
30.453066,-15.2930,91.5820,-988.4180,0,0
30.457152,-15.2930,91.4062,-988.5938,0,0
30.461102,-15.2930,91.0547,-988.9453,0,0
30.465074,-15.2930,90.8789,-989.1211,0,0
30.469142,-15.2930,90.7031,-989.2969,0,0
30.473114,-15.2930,90.3516,-989.6484,0,0
30.477082,-15.2930,90.1758,-989.8242,0,0
30.481145,-15.2930,89.8242,-990.1758,0,0
30.485116,-15.2930,89.6484,-990.3516,0,0
30.489082,-15.2930,89.2969,-990.7031,0,0
30.493145,-15.2930,89.1211,-990.8789,0,0
30.497116,-15.2930,88.7695,-991.2305,0,0
30.501082,-15.2930,88.5938,-991.4062,0,0
30.505145,-15.2930,88.2422,-991.7578,0,0
30.510889,-15.2930,87.8906,-992.1094,0,0
30.513090,-15.2930,87.8906,-992.1094,0,0
30.517156,-15.2930,87.5391,-992.4609,0,0
30.521123,-15.2930,87.3633,-992.6367,0,0
30.525090,-15.2930,87.0117,-992.9883,0,0
30.529156,-15.2930,86.8359,-993.1641,0,0
30.533123,-15.2930,86.4844,-993.5156,0,0
30.537090,-15.2930,86.3086,-993.6914,0,0
30.541160,-15.2930,86.1328,-993.8672,0,0
30.545068,-15.2930,85.7812,-994.2188,0,0
30.549137,-15.2930,85.6055,-994.3945,0,0
30.553121,-15.2930,85.4297,-994.5703,0,0
30.557090,-15.2930,85.2539,-994.7461,0,0
30.561156,-15.2930,85.0781,-994.9219,0,0
30.565123,-15.2930,84.7266,-995.2734,0,0
30.569090,-15.2930,84.5508,-995.4492,0,0
30.573156,-15.2930,84.3750,-995.6250,0,0
30.577123,-15.2930,84.1992,-995.8008,0,0
30.581090,-15.2930,84.0234,-995.9766,0,0
30.585156,-15.2930,83.8477,-996.1523,0,0
30.589123,-15.2930,83.8477,-996.1523,0,0
30.593090,-15.2930,83.6719,-996.3281,0,0
30.597156,-15.2930,83.4961,-996.5039,0,0
30.601123,-15.2930,83.3203,-996.6797,0,0
30.605090,-15.2930,83.3203,-996.6797,0,0
30.610659,-15.2930,83.1445,-996.8555,0,0
30.613145,-15.2930,83.1445,-996.8555,0,0
30.617116,-15.2930,82.9688,-997.0312,0,0
30.621082,-15.2930,82.9688,-997.0312,0,0
30.625145,-15.2930,82.9688,-997.0312,0,0
30.629116,-15.2930,82.9688,-997.0312,0,0
30.633082,-15.2930,82.7930,-997.2070,0,0
30.637145,-15.2930,82.7930,-997.2070,0,0
30.641116,-15.2930,82.7930,-997.2070,0,0
30.645131,-15.2930,82.7930,-997.2070,0,0
30.649123,-15.2930,82.7930,-997.2070,0,0
30.653102,-15.2930,82.7930,-997.2070,0,0
30.657074,-15.2930,82.7930,-997.2070,0,0
30.661142,-15.2930,82.9688,-997.0312,0,0
30.665114,-15.2930,82.9688,-997.0312,0,0
30.669096,-15.2930,82.9688,-997.0312,0,0
30.673161,-15.2930,83.1445,-996.8555,0,0
30.677130,-15.2930,83.1445,-996.8555,0,0
30.681096,-15.2930,83.3203,-996.6797,0,0
30.685161,-15.2930,83.3203,-996.6797,0,0
30.689162,-15.2930,83.4961,-996.5039,0,0
30.693133,-15.2930,83.6719,-996.3281,0,0
30.697173,-15.2930,83.8477,-996.1523,0,0
30.703004,-15.2930,84.0234,-995.9766,0,0
30.705144,-15.2930,84.0234,-995.9766,0,0
30.711144,-15.2930,84.3750,-995.6250,0,0
30.713156,-15.2930,84.3750,-995.6250,0,0
30.717130,-15.2930,84.5508,-995.4492,0,0
30.721109,-15.2930,84.7266,-995.2734,0,0
30.725082,-15.2930,85.0781,-994.9219,0,0
30.729145,-15.2930,85.2539,-994.7461,0,0
30.733116,-15.2930,85.4297,-994.5703,0,0
30.737082,-15.2930,85.6055,-994.3945,0,0
30.741145,-15.2930,85.7812,-994.2188,0,0
30.745099,-15.2930,85.9570,-994.0430,0,0
30.749521,-15.2930,86.3086,-993.6914,0,0
30.753135,-15.2930,86.4844,-993.5156,0,0
30.757167,-15.2930,86.8359,-993.1641,0,0
30.761123,-15.2930,87.0117,-992.9883,0,0
30.765090,-15.2930,87.1875,-992.8125,0,0
30.769156,-15.2930,87.5391,-992.4609,0,0
30.773123,-15.2930,87.7148,-992.2852,0,0
30.777090,-15.2930,88.0664,-991.9336,0,0
30.781156,-15.2930,88.2422,-991.7578,0,0
30.785123,-15.2930,88.5938,-991.4062,0,0
30.789090,-15.2930,88.7695,-991.2305,0,0
30.793156,-15.2930,88.9453,-991.0547,0,0
30.797123,-15.2930,89.2969,-990.7031,0,0
30.801090,-15.2930,89.4727,-990.5273,0,0
30.805156,-15.2930,89.6484,-990.3516,0,0
30.810649,-15.2930,90.1758,-989.8242,0,0
30.813133,-15.2930,90.1758,-989.8242,0,0
30.817107,-15.2930,90.5273,-989.4727,0,0
30.821078,-15.2930,90.7031,-989.2969,0,0
30.825145,-15.2930,90.8789,-989.1211,0,0
30.829116,-15.2930,91.0547,-988.9453,0,0
30.833082,-15.2930,91.4062,-988.5938,0,0
30.837145,-15.2930,91.5820,-988.4180,0,0
30.841116,-15.2930,91.7578,-988.2422,0,0
30.845082,-15.2930,92.1094,-987.8906,0,0
30.849160,-15.2930,92.2852,-987.7148,0,0
30.853091,-15.2930,92.4609,-987.5391,0,0
30.857160,-15.2930,92.6367,-987.3633,0,0
30.861135,-15.2930,92.8125,-987.1875,0,0
30.865074,-15.2930,92.9883,-987.0117,0,0
30.869142,-15.2930,93.1641,-986.8359,0,0
30.873114,-15.2930,93.1641,-986.8359,0,0
30.877082,-15.2930,93.5156,-986.4844,0,0
30.881145,-15.2930,93.5156,-986.4844,0,0
30.885116,-15.2930,93.6914,-986.3086,0,0
30.889082,-15.2930,93.6914,-986.3086,0,0
30.893145,-15.2930,93.8672,-986.1328,0,0
30.897116,-15.2930,93.8672,-986.1328,0,0
30.901082,-15.2930,94.0430,-985.9570,0,0
30.905145,-15.2930,94.2188,-985.7812,0,0
30.910618,-15.2930,94.2188,-985.7812,0,0
30.913108,-15.2930,94.2188,-985.7812,0,0
30.917082,-15.2930,94.2188,-985.7812,0,0
30.921145,-15.2930,94.3945,-985.6055,0,0
30.925116,-15.2930,94.3945,-985.6055,0,0
30.929082,-15.2930,94.3945,-985.6055,0,0
30.933145,-15.2930,94.3945,-985.6055,0,0
30.937116,-15.2930,94.3945,-985.6055,0,0
30.941094,-15.2930,94.2188,-985.7812,0,0
30.945160,-15.2930,94.2188,-985.7812,0,0
30.949130,-15.2930,94.2188,-985.7812,0,0
30.953082,-15.2930,94.2188,-985.7812,0,0
30.957145,-15.2930,94.0430,-985.9570,0,0
30.961116,-15.2930,94.0430,-985.9570,0,0
30.965082,-15.2930,93.8672,-986.1328,0,0
30.969145,-15.2930,93.8672,-986.1328,0,0
30.973116,-15.2930,93.6914,-986.3086,0,0
30.977082,-15.2930,93.6914,-986.3086,0,0
30.981145,-15.2930,93.5156,-986.4844,0,0
30.985116,-15.2930,93.3398,-986.6602,0,0
30.989082,-15.2930,93.1641,-986.8359,0,0
30.993145,-15.2930,92.9883,-987.0117,0,0
30.997116,-15.2930,92.8125,-987.1875,0,0
31.001163,-15.2930,92.8125,-987.1875,0,0
31.005145,-15.2930,92.4609,-987.5391,0,0
31.010704,-15.2930,92.2852,-987.7148,0,0
31.013096,-15.2930,92.1094,-987.8906,0,0
31.017072,-15.2930,91.9336,-988.0664,0,0
31.021152,-15.2930,91.7578,-988.2422,0,0
31.025123,-15.2930,91.5820,-988.4180,0,0
31.029090,-15.2930,91.4062,-988.5938,0,0
31.033156,-15.2930,91.0547,-988.9453,0,0
31.037123,-15.2930,90.8789,-989.1211,0,0
31.041087,-15.2930,90.7031,-989.2969,0,0
31.045152,-15.2930,90.3516,-989.6484,0,0
31.049152,-15.2930,90.1758,-989.8242,0,0
31.053074,-15.2930,90.0000,-990.0000,0,0
31.057090,-15.2930,89.6484,-990.3516,0,0
31.061156,-15.2930,89.4727,-990.5273,0,0
31.065119,-15.2930,89.2969,-990.7031,0,0
31.069102,-15.2930,88.9453,-991.0547,0,0
31.075911,-15.2930,88.5938,-991.4062,0,0
31.077168,-15.2930,88.4180,-991.5820,0,0
31.081161,-15.2930,88.2422,-991.7578,0,0
31.085152,-15.2930,88.0664,-991.9336,0,0
31.089124,-15.2930,87.7148,-992.2852,0,0
31.093137,-15.2930,87.5391,-992.4609,0,0
31.097125,-15.2930,87.1875,-992.8125,0,0
31.101125,-15.2930,87.0117,-992.9883,0,0
31.105124,-15.2930,86.8359,-993.1641,0,0
31.111198,-15.2930,86.4844,-993.5156,0,0
31.113128,-15.2930,86.3086,-993.6914,0,0
31.117111,-15.2930,86.1328,-993.8672,0,0
31.121087,-15.2930,85.7812,-994.2188,0,0
31.125078,-15.2930,85.6055,-994.3945,0,0
31.129072,-15.2930,85.4297,-994.5703,0,0
31.133114,-15.2930,85.2539,-994.7461,0,0
31.137083,-15.2930,85.0781,-994.9219,0,0
31.141080,-15.2930,84.9023,-995.0977,0,0
31.145145,-15.2930,84.7266,-995.2734,0,0
31.149116,-15.2930,84.5508,-995.4492,0,0
31.153091,-15.2930,84.3750,-995.6250,0,0
31.157121,-15.2930,84.1992,-995.8008,0,0
31.161152,-15.2930,84.0234,-995.9766,0,0
31.165123,-15.2930,83.8477,-996.1523,0,0
31.169090,-15.2930,83.8477,-996.1523,0,0
31.173156,-15.2930,83.6719,-996.3281,0,0
31.177123,-15.2930,83.4961,-996.5039,0,0
31.181091,-15.2930,83.3203,-996.6797,0,0
31.185099,-15.2930,83.3203,-996.6797,0,0
31.189133,-15.2930,83.3203,-996.6797,0,0
31.193105,-15.2930,83.1445,-996.8555,0,0
31.197090,-15.2930,83.1445,-996.8555,0,0
31.201070,-15.2930,83.1445,-996.8555,0,0
31.205137,-15.2930,82.9688,-997.0312,0,0
31.210744,-15.2930,82.9688,-997.0312,0,0
31.213090,-15.2930,82.9688,-997.0312,0,0
31.217160,-15.2930,82.9688,-997.0312,0,0
31.221130,-15.2930,82.9688,-997.0312,0,0
31.225096,-15.2930,82.9688,-997.0312,0,0
31.229161,-15.2930,82.9688,-997.0312,0,0
31.233130,-15.2930,83.1445,-996.8555,0,0
31.237096,-15.2930,83.1445,-996.8555,0,0
31.241161,-15.2930,83.1445,-996.8555,0,0
31.245130,-15.2930,83.1445,-996.8555,0,0
31.249096,-15.2930,83.3203,-996.6797,0,0
31.253085,-15.2930,83.3203,-996.6797,0,0
31.257105,-15.2930,83.4961,-996.5039,0,0
31.261106,-15.2930,83.6719,-996.3281,0,0
31.265152,-15.2930,83.6719,-996.3281,0,0
31.269123,-15.2930,83.8477,-996.1523,0,0
31.273090,-15.2930,84.0234,-995.9766,0,0
31.277156,-15.2930,84.1992,-995.8008,0,0
31.281123,-15.2930,84.3750,-995.6250,0,0
31.285090,-15.2930,84.5508,-995.4492,0,0
31.289156,-15.2930,84.5508,-995.4492,0,0
31.293123,-15.2930,84.7266,-995.2734,0,0
31.297090,-15.2930,85.0781,-994.9219,0,0
31.301156,-15.2930,85.2539,-994.7461,0,0
31.305123,-15.2930,85.4297,-994.5703,0,0
31.310689,-15.2930,85.7812,-994.2188,0,0
31.313080,-15.2930,85.7812,-994.2188,0,0
31.317152,-15.2930,85.9570,-994.0430,0,0
31.321123,-15.2930,86.1328,-993.8672,0,0
31.325090,-15.2930,86.4844,-993.5156,0,0
31.329156,-15.2930,86.6602,-993.3398,0,0
31.333123,-15.2930,86.8359,-993.1641,0,0
31.337090,-15.2930,87.1875,-992.8125,0,0
31.341156,-15.2930,87.3633,-992.6367,0,0
31.345123,-15.2930,87.7148,-992.2852,0,0
31.349090,-15.2930,87.8906,-992.1094,0,0
31.353064,-15.2930,88.0664,-991.9336,0,0
31.357137,-15.2930,88.4180,-991.5820,0,0
31.361154,-15.2930,88.5938,-991.4062,0,0
31.365160,-15.2930,88.9453,-991.0547,0,0
31.369156,-15.2930,89.1211,-990.8789,0,0
31.373123,-15.2930,89.2969,-990.7031,0,0
31.377090,-15.2930,89.6484,-990.3516,0,0
31.381156,-15.2930,89.8242,-990.1758,0,0
31.385123,-15.2930,90.0000,-990.0000,0,0
31.389090,-15.2930,90.3516,-989.6484,0,0
31.393156,-15.2930,90.5273,-989.4727,0,0
31.397123,-15.2930,90.7031,-989.2969,0,0
31.401090,-15.2930,91.0547,-988.9453,0,0
31.405156,-15.2930,91.2305,-988.7695,0,0
31.410626,-15.2930,91.5820,-988.4180,0,0
31.413114,-15.2930,91.5820,-988.4180,0,0
31.417090,-15.2930,91.7578,-988.2422,0,0
31.421156,-15.2930,92.1094,-987.8906,0,0
31.425123,-15.2930,92.2852,-987.7148,0,0
31.429090,-15.2930,92.4609,-987.5391,0,0
31.433072,-15.2930,92.4609,-987.5391,0,0
31.437070,-15.2930,92.8125,-987.1875,0,0
31.441137,-15.2930,92.8125,-987.1875,0,0
31.445106,-15.2930,92.9883,-987.0117,0,0
31.449078,-15.2930,93.1641,-986.8359,0,0
31.453068,-15.2930,93.3398,-986.6602,0,0
31.457082,-15.2930,93.5156,-986.4844,0,0
31.461145,-15.2930,93.5156,-986.4844,0,0
31.465132,-15.2930,93.6914,-986.3086,0,0
31.469145,-15.2930,93.6914,-986.3086,0,0
31.474667,-15.2930,93.8672,-986.1328,0,0
31.477110,-15.2930,93.8672,-986.1328,0,0
31.481070,-15.2930,94.0430,-985.9570,0,0
31.485100,-15.2930,94.0430,-985.9570,0,0
31.489132,-15.2930,94.0430,-985.9570,0,0
31.493133,-15.2930,94.2188,-985.7812,0,0
31.497106,-15.2930,94.2188,-985.7812,0,0
31.501090,-15.2930,94.2188,-985.7812,0,0
31.505152,-15.2930,94.2188,-985.7812,0,0
31.510891,-15.2930,94.2188,-985.7812,0,0
31.513102,-15.2930,94.2188,-985.7812,0,0
31.517090,-15.2930,94.2188,-985.7812,0,0
31.521073,-15.2930,94.0430,-985.9570,0,0
31.525137,-15.2930,94.0430,-985.9570,0,0
31.529137,-15.2930,93.8672,-986.1328,0,0
31.533068,-15.2930,93.8672,-986.1328,0,0
31.537098,-15.2930,93.8672,-986.1328,0,0
31.541176,-15.2930,93.6914,-986.3086,0,0
31.545114,-15.2930,93.6914,-986.3086,0,0
31.549075,-15.2930,93.5156,-986.4844,0,0
31.553167,-15.2930,93.3398,-986.6602,0,0
31.557137,-15.2930,93.1641,-986.8359,0,0
31.561106,-15.2930,93.1641,-986.8359,0,0
31.565091,-15.2930,92.9883,-987.0117,0,0
31.569102,-15.2930,92.8125,-987.1875,0,0
31.573074,-15.2930,92.6367,-987.3633,0,0
31.577141,-15.2930,92.4609,-987.5391,0,0
31.581112,-15.2930,92.2852,-987.7148,0,0
31.585082,-15.2930,92.1094,-987.8906,0,0
31.589145,-15.2930,91.9336,-988.0664,0,0
31.593116,-15.2930,91.7578,-988.2422,0,0
31.597082,-15.2930,91.5820,-988.4180,0,0
31.601145,-15.2930,91.4062,-988.5938,0,0
31.605116,-15.2930,91.0547,-988.9453,0,0
31.610708,-15.2930,90.8789,-989.1211,0,0
31.613101,-15.2930,90.7031,-989.2969,0,0
31.617074,-15.2930,90.3516,-989.6484,0,0
31.621141,-15.2930,90.1758,-989.8242,0,0
31.625112,-15.2930,90.0000,-990.0000,0,0
31.629082,-15.2930,89.6484,-990.3516,0,0
31.633145,-15.2930,89.4727,-990.5273,0,0
31.637116,-15.2930,89.2969,-990.7031,0,0
31.641082,-15.2930,88.9453,-991.0547,0,0
31.645145,-15.2930,88.7695,-991.2305,0,0
31.649116,-15.2930,88.5938,-991.4062,0,0
31.653090,-15.2930,88.4180,-991.5820,0,0
31.657160,-15.2930,88.0664,-991.9336,0,0
31.661130,-15.2930,87.8906,-992.1094,0,0
31.665096,-15.2930,87.7148,-992.2852,0,0
31.669113,-15.2930,87.3633,-992.6367,0,0
31.673112,-15.2930,87.1875,-992.8125,0,0
31.677082,-15.2930,87.0117,-992.9883,0,0
31.681145,-15.2930,86.6602,-993.3398,0,0
31.685160,-15.2930,86.4844,-993.5156,0,0
31.689130,-15.2930,86.3086,-993.6914,0,0
31.693096,-15.2930,86.1328,-993.8672,0,0
31.697161,-15.2930,85.7812,-994.2188,0,0
31.701130,-15.2930,85.6055,-994.3945,0,0
31.705096,-15.2930,85.4297,-994.5703,0,0
31.710666,-15.2930,85.2539,-994.7461,0,0
31.713152,-15.2930,85.0781,-994.9219,0,0
31.717123,-15.2930,84.9023,-995.0977,0,0
31.721090,-15.2930,84.7266,-995.2734,0,0
31.725156,-15.2930,84.5508,-995.4492,0,0
31.729123,-15.2930,84.3750,-995.6250,0,0
31.733090,-15.2930,84.1992,-995.8008,0,0
31.737156,-15.2930,84.0234,-995.9766,0,0
31.741123,-15.2930,84.0234,-995.9766,0,0
31.745090,-15.2930,83.8477,-996.1523,0,0
31.749156,-15.2930,83.8477,-996.1523,0,0
31.753134,-15.2930,83.6719,-996.3281,0,0
31.757104,-15.2930,83.6719,-996.3281,0,0
31.761074,-15.2930,83.4961,-996.5039,0,0
31.765141,-15.2930,83.3203,-996.6797,0,0
31.769133,-15.2930,83.3203,-996.6797,0,0
31.773097,-15.2930,83.3203,-996.6797,0,0
31.777161,-15.2930,83.3203,-996.6797,0,0
31.781072,-15.2930,83.1445,-996.8555,0,0
31.785080,-15.2930,83.1445,-996.8555,0,0
31.789145,-15.2930,83.1445,-996.8555,0,0
31.793122,-15.2930,83.1445,-996.8555,0,0
31.797071,-15.2930,83.1445,-996.8555,0,0
31.801137,-15.2930,83.1445,-996.8555,0,0
31.805106,-15.2930,83.1445,-996.8555,0,0
31.810710,-15.2930,83.3203,-996.6797,0,0
31.813108,-15.2930,83.3203,-996.6797,0,0
31.818316,-15.2930,83.3203,-996.6797,0,0
31.821252,-15.2930,83.4961,-996.5039,0,0
31.825068,-15.2930,83.4961,-996.5039,0,0
31.829161,-15.2930,83.6719,-996.3281,0,0
31.833152,-15.2930,83.6719,-996.3281,0,0
31.837127,-15.2930,83.8477,-996.1523,0,0
31.841090,-15.2930,84.0234,-995.9766,0,0
31.845152,-15.2930,84.0234,-995.9766,0,0
31.849120,-15.2930,84.1992,-995.8008,0,0
31.853099,-15.2930,84.3750,-995.6250,0,0
31.857090,-15.2930,84.5508,-995.4492,0,0
31.861166,-15.2930,84.7266,-995.2734,0,0
31.865087,-15.2930,84.7266,-995.2734,0,0
31.869149,-15.2930,85.0781,-994.9219,0,0
31.873118,-15.2930,85.2539,-994.7461,0,0
31.877135,-15.2930,85.4297,-994.5703,0,0
31.881135,-15.2930,85.6055,-994.3945,0,0
31.885102,-15.2930,85.7812,-994.2188,0,0
31.889160,-15.2930,85.9570,-994.0430,0,0
31.893124,-15.2930,86.1328,-993.8672,0,0
31.897090,-15.2930,86.4844,-993.5156,0,0
31.901152,-15.2930,86.6602,-993.3398,0,0
31.905120,-15.2930,86.8359,-993.1641,0,0
31.910937,-15.2930,87.1875,-992.8125,0,0
31.913135,-15.2930,87.3633,-992.6367,0,0
31.917104,-15.2930,87.5391,-992.4609,0,0
31.921070,-15.2930,87.8906,-992.1094,0,0
31.925130,-15.2930,88.0664,-991.9336,0,0
31.929094,-15.2930,88.2422,-991.7578,0,0
31.933152,-15.2930,88.5938,-991.4062,0,0
31.937120,-15.2930,88.7695,-991.2305,0,0
31.941090,-15.2930,88.9453,-991.0547,0,0
31.945152,-15.2930,89.1211,-990.8789,0,0
31.949120,-15.2930,89.4727,-990.5273,0,0
31.953093,-15.2930,89.6484,-990.3516,0,0
31.957164,-15.2930,89.8242,-990.1758,0,0
31.961139,-15.2930,90.1758,-989.8242,0,0
31.965104,-15.2930,90.3516,-989.6484,0,0
31.969070,-15.2930,90.5273,-989.4727,0,0
31.973130,-15.2930,90.7031,-989.2969,0,0
31.977071,-15.2930,90.8789,-989.1211,0,0
31.981135,-15.2930,91.0547,-988.9453,0,0
31.985102,-15.2930,91.4062,-988.5938,0,0
31.989090,-15.2930,91.5820,-988.4180,0,0
31.993152,-15.2930,91.7578,-988.2422,0,0
31.997120,-15.2930,91.9336,-988.0664,0,0
32.001090,-15.2930,92.1094,-987.8906,0,0
32.005152,-15.2930,92.2852,-987.7148,0,0
32.010626,-15.2930,92.4609,-987.5391,0,0
32.013105,-15.2930,92.6367,-987.3633,0,0
32.017074,-15.2930,92.8125,-987.1875,0,0
32.021120,-15.2930,92.9883,-987.0117,0,0
32.025121,-15.2930,92.9883,-987.0117,0,0
32.029102,-15.2930,93.1641,-986.8359,0,0
32.033104,-15.2930,93.3398,-986.6602,0,0
32.037070,-15.2930,93.5156,-986.4844,0,0
32.041144,-15.2930,93.5156,-986.4844,0,0
32.045108,-15.2930,93.6914,-986.3086,0,0
32.049072,-15.2930,93.6914,-986.3086,0,0
32.053154,-15.2930,93.8672,-986.1328,0,0
32.057120,-15.2930,93.8672,-986.1328,0,0
32.061090,-15.2930,93.8672,-986.1328,0,0
32.065152,-15.2930,93.8672,-986.1328,0,0
32.069135,-15.2930,93.8672,-986.1328,0,0
32.073102,-15.2930,94.0430,-985.9570,0,0
32.077113,-15.2930,94.0430,-985.9570,0,0
32.081136,-15.2930,94.0430,-985.9570,0,0
32.085102,-15.2930,94.0430,-985.9570,0,0
32.089160,-15.2930,93.8672,-986.1328,0,0
32.093124,-15.2930,93.8672,-986.1328,0,0
32.097090,-15.2930,93.8672,-986.1328,0,0
32.101097,-15.2930,93.8672,-986.1328,0,0
32.105156,-15.2930,93.6914,-986.3086,0,0
32.110867,-15.2930,93.6914,-986.3086,0,0
32.113070,-15.2930,93.6914,-986.3086,0,0
32.117080,-15.2930,93.5156,-986.4844,0,0
32.121145,-15.2930,93.5156,-986.4844,0,0
32.125095,-15.2930,93.3398,-986.6602,0,0
32.129113,-15.2930,93.1641,-986.8359,0,0
32.133123,-15.2930,92.9883,-987.0117,0,0
32.137090,-15.2930,92.9883,-987.0117,0,0
32.141156,-15.2930,92.8125,-987.1875,0,0
32.145137,-15.2930,92.6367,-987.3633,0,0
32.149107,-15.2930,92.4609,-987.5391,0,0
32.153085,-15.2930,92.2852,-987.7148,0,0
32.157082,-15.2930,92.1094,-987.8906,0,0
32.161160,-15.2930,91.9336,-988.0664,0,0
32.165130,-15.2930,91.7578,-988.2422,0,0
32.169096,-15.2930,91.5820,-988.4180,0,0
32.173161,-15.2930,91.4062,-988.5938,0,0
32.177130,-15.2930,91.0547,-988.9453,0,0
32.181103,-15.2930,90.8789,-989.1211,0,0
32.185107,-15.2930,90.7031,-989.2969,0,0
32.189121,-15.2930,90.5273,-989.4727,0,0
32.193105,-15.2930,90.3516,-989.6484,0,0
32.197074,-15.2930,90.0000,-990.0000,0,0
32.201142,-15.2930,89.8242,-990.1758,0,0
32.205114,-15.2930,89.6484,-990.3516,0,0
32.210708,-15.2930,89.2969,-990.7031,0,0
32.213102,-15.2930,89.1211,-990.8789,0,0
32.217074,-15.2930,88.9453,-991.0547,0,0
32.221142,-15.2930,88.7695,-991.2305,0,0
32.225114,-15.2930,88.4180,-991.5820,0,0
32.229082,-15.2930,88.2422,-991.7578,0,0
32.233145,-15.2930,88.0664,-991.9336,0,0
32.237116,-15.2930,87.8906,-992.1094,0,0
32.241082,-15.2930,87.5391,-992.4609,0,0
32.245145,-15.2930,87.3633,-992.6367,0,0
32.249116,-15.2930,87.1875,-992.8125,0,0
32.253094,-15.2930,86.8359,-993.1641,0,0
32.257074,-15.2930,86.6602,-993.3398,0,0
32.261142,-15.2930,86.4844,-993.5156,0,0
32.265114,-15.2930,86.1328,-993.8672,0,0
32.269082,-15.2930,85.9570,-994.0430,0,0
32.273145,-15.2930,85.7812,-994.2188,0,0
32.277116,-15.2930,85.6055,-994.3945,0,0
32.281086,-15.2930,85.4297,-994.5703,0,0
32.285078,-15.2930,85.2539,-994.7461,0,0
32.289082,-15.2930,85.0781,-994.9219,0,0
32.293145,-15.2930,84.9023,-995.0977,0,0
32.297116,-15.2930,84.7266,-995.2734,0,0
32.301082,-15.2930,84.5508,-995.4492,0,0
32.305145,-15.2930,84.3750,-995.6250,0,0
32.310618,-15.2930,84.3750,-995.6250,0,0
32.313107,-15.2930,84.1992,-995.8008,0,0
32.317082,-15.2930,84.0234,-995.9766,0,0
32.321145,-15.2930,84.0234,-995.9766,0,0
32.325116,-15.2930,83.8477,-996.1523,0,0
32.329082,-15.2930,83.8477,-996.1523,0,0
32.333145,-15.2930,83.6719,-996.3281,0,0
32.337116,-15.2930,83.6719,-996.3281,0,0
32.341082,-15.2930,83.4961,-996.5039,0,0
32.345145,-15.2930,83.4961,-996.5039,0,0
32.349116,-15.2930,83.4961,-996.5039,0,0
32.353097,-15.2930,83.3203,-996.6797,0,0
32.357161,-15.2930,83.3203,-996.6797,0,0
32.361137,-15.2930,83.3203,-996.6797,0,0
32.365124,-15.2930,83.3203,-996.6797,0,0
32.369097,-15.2930,83.3203,-996.6797,0,0
32.373161,-15.2930,83.3203,-996.6797,0,0
32.377119,-15.2930,83.3203,-996.6797,0,0
32.381137,-15.2930,83.3203,-996.6797,0,0
32.385128,-15.2930,83.4961,-996.5039,0,0
32.389071,-15.2930,83.4961,-996.5039,0,0
32.395411,-15.2930,83.6719,-996.3281,0,0
32.397095,-15.2930,83.6719,-996.3281,0,0
32.401074,-15.2930,83.8477,-996.1523,0,0
32.405142,-15.2930,83.8477,-996.1523,0,0
32.410989,-15.2930,84.0234,-995.9766,0,0
32.413102,-15.2930,84.0234,-995.9766,0,0
32.417074,-15.2930,84.1992,-995.8008,0,0
32.421071,-15.2930,84.3750,-995.6250,0,0
32.425137,-15.2930,84.5508,-995.4492,0,0
32.429107,-15.2930,84.5508,-995.4492,0,0
32.433078,-15.2930,84.7266,-995.2734,0,0
32.437145,-15.2930,84.9023,-995.0977,0,0
32.441128,-15.2930,85.0781,-994.9219,0,0
32.445096,-15.2930,85.2539,-994.7461,0,0
32.449090,-15.2930,85.4297,-994.5703,0,0
32.453170,-15.2930,85.6055,-994.3945,0,0
32.457137,-15.2930,85.7812,-994.2188,0,0
32.461107,-15.2930,85.9570,-994.0430,0,0
32.465078,-15.2930,86.1328,-993.8672,0,0
32.469160,-15.2930,86.4844,-993.5156,0,0
32.473130,-15.2930,86.6602,-993.3398,0,0
32.477096,-15.2930,86.8359,-993.1641,0,0
32.481161,-15.2930,87.0117,-992.9883,0,0
32.485130,-15.2930,87.3633,-992.6367,0,0
32.489080,-15.2930,87.5391,-992.4609,0,0
32.493134,-15.2930,87.7148,-992.2852,0,0
32.497104,-15.2930,87.8906,-992.1094,0,0
32.501074,-15.2930,88.2422,-991.7578,0,0
32.505102,-15.2930,88.4180,-991.5820,0,0
32.510734,-15.2930,88.7695,-991.2305,0,0
32.513288,-15.2930,88.9453,-991.0547,0,0
32.517147,-15.2930,89.1211,-990.8789,0,0
32.521146,-15.2930,89.2969,-990.7031,0,0
32.525096,-15.2930,89.4727,-990.5273,0,0
32.529161,-15.2930,89.6484,-990.3516,0,0
32.533130,-15.2930,90.0000,-990.0000,0,0
32.537096,-15.2930,90.1758,-989.8242,0,0
32.541161,-15.2930,90.3516,-989.6484,0,0
32.545130,-15.2930,90.7031,-989.2969,0,0
32.549096,-15.2930,90.8789,-989.1211,0,0
32.553070,-15.2930,91.0547,-988.9453,0,0
32.557074,-15.2930,91.2305,-988.7695,0,0
32.561142,-15.2930,91.4062,-988.5938,0,0
32.565114,-15.2930,91.5820,-988.4180,0,0
32.569082,-15.2930,91.7578,-988.2422,0,0
32.573145,-15.2930,91.9336,-988.0664,0,0
32.577116,-15.2930,92.1094,-987.8906,0,0
32.581082,-15.2930,92.2852,-987.7148,0,0
32.585145,-15.2930,92.4609,-987.5391,0,0
32.589104,-15.2930,92.4609,-987.5391,0,0
32.593123,-15.2930,92.8125,-987.1875,0,0
32.597152,-15.2930,92.8125,-987.1875,0,0
32.601123,-15.2930,92.9883,-987.0117,0,0
32.605090,-15.2930,92.9883,-987.0117,0,0
32.610680,-15.2930,93.1641,-986.8359,0,0
32.613074,-15.2930,93.3398,-986.6602,0,0
32.617142,-15.2930,93.3398,-986.6602,0,0
32.621114,-15.2930,93.5156,-986.4844,0,0
32.625086,-15.2930,93.5156,-986.4844,0,0
32.629090,-15.2930,93.6914,-986.3086,0,0
32.633156,-15.2930,93.6914,-986.3086,0,0
32.637123,-15.2930,93.6914,-986.3086,0,0
32.641090,-15.2930,93.6914,-986.3086,0,0
32.645156,-15.2930,93.6914,-986.3086,0,0
32.649123,-15.2930,93.6914,-986.3086,0,0
32.653094,-15.2930,93.6914,-986.3086,0,0
32.657160,-15.2930,93.6914,-986.3086,0,0
32.661130,-15.2930,93.6914,-986.3086,0,0
32.665096,-15.2930,93.6914,-986.3086,0,0
32.669161,-15.2930,93.6914,-986.3086,0,0
32.673130,-15.2930,93.6914,-986.3086,0,0
32.677096,-15.2930,93.5156,-986.4844,0,0
32.681161,-15.2930,93.5156,-986.4844,0,0
32.685130,-15.2930,93.5156,-986.4844,0,0
32.689096,-15.2930,93.3398,-986.6602,0,0
32.693121,-15.2930,93.3398,-986.6602,0,0
32.697100,-15.2930,93.1641,-986.8359,0,0
32.701090,-15.2930,92.9883,-987.0117,0,0
32.705156,-15.2930,92.9883,-987.0117,0,0
32.710626,-15.2930,92.8125,-987.1875,0,0
32.713114,-15.2930,92.6367,-987.3633,0,0
32.717082,-15.2930,92.4609,-987.5391,0,0
32.721145,-15.2930,92.2852,-987.7148,0,0
32.725116,-15.2930,92.2852,-987.7148,0,0
32.729082,-15.2930,92.1094,-987.8906,0,0
32.733145,-15.2930,91.7578,-988.2422,0,0
32.737116,-15.2930,91.5820,-988.4180,0,0
32.741082,-15.2930,91.4062,-988.5938,0,0
32.745145,-15.2930,91.2305,-988.7695,0,0
32.749116,-15.2930,91.0547,-988.9453,0,0
32.753090,-15.2930,90.8789,-989.1211,0,0
32.757160,-15.2930,90.7031,-989.2969,0,0
32.761130,-15.2930,90.5273,-989.4727,0,0
32.765153,-15.2930,90.1758,-989.8242,0,0
32.769080,-15.2930,90.0000,-990.0000,0,0
32.773073,-15.2930,89.8242,-990.1758,0,0
32.777834,-15.2930,89.6484,-990.3516,0,0
32.781090,-15.2930,89.4727,-990.5273,0,0
32.785121,-15.2930,89.2969,-990.7031,0,0
32.789090,-15.2930,88.9453,-991.0547,0,0
32.793100,-15.2930,88.7695,-991.2305,0,0
32.797083,-15.2930,88.5938,-991.4062,0,0
32.801137,-15.2930,88.2422,-991.7578,0,0
32.805152,-15.2930,88.0664,-991.9336,0,0
32.810972,-15.2930,87.7148,-992.2852,0,0
32.813161,-15.2930,87.5391,-992.4609,0,0
32.817137,-15.2930,87.3633,-992.6367,0,0
32.821107,-15.2930,87.1875,-992.8125,0,0
32.825078,-15.2930,87.0117,-992.9883,0,0
32.829145,-15.2930,86.8359,-993.1641,0,0
32.833116,-15.2930,86.6602,-993.3398,0,0
32.837082,-15.2930,86.4844,-993.5156,0,0
32.841145,-15.2930,86.1328,-993.8672,0,0
32.845116,-15.2930,85.9570,-994.0430,0,0
32.849082,-15.2930,85.7812,-994.2188,0,0
32.853167,-15.2930,85.6055,-994.3945,0,0
32.857137,-15.2930,85.4297,-994.5703,0,0
32.861112,-15.2930,85.2539,-994.7461,0,0
32.865130,-15.2930,85.0781,-994.9219,0,0
32.869096,-15.2930,84.9023,-995.0977,0,0
32.873161,-15.2930,84.7266,-995.2734,0,0
32.877130,-15.2930,84.7266,-995.2734,0,0
32.881096,-15.2930,84.5508,-995.4492,0,0
32.885161,-15.2930,84.3750,-995.6250,0,0
32.889130,-15.2930,84.3750,-995.6250,0,0
32.893096,-15.2930,84.1992,-995.8008,0,0
32.897104,-15.2930,84.0234,-995.9766,0,0
32.901120,-15.2930,84.0234,-995.9766,0,0
32.905090,-15.2930,83.8477,-996.1523,0,0
32.910659,-15.2930,83.8477,-996.1523,0,0
32.913145,-15.2930,83.8477,-996.1523,0,0
32.917124,-15.2930,83.6719,-996.3281,0,0
32.921098,-15.2930,83.6719,-996.3281,0,0
32.925161,-15.2930,83.6719,-996.3281,0,0
32.929130,-15.2930,83.6719,-996.3281,0,0
32.933096,-15.2930,83.6719,-996.3281,0,0
32.937161,-15.2930,83.6719,-996.3281,0,0
32.941130,-15.2930,83.6719,-996.3281,0,0
32.945096,-15.2930,83.6719,-996.3281,0,0
32.949161,-15.2930,83.6719,-996.3281,0,0
32.953144,-15.2930,83.6719,-996.3281,0,0
32.957114,-15.2930,83.6719,-996.3281,0,0
32.961082,-15.2930,83.8477,-996.1523,0,0
32.965145,-15.2930,83.8477,-996.1523,0,0
32.969116,-15.2930,83.8477,-996.1523,0,0
32.973082,-15.2930,84.0234,-995.9766,0,0
32.977145,-15.2930,84.0234,-995.9766,0,0
32.981116,-15.2930,84.1992,-995.8008,0,0
32.985082,-15.2930,84.1992,-995.8008,0,0
32.989145,-15.2930,84.3750,-995.6250,0,0
32.993116,-15.2930,84.5508,-995.4492,0,0
32.997082,-15.2930,84.5508,-995.4492,0,0
33.001124,-15.2930,84.7266,-995.2734,0,0
33.005097,-15.2930,84.9023,-995.0977,0,0
33.010666,-15.2930,85.0781,-994.9219,0,0
33.013152,-15.2930,85.2539,-994.7461,0,0
33.017145,-15.2930,85.4297,-994.5703,0,0
33.021116,-15.2930,85.4297,-994.5703,0,0
33.025082,-15.2930,85.7812,-994.2188,0,0
33.029145,-15.2930,85.9570,-994.0430,0,0
33.033116,-15.2930,86.1328,-993.8672,0,0
33.037082,-15.2930,86.3086,-993.6914,0,0
33.041145,-15.2930,86.4844,-993.5156,0,0
33.045152,-15.2930,86.6602,-993.3398,0,0
33.049106,-15.2930,86.8359,-993.1641,0,0
33.053090,-15.2930,87.1875,-992.8125,0,0
33.057152,-15.2930,87.3633,-992.6367,0,0
33.061123,-15.2930,87.5391,-992.4609,0,0
33.065115,-15.2930,87.7148,-992.2852,0,0
33.069088,-15.2930,87.8906,-992.1094,0,0
33.073161,-15.2930,88.2422,-991.7578,0,0
33.077070,-15.2930,88.4180,-991.5820,0,0
33.081107,-15.2930,88.5938,-991.4062,0,0
33.085078,-15.2930,88.7695,-991.2305,0,0
33.089145,-15.2930,88.9453,-991.0547,0,0
33.093116,-15.2930,89.2969,-990.7031,0,0
33.097082,-15.2930,89.4727,-990.5273,0,0
33.102695,-15.2930,89.8242,-990.1758,0,0
33.105065,-15.2930,90.0000,-990.0000,0,0
33.111119,-15.2930,90.1758,-989.8242,0,0
33.113072,-15.2930,90.3516,-989.6484,0,0
33.117113,-15.2930,90.5273,-989.4727,0,0
33.121147,-15.2930,90.7031,-989.2969,0,0
33.125087,-15.2930,90.8789,-989.1211,0,0
33.129121,-15.2930,91.0547,-988.9453,0,0
33.133151,-15.2930,91.2305,-988.7695,0,0
33.137087,-15.2930,91.4062,-988.5938,0,0
33.141121,-15.2930,91.5820,-988.4180,0,0
33.145116,-15.2930,91.7578,-988.2422,0,0
33.149116,-15.2930,91.9336,-988.0664,0,0
33.153158,-15.2930,92.1094,-987.8906,0,0
33.157117,-15.2930,92.2852,-987.7148,0,0
33.161151,-15.2930,92.4609,-987.5391,0,0
33.165104,-15.2930,92.4609,-987.5391,0,0
33.169135,-15.2930,92.6367,-987.3633,0,0
33.173072,-15.2930,92.8125,-987.1875,0,0
33.177104,-15.2930,92.8125,-987.1875,0,0
33.181135,-15.2930,92.9883,-987.0117,0,0
33.185072,-15.2930,92.9883,-987.0117,0,0
33.189104,-15.2930,93.1641,-986.8359,0,0
33.193145,-15.2930,93.1641,-986.8359,0,0
33.197164,-15.2930,93.1641,-986.8359,0,0
33.201114,-15.2930,93.3398,-986.6602,0,0
33.205115,-15.2930,93.3398,-986.6602,0,0
33.210726,-15.2930,93.5156,-986.4844,0,0
33.213101,-15.2930,93.5156,-986.4844,0,0
33.217143,-15.2930,93.5156,-986.4844,0,0
33.221080,-15.2930,93.5156,-986.4844,0,0
33.225119,-15.2930,93.5156,-986.4844,0,0
33.229091,-15.2930,93.5156,-986.4844,0,0
33.233137,-15.2930,93.5156,-986.4844,0,0
33.237098,-15.2930,93.5156,-986.4844,0,0
33.241161,-15.2930,93.5156,-986.4844,0,0
33.245130,-15.2930,93.3398,-986.6602,0,0
33.249096,-15.2930,93.3398,-986.6602,0,0
33.253070,-15.2930,93.1641,-986.8359,0,0
33.257074,-15.2930,93.1641,-986.8359,0,0
33.261142,-15.2930,93.1641,-986.8359,0,0
33.265114,-15.2930,92.9883,-987.0117,0,0
33.269082,-15.2930,92.9883,-987.0117,0,0
33.273145,-15.2930,92.8125,-987.1875,0,0
33.277116,-15.2930,92.6367,-987.3633,0,0
33.281082,-15.2930,92.6367,-987.3633,0,0
33.285145,-15.2930,92.4609,-987.5391,0,0
33.289116,-15.2930,92.2852,-987.7148,0,0
33.293082,-15.2930,92.1094,-987.8906,0,0
33.297161,-15.2930,92.1094,-987.8906,0,0
33.301130,-15.2930,91.7578,-988.2422,0,0
33.305143,-15.2930,91.7578,-988.2422,0,0
33.310692,-15.2930,91.4062,-988.5938,0,0
33.313082,-15.2930,91.4062,-988.5938,0,0
33.317152,-15.2930,91.2305,-988.7695,0,0
33.321123,-15.2930,91.0547,-988.9453,0,0
33.325090,-15.2930,90.8789,-989.1211,0,0
33.329156,-15.2930,90.7031,-989.2969,0,0
33.333123,-15.2930,90.3516,-989.6484,0,0
33.337090,-15.2930,90.1758,-989.8242,0,0
33.341156,-15.2930,90.0000,-990.0000,0,0
33.345123,-15.2930,89.8242,-990.1758,0,0
33.349090,-15.2930,89.6484,-990.3516,0,0
33.353064,-15.2930,89.4727,-990.5273,0,0
33.357137,-15.2930,89.2969,-990.7031,0,0
33.361115,-15.2930,88.9453,-991.0547,0,0
33.365145,-15.2930,88.7695,-991.2305,0,0
33.369116,-15.2930,88.5938,-991.4062,0,0
33.373082,-15.2930,88.4180,-991.5820,0,0
33.377145,-15.2930,88.2422,-991.7578,0,0
33.381116,-15.2930,88.0664,-991.9336,0,0
33.385082,-15.2930,87.7148,-992.2852,0,0
33.389145,-15.2930,87.5391,-992.4609,0,0
33.393116,-15.2930,87.3633,-992.6367,0,0
33.397082,-15.2930,87.1875,-992.8125,0,0
33.401145,-15.2930,86.8359,-993.1641,0,0
33.405116,-15.2930,86.8359,-993.1641,0,0
33.410636,-15.2930,86.4844,-993.5156,0,0
33.413160,-15.2930,86.4844,-993.5156,0,0
33.417137,-15.2930,86.1328,-993.8672,0,0
33.421107,-15.2930,85.9570,-994.0430,0,0
33.425078,-15.2930,85.7812,-994.2188,0,0
33.429145,-15.2930,85.7812,-994.2188,0,0
33.433116,-15.2930,85.4297,-994.5703,0,0
33.437082,-15.2930,85.4297,-994.5703,0,0
33.441145,-15.2930,85.2539,-994.7461,0,0
33.445116,-15.2930,85.0781,-994.9219,0,0
33.449090,-15.2930,84.9023,-995.0977,0,0
33.453064,-15.2930,84.7266,-995.2734,0,0
33.457137,-15.2930,84.7266,-995.2734,0,0
33.461107,-15.2930,84.5508,-995.4492,0,0
33.465078,-15.2930,84.3750,-995.6250,0,0
33.469145,-15.2930,84.3750,-995.6250,0,0
33.473116,-15.2930,84.3750,-995.6250,0,0
33.477082,-15.2930,84.1992,-995.8008,0,0
33.481159,-15.2930,84.0234,-995.9766,0,0
33.485140,-15.2930,84.0234,-995.9766,0,0
33.489145,-15.2930,84.0234,-995.9766,0,0
33.493126,-15.2930,84.0234,-995.9766,0,0
33.497116,-15.2930,83.8477,-996.1523,0,0
33.501096,-15.2930,83.8477,-996.1523,0,0
33.505080,-15.2930,83.8477,-996.1523,0,0
33.510671,-15.2930,83.8477,-996.1523,0,0
33.513104,-15.2930,83.8477,-996.1523,0,0
33.517082,-15.2930,83.8477,-996.1523,0,0
33.521145,-15.2930,83.8477,-996.1523,0,0
33.525116,-15.2930,83.8477,-996.1523,0,0
33.529120,-15.2930,84.0234,-995.9766,0,0
33.533090,-15.2930,84.0234,-995.9766,0,0
33.537156,-15.2930,84.0234,-995.9766,0,0
33.541161,-15.2930,84.0234,-995.9766,0,0
33.545137,-15.2930,84.1992,-995.8008,0,0
33.549107,-15.2930,84.1992,-995.8008,0,0
33.553088,-15.2930,84.3750,-995.6250,0,0
33.558204,-15.2930,84.5508,-995.4492,0,0
33.561271,-15.2930,84.5508,-995.4492,0,0
33.565118,-15.2930,84.5508,-995.4492,0,0
33.569090,-15.2930,84.7266,-995.2734,0,0
33.573077,-15.2930,84.9023,-995.0977,0,0
33.577160,-15.2930,85.0781,-994.9219,0,0
33.581128,-15.2930,85.2539,-994.7461,0,0
33.585097,-15.2930,85.2539,-994.7461,0,0
33.589160,-15.2930,85.4297,-994.5703,0,0
33.593096,-15.2930,85.6055,-994.3945,0,0
33.597090,-15.2930,85.7812,-994.2188,0,0
33.601152,-15.2930,85.9570,-994.0430,0,0
33.605139,-15.2930,86.1328,-993.8672,0,0
33.610987,-15.2930,86.4844,-993.5156,0,0
33.613158,-15.2930,86.4844,-993.5156,0,0
33.617075,-15.2930,86.6602,-993.3398,0,0
33.621141,-15.2930,86.8359,-993.1641,0,0
33.625161,-15.2930,87.1875,-992.8125,0,0
33.629080,-15.2930,87.3633,-992.6367,0,0
33.633145,-15.2930,87.5391,-992.4609,0,0
33.637116,-15.2930,87.7148,-992.2852,0,0
33.641098,-15.2930,87.8906,-992.1094,0,0
33.645161,-15.2930,88.0664,-991.9336,0,0
33.649130,-15.2930,88.2422,-991.7578,0,0
33.653105,-15.2930,88.5938,-991.4062,0,0
33.657074,-15.2930,88.7695,-991.2305,0,0
33.661142,-15.2930,88.9453,-991.0547,0,0
33.665114,-15.2930,89.1211,-990.8789,0,0
33.669076,-15.2930,89.2969,-990.7031,0,0
33.673145,-15.2930,89.4727,-990.5273,0,0
33.677115,-15.2930,89.6484,-990.3516,0,0
33.681082,-15.2930,90.0000,-990.0000,0,0
33.685145,-15.2930,90.1758,-989.8242,0,0
33.689116,-15.2930,90.3516,-989.6484,0,0
33.693082,-15.2930,90.5273,-989.4727,0,0
33.697145,-15.2930,90.7031,-989.2969,0,0
33.701116,-15.2930,90.8789,-989.1211,0,0
33.705082,-15.2930,91.0547,-988.9453,0,0
33.710670,-15.2930,91.2305,-988.7695,0,0
33.713160,-15.2930,91.4062,-988.5938,0,0
33.717090,-15.2930,91.5820,-988.4180,0,0
33.721104,-15.2930,91.7578,-988.2422,0,0
33.725074,-15.2930,91.7578,-988.2422,0,0
33.729142,-15.2930,92.1094,-987.8906,0,0
33.733156,-15.2930,92.1094,-987.8906,0,0
33.737127,-15.2930,92.2852,-987.7148,0,0
33.741098,-15.2930,92.4609,-987.5391,0,0
33.745161,-15.2930,92.4609,-987.5391,0,0
33.749130,-15.2930,92.6367,-987.3633,0,0
33.753101,-15.2930,92.8125,-987.1875,0,0
33.757074,-15.2930,92.8125,-987.1875,0,0
33.761142,-15.2930,92.8125,-987.1875,0,0
33.765114,-15.2930,92.9883,-987.0117,0,0
33.769082,-15.2930,92.9883,-987.0117,0,0
33.773145,-15.2930,92.9883,-987.0117,0,0
33.777116,-15.2930,93.1641,-986.8359,0,0
33.781082,-15.2930,93.1641,-986.8359,0,0
33.785145,-15.2930,93.1641,-986.8359,0,0
33.789116,-15.2930,93.1641,-986.8359,0,0
33.793082,-15.2930,93.1641,-986.8359,0,0
33.797145,-15.2930,93.1641,-986.8359,0,0
33.801116,-15.2930,93.1641,-986.8359,0,0
33.805082,-15.2930,93.1641,-986.8359,0,0
33.810648,-15.2930,93.1641,-986.8359,0,0
33.813133,-15.2930,93.1641,-986.8359,0,0
33.817140,-15.2930,93.1641,-986.8359,0,0
33.821102,-15.2930,93.1641,-986.8359,0,0
33.825074,-15.2930,93.1641,-986.8359,0,0
33.829142,-15.2930,92.9883,-987.0117,0,0
33.833114,-15.2930,92.9883,-987.0117,0,0
33.837082,-15.2930,92.8125,-987.1875,0,0
33.841145,-15.2930,92.8125,-987.1875,0,0
33.845116,-15.2930,92.6367,-987.3633,0,0
33.849082,-15.2930,92.6367,-987.3633,0,0
33.853156,-15.2930,92.4609,-987.5391,0,0
33.857123,-15.2930,92.2852,-987.7148,0,0
33.861092,-15.2930,92.2852,-987.7148,0,0
33.865070,-15.2930,92.1094,-987.8906,0,0
33.869090,-15.2930,91.9336,-988.0664,0,0
33.873114,-15.2930,91.7578,-988.2422,0,0
33.877082,-15.2930,91.5820,-988.4180,0,0
33.881070,-15.2930,91.5820,-988.4180,0,0
33.885152,-15.2930,91.4062,-988.5938,0,0
33.889148,-15.2930,91.0547,-988.9453,0,0
33.893123,-15.2930,91.0547,-988.9453,0,0
33.897094,-15.2930,90.8789,-989.1211,0,0
33.901109,-15.2930,90.7031,-989.2969,0,0
33.906662,-15.2930,90.3516,-989.6484,0,0
33.911449,-15.2930,90.1758,-989.8242,0,0
33.913148,-15.2930,90.1758,-989.8242,0,0
33.917120,-15.2930,90.0000,-990.0000,0,0
33.921136,-15.2930,89.6484,-990.3516,0,0
33.925135,-15.2930,89.4727,-990.5273,0,0
33.929135,-15.2930,89.2969,-990.7031,0,0
33.933083,-15.2930,89.1211,-990.8789,0,0
33.937125,-15.2930,88.9453,-991.0547,0,0
33.941074,-15.2930,88.7695,-991.2305,0,0
33.945142,-15.2930,88.5938,-991.4062,0,0
33.949079,-15.2930,88.2422,-991.7578,0,0
33.953099,-15.2930,88.0664,-991.9336,0,0
33.957090,-15.2930,87.8906,-992.1094,0,0
33.961156,-15.2930,87.7148,-992.2852,0,0
33.965123,-15.2930,87.5391,-992.4609,0,0
33.969090,-15.2930,87.3633,-992.6367,0,0
33.973156,-15.2930,87.1875,-992.8125,0,0
33.977123,-15.2930,86.8359,-993.1641,0,0
33.981090,-15.2930,86.8359,-993.1641,0,0
33.985156,-15.2930,86.6602,-993.3398,0,0
33.989123,-15.2930,86.4844,-993.5156,0,0
33.993090,-15.2930,86.1328,-993.8672,0,0
33.997156,-15.2930,86.1328,-993.8672,0,0
34.001123,-15.2930,85.9570,-994.0430,0,0
34.005090,-15.2930,85.7812,-994.2188,0,0
34.010696,-15.2930,85.4297,-994.5703,0,0
34.013090,-15.2930,85.4297,-994.5703,0,0
34.017161,-15.2930,85.2539,-994.7461,0,0
34.021130,-15.2930,85.2539,-994.7461,0,0
34.025104,-15.2930,85.0781,-994.9219,0,0
34.029110,-15.2930,84.9023,-995.0977,0,0
34.033104,-15.2930,84.7266,-995.2734,0,0
34.037074,-15.2930,84.7266,-995.2734,0,0
34.041142,-15.2930,84.5508,-995.4492,0,0
34.045114,-15.2930,84.5508,-995.4492,0,0
34.049082,-15.2930,84.3750,-995.6250,0,0
34.053156,-15.2930,84.3750,-995.6250,0,0
34.057123,-15.2930,84.3750,-995.6250,0,0
34.061090,-15.2930,84.1992,-995.8008,0,0
34.065156,-15.2930,84.1992,-995.8008,0,0
34.069123,-15.2930,84.1992,-995.8008,0,0
34.073090,-15.2930,84.1992,-995.8008,0,0
34.077156,-15.2930,84.0234,-995.9766,0,0
34.081123,-15.2930,84.0234,-995.9766,0,0
34.085090,-15.2930,84.0234,-995.9766,0,0
34.089156,-15.2930,84.0234,-995.9766,0,0
34.093123,-15.2930,84.0234,-995.9766,0,0
34.097090,-15.2930,84.0234,-995.9766,0,0
34.101156,-15.2930,84.0234,-995.9766,0,0
34.105123,-15.2930,84.1992,-995.8008,0,0
34.110901,-15.2930,84.1992,-995.8008,0,0
34.113107,-15.2930,84.3750,-995.6250,0,0
34.117096,-15.2930,84.3750,-995.6250,0,0
34.121161,-15.2930,84.3750,-995.6250,0,0
34.125082,-15.2930,84.5508,-995.4492,0,0
34.129145,-15.2930,84.5508,-995.4492,0,0
34.133137,-15.2930,84.7266,-995.2734,0,0
34.137107,-15.2930,84.7266,-995.2734,0,0
34.141078,-15.2930,84.9023,-995.0977,0,0
34.145145,-15.2930,85.0781,-994.9219,0,0
34.149116,-15.2930,85.0781,-994.9219,0,0
34.153090,-15.2930,85.2539,-994.7461,0,0
34.157160,-15.2930,85.4297,-994.5703,0,0
34.161130,-15.2930,85.4297,-994.5703,0,0
34.165096,-15.2930,85.7812,-994.2188,0,0
34.169161,-15.2930,85.7812,-994.2188,0,0
34.173130,-15.2930,85.9570,-994.0430,0,0
34.177096,-15.2930,86.1328,-993.8672,0,0
34.181161,-15.2930,86.3086,-993.6914,0,0
34.185152,-15.2930,86.4844,-993.5156,0,0
34.189096,-15.2930,86.6602,-993.3398,0,0
34.193112,-15.2930,86.8359,-993.1641,0,0
34.197107,-15.2930,87.0117,-992.9883,0,0
34.201078,-15.2930,87.1875,-992.8125,0,0
34.205075,-15.2930,87.3633,-992.6367,0,0
34.210820,-15.2930,87.7148,-992.2852,0,0
34.213129,-15.2930,87.8906,-992.1094,0,0
34.217104,-15.2930,88.0664,-991.9336,0,0
34.221074,-15.2930,88.2422,-991.7578,0,0
34.225155,-15.2930,88.4180,-991.5820,0,0
34.229267,-15.2930,88.5938,-991.4062,0,0
34.233083,-15.2930,88.7695,-991.2305,0,0
34.237145,-15.2930,88.9453,-991.0547,0,0
34.241116,-15.2930,89.1211,-990.8789,0,0
34.245084,-15.2930,89.2969,-990.7031,0,0
34.249075,-15.2930,89.4727,-990.5273,0,0
34.253103,-15.2930,89.6484,-990.3516,0,0
34.257097,-15.2930,90.0000,-990.0000,0,0
34.261159,-15.2930,90.1758,-989.8242,0,0
34.265090,-15.2930,90.3516,-989.6484,0,0
34.269074,-15.2930,90.3516,-989.6484,0,0
34.273142,-15.2930,90.7031,-989.2969,0,0
34.277149,-15.2930,90.8789,-989.1211,0,0
34.281071,-15.2930,90.8789,-989.1211,0,0
34.285137,-15.2930,91.0547,-988.9453,0,0
34.289107,-15.2930,91.2305,-988.7695,0,0
34.293078,-15.2930,91.4062,-988.5938,0,0
34.297145,-15.2930,91.5820,-988.4180,0,0
34.301116,-15.2930,91.7578,-988.2422,0,0
34.305082,-15.2930,91.7578,-988.2422,0,0
34.310901,-15.2930,92.1094,-987.8906,0,0
34.313114,-15.2930,92.1094,-987.8906,0,0
34.317090,-15.2930,92.2852,-987.7148,0,0
34.321156,-15.2930,92.2852,-987.7148,0,0
34.325123,-15.2930,92.4609,-987.5391,0,0
34.329093,-15.2930,92.4609,-987.5391,0,0
34.333096,-15.2930,92.6367,-987.3633,0,0
34.337111,-15.2930,92.8125,-987.1875,0,0
34.341082,-15.2930,92.8125,-987.1875,0,0
34.345145,-15.2930,92.8125,-987.1875,0,0
34.349116,-15.2930,92.8125,-987.1875,0,0
34.353098,-15.2930,92.9883,-987.0117,0,0
34.357161,-15.2930,92.9883,-987.0117,0,0
34.361169,-15.2930,92.9883,-987.0117,0,0
34.365145,-15.2930,92.9883,-987.0117,0,0
34.369116,-15.2930,92.9883,-987.0117,0,0
34.373082,-15.2930,92.9883,-987.0117,0,0
34.377145,-15.2930,92.9883,-987.0117,0,0
34.381116,-15.2930,92.9883,-987.0117,0,0
34.385082,-15.2930,92.9883,-987.0117,0,0
34.389145,-15.2930,92.9883,-987.0117,0,0
34.393116,-15.2930,92.9883,-987.0117,0,0
34.397082,-15.2930,92.9883,-987.0117,0,0
34.401145,-15.2930,92.8125,-987.1875,0,0
34.405116,-15.2930,92.8125,-987.1875,0,0
34.410681,-15.2930,92.6367,-987.3633,0,0
34.413074,-15.2930,92.6367,-987.3633,0,0
34.417145,-15.2930,92.4609,-987.5391,0,0
34.421116,-15.2930,92.4609,-987.5391,0,0
34.425082,-15.2930,92.2852,-987.7148,0,0
34.429145,-15.2930,92.2852,-987.7148,0,0
34.433075,-15.2930,92.1094,-987.8906,0,0
34.437074,-15.2930,92.1094,-987.8906,0,0
34.441142,-15.2930,91.9336,-988.0664,0,0
34.445114,-15.2930,91.7578,-988.2422,0,0
34.449082,-15.2930,91.5820,-988.4180,0,0
34.453156,-15.2930,91.4062,-988.5938,0,0
34.457123,-15.2930,91.4062,-988.5938,0,0
34.461090,-15.2930,91.0547,-988.9453,0,0
34.465156,-15.2930,91.0547,-988.9453,0,0
34.469123,-15.2930,90.8789,-989.1211,0,0
34.473090,-15.2930,90.7031,-989.2969,0,0
34.477156,-15.2930,90.5273,-989.4727,0,0
34.481123,-15.2930,90.3516,-989.6484,0,0
34.485090,-15.2930,90.1758,-989.8242,0,0
34.489156,-15.2930,90.0000,-990.0000,0,0
34.493123,-15.2930,89.6484,-990.3516,0,0
34.497090,-15.2930,89.4727,-990.5273,0,0
34.501169,-15.2930,89.4727,-990.5273,0,0
34.505123,-15.2930,89.2969,-990.7031,0,0
34.511203,-15.2930,88.9453,-991.0547,0,0
34.513114,-15.2930,88.7695,-991.2305,0,0
34.517090,-15.2930,88.5938,-991.4062,0,0
34.521156,-15.2930,88.4180,-991.5820,0,0
34.525123,-15.2930,88.2422,-991.7578,0,0
34.529090,-15.2930,88.0664,-991.9336,0,0
34.535963,-15.2930,87.7148,-992.2852,0,0
34.537162,-15.2930,87.7148,-992.2852,0,0
34.541075,-15.2930,87.5391,-992.4609,0,0
34.545102,-15.2930,87.3633,-992.6367,0,0
34.549090,-15.2930,87.1875,-992.8125,0,0
34.553064,-15.2930,87.0117,-992.9883,0,0
34.557137,-15.2930,86.8359,-993.1641,0,0
34.561107,-15.2930,86.6602,-993.3398,0,0
34.565078,-15.2930,86.4844,-993.5156,0,0
34.569145,-15.2930,86.1328,-993.8672,0,0
34.573116,-15.2930,86.1328,-993.8672,0,0
34.577119,-15.2930,85.9570,-994.0430,0,0
34.581135,-15.2930,85.7812,-994.2188,0,0
34.585145,-15.2930,85.6055,-994.3945,0,0
34.589113,-15.2930,85.4297,-994.5703,0,0
34.593082,-15.2930,85.4297,-994.5703,0,0
34.597145,-15.2930,85.2539,-994.7461,0,0
34.601116,-15.2930,85.0781,-994.9219,0,0
34.605082,-15.2930,85.0781,-994.9219,0,0
34.610890,-15.2930,84.9023,-995.0977,0,0
34.613096,-15.2930,84.7266,-995.2734,0,0
34.617072,-15.2930,84.7266,-995.2734,0,0
34.621137,-15.2930,84.7266,-995.2734,0,0
34.625107,-15.2930,84.5508,-995.4492,0,0
34.629078,-15.2930,84.5508,-995.4492,0,0
34.633145,-15.2930,84.5508,-995.4492,0,0
34.637126,-15.2930,84.3750,-995.6250,0,0
34.641141,-15.2930,84.3750,-995.6250,0,0
34.645112,-15.2930,84.3750,-995.6250,0,0
34.649082,-15.2930,84.3750,-995.6250,0,0
34.653158,-15.2930,84.3750,-995.6250,0,0
34.657130,-15.2930,84.3750,-995.6250,0,0
34.661096,-15.2930,84.3750,-995.6250,0,0
34.665161,-15.2930,84.3750,-995.6250,0,0
34.669130,-15.2930,84.3750,-995.6250,0,0
34.673096,-15.2930,84.3750,-995.6250,0,0
34.677161,-15.2930,84.3750,-995.6250,0,0
34.681130,-15.2930,84.3750,-995.6250,0,0
34.685096,-15.2930,84.3750,-995.6250,0,0
34.689161,-15.2930,84.5508,-995.4492,0,0
34.693130,-15.2930,84.5508,-995.4492,0,0
34.697098,-15.2930,84.5508,-995.4492,0,0
34.701161,-15.2930,84.7266,-995.2734,0,0
34.705130,-15.2930,84.7266,-995.2734,0,0
34.710694,-15.2930,84.9023,-995.0977,0,0
34.713082,-15.2930,85.0781,-994.9219,0,0
34.717152,-15.2930,85.0781,-994.9219,0,0
34.721123,-15.2930,85.2539,-994.7461,0,0
34.725090,-15.2930,85.2539,-994.7461,0,0
34.729156,-15.2930,85.4297,-994.5703,0,0
34.733123,-15.2930,85.6055,-994.3945,0,0
34.737090,-15.2930,85.7812,-994.2188,0,0
34.741117,-15.2930,85.7812,-994.2188,0,0
34.745104,-15.2930,85.9570,-994.0430,0,0
34.749078,-15.2930,86.1328,-993.8672,0,0
34.753090,-15.2930,86.3086,-993.6914,0,0
34.757160,-15.2930,86.4844,-993.5156,0,0
34.761130,-15.2930,86.6602,-993.3398,0,0
34.765096,-15.2930,86.8359,-993.1641,0,0
34.769161,-15.2930,87.0117,-992.9883,0,0
34.773130,-15.2930,87.1875,-992.8125,0,0
34.777096,-15.2930,87.3633,-992.6367,0,0
34.781161,-15.2930,87.5391,-992.4609,0,0
34.785130,-15.2930,87.7148,-992.2852,0,0
34.789096,-15.2930,87.8906,-992.1094,0,0
34.793161,-15.2930,88.0664,-991.9336,0,0
34.797130,-15.2930,88.2422,-991.7578,0,0
34.801096,-15.2930,88.5938,-991.4062,0,0
34.805161,-15.2930,88.7695,-991.2305,0,0
34.810629,-15.2930,88.9453,-991.0547,0,0
34.813114,-15.2930,88.9453,-991.0547,0,0
34.817090,-15.2930,89.2969,-990.7031,0,0
34.821156,-15.2930,89.4727,-990.5273,0,0
34.825123,-15.2930,89.6484,-990.3516,0,0
34.829090,-15.2930,89.8242,-990.1758,0,0
34.833164,-15.2930,90.0000,-990.0000,0,0
34.837142,-15.2930,90.1758,-989.8242,0,0
34.841073,-15.2930,90.3516,-989.6484,0,0
34.845108,-15.2930,90.3516,-989.6484,0,0
34.849082,-15.2930,90.7031,-989.2969,0,0
34.853096,-15.2930,90.8789,-989.1211,0,0
34.857096,-15.2930,90.8789,-989.1211,0,0
34.861092,-15.2930,91.0547,-988.9453,0,0
34.865157,-15.2930,91.2305,-988.7695,0,0
34.869092,-15.2930,91.4062,-988.5938,0,0
34.875936,-15.2930,91.5820,-988.4180,0,0
34.877126,-15.2930,91.7578,-988.2422,0,0
34.881152,-15.2930,91.7578,-988.2422,0,0
34.885090,-15.2930,91.9336,-988.0664,0,0
34.889156,-15.2930,92.1094,-987.8906,0,0
34.893124,-15.2930,92.1094,-987.8906,0,0
34.897112,-15.2930,92.2852,-987.7148,0,0
34.901104,-15.2930,92.2852,-987.7148,0,0
34.905096,-15.2930,92.4609,-987.5391,0,0
34.910943,-15.2930,92.4609,-987.5391,0,0
34.913146,-15.2930,92.6367,-987.3633,0,0
34.917137,-15.2930,92.6367,-987.3633,0,0
34.921125,-15.2930,92.8125,-987.1875,0,0
34.925132,-15.2930,92.8125,-987.1875,0,0
34.929102,-15.2930,92.8125,-987.1875,0,0
34.933074,-15.2930,92.8125,-987.1875,0,0
34.937152,-15.2930,92.8125,-987.1875,0,0
34.941150,-15.2930,92.8125,-987.1875,0,0
34.945112,-15.2930,92.8125,-987.1875,0,0
34.949070,-15.2930,92.8125,-987.1875,0,0
34.953229,-15.2930,92.8125,-987.1875,0,0
34.957152,-15.2930,92.8125,-987.1875,0,0
34.961138,-15.2930,92.8125,-987.1875,0,0
34.965091,-15.2930,92.8125,-987.1875,0,0
34.969104,-15.2930,92.8125,-987.1875,0,0
34.973090,-15.2930,92.6367,-987.3633,0,0
34.977090,-15.2930,92.6367,-987.3633,0,0
34.981156,-15.2930,92.6367,-987.3633,0,0
34.985123,-15.2930,92.4609,-987.5391,0,0
34.989104,-15.2930,92.4609,-987.5391,0,0
34.993075,-15.2930,92.2852,-987.7148,0,0
34.997161,-15.2930,92.2852,-987.7148,0,0
35.001160,-15.2930,92.1094,-987.8906,0,0
35.005111,-15.2930,92.1094,-987.8906,0,0
35.010734,-15.2930,91.7578,-988.2422,0,0
35.013128,-15.2930,91.7578,-988.2422,0,0
35.017104,-15.2930,91.5820,-988.4180,0,0
35.021074,-15.2930,91.5820,-988.4180,0,0
35.025142,-15.2930,91.4062,-988.5938,0,0
35.029114,-15.2930,91.2305,-988.7695,0,0
35.033082,-15.2930,91.0547,-988.9453,0,0
35.037145,-15.2930,90.8789,-989.1211,0,0
35.041116,-15.2930,90.8789,-989.1211,0,0
35.045082,-15.2930,90.7031,-989.2969,0,0
35.049161,-15.2930,90.3516,-989.6484,0,0
35.053088,-15.2930,90.3516,-989.6484,0,0
35.057152,-15.2930,90.1758,-989.8242,0,0
35.061123,-15.2930,90.0000,-990.0000,0,0
35.065090,-15.2930,89.8242,-990.1758,0,0
35.069156,-15.2930,89.6484,-990.3516,0,0
35.073123,-15.2930,89.4727,-990.5273,0,0
35.077090,-15.2930,89.2969,-990.7031,0,0
35.081156,-15.2930,89.1211,-990.8789,0,0
35.085070,-15.2930,88.9453,-991.0547,0,0
35.089137,-15.2930,88.7695,-991.2305,0,0
35.093107,-15.2930,88.5938,-991.4062,0,0
35.097078,-15.2930,88.2422,-991.7578,0,0
35.101145,-15.2930,88.2422,-991.7578,0,0
35.105116,-15.2930,88.0664,-991.9336,0,0
35.110896,-15.2930,87.7148,-992.2852,0,0
35.113102,-15.2930,87.5391,-992.4609,0,0
35.117074,-15.2930,87.3633,-992.6367,0,0
35.121142,-15.2930,87.1875,-992.8125,0,0
35.125114,-15.2930,87.1875,-992.8125,0,0
35.129082,-15.2930,86.8359,-993.1641,0,0
35.133145,-15.2930,86.6602,-993.3398,0,0
35.137116,-15.2930,86.6602,-993.3398,0,0
35.141082,-15.2930,86.4844,-993.5156,0,0
35.145145,-15.2930,86.3086,-993.6914,0,0
35.149070,-15.2930,86.1328,-993.8672,0,0
35.153075,-15.2930,85.9570,-994.0430,0,0
35.157145,-15.2930,85.7812,-994.2188,0,0
35.161115,-15.2930,85.7812,-994.2188,0,0
35.165082,-15.2930,85.6055,-994.3945,0,0
35.169145,-15.2930,85.4297,-994.5703,0,0
35.173116,-15.2930,85.2539,-994.7461,0,0
35.177082,-15.2930,85.2539,-994.7461,0,0
35.181145,-15.2930,85.0781,-994.9219,0,0
35.185116,-15.2930,85.0781,-994.9219,0,0
35.189082,-15.2930,84.9023,-995.0977,0,0
35.193145,-15.2930,84.9023,-995.0977,0,0
35.197116,-15.2930,84.7266,-995.2734,0,0
35.201090,-15.2930,84.7266,-995.2734,0,0
35.205163,-15.2930,84.7266,-995.2734,0,0
35.210647,-15.2930,84.5508,-995.4492,0,0
35.213133,-15.2930,84.5508,-995.4492,0,0
35.217107,-15.2930,84.5508,-995.4492,0,0
35.221098,-15.2930,84.5508,-995.4492,0,0
35.226255,-15.2930,84.5508,-995.4492,0,0
35.229200,-15.2930,84.5508,-995.4492,0,0
35.233135,-15.2930,84.5508,-995.4492,0,0
35.237135,-15.2930,84.5508,-995.4492,0,0
35.241102,-15.2930,84.5508,-995.4492,0,0
35.245094,-15.2930,84.5508,-995.4492,0,0
35.249152,-15.2930,84.5508,-995.4492,0,0
35.253105,-15.2930,84.5508,-995.4492,0,0
35.257070,-15.2930,84.5508,-995.4492,0,0
35.261160,-15.2930,84.5508,-995.4492,0,0
35.265112,-15.2930,84.7266,-995.2734,0,0
35.269101,-15.2930,84.7266,-995.2734,0,0
35.273122,-15.2930,84.7266,-995.2734,0,0
35.277123,-15.2930,84.9023,-995.0977,0,0
35.281090,-15.2930,85.0781,-994.9219,0,0
35.285156,-15.2930,85.0781,-994.9219,0,0
35.289123,-15.2930,85.2539,-994.7461,0,0
35.293090,-15.2930,85.2539,-994.7461,0,0
35.297156,-15.2930,85.4297,-994.5703,0,0
35.301123,-15.2930,85.4297,-994.5703,0,0
35.305090,-15.2930,85.7812,-994.2188,0,0
35.310934,-15.2930,85.9570,-994.0430,0,0
35.313144,-15.2930,85.9570,-994.0430,0,0
35.317090,-15.2930,86.1328,-993.8672,0,0
35.321156,-15.2930,86.1328,-993.8672,0,0
35.325123,-15.2930,86.4844,-993.5156,0,0
35.329090,-15.2930,86.4844,-993.5156,0,0
35.333156,-15.2930,86.6602,-993.3398,0,0
35.337123,-15.2930,86.8359,-993.1641,0,0
35.341090,-15.2930,87.0117,-992.9883,0,0
35.345156,-15.2930,87.1875,-992.8125,0,0
35.349123,-15.2930,87.3633,-992.6367,0,0
35.353127,-15.2930,87.5391,-992.4609,0,0
35.357137,-15.2930,87.7148,-992.2852,0,0
35.361078,-15.2930,87.8906,-992.1094,0,0
35.365131,-15.2930,88.0664,-991.9336,0,0
35.369096,-15.2930,88.2422,-991.7578,0,0
35.373161,-15.2930,88.4180,-991.5820,0,0
35.377130,-15.2930,88.5938,-991.4062,0,0
35.381096,-15.2930,88.7695,-991.2305,0,0
35.385161,-15.2930,88.9453,-991.0547,0,0
35.389130,-15.2930,89.1211,-990.8789,0,0
35.393096,-15.2930,89.2969,-990.7031,0,0
35.397161,-15.2930,89.4727,-990.5273,0,0
35.401130,-15.2930,89.6484,-990.3516,0,0
35.405096,-15.2930,89.8242,-990.1758,0,0
35.410667,-15.2930,90.0000,-990.0000,0,0
35.413152,-15.2930,90.1758,-989.8242,0,0
35.417123,-15.2930,90.3516,-989.6484,0,0
35.421090,-15.2930,90.5273,-989.4727,0,0
35.425156,-15.2930,90.7031,-989.2969,0,0
35.429123,-15.2930,90.8789,-989.1211,0,0
35.433090,-15.2930,90.8789,-989.1211,0,0
35.437156,-15.2930,91.0547,-988.9453,0,0
35.441123,-15.2930,91.2305,-988.7695,0,0
35.445090,-15.2930,91.4062,-988.5938,0,0
35.449156,-15.2930,91.5820,-988.4180,0,0
35.453152,-15.2930,91.5820,-988.4180,0,0
35.457080,-15.2930,91.7578,-988.2422,0,0
35.461161,-15.2930,91.7578,-988.2422,0,0
35.465090,-15.2930,91.9336,-988.0664,0,0
35.469156,-15.2930,92.1094,-987.8906,0,0
35.473123,-15.2930,92.1094,-987.8906,0,0
35.477090,-15.2930,92.2852,-987.7148,0,0
35.481156,-15.2930,92.2852,-987.7148,0,0
35.485123,-15.2930,92.4609,-987.5391,0,0
35.489090,-15.2930,92.4609,-987.5391,0,0
35.493156,-15.2930,92.4609,-987.5391,0,0
35.497123,-15.2930,92.4609,-987.5391,0,0
35.501090,-15.2930,92.6367,-987.3633,0,0
35.505156,-15.2930,92.6367,-987.3633,0,0
35.510626,-15.2930,92.6367,-987.3633,0,0
35.513114,-15.2930,92.6367,-987.3633,0,0
35.517090,-15.2930,92.6367,-987.3633,0,0
35.521155,-15.2930,92.6367,-987.3633,0,0
35.525139,-15.2930,92.6367,-987.3633,0,0
35.529090,-15.2930,92.6367,-987.3633,0,0
35.533156,-15.2930,92.6367,-987.3633,0,0
35.537123,-15.2930,92.6367,-987.3633,0,0
35.541090,-15.2930,92.4609,-987.5391,0,0
35.545156,-15.2930,92.4609,-987.5391,0,0
35.549123,-15.2930,92.4609,-987.5391,0,0
35.554868,-15.2930,92.4609,-987.5391,0,0
35.557082,-15.2930,92.2852,-987.7148,0,0
35.561152,-15.2930,92.2852,-987.7148,0,0
35.565160,-15.2930,92.1094,-987.8906,0,0
35.569145,-15.2930,92.1094,-987.8906,0,0
35.573116,-15.2930,92.1094,-987.8906,0,0
35.577130,-15.2930,91.9336,-988.0664,0,0
35.581140,-15.2930,91.7578,-988.2422,0,0
35.585079,-15.2930,91.7578,-988.2422,0,0
35.589152,-15.2930,91.5820,-988.4180,0,0
35.593105,-15.2930,91.4062,-988.5938,0,0
35.597096,-15.2930,91.4062,-988.5938,0,0
35.601161,-15.2930,91.0547,-988.9453,0,0
35.605130,-15.2930,91.0547,-988.9453,0,0
35.610955,-15.2930,90.8789,-989.1211,0,0
35.613161,-15.2930,90.7031,-989.2969,0,0
35.617137,-15.2930,90.5273,-989.4727,0,0
35.621107,-15.2930,90.3516,-989.6484,0,0
35.625078,-15.2930,90.3516,-989.6484,0,0
35.629145,-15.2930,90.1758,-989.8242,0,0
35.633116,-15.2930,90.0000,-990.0000,0,0
35.637082,-15.2930,89.8242,-990.1758,0,0
35.641145,-15.2930,89.6484,-990.3516,0,0
35.645116,-15.2930,89.4727,-990.5273,0,0
35.649082,-15.2930,89.2969,-990.7031,0,0
35.653167,-15.2930,89.1211,-990.8789,0,0
35.657137,-15.2930,88.9453,-991.0547,0,0
35.661117,-15.2930,88.7695,-991.2305,0,0
35.665094,-15.2930,88.5938,-991.4062,0,0
35.669130,-15.2930,88.4180,-991.5820,0,0
35.673096,-15.2930,88.2422,-991.7578,0,0
35.677161,-15.2930,88.0664,-991.9336,0,0
35.681130,-15.2930,87.8906,-992.1094,0,0
35.685096,-15.2930,87.7148,-992.2852,0,0
35.689161,-15.2930,87.5391,-992.4609,0,0
35.693130,-15.2930,87.3633,-992.6367,0,0
35.697096,-15.2930,87.3633,-992.6367,0,0
35.701161,-15.2930,87.1875,-992.8125,0,0
35.705130,-15.2930,87.0117,-992.9883,0,0
35.710694,-15.2930,86.6602,-993.3398,0,0
35.713082,-15.2930,86.6602,-993.3398,0,0
35.717152,-15.2930,86.4844,-993.5156,0,0
35.721123,-15.2930,86.3086,-993.6914,0,0
35.725090,-15.2930,86.1328,-993.8672,0,0
35.729156,-15.2930,86.1328,-993.8672,0,0
35.733123,-15.2930,85.9570,-994.0430,0,0
35.737090,-15.2930,85.7812,-994.2188,0,0
35.741156,-15.4688,85.7812,-994.2188,0,0
35.745123,-15.4688,85.6055,-994.3945,0,0
35.749090,-15.4688,85.4297,-994.5703,0,0
35.753064,-15.4688,85.4297,-994.5703,0,0
35.757137,-15.4688,85.2539,-994.7461,0,0
35.761107,-15.4688,85.2539,-994.7461,0,0
35.765123,-15.4688,85.0781,-994.9219,0,0
35.769161,-15.4688,85.0781,-994.9219,0,0
35.773130,-15.4688,85.0781,-994.9219,0,0
35.777096,-15.4688,84.9023,-995.0977,0,0
35.781161,-15.4688,84.9023,-995.0977,0,0
35.785130,-15.4688,84.7266,-995.2734,0,0
35.789096,-15.4688,84.7266,-995.2734,0,0
35.793161,-15.4688,84.7266,-995.2734,0,0
35.797130,-15.4688,84.7266,-995.2734,0,0
35.801096,-15.4688,84.7266,-995.2734,0,0
35.805161,-15.4688,84.7266,-995.2734,0,0
35.810629,-15.4688,84.7266,-995.2734,0,0
35.813114,-15.4688,84.7266,-995.2734,0,0
35.817090,-15.4688,84.7266,-995.2734,0,0
35.821156,-15.4688,84.7266,-995.2734,0,0
35.825123,-15.4688,84.7266,-995.2734,0,0
35.829090,-15.4688,84.7266,-995.2734,0,0
35.833156,-15.4688,84.7266,-995.2734,0,0
35.837172,-15.4688,84.9023,-995.0977,0,0
35.841080,-15.4688,84.9023,-995.0977,0,0
35.845097,-15.4688,85.0781,-994.9219,0,0
35.849074,-15.4688,85.0781,-994.9219,0,0
35.853159,-15.4688,85.0781,-994.9219,0,0
35.857130,-15.4688,85.2539,-994.7461,0,0
35.861105,-15.4688,85.2539,-994.7461,0,0
35.865067,-15.4688,85.4297,-994.5703,0,0
35.869105,-15.4688,85.4297,-994.5703,0,0
35.873414,-15.4688,85.6055,-994.3945,0,0
35.877075,-15.4688,85.7812,-994.2188,0,0
35.881106,-15.4688,85.9570,-994.0430,0,0
35.885075,-15.4688,85.9570,-994.0430,0,0
35.889141,-15.4688,86.1328,-993.8672,0,0
35.893212,-15.4688,86.3086,-993.6914,0,0
35.897137,-15.4688,86.4844,-993.5156,0,0
35.901160,-15.4688,86.4844,-993.5156,0,0
35.905156,-15.4688,86.6602,-993.3398,0,0
35.910891,-15.4688,86.8359,-993.1641,0,0
35.913090,-15.4688,87.0117,-992.9883,0,0
35.917072,-15.4688,87.1875,-992.8125,0,0
35.921161,-15.4688,87.3633,-992.6367,0,0
35.925141,-15.4688,87.5391,-992.4609,0,0
35.929135,-15.4688,87.5391,-992.4609,0,0
35.933104,-15.4688,87.8906,-992.1094,0,0
35.937080,-15.4688,88.0664,-991.9336,0,0
35.941156,-15.4688,88.2422,-991.7578,0,0
35.945123,-15.4688,88.2422,-991.7578,0,0
35.949090,-15.4688,88.5938,-991.4062,0,0
35.953167,-15.4688,88.7695,-991.2305,0,0
35.957137,-15.4688,88.7695,-991.2305,0,0
35.961107,-15.4688,88.9453,-991.0547,0,0
35.965078,-15.4688,89.1211,-990.8789,0,0
35.969161,-15.4688,89.2969,-990.7031,0,0
35.973074,-15.4688,89.4727,-990.5273,0,0
35.977142,-15.4688,89.6484,-990.3516,0,0
35.981114,-15.4688,89.8242,-990.1758,0,0
35.985082,-15.4688,90.0000,-990.0000,0,0
35.989145,-15.4688,90.1758,-989.8242,0,0
35.993116,-15.4688,90.3516,-989.6484,0,0
35.997082,-15.4688,90.3516,-989.6484,0,0
36.001145,-15.4688,90.7031,-989.2969,0,0
36.005116,-15.4688,90.7031,-989.2969,0,0
36.010681,-15.4688,91.0547,-988.9453,0,0
36.013074,-15.4688,91.0547,-988.9453,0,0
36.017145,-15.4688,91.2305,-988.7695,0,0
36.021116,-15.4688,91.4062,-988.5938,0,0
36.025082,-15.4688,91.4062,-988.5938,0,0
36.029145,-15.4688,91.5820,-988.4180,0,0
36.033116,-15.4688,91.5820,-988.4180,0,0
36.037082,-15.4688,91.7578,-988.2422,0,0
36.041145,-15.4688,91.7578,-988.2422,0,0
36.045116,-15.4688,91.9336,-988.0664,0,0
36.049082,-15.4688,92.1094,-987.8906,0,0
36.053156,-15.4688,92.1094,-987.8906,0,0
36.057123,-15.4688,92.2852,-987.7148,0,0
36.061090,-15.4688,92.2852,-987.7148,0,0
36.065156,-15.4688,92.2852,-987.7148,0,0
36.069123,-15.4688,92.2852,-987.7148,0,0
36.073160,-15.4688,92.4609,-987.5391,0,0
36.077130,-15.4688,92.4609,-987.5391,0,0
36.081096,-15.4688,92.4609,-987.5391,0,0
36.085177,-15.4688,92.4609,-987.5391,0,0
36.089145,-15.4688,92.4609,-987.5391,0,0
36.093116,-15.4688,92.4609,-987.5391,0,0
36.097082,-15.4688,92.4609,-987.5391,0,0
36.101145,-15.4688,92.4609,-987.5391,0,0
36.105116,-15.4688,92.4609,-987.5391,0,0
36.110896,-15.4688,92.4609,-987.5391,0,0
36.113102,-15.4688,92.4609,-987.5391,0,0
36.117074,-15.4688,92.2852,-987.7148,0,0
36.121142,-15.2930,92.2852,-987.7148,0,0
36.125114,-15.2930,92.2852,-987.7148,0,0
36.129082,-15.2930,92.2852,-987.7148,0,0
36.133145,-15.2930,92.1094,-987.8906,0,0
36.137116,-15.2930,92.1094,-987.8906,0,0
36.141082,-15.2930,91.9336,-988.0664,0,0
36.145155,-15.2930,91.9336,-988.0664,0,0
36.149104,-15.2930,91.7578,-988.2422,0,0
36.153122,-15.2930,91.7578,-988.2422,0,0
36.157114,-15.2930,91.5820,-988.4180,0,0
36.161082,-15.2930,91.4062,-988.5938,0,0
36.168067,-15.2930,91.2305,-988.7695,0,0
36.169161,-15.2930,91.2305,-988.7695,0,0
36.173147,-15.2930,91.0547,-988.9453,0,0
36.177071,-15.2930,91.0547,-988.9453,0,0
36.181137,-15.2930,90.8789,-989.1211,0,0
36.185147,-15.2930,90.7031,-989.2969,0,0
36.189137,-15.2930,90.5273,-989.4727,0,0
36.193107,-15.2930,90.3516,-989.6484,0,0
36.197090,-15.2930,90.1758,-989.8242,0,0
36.201156,-15.2930,90.1758,-989.8242,0,0
36.205160,-15.2930,90.0000,-990.0000,0,0
36.211168,-15.2930,89.6484,-990.3516,0,0
36.213147,-15.2930,89.6484,-990.3516,0,0
36.217137,-15.2930,89.4727,-990.5273,0,0
36.221107,-15.2930,89.2969,-990.7031,0,0
36.225078,-15.2930,89.1211,-990.8789,0,0
36.229145,-15.2930,88.9453,-991.0547,0,0
36.233116,-15.2930,88.7695,-991.2305,0,0
36.237082,-15.2930,88.7695,-991.2305,0,0
36.241145,-15.2930,88.5938,-991.4062,0,0
36.245116,-15.2930,88.2422,-991.7578,0,0
36.249125,-15.2930,88.2422,-991.7578,0,0
36.253111,-15.2930,88.0664,-991.9336,0,0
36.257141,-15.2930,87.8906,-992.1094,0,0
36.261130,-15.2930,87.7148,-992.2852,0,0
36.265109,-15.2930,87.5391,-992.4609,0,0
36.269096,-15.4688,87.3633,-992.6367,0,0
36.273087,-15.4688,87.1875,-992.8125,0,0
36.277077,-15.4688,87.1875,-992.8125,0,0
36.281145,-15.4688,86.8359,-993.1641,0,0
36.285116,-15.4688,86.8359,-993.1641,0,0
36.289082,-15.4688,86.6602,-993.3398,0,0
36.293145,-15.4688,86.4844,-993.5156,0,0
36.297116,-15.4688,86.4844,-993.5156,0,0
36.301082,-15.4688,86.1328,-993.8672,0,0
36.305145,-15.4688,86.1328,-993.8672,0,0
36.310618,-15.4688,85.9570,-994.0430,0,0
36.313106,-15.4688,85.9570,-994.0430,0,0
36.317082,-15.4688,85.7812,-994.2188,0,0
36.321145,-15.4688,85.7812,-994.2188,0,0
36.325116,-15.4688,85.6055,-994.3945,0,0
36.329082,-15.4688,85.4297,-994.5703,0,0
36.333145,-15.4688,85.4297,-994.5703,0,0
36.337116,-15.4688,85.2539,-994.7461,0,0
36.341082,-15.4688,85.2539,-994.7461,0,0
36.345145,-15.4688,85.2539,-994.7461,0,0
36.349116,-15.4688,85.0781,-994.9219,0,0
36.353090,-15.4688,85.0781,-994.9219,0,0
36.357160,-15.4688,85.0781,-994.9219,0,0
36.361141,-15.4688,85.0781,-994.9219,0,0
36.365145,-15.4688,84.9023,-995.0977,0,0
36.369116,-15.4688,84.9023,-995.0977,0,0
36.373082,-15.4688,84.9023,-995.0977,0,0
36.377089,-15.4688,84.9023,-995.0977,0,0
36.381104,-15.4688,84.9023,-995.0977,0,0
36.385074,-15.4688,84.9023,-995.0977,0,0
36.389142,-15.4688,84.9023,-995.0977,0,0
36.393129,-15.4688,84.9023,-995.0977,0,0
36.397096,-15.4688,84.9023,-995.0977,0,0
36.401161,-15.4688,85.0781,-994.9219,0,0
36.405130,-15.4688,85.0781,-994.9219,0,0
36.410694,-15.4688,85.0781,-994.9219,0,0
36.413082,-15.4688,85.0781,-994.9219,0,0
36.417152,-15.4688,85.2539,-994.7461,0,0
36.421123,-15.4688,85.2539,-994.7461,0,0
36.425090,-15.4688,85.2539,-994.7461,0,0
36.429156,-15.4688,85.4297,-994.5703,0,0
36.433123,-15.4688,85.4297,-994.5703,0,0
36.437090,-15.4688,85.6055,-994.3945,0,0
36.441156,-15.4688,85.7812,-994.2188,0,0
36.445123,-15.4688,85.7812,-994.2188,0,0
36.449090,-15.4688,85.9570,-994.0430,0,0
36.453064,-15.4688,85.9570,-994.0430,0,0
36.457137,-15.4688,86.1328,-993.8672,0,0
36.461102,-15.4688,86.1328,-993.8672,0,0
36.465156,-15.4688,86.4844,-993.5156,0,0
36.469123,-15.4688,86.4844,-993.5156,0,0
36.473090,-15.4688,86.6602,-993.3398,0,0
36.477156,-15.4688,86.8359,-993.1641,0,0
36.481095,-15.4688,86.8359,-993.1641,0,0
36.487025,-15.4688,87.1875,-992.8125,0,0
36.489069,-15.4688,87.1875,-992.8125,0,0
36.493074,-15.4688,87.3633,-992.6367,0,0
36.497074,-15.4688,87.5391,-992.4609,0,0
36.501142,-15.4688,87.7148,-992.2852,0,0
36.505145,-15.4688,87.8906,-992.1094,0,0
36.511141,-15.4688,88.0664,-991.9336,0,0
36.513141,-15.4688,88.0664,-991.9336,0,0
36.517160,-15.4688,88.2422,-991.7578,0,0
36.521130,-15.4688,88.4180,-991.5820,0,0
36.525125,-15.4688,88.5938,-991.4062,0,0
36.529106,-15.4688,88.7695,-991.2305,0,0
36.533098,-15.4688,88.9453,-991.0547,0,0
36.537119,-15.4688,89.1211,-990.8789,0,0
36.541090,-15.4688,89.2969,-990.7031,0,0
36.545156,-15.4688,89.4727,-990.5273,0,0
36.549123,-15.4688,89.6484,-990.3516,0,0
36.553154,-15.4688,89.6484,-990.3516,0,0
36.557137,-15.4688,89.8242,-990.1758,0,0
36.561107,-15.4688,90.0000,-990.0000,0,0
36.565078,-15.4688,90.1758,-989.8242,0,0
36.569145,-15.4688,90.3516,-989.6484,0,0
36.573116,-15.4688,90.3516,-989.6484,0,0
36.577082,-15.4688,90.5273,-989.4727,0,0
36.581145,-15.4688,90.7031,-989.2969,0,0
36.585145,-15.4688,90.8789,-989.1211,0,0
36.589160,-15.4688,90.8789,-989.1211,0,0
36.593130,-15.4688,91.0547,-988.9453,0,0
36.597096,-15.4688,91.2305,-988.7695,0,0
36.601161,-15.4688,91.4062,-988.5938,0,0
36.605130,-15.4688,91.4062,-988.5938,0,0
36.610721,-15.4688,91.5820,-988.4180,0,0
36.613112,-15.4688,91.5820,-988.4180,0,0
36.617079,-15.4688,91.7578,-988.2422,0,0
36.621145,-15.4688,91.7578,-988.2422,0,0
36.625113,-15.4688,91.7578,-988.2422,0,0
36.629079,-15.4688,91.9336,-988.0664,0,0
36.633145,-15.4688,91.9336,-988.0664,0,0
36.637115,-15.4688,92.1094,-987.8906,0,0
36.641079,-15.4688,92.1094,-987.8906,0,0
36.645145,-15.4688,92.1094,-987.8906,0,0
36.649115,-15.4688,92.1094,-987.8906,0,0
36.653092,-15.4688,92.1094,-987.8906,0,0
36.657160,-15.4688,92.2852,-987.7148,0,0
36.661129,-15.4688,92.2852,-987.7148,0,0
36.665096,-15.4688,92.2852,-987.7148,0,0
36.669160,-15.4688,92.2852,-987.7148,0,0
36.673129,-15.4688,92.2852,-987.7148,0,0
36.677096,-15.4688,92.2852,-987.7148,0,0
36.681160,-15.4688,92.2852,-987.7148,0,0
36.685075,-15.4688,92.1094,-987.8906,0,0
36.689160,-15.4688,92.1094,-987.8906,0,0
36.693129,-15.4688,92.1094,-987.8906,0,0
36.697096,-15.4688,92.1094,-987.8906,0,0
36.701160,-15.4688,92.1094,-987.8906,0,0
36.705129,-15.4688,91.9336,-988.0664,0,0
36.710695,-15.4688,91.7578,-988.2422,0,0
36.713082,-15.4688,91.7578,-988.2422,0,0
36.717153,-15.4688,91.7578,-988.2422,0,0
36.721123,-15.4688,91.5820,-988.4180,0,0
36.725090,-15.4688,91.5820,-988.4180,0,0
36.729153,-15.4688,91.4062,-988.5938,0,0
36.733123,-15.4688,91.4062,-988.5938,0,0
36.737090,-15.4688,91.2305,-988.7695,0,0
36.741153,-15.4688,91.2305,-988.7695,0,0
36.745123,-15.4688,91.0547,-988.9453,0,0
36.749090,-15.4688,90.8789,-989.1211,0,0
36.753156,-15.4688,90.8789,-989.1211,0,0
36.757123,-15.4688,90.7031,-989.2969,0,0
36.761090,-15.4688,90.5273,-989.4727,0,0
36.765153,-15.4688,90.3516,-989.6484,0,0
36.769123,-15.4688,90.3516,-989.6484,0,0
36.773090,-15.4688,90.1758,-989.8242,0,0
36.777153,-15.4688,90.0000,-990.0000,0,0
36.781085,-15.4688,89.8242,-990.1758,0,0
36.785109,-15.4688,89.6484,-990.3516,0,0
36.789104,-15.4688,89.4727,-990.5273,0,0
36.793082,-15.4688,89.4727,-990.5273,0,0
36.797160,-15.4688,89.2969,-990.7031,0,0
36.801160,-15.4688,89.1211,-990.8789,0,0
36.806596,-15.4688,88.9453,-991.0547,0,0
36.811357,-15.4688,88.7695,-991.2305,0,0
36.813153,-15.6445,88.5938,-991.4062,0,0
36.817460,-15.6445,88.4180,-991.5820,0,0
36.821145,-15.6445,88.2422,-991.7578,0,0
36.825115,-15.6445,88.2422,-991.7578,0,0
36.829079,-15.6445,88.0664,-991.9336,0,0
36.833077,-15.6445,87.8906,-992.1094,0,0
36.837161,-15.6445,87.7148,-992.2852,0,0
36.841130,-15.6445,87.5391,-992.4609,0,0
36.845096,-15.6445,87.3633,-992.6367,0,0
36.849160,-15.6445,87.1875,-992.8125,0,0
36.853150,-15.6445,87.1875,-992.8125,0,0
36.857123,-15.6445,87.0117,-992.9883,0,0
36.861091,-15.6445,86.8359,-993.1641,0,0
36.865129,-15.6445,86.6602,-993.3398,0,0
36.869096,-15.6445,86.6602,-993.3398,0,0
36.873161,-15.6445,86.4844,-993.5156,0,0
36.877130,-15.6445,86.3086,-993.6914,0,0
36.881096,-15.6445,86.1328,-993.8672,0,0
36.885161,-15.6445,86.1328,-993.8672,0,0
36.889111,-15.6445,85.9570,-994.0430,0,0
36.893083,-15.6445,85.9570,-994.0430,0,0
36.897152,-15.6445,85.7812,-994.2188,0,0
36.901123,-15.6445,85.7812,-994.2188,0,0
36.905090,-15.6445,85.6055,-994.3945,0,0
36.910696,-15.6445,85.4297,-994.5703,0,0
36.913090,-15.6445,85.4297,-994.5703,0,0
36.917161,-15.6445,85.4297,-994.5703,0,0
36.921130,-15.6445,85.2539,-994.7461,0,0
36.925096,-15.6445,85.2539,-994.7461,0,0
36.929161,-15.6445,85.2539,-994.7461,0,0
36.933130,-15.6445,85.0781,-994.9219,0,0
36.937096,-15.6445,85.0781,-994.9219,0,0
36.941161,-15.6445,85.0781,-994.9219,0,0
36.945130,-15.6445,85.0781,-994.9219,0,0
36.949096,-15.6445,85.0781,-994.9219,0,0
36.953075,-15.6445,85.0781,-994.9219,0,0
36.957145,-15.6445,85.0781,-994.9219,0,0
36.961115,-15.6445,85.0781,-994.9219,0,0
36.965082,-15.6445,85.0781,-994.9219,0,0
36.969145,-15.6445,85.0781,-994.9219,0,0
36.973116,-15.6445,85.0781,-994.9219,0,0
36.977082,-15.6445,85.0781,-994.9219,0,0
36.981145,-15.6445,85.0781,-994.9219,0,0
36.985116,-15.6445,85.2539,-994.7461,0,0
36.989082,-15.6445,85.2539,-994.7461,0,0
36.993096,-15.6445,85.2539,-994.7461,0,0
36.997161,-15.6445,85.4297,-994.5703,0,0
37.001132,-15.6445,85.4297,-994.5703,0,0
37.005130,-15.6445,85.4297,-994.5703,0,0
37.010694,-15.6445,85.6055,-994.3945,0,0
37.013082,-15.6445,85.7812,-994.2188,0,0
37.017152,-15.6445,85.7812,-994.2188,0,0
37.021123,-15.6445,85.9570,-994.0430,0,0
37.025090,-15.6445,85.9570,-994.0430,0,0
37.029163,-15.6445,86.1328,-993.8672,0,0
37.033137,-15.6445,86.1328,-993.8672,0,0
37.037107,-15.6445,86.3086,-993.6914,0,0
37.041078,-15.6445,86.4844,-993.5156,0,0
37.045145,-15.6445,86.6602,-993.3398,0,0
37.049116,-15.6445,86.6602,-993.3398,0,0
37.053090,-15.6445,86.8359,-993.1641,0,0
37.057160,-15.6445,87.0117,-992.9883,0,0
37.061130,-15.6445,87.1875,-992.8125,0,0
37.065096,-15.6445,87.3633,-992.6367,0,0
37.069160,-15.6445,87.3633,-992.6367,0,0
37.073096,-15.6445,87.5391,-992.4609,0,0
37.077145,-15.6445,87.7148,-992.2852,0,0
37.081116,-15.6445,87.8906,-992.1094,0,0
37.085094,-15.6445,88.0664,-991.9336,0,0
37.089160,-15.6445,88.2422,-991.7578,0,0
37.093130,-15.6445,88.2422,-991.7578,0,0
37.097090,-15.6445,88.4180,-991.5820,0,0
37.101160,-15.6445,88.5938,-991.4062,0,0
37.105090,-15.4688,88.7695,-991.2305,0,0
37.110924,-15.4688,88.9453,-991.0547,0,0
37.115798,-15.4688,89.1211,-990.8789,0,0
37.117160,-15.4688,89.2969,-990.7031,0,0
37.121125,-15.4688,89.2969,-990.7031,0,0
37.125168,-15.4688,89.4727,-990.5273,0,0
37.129080,-15.4688,89.6484,-990.3516,0,0
37.133104,-15.4688,89.8242,-990.1758,0,0
37.137074,-15.4688,90.0000,-990.0000,0,0
37.141142,-15.4688,90.1758,-989.8242,0,0
37.145145,-15.4688,90.1758,-989.8242,0,0
37.149131,-15.4688,90.3516,-989.6484,0,0
37.153113,-15.4688,90.5273,-989.4727,0,0
37.157096,-15.4688,90.7031,-989.2969,0,0
37.161161,-15.4688,90.7031,-989.2969,0,0
37.165130,-15.4688,90.8789,-989.1211,0,0
37.169096,-15.4688,91.0547,-988.9453,0,0
37.173161,-15.4688,91.0547,-988.9453,0,0
37.177130,-15.4688,91.2305,-988.7695,0,0
37.181096,-15.4688,91.4062,-988.5938,0,0
37.185161,-15.4688,91.4062,-988.5938,0,0
37.189130,-15.4688,91.4062,-988.5938,0,0
37.193096,-15.4688,91.5820,-988.4180,0,0
37.197078,-15.4688,91.5820,-988.4180,0,0
37.201145,-15.4688,91.7578,-988.2422,0,0
37.205071,-15.4688,91.7578,-988.2422,0,0
37.210908,-15.4688,91.7578,-988.2422,0,0
37.213113,-15.4688,91.9336,-988.0664,0,0
37.217090,-15.4688,91.9336,-988.0664,0,0
37.221156,-15.4688,92.1094,-987.8906,0,0
37.225123,-15.4688,92.1094,-987.8906,0,0
37.229090,-15.4688,92.1094,-987.8906,0,0
37.233156,-15.4688,92.1094,-987.8906,0,0
37.237123,-15.4688,92.1094,-987.8906,0,0
37.241090,-15.4688,92.1094,-987.8906,0,0
37.245156,-15.4688,92.1094,-987.8906,0,0
37.249123,-15.4688,92.1094,-987.8906,0,0
37.253094,-15.4688,92.1094,-987.8906,0,0
37.257160,-15.4688,92.1094,-987.8906,0,0
37.261130,-15.4688,92.1094,-987.8906,0,0
37.265096,-15.4688,92.1094,-987.8906,0,0
37.269161,-15.4688,92.1094,-987.8906,0,0
37.273130,-15.4688,92.1094,-987.8906,0,0
37.277096,-15.4688,91.9336,-988.0664,0,0
37.281161,-15.4688,91.9336,-988.0664,0,0
37.285130,-15.4688,91.7578,-988.2422,0,0
37.289096,-15.4688,91.7578,-988.2422,0,0
37.293161,-15.4688,91.5820,-988.4180,0,0
37.297130,-15.4688,91.5820,-988.4180,0,0
37.301137,-15.4688,91.5820,-988.4180,0,0
37.305137,-15.4688,91.4062,-988.5938,0,0
37.310708,-15.4688,91.2305,-988.7695,0,0
37.313101,-15.4688,91.2305,-988.7695,0,0
37.317078,-15.4688,91.0547,-988.9453,0,0
37.321082,-15.4688,90.8789,-989.1211,0,0
37.325145,-15.4688,90.8789,-989.1211,0,0
37.329116,-15.4688,90.7031,-989.2969,0,0
37.333082,-15.4688,90.5273,-989.4727,0,0
37.337145,-15.4688,90.3516,-989.6484,0,0
37.341116,-15.4688,90.3516,-989.6484,0,0
37.345082,-15.4688,90.1758,-989.8242,0,0
37.349145,-15.4688,90.0000,-990.0000,0,0
37.353127,-15.2930,89.8242,-990.1758,0,0
37.357096,-15.2930,89.6484,-990.3516,0,0
37.361177,-15.2930,89.6484,-990.3516,0,0
37.365090,-15.2930,89.4727,-990.5273,0,0
37.369156,-15.2930,89.2969,-990.7031,0,0
37.373123,-15.2930,89.1211,-990.8789,0,0
37.377091,-15.2930,88.9453,-991.0547,0,0
37.381118,-15.2930,88.9453,-991.0547,0,0
37.385115,-15.2930,88.7695,-991.2305,0,0
37.389082,-15.2930,88.5938,-991.4062,0,0
37.393145,-15.2930,88.4180,-991.5820,0,0
37.397115,-15.2930,88.2422,-991.7578,0,0
37.401094,-15.2930,88.0664,-991.9336,0,0
37.405137,-15.2930,88.0664,-991.9336,0,0
37.410708,-15.2930,87.7148,-992.2852,0,0
37.413098,-15.2930,87.7148,-992.2852,0,0
37.418303,-15.2930,87.5391,-992.4609,0,0
37.421161,-15.2930,87.3633,-992.6367,0,0
37.425074,-15.2930,87.1875,-992.8125,0,0
37.429103,-15.2930,87.1875,-992.8125,0,0
37.433137,-15.2930,87.0117,-992.9883,0,0
37.437156,-15.2930,86.8359,-993.1641,0,0
37.441102,-15.2930,86.6602,-993.3398,0,0
37.445117,-15.2930,86.6602,-993.3398,0,0
37.449090,-15.2930,86.4844,-993.5156,0,0
37.453167,-15.2930,86.4844,-993.5156,0,0
37.457158,-15.2930,86.3086,-993.6914,0,0
37.461160,-15.2930,86.1328,-993.8672,0,0
37.465130,-15.4688,86.1328,-993.8672,0,0
37.469096,-15.4688,85.9570,-994.0430,0,0
37.473161,-15.4688,85.9570,-994.0430,0,0
37.477130,-15.4688,85.7812,-994.2188,0,0
37.481096,-15.4688,85.7812,-994.2188,0,0
37.485161,-15.4688,85.6055,-994.3945,0,0
37.489130,-15.4688,85.6055,-994.3945,0,0
37.493096,-15.4688,85.4297,-994.5703,0,0
37.497161,-15.4688,85.4297,-994.5703,0,0
37.501130,-15.4688,85.4297,-994.5703,0,0
37.505116,-15.4688,85.4297,-994.5703,0,0
37.510961,-15.4688,85.2539,-994.7461,0,0
37.513070,-15.4688,85.2539,-994.7461,0,0
37.517137,-15.4688,85.2539,-994.7461,0,0
37.521106,-15.4688,85.2539,-994.7461,0,0
37.525078,-15.4688,85.2539,-994.7461,0,0
37.529145,-15.4688,85.2539,-994.7461,0,0
37.533116,-15.4688,85.2539,-994.7461,0,0
37.537082,-15.4688,85.2539,-994.7461,0,0
37.541145,-15.4688,85.2539,-994.7461,0,0
37.545116,-15.4688,85.2539,-994.7461,0,0
37.549082,-15.4688,85.2539,-994.7461,0,0
37.553156,-15.4688,85.2539,-994.7461,0,0
37.557123,-15.4688,85.4297,-994.5703,0,0
37.561094,-15.4688,85.4297,-994.5703,0,0
37.565160,-15.4688,85.4297,-994.5703,0,0
37.569130,-15.4688,85.6055,-994.3945,0,0
37.573096,-15.4688,85.6055,-994.3945,0,0
37.577161,-15.4688,85.7812,-994.2188,0,0
37.581130,-15.4688,85.7812,-994.2188,0,0
37.585096,-15.4688,85.9570,-994.0430,0,0
37.589161,-15.4688,85.9570,-994.0430,0,0
37.593130,-15.4688,86.1328,-993.8672,0,0
37.597096,-15.6445,86.1328,-993.8672,0,0
37.601161,-15.6445,86.3086,-993.6914,0,0
37.605130,-15.6445,86.4844,-993.5156,0,0
37.610671,-15.6445,86.6602,-993.3398,0,0
37.613161,-15.6445,86.6602,-993.3398,0,0
37.617130,-15.6445,86.8359,-993.1641,0,0
37.621096,-15.6445,86.8359,-993.1641,0,0
37.625170,-15.6445,87.0117,-992.9883,0,0
37.629137,-15.6445,87.1875,-992.8125,0,0
37.633106,-15.6445,87.1875,-992.8125,0,0
37.637078,-15.6445,87.3633,-992.6367,0,0
37.641145,-15.6445,87.5391,-992.4609,0,0
37.645116,-15.6445,87.5391,-992.4609,0,0
37.649082,-15.6445,87.7148,-992.2852,0,0
37.653156,-15.6445,87.8906,-992.1094,0,0
37.657123,-15.6445,88.0664,-991.9336,0,0
37.661090,-15.6445,88.2422,-991.7578,0,0
37.665156,-15.6445,88.2422,-991.7578,0,0
37.669123,-15.6445,88.4180,-991.5820,0,0
37.673090,-15.6445,88.5938,-991.4062,0,0
37.677156,-15.6445,88.7695,-991.2305,0,0
37.681119,-15.6445,88.9453,-991.0547,0,0
37.685090,-15.6445,88.9453,-991.0547,0,0
37.689149,-15.6445,89.1211,-990.8789,0,0
37.694511,-15.6445,89.2969,-990.7031,0,0
37.697104,-15.6445,89.4727,-990.5273,0,0
37.701082,-15.6445,89.6484,-990.3516,0,0
37.705090,-15.6445,89.6484,-990.3516,0,0
37.711038,-15.6445,90.0000,-990.0000,0,0
37.713107,-15.6445,90.0000,-990.0000,0,0
37.717082,-15.4688,90.1758,-989.8242,0,0
37.721145,-15.4688,90.1758,-989.8242,0,0
37.725116,-15.4688,90.3516,-989.6484,0,0
37.729106,-15.4688,90.3516,-989.6484,0,0
37.733078,-15.4688,90.5273,-989.4727,0,0
37.737145,-15.4688,90.7031,-989.2969,0,0
37.741116,-15.4688,90.7031,-989.2969,0,0
37.745082,-15.4688,90.8789,-989.1211,0,0
37.749145,-15.4688,90.8789,-989.1211,0,0
37.753129,-15.4688,91.0547,-988.9453,0,0
37.757096,-15.4688,91.0547,-988.9453,0,0
37.761161,-15.4688,91.0547,-988.9453,0,0
37.765145,-15.4688,91.2305,-988.7695,0,0
37.769116,-15.4688,91.2305,-988.7695,0,0
37.773098,-15.4688,91.4062,-988.5938,0,0
37.777073,-15.2930,91.4062,-988.5938,0,0
37.781071,-15.2930,91.4062,-988.5938,0,0
37.785097,-15.2930,91.5820,-988.4180,0,0
37.789124,-15.2930,91.5820,-988.4180,0,0
37.793108,-15.2930,91.5820,-988.4180,0,0
37.797116,-15.2930,91.5820,-988.4180,0,0
37.801104,-15.2930,91.5820,-988.4180,0,0
37.805133,-15.2930,91.5820,-988.4180,0,0
37.810748,-15.2930,91.5820,-988.4180,0,0
37.813102,-15.2930,91.5820,-988.4180,0,0
37.817121,-15.2930,91.5820,-988.4180,0,0
37.821090,-15.2930,91.5820,-988.4180,0,0
37.825156,-15.2930,91.5820,-988.4180,0,0
37.829123,-15.2930,91.5820,-988.4180,0,0
37.833090,-15.2930,91.5820,-988.4180,0,0
37.837156,-15.2930,91.5820,-988.4180,0,0
37.841123,-15.2930,91.5820,-988.4180,0,0
37.845090,-15.2930,91.5820,-988.4180,0,0
37.849156,-15.2930,91.5820,-988.4180,0,0
37.853133,-15.2930,91.4062,-988.5938,0,0
37.857104,-15.2930,91.4062,-988.5938,0,0
37.861078,-15.2930,91.4062,-988.5938,0,0
37.865137,-15.2930,91.4062,-988.5938,0,0
37.869106,-15.2930,91.2305,-988.7695,0,0
37.873078,-15.2930,91.2305,-988.7695,0,0
37.877145,-15.2930,91.0547,-988.9453,0,0
37.881116,-15.2930,91.0547,-988.9453,0,0
37.885082,-15.2930,90.8789,-989.1211,0,0
37.889145,-15.2930,90.8789,-989.1211,0,0
37.893116,-15.2930,90.7031,-989.2969,0,0
37.897082,-15.2930,90.7031,-989.2969,0,0
37.901145,-15.2930,90.5273,-989.4727,0,0
37.905116,-15.2930,90.5273,-989.4727,0,0
37.910680,-15.2930,90.3516,-989.6484,0,0
37.913119,-15.2930,90.1758,-989.8242,0,0
37.917130,-15.2930,90.1758,-989.8242,0,0
37.921152,-15.2930,90.0000,-990.0000,0,0
37.925123,-15.2930,89.8242,-990.1758,0,0
37.929090,-15.2930,89.6484,-990.3516,0,0
37.933074,-15.2930,89.6484,-990.3516,0,0
37.937141,-15.2930,89.4727,-990.5273,0,0
37.941111,-15.2930,89.2969,-990.7031,0,0
37.945082,-15.2930,89.2969,-990.7031,0,0
37.949145,-15.2930,89.1211,-990.8789,0,0
37.953128,-15.2930,88.9453,-991.0547,0,0
37.957096,-15.2930,88.7695,-991.2305,0,0
37.961161,-15.2930,88.7695,-991.2305,0,0
37.965130,-15.2930,88.5938,-991.4062,0,0
37.969096,-15.2930,88.4180,-991.5820,0,0
37.973161,-15.2930,88.2422,-991.7578,0,0
37.977130,-15.2930,88.0664,-991.9336,0,0
37.981096,-15.2930,88.0664,-991.9336,0,0
37.985161,-15.2930,87.8906,-992.1094,0,0
37.989130,-15.2930,87.7148,-992.2852,0,0
37.993096,-15.2930,87.5391,-992.4609,0,0
37.997161,-15.2930,87.5391,-992.4609,0,0
38.001130,-15.2930,87.3633,-992.6367,0,0
38.005096,-15.2930,87.3633,-992.6367,0,0
38.010666,-15.2930,87.1875,-992.8125,0,0
38.013152,-15.2930,87.0117,-992.9883,0,0
38.017096,-15.2930,86.8359,-993.1641,0,0
38.021097,-15.2930,86.8359,-993.1641,0,0
38.025161,-15.2930,86.6602,-993.3398,0,0
38.029082,-15.2930,86.6602,-993.3398,0,0
38.033145,-15.2930,86.4844,-993.5156,0,0
38.037116,-15.2930,86.4844,-993.5156,0,0
38.041137,-15.2930,86.3086,-993.6914,0,0
38.045156,-15.2930,86.3086,-993.6914,0,0
38.049104,-15.2930,86.1328,-993.8672,0,0
38.053098,-15.2930,86.1328,-993.8672,0,0
38.057082,-15.2930,85.9570,-994.0430,0,0
38.061145,-15.2930,85.9570,-994.0430,0,0
38.065068,-15.2930,85.9570,-994.0430,0,0
38.069575,-15.2930,85.7812,-994.2188,0,0
38.073126,-15.2930,85.7812,-994.2188,0,0
38.077137,-15.2930,85.7812,-994.2188,0,0
38.081148,-15.2930,85.7812,-994.2188,0,0
38.085134,-15.2930,85.7812,-994.2188,0,0
38.089123,-15.2930,85.7812,-994.2188,0,0
38.093097,-15.2930,85.6055,-994.3945,0,0
38.097151,-15.2930,85.6055,-994.3945,0,0
38.101253,-15.2930,85.6055,-994.3945,0,0
38.105130,-15.2930,85.6055,-994.3945,0,0
38.111199,-15.2930,85.6055,-994.3945,0,0
38.113118,-15.2930,85.6055,-994.3945,0,0
38.117111,-15.2930,85.6055,-994.3945,0,0
38.121131,-15.2930,85.7812,-994.2188,0,0
38.125160,-15.2930,85.7812,-994.2188,0,0
38.129130,-15.2930,85.7812,-994.2188,0,0
38.133096,-15.2930,85.7812,-994.2188,0,0
38.137161,-15.2930,85.7812,-994.2188,0,0
38.141130,-15.2930,85.7812,-994.2188,0,0
38.145096,-15.2930,85.9570,-994.0430,0,0
38.149161,-15.2930,85.9570,-994.0430,0,0
38.153142,-15.2930,85.9570,-994.0430,0,0
38.157114,-15.2930,85.9570,-994.0430,0,0
38.161082,-15.2930,86.1328,-993.8672,0,0
38.165145,-15.2930,86.1328,-993.8672,0,0
38.169116,-15.2930,86.3086,-993.6914,0,0
38.173082,-15.2930,86.4844,-993.5156,0,0
38.177145,-15.2930,86.4844,-993.5156,0,0
38.181116,-15.2930,86.4844,-993.5156,0,0
38.185082,-15.2930,86.6602,-993.3398,0,0
38.189145,-15.2930,86.6602,-993.3398,0,0
38.193116,-15.2930,86.8359,-993.1641,0,0
38.197082,-15.2930,86.8359,-993.1641,0,0
38.201145,-15.2930,87.0117,-992.9883,0,0
38.205116,-15.2930,87.1875,-992.8125,0,0
38.210680,-15.2930,87.3633,-992.6367,0,0
38.213074,-15.2930,87.3633,-992.6367,0,0
38.217145,-15.2930,87.5391,-992.4609,0,0
38.221161,-15.2930,87.5391,-992.4609,0,0
38.225152,-15.2930,87.7148,-992.2852,0,0
38.229123,-15.2930,87.8906,-992.1094,0,0
38.233090,-15.2930,87.8906,-992.1094,0,0
38.237156,-15.2930,88.0664,-991.9336,0,0
38.241123,-15.2930,88.2422,-991.7578,0,0
38.245090,-15.2930,88.2422,-991.7578,0,0
38.249156,-15.2930,88.5938,-991.4062,0,0
38.253134,-15.2930,88.5938,-991.4062,0,0
38.257104,-15.2930,88.7695,-991.2305,0,0
38.261074,-15.2930,88.9453,-991.0547,0,0
38.265141,-15.2930,88.9453,-991.0547,0,0
38.269112,-15.2930,89.1211,-990.8789,0,0
38.273082,-15.2930,89.2969,-990.7031,0,0
38.277145,-15.2930,89.4727,-990.5273,0,0
38.281137,-15.2930,89.4727,-990.5273,0,0
38.285106,-15.2930,89.6484,-990.3516,0,0
38.289078,-15.2930,89.8242,-990.1758,0,0
38.293145,-15.2930,90.0000,-990.0000,0,0
38.297116,-15.2930,90.0000,-990.0000,0,0
38.301082,-15.2930,90.1758,-989.8242,0,0
38.305145,-15.2930,90.1758,-989.8242,0,0
38.310618,-15.2930,90.3516,-989.6484,0,0
38.313106,-15.2930,90.5273,-989.4727,0,0
38.317082,-15.2930,90.7031,-989.2969,0,0
38.321145,-15.2930,90.7031,-989.2969,0,0
38.325088,-15.2930,90.8789,-989.1211,0,0
38.329152,-15.2930,90.8789,-989.1211,0,0
38.333123,-15.2930,91.0547,-988.9453,0,0
38.337090,-15.2930,91.0547,-988.9453,0,0
38.341156,-15.2930,91.0547,-988.9453,0,0
38.345123,-15.2930,91.2305,-988.7695,0,0
38.349090,-15.2930,91.2305,-988.7695,0,0
38.353134,-15.2930,91.4062,-988.5938,0,0
38.357154,-15.2930,91.4062,-988.5938,0,0
38.361463,-15.2930,91.4062,-988.5938,0,0
38.365152,-15.2930,91.4062,-988.5938,0,0
38.369123,-15.2930,91.4062,-988.5938,0,0
38.373090,-15.2930,91.5820,-988.4180,0,0
38.378382,-15.2930,91.5820,-988.4180,0,0
38.381254,-15.2930,91.5820,-988.4180,0,0
38.385147,-15.2930,91.5820,-988.4180,0,0
38.389116,-15.2930,91.5820,-988.4180,0,0
38.393151,-15.2930,91.5820,-988.4180,0,0
38.397087,-15.2930,91.5820,-988.4180,0,0
38.401121,-15.2930,91.5820,-988.4180,0,0
38.405070,-15.2930,91.5820,-988.4180,0,0
38.411537,-15.2930,91.5820,-988.4180,0,0
38.413074,-15.2930,91.5820,-988.4180,0,0
38.417102,-15.2930,91.4062,-988.5938,0,0
38.421074,-15.2930,91.4062,-988.5938,0,0
38.425074,-15.2930,91.4062,-988.5938,0,0
38.429141,-15.2930,91.4062,-988.5938,0,0
38.433101,-15.2930,91.4062,-988.5938,0,0
38.437138,-15.2930,91.2305,-988.7695,0,0
38.441097,-15.2930,91.2305,-988.7695,0,0
38.445161,-15.2930,91.0547,-988.9453,0,0
38.449130,-15.2930,91.0547,-988.9453,0,0
38.453106,-15.2930,91.0547,-988.9453,0,0
38.457090,-15.2930,90.8789,-989.1211,0,0
38.461156,-15.2930,90.8789,-989.1211,0,0
38.465123,-15.2930,90.7031,-989.2969,0,0
38.469090,-15.2930,90.7031,-989.2969,0,0
38.473156,-15.2930,90.5273,-989.4727,0,0
38.477123,-15.2930,90.3516,-989.6484,0,0
38.481090,-15.2930,90.3516,-989.6484,0,0
38.485156,-15.2930,90.1758,-989.8242,0,0
38.489123,-15.2930,90.1758,-989.8242,0,0
38.493090,-15.2930,90.0000,-990.0000,0,0
38.497156,-15.2930,90.0000,-990.0000,0,0
38.501123,-15.2930,89.8242,-990.1758,0,0
38.505090,-15.2930,89.6484,-990.3516,0,0
38.510659,-15.2930,89.4727,-990.5273,0,0
38.513145,-15.2930,89.4727,-990.5273,0,0
38.517116,-15.2930,89.2969,-990.7031,0,0
38.521082,-15.2930,89.1211,-990.8789,0,0
38.525145,-15.2930,88.9453,-991.0547,0,0
38.529110,-15.2930,88.9453,-991.0547,0,0
38.533130,-15.2930,88.7695,-991.2305,0,0
38.537096,-15.2930,88.5938,-991.4062,0,0
38.541161,-15.2930,88.5938,-991.4062,0,0
38.545130,-15.2930,88.4180,-991.5820,0,0
38.549096,-15.2930,88.2422,-991.7578,0,0
38.553075,-15.2930,88.0664,-991.9336,0,0
38.557145,-15.2930,88.0664,-991.9336,0,0
38.561116,-15.2930,87.8906,-992.1094,0,0
38.565082,-15.2930,87.8906,-992.1094,0,0
38.569145,-15.2930,87.7148,-992.2852,0,0
38.573116,-15.2930,87.5391,-992.4609,0,0
38.577082,-15.2930,87.3633,-992.6367,0,0
38.581145,-15.2930,87.3633,-992.6367,0,0
38.585116,-15.2930,87.1875,-992.8125,0,0
38.589082,-15.2930,87.1875,-992.8125,0,0
38.593145,-15.2930,87.0117,-992.9883,0,0
38.597116,-15.2930,86.8359,-993.1641,0,0
38.601082,-15.2930,86.8359,-993.1641,0,0
38.605090,-15.2930,86.6602,-993.3398,0,0
38.610659,-15.2930,86.4844,-993.5156,0,0
38.613145,-15.2930,86.4844,-993.5156,0,0
38.617116,-15.2930,86.4844,-993.5156,0,0
38.621082,-15.2930,86.3086,-993.6914,0,0
38.625145,-15.2930,86.3086,-993.6914,0,0
38.629116,-15.2930,86.1328,-993.8672,0,0
38.633160,-15.2930,86.1328,-993.8672,0,0
38.637130,-15.2930,86.1328,-993.8672,0,0
38.641096,-15.2930,85.9570,-994.0430,0,0
38.645161,-15.2930,85.9570,-994.0430,0,0
38.649130,-15.2930,85.9570,-994.0430,0,0
38.653104,-15.2930,85.9570,-994.0430,0,0
38.657074,-15.2930,85.9570,-994.0430,0,0
38.661112,-15.2930,85.9570,-994.0430,0,0
38.665145,-15.2930,85.9570,-994.0430,0,0
38.669116,-15.2930,85.9570,-994.0430,0,0
38.673082,-15.2930,85.9570,-994.0430,0,0
38.677146,-15.2930,85.9570,-994.0430,0,0
38.681160,-15.2930,85.9570,-994.0430,0,0
38.685149,-15.2930,85.9570,-994.0430,0,0
38.689139,-15.2930,85.9570,-994.0430,0,0
38.693140,-15.2930,85.9570,-994.0430,0,0
38.697781,-15.2930,85.9570,-994.0430,0,0
38.701137,-15.2930,85.9570,-994.0430,0,0
38.705121,-15.2930,85.9570,-994.0430,0,0
38.710961,-15.2930,85.9570,-994.0430,0,0
38.713079,-15.2930,85.9570,-994.0430,0,0
38.717146,-15.2930,85.9570,-994.0430,0,0
38.721098,-15.2930,86.1328,-993.8672,0,0
38.725124,-15.2930,86.1328,-993.8672,0,0
38.729096,-15.2930,86.1328,-993.8672,0,0
38.733075,-15.2930,86.3086,-993.6914,0,0
38.737090,-15.2930,86.3086,-993.6914,0,0
38.741161,-15.2930,86.4844,-993.5156,0,0
38.745165,-15.2930,86.4844,-993.5156,0,0
38.749141,-15.2930,86.6602,-993.3398,0,0
38.753128,-15.2930,86.6602,-993.3398,0,0
38.757106,-15.2930,86.6602,-993.3398,0,0
38.761078,-15.2930,86.8359,-993.1641,0,0
38.765145,-15.2930,86.8359,-993.1641,0,0
38.769116,-15.2930,87.0117,-992.9883,0,0
38.773082,-15.2930,87.1875,-992.8125,0,0
38.777145,-15.2930,87.1875,-992.8125,0,0
38.781116,-15.2930,87.3633,-992.6367,0,0
38.785082,-15.2930,87.3633,-992.6367,0,0
38.789145,-15.2930,87.5391,-992.4609,0,0
38.793116,-15.2930,87.7148,-992.2852,0,0
38.797082,-15.2930,87.8906,-992.1094,0,0
38.801145,-15.2930,87.8906,-992.1094,0,0
38.805116,-15.2930,88.0664,-991.9336,0,0
38.810708,-15.2930,88.2422,-991.7578,0,0
38.813101,-15.2930,88.2422,-991.7578,0,0
38.817074,-15.2930,88.4180,-991.5820,0,0
38.821141,-15.2930,88.5938,-991.4062,0,0
38.825112,-15.2930,88.5938,-991.4062,0,0
38.829082,-15.2930,88.7695,-991.2305,0,0
38.833145,-15.2930,88.7695,-991.2305,0,0
38.837145,-15.2930,88.9453,-991.0547,0,0
38.841116,-15.2930,89.1211,-990.8789,0,0
38.845082,-15.2930,89.2969,-990.7031,0,0
38.849145,-15.2930,89.2969,-990.7031,0,0
38.853128,-15.2930,89.4727,-990.5273,0,0
38.857096,-15.2930,89.4727,-990.5273,0,0
38.861171,-15.2930,89.6484,-990.3516,0,0
38.865097,-15.2930,89.8242,-990.1758,0,0
38.869161,-15.2930,89.8242,-990.1758,0,0
38.873130,-15.2930,90.0000,-990.0000,0,0
38.877096,-15.2930,90.1758,-989.8242,0,0
38.881161,-15.2930,90.1758,-989.8242,0,0
38.885130,-15.2930,90.3516,-989.6484,0,0
38.889096,-15.2930,90.3516,-989.6484,0,0
38.893161,-15.2930,90.3516,-989.6484,0,0
38.897130,-15.2930,90.5273,-989.4727,0,0
38.901096,-15.2930,90.7031,-989.2969,0,0
38.905161,-15.2930,90.7031,-989.2969,0,0
38.910629,-15.2930,90.8789,-989.1211,0,0
38.913145,-15.2930,90.8789,-989.1211,0,0
38.917124,-15.2930,90.8789,-989.1211,0,0
38.921097,-15.2930,90.8789,-989.1211,0,0
38.925161,-15.2930,91.0547,-988.9453,0,0
38.929130,-15.2930,91.0547,-988.9453,0,0
38.933096,-15.2930,91.0547,-988.9453,0,0
38.937083,-15.2930,91.0547,-988.9453,0,0
38.941090,-15.2930,91.2305,-988.7695,0,0
38.945156,-15.2930,91.2305,-988.7695,0,0
38.949123,-15.2930,91.2305,-988.7695,0,0
38.953094,-15.2930,91.2305,-988.7695,0,0
38.957160,-15.2930,91.2305,-988.7695,0,0
38.961130,-15.2930,91.4062,-988.5938,0,0
38.965096,-15.2930,91.4062,-988.5938,0,0
38.969148,-15.2930,91.4062,-988.5938,0,0
38.973090,-15.2930,91.4062,-988.5938,0,0
38.977156,-15.2930,91.4062,-988.5938,0,0
38.981141,-15.2930,91.4062,-988.5938,0,0
38.985112,-15.2930,91.2305,-988.7695,0,0
38.989082,-15.2930,91.2305,-988.7695,0,0
38.993145,-15.2930,91.2305,-988.7695,0,0
38.997068,-15.2930,91.2305,-988.7695,0,0
39.001141,-15.2930,91.0547,-988.9453,0,0
39.005111,-15.2930,91.0547,-988.9453,0,0
39.010722,-15.2930,91.0547,-988.9453,0,0
39.013113,-15.2930,91.0547,-988.9453,0,0
39.018639,-15.2930,90.8789,-989.1211,0,0
39.021079,-15.2930,90.8789,-989.1211,0,0
39.025161,-15.2930,90.8789,-989.1211,0,0
39.029130,-15.2930,90.7031,-989.2969,0,0
39.033123,-15.2930,90.7031,-989.2969,0,0
39.037090,-15.2930,90.7031,-989.2969,0,0
39.041160,-15.2930,90.5273,-989.4727,0,0
39.045071,-15.2930,90.3516,-989.6484,0,0
39.049071,-15.2930,90.3516,-989.6484,0,0
39.053071,-15.2930,90.1758,-989.8242,0,0
39.057125,-15.2930,90.1758,-989.8242,0,0
39.061107,-15.2930,90.0000,-990.0000,0,0
39.065119,-15.2930,90.0000,-990.0000,0,0
39.069137,-15.2930,89.8242,-990.1758,0,0
39.073116,-15.2930,89.6484,-990.3516,0,0
39.077090,-15.2930,89.6484,-990.3516,0,0
39.081156,-15.2930,89.4727,-990.5273,0,0
39.085160,-15.2930,89.4727,-990.5273,0,0
39.089131,-15.2930,89.2969,-990.7031,0,0
39.093104,-15.2930,89.1211,-990.8789,0,0
39.097149,-15.2930,89.1211,-990.8789,0,0
39.101160,-15.2930,88.9453,-991.0547,0,0
39.105130,-15.2930,88.7695,-991.2305,0,0
39.111167,-15.2930,88.5938,-991.4062,0,0
39.113102,-15.2930,88.5938,-991.4062,0,0
39.117097,-15.2930,88.4180,-991.5820,0,0
39.121086,-15.2930,88.2422,-991.7578,0,0
39.125160,-15.2930,88.2422,-991.7578,0,0
39.129153,-15.2930,88.0664,-991.9336,0,0
39.133123,-15.2930,88.0664,-991.9336,0,0
39.137090,-15.2930,87.8906,-992.1094,0,0
39.141168,-15.2930,87.7148,-992.2852,0,0
39.145094,-15.2930,87.5391,-992.4609,0,0
39.149160,-15.2930,87.5391,-992.4609,0,0
39.153142,-15.2930,87.3633,-992.6367,0,0
39.157114,-15.2930,87.3633,-992.6367,0,0
39.161082,-15.2930,87.1875,-992.8125,0,0
39.165145,-15.2930,87.1875,-992.8125,0,0
39.169116,-15.2930,87.0117,-992.9883,0,0
39.173082,-15.2930,86.8359,-993.1641,0,0
39.177145,-15.2930,86.8359,-993.1641,0,0
39.181116,-15.2930,86.8359,-993.1641,0,0
39.185082,-15.2930,86.6602,-993.3398,0,0
39.189145,-15.2930,86.6602,-993.3398,0,0
39.193116,-15.2930,86.4844,-993.5156,0,0
39.197082,-15.2930,86.4844,-993.5156,0,0
39.201145,-15.2930,86.4844,-993.5156,0,0
39.205116,-15.2930,86.3086,-993.6914,0,0
39.210680,-15.2930,86.1328,-993.8672,0,0
39.213074,-15.2930,86.1328,-993.8672,0,0
39.217145,-15.2930,86.1328,-993.8672,0,0
39.221137,-15.2930,86.1328,-993.8672,0,0
39.225106,-15.2930,86.1328,-993.8672,0,0
39.229078,-15.2930,86.1328,-993.8672,0,0
39.233145,-15.2930,85.9570,-994.0430,0,0
39.237116,-15.2930,85.9570,-994.0430,0,0
39.241082,-15.2930,85.9570,-994.0430,0,0
39.245102,-15.2930,85.9570,-994.0430,0,0
39.249104,-15.2930,85.9570,-994.0430,0,0
39.253082,-15.2930,85.9570,-994.0430,0,0
39.257145,-15.2930,85.9570,-994.0430,0,0
39.261116,-15.2930,85.9570,-994.0430,0,0
39.265082,-15.2930,85.9570,-994.0430,0,0
39.269145,-15.2930,85.9570,-994.0430,0,0
39.273116,-15.2930,85.9570,-994.0430,0,0
39.277082,-15.2930,86.1328,-993.8672,0,0
39.281145,-15.2930,86.1328,-993.8672,0,0
39.285116,-15.2930,86.1328,-993.8672,0,0
39.289082,-15.2930,86.1328,-993.8672,0,0
39.293145,-15.2930,86.1328,-993.8672,0,0
39.297116,-15.2930,86.3086,-993.6914,0,0
39.301082,-15.2930,86.3086,-993.6914,0,0
39.305145,-15.2930,86.4844,-993.5156,0,0
39.310618,-15.2930,86.4844,-993.5156,0,0
39.313106,-15.2930,86.4844,-993.5156,0,0
39.317082,-15.2930,86.6602,-993.3398,0,0
39.321145,-15.2930,86.6602,-993.3398,0,0
39.325116,-15.2930,86.8359,-993.1641,0,0
39.329082,-15.2930,86.8359,-993.1641,0,0
39.333145,-15.2930,86.8359,-993.1641,0,0
39.337116,-15.2930,87.0117,-992.9883,0,0
39.341082,-15.2930,87.1875,-992.8125,0,0
39.345111,-15.2930,87.1875,-992.8125,0,0
39.349156,-15.2930,87.3633,-992.6367,0,0
39.353153,-15.2930,87.3633,-992.6367,0,0
39.357141,-15.2930,87.5391,-992.4609,0,0
39.361165,-15.2930,87.5391,-992.4609,0,0
39.365116,-15.2930,87.7148,-992.2852,0,0
39.371826,-15.2930,87.8906,-992.1094,0,0
39.373095,-15.2930,88.0664,-991.9336,0,0
39.377070,-15.2930,88.0664,-991.9336,0,0
39.381090,-15.2930,88.2422,-991.7578,0,0
39.385107,-15.2930,88.2422,-991.7578,0,0
39.389104,-15.2930,88.4180,-991.5820,0,0
39.393107,-15.2930,88.5938,-991.4062,0,0
39.397090,-15.2930,88.5938,-991.4062,0,0
39.401152,-15.2930,88.7695,-991.2305,0,0
39.405120,-15.2930,88.9453,-991.0547,0,0
39.410879,-15.2930,88.9453,-991.0547,0,0
39.413090,-15.2930,89.1211,-990.8789,0,0
39.417152,-15.2930,89.2969,-990.7031,0,0
39.421120,-15.2930,89.2969,-990.7031,0,0
39.425125,-15.2930,89.4727,-990.5273,0,0
39.429090,-15.2930,89.4727,-990.5273,0,0
39.433070,-15.2930,89.6484,-990.3516,0,0
39.437123,-15.2930,89.6484,-990.3516,0,0
39.441129,-15.2930,89.8242,-990.1758,0,0
39.445096,-15.2930,90.0000,-990.0000,0,0
39.449148,-15.2930,90.0000,-990.0000,0,0
39.453065,-15.2930,90.1758,-989.8242,0,0
39.457096,-15.2930,90.1758,-989.8242,0,0
39.461161,-15.2930,90.1758,-989.8242,0,0
39.465130,-15.2930,90.3516,-989.6484,0,0
39.469115,-15.2930,90.3516,-989.6484,0,0
39.473104,-15.2930,90.3516,-989.6484,0,0
39.477074,-15.2930,90.5273,-989.4727,0,0
39.481104,-15.2930,90.5273,-989.4727,0,0
39.485104,-15.2930,90.7031,-989.2969,0,0
39.489074,-15.2930,90.7031,-989.2969,0,0
39.493142,-15.2930,90.7031,-989.2969,0,0
39.497114,-15.2930,90.8789,-989.1211,0,0
39.501082,-15.2930,90.8789,-989.1211,0,0
39.505145,-15.1172,90.8789,-989.1211,0,0
39.510643,-15.1172,90.8789,-989.1211,0,0
39.513133,-15.1172,90.8789,-989.1211,0,0
39.517107,-15.1172,90.8789,-989.1211,0,0
39.521078,-15.1172,91.0547,-988.9453,0,0
39.525145,-15.1172,91.0547,-988.9453,0,0
39.529116,-15.1172,91.0547,-988.9453,0,0
39.533082,-15.1172,91.0547,-988.9453,0,0
39.537145,-15.1172,91.0547,-988.9453,0,0
39.541116,-15.1172,91.0547,-988.9453,0,0
39.545082,-15.1172,91.0547,-988.9453,0,0
39.549145,-15.1172,91.0547,-988.9453,0,0
39.553156,-15.1172,91.0547,-988.9453,0,0
39.557080,-15.1172,91.0547,-988.9453,0,0
39.561145,-15.1172,90.8789,-989.1211,0,0
39.565116,-15.1172,90.8789,-989.1211,0,0
39.569082,-15.1172,90.8789,-989.1211,0,0
39.573145,-15.1172,90.8789,-989.1211,0,0
39.577116,-15.1172,90.8789,-989.1211,0,0
39.581082,-15.1172,90.8789,-989.1211,0,0
39.585145,-15.1172,90.7031,-989.2969,0,0
39.589116,-15.1172,90.7031,-989.2969,0,0
39.593082,-15.1172,90.7031,-989.2969,0,0
39.597156,-15.1172,90.7031,-989.2969,0,0
39.601123,-15.1172,90.5273,-989.4727,0,0
39.605090,-15.1172,90.5273,-989.4727,0,0
39.610659,-15.1172,90.3516,-989.6484,0,0
39.613145,-15.1172,90.3516,-989.6484,0,0
39.617124,-15.1172,90.3516,-989.6484,0,0
39.621097,-15.1172,90.1758,-989.8242,0,0
39.625161,-15.1172,90.1758,-989.8242,0,0
39.629130,-15.1172,90.0000,-990.0000,0,0
39.633096,-15.1172,90.0000,-990.0000,0,0
39.637161,-15.1172,89.8242,-990.1758,0,0
39.641130,-15.1172,89.8242,-990.1758,0,0
39.645096,-15.1172,89.6484,-990.3516,0,0
39.649161,-15.1172,89.6484,-990.3516,0,0
39.653144,-15.1172,89.4727,-990.5273,0,0
39.657071,-15.1172,89.4727,-990.5273,0,0
39.661160,-15.1172,89.2969,-990.7031,0,0
39.665130,-15.1172,89.2969,-990.7031,0,0
39.669096,-15.1172,89.1211,-990.8789,0,0
39.673161,-15.1172,88.9453,-991.0547,0,0
39.677130,-15.1172,88.9453,-991.0547,0,0
39.681096,-15.1172,88.7695,-991.2305,0,0
39.685090,-15.1172,88.7695,-991.2305,0,0
39.689156,-15.1172,88.5938,-991.4062,0,0
39.693161,-15.1172,88.4180,-991.5820,0,0
39.697130,-15.1172,88.4180,-991.5820,0,0
39.701096,-15.1172,88.2422,-991.7578,0,0
39.705097,-15.1172,88.2422,-991.7578,0,0
39.710869,-15.1172,88.0664,-991.9336,0,0
39.713078,-15.1172,88.0664,-991.9336,0,0
39.717145,-15.1172,87.8906,-992.1094,0,0
39.721116,-15.1172,87.7148,-992.2852,0,0
39.725082,-15.1172,87.7148,-992.2852,0,0
39.729145,-15.1172,87.5391,-992.4609,0,0
39.736254,-15.1172,87.3633,-992.6367,0,0
39.737082,-15.1172,87.3633,-992.6367,0,0
39.741082,-15.1172,87.3633,-992.6367,0,0
39.745121,-15.1172,87.1875,-992.8125,0,0
39.749091,-15.1172,87.1875,-992.8125,0,0
39.753079,-15.1172,87.0117,-992.9883,0,0
39.757121,-15.1172,87.0117,-992.9883,0,0
39.761101,-15.1172,86.8359,-993.1641,0,0
39.765080,-15.1172,86.8359,-993.1641,0,0
39.769116,-15.1172,86.8359,-993.1641,0,0
39.773151,-15.1172,86.6602,-993.3398,0,0
39.777087,-15.1172,86.6602,-993.3398,0,0
39.781132,-15.1172,86.6602,-993.3398,0,0
39.785070,-15.1172,86.6602,-993.3398,0,0
39.789104,-15.1172,86.4844,-993.5156,0,0
39.793135,-15.1172,86.4844,-993.5156,0,0
39.797119,-15.1172,86.4844,-993.5156,0,0
39.801107,-15.1172,86.4844,-993.5156,0,0
39.805073,-15.1172,86.4844,-993.5156,0,0
39.810962,-15.1172,86.3086,-993.6914,0,0
39.813114,-15.1172,86.3086,-993.6914,0,0
39.817096,-15.1172,86.3086,-993.6914,0,0
39.821107,-15.1172,86.3086,-993.6914,0,0
39.825096,-15.1172,86.3086,-993.6914,0,0
39.829080,-15.1172,86.3086,-993.6914,0,0
39.833145,-15.1172,86.3086,-993.6914,0,0
39.837116,-15.1172,86.3086,-993.6914,0,0
39.841082,-15.1172,86.3086,-993.6914,0,0
39.845145,-15.1172,86.3086,-993.6914,0,0
39.849130,-15.1172,86.3086,-993.6914,0,0
39.853103,-15.1172,86.3086,-993.6914,0,0
39.857097,-15.1172,86.3086,-993.6914,0,0
39.861082,-15.1172,86.4844,-993.5156,0,0
39.865116,-15.1172,86.4844,-993.5156,0,0
39.869082,-15.1172,86.4844,-993.5156,0,0
39.873145,-15.1172,86.4844,-993.5156,0,0
39.877116,-15.1172,86.6602,-993.3398,0,0
39.881082,-15.1172,86.6602,-993.3398,0,0
39.885145,-15.1172,86.6602,-993.3398,0,0
39.889116,-15.1172,86.6602,-993.3398,0,0
39.893083,-15.1172,86.8359,-993.1641,0,0
39.897152,-15.1172,86.8359,-993.1641,0,0
39.901123,-15.1172,87.0117,-992.9883,0,0
39.905090,-15.1172,87.0117,-992.9883,0,0
39.910680,-15.1172,87.1875,-992.8125,0,0
39.913070,-15.1172,87.1875,-992.8125,0,0
39.917145,-15.1172,87.3633,-992.6367,0,0
39.921116,-15.1172,87.3633,-992.6367,0,0
39.925082,-15.1172,87.5391,-992.4609,0,0
39.929145,-15.1172,87.5391,-992.4609,0,0
39.933116,-15.1172,87.7148,-992.2852,0,0
39.937090,-15.1172,87.8906,-992.1094,0,0
39.941156,-15.1172,87.8906,-992.1094,0,0
39.945123,-15.1172,87.8906,-992.1094,0,0
39.949090,-15.1172,88.0664,-991.9336,0,0
39.953064,-15.1172,88.0664,-991.9336,0,0
39.957071,-15.1172,88.2422,-991.7578,0,0
39.961088,-15.1172,88.2422,-991.7578,0,0
39.965161,-15.1172,88.4180,-991.5820,0,0
39.969130,-15.1172,88.5938,-991.4062,0,0
39.973096,-15.1172,88.5938,-991.4062,0,0
39.977161,-15.1172,88.7695,-991.2305,0,0
39.981130,-15.1172,88.7695,-991.2305,0,0
39.985096,-15.1172,88.9453,-991.0547,0,0
39.989161,-15.1172,88.9453,-991.0547,0,0
39.993130,-15.1172,89.1211,-990.8789,0,0
39.997096,-15.1172,89.2969,-990.7031,0,0
40.001161,-15.1172,89.2969,-990.7031,0,0
40.005130,-15.1172,89.4727,-990.5273,0,0
40.010694,-15.1172,89.4727,-990.5273,0,0
40.013082,-15.1172,89.6484,-990.3516,0,0
40.017152,-15.1172,89.6484,-990.3516,0,0
40.021123,-15.1172,89.8242,-990.1758,0,0
40.025090,-15.1172,89.8242,-990.1758,0,0
40.029156,-15.1172,90.0000,-990.0000,0,0
40.033123,-15.1172,90.0000,-990.0000,0,0
40.037090,-15.1172,90.1758,-989.8242,0,0
40.041156,-15.1172,90.1758,-989.8242,0,0
40.045123,-15.1172,90.1758,-989.8242,0,0
40.049090,-15.1172,90.3516,-989.6484,0,0
40.053161,-15.1172,90.3516,-989.6484,0,0
40.057130,-15.1172,90.3516,-989.6484,0,0
40.061096,-15.1172,90.3516,-989.6484,0,0
40.065122,-15.1172,90.5273,-989.4727,0,0
40.069070,-15.1172,90.5273,-989.4727,0,0
40.073160,-15.1172,90.7031,-989.2969,0,0
40.077305,-15.1172,90.7031,-989.2969,0,0
40.081114,-15.1172,90.7031,-989.2969,0,0
40.085082,-15.1172,90.7031,-989.2969,0,0
40.089145,-15.1172,90.7031,-989.2969,0,0
40.093082,-15.1172,90.7031,-989.2969,0,0
40.097241,-15.1172,90.7031,-989.2969,0,0
40.101105,-15.1172,90.8789,-989.1211,0,0
40.105110,-15.1172,90.8789,-989.1211,0,0
40.111166,-15.1172,90.8789,-989.1211,0,0
40.113078,-15.1172,90.8789,-989.1211,0,0
40.117145,-15.1172,90.8789,-989.1211,0,0
40.121116,-15.1172,90.8789,-989.1211,0,0
40.125108,-15.1172,90.8789,-989.1211,0,0
40.129114,-15.1172,90.8789,-989.1211,0,0
40.133082,-15.1172,90.7031,-989.2969,0,0
40.137145,-15.1172,90.7031,-989.2969,0,0
40.141116,-15.1172,90.7031,-989.2969,0,0
40.145126,-15.1172,90.7031,-989.2969,0,0
40.149149,-15.1172,90.7031,-989.2969,0,0
40.153103,-15.1172,90.7031,-989.2969,0,0
40.157097,-15.1172,90.5273,-989.4727,0,0
40.161123,-15.1172,90.5273,-989.4727,0,0
40.165129,-15.1172,90.3516,-989.6484,0,0
40.169124,-15.1172,90.3516,-989.6484,0,0
40.173137,-15.1172,90.3516,-989.6484,0,0
40.177107,-15.1172,90.3516,-989.6484,0,0
40.181078,-15.1172,90.1758,-989.8242,0,0
40.185145,-15.1172,90.1758,-989.8242,0,0
40.189116,-15.1172,90.1758,-989.8242,0,0
40.193082,-15.1172,90.0000,-990.0000,0,0
40.197145,-15.1172,90.0000,-990.0000,0,0
40.201116,-15.1172,89.8242,-990.1758,0,0
40.205082,-15.1172,89.8242,-990.1758,0,0
40.210670,-15.1172,89.6484,-990.3516,0,0
40.213160,-15.1172,89.6484,-990.3516,0,0
40.217137,-15.1172,89.4727,-990.5273,0,0
40.221107,-15.1172,89.4727,-990.5273,0,0
40.225078,-15.1172,89.4727,-990.5273,0,0
40.229145,-15.1172,89.2969,-990.7031,0,0
40.233116,-15.1172,89.2969,-990.7031,0,0
40.237082,-15.1172,89.1211,-990.8789,0,0
40.241145,-15.1172,88.9453,-991.0547,0,0
40.245116,-15.1172,88.9453,-991.0547,0,0
40.249082,-15.1172,88.7695,-991.2305,0,0
40.253156,-15.1172,88.7695,-991.2305,0,0
40.257123,-15.1172,88.5938,-991.4062,0,0
40.261090,-15.1172,88.5938,-991.4062,0,0
40.265156,-15.1172,88.4180,-991.5820,0,0
40.269072,-15.1172,88.4180,-991.5820,0,0
40.273161,-15.1172,88.2422,-991.7578,0,0
40.277130,-15.1172,88.2422,-991.7578,0,0
40.281096,-15.1172,88.0664,-991.9336,0,0
40.285161,-15.1172,88.0664,-991.9336,0,0
40.289130,-15.1172,87.8906,-992.1094,0,0
40.293096,-15.1172,87.8906,-992.1094,0,0
40.297161,-15.1172,87.7148,-992.2852,0,0
40.301130,-15.1172,87.7148,-992.2852,0,0
40.305096,-15.1172,87.5391,-992.4609,0,0
40.310667,-15.1172,87.5391,-992.4609,0,0
40.313152,-15.1172,87.3633,-992.6367,0,0
40.317134,-15.1172,87.3633,-992.6367,0,0
40.321114,-15.1172,87.3633,-992.6367,0,0
40.325082,-15.1172,87.1875,-992.8125,0,0
40.329145,-15.1172,87.1875,-992.8125,0,0
40.333116,-15.1172,87.1875,-992.8125,0,0
40.337082,-15.1172,87.0117,-992.9883,0,0
40.341145,-15.1172,87.0117,-992.9883,0,0
40.345116,-15.1172,86.8359,-993.1641,0,0
40.349082,-15.1172,86.8359,-993.1641,0,0
40.353156,-15.1172,86.8359,-993.1641,0,0
40.357123,-15.1172,86.8359,-993.1641,0,0
40.361090,-15.1172,86.6602,-993.3398,0,0
40.365074,-15.1172,86.6602,-993.3398,0,0
40.369142,-15.1172,86.6602,-993.3398,0,0
40.373096,-15.1172,86.6602,-993.3398,0,0
40.377161,-15.1172,86.6602,-993.3398,0,0
40.381130,-15.1172,86.6602,-993.3398,0,0
40.385096,-15.1172,86.4844,-993.5156,0,0
40.389161,-15.1172,86.4844,-993.5156,0,0
40.393130,-15.1172,86.4844,-993.5156,0,0
40.397096,-15.1172,86.4844,-993.5156,0,0
40.401073,-15.1172,86.4844,-993.5156,0,0
40.405137,-15.1172,86.4844,-993.5156,0,0
40.410663,-15.1172,86.4844,-993.5156,0,0
40.413145,-15.1172,86.4844,-993.5156,0,0
40.417138,-15.1172,86.4844,-993.5156,0,0
40.421156,-15.1172,86.6602,-993.3398,0,0
40.426668,-15.1172,86.6602,-993.3398,0,0
40.429141,-15.1172,86.6602,-993.3398,0,0
40.433119,-15.1172,86.6602,-993.3398,0,0
40.437090,-15.1172,86.6602,-993.3398,0,0
40.441125,-15.1172,86.8359,-993.1641,0,0
40.445090,-15.1172,86.8359,-993.1641,0,0
40.449123,-15.1172,86.8359,-993.1641,0,0
40.453122,-15.1172,86.8359,-993.1641,0,0
40.457239,-15.1172,86.8359,-993.1641,0,0
40.461071,-15.1172,87.0117,-992.9883,0,0
40.465080,-15.1172,87.0117,-992.9883,0,0
40.469145,-15.1172,87.1875,-992.8125,0,0
40.473105,-15.1172,87.1875,-992.8125,0,0
40.477074,-15.1172,87.1875,-992.8125,0,0
40.481160,-15.1172,87.3633,-992.6367,0,0
40.485116,-15.1172,87.3633,-992.6367,0,0
40.489090,-15.1172,87.5391,-992.4609,0,0
40.493074,-15.1172,87.5391,-992.4609,0,0
40.497142,-15.1172,87.5391,-992.4609,0,0
40.501114,-15.1172,87.7148,-992.2852,0,0
40.505082,-15.1172,87.8906,-992.1094,0,0
40.510917,-15.1172,87.8906,-992.1094,0,0
40.513130,-15.1172,87.8906,-992.1094,0,0
40.517104,-15.1172,88.0664,-991.9336,0,0
40.521074,-15.1172,88.0664,-991.9336,0,0
40.525142,-15.1172,88.2422,-991.7578,0,0
40.529106,-15.1172,88.2422,-991.7578,0,0
40.533074,-15.1172,88.4180,-991.5820,0,0
40.537142,-15.1172,88.4180,-991.5820,0,0
40.541114,-15.1172,88.5938,-991.4062,0,0
40.545082,-15.1172,88.5938,-991.4062,0,0
40.549145,-15.1172,88.7695,-991.2305,0,0
40.553128,-15.1172,88.7695,-991.2305,0,0
40.557107,-15.1172,88.9453,-991.0547,0,0
40.561078,-15.1172,88.9453,-991.0547,0,0
40.565145,-15.1172,88.9453,-991.0547,0,0
40.569116,-15.1172,89.1211,-990.8789,0,0
40.573082,-15.1172,89.2969,-990.7031,0,0
40.577156,-15.1172,89.2969,-990.7031,0,0
40.581071,-15.1172,89.2969,-990.7031,0,0
40.585137,-15.1172,89.4727,-990.5273,0,0
40.589107,-15.1172,89.4727,-990.5273,0,0
40.593078,-15.1172,89.4727,-990.5273,0,0
40.597145,-15.1172,89.6484,-990.3516,0,0
40.601116,-15.1172,89.6484,-990.3516,0,0
40.605082,-15.1172,89.8242,-990.1758,0,0
40.610648,-15.1172,89.8242,-990.1758,0,0
40.613133,-15.1172,90.0000,-990.0000,0,0
40.617107,-15.1172,90.0000,-990.0000,0,0
40.621078,-15.1172,90.0000,-990.0000,0,0
40.625145,-15.1172,90.1758,-989.8242,0,0
40.629116,-15.1172,90.1758,-989.8242,0,0
40.633082,-15.1172,90.1758,-989.8242,0,0
40.637145,-15.1172,90.1758,-989.8242,0,0
40.641116,-15.1172,90.3516,-989.6484,0,0
40.645082,-15.1172,90.3516,-989.6484,0,0
40.649161,-15.1172,90.3516,-989.6484,0,0
40.653152,-15.1172,90.3516,-989.6484,0,0
40.657123,-15.1172,90.3516,-989.6484,0,0
40.661090,-15.1172,90.3516,-989.6484,0,0
40.665156,-15.1172,90.5273,-989.4727,0,0
40.669123,-15.1172,90.5273,-989.4727,0,0
40.673090,-15.1172,90.5273,-989.4727,0,0
40.677156,-15.1172,90.5273,-989.4727,0,0
40.681080,-15.1172,90.5273,-989.4727,0,0
40.685145,-15.1172,90.5273,-989.4727,0,0
40.689116,-15.1172,90.5273,-989.4727,0,0
40.693082,-15.1172,90.5273,-989.4727,0,0
40.697145,-15.1172,90.5273,-989.4727,0,0
40.701116,-15.1172,90.5273,-989.4727,0,0
40.705082,-15.1172,90.5273,-989.4727,0,0
40.710753,-15.1172,90.5273,-989.4727,0,0
40.713142,-15.1172,90.5273,-989.4727,0,0
40.717160,-15.1172,90.5273,-989.4727,0,0
40.721144,-15.1172,90.3516,-989.6484,0,0
40.725114,-15.1172,90.3516,-989.6484,0,0
40.729149,-15.1172,90.3516,-989.6484,0,0
40.734598,-15.1172,90.3516,-989.6484,0,0
40.737361,-15.1172,90.3516,-989.6484,0,0
40.741159,-15.1172,90.1758,-989.8242,0,0
40.745507,-15.1172,90.1758,-989.8242,0,0
40.749109,-15.1172,90.1758,-989.8242,0,0
40.753091,-15.1172,90.1758,-989.8242,0,0
40.757152,-15.1172,90.0000,-990.0000,0,0
40.761137,-15.1172,90.0000,-990.0000,0,0
40.765107,-15.1172,90.0000,-990.0000,0,0
40.769078,-15.1172,89.8242,-990.1758,0,0
40.773145,-15.1172,89.8242,-990.1758,0,0
40.777116,-15.1172,89.6484,-990.3516,0,0
40.781096,-15.1172,89.6484,-990.3516,0,0
40.785109,-15.1172,89.6484,-990.3516,0,0
40.789082,-15.1172,89.4727,-990.5273,0,0
40.793145,-15.1172,89.4727,-990.5273,0,0
40.797116,-15.1172,89.4727,-990.5273,0,0
40.801082,-15.1172,89.2969,-990.7031,0,0
40.805145,-15.1172,89.2969,-990.7031,0,0
40.810876,-15.1172,89.1211,-990.8789,0,0
40.813074,-15.1172,89.1211,-990.8789,0,0
40.817142,-15.1172,88.9453,-991.0547,0,0
40.821114,-15.1172,88.9453,-991.0547,0,0
40.825082,-15.1172,88.7695,-991.2305,0,0
40.829145,-15.1172,88.7695,-991.2305,0,0
40.833116,-15.1172,88.7695,-991.2305,0,0
40.837082,-15.1172,88.5938,-991.4062,0,0
40.841145,-15.1172,88.5938,-991.4062,0,0
40.845116,-15.1172,88.4180,-991.5820,0,0
40.849082,-15.1172,88.2422,-991.7578,0,0
40.853156,-15.1172,88.2422,-991.7578,0,0
40.857123,-15.1172,88.2422,-991.7578,0,0
40.861090,-15.1172,88.0664,-991.9336,0,0
40.865123,-15.1172,88.0664,-991.9336,0,0
40.869090,-15.1172,87.8906,-992.1094,0,0
40.873156,-15.1172,87.8906,-992.1094,0,0
40.877123,-15.1172,87.7148,-992.2852,0,0
40.881090,-15.1172,87.7148,-992.2852,0,0
40.885111,-15.1172,87.5391,-992.4609,0,0
40.889111,-15.1172,87.5391,-992.4609,0,0
40.893082,-15.1172,87.5391,-992.4609,0,0
40.897145,-15.1172,87.3633,-992.6367,0,0
40.901116,-15.1172,87.3633,-992.6367,0,0
40.905082,-15.1172,87.3633,-992.6367,0,0
40.910648,-15.1172,87.1875,-992.8125,0,0
40.913142,-15.1172,87.1875,-992.8125,0,0
40.917114,-15.1172,87.1875,-992.8125,0,0
40.921082,-15.1172,87.1875,-992.8125,0,0
40.925145,-15.1172,87.0117,-992.9883,0,0
40.929116,-15.1172,87.0117,-992.9883,0,0
40.933082,-15.1172,87.0117,-992.9883,0,0
40.937145,-15.1172,86.8359,-993.1641,0,0
40.941116,-15.1172,86.8359,-993.1641,0,0
40.945082,-15.1172,86.8359,-993.1641,0,0
40.949145,-15.1172,86.8359,-993.1641,0,0
40.953127,-15.1172,86.8359,-993.1641,0,0
40.957102,-15.1172,86.8359,-993.1641,0,0
40.961082,-15.1172,86.8359,-993.1641,0,0
40.965145,-15.1172,86.6602,-993.3398,0,0
40.969116,-15.1172,86.6602,-993.3398,0,0
40.973082,-15.1172,86.6602,-993.3398,0,0
40.977145,-15.1172,86.6602,-993.3398,0,0
40.981116,-15.1172,86.6602,-993.3398,0,0
40.985129,-15.1172,86.6602,-993.3398,0,0
40.989126,-15.1172,86.6602,-993.3398,0,0
40.993096,-15.1172,86.6602,-993.3398,0,0
40.997127,-15.1172,86.6602,-993.3398,0,0
41.001124,-15.1172,86.8359,-993.1641,0,0
41.005152,-15.1172,86.8359,-993.1641,0,0
41.010640,-15.1172,86.8359,-993.1641,0,0
41.013136,-15.1172,86.8359,-993.1641,0,0
41.018835,-15.1172,86.8359,-993.1641,0,0
41.021087,-15.1172,86.8359,-993.1641,0,0
41.025096,-15.1172,87.0117,-992.9883,0,0
41.029076,-15.1172,87.0117,-992.9883,0,0
41.033145,-15.1172,87.0117,-992.9883,0,0
41.037144,-15.1172,87.1875,-992.8125,0,0
41.041130,-15.1172,87.1875,-992.8125,0,0
41.045160,-15.1172,87.1875,-992.8125,0,0
41.049097,-15.1172,87.3633,-992.6367,0,0
41.053070,-15.1172,87.3633,-992.6367,0,0
41.057145,-15.1172,87.3633,-992.6367,0,0
41.061130,-15.1172,87.5391,-992.4609,0,0
41.065096,-15.1172,87.5391,-992.4609,0,0
41.069161,-15.1172,87.5391,-992.4609,0,0
41.073130,-15.1172,87.5391,-992.4609,0,0
41.077096,-15.1172,87.7148,-992.2852,0,0
41.081161,-15.1172,87.8906,-992.1094,0,0
41.085130,-15.1172,87.8906,-992.1094,0,0
41.089128,-15.1172,87.8906,-992.1094,0,0
41.093145,-15.1172,88.0664,-991.9336,0,0
41.097116,-15.1172,88.0664,-991.9336,0,0
41.101082,-15.1172,88.2422,-991.7578,0,0
41.105145,-15.1172,88.2422,-991.7578,0,0
41.111107,-15.1172,88.4180,-991.5820,0,0
41.113128,-15.1172,88.4180,-991.5820,0,0
41.117104,-15.1172,88.5938,-991.4062,0,0
41.121074,-15.1172,88.5938,-991.4062,0,0
41.125142,-15.1172,88.7695,-991.2305,0,0
41.129114,-15.1172,88.7695,-991.2305,0,0
41.133082,-15.1172,88.7695,-991.2305,0,0
41.137145,-15.1172,88.9453,-991.0547,0,0
41.141116,-15.1172,88.9453,-991.0547,0,0
41.145082,-15.1172,89.1211,-990.8789,0,0
41.149145,-15.1172,89.1211,-990.8789,0,0
41.153129,-15.1172,89.2969,-990.7031,0,0
41.157096,-15.1172,89.2969,-990.7031,0,0
41.161161,-15.1172,89.4727,-990.5273,0,0
41.165130,-15.1172,89.4727,-990.5273,0,0
41.169096,-15.1172,89.4727,-990.5273,0,0
41.173161,-15.1172,89.6484,-990.3516,0,0
41.177130,-15.1172,89.6484,-990.3516,0,0
41.181096,-15.1172,89.6484,-990.3516,0,0
41.185161,-15.1172,89.8242,-990.1758,0,0
41.189130,-15.1172,89.8242,-990.1758,0,0
41.193070,-15.1172,90.0000,-990.0000,0,0
41.197137,-15.1172,90.0000,-990.0000,0,0
41.201107,-15.1172,90.0000,-990.0000,0,0
41.205078,-15.1172,90.0000,-990.0000,0,0
41.210648,-15.1172,90.1758,-989.8242,0,0
41.213133,-15.1172,90.1758,-989.8242,0,0
41.217107,-15.1172,90.1758,-989.8242,0,0
41.221078,-15.1172,90.1758,-989.8242,0,0
41.225145,-15.1172,90.3516,-989.6484,0,0
41.229116,-15.1172,90.3516,-989.6484,0,0
41.233082,-15.1172,90.3516,-989.6484,0,0
41.237145,-15.1172,90.3516,-989.6484,0,0
41.241116,-15.1172,90.3516,-989.6484,0,0
41.245082,-15.1172,90.3516,-989.6484,0,0
41.249080,-15.1172,90.3516,-989.6484,0,0
41.253156,-15.1172,90.3516,-989.6484,0,0
41.257123,-15.1172,90.3516,-989.6484,0,0
41.261090,-15.1172,90.3516,-989.6484,0,0
41.265156,-15.1172,90.3516,-989.6484,0,0
41.269123,-15.1172,90.3516,-989.6484,0,0
41.273090,-15.1172,90.3516,-989.6484,0,0
41.277156,-15.1172,90.3516,-989.6484,0,0
41.281123,-15.1172,90.3516,-989.6484,0,0
41.285090,-15.1172,90.3516,-989.6484,0,0
41.289156,-15.1172,90.3516,-989.6484,0,0
41.293078,-15.1172,90.3516,-989.6484,0,0
41.297131,-15.1172,90.3516,-989.6484,0,0
41.301163,-15.1172,90.3516,-989.6484,0,0
41.305137,-15.1172,90.1758,-989.8242,0,0
41.310739,-15.1172,90.1758,-989.8242,0,0
41.313134,-15.1172,90.1758,-989.8242,0,0
41.317121,-15.1172,90.1758,-989.8242,0,0
41.321113,-15.1172,90.1758,-989.8242,0,0
41.325082,-15.1172,90.0000,-990.0000,0,0
41.329145,-15.1172,90.0000,-990.0000,0,0
41.333132,-15.1172,90.0000,-990.0000,0,0
41.337821,-15.1172,89.8242,-990.1758,0,0
41.341090,-15.1172,89.8242,-990.1758,0,0
41.345152,-15.1172,89.6484,-990.3516,0,0
41.349123,-15.1172,89.6484,-990.3516,0,0
41.353110,-15.1172,89.6484,-990.3516,0,0
41.357110,-15.1172,89.4727,-990.5273,0,0
41.361113,-15.1172,89.4727,-990.5273,0,0
41.365161,-15.1172,89.4727,-990.5273,0,0
41.369132,-15.1172,89.2969,-990.7031,0,0
41.373160,-15.1172,89.2969,-990.7031,0,0
41.377072,-15.1172,89.2969,-990.7031,0,0
41.381126,-15.1172,89.1211,-990.8789,0,0
41.385096,-15.1172,88.9453,-991.0547,0,0
41.389161,-15.1172,88.9453,-991.0547,0,0
41.393130,-15.1172,88.9453,-991.0547,0,0
41.397073,-15.1172,88.7695,-991.2305,0,0
41.401096,-15.1172,88.7695,-991.2305,0,0
41.405161,-15.1172,88.5938,-991.4062,0,0
41.410896,-15.1172,88.5938,-991.4062,0,0
41.413082,-15.1172,88.5938,-991.4062,0,0
41.417152,-15.1172,88.4180,-991.5820,0,0
41.421123,-15.1172,88.2422,-991.7578,0,0
41.425090,-15.1172,88.2422,-991.7578,0,0
41.429156,-15.1172,88.2422,-991.7578,0,0
41.433123,-15.1172,88.0664,-991.9336,0,0
41.437090,-15.1172,88.0664,-991.9336,0,0
41.441156,-15.1172,87.8906,-992.1094,0,0
41.445123,-15.1172,87.8906,-992.1094,0,0
41.449090,-15.1172,87.8906,-992.1094,0,0
41.453064,-15.1172,87.7148,-992.2852,0,0
41.457161,-15.1172,87.7148,-992.2852,0,0
41.461130,-15.1172,87.5391,-992.4609,0,0
41.465096,-15.1172,87.5391,-992.4609,0,0
41.469161,-15.1172,87.5391,-992.4609,0,0
41.473130,-15.1172,87.3633,-992.6367,0,0
41.477096,-15.1172,87.3633,-992.6367,0,0
41.481161,-15.1172,87.3633,-992.6367,0,0
41.485130,-15.1172,87.1875,-992.8125,0,0
41.489096,-15.1172,87.1875,-992.8125,0,0
41.493161,-15.1172,87.1875,-992.8125,0,0
41.497155,-15.1172,87.1875,-992.8125,0,0
41.501071,-15.1172,87.1875,-992.8125,0,0
41.505137,-15.1172,87.0117,-992.9883,0,0
41.510708,-15.1172,87.0117,-992.9883,0,0
41.513101,-15.1172,87.0117,-992.9883,0,0
41.517074,-15.1172,86.8359,-993.1641,0,0
41.521142,-15.1172,86.8359,-993.1641,0,0
41.525114,-15.1172,86.8359,-993.1641,0,0
41.529082,-15.1172,86.8359,-993.1641,0,0
41.533145,-15.1172,86.8359,-993.1641,0,0
41.537116,-15.1172,86.8359,-993.1641,0,0
41.541082,-15.1172,86.8359,-993.1641,0,0
41.545167,-15.1172,86.8359,-993.1641,0,0
41.549137,-15.1172,86.8359,-993.1641,0,0
41.553116,-15.1172,86.8359,-993.1641,0,0
41.557082,-15.1172,86.8359,-993.1641,0,0
41.561145,-15.1172,86.8359,-993.1641,0,0
41.565116,-15.1172,86.8359,-993.1641,0,0
41.569082,-15.1172,86.8359,-993.1641,0,0
41.573145,-15.1172,86.8359,-993.1641,0,0
41.577116,-15.1172,86.8359,-993.1641,0,0
41.581082,-15.1172,86.8359,-993.1641,0,0
41.585145,-15.1172,87.0117,-992.9883,0,0
41.589116,-15.1172,87.0117,-992.9883,0,0
41.593082,-15.1172,87.0117,-992.9883,0,0
41.597145,-15.1172,87.1875,-992.8125,0,0
41.601090,-15.1172,87.1875,-992.8125,0,0
41.605082,-15.1172,87.1875,-992.8125,0,0
41.610648,-15.1172,87.1875,-992.8125,0,0
41.613133,-15.1172,87.3633,-992.6367,0,0
41.617107,-15.1172,87.3633,-992.6367,0,0
41.621078,-15.1172,87.3633,-992.6367,0,0
41.625145,-15.1172,87.5391,-992.4609,0,0
41.629124,-15.1172,87.5391,-992.4609,0,0
41.633088,-15.1172,87.5391,-992.4609,0,0
41.637102,-15.1172,87.5391,-992.4609,0,0
41.641104,-15.1172,87.7148,-992.2852,0,0
41.645074,-15.1172,87.8906,-992.1094,0,0
41.649161,-15.1172,87.8906,-992.1094,0,0
41.653145,-15.1172,87.8906,-992.1094,0,0
41.657115,-15.1172,88.0664,-991.9336,0,0
41.661082,-15.1172,88.0664,-991.9336,0,0
41.665164,-15.1172,88.2422,-991.7578,0,0
41.670447,-15.1172,88.2422,-991.7578,0,0
41.673160,-15.1172,88.2422,-991.7578,0,0
41.677110,-15.1172,88.4180,-991.5820,0,0
41.681090,-15.1172,88.4180,-991.5820,0,0
41.685160,-15.1172,88.5938,-991.4062,0,0
41.689121,-15.1172,88.5938,-991.4062,0,0
41.693087,-15.1172,88.5938,-991.4062,0,0
41.697135,-15.1172,88.7695,-991.2305,0,0
41.701102,-15.1172,88.7695,-991.2305,0,0
41.705144,-15.1172,88.9453,-991.0547,0,0
41.710893,-15.1172,88.9453,-991.0547,0,0
41.713104,-15.1172,88.9453,-991.0547,0,0
41.717070,-15.1172,89.1211,-990.8789,0,0
41.721130,-15.1172,89.1211,-990.8789,0,0
41.725119,-15.1172,89.2969,-990.7031,0,0
41.729143,-15.1172,89.2969,-990.7031,0,0
41.733105,-15.1172,89.4727,-990.5273,0,0
41.737087,-15.1172,89.4727,-990.5273,0,0
41.741143,-15.1172,89.4727,-990.5273,0,0
41.745130,-15.1172,89.4727,-990.5273,0,0
41.749113,-15.1172,89.6484,-990.3516,0,0
41.753143,-15.1172,89.6484,-990.3516,0,0
41.757152,-15.1172,89.6484,-990.3516,0,0
41.761118,-15.1172,89.8242,-990.1758,0,0
41.765090,-15.1172,89.8242,-990.1758,0,0
41.769156,-15.1172,90.0000,-990.0000,0,0
41.773123,-15.1172,90.0000,-990.0000,0,0
41.777090,-15.1172,90.0000,-990.0000,0,0
41.781156,-15.1172,90.0000,-990.0000,0,0
41.785123,-15.1172,90.0000,-990.0000,0,0
41.789090,-15.1172,90.0000,-990.0000,0,0
41.793156,-15.1172,90.1758,-989.8242,0,0
41.797123,-15.1172,90.1758,-989.8242,0,0
41.801090,-15.1172,90.1758,-989.8242,0,0
41.805068,-15.1172,90.1758,-989.8242,0,0
41.810718,-15.1172,90.1758,-989.8242,0,0
41.813112,-15.1172,90.1758,-989.8242,0,0
41.817082,-15.1172,90.1758,-989.8242,0,0
41.821145,-15.1172,90.1758,-989.8242,0,0
41.825116,-15.1172,90.1758,-989.8242,0,0
41.829082,-15.1172,90.1758,-989.8242,0,0
41.833145,-15.1172,90.1758,-989.8242,0,0
41.837116,-15.1172,90.1758,-989.8242,0,0
41.841082,-15.1172,90.1758,-989.8242,0,0
41.845145,-15.1172,90.1758,-989.8242,0,0
41.849116,-15.1172,90.1758,-989.8242,0,0
41.853098,-15.1172,90.1758,-989.8242,0,0
41.857161,-15.1172,90.1758,-989.8242,0,0
41.861168,-15.1172,90.1758,-989.8242,0,0
41.865096,-15.1172,90.1758,-989.8242,0,0
41.869161,-15.1172,90.1758,-989.8242,0,0
41.873130,-15.1172,90.1758,-989.8242,0,0
41.877096,-15.1172,90.1758,-989.8242,0,0
41.881082,-15.1172,90.0000,-990.0000,0,0
41.885145,-15.1172,90.0000,-990.0000,0,0
41.889116,-15.1172,90.0000,-990.0000,0,0
41.893082,-15.1172,90.0000,-990.0000,0,0
41.897145,-15.1172,89.8242,-990.1758,0,0
41.901116,-15.1172,89.8242,-990.1758,0,0
41.905082,-15.1172,89.8242,-990.1758,0,0
41.910704,-15.1172,89.6484,-990.3516,0,0
41.913102,-15.1172,89.6484,-990.3516,0,0
41.917096,-15.1172,89.6484,-990.3516,0,0
41.921161,-15.1172,89.4727,-990.5273,0,0
41.925130,-15.1172,89.4727,-990.5273,0,0
41.929096,-15.1172,89.4727,-990.5273,0,0
41.933161,-15.1172,89.2969,-990.7031,0,0
41.937130,-15.1172,89.2969,-990.7031,0,0
41.941096,-15.1172,89.2969,-990.7031,0,0
41.945161,-15.1172,89.1211,-990.8789,0,0
41.949130,-15.1172,89.1211,-990.8789,0,0
41.953104,-15.1172,88.9453,-991.0547,0,0
41.957074,-15.1172,88.9453,-991.0547,0,0
41.961142,-15.1172,88.9453,-991.0547,0,0
41.965114,-15.1172,88.7695,-991.2305,0,0
41.969082,-15.1172,88.7695,-991.2305,0,0
41.973145,-15.1172,88.7695,-991.2305,0,0
41.977116,-15.1172,88.5938,-991.4062,0,0
41.981082,-15.1172,88.5938,-991.4062,0,0
41.985145,-15.1172,88.4180,-991.5820,0,0
41.989116,-15.1172,88.4180,-991.5820,0,0
41.993082,-15.1172,88.2422,-991.7578,0,0
41.997145,-15.1172,88.2422,-991.7578,0,0
42.001146,-15.1172,88.2422,-991.7578,0,0
42.005104,-15.1172,88.0664,-991.9336,0,0
42.010696,-15.1172,88.0664,-991.9336,0,0
42.013090,-15.1172,88.0664,-991.9336,0,0
42.017096,-15.1172,87.8906,-992.1094,0,0
42.021161,-15.1172,87.8906,-992.1094,0,0
42.025130,-15.1172,87.8906,-992.1094,0,0
42.029096,-15.1172,87.7148,-992.2852,0,0
42.033161,-15.1172,87.7148,-992.2852,0,0
42.037065,-15.1172,87.5391,-992.4609,0,0
42.041139,-15.1172,87.5391,-992.4609,0,0
42.045120,-15.1172,87.5391,-992.4609,0,0
42.049106,-15.1172,87.5391,-992.4609,0,0
42.053085,-15.1172,87.3633,-992.6367,0,0
42.057079,-15.1172,87.3633,-992.6367,0,0
42.061096,-15.1172,87.3633,-992.6367,0,0
42.065098,-15.1172,87.3633,-992.6367,0,0
42.069160,-15.1172,87.1875,-992.8125,0,0
42.073128,-15.1172,87.1875,-992.8125,0,0
42.077097,-15.1172,87.1875,-992.8125,0,0
42.081071,-15.1172,87.1875,-992.8125,0,0
42.085094,-15.1172,87.1875,-992.8125,0,0
42.089090,-15.1172,87.1875,-992.8125,0,0
42.093152,-15.1172,87.0117,-992.9883,0,0
42.097122,-15.1172,87.0117,-992.9883,0,0
42.101090,-15.1172,87.0117,-992.9883,0,0
42.105152,-15.1172,87.0117,-992.9883,0,0
42.111102,-15.1172,87.0117,-992.9883,0,0
42.113115,-15.1172,87.0117,-992.9883,0,0
42.117128,-15.1172,87.0117,-992.9883,0,0
42.121096,-15.1172,87.0117,-992.9883,0,0
42.125124,-15.1172,87.0117,-992.9883,0,0
42.129090,-15.1172,87.0117,-992.9883,0,0
42.133096,-15.1172,87.0117,-992.9883,0,0
42.137128,-15.1172,87.0117,-992.9883,0,0
42.141097,-15.1172,87.0117,-992.9883,0,0
42.145106,-15.1172,87.0117,-992.9883,0,0
42.149134,-15.1172,87.0117,-992.9883,0,0
42.153162,-15.1172,87.1875,-992.8125,0,0
42.157137,-15.1172,87.1875,-992.8125,0,0
42.161107,-15.1172,87.1875,-992.8125,0,0
42.165066,-15.1172,87.1875,-992.8125,0,0
42.169137,-15.1172,87.1875,-992.8125,0,0
42.173107,-15.1172,87.3633,-992.6367,0,0
42.177078,-15.1172,87.3633,-992.6367,0,0
42.181145,-15.1172,87.3633,-992.6367,0,0
42.185116,-15.1172,87.3633,-992.6367,0,0
42.189082,-15.1172,87.5391,-992.4609,0,0
42.193145,-15.1172,87.5391,-992.4609,0,0
42.197116,-15.1172,87.5391,-992.4609,0,0
42.201082,-15.1172,87.5391,-992.4609,0,0
42.205145,-15.1172,87.7148,-992.2852,0,0
42.210635,-15.1172,87.7148,-992.2852,0,0
42.213127,-15.1172,87.8906,-992.1094,0,0
42.217096,-15.1172,87.8906,-992.1094,0,0
42.221161,-15.1172,87.8906,-992.1094,0,0
42.225130,-15.1172,88.0664,-991.9336,0,0
42.229096,-15.1172,88.0664,-991.9336,0,0
42.233161,-15.1172,88.0664,-991.9336,0,0
42.237119,-15.1172,88.2422,-991.7578,0,0
42.241090,-15.1172,88.2422,-991.7578,0,0
42.245156,-15.1172,88.2422,-991.7578,0,0
42.249123,-15.1172,88.4180,-991.5820,0,0
42.253126,-15.1172,88.4180,-991.5820,0,0
42.257096,-15.1172,88.5938,-991.4062,0,0
42.261161,-15.1172,88.5938,-991.4062,0,0
42.265130,-15.1172,88.5938,-991.4062,0,0
42.269096,-15.1172,88.7695,-991.2305,0,0
42.273161,-15.1172,88.7695,-991.2305,0,0
42.277130,-15.1172,88.9453,-991.0547,0,0
42.281096,-15.1172,88.9453,-991.0547,0,0
42.285161,-15.1172,88.9453,-991.0547,0,0
42.289130,-15.1172,88.9453,-991.0547,0,0
42.293096,-15.1172,89.1211,-990.8789,0,0
42.297161,-15.1172,89.2969,-990.7031,0,0
42.301130,-15.1172,89.2969,-990.7031,0,0
42.305096,-15.1172,89.2969,-990.7031,0,0
42.310666,-15.1172,89.2969,-990.7031,0,0
42.313152,-15.1172,89.4727,-990.5273,0,0
42.317104,-15.1172,89.4727,-990.5273,0,0
42.321074,-15.1172,89.4727,-990.5273,0,0
42.325097,-15.1172,89.6484,-990.3516,0,0
42.329161,-15.1172,89.6484,-990.3516,0,0
42.333130,-15.1172,89.6484,-990.3516,0,0
42.337096,-15.1172,89.6484,-990.3516,0,0
42.341161,-15.1172,89.8242,-990.1758,0,0
42.345130,-15.1172,89.8242,-990.1758,0,0
42.349096,-15.1172,89.8242,-990.1758,0,0
42.353075,-15.1172,90.0000,-990.0000,0,0
42.357145,-15.1172,90.0000,-990.0000,0,0
42.361151,-15.1172,90.0000,-990.0000,0,0
42.365137,-15.1172,90.0000,-990.0000,0,0
42.369107,-15.1172,90.0000,-990.0000,0,0
42.373078,-15.1172,90.0000,-990.0000,0,0
42.377145,-15.1172,90.0000,-990.0000,0,0
42.381160,-15.1172,90.1758,-989.8242,0,0
42.385130,-15.1172,90.1758,-989.8242,0,0
42.389096,-15.1172,90.1758,-989.8242,0,0
42.393161,-15.1172,90.1758,-989.8242,0,0
42.397159,-15.1172,90.1758,-989.8242,0,0
42.401080,-15.1172,90.1758,-989.8242,0,0
42.405104,-15.1172,90.1758,-989.8242,0,0
42.410673,-15.1172,90.1758,-989.8242,0,0
42.413160,-15.1172,90.1758,-989.8242,0,0
42.417164,-15.1172,90.1758,-989.8242,0,0
42.421164,-15.1172,90.1758,-989.8242,0,0
42.425071,-15.1172,90.1758,-989.8242,0,0
42.429070,-15.1172,90.1758,-989.8242,0,0
42.433152,-15.1172,90.0000,-990.0000,0,0
42.437123,-15.1172,90.0000,-990.0000,0,0
42.441113,-15.1172,90.0000,-990.0000,0,0
42.445259,-15.1172,90.0000,-990.0000,0,0
42.449226,-15.1172,90.0000,-990.0000,0,0
42.453135,-15.1172,90.0000,-990.0000,0,0
42.457144,-15.1172,89.8242,-990.1758,0,0
42.461103,-15.1172,89.8242,-990.1758,0,0
42.465102,-15.1172,89.8242,-990.1758,0,0
42.469071,-15.1172,89.8242,-990.1758,0,0
42.473338,-15.1172,89.6484,-990.3516,0,0
42.477145,-15.1172,89.6484,-990.3516,0,0
42.481160,-15.1172,89.6484,-990.3516,0,0
42.485096,-15.1172,89.6484,-990.3516,0,0
42.489074,-15.1172,89.4727,-990.5273,0,0
42.493082,-15.1172,89.4727,-990.5273,0,0
42.497145,-15.1172,89.4727,-990.5273,0,0
42.501137,-15.1172,89.2969,-990.7031,0,0
42.505149,-15.1172,89.2969,-990.7031,0,0
42.510970,-15.1172,89.2969,-990.7031,0,0
42.513128,-15.1172,89.2969,-990.7031,0,0
42.517104,-15.1172,89.1211,-990.8789,0,0
42.521139,-15.1172,89.1211,-990.8789,0,0
42.525122,-15.1172,88.9453,-991.0547,0,0
42.529090,-15.1172,88.9453,-991.0547,0,0
42.533096,-15.1172,88.9453,-991.0547,0,0
42.537161,-15.1172,88.7695,-991.2305,0,0
42.541130,-15.1172,88.7695,-991.2305,0,0
42.545096,-15.1172,88.7695,-991.2305,0,0
42.549161,-15.1172,88.5938,-991.4062,0,0
42.553142,-15.1172,88.5938,-991.4062,0,0
42.557114,-15.1172,88.4180,-991.5820,0,0
42.561082,-15.1172,88.4180,-991.5820,0,0
42.565145,-15.1172,88.2422,-991.7578,0,0
42.569116,-15.1172,88.2422,-991.7578,0,0
42.573082,-15.1172,88.2422,-991.7578,0,0
42.577145,-15.1172,88.2422,-991.7578,0,0
42.581116,-15.1172,88.0664,-991.9336,0,0
42.585082,-15.1172,88.0664,-991.9336,0,0
42.589145,-15.1172,88.0664,-991.9336,0,0
42.593116,-15.1172,87.8906,-992.1094,0,0
42.597082,-15.1172,87.8906,-992.1094,0,0
42.601145,-15.1172,87.8906,-992.1094,0,0
42.605116,-15.1172,87.7148,-992.2852,0,0
42.610681,-15.1172,87.7148,-992.2852,0,0
42.613074,-15.1172,87.5391,-992.4609,0,0
42.617145,-15.1172,87.5391,-992.4609,0,0
42.621116,-15.1172,87.5391,-992.4609,0,0
42.625125,-15.1172,87.5391,-992.4609,0,0
42.629097,-15.1172,87.5391,-992.4609,0,0
42.633090,-15.1172,87.3633,-992.6367,0,0
42.637156,-15.1172,87.3633,-992.6367,0,0
42.641123,-15.1172,87.3633,-992.6367,0,0
42.645090,-15.1172,87.3633,-992.6367,0,0
42.649098,-15.1172,87.3633,-992.6367,0,0
42.653075,-15.1172,87.3633,-992.6367,0,0
42.657145,-15.1172,87.1875,-992.8125,0,0
42.661115,-15.1172,87.1875,-992.8125,0,0
42.665082,-15.1172,87.1875,-992.8125,0,0
42.669145,-15.1172,87.1875,-992.8125,0,0
42.673116,-15.1172,87.1875,-992.8125,0,0
42.677082,-15.1172,87.1875,-992.8125,0,0
42.681145,-15.1172,87.1875,-992.8125,0,0
42.685116,-15.1172,87.1875,-992.8125,0,0
42.689082,-15.1172,87.1875,-992.8125,0,0
42.693145,-15.1172,87.1875,-992.8125,0,0
42.697116,-15.1172,87.1875,-992.8125,0,0
42.701082,-15.1172,87.1875,-992.8125,0,0
42.705145,-15.1172,87.1875,-992.8125,0,0
42.710618,-15.1172,87.1875,-992.8125,0,0
42.713107,-15.1172,87.1875,-992.8125,0,0
42.717082,-15.1172,87.1875,-992.8125,0,0
42.721145,-15.1172,87.1875,-992.8125,0,0
42.725126,-15.1172,87.1875,-992.8125,0,0
42.729111,-15.1172,87.1875,-992.8125,0,0
42.733131,-15.1172,87.3633,-992.6367,0,0
42.737123,-15.1172,87.3633,-992.6367,0,0
42.741137,-15.1172,87.3633,-992.6367,0,0
42.745107,-15.1172,87.3633,-992.6367,0,0
42.749127,-15.1172,87.3633,-992.6367,0,0
42.754819,-15.1172,87.5391,-992.4609,0,0
42.757104,-15.1172,87.5391,-992.4609,0,0
42.761124,-15.1172,87.5391,-992.4609,0,0
42.765110,-15.1172,87.5391,-992.4609,0,0
42.769096,-15.1172,87.5391,-992.4609,0,0
42.773161,-15.1172,87.7148,-992.2852,0,0
42.777145,-15.1172,87.7148,-992.2852,0,0
42.781116,-15.1172,87.8906,-992.1094,0,0
42.785098,-15.1172,87.8906,-992.1094,0,0
42.789075,-15.1172,87.8906,-992.1094,0,0
42.793152,-15.1172,88.0664,-991.9336,0,0
42.797161,-15.1172,88.0664,-991.9336,0,0
42.801152,-15.1172,88.0664,-991.9336,0,0
42.805118,-15.1172,88.0664,-991.9336,0,0
42.810974,-15.1172,88.2422,-991.7578,0,0
42.813144,-15.1172,88.2422,-991.7578,0,0
42.817124,-15.1172,88.2422,-991.7578,0,0
42.821097,-15.1172,88.4180,-991.5820,0,0
42.825161,-15.1172,88.4180,-991.5820,0,0
42.829136,-15.1172,88.5938,-991.4062,0,0
42.833107,-15.1172,88.5938,-991.4062,0,0
42.837127,-15.1172,88.5938,-991.4062,0,0
42.841096,-15.1172,88.7695,-991.2305,0,0
42.845161,-15.1172,88.7695,-991.2305,0,0
42.849130,-15.1172,88.7695,-991.2305,0,0
42.853107,-15.1172,88.9453,-991.0547,0,0
42.857078,-15.1172,88.9453,-991.0547,0,0
42.861160,-15.1172,88.9453,-991.0547,0,0
42.865090,-15.1172,89.1211,-990.8789,0,0
42.869156,-15.1172,89.1211,-990.8789,0,0
42.873123,-15.1172,89.1211,-990.8789,0,0
42.877090,-15.1172,89.2969,-990.7031,0,0
42.881156,-15.1172,89.2969,-990.7031,0,0
42.885123,-15.1172,89.2969,-990.7031,0,0
42.889090,-15.1172,89.4727,-990.5273,0,0
42.893156,-15.1172,89.4727,-990.5273,0,0
42.897123,-15.1172,89.4727,-990.5273,0,0
42.901090,-15.1172,89.4727,-990.5273,0,0
42.905156,-15.1172,89.4727,-990.5273,0,0
42.910626,-15.1172,89.6484,-990.3516,0,0
42.913114,-15.1172,89.6484,-990.3516,0,0
42.917090,-15.1172,89.6484,-990.3516,0,0
42.921156,-15.1172,89.6484,-990.3516,0,0
42.925123,-15.1172,89.6484,-990.3516,0,0
42.929090,-15.1172,89.8242,-990.1758,0,0
42.933108,-15.1172,89.8242,-990.1758,0,0
42.937107,-15.1172,89.8242,-990.1758,0,0
42.941078,-15.1172,89.8242,-990.1758,0,0
42.945145,-15.1172,90.0000,-990.0000,0,0
42.949116,-15.1172,90.0000,-990.0000,0,0
42.953090,-15.1172,90.0000,-990.0000,0,0
42.957160,-15.1172,90.0000,-990.0000,0,0
42.961130,-15.1172,90.0000,-990.0000,0,0
42.965096,-15.1172,90.0000,-990.0000,0,0
42.969161,-15.1172,90.0000,-990.0000,0,0
42.973130,-15.1172,90.0000,-990.0000,0,0
42.977104,-15.1172,90.0000,-990.0000,0,0
42.981074,-15.1172,90.0000,-990.0000,0,0
42.985142,-15.1172,90.0000,-990.0000,0,0
42.989114,-15.1172,90.0000,-990.0000,0,0
42.993082,-15.1172,90.0000,-990.0000,0,0
42.997145,-15.1172,90.0000,-990.0000,0,0
43.001116,-15.1172,90.0000,-990.0000,0,0
43.005082,-15.1172,90.0000,-990.0000,0,0
43.010648,-15.1172,90.0000,-990.0000,0,0
43.013133,-15.1172,90.0000,-990.0000,0,0
43.017107,-15.1172,89.8242,-990.1758,0,0
43.021078,-15.1172,89.8242,-990.1758,0,0
43.025145,-15.1172,89.8242,-990.1758,0,0
43.029116,-15.1172,89.8242,-990.1758,0,0
43.033120,-15.1172,89.8242,-990.1758,0,0
43.037145,-15.1172,89.6484,-990.3516,0,0
43.041116,-15.1172,89.6484,-990.3516,0,0
43.045082,-15.1172,89.6484,-990.3516,0,0
43.049145,-15.1172,89.6484,-990.3516,0,0
43.053128,-15.1172,89.4727,-990.5273,0,0
43.057112,-15.1172,89.4727,-990.5273,0,0
43.061090,-15.1172,89.4727,-990.5273,0,0
43.065156,-15.1172,89.4727,-990.5273,0,0
43.069123,-15.1172,89.2969,-990.7031,0,0
43.073123,-15.1172,89.2969,-990.7031,0,0
43.077108,-15.1172,89.2969,-990.7031,0,0
43.081118,-15.1172,89.2969,-990.7031,0,0
43.085106,-15.1172,89.1211,-990.8789,0,0
43.089074,-15.1172,89.1211,-990.8789,0,0
43.094368,-15.1172,88.9453,-991.0547,0,0
43.097072,-15.1172,88.9453,-991.0547,0,0
43.101152,-15.1172,88.9453,-991.0547,0,0
43.105137,-15.1172,88.9453,-991.0547,0,0
43.111107,-15.1172,88.7695,-991.2305,0,0
43.113146,-15.1172,88.7695,-991.2305,0,0
43.117137,-15.1172,88.7695,-991.2305,0,0
43.121108,-15.1172,88.5938,-991.4062,0,0
43.125080,-15.1172,88.5938,-991.4062,0,0
43.129145,-15.1172,88.5938,-991.4062,0,0
43.133072,-15.1172,88.4180,-991.5820,0,0
43.137146,-15.1172,88.4180,-991.5820,0,0
43.141116,-15.1172,88.4180,-991.5820,0,0
43.145129,-15.1172,88.2422,-991.7578,0,0
43.149152,-15.1172,88.2422,-991.7578,0,0
43.153156,-15.1172,88.2422,-991.7578,0,0
43.157123,-15.1172,88.0664,-991.9336,0,0
43.161108,-15.1172,88.0664,-991.9336,0,0
43.165103,-15.1172,88.0664,-991.9336,0,0
43.169114,-15.1172,88.0664,-991.9336,0,0
43.173096,-15.1172,87.8906,-992.1094,0,0
43.177102,-15.1172,87.8906,-992.1094,0,0
43.181074,-15.1172,87.8906,-992.1094,0,0
43.185142,-15.1172,87.8906,-992.1094,0,0
43.189114,-15.1172,87.7148,-992.2852,0,0
43.193082,-15.1172,87.7148,-992.2852,0,0
43.197145,-15.1172,87.5391,-992.4609,0,0
43.201127,-15.1172,87.5391,-992.4609,0,0
43.205096,-15.1172,87.5391,-992.4609,0,0
43.210687,-15.1172,87.5391,-992.4609,0,0
43.213080,-15.1172,87.5391,-992.4609,0,0
43.217160,-15.1172,87.5391,-992.4609,0,0
43.221130,-15.1172,87.5391,-992.4609,0,0
43.225104,-15.1172,87.3633,-992.6367,0,0
43.229074,-15.1172,87.3633,-992.6367,0,0
43.233142,-15.1172,87.3633,-992.6367,0,0
43.237121,-15.1172,87.3633,-992.6367,0,0
43.241125,-15.1172,87.3633,-992.6367,0,0
43.245096,-15.1172,87.3633,-992.6367,0,0
43.249161,-15.1172,87.3633,-992.6367,0,0
43.253138,-15.1172,87.3633,-992.6367,0,0
43.257107,-15.1172,87.3633,-992.6367,0,0
43.261110,-15.1172,87.3633,-992.6367,0,0
43.265137,-15.1172,87.3633,-992.6367,0,0
43.269096,-15.1172,87.3633,-992.6367,0,0
43.273161,-15.1172,87.3633,-992.6367,0,0
43.277130,-15.1172,87.3633,-992.6367,0,0
43.281096,-15.1172,87.3633,-992.6367,0,0
43.285161,-15.1172,87.3633,-992.6367,0,0
43.289130,-15.1172,87.3633,-992.6367,0,0
43.293096,-15.1172,87.3633,-992.6367,0,0
43.297161,-15.1172,87.3633,-992.6367,0,0
43.301130,-15.1172,87.3633,-992.6367,0,0
43.305106,-15.1172,87.3633,-992.6367,0,0
43.310694,-15.1172,87.3633,-992.6367,0,0
43.313082,-15.1172,87.5391,-992.4609,0,0
43.317152,-15.1172,87.5391,-992.4609,0,0
43.321123,-15.1172,87.5391,-992.4609,0,0
43.325090,-15.1172,87.5391,-992.4609,0,0
43.329156,-15.1172,87.5391,-992.4609,0,0
43.333123,-15.1172,87.5391,-992.4609,0,0
43.337090,-15.1172,87.7148,-992.2852,0,0
43.341161,-15.1172,87.7148,-992.2852,0,0
43.345161,-15.1172,87.7148,-992.2852,0,0
43.349130,-15.1172,87.8906,-992.1094,0,0
43.353102,-15.1172,87.8906,-992.1094,0,0
43.357074,-15.1172,87.8906,-992.1094,0,0
43.361153,-15.1172,87.8906,-992.1094,0,0
43.365152,-15.1172,88.0664,-991.9336,0,0
43.369123,-15.1172,88.0664,-991.9336,0,0
43.373090,-15.1172,88.0664,-991.9336,0,0
43.377156,-15.1172,88.0664,-991.9336,0,0
43.381123,-15.1172,88.2422,-991.7578,0,0
43.385090,-15.1172,88.2422,-991.7578,0,0
43.389090,-15.1172,88.2422,-991.7578,0,0
43.393156,-15.1172,88.4180,-991.5820,0,0
43.397123,-15.1172,88.4180,-991.5820,0,0
43.401090,-15.1172,88.5938,-991.4062,0,0
43.405156,-15.1172,88.5938,-991.4062,0,0
43.410626,-15.1172,88.5938,-991.4062,0,0
43.413114,-15.1172,88.5938,-991.4062,0,0
43.417095,-15.1172,88.7695,-991.2305,0,0
43.421161,-15.1172,88.7695,-991.2305,0,0
43.425130,-15.1172,88.7695,-991.2305,0,0
43.429123,-15.1172,88.9453,-991.0547,0,0
43.433090,-15.1172,88.9453,-991.0547,0,0
43.437156,-15.1172,88.9453,-991.0547,0,0
43.441123,-15.1172,88.9453,-991.0547,0,0
43.445074,-15.1172,89.1211,-990.8789,0,0
43.449097,-15.1172,89.1211,-990.8789,0,0
43.453074,-15.1172,89.2969,-990.7031,0,0
43.457137,-15.1172,89.2969,-990.7031,0,0
43.461107,-15.1172,89.2969,-990.7031,0,0
43.465091,-15.1172,89.2969,-990.7031,0,0
43.470686,-15.1172,89.4727,-990.5273,0,0
43.473168,-15.1172,89.4727,-990.5273,0,0
43.477105,-15.1172,89.4727,-990.5273,0,0
43.481073,-15.1172,89.4727,-990.5273,0,0
43.485081,-15.1172,89.4727,-990.5273,0,0
43.489160,-15.1172,89.6484,-990.3516,0,0
43.493128,-15.1172,89.6484,-990.3516,0,0
43.497097,-15.1172,89.6484,-990.3516,0,0
43.501160,-15.1172,89.6484,-990.3516,0,0
43.505141,-15.1172,89.6484,-990.3516,0,0
43.510908,-15.1172,89.6484,-990.3516,0,0
43.513098,-15.1172,89.6484,-990.3516,0,0
43.517071,-15.1172,89.8242,-990.1758,0,0
43.521137,-15.1172,89.8242,-990.1758,0,0
43.525104,-15.1172,89.8242,-990.1758,0,0
43.529114,-15.1172,89.8242,-990.1758,0,0
43.533079,-15.1172,89.8242,-990.1758,0,0
43.537165,-15.1172,89.8242,-990.1758,0,0
43.541137,-15.1172,89.8242,-990.1758,0,0
43.545109,-15.1172,89.8242,-990.1758,0,0
43.549161,-15.1172,89.8242,-990.1758,0,0
43.553090,-15.1172,89.8242,-990.1758,0,0
43.557160,-15.1172,89.8242,-990.1758,0,0
43.561130,-15.1172,89.8242,-990.1758,0,0
43.565117,-15.1172,89.8242,-990.1758,0,0
43.569121,-15.1172,89.8242,-990.1758,0,0
43.573117,-15.1172,89.8242,-990.1758,0,0
43.577096,-15.1172,89.8242,-990.1758,0,0
43.581161,-15.1172,89.8242,-990.1758,0,0
43.585130,-15.1172,89.8242,-990.1758,0,0
43.589096,-15.1172,89.6484,-990.3516,0,0
43.593161,-15.1172,89.6484,-990.3516,0,0
43.597130,-15.1172,89.6484,-990.3516,0,0
43.601096,-15.1172,89.6484,-990.3516,0,0
43.605161,-15.1172,89.6484,-990.3516,0,0
43.610660,-15.1172,89.6484,-990.3516,0,0
43.613080,-15.1172,89.6484,-990.3516,0,0
43.617111,-15.1172,89.4727,-990.5273,0,0
43.621082,-15.1172,89.4727,-990.5273,0,0
43.625145,-15.1172,89.4727,-990.5273,0,0
43.629116,-15.1172,89.4727,-990.5273,0,0
43.633082,-15.1172,89.4727,-990.5273,0,0
43.637145,-15.1172,89.2969,-990.7031,0,0
43.641116,-15.1172,89.2969,-990.7031,0,0
43.645082,-15.1172,89.2969,-990.7031,0,0
43.649096,-15.1172,89.2969,-990.7031,0,0
43.653110,-15.1172,89.1211,-990.8789,0,0
43.657082,-15.1172,89.1211,-990.8789,0,0
43.661145,-15.1172,89.1211,-990.8789,0,0
43.665119,-15.1172,88.9453,-991.0547,0,0
43.669096,-15.1172,88.9453,-991.0547,0,0
43.673161,-15.1172,88.9453,-991.0547,0,0
43.677130,-15.1172,88.9453,-991.0547,0,0
43.681096,-15.1172,88.7695,-991.2305,0,0
43.685161,-15.1172,88.7695,-991.2305,0,0
43.689130,-15.1172,88.7695,-991.2305,0,0
43.693096,-15.1172,88.5938,-991.4062,0,0
43.697161,-15.1172,88.5938,-991.4062,0,0
43.701130,-15.1172,88.5938,-991.4062,0,0
43.705096,-15.1172,88.5938,-991.4062,0,0
43.710666,-15.1172,88.4180,-991.5820,0,0
43.713152,-15.1172,88.4180,-991.5820,0,0
43.717123,-15.1172,88.2422,-991.7578,0,0
43.721090,-15.1172,88.2422,-991.7578,0,0
43.725156,-15.1172,88.2422,-991.7578,0,0
43.729123,-15.1172,88.2422,-991.7578,0,0
43.733090,-15.1172,88.0664,-991.9336,0,0
43.737156,-15.1172,88.0664,-991.9336,0,0
43.741123,-15.1172,88.0664,-991.9336,0,0
43.745090,-15.1172,88.0664,-991.9336,0,0
43.749156,-15.1172,87.8906,-992.1094,0,0
43.753090,-15.1172,87.8906,-992.1094,0,0
43.757080,-15.1172,87.8906,-992.1094,0,0
43.761145,-15.1172,87.8906,-992.1094,0,0
43.765116,-15.1172,87.8906,-992.1094,0,0
43.769082,-15.1172,87.7148,-992.2852,0,0
43.773145,-15.1172,87.7148,-992.2852,0,0
43.777116,-15.1172,87.7148,-992.2852,0,0
43.781082,-15.1172,87.5391,-992.4609,0,0
43.785145,-15.1172,87.5391,-992.4609,0,0
43.789082,-15.1172,87.5391,-992.4609,0,0
43.793070,-15.1172,87.5391,-992.4609,0,0
43.797080,-15.1172,87.5391,-992.4609,0,0
43.801145,-15.1172,87.5391,-992.4609,0,0
43.805098,-15.1172,87.5391,-992.4609,0,0
43.810689,-15.1172,87.5391,-992.4609,0,0
43.813090,-15.1172,87.5391,-992.4609,0,0
43.817160,-15.1172,87.3633,-992.6367,0,0
43.821130,-15.1172,87.3633,-992.6367,0,0
43.825096,-15.1172,87.3633,-992.6367,0,0
43.829137,-15.1172,87.3633,-992.6367,0,0
43.833332,-15.1172,87.3633,-992.6367,0,0
43.837082,-15.1172,87.3633,-992.6367,0,0
43.841104,-15.1172,87.3633,-992.6367,0,0
43.845139,-15.1172,87.3633,-992.6367,0,0
43.849104,-15.1172,87.3633,-992.6367,0,0
43.853159,-15.1172,87.3633,-992.6367,0,0
43.857107,-15.1172,87.3633,-992.6367,0,0
43.861104,-15.1172,87.3633,-992.6367,0,0
43.865160,-15.1172,87.3633,-992.6367,0,0
43.869152,-15.1172,87.5391,-992.4609,0,0
43.873097,-15.1172,87.5391,-992.4609,0,0
43.877102,-15.1172,87.5391,-992.4609,0,0
43.881160,-15.1172,87.5391,-992.4609,0,0
43.885128,-15.1172,87.5391,-992.4609,0,0
43.889096,-15.1172,87.5391,-992.4609,0,0
43.893070,-15.1172,87.5391,-992.4609,0,0
43.897152,-15.1172,87.5391,-992.4609,0,0
43.901132,-15.1172,87.7148,-992.2852,0,0
43.905097,-15.1172,87.7148,-992.2852,0,0
43.910903,-15.1172,87.7148,-992.2852,0,0
43.913144,-15.1172,87.8906,-992.1094,0,0
43.917114,-15.1172,87.8906,-992.1094,0,0
43.921144,-15.1172,87.8906,-992.1094,0,0
43.925167,-15.1172,87.8906,-992.1094,0,0
43.929090,-15.1172,88.0664,-991.9336,0,0
43.933087,-15.1172,88.0664,-991.9336,0,0
43.937152,-15.1172,88.0664,-991.9336,0,0
43.941123,-15.1172,88.2422,-991.7578,0,0
43.945090,-15.1172,88.2422,-991.7578,0,0
43.949156,-15.1172,88.2422,-991.7578,0,0
43.953131,-15.1172,88.2422,-991.7578,0,0
43.957152,-15.1172,88.2422,-991.7578,0,0
43.961070,-15.1172,88.4180,-991.5820,0,0
43.965137,-15.1172,88.4180,-991.5820,0,0
43.969107,-15.1172,88.5938,-991.4062,0,0
43.973078,-15.1172,88.5938,-991.4062,0,0
43.977145,-15.1172,88.5938,-991.4062,0,0
43.981116,-15.1172,88.5938,-991.4062,0,0
43.985082,-15.1172,88.7695,-991.2305,0,0
43.989145,-15.1172,88.7695,-991.2305,0,0
43.993116,-15.1172,88.7695,-991.2305,0,0
43.997082,-15.1172,88.7695,-991.2305,0,0
44.001145,-15.1172,88.9453,-991.0547,0,0
44.005116,-15.1172,88.9453,-991.0547,0,0
44.010708,-15.1172,88.9453,-991.0547,0,0
44.013102,-15.1172,88.9453,-991.0547,0,0
44.017074,-15.1172,89.1211,-990.8789,0,0
44.021142,-15.1172,89.1211,-990.8789,0,0
44.025114,-15.1172,89.1211,-990.8789,0,0
44.029082,-15.1172,89.2969,-990.7031,0,0
44.033145,-15.1172,89.2969,-990.7031,0,0
44.037116,-15.1172,89.2969,-990.7031,0,0
44.041094,-15.1172,89.2969,-990.7031,0,0
44.045160,-15.1172,89.2969,-990.7031,0,0
44.049130,-15.1172,89.4727,-990.5273,0,0
44.053104,-15.1172,89.4727,-990.5273,0,0
44.057074,-15.1172,89.4727,-990.5273,0,0
44.061129,-15.1172,89.4727,-990.5273,0,0
44.065096,-15.1172,89.4727,-990.5273,0,0
44.069161,-15.1172,89.4727,-990.5273,0,0
44.073130,-15.1172,89.4727,-990.5273,0,0
44.077096,-15.1172,89.6484,-990.3516,0,0
44.081161,-15.1172,89.6484,-990.3516,0,0
44.085130,-15.1172,89.6484,-990.3516,0,0
44.089096,-15.1172,89.6484,-990.3516,0,0
44.093161,-15.1172,89.6484,-990.3516,0,0
44.097130,-15.1172,89.6484,-990.3516,0,0
44.101096,-15.1172,89.6484,-990.3516,0,0
44.105161,-15.1172,89.6484,-990.3516,0,0
44.110855,-15.1172,89.6484,-990.3516,0,0
44.113152,-15.1172,89.6484,-990.3516,0,0
44.117123,-15.1172,89.6484,-990.3516,0,0
44.121090,-15.1172,89.6484,-990.3516,0,0
44.125156,-15.1172,89.6484,-990.3516,0,0
44.129123,-15.1172,89.6484,-990.3516,0,0
44.133090,-15.1172,89.6484,-990.3516,0,0
44.137156,-15.1172,89.6484,-990.3516,0,0
44.141123,-15.1172,89.6484,-990.3516,0,0
44.145090,-15.1172,89.6484,-990.3516,0,0
44.149156,-15.1172,89.6484,-990.3516,0,0
44.153134,-15.1172,89.6484,-990.3516,0,0
44.157104,-15.1172,89.6484,-990.3516,0,0
44.161118,-15.1172,89.6484,-990.3516,0,0
44.165119,-15.1172,89.6484,-990.3516,0,0
44.169090,-15.1172,89.6484,-990.3516,0,0
44.173156,-15.1172,89.4727,-990.5273,0,0
44.177171,-15.1172,89.4727,-990.5273,0,0
44.181135,-15.1172,89.4727,-990.5273,0,0
44.185090,-15.1172,89.4727,-990.5273,0,0
44.191555,-15.1172,89.4727,-990.5273,0,0
44.193143,-15.1172,89.4727,-990.5273,0,0
44.197090,-15.1172,89.2969,-990.7031,0,0
44.201104,-15.1172,89.2969,-990.7031,0,0
44.205070,-15.1172,89.2969,-990.7031,0,0
44.210930,-15.1172,89.2969,-990.7031,0,0
44.213152,-15.1172,89.2969,-990.7031,0,0
44.217121,-15.1172,89.1211,-990.8789,0,0
44.221143,-15.1172,89.1211,-990.8789,0,0
44.225108,-15.1172,89.1211,-990.8789,0,0
44.229158,-15.1172,88.9453,-991.0547,0,0
44.233160,-15.1172,88.9453,-991.0547,0,0
44.237131,-15.1172,88.9453,-991.0547,0,0
44.241156,-15.1172,88.9453,-991.0547,0,0
44.245070,-15.1172,88.7695,-991.2305,0,0
44.249137,-15.1172,88.7695,-991.2305,0,0
44.253122,-15.1172,88.7695,-991.2305,0,0
44.257107,-15.1172,88.7695,-991.2305,0,0
44.261086,-15.1172,88.5938,-991.4062,0,0
44.265120,-15.1172,88.5938,-991.4062,0,0
44.269090,-15.1172,88.5938,-991.4062,0,0
44.273156,-15.1172,88.5938,-991.4062,0,0
44.277123,-15.1172,88.4180,-991.5820,0,0
44.281090,-15.1172,88.4180,-991.5820,0,0
44.285156,-15.1172,88.2422,-991.7578,0,0
44.289123,-15.1172,88.2422,-991.7578,0,0
44.293090,-15.1172,88.2422,-991.7578,0,0
44.297156,-15.1172,88.2422,-991.7578,0,0
44.301123,-15.1172,88.2422,-991.7578,0,0
44.305090,-15.1172,88.0664,-991.9336,0,0
44.310680,-15.1172,88.0664,-991.9336,0,0
44.313074,-15.1172,88.0664,-991.9336,0,0
44.317145,-15.1172,88.0664,-991.9336,0,0
44.321116,-15.1172,88.0664,-991.9336,0,0
44.325082,-15.1172,87.8906,-992.1094,0,0
44.329145,-15.1172,87.8906,-992.1094,0,0
44.333116,-15.1172,87.8906,-992.1094,0,0
44.337082,-15.1172,87.8906,-992.1094,0,0
44.341145,-15.1172,87.8906,-992.1094,0,0
44.345116,-15.1172,87.8906,-992.1094,0,0
44.349082,-15.1172,87.8906,-992.1094,0,0
44.353156,-15.1172,87.7148,-992.2852,0,0
44.357123,-15.1172,87.7148,-992.2852,0,0
44.361090,-15.1172,87.7148,-992.2852,0,0
44.365141,-15.1172,87.7148,-992.2852,0,0
44.369141,-15.1172,87.7148,-992.2852,0,0
44.373111,-15.1172,87.5391,-992.4609,0,0
44.377082,-15.1172,87.5391,-992.4609,0,0
44.381145,-15.1172,87.5391,-992.4609,0,0
44.385116,-15.1172,87.5391,-992.4609,0,0
44.389082,-15.1172,87.5391,-992.4609,0,0
44.393145,-15.1172,87.5391,-992.4609,0,0
44.397116,-15.1172,87.5391,-992.4609,0,0
44.401082,-15.1172,87.5391,-992.4609,0,0
44.405145,-15.1172,87.5391,-992.4609,0,0
44.410618,-15.1172,87.5391,-992.4609,0,0
44.413107,-15.1172,87.5391,-992.4609,0,0
44.417082,-15.1172,87.5391,-992.4609,0,0
44.421145,-15.1172,87.5391,-992.4609,0,0
44.425126,-15.1172,87.5391,-992.4609,0,0
44.429096,-15.1172,87.5391,-992.4609,0,0
44.433161,-15.1172,87.5391,-992.4609,0,0
44.437130,-15.1172,87.5391,-992.4609,0,0
44.441096,-15.1172,87.5391,-992.4609,0,0
44.445161,-15.1172,87.7148,-992.2852,0,0
44.449130,-15.1172,87.7148,-992.2852,0,0
44.453104,-15.1172,87.7148,-992.2852,0,0
44.457074,-15.1172,87.7148,-992.2852,0,0
44.461142,-15.1172,87.7148,-992.2852,0,0
44.465114,-15.1172,87.8906,-992.1094,0,0
44.469160,-15.1172,87.8906,-992.1094,0,0
44.473130,-15.1172,87.8906,-992.1094,0,0
44.477096,-15.1172,87.8906,-992.1094,0,0
44.481118,-15.1172,87.8906,-992.1094,0,0
44.485117,-15.1172,87.8906,-992.1094,0,0
44.489117,-15.1172,87.8906,-992.1094,0,0
44.494364,-15.1172,88.0664,-991.9336,0,0
44.497128,-15.1172,88.0664,-991.9336,0,0
44.501070,-15.1172,88.0664,-991.9336,0,0
44.505151,-15.1172,88.0664,-991.9336,0,0
44.510957,-15.1172,88.2422,-991.7578,0,0
44.513151,-15.1172,88.2422,-991.7578,0,0
44.517096,-15.1172,88.2422,-991.7578,0,0
44.521132,-15.1172,88.2422,-991.7578,0,0
44.525141,-15.1172,88.2422,-991.7578,0,0
44.529126,-15.1172,88.4180,-991.5820,0,0
44.533077,-15.1172,88.4180,-991.5820,0,0
44.537145,-15.1172,88.4180,-991.5820,0,0
44.541115,-15.1172,88.5938,-991.4062,0,0
44.545082,-15.1172,88.5938,-991.4062,0,0
44.549145,-15.1172,88.5938,-991.4062,0,0
44.553131,-15.1172,88.5938,-991.4062,0,0
44.557112,-15.1172,88.7695,-991.2305,0,0
44.561082,-15.1172,88.7695,-991.2305,0,0
44.565145,-15.1172,88.7695,-991.2305,0,0
44.569075,-15.1172,88.7695,-991.2305,0,0
44.573170,-15.1172,88.7695,-991.2305,0,0
44.577137,-15.1172,88.9453,-991.0547,0,0
44.581107,-15.1172,88.9453,-991.0547,0,0
44.585078,-15.1172,88.9453,-991.0547,0,0
44.589145,-15.1172,88.9453,-991.0547,0,0
44.593116,-15.1172,88.9453,-991.0547,0,0
44.597082,-15.1172,89.1211,-990.8789,0,0
44.601145,-15.1172,89.1211,-990.8789,0,0
44.605116,-15.1172,89.1211,-990.8789,0,0
44.610708,-15.1172,89.2969,-990.7031,0,0
44.613101,-15.1172,89.2969,-990.7031,0,0
44.617074,-15.1172,89.2969,-990.7031,0,0
44.621142,-15.1172,89.2969,-990.7031,0,0
44.625114,-15.1172,89.2969,-990.7031,0,0
44.629082,-15.1172,89.2969,-990.7031,0,0
44.633145,-15.1172,89.2969,-990.7031,0,0
44.637116,-15.1172,89.2969,-990.7031,0,0
44.641082,-15.1172,89.4727,-990.5273,0,0
44.645145,-15.1172,89.4727,-990.5273,0,0
44.649115,-15.1172,89.4727,-990.5273,0,0
44.653090,-15.1172,89.4727,-990.5273,0,0
44.657160,-15.1172,89.4727,-990.5273,0,0
44.661130,-15.1172,89.4727,-990.5273,0,0
44.665096,-15.1172,89.4727,-990.5273,0,0
44.669161,-15.1172,89.4727,-990.5273,0,0
44.673116,-15.1172,89.4727,-990.5273,0,0
44.677116,-15.1172,89.4727,-990.5273,0,0
44.681082,-15.1172,89.4727,-990.5273,0,0
44.685145,-15.1172,89.4727,-990.5273,0,0
44.689116,-15.1172,89.4727,-990.5273,0,0
44.693082,-15.1172,89.6484,-990.3516,0,0
44.697145,-15.1172,89.6484,-990.3516,0,0
44.701116,-15.1172,89.6484,-990.3516,0,0
44.705082,-15.1172,89.6484,-990.3516,0,0
44.710648,-15.1172,89.6484,-990.3516,0,0
44.713133,-15.1172,89.6484,-990.3516,0,0
44.717107,-15.1172,89.4727,-990.5273,0,0
44.721078,-15.1172,89.4727,-990.5273,0,0
44.725145,-15.1172,89.4727,-990.5273,0,0
44.729116,-15.1172,89.4727,-990.5273,0,0
44.733090,-15.1172,89.4727,-990.5273,0,0
44.737156,-15.1172,89.4727,-990.5273,0,0
44.741124,-15.1172,89.4727,-990.5273,0,0
44.745097,-15.1172,89.4727,-990.5273,0,0
44.749161,-15.1172,89.4727,-990.5273,0,0
44.753144,-15.1172,89.4727,-990.5273,0,0
44.757114,-15.1172,89.4727,-990.5273,0,0
44.761082,-15.1172,89.2969,-990.7031,0,0
44.765145,-15.1172,89.2969,-990.7031,0,0
44.769116,-15.1172,89.2969,-990.7031,0,0
44.773082,-15.1172,89.2969,-990.7031,0,0
44.777077,-15.1172,89.2969,-990.7031,0,0
44.781083,-15.1172,89.2969,-990.7031,0,0
44.785123,-15.1172,89.1211,-990.8789,0,0
44.789090,-15.1172,89.1211,-990.8789,0,0
44.793079,-15.1172,89.1211,-990.8789,0,0
44.797145,-15.1172,89.1211,-990.8789,0,0
44.801130,-15.1172,88.9453,-991.0547,0,0
44.805096,-15.1172,88.9453,-991.0547,0,0
44.810666,-15.1172,88.9453,-991.0547,0,0
44.813152,-15.1172,88.9453,-991.0547,0,0
44.817123,-15.1172,88.7695,-991.2305,0,0
44.821090,-15.1172,88.7695,-991.2305,0,0
44.825156,-15.1172,88.7695,-991.2305,0,0
44.829123,-15.1172,88.7695,-991.2305,0,0
44.833104,-15.1172,88.7695,-991.2305,0,0
44.837305,-15.1172,88.5938,-991.4062,0,0
44.841090,-15.1172,88.5938,-991.4062,0,0
44.845156,-15.1172,88.5938,-991.4062,0,0
44.849123,-15.1172,88.5938,-991.4062,0,0
44.853098,-15.1172,88.4180,-991.5820,0,0
44.860203,-15.1172,88.4180,-991.5820,0,0
44.861103,-15.1172,88.4180,-991.5820,0,0
44.865070,-15.1172,88.2422,-991.7578,0,0
44.869090,-15.1172,88.2422,-991.7578,0,0
44.873156,-15.1172,88.2422,-991.7578,0,0
44.877124,-15.1172,88.2422,-991.7578,0,0
44.881142,-15.1172,88.2422,-991.7578,0,0
44.885145,-15.1172,88.2422,-991.7578,0,0
44.889142,-15.1172,88.0664,-991.9336,0,0
44.893098,-15.1172,88.0664,-991.9336,0,0
44.897161,-15.1172,88.0664,-991.9336,0,0
44.901130,-15.1172,88.0664,-991.9336,0,0
44.905116,-15.1172,88.0664,-991.9336,0,0
44.911354,-15.1172,87.8906,-992.1094,0,0
44.913104,-15.1172,87.8906,-992.1094,0,0
44.917160,-15.1172,87.8906,-992.1094,0,0
44.921146,-15.1172,87.8906,-992.1094,0,0
44.925115,-15.1172,87.8906,-992.1094,0,0
44.929082,-15.1172,87.8906,-992.1094,0,0
44.933145,-15.1172,87.8906,-992.1094,0,0
44.937152,-15.1172,87.8906,-992.1094,0,0
44.941123,-15.1172,87.8906,-992.1094,0,0
44.945120,-15.1172,87.7148,-992.2852,0,0
44.949107,-15.1172,87.7148,-992.2852,0,0
44.953117,-15.1172,87.7148,-992.2852,0,0
44.957104,-15.1172,87.7148,-992.2852,0,0
44.961074,-15.1172,87.7148,-992.2852,0,0
44.965142,-15.1172,87.7148,-992.2852,0,0
44.969114,-15.1172,87.7148,-992.2852,0,0
44.973082,-15.1172,87.7148,-992.2852,0,0
44.977145,-15.1172,87.7148,-992.2852,0,0
44.981130,-15.1172,87.7148,-992.2852,0,0
44.985097,-15.1172,87.7148,-992.2852,0,0
44.989104,-15.1172,87.7148,-992.2852,0,0
44.993074,-15.1172,87.7148,-992.2852,0,0
44.997142,-15.1172,87.7148,-992.2852,0,0
45.001114,-15.1172,87.7148,-992.2852,0,0
45.005082,-15.1172,87.7148,-992.2852,0,0
45.010648,-15.1172,87.7148,-992.2852,0,0
45.013133,-15.1172,87.7148,-992.2852,0,0
45.017107,-15.1172,87.7148,-992.2852,0,0
45.021078,-15.1172,87.7148,-992.2852,0,0
45.025145,-15.1172,87.8906,-992.1094,0,0
45.029137,-15.1172,87.8906,-992.1094,0,0
45.033107,-15.1172,87.8906,-992.1094,0,0
45.037078,-15.1172,87.8906,-992.1094,0,0
45.041145,-15.1172,87.8906,-992.1094,0,0
45.045116,-15.1172,87.8906,-992.1094,0,0
45.049082,-15.1172,87.8906,-992.1094,0,0
45.053156,-15.1172,88.0664,-991.9336,0,0
45.057123,-15.1172,88.0664,-991.9336,0,0
45.061090,-15.1172,88.0664,-991.9336,0,0
45.065156,-15.1172,88.0664,-991.9336,0,0
45.069123,-15.1172,88.0664,-991.9336,0,0
45.073090,-15.1172,88.0664,-991.9336,0,0
45.077156,-15.1172,88.2422,-991.7578,0,0
45.081135,-15.1172,88.2422,-991.7578,0,0
45.085102,-15.1172,88.2422,-991.7578,0,0
45.089074,-15.1172,88.2422,-991.7578,0,0
45.093142,-15.1172,88.2422,-991.7578,0,0
45.097114,-15.1172,88.4180,-991.5820,0,0
45.101082,-15.1172,88.4180,-991.5820,0,0
45.105145,-15.1172,88.4180,-991.5820,0,0
45.110832,-15.1172,88.5938,-991.4062,0,0
45.113137,-15.1172,88.5938,-991.4062,0,0
45.117112,-15.1172,88.5938,-991.4062,0,0
45.121082,-15.1172,88.5938,-991.4062,0,0
45.125145,-15.1172,88.5938,-991.4062,0,0
45.129116,-15.1172,88.5938,-991.4062,0,0
45.133082,-15.1172,88.7695,-991.2305,0,0
45.137145,-15.1172,88.7695,-991.2305,0,0
45.141116,-15.1172,88.7695,-991.2305,0,0
45.145082,-15.1172,88.7695,-991.2305,0,0
45.149145,-15.1172,88.7695,-991.2305,0,0
45.153128,-15.1172,88.9453,-991.0547,0,0
45.157096,-15.1172,88.9453,-991.0547,0,0
45.161077,-15.1172,88.9453,-991.0547,0,0
45.165145,-15.1172,88.9453,-991.0547,0,0
45.169087,-15.1172,88.9453,-991.0547,0,0
45.173152,-15.1172,88.9453,-991.0547,0,0
45.179046,-15.1172,89.1211,-990.8789,0,0
45.181073,-15.1172,89.1211,-990.8789,0,0
45.185072,-15.1172,89.1211,-990.8789,0,0
45.189097,-15.1172,89.1211,-990.8789,0,0
45.193108,-15.1172,89.2969,-990.7031,0,0
45.197082,-15.1172,89.2969,-990.7031,0,0
45.201147,-15.1172,89.2969,-990.7031,0,0
45.205147,-15.1172,89.2969,-990.7031,0,0
45.210920,-14.9414,89.2969,-990.7031,0,0
45.213158,-14.9414,89.2969,-990.7031,0,0
45.217131,-14.9414,89.2969,-990.7031,0,0
45.221129,-14.9414,89.2969,-990.7031,0,0
45.225145,-14.9414,89.2969,-990.7031,0,0
45.229115,-14.9414,89.2969,-990.7031,0,0
45.233082,-14.9414,89.4727,-990.5273,0,0
45.237145,-14.9414,89.4727,-990.5273,0,0
45.241116,-14.9414,89.4727,-990.5273,0,0
45.245082,-14.9414,89.4727,-990.5273,0,0
45.249145,-14.9414,89.4727,-990.5273,0,0
45.253131,-14.9414,89.4727,-990.5273,0,0
45.257112,-14.9414,89.4727,-990.5273,0,0
45.261082,-14.9414,89.4727,-990.5273,0,0
45.265145,-14.9414,89.4727,-990.5273,0,0
45.269116,-14.9414,89.4727,-990.5273,0,0
45.273082,-14.9414,89.4727,-990.5273,0,0
45.277145,-14.9414,89.4727,-990.5273,0,0
45.281116,-14.9414,89.4727,-990.5273,0,0
45.285082,-14.9414,89.4727,-990.5273,0,0
45.289161,-14.9414,89.4727,-990.5273,0,0
45.293083,-14.9414,89.4727,-990.5273,0,0
45.297146,-14.9414,89.4727,-990.5273,0,0
45.301116,-14.9414,89.4727,-990.5273,0,0
45.305082,-14.9414,89.2969,-990.7031,0,0
45.310670,-14.9414,89.2969,-990.7031,0,0
45.313160,-14.9414,89.2969,-990.7031,0,0
45.317137,-14.9414,89.2969,-990.7031,0,0
45.321107,-14.9414,89.2969,-990.7031,0,0
45.325078,-14.9414,89.2969,-990.7031,0,0
45.329145,-14.9414,89.2969,-990.7031,0,0
45.333116,-14.9414,89.2969,-990.7031,0,0
45.337082,-14.9414,89.2969,-990.7031,0,0
45.341145,-14.9414,89.1211,-990.8789,0,0
45.345116,-14.9414,89.1211,-990.8789,0,0
45.349082,-14.9414,89.1211,-990.8789,0,0
45.353156,-14.9414,89.1211,-990.8789,0,0
45.357123,-14.9414,89.1211,-990.8789,0,0
45.361090,-14.9414,88.9453,-991.0547,0,0
45.365123,-14.9414,88.9453,-991.0547,0,0
45.369090,-14.9414,88.9453,-991.0547,0,0
45.373156,-14.9414,88.9453,-991.0547,0,0
45.377123,-14.9414,88.9453,-991.0547,0,0
45.381090,-14.9414,88.9453,-991.0547,0,0
45.385156,-14.9414,88.7695,-991.2305,0,0
45.389078,-14.9414,88.7695,-991.2305,0,0
45.393080,-14.9414,88.7695,-991.2305,0,0
45.397145,-14.9414,88.7695,-991.2305,0,0
45.401116,-14.9414,88.7695,-991.2305,0,0
45.405082,-14.9414,88.5938,-991.4062,0,0
45.410658,-14.9414,88.5938,-991.4062,0,0
45.413145,-14.9414,88.5938,-991.4062,0,0
45.417124,-14.9414,88.5938,-991.4062,0,0
45.421097,-14.9414,88.5938,-991.4062,0,0
45.425161,-14.9414,88.4180,-991.5820,0,0
45.429130,-14.9414,88.4180,-991.5820,0,0
45.433096,-14.9414,88.4180,-991.5820,0,0
45.437161,-14.9414,88.4180,-991.5820,0,0
45.441130,-14.9414,88.2422,-991.7578,0,0
45.445096,-14.9414,88.2422,-991.7578,0,0
45.449161,-14.9414,88.2422,-991.7578,0,0
45.453144,-14.9414,88.2422,-991.7578,0,0
45.457114,-14.9414,88.2422,-991.7578,0,0
45.461082,-14.9414,88.2422,-991.7578,0,0
45.465132,-14.9414,88.0664,-991.9336,0,0
45.469072,-14.9414,88.0664,-991.9336,0,0
45.473155,-14.9414,88.0664,-991.9336,0,0
45.477123,-14.9414,88.0664,-991.9336,0,0
45.481090,-14.9414,88.0664,-991.9336,0,0
45.485156,-14.9414,88.0664,-991.9336,0,0
45.489123,-14.9414,88.0664,-991.9336,0,0
45.493139,-14.9414,88.0664,-991.9336,0,0
45.497102,-14.9414,87.8906,-992.1094,0,0
45.501137,-14.9414,87.8906,-992.1094,0,0
45.505107,-14.9414,87.8906,-992.1094,0,0
45.510710,-14.9414,87.8906,-992.1094,0,0
45.513104,-14.9414,87.8906,-992.1094,0,0
45.518667,-14.9414,87.8906,-992.1094,0,0
45.521124,-14.9414,87.8906,-992.1094,0,0
45.525152,-14.9414,87.8906,-992.1094,0,0
45.529120,-14.9414,87.8906,-992.1094,0,0
45.533090,-14.9414,87.8906,-992.1094,0,0
45.537102,-14.9414,87.8906,-992.1094,0,0
45.541160,-14.9414,87.8906,-992.1094,0,0
45.545143,-14.9414,87.8906,-992.1094,0,0
45.549129,-14.9414,87.8906,-992.1094,0,0
45.553105,-14.9414,87.8906,-992.1094,0,0
45.557133,-14.9414,87.8906,-992.1094,0,0
45.561133,-14.9414,87.8906,-992.1094,0,0
45.565104,-14.9414,87.8906,-992.1094,0,0
45.569165,-14.9414,87.8906,-992.1094,0,0
45.573082,-14.9414,87.8906,-992.1094,0,0
45.577154,-14.9414,87.8906,-992.1094,0,0
45.581160,-14.9414,87.8906,-992.1094,0,0
45.585078,-14.9414,87.8906,-992.1094,0,0
45.589161,-14.9414,87.8906,-992.1094,0,0
45.593146,-14.9414,87.8906,-992.1094,0,0
45.597137,-14.9414,87.8906,-992.1094,0,0
45.601152,-14.9414,87.8906,-992.1094,0,0
45.605123,-14.9414,87.8906,-992.1094,0,0
45.610958,-14.9414,87.8906,-992.1094,0,0
45.613152,-14.9414,88.0664,-991.9336,0,0
45.617123,-14.9414,88.0664,-991.9336,0,0
45.621073,-14.9414,88.0664,-991.9336,0,0
45.625137,-14.9414,88.0664,-991.9336,0,0
45.629138,-14.9414,88.0664,-991.9336,0,0
45.633152,-14.9414,88.0664,-991.9336,0,0
45.637137,-14.9414,88.0664,-991.9336,0,0
45.641107,-14.9414,88.2422,-991.7578,0,0
45.645078,-14.9414,88.2422,-991.7578,0,0
45.649077,-14.9414,88.2422,-991.7578,0,0
45.653158,-14.9414,88.2422,-991.7578,0,0
45.657128,-14.9414,88.2422,-991.7578,0,0
45.661096,-14.9414,88.2422,-991.7578,0,0
45.665161,-14.9414,88.4180,-991.5820,0,0
45.669160,-14.9414,88.4180,-991.5820,0,0
45.673130,-14.9414,88.4180,-991.5820,0,0
45.677096,-14.9414,88.4180,-991.5820,0,0
45.681090,-14.9414,88.5938,-991.4062,0,0
45.685156,-14.9414,88.5938,-991.4062,0,0
45.689123,-14.9414,88.5938,-991.4062,0,0
45.693090,-14.9414,88.5938,-991.4062,0,0
45.697152,-14.9414,88.5938,-991.4062,0,0
45.701124,-14.9414,88.5938,-991.4062,0,0
45.705119,-14.9414,88.7695,-991.2305,0,0
45.710687,-14.9414,88.7695,-991.2305,0,0
45.713080,-14.9414,88.7695,-991.2305,0,0
45.717071,-14.9414,88.7695,-991.2305,0,0
45.721137,-14.9414,88.7695,-991.2305,0,0
45.725107,-14.9414,88.7695,-991.2305,0,0
45.729078,-14.9414,88.9453,-991.0547,0,0
45.733145,-14.9414,88.9453,-991.0547,0,0
45.737116,-14.9414,88.9453,-991.0547,0,0
45.741082,-14.9414,88.9453,-991.0547,0,0
45.745145,-14.9414,88.9453,-991.0547,0,0
45.749116,-14.9414,88.9453,-991.0547,0,0
45.753095,-14.9414,89.1211,-990.8789,0,0
45.757161,-14.9414,89.1211,-990.8789,0,0
45.761130,-14.9414,89.1211,-990.8789,0,0
45.765096,-14.9414,89.1211,-990.8789,0,0
45.769161,-14.9414,89.1211,-990.8789,0,0
45.773130,-14.9414,89.1211,-990.8789,0,0
45.777096,-14.9414,89.2969,-990.7031,0,0
45.781161,-14.9414,89.2969,-990.7031,0,0
45.785130,-14.9414,89.2969,-990.7031,0,0
45.789096,-14.9414,89.2969,-990.7031,0,0
45.793161,-14.9414,89.2969,-990.7031,0,0
45.797155,-14.9414,89.2969,-990.7031,0,0
45.801096,-14.9414,89.2969,-990.7031,0,0
45.805090,-14.9414,89.2969,-990.7031,0,0
45.810662,-14.9414,89.2969,-990.7031,0,0
45.813147,-14.9414,89.2969,-990.7031,0,0
45.817169,-14.9414,89.2969,-990.7031,0,0
45.824042,-14.9414,89.2969,-990.7031,0,0
45.825162,-14.9414,89.2969,-990.7031,0,0
45.829102,-14.9414,89.2969,-990.7031,0,0
45.833090,-14.9414,89.2969,-990.7031,0,0
45.837090,-14.9414,89.2969,-990.7031,0,0
45.841096,-14.9414,89.2969,-990.7031,0,0
45.845161,-14.9414,89.2969,-990.7031,0,0
45.849130,-14.9414,89.2969,-990.7031,0,0
45.853106,-14.9414,89.2969,-990.7031,0,0
45.857104,-14.9414,89.2969,-990.7031,0,0
45.861127,-14.9414,89.2969,-990.7031,0,0
45.865143,-14.9414,89.2969,-990.7031,0,0
45.869110,-14.9414,89.2969,-990.7031,0,0
45.873110,-14.9414,89.2969,-990.7031,0,0
45.877082,-14.9414,89.2969,-990.7031,0,0
45.881145,-14.9414,89.1211,-990.8789,0,0
45.885116,-14.9414,89.1211,-990.8789,0,0
45.889082,-14.9414,89.1211,-990.8789,0,0
45.893145,-14.9414,89.1211,-990.8789,0,0
45.897116,-14.9414,89.1211,-990.8789,0,0
45.901096,-14.9414,89.1211,-990.8789,0,0
45.905106,-14.9414,89.1211,-990.8789,0,0
45.910942,-14.9414,88.9453,-991.0547,0,0
45.913145,-14.9414,88.9453,-991.0547,0,0
45.917124,-14.9414,88.9453,-991.0547,0,0
45.921097,-14.9414,88.9453,-991.0547,0,0
45.925161,-14.9414,88.9453,-991.0547,0,0
45.929130,-14.9414,88.9453,-991.0547,0,0
45.933096,-14.9414,88.9453,-991.0547,0,0
45.937161,-14.9414,88.9453,-991.0547,0,0
45.941130,-14.9414,88.7695,-991.2305,0,0
45.945096,-14.9414,88.7695,-991.2305,0,0
45.949161,-14.9414,88.7695,-991.2305,0,0
45.953142,-14.9414,88.7695,-991.2305,0,0
45.957114,-14.9414,88.7695,-991.2305,0,0
45.961082,-14.9414,88.7695,-991.2305,0,0
45.965145,-14.9414,88.7695,-991.2305,0,0
45.969116,-14.9414,88.7695,-991.2305,0,0
45.973082,-14.9414,88.5938,-991.4062,0,0
45.977145,-14.9414,88.5938,-991.4062,0,0
45.981116,-14.9414,88.5938,-991.4062,0,0
45.985082,-14.9414,88.5938,-991.4062,0,0
45.989145,-14.9414,88.5938,-991.4062,0,0
45.993116,-14.9414,88.5938,-991.4062,0,0
45.997082,-14.9414,88.5938,-991.4062,0,0
46.001145,-14.9414,88.4180,-991.5820,0,0
46.005090,-14.9414,88.4180,-991.5820,0,0
46.010659,-14.9414,88.4180,-991.5820,0,0
46.013145,-14.9414,88.4180,-991.5820,0,0
46.017124,-14.9414,88.2422,-991.7578,0,0
46.021097,-14.9414,88.2422,-991.7578,0,0
46.025161,-14.9414,88.2422,-991.7578,0,0
46.029130,-14.9414,88.2422,-991.7578,0,0
46.033096,-14.9414,88.2422,-991.7578,0,0
46.037161,-14.9414,88.2422,-991.7578,0,0
46.041130,-14.9414,88.2422,-991.7578,0,0
46.045096,-14.9414,88.2422,-991.7578,0,0
46.049161,-14.9414,88.2422,-991.7578,0,0
46.053144,-14.9414,88.0664,-991.9336,0,0
46.057114,-14.9414,88.0664,-991.9336,0,0
46.061082,-14.9414,88.0664,-991.9336,0,0
46.065094,-14.9414,88.0664,-991.9336,0,0
46.069160,-14.9414,88.0664,-991.9336,0,0
46.073130,-14.9414,88.0664,-991.9336,0,0
46.077096,-14.9414,88.0664,-991.9336,0,0
46.081161,-14.9414,88.0664,-991.9336,0,0
46.085130,-14.9414,88.0664,-991.9336,0,0
46.089096,-14.9414,88.0664,-991.9336,0,0
46.093161,-14.9414,88.0664,-991.9336,0,0
46.097130,-14.9414,88.0664,-991.9336,0,0
46.101096,-14.9414,88.0664,-991.9336,0,0
46.105118,-14.9414,88.0664,-991.9336,0,0
46.110861,-14.9414,88.0664,-991.9336,0,0
46.113161,-14.9414,88.0664,-991.9336,0,0
46.117158,-14.9414,88.0664,-991.9336,0,0
46.121090,-14.9414,88.0664,-991.9336,0,0
46.126720,-14.9414,88.0664,-991.9336,0,0
46.129096,-14.9414,88.0664,-991.9336,0,0
46.133113,-14.9414,88.0664,-991.9336,0,0
46.137097,-14.9414,88.0664,-991.9336,0,0
46.141161,-14.9414,88.0664,-991.9336,0,0
46.145130,-14.9414,88.0664,-991.9336,0,0
46.149096,-14.9414,88.0664,-991.9336,0,0
46.153070,-14.9414,88.0664,-991.9336,0,0
46.157082,-14.9414,88.0664,-991.9336,0,0
46.161161,-14.9414,88.0664,-991.9336,0,0
46.165080,-14.9414,88.0664,-991.9336,0,0
46.169149,-14.9414,88.0664,-991.9336,0,0
46.173070,-14.9414,88.0664,-991.9336,0,0
46.177161,-14.9414,88.0664,-991.9336,0,0
46.181130,-14.9414,88.0664,-991.9336,0,0
46.185112,-14.9414,88.0664,-991.9336,0,0
46.189082,-14.9414,88.0664,-991.9336,0,0
46.193142,-14.9414,88.2422,-991.7578,0,0
46.197123,-14.9414,88.2422,-991.7578,0,0
46.201090,-14.9414,88.2422,-991.7578,0,0
46.205156,-14.9414,88.2422,-991.7578,0,0
46.210936,-14.9414,88.2422,-991.7578,0,0
46.213078,-14.9414,88.2422,-991.7578,0,0
46.217145,-14.9414,88.2422,-991.7578,0,0
46.221116,-14.9414,88.2422,-991.7578,0,0
46.225082,-14.9414,88.2422,-991.7578,0,0
46.229145,-14.9414,88.4180,-991.5820,0,0
46.233116,-14.9414,88.4180,-991.5820,0,0
46.237082,-14.9414,88.4180,-991.5820,0,0
46.241145,-14.9414,88.4180,-991.5820,0,0
46.245116,-14.9414,88.4180,-991.5820,0,0
46.249082,-14.9414,88.5938,-991.4062,0,0
46.253158,-14.9414,88.5938,-991.4062,0,0
46.257130,-14.9414,88.5938,-991.4062,0,0
46.261096,-14.9414,88.5938,-991.4062,0,0
46.265161,-14.9414,88.5938,-991.4062,0,0
46.269130,-14.9414,88.5938,-991.4062,0,0
46.273096,-14.9414,88.5938,-991.4062,0,0
46.277161,-14.9414,88.7695,-991.2305,0,0
46.281130,-14.9414,88.7695,-991.2305,0,0
46.285096,-14.9414,88.7695,-991.2305,0,0
46.289161,-14.9414,88.7695,-991.2305,0,0
46.293130,-14.9414,88.7695,-991.2305,0,0
46.297096,-14.9414,88.7695,-991.2305,0,0
46.301161,-14.9414,88.7695,-991.2305,0,0
46.305130,-14.9414,88.9453,-991.0547,0,0
46.310695,-14.9414,88.9453,-991.0547,0,0
46.313082,-14.9414,88.9453,-991.0547,0,0
46.317083,-14.9414,88.9453,-991.0547,0,0
46.321152,-14.9414,88.9453,-991.0547,0,0
46.325123,-14.9414,88.9453,-991.0547,0,0
46.329090,-14.9414,88.9453,-991.0547,0,0
46.333156,-14.9414,88.9453,-991.0547,0,0
46.337123,-14.9414,88.9453,-991.0547,0,0
46.341090,-14.9414,89.1211,-990.8789,0,0
46.345156,-14.9414,89.1211,-990.8789,0,0
46.349123,-14.9414,89.1211,-990.8789,0,0
46.353094,-14.9414,89.1211,-990.8789,0,0
46.357160,-14.9414,89.1211,-990.8789,0,0
46.361168,-14.9414,89.1211,-990.8789,0,0
46.365145,-14.9414,89.1211,-990.8789,0,0
46.369128,-14.9414,89.1211,-990.8789,0,0
46.373096,-14.9414,89.1211,-990.8789,0,0
46.377161,-14.9414,89.1211,-990.8789,0,0
46.381130,-14.9414,89.2969,-990.7031,0,0
46.385096,-14.9414,89.2969,-990.7031,0,0
46.389161,-14.9414,89.2969,-990.7031,0,0
46.393130,-14.9414,89.2969,-990.7031,0,0
46.397096,-14.9414,89.2969,-990.7031,0,0
46.401161,-14.9414,89.2969,-990.7031,0,0
46.405130,-14.9414,89.2969,-990.7031,0,0
46.410694,-14.9414,89.2969,-990.7031,0,0
46.413137,-14.9414,89.2969,-990.7031,0,0
46.417111,-14.9414,89.2969,-990.7031,0,0
46.421096,-14.9414,89.2969,-990.7031,0,0
46.425104,-14.9414,89.2969,-990.7031,0,0
46.429116,-14.9414,89.2969,-990.7031,0,0
46.433114,-14.9414,89.2969,-990.7031,0,0
46.437082,-14.9414,89.2969,-990.7031,0,0
46.441145,-14.9414,89.2969,-990.7031,0,0
46.445132,-14.9414,89.1211,-990.8789,0,0
46.449156,-14.9414,89.1211,-990.8789,0,0
46.453126,-14.9414,89.1211,-990.8789,0,0
46.457116,-14.9414,89.1211,-990.8789,0,0
46.461082,-14.9414,89.1211,-990.8789,0,0
46.465145,-14.9414,89.1211,-990.8789,0,0
46.470276,-14.9414,89.1211,-990.8789,0,0
46.473357,-14.9414,89.1211,-990.8789,0,0
46.477144,-14.9414,89.1211,-990.8789,0,0
46.481080,-14.9414,88.9453,-991.0547,0,0
46.485094,-14.9414,88.9453,-991.0547,0,0
46.489152,-14.9414,88.9453,-991.0547,0,0
46.493070,-14.9414,88.9453,-991.0547,0,0
46.497130,-14.9414,88.9453,-991.0547,0,0
46.501116,-14.9414,88.9453,-991.0547,0,0
46.505082,-14.9414,88.9453,-991.0547,0,0
46.511222,-14.9414,88.7695,-991.2305,0,0
46.513078,-14.9414,88.7695,-991.2305,0,0
46.517145,-14.9414,88.7695,-991.2305,0,0
46.521090,-14.9414,88.7695,-991.2305,0,0
46.525160,-14.9414,88.7695,-991.2305,0,0
46.529130,-14.9414,88.7695,-991.2305,0,0
46.533096,-14.9414,88.7695,-991.2305,0,0
46.537096,-14.9414,88.7695,-991.2305,0,0
46.541161,-14.9414,88.7695,-991.2305,0,0
46.545152,-14.9414,88.5938,-991.4062,0,0
46.549123,-14.9414,88.5938,-991.4062,0,0
46.553097,-14.9414,88.5938,-991.4062,0,0
46.557090,-14.9414,88.5938,-991.4062,0,0
46.561156,-14.9414,88.5938,-991.4062,0,0
46.565123,-14.9414,88.5938,-991.4062,0,0
46.569090,-14.9414,88.5938,-991.4062,0,0
46.573156,-14.9414,88.4180,-991.5820,0,0
46.577123,-14.9414,88.4180,-991.5820,0,0
46.581090,-14.9414,88.4180,-991.5820,0,0
46.585156,-14.9414,88.4180,-991.5820,0,0
46.589123,-14.9414,88.4180,-991.5820,0,0
46.593090,-14.9414,88.4180,-991.5820,0,0
46.597156,-14.9414,88.2422,-991.7578,0,0
46.601123,-14.9414,88.2422,-991.7578,0,0
46.605090,-14.9414,88.2422,-991.7578,0,0
46.610659,-14.9414,88.2422,-991.7578,0,0
46.613145,-14.9414,88.2422,-991.7578,0,0
46.617079,-14.9414,88.2422,-991.7578,0,0
46.621156,-14.9414,88.2422,-991.7578,0,0
46.625123,-14.9414,88.2422,-991.7578,0,0
46.629090,-14.9414,88.0664,-991.9336,0,0
46.633156,-14.9414,88.0664,-991.9336,0,0
46.637123,-14.9414,88.0664,-991.9336,0,0
46.641090,-14.9414,88.0664,-991.9336,0,0
46.645156,-14.9414,88.0664,-991.9336,0,0
46.649123,-14.9414,88.0664,-991.9336,0,0
46.653094,-14.9414,88.0664,-991.9336,0,0
46.657160,-14.9414,88.0664,-991.9336,0,0
46.661130,-14.9414,88.0664,-991.9336,0,0
46.665096,-14.9414,88.0664,-991.9336,0,0
46.669161,-14.9414,88.0664,-991.9336,0,0
46.673145,-14.9414,88.0664,-991.9336,0,0
46.677116,-14.9414,88.0664,-991.9336,0,0
46.681082,-14.9414,88.0664,-991.9336,0,0
46.685145,-14.9414,88.0664,-991.9336,0,0
46.689116,-14.9414,88.0664,-991.9336,0,0
46.693082,-14.9414,88.0664,-991.9336,0,0
46.697145,-14.9414,88.0664,-991.9336,0,0
46.701116,-14.9414,88.0664,-991.9336,0,0
46.705082,-14.9414,88.0664,-991.9336,0,0
46.710648,-14.9414,88.0664,-991.9336,0,0
46.713133,-14.9414,88.0664,-991.9336,0,0
46.717107,-14.9414,88.0664,-991.9336,0,0
46.721155,-14.9414,88.0664,-991.9336,0,0
46.725160,-14.9414,88.0664,-991.9336,0,0
46.729130,-14.9414,88.0664,-991.9336,0,0
46.733096,-14.9414,88.0664,-991.9336,0,0
46.737161,-14.9414,88.0664,-991.9336,0,0
46.741130,-14.9414,88.0664,-991.9336,0,0
46.745096,-14.9414,88.0664,-991.9336,0,0
46.749161,-14.9414,88.2422,-991.7578,0,0
46.753151,-14.9414,88.2422,-991.7578,0,0
46.757138,-14.9414,88.2422,-991.7578,0,0
46.761237,-14.9414,88.2422,-991.7578,0,0
46.765134,-14.9414,88.2422,-991.7578,0,0
46.769127,-14.9414,88.2422,-991.7578,0,0
46.773098,-14.9414,88.2422,-991.7578,0,0
46.777112,-14.9414,88.2422,-991.7578,0,0
46.781104,-14.9414,88.2422,-991.7578,0,0
46.785145,-14.9414,88.2422,-991.7578,0,0
46.789140,-14.9414,88.2422,-991.7578,0,0
46.793130,-14.9414,88.2422,-991.7578,0,0
46.797129,-14.9414,88.4180,-991.5820,0,0
46.801096,-14.9414,88.4180,-991.5820,0,0
46.805161,-14.9414,88.4180,-991.5820,0,0
46.810891,-14.9414,88.4180,-991.5820,0,0
46.813102,-14.9414,88.4180,-991.5820,0,0
46.817074,-14.9414,88.4180,-991.5820,0,0
46.821142,-14.9414,88.4180,-991.5820,0,0
46.825131,-14.9414,88.5938,-991.4062,0,0
46.829096,-14.9414,88.5938,-991.4062,0,0
46.833161,-14.9414,88.5938,-991.4062,0,0
46.837090,-14.9414,88.5938,-991.4062,0,0
46.841160,-14.7656,88.5938,-991.4062,0,0
46.845130,-14.7656,88.5938,-991.4062,0,0
46.849160,-14.7656,88.5938,-991.4062,0,0
46.853070,-14.7656,88.5938,-991.4062,0,0
46.857074,-14.7656,88.7695,-991.2305,0,0
46.861152,-14.7656,88.7695,-991.2305,0,0
46.865071,-14.7656,88.7695,-991.2305,0,0
46.869137,-14.7656,88.7695,-991.2305,0,0
46.873107,-14.7656,88.7695,-991.2305,0,0
46.877078,-14.7656,88.7695,-991.2305,0,0
46.881145,-14.7656,88.7695,-991.2305,0,0
46.885116,-14.7656,88.7695,-991.2305,0,0
46.889082,-14.7656,88.9453,-991.0547,0,0
46.893145,-14.7656,88.9453,-991.0547,0,0
46.897116,-14.7656,88.9453,-991.0547,0,0
46.901082,-14.7656,88.9453,-991.0547,0,0
46.905145,-14.7656,88.9453,-991.0547,0,0
46.910643,-14.7656,88.9453,-991.0547,0,0
46.913133,-14.7656,88.9453,-991.0547,0,0
46.917107,-14.7656,88.9453,-991.0547,0,0
46.921078,-14.7656,88.9453,-991.0547,0,0
46.925160,-14.7656,88.9453,-991.0547,0,0
46.929078,-14.7656,88.9453,-991.0547,0,0
46.933145,-14.7656,88.9453,-991.0547,0,0
46.937116,-14.7656,89.1211,-990.8789,0,0
46.941082,-14.7656,89.1211,-990.8789,0,0
46.945145,-14.7656,89.1211,-990.8789,0,0
46.949116,-14.7656,89.1211,-990.8789,0,0
46.953090,-14.7656,89.1211,-990.8789,0,0
46.957160,-14.7656,89.1211,-990.8789,0,0
46.961130,-14.7656,89.1211,-990.8789,0,0
46.965096,-14.7656,89.1211,-990.8789,0,0
46.969161,-14.7656,89.1211,-990.8789,0,0
46.973130,-14.7656,89.1211,-990.8789,0,0
46.977096,-14.7656,89.1211,-990.8789,0,0
46.981161,-14.7656,89.1211,-990.8789,0,0
46.985130,-14.7656,89.1211,-990.8789,0,0
46.989096,-14.7656,89.1211,-990.8789,0,0
46.993161,-14.7656,89.1211,-990.8789,0,0
46.997130,-14.7656,89.1211,-990.8789,0,0
47.001096,-14.7656,89.1211,-990.8789,0,0
47.005070,-14.7656,89.1211,-990.8789,0,0
47.010643,-14.7656,89.1211,-990.8789,0,0
47.013133,-14.7656,89.1211,-990.8789,0,0
47.017107,-14.7656,89.1211,-990.8789,0,0
47.021078,-14.7656,89.1211,-990.8789,0,0
47.025145,-14.7656,89.1211,-990.8789,0,0
47.029082,-14.7656,89.1211,-990.8789,0,0
47.033071,-14.7656,88.9453,-991.0547,0,0
47.037137,-14.7656,88.9453,-991.0547,0,0
47.041107,-14.7656,88.9453,-991.0547,0,0
47.045078,-14.7656,88.9453,-991.0547,0,0
47.049145,-14.7656,88.9453,-991.0547,0,0
47.053127,-14.7656,88.9453,-991.0547,0,0
47.057096,-14.7656,88.9453,-991.0547,0,0
47.061161,-14.7656,88.9453,-991.0547,0,0
47.065130,-14.7656,88.9453,-991.0547,0,0
47.069096,-14.7656,88.9453,-991.0547,0,0
47.073161,-14.7656,88.7695,-991.2305,0,0
47.077130,-14.7656,88.7695,-991.2305,0,0
47.081096,-14.7656,88.7695,-991.2305,0,0
47.085161,-14.7656,88.7695,-991.2305,0,0
47.089130,-14.7656,88.7695,-991.2305,0,0
47.093096,-14.7656,88.7695,-991.2305,0,0
47.097135,-14.7656,88.7695,-991.2305,0,0
47.101145,-14.7656,88.7695,-991.2305,0,0
47.105164,-14.7656,88.7695,-991.2305,0,0
47.110923,-14.7656,88.5938,-991.4062,0,0
47.113071,-14.7656,88.5938,-991.4062,0,0
47.117145,-14.7656,88.5938,-991.4062,0,0
47.121116,-14.7656,88.5938,-991.4062,0,0
47.125082,-14.7656,88.5938,-991.4062,0,0
47.129103,-14.7656,88.5938,-991.4062,0,0
47.133104,-14.7656,88.5938,-991.4062,0,0
47.137102,-14.7656,88.5938,-991.4062,0,0
47.143436,-14.7656,88.5938,-991.4062,0,0
47.145168,-14.7656,88.5938,-991.4062,0,0
47.149090,-14.7656,88.4180,-991.5820,0,0
47.153162,-14.7656,88.4180,-991.5820,0,0
47.157075,-14.7656,88.4180,-991.5820,0,0
47.161160,-14.7656,88.4180,-991.5820,0,0
47.165128,-14.7656,88.4180,-991.5820,0,0
47.169097,-14.7656,88.4180,-991.5820,0,0
47.173160,-14.7656,88.2422,-991.7578,0,0
47.177127,-14.7656,88.2422,-991.7578,0,0
47.181097,-14.7656,88.2422,-991.7578,0,0
47.185160,-14.7656,88.2422,-991.7578,0,0
47.189127,-14.7656,88.2422,-991.7578,0,0
47.193096,-14.7656,88.2422,-991.7578,0,0
47.197153,-14.7656,88.2422,-991.7578,0,0
47.201136,-14.7656,88.2422,-991.7578,0,0
47.205104,-14.7656,88.2422,-991.7578,0,0
47.210964,-14.7656,88.2422,-991.7578,0,0
47.213172,-14.7656,88.2422,-991.7578,0,0
47.217084,-14.7656,88.2422,-991.7578,0,0
47.221137,-14.7656,88.2422,-991.7578,0,0
47.225137,-14.7656,88.2422,-991.7578,0,0
47.229107,-14.7656,88.2422,-991.7578,0,0
47.233090,-14.7656,88.2422,-991.7578,0,0
47.237104,-14.7656,88.2422,-991.7578,0,0
47.241074,-14.7656,88.0664,-991.9336,0,0
47.245142,-14.7656,88.0664,-991.9336,0,0
47.249137,-14.7656,88.0664,-991.9336,0,0
47.253122,-14.7656,88.0664,-991.9336,0,0
47.257107,-14.7656,88.0664,-991.9336,0,0
47.261078,-14.7656,88.0664,-991.9336,0,0
47.265145,-14.7656,88.0664,-991.9336,0,0
47.269116,-14.7656,88.0664,-991.9336,0,0
47.273082,-14.7656,88.0664,-991.9336,0,0
47.277083,-14.7656,88.0664,-991.9336,0,0
47.281114,-14.7656,88.0664,-991.9336,0,0
47.285082,-14.7656,88.0664,-991.9336,0,0
47.289145,-14.7656,88.0664,-991.9336,0,0
47.293116,-14.7656,88.0664,-991.9336,0,0
47.297082,-14.7656,88.2422,-991.7578,0,0
47.301145,-14.7656,88.2422,-991.7578,0,0
47.305116,-14.7656,88.2422,-991.7578,0,0
47.310708,-14.7656,88.2422,-991.7578,0,0
47.313102,-14.7656,88.2422,-991.7578,0,0
47.317074,-14.7656,88.2422,-991.7578,0,0
47.321142,-14.7656,88.2422,-991.7578,0,0
47.325114,-14.7656,88.2422,-991.7578,0,0
47.329082,-14.7656,88.2422,-991.7578,0,0
47.333145,-14.7656,88.2422,-991.7578,0,0
47.337121,-14.7656,88.2422,-991.7578,0,0
47.341160,-14.7656,88.2422,-991.7578,0,0
47.345144,-14.7656,88.2422,-991.7578,0,0
47.349114,-14.7656,88.2422,-991.7578,0,0
47.353098,-14.7656,88.4180,-991.5820,0,0
47.357161,-14.7656,88.4180,-991.5820,0,0
47.361141,-14.7656,88.4180,-991.5820,0,0
47.365152,-14.7656,88.4180,-991.5820,0,0
47.369123,-14.7656,88.4180,-991.5820,0,0
47.373090,-14.7656,88.4180,-991.5820,0,0
47.377156,-14.7656,88.4180,-991.5820,0,0
47.381123,-14.7656,88.5938,-991.4062,0,0
47.385090,-14.7656,88.5938,-991.4062,0,0
47.389156,-14.7656,88.5938,-991.4062,0,0
47.393123,-14.7656,88.5938,-991.4062,0,0
47.397090,-14.7656,88.5938,-991.4062,0,0
47.401156,-14.7656,88.5938,-991.4062,0,0
47.405123,-14.7656,88.5938,-991.4062,0,0
47.410689,-14.7656,88.5938,-991.4062,0,0
47.413080,-14.7656,88.5938,-991.4062,0,0
47.417152,-14.7656,88.5938,-991.4062,0,0
47.421123,-14.7656,88.7695,-991.2305,0,0
47.425090,-14.7656,88.7695,-991.2305,0,0
47.429156,-14.7656,88.7695,-991.2305,0,0
47.433123,-14.7656,88.7695,-991.2305,0,0
47.437139,-14.7656,88.7695,-991.2305,0,0
47.441071,-14.7656,88.7695,-991.2305,0,0
47.445137,-14.7656,88.7695,-991.2305,0,0
47.449107,-14.7656,88.7695,-991.2305,0,0
47.453094,-14.7656,88.7695,-991.2305,0,0
47.457160,-14.7656,88.7695,-991.2305,0,0
47.461130,-14.7656,88.7695,-991.2305,0,0
47.465110,-14.7656,88.7695,-991.2305,0,0
47.469070,-14.7656,88.9453,-991.0547,0,0
47.473108,-14.7656,88.9453,-991.0547,0,0
47.477080,-14.7656,88.9453,-991.0547,0,0
47.481177,-14.7656,88.9453,-991.0547,0,0
47.486263,-14.7656,88.9453,-991.0547,0,0
47.489229,-14.7656,88.9453,-991.0547,0,0
47.493145,-14.7656,88.9453,-991.0547,0,0
47.497130,-14.7656,88.9453,-991.0547,0,0
47.501096,-14.7656,88.9453,-991.0547,0,0
47.505096,-14.7656,88.9453,-991.0547,0,0
47.510952,-14.7656,88.9453,-991.0547,0,0
47.513145,-14.7656,88.9453,-991.0547,0,0
47.517124,-14.7656,88.9453,-991.0547,0,0
47.521097,-14.7656,88.9453,-991.0547,0,0
47.525161,-14.7656,88.9453,-991.0547,0,0
47.529130,-14.7656,88.9453,-991.0547,0,0
47.533096,-14.7656,88.9453,-991.0547,0,0
47.537161,-14.7656,88.9453,-991.0547,0,0
47.541160,-14.7656,88.9453,-991.0547,0,0
47.545090,-14.7656,88.9453,-991.0547,0,0
47.549070,-14.7656,88.9453,-991.0547,0,0
47.553119,-14.7656,88.9453,-991.0547,0,0
47.557090,-14.7656,88.9453,-991.0547,0,0
47.561152,-14.7656,88.9453,-991.0547,0,0
47.565091,-14.7656,88.9453,-991.0547,0,0
47.569079,-14.7656,88.9453,-991.0547,0,0
47.573090,-14.7656,88.9453,-991.0547,0,0
47.577090,-14.7656,88.9453,-991.0547,0,0
47.581090,-14.7656,88.9453,-991.0547,0,0
47.585152,-14.7656,88.9453,-991.0547,0,0
47.589122,-14.7656,88.9453,-991.0547,0,0
47.593109,-14.7656,88.9453,-991.0547,0,0
47.597114,-14.7656,88.9453,-991.0547,0,0
47.601080,-14.7656,88.9453,-991.0547,0,0
47.605145,-14.7656,88.9453,-991.0547,0,0
47.610742,-14.7656,88.9453,-991.0547,0,0
47.613182,-14.7656,88.9453,-991.0547,0,0
47.617114,-14.7656,88.9453,-991.0547,0,0
47.621102,-14.7656,88.9453,-991.0547,0,0
47.625074,-14.7656,88.9453,-991.0547,0,0
47.629141,-14.7656,88.9453,-991.0547,0,0
47.633112,-14.7656,88.7695,-991.2305,0,0
47.637082,-14.7656,88.7695,-991.2305,0,0
47.641136,-14.7656,88.7695,-991.2305,0,0
47.645087,-14.7656,88.7695,-991.2305,0,0
47.649152,-14.7656,88.7695,-991.2305,0,0
47.653133,-14.7656,88.7695,-991.2305,0,0
47.657104,-14.7656,88.7695,-991.2305,0,0
47.661074,-14.7656,88.7695,-991.2305,0,0
47.665141,-14.7656,88.7695,-991.2305,0,0
47.669112,-14.7656,88.7695,-991.2305,0,0
47.673082,-14.7656,88.7695,-991.2305,0,0
47.677145,-14.7656,88.5938,-991.4062,0,0
47.681116,-14.7656,88.5938,-991.4062,0,0
47.685082,-14.7656,88.5938,-991.4062,0,0
47.689145,-14.7656,88.5938,-991.4062,0,0
47.693116,-14.7656,88.5938,-991.4062,0,0
47.697082,-14.7656,88.5938,-991.4062,0,0
47.701145,-14.7656,88.5938,-991.4062,0,0
47.705116,-14.7656,88.5938,-991.4062,0,0
47.710708,-14.7656,88.5938,-991.4062,0,0
47.713101,-14.7656,88.5938,-991.4062,0,0
47.717088,-14.7656,88.5938,-991.4062,0,0
47.721152,-14.7656,88.4180,-991.5820,0,0
47.725123,-14.7656,88.4180,-991.5820,0,0
47.729090,-14.7656,88.4180,-991.5820,0,0
47.733156,-14.7656,88.4180,-991.5820,0,0
47.737123,-14.7656,88.4180,-991.5820,0,0
47.741090,-14.7656,88.4180,-991.5820,0,0
47.745152,-14.7656,88.4180,-991.5820,0,0
47.749123,-14.7656,88.4180,-991.5820,0,0
47.753124,-14.7656,88.4180,-991.5820,0,0
47.757096,-14.7656,88.2422,-991.7578,0,0
47.761161,-14.7656,88.2422,-991.7578,0,0
47.765130,-14.7656,88.2422,-991.7578,0,0
47.769096,-14.7656,88.2422,-991.7578,0,0
47.773161,-14.7656,88.2422,-991.7578,0,0
47.777130,-14.7656,88.2422,-991.7578,0,0
47.781096,-14.7656,88.2422,-991.7578,0,0
47.785161,-14.7656,88.2422,-991.7578,0,0
47.789130,-14.7656,88.2422,-991.7578,0,0
47.793096,-14.7656,88.2422,-991.7578,0,0
47.797161,-14.7656,88.2422,-991.7578,0,0
47.801130,-14.7656,88.2422,-991.7578,0,0
47.805096,-14.7656,88.2422,-991.7578,0,0
47.810666,-14.7656,88.2422,-991.7578,0,0
47.813152,-14.7656,88.2422,-991.7578,0,0
47.817123,-14.7656,88.2422,-991.7578,0,0
47.821090,-14.7656,88.2422,-991.7578,0,0
47.825156,-14.7656,88.2422,-991.7578,0,0
47.829123,-14.7656,88.2422,-991.7578,0,0
47.833090,-14.7656,88.2422,-991.7578,0,0
47.837156,-14.7656,88.2422,-991.7578,0,0
47.841123,-14.7656,88.2422,-991.7578,0,0
47.845090,-14.7656,88.2422,-991.7578,0,0
47.849109,-14.7656,88.2422,-991.7578,0,0
47.853134,-14.7656,88.2422,-991.7578,0,0
47.857104,-14.7656,88.2422,-991.7578,0,0
47.861079,-14.7656,88.2422,-991.7578,0,0
47.865106,-14.7656,88.2422,-991.7578,0,0
47.869152,-14.7656,88.2422,-991.7578,0,0
47.873091,-14.7656,88.2422,-991.7578,0,0
47.878789,-14.7656,88.2422,-991.7578,0,0
47.881078,-14.7656,88.2422,-991.7578,0,0
47.885138,-14.7656,88.2422,-991.7578,0,0
47.889104,-14.7656,88.2422,-991.7578,0,0
47.893073,-14.7656,88.2422,-991.7578,0,0
47.897137,-14.7656,88.2422,-991.7578,0,0
47.901069,-14.7656,88.4180,-991.5820,0,0
47.905160,-14.7656,88.4180,-991.5820,0,0
47.911424,-14.7656,88.4180,-991.5820,0,0
47.913086,-14.7656,88.4180,-991.5820,0,0
47.917112,-14.7656,88.4180,-991.5820,0,0
47.921082,-14.7656,88.4180,-991.5820,0,0
47.925145,-14.7656,88.4180,-991.5820,0,0
47.929116,-14.7656,88.4180,-991.5820,0,0
47.933082,-14.7656,88.4180,-991.5820,0,0
47.937145,-14.7656,88.5938,-991.4062,0,0
47.941116,-14.7656,88.5938,-991.4062,0,0
47.945082,-14.7656,88.5938,-991.4062,0,0
47.949151,-14.7656,88.5938,-991.4062,0,0
47.953158,-14.7656,88.5938,-991.4062,0,0
47.957116,-14.7656,88.5938,-991.4062,0,0
47.961090,-14.7656,88.5938,-991.4062,0,0
47.965156,-14.7656,88.5938,-991.4062,0,0
47.969123,-14.7656,88.5938,-991.4062,0,0
47.973090,-14.7656,88.5938,-991.4062,0,0
47.977156,-14.7656,88.5938,-991.4062,0,0
47.981123,-14.7656,88.5938,-991.4062,0,0
47.985090,-14.7656,88.5938,-991.4062,0,0
47.989156,-14.7656,88.5938,-991.4062,0,0
47.993123,-14.7656,88.7695,-991.2305,0,0
47.997090,-14.7656,88.7695,-991.2305,0,0
48.001156,-14.7656,88.7695,-991.2305,0,0
48.005123,-14.7656,88.7695,-991.2305,0,0
48.010693,-14.7656,88.7695,-991.2305,0,0
48.013082,-14.7656,88.7695,-991.2305,0,0
48.017152,-14.7656,88.7695,-991.2305,0,0
48.021123,-14.7656,88.7695,-991.2305,0,0
48.025090,-14.7656,88.7695,-991.2305,0,0
48.029156,-14.7656,88.7695,-991.2305,0,0
48.033123,-14.7656,88.7695,-991.2305,0,0
48.037090,-14.7656,88.7695,-991.2305,0,0
48.041156,-14.7656,88.7695,-991.2305,0,0
48.045123,-14.7656,88.7695,-991.2305,0,0
48.049090,-14.7656,88.7695,-991.2305,0,0
48.053156,-14.7656,88.7695,-991.2305,0,0
48.057123,-14.7656,88.7695,-991.2305,0,0
48.061090,-14.7656,88.7695,-991.2305,0,0
48.065156,-14.7656,88.7695,-991.2305,0,0
48.069123,-14.7656,88.7695,-991.2305,0,0
48.073090,-14.7656,88.9453,-991.0547,0,0
48.077156,-14.7656,88.9453,-991.0547,0,0
48.081123,-14.7656,88.9453,-991.0547,0,0
48.085090,-14.7656,88.9453,-991.0547,0,0
48.089156,-14.7656,88.9453,-991.0547,0,0
48.093123,-14.7656,88.9453,-991.0547,0,0
48.097090,-14.7656,88.9453,-991.0547,0,0
48.101156,-14.7656,88.9453,-991.0547,0,0
48.105123,-14.7656,88.9453,-991.0547,0,0
48.110905,-14.7656,88.9453,-991.0547,0,0
48.113111,-14.7656,88.9453,-991.0547,0,0
48.117097,-14.7656,88.9453,-991.0547,0,0
48.121161,-14.7656,88.9453,-991.0547,0,0
48.125130,-14.7656,88.9453,-991.0547,0,0
48.129096,-14.7656,88.9453,-991.0547,0,0
48.133161,-14.7656,88.9453,-991.0547,0,0
48.137130,-14.7656,88.9453,-991.0547,0,0
48.141096,-14.7656,88.9453,-991.0547,0,0
48.145161,-14.7656,88.9453,-991.0547,0,0
48.149130,-14.7656,88.9453,-991.0547,0,0
48.153123,-14.7656,88.9453,-991.0547,0,0
48.157137,-14.7656,88.9453,-991.0547,0,0
48.161130,-14.7656,88.9453,-991.0547,0,0
48.165096,-14.7656,88.7695,-991.2305,0,0
48.169161,-14.7656,88.7695,-991.2305,0,0
48.173130,-14.7656,88.7695,-991.2305,0,0
48.177098,-14.7656,88.7695,-991.2305,0,0
48.181137,-14.7656,88.7695,-991.2305,0,0
48.185584,-14.7656,88.7695,-991.2305,0,0
48.189543,-14.7656,88.7695,-991.2305,0,0
48.193125,-14.7656,88.7695,-991.2305,0,0
48.197142,-14.7656,88.7695,-991.2305,0,0
48.201114,-14.7656,88.7695,-991.2305,0,0
48.205082,-14.7656,88.7695,-991.2305,0,0
48.210909,-14.7656,88.7695,-991.2305,0,0
48.213108,-14.7656,88.7695,-991.2305,0,0
48.217082,-14.7656,88.7695,-991.2305,0,0
48.221160,-14.7656,88.7695,-991.2305,0,0
48.225131,-14.7656,88.7695,-991.2305,0,0
48.229107,-14.7656,88.7695,-991.2305,0,0
48.233094,-14.7656,88.5938,-991.4062,0,0
48.237069,-14.7656,88.5938,-991.4062,0,0
48.241160,-14.7656,88.5938,-991.4062,0,0
48.245070,-14.7656,88.5938,-991.4062,0,0
48.249161,-14.7656,88.5938,-991.4062,0,0
48.253151,-14.7656,88.5938,-991.4062,0,0
48.257130,-14.7656,88.5938,-991.4062,0,0
48.261096,-14.7656,88.5938,-991.4062,0,0
48.265137,-14.7656,88.5938,-991.4062,0,0
48.269107,-14.7656,88.5938,-991.4062,0,0
48.273078,-14.7656,88.5938,-991.4062,0,0
48.277145,-14.7656,88.5938,-991.4062,0,0
48.281116,-14.7656,88.5938,-991.4062,0,0
48.285114,-14.7656,88.5938,-991.4062,0,0
48.289082,-14.7656,88.5938,-991.4062,0,0
48.293071,-14.7656,88.5938,-991.4062,0,0
48.297137,-14.7656,88.4180,-991.5820,0,0
48.301160,-14.7656,88.4180,-991.5820,0,0
48.305074,-14.7656,88.4180,-991.5820,0,0
48.310667,-14.7656,88.4180,-991.5820,0,0
48.313152,-14.7656,88.4180,-991.5820,0,0
48.317123,-14.7656,88.4180,-991.5820,0,0
48.321090,-14.7656,88.4180,-991.5820,0,0
48.325156,-14.7656,88.4180,-991.5820,0,0
48.329123,-14.7656,88.4180,-991.5820,0,0
48.333090,-14.7656,88.4180,-991.5820,0,0
48.337156,-14.7656,88.4180,-991.5820,0,0
48.341123,-14.7656,88.4180,-991.5820,0,0
48.345090,-14.7656,88.4180,-991.5820,0,0
48.349156,-14.7656,88.4180,-991.5820,0,0
48.353129,-14.7656,88.4180,-991.5820,0,0
48.357096,-14.7656,88.4180,-991.5820,0,0
48.361179,-14.7656,88.2422,-991.7578,0,0
48.365147,-14.7656,88.2422,-991.7578,0,0
48.369160,-14.7656,88.2422,-991.7578,0,0
48.373130,-14.7656,88.2422,-991.7578,0,0
48.377096,-14.7656,88.2422,-991.7578,0,0
48.381161,-14.7656,88.2422,-991.7578,0,0
48.385130,-14.7656,88.2422,-991.7578,0,0
48.389096,-14.7656,88.2422,-991.7578,0,0
48.393161,-14.7656,88.2422,-991.7578,0,0
48.397130,-14.7656,88.2422,-991.7578,0,0
48.401096,-14.7656,88.2422,-991.7578,0,0
48.405161,-14.7656,88.2422,-991.7578,0,0
48.410629,-14.7656,88.2422,-991.7578,0,0
48.413114,-14.7656,88.2422,-991.7578,0,0
48.417090,-14.7656,88.2422,-991.7578,0,0
48.421156,-14.7656,88.2422,-991.7578,0,0
48.425136,-14.7656,88.4180,-991.5820,0,0
48.429107,-14.7656,88.4180,-991.5820,0,0
48.433078,-14.7656,88.4180,-991.5820,0,0
48.437145,-14.7656,88.4180,-991.5820,0,0
48.441116,-14.7656,88.4180,-991.5820,0,0
48.445082,-14.7656,88.4180,-991.5820,0,0
48.449145,-14.7656,88.4180,-991.5820,0,0
48.453125,-14.7656,88.4180,-991.5820,0,0
48.457096,-14.7656,88.4180,-991.5820,0,0
48.461109,-14.7656,88.4180,-991.5820,0,0
48.465116,-14.7656,88.4180,-991.5820,0,0
48.469082,-14.7656,88.4180,-991.5820,0,0
48.473145,-14.7656,88.4180,-991.5820,0,0
48.477116,-14.7656,88.5938,-991.4062,0,0
48.481082,-14.7656,88.5938,-991.4062,0,0
48.485145,-14.7656,88.5938,-991.4062,0,0
48.489131,-14.7656,88.5938,-991.4062,0,0
48.493141,-14.7656,88.5938,-991.4062,0,0
48.497111,-14.7656,88.5938,-991.4062,0,0
48.501082,-14.7656,88.5938,-991.4062,0,0
48.505145,-14.7656,88.5938,-991.4062,0,0
48.510618,-14.7656,88.5938,-991.4062,0,0
48.513088,-14.7656,88.5938,-991.4062,0,0
48.518719,-14.7656,88.5938,-991.4062,0,0
48.521070,-14.7656,88.5938,-991.4062,0,0
48.525090,-14.7656,88.5938,-991.4062,0,0
48.529102,-14.7656,88.5938,-991.4062,0,0
48.533090,-14.7656,88.5938,-991.4062,0,0
48.537156,-14.7656,88.5938,-991.4062,0,0
48.541079,-14.7656,88.5938,-991.4062,0,0
48.545144,-14.7656,88.5938,-991.4062,0,0
48.549110,-14.7656,88.7695,-991.2305,0,0
48.553085,-14.7656,88.7695,-991.2305,0,0
48.557079,-14.7656,88.7695,-991.2305,0,0
48.561145,-14.7656,88.7695,-991.2305,0,0
48.565114,-14.7656,88.7695,-991.2305,0,0
48.569494,-14.7656,88.7695,-991.2305,0,0
48.573082,-14.7656,88.7695,-991.2305,0,0
48.577070,-14.7656,88.7695,-991.2305,0,0
48.581137,-14.7656,88.7695,-991.2305,0,0
48.585107,-14.7656,88.7695,-991.2305,0,0
48.589078,-14.7656,88.7695,-991.2305,0,0
48.593145,-14.7656,88.7695,-991.2305,0,0
48.597116,-14.7656,88.7695,-991.2305,0,0
48.601096,-14.7656,88.7695,-991.2305,0,0
48.605161,-14.7656,88.7695,-991.2305,0,0
48.610904,-14.7656,88.7695,-991.2305,0,0
48.613106,-14.7656,88.7695,-991.2305,0,0
48.617082,-14.7656,88.7695,-991.2305,0,0
48.621091,-14.7656,88.7695,-991.2305,0,0
48.625078,-14.7656,88.7695,-991.2305,0,0
48.629145,-14.7656,88.7695,-991.2305,0,0
48.633116,-14.7656,88.7695,-991.2305,0,0
48.637137,-14.7656,88.7695,-991.2305,0,0
48.641107,-14.7656,88.7695,-991.2305,0,0
48.645078,-14.7656,88.7695,-991.2305,0,0
48.649145,-14.7656,88.7695,-991.2305,0,0
48.653131,-14.7656,88.7695,-991.2305,0,0
48.657112,-14.7656,88.7695,-991.2305,0,0
48.661082,-14.7656,88.7695,-991.2305,0,0
48.665170,-14.7656,88.7695,-991.2305,0,0
48.669079,-14.7656,88.7695,-991.2305,0,0
48.673145,-14.7656,88.7695,-991.2305,0,0
48.677116,-14.7656,88.7695,-991.2305,0,0
48.681082,-14.7656,88.7695,-991.2305,0,0
48.685145,-14.7656,88.7695,-991.2305,0,0
48.689116,-14.7656,88.7695,-991.2305,0,0
48.693082,-14.7656,88.7695,-991.2305,0,0
48.697145,-14.7656,88.7695,-991.2305,0,0
48.701116,-14.7656,88.7695,-991.2305,0,0
48.705082,-14.7656,88.7695,-991.2305,0,0
48.710648,-14.7656,88.7695,-991.2305,0,0
48.713133,-14.7656,88.7695,-991.2305,0,0
48.717107,-14.7656,88.7695,-991.2305,0,0
48.721078,-14.7656,88.7695,-991.2305,0,0
48.725145,-14.7656,88.7695,-991.2305,0,0
48.729116,-14.7656,88.7695,-991.2305,0,0
48.733082,-14.7656,88.7695,-991.2305,0,0
48.737145,-14.7656,88.7695,-991.2305,0,0
48.741137,-14.7656,88.7695,-991.2305,0,0
48.745107,-14.7656,88.7695,-991.2305,0,0
48.749078,-14.7656,88.7695,-991.2305,0,0
48.753156,-14.7656,88.7695,-991.2305,0,0
48.757123,-14.7656,88.7695,-991.2305,0,0
48.761090,-14.7656,88.7695,-991.2305,0,0
48.765156,-14.7656,88.7695,-991.2305,0,0
48.769090,-14.7656,88.7695,-991.2305,0,0
48.773082,-14.7656,88.7695,-991.2305,0,0
48.777145,-14.7656,88.7695,-991.2305,0,0
48.781116,-14.7656,88.5938,-991.4062,0,0
48.785082,-14.7656,88.5938,-991.4062,0,0
48.789145,-14.7656,88.5938,-991.4062,0,0
48.793116,-14.7656,88.5938,-991.4062,0,0
48.797082,-14.7656,88.5938,-991.4062,0,0
48.801145,-14.7656,88.5938,-991.4062,0,0
48.805116,-14.7656,88.5938,-991.4062,0,0
48.810680,-14.7656,88.5938,-991.4062,0,0
48.813074,-14.7656,88.5938,-991.4062,0,0
48.817145,-14.7656,88.5938,-991.4062,0,0
48.821145,-14.7656,88.5938,-991.4062,0,0
48.825152,-14.7656,88.5938,-991.4062,0,0
48.829090,-14.7656,88.5938,-991.4062,0,0
48.833084,-14.7656,88.5938,-991.4062,0,0
48.837161,-14.7656,88.5938,-991.4062,0,0
48.841576,-14.7656,88.5938,-991.4062,0,0
48.845106,-14.7656,88.5938,-991.4062,0,0
48.849160,-14.7656,88.5938,-991.4062,0,0
48.853070,-14.7656,88.5938,-991.4062,0,0
48.857074,-14.7656,88.5938,-991.4062,0,0
48.861152,-14.7656,88.5938,-991.4062,0,0
48.865074,-14.7656,88.5938,-991.4062,0,0
48.869142,-14.7656,88.5938,-991.4062,0,0
48.873133,-14.7656,88.5938,-991.4062,0,0
48.877137,-14.7656,88.4180,-991.5820,0,0
48.881107,-14.7656,88.4180,-991.5820,0,0
48.885078,-14.7656,88.4180,-991.5820,0,0
48.889145,-14.7656,88.4180,-991.5820,0,0
48.893116,-14.7656,88.4180,-991.5820,0,0
48.897082,-14.7656,88.4180,-991.5820,0,0
48.901145,-14.7656,88.4180,-991.5820,0,0
48.905116,-14.7656,88.4180,-991.5820,0,0
48.910946,-14.7656,88.4180,-991.5820,0,0
48.913145,-14.7656,88.4180,-991.5820,0,0
48.917141,-14.7656,88.4180,-991.5820,0,0
48.921111,-14.7656,88.4180,-991.5820,0,0
48.925125,-14.7656,88.4180,-991.5820,0,0
48.929104,-14.7656,88.4180,-991.5820,0,0
48.933074,-14.7656,88.4180,-991.5820,0,0
48.937142,-14.7656,88.4180,-991.5820,0,0
48.941114,-14.7656,88.4180,-991.5820,0,0
48.945082,-14.7656,88.4180,-991.5820,0,0
48.949145,-14.7656,88.4180,-991.5820,0,0
48.953132,-14.7656,88.4180,-991.5820,0,0
48.957104,-14.7656,88.4180,-991.5820,0,0
48.961074,-14.7656,88.4180,-991.5820,0,0
48.965142,-14.7656,88.4180,-991.5820,0,0
48.969114,-14.7656,88.4180,-991.5820,0,0
48.973070,-14.7656,88.4180,-991.5820,0,0
48.977090,-14.7656,88.4180,-991.5820,0,0
48.981156,-14.7656,88.4180,-991.5820,0,0
48.985123,-14.7656,88.4180,-991.5820,0,0
48.989090,-14.7656,88.4180,-991.5820,0,0
48.993156,-14.7656,88.4180,-991.5820,0,0
48.997123,-14.7656,88.4180,-991.5820,0,0
49.001090,-14.7656,88.4180,-991.5820,0,0
49.005156,-14.7656,88.4180,-991.5820,0,0
49.010626,-14.7656,88.4180,-991.5820,0,0
49.013114,-14.7656,88.4180,-991.5820,0,0
49.017090,-14.7656,88.5938,-991.4062,0,0
49.021156,-14.7656,88.5938,-991.4062,0,0
49.025123,-14.7656,88.5938,-991.4062,0,0
49.029090,-14.7656,88.5938,-991.4062,0,0
49.033156,-14.7656,88.5938,-991.4062,0,0
49.037123,-14.7656,88.5938,-991.4062,0,0
49.041090,-14.7656,88.5938,-991.4062,0,0
49.045156,-14.7656,88.5938,-991.4062,0,0
49.049123,-14.7656,88.5938,-991.4062,0,0
49.053101,-14.7656,88.5938,-991.4062,0,0
49.057074,-14.7656,88.5938,-991.4062,0,0
49.061142,-14.7656,88.5938,-991.4062,0,0
49.065114,-14.7656,88.5938,-991.4062,0,0
49.069086,-14.7656,88.5938,-991.4062,0,0
49.073082,-14.7656,88.5938,-991.4062,0,0
49.077102,-14.7656,88.5938,-991.4062,0,0
49.081090,-14.7656,88.5938,-991.4062,0,0
49.085156,-14.7656,88.5938,-991.4062,0,0
49.089123,-14.7656,88.5938,-991.4062,0,0
49.093160,-14.7656,88.5938,-991.4062,0,0
49.097120,-14.7656,88.5938,-991.4062,0,0
49.101137,-14.7656,88.5938,-991.4062,0,0
49.105139,-14.7656,88.5938,-991.4062,0,0
49.113425,-14.7656,88.5938,-991.4062,0,0
49.113795,-14.7656,88.5938,-991.4062,0,0
49.117082,-14.7656,88.5938,-991.4062,0,0
49.121161,-14.7656,88.5938,-991.4062,0,0
49.125130,-14.7656,88.5938,-991.4062,0,0
49.129165,-14.7656,88.7695,-991.2305,0,0
49.133160,-14.7656,88.7695,-991.2305,0,0
49.137084,-14.7656,88.7695,-991.2305,0,0
49.141123,-14.7656,88.7695,-991.2305,0,0
49.145090,-14.7656,88.7695,-991.2305,0,0
49.149156,-14.7656,88.7695,-991.2305,0,0
49.153131,-14.7656,88.7695,-991.2305,0,0
49.157104,-14.7656,88.7695,-991.2305,0,0
49.161074,-14.7656,88.7695,-991.2305,0,0
49.165142,-14.7656,88.7695,-991.2305,0,0
49.169126,-14.7656,88.7695,-991.2305,0,0
49.173096,-14.7656,88.7695,-991.2305,0,0
49.177169,-14.7656,88.7695,-991.2305,0,0
49.181136,-14.7656,88.7695,-991.2305,0,0
49.185161,-14.7656,88.7695,-991.2305,0,0
49.189130,-14.7656,88.7695,-991.2305,0,0
49.193096,-14.7656,88.7695,-991.2305,0,0
49.197161,-14.7656,88.7695,-991.2305,0,0
49.201130,-14.7656,88.7695,-991.2305,0,0
49.205096,-14.7656,88.7695,-991.2305,0,0
49.209161,-14.7656,88.7695,-991.2305,0,0
49.213105,-14.7656,88.7695,-991.2305,0,0
49.217096,-14.7656,88.7695,-991.2305,0,0
49.221161,-14.7656,88.7695,-991.2305,0,0
49.225130,-14.7656,88.7695,-991.2305,0,0
49.229096,-14.7656,88.7695,-991.2305,0,0
49.233161,-14.7656,88.7695,-991.2305,0,0
49.237130,-14.7656,88.7695,-991.2305,0,0
49.241096,-14.7656,88.7695,-991.2305,0,0
49.245161,-14.7656,88.7695,-991.2305,0,0
49.249130,-14.7656,88.7695,-991.2305,0,0
49.253107,-14.7656,88.7695,-991.2305,0,0
49.257080,-14.7656,88.7695,-991.2305,0,0
49.261145,-14.7656,88.7695,-991.2305,0,0
49.265116,-14.7656,88.7695,-991.2305,0,0
49.269082,-14.7656,88.7695,-991.2305,0,0
49.273145,-14.7656,88.7695,-991.2305,0,0
49.277116,-14.7656,88.7695,-991.2305,0,0
49.281161,-14.7656,88.7695,-991.2305,0,0
49.285152,-14.7656,88.7695,-991.2305,0,0
49.289123,-14.7656,88.7695,-991.2305,0,0
49.293160,-14.7656,88.7695,-991.2305,0,0
49.297130,-14.7656,88.7695,-991.2305,0,0
49.301096,-14.7656,88.7695,-991.2305,0,0
49.305161,-14.7656,88.7695,-991.2305,0,0
49.309130,-14.7656,88.7695,-991.2305,0,0
49.313104,-14.7656,88.7695,-991.2305,0,0
49.317096,-14.7656,88.7695,-991.2305,0,0
49.321161,-14.7656,88.7695,-991.2305,0,0
49.325130,-14.7656,88.5938,-991.4062,0,0
49.329096,-14.7656,88.5938,-991.4062,0,0
49.333161,-14.7656,88.5938,-991.4062,0,0
49.337130,-14.7656,88.5938,-991.4062,0,0
49.341096,-14.7656,88.5938,-991.4062,0,0
49.345074,-14.7656,88.5938,-991.4062,0,0
49.349142,-14.7656,88.5938,-991.4062,0,0
49.353131,-14.7656,88.5938,-991.4062,0,0
49.357096,-14.7656,88.5938,-991.4062,0,0
49.361177,-14.7656,88.5938,-991.4062,0,0
49.365090,-14.7656,88.5938,-991.4062,0,0
49.369156,-14.7656,88.5938,-991.4062,0,0
49.373123,-14.7656,88.5938,-991.4062,0,0
49.377090,-14.7656,88.5938,-991.4062,0,0
49.381156,-14.7656,88.5938,-991.4062,0,0
49.385096,-14.7656,88.5938,-991.4062,0,0
49.389117,-14.7656,88.5938,-991.4062,0,0
49.393147,-14.7656,88.5938,-991.4062,0,0
49.397116,-14.7656,88.5938,-991.4062,0,0
49.401082,-14.7656,88.5938,-991.4062,0,0
49.405145,-14.7656,88.5938,-991.4062,0,0
49.409116,-14.7656,88.5938,-991.4062,0,0
49.413090,-14.7656,88.5938,-991.4062,0,0
49.417082,-14.7656,88.5938,-991.4062,0,0
49.421145,-14.7656,88.5938,-991.4062,0,0
49.425116,-14.7656,88.5938,-991.4062,0,0
49.429096,-14.7656,88.5938,-991.4062,0,0
49.433161,-14.7656,88.5938,-991.4062,0,0
49.437145,-14.7656,88.5938,-991.4062,0,0
49.441117,-14.7656,88.5938,-991.4062,0,0
49.445572,-14.7656,88.5938,-991.4062,0,0
49.449595,-14.7656,88.5938,-991.4062,0,0
49.453078,-14.7656,88.5938,-991.4062,0,0
49.457074,-14.7656,88.5938,-991.4062,0,0
49.461142,-14.7656,88.5938,-991.4062,0,0
49.465145,-14.7656,88.5938,-991.4062,0,0
49.469098,-14.7656,88.5938,-991.4062,0,0
49.473161,-14.7656,88.5938,-991.4062,0,0
49.477078,-14.7656,88.5938,-991.4062,0,0
49.481145,-14.7656,88.5938,-991.4062,0,0
49.485128,-14.7656,88.5938,-991.4062,0,0
49.489097,-14.7656,88.5938,-991.4062,0,0
49.493108,-14.7656,88.5938,-991.4062,0,0
49.497093,-14.7656,88.5938,-991.4062,0,0
49.501124,-14.7656,88.5938,-991.4062,0,0
49.505097,-14.7656,88.5938,-991.4062,0,0
49.509105,-14.7656,88.5938,-991.4062,0,0
49.513161,-14.7656,88.5938,-991.4062,0,0
49.517142,-14.7656,88.5938,-991.4062,0,0
49.521114,-14.7656,88.5938,-991.4062,0,0
49.525082,-14.7656,88.5938,-991.4062,0,0
49.529145,-14.7656,88.5938,-991.4062,0,0
49.533116,-14.7656,88.5938,-991.4062,0,0
49.537082,-14.7656,88.5938,-991.4062,0,0
49.541145,-14.7656,88.5938,-991.4062,0,0
49.545116,-14.7656,88.5938,-991.4062,0,0
49.549082,-14.7656,88.5938,-991.4062,0,0
49.553162,-14.7656,88.5938,-991.4062,0,0
49.557137,-14.7656,88.5938,-991.4062,0,0
49.561107,-14.7656,88.5938,-991.4062,0,0
49.565078,-14.7656,88.5938,-991.4062,0,0
49.569145,-14.7656,88.5938,-991.4062,0,0
49.573116,-14.7656,88.5938,-991.4062,0,0
49.577082,-14.7656,88.5938,-991.4062,0,0
49.581145,-14.7656,88.5938,-991.4062,0,0
49.585116,-14.7656,88.5938,-991.4062,0,0
49.589080,-14.7656,88.5938,-991.4062,0,0
49.593090,-14.7656,88.5938,-991.4062,0,0
49.597156,-14.7656,88.5938,-991.4062,0,0
49.601123,-14.7656,88.5938,-991.4062,0,0
49.605090,-14.7656,88.5938,-991.4062,0,0
49.609156,-14.7656,88.5938,-991.4062,0,0
49.613141,-14.7656,88.5938,-991.4062,0,0
49.617123,-14.7656,88.5938,-991.4062,0,0
49.621090,-14.7656,88.5938,-991.4062,0,0
49.625156,-14.7656,88.5938,-991.4062,0,0
49.629123,-14.7656,88.5938,-991.4062,0,0
49.633090,-14.7656,88.5938,-991.4062,0,0
49.637173,-14.7656,88.5938,-991.4062,0,0
49.641145,-14.7656,88.5938,-991.4062,0,0
49.645116,-14.7656,88.5938,-991.4062,0,0
49.649082,-14.7656,88.5938,-991.4062,0,0
49.653156,-14.7656,88.5938,-991.4062,0,0
49.657123,-14.7656,88.5938,-991.4062,0,0
49.661090,-14.7656,88.5938,-991.4062,0,0
49.665156,-14.7656,88.5938,-991.4062,0,0
49.669123,-14.7656,88.5938,-991.4062,0,0
49.673090,-14.7656,88.5938,-991.4062,0,0
49.677156,-14.7656,88.5938,-991.4062,0,0
49.681123,-14.7656,88.5938,-991.4062,0,0
49.685090,-14.7656,88.5938,-991.4062,0,0
49.689082,-14.7656,88.5938,-991.4062,0,0
49.693145,-14.7656,88.5938,-991.4062,0,0
49.697116,-14.7656,88.5938,-991.4062,0,0
49.701082,-14.7656,88.5938,-991.4062,0,0
49.705145,-14.7656,88.5938,-991.4062,0,0
49.709116,-14.7656,88.5938,-991.4062,0,0
49.713096,-14.7656,88.5938,-991.4062,0,0
49.717084,-14.7656,88.5938,-991.4062,0,0
49.721152,-14.7656,88.5938,-991.4062,0,0
49.725123,-14.7656,88.5938,-991.4062,0,0
49.729130,-14.7656,88.5938,-991.4062,0,0
49.733111,-14.7656,88.5938,-991.4062,0,0
49.737082,-14.7656,88.5938,-991.4062,0,0
49.741157,-14.7656,88.5938,-991.4062,0,0
49.745087,-14.7656,88.5938,-991.4062,0,0
49.749094,-14.7656,88.5938,-991.4062,0,0
49.753095,-14.7656,88.5938,-991.4062,0,0
49.757130,-14.7656,88.5938,-991.4062,0,0
49.761096,-14.7656,88.5938,-991.4062,0,0
49.765161,-14.7656,88.5938,-991.4062,0,0
49.769130,-14.7656,88.5938,-991.4062,0,0
49.773097,-14.7656,88.5938,-991.4062,0,0
49.777106,-14.7656,88.5938,-991.4062,0,0
49.781078,-14.7656,88.5938,-991.4062,0,0
49.785145,-14.7656,88.5938,-991.4062,0,0
49.789116,-14.7656,88.5938,-991.4062,0,0
49.793156,-14.7656,88.5938,-991.4062,0,0
49.797074,-14.7656,88.5938,-991.4062,0,0
49.801149,-14.7656,88.5938,-991.4062,0,0
49.805071,-14.7656,88.5938,-991.4062,0,0
49.809137,-14.7656,88.5938,-991.4062,0,0
49.813090,-14.7656,88.5938,-991.4062,0,0
49.817107,-14.7656,88.5938,-991.4062,0,0
49.821078,-14.7656,88.5938,-991.4062,0,0
49.825145,-14.7656,88.5938,-991.4062,0,0
49.829116,-14.7656,88.5938,-991.4062,0,0
49.833082,-14.7656,88.5938,-991.4062,0,0
49.837145,-14.7656,88.5938,-991.4062,0,0
49.841116,-14.7656,88.5938,-991.4062,0,0
49.845082,-14.7656,88.5938,-991.4062,0,0
49.849145,-14.7656,88.5938,-991.4062,0,0
49.853130,-14.7656,88.5938,-991.4062,0,0
49.857096,-14.7656,88.5938,-991.4062,0,0
49.861171,-14.7656,88.5938,-991.4062,0,0
49.865090,-14.7656,88.5938,-991.4062,0,0
49.869156,-14.7656,88.5938,-991.4062,0,0
49.873123,-14.7656,88.5938,-991.4062,0,0
49.877090,-14.7656,88.5938,-991.4062,0,0
49.881156,-14.7656,88.5938,-991.4062,0,0
49.885123,-14.7656,88.5938,-991.4062,0,0
49.889090,-14.7656,88.5938,-991.4062,0,0
49.893156,-14.7656,88.5938,-991.4062,0,0
49.897124,-14.7656,88.5938,-991.4062,0,0
49.901097,-14.7656,88.5938,-991.4062,0,0
49.905161,-14.7656,88.5938,-991.4062,0,0
49.909130,-14.7656,88.5938,-991.4062,0,0
49.913105,-14.7656,88.5938,-991.4062,0,0
49.917090,-14.7656,88.5938,-991.4062,0,0
49.921156,-14.7656,88.5938,-991.4062,0,0
49.925123,-14.7656,88.5938,-991.4062,0,0
49.929090,-14.7656,88.5938,-991.4062,0,0
49.933156,-14.7656,88.5938,-991.4062,0,0
49.937123,-14.7656,88.5938,-991.4062,0,0
49.941090,-14.7656,88.5938,-991.4062,0,0
49.945156,-14.7656,88.5938,-991.4062,0,0
49.949123,-14.7656,88.5938,-991.4062,0,0
49.953094,-14.7656,88.5938,-991.4062,0,0
49.957160,-14.7656,88.5938,-991.4062,0,0
49.961130,-14.7656,88.5938,-991.4062,0,0
49.965133,-14.7656,88.5938,-991.4062,0,0
49.969104,-14.7656,88.5938,-991.4062,0,0
49.973074,-14.7656,88.5938,-991.4062,0,0
49.977142,-14.7656,88.5938,-991.4062,0,0
49.981114,-14.7656,88.5938,-991.4062,0,0
49.985082,-14.7656,88.5938,-991.4062,0,0
49.989145,-14.7656,88.5938,-991.4062,0,0
49.993116,-14.7656,88.5938,-991.4062,0,0
49.997130,-14.7656,88.5938,-991.4062,0,0
50.001137,-14.7656,88.5938,-991.4062,0,0
50.005127,-14.7656,88.5938,-991.4062,0,0
50.009145,-14.7656,88.5938,-991.4062,0,0
50.013131,-14.7656,88.5938,-991.4062,0,0
50.017116,-14.7656,88.5938,-991.4062,0,0
50.021082,-14.7656,88.5938,-991.4062,0,0
50.027876,-14.7656,88.5938,-991.4062,0,0
50.029140,-14.7656,88.5938,-991.4062,0,0
50.033097,-14.7656,88.5938,-991.4062,0,0
50.037161,-14.7656,88.5938,-991.4062,0,0
50.041146,-14.7656,88.5938,-991.4062,0,0
50.045130,-14.7656,88.5938,-991.4062,0,0
50.049096,-14.7656,88.5938,-991.4062,0,0
50.053070,-14.7656,88.5938,-991.4062,0,0
50.057106,-14.7656,88.5938,-991.4062,0,0
50.061090,-14.7656,88.5938,-991.4062,0,0
50.065071,-14.7656,88.5938,-991.4062,0,0
50.069070,-14.7656,88.5938,-991.4062,0,0
50.073268,-14.7656,88.5938,-991.4062,0,0
50.077142,-14.7656,88.5938,-991.4062,0,0
50.081156,-14.7656,88.5938,-991.4062,0,0
50.085123,-14.7656,88.5938,-991.4062,0,0
50.089090,-14.7656,88.5938,-991.4062,0,0
50.093156,-14.7656,88.5938,-991.4062,0,0
50.097123,-14.7656,88.5938,-991.4062,0,0
50.101131,-14.7656,88.5938,-991.4062,0,0
50.105145,-14.7656,88.5938,-991.4062,0,0
50.109116,-14.7656,88.5938,-991.4062,0,0
50.113104,-14.7656,88.5938,-991.4062,0,0
50.117094,-14.7656,88.5938,-991.4062,0,0
50.121160,-14.7656,88.5938,-991.4062,0,0
50.125130,-14.7656,88.5938,-991.4062,0,0
50.129096,-14.7656,88.5938,-991.4062,0,0
50.133161,-14.7656,88.5938,-991.4062,0,0
50.137130,-14.7656,88.5938,-991.4062,0,0
50.141096,-14.7656,88.5938,-991.4062,0,0
50.145161,-14.7656,88.5938,-991.4062,0,0
50.149130,-14.7656,88.5938,-991.4062,0,0
50.153106,-14.7656,88.5938,-991.4062,0,0
50.157074,-14.7656,88.5938,-991.4062,0,0
50.161142,-14.7656,88.5938,-991.4062,0,0
50.165114,-14.7656,88.5938,-991.4062,0,0
50.169082,-14.7656,88.5938,-991.4062,0,0
50.173145,-14.7656,88.5938,-991.4062,0,0
50.177116,-14.7656,88.5938,-991.4062,0,0
50.181082,-14.7656,88.5938,-991.4062,0,0
50.185145,-14.7656,88.5938,-991.4062,0,0
50.189116,-14.7656,88.5938,-991.4062,0,0
50.193082,-14.7656,88.5938,-991.4062,0,0
50.197145,-14.7656,88.5938,-991.4062,0,0
50.201070,-14.7656,88.5938,-991.4062,0,0
50.205152,-14.7656,88.5938,-991.4062,0,0
50.209123,-14.7656,88.5938,-991.4062,0,0
50.213104,-14.7656,88.5938,-991.4062,0,0
50.217090,-14.7656,88.5938,-991.4062,0,0
50.221156,-14.7656,88.5938,-991.4062,0,0
50.225123,-14.7656,88.5938,-991.4062,0,0
50.229090,-14.7656,88.5938,-991.4062,0,0
50.233156,-14.7656,88.5938,-991.4062,0,0
50.237123,-14.7656,88.5938,-991.4062,0,0
50.241090,-14.7656,88.5938,-991.4062,0,0
50.245156,-14.7656,88.5938,-991.4062,0,0
50.249123,-14.7656,88.5938,-991.4062,0,0
50.253104,-14.7656,88.5938,-991.4062,0,0
50.257097,-14.7656,88.5938,-991.4062,0,0
50.261161,-14.7656,88.5938,-991.4062,0,0
50.265130,-14.7656,88.5938,-991.4062,0,0
50.269096,-14.7656,88.5938,-991.4062,0,0
50.273161,-14.7656,88.5938,-991.4062,0,0
50.277130,-14.7656,88.5938,-991.4062,0,0
50.281096,-14.7656,88.5938,-991.4062,0,0
50.285161,-14.7656,88.5938,-991.4062,0,0
50.289130,-14.7656,88.5938,-991.4062,0,0
50.293096,-14.7656,88.5938,-991.4062,0,0
50.297161,-14.7656,88.5938,-991.4062,0,0
50.301130,-14.7656,88.5938,-991.4062,0,0
50.305152,-14.7656,88.5938,-991.4062,0,0
50.309145,-14.7656,88.5938,-991.4062,0,0
50.313124,-14.7656,88.5938,-991.4062,0,0
50.317106,-14.7656,88.5938,-991.4062,0,0
50.321078,-14.7656,88.5938,-991.4062,0,0
50.325085,-14.7656,88.5938,-991.4062,0,0
50.329130,-14.7656,88.5938,-991.4062,0,0
50.333145,-14.7656,88.5938,-991.4062,0,0
50.337137,-14.7656,88.5938,-991.4062,0,0
50.341129,-14.7656,88.5938,-991.4062,0,0
50.345096,-14.7656,88.5938,-991.4062,0,0
50.349082,-14.7656,88.5938,-991.4062,0,0
50.353119,-14.7656,88.5938,-991.4062,0,0
50.357068,-14.7656,88.5938,-991.4062,0,0
50.361654,-14.9414,88.5938,-991.4062,0,0
50.365122,-14.9414,88.5938,-991.4062,0,0
50.369097,-14.9414,88.5938,-991.4062,0,0
50.373070,-14.9414,88.7695,-991.2305,0,0
50.377152,-14.9414,88.7695,-991.2305,0,0
50.381122,-14.9414,88.7695,-991.2305,0,0
50.385104,-14.9414,88.7695,-991.2305,0,0
50.389079,-14.9414,88.7695,-991.2305,0,0
50.393074,-14.9414,88.7695,-991.2305,0,0
50.397130,-14.9414,88.7695,-991.2305,0,0
50.401108,-14.9414,88.7695,-991.2305,0,0
50.405082,-14.9414,88.7695,-991.2305,0,0
50.409124,-14.9414,88.5938,-991.4062,0,0
50.413107,-14.9414,88.5938,-991.4062,0,0
50.417117,-14.9414,88.5938,-991.4062,0,0
50.421105,-14.9414,88.5938,-991.4062,0,0
50.425074,-14.9414,88.5938,-991.4062,0,0
50.429142,-14.9414,88.5938,-991.4062,0,0
50.433114,-14.9414,88.5938,-991.4062,0,0
50.437082,-14.9414,88.5938,-991.4062,0,0
50.441145,-14.9414,88.5938,-991.4062,0,0
50.445116,-14.9414,88.5938,-991.4062,0,0
50.449082,-14.9414,88.5938,-991.4062,0,0
50.453162,-14.9414,88.5938,-991.4062,0,0
50.457137,-14.9414,88.5938,-991.4062,0,0
50.461107,-14.9414,88.5938,-991.4062,0,0
50.465078,-14.9414,88.5938,-991.4062,0,0
50.469145,-14.9414,88.5938,-991.4062,0,0
50.473116,-14.9414,88.5938,-991.4062,0,0
50.477082,-14.9414,88.5938,-991.4062,0,0
50.481145,-14.9414,88.5938,-991.4062,0,0
50.485116,-14.9414,88.5938,-991.4062,0,0
50.489082,-14.9414,88.5938,-991.4062,0,0
50.493145,-14.9414,88.5938,-991.4062,0,0
50.497116,-14.9414,88.5938,-991.4062,0,0
50.501082,-14.9414,88.5938,-991.4062,0,0
50.505145,-14.9414,88.5938,-991.4062,0,0
50.509113,-14.9414,88.5938,-991.4062,0,0
50.513096,-14.9414,88.5938,-991.4062,0,0
50.517082,-14.9414,88.5938,-991.4062,0,0
50.521145,-14.9414,88.5938,-991.4062,0,0
50.525116,-14.9414,88.5938,-991.4062,0,0
50.529082,-14.9414,88.5938,-991.4062,0,0
50.533145,-14.9414,88.5938,-991.4062,0,0
50.537116,-14.9414,88.5938,-991.4062,0,0
50.541082,-14.9414,88.5938,-991.4062,0,0
50.545145,-14.9414,88.5938,-991.4062,0,0
50.549116,-14.9414,88.5938,-991.4062,0,0
50.553090,-14.9414,88.5938,-991.4062,0,0
50.557160,-14.9414,88.5938,-991.4062,0,0
50.561130,-14.9414,88.5938,-991.4062,0,0
50.565096,-14.9414,88.5938,-991.4062,0,0
50.569161,-14.9414,88.5938,-991.4062,0,0
50.573130,-14.9414,88.5938,-991.4062,0,0
50.577105,-14.9414,88.5938,-991.4062,0,0
50.581074,-14.9414,88.5938,-991.4062,0,0
50.585142,-14.9414,88.5938,-991.4062,0,0
50.589114,-14.9414,88.5938,-991.4062,0,0
50.593082,-14.9414,88.5938,-991.4062,0,0
50.597145,-14.9414,88.5938,-991.4062,0,0
50.601116,-14.9414,88.5938,-991.4062,0,0
50.605082,-14.9414,88.5938,-991.4062,0,0
50.609145,-14.9414,88.5938,-991.4062,0,0
50.613156,-14.9414,88.5938,-991.4062,0,0
50.617137,-14.9414,88.5938,-991.4062,0,0
50.621107,-14.9414,88.5938,-991.4062,0,0
50.625078,-14.9414,88.5938,-991.4062,0,0
50.629145,-14.9414,88.5938,-991.4062,0,0
50.633116,-14.9414,88.5938,-991.4062,0,0
50.637082,-14.9414,88.5938,-991.4062,0,0
50.641145,-14.9414,88.5938,-991.4062,0,0
50.645147,-14.9414,88.5938,-991.4062,0,0
50.649161,-14.9414,88.5938,-991.4062,0,0
50.653090,-14.9414,88.5938,-991.4062,0,0
50.657111,-14.9414,88.5938,-991.4062,0,0
50.661082,-14.9414,88.5938,-991.4062,0,0
50.665145,-14.9414,88.5938,-991.4062,0,0
50.669068,-14.9414,88.5938,-991.4062,0,0
50.673116,-14.9414,88.5938,-991.4062,0,0
50.677082,-14.9414,88.5938,-991.4062,0,0
50.681145,-14.9414,88.5938,-991.4062,0,0
50.685116,-14.9414,88.5938,-991.4062,0,0
50.689082,-14.9414,88.5938,-991.4062,0,0
50.695347,-14.9414,88.5938,-991.4062,0,0
50.697170,-14.9414,88.5938,-991.4062,0,0
50.701116,-14.9414,88.5938,-991.4062,0,0
50.705116,-14.9414,88.5938,-991.4062,0,0
50.709079,-14.9414,88.5938,-991.4062,0,0
50.713112,-14.9414,88.5938,-991.4062,0,0
50.717079,-14.9414,88.5938,-991.4062,0,0
50.721139,-14.9414,88.5938,-991.4062,0,0
50.725104,-14.9414,88.5938,-991.4062,0,0
50.729071,-14.9414,88.5938,-991.4062,0,0
50.733094,-14.9414,88.5938,-991.4062,0,0
50.737152,-14.9414,88.5938,-991.4062,0,0
50.741127,-14.9414,88.5938,-991.4062,0,0
50.745090,-14.9414,88.5938,-991.4062,0,0
50.749094,-14.9414,88.5938,-991.4062,0,0
50.753159,-14.9414,88.5938,-991.4062,0,0
50.757120,-14.9414,88.5938,-991.4062,0,0
50.761128,-14.9414,88.5938,-991.4062,0,0
50.765093,-14.9414,88.5938,-991.4062,0,0
50.769070,-14.9414,88.5938,-991.4062,0,0
50.773118,-14.9414,88.5938,-991.4062,0,0
50.777160,-14.9414,88.5938,-991.4062,0,0
50.781083,-14.9414,88.5938,-991.4062,0,0
50.785080,-14.9414,88.5938,-991.4062,0,0
50.789145,-14.9414,88.5938,-991.4062,0,0
50.793116,-14.9414,88.5938,-991.4062,0,0
50.797072,-14.9414,88.5938,-991.4062,0,0
50.801137,-14.9414,88.5938,-991.4062,0,0
50.805107,-14.9414,88.5938,-991.4062,0,0
50.809078,-14.9414,88.5938,-991.4062,0,0
50.813090,-14.9414,88.5938,-991.4062,0,0
50.817130,-14.9414,88.5938,-991.4062,0,0
50.821146,-14.9414,88.5938,-991.4062,0,0
50.825115,-14.9414,88.5938,-991.4062,0,0
50.829082,-14.9414,88.5938,-991.4062,0,0
50.833145,-14.9414,88.5938,-991.4062,0,0
50.837116,-14.9414,88.5938,-991.4062,0,0
50.841082,-14.9414,88.5938,-991.4062,0,0
50.845145,-14.9414,88.5938,-991.4062,0,0
50.849116,-14.9414,88.5938,-991.4062,0,0
50.853090,-14.9414,88.7695,-991.2305,0,0
50.857160,-14.9414,88.7695,-991.2305,0,0
50.861135,-14.9414,88.7695,-991.2305,0,0
50.865161,-14.9414,88.7695,-991.2305,0,0
50.869130,-14.9414,88.7695,-991.2305,0,0
50.873096,-14.9414,88.7695,-991.2305,0,0
50.877161,-14.9414,88.7695,-991.2305,0,0
50.881130,-14.9414,88.7695,-991.2305,0,0
50.885096,-14.9414,88.7695,-991.2305,0,0
50.889161,-14.9414,88.7695,-991.2305,0,0
50.893130,-14.9414,88.7695,-991.2305,0,0
50.897104,-14.9414,88.7695,-991.2305,0,0
50.901074,-14.9414,88.7695,-991.2305,0,0
50.905142,-14.9414,88.7695,-991.2305,0,0
50.909114,-14.9414,88.7695,-991.2305,0,0
50.913096,-14.9414,88.7695,-991.2305,0,0
50.917082,-14.9414,88.7695,-991.2305,0,0
50.921108,-14.9414,88.7695,-991.2305,0,0
50.925106,-14.9414,88.5938,-991.4062,0,0
50.929078,-14.9414,88.5938,-991.4062,0,0
50.933145,-14.9414,88.5938,-991.4062,0,0
50.937116,-14.9414,88.5938,-991.4062,0,0
50.941082,-14.9414,88.5938,-991.4062,0,0
50.945145,-14.9414,88.5938,-991.4062,0,0
50.949116,-14.9414,88.5938,-991.4062,0,0
50.953090,-14.9414,88.5938,-991.4062,0,0
50.957160,-14.9414,88.5938,-991.4062,0,0
50.961130,-14.9414,88.5938,-991.4062,0,0
50.965096,-14.9414,88.5938,-991.4062,0,0
50.969161,-14.9414,88.5938,-991.4062,0,0
50.973130,-14.9414,88.5938,-991.4062,0,0
50.977096,-14.9414,88.5938,-991.4062,0,0
50.981161,-14.9414,88.5938,-991.4062,0,0
50.985130,-14.9414,88.5938,-991.4062,0,0
50.989096,-14.9414,88.5938,-991.4062,0,0
50.993161,-14.9414,88.5938,-991.4062,0,0
50.997130,-14.9414,88.5938,-991.4062,0,0
51.001096,-14.9414,88.5938,-991.4062,0,0
51.005161,-14.9414,88.5938,-991.4062,0,0
51.009130,-14.9414,88.5938,-991.4062,0,0
51.013109,-14.9414,88.5938,-991.4062,0,0
51.017090,-14.9414,88.5938,-991.4062,0,0
51.021108,-14.9414,88.5938,-991.4062,0,0
51.025151,-14.9414,88.5938,-991.4062,0,0
51.029070,-14.9414,88.5938,-991.4062,0,0
51.033137,-14.9414,88.5938,-991.4062,0,0
51.037106,-14.9414,88.5938,-991.4062,0,0
51.041117,-14.9414,88.5938,-991.4062,0,0
51.045107,-14.9414,88.5938,-991.4062,0,0
51.049130,-14.9414,88.5938,-991.4062,0,0
51.053108,-14.9414,88.5938,-991.4062,0,0
51.057082,-14.9414,88.5938,-991.4062,0,0
51.061145,-14.9414,88.5938,-991.4062,0,0
51.065116,-14.9414,88.5938,-991.4062,0,0
51.069082,-14.9414,88.5938,-991.4062,0,0
51.073154,-14.9414,88.5938,-991.4062,0,0
51.078125,-14.9414,88.5938,-991.4062,0,0
51.081190,-14.9414,88.5938,-991.4062,0,0
51.085132,-14.9414,88.5938,-991.4062,0,0
51.089121,-14.9414,88.5938,-991.4062,0,0
51.093151,-14.9414,88.5938,-991.4062,0,0
51.097087,-14.9414,88.5938,-991.4062,0,0
51.101096,-14.9414,88.5938,-991.4062,0,0
51.105090,-14.9414,88.5938,-991.4062,0,0
51.109071,-14.9414,88.5938,-991.4062,0,0
51.113118,-14.9414,88.5938,-991.4062,0,0
51.117109,-14.9414,88.5938,-991.4062,0,0
51.121079,-14.9414,88.5938,-991.4062,0,0
51.125160,-14.9414,88.5938,-991.4062,0,0
51.129128,-14.9414,88.5938,-991.4062,0,0
51.133097,-14.9414,88.5938,-991.4062,0,0
51.137619,-14.9414,88.5938,-991.4062,0,0
51.141090,-14.9414,88.5938,-991.4062,0,0
51.145082,-14.9414,88.5938,-991.4062,0,0
51.149145,-14.9414,88.5938,-991.4062,0,0
51.153131,-14.9414,88.5938,-991.4062,0,0
51.157112,-14.9414,88.5938,-991.4062,0,0
51.161082,-14.9414,88.5938,-991.4062,0,0
51.165145,-14.9414,88.5938,-991.4062,0,0
51.169116,-14.9414,88.5938,-991.4062,0,0
51.173082,-14.9414,88.5938,-991.4062,0,0
51.177145,-14.9414,88.5938,-991.4062,0,0
51.181116,-14.9414,88.5938,-991.4062,0,0
51.185082,-14.9414,88.5938,-991.4062,0,0
51.189145,-14.9414,88.5938,-991.4062,0,0
51.193116,-14.9414,88.5938,-991.4062,0,0
51.197082,-14.9414,88.5938,-991.4062,0,0
51.201145,-14.9414,88.5938,-991.4062,0,0
51.205116,-14.9414,88.5938,-991.4062,0,0
51.209082,-14.9414,88.5938,-991.4062,0,0
51.213090,-14.9414,88.5938,-991.4062,0,0
51.217074,-14.9414,88.5938,-991.4062,0,0
51.221142,-14.9414,88.5938,-991.4062,0,0
51.225139,-14.9414,88.5938,-991.4062,0,0
51.229124,-14.9414,88.5938,-991.4062,0,0
51.233146,-14.9414,88.5938,-991.4062,0,0
51.237116,-14.9414,88.5938,-991.4062,0,0
51.241082,-14.9414,88.5938,-991.4062,0,0
51.245145,-14.9414,88.5938,-991.4062,0,0
51.249116,-14.9414,88.5938,-991.4062,0,0
51.253090,-14.9414,88.5938,-991.4062,0,0
51.257160,-14.9414,88.5938,-991.4062,0,0
51.261130,-14.9414,88.5938,-991.4062,0,0
51.265096,-14.9414,88.5938,-991.4062,0,0
51.269161,-14.9414,88.5938,-991.4062,0,0
51.273130,-14.9414,88.5938,-991.4062,0,0
51.277108,-14.9414,88.5938,-991.4062,0,0
51.281080,-14.9414,88.5938,-991.4062,0,0
51.285145,-14.9414,88.5938,-991.4062,0,0
51.289116,-14.9414,88.5938,-991.4062,0,0
51.293082,-14.9414,88.5938,-991.4062,0,0
51.297145,-14.9414,88.5938,-991.4062,0,0
51.301116,-14.9414,88.5938,-991.4062,0,0
51.305082,-14.9414,88.5938,-991.4062,0,0
51.309145,-14.9414,88.5938,-991.4062,0,0
51.313124,-14.9414,88.5938,-991.4062,0,0
51.317107,-14.9414,88.5938,-991.4062,0,0
51.321078,-14.9414,88.5938,-991.4062,0,0
51.325145,-14.9414,88.5938,-991.4062,0,0
51.329161,-14.9414,88.5938,-991.4062,0,0
51.333131,-14.9414,88.5938,-991.4062,0,0
51.337137,-14.9414,88.5938,-991.4062,0,0
51.341107,-14.9414,88.5938,-991.4062,0,0
51.345078,-14.9414,88.5938,-991.4062,0,0
51.349145,-14.9414,88.5938,-991.4062,0,0
51.353127,-14.9414,88.5938,-991.4062,0,0
51.357096,-14.9414,88.5938,-991.4062,0,0
51.361170,-14.9414,88.5938,-991.4062,0,0
51.365074,-14.9414,88.5938,-991.4062,0,0
51.369142,-14.9414,88.5938,-991.4062,0,0
51.373143,-14.9414,88.5938,-991.4062,0,0
51.377114,-14.9414,88.5938,-991.4062,0,0
51.381082,-14.9414,88.5938,-991.4062,0,0
51.385145,-14.9414,88.5938,-991.4062,0,0
51.389071,-14.9414,88.5938,-991.4062,0,0
51.393139,-14.9414,88.5938,-991.4062,0,0
51.397090,-14.9414,88.5938,-991.4062,0,0
51.401156,-14.9414,88.5938,-991.4062,0,0
51.405123,-14.9414,88.5938,-991.4062,0,0
51.409090,-14.9414,88.5938,-991.4062,0,0
51.413160,-14.9414,88.5938,-991.4062,0,0
51.417145,-14.9414,88.5938,-991.4062,0,0
51.421130,-14.9414,88.5938,-991.4062,0,0
51.425096,-14.9414,88.5938,-991.4062,0,0
51.429077,-14.9414,88.5938,-991.4062,0,0
51.433130,-14.9414,88.5938,-991.4062,0,0
51.437083,-14.9414,88.5938,-991.4062,0,0
51.441145,-14.9414,88.5938,-991.4062,0,0
51.445148,-14.9414,88.5938,-991.4062,0,0
51.449071,-14.9414,88.5938,-991.4062,0,0
51.455788,-14.9414,88.5938,-991.4062,0,0
51.457078,-14.9414,88.5938,-991.4062,0,0
51.461081,-14.9414,88.5938,-991.4062,0,0
51.465123,-14.9414,88.5938,-991.4062,0,0
51.469090,-14.9414,88.5938,-991.4062,0,0
51.473080,-14.9414,88.5938,-991.4062,0,0
51.477145,-14.9414,88.5938,-991.4062,0,0
51.481139,-14.9414,88.5938,-991.4062,0,0
51.485106,-14.9414,88.5938,-991.4062,0,0
51.489098,-14.9414,88.5938,-991.4062,0,0
51.493161,-14.9414,88.5938,-991.4062,0,0
51.497145,-14.9414,88.5938,-991.4062,0,0
51.501116,-14.9414,88.5938,-991.4062,0,0
51.505082,-14.9414,88.5938,-991.4062,0,0
51.509145,-14.9414,88.5938,-991.4062,0,0
51.513152,-14.9414,88.5938,-991.4062,0,0
51.517130,-14.9414,88.5938,-991.4062,0,0
51.521097,-14.9414,88.5938,-991.4062,0,0
51.525097,-14.9414,88.5938,-991.4062,0,0
51.529160,-14.9414,88.5938,-991.4062,0,0
51.533112,-14.9414,88.5938,-991.4062,0,0
51.537113,-14.9414,88.5938,-991.4062,0,0
51.541080,-14.9414,88.5938,-991.4062,0,0
51.545090,-14.9414,88.5938,-991.4062,0,0
51.549152,-14.9414,88.5938,-991.4062,0,0
51.553129,-14.9414,88.5938,-991.4062,0,0
51.557096,-14.9414,88.5938,-991.4062,0,0
51.561073,-14.9414,88.5938,-991.4062,0,0
51.565137,-14.9414,88.5938,-991.4062,0,0
51.569104,-14.9414,88.5938,-991.4062,0,0
51.573073,-14.9414,88.5938,-991.4062,0,0
51.577137,-14.9414,88.5938,-991.4062,0,0
51.581104,-14.9414,88.5938,-991.4062,0,0
51.585073,-14.9414,88.5938,-991.4062,0,0
51.589137,-14.9414,88.5938,-991.4062,0,0
51.593104,-14.9414,88.5938,-991.4062,0,0
51.597073,-14.9414,88.5938,-991.4062,0,0
51.601076,-14.9414,88.5938,-991.4062,0,0
51.605139,-14.9414,88.5938,-991.4062,0,0
51.609104,-14.9414,88.5938,-991.4062,0,0
51.613101,-14.9414,88.5938,-991.4062,0,0
51.617080,-14.9414,88.5938,-991.4062,0,0
51.621145,-14.9414,88.5938,-991.4062,0,0
51.625110,-14.9414,88.5938,-991.4062,0,0
51.629079,-14.9414,88.5938,-991.4062,0,0
51.633144,-14.9414,88.5938,-991.4062,0,0
51.637110,-14.9414,88.5938,-991.4062,0,0
51.641122,-14.9414,88.5938,-991.4062,0,0
51.645130,-14.9414,88.5938,-991.4062,0,0
51.649097,-14.9414,88.5938,-991.4062,0,0
51.653104,-14.9414,88.5938,-991.4062,0,0
51.657087,-14.9414,88.5938,-991.4062,0,0
51.661108,-14.9414,88.5938,-991.4062,0,0
51.665090,-14.9414,88.5938,-991.4062,0,0
51.669106,-14.9414,88.5938,-991.4062,0,0
51.673078,-14.9414,88.5938,-991.4062,0,0
51.677130,-14.9414,88.5938,-991.4062,0,0
51.681096,-14.9414,88.5938,-991.4062,0,0
51.685161,-14.9414,88.5938,-991.4062,0,0
51.689130,-14.9414,88.5938,-991.4062,0,0
51.693096,-14.9414,88.5938,-991.4062,0,0
51.697161,-14.9414,88.5938,-991.4062,0,0
51.701130,-14.9414,88.5938,-991.4062,0,0
51.705096,-14.9414,88.5938,-991.4062,0,0
51.709161,-14.9414,88.5938,-991.4062,0,0
51.713074,-14.9414,88.5938,-991.4062,0,0
51.717152,-14.9414,88.5938,-991.4062,0,0
51.721123,-14.9414,88.5938,-991.4062,0,0
51.725090,-14.9414,88.5938,-991.4062,0,0
51.729156,-14.9414,88.5938,-991.4062,0,0
51.733123,-14.9414,88.5938,-991.4062,0,0
51.737158,-14.9414,88.5938,-991.4062,0,0
51.741102,-14.9414,88.5938,-991.4062,0,0
51.745145,-14.9414,88.5938,-991.4062,0,0
51.749116,-14.9414,88.5938,-991.4062,0,0
51.753090,-14.9414,88.5938,-991.4062,0,0
51.757160,-14.9414,88.5938,-991.4062,0,0
51.761130,-14.9414,88.5938,-991.4062,0,0
51.765096,-14.9414,88.5938,-991.4062,0,0
51.769161,-14.9414,88.5938,-991.4062,0,0
51.773130,-14.9414,88.5938,-991.4062,0,0
51.777096,-14.9414,88.5938,-991.4062,0,0
51.781161,-14.9414,88.5938,-991.4062,0,0
51.785130,-14.9414,88.5938,-991.4062,0,0
51.789096,-14.9414,88.5938,-991.4062,0,0
51.793161,-14.9414,88.5938,-991.4062,0,0
51.797130,-14.9414,88.5938,-991.4062,0,0
51.801096,-14.9414,88.5938,-991.4062,0,0
51.805161,-14.9414,88.5938,-991.4062,0,0
51.809130,-14.9414,88.5938,-991.4062,0,0
51.813109,-14.9414,88.5938,-991.4062,0,0
51.817090,-14.9414,88.5938,-991.4062,0,0
51.821156,-14.9414,88.5938,-991.4062,0,0
51.825123,-14.9414,88.5938,-991.4062,0,0
51.829090,-14.9414,88.5938,-991.4062,0,0
51.833156,-14.9414,88.5938,-991.4062,0,0
51.837123,-14.9414,88.5938,-991.4062,0,0
51.841137,-14.9414,88.5938,-991.4062,0,0
51.845137,-14.9414,88.5938,-991.4062,0,0
51.849106,-14.9414,88.5938,-991.4062,0,0
51.853091,-14.9414,88.5938,-991.4062,0,0
51.857160,-14.9414,88.5938,-991.4062,0,0
51.861135,-14.9414,88.5938,-991.4062,0,0
51.865152,-14.9414,88.5938,-991.4062,0,0
51.869123,-14.9414,88.5938,-991.4062,0,0
51.873090,-14.9414,88.5938,-991.4062,0,0
51.877156,-14.9414,88.5938,-991.4062,0,0
51.881123,-14.9414,88.5938,-991.4062,0,0
51.885090,-14.9414,88.5938,-991.4062,0,0
51.889071,-14.9414,88.5938,-991.4062,0,0
51.893137,-14.9414,88.5938,-991.4062,0,0
51.897106,-14.9414,88.5938,-991.4062,0,0
51.901078,-14.9414,88.5938,-991.4062,0,0
51.905145,-14.9414,88.5938,-991.4062,0,0
51.909116,-14.9414,88.5938,-991.4062,0,0
51.913106,-14.9414,88.5938,-991.4062,0,0
51.917072,-14.9414,88.5938,-991.4062,0,0
51.921155,-14.9414,88.5938,-991.4062,0,0
51.925119,-14.9414,88.5938,-991.4062,0,0
51.929090,-14.9414,88.5938,-991.4062,0,0
51.936075,-14.9414,88.5938,-991.4062,0,0
51.937094,-14.9414,88.5938,-991.4062,0,0
51.941096,-14.9414,88.5938,-991.4062,0,0
51.945152,-14.9414,88.5938,-991.4062,0,0
51.949078,-14.9414,88.5938,-991.4062,0,0
51.953153,-14.9414,88.5938,-991.4062,0,0
51.957122,-14.9414,88.5938,-991.4062,0,0
51.961119,-14.9414,88.5938,-991.4062,0,0
51.965090,-14.9414,88.5938,-991.4062,0,0
51.969152,-14.9414,88.5938,-991.4062,0,0
51.973123,-14.9414,88.5938,-991.4062,0,0
51.977083,-14.9414,88.5938,-991.4062,0,0
51.981071,-14.9414,88.5938,-991.4062,0,0
51.985071,-14.9414,88.5938,-991.4062,0,0
51.989137,-14.9414,88.5938,-991.4062,0,0
51.993107,-14.9414,88.5938,-991.4062,0,0
51.997078,-14.9414,88.5938,-991.4062,0,0
52.001145,-14.9414,88.5938,-991.4062,0,0
52.005116,-14.9414,88.5938,-991.4062,0,0
52.009082,-14.9414,88.5938,-991.4062,0,0
52.013146,-14.9414,88.5938,-991.4062,0,0
52.017130,-14.9414,88.5938,-991.4062,0,0
52.021096,-14.9414,88.5938,-991.4062,0,0
52.025161,-14.9414,88.5938,-991.4062,0,0
52.029130,-14.9414,88.5938,-991.4062,0,0
52.033096,-14.9414,88.5938,-991.4062,0,0
52.037161,-14.9414,88.5938,-991.4062,0,0
52.041130,-14.9414,88.5938,-991.4062,0,0
52.045102,-14.9414,88.5938,-991.4062,0,0
52.049074,-14.9414,88.5938,-991.4062,0,0
52.053107,-14.9414,88.5938,-991.4062,0,0
52.057078,-14.9414,88.5938,-991.4062,0,0
52.061145,-14.9414,88.5938,-991.4062,0,0
52.065116,-14.9414,88.5938,-991.4062,0,0
52.069082,-14.9414,88.5938,-991.4062,0,0
52.073145,-14.9414,88.5938,-991.4062,0,0
52.077116,-14.9414,88.5938,-991.4062,0,0
52.081082,-14.9414,88.5938,-991.4062,0,0
52.085145,-14.9414,88.5938,-991.4062,0,0
52.089116,-14.9414,88.5938,-991.4062,0,0
52.093082,-14.9414,88.5938,-991.4062,0,0
52.097145,-14.9414,88.5938,-991.4062,0,0
52.101116,-14.9414,88.5938,-991.4062,0,0
52.105082,-14.9414,88.5938,-991.4062,0,0
52.109145,-14.9414,88.5938,-991.4062,0,0
52.113147,-14.9414,88.5938,-991.4062,0,0
52.117137,-14.9414,88.5938,-991.4062,0,0
52.121107,-14.9414,88.5938,-991.4062,0,0
52.125078,-14.9414,88.5938,-991.4062,0,0
52.129145,-14.9414,88.5938,-991.4062,0,0
52.133116,-14.9414,88.5938,-991.4062,0,0
52.137082,-14.9414,88.5938,-991.4062,0,0
52.141145,-14.9414,88.5938,-991.4062,0,0
52.145116,-14.9414,88.5938,-991.4062,0,0
52.149137,-14.9414,88.5938,-991.4062,0,0
52.153143,-14.9414,88.5938,-991.4062,0,0
52.157114,-14.9414,88.5938,-991.4062,0,0
52.161082,-14.9414,88.5938,-991.4062,0,0
52.165160,-14.9414,88.5938,-991.4062,0,0
52.169130,-14.9414,88.5938,-991.4062,0,0
52.173096,-14.9414,88.5938,-991.4062,0,0
52.177161,-14.9414,88.5938,-991.4062,0,0
52.181130,-14.9414,88.5938,-991.4062,0,0
52.185096,-14.9414,88.5938,-991.4062,0,0
52.189161,-14.9414,88.5938,-991.4062,0,0
52.193130,-14.9414,88.5938,-991.4062,0,0
52.197096,-14.9414,88.5938,-991.4062,0,0
52.201161,-14.9414,88.5938,-991.4062,0,0
52.205130,-14.9414,88.5938,-991.4062,0,0
52.209096,-14.9414,88.5938,-991.4062,0,0
52.213080,-14.9414,88.5938,-991.4062,0,0
52.217160,-14.9414,88.5938,-991.4062,0,0
52.221130,-14.9414,88.5938,-991.4062,0,0
52.225152,-14.9414,88.5938,-991.4062,0,0
52.229072,-14.9414,88.5938,-991.4062,0,0
52.233098,-14.9414,88.5938,-991.4062,0,0
52.239939,-14.9414,88.5938,-991.4062,0,0
52.241079,-14.9414,88.5938,-991.4062,0,0
52.245074,-14.9414,88.5938,-991.4062,0,0
52.249169,-14.9414,88.5938,-991.4062,0,0
52.253113,-14.9414,88.5938,-991.4062,0,0
52.257137,-14.9414,88.5938,-991.4062,0,0
52.261107,-14.9414,88.5938,-991.4062,0,0
52.265146,-14.9414,88.5938,-991.4062,0,0
52.269115,-14.9414,88.5938,-991.4062,0,0
52.273082,-14.9414,88.5938,-991.4062,0,0
52.277145,-14.9414,88.5938,-991.4062,0,0
52.281116,-14.9414,88.5938,-991.4062,0,0
52.285082,-14.9414,88.5938,-991.4062,0,0
52.289145,-14.9414,88.5938,-991.4062,0,0
52.293116,-14.9414,88.5938,-991.4062,0,0
52.297082,-14.9414,88.5938,-991.4062,0,0
52.301145,-14.9414,88.5938,-991.4062,0,0
52.305116,-14.9414,88.5938,-991.4062,0,0
52.309082,-14.9414,88.5938,-991.4062,0,0
52.313136,-14.9414,88.5938,-991.4062,0,0
52.317116,-14.9414,88.5938,-991.4062,0,0
52.321090,-14.9414,88.5938,-991.4062,0,0
52.325156,-14.9414,88.5938,-991.4062,0,0
52.329123,-14.9414,88.5938,-991.4062,0,0
52.333090,-14.9414,88.5938,-991.4062,0,0
52.337156,-14.9414,88.5938,-991.4062,0,0
52.341123,-14.9414,88.5938,-991.4062,0,0
52.345090,-14.9414,88.5938,-991.4062,0,0
52.349156,-14.9414,88.5938,-991.4062,0,0
52.353082,-14.9414,88.5938,-991.4062,0,0
52.357097,-14.9414,88.5938,-991.4062,0,0
52.361171,-14.9414,88.5938,-991.4062,0,0
52.365137,-14.9414,88.5938,-991.4062,0,0
52.369107,-14.9414,88.5938,-991.4062,0,0
52.373078,-14.9414,88.5938,-991.4062,0,0
52.377145,-14.9414,88.5938,-991.4062,0,0
52.381116,-14.9414,88.5938,-991.4062,0,0
52.385082,-14.9414,88.5938,-991.4062,0,0
52.389145,-14.9414,88.5938,-991.4062,0,0
52.393116,-14.9414,88.5938,-991.4062,0,0
52.397082,-14.9414,88.5938,-991.4062,0,0
52.401145,-14.9414,88.5938,-991.4062,0,0
52.405116,-14.9414,88.5938,-991.4062,0,0
52.409082,-14.9414,88.5938,-991.4062,0,0
52.413152,-14.9414,88.5938,-991.4062,0,0
52.417137,-14.9414,88.5938,-991.4062,0,0
52.421107,-14.9414,88.5938,-991.4062,0,0
52.425078,-14.9414,88.5938,-991.4062,0,0
52.429145,-14.9414,88.5938,-991.4062,0,0
52.433116,-14.9414,88.5938,-991.4062,0,0
52.437082,-14.9414,88.5938,-991.4062,0,0
52.441145,-14.9414,88.5938,-991.4062,0,0
52.445116,-14.9414,88.5938,-991.4062,0,0
52.449082,-14.9414,88.5938,-991.4062,0,0
52.453156,-14.9414,88.5938,-991.4062,0,0
52.457098,-14.9414,88.5938,-991.4062,0,0
52.461161,-14.9414,88.5938,-991.4062,0,0
52.465130,-14.9414,88.5938,-991.4062,0,0
52.469096,-14.9414,88.5938,-991.4062,0,0
52.473161,-14.9414,88.5938,-991.4062,0,0
52.477138,-14.9414,88.5938,-991.4062,0,0
52.481107,-14.9414,88.5938,-991.4062,0,0
52.485078,-14.9414,88.5938,-991.4062,0,0
52.489145,-14.9414,88.5938,-991.4062,0,0
52.493116,-14.9414,88.5938,-991.4062,0,0
52.497082,-14.9414,88.5938,-991.4062,0,0
52.501145,-14.9414,88.5938,-991.4062,0,0
52.505121,-14.9414,88.5938,-991.4062,0,0
52.509083,-14.9414,88.5938,-991.4062,0,0
52.513152,-14.9414,88.5938,-991.4062,0,0
52.517148,-14.9414,88.5938,-991.4062,0,0
52.521160,-14.9414,88.5938,-991.4062,0,0
52.527929,-14.9414,88.5938,-991.4062,0,0
52.529094,-14.9414,88.5938,-991.4062,0,0
52.533090,-14.9414,88.5938,-991.4062,0,0
52.537097,-14.9414,88.5938,-991.4062,0,0
52.541080,-14.9414,88.5938,-991.4062,0,0
52.545074,-14.9414,88.5938,-991.4062,0,0
52.549143,-14.9414,88.5938,-991.4062,0,0
52.553159,-14.9414,88.5938,-991.4062,0,0
52.557094,-14.9414,88.5938,-991.4062,0,0
52.561106,-14.9414,88.5938,-991.4062,0,0
52.565078,-14.9414,88.5938,-991.4062,0,0
52.569080,-14.9414,88.5938,-991.4062,0,0
52.573120,-14.9414,88.5938,-991.4062,0,0
52.577082,-14.9414,88.5938,-991.4062,0,0
52.581145,-14.9414,88.5938,-991.4062,0,0
52.585105,-14.9414,88.5938,-991.4062,0,0
52.589074,-14.9414,88.5938,-991.4062,0,0
52.593142,-14.9414,88.5938,-991.4062,0,0
52.597114,-14.9414,88.5938,-991.4062,0,0
52.601082,-14.9414,88.5938,-991.4062,0,0
52.605145,-14.9414,88.5938,-991.4062,0,0
52.609116,-14.9414,88.5938,-991.4062,0,0
52.613078,-14.9414,88.5938,-991.4062,0,0
52.617156,-14.9414,88.5938,-991.4062,0,0
52.621123,-14.9414,88.5938,-991.4062,0,0
52.625090,-14.9414,88.5938,-991.4062,0,0
52.629156,-14.9414,88.5938,-991.4062,0,0
52.633123,-14.9414,88.5938,-991.4062,0,0
52.637090,-14.9414,88.5938,-991.4062,0,0
52.641156,-14.9414,88.5938,-991.4062,0,0
52.645123,-14.9414,88.5938,-991.4062,0,0
52.649090,-14.9414,88.5938,-991.4062,0,0
52.653167,-14.9414,88.5938,-991.4062,0,0
52.657137,-14.9414,88.5938,-991.4062,0,0
52.661145,-14.9414,88.5938,-991.4062,0,0
52.665160,-14.9414,88.5938,-991.4062,0,0
52.669130,-14.9414,88.5938,-991.4062,0,0
52.673096,-14.9414,88.5938,-991.4062,0,0
52.677161,-14.9414,88.5938,-991.4062,0,0
52.681130,-14.9414,88.5938,-991.4062,0,0
52.685096,-14.9414,88.5938,-991.4062,0,0
52.689161,-14.9414,88.5938,-991.4062,0,0
52.693130,-14.9414,88.5938,-991.4062,0,0
52.697096,-14.9414,88.5938,-991.4062,0,0
52.701161,-14.9414,88.5938,-991.4062,0,0
52.705130,-14.9414,88.5938,-991.4062,0,0
52.709096,-14.9414,88.5938,-991.4062,0,0
52.713080,-14.9414,88.5938,-991.4062,0,0
52.717160,-14.9414,88.5938,-991.4062,0,0
52.721130,-14.9414,88.5938,-991.4062,0,0
52.725096,-14.9414,88.5938,-991.4062,0,0
52.729161,-14.9414,88.5938,-991.4062,0,0
52.733130,-14.9414,88.7695,-991.2305,0,0
52.737096,-14.9414,88.7695,-991.2305,0,0
52.741161,-15.1172,88.7695,-991.2305,0,0
52.745130,-15.1172,88.7695,-991.2305,0,0
52.749096,-15.1172,88.7695,-991.2305,0,0
52.753075,-15.1172,88.7695,-991.2305,0,0
52.757156,-15.1172,88.7695,-991.2305,0,0
52.761076,-15.1172,88.7695,-991.2305,0,0
52.765160,-15.1172,88.7695,-991.2305,0,0
52.769130,-15.1172,88.5938,-991.4062,0,0
52.773096,-15.1172,88.5938,-991.4062,0,0
52.777161,-15.1172,88.5938,-991.4062,0,0
52.781130,-15.1172,88.5938,-991.4062,0,0
52.785096,-15.1172,88.5938,-991.4062,0,0
52.789161,-15.1172,88.5938,-991.4062,0,0
52.793130,-15.1172,88.5938,-991.4062,0,0
52.797096,-15.1172,88.5938,-991.4062,0,0
52.801161,-15.1172,88.5938,-991.4062,0,0
52.805130,-15.1172,88.5938,-991.4062,0,0
52.809096,-15.1172,88.5938,-991.4062,0,0
52.813080,-15.1172,88.5938,-991.4062,0,0
52.817160,-15.1172,88.5938,-991.4062,0,0
52.821130,-15.1172,88.5938,-991.4062,0,0
52.825168,-15.1172,88.5938,-991.4062,0,0
52.829090,-15.1172,88.5938,-991.4062,0,0
52.833156,-15.1172,88.5938,-991.4062,0,0
52.837123,-15.1172,88.5938,-991.4062,0,0
52.841104,-15.1172,88.5938,-991.4062,0,0
52.845065,-15.1172,88.5938,-991.4062,0,0
52.850501,-15.1172,88.5938,-991.4062,0,0
52.853144,-15.1172,88.5938,-991.4062,0,0
52.857072,-15.1172,88.5938,-991.4062,0,0
52.861112,-15.1172,88.5938,-991.4062,0,0
52.865136,-15.1172,88.5938,-991.4062,0,0
52.869159,-15.1172,88.5938,-991.4062,0,0
52.873096,-15.1172,88.5938,-991.4062,0,0
52.877128,-15.1172,88.5938,-991.4062,0,0
52.881159,-15.1172,88.5938,-991.4062,0,0
52.885096,-15.1172,88.5938,-991.4062,0,0
52.889087,-15.1172,88.5938,-991.4062,0,0
52.893159,-15.1172,88.5938,-991.4062,0,0
52.897140,-15.1172,88.5938,-991.4062,0,0
52.901096,-15.1172,88.5938,-991.4062,0,0
52.905128,-15.1172,88.5938,-991.4062,0,0
52.909067,-15.1172,88.5938,-991.4062,0,0
52.913159,-15.1172,88.5938,-991.4062,0,0
52.917123,-15.1172,88.5938,-991.4062,0,0
52.921104,-15.1172,88.5938,-991.4062,0,0
52.925139,-15.1172,88.5938,-991.4062,0,0
52.929123,-15.1172,88.5938,-991.4062,0,0
52.933090,-15.1172,88.5938,-991.4062,0,0
52.937156,-15.1172,88.5938,-991.4062,0,0
52.941123,-15.1172,88.5938,-991.4062,0,0
52.945090,-15.1172,88.5938,-991.4062,0,0
52.949156,-15.1172,88.5938,-991.4062,0,0
52.953131,-15.1172,88.5938,-991.4062,0,0
52.957104,-15.1172,88.5938,-991.4062,0,0
52.961074,-15.1172,88.5938,-991.4062,0,0
52.965142,-15.1172,88.5938,-991.4062,0,0
52.969161,-15.1172,88.5938,-991.4062,0,0
52.973130,-15.1172,88.5938,-991.4062,0,0
52.977096,-15.1172,88.5938,-991.4062,0,0
52.981161,-15.1172,88.5938,-991.4062,0,0
52.985130,-15.1172,88.5938,-991.4062,0,0
52.989096,-15.1172,88.5938,-991.4062,0,0
52.993161,-15.1172,88.5938,-991.4062,0,0
52.997130,-15.1172,88.5938,-991.4062,0,0
53.001096,-15.1172,88.5938,-991.4062,0,0
53.005161,-15.1172,88.5938,-991.4062,0,0
53.009130,-15.1172,88.5938,-991.4062,0,0
53.013109,-15.1172,88.5938,-991.4062,0,0
53.017090,-15.1172,88.5938,-991.4062,0,0
53.021156,-15.1172,88.5938,-991.4062,0,0
53.025123,-15.1172,88.5938,-991.4062,0,0
53.029090,-15.1172,88.5938,-991.4062,0,0
53.033156,-15.1172,88.5938,-991.4062,0,0
53.037123,-15.1172,88.5938,-991.4062,0,0
53.041090,-15.1172,88.5938,-991.4062,0,0
53.045156,-15.1172,88.5938,-991.4062,0,0
53.049123,-15.1172,88.5938,-991.4062,0,0
53.053094,-15.1172,88.5938,-991.4062,0,0
53.057160,-15.1172,88.5938,-991.4062,0,0
53.061130,-15.1172,88.5938,-991.4062,0,0
53.065096,-15.1172,88.5938,-991.4062,0,0
53.069114,-15.1172,88.5938,-991.4062,0,0
53.073160,-15.1172,88.5938,-991.4062,0,0
53.077130,-15.1172,88.5938,-991.4062,0,0
53.081096,-15.1172,88.5938,-991.4062,0,0
53.085161,-15.1172,88.5938,-991.4062,0,0
53.089130,-15.1172,88.5938,-991.4062,0,0
53.093096,-15.1172,88.5938,-991.4062,0,0
53.097161,-14.9414,88.5938,-991.4062,0,0
53.101130,-14.9414,88.5938,-991.4062,0,0
53.105096,-14.9414,88.5938,-991.4062,0,0
53.109161,-14.9414,88.5938,-991.4062,0,0
53.113072,-14.9414,88.5938,-991.4062,0,0
53.117160,-14.9414,88.5938,-991.4062,0,0
53.121130,-14.9414,88.5938,-991.4062,0,0
53.125096,-14.9414,88.5938,-991.4062,0,0
53.129161,-14.9414,88.5938,-991.4062,0,0
53.133130,-14.9414,88.5938,-991.4062,0,0
53.137096,-14.9414,88.5938,-991.4062,0,0
53.141161,-14.9414,88.5938,-991.4062,0,0
53.145130,-14.9414,88.5938,-991.4062,0,0
53.149096,-14.9414,88.5938,-991.4062,0,0
53.153075,-14.9414,88.5938,-991.4062,0,0
53.157145,-14.9414,88.5938,-991.4062,0,0
53.161115,-14.9414,88.5938,-991.4062,0,0
53.165119,-14.9414,88.5938,-991.4062,0,0
53.169074,-14.9414,88.5938,-991.4062,0,0
53.173124,-14.9414,88.5938,-991.4062,0,0
53.177090,-14.9414,88.5938,-991.4062,0,0
53.181130,-14.9414,88.5938,-991.4062,0,0
53.185096,-14.9414,88.5938,-991.4062,0,0
53.189161,-14.9414,88.5938,-991.4062,0,0
53.193130,-14.9414,88.5938,-991.4062,0,0
53.197096,-14.9414,88.5938,-991.4062,0,0
53.201161,-14.9414,88.5938,-991.4062,0,0
53.205130,-14.9414,88.5938,-991.4062,0,0
53.209124,-14.9414,88.5938,-991.4062,0,0
53.213153,-14.9414,88.5938,-991.4062,0,0
53.218922,-14.9414,88.5938,-991.4062,0,0
53.221079,-14.9414,88.5938,-991.4062,0,0
53.225079,-14.9414,88.5938,-991.4062,0,0
53.229090,-14.9414,88.5938,-991.4062,0,0
53.233152,-14.9414,88.5938,-991.4062,0,0
53.237085,-14.9414,88.5938,-991.4062,0,0
53.241081,-14.9414,88.5938,-991.4062,0,0
53.245145,-14.9414,88.5938,-991.4062,0,0
53.249124,-14.9414,88.5938,-991.4062,0,0
53.253117,-14.9414,88.5938,-991.4062,0,0
53.257124,-14.9414,88.5938,-991.4062,0,0
53.261097,-14.9414,88.5938,-991.4062,0,0
53.265161,-14.9414,88.5938,-991.4062,0,0
53.269130,-14.9414,88.5938,-991.4062,0,0
53.273078,-14.9414,88.5938,-991.4062,0,0
53.277108,-14.9414,88.5938,-991.4062,0,0
53.281130,-14.9414,88.5938,-991.4062,0,0
53.285096,-14.9414,88.5938,-991.4062,0,0
53.289161,-14.9414,88.5938,-991.4062,0,0
53.293130,-14.9414,88.5938,-991.4062,0,0
53.297096,-14.9414,88.5938,-991.4062,0,0
53.301161,-14.9414,88.5938,-991.4062,0,0
53.305130,-14.9414,88.5938,-991.4062,0,0
53.309096,-14.9414,88.5938,-991.4062,0,0
53.313152,-14.9414,88.5938,-991.4062,0,0
53.317137,-14.9414,88.5938,-991.4062,0,0
53.321107,-14.9414,88.5938,-991.4062,0,0
53.325078,-14.9414,88.5938,-991.4062,0,0
53.329145,-14.9414,88.5938,-991.4062,0,0
53.333116,-14.9414,88.5938,-991.4062,0,0
53.337082,-14.9414,88.5938,-991.4062,0,0
53.341145,-14.9414,88.5938,-991.4062,0,0
53.345116,-14.9414,88.5938,-991.4062,0,0
53.349082,-14.9414,88.5938,-991.4062,0,0
53.353156,-14.9414,88.5938,-991.4062,0,0
53.357123,-14.9414,88.5938,-991.4062,0,0
53.361090,-14.9414,88.5938,-991.4062,0,0
53.365116,-14.9414,88.5938,-991.4062,0,0
53.369082,-14.9414,88.5938,-991.4062,0,0
53.373145,-14.9414,88.5938,-991.4062,0,0
53.377070,-14.9414,88.5938,-991.4062,0,0
53.381074,-14.9414,88.5938,-991.4062,0,0
53.385142,-14.9414,88.5938,-991.4062,0,0
53.389114,-14.9414,88.5938,-991.4062,0,0
53.393082,-14.9414,88.5938,-991.4062,0,0
53.397145,-14.9414,88.5938,-991.4062,0,0
53.401116,-14.9414,88.5938,-991.4062,0,0
53.405082,-14.9414,88.5938,-991.4062,0,0
53.409145,-14.9414,88.5938,-991.4062,0,0
53.413130,-14.9414,88.5938,-991.4062,0,0
53.417114,-14.9414,88.5938,-991.4062,0,0
53.421082,-14.9414,88.5938,-991.4062,0,0
53.425145,-14.9414,88.5938,-991.4062,0,0
53.429116,-14.9414,88.5938,-991.4062,0,0
53.433082,-14.9414,88.5938,-991.4062,0,0
53.437145,-14.9414,88.5938,-991.4062,0,0
53.441116,-14.9414,88.5938,-991.4062,0,0
53.445082,-14.9414,88.5938,-991.4062,0,0
53.449145,-14.9414,88.5938,-991.4062,0,0
53.453128,-14.9414,88.5938,-991.4062,0,0
53.457096,-14.9414,88.5938,-991.4062,0,0
53.461161,-14.9414,88.5938,-991.4062,0,0
53.465130,-14.9414,88.5938,-991.4062,0,0
53.469096,-14.9414,88.5938,-991.4062,0,0
53.473161,-14.9414,88.5938,-991.4062,0,0
53.477130,-14.9414,88.5938,-991.4062,0,0
53.481147,-14.9414,88.5938,-991.4062,0,0
53.485142,-14.9414,88.5938,-991.4062,0,0
53.489114,-14.9414,88.5938,-991.4062,0,0
53.493126,-14.9414,88.5938,-991.4062,0,0
53.497096,-14.9414,88.5938,-991.4062,0,0
53.501161,-14.9414,88.5938,-991.4062,0,0
53.506531,-14.9414,88.5938,-991.4062,0,0
53.509305,-14.9414,88.5938,-991.4062,0,0
53.513160,-14.9414,88.5938,-991.4062,0,0
53.517153,-14.9414,88.5938,-991.4062,0,0
53.521096,-14.9414,88.5938,-991.4062,0,0
53.525161,-14.9414,88.5938,-991.4062,0,0
53.529145,-14.9414,88.5938,-991.4062,0,0
53.533131,-14.9414,88.5938,-991.4062,0,0
53.537113,-14.9414,88.5938,-991.4062,0,0
53.541129,-14.9414,88.5938,-991.4062,0,0
53.545088,-14.9414,88.5938,-991.4062,0,0
53.549113,-14.9414,88.5938,-991.4062,0,0
53.553091,-14.9414,88.5938,-991.4062,0,0
53.557122,-14.9414,88.5938,-991.4062,0,0
53.561090,-14.9414,88.5938,-991.4062,0,0
53.565156,-14.9414,88.5938,-991.4062,0,0
53.569123,-14.9414,88.5938,-991.4062,0,0
53.573092,-14.9414,88.5938,-991.4062,0,0
53.577090,-14.9414,88.5938,-991.4062,0,0
53.581072,-14.9414,88.5938,-991.4062,0,0
53.585151,-14.9414,88.5938,-991.4062,0,0
53.589082,-14.9414,88.5938,-991.4062,0,0
53.593145,-14.9414,88.5938,-991.4062,0,0
53.597116,-14.9414,88.5938,-991.4062,0,0
53.601082,-14.9414,88.5938,-991.4062,0,0
53.605145,-14.9414,88.5938,-991.4062,0,0
53.609116,-14.9414,88.5938,-991.4062,0,0
53.613117,-14.9414,88.5938,-991.4062,0,0
53.617104,-14.9414,88.5938,-991.4062,0,0
53.621074,-14.9414,88.5938,-991.4062,0,0
53.625141,-14.9414,88.5938,-991.4062,0,0
53.629112,-14.9414,88.5938,-991.4062,0,0
53.633082,-14.9414,88.5938,-991.4062,0,0
53.637145,-14.9414,88.5938,-991.4062,0,0
53.641116,-14.9414,88.5938,-991.4062,0,0
53.645082,-14.9414,88.5938,-991.4062,0,0
53.649145,-14.9414,88.5938,-991.4062,0,0
53.653129,-14.9414,88.5938,-991.4062,0,0
53.657096,-14.9414,88.5938,-991.4062,0,0
53.661161,-14.9414,88.5938,-991.4062,0,0
53.665130,-14.9414,88.5938,-991.4062,0,0
53.669096,-14.9414,88.5938,-991.4062,0,0
53.673161,-14.9414,88.5938,-991.4062,0,0
53.677130,-14.9414,88.5938,-991.4062,0,0
53.681096,-14.9414,88.5938,-991.4062,0,0
53.685111,-14.9414,88.5938,-991.4062,0,0
53.689105,-14.9414,88.5938,-991.4062,0,0
53.693074,-14.9414,88.5938,-991.4062,0,0
53.697141,-14.9414,88.5938,-991.4062,0,0
53.701112,-14.9414,88.5938,-991.4062,0,0
53.705082,-14.9414,88.5938,-991.4062,0,0
53.709145,-14.9414,88.5938,-991.4062,0,0
53.713124,-14.9414,88.5938,-991.4062,0,0
53.717106,-14.9414,88.5938,-991.4062,0,0
53.721078,-14.9414,88.5938,-991.4062,0,0
53.725145,-14.9414,88.5938,-991.4062,0,0
53.729116,-14.9414,88.5938,-991.4062,0,0
53.733082,-14.9414,88.5938,-991.4062,0,0
53.737145,-14.9414,88.5938,-991.4062,0,0
53.741122,-14.9414,88.5938,-991.4062,0,0
53.745113,-14.9414,88.5938,-991.4062,0,0
53.749082,-14.9414,88.5938,-991.4062,0,0
53.753156,-14.9414,88.5938,-991.4062,0,0
53.757123,-14.9414,88.5938,-991.4062,0,0
53.761090,-14.9414,88.5938,-991.4062,0,0
53.765156,-14.9414,88.5938,-991.4062,0,0
53.769123,-14.9414,88.5938,-991.4062,0,0
53.773090,-14.9414,88.5938,-991.4062,0,0
53.777156,-14.9414,88.5938,-991.4062,0,0
53.781123,-14.9414,88.5938,-991.4062,0,0
53.785153,-14.9414,88.5938,-991.4062,0,0
53.789145,-14.9414,88.5938,-991.4062,0,0
53.793116,-14.9414,88.5938,-991.4062,0,0
53.797156,-14.9414,88.5938,-991.4062,0,0
53.801137,-14.9414,88.5938,-991.4062,0,0
53.805131,-14.9414,88.5938,-991.4062,0,0
53.809161,-14.9414,88.5938,-991.4062,0,0
53.813153,-14.9414,88.5938,-991.4062,0,0
53.817144,-14.9414,88.5938,-991.4062,0,0
53.821113,-14.9414,88.5938,-991.4062,0,0
53.825082,-14.9414,88.5938,-991.4062,0,0
53.832308,-14.9414,88.5938,-991.4062,0,0
53.833067,-14.9414,88.5938,-991.4062,0,0
53.837146,-14.9414,88.5938,-991.4062,0,0
53.841070,-14.9414,88.5938,-991.4062,0,0
53.845145,-14.9414,88.5938,-991.4062,0,0
53.849074,-14.9414,88.5938,-991.4062,0,0
53.853085,-14.9414,88.5938,-991.4062,0,0
53.857096,-14.9414,88.5938,-991.4062,0,0
53.861174,-14.9414,88.5938,-991.4062,0,0
53.865094,-14.9414,88.5938,-991.4062,0,0
53.869160,-14.9414,88.5938,-991.4062,0,0
53.873130,-14.9414,88.5938,-991.4062,0,0
53.877096,-14.9414,88.5938,-991.4062,0,0
53.881090,-14.9414,88.5938,-991.4062,0,0
53.885156,-14.9414,88.5938,-991.4062,0,0
53.889131,-14.9414,88.5938,-991.4062,0,0
53.893124,-14.9414,88.5938,-991.4062,0,0
53.897095,-14.9414,88.5938,-991.4062,0,0
53.901108,-14.9414,88.5938,-991.4062,0,0
53.905141,-14.9414,88.5938,-991.4062,0,0
53.909111,-14.9414,88.5938,-991.4062,0,0
53.913073,-14.9414,88.5938,-991.4062,0,0
53.917152,-14.9414,88.5938,-991.4062,0,0
53.921123,-14.9414,88.5938,-991.4062,0,0
53.925090,-14.9414,88.5938,-991.4062,0,0
53.929156,-14.9414,88.5938,-991.4062,0,0
53.933123,-14.9414,88.5938,-991.4062,0,0
53.937090,-14.9414,88.5938,-991.4062,0,0
53.941156,-14.9414,88.5938,-991.4062,0,0
53.945123,-14.9414,88.5938,-991.4062,0,0
53.949090,-14.9414,88.5938,-991.4062,0,0
53.953167,-14.9414,88.5938,-991.4062,0,0
53.957137,-14.9414,88.5938,-991.4062,0,0
53.961106,-14.9414,88.5938,-991.4062,0,0
53.965078,-14.9414,88.5938,-991.4062,0,0
53.969145,-14.9414,88.5938,-991.4062,0,0
53.973116,-14.9414,88.5938,-991.4062,0,0
53.977082,-14.9414,88.5938,-991.4062,0,0
53.981145,-14.9414,88.5938,-991.4062,0,0
53.985116,-14.9414,88.5938,-991.4062,0,0
53.989082,-14.9414,88.5938,-991.4062,0,0
53.993161,-14.9414,88.5938,-991.4062,0,0
53.997075,-14.9414,88.5938,-991.4062,0,0
54.001142,-14.9414,88.5938,-991.4062,0,0
54.005114,-14.9414,88.5938,-991.4062,0,0
54.009082,-14.9414,88.5938,-991.4062,0,0
54.013152,-14.9414,88.5938,-991.4062,0,0
54.017137,-14.9414,88.5938,-991.4062,0,0
54.021106,-14.9414,88.5938,-991.4062,0,0
54.025078,-14.9414,88.5938,-991.4062,0,0
54.029145,-14.9414,88.5938,-991.4062,0,0
54.033116,-14.9414,88.5938,-991.4062,0,0
54.037082,-14.9414,88.5938,-991.4062,0,0
54.041145,-14.9414,88.5938,-991.4062,0,0
54.045122,-14.9414,88.5938,-991.4062,0,0
54.049106,-14.9414,88.5938,-991.4062,0,0
54.053091,-14.9414,88.5938,-991.4062,0,0
54.057160,-14.9414,88.5938,-991.4062,0,0
54.061130,-14.9414,88.5938,-991.4062,0,0
54.065096,-14.9414,88.5938,-991.4062,0,0
54.069161,-14.9414,88.5938,-991.4062,0,0
54.073130,-14.9414,88.5938,-991.4062,0,0
54.077096,-14.9414,88.5938,-991.4062,0,0
54.081161,-14.9414,88.5938,-991.4062,0,0
54.085130,-14.9414,88.5938,-991.4062,0,0
54.089096,-14.9414,88.5938,-991.4062,0,0
54.093113,-14.9414,88.5938,-991.4062,0,0
54.097105,-14.9414,88.5938,-991.4062,0,0
54.101074,-14.9414,88.5938,-991.4062,0,0
54.105141,-14.9414,88.5938,-991.4062,0,0
54.109112,-14.9414,88.5938,-991.4062,0,0
54.113116,-14.9414,88.5938,-991.4062,0,0
54.117106,-14.9414,88.5938,-991.4062,0,0
54.121078,-14.9414,88.5938,-991.4062,0,0
54.125145,-14.9414,88.5938,-991.4062,0,0
54.129116,-14.9414,88.5938,-991.4062,0,0
54.133082,-14.9414,88.5938,-991.4062,0,0
54.137145,-14.9414,88.5938,-991.4062,0,0
54.141116,-14.9414,88.5938,-991.4062,0,0
54.145169,-14.9414,88.5938,-991.4062,0,0
54.149090,-14.9414,88.5938,-991.4062,0,0
54.153064,-14.9414,88.5938,-991.4062,0,0
54.157128,-14.9414,88.5938,-991.4062,0,0
54.161097,-14.9414,88.5938,-991.4062,0,0
54.165161,-14.9414,88.5938,-991.4062,0,0
54.169130,-14.9414,88.5938,-991.4062,0,0
54.173096,-14.9414,88.5938,-991.4062,0,0
54.177161,-14.9414,88.5938,-991.4062,0,0
54.181130,-14.9414,88.5938,-991.4062,0,0
54.185096,-14.9414,88.5938,-991.4062,0,0
54.189109,-14.9414,88.5938,-991.4062,0,0
54.193071,-14.9414,88.5938,-991.4062,0,0
54.198944,-14.9414,88.5938,-991.4062,0,0
54.201145,-14.9414,88.5938,-991.4062,0,0
54.205162,-14.9414,88.5938,-991.4062,0,0
54.209093,-14.9414,88.5938,-991.4062,0,0
54.213131,-14.9414,88.5938,-991.4062,0,0
54.217152,-14.9414,88.5938,-991.4062,0,0
54.221163,-14.9414,88.5938,-991.4062,0,0
54.225118,-14.9414,88.5938,-991.4062,0,0
54.229090,-14.9414,88.5938,-991.4062,0,0
54.233156,-14.9414,88.5938,-991.4062,0,0
54.237123,-14.9414,88.5938,-991.4062,0,0
54.241090,-14.9414,88.5938,-991.4062,0,0
54.245156,-14.9414,88.5938,-991.4062,0,0
54.249123,-14.9414,88.5938,-991.4062,0,0
54.253099,-14.9414,88.5938,-991.4062,0,0
54.257090,-14.9414,88.5938,-991.4062,0,0
54.261156,-14.9414,88.5938,-991.4062,0,0
54.265123,-14.9414,88.5938,-991.4062,0,0
54.269090,-14.9414,88.5938,-991.4062,0,0
54.273156,-14.9414,88.5938,-991.4062,0,0
54.277123,-14.9414,88.5938,-991.4062,0,0
54.281090,-14.9414,88.5938,-991.4062,0,0
54.285156,-14.9414,88.5938,-991.4062,0,0
54.289123,-14.9414,88.5938,-991.4062,0,0
54.293090,-14.9414,88.5938,-991.4062,0,0
54.297156,-14.9414,88.5938,-991.4062,0,0
54.301141,-14.9414,88.5938,-991.4062,0,0
54.305074,-14.9414,88.5938,-991.4062,0,0
54.309141,-14.9414,88.5938,-991.4062,0,0
54.313123,-14.9414,88.5938,-991.4062,0,0
54.317106,-14.9414,88.5938,-991.4062,0,0
54.321078,-14.9414,88.5938,-991.4062,0,0
54.325145,-14.9414,88.5938,-991.4062,0,0
54.329116,-14.9414,88.5938,-991.4062,0,0
54.333082,-14.9414,88.5938,-991.4062,0,0
54.337145,-14.9414,88.5938,-991.4062,0,0
54.341116,-14.9414,88.5938,-991.4062,0,0
54.345082,-14.9414,88.5938,-991.4062,0,0
54.349145,-14.9414,88.5938,-991.4062,0,0
54.353128,-14.9414,88.5938,-991.4062,0,0
54.357096,-14.9414,88.5938,-991.4062,0,0
54.361173,-14.9414,88.5938,-991.4062,0,0
54.365152,-14.9414,88.5938,-991.4062,0,0
54.369123,-14.9414,88.5938,-991.4062,0,0
54.373090,-14.9414,88.5938,-991.4062,0,0
54.377156,-14.9414,88.5938,-991.4062,0,0
54.381123,-14.9414,88.5938,-991.4062,0,0
54.385090,-14.9414,88.5938,-991.4062,0,0
54.389156,-14.9414,88.5938,-991.4062,0,0
54.393123,-14.9414,88.5938,-991.4062,0,0
54.397104,-14.9414,88.5938,-991.4062,0,0
54.401117,-14.9414,88.5938,-991.4062,0,0
54.405090,-14.9414,88.5938,-991.4062,0,0
54.409090,-14.9414,88.5938,-991.4062,0,0
54.413072,-14.9414,88.5938,-991.4062,0,0
54.417152,-14.9414,88.5938,-991.4062,0,0
54.421123,-14.9414,88.5938,-991.4062,0,0
54.425090,-14.9414,88.5938,-991.4062,0,0
54.429156,-14.9414,88.5938,-991.4062,0,0
54.433123,-14.9414,88.5938,-991.4062,0,0
54.437090,-14.9414,88.5938,-991.4062,0,0
54.441156,-14.9414,88.5938,-991.4062,0,0
54.445123,-14.9414,88.5938,-991.4062,0,0
54.449090,-14.9414,88.5938,-991.4062,0,0
54.453064,-14.9414,88.5938,-991.4062,0,0
54.457137,-14.9414,88.5938,-991.4062,0,0
54.461069,-14.9414,88.5938,-991.4062,0,0
54.465148,-14.9414,88.5938,-991.4062,0,0
54.469090,-14.9414,88.5938,-991.4062,0,0
54.473156,-14.9414,88.5938,-991.4062,0,0
54.477123,-14.9414,88.5938,-991.4062,0,0
54.481090,-14.9414,88.5938,-991.4062,0,0
54.485156,-14.9414,88.5938,-991.4062,0,0
54.489123,-14.7656,88.5938,-991.4062,0,0
54.493090,-14.7656,88.5938,-991.4062,0,0
54.500263,-14.7656,88.5938,-991.4062,0,0
54.501081,-14.7656,88.5938,-991.4062,0,0
54.505083,-14.7656,88.5938,-991.4062,0,0
54.509096,-14.7656,88.5938,-991.4062,0,0
54.513141,-14.7656,88.5938,-991.4062,0,0
54.517098,-14.7656,88.5938,-991.4062,0,0
54.521080,-14.7656,88.5938,-991.4062,0,0
54.525146,-14.7656,88.5938,-991.4062,0,0
54.529094,-14.7656,88.5938,-991.4062,0,0
54.533075,-14.7656,88.5938,-991.4062,0,0
54.537114,-14.7656,88.5938,-991.4062,0,0
54.541097,-14.7656,88.5938,-991.4062,0,0
54.545161,-14.7656,88.5938,-991.4062,0,0
54.549130,-14.7656,88.5938,-991.4062,0,0
54.553103,-14.7656,88.5938,-991.4062,0,0
54.557090,-14.7656,88.5938,-991.4062,0,0
54.561156,-14.7656,88.5938,-991.4062,0,0
54.565123,-14.7656,88.5938,-991.4062,0,0
54.569090,-14.7656,88.5938,-991.4062,0,0
54.573156,-14.7656,88.5938,-991.4062,0,0
54.577123,-14.7656,88.5938,-991.4062,0,0
54.581090,-14.7656,88.5938,-991.4062,0,0
54.585156,-14.7656,88.5938,-991.4062,0,0
54.589123,-14.7656,88.5938,-991.4062,0,0
54.593090,-14.7656,88.5938,-991.4062,0,0
54.597156,-14.7656,88.5938,-991.4062,0,0
54.601123,-14.7656,88.5938,-991.4062,0,0
54.605105,-14.7656,88.5938,-991.4062,0,0
54.609074,-14.7656,88.5938,-991.4062,0,0
54.613160,-14.7656,88.5938,-991.4062,0,0
54.617141,-14.7656,88.5938,-991.4062,0,0
54.621111,-14.7656,88.5938,-991.4062,0,0
54.625082,-14.7656,88.5938,-991.4062,0,0
54.629145,-14.7656,88.5938,-991.4062,0,0
54.633116,-14.7656,88.5938,-991.4062,0,0
54.637082,-14.7656,88.5938,-991.4062,0,0
54.641145,-14.7656,88.5938,-991.4062,0,0
54.645116,-14.7656,88.5938,-991.4062,0,0
54.649082,-14.7656,88.5938,-991.4062,0,0
54.653156,-14.7656,88.5938,-991.4062,0,0
54.657123,-14.7656,88.5938,-991.4062,0,0
54.661090,-14.7656,88.5938,-991.4062,0,0
54.665156,-14.7656,88.5938,-991.4062,0,0
54.669123,-14.7656,88.5938,-991.4062,0,0
54.673090,-14.7656,88.5938,-991.4062,0,0
54.677156,-14.7656,88.5938,-991.4062,0,0
54.681123,-14.7656,88.5938,-991.4062,0,0
54.685090,-14.7656,88.5938,-991.4062,0,0
54.689156,-14.7656,88.5938,-991.4062,0,0
54.693123,-14.7656,88.5938,-991.4062,0,0
54.697090,-14.7656,88.5938,-991.4062,0,0
54.701156,-14.7656,88.5938,-991.4062,0,0
54.705123,-14.7656,88.5938,-991.4062,0,0
54.709161,-14.7656,88.5938,-991.4062,0,0
54.713148,-14.7656,88.5938,-991.4062,0,0
54.717130,-14.7656,88.7695,-991.2305,0,0
54.721096,-14.7656,88.7695,-991.2305,0,0
54.725161,-14.7656,88.7695,-991.2305,0,0
54.729130,-14.7656,88.7695,-991.2305,0,0
54.733096,-14.7656,88.7695,-991.2305,0,0
54.737161,-14.7656,88.7695,-991.2305,0,0
54.741130,-14.7656,88.7695,-991.2305,0,0
54.745096,-14.7656,88.7695,-991.2305,0,0
54.749161,-14.7656,88.7695,-991.2305,0,0
54.753144,-14.7656,88.7695,-991.2305,0,0
54.757114,-14.7656,88.7695,-991.2305,0,0
54.761082,-14.7656,88.7695,-991.2305,0,0
54.765145,-14.7656,88.7695,-991.2305,0,0
54.769116,-14.7656,88.7695,-991.2305,0,0
54.773082,-14.7656,88.7695,-991.2305,0,0
54.777145,-14.7656,88.7695,-991.2305,0,0
54.781116,-14.7656,88.7695,-991.2305,0,0
54.785080,-14.7656,88.7695,-991.2305,0,0
54.789073,-14.7656,88.7695,-991.2305,0,0
54.794305,-14.7656,88.7695,-991.2305,0,0
54.797113,-14.7656,88.7695,-991.2305,0,0
54.801104,-14.7656,88.7695,-991.2305,0,0
54.805135,-14.7656,88.7695,-991.2305,0,0
54.809171,-14.7656,88.7695,-991.2305,0,0
54.813069,-14.7656,88.7695,-991.2305,0,0
54.817121,-14.7656,88.7695,-991.2305,0,0
54.821151,-14.7656,88.7695,-991.2305,0,0
54.825109,-14.7656,88.7695,-991.2305,0,0
54.829128,-14.7656,88.7695,-991.2305,0,0
54.833096,-14.7656,88.7695,-991.2305,0,0
54.837145,-14.7656,88.7695,-991.2305,0,0
54.841434,-14.7656,88.7695,-991.2305,0,0
54.845083,-14.7656,88.7695,-991.2305,0,0
54.849152,-14.7656,88.7695,-991.2305,0,0
54.853134,-14.7656,88.7695,-991.2305,0,0
54.857152,-14.7656,88.7695,-991.2305,0,0
54.861135,-14.7656,88.7695,-991.2305,0,0
54.865065,-14.7656,88.7695,-991.2305,0,0
54.869071,-14.7656,88.7695,-991.2305,0,0
54.873137,-14.7656,88.7695,-991.2305,0,0
54.877107,-14.7656,88.7695,-991.2305,0,0
54.881078,-14.7656,88.7695,-991.2305,0,0
54.885145,-14.9414,88.7695,-991.2305,0,0
54.889116,-14.9414,88.7695,-991.2305,0,0
54.893082,-14.9414,88.7695,-991.2305,0,0
54.897145,-14.9414,88.7695,-991.2305,0,0
54.901116,-14.9414,88.7695,-991.2305,0,0
54.905082,-14.9414,88.7695,-991.2305,0,0
54.909145,-14.9414,88.7695,-991.2305,0,0
54.913118,-14.9414,88.7695,-991.2305,0,0
54.917152,-14.9414,88.7695,-991.2305,0,0
54.921123,-14.9414,88.7695,-991.2305,0,0
54.925090,-14.9414,88.7695,-991.2305,0,0
54.929156,-14.9414,88.7695,-991.2305,0,0
54.933123,-14.9414,88.7695,-991.2305,0,0
54.937090,-14.9414,88.5938,-991.4062,0,0
54.941156,-14.9414,88.5938,-991.4062,0,0
54.945123,-14.9414,88.5938,-991.4062,0,0
54.949090,-14.9414,88.5938,-991.4062,0,0
54.953068,-14.9414,88.5938,-991.4062,0,0
54.957137,-14.9414,88.5938,-991.4062,0,0
54.961107,-14.9414,88.5938,-991.4062,0,0
54.965078,-14.9414,88.5938,-991.4062,0,0
54.969145,-14.9414,88.5938,-991.4062,0,0
54.973116,-14.9414,88.5938,-991.4062,0,0
54.977082,-14.9414,88.5938,-991.4062,0,0
54.981145,-14.9414,88.5938,-991.4062,0,0
54.985116,-14.9414,88.5938,-991.4062,0,0
54.989082,-14.9414,88.5938,-991.4062,0,0
54.993145,-14.9414,88.5938,-991.4062,0,0
54.997116,-14.9414,88.5938,-991.4062,0,0
55.001082,-14.9414,88.5938,-991.4062,0,0
55.005145,-14.9414,88.5938,-991.4062,0,0
55.009116,-14.9414,88.5938,-991.4062,0,0
55.013096,-14.9414,88.5938,-991.4062,0,0
55.017145,-14.9414,88.5938,-991.4062,0,0
55.021116,-14.9414,88.5938,-991.4062,0,0
55.025082,-14.9414,88.5938,-991.4062,0,0
55.029145,-14.9414,88.5938,-991.4062,0,0
55.033122,-14.9414,88.5938,-991.4062,0,0
55.037114,-14.9414,88.5938,-991.4062,0,0
55.041082,-14.9414,88.5938,-991.4062,0,0
55.045145,-14.9414,88.5938,-991.4062,0,0
55.049116,-14.9414,88.5938,-991.4062,0,0
55.053090,-14.9414,88.5938,-991.4062,0,0
55.057160,-14.9414,88.5938,-991.4062,0,0
55.061130,-14.9414,88.5938,-991.4062,0,0
55.065096,-14.9414,88.5938,-991.4062,0,0
55.069161,-14.9414,88.5938,-991.4062,0,0
55.073130,-14.9414,88.5938,-991.4062,0,0
55.077096,-14.9414,88.5938,-991.4062,0,0
55.081161,-14.9414,88.5938,-991.4062,0,0
55.085130,-14.9414,88.5938,-991.4062,0,0
55.089096,-14.9414,88.5938,-991.4062,0,0
55.093145,-14.9414,88.5938,-991.4062,0,0
55.097074,-14.9414,88.4180,-991.5820,0,0
55.101098,-14.9414,88.4180,-991.5820,0,0
55.105161,-14.9414,88.4180,-991.5820,0,0
55.109161,-14.9414,88.4180,-991.5820,0,0
55.113070,-14.9414,88.4180,-991.5820,0,0
55.117126,-14.9414,88.4180,-991.5820,0,0
55.121139,-14.9414,88.4180,-991.5820,0,0
55.125107,-14.9414,88.4180,-991.5820,0,0
55.129107,-14.9414,88.4180,-991.5820,0,0
55.135890,-14.9414,88.4180,-991.5820,0,0
55.137120,-14.9414,88.4180,-991.5820,0,0
55.141072,-14.9414,88.4180,-991.5820,0,0
55.145113,-14.7656,88.4180,-991.5820,0,0
55.149090,-14.7656,88.4180,-991.5820,0,0
55.153091,-14.7656,88.4180,-991.5820,0,0
55.157129,-14.7656,88.4180,-991.5820,0,0
55.161126,-14.7656,88.4180,-991.5820,0,0
55.165410,-14.7656,88.4180,-991.5820,0,0
55.169097,-14.7656,88.4180,-991.5820,0,0
55.173161,-14.7656,88.4180,-991.5820,0,0
55.177130,-14.7656,88.4180,-991.5820,0,0
55.181087,-14.7656,88.4180,-991.5820,0,0
55.185152,-14.7656,88.4180,-991.5820,0,0
55.189123,-14.7656,88.5938,-991.4062,0,0
55.193090,-14.7656,88.5938,-991.4062,0,0
55.197156,-14.7656,88.5938,-991.4062,0,0
55.201123,-14.7656,88.5938,-991.4062,0,0
55.205090,-14.7656,88.5938,-991.4062,0,0
55.209156,-14.7656,88.5938,-991.4062,0,0
55.213118,-14.7656,88.5938,-991.4062,0,0
55.217104,-14.7656,88.5938,-991.4062,0,0
55.221125,-14.7656,88.5938,-991.4062,0,0
55.225160,-14.7656,88.5938,-991.4062,0,0
55.229130,-14.7656,88.5938,-991.4062,0,0
55.233096,-14.7656,88.5938,-991.4062,0,0
55.237161,-14.7656,88.5938,-991.4062,0,0
55.241130,-14.7656,88.5938,-991.4062,0,0
55.245096,-14.7656,88.5938,-991.4062,0,0
55.249161,-14.7656,88.5938,-991.4062,0,0
55.253142,-14.7656,88.5938,-991.4062,0,0
55.257114,-14.7656,88.5938,-991.4062,0,0
55.261082,-14.7656,88.5938,-991.4062,0,0
55.265145,-14.7656,88.5938,-991.4062,0,0
55.269116,-14.7656,88.5938,-991.4062,0,0
55.273082,-14.7656,88.5938,-991.4062,0,0
55.277145,-14.7656,88.7695,-991.2305,0,0
55.281116,-14.7656,88.7695,-991.2305,0,0
55.285082,-14.7656,88.7695,-991.2305,0,0
55.289145,-14.7656,88.7695,-991.2305,0,0
55.293116,-14.7656,88.7695,-991.2305,0,0
55.297082,-14.7656,88.7695,-991.2305,0,0
55.301145,-14.7656,88.7695,-991.2305,0,0
55.305116,-14.7656,88.7695,-991.2305,0,0
55.309082,-14.7656,88.7695,-991.2305,0,0
55.313152,-14.7656,88.7695,-991.2305,0,0
55.317137,-14.7656,88.7695,-991.2305,0,0
55.321148,-14.7656,88.7695,-991.2305,0,0
55.325125,-14.7656,88.7695,-991.2305,0,0
55.329123,-14.7656,88.7695,-991.2305,0,0
55.333090,-14.7656,88.7695,-991.2305,0,0
55.337156,-14.7656,88.7695,-991.2305,0,0
55.341123,-14.7656,88.7695,-991.2305,0,0
55.345104,-14.7656,88.7695,-991.2305,0,0
55.349074,-14.7656,88.7695,-991.2305,0,0
55.353153,-14.7656,88.7695,-991.2305,0,0
55.357123,-14.7656,88.7695,-991.2305,0,0
55.361090,-14.7656,88.7695,-991.2305,0,0
55.365090,-14.7656,88.7695,-991.2305,0,0
55.369156,-14.7656,88.7695,-991.2305,0,0
55.373123,-14.7656,88.7695,-991.2305,0,0
55.377090,-14.7656,88.7695,-991.2305,0,0
55.381156,-14.7656,88.7695,-991.2305,0,0
55.385123,-14.7656,88.7695,-991.2305,0,0
55.389090,-14.7656,88.7695,-991.2305,0,0
55.393156,-14.7656,88.7695,-991.2305,0,0
55.397123,-14.7656,88.7695,-991.2305,0,0
55.401090,-14.7656,88.7695,-991.2305,0,0
55.405156,-14.7656,88.7695,-991.2305,0,0
55.409123,-14.7656,88.7695,-991.2305,0,0
55.413102,-14.7656,88.7695,-991.2305,0,0
55.417067,-14.7656,88.7695,-991.2305,0,0
55.421172,-14.7656,88.7695,-991.2305,0,0
55.425169,-14.7656,88.7695,-991.2305,0,0
55.429332,-14.7656,88.7695,-991.2305,0,0
55.433123,-14.7656,88.7695,-991.2305,0,0
55.437143,-14.7656,88.7695,-991.2305,0,0
55.441145,-14.7656,88.7695,-991.2305,0,0
55.445116,-14.7656,88.7695,-991.2305,0,0
55.449090,-14.7656,88.7695,-991.2305,0,0
55.453068,-14.7656,88.7695,-991.2305,0,0
55.457070,-14.7656,88.7695,-991.2305,0,0
55.461137,-14.7656,88.7695,-991.2305,0,0
55.465108,-14.7656,88.7695,-991.2305,0,0
55.469110,-14.7656,88.7695,-991.2305,0,0
55.473118,-14.7656,88.7695,-991.2305,0,0
55.477147,-14.7656,88.7695,-991.2305,0,0
55.481137,-14.7656,88.7695,-991.2305,0,0
55.485152,-14.7656,88.7695,-991.2305,0,0
55.489074,-14.7656,88.5938,-991.4062,0,0
55.493142,-14.7656,88.5938,-991.4062,0,0
55.497114,-14.7656,88.5938,-991.4062,0,0
55.501082,-14.7656,88.5938,-991.4062,0,0
55.505145,-14.7656,88.5938,-991.4062,0,0
55.509116,-14.7656,88.5938,-991.4062,0,0
55.513075,-14.7656,88.5938,-991.4062,0,0
55.517152,-14.7656,88.5938,-991.4062,0,0
55.521123,-14.7656,88.5938,-991.4062,0,0
55.525090,-14.7656,88.5938,-991.4062,0,0
55.529075,-14.7656,88.5938,-991.4062,0,0
55.533098,-14.7656,88.5938,-991.4062,0,0
55.537161,-14.7656,88.5938,-991.4062,0,0
55.541130,-14.7656,88.5938,-991.4062,0,0
55.545096,-14.7656,88.5938,-991.4062,0,0
55.549161,-14.7656,88.5938,-991.4062,0,0
55.553142,-14.7656,88.5938,-991.4062,0,0
55.557114,-14.7656,88.5938,-991.4062,0,0
55.561082,-14.7656,88.5938,-991.4062,0,0
55.565145,-14.7656,88.5938,-991.4062,0,0
55.569116,-14.7656,88.5938,-991.4062,0,0
55.573082,-14.7656,88.5938,-991.4062,0,0
55.577145,-14.7656,88.5938,-991.4062,0,0
55.581116,-14.7656,88.5938,-991.4062,0,0
55.585082,-14.7656,88.5938,-991.4062,0,0
55.589145,-14.7656,88.5938,-991.4062,0,0
55.593116,-14.7656,88.5938,-991.4062,0,0
55.597082,-14.7656,88.5938,-991.4062,0,0
55.601145,-14.5898,88.5938,-991.4062,0,0
55.605116,-14.5898,88.5938,-991.4062,0,0
55.609082,-14.5898,88.5938,-991.4062,0,0
55.613152,-14.5898,88.5938,-991.4062,0,0
55.617137,-14.5898,88.5938,-991.4062,0,0
55.621107,-14.5898,88.5938,-991.4062,0,0
55.625078,-14.5898,88.5938,-991.4062,0,0
55.629090,-14.5898,88.5938,-991.4062,0,0
55.633090,-14.5898,88.5938,-991.4062,0,0
55.637156,-14.5898,88.5938,-991.4062,0,0
55.641123,-14.5898,88.5938,-991.4062,0,0
55.645090,-14.5898,88.5938,-991.4062,0,0
55.649156,-14.5898,88.5938,-991.4062,0,0
55.653134,-14.5898,88.5938,-991.4062,0,0
55.657104,-14.5898,88.5938,-991.4062,0,0
55.661074,-14.5898,88.5938,-991.4062,0,0
55.665152,-14.5898,88.5938,-991.4062,0,0
55.669123,-14.5898,88.5938,-991.4062,0,0
55.673090,-14.5898,88.5938,-991.4062,0,0
55.677156,-14.5898,88.5938,-991.4062,0,0
55.681123,-14.5898,88.5938,-991.4062,0,0
55.685090,-14.5898,88.5938,-991.4062,0,0
55.689156,-14.5898,88.5938,-991.4062,0,0
55.693123,-14.5898,88.5938,-991.4062,0,0
55.697090,-14.5898,88.5938,-991.4062,0,0
55.701156,-14.5898,88.5938,-991.4062,0,0
55.705123,-14.5898,88.5938,-991.4062,0,0
55.709090,-14.5898,88.5938,-991.4062,0,0
55.713072,-14.5898,88.5938,-991.4062,0,0
55.717152,-14.5898,88.5938,-991.4062,0,0
55.721123,-14.5898,88.5938,-991.4062,0,0
55.725077,-14.5898,88.5938,-991.4062,0,0
55.729117,-14.5898,88.5938,-991.4062,0,0
55.733074,-14.5898,88.5938,-991.4062,0,0
55.737094,-14.5898,88.5938,-991.4062,0,0
55.741161,-14.5898,88.5938,-991.4062,0,0
55.745399,-14.5898,88.5938,-991.4062,0,0
55.749257,-14.5898,88.5938,-991.4062,0,0
55.753159,-14.5898,88.5938,-991.4062,0,0
55.757104,-14.5898,88.5938,-991.4062,0,0
55.761074,-14.5898,88.5938,-991.4062,0,0
55.765142,-14.5898,88.5938,-991.4062,0,0
55.769083,-14.5898,88.5938,-991.4062,0,0
55.773135,-14.5898,88.5938,-991.4062,0,0
55.777099,-14.5898,88.5938,-991.4062,0,0
55.781096,-14.5898,88.5938,-991.4062,0,0
55.785161,-14.5898,88.5938,-991.4062,0,0
55.789130,-14.5898,88.5938,-991.4062,0,0
55.793096,-14.5898,88.5938,-991.4062,0,0
55.797161,-14.5898,88.5938,-991.4062,0,0
55.801130,-14.5898,88.5938,-991.4062,0,0
55.805096,-14.5898,88.5938,-991.4062,0,0
55.809161,-14.5898,88.5938,-991.4062,0,0
55.813118,-14.5898,88.5938,-991.4062,0,0
55.817096,-14.5898,88.5938,-991.4062,0,0
55.821161,-14.5898,88.5938,-991.4062,0,0
55.825130,-14.5898,88.5938,-991.4062,0,0
55.829096,-14.5898,88.5938,-991.4062,0,0
55.833112,-14.5898,88.5938,-991.4062,0,0
55.837133,-14.5898,88.5938,-991.4062,0,0
55.841105,-14.5898,88.5938,-991.4062,0,0
55.845074,-14.5898,88.5938,-991.4062,0,0
55.849142,-14.5898,88.7695,-991.2305,0,0
55.853125,-14.5898,88.7695,-991.2305,0,0
55.857097,-14.5898,88.7695,-991.2305,0,0
55.861171,-14.5898,88.7695,-991.2305,0,0
55.865097,-14.5898,88.7695,-991.2305,0,0
55.869161,-14.5898,88.7695,-991.2305,0,0
55.873130,-14.5898,88.7695,-991.2305,0,0
55.877096,-14.5898,88.7695,-991.2305,0,0
55.881161,-14.5898,88.7695,-991.2305,0,0
55.885130,-14.5898,88.7695,-991.2305,0,0
55.889096,-14.5898,88.7695,-991.2305,0,0
55.893161,-14.5898,88.7695,-991.2305,0,0
55.897130,-14.5898,88.7695,-991.2305,0,0
55.901096,-14.5898,88.7695,-991.2305,0,0
55.905161,-14.5898,88.7695,-991.2305,0,0
55.909130,-14.5898,88.7695,-991.2305,0,0
55.913109,-14.5898,88.7695,-991.2305,0,0
55.917090,-14.5898,88.7695,-991.2305,0,0
55.921156,-14.5898,88.7695,-991.2305,0,0
55.925123,-14.5898,88.7695,-991.2305,0,0
55.929090,-14.5898,88.7695,-991.2305,0,0
55.933156,-14.5898,88.7695,-991.2305,0,0
55.937102,-14.5898,88.7695,-991.2305,0,0
55.941074,-14.5898,88.7695,-991.2305,0,0
55.945090,-14.5898,88.7695,-991.2305,0,0
55.949156,-14.5898,88.7695,-991.2305,0,0
55.953134,-14.5898,88.7695,-991.2305,0,0
55.957104,-14.5898,88.7695,-991.2305,0,0
55.961074,-14.5898,88.7695,-991.2305,0,0
55.965142,-14.5898,88.7695,-991.2305,0,0
55.969114,-14.5898,88.7695,-991.2305,0,0
55.973161,-14.5898,88.7695,-991.2305,0,0
55.977130,-14.5898,88.7695,-991.2305,0,0
55.981096,-14.5898,88.7695,-991.2305,0,0
55.985161,-14.5898,88.7695,-991.2305,0,0
55.989130,-14.5898,88.7695,-991.2305,0,0
55.993096,-14.5898,88.7695,-991.2305,0,0
55.997161,-14.5898,88.7695,-991.2305,0,0
56.001130,-14.5898,88.5938,-991.4062,0,0
56.005096,-14.5898,88.5938,-991.4062,0,0
56.009161,-14.5898,88.5938,-991.4062,0,0
56.013141,-14.5898,88.5938,-991.4062,0,0
56.017123,-14.5898,88.5938,-991.4062,0,0
56.021136,-14.5898,88.5938,-991.4062,0,0
56.025152,-14.5898,88.5938,-991.4062,0,0
56.029123,-14.5898,88.5938,-991.4062,0,0
56.033090,-14.5898,88.5938,-991.4062,0,0
56.037141,-14.5898,88.5938,-991.4062,0,0
56.041083,-14.5898,88.5938,-991.4062,0,0
56.045137,-14.5898,88.5938,-991.4062,0,0
56.049107,-14.5898,88.5938,-991.4062,0,0
56.053088,-14.5898,88.5938,-991.4062,0,0
56.057078,-14.5898,88.5938,-991.4062,0,0
56.062125,-14.5898,88.5938,-991.4062,0,0
56.065111,-14.5898,88.5938,-991.4062,0,0
56.069111,-14.5898,88.5938,-991.4062,0,0
56.073130,-14.5898,88.5938,-991.4062,0,0
56.077096,-14.5898,88.5938,-991.4062,0,0
56.081096,-14.5898,88.5938,-991.4062,0,0
56.085127,-14.5898,88.5938,-991.4062,0,0
56.089070,-14.5898,88.5938,-991.4062,0,0
56.093152,-14.5898,88.5938,-991.4062,0,0
56.097073,-14.5898,88.5938,-991.4062,0,0
56.101143,-14.5898,88.5938,-991.4062,0,0
56.105114,-14.5898,88.5938,-991.4062,0,0
56.109082,-14.5898,88.5938,-991.4062,0,0
56.113071,-14.5898,88.5938,-991.4062,0,0
56.117160,-14.5898,88.5938,-991.4062,0,0
56.121130,-14.5898,88.5938,-991.4062,0,0
56.125096,-14.5898,88.5938,-991.4062,0,0
56.129161,-14.5898,88.5938,-991.4062,0,0
56.133130,-14.5898,88.5938,-991.4062,0,0
56.137096,-14.5898,88.5938,-991.4062,0,0
56.141077,-14.5898,88.5938,-991.4062,0,0
56.145164,-14.5898,88.5938,-991.4062,0,0
56.149096,-14.5898,88.5938,-991.4062,0,0
56.153071,-14.5898,88.5938,-991.4062,0,0
56.157145,-14.5898,88.5938,-991.4062,0,0
56.161116,-14.5898,88.5938,-991.4062,0,0
56.165082,-14.5898,88.5938,-991.4062,0,0
56.169145,-14.5898,88.5938,-991.4062,0,0
56.173116,-14.5898,88.5938,-991.4062,0,0
56.177082,-14.5898,88.5938,-991.4062,0,0
56.181145,-14.5898,88.5938,-991.4062,0,0
56.185116,-14.5898,88.5938,-991.4062,0,0
56.189082,-14.5898,88.5938,-991.4062,0,0
56.193126,-14.5898,88.5938,-991.4062,0,0
56.197096,-14.5898,88.5938,-991.4062,0,0
56.201161,-14.5898,88.5938,-991.4062,0,0
56.205130,-14.5898,88.5938,-991.4062,0,0
56.209096,-14.5898,88.5938,-991.4062,0,0
56.213080,-14.5898,88.5938,-991.4062,0,0
56.217160,-14.5898,88.5938,-991.4062,0,0
56.221130,-14.5898,88.5938,-991.4062,0,0
56.225096,-14.5898,88.5938,-991.4062,0,0
56.229161,-14.5898,88.5938,-991.4062,0,0
56.233130,-14.5898,88.5938,-991.4062,0,0
56.237096,-14.5898,88.5938,-991.4062,0,0
56.241161,-14.5898,88.5938,-991.4062,0,0
56.245090,-14.5898,88.5938,-991.4062,0,0
56.249090,-14.5898,88.5938,-991.4062,0,0
56.253067,-14.5898,88.5938,-991.4062,0,0
56.257137,-14.5898,88.5938,-991.4062,0,0
56.261107,-14.5898,88.5938,-991.4062,0,0
56.265078,-14.5898,88.5938,-991.4062,0,0
56.269145,-14.5898,88.5938,-991.4062,0,0
56.273156,-14.5898,88.5938,-991.4062,0,0
56.277127,-14.5898,88.5938,-991.4062,0,0
56.281098,-14.5898,88.5938,-991.4062,0,0
56.285161,-14.5898,88.5938,-991.4062,0,0
56.289130,-14.5898,88.5938,-991.4062,0,0
56.293096,-14.5898,88.5938,-991.4062,0,0
56.297161,-14.5898,88.5938,-991.4062,0,0
56.301130,-14.5898,88.5938,-991.4062,0,0
56.305096,-14.5898,88.5938,-991.4062,0,0
56.309161,-14.5898,88.5938,-991.4062,0,0
56.313141,-14.5898,88.5938,-991.4062,0,0
56.317123,-14.5898,88.5938,-991.4062,0,0
56.321090,-14.5898,88.5938,-991.4062,0,0
56.325156,-14.5898,88.5938,-991.4062,0,0
56.329123,-14.5898,88.5938,-991.4062,0,0
56.333090,-14.5898,88.5938,-991.4062,0,0
56.337156,-14.5898,88.5938,-991.4062,0,0
56.341089,-14.5898,88.5938,-991.4062,0,0
56.345143,-14.5898,88.5938,-991.4062,0,0
56.349072,-14.5898,88.5938,-991.4062,0,0
56.353159,-14.5898,88.5938,-991.4062,0,0
56.357096,-14.5898,88.5938,-991.4062,0,0
56.361171,-14.5898,88.5938,-991.4062,0,0
56.365103,-14.5898,88.5938,-991.4062,0,0
56.369071,-14.5898,88.5938,-991.4062,0,0
56.373137,-14.5898,88.5938,-991.4062,0,0
56.377107,-14.5898,88.5938,-991.4062,0,0
56.381078,-14.5898,88.5938,-991.4062,0,0
56.385090,-14.5898,88.5938,-991.4062,0,0
56.389579,-14.5898,88.5938,-991.4062,0,0
56.393160,-14.5898,88.5938,-991.4062,0,0
56.397155,-14.5898,88.5938,-991.4062,0,0
56.401160,-14.5898,88.5938,-991.4062,0,0
56.405136,-14.5898,88.5938,-991.4062,0,0
56.409102,-14.5898,88.5938,-991.4062,0,0
56.413156,-14.5898,88.7695,-991.2305,0,0
56.417136,-14.5898,88.7695,-991.2305,0,0
56.421102,-14.5898,88.7695,-991.2305,0,0
56.425126,-14.7656,88.7695,-991.2305,0,0
56.429119,-14.7656,88.7695,-991.2305,0,0
56.433117,-14.7656,88.7695,-991.2305,0,0
56.437134,-14.7656,88.7695,-991.2305,0,0
56.441152,-14.7656,88.7695,-991.2305,0,0
56.445123,-14.7656,88.7695,-991.2305,0,0
56.449115,-14.7656,88.7695,-991.2305,0,0
56.453090,-14.7656,88.7695,-991.2305,0,0
56.457160,-14.7656,88.7695,-991.2305,0,0
56.461130,-14.7656,88.5938,-991.4062,0,0
56.465161,-14.7656,88.5938,-991.4062,0,0
56.469130,-14.7656,88.5938,-991.4062,0,0
56.473096,-14.7656,88.5938,-991.4062,0,0
56.477161,-14.7656,88.5938,-991.4062,0,0
56.481130,-14.7656,88.5938,-991.4062,0,0
56.485096,-14.7656,88.5938,-991.4062,0,0
56.489161,-14.7656,88.5938,-991.4062,0,0
56.493130,-14.7656,88.5938,-991.4062,0,0
56.497096,-14.7656,88.5938,-991.4062,0,0
56.501161,-14.7656,88.5938,-991.4062,0,0
56.505130,-14.7656,88.5938,-991.4062,0,0
56.509096,-14.7656,88.5938,-991.4062,0,0
56.513104,-14.7656,88.5938,-991.4062,0,0
56.517090,-14.7656,88.5938,-991.4062,0,0
56.521156,-14.7656,88.5938,-991.4062,0,0
56.525123,-14.7656,88.5938,-991.4062,0,0
56.529090,-14.7656,88.5938,-991.4062,0,0
56.533156,-14.7656,88.5938,-991.4062,0,0
56.537123,-14.7656,88.5938,-991.4062,0,0
56.541090,-14.7656,88.5938,-991.4062,0,0
56.545156,-14.7656,88.5938,-991.4062,0,0
56.549123,-14.7656,88.5938,-991.4062,0,0
56.553102,-14.7656,88.5938,-991.4062,0,0
56.557114,-14.7656,88.5938,-991.4062,0,0
56.561082,-14.7656,88.5938,-991.4062,0,0
56.565145,-14.7656,88.5938,-991.4062,0,0
56.569116,-14.7656,88.5938,-991.4062,0,0
56.573082,-14.7656,88.5938,-991.4062,0,0
56.577145,-14.7656,88.5938,-991.4062,0,0
56.581116,-14.7656,88.5938,-991.4062,0,0
56.585082,-14.7656,88.5938,-991.4062,0,0
56.589167,-14.7656,88.5938,-991.4062,0,0
56.593137,-14.7656,88.5938,-991.4062,0,0
56.597107,-14.7656,88.5938,-991.4062,0,0
56.601078,-14.7656,88.5938,-991.4062,0,0
56.605145,-14.7656,88.5938,-991.4062,0,0
56.609116,-14.7656,88.5938,-991.4062,0,0
56.613096,-14.7656,88.5938,-991.4062,0,0
56.617082,-14.7656,88.5938,-991.4062,0,0
56.621145,-14.7656,88.5938,-991.4062,0,0
56.625116,-14.7656,88.5938,-991.4062,0,0
56.629082,-14.7656,88.5938,-991.4062,0,0
56.633145,-14.7656,88.5938,-991.4062,0,0
56.637116,-14.7656,88.5938,-991.4062,0,0
56.641082,-14.7656,88.5938,-991.4062,0,0
56.645145,-14.7656,88.5938,-991.4062,0,0
56.649116,-14.7656,88.5938,-991.4062,0,0
56.653152,-14.7656,88.5938,-991.4062,0,0
56.657146,-14.7656,88.5938,-991.4062,0,0
56.661115,-14.7656,88.5938,-991.4062,0,0
56.665082,-14.7656,88.5938,-991.4062,0,0
56.669145,-14.7656,88.5938,-991.4062,0,0
56.673116,-14.7656,88.5938,-991.4062,0,0
56.677082,-14.7656,88.5938,-991.4062,0,0
56.681145,-14.7656,88.5938,-991.4062,0,0
56.685081,-14.7656,88.5938,-991.4062,0,0
56.689071,-14.7656,88.5938,-991.4062,0,0
56.693083,-14.7656,88.5938,-991.4062,0,0
56.697146,-14.7656,88.5938,-991.4062,0,0
56.701080,-14.7656,88.5938,-991.4062,0,0
56.706820,-14.7656,88.5938,-991.4062,0,0
56.709107,-14.7656,88.5938,-991.4062,0,0
56.713082,-14.7656,88.5938,-991.4062,0,0
56.717096,-14.7656,88.5938,-991.4062,0,0
56.721136,-14.7656,88.5938,-991.4062,0,0
56.725104,-14.7656,88.5938,-991.4062,0,0
56.729135,-14.7656,88.5938,-991.4062,0,0
56.733082,-14.7656,88.5938,-991.4062,0,0
56.737089,-14.7656,88.5938,-991.4062,0,0
56.741123,-14.7656,88.5938,-991.4062,0,0
56.745090,-14.7656,88.5938,-991.4062,0,0
56.749078,-14.7656,88.5938,-991.4062,0,0
56.753167,-14.7656,88.5938,-991.4062,0,0
56.757152,-14.7656,88.5938,-991.4062,0,0
56.761131,-14.7656,88.5938,-991.4062,0,0
56.765097,-14.7656,88.5938,-991.4062,0,0
56.769161,-14.7656,88.5938,-991.4062,0,0
56.773130,-14.7656,88.5938,-991.4062,0,0
56.777096,-14.7656,88.5938,-991.4062,0,0
56.781161,-14.7656,88.5938,-991.4062,0,0
56.785130,-14.7656,88.5938,-991.4062,0,0
56.789096,-14.7656,88.5938,-991.4062,0,0
56.793161,-14.7656,88.5938,-991.4062,0,0
56.797130,-14.7656,88.5938,-991.4062,0,0
56.801096,-14.7656,88.5938,-991.4062,0,0
56.805161,-14.7656,88.5938,-991.4062,0,0
56.809130,-14.7656,88.5938,-991.4062,0,0
56.813137,-14.7656,88.5938,-991.4062,0,0
56.817123,-14.7656,88.5938,-991.4062,0,0
56.821090,-14.7656,88.5938,-991.4062,0,0
56.825156,-14.7656,88.5938,-991.4062,0,0
56.829123,-14.7656,88.5938,-991.4062,0,0
56.833090,-14.7656,88.5938,-991.4062,0,0
56.837156,-14.7656,88.5938,-991.4062,0,0
56.841123,-14.7656,88.5938,-991.4062,0,0
56.845090,-14.7656,88.5938,-991.4062,0,0
56.849156,-14.7656,88.5938,-991.4062,0,0
56.853129,-14.7656,88.5938,-991.4062,0,0
56.857136,-14.7656,88.5938,-991.4062,0,0
56.861091,-14.7656,88.5938,-991.4062,0,0
56.865147,-14.7656,88.5938,-991.4062,0,0
56.869156,-14.7656,88.5938,-991.4062,0,0
56.873123,-14.7656,88.5938,-991.4062,0,0
56.877090,-14.7656,88.5938,-991.4062,0,0
56.881156,-14.7656,88.5938,-991.4062,0,0
56.885123,-14.7656,88.5938,-991.4062,0,0
56.889090,-14.7656,88.5938,-991.4062,0,0
56.893156,-14.7656,88.5938,-991.4062,0,0
56.897123,-14.7656,88.5938,-991.4062,0,0
56.901090,-14.7656,88.5938,-991.4062,0,0
56.905156,-14.7656,88.5938,-991.4062,0,0
56.909123,-14.7656,88.5938,-991.4062,0,0
56.913102,-14.7656,88.5938,-991.4062,0,0
56.917090,-14.7656,88.5938,-991.4062,0,0
56.921156,-14.7656,88.5938,-991.4062,0,0
56.925123,-14.7656,88.5938,-991.4062,0,0
56.929090,-14.7656,88.5938,-991.4062,0,0
56.933156,-14.7656,88.5938,-991.4062,0,0
56.937071,-14.7656,88.5938,-991.4062,0,0
56.941137,-14.7656,88.5938,-991.4062,0,0
56.945106,-14.7656,88.5938,-991.4062,0,0
56.949078,-14.7656,88.5938,-991.4062,0,0
56.953159,-14.7656,88.5938,-991.4062,0,0
56.957130,-14.7656,88.5938,-991.4062,0,0
56.961082,-14.7656,88.5938,-991.4062,0,0
56.965080,-14.7656,88.5938,-991.4062,0,0
56.969145,-14.7656,88.5938,-991.4062,0,0
56.973116,-14.7656,88.5938,-991.4062,0,0
56.977082,-14.7656,88.5938,-991.4062,0,0
56.981145,-14.7656,88.5938,-991.4062,0,0
56.985161,-14.7656,88.5938,-991.4062,0,0
56.989112,-14.7656,88.5938,-991.4062,0,0
56.993068,-14.7656,88.5938,-991.4062,0,0
56.997137,-14.7656,88.5938,-991.4062,0,0
57.001088,-14.7656,88.5938,-991.4062,0,0
57.006188,-14.7656,88.5938,-991.4062,0,0
57.009070,-14.7656,88.5938,-991.4062,0,0
57.013145,-14.7656,88.5938,-991.4062,0,0
57.017066,-14.7656,88.5938,-991.4062,0,0
57.021143,-14.7656,88.5938,-991.4062,0,0
57.025146,-14.7656,88.5938,-991.4062,0,0
57.029116,-14.7656,88.5938,-991.4062,0,0
57.033082,-14.7656,88.5938,-991.4062,0,0
57.037145,-14.7656,88.5938,-991.4062,0,0
57.041116,-14.7656,88.5938,-991.4062,0,0
57.045082,-14.7656,88.5938,-991.4062,0,0
57.049145,-14.7656,88.5938,-991.4062,0,0
57.053131,-14.7656,88.5938,-991.4062,0,0
57.057112,-14.7656,88.5938,-991.4062,0,0
57.061082,-14.7656,88.5938,-991.4062,0,0
57.065152,-14.7656,88.5938,-991.4062,0,0
57.069071,-14.7656,88.5938,-991.4062,0,0
57.073137,-14.7656,88.5938,-991.4062,0,0
57.077106,-14.7656,88.5938,-991.4062,0,0
57.081078,-14.7656,88.5938,-991.4062,0,0
57.085145,-14.7656,88.5938,-991.4062,0,0
57.089116,-14.7656,88.5938,-991.4062,0,0
57.093082,-14.7656,88.5938,-991.4062,0,0
57.097145,-14.7656,88.5938,-991.4062,0,0
57.101116,-14.7656,88.5938,-991.4062,0,0
57.105082,-14.7656,88.5938,-991.4062,0,0
57.109145,-14.7656,88.5938,-991.4062,0,0
57.113082,-14.7656,88.5938,-991.4062,0,0
57.117074,-14.7656,88.5938,-991.4062,0,0
57.121141,-14.7656,88.5938,-991.4062,0,0
57.125112,-14.7656,88.5938,-991.4062,0,0
57.129082,-14.7656,88.5938,-991.4062,0,0
57.133145,-14.7656,88.5938,-991.4062,0,0
57.137116,-14.7656,88.5938,-991.4062,0,0
57.141082,-14.7656,88.5938,-991.4062,0,0
57.145145,-14.7656,88.5938,-991.4062,0,0
57.149116,-14.7656,88.5938,-991.4062,0,0
57.153090,-14.7656,88.5938,-991.4062,0,0
57.157160,-14.7656,88.5938,-991.4062,0,0
57.161130,-14.7656,88.5938,-991.4062,0,0
57.165147,-14.7656,88.5938,-991.4062,0,0
57.169080,-14.7656,88.5938,-991.4062,0,0
57.173145,-14.7656,88.5938,-991.4062,0,0
57.177116,-14.7656,88.5938,-991.4062,0,0
57.181082,-14.7656,88.5938,-991.4062,0,0
57.185145,-14.7656,88.5938,-991.4062,0,0
57.189116,-14.7656,88.5938,-991.4062,0,0
57.193082,-14.7656,88.5938,-991.4062,0,0
57.197145,-14.7656,88.5938,-991.4062,0,0
57.201116,-14.7656,88.5938,-991.4062,0,0
57.205082,-14.7656,88.5938,-991.4062,0,0
57.209145,-14.7656,88.5938,-991.4062,0,0
57.213124,-14.7656,88.5938,-991.4062,0,0
57.217106,-14.7656,88.5938,-991.4062,0,0
57.221078,-14.7656,88.5938,-991.4062,0,0
57.225146,-14.7656,88.5938,-991.4062,0,0
57.229116,-14.7656,88.5938,-991.4062,0,0
57.233082,-14.7656,88.5938,-991.4062,0,0
57.237152,-14.7656,88.5938,-991.4062,0,0
57.241123,-14.7656,88.5938,-991.4062,0,0
57.245090,-14.7656,88.5938,-991.4062,0,0
57.249156,-14.7656,88.5938,-991.4062,0,0
57.253134,-14.7656,88.5938,-991.4062,0,0
57.257104,-14.7656,88.5938,-991.4062,0,0
57.261074,-14.7656,88.5938,-991.4062,0,0
57.265108,-14.7656,88.5938,-991.4062,0,0
57.269104,-14.7656,88.5938,-991.4062,0,0
57.273125,-14.7656,88.5938,-991.4062,0,0
57.277097,-14.7656,88.5938,-991.4062,0,0
57.281114,-14.7656,88.5938,-991.4062,0,0
57.285082,-14.7656,88.5938,-991.4062,0,0
57.289071,-14.7656,88.5938,-991.4062,0,0
57.293138,-14.7656,88.5938,-991.4062,0,0
57.300280,-14.7656,88.5938,-991.4062,0,0
57.301181,-14.7656,88.5938,-991.4062,0,0
57.305142,-14.7656,88.5938,-991.4062,0,0
57.309160,-14.7656,88.5938,-991.4062,0,0
57.313160,-14.7656,88.5938,-991.4062,0,0
57.317106,-14.7656,88.5938,-991.4062,0,0
57.321078,-14.7656,88.5938,-991.4062,0,0
57.325145,-14.7656,88.5938,-991.4062,0,0
57.329152,-14.7656,88.5938,-991.4062,0,0
57.333165,-14.7656,88.5938,-991.4062,0,0
57.337156,-14.7656,88.5938,-991.4062,0,0
57.341070,-14.7656,88.5938,-991.4062,0,0
57.345078,-14.7656,88.5938,-991.4062,0,0
57.349145,-14.7656,88.5938,-991.4062,0,0
57.353131,-14.7656,88.5938,-991.4062,0,0
57.357112,-14.7656,88.5938,-991.4062,0,0
57.361086,-14.7656,88.5938,-991.4062,0,0
57.365108,-14.7656,88.5938,-991.4062,0,0
57.369111,-14.7656,88.5938,-991.4062,0,0
57.373119,-14.7656,88.5938,-991.4062,0,0
57.377090,-14.7656,88.5938,-991.4062,0,0
57.381156,-14.7656,88.5938,-991.4062,0,0
57.385123,-14.7656,88.5938,-991.4062,0,0
57.389090,-14.7656,88.5938,-991.4062,0,0
57.393156,-14.7656,88.5938,-991.4062,0,0
57.397123,-14.7656,88.5938,-991.4062,0,0
57.401090,-14.7656,88.5938,-991.4062,0,0
57.405156,-14.7656,88.5938,-991.4062,0,0
57.409123,-14.7656,88.5938,-991.4062,0,0
57.413124,-14.7656,88.5938,-991.4062,0,0
57.417107,-14.7656,88.5938,-991.4062,0,0
57.421078,-14.7656,88.5938,-991.4062,0,0
57.425145,-14.7656,88.5938,-991.4062,0,0
57.429116,-14.7656,88.5938,-991.4062,0,0
57.433082,-14.7656,88.5938,-991.4062,0,0
57.437145,-14.7656,88.5938,-991.4062,0,0
57.441116,-14.7656,88.5938,-991.4062,0,0
57.445082,-14.7656,88.5938,-991.4062,0,0
57.449145,-14.7656,88.5938,-991.4062,0,0
57.453128,-14.7656,88.5938,-991.4062,0,0
57.457096,-14.7656,88.5938,-991.4062,0,0
57.461161,-14.7656,88.5938,-991.4062,0,0
57.465130,-14.7656,88.5938,-991.4062,0,0
57.469152,-14.7656,88.5938,-991.4062,0,0
57.473098,-14.7656,88.5938,-991.4062,0,0
57.477160,-14.7656,88.5938,-991.4062,0,0
57.481160,-14.7656,88.5938,-991.4062,0,0
57.485130,-14.7656,88.5938,-991.4062,0,0
57.489096,-14.7656,88.5938,-991.4062,0,0
57.493161,-14.7656,88.5938,-991.4062,0,0
57.497130,-14.7656,88.5938,-991.4062,0,0
57.501096,-14.7656,88.5938,-991.4062,0,0
57.505161,-14.7656,88.5938,-991.4062,0,0
57.509130,-14.7656,88.5938,-991.4062,0,0
57.513105,-14.7656,88.5938,-991.4062,0,0
57.517102,-14.7656,88.5938,-991.4062,0,0
57.521074,-14.7656,88.5938,-991.4062,0,0
57.525142,-14.7656,88.5938,-991.4062,0,0
57.529114,-14.7656,88.5938,-991.4062,0,0
57.533082,-14.7656,88.5938,-991.4062,0,0
57.537145,-14.7656,88.5938,-991.4062,0,0
57.541116,-14.7656,88.5938,-991.4062,0,0
57.545082,-14.7656,88.5938,-991.4062,0,0
57.549145,-14.7656,88.5938,-991.4062,0,0
57.553124,-14.7656,88.5938,-991.4062,0,0
57.557096,-14.7656,88.5938,-991.4062,0,0
57.561161,-14.7656,88.5938,-991.4062,0,0
57.565130,-14.7656,88.5938,-991.4062,0,0
57.569163,-14.7656,88.5938,-991.4062,0,0
57.573160,-14.7656,88.5938,-991.4062,0,0
57.577094,-14.7656,88.5938,-991.4062,0,0
57.582755,-14.7656,88.5938,-991.4062,0,0
57.585123,-14.7656,88.5938,-991.4062,0,0
57.589126,-14.7656,88.5938,-991.4062,0,0
57.593127,-14.7656,88.5938,-991.4062,0,0
57.597098,-14.7656,88.5938,-991.4062,0,0
57.601072,-14.7656,88.5938,-991.4062,0,0
57.605096,-14.7656,88.5938,-991.4062,0,0
57.609161,-14.7656,88.5938,-991.4062,0,0
57.613122,-14.7656,88.5938,-991.4062,0,0
57.617071,-14.7656,88.5938,-991.4062,0,0
57.621137,-14.7656,88.5938,-991.4062,0,0
57.625107,-14.7656,88.5938,-991.4062,0,0
57.629078,-14.7656,88.5938,-991.4062,0,0
57.633145,-14.7656,88.5938,-991.4062,0,0
57.637116,-14.7656,88.5938,-991.4062,0,0
57.641082,-14.7656,88.5938,-991.4062,0,0
57.645145,-14.7656,88.5938,-991.4062,0,0
57.649116,-14.7656,88.5938,-991.4062,0,0
57.653091,-14.7656,88.5938,-991.4062,0,0
57.657090,-14.7656,88.5938,-991.4062,0,0
57.661156,-14.7656,88.5938,-991.4062,0,0
57.665123,-14.7656,88.5938,-991.4062,0,0
57.669090,-14.7656,88.5938,-991.4062,0,0
57.673156,-14.7656,88.5938,-991.4062,0,0
57.677133,-14.7656,88.5938,-991.4062,0,0
57.681145,-14.7656,88.5938,-991.4062,0,0
57.685116,-14.7656,88.5938,-991.4062,0,0
57.689082,-14.7656,88.5938,-991.4062,0,0
57.693145,-14.7656,88.5938,-991.4062,0,0
57.697116,-14.7656,88.5938,-991.4062,0,0
57.701082,-14.7656,88.5938,-991.4062,0,0
57.705145,-14.7656,88.5938,-991.4062,0,0
57.709116,-14.7656,88.5938,-991.4062,0,0
57.713096,-14.7656,88.5938,-991.4062,0,0
57.717082,-14.7656,88.5938,-991.4062,0,0
57.721145,-14.7656,88.5938,-991.4062,0,0
57.725116,-14.7656,88.5938,-991.4062,0,0
57.729082,-14.7656,88.5938,-991.4062,0,0
57.733145,-14.7656,88.5938,-991.4062,0,0
57.737116,-14.7656,88.5938,-991.4062,0,0
57.741082,-14.7656,88.5938,-991.4062,0,0
57.745145,-14.7656,88.5938,-991.4062,0,0
57.749116,-14.7656,88.5938,-991.4062,0,0
57.753090,-14.7656,88.5938,-991.4062,0,0
57.757160,-14.7656,88.5938,-991.4062,0,0
57.761130,-14.7656,88.5938,-991.4062,0,0
57.765096,-14.7656,88.5938,-991.4062,0,0
57.769161,-14.7656,88.5938,-991.4062,0,0
57.773130,-14.7656,88.5938,-991.4062,0,0
57.777096,-14.7656,88.5938,-991.4062,0,0
57.781134,-14.7656,88.5938,-991.4062,0,0
57.785104,-14.7656,88.5938,-991.4062,0,0
57.789074,-14.7656,88.5938,-991.4062,0,0
57.793142,-14.7656,88.5938,-991.4062,0,0
57.797114,-14.7656,88.5938,-991.4062,0,0
57.801082,-14.7656,88.5938,-991.4062,0,0
57.805145,-14.7656,88.5938,-991.4062,0,0
57.809116,-14.7656,88.5938,-991.4062,0,0
57.813096,-14.7656,88.5938,-991.4062,0,0
57.817086,-14.7656,88.5938,-991.4062,0,0
57.821082,-14.7656,88.5938,-991.4062,0,0
57.825145,-14.7656,88.5938,-991.4062,0,0
57.829116,-14.7656,88.5938,-991.4062,0,0
57.833082,-14.7656,88.5938,-991.4062,0,0
57.837145,-14.7656,88.5938,-991.4062,0,0
57.841092,-14.7656,88.5938,-991.4062,0,0
57.845147,-14.7656,88.5938,-991.4062,0,0
57.849107,-14.7656,88.5938,-991.4062,0,0
57.853071,-14.7656,88.5938,-991.4062,0,0
57.857153,-14.7656,88.5938,-991.4062,0,0
57.861151,-14.7656,88.5938,-991.4062,0,0
57.865161,-14.7656,88.5938,-991.4062,0,0
57.869152,-14.7656,88.5938,-991.4062,0,0
57.873123,-14.7656,88.5938,-991.4062,0,0
57.877090,-14.7656,88.5938,-991.4062,0,0
57.881181,-14.7656,88.5938,-991.4062,0,0
57.886672,-14.7656,88.5938,-991.4062,0,0
57.889231,-14.7656,88.5938,-991.4062,0,0
57.893070,-14.7656,88.5938,-991.4062,0,0
57.897077,-14.7656,88.5938,-991.4062,0,0
57.901073,-14.7656,88.5938,-991.4062,0,0
57.905068,-14.7656,88.5938,-991.4062,0,0
57.909104,-14.7656,88.5938,-991.4062,0,0
57.913071,-14.7656,88.5938,-991.4062,0,0
57.917104,-14.7656,88.5938,-991.4062,0,0
57.921105,-14.7656,88.5938,-991.4062,0,0
57.925065,-14.7656,88.5938,-991.4062,0,0
57.929145,-14.7656,88.5938,-991.4062,0,0
57.933116,-14.7656,88.5938,-991.4062,0,0
57.937082,-14.7656,88.5938,-991.4062,0,0
57.941145,-14.7656,88.5938,-991.4062,0,0
57.945116,-14.7656,88.5938,-991.4062,0,0
57.949082,-14.7656,88.5938,-991.4062,0,0
57.953167,-14.7656,88.5938,-991.4062,0,0
57.957137,-14.7656,88.5938,-991.4062,0,0
57.961107,-14.7656,88.5938,-991.4062,0,0
57.965078,-14.7656,88.5938,-991.4062,0,0
57.969145,-14.7656,88.5938,-991.4062,0,0
57.973116,-14.7656,88.5938,-991.4062,0,0
57.977082,-14.7656,88.5938,-991.4062,0,0
57.981145,-14.7656,88.5938,-991.4062,0,0
57.985114,-14.7656,88.5938,-991.4062,0,0
57.989123,-14.7656,88.5938,-991.4062,0,0
57.993090,-14.7656,88.5938,-991.4062,0,0
57.997156,-14.7656,88.5938,-991.4062,0,0
58.001123,-14.7656,88.5938,-991.4062,0,0
58.005090,-14.7656,88.5938,-991.4062,0,0
58.009156,-14.7656,88.5938,-991.4062,0,0
58.013137,-14.7656,88.5938,-991.4062,0,0
58.017123,-14.7656,88.5938,-991.4062,0,0
58.021090,-14.7656,88.5938,-991.4062,0,0
58.025156,-14.7656,88.5938,-991.4062,0,0
58.029123,-14.7656,88.5938,-991.4062,0,0
58.033090,-14.7656,88.5938,-991.4062,0,0
58.037156,-14.7656,88.5938,-991.4062,0,0
58.041123,-14.7656,88.5938,-991.4062,0,0
58.045090,-14.7656,88.5938,-991.4062,0,0
58.049156,-14.7656,88.5938,-991.4062,0,0
58.053134,-14.7656,88.5938,-991.4062,0,0
58.057104,-14.7656,88.5938,-991.4062,0,0
58.061074,-14.7656,88.5938,-991.4062,0,0
58.065142,-14.7656,88.5938,-991.4062,0,0
58.069114,-14.7656,88.5938,-991.4062,0,0
58.073082,-14.7656,88.5938,-991.4062,0,0
58.077145,-14.7656,88.5938,-991.4062,0,0
58.081116,-14.7656,88.5938,-991.4062,0,0
58.085082,-14.7656,88.5938,-991.4062,0,0
58.089122,-14.7656,88.5938,-991.4062,0,0
58.093090,-14.7656,88.5938,-991.4062,0,0
58.097090,-14.7656,88.5938,-991.4062,0,0
58.101156,-14.7656,88.5938,-991.4062,0,0
58.105123,-14.7656,88.5938,-991.4062,0,0
58.109090,-14.7656,88.5938,-991.4062,0,0
58.113096,-14.7656,88.5938,-991.4062,0,0
58.117090,-14.7656,88.5938,-991.4062,0,0
58.121156,-14.7656,88.5938,-991.4062,0,0
58.125123,-14.7656,88.5938,-991.4062,0,0
58.129090,-14.7656,88.5938,-991.4062,0,0
58.133156,-14.7656,88.5938,-991.4062,0,0
58.137088,-14.7656,88.5938,-991.4062,0,0
58.141115,-14.7656,88.5938,-991.4062,0,0
58.145082,-14.7656,88.5938,-991.4062,0,0
58.149159,-14.7656,88.5938,-991.4062,0,0
58.153146,-14.7656,88.5938,-991.4062,0,0
58.157116,-14.7656,88.5938,-991.4062,0,0
58.161159,-14.7656,88.5938,-991.4062,0,0
58.165152,-14.7656,88.5938,-991.4062,0,0
58.169123,-14.7656,88.5938,-991.4062,0,0
58.173131,-14.7656,88.5938,-991.4062,0,0
58.177074,-14.7656,88.5938,-991.4062,0,0
58.181134,-14.7656,88.5938,-991.4062,0,0
58.185125,-14.7656,88.5938,-991.4062,0,0
58.189161,-14.7656,88.5938,-991.4062,0,0
58.193146,-14.7656,88.7695,-991.2305,0,0
58.197117,-14.7656,88.7695,-991.2305,0,0
58.201157,-14.7656,88.7695,-991.2305,0,0
58.207225,-14.7656,88.7695,-991.2305,0,0
58.209142,-14.7656,88.7695,-991.2305,0,0
58.213161,-14.7656,88.7695,-991.2305,0,0
58.217104,-14.7656,88.7695,-991.2305,0,0
58.221356,-14.7656,88.7695,-991.2305,0,0
58.225156,-14.7656,88.7695,-991.2305,0,0
58.229123,-14.7656,88.7695,-991.2305,0,0
58.233078,-14.7656,88.7695,-991.2305,0,0
58.237145,-14.7656,88.7695,-991.2305,0,0
58.241130,-14.7656,88.7695,-991.2305,0,0
58.245105,-14.9414,88.7695,-991.2305,0,0
58.249106,-14.9414,88.7695,-991.2305,0,0
58.253110,-14.9414,88.7695,-991.2305,0,0
58.257123,-14.9414,88.7695,-991.2305,0,0
58.261090,-14.9414,88.7695,-991.2305,0,0
58.265070,-14.9414,88.7695,-991.2305,0,0
58.269137,-14.9414,88.7695,-991.2305,0,0
58.273134,-14.9414,88.7695,-991.2305,0,0
58.277104,-14.9414,88.7695,-991.2305,0,0
58.281074,-14.9414,88.7695,-991.2305,0,0
58.285142,-14.9414,88.7695,-991.2305,0,0
58.289114,-14.9414,88.7695,-991.2305,0,0
58.293090,-14.9414,88.7695,-991.2305,0,0
58.297157,-14.9414,88.5938,-991.4062,0,0
58.301070,-14.9414,88.5938,-991.4062,0,0
58.305137,-14.9414,88.5938,-991.4062,0,0
58.309107,-14.7656,88.5938,-991.4062,0,0
58.313131,-14.7656,88.5938,-991.4062,0,0
58.317114,-14.7656,88.5938,-991.4062,0,0
58.321117,-14.7656,88.5938,-991.4062,0,0
58.325104,-14.7656,88.5938,-991.4062,0,0
58.329074,-14.7656,88.5938,-991.4062,0,0
58.333142,-14.7656,88.5938,-991.4062,0,0
58.337114,-14.7656,88.5938,-991.4062,0,0
58.341082,-14.7656,88.5938,-991.4062,0,0
58.345145,-14.7656,88.5938,-991.4062,0,0
58.349116,-14.7656,88.5938,-991.4062,0,0
58.353095,-14.7656,88.5938,-991.4062,0,0
58.357074,-14.7656,88.5938,-991.4062,0,0
58.361155,-14.7656,88.5938,-991.4062,0,0
58.365123,-14.7656,88.5938,-991.4062,0,0
58.369090,-14.7656,88.5938,-991.4062,0,0
58.373156,-14.7656,88.5938,-991.4062,0,0
58.377123,-14.7656,88.5938,-991.4062,0,0
58.381090,-14.7656,88.5938,-991.4062,0,0
58.385156,-14.7656,88.4180,-991.5820,0,0
58.389123,-14.7656,88.4180,-991.5820,0,0
58.393127,-14.7656,88.4180,-991.5820,0,0
58.397094,-14.7656,88.4180,-991.5820,0,0
58.401137,-14.7656,88.4180,-991.5820,0,0
58.405108,-14.7656,88.4180,-991.5820,0,0
58.409080,-14.7656,88.4180,-991.5820,0,0
58.413152,-14.7656,88.4180,-991.5820,0,0
58.417137,-14.7656,88.4180,-991.5820,0,0
58.421107,-14.7656,88.4180,-991.5820,0,0
58.425078,-14.7656,88.4180,-991.5820,0,0
58.429145,-14.7656,88.4180,-991.5820,0,0
58.433116,-14.7656,88.4180,-991.5820,0,0
58.437082,-14.7656,88.4180,-991.5820,0,0
58.441145,-14.7656,88.4180,-991.5820,0,0
58.445116,-14.7656,88.4180,-991.5820,0,0
58.449082,-14.7656,88.4180,-991.5820,0,0
58.453163,-14.7656,88.4180,-991.5820,0,0
58.457137,-14.7656,88.4180,-991.5820,0,0
58.461107,-14.7656,88.4180,-991.5820,0,0
58.465078,-14.7656,88.4180,-991.5820,0,0
58.469145,-14.7656,88.4180,-991.5820,0,0
58.473071,-14.7656,88.4180,-991.5820,0,0
58.477147,-14.7656,88.4180,-991.5820,0,0
58.483160,-14.7656,88.5938,-991.4062,0,0
58.485168,-14.7656,88.5938,-991.4062,0,0
58.489090,-14.7656,88.5938,-991.4062,0,0
58.493108,-14.7656,88.5938,-991.4062,0,0
58.497234,-14.7656,88.5938,-991.4062,0,0
58.501090,-14.7656,88.5938,-991.4062,0,0
58.505073,-14.7656,88.5938,-991.4062,0,0
58.509152,-14.7656,88.5938,-991.4062,0,0
58.513107,-14.7656,88.5938,-991.4062,0,0
58.517090,-14.7656,88.5938,-991.4062,0,0
58.521156,-14.7656,88.5938,-991.4062,0,0
58.525123,-14.7656,88.5938,-991.4062,0,0
58.529090,-14.7656,88.5938,-991.4062,0,0
58.533156,-14.7656,88.5938,-991.4062,0,0
58.537123,-14.7656,88.5938,-991.4062,0,0
58.541090,-14.7656,88.5938,-991.4062,0,0
58.545156,-14.7656,88.5938,-991.4062,0,0
58.549123,-14.7656,88.5938,-991.4062,0,0
58.553099,-14.7656,88.5938,-991.4062,0,0
58.557090,-14.7656,88.5938,-991.4062,0,0
58.561156,-14.7656,88.5938,-991.4062,0,0
58.565123,-14.7656,88.5938,-991.4062,0,0
58.569090,-14.7656,88.5938,-991.4062,0,0
58.573156,-14.7656,88.5938,-991.4062,0,0
58.577123,-14.7656,88.5938,-991.4062,0,0
58.581090,-14.7656,88.5938,-991.4062,0,0
58.585156,-14.7656,88.5938,-991.4062,0,0
58.589123,-14.7656,88.5938,-991.4062,0,0
58.593090,-14.7656,88.5938,-991.4062,0,0
58.597156,-14.7656,88.5938,-991.4062,0,0
58.601124,-14.7656,88.5938,-991.4062,0,0
58.605127,-14.7656,88.5938,-991.4062,0,0
58.609098,-14.7656,88.5938,-991.4062,0,0
58.613080,-14.7656,88.7695,-991.2305,0,0
58.617160,-14.7656,88.7695,-991.2305,0,0
58.621130,-14.7656,88.7695,-991.2305,0,0
58.625096,-14.7656,88.7695,-991.2305,0,0
58.629161,-14.7656,88.7695,-991.2305,0,0
58.633130,-14.7656,88.7695,-991.2305,0,0
58.637096,-14.7656,88.7695,-991.2305,0,0
58.641161,-14.7656,88.7695,-991.2305,0,0
58.645130,-14.7656,88.7695,-991.2305,0,0
58.649096,-14.7656,88.7695,-991.2305,0,0
58.653075,-14.7656,88.7695,-991.2305,0,0
58.657145,-14.7656,88.7695,-991.2305,0,0
58.661115,-14.7656,88.7695,-991.2305,0,0
58.665082,-14.7656,88.7695,-991.2305,0,0
58.669145,-14.7656,88.7695,-991.2305,0,0
58.673116,-14.7656,88.7695,-991.2305,0,0
58.677082,-14.7656,88.7695,-991.2305,0,0
58.681145,-14.7656,88.7695,-991.2305,0,0
58.685116,-14.7656,88.7695,-991.2305,0,0
58.689082,-14.7656,88.7695,-991.2305,0,0
58.693145,-14.7656,88.7695,-991.2305,0,0
58.697116,-14.7656,88.7695,-991.2305,0,0
58.701130,-14.7656,88.7695,-991.2305,0,0
58.705124,-14.7656,88.7695,-991.2305,0,0
58.709098,-14.7656,88.7695,-991.2305,0,0
58.713080,-14.7656,88.7695,-991.2305,0,0
58.717160,-14.7656,88.7695,-991.2305,0,0
58.721130,-14.7656,88.7695,-991.2305,0,0
58.725105,-14.7656,88.7695,-991.2305,0,0
58.729074,-14.7656,88.7695,-991.2305,0,0
58.733142,-14.7656,88.7695,-991.2305,0,0
58.737114,-14.7656,88.7695,-991.2305,0,0
58.741082,-14.7656,88.7695,-991.2305,0,0
58.745145,-14.7656,88.7695,-991.2305,0,0
58.749116,-14.7656,88.7695,-991.2305,0,0
58.753170,-14.7656,88.7695,-991.2305,0,0
58.757071,-14.7656,88.7695,-991.2305,0,0
58.761404,-14.7656,88.7695,-991.2305,0,0
58.765310,-14.7656,88.7695,-991.2305,0,0
58.769096,-14.7656,88.7695,-991.2305,0,0
58.773161,-14.7656,88.7695,-991.2305,0,0
58.777130,-14.7656,88.7695,-991.2305,0,0
58.781280,-14.7656,88.7695,-991.2305,0,0
58.785152,-14.7656,88.7695,-991.2305,0,0
58.789080,-14.7656,88.7695,-991.2305,0,0
58.793145,-14.7656,88.7695,-991.2305,0,0
58.797145,-14.7656,88.7695,-991.2305,0,0
58.801116,-14.7656,88.7695,-991.2305,0,0
58.805129,-14.7656,88.7695,-991.2305,0,0
58.809071,-14.7656,88.7695,-991.2305,0,0
58.813125,-14.7656,88.7695,-991.2305,0,0
58.817106,-14.7656,88.7695,-991.2305,0,0
58.821078,-14.7656,88.5938,-991.4062,0,0
58.825145,-14.7656,88.5938,-991.4062,0,0
58.829116,-14.7656,88.5938,-991.4062,0,0
58.833082,-14.7656,88.5938,-991.4062,0,0
58.837145,-14.7656,88.5938,-991.4062,0,0
58.841116,-14.7656,88.5938,-991.4062,0,0
58.845082,-14.7656,88.5938,-991.4062,0,0
58.849145,-14.7656,88.5938,-991.4062,0,0
58.853131,-14.7656,88.5938,-991.4062,0,0
58.857096,-14.7656,88.5938,-991.4062,0,0
58.861171,-14.7656,88.5938,-991.4062,0,0
58.865096,-14.7656,88.5938,-991.4062,0,0
58.869161,-14.7656,88.5938,-991.4062,0,0
58.873130,-14.7656,88.5938,-991.4062,0,0
58.877096,-14.7656,88.5938,-991.4062,0,0
58.881161,-14.7656,88.5938,-991.4062,0,0
58.885130,-14.7656,88.5938,-991.4062,0,0
58.889096,-14.7656,88.5938,-991.4062,0,0
58.893161,-14.7656,88.5938,-991.4062,0,0
58.897130,-14.7656,88.5938,-991.4062,0,0
58.901096,-14.7656,88.5938,-991.4062,0,0
58.905128,-14.7656,88.5938,-991.4062,0,0
58.909096,-14.7656,88.5938,-991.4062,0,0
58.913106,-14.7656,88.5938,-991.4062,0,0
58.917090,-14.7656,88.5938,-991.4062,0,0
58.921156,-14.7656,88.5938,-991.4062,0,0
58.925123,-14.7656,88.5938,-991.4062,0,0
58.929090,-14.7656,88.5938,-991.4062,0,0
58.933156,-14.7656,88.5938,-991.4062,0,0
58.937123,-14.7656,88.5938,-991.4062,0,0
58.941090,-14.7656,88.5938,-991.4062,0,0
58.945156,-14.7656,88.5938,-991.4062,0,0
58.949123,-14.7656,88.5938,-991.4062,0,0
58.953094,-14.7656,88.5938,-991.4062,0,0
58.957160,-14.7656,88.5938,-991.4062,0,0
58.961130,-14.7656,88.5938,-991.4062,0,0
58.965096,-14.7656,88.5938,-991.4062,0,0
58.969161,-14.7656,88.5938,-991.4062,0,0
58.973130,-14.7656,88.5938,-991.4062,0,0
58.977096,-14.7656,88.5938,-991.4062,0,0
58.981161,-14.7656,88.5938,-991.4062,0,0
58.985130,-14.7656,88.5938,-991.4062,0,0
58.989096,-14.7656,88.5938,-991.4062,0,0
58.993161,-14.7656,88.5938,-991.4062,0,0
58.997130,-14.7656,88.5938,-991.4062,0,0
59.001096,-14.7656,88.5938,-991.4062,0,0
59.005074,-14.7656,88.5938,-991.4062,0,0
59.009090,-14.7656,88.5938,-991.4062,0,0
59.013072,-14.7656,88.5938,-991.4062,0,0
59.017080,-14.7656,88.5938,-991.4062,0,0
59.021145,-14.7656,88.5938,-991.4062,0,0
59.025116,-14.7656,88.5938,-991.4062,0,0
59.029082,-14.7656,88.5938,-991.4062,0,0
59.033119,-14.7656,88.5938,-991.4062,0,0
59.037145,-14.7656,88.5938,-991.4062,0,0
59.041173,-14.7656,88.5938,-991.4062,0,0
59.045741,-14.7656,88.5938,-991.4062,0,0
59.049126,-14.7656,88.5938,-991.4062,0,0
59.053070,-14.7656,88.5938,-991.4062,0,0
59.057074,-14.7656,88.5938,-991.4062,0,0
59.061127,-14.7656,88.5938,-991.4062,0,0
59.065079,-14.7656,88.5938,-991.4062,0,0
59.069125,-14.7656,88.5938,-991.4062,0,0
59.073080,-14.7656,88.5938,-991.4062,0,0
59.077157,-14.7656,88.5938,-991.4062,0,0
59.081160,-14.7656,88.5938,-991.4062,0,0
59.085130,-14.7656,88.5938,-991.4062,0,0
59.089096,-14.7656,88.5938,-991.4062,0,0
59.093161,-14.7656,88.5938,-991.4062,0,0
59.097130,-14.7656,88.5938,-991.4062,0,0
59.101116,-14.7656,88.5938,-991.4062,0,0
59.105080,-14.7656,88.5938,-991.4062,0,0
59.109145,-14.7656,88.5938,-991.4062,0,0
59.113137,-14.7656,88.5938,-991.4062,0,0
59.117130,-14.7656,88.5938,-991.4062,0,0
59.121099,-14.7656,88.5938,-991.4062,0,0
59.125137,-14.7656,88.5938,-991.4062,0,0
59.129106,-14.7656,88.5938,-991.4062,0,0
59.133078,-14.7656,88.5938,-991.4062,0,0
59.137146,-14.7656,88.5938,-991.4062,0,0
59.141116,-14.7656,88.5938,-991.4062,0,0
59.145082,-14.7656,88.5938,-991.4062,0,0
59.149145,-14.7656,88.5938,-991.4062,0,0
59.153128,-14.7656,88.5938,-991.4062,0,0
59.157106,-14.7656,88.5938,-991.4062,0,0
59.161078,-14.7656,88.5938,-991.4062,0,0
59.165145,-14.7656,88.5938,-991.4062,0,0
59.169116,-14.7656,88.5938,-991.4062,0,0
59.173082,-14.7656,88.5938,-991.4062,0,0
59.177145,-14.7656,88.5938,-991.4062,0,0
59.181116,-14.7656,88.5938,-991.4062,0,0
59.185082,-14.7656,88.5938,-991.4062,0,0
59.189145,-14.7656,88.5938,-991.4062,0,0
59.193116,-14.7656,88.5938,-991.4062,0,0
59.197082,-14.7656,88.5938,-991.4062,0,0
59.201145,-14.7656,88.5938,-991.4062,0,0
59.205116,-14.7656,88.5938,-991.4062,0,0
59.209082,-14.7656,88.5938,-991.4062,0,0
59.213135,-14.7656,88.5938,-991.4062,0,0
59.217161,-14.7656,88.5938,-991.4062,0,0
59.221130,-14.7656,88.5938,-991.4062,0,0
59.225096,-14.7656,88.5938,-991.4062,0,0
59.229161,-14.7656,88.7695,-991.2305,0,0
59.233130,-14.7656,88.7695,-991.2305,0,0
59.237096,-14.7656,88.7695,-991.2305,0,0
59.241161,-14.7656,88.7695,-991.2305,0,0
59.245130,-14.7656,88.7695,-991.2305,0,0
59.249096,-14.7656,88.7695,-991.2305,0,0
59.253075,-14.7656,88.7695,-991.2305,0,0
59.257145,-14.7656,88.7695,-991.2305,0,0
59.261116,-14.7656,88.7695,-991.2305,0,0
59.265082,-14.7656,88.7695,-991.2305,0,0
59.269145,-14.7656,88.7695,-991.2305,0,0
59.273116,-14.7656,88.7695,-991.2305,0,0
59.277082,-14.7656,88.7695,-991.2305,0,0
59.281145,-14.7656,88.7695,-991.2305,0,0
59.285137,-14.7656,88.7695,-991.2305,0,0
59.289106,-14.7656,88.7695,-991.2305,0,0
59.293078,-14.7656,88.7695,-991.2305,0,0
59.297145,-14.7656,88.7695,-991.2305,0,0
59.301116,-14.7656,88.7695,-991.2305,0,0
59.305082,-14.7656,88.7695,-991.2305,0,0
59.309145,-14.7656,88.7695,-991.2305,0,0
59.313124,-14.7656,88.7695,-991.2305,0,0
59.317068,-14.7656,88.5938,-991.4062,0,0
59.321135,-14.7656,88.5938,-991.4062,0,0
59.325152,-14.7656,88.5938,-991.4062,0,0
59.329123,-14.7656,88.5938,-991.4062,0,0
59.333121,-14.7656,88.5938,-991.4062,0,0
59.337124,-14.7656,88.5938,-991.4062,0,0
59.341080,-14.7656,88.5938,-991.4062,0,0
59.345145,-14.7656,88.5938,-991.4062,0,0
59.349116,-14.7656,88.5938,-991.4062,0,0
59.355572,-14.7656,88.5938,-991.4062,0,0
59.357113,-14.7656,88.5938,-991.4062,0,0
59.361143,-14.7656,88.5938,-991.4062,0,0
59.365090,-14.7656,88.5938,-991.4062,0,0
59.369143,-14.7656,88.5938,-991.4062,0,0
59.373114,-14.7656,88.5938,-991.4062,0,0
59.377082,-14.7656,88.5938,-991.4062,0,0
59.381145,-14.7656,88.5938,-991.4062,0,0
59.385116,-14.7656,88.5938,-991.4062,0,0
59.389082,-14.7656,88.5938,-991.4062,0,0
59.393145,-14.7656,88.5938,-991.4062,0,0
59.397116,-14.7656,88.5938,-991.4062,0,0
59.401082,-14.7656,88.5938,-991.4062,0,0
59.405145,-14.7656,88.5938,-991.4062,0,0
59.409116,-14.7656,88.5938,-991.4062,0,0
59.413083,-14.7656,88.5938,-991.4062,0,0
59.417170,-14.7656,88.5938,-991.4062,0,0
59.421145,-14.7656,88.5938,-991.4062,0,0
59.425160,-14.7656,88.5938,-991.4062,0,0
59.429130,-14.7656,88.5938,-991.4062,0,0
59.433096,-14.7656,88.5938,-991.4062,0,0
59.437161,-14.7656,88.5938,-991.4062,0,0
59.441130,-14.7656,88.5938,-991.4062,0,0
59.445096,-14.7656,88.5938,-991.4062,0,0
59.449161,-14.7656,88.5938,-991.4062,0,0
59.453142,-14.7656,88.5938,-991.4062,0,0
59.457114,-14.7656,88.5938,-991.4062,0,0
59.461082,-14.7656,88.5938,-991.4062,0,0
59.465145,-14.7656,88.5938,-991.4062,0,0
59.469116,-14.7656,88.5938,-991.4062,0,0
59.473082,-14.7656,88.5938,-991.4062,0,0
59.477145,-14.7656,88.5938,-991.4062,0,0
59.481116,-14.7656,88.5938,-991.4062,0,0
59.485082,-14.7656,88.5938,-991.4062,0,0
59.489145,-14.7656,88.5938,-991.4062,0,0
59.493116,-14.7656,88.5938,-991.4062,0,0
59.497082,-14.7656,88.5938,-991.4062,0,0
59.501145,-14.7656,88.5938,-991.4062,0,0
59.505116,-14.7656,88.5938,-991.4062,0,0
59.509082,-14.7656,88.5938,-991.4062,0,0
59.513156,-14.7656,88.5938,-991.4062,0,0
59.517137,-14.7656,88.5938,-991.4062,0,0
59.521068,-14.7656,88.5938,-991.4062,0,0
59.525080,-14.7656,88.5938,-991.4062,0,0
59.529145,-14.7656,88.5938,-991.4062,0,0
59.533116,-14.7656,88.5938,-991.4062,0,0
59.537082,-14.7656,88.5938,-991.4062,0,0
59.541145,-14.7656,88.5938,-991.4062,0,0
59.545116,-14.7656,88.5938,-991.4062,0,0
59.549082,-14.7656,88.5938,-991.4062,0,0
59.553156,-14.7656,88.5938,-991.4062,0,0
59.557123,-14.7656,88.5938,-991.4062,0,0
59.561090,-14.7656,88.5938,-991.4062,0,0
59.565070,-14.7656,88.5938,-991.4062,0,0
59.569137,-14.7656,88.5938,-991.4062,0,0
59.573106,-14.7656,88.5938,-991.4062,0,0
59.577078,-14.7656,88.5938,-991.4062,0,0
59.581145,-14.7656,88.5938,-991.4062,0,0
59.585116,-14.7656,88.5938,-991.4062,0,0
59.589082,-14.7656,88.5938,-991.4062,0,0
59.593145,-14.7656,88.5938,-991.4062,0,0
59.597116,-14.7656,88.5938,-991.4062,0,0
59.601082,-14.7656,88.5938,-991.4062,0,0
59.605145,-14.7656,88.5938,-991.4062,0,0
59.609116,-14.7656,88.5938,-991.4062,0,0
59.613071,-14.7656,88.5938,-991.4062,0,0
59.617118,-14.7656,88.5938,-991.4062,0,0
59.621071,-14.7656,88.5938,-991.4062,0,0
59.625102,-14.7656,88.5938,-991.4062,0,0
59.629074,-14.7656,88.5938,-991.4062,0,0
59.633141,-14.7656,88.5938,-991.4062,0,0
59.637138,-14.7656,88.5938,-991.4062,0,0
59.641111,-14.7656,88.5938,-991.4062,0,0
59.645082,-14.7656,88.5938,-991.4062,0,0
59.649145,-14.7656,88.5938,-991.4062,0,0
59.653132,-14.7656,88.5938,-991.4062,0,0
59.657104,-14.7656,88.5938,-991.4062,0,0
59.661074,-14.7656,88.5938,-991.4062,0,0
59.666995,-14.7656,88.5938,-991.4062,0,0
59.669481,-14.7656,88.5938,-991.4062,0,0
59.673087,-14.7656,88.5938,-991.4062,0,0
59.677189,-14.7656,88.5938,-991.4062,0,0
59.681087,-14.7656,88.5938,-991.4062,0,0
59.685117,-14.7656,88.5938,-991.4062,0,0
59.689131,-14.7656,88.5938,-991.4062,0,0
59.693096,-14.7656,88.5938,-991.4062,0,0
59.697161,-14.7656,88.5938,-991.4062,0,0
59.701130,-14.7656,88.5938,-991.4062,0,0
59.705096,-14.7656,88.5938,-991.4062,0,0
59.709161,-14.7656,88.5938,-991.4062,0,0
59.713122,-14.7656,88.5938,-991.4062,0,0
59.717105,-14.7656,88.5938,-991.4062,0,0
59.721074,-14.7656,88.5938,-991.4062,0,0
59.725152,-14.7656,88.5938,-991.4062,0,0
59.729104,-14.7656,88.5938,-991.4062,0,0
59.733074,-14.7656,88.5938,-991.4062,0,0
59.737142,-14.7656,88.5938,-991.4062,0,0
59.741114,-14.7656,88.5938,-991.4062,0,0
59.745082,-14.7656,88.5938,-991.4062,0,0
59.749145,-14.7656,88.5938,-991.4062,0,0
59.753131,-14.7656,88.5938,-991.4062,0,0
59.757096,-14.7656,88.5938,-991.4062,0,0
59.761161,-14.7656,88.5938,-991.4062,0,0
59.765130,-14.7656,88.5938,-991.4062,0,0
59.769096,-14.7656,88.5938,-991.4062,0,0
59.773161,-14.7656,88.5938,-991.4062,0,0
59.777130,-14.7656,88.5938,-991.4062,0,0
59.781096,-14.7656,88.5938,-991.4062,0,0
59.785161,-14.7656,88.5938,-991.4062,0,0
59.789130,-14.7656,88.5938,-991.4062,0,0
59.793096,-14.7656,88.5938,-991.4062,0,0
59.797161,-14.7656,88.5938,-991.4062,0,0
59.801130,-14.7656,88.5938,-991.4062,0,0
59.805096,-14.7656,88.5938,-991.4062,0,0
59.809161,-14.7656,88.5938,-991.4062,0,0
59.813141,-14.7656,88.5938,-991.4062,0,0
59.817123,-14.7656,88.5938,-991.4062,0,0
59.821090,-14.7656,88.5938,-991.4062,0,0
59.825156,-14.7656,88.5938,-991.4062,0,0
59.829074,-14.7656,88.5938,-991.4062,0,0
59.833074,-14.7656,88.5938,-991.4062,0,0
59.837142,-14.7656,88.5938,-991.4062,0,0
59.841114,-14.7656,88.5938,-991.4062,0,0
59.845082,-14.7656,88.5938,-991.4062,0,0
59.849145,-14.7656,88.5938,-991.4062,0,0
59.853128,-14.7656,88.5938,-991.4062,0,0
59.857096,-14.7656,88.5938,-991.4062,0,0
59.861171,-14.7656,88.5938,-991.4062,0,0
59.865119,-14.7656,88.5938,-991.4062,0,0
59.869090,-14.7656,88.5938,-991.4062,0,0
59.873156,-14.7656,88.5938,-991.4062,0,0
59.877123,-14.7656,88.5938,-991.4062,0,0
59.881090,-14.7656,88.5938,-991.4062,0,0
59.885156,-14.7656,88.5938,-991.4062,0,0
59.889123,-14.7656,88.5938,-991.4062,0,0
59.893090,-14.7656,88.5938,-991.4062,0,0
59.897156,-14.7656,88.5938,-991.4062,0,0
59.901123,-14.7656,88.5938,-991.4062,0,0
59.905090,-14.7656,88.5938,-991.4062,0,0
59.909156,-14.7656,88.5938,-991.4062,0,0
59.913141,-14.7656,88.5938,-991.4062,0,0
59.917123,-14.7656,88.5938,-991.4062,0,0
59.921090,-14.7656,88.5938,-991.4062,0,0
59.925156,-14.7656,88.5938,-991.4062,0,0
59.929079,-14.7656,88.5938,-991.4062,0,0
59.933128,-14.7656,88.5938,-991.4062,0,0
59.937138,-14.7656,88.5938,-991.4062,0,0
59.941105,-14.7656,88.5938,-991.4062,0,0
59.945074,-14.7656,88.5938,-991.4062,0,0
59.949142,-14.7656,88.5938,-991.4062,0,0
59.953127,-14.7656,88.5938,-991.4062,0,0
59.957104,-14.7656,88.5938,-991.4062,0,0
59.961074,-14.7656,88.5938,-991.4062,0,0
59.967164,-14.7656,88.5938,-991.4062,0,0
59.969069,-14.7656,88.5938,-991.4062,0,0
59.973115,-14.7656,88.5938,-991.4062,0,0
59.977082,-14.7656,88.5938,-991.4062,0,0
59.981107,-14.7656,88.5938,-991.4062,0,0
59.985143,-14.7656,88.5938,-991.4062,0,0
59.989097,-14.7656,88.5938,-991.4062,0,0
59.993096,-14.7656,88.5938,-991.4062,0,0
59.997102,-14.7656,88.5938,-991.4062,0,0
60.001067,-14.7656,88.5938,-991.4062,0,0
60.005123,-14.7656,88.5938,-991.4062,0,0
60.009090,-14.7656,88.5938,-991.4062,0,0
60.013146,-14.7656,88.5938,-991.4062,0,0
60.017130,-14.7656,88.5938,-991.4062,0,0
60.021096,-14.7656,88.5938,-991.4062,0,0
60.025161,-14.7656,88.5938,-991.4062,0,0
60.029130,-14.7656,88.5938,-991.4062,0,0
60.033152,-14.7656,88.5938,-991.4062,0,0
60.037071,-14.7656,88.5938,-991.4062,0,0
60.041137,-14.7656,88.5938,-991.4062,0,0
60.045107,-14.7656,88.5938,-991.4062,0,0
60.049078,-14.7656,88.5938,-991.4062,0,0
60.053158,-14.7656,88.5938,-991.4062,0,0
60.057130,-14.7656,88.5938,-991.4062,0,0
60.061096,-14.7656,88.5938,-991.4062,0,0
60.065161,-14.7656,88.5938,-991.4062,0,0
60.069130,-14.7656,88.5938,-991.4062,0,0
60.073096,-14.7656,88.5938,-991.4062,0,0
60.077161,-14.7656,88.5938,-991.4062,0,0
60.081130,-14.7656,88.5938,-991.4062,0,0
60.085096,-14.7656,88.5938,-991.4062,0,0
60.089161,-14.7656,88.5938,-991.4062,0,0
60.093130,-14.7656,88.5938,-991.4062,0,0
60.097096,-14.7656,88.5938,-991.4062,0,0
60.101161,-14.7656,88.5938,-991.4062,0,0
60.105130,-14.7656,88.5938,-991.4062,0,0
60.109096,-14.7656,88.5938,-991.4062,0,0
60.113105,-14.7656,88.5938,-991.4062,0,0
60.117097,-14.7656,88.5938,-991.4062,0,0
60.121161,-14.7656,88.5938,-991.4062,0,0
60.125130,-14.7656,88.5938,-991.4062,0,0
60.129096,-14.7656,88.5938,-991.4062,0,0
60.133161,-14.7656,88.5938,-991.4062,0,0
60.137113,-14.7656,88.5938,-991.4062,0,0
60.141082,-14.7656,88.5938,-991.4062,0,0
60.145145,-14.7656,88.5938,-991.4062,0,0
60.149116,-14.7656,88.5938,-991.4062,0,0
60.153090,-14.7656,88.5938,-991.4062,0,0
60.157160,-14.7656,88.5938,-991.4062,0,0
60.161130,-14.7656,88.5938,-991.4062,0,0
60.165096,-14.7656,88.5938,-991.4062,0,0
60.169161,-14.7656,88.5938,-991.4062,0,0
60.173130,-14.7656,88.5938,-991.4062,0,0
60.177096,-14.7656,88.5938,-991.4062,0,0
60.181082,-14.7656,88.5938,-991.4062,0,0
60.185145,-14.7656,88.5938,-991.4062,0,0
60.189116,-14.7656,88.5938,-991.4062,0,0
60.193082,-14.7656,88.5938,-991.4062,0,0
60.197145,-14.7656,88.5938,-991.4062,0,0
60.201116,-14.7656,88.5938,-991.4062,0,0
60.205082,-14.7656,88.5938,-991.4062,0,0
60.209145,-14.7656,88.5938,-991.4062,0,0
60.213124,-14.7656,88.5938,-991.4062,0,0
60.217106,-14.7656,88.5938,-991.4062,0,0
60.221078,-14.7656,88.5938,-991.4062,0,0
60.225145,-14.7656,88.5938,-991.4062,0,0
60.229116,-14.7656,88.5938,-991.4062,0,0
60.233082,-14.7656,88.5938,-991.4062,0,0
60.237120,-14.7656,88.5938,-991.4062,0,0
60.241122,-14.7656,88.5938,-991.4062,0,0
60.245134,-14.7656,88.5938,-991.4062,0,0
60.249107,-14.7656,88.5938,-991.4062,0,0
60.253085,-14.7656,88.5938,-991.4062,0,0
60.257078,-14.7656,88.5938,-991.4062,0,0
60.261145,-14.7656,88.7695,-991.2305,0,0
60.267060,-14.7656,88.7695,-991.2305,0,0
60.269077,-14.7656,88.7695,-991.2305,0,0
60.273072,-14.7656,88.7695,-991.2305,0,0
60.277090,-14.7656,88.7695,-991.2305,0,0
60.281074,-14.7656,88.7695,-991.2305,0,0
60.285090,-14.7656,88.7695,-991.2305,0,0
60.289068,-14.7656,88.7695,-991.2305,0,0
60.293074,-14.9414,88.7695,-991.2305,0,0
60.297096,-14.9414,88.7695,-991.2305,0,0
60.301161,-14.9414,88.7695,-991.2305,0,0
60.305161,-14.9414,88.7695,-991.2305,0,0
60.309130,-14.9414,88.7695,-991.2305,0,0
60.313102,-14.9414,88.7695,-991.2305,0,0
60.317082,-14.9414,88.7695,-991.2305,0,0
60.321145,-14.9414,88.7695,-991.2305,0,0
60.325116,-14.9414,88.7695,-991.2305,0,0
60.329113,-14.9414,88.7695,-991.2305,0,0
60.333082,-14.9414,88.7695,-991.2305,0,0
60.337145,-14.9414,88.7695,-991.2305,0,0
60.341090,-14.9414,88.7695,-991.2305,0,0
60.345107,-14.9414,88.7695,-991.2305,0,0
60.349078,-14.9414,88.7695,-991.2305,0,0
60.353080,-14.9414,88.7695,-991.2305,0,0
60.357104,-14.9414,88.7695,-991.2305,0,0
60.361078,-14.9414,88.7695,-991.2305,0,0
60.365070,-14.9414,88.5938,-991.4062,0,0
60.369137,-14.9414,88.5938,-991.4062,0,0
60.373107,-14.9414,88.5938,-991.4062,0,0
60.377078,-14.9414,88.5938,-991.4062,0,0
60.381145,-14.9414,88.5938,-991.4062,0,0
60.385116,-14.9414,88.5938,-991.4062,0,0
60.389082,-14.9414,88.5938,-991.4062,0,0
60.393145,-14.9414,88.5938,-991.4062,0,0
60.397116,-14.9414,88.5938,-991.4062,0,0
60.401082,-14.9414,88.5938,-991.4062,0,0
60.405145,-14.9414,88.5938,-991.4062,0,0
60.409116,-14.9414,88.5938,-991.4062,0,0
60.413096,-14.9414,88.5938,-991.4062,0,0
60.417082,-14.9414,88.5938,-991.4062,0,0
60.421145,-14.9414,88.5938,-991.4062,0,0
60.425116,-14.9414,88.5938,-991.4062,0,0
60.429082,-14.9414,88.5938,-991.4062,0,0
60.433145,-14.9414,88.5938,-991.4062,0,0
60.437116,-14.9414,88.5938,-991.4062,0,0
60.441160,-14.9414,88.5938,-991.4062,0,0
60.445114,-14.9414,88.5938,-991.4062,0,0
60.449082,-14.9414,88.5938,-991.4062,0,0
60.453162,-14.9414,88.5938,-991.4062,0,0
60.457137,-14.9414,88.5938,-991.4062,0,0
60.461107,-14.9414,88.5938,-991.4062,0,0
60.465078,-14.9414,88.5938,-991.4062,0,0
60.469145,-14.9414,88.5938,-991.4062,0,0
60.473116,-14.9414,88.5938,-991.4062,0,0
60.477082,-14.9414,88.5938,-991.4062,0,0
60.481145,-14.9414,88.5938,-991.4062,0,0
60.485122,-14.9414,88.5938,-991.4062,0,0
60.489104,-14.9414,88.5938,-991.4062,0,0
60.493074,-14.9414,88.5938,-991.4062,0,0
60.497142,-14.9414,88.5938,-991.4062,0,0
60.501114,-14.9414,88.5938,-991.4062,0,0
60.505082,-14.7656,88.5938,-991.4062,0,0
60.509145,-14.7656,88.5938,-991.4062,0,0
60.513124,-14.7656,88.5938,-991.4062,0,0
60.517106,-14.7656,88.5938,-991.4062,0,0
60.521078,-14.7656,88.5938,-991.4062,0,0
60.525145,-14.7656,88.5938,-991.4062,0,0
60.529116,-14.7656,88.5938,-991.4062,0,0
60.533082,-14.7656,88.5938,-991.4062,0,0
60.537067,-14.7656,88.5938,-991.4062,0,0
60.541090,-14.7656,88.5938,-991.4062,0,0
60.545147,-14.7656,88.5938,-991.4062,0,0
60.549138,-14.7656,88.5938,-991.4062,0,0
60.553136,-14.7656,88.5938,-991.4062,0,0
60.557106,-14.7656,88.5938,-991.4062,0,0
60.561114,-14.7656,88.5938,-991.4062,0,0
60.567160,-14.7656,88.5938,-991.4062,0,0
60.569099,-14.7656,88.5938,-991.4062,0,0
60.573112,-14.7656,88.5938,-991.4062,0,0
60.577130,-14.7656,88.5938,-991.4062,0,0
60.581074,-14.7656,88.5938,-991.4062,0,0
60.585098,-14.7656,88.5938,-991.4062,0,0
60.589090,-14.7656,88.5938,-991.4062,0,0
60.593156,-14.7656,88.5938,-991.4062,0,0
60.597123,-14.7656,88.5938,-991.4062,0,0
60.601090,-14.7656,88.5938,-991.4062,0,0
60.605156,-14.7656,88.5938,-991.4062,0,0
60.609123,-14.7656,88.5938,-991.4062,0,0
60.613074,-14.7656,88.5938,-991.4062,0,0
60.617156,-14.7656,88.5938,-991.4062,0,0
60.621123,-14.7656,88.5938,-991.4062,0,0
60.625090,-14.7656,88.5938,-991.4062,0,0
60.629156,-14.7656,88.5938,-991.4062,0,0
60.633123,-14.7656,88.5938,-991.4062,0,0
60.637090,-14.7656,88.5938,-991.4062,0,0
60.641156,-14.7656,88.5938,-991.4062,0,0
60.645130,-14.7656,88.5938,-991.4062,0,0
60.649079,-14.7656,88.5938,-991.4062,0,0
60.653158,-14.7656,88.5938,-991.4062,0,0
60.657130,-14.7656,88.5938,-991.4062,0,0
60.661096,-14.7656,88.5938,-991.4062,0,0
60.665161,-14.7656,88.5938,-991.4062,0,0
60.669130,-14.7656,88.5938,-991.4062,0,0
60.673096,-14.7656,88.5938,-991.4062,0,0
60.677161,-14.7656,88.5938,-991.4062,0,0
60.681130,-14.7656,88.5938,-991.4062,0,0
60.685096,-14.7656,88.5938,-991.4062,0,0
60.689161,-14.7656,88.5938,-991.4062,0,0
60.693130,-14.7656,88.7695,-991.2305,0,0
60.697096,-14.7656,88.7695,-991.2305,0,0
60.701161,-14.7656,88.7695,-991.2305,0,0
60.705130,-14.7656,88.7695,-991.2305,0,0
60.709096,-14.7656,88.7695,-991.2305,0,0
60.713071,-14.7656,88.7695,-991.2305,0,0
60.717152,-14.7656,88.7695,-991.2305,0,0
60.721123,-14.7656,88.7695,-991.2305,0,0
60.725090,-14.7656,88.7695,-991.2305,0,0
60.729156,-14.7656,88.7695,-991.2305,0,0
60.733123,-14.7656,88.7695,-991.2305,0,0
60.737090,-14.7656,88.7695,-991.2305,0,0
60.741156,-14.7656,88.7695,-991.2305,0,0
60.745123,-14.7656,88.7695,-991.2305,0,0
60.749129,-14.7656,88.7695,-991.2305,0,0
60.753128,-14.7656,88.7695,-991.2305,0,0
60.757096,-14.7656,88.7695,-991.2305,0,0
60.761161,-14.7656,88.7695,-991.2305,0,0
60.765130,-14.7656,88.7695,-991.2305,0,0
60.769096,-14.7656,88.7695,-991.2305,0,0
60.773161,-14.7656,88.7695,-991.2305,0,0
60.777130,-14.7656,88.7695,-991.2305,0,0
60.781096,-14.7656,88.7695,-991.2305,0,0
60.785161,-14.7656,88.7695,-991.2305,0,0
60.789137,-14.7656,88.7695,-991.2305,0,0
60.793107,-14.7656,88.7695,-991.2305,0,0
60.797078,-14.7656,88.7695,-991.2305,0,0
60.801145,-14.7656,88.7695,-991.2305,0,0
60.805116,-14.7656,88.7695,-991.2305,0,0
60.809082,-14.7656,88.7695,-991.2305,0,0
60.813152,-14.7656,88.7695,-991.2305,0,0
60.817137,-14.7656,88.7695,-991.2305,0,0
60.821107,-14.7656,88.7695,-991.2305,0,0
60.825137,-14.7656,88.7695,-991.2305,0,0
60.829133,-14.7656,88.7695,-991.2305,0,0
60.833149,-14.7656,88.7695,-991.2305,0,0
60.837123,-14.7656,88.7695,-991.2305,0,0
60.841107,-14.7656,88.7695,-991.2305,0,0
60.845090,-14.7656,88.7695,-991.2305,0,0
60.849156,-14.7656,88.7695,-991.2305,0,0
60.853126,-14.7656,88.7695,-991.2305,0,0
60.857080,-14.7656,88.7695,-991.2305,0,0
60.861155,-14.7656,88.7695,-991.2305,0,0
60.865071,-14.7656,88.5938,-991.4062,0,0
60.869164,-14.7656,88.5938,-991.4062,0,0
60.873145,-14.7656,88.5938,-991.4062,0,0
60.877106,-14.7656,88.5938,-991.4062,0,0
60.882150,-14.7656,88.5938,-991.4062,0,0
60.885139,-14.7656,88.5938,-991.4062,0,0
60.889114,-14.7656,88.5938,-991.4062,0,0
60.893131,-14.7656,88.5938,-991.4062,0,0
60.897112,-14.7656,88.5938,-991.4062,0,0
60.901082,-14.7656,88.5938,-991.4062,0,0
60.905161,-14.7656,88.5938,-991.4062,0,0
60.909130,-14.7656,88.5938,-991.4062,0,0
60.913098,-14.7656,88.5938,-991.4062,0,0
60.917082,-14.7656,88.5938,-991.4062,0,0
60.921145,-14.7656,88.5938,-991.4062,0,0
60.925130,-14.7656,88.5938,-991.4062,0,0
60.929096,-14.7656,88.5938,-991.4062,0,0
60.933161,-14.7656,88.5938,-991.4062,0,0
60.937130,-14.7656,88.5938,-991.4062,0,0
60.941152,-14.7656,88.5938,-991.4062,0,0
60.945125,-14.7656,88.5938,-991.4062,0,0
60.949082,-14.7656,88.5938,-991.4062,0,0
60.953159,-14.7656,88.5938,-991.4062,0,0
60.957130,-14.7656,88.5938,-991.4062,0,0
60.961138,-14.7656,88.5938,-991.4062,0,0
60.965107,-14.7656,88.5938,-991.4062,0,0
60.969078,-14.7656,88.5938,-991.4062,0,0
60.973145,-14.7656,88.5938,-991.4062,0,0
60.977116,-14.7656,88.5938,-991.4062,0,0
60.981082,-14.7656,88.5938,-991.4062,0,0
60.985145,-14.7656,88.5938,-991.4062,0,0
60.989116,-14.7656,88.5938,-991.4062,0,0
60.993082,-14.7656,88.5938,-991.4062,0,0
60.997145,-14.7656,88.5938,-991.4062,0,0
61.001116,-14.7656,88.5938,-991.4062,0,0
61.005082,-14.7656,88.5938,-991.4062,0,0
61.009145,-14.7656,88.5938,-991.4062,0,0
61.013152,-14.7656,88.5938,-991.4062,0,0
61.017160,-14.7656,88.5938,-991.4062,0,0
61.021130,-14.7656,88.5938,-991.4062,0,0
61.025096,-14.7656,88.5938,-991.4062,0,0
61.029161,-14.7656,88.5938,-991.4062,0,0
61.033130,-14.7656,88.5938,-991.4062,0,0
61.037096,-14.7656,88.5938,-991.4062,0,0
61.041161,-14.7656,88.5938,-991.4062,0,0
61.045152,-14.7656,88.5938,-991.4062,0,0
61.049161,-14.7656,88.5938,-991.4062,0,0
61.053140,-14.7656,88.5938,-991.4062,0,0
61.057106,-14.7656,88.5938,-991.4062,0,0
61.061121,-14.7656,88.5938,-991.4062,0,0
61.065116,-14.7656,88.5938,-991.4062,0,0
61.069082,-14.7656,88.5938,-991.4062,0,0
61.073146,-14.7656,88.5938,-991.4062,0,0
61.077104,-14.7656,88.5938,-991.4062,0,0
61.081074,-14.7656,88.5938,-991.4062,0,0
61.085142,-14.7656,88.5938,-991.4062,0,0
61.089114,-14.7656,88.5938,-991.4062,0,0
61.093082,-14.7656,88.5938,-991.4062,0,0
61.097114,-14.7656,88.5938,-991.4062,0,0
61.101114,-14.7656,88.5938,-991.4062,0,0
61.105082,-14.7656,88.5938,-991.4062,0,0
61.109171,-14.7656,88.5938,-991.4062,0,0
61.113152,-14.7656,88.5938,-991.4062,0,0
61.117143,-14.7656,88.5938,-991.4062,0,0
61.121145,-14.7656,88.5938,-991.4062,0,0
61.125116,-14.7656,88.5938,-991.4062,0,0
61.129159,-14.7656,88.5938,-991.4062,0,0
61.133160,-14.7656,88.5938,-991.4062,0,0
61.137130,-14.7656,88.5938,-991.4062,0,0
61.141096,-14.7656,88.5938,-991.4062,0,0
61.145161,-14.7656,88.5938,-991.4062,0,0
61.149130,-14.7656,88.5938,-991.4062,0,0
61.153110,-14.7656,88.5938,-991.4062,0,0
61.157100,-14.7656,88.5938,-991.4062,0,0
61.161138,-14.7656,88.5938,-991.4062,0,0
61.165131,-14.7656,88.5938,-991.4062,0,0
61.169137,-14.7656,88.5938,-991.4062,0,0
61.173107,-14.7656,88.5938,-991.4062,0,0
61.177078,-14.7656,88.5938,-991.4062,0,0
61.181145,-14.7656,88.5938,-991.4062,0,0
61.185102,-14.7656,88.5938,-991.4062,0,0
61.189074,-14.7656,88.5938,-991.4062,0,0
61.193094,-14.7656,88.5938,-991.4062,0,0
61.197071,-14.7656,88.5938,-991.4062,0,0
61.201137,-14.7656,88.5938,-991.4062,0,0
61.205107,-14.7656,88.7695,-991.2305,0,0
61.209071,-14.7656,88.7695,-991.2305,0,0
61.213072,-14.7656,88.7695,-991.2305,0,0
61.218317,-14.7656,88.7695,-991.2305,0,0
61.221270,-14.7656,88.7695,-991.2305,0,0
61.225090,-14.7656,88.7695,-991.2305,0,0
61.229156,-14.7656,88.7695,-991.2305,0,0
61.233145,-14.7656,88.7695,-991.2305,0,0
61.237115,-14.7656,88.7695,-991.2305,0,0
61.241082,-14.7656,88.7695,-991.2305,0,0
61.245145,-14.7656,88.7695,-991.2305,0,0
61.249116,-14.7656,88.7695,-991.2305,0,0
61.253078,-14.7656,88.7695,-991.2305,0,0
61.257073,-14.7656,88.7695,-991.2305,0,0
61.261107,-14.7656,88.7695,-991.2305,0,0
61.265152,-14.7656,88.7695,-991.2305,0,0
61.269122,-14.7656,88.7695,-991.2305,0,0
61.273090,-14.7656,88.7695,-991.2305,0,0
61.277152,-14.7656,88.7695,-991.2305,0,0
61.281133,-14.7656,88.7695,-991.2305,0,0
61.285097,-14.7656,88.7695,-991.2305,0,0
61.289079,-14.7656,88.7695,-991.2305,0,0
61.293145,-14.7656,88.7695,-991.2305,0,0
61.297119,-14.7656,88.7695,-991.2305,0,0
61.301090,-14.7656,88.7695,-991.2305,0,0
61.305152,-14.7656,88.7695,-991.2305,0,0
61.309122,-14.7656,88.7695,-991.2305,0,0
61.313104,-14.7656,88.7695,-991.2305,0,0
61.317079,-14.7656,88.7695,-991.2305,0,0
61.321145,-14.7656,88.7695,-991.2305,0,0
61.325110,-14.7656,88.7695,-991.2305,0,0
61.329097,-14.7656,88.7695,-991.2305,0,0
61.333160,-14.7656,88.7695,-991.2305,0,0
61.337128,-14.7656,88.7695,-991.2305,0,0
61.341097,-14.7656,88.7695,-991.2305,0,0
61.345160,-14.7656,88.7695,-991.2305,0,0
61.349128,-14.7656,88.7695,-991.2305,0,0
61.353107,-14.7656,88.7695,-991.2305,0,0
61.357080,-14.7656,88.7695,-991.2305,0,0
61.361174,-14.7656,88.7695,-991.2305,0,0
61.365114,-14.7656,88.7695,-991.2305,0,0
61.369137,-14.7656,88.7695,-991.2305,0,0
61.373104,-14.7656,88.7695,-991.2305,0,0
61.377075,-14.7656,88.7695,-991.2305,0,0
61.381080,-14.7656,88.7695,-991.2305,0,0
61.385144,-14.7656,88.7695,-991.2305,0,0
61.389111,-14.7656,88.7695,-991.2305,0,0
61.393079,-14.7656,88.5938,-991.4062,0,0
61.397064,-14.7656,88.5938,-991.4062,0,0
61.401130,-14.7656,88.5938,-991.4062,0,0
61.405096,-14.7656,88.5938,-991.4062,0,0
61.409161,-14.7656,88.5938,-991.4062,0,0
61.413074,-14.7656,88.5938,-991.4062,0,0
61.417152,-14.7656,88.5938,-991.4062,0,0
61.421152,-14.7656,88.5938,-991.4062,0,0
61.425123,-14.7656,88.5938,-991.4062,0,0
61.429090,-14.7656,88.5938,-991.4062,0,0
61.433156,-14.7656,88.5938,-991.4062,0,0
61.437123,-14.7656,88.5938,-991.4062,0,0
61.441090,-14.7656,88.5938,-991.4062,0,0
61.445156,-14.7656,88.5938,-991.4062,0,0
61.449123,-14.7656,88.5938,-991.4062,0,0
61.453099,-14.7656,88.5938,-991.4062,0,0
61.457090,-14.7656,88.5938,-991.4062,0,0
61.461156,-14.7656,88.5938,-991.4062,0,0
61.465101,-14.7656,88.5938,-991.4062,0,0
61.469160,-14.7656,88.5938,-991.4062,0,0
61.473130,-14.7656,88.5938,-991.4062,0,0
61.477096,-14.7656,88.5938,-991.4062,0,0
61.481161,-14.7656,88.5938,-991.4062,0,0
61.485130,-14.7656,88.5938,-991.4062,0,0
61.489096,-14.7656,88.5938,-991.4062,0,0
61.493161,-14.7656,88.5938,-991.4062,0,0
61.497130,-14.7656,88.5938,-991.4062,0,0
61.501096,-14.7656,88.5938,-991.4062,0,0
61.505161,-14.7656,88.5938,-991.4062,0,0
61.509130,-14.7656,88.5938,-991.4062,0,0
61.513109,-14.7656,88.5938,-991.4062,0,0
61.517090,-14.7656,88.5938,-991.4062,0,0
61.521156,-14.7656,88.5938,-991.4062,0,0
61.525123,-14.7656,88.5938,-991.4062,0,0
61.529090,-14.7656,88.5938,-991.4062,0,0
61.533156,-14.7656,88.5938,-991.4062,0,0
61.537123,-14.7656,88.5938,-991.4062,0,0
61.541090,-14.7656,88.5938,-991.4062,0,0
61.545156,-14.7656,88.5938,-991.4062,0,0
61.549123,-14.7656,88.5938,-991.4062,0,0
61.553094,-14.7656,88.5938,-991.4062,0,0
61.557160,-14.7656,88.5938,-991.4062,0,0
61.561130,-14.7656,88.5938,-991.4062,0,0
61.565096,-14.7656,88.5938,-991.4062,0,0
61.569116,-14.7656,88.5938,-991.4062,0,0
61.573105,-14.7656,88.5938,-991.4062,0,0
61.577079,-14.7656,88.5938,-991.4062,0,0
61.581145,-14.7656,88.5938,-991.4062,0,0
61.585116,-14.7656,88.5938,-991.4062,0,0
61.589082,-14.7656,88.5938,-991.4062,0,0
61.593145,-14.7656,88.5938,-991.4062,0,0
61.597116,-14.7656,88.5938,-991.4062,0,0
61.601082,-14.7656,88.5938,-991.4062,0,0
61.605145,-14.7656,88.5938,-991.4062,0,0
61.609116,-14.7656,88.5938,-991.4062,0,0
61.613096,-14.7656,88.5938,-991.4062,0,0
61.617082,-14.7656,88.5938,-991.4062,0,0
61.621145,-14.7656,88.5938,-991.4062,0,0
61.625116,-14.7656,88.5938,-991.4062,0,0
61.629082,-14.7656,88.5938,-991.4062,0,0
61.633145,-14.7656,88.5938,-991.4062,0,0
61.637116,-14.7656,88.5938,-991.4062,0,0
61.641082,-14.7656,88.5938,-991.4062,0,0
61.645145,-14.7656,88.5938,-991.4062,0,0
61.649132,-14.7656,88.5938,-991.4062,0,0
61.653105,-14.7656,88.5938,-991.4062,0,0
61.657082,-14.7656,88.5938,-991.4062,0,0
61.661145,-14.7656,88.5938,-991.4062,0,0
61.665116,-14.7656,88.5938,-991.4062,0,0
61.669126,-14.7656,88.5938,-991.4062,0,0
61.673160,-14.7656,88.5938,-991.4062,0,0
61.677130,-14.7656,88.5938,-991.4062,0,0
61.681145,-14.7656,88.5938,-991.4062,0,0
61.685116,-14.7656,88.5938,-991.4062,0,0
61.689091,-14.7656,88.5938,-991.4062,0,0
61.693305,-14.7656,88.5938,-991.4062,0,0
61.697070,-14.7656,88.5938,-991.4062,0,0
61.701142,-14.7656,88.5938,-991.4062,0,0
61.705114,-14.7656,88.5938,-991.4062,0,0
61.709082,-14.7656,88.5938,-991.4062,0,0
61.713141,-14.7656,88.5938,-991.4062,0,0
61.717104,-14.7656,88.5938,-991.4062,0,0
61.721090,-14.7656,88.5938,-991.4062,0,0
61.725090,-14.7656,88.5938,-991.4062,0,0
61.729090,-14.7656,88.5938,-991.4062,0,0
61.733160,-14.7656,88.5938,-991.4062,0,0
61.737112,-14.7656,88.5938,-991.4062,0,0
61.741140,-14.7656,88.5938,-991.4062,0,0
61.745146,-14.7656,88.5938,-991.4062,0,0
61.749163,-14.7656,88.5938,-991.4062,0,0
61.753095,-14.7656,88.5938,-991.4062,0,0
61.757171,-14.7656,88.5938,-991.4062,0,0
61.761146,-14.7656,88.5938,-991.4062,0,0
61.765090,-14.7656,88.5938,-991.4062,0,0
61.769156,-14.7656,88.5938,-991.4062,0,0
61.773125,-14.7656,88.5938,-991.4062,0,0
61.777090,-14.7656,88.5938,-991.4062,0,0
61.781156,-14.7656,88.5938,-991.4062,0,0
61.785123,-14.7656,88.5938,-991.4062,0,0
61.789090,-14.7656,88.5938,-991.4062,0,0
61.793156,-14.7656,88.5938,-991.4062,0,0
61.797123,-14.7656,88.5938,-991.4062,0,0
61.801090,-14.7656,88.5938,-991.4062,0,0
61.805156,-14.7656,88.5938,-991.4062,0,0
61.809123,-14.7656,88.5938,-991.4062,0,0
61.813145,-14.7656,88.5938,-991.4062,0,0
61.817128,-14.7656,88.5938,-991.4062,0,0
61.821097,-14.7656,88.5938,-991.4062,0,0
61.825082,-14.7656,88.5938,-991.4062,0,0
61.829084,-14.7656,88.5938,-991.4062,0,0
61.833070,-14.7656,88.5938,-991.4062,0,0
61.837137,-14.7656,88.5938,-991.4062,0,0
61.841106,-14.7656,88.5938,-991.4062,0,0
61.845078,-14.7656,88.5938,-991.4062,0,0
61.849145,-14.7656,88.5938,-991.4062,0,0
61.853131,-14.7656,88.5938,-991.4062,0,0
61.857112,-14.7656,88.5938,-991.4062,0,0
61.861086,-14.7656,88.5938,-991.4062,0,0
61.865130,-14.7656,88.5938,-991.4062,0,0
61.869096,-14.7656,88.5938,-991.4062,0,0
61.873161,-14.7656,88.5938,-991.4062,0,0
61.877074,-14.7656,88.5938,-991.4062,0,0
61.881082,-14.7656,88.5938,-991.4062,0,0
61.885145,-14.7656,88.5938,-991.4062,0,0
61.889116,-14.7656,88.5938,-991.4062,0,0
61.893082,-14.7656,88.5938,-991.4062,0,0
61.897145,-14.7656,88.5938,-991.4062,0,0
61.901145,-14.7656,88.5938,-991.4062,0,0
61.905116,-14.7656,88.5938,-991.4062,0,0
61.909082,-14.7656,88.5938,-991.4062,0,0
61.913152,-14.7656,88.5938,-991.4062,0,0
61.917137,-14.7656,88.5938,-991.4062,0,0
61.921106,-14.7656,88.5938,-991.4062,0,0
61.925078,-14.7656,88.5938,-991.4062,0,0
61.929145,-14.7656,88.5938,-991.4062,0,0
61.933116,-14.7656,88.5938,-991.4062,0,0
61.937082,-14.7656,88.5938,-991.4062,0,0
61.941145,-14.7656,88.5938,-991.4062,0,0
61.945116,-14.7656,88.5938,-991.4062,0,0
61.949082,-14.7656,88.5938,-991.4062,0,0
61.953156,-14.7656,88.5938,-991.4062,0,0
61.957123,-14.7656,88.5938,-991.4062,0,0
61.961090,-14.7656,88.5938,-991.4062,0,0
61.965156,-14.7656,88.5938,-991.4062,0,0
61.969123,-14.7656,88.5938,-991.4062,0,0
61.973090,-14.7656,88.5938,-991.4062,0,0
61.977176,-14.7656,88.5938,-991.4062,0,0
61.981130,-14.7656,88.5938,-991.4062,0,0
61.985130,-14.7656,88.5938,-991.4062,0,0
61.989096,-14.7656,88.5938,-991.4062,0,0
61.993161,-14.7656,88.5938,-991.4062,0,0
61.997130,-14.7656,88.5938,-991.4062,0,0
62.001096,-14.7656,88.5938,-991.4062,0,0
62.005139,-14.7656,88.5938,-991.4062,0,0
62.009090,-14.7656,88.5938,-991.4062,0,0
62.013090,-14.7656,88.5938,-991.4062,0,0
62.017074,-14.7656,88.5938,-991.4062,0,0
62.021130,-14.7656,88.5938,-991.4062,0,0
62.025074,-14.7656,88.5938,-991.4062,0,0
62.029141,-14.7656,88.5938,-991.4062,0,0
62.033111,-14.7656,88.5938,-991.4062,0,0
62.039370,-14.7656,88.5938,-991.4062,0,0
62.041066,-14.7656,88.5938,-991.4062,0,0
62.045111,-14.7656,88.5938,-991.4062,0,0
62.049076,-14.7656,88.5938,-991.4062,0,0
62.053164,-14.7656,88.5938,-991.4062,0,0
62.057127,-14.7656,88.5938,-991.4062,0,0
62.061090,-14.7656,88.5938,-991.4062,0,0
62.065129,-14.7656,88.5938,-991.4062,0,0
62.069143,-14.7656,88.5938,-991.4062,0,0
62.073090,-14.7656,88.5938,-991.4062,0,0
62.077156,-14.7656,88.5938,-991.4062,0,0
62.081106,-14.7656,88.5938,-991.4062,0,0
62.085090,-14.7656,88.5938,-991.4062,0,0
62.089145,-14.7656,88.5938,-991.4062,0,0
62.093116,-14.7656,88.5938,-991.4062,0,0
62.097104,-14.7656,88.5938,-991.4062,0,0
62.101074,-14.7656,88.5938,-991.4062,0,0
62.105072,-14.7656,88.5938,-991.4062,0,0
62.109105,-14.7656,88.5938,-991.4062,0,0
62.113090,-14.7656,88.5938,-991.4062,0,0
62.117082,-14.7656,88.5938,-991.4062,0,0
62.121145,-14.7656,88.5938,-991.4062,0,0
62.125116,-14.7656,88.5938,-991.4062,0,0
62.129082,-14.7656,88.5938,-991.4062,0,0
62.133145,-14.7656,88.5938,-991.4062,0,0
62.137116,-14.7656,88.5938,-991.4062,0,0
62.141082,-14.7656,88.5938,-991.4062,0,0
62.145145,-14.7656,88.5938,-991.4062,0,0
62.149116,-14.7656,88.5938,-991.4062,0,0
62.153091,-14.7656,88.5938,-991.4062,0,0
62.157090,-14.7656,88.5938,-991.4062,0,0
62.161156,-14.7656,88.5938,-991.4062,0,0
62.165123,-14.7656,88.5938,-991.4062,0,0
62.169090,-14.7656,88.5938,-991.4062,0,0
62.173156,-14.7656,88.5938,-991.4062,0,0
62.177123,-14.7656,88.5938,-991.4062,0,0
62.181090,-14.7656,88.5938,-991.4062,0,0
62.185153,-14.7656,88.5938,-991.4062,0,0
62.189090,-14.7656,88.5938,-991.4062,0,0
62.193156,-14.7656,88.5938,-991.4062,0,0
62.197123,-14.7656,88.5938,-991.4062,0,0
62.201090,-14.7656,88.5938,-991.4062,0,0
62.205156,-14.7656,88.5938,-991.4062,0,0
62.209123,-14.7656,88.5938,-991.4062,0,0
62.213104,-14.7656,88.5938,-991.4062,0,0
62.217090,-14.7656,88.5938,-991.4062,0,0
62.221156,-14.7656,88.5938,-991.4062,0,0
62.225123,-14.7656,88.5938,-991.4062,0,0
62.229090,-14.7656,88.5938,-991.4062,0,0
62.233156,-14.7656,88.5938,-991.4062,0,0
62.237123,-14.7656,88.5938,-991.4062,0,0
62.241090,-14.7656,88.5938,-991.4062,0,0
62.245156,-14.7656,88.5938,-991.4062,0,0
62.249123,-14.7656,88.5938,-991.4062,0,0
62.253104,-14.7656,88.5938,-991.4062,0,0
62.257096,-14.7656,88.5938,-991.4062,0,0
62.261161,-14.7656,88.5938,-991.4062,0,0
62.265130,-14.7656,88.5938,-991.4062,0,0
62.269096,-14.7656,88.5938,-991.4062,0,0
62.273161,-14.7656,88.5938,-991.4062,0,0
62.277130,-14.7656,88.5938,-991.4062,0,0
62.281096,-14.7656,88.5938,-991.4062,0,0
62.285121,-14.7656,88.5938,-991.4062,0,0
62.289111,-14.7656,88.5938,-991.4062,0,0
62.293082,-14.7656,88.5938,-991.4062,0,0
62.297145,-14.7656,88.5938,-991.4062,0,0
62.301116,-14.7656,88.5938,-991.4062,0,0
62.305082,-14.7656,88.5938,-991.4062,0,0
62.309145,-14.7656,88.5938,-991.4062,0,0
62.313124,-14.7656,88.5938,-991.4062,0,0
62.317106,-14.7656,88.5938,-991.4062,0,0
62.321066,-14.7656,88.5938,-991.4062,0,0
62.325117,-14.7656,88.5938,-991.4062,0,0
62.329161,-14.7656,88.5938,-991.4062,0,0
62.333130,-14.7656,88.5938,-991.4062,0,0
62.337096,-14.7656,88.5938,-991.4062,0,0
62.341161,-14.7656,88.5938,-991.4062,0,0
62.345130,-14.7656,88.5938,-991.4062,0,0
62.349093,-14.7656,88.5938,-991.4062,0,0
62.353339,-14.7656,88.5938,-991.4062,0,0
62.357097,-14.7656,88.5938,-991.4062,0,0
62.361177,-14.7656,88.5938,-991.4062,0,0
62.365152,-14.7656,88.5938,-991.4062,0,0
62.369123,-14.7656,88.5938,-991.4062,0,0
62.373137,-14.7656,88.5938,-991.4062,0,0
62.377080,-14.7656,88.5938,-991.4062,0,0
62.381160,-14.7656,88.5938,-991.4062,0,0
62.385130,-14.7656,88.5938,-991.4062,0,0
62.389106,-14.7656,88.5938,-991.4062,0,0
62.393123,-14.7656,88.5938,-991.4062,0,0
62.397090,-14.7656,88.5938,-991.4062,0,0
62.401156,-14.7656,88.5938,-991.4062,0,0
62.405152,-14.7656,88.5938,-991.4062,0,0
62.409123,-14.7656,88.5938,-991.4062,0,0
62.413083,-14.7656,88.5938,-991.4062,0,0
62.417161,-14.7656,88.5938,-991.4062,0,0
62.421130,-14.7656,88.5938,-991.4062,0,0
62.425096,-14.7656,88.5938,-991.4062,0,0
62.429172,-14.7656,88.5938,-991.4062,0,0
62.433169,-14.7656,88.5938,-991.4062,0,0
62.437080,-14.7656,88.5938,-991.4062,0,0
62.441083,-14.7656,88.5938,-991.4062,0,0
62.445152,-14.7656,88.5938,-991.4062,0,0
62.449123,-14.7656,88.5938,-991.4062,0,0
62.453122,-14.7656,88.5938,-991.4062,0,0
62.457079,-14.7656,88.5938,-991.4062,0,0
62.461074,-14.7656,88.5938,-991.4062,0,0
62.465142,-14.7656,88.5938,-991.4062,0,0
62.469114,-14.7656,88.5938,-991.4062,0,0
62.473082,-14.7656,88.5938,-991.4062,0,0
62.477145,-14.7656,88.5938,-991.4062,0,0
62.481116,-14.7656,88.5938,-991.4062,0,0
62.485082,-14.7656,88.5938,-991.4062,0,0
62.489128,-14.7656,88.5938,-991.4062,0,0
62.493122,-14.7656,88.5938,-991.4062,0,0
62.497090,-14.7656,88.5938,-991.4062,0,0
62.501156,-14.7656,88.5938,-991.4062,0,0
62.505123,-14.7656,88.5938,-991.4062,0,0
62.509090,-14.7656,88.5938,-991.4062,0,0
62.513096,-14.7656,88.5938,-991.4062,0,0
62.517082,-14.7656,88.5938,-991.4062,0,0
62.521145,-14.7656,88.5938,-991.4062,0,0
62.525116,-14.7656,88.5938,-991.4062,0,0
62.529082,-14.7656,88.5938,-991.4062,0,0
62.533145,-14.7656,88.5938,-991.4062,0,0
62.537116,-14.7656,88.5938,-991.4062,0,0
62.541082,-14.7656,88.5938,-991.4062,0,0
62.545145,-14.7656,88.5938,-991.4062,0,0
62.549116,-14.7656,88.5938,-991.4062,0,0
62.553098,-14.7656,88.5938,-991.4062,0,0
62.557069,-14.7656,88.5938,-991.4062,0,0
62.561161,-14.7656,88.5938,-991.4062,0,0
62.565071,-14.7656,88.5938,-991.4062,0,0
62.569148,-14.7656,88.5938,-991.4062,0,0
62.573146,-14.7656,88.5938,-991.4062,0,0
62.577137,-14.7656,88.5938,-991.4062,0,0
62.581123,-14.7656,88.5938,-991.4062,0,0
62.585104,-14.7656,88.5938,-991.4062,0,0
62.589074,-14.7656,88.5938,-991.4062,0,0
62.593090,-14.7656,88.5938,-991.4062,0,0
62.597110,-14.7656,88.5938,-991.4062,0,0
62.601083,-14.7656,88.5938,-991.4062,0,0
62.605082,-14.7656,88.5938,-991.4062,0,0
62.609145,-14.7656,88.5938,-991.4062,0,0
62.613124,-14.7656,88.5938,-991.4062,0,0
62.617107,-14.7656,88.5938,-991.4062,0,0
62.621078,-14.7656,88.5938,-991.4062,0,0
62.625145,-14.7656,88.5938,-991.4062,0,0
62.629116,-14.7656,88.5938,-991.4062,0,0
62.633082,-14.7656,88.5938,-991.4062,0,0
62.637145,-14.7656,88.5938,-991.4062,0,0
62.641116,-14.7656,88.5938,-991.4062,0,0
62.645082,-14.7656,88.5938,-991.4062,0,0
62.649145,-14.7656,88.5938,-991.4062,0,0
62.653129,-14.7656,88.5938,-991.4062,0,0
62.657096,-14.7656,88.5938,-991.4062,0,0
62.661161,-14.7656,88.5938,-991.4062,0,0
62.665130,-14.7656,88.5938,-991.4062,0,0
62.669096,-14.7656,88.5938,-991.4062,0,0
62.673161,-14.7656,88.5938,-991.4062,0,0
62.677130,-14.7656,88.5938,-991.4062,0,0
62.681096,-14.7656,88.5938,-991.4062,0,0
62.685085,-14.7656,88.5938,-991.4062,0,0
62.689114,-14.7656,88.5938,-991.4062,0,0
62.693097,-14.7656,88.5938,-991.4062,0,0
62.697098,-14.7656,88.5938,-991.4062,0,0
62.701161,-14.7656,88.5938,-991.4062,0,0
62.705161,-14.7656,88.5938,-991.4062,0,0
62.709117,-14.7656,88.5938,-991.4062,0,0
62.713137,-14.7656,88.5938,-991.4062,0,0
62.717123,-14.7656,88.5938,-991.4062,0,0
62.721090,-14.7656,88.5938,-991.4062,0,0
62.727533,-14.7656,88.5938,-991.4062,0,0
62.729072,-14.7656,88.5938,-991.4062,0,0
62.733144,-14.7656,88.5938,-991.4062,0,0
62.737110,-14.7656,88.5938,-991.4062,0,0
62.741122,-14.7656,88.5938,-991.4062,0,0
62.745117,-14.7656,88.5938,-991.4062,0,0
62.749090,-14.7656,88.5938,-991.4062,0,0
62.753166,-14.7656,88.5938,-991.4062,0,0
62.757117,-14.7656,88.5938,-991.4062,0,0
62.761079,-14.7656,88.5938,-991.4062,0,0
62.765144,-14.7656,88.5938,-991.4062,0,0
62.769110,-14.7656,88.5938,-991.4062,0,0
62.773079,-14.7656,88.5938,-991.4062,0,0
62.777172,-14.7656,88.5938,-991.4062,0,0
62.781155,-14.7656,88.5938,-991.4062,0,0
62.785074,-14.7656,88.5938,-991.4062,0,0
62.789116,-14.7656,88.5938,-991.4062,0,0
62.793090,-14.7656,88.5938,-991.4062,0,0
62.797146,-14.7656,88.5938,-991.4062,0,0
62.801131,-14.7656,88.5938,-991.4062,0,0
62.805097,-14.7656,88.5938,-991.4062,0,0
62.809090,-14.7656,88.5938,-991.4062,0,0
62.813065,-14.7656,88.5938,-991.4062,0,0
62.817098,-14.7656,88.5938,-991.4062,0,0
62.821161,-14.7656,88.5938,-991.4062,0,0
62.825130,-14.7656,88.5938,-991.4062,0,0
62.829096,-14.7656,88.5938,-991.4062,0,0
62.833161,-14.7656,88.5938,-991.4062,0,0
62.837130,-14.7656,88.5938,-991.4062,0,0
62.841096,-14.7656,88.5938,-991.4062,0,0
62.845161,-14.7656,88.5938,-991.4062,0,0
62.849130,-14.7656,88.5938,-991.4062,0,0
62.853103,-14.7656,88.5938,-991.4062,0,0
62.857090,-14.7656,88.5938,-991.4062,0,0
62.861167,-14.7656,88.5938,-991.4062,0,0
62.865080,-14.7656,88.5938,-991.4062,0,0
62.869145,-14.7656,88.5938,-991.4062,0,0
62.873116,-14.7656,88.5938,-991.4062,0,0
62.877082,-14.7656,88.5938,-991.4062,0,0
62.881145,-14.7656,88.5938,-991.4062,0,0
62.885116,-14.7656,88.5938,-991.4062,0,0
62.889082,-14.7656,88.5938,-991.4062,0,0
62.893145,-14.7656,88.5938,-991.4062,0,0
62.897116,-14.7656,88.5938,-991.4062,0,0
62.901090,-14.7656,88.5938,-991.4062,0,0
62.905107,-14.7656,88.5938,-991.4062,0,0
62.909078,-14.7656,88.5938,-991.4062,0,0
62.913152,-14.7656,88.5938,-991.4062,0,0
62.917137,-14.7656,88.5938,-991.4062,0,0
62.921107,-14.7656,88.5938,-991.4062,0,0
62.925078,-14.7656,88.5938,-991.4062,0,0
62.929145,-14.7656,88.5938,-991.4062,0,0
62.933116,-14.7656,88.5938,-991.4062,0,0
62.937090,-14.7656,88.5938,-991.4062,0,0
62.941156,-14.7656,88.5938,-991.4062,0,0
62.945123,-14.7656,88.5938,-991.4062,0,0
62.949090,-14.7656,88.5938,-991.4062,0,0
62.953163,-14.7656,88.5938,-991.4062,0,0
62.957137,-14.7656,88.5938,-991.4062,0,0
62.961107,-14.7656,88.5938,-991.4062,0,0
62.965078,-14.7656,88.5938,-991.4062,0,0
62.969145,-14.7656,88.5938,-991.4062,0,0
62.973116,-14.7656,88.5938,-991.4062,0,0
62.977082,-14.7656,88.5938,-991.4062,0,0
62.981145,-14.7656,88.5938,-991.4062,0,0
62.985116,-14.7656,88.5938,-991.4062,0,0
62.989082,-14.7656,88.5938,-991.4062,0,0
62.993145,-14.7656,88.5938,-991.4062,0,0
62.997116,-14.7656,88.5938,-991.4062,0,0
63.001143,-14.7656,88.5938,-991.4062,0,0
63.005137,-14.7656,88.5938,-991.4062,0,0
63.009107,-14.7656,88.5938,-991.4062,0,0
63.013090,-14.7656,88.5938,-991.4062,0,0
63.017074,-14.7656,88.5938,-991.4062,0,0
63.021142,-14.7656,88.5938,-991.4062,0,0
63.025114,-14.7656,88.5938,-991.4062,0,0
63.029154,-14.7656,88.5938,-991.4062,0,0
63.033152,-14.7656,88.5938,-991.4062,0,0
63.037080,-14.7656,88.5938,-991.4062,0,0
63.041160,-14.7656,88.5938,-991.4062,0,0
63.045130,-14.7656,88.5938,-991.4062,0,0
63.049096,-14.7656,88.5938,-991.4062,0,0
63.053071,-14.7656,88.5938,-991.4062,0,0
63.057074,-14.7656,88.5938,-991.4062,0,0
63.061103,-14.7656,88.5938,-991.4062,0,0
63.066746,-14.7656,88.5938,-991.4062,0,0
63.069081,-14.7656,88.5938,-991.4062,0,0
63.073071,-14.7656,88.5938,-991.4062,0,0
63.077082,-14.7656,88.5938,-991.4062,0,0
63.081145,-14.7656,88.5938,-991.4062,0,0
63.085137,-14.7656,88.5938,-991.4062,0,0
63.089107,-14.7656,88.5938,-991.4062,0,0
63.093078,-14.7656,88.5938,-991.4062,0,0
63.097141,-14.7656,88.5938,-991.4062,0,0
63.101133,-14.7656,88.5938,-991.4062,0,0
63.105105,-14.7656,88.5938,-991.4062,0,0
63.109114,-14.7656,88.5938,-991.4062,0,0
63.113161,-14.7656,88.5938,-991.4062,0,0
63.117152,-14.7656,88.5938,-991.4062,0,0
63.121142,-14.7656,88.5938,-991.4062,0,0
63.125156,-14.7656,88.5938,-991.4062,0,0
63.129125,-14.7656,88.5938,-991.4062,0,0
63.133094,-14.7656,88.5938,-991.4062,0,0
63.137148,-14.7656,88.5938,-991.4062,0,0
63.141152,-14.7656,88.5938,-991.4062,0,0
63.145104,-14.7656,88.5938,-991.4062,0,0
63.149134,-14.7656,88.5938,-991.4062,0,0
63.153078,-14.7656,88.5938,-991.4062,0,0
63.157082,-14.7656,88.5938,-991.4062,0,0
63.161145,-14.7656,88.5938,-991.4062,0,0
63.165116,-14.7656,88.5938,-991.4062,0,0
63.169082,-14.7656,88.5938,-991.4062,0,0
63.173145,-14.7656,88.5938,-991.4062,0,0
63.177116,-14.7656,88.5938,-991.4062,0,0
63.181082,-14.7656,88.5938,-991.4062,0,0
63.185145,-14.7656,88.5938,-991.4062,0,0
63.189116,-14.7656,88.5938,-991.4062,0,0
63.193082,-14.7656,88.5938,-991.4062,0,0
63.197145,-14.7656,88.5938,-991.4062,0,0
63.201116,-14.7656,88.5938,-991.4062,0,0
63.205082,-14.7656,88.5938,-991.4062,0,0
63.209152,-14.7656,88.5938,-991.4062,0,0
63.213090,-14.7656,88.5938,-991.4062,0,0
63.217074,-14.7656,88.5938,-991.4062,0,0
63.221142,-14.7656,88.5938,-991.4062,0,0
63.225114,-14.7656,88.5938,-991.4062,0,0
63.229082,-14.7656,88.5938,-991.4062,0,0
63.233145,-14.7656,88.5938,-991.4062,0,0
63.237116,-14.7656,88.5938,-991.4062,0,0
63.241082,-14.7656,88.5938,-991.4062,0,0
63.245145,-14.7656,88.5938,-991.4062,0,0
63.249116,-14.7656,88.5938,-991.4062,0,0
63.253090,-14.7656,88.5938,-991.4062,0,0
63.257160,-14.7656,88.5938,-991.4062,0,0
63.261130,-14.7656,88.5938,-991.4062,0,0
63.265096,-14.7656,88.5938,-991.4062,0,0
63.269161,-14.7656,88.5938,-991.4062,0,0
63.273130,-14.7656,88.5938,-991.4062,0,0
63.277096,-14.7656,88.5938,-991.4062,0,0
63.281105,-14.7656,88.5938,-991.4062,0,0
63.285074,-14.7656,88.5938,-991.4062,0,0
63.289142,-14.7656,88.5938,-991.4062,0,0
63.293114,-14.7656,88.5938,-991.4062,0,0
63.297082,-14.7656,88.5938,-991.4062,0,0
63.301145,-14.7656,88.5938,-991.4062,0,0
63.305116,-14.7656,88.5938,-991.4062,0,0
63.309141,-14.7656,88.5938,-991.4062,0,0
63.313132,-14.7656,88.5938,-991.4062,0,0
63.317114,-14.7656,88.5938,-991.4062,0,0
63.321082,-14.7656,88.5938,-991.4062,0,0
63.325145,-14.7656,88.5938,-991.4062,0,0
63.329116,-14.7656,88.5938,-991.4062,0,0
63.333082,-14.7656,88.5938,-991.4062,0,0
63.337145,-14.7656,88.5938,-991.4062,0,0
63.341116,-14.7656,88.5938,-991.4062,0,0
63.345082,-14.7656,88.5938,-991.4062,0,0
63.349145,-14.7656,88.5938,-991.4062,0,0
63.353127,-14.7656,88.5938,-991.4062,0,0
63.357096,-14.7656,88.5938,-991.4062,0,0
63.361171,-14.7656,88.5938,-991.4062,0,0
63.365074,-14.7656,88.5938,-991.4062,0,0
63.369142,-14.7656,88.5938,-991.4062,0,0
63.373114,-14.7656,88.5938,-991.4062,0,0
63.377082,-14.7656,88.5938,-991.4062,0,0
63.381145,-14.7656,88.5938,-991.4062,0,0
63.385116,-14.7656,88.5938,-991.4062,0,0
63.389151,-14.7656,88.5938,-991.4062,0,0
63.393090,-14.7656,88.5938,-991.4062,0,0
63.397126,-14.7656,88.5938,-991.4062,0,0
63.401067,-14.7656,88.5938,-991.4062,0,0
63.405996,-14.7656,88.5938,-991.4062,0,0
63.409068,-14.7656,88.5938,-991.4062,0,0
63.413142,-14.7656,88.5938,-991.4062,0,0
63.417144,-14.7656,88.5938,-991.4062,0,0
63.421109,-14.7656,88.5938,-991.4062,0,0
63.425138,-14.7656,88.5938,-991.4062,0,0
63.429104,-14.7656,88.5938,-991.4062,0,0
63.433070,-14.7656,88.5938,-991.4062,0,0
63.437106,-14.7656,88.5938,-991.4062,0,0
63.441106,-14.7656,88.5938,-991.4062,0,0
63.445142,-14.7656,88.5938,-991.4062,0,0
63.449090,-14.7656,88.5938,-991.4062,0,0
63.453167,-14.7656,88.5938,-991.4062,0,0
63.457137,-14.7656,88.5938,-991.4062,0,0
63.461107,-14.7656,88.5938,-991.4062,0,0
63.465078,-14.7656,88.5938,-991.4062,0,0
63.469145,-14.7656,88.5938,-991.4062,0,0
63.473116,-14.7656,88.5938,-991.4062,0,0
63.477082,-14.7656,88.5938,-991.4062,0,0
63.481145,-14.7656,88.5938,-991.4062,0,0
63.485116,-14.7656,88.5938,-991.4062,0,0
63.489082,-14.7656,88.5938,-991.4062,0,0
63.493145,-14.7656,88.5938,-991.4062,0,0
63.497116,-14.7656,88.5938,-991.4062,0,0
63.501082,-14.7656,88.5938,-991.4062,0,0
63.505145,-14.7656,88.5938,-991.4062,0,0
63.509116,-14.7656,88.5938,-991.4062,0,0
63.513091,-14.7656,88.5938,-991.4062,0,0
63.517102,-14.7656,88.5938,-991.4062,0,0
63.521074,-14.7656,88.5938,-991.4062,0,0
63.525142,-14.7656,88.5938,-991.4062,0,0
63.529114,-14.7656,88.5938,-991.4062,0,0
63.533082,-14.7656,88.5938,-991.4062,0,0
63.537145,-14.7656,88.5938,-991.4062,0,0
63.541116,-14.7656,88.5938,-991.4062,0,0
63.545082,-14.7656,88.5938,-991.4062,0,0
63.549145,-14.7656,88.5938,-991.4062,0,0
63.553128,-14.7656,88.5938,-991.4062,0,0
63.557096,-14.7656,88.5938,-991.4062,0,0
63.561161,-14.7656,88.5938,-991.4062,0,0
63.565130,-14.7656,88.5938,-991.4062,0,0
63.569096,-14.7656,88.5938,-991.4062,0,0
63.573161,-14.7656,88.5938,-991.4062,0,0
63.577130,-14.7656,88.5938,-991.4062,0,0
63.581096,-14.7656,88.5938,-991.4062,0,0
63.585161,-14.7656,88.5938,-991.4062,0,0
63.589130,-14.7656,88.5938,-991.4062,0,0
63.593096,-14.7656,88.5938,-991.4062,0,0
63.597161,-14.7656,88.5938,-991.4062,0,0
63.601130,-14.7656,88.5938,-991.4062,0,0
63.605096,-14.7656,88.5938,-991.4062,0,0
63.609161,-14.7656,88.5938,-991.4062,0,0
63.613141,-14.7656,88.5938,-991.4062,0,0
63.617080,-14.7656,88.5938,-991.4062,0,0
63.621145,-14.7656,88.5938,-991.4062,0,0
63.625137,-14.7656,88.5938,-991.4062,0,0
63.629107,-14.7656,88.5938,-991.4062,0,0
63.633078,-14.7656,88.5938,-991.4062,0,0
63.637160,-14.7656,88.5938,-991.4062,0,0
63.641130,-14.7656,88.5938,-991.4062,0,0
63.645096,-14.7656,88.5938,-991.4062,0,0
63.649161,-14.7656,88.5938,-991.4062,0,0
63.653144,-14.7656,88.5938,-991.4062,0,0
63.657114,-14.7656,88.5938,-991.4062,0,0
63.661082,-14.7656,88.5938,-991.4062,0,0
63.665145,-14.7656,88.5938,-991.4062,0,0
63.669116,-14.7656,88.5938,-991.4062,0,0
63.673082,-14.7656,88.5938,-991.4062,0,0
63.677145,-14.7656,88.5938,-991.4062,0,0
63.681116,-14.7656,88.5938,-991.4062,0,0
63.685082,-14.7656,88.5938,-991.4062,0,0
63.689064,-14.7656,88.5938,-991.4062,0,0
63.693072,-14.7656,88.5938,-991.4062,0,0
63.697082,-14.7656,88.5938,-991.4062,0,0
63.701145,-14.7656,88.5938,-991.4062,0,0
63.705111,-14.7656,88.5938,-991.4062,0,0
63.711922,-14.7656,88.5938,-991.4062,0,0
63.713138,-14.7656,88.5938,-991.4062,0,0
63.717114,-14.7656,88.5938,-991.4062,0,0
63.721138,-14.7656,88.5938,-991.4062,0,0
63.726239,-14.7656,88.5938,-991.4062,0,0
63.729335,-14.7656,88.5938,-991.4062,0,0
63.733124,-14.7656,88.5938,-991.4062,0,0
63.737131,-14.7656,88.5938,-991.4062,0,0
63.741108,-14.7656,88.5938,-991.4062,0,0
63.745096,-14.7656,88.5938,-991.4062,0,0
63.749096,-14.7656,88.5938,-991.4062,0,0
63.753091,-14.7656,88.5938,-991.4062,0,0
63.757082,-14.7656,88.5938,-991.4062,0,0
63.761145,-14.7656,88.5938,-991.4062,0,0
63.765117,-14.7656,88.5938,-991.4062,0,0
63.769098,-14.7656,88.5938,-991.4062,0,0
63.773080,-14.7656,88.5938,-991.4062,0,0
63.777102,-14.7656,88.5938,-991.4062,0,0
63.781121,-14.7656,88.5938,-991.4062,0,0
63.785161,-14.7656,88.5938,-991.4062,0,0
63.789137,-14.7656,88.5938,-991.4062,0,0
63.793107,-14.7656,88.5938,-991.4062,0,0
63.797078,-14.7656,88.5938,-991.4062,0,0
63.801145,-14.7656,88.5938,-991.4062,0,0
63.805116,-14.7656,88.5938,-991.4062,0,0
63.809082,-14.7656,88.5938,-991.4062,0,0
63.813141,-14.7656,88.5938,-991.4062,0,0
63.817123,-14.7656,88.5938,-991.4062,0,0
63.821105,-14.7656,88.5938,-991.4062,0,0
63.825121,-14.7656,88.5938,-991.4062,0,0
63.829090,-14.7656,88.5938,-991.4062,0,0
63.833156,-14.7656,88.5938,-991.4062,0,0
63.837123,-14.7656,88.5938,-991.4062,0,0
63.841090,-14.7656,88.5938,-991.4062,0,0
63.845156,-14.7656,88.5938,-991.4062,0,0
63.849123,-14.7656,88.5938,-991.4062,0,0
63.853096,-14.7656,88.5938,-991.4062,0,0
63.857161,-14.7656,88.5938,-991.4062,0,0
63.861166,-14.7656,88.5938,-991.4062,0,0
63.865090,-14.7656,88.5938,-991.4062,0,0
63.869156,-14.7656,88.5938,-991.4062,0,0
63.873123,-14.7656,88.5938,-991.4062,0,0
63.877090,-14.7656,88.5938,-991.4062,0,0
63.881156,-14.7656,88.5938,-991.4062,0,0
63.885123,-14.7656,88.5938,-991.4062,0,0
63.889090,-14.7656,88.5938,-991.4062,0,0
63.893156,-14.7656,88.5938,-991.4062,0,0
63.897123,-14.7656,88.5938,-991.4062,0,0
63.901090,-14.7656,88.5938,-991.4062,0,0
63.905156,-14.7656,88.5938,-991.4062,0,0
63.909123,-14.7656,88.5938,-991.4062,0,0
63.913104,-14.7656,88.5938,-991.4062,0,0
63.917090,-14.7656,88.5938,-991.4062,0,0
63.921156,-14.7656,88.5938,-991.4062,0,0
63.925090,-14.7656,88.5938,-991.4062,0,0
63.929090,-14.7656,88.5938,-991.4062,0,0
63.933156,-14.7656,88.5938,-991.4062,0,0
63.937123,-14.7656,88.5938,-991.4062,0,0
63.941104,-14.7656,88.5938,-991.4062,0,0
63.945074,-14.7656,88.5938,-991.4062,0,0
63.949142,-14.7656,88.5938,-991.4062,0,0
63.953125,-14.7656,88.5938,-991.4062,0,0
63.957096,-14.7656,88.5938,-991.4062,0,0
63.961161,-14.7656,88.5938,-991.4062,0,0
63.965130,-14.7656,88.5938,-991.4062,0,0
63.969096,-14.7656,88.5938,-991.4062,0,0
63.973161,-14.7656,88.5938,-991.4062,0,0
63.977130,-14.7656,88.5938,-991.4062,0,0
63.981075,-14.7656,88.5938,-991.4062,0,0
63.985082,-14.7656,88.5938,-991.4062,0,0
63.989090,-14.7656,88.5938,-991.4062,0,0
63.993156,-14.7656,88.5938,-991.4062,0,0
63.997123,-14.7656,88.5938,-991.4062,0,0
64.001104,-14.7656,88.5938,-991.4062,0,0
64.005094,-14.7656,88.5938,-991.4062,0,0
64.009160,-14.7656,88.5938,-991.4062,0,0
64.013152,-14.7656,88.5938,-991.4062,0,0
64.017137,-14.7656,88.5938,-991.4062,0,0
64.021107,-14.7656,88.5938,-991.4062,0,0
64.025148,-14.7656,88.5938,-991.4062,0,0
64.029072,-14.7656,88.5938,-991.4062,0,0
64.033072,-14.7656,88.5938,-991.4062,0,0
64.037104,-14.7656,88.5938,-991.4062,0,0
64.041074,-14.7656,88.5938,-991.4062,0,0
64.045161,-14.7656,88.5938,-991.4062,0,0
64.049152,-14.7656,88.5938,-991.4062,0,0
64.053143,-14.7656,88.5938,-991.4062,0,0
64.057114,-14.7656,88.5938,-991.4062,0,0
64.061096,-14.7656,88.5938,-991.4062,0,0
64.065161,-14.7656,88.5938,-991.4062,0,0
64.069130,-14.7656,88.5938,-991.4062,0,0
64.073112,-14.7656,88.5938,-991.4062,0,0
64.077090,-14.7656,88.5938,-991.4062,0,0
64.081072,-14.7656,88.5938,-991.4062,0,0
64.085137,-14.7656,88.5938,-991.4062,0,0
64.089107,-14.7656,88.5938,-991.4062,0,0
64.093116,-14.7656,88.5938,-991.4062,0,0
64.097098,-14.7656,88.5938,-991.4062,0,0
64.101759,-14.7656,88.5938,-991.4062,0,0
64.105115,-14.7656,88.5938,-991.4062,0,0
64.109157,-14.7656,88.5938,-991.4062,0,0
64.113139,-14.7656,88.5938,-991.4062,0,0
64.117121,-14.7656,88.5938,-991.4062,0,0
64.121115,-14.7656,88.5938,-991.4062,0,0
64.125096,-14.7656,88.5938,-991.4062,0,0
64.129080,-14.7656,88.5938,-991.4062,0,0
64.133145,-14.7656,88.5938,-991.4062,0,0
64.137116,-14.7656,88.5938,-991.4062,0,0
64.141137,-14.7656,88.5938,-991.4062,0,0
64.145160,-14.7656,88.5938,-991.4062,0,0
64.149152,-14.7656,88.5938,-991.4062,0,0
64.153131,-14.7656,88.5938,-991.4062,0,0
64.157104,-14.7656,88.5938,-991.4062,0,0
64.161074,-14.7656,88.5938,-991.4062,0,0
64.165142,-14.7656,88.5938,-991.4062,0,0
64.169114,-14.7656,88.5938,-991.4062,0,0
64.173082,-14.7656,88.5938,-991.4062,0,0
64.177145,-14.7656,88.5938,-991.4062,0,0
64.181116,-14.7656,88.5938,-991.4062,0,0
64.185082,-14.7656,88.5938,-991.4062,0,0
64.189145,-14.7656,88.5938,-991.4062,0,0
64.193116,-14.7656,88.5938,-991.4062,0,0
64.197082,-14.7656,88.5938,-991.4062,0,0
64.201145,-14.7656,88.5938,-991.4062,0,0
64.205116,-14.7656,88.5938,-991.4062,0,0
64.209082,-14.7656,88.5938,-991.4062,0,0
64.213090,-14.7656,88.5938,-991.4062,0,0
64.217074,-14.7656,88.5938,-991.4062,0,0
64.221142,-14.7656,88.5938,-991.4062,0,0
64.225114,-14.7656,88.5938,-991.4062,0,0
64.229082,-14.7656,88.5938,-991.4062,0,0
64.233146,-14.7656,88.5938,-991.4062,0,0
64.237082,-14.7656,88.5938,-991.4062,0,0
64.241145,-14.7656,88.5938,-991.4062,0,0
64.245116,-14.7656,88.5938,-991.4062,0,0
64.249082,-14.7656,88.5938,-991.4062,0,0
64.253156,-14.7656,88.5938,-991.4062,0,0
64.257123,-14.7656,88.5938,-991.4062,0,0
64.261090,-14.7656,88.5938,-991.4062,0,0
64.265156,-14.7656,88.5938,-991.4062,0,0
64.269123,-14.7656,88.5938,-991.4062,0,0
64.273090,-14.7656,88.5938,-991.4062,0,0
64.277156,-14.7656,88.5938,-991.4062,0,0
64.281137,-14.7656,88.5938,-991.4062,0,0
64.285107,-14.7656,88.5938,-991.4062,0,0
64.289078,-14.7656,88.5938,-991.4062,0,0
64.293145,-14.7656,88.5938,-991.4062,0,0
64.297116,-14.7656,88.5938,-991.4062,0,0
64.301082,-14.7656,88.5938,-991.4062,0,0
64.305145,-14.7656,88.5938,-991.4062,0,0
64.309116,-14.7656,88.5938,-991.4062,0,0
64.313096,-14.7656,88.5938,-991.4062,0,0
64.317082,-14.7656,88.5938,-991.4062,0,0
64.321145,-14.7656,88.5938,-991.4062,0,0
64.325116,-14.7656,88.5938,-991.4062,0,0
64.329082,-14.7656,88.5938,-991.4062,0,0
64.333098,-14.7656,88.5938,-991.4062,0,0
64.337090,-14.7656,88.5938,-991.4062,0,0
64.341156,-14.7656,88.5938,-991.4062,0,0
64.345123,-14.7656,88.5938,-991.4062,0,0
64.349090,-14.7656,88.5938,-991.4062,0,0
64.353064,-14.7656,88.5938,-991.4062,0,0
64.357137,-14.7656,88.5938,-991.4062,0,0
64.361115,-14.7656,88.5938,-991.4062,0,0
64.365114,-14.7656,88.5938,-991.4062,0,0
64.369082,-14.7656,88.5938,-991.4062,0,0
64.373146,-14.7656,88.5938,-991.4062,0,0
64.377146,-14.7656,88.5938,-991.4062,0,0
64.381116,-14.7656,88.5938,-991.4062,0,0
64.385071,-14.7656,88.5938,-991.4062,0,0
64.389137,-14.7656,88.5938,-991.4062,0,0
64.393107,-14.7656,88.5938,-991.4062,0,0
64.397094,-14.7656,88.5938,-991.4062,0,0
64.401080,-14.7656,88.5938,-991.4062,0,0
64.405085,-14.7656,88.5938,-991.4062,0,0
64.412927,-14.7656,88.5938,-991.4062,0,0
64.413290,-14.7656,88.5938,-991.4062,0,0
64.417110,-14.7656,88.5938,-991.4062,0,0
64.421104,-14.7656,88.5938,-991.4062,0,0
64.425074,-14.7656,88.5938,-991.4062,0,0
64.429096,-14.7656,88.5938,-991.4062,0,0
64.433103,-14.7656,88.5938,-991.4062,0,0
64.437099,-14.7656,88.5938,-991.4062,0,0
64.441114,-14.7656,88.5938,-991.4062,0,0
64.445120,-14.7656,88.5938,-991.4062,0,0
64.449082,-14.7656,88.5938,-991.4062,0,0
64.453164,-14.7656,88.5938,-991.4062,0,0
64.457152,-14.7656,88.5938,-991.4062,0,0
64.461130,-14.7656,88.5938,-991.4062,0,0
64.465096,-14.7656,88.5938,-991.4062,0,0
64.469161,-14.7656,88.5938,-991.4062,0,0
64.473130,-14.7656,88.5938,-991.4062,0,0
64.477118,-14.7656,88.5938,-991.4062,0,0
64.481104,-14.7656,88.5938,-991.4062,0,0
64.485074,-14.7656,88.5938,-991.4062,0,0
64.489096,-14.7656,88.5938,-991.4062,0,0
64.493161,-14.7656,88.5938,-991.4062,0,0
64.497130,-14.7656,88.5938,-991.4062,0,0
64.501096,-14.7656,88.5938,-991.4062,0,0
64.505161,-14.7656,88.5938,-991.4062,0,0
64.509130,-14.7656,88.5938,-991.4062,0,0
64.513079,-14.7656,88.5938,-991.4062,0,0
64.517070,-14.7656,88.5938,-991.4062,0,0
64.521137,-14.7656,88.5938,-991.4062,0,0
64.525107,-14.7656,88.5938,-991.4062,0,0
64.529078,-14.7656,88.5938,-991.4062,0,0
64.533145,-14.7656,88.5938,-991.4062,0,0
64.537126,-14.7656,88.5938,-991.4062,0,0
64.541144,-14.7656,88.5938,-991.4062,0,0
64.545114,-14.7656,88.5938,-991.4062,0,0
64.549082,-14.7656,88.5938,-991.4062,0,0
64.553156,-14.7656,88.5938,-991.4062,0,0
64.557123,-14.7656,88.5938,-991.4062,0,0
64.561090,-14.7656,88.5938,-991.4062,0,0
64.565156,-14.7656,88.5938,-991.4062,0,0
64.569123,-14.7656,88.5938,-991.4062,0,0
64.573090,-14.7656,88.5938,-991.4062,0,0
64.577156,-14.7656,88.5938,-991.4062,0,0
64.581123,-14.7656,88.5938,-991.4062,0,0
64.585090,-14.7656,88.5938,-991.4062,0,0
64.589156,-14.7656,88.5938,-991.4062,0,0
64.593123,-14.7656,88.5938,-991.4062,0,0
64.597090,-14.7656,88.5938,-991.4062,0,0
64.601156,-14.7656,88.5938,-991.4062,0,0
64.605123,-14.7656,88.5938,-991.4062,0,0
64.609090,-14.7656,88.5938,-991.4062,0,0
64.613071,-14.7656,88.5938,-991.4062,0,0
64.617160,-14.7656,88.5938,-991.4062,0,0
64.621130,-14.7656,88.5938,-991.4062,0,0
64.625105,-14.7656,88.5938,-991.4062,0,0
64.629074,-14.7656,88.5938,-991.4062,0,0
64.633142,-14.7656,88.5938,-991.4062,0,0
64.637114,-14.7656,88.5938,-991.4062,0,0
64.641161,-14.7656,88.5938,-991.4062,0,0
64.645145,-14.7656,88.5938,-991.4062,0,0
64.649116,-14.7656,88.5938,-991.4062,0,0
64.653090,-14.7656,88.5938,-991.4062,0,0
64.657160,-14.7656,88.5938,-991.4062,0,0
64.661130,-14.7656,88.5938,-991.4062,0,0
64.665096,-14.7656,88.5938,-991.4062,0,0
64.669161,-14.7656,88.5938,-991.4062,0,0
64.673130,-14.7656,88.5938,-991.4062,0,0
64.677096,-14.7656,88.5938,-991.4062,0,0
64.681161,-14.7656,88.5938,-991.4062,0,0
64.685078,-14.7656,88.5938,-991.4062,0,0
64.689130,-14.7656,88.5938,-991.4062,0,0
64.693160,-14.7656,88.5938,-991.4062,0,0
64.697090,-14.7656,88.5938,-991.4062,0,0
64.701156,-14.7656,88.5938,-991.4062,0,0
64.705123,-14.7656,88.5938,-991.4062,0,0
64.709090,-14.7656,88.5938,-991.4062,0,0
64.713105,-14.7656,88.5938,-991.4062,0,0
64.717108,-14.7656,88.5938,-991.4062,0,0
64.721113,-14.7656,88.5938,-991.4062,0,0
64.725090,-14.7656,88.5938,-991.4062,0,0
64.729114,-14.7656,88.5938,-991.4062,0,0
64.733082,-14.7656,88.5938,-991.4062,0,0
64.737145,-14.7656,88.5938,-991.4062,0,0
64.741128,-14.7656,88.5938,-991.4062,0,0
64.745080,-14.7656,88.5938,-991.4062,0,0
64.749097,-14.7656,88.5938,-991.4062,0,0
64.753071,-14.7656,88.5938,-991.4062,0,0
64.757145,-14.7656,88.5938,-991.4062,0,0
64.761116,-14.7656,88.5938,-991.4062,0,0
64.765082,-14.7656,88.5938,-991.4062,0,0
64.769138,-14.7656,88.5938,-991.4062,0,0
64.773142,-14.7656,88.5938,-991.4062,0,0
64.777114,-14.7656,88.5938,-991.4062,0,0
64.781127,-14.7656,88.5938,-991.4062,0,0
64.785071,-14.7656,88.5938,-991.4062,0,0
64.789137,-14.7656,88.5938,-991.4062,0,0
64.793106,-14.7656,88.5938,-991.4062,0,0
64.797078,-14.7656,88.5938,-991.4062,0,0
64.801145,-14.7656,88.5938,-991.4062,0,0
64.805116,-14.7656,88.5938,-991.4062,0,0
64.809082,-14.7656,88.5938,-991.4062,0,0
64.813137,-14.7656,88.5938,-991.4062,0,0
64.817124,-14.7656,88.5938,-991.4062,0,0
64.821097,-14.7656,88.5938,-991.4062,0,0
64.825161,-14.7656,88.5938,-991.4062,0,0
64.829130,-14.7656,88.5938,-991.4062,0,0
64.833096,-14.7656,88.5938,-991.4062,0,0
64.837161,-14.7656,88.5938,-991.4062,0,0
64.841130,-14.7656,88.5938,-991.4062,0,0
64.845094,-14.7656,88.5938,-991.4062,0,0
64.849160,-14.7656,88.5938,-991.4062,0,0
64.853087,-14.7656,88.5938,-991.4062,0,0
64.857152,-14.7656,88.5938,-991.4062,0,0
64.861132,-14.7656,88.5938,-991.4062,0,0
64.865161,-14.7656,88.5938,-991.4062,0,0
64.869130,-14.7656,88.5938,-991.4062,0,0
64.873096,-14.7656,88.5938,-991.4062,0,0
64.877161,-14.7656,88.5938,-991.4062,0,0
64.881130,-14.7656,88.5938,-991.4062,0,0
64.885096,-14.7656,88.5938,-991.4062,0,0
64.889161,-14.7656,88.5938,-991.4062,0,0
64.893130,-14.7656,88.5938,-991.4062,0,0
64.897096,-14.7656,88.5938,-991.4062,0,0
64.901161,-14.7656,88.5938,-991.4062,0,0
64.905130,-14.7656,88.5938,-991.4062,0,0
64.909096,-14.7656,88.5938,-991.4062,0,0
64.913080,-14.7656,88.5938,-991.4062,0,0
64.917160,-14.7656,88.5938,-991.4062,0,0
64.921130,-14.7656,88.5938,-991.4062,0,0
64.925096,-14.7656,88.5938,-991.4062,0,0
64.929161,-14.7656,88.5938,-991.4062,0,0
64.933145,-14.7656,88.5938,-991.4062,0,0
64.937115,-14.7656,88.5938,-991.4062,0,0
64.941082,-14.7656,88.5938,-991.4062,0,0
64.945145,-14.7656,88.5938,-991.4062,0,0
64.949102,-14.7656,88.5938,-991.4062,0,0
64.953082,-14.7656,88.5938,-991.4062,0,0
64.957145,-14.7656,88.5938,-991.4062,0,0
64.961116,-14.7656,88.5938,-991.4062,0,0
64.965082,-14.7656,88.5938,-991.4062,0,0
64.969145,-14.7656,88.5938,-991.4062,0,0
64.973116,-14.7656,88.5938,-991.4062,0,0
64.977082,-14.7656,88.5938,-991.4062,0,0
64.981145,-14.7656,88.5938,-991.4062,0,0
64.985116,-14.7656,88.5938,-991.4062,0,0
64.989082,-14.7656,88.5938,-991.4062,0,0
64.993145,-14.7656,88.5938,-991.4062,0,0
64.997116,-14.7656,88.5938,-991.4062,0,0
65.001082,-14.7656,88.5938,-991.4062,0,0
65.005145,-14.7656,88.5938,-991.4062,0,0
65.009116,-14.7656,88.5938,-991.4062,0,0
65.013096,-14.7656,88.5938,-991.4062,0,0
65.017082,-14.7656,88.5938,-991.4062,0,0
65.021149,-14.7656,88.5938,-991.4062,0,0
65.025152,-14.7656,88.5938,-991.4062,0,0
65.029067,-14.7656,88.5938,-991.4062,0,0
65.035956,-14.7656,88.5938,-991.4062,0,0
65.037113,-14.7656,88.5938,-991.4062,0,0
65.041144,-14.7656,88.5938,-991.4062,0,0
65.045114,-14.7656,88.5938,-991.4062,0,0
65.049106,-14.7656,88.5938,-991.4062,0,0
65.053100,-14.7656,88.5938,-991.4062,0,0
65.057152,-14.7656,88.5938,-991.4062,0,0
65.061167,-14.7656,88.5938,-991.4062,0,0
65.065106,-14.7656,88.5938,-991.4062,0,0
65.069078,-14.7656,88.5938,-991.4062,0,0
65.073068,-14.7656,88.5938,-991.4062,0,0
65.077130,-14.7656,88.5938,-991.4062,0,0
65.081096,-14.7656,88.5938,-991.4062,0,0
65.085161,-14.7656,88.5938,-991.4062,0,0
65.089130,-14.7656,88.7695,-991.2305,0,0
65.093096,-14.7656,88.7695,-991.2305,0,0
65.097161,-14.7656,88.7695,-991.2305,0,0
65.101130,-14.7656,88.7695,-991.2305,0,0
65.105096,-14.7656,88.7695,-991.2305,0,0
65.109161,-14.7656,88.7695,-991.2305,0,0
65.113140,-14.7656,88.7695,-991.2305,0,0
65.117130,-14.7656,88.7695,-991.2305,0,0
65.121096,-14.7656,88.7695,-991.2305,0,0
65.125161,-14.7656,88.7695,-991.2305,0,0
65.129130,-14.7656,88.7695,-991.2305,0,0
65.133096,-14.7656,88.7695,-991.2305,0,0
65.137161,-14.7656,88.7695,-991.2305,0,0
65.141130,-14.7656,88.7695,-991.2305,0,0
65.145096,-14.7656,88.5938,-991.4062,0,0
65.149161,-14.7656,88.5938,-991.4062,0,0
65.153080,-14.7656,88.5938,-991.4062,0,0
65.157145,-14.7656,88.5938,-991.4062,0,0
65.161135,-14.7656,88.5938,-991.4062,0,0
65.165074,-14.7656,88.5938,-991.4062,0,0
65.169141,-14.7656,88.5938,-991.4062,0,0
65.173112,-14.7656,88.5938,-991.4062,0,0
65.177082,-14.7656,88.5938,-991.4062,0,0
65.181145,-14.7656,88.5938,-991.4062,0,0
65.185116,-14.7656,88.5938,-991.4062,0,0
65.189082,-14.7656,88.5938,-991.4062,0,0
65.193145,-14.7656,88.5938,-991.4062,0,0
65.197116,-14.7656,88.5938,-991.4062,0,0
65.201082,-14.7656,88.5938,-991.4062,0,0
65.205145,-14.7656,88.5938,-991.4062,0,0
65.209116,-14.7656,88.5938,-991.4062,0,0
65.213096,-14.7656,88.5938,-991.4062,0,0
65.217082,-14.7656,88.5938,-991.4062,0,0
65.221145,-14.7656,88.5938,-991.4062,0,0
65.225116,-14.7656,88.5938,-991.4062,0,0
65.229082,-14.7656,88.5938,-991.4062,0,0
65.233145,-14.7656,88.5938,-991.4062,0,0
65.237116,-14.7656,88.5938,-991.4062,0,0
65.241082,-14.7656,88.5938,-991.4062,0,0
65.245145,-14.7656,88.5938,-991.4062,0,0
65.249116,-14.7656,88.5938,-991.4062,0,0
65.253090,-14.7656,88.5938,-991.4062,0,0
65.257146,-14.7656,88.5938,-991.4062,0,0
65.261115,-14.7656,88.5938,-991.4062,0,0
65.265082,-14.7656,88.5938,-991.4062,0,0
65.269145,-14.7656,88.5938,-991.4062,0,0
65.273152,-14.7656,88.5938,-991.4062,0,0
65.277123,-14.7656,88.5938,-991.4062,0,0
65.281090,-14.7656,88.5938,-991.4062,0,0
65.285156,-14.7656,88.5938,-991.4062,0,0
65.289123,-14.7656,88.5938,-991.4062,0,0
65.293090,-14.7656,88.5938,-991.4062,0,0
65.297156,-14.7656,88.5938,-991.4062,0,0
65.301123,-14.7656,88.5938,-991.4062,0,0
65.305090,-14.7656,88.5938,-991.4062,0,0
65.309156,-14.7656,88.5938,-991.4062,0,0
65.313106,-14.7656,88.5938,-991.4062,0,0
65.317138,-14.7656,88.5938,-991.4062,0,0
65.321106,-14.7656,88.5938,-991.4062,0,0
65.328234,-14.7656,88.5938,-991.4062,0,0
65.329129,-14.7656,88.5938,-991.4062,0,0
65.333128,-14.7656,88.5938,-991.4062,0,0
65.337143,-14.7656,88.5938,-991.4062,0,0
65.341099,-14.7656,88.5938,-991.4062,0,0
65.345152,-14.7656,88.5938,-991.4062,0,0
65.349160,-14.7656,88.5938,-991.4062,0,0
65.353168,-14.7656,88.5938,-991.4062,0,0
65.357140,-14.7656,88.5938,-991.4062,0,0
65.361113,-14.7656,88.5938,-991.4062,0,0
65.365106,-14.7656,88.5938,-991.4062,0,0
65.369074,-14.7656,88.5938,-991.4062,0,0
65.373141,-14.7656,88.5938,-991.4062,0,0
65.377112,-14.7656,88.5938,-991.4062,0,0
65.381082,-14.7656,88.5938,-991.4062,0,0
65.385145,-14.7656,88.5938,-991.4062,0,0
65.389116,-14.7656,88.5938,-991.4062,0,0
65.393082,-14.7656,88.5938,-991.4062,0,0
65.397145,-14.7656,88.5938,-991.4062,0,0
65.401116,-14.7656,88.5938,-991.4062,0,0
65.405082,-14.7656,88.5938,-991.4062,0,0
65.409145,-14.7656,88.5938,-991.4062,0,0
65.413107,-14.7656,88.5938,-991.4062,0,0
65.417090,-14.7656,88.5938,-991.4062,0,0
65.421156,-14.7656,88.5938,-991.4062,0,0
65.425123,-14.7656,88.5938,-991.4062,0,0
65.429090,-14.7656,88.5938,-991.4062,0,0
65.433156,-14.7656,88.5938,-991.4062,0,0
65.437123,-14.7656,88.5938,-991.4062,0,0
65.441090,-14.7656,88.5938,-991.4062,0,0
65.445156,-14.7656,88.5938,-991.4062,0,0
65.449123,-14.7656,88.5938,-991.4062,0,0
65.453094,-14.7656,88.5938,-991.4062,0,0
65.457160,-14.7656,88.5938,-991.4062,0,0
65.461080,-14.7656,88.5938,-991.4062,0,0
65.465145,-14.7656,88.5938,-991.4062,0,0
65.469116,-14.7656,88.5938,-991.4062,0,0
65.473105,-14.7656,88.5938,-991.4062,0,0
65.477074,-14.7656,88.5938,-991.4062,0,0
65.481141,-14.7656,88.5938,-991.4062,0,0
65.485112,-14.7656,88.5938,-991.4062,0,0
65.489082,-14.7656,88.5938,-991.4062,0,0
65.493145,-14.7656,88.5938,-991.4062,0,0
65.497116,-14.7656,88.5938,-991.4062,0,0
65.501082,-14.7656,88.5938,-991.4062,0,0
65.505145,-14.7656,88.5938,-991.4062,0,0
65.509116,-14.7656,88.5938,-991.4062,0,0
65.513096,-14.7656,88.5938,-991.4062,0,0
65.517082,-14.7656,88.5938,-991.4062,0,0
65.521145,-14.7656,88.5938,-991.4062,0,0
65.525116,-14.7656,88.5938,-991.4062,0,0
65.529082,-14.7656,88.5938,-991.4062,0,0
65.533145,-14.7656,88.5938,-991.4062,0,0
65.537116,-14.7656,88.5938,-991.4062,0,0
65.541082,-14.7656,88.5938,-991.4062,0,0
65.545145,-14.7656,88.5938,-991.4062,0,0
65.549116,-14.7656,88.5938,-991.4062,0,0
65.553090,-14.7656,88.5938,-991.4062,0,0
65.557160,-14.7656,88.5938,-991.4062,0,0
65.561082,-14.7656,88.5938,-991.4062,0,0
65.565145,-14.7656,88.5938,-991.4062,0,0
65.569116,-14.7656,88.5938,-991.4062,0,0
65.573082,-14.7656,88.5938,-991.4062,0,0
65.577145,-14.7656,88.5938,-991.4062,0,0
65.581116,-14.7656,88.5938,-991.4062,0,0
65.585082,-14.7656,88.5938,-991.4062,0,0
65.589086,-14.7656,88.5938,-991.4062,0,0
65.593083,-14.7656,88.5938,-991.4062,0,0
65.597152,-14.7656,88.5938,-991.4062,0,0
65.601160,-14.7656,88.5938,-991.4062,0,0
65.605130,-14.7656,88.5938,-991.4062,0,0
65.609114,-14.7656,88.5938,-991.4062,0,0
65.613141,-14.7656,88.5938,-991.4062,0,0
65.617123,-14.7656,88.5938,-991.4062,0,0
65.621090,-14.7656,88.5938,-991.4062,0,0
65.626303,-14.7656,88.5938,-991.4062,0,0
65.629090,-14.7656,88.5938,-991.4062,0,0
65.633067,-14.7656,88.5938,-991.4062,0,0
65.637255,-14.7656,88.5938,-991.4062,0,0
65.641123,-14.7656,88.5938,-991.4062,0,0
65.645137,-14.7656,88.5938,-991.4062,0,0
65.649129,-14.7656,88.5938,-991.4062,0,0
65.653103,-14.7656,88.5938,-991.4062,0,0
65.657109,-14.7656,88.5938,-991.4062,0,0
65.661082,-14.7656,88.5938,-991.4062,0,0
65.665126,-14.7656,88.5938,-991.4062,0,0
65.669097,-14.7656,88.5938,-991.4062,0,0
65.673161,-14.7656,88.5938,-991.4062,0,0
65.677161,-14.7656,88.5938,-991.4062,0,0
65.681145,-14.7656,88.5938,-991.4062,0,0
65.685132,-14.7656,88.5938,-991.4062,0,0
65.689124,-14.7656,88.5938,-991.4062,0,0
65.693098,-14.7656,88.5938,-991.4062,0,0
65.697167,-14.7656,88.5938,-991.4062,0,0
65.701145,-14.7656,88.5938,-991.4062,0,0
65.705116,-14.7656,88.5938,-991.4062,0,0
65.709082,-14.7656,88.5938,-991.4062,0,0
65.713107,-14.7656,88.5938,-991.4062,0,0
65.717090,-14.7656,88.5938,-991.4062,0,0
65.721156,-14.7656,88.5938,-991.4062,0,0
65.725123,-14.7656,88.5938,-991.4062,0,0
65.729090,-14.7656,88.5938,-991.4062,0,0
65.733156,-14.7656,88.5938,-991.4062,0,0
65.737123,-14.7656,88.5938,-991.4062,0,0
65.741090,-14.7656,88.5938,-991.4062,0,0
65.745156,-14.7656,88.5938,-991.4062,0,0
65.749123,-14.7656,88.5938,-991.4062,0,0
65.753099,-14.7656,88.5938,-991.4062,0,0
65.757082,-14.7656,88.5938,-991.4062,0,0
65.761145,-14.7656,88.5938,-991.4062,0,0
65.765116,-14.7656,88.5938,-991.4062,0,0
65.769090,-14.7656,88.5938,-991.4062,0,0
65.773096,-14.7656,88.5938,-991.4062,0,0
65.777161,-14.7656,88.5938,-991.4062,0,0
65.781130,-14.7656,88.5938,-991.4062,0,0
65.785096,-14.7656,88.5938,-991.4062,0,0
65.789161,-14.7656,88.5938,-991.4062,0,0
65.793130,-14.7656,88.5938,-991.4062,0,0
65.797096,-14.7656,88.5938,-991.4062,0,0
65.801161,-14.7656,88.5938,-991.4062,0,0
65.805130,-14.7656,88.5938,-991.4062,0,0
65.809096,-14.7656,88.5938,-991.4062,0,0
65.813080,-14.7656,88.5938,-991.4062,0,0
65.817160,-14.7656,88.5938,-991.4062,0,0
65.821130,-14.7656,88.5938,-991.4062,0,0
65.825096,-14.7656,88.5938,-991.4062,0,0
65.829161,-14.7656,88.5938,-991.4062,0,0
65.833130,-14.7656,88.5938,-991.4062,0,0
65.837096,-14.7656,88.5938,-991.4062,0,0
65.841080,-14.7656,88.5938,-991.4062,0,0
65.845145,-14.7656,88.5938,-991.4062,0,0
65.849116,-14.7656,88.5938,-991.4062,0,0
65.853094,-14.7656,88.5938,-991.4062,0,0
65.857160,-14.7656,88.5938,-991.4062,0,0
65.861139,-14.7656,88.5938,-991.4062,0,0
65.865152,-14.7656,88.5938,-991.4062,0,0
65.869080,-14.7656,88.5938,-991.4062,0,0
65.873071,-14.7656,88.5938,-991.4062,0,0
65.877137,-14.7656,88.5938,-991.4062,0,0
65.881106,-14.7656,88.5938,-991.4062,0,0
65.885078,-14.7656,88.5938,-991.4062,0,0
65.889145,-14.7656,88.5938,-991.4062,0,0
65.893156,-14.7656,88.5938,-991.4062,0,0
65.897141,-14.7656,88.5938,-991.4062,0,0
65.901109,-14.7656,88.5938,-991.4062,0,0
65.905090,-14.7656,88.5938,-991.4062,0,0
65.909094,-14.7656,88.5938,-991.4062,0,0
65.913156,-14.7656,88.5938,-991.4062,0,0
65.918767,-14.7656,88.5938,-991.4062,0,0
65.921131,-14.7656,88.5938,-991.4062,0,0
65.925145,-14.7656,88.5938,-991.4062,0,0
65.929116,-14.7656,88.5938,-991.4062,0,0
65.933097,-14.7656,88.5938,-991.4062,0,0
65.937090,-14.7656,88.5938,-991.4062,0,0
65.941156,-14.7656,88.5938,-991.4062,0,0
65.945123,-14.7656,88.5938,-991.4062,0,0
65.949090,-14.7656,88.5938,-991.4062,0,0
65.953170,-14.7656,88.5938,-991.4062,0,0
65.957079,-14.7656,88.5938,-991.4062,0,0
65.961145,-14.7656,88.5938,-991.4062,0,0
65.965071,-14.7656,88.5938,-991.4062,0,0
65.969173,-14.7656,88.5938,-991.4062,0,0
65.973125,-14.7656,88.5938,-991.4062,0,0
65.977074,-14.7656,88.5938,-991.4062,0,0
65.981090,-14.7656,88.5938,-991.4062,0,0
65.985078,-14.7656,88.5938,-991.4062,0,0
65.989106,-14.7656,88.5938,-991.4062,0,0
65.993078,-14.7656,88.5938,-991.4062,0,0
65.997066,-14.7656,88.5938,-991.4062,0,0
66.001137,-14.7656,88.5938,-991.4062,0,0
66.005106,-14.7656,88.5938,-991.4062,0,0
66.009078,-14.7656,88.5938,-991.4062,0,0
66.013140,-14.7656,88.5938,-991.4062,0,0
66.017123,-14.7656,88.5938,-991.4062,0,0
66.021090,-14.7656,88.5938,-991.4062,0,0
66.025156,-14.7656,88.5938,-991.4062,0,0
66.029123,-14.7656,88.5938,-991.4062,0,0
66.033090,-14.7656,88.5938,-991.4062,0,0
66.037156,-14.7656,88.5938,-991.4062,0,0
66.041123,-14.7656,88.5938,-991.4062,0,0
66.045090,-14.7656,88.5938,-991.4062,0,0
66.049156,-14.7656,88.5938,-991.4062,0,0
66.053131,-14.7656,88.5938,-991.4062,0,0
66.057104,-14.7656,88.5938,-991.4062,0,0
66.061074,-14.7656,88.5938,-991.4062,0,0
66.065141,-14.7656,88.5938,-991.4062,0,0
66.069112,-14.7656,88.5938,-991.4062,0,0
66.073077,-14.7656,88.5938,-991.4062,0,0
66.077102,-14.7656,88.5938,-991.4062,0,0
66.081074,-14.7656,88.5938,-991.4062,0,0
66.085141,-14.7656,88.5938,-991.4062,0,0
66.089112,-14.7656,88.5938,-991.4062,0,0
66.093082,-14.7656,88.5938,-991.4062,0,0
66.097145,-14.7656,88.5938,-991.4062,0,0
66.101116,-14.7656,88.5938,-991.4062,0,0
66.105082,-14.7656,88.5938,-991.4062,0,0
66.109145,-14.7656,88.5938,-991.4062,0,0
66.113147,-14.7656,88.5938,-991.4062,0,0
66.117137,-14.7656,88.5938,-991.4062,0,0
66.121106,-14.7656,88.5938,-991.4062,0,0
66.125078,-14.7656,88.5938,-991.4062,0,0
66.129145,-14.7656,88.5938,-991.4062,0,0
66.133116,-14.7656,88.5938,-991.4062,0,0
66.137082,-14.7656,88.5938,-991.4062,0,0
66.141145,-14.7656,88.5938,-991.4062,0,0
66.145156,-14.7656,88.5938,-991.4062,0,0
66.149123,-14.7656,88.5938,-991.4062,0,0
66.153094,-14.7656,88.5938,-991.4062,0,0
66.157160,-14.7656,88.5938,-991.4062,0,0
66.161130,-14.7656,88.5938,-991.4062,0,0
66.165096,-14.7656,88.5938,-991.4062,0,0
66.169161,-14.7656,88.5938,-991.4062,0,0
66.173130,-14.7656,88.5938,-991.4062,0,0
66.177161,-14.7656,88.5938,-991.4062,0,0
66.181071,-14.7656,88.5938,-991.4062,0,0
66.185137,-14.9414,88.5938,-991.4062,0,0
66.189106,-14.9414,88.5938,-991.4062,0,0
66.193078,-14.9414,88.5938,-991.4062,0,0
66.197145,-14.9414,88.5938,-991.4062,0,0
66.201116,-14.9414,88.5938,-991.4062,0,0
66.205082,-14.9414,88.5938,-991.4062,0,0
66.209145,-14.9414,88.5938,-991.4062,0,0
66.213124,-14.9414,88.5938,-991.4062,0,0
66.217129,-14.9414,88.5938,-991.4062,0,0
66.221066,-14.9414,88.5938,-991.4062,0,0
66.225137,-14.9414,88.5938,-991.4062,0,0
66.229064,-14.9414,88.5938,-991.4062,0,0
66.233125,-14.9414,88.5938,-991.4062,0,0
66.237097,-14.9414,88.5938,-991.4062,0,0
66.241161,-14.9414,88.5938,-991.4062,0,0
66.245143,-14.9414,88.5938,-991.4062,0,0
66.249916,-14.9414,88.5938,-991.4062,0,0
66.253118,-14.9414,88.5938,-991.4062,0,0
66.257107,-14.9414,88.5938,-991.4062,0,0
66.261117,-14.9414,88.5938,-991.4062,0,0
66.265104,-14.9414,88.5938,-991.4062,0,0
66.269074,-14.9414,88.5938,-991.4062,0,0
66.273141,-14.9414,88.5938,-991.4062,0,0
66.277079,-14.9414,88.5938,-991.4062,0,0
66.281124,-14.9414,88.5938,-991.4062,0,0
66.285123,-14.9414,88.5938,-991.4062,0,0
66.289147,-14.9414,88.5938,-991.4062,0,0
66.293101,-14.9414,88.5938,-991.4062,0,0
66.297156,-14.9414,88.5938,-991.4062,0,0
66.301147,-14.9414,88.5938,-991.4062,0,0
66.305116,-14.9414,88.5938,-991.4062,0,0
66.309090,-14.9414,88.5938,-991.4062,0,0
66.313142,-14.9414,88.5938,-991.4062,0,0
66.317123,-14.9414,88.5938,-991.4062,0,0
66.321090,-14.9414,88.5938,-991.4062,0,0
66.325156,-14.9414,88.5938,-991.4062,0,0
66.329147,-14.9414,88.5938,-991.4062,0,0
66.333129,-14.9414,88.5938,-991.4062,0,0
66.337149,-14.9414,88.5938,-991.4062,0,0
66.341124,-14.9414,88.5938,-991.4062,0,0
66.345097,-14.9414,88.5938,-991.4062,0,0
66.349161,-14.9414,88.5938,-991.4062,0,0
66.353151,-14.9414,88.5938,-991.4062,0,0
66.357123,-14.9414,88.5938,-991.4062,0,0
66.361091,-14.9414,88.5938,-991.4062,0,0
66.365082,-14.9414,88.5938,-991.4062,0,0
66.369145,-14.9414,88.5938,-991.4062,0,0
66.373116,-14.9414,88.5938,-991.4062,0,0
66.377082,-14.9414,88.5938,-991.4062,0,0
66.381157,-14.9414,88.5938,-991.4062,0,0
66.385131,-14.9414,88.5938,-991.4062,0,0
66.389160,-14.9414,88.5938,-991.4062,0,0
66.393130,-14.9414,88.5938,-991.4062,0,0
66.397096,-14.9414,88.5938,-991.4062,0,0
66.401161,-14.9414,88.5938,-991.4062,0,0
66.405130,-14.9414,88.5938,-991.4062,0,0
66.409096,-14.9414,88.5938,-991.4062,0,0
66.413080,-14.9414,88.5938,-991.4062,0,0
66.417160,-14.9414,88.5938,-991.4062,0,0
66.421130,-14.9414,88.5938,-991.4062,0,0
66.425096,-14.9414,88.5938,-991.4062,0,0
66.429161,-14.9414,88.5938,-991.4062,0,0
66.433130,-14.9414,88.5938,-991.4062,0,0
66.437096,-14.9414,88.5938,-991.4062,0,0
66.441161,-14.9414,88.5938,-991.4062,0,0
66.445130,-14.9414,88.5938,-991.4062,0,0
66.449096,-14.9414,88.5938,-991.4062,0,0
66.453075,-14.9414,88.5938,-991.4062,0,0
66.457145,-14.9414,88.5938,-991.4062,0,0
66.461116,-14.9414,88.5938,-991.4062,0,0
66.465082,-14.9414,88.5938,-991.4062,0,0
66.469152,-14.9414,88.5938,-991.4062,0,0
66.473123,-14.9414,88.5938,-991.4062,0,0
66.477090,-14.9414,88.5938,-991.4062,0,0
66.481156,-14.9414,88.5938,-991.4062,0,0
66.485090,-14.9414,88.5938,-991.4062,0,0
66.489160,-14.9414,88.5938,-991.4062,0,0
66.493152,-14.9414,88.5938,-991.4062,0,0
66.497123,-14.9414,88.5938,-991.4062,0,0
66.501090,-14.9414,88.5938,-991.4062,0,0
66.505156,-14.9414,88.5938,-991.4062,0,0
66.509123,-14.9414,88.5938,-991.4062,0,0
66.513104,-14.9414,88.5938,-991.4062,0,0
66.517090,-14.9414,88.5938,-991.4062,0,0
66.521156,-14.9414,88.5938,-991.4062,0,0
66.525123,-14.9414,88.5938,-991.4062,0,0
66.529090,-14.9414,88.5938,-991.4062,0,0
66.533156,-14.9414,88.5938,-991.4062,0,0
66.537123,-14.9414,88.5938,-991.4062,0,0
66.541114,-14.9414,88.5938,-991.4062,0,0
66.545156,-14.9414,88.5938,-991.4062,0,0
66.549128,-14.9414,88.5938,-991.4062,0,0
66.553168,-14.9414,88.5938,-991.4062,0,0
66.557137,-14.9414,88.5938,-991.4062,0,0
66.561106,-14.9414,88.5938,-991.4062,0,0
66.565078,-14.9414,88.5938,-991.4062,0,0
66.569103,-14.9414,88.5938,-991.4062,0,0
66.573096,-14.9414,88.5938,-991.4062,0,0
66.577161,-14.9414,88.5938,-991.4062,0,0
66.583870,-14.9414,88.5938,-991.4062,0,0
66.585080,-14.9414,88.5938,-991.4062,0,0
66.589152,-14.9414,88.5938,-991.4062,0,0
66.593070,-14.9414,88.5938,-991.4062,0,0
66.597130,-14.9414,88.5938,-991.4062,0,0
66.601136,-14.9414,88.5938,-991.4062,0,0
66.605122,-14.9414,88.5938,-991.4062,0,0
66.609094,-14.9414,88.5938,-991.4062,0,0
66.613075,-14.9414,88.5938,-991.4062,0,0
66.617152,-14.9414,88.5938,-991.4062,0,0
66.621123,-14.9414,88.5938,-991.4062,0,0
66.625090,-14.9414,88.5938,-991.4062,0,0
66.629156,-14.9414,88.5938,-991.4062,0,0
66.633123,-14.9414,88.5938,-991.4062,0,0
66.637090,-14.9414,88.5938,-991.4062,0,0
66.641156,-14.9414,88.5938,-991.4062,0,0
66.645123,-14.9414,88.5938,-991.4062,0,0
66.649090,-14.9414,88.5938,-991.4062,0,0
66.653167,-14.9414,88.5938,-991.4062,0,0
66.657137,-14.9414,88.5938,-991.4062,0,0
66.661106,-14.9414,88.5938,-991.4062,0,0
66.665078,-14.9414,88.5938,-991.4062,0,0
66.669145,-14.9414,88.5938,-991.4062,0,0
66.673116,-14.9414,88.5938,-991.4062,0,0
66.677082,-14.9414,88.5938,-991.4062,0,0
66.681145,-14.9414,88.5938,-991.4062,0,0
66.685116,-14.9414,88.5938,-991.4062,0,0
66.689090,-14.9414,88.5938,-991.4062,0,0
66.693104,-14.9414,88.5938,-991.4062,0,0
66.697074,-14.9414,88.5938,-991.4062,0,0
66.701141,-14.9414,88.5938,-991.4062,0,0
66.705112,-14.9414,88.5938,-991.4062,0,0
66.709082,-14.9414,88.5938,-991.4062,0,0
66.713152,-14.9414,88.5938,-991.4062,0,0
66.717137,-14.9414,88.5938,-991.4062,0,0
66.721106,-14.9414,88.5938,-991.4062,0,0
66.725078,-14.9414,88.5938,-991.4062,0,0
66.729145,-14.9414,88.5938,-991.4062,0,0
66.733116,-14.9414,88.5938,-991.4062,0,0
66.737082,-14.9414,88.5938,-991.4062,0,0
66.741145,-14.9414,88.5938,-991.4062,0,0
66.745116,-14.9414,88.5938,-991.4062,0,0
66.749082,-14.9414,88.5938,-991.4062,0,0
66.753156,-14.9414,88.5938,-991.4062,0,0
66.757123,-14.9414,88.5938,-991.4062,0,0
66.761090,-14.9414,88.5938,-991.4062,0,0
66.765156,-14.9414,88.5938,-991.4062,0,0
66.769123,-14.9414,88.5938,-991.4062,0,0
66.773090,-14.9414,88.5938,-991.4062,0,0
66.777156,-14.9414,88.5938,-991.4062,0,0
66.781123,-14.9414,88.5938,-991.4062,0,0
66.785090,-14.9414,88.5938,-991.4062,0,0
66.789156,-14.9414,88.5938,-991.4062,0,0
66.793102,-14.9414,88.5938,-991.4062,0,0
66.797097,-14.9414,88.5938,-991.4062,0,0
66.801161,-14.9414,88.5938,-991.4062,0,0
66.805130,-14.9414,88.5938,-991.4062,0,0
66.809096,-14.9414,88.5938,-991.4062,0,0
66.813071,-14.9414,88.5938,-991.4062,0,0
66.817152,-14.9414,88.5938,-991.4062,0,0
66.821123,-14.9414,88.5938,-991.4062,0,0
66.825090,-14.9414,88.5938,-991.4062,0,0
66.829156,-14.9414,88.5938,-991.4062,0,0
66.833123,-14.9414,88.5938,-991.4062,0,0
66.837090,-14.9414,88.5938,-991.4062,0,0
66.841156,-14.9414,88.5938,-991.4062,0,0
66.845123,-14.9414,88.5938,-991.4062,0,0
66.849090,-14.9414,88.5938,-991.4062,0,0
66.853064,-14.9414,88.5938,-991.4062,0,0
66.857149,-14.9414,88.5938,-991.4062,0,0
66.861134,-14.9414,88.5938,-991.4062,0,0
66.865160,-14.9414,88.5938,-991.4062,0,0
66.869079,-14.9414,88.5938,-991.4062,0,0
66.873160,-14.9414,88.5938,-991.4062,0,0
66.877130,-14.9414,88.5938,-991.4062,0,0
66.881096,-14.9414,88.5938,-991.4062,0,0
66.885161,-14.9414,88.5938,-991.4062,0,0
66.889130,-14.9414,88.5938,-991.4062,0,0
66.893090,-14.9414,88.5938,-991.4062,0,0
66.897108,-14.9414,88.5938,-991.4062,0,0
66.901082,-14.9414,88.5938,-991.4062,0,0
66.905145,-14.9414,88.5938,-991.4062,0,0
66.909116,-14.9414,88.5938,-991.4062,0,0
66.913096,-14.9414,88.5938,-991.4062,0,0
66.917082,-14.9414,88.5938,-991.4062,0,0
66.921090,-14.9414,88.5938,-991.4062,0,0
66.925156,-14.9414,88.5938,-991.4062,0,0
66.929123,-14.9414,88.5938,-991.4062,0,0
66.933090,-14.9414,88.5938,-991.4062,0,0
66.937156,-14.9414,88.5938,-991.4062,0,0
66.943490,-14.9414,88.5938,-991.4062,0,0
66.945085,-14.9414,88.5938,-991.4062,0,0
66.949090,-14.9414,88.5938,-991.4062,0,0
66.953170,-14.9414,88.5938,-991.4062,0,0
66.957097,-14.9414,88.5938,-991.4062,0,0
66.961161,-14.9414,88.5938,-991.4062,0,0
66.965130,-14.9414,88.5938,-991.4062,0,0
66.969096,-14.9414,88.5938,-991.4062,0,0
66.973161,-14.9414,88.5938,-991.4062,0,0
66.977130,-14.9414,88.5938,-991.4062,0,0
66.981096,-14.9414,88.5938,-991.4062,0,0
66.985161,-14.9414,88.5938,-991.4062,0,0
66.989130,-14.9414,88.5938,-991.4062,0,0
66.993110,-14.9414,88.5938,-991.4062,0,0
66.997082,-14.9414,88.5938,-991.4062,0,0
67.001090,-14.9414,88.5938,-991.4062,0,0
67.005156,-14.9414,88.5938,-991.4062,0,0
67.009123,-14.9414,88.5938,-991.4062,0,0
67.013156,-14.9414,88.5938,-991.4062,0,0
67.017137,-14.9414,88.5938,-991.4062,0,0
67.021107,-14.9414,88.5938,-991.4062,0,0
67.025078,-14.9414,88.5938,-991.4062,0,0
67.029145,-14.9414,88.5938,-991.4062,0,0
67.033116,-14.9414,88.5938,-991.4062,0,0
67.037130,-14.9414,88.5938,-991.4062,0,0
67.041096,-14.9414,88.5938,-991.4062,0,0
67.045152,-14.9414,88.5938,-991.4062,0,0
67.049156,-14.9414,88.5938,-991.4062,0,0
67.053094,-14.9414,88.5938,-991.4062,0,0
67.057114,-14.9414,88.5938,-991.4062,0,0
67.061082,-14.9414,88.5938,-991.4062,0,0
67.065145,-14.9414,88.5938,-991.4062,0,0
67.069116,-14.9414,88.5938,-991.4062,0,0
67.073082,-14.9414,88.5938,-991.4062,0,0
67.077145,-14.9414,88.5938,-991.4062,0,0
67.081116,-14.9414,88.5938,-991.4062,0,0
67.085082,-14.9414,88.5938,-991.4062,0,0
67.089145,-14.9414,88.5938,-991.4062,0,0
67.093116,-14.9414,88.5938,-991.4062,0,0
67.097164,-14.9414,88.5938,-991.4062,0,0
67.101090,-14.9414,88.5938,-991.4062,0,0
67.105157,-14.9414,88.5938,-991.4062,0,0
67.109102,-14.9414,88.5938,-991.4062,0,0
67.113129,-14.9414,88.5938,-991.4062,0,0
67.117124,-14.9414,88.5938,-991.4062,0,0
67.121097,-14.9414,88.5938,-991.4062,0,0
67.125161,-14.9414,88.5938,-991.4062,0,0
67.129130,-14.9414,88.5938,-991.4062,0,0
67.133096,-14.9414,88.5938,-991.4062,0,0
67.137161,-14.9414,88.5938,-991.4062,0,0
67.141130,-14.9414,88.5938,-991.4062,0,0
67.145096,-14.9414,88.5938,-991.4062,0,0
67.149161,-14.9414,88.5938,-991.4062,0,0
67.153137,-14.9414,88.5938,-991.4062,0,0
67.157107,-14.9414,88.5938,-991.4062,0,0
67.161078,-14.9414,88.5938,-991.4062,0,0
67.165145,-14.9414,88.5938,-991.4062,0,0
67.169116,-14.9414,88.5938,-991.4062,0,0
67.173082,-14.9414,88.5938,-991.4062,0,0
67.177145,-14.9414,88.5938,-991.4062,0,0
67.181116,-14.9414,88.5938,-991.4062,0,0
67.185082,-14.9414,88.5938,-991.4062,0,0
67.189145,-14.9414,88.5938,-991.4062,0,0
67.193116,-14.9414,88.5938,-991.4062,0,0
67.197082,-14.9414,88.5938,-991.4062,0,0
67.201132,-14.9414,88.5938,-991.4062,0,0
67.205141,-14.9414,88.5938,-991.4062,0,0
67.209112,-14.9414,88.5938,-991.4062,0,0
67.213096,-14.9414,88.5938,-991.4062,0,0
67.217082,-14.9414,88.5938,-991.4062,0,0
67.221145,-14.9414,88.5938,-991.4062,0,0
67.225116,-14.9414,88.5938,-991.4062,0,0
67.229082,-14.9414,88.5938,-991.4062,0,0
67.233145,-14.9414,88.5938,-991.4062,0,0
67.237116,-14.9414,88.5938,-991.4062,0,0
67.241082,-14.9414,88.5938,-991.4062,0,0
67.245145,-14.9414,88.5938,-991.4062,0,0
67.249116,-14.9414,88.5938,-991.4062,0,0
67.253090,-14.9414,88.5938,-991.4062,0,0
67.257160,-14.9414,88.5938,-991.4062,0,0
67.261130,-14.9414,88.5938,-991.4062,0,0
67.265096,-14.9414,88.5938,-991.4062,0,0
67.269161,-14.9414,88.5938,-991.4062,0,0
67.273130,-14.9414,88.5938,-991.4062,0,0
67.277096,-14.9414,88.5938,-991.4062,0,0
67.281161,-14.9414,88.5938,-991.4062,0,0
67.285130,-14.9414,88.5938,-991.4062,0,0
67.289096,-14.9414,88.5938,-991.4062,0,0
67.293161,-14.9414,88.5938,-991.4062,0,0
67.297091,-14.9414,88.5938,-991.4062,0,0
67.301104,-14.9414,88.5938,-991.4062,0,0
67.305090,-14.9414,88.5938,-991.4062,0,0
67.309156,-14.9414,88.5938,-991.4062,0,0
67.313152,-14.9414,88.5938,-991.4062,0,0
67.317137,-14.9414,88.5938,-991.4062,0,0
67.321134,-14.9414,88.5938,-991.4062,0,0
67.325105,-14.9414,88.5938,-991.4062,0,0
67.329090,-14.9414,88.5938,-991.4062,0,0
67.333069,-14.9414,88.5938,-991.4062,0,0
67.337904,-14.9414,88.5938,-991.4062,0,0
67.341074,-14.9414,88.5938,-991.4062,0,0
67.345144,-14.9414,88.5938,-991.4062,0,0
67.349090,-14.9414,88.5938,-991.4062,0,0
67.353165,-14.9414,88.5938,-991.4062,0,0
67.357105,-14.9414,88.5938,-991.4062,0,0
67.361105,-14.9414,88.5938,-991.4062,0,0
67.365104,-14.9414,88.5938,-991.4062,0,0
67.369113,-14.9414,88.5938,-991.4062,0,0
67.373119,-14.9414,88.5938,-991.4062,0,0
67.377133,-14.9414,88.5938,-991.4062,0,0
67.381128,-14.9414,88.5938,-991.4062,0,0
67.385114,-14.9414,88.5938,-991.4062,0,0
67.389087,-14.9414,88.5938,-991.4062,0,0
67.393080,-14.9414,88.5938,-991.4062,0,0
67.397098,-14.9414,88.5938,-991.4062,0,0
67.401097,-14.9414,88.5938,-991.4062,0,0
67.405144,-14.9414,88.5938,-991.4062,0,0
67.409110,-14.9414,88.5938,-991.4062,0,0
67.413076,-14.9414,88.5938,-991.4062,0,0
67.417152,-14.9414,88.5938,-991.4062,0,0
67.421152,-14.9414,88.5938,-991.4062,0,0
67.425122,-14.9414,88.5938,-991.4062,0,0
67.429116,-14.9414,88.5938,-991.4062,0,0
67.433079,-14.9414,88.5938,-991.4062,0,0
67.437144,-14.9414,88.5938,-991.4062,0,0
67.441110,-14.9414,88.5938,-991.4062,0,0
67.445079,-14.9414,88.5938,-991.4062,0,0
67.449069,-14.9414,88.5938,-991.4062,0,0
67.453147,-14.9414,88.5938,-991.4062,0,0
67.457114,-14.9414,88.5938,-991.4062,0,0
67.461096,-14.9414,88.5938,-991.4062,0,0
67.465160,-14.9414,88.5938,-991.4062,0,0
67.469090,-14.9414,88.5938,-991.4062,0,0
67.473152,-14.9414,88.5938,-991.4062,0,0
67.477121,-14.9414,88.5938,-991.4062,0,0
67.481090,-14.9414,88.5938,-991.4062,0,0
67.485070,-14.9414,88.5938,-991.4062,0,0
67.489096,-14.9414,88.5938,-991.4062,0,0
67.493161,-14.9414,88.5938,-991.4062,0,0
67.497083,-14.9414,88.5938,-991.4062,0,0
67.501096,-14.9414,88.5938,-991.4062,0,0
67.505161,-14.9414,88.5938,-991.4062,0,0
67.509124,-14.9414,88.5938,-991.4062,0,0
67.513128,-14.9414,88.5938,-991.4062,0,0
67.517152,-14.9414,88.5938,-991.4062,0,0
67.521123,-14.9414,88.5938,-991.4062,0,0
67.525090,-14.9414,88.5938,-991.4062,0,0
67.529156,-14.9414,88.5938,-991.4062,0,0
67.533123,-14.9414,88.5938,-991.4062,0,0
67.537090,-14.9414,88.5938,-991.4062,0,0
67.541156,-14.9414,88.5938,-991.4062,0,0
67.545123,-14.9414,88.5938,-991.4062,0,0
67.549102,-14.9414,88.5938,-991.4062,0,0
67.553087,-14.9414,88.5938,-991.4062,0,0
67.557152,-14.9414,88.5938,-991.4062,0,0
67.561123,-14.9414,88.5938,-991.4062,0,0
67.565090,-14.9414,88.5938,-991.4062,0,0
67.569156,-14.9414,88.5938,-991.4062,0,0
67.573123,-14.9414,88.5938,-991.4062,0,0
67.577090,-14.9414,88.5938,-991.4062,0,0
67.581156,-14.9414,88.5938,-991.4062,0,0
67.585123,-14.9414,88.5938,-991.4062,0,0
67.589090,-14.9414,88.5938,-991.4062,0,0
67.593156,-14.9414,88.5938,-991.4062,0,0
67.597123,-14.9414,88.5938,-991.4062,0,0
67.601090,-14.9414,88.5938,-991.4062,0,0
67.605156,-14.9414,88.5938,-991.4062,0,0
67.609072,-14.9414,88.5938,-991.4062,0,0
67.613152,-14.9414,88.5938,-991.4062,0,0
67.617137,-14.9414,88.5938,-991.4062,0,0
67.621107,-14.9414,88.5938,-991.4062,0,0
67.625078,-14.9414,88.5938,-991.4062,0,0
67.629145,-14.9414,88.5938,-991.4062,0,0
67.633116,-14.9414,88.5938,-991.4062,0,0
67.637082,-14.9414,88.5938,-991.4062,0,0
67.641145,-14.9414,88.5938,-991.4062,0,0
67.645116,-14.9414,88.5938,-991.4062,0,0
67.649082,-14.9414,88.5938,-991.4062,0,0
67.653072,-14.9414,88.5938,-991.4062,0,0
67.657090,-14.9414,88.5938,-991.4062,0,0
67.661098,-14.9414,88.5938,-991.4062,0,0
67.665090,-14.9414,88.5938,-991.4062,0,0
67.669106,-14.9414,88.5938,-991.4062,0,0
67.673107,-14.9414,88.5938,-991.4062,0,0
67.677078,-14.9414,88.5938,-991.4062,0,0
67.681146,-14.9414,88.5938,-991.4062,0,0
67.685160,-14.9414,88.5938,-991.4062,0,0
67.689160,-14.9414,88.5938,-991.4062,0,0
67.693152,-14.9414,88.5938,-991.4062,0,0
67.697123,-14.9414,88.5938,-991.4062,0,0
67.701090,-14.9414,88.5938,-991.4062,0,0
67.705156,-14.9414,88.5938,-991.4062,0,0
67.709123,-14.9414,88.5938,-991.4062,0,0
67.713117,-14.9414,88.5938,-991.4062,0,0
67.717128,-14.9414,88.5938,-991.4062,0,0
67.721096,-14.9414,88.5938,-991.4062,0,0
67.725161,-14.9414,88.5938,-991.4062,0,0
67.729130,-14.9414,88.5938,-991.4062,0,0
67.733096,-14.9414,88.5938,-991.4062,0,0
67.737087,-14.9414,88.5938,-991.4062,0,0
67.741161,-14.9414,88.5938,-991.4062,0,0
67.745093,-14.9414,88.5938,-991.4062,0,0
67.750411,-14.9414,88.5938,-991.4062,0,0
67.753205,-14.9414,88.5938,-991.4062,0,0
67.757144,-14.9414,88.5938,-991.4062,0,0
67.761110,-14.9414,88.5938,-991.4062,0,0
67.765097,-14.9414,88.5938,-991.4062,0,0
67.769087,-14.9414,88.5938,-991.4062,0,0
67.773126,-14.9414,88.5938,-991.4062,0,0
67.777074,-14.9414,88.5938,-991.4062,0,0
67.781102,-14.9414,88.5938,-991.4062,0,0
67.785104,-14.9414,88.5938,-991.4062,0,0
67.789156,-14.9414,88.5938,-991.4062,0,0
67.793131,-14.9414,88.5938,-991.4062,0,0
67.797132,-14.9414,88.5938,-991.4062,0,0
67.801107,-14.9414,88.5938,-991.4062,0,0
67.805078,-14.9414,88.5938,-991.4062,0,0
67.809145,-14.9414,88.5938,-991.4062,0,0
67.813124,-14.9414,88.5938,-991.4062,0,0
67.817160,-14.9414,88.5938,-991.4062,0,0
67.821130,-14.9414,88.5938,-991.4062,0,0
67.825116,-14.9414,88.5938,-991.4062,0,0
67.829082,-14.9414,88.5938,-991.4062,0,0
67.833145,-14.9414,88.5938,-991.4062,0,0
67.837116,-14.9414,88.5938,-991.4062,0,0
67.841082,-14.9414,88.5938,-991.4062,0,0
67.845090,-14.9414,88.5938,-991.4062,0,0
67.849161,-14.9414,88.5938,-991.4062,0,0
67.853140,-14.9414,88.5938,-991.4062,0,0
67.857122,-14.9414,88.5938,-991.4062,0,0
67.861126,-14.9414,88.5938,-991.4062,0,0
67.865093,-14.9414,88.5938,-991.4062,0,0
67.869104,-14.9414,88.5938,-991.4062,0,0
67.873074,-14.9414,88.5938,-991.4062,0,0
67.877142,-14.9414,88.5938,-991.4062,0,0
67.881114,-14.9414,88.5938,-991.4062,0,0
67.885082,-14.9414,88.5938,-991.4062,0,0
67.889145,-14.9414,88.5938,-991.4062,0,0
67.893116,-14.9414,88.5938,-991.4062,0,0
67.897082,-14.9414,88.5938,-991.4062,0,0
67.901145,-14.9414,88.5938,-991.4062,0,0
67.905116,-14.9414,88.5938,-991.4062,0,0
67.909082,-14.9414,88.5938,-991.4062,0,0
67.913152,-14.9414,88.5938,-991.4062,0,0
67.917152,-14.9414,88.5938,-991.4062,0,0
67.921075,-14.9414,88.5938,-991.4062,0,0
67.925090,-14.9414,88.5938,-991.4062,0,0
67.929156,-14.9414,88.5938,-991.4062,0,0
67.933105,-14.9414,88.5938,-991.4062,0,0
67.937118,-14.9414,88.5938,-991.4062,0,0
67.941121,-14.9414,88.5938,-991.4062,0,0
67.945102,-14.9414,88.5938,-991.4062,0,0
67.949122,-14.9414,88.5938,-991.4062,0,0
67.953136,-14.9414,88.5938,-991.4062,0,0
67.957108,-14.9414,88.5938,-991.4062,0,0
67.961133,-14.9414,88.5938,-991.4062,0,0
67.965137,-14.9414,88.5938,-991.4062,0,0
67.969108,-14.9414,88.5938,-991.4062,0,0
67.973111,-14.9414,88.5938,-991.4062,0,0
67.977113,-14.9414,88.5938,-991.4062,0,0
67.981082,-14.9414,88.5938,-991.4062,0,0
67.985145,-14.9414,88.5938,-991.4062,0,0
67.989137,-14.9414,88.5938,-991.4062,0,0
67.993107,-14.9414,88.5938,-991.4062,0,0
67.997078,-14.9414,88.5938,-991.4062,0,0
68.001145,-14.9414,88.5938,-991.4062,0,0
68.005116,-14.9414,88.5938,-991.4062,0,0
68.009082,-14.9414,88.5938,-991.4062,0,0
68.013071,-14.9414,88.5938,-991.4062,0,0
68.017145,-14.9414,88.5938,-991.4062,0,0
68.021145,-14.9414,88.5938,-991.4062,0,0
68.025151,-14.9414,88.5938,-991.4062,0,0
68.029134,-14.9414,88.5938,-991.4062,0,0
68.033138,-14.9414,88.5938,-991.4062,0,0
68.037124,-14.9414,88.5938,-991.4062,0,0
68.041161,-14.9414,88.5938,-991.4062,0,0
68.045066,-14.9414,88.5938,-991.4062,0,0
68.049137,-14.9414,88.5938,-991.4062,0,0
68.053122,-14.9414,88.5938,-991.4062,0,0
68.058223,-14.9414,88.5938,-991.4062,0,0
68.061119,-14.9414,88.5938,-991.4062,0,0
68.065112,-14.9414,88.5938,-991.4062,0,0
68.069137,-14.9414,88.5938,-991.4062,0,0
68.073155,-14.9414,88.5938,-991.4062,0,0
68.077161,-14.9414,88.5938,-991.4062,0,0
68.081130,-14.9414,88.5938,-991.4062,0,0
68.085096,-14.9414,88.5938,-991.4062,0,0
68.089161,-14.9414,88.5938,-991.4062,0,0
68.093130,-14.9414,88.5938,-991.4062,0,0
68.097096,-14.9414,88.5938,-991.4062,0,0
68.101161,-14.9414,88.5938,-991.4062,0,0
68.105130,-14.9414,88.5938,-991.4062,0,0
68.109096,-14.9414,88.5938,-991.4062,0,0
68.113087,-14.9414,88.5938,-991.4062,0,0
68.117078,-14.9414,88.5938,-991.4062,0,0
68.121133,-14.9414,88.5938,-991.4062,0,0
68.125124,-14.9414,88.5938,-991.4062,0,0
68.129098,-14.9414,88.5938,-991.4062,0,0
68.133161,-14.9414,88.5938,-991.4062,0,0
68.137130,-14.9414,88.5938,-991.4062,0,0
68.141096,-14.9414,88.5938,-991.4062,0,0
68.145161,-14.9414,88.5938,-991.4062,0,0
68.149130,-14.9414,88.5938,-991.4062,0,0
68.153106,-14.9414,88.5938,-991.4062,0,0
68.157074,-14.9414,88.5938,-991.4062,0,0
68.161142,-14.9414,88.5938,-991.4062,0,0
68.165114,-14.9414,88.5938,-991.4062,0,0
68.169082,-14.9414,88.5938,-991.4062,0,0
68.173145,-14.9414,88.5938,-991.4062,0,0
68.177116,-14.9414,88.5938,-991.4062,0,0
68.181082,-14.9414,88.5938,-991.4062,0,0
68.185145,-14.9414,88.5938,-991.4062,0,0
68.189116,-14.9414,88.5938,-991.4062,0,0
68.193082,-14.9414,88.5938,-991.4062,0,0
68.197145,-14.9414,88.5938,-991.4062,0,0
68.201116,-14.9414,88.5938,-991.4062,0,0
68.205082,-14.9414,88.5938,-991.4062,0,0
68.209145,-14.9414,88.5938,-991.4062,0,0
68.213124,-14.9414,88.5938,-991.4062,0,0
68.217106,-14.9414,88.5938,-991.4062,0,0
68.221078,-14.9414,88.5938,-991.4062,0,0
68.225119,-14.9414,88.5938,-991.4062,0,0
68.229090,-14.9414,88.5938,-991.4062,0,0
68.233156,-14.9414,88.5938,-991.4062,0,0
68.237123,-14.9414,88.5938,-991.4062,0,0
68.241090,-14.9414,88.5938,-991.4062,0,0
68.245156,-14.9414,88.5938,-991.4062,0,0
68.249123,-14.9414,88.5938,-991.4062,0,0
68.253094,-14.9414,88.5938,-991.4062,0,0
68.257160,-14.9414,88.5938,-991.4062,0,0
68.261130,-14.9414,88.5938,-991.4062,0,0
68.265096,-14.9414,88.5938,-991.4062,0,0
68.269161,-14.9414,88.5938,-991.4062,0,0
68.273130,-14.9414,88.5938,-991.4062,0,0
68.277114,-14.9414,88.5938,-991.4062,0,0
68.281082,-14.9414,88.5938,-991.4062,0,0
68.285145,-14.9414,88.5938,-991.4062,0,0
68.289116,-14.9414,88.5938,-991.4062,0,0
68.293082,-14.9414,88.5938,-991.4062,0,0
68.297145,-14.9414,88.5938,-991.4062,0,0
68.301116,-14.9414,88.5938,-991.4062,0,0
68.305082,-14.9414,88.5938,-991.4062,0,0
68.309145,-14.9414,88.5938,-991.4062,0,0
68.313124,-14.9414,88.5938,-991.4062,0,0
68.317115,-14.9414,88.5938,-991.4062,0,0
68.321161,-14.9414,88.5938,-991.4062,0,0
68.325130,-14.9414,88.5938,-991.4062,0,0
68.329576,-14.9414,88.5938,-991.4062,0,0
68.333083,-14.9414,88.5938,-991.4062,0,0
68.337097,-14.9414,88.5938,-991.4062,0,0
68.341161,-14.9414,88.5938,-991.4062,0,0
68.345130,-14.9414,88.5938,-991.4062,0,0
68.349096,-14.9414,88.5938,-991.4062,0,0
68.355506,-14.9414,88.5938,-991.4062,0,0
68.357065,-14.9414,88.5938,-991.4062,0,0
68.361154,-14.9414,88.5938,-991.4062,0,0
68.365090,-14.9414,88.5938,-991.4062,0,0
68.369103,-14.9414,88.5938,-991.4062,0,0
68.373096,-14.9414,88.5938,-991.4062,0,0
68.377114,-14.9414,88.5938,-991.4062,0,0
68.381104,-14.9414,88.5938,-991.4062,0,0
68.385090,-14.9414,88.5938,-991.4062,0,0
68.389156,-14.9414,88.5938,-991.4062,0,0
68.393137,-14.9414,88.5938,-991.4062,0,0
68.397110,-14.9414,88.5938,-991.4062,0,0
68.401117,-14.9414,88.5938,-991.4062,0,0
68.405090,-14.9414,88.5938,-991.4062,0,0
68.409156,-14.9414,88.5938,-991.4062,0,0
68.413119,-14.9414,88.5938,-991.4062,0,0
68.417096,-14.9414,88.5938,-991.4062,0,0
68.421161,-14.9414,88.5938,-991.4062,0,0
68.425130,-14.9414,88.5938,-991.4062,0,0
68.429117,-14.9414,88.5938,-991.4062,0,0
68.433080,-14.9414,88.5938,-991.4062,0,0
68.437145,-14.9414,88.5938,-991.4062,0,0
68.441116,-14.9414,88.5938,-991.4062,0,0
68.445082,-14.9414,88.5938,-991.4062,0,0
68.449145,-14.9414,88.5938,-991.4062,0,0
68.453131,-14.9414,88.5938,-991.4062,0,0
68.457096,-14.9414,88.5938,-991.4062,0,0
68.461161,-14.9414,88.5938,-991.4062,0,0
68.465130,-14.9414,88.5938,-991.4062,0,0
68.469096,-14.9414,88.5938,-991.4062,0,0
68.473161,-14.9414,88.5938,-991.4062,0,0
68.477130,-14.9414,88.5938,-991.4062,0,0
68.481096,-14.9414,88.5938,-991.4062,0,0
68.485161,-14.9414,88.5938,-991.4062,0,0
68.489130,-14.9414,88.5938,-991.4062,0,0
68.493096,-14.9414,88.5938,-991.4062,0,0
68.497161,-14.9414,88.5938,-991.4062,0,0
68.501130,-14.9414,88.5938,-991.4062,0,0
68.505096,-14.9414,88.5938,-991.4062,0,0
68.509161,-14.9414,88.5938,-991.4062,0,0
68.513141,-14.9414,88.5938,-991.4062,0,0
68.517123,-14.9414,88.5938,-991.4062,0,0
68.521090,-14.9414,88.5938,-991.4062,0,0
68.525156,-14.9414,88.5938,-991.4062,0,0
68.529123,-14.9414,88.5938,-991.4062,0,0
68.533160,-14.9414,88.5938,-991.4062,0,0
68.537130,-14.9414,88.5938,-991.4062,0,0
68.541096,-14.9414,88.5938,-991.4062,0,0
68.545161,-14.9414,88.5938,-991.4062,0,0
68.549130,-14.9414,88.5938,-991.4062,0,0
68.553104,-14.9414,88.5938,-991.4062,0,0
68.557074,-14.9414,88.5938,-991.4062,0,0
68.561142,-14.9414,88.5938,-991.4062,0,0
68.565114,-14.9414,88.5938,-991.4062,0,0
68.569097,-14.9414,88.5938,-991.4062,0,0
68.573161,-14.9414,88.5938,-991.4062,0,0
68.577130,-14.9414,88.5938,-991.4062,0,0
68.581096,-14.9414,88.5938,-991.4062,0,0
68.585161,-14.9414,88.5938,-991.4062,0,0
68.589130,-14.9414,88.5938,-991.4062,0,0
68.593096,-14.9414,88.5938,-991.4062,0,0
68.597161,-14.9414,88.5938,-991.4062,0,0
68.601130,-14.9414,88.5938,-991.4062,0,0
68.605096,-14.9414,88.5938,-991.4062,0,0
68.609161,-14.9414,88.5938,-991.4062,0,0
68.613141,-14.9414,88.5938,-991.4062,0,0
68.617123,-14.9414,88.5938,-991.4062,0,0
68.621164,-14.9414,88.5938,-991.4062,0,0
68.625090,-14.9414,88.5938,-991.4062,0,0
68.629152,-14.9414,88.5938,-991.4062,0,0
68.633100,-14.9414,88.5938,-991.4062,0,0
68.638706,-14.9414,88.5938,-991.4062,0,0
68.641155,-14.9414,88.5938,-991.4062,0,0
68.645090,-14.9414,88.5938,-991.4062,0,0
68.649068,-14.9414,88.5938,-991.4062,0,0
68.653080,-14.9414,88.5938,-991.4062,0,0
68.657160,-14.9414,88.5938,-991.4062,0,0
68.661147,-14.9414,88.5938,-991.4062,0,0
68.665072,-14.9414,88.5938,-991.4062,0,0
68.669137,-14.9414,88.5938,-991.4062,0,0
68.673106,-14.9414,88.5938,-991.4062,0,0
68.677078,-14.9414,88.5938,-991.4062,0,0
68.681145,-14.9414,88.5938,-991.4062,0,0
68.685116,-14.9414,88.5938,-991.4062,0,0
68.689082,-14.9414,88.5938,-991.4062,0,0
68.693145,-14.9414,88.5938,-991.4062,0,0
68.697116,-14.9414,88.5938,-991.4062,0,0
68.701082,-14.9414,88.5938,-991.4062,0,0
68.705145,-14.9414,88.5938,-991.4062,0,0
68.709116,-14.9414,88.5938,-991.4062,0,0
68.713079,-14.9414,88.5938,-991.4062,0,0
68.717160,-14.9414,88.5938,-991.4062,0,0
68.721130,-14.9414,88.5938,-991.4062,0,0
68.725096,-14.9414,88.5938,-991.4062,0,0
68.729161,-14.9414,88.5938,-991.4062,0,0
68.733130,-14.9414,88.5938,-991.4062,0,0
68.737098,-14.9414,88.5938,-991.4062,0,0
68.741160,-14.9414,88.5938,-991.4062,0,0
68.745078,-14.9414,88.5938,-991.4062,0,0
68.749145,-14.9414,88.5938,-991.4062,0,0
68.753130,-14.9414,88.5938,-991.4062,0,0
68.757096,-14.9414,88.5938,-991.4062,0,0
68.761161,-14.9414,88.5938,-991.4062,0,0
68.765130,-14.9414,88.5938,-991.4062,0,0
68.769096,-14.9414,88.5938,-991.4062,0,0
68.773161,-14.9414,88.5938,-991.4062,0,0
68.777130,-14.9414,88.5938,-991.4062,0,0
68.781096,-14.9414,88.5938,-991.4062,0,0
68.785161,-14.9414,88.5938,-991.4062,0,0
68.789130,-14.9414,88.5938,-991.4062,0,0
68.793096,-14.9414,88.5938,-991.4062,0,0
68.797161,-14.9414,88.5938,-991.4062,0,0
68.801130,-14.9414,88.5938,-991.4062,0,0
68.805096,-14.9414,88.5938,-991.4062,0,0
68.809161,-14.9414,88.5938,-991.4062,0,0
68.813141,-14.9414,88.5938,-991.4062,0,0
68.817123,-14.9414,88.5938,-991.4062,0,0
68.821090,-14.9414,88.5938,-991.4062,0,0
68.825156,-14.9414,88.5938,-991.4062,0,0
68.829123,-14.9414,88.5938,-991.4062,0,0
68.833090,-14.9414,88.5938,-991.4062,0,0
68.837069,-14.9414,88.5938,-991.4062,0,0
68.841129,-14.9414,88.5938,-991.4062,0,0
68.845096,-14.9414,88.5938,-991.4062,0,0
68.849161,-14.9414,88.5938,-991.4062,0,0
68.853144,-14.9414,88.5938,-991.4062,0,0
68.857113,-14.9414,88.5938,-991.4062,0,0
68.861086,-14.9414,88.5938,-991.4062,0,0
68.865137,-14.9414,88.5938,-991.4062,0,0
68.869143,-14.9414,88.5938,-991.4062,0,0
68.873114,-14.9414,88.5938,-991.4062,0,0
68.877082,-14.9414,88.5938,-991.4062,0,0
68.881145,-14.9414,88.5938,-991.4062,0,0
68.885116,-14.9414,88.5938,-991.4062,0,0
68.889082,-14.9414,88.5938,-991.4062,0,0
68.893145,-14.9414,88.5938,-991.4062,0,0
68.897116,-14.9414,88.5938,-991.4062,0,0
68.901082,-14.9414,88.5938,-991.4062,0,0
68.905078,-14.9414,88.5938,-991.4062,0,0
68.909109,-14.9414,88.5938,-991.4062,0,0
68.913090,-14.9414,88.5938,-991.4062,0,0
68.917117,-14.9414,88.5938,-991.4062,0,0
68.921090,-14.9414,88.5938,-991.4062,0,0
68.926478,-14.9414,88.5938,-991.4062,0,0
68.929214,-14.9414,88.5938,-991.4062,0,0
68.933152,-14.9414,88.5938,-991.4062,0,0
68.937123,-14.9414,88.5938,-991.4062,0,0
68.941070,-14.9414,88.5938,-991.4062,0,0
68.945137,-14.9414,88.5938,-991.4062,0,0
68.949152,-14.9414,88.5938,-991.4062,0,0
68.953134,-14.9414,88.5938,-991.4062,0,0
68.957137,-14.9414,88.5938,-991.4062,0,0
68.961107,-14.9414,88.5938,-991.4062,0,0
68.965113,-14.9414,88.5938,-991.4062,0,0
68.969079,-14.9414,88.5938,-991.4062,0,0
68.973109,-14.9414,88.5938,-991.4062,0,0
68.977137,-14.9414,88.5938,-991.4062,0,0
68.981071,-14.9414,88.5938,-991.4062,0,0
68.985145,-14.9414,88.5938,-991.4062,0,0
68.989116,-14.9414,88.5938,-991.4062,0,0
68.993082,-14.9414,88.5938,-991.4062,0,0
68.997145,-14.9414,88.5938,-991.4062,0,0
69.001116,-14.9414,88.5938,-991.4062,0,0
69.005082,-14.9414,88.5938,-991.4062,0,0
69.009145,-14.9414,88.5938,-991.4062,0,0
69.013102,-14.9414,88.5938,-991.4062,0,0
69.017082,-14.9414,88.5938,-991.4062,0,0
69.021145,-14.9414,88.5938,-991.4062,0,0
69.025116,-14.9414,88.5938,-991.4062,0,0
69.029082,-14.9414,88.5938,-991.4062,0,0
69.033145,-14.9414,88.5938,-991.4062,0,0
69.037116,-14.9414,88.5938,-991.4062,0,0
69.041082,-14.9414,88.5938,-991.4062,0,0
69.045115,-14.9414,88.5938,-991.4062,0,0
69.049082,-14.9414,88.5938,-991.4062,0,0
69.053158,-14.9414,88.5938,-991.4062,0,0
69.057130,-14.9414,88.5938,-991.4062,0,0
69.061096,-14.9414,88.5938,-991.4062,0,0
69.065161,-14.9414,88.5938,-991.4062,0,0
69.069130,-14.9414,88.5938,-991.4062,0,0
69.073096,-14.9414,88.5938,-991.4062,0,0
69.077161,-14.9414,88.5938,-991.4062,0,0
69.081130,-14.9414,88.5938,-991.4062,0,0
69.085096,-14.9414,88.5938,-991.4062,0,0
69.089161,-14.9414,88.5938,-991.4062,0,0
69.093130,-14.9414,88.5938,-991.4062,0,0
69.097096,-14.9414,88.5938,-991.4062,0,0
69.101161,-14.9414,88.5938,-991.4062,0,0
69.105130,-14.9414,88.5938,-991.4062,0,0
69.109096,-14.9414,88.5938,-991.4062,0,0
69.113105,-14.9414,88.5938,-991.4062,0,0
69.117096,-14.9414,88.5938,-991.4062,0,0
69.121161,-14.9414,88.5938,-991.4062,0,0
69.125130,-14.9414,88.5938,-991.4062,0,0
69.129096,-14.9414,88.5938,-991.4062,0,0
69.133161,-14.9414,88.5938,-991.4062,0,0
69.137130,-14.9414,88.5938,-991.4062,0,0
69.141096,-14.9414,88.5938,-991.4062,0,0
69.145084,-14.9414,88.5938,-991.4062,0,0
69.149109,-14.9414,88.5938,-991.4062,0,0
69.153104,-14.9414,88.5938,-991.4062,0,0
69.157090,-14.9414,88.5938,-991.4062,0,0
69.161156,-14.9414,88.5938,-991.4062,0,0
69.165123,-14.9414,88.5938,-991.4062,0,0
69.169090,-14.9414,88.5938,-991.4062,0,0
69.173156,-14.9414,88.5938,-991.4062,0,0
69.177123,-14.9414,88.5938,-991.4062,0,0
69.181090,-14.9414,88.5938,-991.4062,0,0
69.185156,-14.9414,88.5938,-991.4062,0,0
69.189123,-14.9414,88.5938,-991.4062,0,0
69.193090,-14.9414,88.5938,-991.4062,0,0
69.197156,-14.9414,88.5938,-991.4062,0,0
69.201123,-14.9414,88.5938,-991.4062,0,0
69.205090,-14.9414,88.5938,-991.4062,0,0
69.209156,-14.9414,88.5938,-991.4062,0,0
69.213141,-14.9414,88.5938,-991.4062,0,0
69.217132,-14.9414,88.5938,-991.4062,0,0
69.221070,-14.9414,88.5938,-991.4062,0,0
69.225145,-14.9414,88.5938,-991.4062,0,0
69.229116,-14.9414,88.5938,-991.4062,0,0
69.233156,-14.9414,88.5938,-991.4062,0,0
69.239965,-14.9414,88.5938,-991.4062,0,0
69.241103,-14.9414,88.5938,-991.4062,0,0
69.245127,-14.9414,88.5938,-991.4062,0,0
69.249145,-14.9414,88.5938,-991.4062,0,0
69.253129,-14.9414,88.5938,-991.4062,0,0
69.257137,-14.9414,88.5938,-991.4062,0,0
69.261144,-14.9414,88.5938,-991.4062,0,0
69.265114,-14.9414,88.5938,-991.4062,0,0
69.269082,-14.9414,88.5938,-991.4062,0,0
69.273145,-14.9414,88.5938,-991.4062,0,0
69.277116,-14.9414,88.5938,-991.4062,0,0
69.281104,-14.9414,88.5938,-991.4062,0,0
69.285074,-14.9414,88.5938,-991.4062,0,0
69.289142,-14.9414,88.5938,-991.4062,0,0
69.293114,-14.9414,88.5938,-991.4062,0,0
69.297082,-14.9414,88.5938,-991.4062,0,0
69.301161,-14.9414,88.5938,-991.4062,0,0
69.305084,-14.9414,88.5938,-991.4062,0,0
69.309131,-14.9414,88.5938,-991.4062,0,0
69.313102,-14.9414,88.5938,-991.4062,0,0
69.317133,-14.9414,88.5938,-991.4062,0,0
69.321161,-14.9414,88.5938,-991.4062,0,0
69.325119,-14.9414,88.5938,-991.4062,0,0
69.329090,-14.9414,88.5938,-991.4062,0,0
69.333156,-14.9414,88.5938,-991.4062,0,0
69.337123,-14.9414,88.5938,-991.4062,0,0
69.341090,-14.9414,88.5938,-991.4062,0,0
69.345156,-14.9414,88.5938,-991.4062,0,0
69.349123,-14.9414,88.5938,-991.4062,0,0
69.353126,-14.9414,88.5938,-991.4062,0,0
69.357082,-14.9414,88.5938,-991.4062,0,0
69.361161,-14.9414,88.5938,-991.4062,0,0
69.365071,-14.9414,88.5938,-991.4062,0,0
69.369137,-14.9414,88.5938,-991.4062,0,0
69.373107,-14.9414,88.5938,-991.4062,0,0
69.377078,-14.9414,88.5938,-991.4062,0,0
69.381145,-14.9414,88.5938,-991.4062,0,0
69.385116,-14.9414,88.5938,-991.4062,0,0
69.389082,-14.9414,88.5938,-991.4062,0,0
69.393145,-14.9414,88.5938,-991.4062,0,0
69.397116,-14.9414,88.5938,-991.4062,0,0
69.401082,-14.9414,88.5938,-991.4062,0,0
69.405145,-14.9414,88.5938,-991.4062,0,0
69.409116,-14.9414,88.5938,-991.4062,0,0
69.413096,-14.9414,88.5938,-991.4062,0,0
69.417082,-14.9414,88.5938,-991.4062,0,0
69.421145,-14.9414,88.5938,-991.4062,0,0
69.425116,-14.9414,88.5938,-991.4062,0,0
69.429082,-14.9414,88.5938,-991.4062,0,0
69.433145,-14.9414,88.5938,-991.4062,0,0
69.437116,-14.9414,88.5938,-991.4062,0,0
69.441082,-14.9414,88.5938,-991.4062,0,0
69.445145,-14.9414,88.5938,-991.4062,0,0
69.449116,-14.9414,88.5938,-991.4062,0,0
69.453152,-14.9414,88.5938,-991.4062,0,0
69.457145,-14.9414,88.5938,-991.4062,0,0
69.461115,-14.9414,88.5938,-991.4062,0,0
69.465082,-14.9414,88.5938,-991.4062,0,0
69.469160,-14.9414,88.5938,-991.4062,0,0
69.473130,-14.9414,88.5938,-991.4062,0,0
69.477096,-14.9414,88.5938,-991.4062,0,0
69.481161,-14.9414,88.5938,-991.4062,0,0
69.485130,-14.9414,88.5938,-991.4062,0,0
69.489096,-14.9414,88.5938,-991.4062,0,0
69.493161,-14.9414,88.5938,-991.4062,0,0
69.497130,-14.9414,88.5938,-991.4062,0,0
69.501096,-14.9414,88.5938,-991.4062,0,0
69.505161,-14.9414,88.5938,-991.4062,0,0
69.509130,-14.9414,88.5938,-991.4062,0,0
69.513109,-14.9414,88.5938,-991.4062,0,0
69.517090,-14.9414,88.5938,-991.4062,0,0
69.521156,-14.9414,88.5938,-991.4062,0,0
69.525123,-14.9414,88.5938,-991.4062,0,0
69.529090,-14.9414,88.5938,-991.4062,0,0
69.533156,-14.9414,88.5938,-991.4062,0,0
69.537123,-14.9414,88.5938,-991.4062,0,0
69.541090,-14.9414,88.5938,-991.4062,0,0
69.545156,-14.9414,88.5938,-991.4062,0,0
69.549123,-14.9414,88.5938,-991.4062,0,0
69.553094,-14.9414,88.5938,-991.4062,0,0
69.557119,-14.9414,88.5938,-991.4062,0,0
69.561072,-14.9414,88.5938,-991.4062,0,0
69.565148,-14.9414,88.5938,-991.4062,0,0
69.569090,-14.9414,88.5938,-991.4062,0,0
69.573156,-14.9414,88.5938,-991.4062,0,0
69.577228,-14.9414,88.5938,-991.4062,0,0
69.581178,-14.9414,88.5938,-991.4062,0,0
69.585129,-14.9414,88.5938,-991.4062,0,0
69.589138,-14.9414,88.5938,-991.4062,0,0
69.593104,-14.9414,88.5938,-991.4062,0,0
69.597126,-14.9414,88.5938,-991.4062,0,0
69.601090,-14.9414,88.5938,-991.4062,0,0
69.605152,-14.9414,88.5938,-991.4062,0,0
69.609122,-14.9414,88.5938,-991.4062,0,0
69.613124,-14.9414,88.5938,-991.4062,0,0
69.617101,-14.9414,88.5938,-991.4062,0,0
69.621079,-14.9414,88.5938,-991.4062,0,0
69.625139,-14.9414,88.5938,-991.4062,0,0
69.629155,-14.9414,88.5938,-991.4062,0,0
69.633120,-14.9414,88.5938,-991.4062,0,0
69.637090,-14.9414,88.5938,-991.4062,0,0
69.641163,-14.9414,88.5938,-991.4062,0,0
69.645139,-14.9414,88.5938,-991.4062,0,0
69.649161,-14.9414,88.5938,-991.4062,0,0
69.653160,-14.9414,88.5938,-991.4062,0,0
69.657123,-14.9414,88.5938,-991.4062,0,0
69.661156,-14.9414,88.5938,-991.4062,0,0
69.665127,-14.9414,88.5938,-991.4062,0,0
69.669112,-14.9414,88.5938,-991.4062,0,0
69.673107,-14.9414,88.5938,-991.4062,0,0
69.677078,-14.9414,88.5938,-991.4062,0,0
69.681079,-14.9414,88.5938,-991.4062,0,0
69.685090,-14.9414,88.5938,-991.4062,0,0
69.689156,-14.9414,88.5938,-991.4062,0,0
69.693123,-14.9414,88.5938,-991.4062,0,0
69.697090,-14.9414,88.5938,-991.4062,0,0
69.701156,-14.9414,88.5938,-991.4062,0,0
69.705123,-14.9414,88.5938,-991.4062,0,0
69.709090,-14.9414,88.5938,-991.4062,0,0
69.713096,-14.9414,88.5938,-991.4062,0,0
69.717082,-14.9414,88.5938,-991.4062,0,0
69.721145,-14.9414,88.5938,-991.4062,0,0
69.725116,-14.9414,88.5938,-991.4062,0,0
69.729082,-14.9414,88.5938,-991.4062,0,0
69.733145,-14.9414,88.5938,-991.4062,0,0
69.737116,-14.9414,88.5938,-991.4062,0,0
69.741082,-14.9414,88.5938,-991.4062,0,0
69.745145,-14.9414,88.5938,-991.4062,0,0
69.749116,-14.9414,88.5938,-991.4062,0,0
69.753092,-14.9414,88.5938,-991.4062,0,0
69.757082,-14.9414,88.5938,-991.4062,0,0
69.761071,-14.9414,88.5938,-991.4062,0,0
69.765090,-14.9414,88.5938,-991.4062,0,0
69.769156,-14.9414,88.5938,-991.4062,0,0
69.773123,-14.9414,88.5938,-991.4062,0,0
69.777090,-14.9414,88.5938,-991.4062,0,0
69.781156,-14.9414,88.5938,-991.4062,0,0
69.785123,-14.9414,88.5938,-991.4062,0,0
69.789090,-14.9414,88.5938,-991.4062,0,0
69.793156,-14.9414,88.5938,-991.4062,0,0
69.797123,-14.9414,88.5938,-991.4062,0,0
69.801090,-14.9414,88.5938,-991.4062,0,0
69.805156,-14.9414,88.5938,-991.4062,0,0
69.809152,-14.9414,88.5938,-991.4062,0,0
69.813131,-14.9414,88.5938,-991.4062,0,0
69.817114,-14.9414,88.5938,-991.4062,0,0
69.821082,-14.9414,88.5938,-991.4062,0,0
69.825145,-14.9414,88.5938,-991.4062,0,0
69.829116,-14.9414,88.5938,-991.4062,0,0
69.833082,-14.9414,88.5938,-991.4062,0,0
69.837145,-14.9414,88.5938,-991.4062,0,0
69.841116,-14.9414,88.5938,-991.4062,0,0
69.845082,-14.9414,88.5938,-991.4062,0,0
69.849145,-14.9414,88.5938,-991.4062,0,0
69.853127,-14.9414,88.5938,-991.4062,0,0
69.857097,-14.9414,88.5938,-991.4062,0,0
69.861193,-14.9414,88.5938,-991.4062,0,0
69.865080,-14.9414,88.5938,-991.4062,0,0
69.869145,-14.9414,88.5938,-991.4062,0,0
69.873116,-14.9414,88.5938,-991.4062,0,0
69.877082,-14.9414,88.5938,-991.4062,0,0
69.881145,-14.9414,88.5938,-991.4062,0,0
69.885116,-14.9414,88.5938,-991.4062,0,0
69.889082,-14.9414,88.5938,-991.4062,0,0
69.893153,-14.9414,88.5938,-991.4062,0,0
69.897104,-14.9414,88.5938,-991.4062,0,0
69.901145,-14.9414,88.5938,-991.4062,0,0
69.905137,-14.9414,88.5938,-991.4062,0,0
69.909107,-14.9414,88.5938,-991.4062,0,0
69.913091,-14.9414,88.5938,-991.4062,0,0
69.918492,-14.9414,88.5938,-991.4062,0,0
69.921428,-14.9414,88.5938,-991.4062,0,0
69.925116,-14.9414,88.5938,-991.4062,0,0
69.929145,-14.9414,88.5938,-991.4062,0,0
69.933135,-14.9414,88.5938,-991.4062,0,0
69.937266,-14.9414,88.5938,-991.4062,0,0
69.941106,-14.9414,88.5938,-991.4062,0,0
69.945094,-14.9414,88.5938,-991.4062,0,0
69.949074,-14.9414,88.5938,-991.4062,0,0
69.953164,-14.9414,88.5938,-991.4062,0,0
69.957152,-14.9414,88.5938,-991.4062,0,0
69.961123,-14.9414,88.5938,-991.4062,0,0
69.965074,-14.9414,88.5938,-991.4062,0,0
69.969071,-14.9414,88.5938,-991.4062,0,0
69.973137,-14.9414,88.5938,-991.4062,0,0
69.977107,-14.9414,88.5938,-991.4062,0,0
69.981078,-14.9414,88.5938,-991.4062,0,0
69.985145,-14.9414,88.5938,-991.4062,0,0
69.989116,-14.9414,88.5938,-991.4062,0,0
69.993082,-14.9414,88.5938,-991.4062,0,0
69.997145,-14.9414,88.5938,-991.4062,0,0
70.001116,-14.9414,88.5938,-991.4062,0,0
70.005132,-14.9414,88.5938,-991.4062,0,0
70.009104,-14.9414,88.5938,-991.4062,0,0
70.013070,-14.9414,88.5938,-991.4062,0,0
70.017145,-14.9414,88.5938,-991.4062,0,0
70.021116,-14.9414,88.5938,-991.4062,0,0
70.025082,-14.9414,88.5938,-991.4062,0,0
70.029145,-14.9414,88.5938,-991.4062,0,0
70.033116,-14.9414,88.5938,-991.4062,0,0
70.037082,-14.9414,88.5938,-991.4062,0,0
70.041145,-14.9414,88.5938,-991.4062,0,0
70.045116,-14.9414,88.5938,-991.4062,0,0
70.049082,-14.9414,88.5938,-991.4062,0,0
70.053159,-14.9414,88.5938,-991.4062,0,0
70.057130,-14.9414,88.5938,-991.4062,0,0
70.061096,-14.9414,88.5938,-991.4062,0,0
70.065161,-14.9414,88.5938,-991.4062,0,0
70.069161,-14.9414,88.5938,-991.4062,0,0
70.073130,-14.9414,88.5938,-991.4062,0,0
70.077096,-14.9414,88.5938,-991.4062,0,0
70.081161,-14.9414,88.5938,-991.4062,0,0
70.085130,-14.9414,88.5938,-991.4062,0,0
70.089096,-14.9414,88.5938,-991.4062,0,0
70.093161,-14.9414,88.5938,-991.4062,0,0
70.097130,-14.9414,88.5938,-991.4062,0,0
70.101096,-14.9414,88.5938,-991.4062,0,0
70.105161,-14.9414,88.5938,-991.4062,0,0
70.109130,-14.9414,88.5938,-991.4062,0,0
70.113134,-14.9414,88.5938,-991.4062,0,0
70.117082,-14.9414,88.5938,-991.4062,0,0
70.121130,-14.9414,88.5938,-991.4062,0,0
70.125082,-14.9414,88.5938,-991.4062,0,0
70.129072,-14.9414,88.5938,-991.4062,0,0
70.133137,-14.9414,88.5938,-991.4062,0,0
70.137161,-14.9414,88.5938,-991.4062,0,0
70.141130,-14.9414,88.5938,-991.4062,0,0
70.145104,-14.9414,88.5938,-991.4062,0,0
70.149074,-14.9414,88.5938,-991.4062,0,0
70.153165,-14.9414,88.5938,-991.4062,0,0
70.157137,-14.9414,88.5938,-991.4062,0,0
70.161107,-14.9414,88.5938,-991.4062,0,0
70.165078,-14.9414,88.5938,-991.4062,0,0
70.169091,-14.9414,88.5938,-991.4062,0,0
70.173130,-14.9414,88.5938,-991.4062,0,0
70.177096,-14.9414,88.5938,-991.4062,0,0
70.181102,-14.9414,88.5938,-991.4062,0,0
70.185074,-14.9414,88.5938,-991.4062,0,0
70.189136,-14.9414,88.5938,-991.4062,0,0
70.193161,-14.9414,88.5938,-991.4062,0,0
70.197334,-14.9414,88.5938,-991.4062,0,0
70.201090,-14.9414,88.5938,-991.4062,0,0
70.205156,-14.9414,88.5938,-991.4062,0,0
70.214759,-14.9414,88.5938,-991.4062,0,0
70.215571,-14.9414,88.5938,-991.4062,0,0
70.217080,-14.9414,88.5938,-991.4062,0,0
70.221145,-14.9414,88.5938,-991.4062,0,0
70.225169,-14.9414,88.5938,-991.4062,0,0
70.229139,-14.9414,88.5938,-991.4062,0,0
70.233106,-14.9414,88.5938,-991.4062,0,0
70.237087,-14.9414,88.5938,-991.4062,0,0
70.241118,-14.9414,88.5938,-991.4062,0,0
70.245507,-14.9414,88.5938,-991.4062,0,0
70.249090,-14.9414,88.5938,-991.4062,0,0
70.253176,-14.9414,88.5938,-991.4062,0,0
