t_s,theta_deg,alpha_deg,alpha_raw_deg,pwm,mode,t_pc_block_s,t_now_us
0.000000,7.3828,23.0273,-336.9727,0,0,0.232759,718935835
0.000510,7.3828,23.0273,-336.9727,0,0,0.232759,718935835
0.000827,7.3828,23.0273,-336.9727,0,0,0.232759,718935835
0.002611,7.3828,23.0273,-336.9727,0,0,0.232759,718935835
0.008008,7.5586,23.0273,-336.9727,0,0,0.232759,718935835
0.008536,7.5586,23.0273,-336.9727,0,0,0.232759,718935835
0.008886,7.5586,23.0273,-336.9727,0,0,0.232759,718935835
0.010428,7.5586,23.0273,-336.9727,0,0,0.232759,718935835
0.012436,7.7344,22.8516,-337.1484,0,0,0.232759,718935835
0.014418,7.7344,22.8516,-337.1484,0,0,0.232759,718935835
0.016418,7.7344,22.8516,-337.1484,0,0,0.232759,718935835
0.018429,7.9102,22.8516,-337.1484,0,0,0.232759,718935835
0.020387,7.9102,22.6758,-337.3242,0,0,0.232759,718935835
0.022365,7.9102,22.6758,-337.3242,0,0,0.232759,718935835
0.024342,8.0859,22.6758,-337.3242,0,0,0.232759,718935835
0.026415,8.0859,22.6758,-337.3242,0,0,0.232759,718935835
0.028392,8.0859,22.6758,-337.3242,0,0,0.232759,718935835
0.030366,8.0859,22.6758,-337.3242,0,0,0.232759,718935835
0.032342,8.0859,22.6758,-337.3242,0,0,0.232759,718935835
0.034415,8.2617,22.6758,-337.3242,0,0,0.232759,718935835
0.036392,8.2617,22.5000,-337.5000,0,0,0.232759,718935835
0.038366,8.2617,22.5000,-337.5000,0,0,0.232759,718935835
0.040342,8.2617,22.5000,-337.5000,0,0,0.232759,718935835
0.042415,8.4375,22.5000,-337.5000,0,0,0.232759,718935835
0.044392,8.4375,22.5000,-337.5000,0,0,0.232759,718935835
0.046366,8.4375,22.5000,-337.5000,0,0,0.232759,718935835
0.048342,8.4375,22.5000,-337.5000,0,0,0.232759,718935835
0.050415,8.6133,22.5000,-337.5000,0,0,0.232759,718935835
0.052417,8.6133,22.5000,-337.5000,0,0,0.232759,718935835
0.054394,8.6133,22.5000,-337.5000,0,0,0.232759,718935835
0.056373,8.6133,22.5000,-337.5000,0,0,0.232759,718935835
0.058387,8.7891,22.5000,-337.5000,0,0,0.232759,718935835
0.060360,8.7891,22.5000,-337.5000,0,0,0.232759,718935835
0.062432,8.7891,22.5000,-337.5000,0,0,0.232759,718935835
0.064407,8.7891,22.5000,-337.5000,0,0,0.232759,718935835
0.066381,8.7891,22.5000,-337.5000,0,0,0.232759,718935835
0.068356,8.7891,22.5000,-337.5000,0,0,0.232759,718935835
0.070427,8.9648,22.5000,-337.5000,0,0,0.232759,718935835
0.072402,8.9648,22.5000,-337.5000,0,0,0.232759,718935835
0.074376,8.9648,22.5000,-337.5000,0,0,0.232759,718935835
0.076348,8.9648,22.5000,-337.5000,0,0,0.232759,718935835
0.078418,8.9648,22.5000,-337.5000,0,0,0.232759,718935835
0.080394,8.9648,22.5000,-337.5000,0,0,0.232759,718935835
0.082389,9.1406,22.5000,-337.5000,0,0,0.232759,718935835
0.084365,9.1406,22.5000,-337.5000,0,0,0.232759,718935835
0.086342,9.1406,22.5000,-337.5000,0,0,0.232759,718935835
0.088415,9.1406,22.5000,-337.5000,0,0,0.232759,718935835
0.090392,9.1406,22.5000,-337.5000,0,0,0.232759,718935835
0.092366,9.1406,22.5000,-337.5000,0,0,0.232759,718935835
0.094342,9.1406,22.5000,-337.5000,0,0,0.232759,718935835
0.096415,9.3164,22.6758,-337.3242,0,0,0.232759,718935835
0.098392,9.3164,22.6758,-337.3242,0,0,0.232759,718935835
0.100366,9.3164,22.6758,-337.3242,0,0,0.232759,718935835
0.102342,9.3164,22.6758,-337.3242,0,0,0.232759,718935835
0.106290,9.3164,22.6758,-337.3242,0,0,0.232759,718935835
0.106545,9.3164,22.6758,-337.3242,0,0,0.232759,718935835
0.108435,9.3164,22.6758,-337.3242,0,0,0.232759,718935835
0.110410,9.3164,22.6758,-337.3242,0,0,0.232759,718935835
0.112384,9.4922,22.8516,-337.1484,0,0,0.232759,718935835
0.114359,9.4922,22.8516,-337.1484,0,0,0.232759,718935835
0.116430,9.4922,22.8516,-337.1484,0,0,0.232759,718935835
0.118405,9.4922,22.8516,-337.1484,0,0,0.232759,718935835
0.120381,9.4922,23.0273,-336.9727,0,0,0.232759,718935835
0.122355,9.4922,23.0273,-336.9727,0,0,0.232759,718935835
0.124427,9.4922,23.0273,-336.9727,0,0,0.232759,718935835
0.126402,9.4922,23.0273,-336.9727,0,0,0.232759,718935835
0.128376,9.4922,23.0273,-336.9727,0,0,0.232759,718935835
0.130348,9.4922,23.2031,-336.7969,0,0,0.232759,718935835
0.132418,9.4922,23.2031,-336.7969,0,0,0.232759,718935835
0.134394,9.4922,23.2031,-336.7969,0,0,0.232759,718935835
0.136368,9.4922,23.2031,-336.7969,0,0,0.232759,718935835
0.138342,9.4922,23.2031,-336.7969,0,0,0.232759,718935835
0.140416,9.4922,23.3789,-336.6211,0,0,0.232759,718935835
0.142394,9.4922,23.3789,-336.6211,0,0,0.232759,718935835
0.144368,9.4922,23.3789,-336.6211,0,0,0.232759,718935835
0.146342,9.4922,23.3789,-336.6211,0,0,0.232759,718935835
0.148416,9.4922,23.3789,-336.6211,0,0,0.232759,718935835
0.150394,9.6680,23.5547,-336.4453,0,0,0.232759,718935835
0.152368,9.6680,23.5547,-336.4453,0,0,0.232759,718935835
0.154397,9.6680,23.5547,-336.4453,0,0,0.232759,718935835
0.156404,9.6680,23.7305,-336.2695,0,0,0.232759,718935835
0.158376,9.6680,23.7305,-336.2695,0,0,0.232759,718935835
0.160348,9.6680,23.7305,-336.2695,0,0,0.232759,718935835
0.162418,9.6680,23.7305,-336.2695,0,0,0.232759,718935835
0.164394,9.6680,23.9062,-336.0938,0,0,0.232759,718935835
0.166368,9.6680,23.9062,-336.0938,0,0,0.232759,718935835
0.168342,9.6680,23.9062,-336.0938,0,0,0.232759,718935835
0.170416,9.6680,23.9062,-336.0938,0,0,0.232759,718935835
0.172394,9.6680,23.9062,-336.0938,0,0,0.232759,718935835
0.174368,9.6680,24.0820,-335.9180,0,0,0.232759,718935835
0.176342,9.6680,24.0820,-335.9180,0,0,0.232759,718935835
0.178416,9.6680,24.0820,-335.9180,0,0,0.232759,718935835
0.180394,9.6680,24.0820,-335.9180,0,0,0.232759,718935835
0.182380,9.6680,24.2578,-335.7422,0,0,0.232759,718935835
0.184355,9.6680,24.2578,-335.7422,0,0,0.232759,718935835
0.186427,9.6680,24.2578,-335.7422,0,0,0.232759,718935835
0.188402,9.6680,24.4336,-335.5664,0,0,0.232759,718935835
0.190376,9.6680,24.4336,-335.5664,0,0,0.232759,718935835
0.192348,9.6680,24.4336,-335.5664,0,0,0.232759,718935835
0.194418,9.6680,24.4336,-335.5664,0,0,0.232759,718935835
0.196409,9.6680,24.4336,-335.5664,0,0,0.232759,718935835
0.198382,9.6680,24.6094,-335.3906,0,0,0.232759,718935835
0.200356,9.6680,24.6094,-335.3906,0,0,0.232759,718935835
0.202427,9.6680,24.6094,-335.3906,0,0,0.232759,718935835
0.206557,9.6680,24.6094,-335.3906,0,0,0.232759,718935835
0.206820,9.6680,24.6094,-335.3906,0,0,0.232759,718935835
0.208418,9.6680,24.7852,-335.2148,0,0,0.232759,718935835
0.210394,9.6680,24.7852,-335.2148,0,0,0.232759,718935835
0.212429,9.6680,24.7852,-335.2148,0,0,0.232759,718935835
0.214373,9.8438,24.7852,-335.2148,0,0,0.232759,718935835
0.216433,9.8438,24.7852,-335.2148,0,0,0.232759,718935835
0.218430,9.8438,24.7852,-335.2148,0,0,0.232759,718935835
0.221037,9.8438,24.9609,-335.0391,0,0,0.232759,718935835
0.225529,9.8438,24.9609,-335.0391,0,0,0.467602,719167640
0.226040,9.8438,24.9609,-335.0391,0,0,0.467602,719167640
0.226360,9.8438,24.9609,-335.0391,0,0,0.467602,719167640
0.228535,9.8438,24.9609,-335.0391,0,0,0.467602,719167640
0.230442,9.8438,25.1367,-334.8633,0,0,0.467602,719167640
0.232414,9.8438,25.1367,-334.8633,0,0,0.467602,719167640
0.234393,9.8438,25.1367,-334.8633,0,0,0.467602,719167640
0.236375,9.8438,25.1367,-334.8633,0,0,0.467602,719167640
0.238349,9.8438,25.1367,-334.8633,0,0,0.467602,719167640
0.240404,9.8438,25.1367,-334.8633,0,0,0.467602,719167640
0.242349,9.8438,25.1367,-334.8633,0,0,0.467602,719167640
0.244357,9.8438,25.1367,-334.8633,0,0,0.467602,719167640
0.246415,9.8438,25.1367,-334.8633,0,0,0.467602,719167640
0.248375,10.0195,25.1367,-334.8633,0,0,0.467602,719167640
0.250434,10.0195,25.3125,-334.6875,0,0,0.467602,719167640
0.252429,10.0195,25.3125,-334.6875,0,0,0.467602,719167640
0.254393,10.0195,25.3125,-334.6875,0,0,0.467602,719167640
0.256391,10.0195,25.3125,-334.6875,0,0,0.467602,719167640
0.258395,10.0195,25.3125,-334.6875,0,0,0.467602,719167640
0.260393,10.0195,25.3125,-334.6875,0,0,0.467602,719167640
0.262352,10.0195,25.3125,-334.6875,0,0,0.467602,719167640
0.264399,10.0195,25.3125,-334.6875,0,0,0.467602,719167640
0.266342,10.0195,25.3125,-334.6875,0,0,0.467602,719167640
0.268415,10.0195,25.3125,-334.6875,0,0,0.467602,719167640
0.270392,10.1953,25.3125,-334.6875,0,0,0.467602,719167640
0.272366,10.1953,25.3125,-334.6875,0,0,0.467602,719167640
0.274342,10.1953,25.3125,-334.6875,0,0,0.467602,719167640
0.276415,10.1953,25.3125,-334.6875,0,0,0.467602,719167640
0.278392,10.1953,25.3125,-334.6875,0,0,0.467602,719167640
0.280366,10.1953,25.3125,-334.6875,0,0,0.467602,719167640
0.282364,10.1953,25.3125,-334.6875,0,0,0.467602,719167640
0.284342,10.1953,25.3125,-334.6875,0,0,0.467602,719167640
0.286415,10.1953,25.3125,-334.6875,0,0,0.467602,719167640
0.288392,10.1953,25.3125,-334.6875,0,0,0.467602,719167640
0.290366,10.3711,25.3125,-334.6875,0,0,0.467602,719167640
0.292342,10.3711,25.3125,-334.6875,0,0,0.467602,719167640
0.294415,10.3711,25.1367,-334.8633,0,0,0.467602,719167640
0.296392,10.3711,25.1367,-334.8633,0,0,0.467602,719167640
0.298366,10.3711,25.1367,-334.8633,0,0,0.467602,719167640
0.300342,10.3711,25.1367,-334.8633,0,0,0.467602,719167640
0.302415,10.3711,25.1367,-334.8633,0,0,0.467602,719167640
0.306822,10.5469,25.1367,-334.8633,0,0,0.467602,719167640
0.307129,10.5469,25.1367,-334.8633,0,0,0.467602,719167640
0.308342,10.5469,25.1367,-334.8633,0,0,0.467602,719167640
0.310415,10.5469,25.1367,-334.8633,0,0,0.467602,719167640
0.312392,10.5469,24.9609,-335.0391,0,0,0.467602,719167640
0.314366,10.5469,24.9609,-335.0391,0,0,0.467602,719167640
0.316342,10.5469,24.9609,-335.0391,0,0,0.467602,719167640
0.318415,10.7227,24.9609,-335.0391,0,0,0.467602,719167640
0.320392,10.7227,24.7852,-335.2148,0,0,0.467602,719167640
0.322366,10.7227,24.7852,-335.2148,0,0,0.467602,719167640
0.324342,10.7227,24.7852,-335.2148,0,0,0.467602,719167640
0.326415,10.7227,24.7852,-335.2148,0,0,0.467602,719167640
0.328392,10.7227,24.7852,-335.2148,0,0,0.467602,719167640
0.330366,10.8984,24.7852,-335.2148,0,0,0.467602,719167640
0.332342,10.8984,24.6094,-335.3906,0,0,0.467602,719167640
0.334415,10.8984,24.6094,-335.3906,0,0,0.467602,719167640
0.336392,10.8984,24.6094,-335.3906,0,0,0.467602,719167640
0.338366,10.8984,24.6094,-335.3906,0,0,0.467602,719167640
0.340342,10.8984,24.6094,-335.3906,0,0,0.467602,719167640
0.342415,10.8984,24.6094,-335.3906,0,0,0.467602,719167640
0.344392,11.0742,24.4336,-335.5664,0,0,0.467602,719167640
0.346366,11.0742,24.4336,-335.5664,0,0,0.467602,719167640
0.348342,11.0742,24.4336,-335.5664,0,0,0.467602,719167640
0.350415,11.0742,24.4336,-335.5664,0,0,0.467602,719167640
0.352392,11.0742,24.4336,-335.5664,0,0,0.467602,719167640
0.354366,11.0742,24.2578,-335.7422,0,0,0.467602,719167640
0.356342,11.2500,24.2578,-335.7422,0,0,0.467602,719167640
0.358442,11.2500,24.2578,-335.7422,0,0,0.467602,719167640
0.360376,11.2500,24.0820,-335.9180,0,0,0.467602,719167640
0.362378,11.2500,24.0820,-335.9180,0,0,0.467602,719167640
0.364351,11.2500,24.0820,-335.9180,0,0,0.467602,719167640
0.366423,11.2500,24.0820,-335.9180,0,0,0.467602,719167640
0.368397,11.4258,23.9062,-336.0938,0,0,0.467602,719167640
0.370372,11.4258,23.9062,-336.0938,0,0,0.467602,719167640
0.372342,11.4258,23.9062,-336.0938,0,0,0.467602,719167640
0.374415,11.4258,23.9062,-336.0938,0,0,0.467602,719167640
0.376392,11.4258,23.9062,-336.0938,0,0,0.467602,719167640
0.378366,11.6016,23.7305,-336.2695,0,0,0.467602,719167640
0.380342,11.6016,23.7305,-336.2695,0,0,0.467602,719167640
0.382424,11.6016,23.7305,-336.2695,0,0,0.467602,719167640
0.384399,11.6016,23.7305,-336.2695,0,0,0.467602,719167640
0.386375,11.6016,23.7305,-336.2695,0,0,0.467602,719167640
0.388349,11.6016,23.5547,-336.4453,0,0,0.467602,719167640
0.390418,11.6016,23.5547,-336.4453,0,0,0.467602,719167640
0.392394,11.6016,23.5547,-336.4453,0,0,0.467602,719167640
0.394368,11.7773,23.3789,-336.6211,0,0,0.467602,719167640
0.396342,11.7773,23.3789,-336.6211,0,0,0.467602,719167640
0.398416,11.7773,23.3789,-336.6211,0,0,0.467602,719167640
0.400394,11.7773,23.3789,-336.6211,0,0,0.467602,719167640
0.402368,11.7773,23.3789,-336.6211,0,0,0.467602,719167640
0.406274,11.7773,23.2031,-336.7969,0,0,0.467602,719167640
0.406529,11.7773,23.2031,-336.7969,0,0,0.467602,719167640
0.408418,11.9531,23.2031,-336.7969,0,0,0.467602,719167640
0.410394,11.9531,23.2031,-336.7969,0,0,0.467602,719167640
0.412368,11.9531,23.2031,-336.7969,0,0,0.467602,719167640
0.414342,11.9531,23.2031,-336.7969,0,0,0.467602,719167640
0.416416,11.9531,23.0273,-336.9727,0,0,0.467602,719167640
0.418394,11.9531,23.0273,-336.9727,0,0,0.467602,719167640
0.420368,11.9531,23.0273,-336.9727,0,0,0.467602,719167640
0.422342,11.9531,23.0273,-336.9727,0,0,0.467602,719167640
0.424416,11.9531,23.0273,-336.9727,0,0,0.467602,719167640
0.426394,12.1289,23.0273,-336.9727,0,0,0.467602,719167640
0.428368,12.1289,23.0273,-336.9727,0,0,0.467602,719167640
0.430342,12.1289,22.8516,-337.1484,0,0,0.467602,719167640
0.432415,12.1289,22.8516,-337.1484,0,0,0.467602,719167640
0.434392,12.1289,22.8516,-337.1484,0,0,0.467602,719167640
0.436366,12.1289,22.8516,-337.1484,0,0,0.467602,719167640
0.438342,12.1289,22.8516,-337.1484,0,0,0.467602,719167640
0.440415,12.1289,22.6758,-337.3242,0,0,0.467602,719167640
0.442392,12.1289,22.6758,-337.3242,0,0,0.467602,719167640
0.444359,12.3047,22.6758,-337.3242,0,0,0.467602,719167640
0.446413,12.3047,22.6758,-337.3242,0,0,0.467602,719167640
0.448372,12.3047,22.6758,-337.3242,0,0,0.467602,719167640
0.450412,12.3047,22.6758,-337.3242,0,0,0.467602,719167640
0.452755,12.3047,22.6758,-337.3242,0,0,0.467602,719167640
0.457212,12.3047,22.6758,-337.3242,0,0,0.741669,719427347
0.457731,12.3047,22.6758,-337.3242,0,0,0.741669,719427347
0.458394,12.3047,22.6758,-337.3242,0,0,0.741669,719427347
0.460766,12.3047,22.6758,-337.3242,0,0,0.741669,719427347
0.462360,12.3047,22.6758,-337.3242,0,0,0.741669,719427347
0.464435,12.3047,22.6758,-337.3242,0,0,0.741669,719427347
0.466383,12.3047,22.6758,-337.3242,0,0,0.741669,719427347
0.468363,12.3047,22.6758,-337.3242,0,0,0.741669,719427347
0.470372,12.3047,22.6758,-337.3242,0,0,0.741669,719427347
0.472372,12.3047,22.6758,-337.3242,0,0,0.741669,719427347
0.474393,12.3047,22.6758,-337.3242,0,0,0.741669,719427347
0.476443,12.3047,22.6758,-337.3242,0,0,0.741669,719427347
0.478383,12.3047,22.6758,-337.3242,0,0,0.741669,719427347
0.480433,12.3047,22.6758,-337.3242,0,0,0.741669,719427347
0.482355,12.3047,22.6758,-337.3242,0,0,0.741669,719427347
0.484430,12.3047,22.6758,-337.3242,0,0,0.741669,719427347
0.486405,12.3047,22.6758,-337.3242,0,0,0.741669,719427347
0.488381,12.3047,22.6758,-337.3242,0,0,0.741669,719427347
0.490355,12.3047,22.6758,-337.3242,0,0,0.741669,719427347
0.492427,12.3047,22.6758,-337.3242,0,0,0.741669,719427347
0.494402,12.3047,22.6758,-337.3242,0,0,0.741669,719427347
0.496376,12.3047,22.6758,-337.3242,0,0,0.741669,719427347
0.498353,12.3047,22.6758,-337.3242,0,0,0.741669,719427347
0.500423,12.3047,22.6758,-337.3242,0,0,0.741669,719427347
0.502397,12.3047,22.6758,-337.3242,0,0,0.741669,719427347
0.506790,12.3047,22.6758,-337.3242,0,0,0.741669,719427347
0.507100,12.3047,22.6758,-337.3242,0,0,0.741669,719427347
0.508413,12.3047,22.6758,-337.3242,0,0,0.741669,719427347
0.510391,12.3047,22.6758,-337.3242,0,0,0.741669,719427347
0.512366,12.3047,22.6758,-337.3242,0,0,0.741669,719427347
0.514342,12.3047,22.6758,-337.3242,0,0,0.741669,719427347
0.516419,12.3047,22.6758,-337.3242,0,0,0.741669,719427347
0.518405,12.3047,22.6758,-337.3242,0,0,0.741669,719427347
0.520421,12.3047,22.8516,-337.1484,0,0,0.741669,719427347
0.522351,12.3047,22.8516,-337.1484,0,0,0.741669,719427347
0.524773,12.3047,22.8516,-337.1484,0,0,0.741669,719427347
0.538564,12.3047,22.8516,-337.1484,0,5,0.741669,719427347
0.540605,12.3047,23.0273,-336.9727,0,5,0.741669,719427347
0.542579,12.3047,23.0273,-336.9727,0,5,0.741669,719427347
0.544628,12.3047,23.0273,-336.9727,0,5,0.741669,719427347
0.546610,12.3047,23.0273,-336.9727,0,5,0.741669,719427347
0.548628,12.3047,23.0273,-336.9727,0,5,0.741669,719427347
0.550580,12.3047,23.0273,-336.9727,0,5,0.741669,719427347
0.552591,12.3047,23.0273,-336.9727,0,5,0.741669,719427347
0.554647,12.3047,23.0273,-336.9727,0,5,0.741669,719427347
0.556670,12.3047,23.0273,-336.9727,0,5,0.741669,719427347
0.558630,12.3047,23.0273,-336.9727,0,5,0.741669,719427347
0.560586,12.3047,23.0273,-336.9727,0,5,0.741669,719427347
0.562607,12.3047,23.0273,-336.9727,0,5,0.741669,719427347
0.564650,12.3047,23.2031,-336.7969,0,5,0.741669,719427347
0.566592,12.3047,23.2031,-336.7969,0,5,0.741669,719427347
0.568610,12.3047,23.2031,-336.7969,0,5,0.741669,719427347
0.570643,12.3047,23.2031,-336.7969,0,5,0.741669,719427347
0.572578,12.3047,23.2031,-336.7969,0,5,0.741669,719427347
0.574612,12.3047,23.2031,-336.7969,0,5,0.741669,719427347
0.576651,12.3047,23.2031,-336.7969,0,5,0.741669,719427347
0.578592,12.3047,23.2031,-336.7969,0,5,0.741669,719427347
0.580626,12.3047,23.2031,-336.7969,0,5,0.741669,719427347
0.582580,12.3047,23.3789,-336.6211,0,5,0.741669,719427347
0.584614,12.3047,23.3789,-336.6211,0,5,0.741669,719427347
0.586651,12.3047,23.3789,-336.6211,0,5,0.741669,719427347
0.588592,12.3047,23.3789,-336.6211,0,5,0.741669,719427347
0.590626,12.3047,23.3789,-336.6211,0,5,0.741669,719427347
0.592659,12.3047,23.3789,-336.6211,0,5,0.741669,719427347
0.594595,12.3047,23.3789,-336.6211,0,5,0.741669,719427347
0.596630,12.3047,23.3789,-336.6211,0,5,0.741669,719427347
0.598569,12.3047,23.3789,-336.6211,0,5,0.741669,719427347
0.600607,12.3047,23.3789,-336.6211,0,5,0.741669,719427347
0.602640,12.3047,23.5547,-336.4453,0,5,0.741669,719427347
0.606995,12.3047,23.5547,-336.4453,0,5,0.741669,719427347
0.607400,12.3047,23.5547,-336.4453,0,5,0.741669,719427347
0.608569,12.3047,23.5547,-336.4453,0,5,0.741669,719427347
0.610605,12.3047,23.5547,-336.4453,0,5,0.741669,719427347
0.612636,12.3047,23.5547,-336.4453,0,5,0.741669,719427347
0.614573,12.3047,23.5547,-336.4453,0,5,0.741669,719427347
0.616607,12.3047,23.7305,-336.2695,0,5,0.741669,719427347
0.618636,12.3047,23.7305,-336.2695,0,5,0.741669,719427347
0.620573,12.3047,23.7305,-336.2695,0,5,0.741669,719427347
0.622607,12.3047,23.7305,-336.2695,0,5,0.741669,719427347
0.624636,12.3047,23.7305,-336.2695,0,5,0.741669,719427347
0.626573,12.3047,23.7305,-336.2695,0,5,0.741669,719427347
0.628607,12.3047,23.7305,-336.2695,0,5,0.741669,719427347
0.630636,12.3047,23.7305,-336.2695,0,5,0.741669,719427347
0.632573,12.3047,23.7305,-336.2695,0,5,0.741669,719427347
0.634607,12.3047,23.7305,-336.2695,0,5,0.741669,719427347
0.636636,12.3047,23.7305,-336.2695,0,5,0.741669,719427347
0.638573,12.3047,23.9062,-336.0938,0,5,0.741669,719427347
0.640609,12.3047,23.9062,-336.0938,0,5,0.741669,719427347
0.642642,12.3047,23.9062,-336.0938,0,5,0.741669,719427347
0.644578,12.3047,23.9062,-336.0938,0,5,0.741669,719427347
0.646612,12.3047,23.9062,-336.0938,0,5,0.741669,719427347
0.648650,12.3047,23.9062,-336.0938,0,5,0.741669,719427347
0.650592,12.3047,23.9062,-336.0938,0,5,0.741669,719427347
0.652626,12.3047,23.9062,-336.0938,0,5,0.741669,719427347
0.654594,12.3047,23.9062,-336.0938,0,5,0.741669,719427347
0.656629,12.3047,23.9062,-336.0938,0,5,0.741669,719427347
0.658569,12.3047,23.9062,-336.0938,0,5,0.741669,719427347
0.660653,12.3047,24.0820,-335.9180,0,5,0.741669,719427347
0.662592,12.3047,24.0820,-335.9180,0,5,0.741669,719427347
0.664626,12.3047,24.0820,-335.9180,0,5,0.741669,719427347
0.666610,12.3047,24.0820,-335.9180,0,5,0.741669,719427347
0.668643,12.3047,24.0820,-335.9180,0,5,0.741669,719427347
0.670578,12.3047,24.0820,-335.9180,0,5,0.741669,719427347
0.672612,12.3047,24.0820,-335.9180,0,5,0.741669,719427347
0.674651,12.3047,24.0820,-335.9180,0,5,0.741669,719427347
0.676592,12.3047,24.0820,-335.9180,0,5,0.741669,719427347
0.678626,12.3047,24.0820,-335.9180,0,5,0.741669,719427347
0.680573,12.3047,24.0820,-335.9180,0,5,0.741669,719427347
0.682619,12.3047,24.0820,-335.9180,0,5,0.741669,719427347
0.684653,12.3047,24.2578,-335.7422,0,5,0.741669,719427347
0.686614,12.3047,24.2578,-335.7422,0,5,0.741669,719427347
0.688650,12.3047,24.2578,-335.7422,0,5,0.741669,719427347
0.690581,12.3047,24.2578,-335.7422,0,5,0.741669,719427347
0.692569,12.3047,24.2578,-335.7422,0,5,0.741669,719427347
0.694636,12.3047,24.2578,-335.7422,0,5,0.741669,719427347
0.696573,12.3047,24.2578,-335.7422,0,5,0.741669,719427347
0.698607,12.3047,24.2578,-335.7422,0,5,0.741669,719427347
0.700636,12.3047,24.2578,-335.7422,0,5,0.741669,719427347
0.702656,12.3047,24.2578,-335.7422,0,5,0.741669,719427347
0.706344,12.3047,24.4336,-335.5664,0,5,0.741669,719427347
0.706698,12.3047,24.4336,-335.5664,0,5,0.741669,719427347
0.708592,12.3047,24.4336,-335.5664,0,5,0.741669,719427347
0.710658,12.3047,24.4336,-335.5664,0,5,0.741669,719427347
0.712575,12.3047,24.4336,-335.5664,0,5,0.741669,719427347
0.716947,12.3047,24.4336,-335.5664,0,5,0.993340,719695875
0.717708,12.3047,24.4336,-335.5664,0,5,0.993340,719695875
0.718672,12.3047,24.4336,-335.5664,0,5,0.993340,719695875
0.720919,12.3047,24.4336,-335.5664,0,5,0.993340,719695875
0.722571,12.3047,24.4336,-335.5664,0,5,0.993340,719695875
0.724593,12.3047,24.4336,-335.5664,0,5,0.993340,719695875
0.726588,12.3047,24.4336,-335.5664,0,5,0.993340,719695875
0.728606,12.3047,24.4336,-335.5664,0,5,0.993340,719695875
0.730628,12.3047,24.4336,-335.5664,0,5,0.993340,719695875
0.732653,12.3047,24.4336,-335.5664,0,5,0.993340,719695875
0.734580,12.3047,24.4336,-335.5664,0,5,0.993340,719695875
0.736603,12.3047,24.4336,-335.5664,0,5,0.993340,719695875
0.738625,12.3047,24.4336,-335.5664,0,5,0.993340,719695875
0.740644,12.3047,24.4336,-335.5664,0,5,0.993340,719695875
0.742571,12.3047,24.4336,-335.5664,0,5,0.993340,719695875
0.744593,12.3047,24.4336,-335.5664,0,5,0.993340,719695875
0.746640,12.3047,24.4336,-335.5664,0,5,0.993340,719695875
0.748568,12.3047,24.4336,-335.5664,0,5,0.993340,719695875
0.750594,12.3047,24.4336,-335.5664,0,5,0.993340,719695875
0.752594,12.3047,24.4336,-335.5664,0,5,0.993340,719695875
0.754604,12.3047,24.4336,-335.5664,0,5,0.993340,719695875
0.756609,12.3047,24.4336,-335.5664,0,5,0.993340,719695875
0.758642,12.3047,24.4336,-335.5664,0,5,0.993340,719695875
0.760577,12.4805,24.4336,-335.5664,0,5,0.993340,719695875
0.762611,12.4805,24.4336,-335.5664,0,5,0.993340,719695875
0.764607,12.4805,24.4336,-335.5664,0,5,0.993340,719695875
0.766666,12.4805,24.4336,-335.5664,0,5,0.993340,719695875
0.768629,12.4805,24.4336,-335.5664,0,5,0.993340,719695875
0.770658,12.4805,24.4336,-335.5664,0,5,0.993340,719695875
0.772595,12.4805,24.4336,-335.5664,0,5,0.993340,719695875
0.774630,12.4805,24.4336,-335.5664,0,5,0.993340,719695875
0.776569,12.4805,24.4336,-335.5664,0,5,0.993340,719695875
0.778642,12.4805,24.4336,-335.5664,0,5,0.993340,719695875
0.780577,12.4805,24.4336,-335.5664,0,5,0.993340,719695875
0.782621,12.4805,24.2578,-335.7422,0,5,0.993340,719695875
0.784653,12.4805,24.2578,-335.7422,0,5,0.993340,719695875
0.786592,12.4805,24.2578,-335.7422,0,5,0.993340,719695875
0.788626,12.4805,24.2578,-335.7422,0,5,0.993340,719695875
0.790659,12.4805,24.2578,-335.7422,0,5,0.993340,719695875
0.792595,12.4805,24.2578,-335.7422,0,5,0.993340,719695875
0.794630,12.4805,24.2578,-335.7422,0,5,0.993340,719695875
0.796569,12.4805,24.2578,-335.7422,0,5,0.993340,719695875
0.798605,12.4805,24.2578,-335.7422,0,5,0.993340,719695875
0.800636,12.4805,24.2578,-335.7422,0,5,0.993340,719695875
0.802573,12.4805,24.2578,-335.7422,0,5,0.993340,719695875
0.806744,12.4805,24.0820,-335.9180,0,5,0.993340,719695875
0.807133,12.4805,24.0820,-335.9180,0,5,0.993340,719695875
0.808605,12.4805,24.0820,-335.9180,0,5,0.993340,719695875
0.810636,12.4805,24.0820,-335.9180,0,5,0.993340,719695875
0.812573,12.4805,24.0820,-335.9180,0,5,0.993340,719695875
0.814607,12.4805,24.0820,-335.9180,0,5,0.993340,719695875
0.816636,12.4805,24.0820,-335.9180,0,5,0.993340,719695875
0.818573,12.4805,24.0820,-335.9180,0,5,0.993340,719695875
0.820607,12.4805,24.0820,-335.9180,0,5,0.993340,719695875
0.822636,12.4805,24.0820,-335.9180,0,5,0.993340,719695875
0.824573,12.4805,24.0820,-335.9180,0,5,0.993340,719695875
0.826607,12.4805,24.0820,-335.9180,0,5,0.993340,719695875
0.828636,12.4805,24.0820,-335.9180,0,5,0.993340,719695875
0.830573,12.4805,23.9062,-336.0938,0,5,0.993340,719695875
0.832609,12.6562,23.9062,-336.0938,0,5,0.993340,719695875
0.834642,12.6562,23.9062,-336.0938,0,5,0.993340,719695875
0.836578,12.6562,23.9062,-336.0938,0,5,0.993340,719695875
0.838612,12.6562,23.9062,-336.0938,0,5,0.993340,719695875
0.840650,12.6562,23.9062,-336.0938,0,5,0.993340,719695875
0.842592,12.6562,23.9062,-336.0938,0,5,0.993340,719695875
0.844626,12.6562,23.9062,-336.0938,0,5,0.993340,719695875
0.846659,12.6562,23.9062,-336.0938,0,5,0.993340,719695875
0.848595,12.6562,23.9062,-336.0938,0,5,0.993340,719695875
0.850630,12.6562,23.9062,-336.0938,0,5,0.993340,719695875
0.852569,12.6562,23.9062,-336.0938,0,5,0.993340,719695875
0.854607,12.6562,23.7305,-336.2695,0,5,0.993340,719695875
0.856640,12.6562,23.7305,-336.2695,0,5,0.993340,719695875
0.858577,12.6562,23.7305,-336.2695,0,5,0.993340,719695875
0.860612,12.6562,23.7305,-336.2695,0,5,0.993340,719695875
0.862646,12.6562,23.7305,-336.2695,0,5,0.993340,719695875
0.864586,12.6562,23.7305,-336.2695,0,5,0.993340,719695875
0.866619,12.6562,23.7305,-336.2695,0,5,0.993340,719695875
0.868653,12.6562,23.7305,-336.2695,0,5,0.993340,719695875
0.870625,12.6562,23.7305,-336.2695,0,5,0.993340,719695875
0.872598,12.6562,23.7305,-336.2695,0,5,0.993340,719695875
0.874646,12.6562,23.7305,-336.2695,0,5,0.993340,719695875
0.876586,12.6562,23.7305,-336.2695,0,5,0.993340,719695875
0.878619,12.6562,23.5547,-336.4453,0,5,0.993340,719695875
0.880653,12.6562,23.5547,-336.4453,0,5,0.993340,719695875
0.882599,12.6562,23.5547,-336.4453,0,5,0.993340,719695875
0.884631,12.6562,23.5547,-336.4453,0,5,0.993340,719695875
0.886569,12.6562,23.5547,-336.4453,0,5,0.993340,719695875
0.888605,12.6562,23.5547,-336.4453,0,5,0.993340,719695875
0.890636,12.6562,23.5547,-336.4453,0,5,0.993340,719695875
0.892573,12.6562,23.5547,-336.4453,0,5,0.993340,719695875
0.894607,12.6562,23.5547,-336.4453,0,5,0.993340,719695875
0.896636,12.6562,23.5547,-336.4453,0,5,0.993340,719695875
0.898573,12.6562,23.3789,-336.6211,0,5,0.993340,719695875
0.900609,12.6562,23.3789,-336.6211,0,5,0.993340,719695875
0.902642,12.6562,23.3789,-336.6211,0,5,0.993340,719695875
0.906329,12.6562,23.3789,-336.6211,0,5,0.993340,719695875
0.906679,12.6562,23.3789,-336.6211,0,5,0.993340,719695875
0.908636,12.6562,23.3789,-336.6211,0,5,0.993340,719695875
0.910573,12.6562,23.3789,-336.6211,0,5,0.993340,719695875
0.912607,12.6562,23.3789,-336.6211,0,5,0.993340,719695875
0.914636,12.6562,23.3789,-336.6211,0,5,0.993340,719695875
0.916573,12.6562,23.3789,-336.6211,0,5,0.993340,719695875
0.918607,12.6562,23.3789,-336.6211,0,5,0.993340,719695875
0.920636,12.6562,23.3789,-336.6211,0,5,0.993340,719695875
0.922573,12.6562,23.3789,-336.6211,0,5,0.993340,719695875
0.924607,12.6562,23.3789,-336.6211,0,5,0.993340,719695875
0.926636,12.6562,23.3789,-336.6211,0,5,0.993340,719695875
0.928573,12.6562,23.2031,-336.7969,0,5,0.993340,719695875
0.930607,12.6562,23.2031,-336.7969,0,5,0.993340,719695875
0.932636,12.6562,23.2031,-336.7969,0,5,0.993340,719695875
0.934573,12.6562,23.2031,-336.7969,0,5,0.993340,719695875
0.936607,12.6562,23.2031,-336.7969,0,5,0.993340,719695875
0.938636,12.6562,23.2031,-336.7969,0,5,0.993340,719695875
0.940573,12.6562,23.2031,-336.7969,0,5,0.993340,719695875
0.942607,12.6562,23.2031,-336.7969,0,5,0.993340,719695875
0.944636,12.6562,23.2031,-336.7969,0,5,0.993340,719695875
0.946573,12.6562,23.2031,-336.7969,0,5,0.993340,719695875
0.948607,12.6562,23.2031,-336.7969,0,5,0.993340,719695875
0.950636,12.6562,23.2031,-336.7969,0,5,0.993340,719695875
0.952565,12.6562,23.2031,-336.7969,0,5,0.993340,719695875
0.954670,12.6562,23.2031,-336.7969,0,5,0.993340,719695875
0.956642,12.6562,23.2031,-336.7969,0,5,0.993340,719695875
0.958578,12.6562,23.2031,-336.7969,0,5,0.993340,719695875
0.960612,12.6562,23.2031,-336.7969,0,5,0.993340,719695875
0.962568,12.6562,23.2031,-336.7969,0,5,0.993340,719695875
0.965133,12.6562,23.2031,-336.7969,0,5,0.993340,719695875
0.966627,12.6562,23.2031,-336.7969,0,5,0.993340,719695875
0.968564,12.6562,23.2031,-336.7969,0,5,0.993340,719695875
0.970598,12.6562,23.2031,-336.7969,0,5,0.993340,719695875
0.972648,12.6562,23.2031,-336.7969,0,5,0.993340,719695875
0.974592,12.6562,23.2031,-336.7969,0,5,0.993340,719695875
0.976627,12.6562,23.2031,-336.7969,0,5,0.993340,719695875
0.978589,12.6562,23.2031,-336.7969,0,5,0.993340,719695875
0.980650,12.6562,23.2031,-336.7969,0,5,0.993340,719695875
0.985410,12.6562,23.2031,-336.7969,0,5,1.228394,719935007
0.986194,12.6562,23.2031,-336.7969,0,5,1.228394,719935007
0.986601,12.6562,23.2031,-336.7969,0,5,1.228394,719935007
0.988605,12.6562,23.0273,-336.9727,0,5,1.228394,719935007
0.990571,12.6562,23.0273,-336.9727,0,5,1.228394,719935007
0.992613,12.6562,23.0273,-336.9727,0,5,1.228394,719935007
0.994613,12.6562,23.0273,-336.9727,0,5,1.228394,719935007
0.996570,12.6562,23.0273,-336.9727,0,5,1.228394,719935007
0.998621,12.6562,23.0273,-336.9727,0,5,1.228394,719935007
1.000586,12.6562,23.0273,-336.9727,0,5,1.228394,719935007
1.002571,12.6562,23.0273,-336.9727,0,5,1.228394,719935007
1.007183,12.6562,23.0273,-336.9727,0,5,1.228394,719935007
1.007581,12.6562,23.0273,-336.9727,0,5,1.228394,719935007
1.008631,12.6562,23.0273,-336.9727,0,5,1.228394,719935007
1.010612,12.6562,23.0273,-336.9727,0,5,1.228394,719935007
1.012646,12.6562,23.0273,-336.9727,0,5,1.228394,719935007
1.014586,12.6562,23.0273,-336.9727,0,5,1.228394,719935007
1.016619,12.6562,23.0273,-336.9727,0,5,1.228394,719935007
1.018653,12.6562,23.0273,-336.9727,0,5,1.228394,719935007
1.020592,12.6562,23.0273,-336.9727,0,5,1.228394,719935007
1.022626,12.6562,23.0273,-336.9727,0,5,1.228394,719935007
1.024659,12.6562,23.0273,-336.9727,0,5,1.228394,719935007
1.026595,12.6562,23.0273,-336.9727,0,5,1.228394,719935007
1.028630,12.6562,23.0273,-336.9727,0,5,1.228394,719935007
1.030569,12.6562,23.0273,-336.9727,0,5,1.228394,719935007
1.032605,12.6562,23.0273,-336.9727,0,5,1.228394,719935007
1.034636,12.6562,23.0273,-336.9727,0,5,1.228394,719935007
1.036573,12.6562,23.0273,-336.9727,0,5,1.228394,719935007
1.038607,12.6562,23.0273,-336.9727,0,5,1.228394,719935007
1.040636,12.6562,23.0273,-336.9727,0,5,1.228394,719935007
1.042573,12.6562,23.0273,-336.9727,0,5,1.228394,719935007
1.044607,12.6562,23.0273,-336.9727,0,5,1.228394,719935007
1.046636,12.6562,23.0273,-336.9727,0,5,1.228394,719935007
1.048573,12.6562,23.0273,-336.9727,0,5,1.228394,719935007
1.050607,12.6562,23.0273,-336.9727,0,5,1.228394,719935007
1.052636,12.6562,23.0273,-336.9727,0,5,1.228394,719935007
1.054573,12.6562,23.0273,-336.9727,0,5,1.228394,719935007
1.056607,12.6562,23.0273,-336.9727,0,5,1.228394,719935007
1.058636,12.6562,23.0273,-336.9727,0,5,1.228394,719935007
1.060573,12.6562,23.0273,-336.9727,0,5,1.228394,719935007
1.062607,12.6562,23.0273,-336.9727,0,5,1.228394,719935007
1.064636,12.6562,23.2031,-336.7969,0,5,1.228394,719935007
1.066573,12.6562,23.2031,-336.7969,0,5,1.228394,719935007
1.068607,12.6562,23.2031,-336.7969,0,5,1.228394,719935007
1.070636,12.6562,23.2031,-336.7969,0,5,1.228394,719935007
1.072573,12.6562,23.2031,-336.7969,0,5,1.228394,719935007
1.074607,12.6562,23.2031,-336.7969,0,5,1.228394,719935007
1.076655,12.6562,23.2031,-336.7969,0,5,1.228394,719935007
1.078634,12.6562,23.2031,-336.7969,0,5,1.228394,719935007
1.080573,12.6562,23.2031,-336.7969,0,5,1.228394,719935007
1.082619,12.6562,23.2031,-336.7969,0,5,1.228394,719935007
1.084653,12.6562,23.2031,-336.7969,0,5,1.228394,719935007
1.086592,12.6562,23.2031,-336.7969,0,5,1.228394,719935007
1.088626,12.6562,23.2031,-336.7969,0,5,1.228394,719935007
1.090659,12.6562,23.2031,-336.7969,0,5,1.228394,719935007
1.092595,12.6562,23.2031,-336.7969,0,5,1.228394,719935007
1.094630,12.6562,23.2031,-336.7969,0,5,1.228394,719935007
1.096569,12.6562,23.2031,-336.7969,0,5,1.228394,719935007
1.098605,12.6562,23.2031,-336.7969,0,5,1.228394,719935007
1.100636,12.6562,23.2031,-336.7969,0,5,1.228394,719935007
1.102573,12.6562,23.2031,-336.7969,0,5,1.228394,719935007
1.106260,12.6562,23.2031,-336.7969,0,5,1.228394,719935007
1.106610,12.6562,23.2031,-336.7969,0,5,1.228394,719935007
1.108569,12.6562,23.2031,-336.7969,0,5,1.228394,719935007
1.110607,12.6562,23.2031,-336.7969,0,5,1.228394,719935007
1.112640,12.6562,23.3789,-336.6211,0,5,1.228394,719935007
1.114577,12.6562,23.3789,-336.6211,0,5,1.228394,719935007
1.116612,12.6562,23.3789,-336.6211,0,5,1.228394,719935007
1.118646,12.6562,23.3789,-336.6211,0,5,1.228394,719935007
1.120586,12.6562,23.3789,-336.6211,0,5,1.228394,719935007
1.122619,12.6562,23.3789,-336.6211,0,5,1.228394,719935007
1.124653,12.6562,23.3789,-336.6211,0,5,1.228394,719935007
1.126592,12.6562,23.3789,-336.6211,0,5,1.228394,719935007
1.128626,12.6562,23.3789,-336.6211,0,5,1.228394,719935007
1.130659,12.6562,23.3789,-336.6211,0,5,1.228394,719935007
1.132595,12.6562,23.3789,-336.6211,0,5,1.228394,719935007
1.134630,12.6562,23.3789,-336.6211,0,5,1.228394,719935007
1.136569,12.6562,23.3789,-336.6211,0,5,1.228394,719935007
1.138605,12.6562,23.3789,-336.6211,0,5,1.228394,719935007
1.140636,12.6562,23.3789,-336.6211,0,5,1.228394,719935007
1.142573,12.6562,23.3789,-336.6211,0,5,1.228394,719935007
1.144607,12.6562,23.3789,-336.6211,0,5,1.228394,719935007
1.146636,12.6562,23.3789,-336.6211,0,5,1.228394,719935007
1.148573,12.6562,23.3789,-336.6211,0,5,1.228394,719935007
1.150607,12.6562,23.3789,-336.6211,0,5,1.228394,719935007
1.152636,12.6562,23.5547,-336.4453,0,5,1.228394,719935007
1.154573,12.6562,23.5547,-336.4453,0,5,1.228394,719935007
1.156607,12.6562,23.5547,-336.4453,0,5,1.228394,719935007
1.158636,12.6562,23.5547,-336.4453,0,5,1.228394,719935007
1.160573,12.6562,23.5547,-336.4453,0,5,1.228394,719935007
1.162607,12.6562,23.5547,-336.4453,0,5,1.228394,719935007
1.164636,12.6562,23.5547,-336.4453,0,5,1.228394,719935007
1.166573,12.6562,23.5547,-336.4453,0,5,1.228394,719935007
1.168607,12.6562,23.5547,-336.4453,0,5,1.228394,719935007
1.170636,12.6562,23.5547,-336.4453,0,5,1.228394,719935007
1.172573,12.6562,23.7305,-336.2695,0,5,1.228394,719935007
1.174607,12.6562,23.7305,-336.2695,0,5,1.228394,719935007
1.176636,12.6562,23.7305,-336.2695,0,5,1.228394,719935007
1.178620,12.6562,23.7305,-336.2695,0,5,1.228394,719935007
1.180586,12.6562,23.7305,-336.2695,0,5,1.228394,719935007
1.182629,12.6562,23.7305,-336.2695,0,5,1.228394,719935007
1.184569,12.6562,23.7305,-336.2695,0,5,1.228394,719935007
1.186607,12.6562,23.7305,-336.2695,0,5,1.228394,719935007
1.188640,12.6562,23.7305,-336.2695,0,5,1.228394,719935007
1.190577,12.6562,23.7305,-336.2695,0,5,1.228394,719935007
1.192612,12.6562,23.7305,-336.2695,0,5,1.228394,719935007
1.194646,12.6562,23.7305,-336.2695,0,5,1.228394,719935007
1.196586,12.6562,23.7305,-336.2695,0,5,1.228394,719935007
1.198619,12.6562,23.7305,-336.2695,0,5,1.228394,719935007
1.200653,12.6562,23.7305,-336.2695,0,5,1.228394,719935007
1.202592,12.6562,23.7305,-336.2695,0,5,1.228394,719935007
1.206489,12.6562,23.9062,-336.0938,0,5,1.228394,719935007
1.206847,12.6562,23.9062,-336.0938,0,5,1.228394,719935007
1.208609,12.6562,23.9062,-336.0938,0,5,1.228394,719935007
1.210642,12.6562,23.9062,-336.0938,0,5,1.228394,719935007
1.212651,12.6562,23.9062,-336.0938,0,5,1.228394,719935007
1.214594,12.6562,23.9062,-336.0938,0,5,1.228394,719935007
1.216631,12.6562,23.9062,-336.0938,0,5,1.228394,719935007
1.218669,12.6562,23.9062,-336.0938,0,5,1.228394,719935007
1.220648,12.6562,23.9062,-336.0938,0,5,1.228394,719935007
1.224581,12.6562,23.9062,-336.0938,0,5,1.457051,720165458
1.225308,12.6562,23.9062,-336.0938,0,5,1.457051,720165458
1.226568,12.6562,23.9062,-336.0938,0,5,1.457051,720165458
1.228591,12.6562,23.9062,-336.0938,0,5,1.457051,720165458
1.230626,12.6562,23.9062,-336.0938,0,5,1.457051,720165458
1.232656,12.6562,23.9062,-336.0938,0,5,1.457051,720165458
1.234614,12.6562,23.9062,-336.0938,0,5,1.457051,720165458
1.236971,12.6562,23.9062,-336.0938,0,5,1.457051,720165458
1.238623,12.6562,23.9062,-336.0938,0,5,1.457051,720165458
1.240575,12.6562,23.9062,-336.0938,0,5,1.457051,720165458
1.242670,12.6562,23.9062,-336.0938,0,5,1.457051,720165458
1.244583,12.6562,23.9062,-336.0938,0,5,1.457051,720165458
1.246614,12.6562,23.9062,-336.0938,0,5,1.457051,720165458
1.248651,12.6562,23.9062,-336.0938,0,5,1.457051,720165458
1.250592,12.6562,23.9062,-336.0938,0,5,1.457051,720165458
1.252626,12.6562,23.9062,-336.0938,0,5,1.457051,720165458
1.254659,12.6562,23.9062,-336.0938,0,5,1.457051,720165458
1.256595,12.6562,23.9062,-336.0938,0,5,1.457051,720165458
1.258630,12.6562,23.9062,-336.0938,0,5,1.457051,720165458
1.260569,12.6562,23.9062,-336.0938,0,5,1.457051,720165458
1.262607,12.6562,23.9062,-336.0938,0,5,1.457051,720165458
1.264640,12.6562,23.9062,-336.0938,0,5,1.457051,720165458
1.266577,12.6562,23.9062,-336.0938,0,5,1.457051,720165458
1.268612,12.6562,23.9062,-336.0938,0,5,1.457051,720165458
1.270646,12.6562,24.0820,-335.9180,0,5,1.457051,720165458
1.272586,12.6562,24.0820,-335.9180,0,5,1.457051,720165458
1.274619,12.6562,24.0820,-335.9180,0,5,1.457051,720165458
1.276653,12.6562,24.0820,-335.9180,0,5,1.457051,720165458
1.278592,12.6562,24.0820,-335.9180,0,5,1.457051,720165458
1.280625,12.6562,24.0820,-335.9180,0,5,1.457051,720165458
1.282629,12.6562,24.0820,-335.9180,0,5,1.457051,720165458
1.284569,12.6562,24.0820,-335.9180,0,5,1.457051,720165458
1.286653,12.6562,24.0820,-335.9180,0,5,1.457051,720165458
1.288592,12.6562,24.0820,-335.9180,0,5,1.457051,720165458
1.290626,12.6562,24.0820,-335.9180,0,5,1.457051,720165458
1.292659,12.6562,24.0820,-335.9180,0,5,1.457051,720165458
1.294595,12.6562,24.0820,-335.9180,0,5,1.457051,720165458
1.296630,12.6562,24.0820,-335.9180,0,5,1.457051,720165458
1.298569,12.6562,24.0820,-335.9180,0,5,1.457051,720165458
1.300605,12.6562,24.0820,-335.9180,0,5,1.457051,720165458
1.302636,12.8320,24.0820,-335.9180,0,5,1.457051,720165458
1.306800,12.8320,24.0820,-335.9180,0,5,1.457051,720165458
1.307188,12.8320,24.0820,-335.9180,0,5,1.457051,720165458
1.308658,12.8320,24.0820,-335.9180,0,5,1.457051,720165458
1.310594,12.8320,24.0820,-335.9180,0,5,1.457051,720165458
1.312629,12.8320,24.0820,-335.9180,0,5,1.457051,720165458
1.314569,12.8320,24.0820,-335.9180,0,5,1.457051,720165458
1.316605,12.8320,23.9062,-336.0938,0,5,1.457051,720165458
1.318636,12.8320,23.9062,-336.0938,0,5,1.457051,720165458
1.320573,12.8320,23.9062,-336.0938,0,5,1.457051,720165458
1.322607,12.8320,23.9062,-336.0938,0,5,1.457051,720165458
1.324636,12.8320,23.9062,-336.0938,0,5,1.457051,720165458
1.326573,12.8320,23.9062,-336.0938,0,5,1.457051,720165458
1.328607,12.8320,23.9062,-336.0938,0,5,1.457051,720165458
1.330636,12.8320,23.9062,-336.0938,0,5,1.457051,720165458
1.332573,12.8320,23.9062,-336.0938,0,5,1.457051,720165458
1.334607,12.8320,23.9062,-336.0938,0,5,1.457051,720165458
1.336636,12.8320,23.9062,-336.0938,0,5,1.457051,720165458
1.338573,12.8320,23.9062,-336.0938,0,5,1.457051,720165458
1.340607,12.8320,23.9062,-336.0938,0,5,1.457051,720165458
1.342636,12.8320,23.9062,-336.0938,0,5,1.457051,720165458
1.344573,12.8320,23.9062,-336.0938,0,5,1.457051,720165458
1.346607,12.8320,23.9062,-336.0938,0,5,1.457051,720165458
1.348636,12.8320,23.9062,-336.0938,0,5,1.457051,720165458
1.350573,12.8320,23.9062,-336.0938,0,5,1.457051,720165458
1.352607,12.8320,23.9062,-336.0938,0,5,1.457051,720165458
1.354636,12.8320,23.9062,-336.0938,0,5,1.457051,720165458
1.356573,12.8320,23.9062,-336.0938,0,5,1.457051,720165458
1.358607,12.8320,23.9062,-336.0938,0,5,1.457051,720165458
1.360636,12.8320,23.9062,-336.0938,0,5,1.457051,720165458
1.362573,12.8320,23.9062,-336.0938,0,5,1.457051,720165458
1.364607,12.8320,23.9062,-336.0938,0,5,1.457051,720165458
1.366636,12.8320,23.9062,-336.0938,0,5,1.457051,720165458
1.368573,12.8320,23.9062,-336.0938,0,5,1.457051,720165458
1.370607,12.8320,23.9062,-336.0938,0,5,1.457051,720165458
1.372636,12.8320,23.9062,-336.0938,0,5,1.457051,720165458
1.374573,12.8320,23.9062,-336.0938,0,5,1.457051,720165458
1.376607,12.8320,23.9062,-336.0938,0,5,1.457051,720165458
1.378636,12.8320,23.9062,-336.0938,0,5,1.457051,720165458
1.380573,12.8320,23.9062,-336.0938,0,5,1.457051,720165458
1.382658,12.8320,23.9062,-336.0938,0,5,1.457051,720165458
1.384595,12.8320,23.9062,-336.0938,0,5,1.457051,720165458
1.386653,12.8320,23.9062,-336.0938,0,5,1.457051,720165458
1.388592,12.8320,23.9062,-336.0938,0,5,1.457051,720165458
1.390626,12.8320,23.9062,-336.0938,0,5,1.457051,720165458
1.392659,12.8320,23.7305,-336.2695,0,5,1.457051,720165458
1.394595,12.8320,23.7305,-336.2695,0,5,1.457051,720165458
1.396630,12.8320,23.7305,-336.2695,0,5,1.457051,720165458
1.398569,12.8320,23.7305,-336.2695,0,5,1.457051,720165458
1.400605,12.8320,23.7305,-336.2695,0,5,1.457051,720165458
1.402636,12.8320,23.7305,-336.2695,0,5,1.457051,720165458
1.406325,12.8320,23.7305,-336.2695,0,5,1.457051,720165458
1.406675,12.8320,23.7305,-336.2695,0,5,1.457051,720165458
1.408631,12.8320,23.7305,-336.2695,0,5,1.457051,720165458
1.410569,12.8320,23.7305,-336.2695,0,5,1.457051,720165458
1.412605,12.8320,23.7305,-336.2695,0,5,1.457051,720165458
1.414636,12.8320,23.7305,-336.2695,0,5,1.457051,720165458
1.416573,12.8320,23.7305,-336.2695,0,5,1.457051,720165458
1.418607,12.8320,23.7305,-336.2695,0,5,1.457051,720165458
1.420636,12.8320,23.7305,-336.2695,0,5,1.457051,720165458
1.422573,12.8320,23.7305,-336.2695,0,5,1.457051,720165458
1.424607,12.8320,23.7305,-336.2695,0,5,1.457051,720165458
1.426636,12.8320,23.7305,-336.2695,0,5,1.457051,720165458
1.428573,12.8320,23.7305,-336.2695,0,5,1.457051,720165458
1.430607,12.8320,23.7305,-336.2695,0,5,1.457051,720165458
1.432636,12.8320,23.7305,-336.2695,0,5,1.457051,720165458
1.434573,12.8320,23.7305,-336.2695,0,5,1.457051,720165458
1.436607,12.8320,23.7305,-336.2695,0,5,1.457051,720165458
1.438636,12.8320,23.7305,-336.2695,0,5,1.457051,720165458
1.440612,12.8320,23.7305,-336.2695,0,5,1.457051,720165458
1.442656,12.8320,23.7305,-336.2695,0,5,1.457051,720165458
1.444612,12.8320,23.5547,-336.4453,0,5,1.457051,720165458
1.446659,12.8320,23.5547,-336.4453,0,5,1.457051,720165458
1.448602,12.8320,23.5547,-336.4453,0,5,1.457051,720165458
1.450673,12.8320,23.5547,-336.4453,0,5,1.457051,720165458
1.455025,12.8320,23.5547,-336.4453,0,5,1.698476,720394906
1.455775,12.8320,23.5547,-336.4453,0,5,1.698476,720394906
1.456611,12.8320,23.5547,-336.4453,0,5,1.698476,720394906
1.458828,12.8320,23.5547,-336.4453,0,5,1.698476,720394906
1.460651,12.8320,23.5547,-336.4453,0,5,1.698476,720394906
1.462609,12.8320,23.5547,-336.4453,0,5,1.698476,720394906
1.464750,12.8320,23.5547,-336.4453,0,5,1.698476,720394906
1.466590,12.8320,23.5547,-336.4453,0,5,1.698476,720394906
1.468608,12.8320,23.5547,-336.4453,0,5,1.698476,720394906
1.470592,12.8320,23.5547,-336.4453,0,5,1.698476,720394906
1.472630,12.8320,23.5547,-336.4453,0,5,1.698476,720394906
1.474573,12.8320,23.5547,-336.4453,0,5,1.698476,720394906
1.476637,12.8320,23.5547,-336.4453,0,5,1.698476,720394906
1.478603,12.8320,23.5547,-336.4453,0,5,1.698476,720394906
1.480636,12.8320,23.3789,-336.6211,0,5,1.698476,720394906
1.482589,12.8320,23.3789,-336.6211,0,5,1.698476,720394906
1.484619,12.8320,23.3789,-336.6211,0,5,1.698476,720394906
1.486569,12.8320,23.3789,-336.6211,0,5,1.698476,720394906
1.488607,12.8320,23.3789,-336.6211,0,5,1.698476,720394906
1.490605,12.8320,23.3789,-336.6211,0,5,1.698476,720394906
1.492636,12.8320,23.3789,-336.6211,0,5,1.698476,720394906
1.494573,12.8320,23.3789,-336.6211,0,5,1.698476,720394906
1.496607,12.8320,23.3789,-336.6211,0,5,1.698476,720394906
1.498618,12.8320,23.3789,-336.6211,0,5,1.698476,720394906
1.500653,12.8320,23.3789,-336.6211,0,5,1.698476,720394906
1.502592,12.8320,23.3789,-336.6211,0,5,1.698476,720394906
1.506758,12.8320,23.3789,-336.6211,0,5,1.698476,720394906
1.507151,12.8320,23.3789,-336.6211,0,5,1.698476,720394906
1.508623,12.8320,23.3789,-336.6211,0,5,1.698476,720394906
1.510656,12.8320,23.3789,-336.6211,0,5,1.698476,720394906
1.512595,12.8320,23.3789,-336.6211,0,5,1.698476,720394906
1.514629,12.8320,23.3789,-336.6211,0,5,1.698476,720394906
1.516569,12.8320,23.3789,-336.6211,0,5,1.698476,720394906
1.518607,12.8320,23.3789,-336.6211,0,5,1.698476,720394906
1.520640,12.8320,23.3789,-336.6211,0,5,1.698476,720394906
1.522577,12.8320,23.3789,-336.6211,0,5,1.698476,720394906
1.524612,12.8320,23.3789,-336.6211,0,5,1.698476,720394906
1.526646,12.8320,23.3789,-336.6211,0,5,1.698476,720394906
1.528586,12.8320,23.3789,-336.6211,0,5,1.698476,720394906
1.530619,12.8320,23.3789,-336.6211,0,5,1.698476,720394906
1.532653,12.8320,23.3789,-336.6211,0,5,1.698476,720394906
1.534592,12.8320,23.3789,-336.6211,0,5,1.698476,720394906
1.536626,12.8320,23.3789,-336.6211,0,5,1.698476,720394906
1.538659,12.8320,23.3789,-336.6211,0,5,1.698476,720394906
1.540595,12.8320,23.3789,-336.6211,0,5,1.698476,720394906
1.542630,12.8320,23.3789,-336.6211,0,5,1.698476,720394906
1.544569,12.8320,23.3789,-336.6211,0,5,1.698476,720394906
1.546605,12.8320,23.3789,-336.6211,0,5,1.698476,720394906
1.548636,12.8320,23.3789,-336.6211,0,5,1.698476,720394906
1.550573,12.8320,23.3789,-336.6211,0,5,1.698476,720394906
1.552607,12.8320,23.3789,-336.6211,0,5,1.698476,720394906
1.554636,12.8320,23.3789,-336.6211,0,5,1.698476,720394906
1.556573,12.8320,23.3789,-336.6211,0,5,1.698476,720394906
1.558607,12.8320,23.3789,-336.6211,0,5,1.698476,720394906
1.560636,12.8320,23.3789,-336.6211,0,5,1.698476,720394906
1.562573,12.8320,23.3789,-336.6211,0,5,1.698476,720394906
1.564607,12.8320,23.3789,-336.6211,0,5,1.698476,720394906
1.566636,12.8320,23.3789,-336.6211,0,5,1.698476,720394906
1.568573,12.8320,23.2031,-336.7969,0,5,1.698476,720394906
1.570607,12.8320,23.2031,-336.7969,0,5,1.698476,720394906
1.572636,12.8320,23.2031,-336.7969,0,5,1.698476,720394906
1.574573,12.8320,23.2031,-336.7969,0,5,1.698476,720394906
1.576607,12.8320,23.2031,-336.7969,0,5,1.698476,720394906
1.578636,12.8320,23.2031,-336.7969,0,5,1.698476,720394906
1.580573,12.8320,23.2031,-336.7969,0,5,1.698476,720394906
1.582615,12.8320,23.2031,-336.7969,0,5,1.698476,720394906
1.584650,12.8320,23.2031,-336.7969,0,5,1.698476,720394906
1.586592,12.8320,23.2031,-336.7969,0,5,1.698476,720394906
1.588586,12.8320,23.2031,-336.7969,0,5,1.698476,720394906
1.590620,12.8320,23.2031,-336.7969,0,5,1.698476,720394906
1.592581,12.8320,23.2031,-336.7969,0,5,1.698476,720394906
1.594614,12.8320,23.2031,-336.7969,0,5,1.698476,720394906
1.596651,12.8320,23.2031,-336.7969,0,5,1.698476,720394906
1.598592,12.8320,23.2031,-336.7969,0,5,1.698476,720394906
1.600626,12.8320,23.2031,-336.7969,0,5,1.698476,720394906
1.602659,12.8320,23.2031,-336.7969,0,5,1.698476,720394906
1.606348,12.8320,23.2031,-336.7969,0,5,1.698476,720394906
1.606697,12.8320,23.2031,-336.7969,0,5,1.698476,720394906
1.608653,12.8320,23.2031,-336.7969,0,5,1.698476,720394906
1.610592,12.8320,23.2031,-336.7969,0,5,1.698476,720394906
1.612626,12.8320,23.2031,-336.7969,0,5,1.698476,720394906
1.614659,12.8320,23.2031,-336.7969,0,5,1.698476,720394906
1.616595,12.8320,23.2031,-336.7969,0,5,1.698476,720394906
1.618630,12.8320,23.2031,-336.7969,0,5,1.698476,720394906
1.620569,12.8320,23.2031,-336.7969,0,5,1.698476,720394906
1.622605,12.8320,23.2031,-336.7969,0,5,1.698476,720394906
1.624636,12.8320,23.2031,-336.7969,0,5,1.698476,720394906
1.626573,12.8320,23.3789,-336.6211,0,5,1.698476,720394906
1.628607,12.8320,23.3789,-336.6211,0,5,1.698476,720394906
1.630636,12.8320,23.3789,-336.6211,0,5,1.698476,720394906
1.632573,12.8320,23.3789,-336.6211,0,5,1.698476,720394906
1.634607,12.8320,23.3789,-336.6211,0,5,1.698476,720394906
1.636636,12.8320,23.3789,-336.6211,0,5,1.698476,720394906
1.638573,12.8320,23.3789,-336.6211,0,5,1.698476,720394906
1.640607,12.8320,23.3789,-336.6211,0,5,1.698476,720394906
1.642636,12.8320,23.3789,-336.6211,0,5,1.698476,720394906
1.644573,12.8320,23.3789,-336.6211,0,5,1.698476,720394906
1.646607,12.8320,23.3789,-336.6211,0,5,1.698476,720394906
1.648636,12.8320,23.3789,-336.6211,0,5,1.698476,720394906
1.650573,12.8320,23.3789,-336.6211,0,5,1.698476,720394906
1.652607,12.8320,23.3789,-336.6211,0,5,1.698476,720394906
1.654636,12.8320,23.3789,-336.6211,0,5,1.698476,720394906
1.656573,12.8320,23.3789,-336.6211,0,5,1.698476,720394906
1.658607,12.8320,23.3789,-336.6211,0,5,1.698476,720394906
1.660636,12.8320,23.3789,-336.6211,0,5,1.698476,720394906
1.662573,12.8320,23.3789,-336.6211,0,5,1.698476,720394906
1.664607,12.8320,23.3789,-336.6211,0,5,1.698476,720394906
1.666624,12.8320,23.3789,-336.6211,0,5,1.698476,720394906
1.668651,12.8320,23.3789,-336.6211,0,5,1.698476,720394906
1.670604,12.8320,23.3789,-336.6211,0,5,1.698476,720394906
1.672636,12.8320,23.3789,-336.6211,0,5,1.698476,720394906
1.674573,12.8320,23.3789,-336.6211,0,5,1.698476,720394906
1.676614,12.8320,23.3789,-336.6211,0,5,1.698476,720394906
1.678584,12.8320,23.3789,-336.6211,0,5,1.698476,720394906
1.680664,12.8320,23.3789,-336.6211,0,5,1.698476,720394906
1.684387,12.8320,23.3789,-336.6211,0,5,1.933898,720637035
1.685150,12.8320,23.3789,-336.6211,0,5,1.933898,720637035
1.686664,12.8320,23.3789,-336.6211,0,5,1.933898,720637035
1.688651,12.8320,23.3789,-336.6211,0,5,1.933898,720637035
1.690620,12.8320,23.3789,-336.6211,0,5,1.933898,720637035
1.692656,12.8320,23.3789,-336.6211,0,5,1.933898,720637035
1.694665,12.8320,23.3789,-336.6211,0,5,1.933898,720637035
1.696607,12.8320,23.3789,-336.6211,0,5,1.933898,720637035
1.698644,12.8320,23.3789,-336.6211,0,5,1.933898,720637035
1.700661,12.8320,23.3789,-336.6211,0,5,1.933898,720637035
1.702625,12.8320,23.5547,-336.4453,0,5,1.933898,720637035
1.707876,12.8320,23.5547,-336.4453,0,5,1.933898,720637035
1.708598,12.8320,23.5547,-336.4453,0,5,1.933898,720637035
1.709053,12.8320,23.5547,-336.4453,0,5,1.933898,720637035
1.710636,12.8320,23.5547,-336.4453,0,5,1.933898,720637035
1.712636,12.8320,23.5547,-336.4453,0,5,1.933898,720637035
1.714655,12.8320,23.5547,-336.4453,0,5,1.933898,720637035
1.716651,12.8320,23.5547,-336.4453,0,5,1.933898,720637035
1.718592,12.8320,23.5547,-336.4453,0,5,1.933898,720637035
1.720626,12.8320,23.5547,-336.4453,0,5,1.933898,720637035
1.722658,12.8320,23.5547,-336.4453,0,5,1.933898,720637035
1.724595,12.8320,23.5547,-336.4453,0,5,1.933898,720637035
1.726630,12.8320,23.5547,-336.4453,0,5,1.933898,720637035
1.728569,12.8320,23.5547,-336.4453,0,5,1.933898,720637035
1.730605,12.8320,23.5547,-336.4453,0,5,1.933898,720637035
1.732588,12.8320,23.5547,-336.4453,0,5,1.933898,720637035
1.734619,12.8320,23.5547,-336.4453,0,5,1.933898,720637035
1.736653,12.8320,23.5547,-336.4453,0,5,1.933898,720637035
1.738592,12.8320,23.5547,-336.4453,0,5,1.933898,720637035
1.740626,12.8320,23.5547,-336.4453,0,5,1.933898,720637035
1.742659,12.8320,23.7305,-336.2695,0,5,1.933898,720637035
1.744595,12.8320,23.7305,-336.2695,0,5,1.933898,720637035
1.746630,12.8320,23.7305,-336.2695,0,5,1.933898,720637035
1.748569,12.8320,23.7305,-336.2695,0,5,1.933898,720637035
1.750605,12.8320,23.7305,-336.2695,0,5,1.933898,720637035
1.752636,12.8320,23.7305,-336.2695,0,5,1.933898,720637035
1.754573,12.8320,23.7305,-336.2695,0,5,1.933898,720637035
1.756607,12.8320,23.7305,-336.2695,0,5,1.933898,720637035
1.758636,12.8320,23.7305,-336.2695,0,5,1.933898,720637035
1.760573,12.8320,23.7305,-336.2695,0,5,1.933898,720637035
1.762607,12.8320,23.7305,-336.2695,0,5,1.933898,720637035
1.764636,12.8320,23.7305,-336.2695,0,5,1.933898,720637035
1.766573,12.8320,23.7305,-336.2695,0,5,1.933898,720637035
1.768607,12.8320,23.7305,-336.2695,0,5,1.933898,720637035
1.770636,12.8320,23.7305,-336.2695,0,5,1.933898,720637035
1.772573,12.8320,23.7305,-336.2695,0,5,1.933898,720637035
1.774607,12.8320,23.7305,-336.2695,0,5,1.933898,720637035
1.776636,12.8320,23.7305,-336.2695,0,5,1.933898,720637035
1.778573,12.8320,23.7305,-336.2695,0,5,1.933898,720637035
1.780607,12.8320,23.7305,-336.2695,0,5,1.933898,720637035
1.782656,12.8320,23.7305,-336.2695,0,5,1.933898,720637035
1.784595,12.8320,23.7305,-336.2695,0,5,1.933898,720637035
1.786629,12.8320,23.7305,-336.2695,0,5,1.933898,720637035
1.788569,12.8320,23.7305,-336.2695,0,5,1.933898,720637035
1.790607,12.8320,23.7305,-336.2695,0,5,1.933898,720637035
1.792585,12.8320,23.7305,-336.2695,0,5,1.933898,720637035
1.794586,12.8320,23.7305,-336.2695,0,5,1.933898,720637035
1.796656,12.8320,23.7305,-336.2695,0,5,1.933898,720637035
1.798595,12.8320,23.7305,-336.2695,0,5,1.933898,720637035
1.800629,12.8320,23.7305,-336.2695,0,5,1.933898,720637035
1.802569,12.8320,23.7305,-336.2695,0,5,1.933898,720637035
1.806299,12.8320,23.7305,-336.2695,0,5,1.933898,720637035
1.806648,12.8320,23.7305,-336.2695,0,5,1.933898,720637035
1.808607,12.8320,23.7305,-336.2695,0,5,1.933898,720637035
1.810640,12.8320,23.7305,-336.2695,0,5,1.933898,720637035
1.812577,12.8320,23.7305,-336.2695,0,5,1.933898,720637035
1.814612,12.8320,23.7305,-336.2695,0,5,1.933898,720637035
1.816646,12.8320,23.7305,-336.2695,0,5,1.933898,720637035
1.818585,12.8320,23.7305,-336.2695,0,5,1.933898,720637035
1.820619,12.8320,23.7305,-336.2695,0,5,1.933898,720637035
1.822653,12.8320,23.7305,-336.2695,0,5,1.933898,720637035
1.824592,12.8320,23.7305,-336.2695,0,5,1.933898,720637035
1.826626,12.8320,23.7305,-336.2695,0,5,1.933898,720637035
1.828659,12.8320,23.7305,-336.2695,0,5,1.933898,720637035
1.830595,12.8320,23.7305,-336.2695,0,5,1.933898,720637035
1.832630,12.8320,23.9062,-336.0938,0,5,1.933898,720637035
1.834569,12.8320,23.9062,-336.0938,0,5,1.933898,720637035
1.836607,12.8320,23.9062,-336.0938,0,5,1.933898,720637035
1.838640,12.8320,23.9062,-336.0938,0,5,1.933898,720637035
1.840577,12.8320,23.9062,-336.0938,0,5,1.933898,720637035
1.842612,12.8320,23.9062,-336.0938,0,5,1.933898,720637035
1.844646,12.8320,23.9062,-336.0938,0,5,1.933898,720637035
1.846586,12.8320,23.9062,-336.0938,0,5,1.933898,720637035
1.848619,12.8320,23.9062,-336.0938,0,5,1.933898,720637035
1.850653,12.8320,23.9062,-336.0938,0,5,1.933898,720637035
1.852592,12.8320,23.9062,-336.0938,0,5,1.933898,720637035
1.854626,12.8320,23.9062,-336.0938,0,5,1.933898,720637035
1.856659,12.8320,23.9062,-336.0938,0,5,1.933898,720637035
1.858595,12.8320,23.9062,-336.0938,0,5,1.933898,720637035
1.860630,12.8320,23.9062,-336.0938,0,5,1.933898,720637035
1.862569,12.8320,23.9062,-336.0938,0,5,1.933898,720637035
1.864605,12.8320,23.9062,-336.0938,0,5,1.933898,720637035
1.866636,12.8320,23.9062,-336.0938,0,5,1.933898,720637035
1.868573,12.8320,23.9062,-336.0938,0,5,1.933898,720637035
1.870607,12.8320,23.9062,-336.0938,0,5,1.933898,720637035
1.872636,12.8320,23.9062,-336.0938,0,5,1.933898,720637035
1.874573,12.8320,23.9062,-336.0938,0,5,1.933898,720637035
1.876607,12.8320,23.9062,-336.0938,0,5,1.933898,720637035
1.878636,12.8320,23.9062,-336.0938,0,5,1.933898,720637035
1.880573,12.8320,23.9062,-336.0938,0,5,1.933898,720637035
1.882615,12.8320,23.9062,-336.0938,0,5,1.933898,720637035
1.884650,12.8320,23.9062,-336.0938,0,5,1.933898,720637035
1.886592,12.8320,23.9062,-336.0938,0,5,1.933898,720637035
1.888626,12.8320,23.9062,-336.0938,0,5,1.933898,720637035
1.890659,12.8320,23.9062,-336.0938,0,5,1.933898,720637035
1.892595,12.8320,23.9062,-336.0938,0,5,1.933898,720637035
1.894630,12.8320,23.9062,-336.0938,0,5,1.933898,720637035
1.896586,12.8320,23.9062,-336.0938,0,5,1.933898,720637035
1.898619,12.8320,23.9062,-336.0938,0,5,1.933898,720637035
1.900577,12.8320,23.9062,-336.0938,0,5,1.933898,720637035
1.902612,12.8320,23.9062,-336.0938,0,5,1.933898,720637035
1.906299,12.8320,23.9062,-336.0938,0,5,1.933898,720637035
1.906648,12.8320,23.9062,-336.0938,0,5,1.933898,720637035
1.908607,12.8320,23.9062,-336.0938,0,5,1.933898,720637035
1.910640,12.8320,23.9062,-336.0938,0,5,1.933898,720637035
1.912603,12.8320,23.9062,-336.0938,0,5,1.933898,720637035
1.914627,12.8320,23.9062,-336.0938,0,5,1.933898,720637035
1.916659,12.8320,23.7305,-336.2695,0,5,1.933898,720637035
1.918655,12.8320,23.7305,-336.2695,0,5,1.933898,720637035
1.920672,12.8320,23.7305,-336.2695,0,5,1.933898,720637035
1.922667,12.8320,23.7305,-336.2695,0,5,1.933898,720637035
1.926596,12.8320,23.7305,-336.2695,0,5,2.163684,720871679
1.927337,12.8320,23.7305,-336.2695,0,5,2.163684,720871679
1.928627,12.8320,23.7305,-336.2695,0,5,2.163684,720871679
1.930644,12.8320,23.7305,-336.2695,0,5,2.163684,720871679
1.932592,12.8320,23.7305,-336.2695,0,5,2.163684,720871679
1.934630,12.8320,23.7305,-336.2695,0,5,2.163684,720871679
1.936621,12.8320,23.7305,-336.2695,0,5,2.163684,720871679
1.938579,12.8320,23.7305,-336.2695,0,5,2.163684,720871679
1.940659,12.8320,23.7305,-336.2695,0,5,2.163684,720871679
1.942867,12.8320,23.7305,-336.2695,0,5,2.163684,720871679
1.944577,12.8320,23.7305,-336.2695,0,5,2.163684,720871679
1.946611,12.8320,23.7305,-336.2695,0,5,2.163684,720871679
1.948572,12.8320,23.7305,-336.2695,0,5,2.163684,720871679
1.950640,12.8320,23.7305,-336.2695,0,5,2.163684,720871679
1.952564,12.8320,23.7305,-336.2695,0,5,2.163684,720871679
1.954598,12.8320,23.7305,-336.2695,0,5,2.163684,720871679
1.956599,12.8320,23.7305,-336.2695,0,5,2.163684,720871679
1.958631,12.8320,23.7305,-336.2695,0,5,2.163684,720871679
1.960569,12.8320,23.7305,-336.2695,0,5,2.163684,720871679
1.962605,12.8320,23.7305,-336.2695,0,5,2.163684,720871679
1.964636,12.8320,23.7305,-336.2695,0,5,2.163684,720871679
1.966573,12.8320,23.7305,-336.2695,0,5,2.163684,720871679
1.968607,12.8320,23.7305,-336.2695,0,5,2.163684,720871679
1.970636,12.8320,23.7305,-336.2695,0,5,2.163684,720871679
1.972573,12.8320,23.7305,-336.2695,0,5,2.163684,720871679
1.974607,12.8320,23.7305,-336.2695,0,5,2.163684,720871679
1.976636,12.8320,23.7305,-336.2695,0,5,2.163684,720871679
1.978573,12.8320,23.7305,-336.2695,0,5,2.163684,720871679
1.980607,12.8320,23.7305,-336.2695,0,5,2.163684,720871679
1.982658,12.8320,23.7305,-336.2695,0,5,2.163684,720871679
1.984594,12.8320,23.7305,-336.2695,0,5,2.163684,720871679
1.986629,12.8320,23.7305,-336.2695,0,5,2.163684,720871679
1.988569,12.8320,23.7305,-336.2695,0,5,2.163684,720871679
1.990607,12.8320,23.7305,-336.2695,0,5,2.163684,720871679
1.992640,12.8320,23.7305,-336.2695,0,5,2.163684,720871679
1.994577,12.8320,23.7305,-336.2695,0,5,2.163684,720871679
1.996612,12.8320,23.7305,-336.2695,0,5,2.163684,720871679
1.998569,12.8320,23.7305,-336.2695,0,5,2.163684,720871679
2.000641,12.8320,23.7305,-336.2695,0,5,2.163684,720871679
2.002577,12.8320,23.7305,-336.2695,0,5,2.163684,720871679
2.006740,12.8320,23.7305,-336.2695,0,5,2.163684,720871679
2.007132,12.8320,23.7305,-336.2695,0,5,2.163684,720871679
2.008605,12.8320,23.7305,-336.2695,0,5,2.163684,720871679
2.010636,12.8320,23.5547,-336.4453,0,5,2.163684,720871679
2.012573,12.8320,23.5547,-336.4453,0,5,2.163684,720871679
2.014607,12.8320,23.5547,-336.4453,0,5,2.163684,720871679
2.016636,12.8320,23.5547,-336.4453,0,5,2.163684,720871679
2.018573,12.8320,23.5547,-336.4453,0,5,2.163684,720871679
2.020607,12.8320,23.5547,-336.4453,0,5,2.163684,720871679
2.022636,12.8320,23.5547,-336.4453,0,5,2.163684,720871679
2.024573,12.8320,23.5547,-336.4453,0,5,2.163684,720871679
2.026607,12.8320,23.5547,-336.4453,0,5,2.163684,720871679
2.028636,12.8320,23.5547,-336.4453,0,5,2.163684,720871679
2.030573,12.8320,23.5547,-336.4453,0,5,2.163684,720871679
2.032607,12.8320,23.5547,-336.4453,0,5,2.163684,720871679
2.034636,12.8320,23.5547,-336.4453,0,5,2.163684,720871679
2.036573,12.8320,23.5547,-336.4453,0,5,2.163684,720871679
2.038607,12.8320,23.5547,-336.4453,0,5,2.163684,720871679
2.040636,12.8320,23.5547,-336.4453,0,5,2.163684,720871679
2.042573,12.8320,23.5547,-336.4453,0,5,2.163684,720871679
2.044607,12.8320,23.5547,-336.4453,0,5,2.163684,720871679
2.046636,12.8320,23.5547,-336.4453,0,5,2.163684,720871679
2.048573,12.8320,23.5547,-336.4453,0,5,2.163684,720871679
2.050607,12.8320,23.5547,-336.4453,0,5,2.163684,720871679
2.052636,12.8320,23.5547,-336.4453,0,5,2.163684,720871679
2.054573,12.8320,23.5547,-336.4453,0,5,2.163684,720871679
2.056607,12.8320,23.5547,-336.4453,0,5,2.163684,720871679
2.058636,12.8320,23.5547,-336.4453,0,5,2.163684,720871679
2.060573,12.8320,23.5547,-336.4453,0,5,2.163684,720871679
2.062607,12.8320,23.5547,-336.4453,0,5,2.163684,720871679
2.064636,12.8320,23.5547,-336.4453,0,5,2.163684,720871679
2.066573,12.8320,23.5547,-336.4453,0,5,2.163684,720871679
2.068607,12.8320,23.5547,-336.4453,0,5,2.163684,720871679
2.070636,12.8320,23.3789,-336.6211,0,5,2.163684,720871679
2.072573,12.8320,23.3789,-336.6211,0,5,2.163684,720871679
2.074607,12.8320,23.3789,-336.6211,0,5,2.163684,720871679
2.076636,12.8320,23.3789,-336.6211,0,5,2.163684,720871679
2.078573,12.8320,23.3789,-336.6211,0,5,2.163684,720871679
2.080607,12.8320,23.3789,-336.6211,0,5,2.163684,720871679
2.082655,12.8320,23.3789,-336.6211,0,5,2.163684,720871679
2.084592,12.8320,23.3789,-336.6211,0,5,2.163684,720871679
2.086626,12.8320,23.3789,-336.6211,0,5,2.163684,720871679
2.088659,12.8320,23.3789,-336.6211,0,5,2.163684,720871679
2.090595,12.8320,23.3789,-336.6211,0,5,2.163684,720871679
2.092630,12.8320,23.3789,-336.6211,0,5,2.163684,720871679
2.094569,12.8320,23.3789,-336.6211,0,5,2.163684,720871679
2.096607,12.8320,23.3789,-336.6211,0,5,2.163684,720871679
2.098640,12.8320,23.3789,-336.6211,0,5,2.163684,720871679
2.100629,12.8320,23.3789,-336.6211,0,5,2.163684,720871679
2.102569,12.8320,23.3789,-336.6211,0,5,2.163684,720871679
2.106257,12.8320,23.3789,-336.6211,0,5,2.163684,720871679
2.106607,12.8320,23.3789,-336.6211,0,5,2.163684,720871679
2.108564,12.8320,23.3789,-336.6211,0,5,2.163684,720871679
2.110598,12.8320,23.3789,-336.6211,0,5,2.163684,720871679
2.112631,12.8320,23.3789,-336.6211,0,5,2.163684,720871679
2.114569,12.8320,23.3789,-336.6211,0,5,2.163684,720871679
2.116605,12.8320,23.3789,-336.6211,0,5,2.163684,720871679
2.118636,12.8320,23.3789,-336.6211,0,5,2.163684,720871679
2.120573,12.8320,23.3789,-336.6211,0,5,2.163684,720871679
2.122607,12.8320,23.3789,-336.6211,0,5,2.163684,720871679
2.124636,12.8320,23.3789,-336.6211,0,5,2.163684,720871679
2.126573,12.8320,23.3789,-336.6211,0,5,2.163684,720871679
2.128607,12.8320,23.3789,-336.6211,0,5,2.163684,720871679
2.130636,12.8320,23.3789,-336.6211,0,5,2.163684,720871679
2.132573,12.8320,23.3789,-336.6211,0,5,2.163684,720871679
2.134607,12.8320,23.3789,-336.6211,0,5,2.163684,720871679
2.136636,12.8320,23.3789,-336.6211,0,5,2.163684,720871679
2.138573,12.8320,23.3789,-336.6211,0,5,2.163684,720871679
2.140607,12.8320,23.3789,-336.6211,0,5,2.163684,720871679
2.142636,12.8320,23.3789,-336.6211,0,5,2.163684,720871679
2.144573,12.8320,23.3789,-336.6211,0,5,2.163684,720871679
2.146581,12.8320,23.3789,-336.6211,0,5,2.163684,720871679
2.148571,12.8320,23.3789,-336.6211,0,5,2.163684,720871679
2.150636,12.8320,23.3789,-336.6211,0,5,2.163684,720871679
2.152574,12.8320,23.3789,-336.6211,0,5,2.163684,720871679
2.154669,12.8320,23.3789,-336.6211,0,5,2.163684,720871679
2.156689,12.8320,23.3789,-336.6211,0,5,2.163684,720871679
2.161248,12.8320,23.3789,-336.6211,0,5,2.397621,721101104
2.161957,12.8320,23.3789,-336.6211,0,5,2.397621,721101104
2.162597,12.8320,23.3789,-336.6211,0,5,2.397621,721101104
2.164607,12.8320,23.3789,-336.6211,0,5,2.397621,721101104
2.166613,12.8320,23.3789,-336.6211,0,5,2.397621,721101104
2.168633,12.8320,23.3789,-336.6211,0,5,2.397621,721101104
2.170602,12.8320,23.3789,-336.6211,0,5,2.397621,721101104
2.172671,12.8320,23.3789,-336.6211,0,5,2.397621,721101104
2.174650,12.8320,23.3789,-336.6211,0,5,2.397621,721101104
2.176592,12.8320,23.3789,-336.6211,0,5,2.397621,721101104
2.178583,12.8320,23.3789,-336.6211,0,5,2.397621,721101104
2.180607,12.8320,23.3789,-336.6211,0,5,2.397621,721101104
2.182658,12.8320,23.3789,-336.6211,0,5,2.397621,721101104
2.184595,12.8320,23.3789,-336.6211,0,5,2.397621,721101104
2.186629,12.8320,23.3789,-336.6211,0,5,2.397621,721101104
2.188621,12.8320,23.3789,-336.6211,0,5,2.397621,721101104
2.190653,12.8320,23.3789,-336.6211,0,5,2.397621,721101104
2.192592,12.8320,23.3789,-336.6211,0,5,2.397621,721101104
2.194626,12.8320,23.3789,-336.6211,0,5,2.397621,721101104
2.196658,12.8320,23.3789,-336.6211,0,5,2.397621,721101104
2.198594,12.8320,23.3789,-336.6211,0,5,2.397621,721101104
2.200628,12.8320,23.3789,-336.6211,0,5,2.397621,721101104
2.202650,12.8320,23.3789,-336.6211,0,5,2.397621,721101104
2.207009,12.8320,23.3789,-336.6211,0,5,2.397621,721101104
2.207405,12.8320,23.3789,-336.6211,0,5,2.397621,721101104
2.208569,12.8320,23.3789,-336.6211,0,5,2.397621,721101104
2.210605,12.8320,23.3789,-336.6211,0,5,2.397621,721101104
2.212636,12.8320,23.3789,-336.6211,0,5,2.397621,721101104
2.214573,12.8320,23.3789,-336.6211,0,5,2.397621,721101104
2.216607,12.8320,23.3789,-336.6211,0,5,2.397621,721101104
2.218636,12.8320,23.3789,-336.6211,0,5,2.397621,721101104
2.220573,12.8320,23.3789,-336.6211,0,5,2.397621,721101104
2.222607,12.8320,23.3789,-336.6211,0,5,2.397621,721101104
2.224636,12.8320,23.3789,-336.6211,0,5,2.397621,721101104
2.226573,12.8320,23.3789,-336.6211,0,5,2.397621,721101104
2.228607,12.8320,23.3789,-336.6211,0,5,2.397621,721101104
2.230636,12.8320,23.3789,-336.6211,0,5,2.397621,721101104
2.232573,12.8320,23.3789,-336.6211,0,5,2.397621,721101104
2.234607,12.8320,23.3789,-336.6211,0,5,2.397621,721101104
2.236636,12.8320,23.3789,-336.6211,0,5,2.397621,721101104
2.238573,12.8320,23.3789,-336.6211,0,5,2.397621,721101104
2.240607,12.8320,23.3789,-336.6211,0,5,2.397621,721101104
2.242636,12.8320,23.3789,-336.6211,0,5,2.397621,721101104
2.244573,12.8320,23.3789,-336.6211,0,5,2.397621,721101104
2.246607,12.8320,23.3789,-336.6211,0,5,2.397621,721101104
2.248636,12.8320,23.3789,-336.6211,0,5,2.397621,721101104
2.250573,12.8320,23.3789,-336.6211,0,5,2.397621,721101104
2.252607,12.8320,23.5547,-336.4453,0,5,2.397621,721101104
2.254636,12.8320,23.5547,-336.4453,0,5,2.397621,721101104
2.256573,12.8320,23.5547,-336.4453,0,5,2.397621,721101104
2.258607,12.8320,23.5547,-336.4453,0,5,2.397621,721101104
2.260636,12.8320,23.5547,-336.4453,0,5,2.397621,721101104
2.262573,12.8320,23.5547,-336.4453,0,5,2.397621,721101104
2.264607,12.8320,23.5547,-336.4453,0,5,2.397621,721101104
2.266636,12.8320,23.5547,-336.4453,0,5,2.397621,721101104
2.268573,12.8320,23.5547,-336.4453,0,5,2.397621,721101104
2.270607,12.8320,23.5547,-336.4453,0,5,2.397621,721101104
2.272636,12.8320,23.5547,-336.4453,0,5,2.397621,721101104
2.274573,12.8320,23.5547,-336.4453,0,5,2.397621,721101104
2.276607,12.8320,23.5547,-336.4453,0,5,2.397621,721101104
2.278636,12.8320,23.5547,-336.4453,0,5,2.397621,721101104
2.280573,12.8320,23.5547,-336.4453,0,5,2.397621,721101104
2.282618,12.8320,23.5547,-336.4453,0,5,2.397621,721101104
2.284654,12.8320,23.5547,-336.4453,0,5,2.397621,721101104
2.286592,12.8320,23.5547,-336.4453,0,5,2.397621,721101104
2.288626,12.8320,23.5547,-336.4453,0,5,2.397621,721101104
2.290658,12.8320,23.5547,-336.4453,0,5,2.397621,721101104
2.292594,12.8320,23.5547,-336.4453,0,5,2.397621,721101104
2.294628,12.8320,23.5547,-336.4453,0,5,2.397621,721101104
2.296564,12.8320,23.5547,-336.4453,0,5,2.397621,721101104
2.298598,12.8320,23.5547,-336.4453,0,5,2.397621,721101104
2.300631,12.8320,23.5547,-336.4453,0,5,2.397621,721101104
2.302569,12.8320,23.5547,-336.4453,0,5,2.397621,721101104
2.306257,12.8320,23.5547,-336.4453,0,5,2.397621,721101104
2.306607,12.8320,23.5547,-336.4453,0,5,2.397621,721101104
2.308588,12.8320,23.5547,-336.4453,0,5,2.397621,721101104
2.310619,12.8320,23.5547,-336.4453,0,5,2.397621,721101104
2.312654,12.8320,23.5547,-336.4453,0,5,2.397621,721101104
2.314592,12.8320,23.5547,-336.4453,0,5,2.397621,721101104
2.316626,12.8320,23.5547,-336.4453,0,5,2.397621,721101104
2.318658,12.8320,23.5547,-336.4453,0,5,2.397621,721101104
2.320594,12.8320,23.5547,-336.4453,0,5,2.397621,721101104
2.322628,12.8320,23.7305,-336.2695,0,5,2.397621,721101104
2.324564,12.8320,23.7305,-336.2695,0,5,2.397621,721101104
2.326598,12.8320,23.7305,-336.2695,0,5,2.397621,721101104
2.328631,12.8320,23.7305,-336.2695,0,5,2.397621,721101104
2.330569,12.8320,23.7305,-336.2695,0,5,2.397621,721101104
2.332605,12.8320,23.7305,-336.2695,0,5,2.397621,721101104
2.334636,12.8320,23.7305,-336.2695,0,5,2.397621,721101104
2.336573,12.8320,23.7305,-336.2695,0,5,2.397621,721101104
2.338607,12.8320,23.7305,-336.2695,0,5,2.397621,721101104
2.340636,12.8320,23.7305,-336.2695,0,5,2.397621,721101104
2.342573,12.8320,23.7305,-336.2695,0,5,2.397621,721101104
2.344607,12.8320,23.7305,-336.2695,0,5,2.397621,721101104
2.346636,12.8320,23.7305,-336.2695,0,5,2.397621,721101104
2.348573,12.8320,23.7305,-336.2695,0,5,2.397621,721101104
2.350607,12.8320,23.7305,-336.2695,0,5,2.397621,721101104
2.352636,12.8320,23.7305,-336.2695,0,5,2.397621,721101104
2.354573,12.8320,23.7305,-336.2695,0,5,2.397621,721101104
2.356607,12.8320,23.7305,-336.2695,0,5,2.397621,721101104
2.358636,12.8320,23.7305,-336.2695,0,5,2.397621,721101104
2.360573,12.8320,23.7305,-336.2695,0,5,2.397621,721101104
2.362607,12.8320,23.7305,-336.2695,0,5,2.397621,721101104
2.364636,12.8320,23.7305,-336.2695,0,5,2.397621,721101104
2.366573,12.8320,23.7305,-336.2695,0,5,2.397621,721101104
2.368607,12.8320,23.7305,-336.2695,0,5,2.397621,721101104
2.370636,12.8320,23.7305,-336.2695,0,5,2.397621,721101104
2.372573,12.8320,23.7305,-336.2695,0,5,2.397621,721101104
2.374607,12.8320,23.7305,-336.2695,0,5,2.397621,721101104
2.376596,12.8320,23.7305,-336.2695,0,5,2.397621,721101104
2.378618,12.8320,23.7305,-336.2695,0,5,2.397621,721101104
2.380628,12.8320,23.7305,-336.2695,0,5,2.397621,721101104
2.382611,12.8320,23.7305,-336.2695,0,5,2.397621,721101104
2.384632,12.8320,23.7305,-336.2695,0,5,2.397621,721101104
2.386633,12.8320,23.7305,-336.2695,0,5,2.397621,721101104
2.390483,12.8320,23.7305,-336.2695,0,5,2.644083,721351224
2.391316,12.8320,23.7305,-336.2695,0,5,2.644083,721351224
2.392659,12.8320,23.7305,-336.2695,0,5,2.644083,721351224
2.394592,12.8320,23.7305,-336.2695,0,5,2.644083,721351224
2.396594,12.8320,23.7305,-336.2695,0,5,2.644083,721351224
2.398573,12.8320,23.7305,-336.2695,0,5,2.644083,721351224
2.400607,12.8320,23.7305,-336.2695,0,5,2.644083,721351224
2.402636,12.8320,23.7305,-336.2695,0,5,2.644083,721351224
2.407549,12.8320,23.7305,-336.2695,0,5,2.644083,721351224
2.408224,12.8320,23.7305,-336.2695,0,5,2.644083,721351224
2.408673,12.8320,23.7305,-336.2695,0,5,2.644083,721351224
2.410608,12.8320,23.7305,-336.2695,0,5,2.644083,721351224
2.412640,12.8320,23.7305,-336.2695,0,5,2.644083,721351224
2.414587,12.8320,23.7305,-336.2695,0,5,2.644083,721351224
2.416612,12.8320,23.7305,-336.2695,0,5,2.644083,721351224
2.418623,12.8320,23.7305,-336.2695,0,5,2.644083,721351224
2.420599,12.8320,23.7305,-336.2695,0,5,2.644083,721351224
2.422609,12.8320,23.7305,-336.2695,0,5,2.644083,721351224
2.424642,12.8320,23.7305,-336.2695,0,5,2.644083,721351224
2.426629,12.8320,23.7305,-336.2695,0,5,2.644083,721351224
2.428564,12.8320,23.7305,-336.2695,0,5,2.644083,721351224
2.430598,12.8320,23.7305,-336.2695,0,5,2.644083,721351224
2.432631,12.8320,23.7305,-336.2695,0,5,2.644083,721351224
2.434569,12.8320,23.7305,-336.2695,0,5,2.644083,721351224
2.436605,12.8320,23.7305,-336.2695,0,5,2.644083,721351224
2.438636,12.8320,23.7305,-336.2695,0,5,2.644083,721351224
2.440573,12.8320,23.7305,-336.2695,0,5,2.644083,721351224
2.442607,12.8320,23.7305,-336.2695,0,5,2.644083,721351224
2.444636,12.8320,23.7305,-336.2695,0,5,2.644083,721351224
2.446573,12.8320,23.7305,-336.2695,0,5,2.644083,721351224
2.448607,12.8320,23.7305,-336.2695,0,5,2.644083,721351224
2.450636,12.8320,23.7305,-336.2695,0,5,2.644083,721351224
2.452573,12.8320,23.7305,-336.2695,0,5,2.644083,721351224
2.454607,12.8320,23.7305,-336.2695,0,5,2.644083,721351224
2.456636,12.8320,23.7305,-336.2695,0,5,2.644083,721351224
2.458573,12.8320,23.7305,-336.2695,0,5,2.644083,721351224
2.460607,12.8320,23.7305,-336.2695,0,5,2.644083,721351224
2.462636,12.8320,23.7305,-336.2695,0,5,2.644083,721351224
2.464573,12.8320,23.7305,-336.2695,0,5,2.644083,721351224
2.466607,12.8320,23.7305,-336.2695,0,5,2.644083,721351224
2.468636,12.8320,23.7305,-336.2695,0,5,2.644083,721351224
2.470573,12.8320,23.7305,-336.2695,0,5,2.644083,721351224
2.472607,12.8320,23.7305,-336.2695,0,5,2.644083,721351224
2.474636,12.8320,23.7305,-336.2695,0,5,2.644083,721351224
2.476573,12.8320,23.7305,-336.2695,0,5,2.644083,721351224
2.478607,12.8320,23.7305,-336.2695,0,5,2.644083,721351224
2.480636,12.8320,23.7305,-336.2695,0,5,2.644083,721351224
2.482592,12.8320,23.7305,-336.2695,0,5,2.644083,721351224
2.484626,12.8320,23.7305,-336.2695,0,5,2.644083,721351224
2.486659,12.8320,23.7305,-336.2695,0,5,2.644083,721351224
2.488595,12.8320,23.7305,-336.2695,0,5,2.644083,721351224
2.490630,12.8320,23.7305,-336.2695,0,5,2.644083,721351224
2.492569,12.8320,23.7305,-336.2695,0,5,2.644083,721351224
2.494605,12.8320,23.7305,-336.2695,0,5,2.644083,721351224
2.496636,12.8320,23.7305,-336.2695,0,5,2.644083,721351224
2.498623,12.8320,23.7305,-336.2695,0,5,2.644083,721351224
2.500656,12.8320,23.7305,-336.2695,0,5,2.644083,721351224
2.502595,12.8320,23.7305,-336.2695,0,5,2.644083,721351224
2.506317,12.8320,23.7305,-336.2695,0,5,2.644083,721351224
2.506667,12.8320,23.7305,-336.2695,0,5,2.644083,721351224
2.508634,12.8320,23.7305,-336.2695,0,5,2.644083,721351224
2.510581,12.8320,23.7305,-336.2695,0,5,2.644083,721351224
2.512614,12.8320,23.7305,-336.2695,0,5,2.644083,721351224
2.514651,12.8320,23.7305,-336.2695,0,5,2.644083,721351224
2.516592,12.8320,23.7305,-336.2695,0,5,2.644083,721351224
2.518650,12.8320,23.7305,-336.2695,0,5,2.644083,721351224
2.520592,12.8320,23.7305,-336.2695,0,5,2.644083,721351224
2.522626,12.8320,23.7305,-336.2695,0,5,2.644083,721351224
2.524659,12.8320,23.7305,-336.2695,0,5,2.644083,721351224
2.526595,12.8320,23.7305,-336.2695,0,5,2.644083,721351224
2.528630,12.8320,23.7305,-336.2695,0,5,2.644083,721351224
2.530569,12.8320,23.7305,-336.2695,0,5,2.644083,721351224
2.532605,12.8320,23.7305,-336.2695,0,5,2.644083,721351224
2.534636,12.8320,23.7305,-336.2695,0,5,2.644083,721351224
2.536573,12.8320,23.7305,-336.2695,0,5,2.644083,721351224
2.538607,12.8320,23.7305,-336.2695,0,5,2.644083,721351224
2.540636,12.8320,23.7305,-336.2695,0,5,2.644083,721351224
2.542573,12.8320,23.7305,-336.2695,0,5,2.644083,721351224
2.544607,12.8320,23.7305,-336.2695,0,5,2.644083,721351224
2.546636,12.8320,23.7305,-336.2695,0,5,2.644083,721351224
2.548573,12.8320,23.7305,-336.2695,0,5,2.644083,721351224
2.550607,12.8320,23.7305,-336.2695,0,5,2.644083,721351224
2.552636,12.8320,23.7305,-336.2695,0,5,2.644083,721351224
2.554573,12.8320,23.7305,-336.2695,0,5,2.644083,721351224
2.556607,12.8320,23.7305,-336.2695,0,5,2.644083,721351224
2.558636,12.8320,23.7305,-336.2695,0,5,2.644083,721351224
2.560573,12.8320,23.7305,-336.2695,0,5,2.644083,721351224
2.562607,12.8320,23.7305,-336.2695,0,5,2.644083,721351224
2.564636,12.8320,23.7305,-336.2695,0,5,2.644083,721351224
2.566573,12.8320,23.7305,-336.2695,0,5,2.644083,721351224
2.568607,12.8320,23.5547,-336.4453,0,5,2.644083,721351224
2.570636,12.8320,23.5547,-336.4453,0,5,2.644083,721351224
2.572573,12.8320,23.5547,-336.4453,0,5,2.644083,721351224
2.574607,12.8320,23.5547,-336.4453,0,5,2.644083,721351224
2.576636,12.8320,23.5547,-336.4453,0,5,2.644083,721351224
2.578573,12.8320,23.5547,-336.4453,0,5,2.644083,721351224
2.580607,12.8320,23.5547,-336.4453,0,5,2.644083,721351224
2.582654,12.8320,23.5547,-336.4453,0,5,2.644083,721351224
2.584592,12.8320,23.5547,-336.4453,0,5,2.644083,721351224
2.586626,12.8320,23.5547,-336.4453,0,5,2.644083,721351224
2.588659,12.8320,23.5547,-336.4453,0,5,2.644083,721351224
2.590595,12.8320,23.5547,-336.4453,0,5,2.644083,721351224
2.592630,12.8320,23.5547,-336.4453,0,5,2.644083,721351224
2.594569,12.8320,23.5547,-336.4453,0,5,2.644083,721351224
2.596607,12.8320,23.5547,-336.4453,0,5,2.644083,721351224
2.598640,12.8320,23.5547,-336.4453,0,5,2.644083,721351224
2.600577,12.8320,23.5547,-336.4453,0,5,2.644083,721351224
2.602612,12.8320,23.5547,-336.4453,0,5,2.644083,721351224
2.606369,12.8320,23.5547,-336.4453,0,5,2.644083,721351224
2.606882,12.8320,23.5547,-336.4453,0,5,2.644083,721351224
2.608635,12.8320,23.5547,-336.4453,0,5,2.644083,721351224
2.610608,12.8320,23.5547,-336.4453,0,5,2.644083,721351224
2.612579,12.8320,23.5547,-336.4453,0,5,2.644083,721351224
2.614631,12.8320,23.5547,-336.4453,0,5,2.644083,721351224
2.616633,12.8320,23.5547,-336.4453,0,5,2.644083,721351224
2.618579,12.8320,23.5547,-336.4453,0,5,2.644083,721351224
2.620628,12.8320,23.5547,-336.4453,0,5,2.644083,721351224
2.622660,12.8320,23.5547,-336.4453,0,5,2.644083,721351224
2.624596,12.8320,23.5547,-336.4453,0,5,2.644083,721351224
2.626629,12.8320,23.5547,-336.4453,0,5,2.644083,721351224
2.628569,12.8320,23.5547,-336.4453,0,5,2.644083,721351224
2.630604,12.8320,23.5547,-336.4453,0,5,2.644083,721351224
2.632636,12.8320,23.5547,-336.4453,0,5,2.644083,721351224
2.634573,12.8320,23.5547,-336.4453,0,5,2.644083,721351224
2.636639,12.8320,23.5547,-336.4453,0,5,2.644083,721351224
2.640789,12.8320,23.5547,-336.4453,0,5,2.890615,721591239
2.641514,12.8320,23.5547,-336.4453,0,5,2.890615,721591239
2.642668,12.8320,23.5547,-336.4453,0,5,2.890615,721591239
2.644578,12.8320,23.5547,-336.4453,0,5,2.890615,721591239
2.646622,12.8320,23.5547,-336.4453,0,5,2.890615,721591239
2.648615,12.8320,23.5547,-336.4453,0,5,2.890615,721591239
2.650568,12.8320,23.5547,-336.4453,0,5,2.890615,721591239
2.652985,12.8320,23.5547,-336.4453,0,5,2.890615,721591239
2.654597,12.8320,23.5547,-336.4453,0,5,2.890615,721591239
2.656631,12.8320,23.5547,-336.4453,0,5,2.890615,721591239
2.658569,12.8320,23.5547,-336.4453,0,5,2.890615,721591239
2.660614,12.8320,23.5547,-336.4453,0,5,2.890615,721591239
2.662650,12.8320,23.5547,-336.4453,0,5,2.890615,721591239
2.664608,12.8320,23.5547,-336.4453,0,5,2.890615,721591239
2.666652,12.8320,23.5547,-336.4453,0,5,2.890615,721591239
2.668655,12.8320,23.5547,-336.4453,0,5,2.890615,721591239
2.670592,12.8320,23.5547,-336.4453,0,5,2.890615,721591239
2.672626,12.8320,23.5547,-336.4453,0,5,2.890615,721591239
2.674657,12.8320,23.5547,-336.4453,0,5,2.890615,721591239
2.676594,12.8320,23.5547,-336.4453,0,5,2.890615,721591239
2.678628,12.8320,23.5547,-336.4453,0,5,2.890615,721591239
2.680564,12.8320,23.5547,-336.4453,0,5,2.890615,721591239
2.682611,12.8320,23.5547,-336.4453,0,5,2.890615,721591239
2.684644,12.8320,23.5547,-336.4453,0,5,2.890615,721591239
2.686578,12.8320,23.5547,-336.4453,0,5,2.890615,721591239
2.688612,12.8320,23.5547,-336.4453,0,5,2.890615,721591239
2.690644,12.8320,23.5547,-336.4453,0,5,2.890615,721591239
2.692580,12.8320,23.5547,-336.4453,0,5,2.890615,721591239
2.694614,12.8320,23.5547,-336.4453,0,5,2.890615,721591239
2.696650,12.8320,23.5547,-336.4453,0,5,2.890615,721591239
2.698592,12.8320,23.5547,-336.4453,0,5,2.890615,721591239
2.700626,12.8320,23.5547,-336.4453,0,5,2.890615,721591239
2.702657,12.8320,23.5547,-336.4453,0,5,2.890615,721591239
2.706817,12.8320,23.5547,-336.4453,0,5,2.890615,721591239
2.707205,12.8320,23.5547,-336.4453,0,5,2.890615,721591239
2.708578,12.8320,23.5547,-336.4453,0,5,2.890615,721591239
2.710611,12.8320,23.5547,-336.4453,0,5,2.890615,721591239
2.712644,12.8320,23.5547,-336.4453,0,5,2.890615,721591239
2.714626,12.8320,23.5547,-336.4453,0,5,2.890615,721591239
2.716618,12.8320,23.5547,-336.4453,0,5,2.890615,721591239
2.718595,12.8320,23.5547,-336.4453,0,5,2.890615,721591239
2.720628,12.8320,23.5547,-336.4453,0,5,2.890615,721591239
2.722660,12.8320,23.5547,-336.4453,0,5,2.890615,721591239
2.724596,12.8320,23.5547,-336.4453,0,5,2.890615,721591239
2.726629,12.8320,23.5547,-336.4453,0,5,2.890615,721591239
2.728569,12.8320,23.5547,-336.4453,0,5,2.890615,721591239
2.730604,12.8320,23.5547,-336.4453,0,5,2.890615,721591239
2.732636,12.8320,23.5547,-336.4453,0,5,2.890615,721591239
2.734573,12.8320,23.5547,-336.4453,0,5,2.890615,721591239
2.736607,12.8320,23.5547,-336.4453,0,5,2.890615,721591239
2.738636,12.8320,23.5547,-336.4453,0,5,2.890615,721591239
2.740573,12.8320,23.5547,-336.4453,0,5,2.890615,721591239
2.742607,12.8320,23.5547,-336.4453,0,5,2.890615,721591239
2.744636,12.8320,23.5547,-336.4453,0,5,2.890615,721591239
2.746573,12.8320,23.5547,-336.4453,0,5,2.890615,721591239
2.748607,12.8320,23.5547,-336.4453,0,5,2.890615,721591239
2.750636,12.8320,23.5547,-336.4453,0,5,2.890615,721591239
2.752573,12.8320,23.5547,-336.4453,0,5,2.890615,721591239
2.754607,12.8320,23.5547,-336.4453,0,5,2.890615,721591239
2.756636,12.8320,23.5547,-336.4453,0,5,2.890615,721591239
2.758573,12.8320,23.5547,-336.4453,0,5,2.890615,721591239
2.760607,12.8320,23.5547,-336.4453,0,5,2.890615,721591239
2.762636,12.8320,23.5547,-336.4453,0,5,2.890615,721591239
2.764573,12.8320,23.5547,-336.4453,0,5,2.890615,721591239
2.766607,12.8320,23.5547,-336.4453,0,5,2.890615,721591239
2.768636,12.8320,23.5547,-336.4453,0,5,2.890615,721591239
2.770573,12.8320,23.5547,-336.4453,0,5,2.890615,721591239
2.772607,12.8320,23.5547,-336.4453,0,5,2.890615,721591239
2.774636,12.8320,23.5547,-336.4453,0,5,2.890615,721591239
2.776573,12.8320,23.5547,-336.4453,0,5,2.890615,721591239
2.778607,12.8320,23.5547,-336.4453,0,5,2.890615,721591239
2.780636,12.8320,23.5547,-336.4453,0,5,2.890615,721591239
2.782586,12.8320,23.5547,-336.4453,0,5,2.890615,721591239
2.784618,12.8320,23.5547,-336.4453,0,5,2.890615,721591239
2.786654,12.8320,23.5547,-336.4453,0,5,2.890615,721591239
2.788592,12.8320,23.5547,-336.4453,0,5,2.890615,721591239
2.790626,12.8320,23.5547,-336.4453,0,5,2.890615,721591239
2.792658,12.8320,23.5547,-336.4453,0,5,2.890615,721591239
2.794594,12.8320,23.5547,-336.4453,0,5,2.890615,721591239
2.796628,12.8320,23.5547,-336.4453,0,5,2.890615,721591239
2.798564,12.8320,23.5547,-336.4453,0,5,2.890615,721591239
2.800597,12.8320,23.5547,-336.4453,0,5,2.890615,721591239
2.802631,12.8320,23.5547,-336.4453,0,5,2.890615,721591239
2.806319,12.8320,23.5547,-336.4453,0,5,2.890615,721591239
2.806669,12.8320,23.5547,-336.4453,0,5,2.890615,721591239
2.808624,12.8320,23.5547,-336.4453,0,5,2.890615,721591239
2.810655,12.8320,23.5547,-336.4453,0,5,2.890615,721591239
2.812592,12.8320,23.5547,-336.4453,0,5,2.890615,721591239
2.814625,12.8320,23.5547,-336.4453,0,5,2.890615,721591239
2.816593,12.8320,23.5547,-336.4453,0,5,2.890615,721591239
2.818618,12.8320,23.5547,-336.4453,0,5,2.890615,721591239
2.820654,12.8320,23.5547,-336.4453,0,5,2.890615,721591239
2.822592,12.8320,23.5547,-336.4453,0,5,2.890615,721591239
2.824627,12.8320,23.5547,-336.4453,0,5,2.890615,721591239
2.826592,12.8320,23.5547,-336.4453,0,5,2.890615,721591239
2.828626,12.8320,23.5547,-336.4453,0,5,2.890615,721591239
2.830658,12.8320,23.5547,-336.4453,0,5,2.890615,721591239
2.832594,12.8320,23.5547,-336.4453,0,5,2.890615,721591239
2.834628,12.8320,23.5547,-336.4453,0,5,2.890615,721591239
2.836564,12.8320,23.5547,-336.4453,0,5,2.890615,721591239
2.838597,12.8320,23.5547,-336.4453,0,5,2.890615,721591239
2.840631,12.8320,23.5547,-336.4453,0,5,2.890615,721591239
2.842569,12.8320,23.5547,-336.4453,0,5,2.890615,721591239
2.844604,12.8320,23.5547,-336.4453,0,5,2.890615,721591239
2.846636,12.8320,23.5547,-336.4453,0,5,2.890615,721591239
2.848573,12.8320,23.5547,-336.4453,0,5,2.890615,721591239
2.850607,12.8320,23.5547,-336.4453,0,5,2.890615,721591239
2.852636,12.8320,23.5547,-336.4453,0,5,2.890615,721591239
2.854573,12.8320,23.5547,-336.4453,0,5,2.890615,721591239
2.856607,12.8320,23.5547,-336.4453,0,5,2.890615,721591239
2.858636,12.8320,23.5547,-336.4453,0,5,2.890615,721591239
2.860573,12.8320,23.5547,-336.4453,0,5,2.890615,721591239
2.862607,12.8320,23.5547,-336.4453,0,5,2.890615,721591239
2.864636,12.8320,23.5547,-336.4453,0,5,2.890615,721591239
2.866636,12.8320,23.5547,-336.4453,0,5,2.890615,721591239
2.868638,12.8320,23.5547,-336.4453,0,5,2.890615,721591239
2.870613,12.8320,23.5547,-336.4453,0,5,2.890615,721591239
2.872599,12.8320,23.5547,-336.4453,0,5,2.890615,721591239
2.874616,12.8320,23.5547,-336.4453,0,5,2.890615,721591239
2.876632,12.8320,23.5547,-336.4453,0,5,2.890615,721591239
2.880837,12.8320,23.5547,-336.4453,0,5,3.145432,721837576
2.881598,12.8320,23.5547,-336.4453,0,5,3.145432,721837576
2.882639,12.8320,23.5547,-336.4453,0,5,3.145432,721837576
2.884750,12.8320,23.5547,-336.4453,0,5,3.145432,721837576
2.886596,12.8320,23.5547,-336.4453,0,5,3.145432,721837576
2.888595,12.8320,23.5547,-336.4453,0,5,3.145432,721837576
2.890632,12.8320,23.5547,-336.4453,0,5,3.145432,721837576
2.892575,12.8320,23.5547,-336.4453,0,5,3.145432,721837576
2.894628,12.8320,23.5547,-336.4453,0,5,3.145432,721837576
2.896624,12.8320,23.5547,-336.4453,0,5,3.145432,721837576
2.898628,12.8320,23.5547,-336.4453,0,5,3.145432,721837576
2.900566,12.8320,23.5547,-336.4453,0,5,3.145432,721837576
2.902585,12.8320,23.5547,-336.4453,0,5,3.145432,721837576
2.906810,12.8320,23.5547,-336.4453,0,5,3.145432,721837576
2.907203,12.8320,23.5547,-336.4453,0,5,3.145432,721837576
2.908577,12.8320,23.5547,-336.4453,0,5,3.145432,721837576
2.910610,12.8320,23.5547,-336.4453,0,5,3.145432,721837576
2.912640,12.8320,23.5547,-336.4453,0,5,3.145432,721837576
2.914590,12.8320,23.5547,-336.4453,0,5,3.145432,721837576
2.916623,12.8320,23.5547,-336.4453,0,5,3.145432,721837576
2.918587,12.8320,23.5547,-336.4453,0,5,3.145432,721837576
2.920624,12.8320,23.7305,-336.2695,0,5,3.145432,721837576
2.922658,12.8320,23.7305,-336.2695,0,5,3.145432,721837576
2.924639,12.8320,23.7305,-336.2695,0,5,3.145432,721837576
2.926578,12.8320,23.7305,-336.2695,0,5,3.145432,721837576
2.928612,12.8320,23.7305,-336.2695,0,5,3.145432,721837576
2.930650,12.8320,23.7305,-336.2695,0,5,3.145432,721837576
2.932592,12.8320,23.7305,-336.2695,0,5,3.145432,721837576
2.934626,12.8320,23.7305,-336.2695,0,5,3.145432,721837576
2.936659,12.8320,23.7305,-336.2695,0,5,3.145432,721837576
2.938595,12.8320,23.7305,-336.2695,0,5,3.145432,721837576
2.940630,12.8320,23.7305,-336.2695,0,5,3.145432,721837576
2.942569,12.8320,23.7305,-336.2695,0,5,3.145432,721837576
2.944607,12.8320,23.7305,-336.2695,0,5,3.145432,721837576
2.946640,12.8320,23.7305,-336.2695,0,5,3.145432,721837576
2.948577,12.8320,23.7305,-336.2695,0,5,3.145432,721837576
2.950612,12.8320,23.7305,-336.2695,0,5,3.145432,721837576
2.952646,12.8320,23.7305,-336.2695,0,5,3.145432,721837576
2.954586,12.8320,23.7305,-336.2695,0,5,3.145432,721837576
2.956619,12.8320,23.7305,-336.2695,0,5,3.145432,721837576
2.958653,12.8320,23.7305,-336.2695,0,5,3.145432,721837576
2.960592,12.8320,23.7305,-336.2695,0,5,3.145432,721837576
2.962626,12.8320,23.7305,-336.2695,0,5,3.145432,721837576
2.964659,12.8320,23.7305,-336.2695,0,5,3.145432,721837576
2.966595,12.8320,23.7305,-336.2695,0,5,3.145432,721837576
2.968630,12.8320,23.7305,-336.2695,0,5,3.145432,721837576
2.970569,12.8320,23.7305,-336.2695,0,5,3.145432,721837576
2.972605,12.8320,23.7305,-336.2695,0,5,3.145432,721837576
2.974636,12.8320,23.7305,-336.2695,0,5,3.145432,721837576
2.976573,12.8320,23.7305,-336.2695,0,5,3.145432,721837576
2.978607,12.8320,23.7305,-336.2695,0,5,3.145432,721837576
2.980636,12.8320,23.7305,-336.2695,0,5,3.145432,721837576
2.982588,12.8320,23.7305,-336.2695,0,5,3.145432,721837576
2.984619,12.8320,23.7305,-336.2695,0,5,3.145432,721837576
2.986653,12.8320,23.7305,-336.2695,0,5,3.145432,721837576
2.988592,12.8320,23.7305,-336.2695,0,5,3.145432,721837576
2.990626,12.8320,23.7305,-336.2695,0,5,3.145432,721837576
2.992659,12.8320,23.7305,-336.2695,0,5,3.145432,721837576
2.994595,12.8320,23.7305,-336.2695,0,5,3.145432,721837576
2.996630,12.8320,23.7305,-336.2695,0,5,3.145432,721837576
2.998592,12.8320,23.7305,-336.2695,0,5,3.145432,721837576
3.000626,12.8320,23.7305,-336.2695,0,5,3.145432,721837576
3.002658,12.8320,23.7305,-336.2695,0,5,3.145432,721837576
3.006349,12.8320,23.7305,-336.2695,0,5,3.145432,721837576
3.006698,12.8320,23.7305,-336.2695,0,5,3.145432,721837576
3.008653,12.8320,23.7305,-336.2695,0,5,3.145432,721837576
3.010592,12.8320,23.7305,-336.2695,0,5,3.145432,721837576
3.012626,12.8320,23.7305,-336.2695,0,5,3.145432,721837576
3.014659,12.8320,23.7305,-336.2695,0,5,3.145432,721837576
3.016595,12.8320,23.7305,-336.2695,0,5,3.145432,721837576
3.018630,12.8320,23.7305,-336.2695,0,5,3.145432,721837576
3.020569,12.8320,23.7305,-336.2695,0,5,3.145432,721837576
3.022658,12.8320,23.7305,-336.2695,0,5,3.145432,721837576
3.024595,12.8320,23.7305,-336.2695,0,5,3.145432,721837576
3.026650,12.8320,23.7305,-336.2695,0,5,3.145432,721837576
3.028592,12.8320,23.7305,-336.2695,0,5,3.145432,721837576
3.030626,12.8320,23.7305,-336.2695,0,5,3.145432,721837576
3.032659,12.8320,23.7305,-336.2695,0,5,3.145432,721837576
3.034595,12.8320,23.7305,-336.2695,0,5,3.145432,721837576
3.036630,12.8320,23.7305,-336.2695,0,5,3.145432,721837576
3.038569,12.8320,23.7305,-336.2695,0,5,3.145432,721837576
3.040605,12.8320,23.7305,-336.2695,0,5,3.145432,721837576
3.042636,12.8320,23.7305,-336.2695,0,5,3.145432,721837576
3.044573,12.8320,23.7305,-336.2695,0,5,3.145432,721837576
3.046607,12.8320,23.7305,-336.2695,0,5,3.145432,721837576
3.048636,12.8320,23.7305,-336.2695,0,5,3.145432,721837576
3.050573,12.8320,23.7305,-336.2695,0,5,3.145432,721837576
3.052607,12.8320,23.7305,-336.2695,0,5,3.145432,721837576
3.054636,12.8320,23.7305,-336.2695,0,5,3.145432,721837576
3.056573,12.8320,23.7305,-336.2695,0,5,3.145432,721837576
3.058607,12.8320,23.7305,-336.2695,0,5,3.145432,721837576
3.060636,12.8320,23.7305,-336.2695,0,5,3.145432,721837576
3.062573,12.8320,23.7305,-336.2695,0,5,3.145432,721837576
3.064607,12.8320,23.7305,-336.2695,0,5,3.145432,721837576
3.066636,12.8320,23.7305,-336.2695,0,5,3.145432,721837576
3.068573,12.8320,23.7305,-336.2695,0,5,3.145432,721837576
3.070607,12.8320,23.5547,-336.4453,0,5,3.145432,721837576
3.072636,12.8320,23.5547,-336.4453,0,5,3.145432,721837576
3.074577,12.8320,0.0000,0.0000,0,5,3.145432,721837576
3.076615,12.8320,0.0000,0.0000,59,5,3.145432,721837576
3.078573,12.8320,0.0000,0.0000,59,5,3.145432,721837576
3.080619,12.8320,0.1758,0.1758,59,5,3.145432,721837576
3.082614,12.8320,0.1758,0.1758,59,5,3.145432,721837576
3.084599,12.8320,0.1758,0.1758,59,5,3.145432,721837576
3.086589,12.6562,0.1758,0.1758,59,5,3.145432,721837576
3.088577,12.6562,0.3516,0.3516,59,5,3.145432,721837576
3.090564,12.6562,0.3516,0.3516,59,5,3.145432,721837576
3.092650,12.4805,0.3516,0.3516,59,5,3.145432,721837576
3.094636,12.3047,0.5273,0.5273,59,5,3.145432,721837576
3.096605,12.3047,0.5273,0.5273,59,5,3.145432,721837576
3.098600,12.1289,0.7031,0.7031,59,5,3.145432,721837576
3.100599,12.1289,0.8789,0.8789,59,5,3.145432,721837576
3.102594,11.9531,1.0547,1.0547,59,5,3.145432,721837576
3.106495,11.6016,1.2305,1.2305,59,5,3.145432,721837576
3.107051,11.6016,1.4062,1.4062,59,5,3.145432,721837576
3.108581,11.4258,1.5820,1.5820,59,5,3.145432,721837576
3.110654,11.2500,1.5820,1.5820,59,5,3.145432,721837576
3.112615,11.0742,1.7578,1.7578,59,5,3.145432,721837576
3.114570,10.8984,1.9336,1.9336,59,5,3.145432,721837576
3.116578,10.7227,2.2852,2.2852,59,5,3.145432,721837576
3.118618,10.5469,2.4609,2.4609,59,5,3.145432,721837576
3.120669,10.3711,2.6367,2.6367,59,5,3.145432,721837576
3.122671,10.0195,2.9883,2.9883,59,5,3.145432,721837576
3.127093,9.4922,3.3398,3.3398,59,5,3.416182,722101678
3.128381,9.4922,3.5156,3.5156,59,5,3.416182,722101678
3.129073,9.3164,3.6914,3.6914,59,5,3.416182,722101678
3.130594,9.1406,3.8672,3.8672,59,5,3.416182,722101678
3.132611,8.7891,4.0430,4.0430,59,5,3.416182,722101678
3.134623,8.6133,4.3945,4.3945,59,5,3.416182,722101678
3.136589,8.2617,4.5703,4.5703,59,5,3.416182,722101678
3.138651,8.0859,4.9219,4.9219,59,5,3.416182,722101678
3.140657,7.7344,5.0977,5.0977,59,5,3.416182,722101678
3.142632,7.3828,5.4492,5.4492,59,5,3.416182,722101678
3.144672,7.2070,5.8008,5.8008,59,5,3.416182,722101678
3.146636,6.8555,5.9766,5.9766,59,5,3.416182,722101678
3.148596,6.5039,6.3281,6.3281,59,5,3.416182,722101678
3.150646,6.1523,6.5039,6.5039,59,5,3.416182,722101678
3.152631,5.8008,6.8555,6.8555,59,5,3.416182,722101678
3.154605,5.4492,7.2070,7.2070,59,5,3.416182,722101678
3.156654,5.2734,7.5586,7.5586,59,5,3.416182,722101678
3.158654,4.9219,7.7344,7.7344,59,5,3.416182,722101678
3.160573,4.5703,8.0859,8.0859,59,5,3.416182,722101678
3.162629,4.2188,8.4375,8.4375,59,5,3.416182,722101678
3.164632,3.8672,8.7891,8.7891,59,5,3.416182,722101678
3.166637,3.5156,8.9648,8.9648,59,5,3.416182,722101678
3.168641,3.1641,9.3164,9.3164,59,5,3.416182,722101678
3.170600,2.8125,9.6680,9.6680,59,5,3.416182,722101678
3.172650,2.4609,10.0195,10.0195,59,5,3.416182,722101678
3.174655,1.9336,10.1953,10.1953,59,5,3.416182,722101678
3.176569,1.5820,10.5469,10.5469,59,5,3.416182,722101678
3.178577,1.2305,10.8984,10.8984,59,5,3.416182,722101678
3.180586,0.8789,11.0742,11.0742,59,5,3.416182,722101678
3.182607,0.5273,11.4258,11.4258,59,5,3.416182,722101678
3.184610,0.0000,11.7773,11.7773,59,5,3.416182,722101678
3.186612,-0.3516,11.9531,11.9531,60,5,3.416182,722101678
3.188614,-0.7031,12.3047,12.3047,59,5,3.416182,722101678
3.190614,-1.0547,12.4805,12.4805,59,5,3.416182,722101678
3.192614,-1.5820,12.8320,12.8320,59,5,3.416182,722101678
3.194614,-1.9336,13.1836,13.1836,59,5,3.416182,722101678
3.196614,-2.2852,13.3594,13.3594,59,5,3.416182,722101678
3.198614,-2.6367,13.7109,13.7109,59,5,3.416182,722101678
3.200619,-3.1641,13.8867,13.8867,59,5,3.416182,722101678
3.202619,-3.5156,14.2383,14.2383,59,5,3.416182,722101678
3.207025,-4.3945,14.7656,14.7656,59,5,3.416182,722101678
3.207644,-4.5703,14.9414,14.9414,59,5,3.416182,722101678
3.208588,-4.7461,14.9414,14.9414,59,5,3.416182,722101678
3.210592,-5.2734,15.1172,15.1172,59,5,3.416182,722101678
3.212595,-5.6250,15.4688,15.4688,59,5,3.416182,722101678
3.214607,-5.9766,15.6445,15.6445,59,5,3.416182,722101678
3.216614,-6.5039,15.8203,15.8203,59,5,3.416182,722101678
3.218614,-6.8555,16.1719,16.1719,59,5,3.416182,722101678
3.220653,-7.2070,16.3477,16.3477,59,5,3.416182,722101678
3.222653,-7.7344,16.5234,16.5234,59,5,3.416182,722101678
3.224653,-8.0859,16.6992,16.6992,59,5,3.416182,722101678
3.226653,-8.6133,17.0508,17.0508,59,5,3.416182,722101678
3.228592,-8.9648,17.2266,17.2266,59,5,3.416182,722101678
3.230601,-9.3164,17.4023,17.4023,59,5,3.416182,722101678
3.232650,-9.8438,17.4023,17.4023,59,5,3.416182,722101678
3.234653,-10.1953,17.7539,17.7539,59,5,3.416182,722101678
3.236653,-10.5469,17.7539,17.7539,59,5,3.416182,722101678
3.238653,-11.0742,17.9297,17.9297,59,5,3.416182,722101678
3.240657,-11.4258,18.1055,18.1055,59,5,3.416182,722101678
3.242659,-11.9531,18.2812,18.2812,59,5,3.416182,722101678
3.244564,-12.3047,18.4570,18.4570,59,5,3.416182,722101678
3.246569,-12.6562,18.4570,18.4570,59,5,3.416182,722101678
3.248573,-13.0078,18.6328,18.6328,59,5,3.416182,722101678
3.250578,-13.5352,18.6328,18.6328,59,5,3.416182,722101678
3.252580,-13.8867,18.8086,18.8086,59,5,3.416182,722101678
3.254586,-14.4141,18.8086,18.8086,59,5,3.416182,722101678
3.256592,-14.7656,18.9844,18.9844,59,5,3.416182,722101678
3.258595,-15.1172,18.9844,18.9844,59,5,3.416182,722101678
3.260598,-15.6445,19.1602,19.1602,59,5,3.416182,722101678
3.262607,-15.9961,19.1602,19.1602,59,5,3.416182,722101678
3.264610,-16.5234,19.1602,19.1602,59,5,3.416182,722101678
3.266613,-16.8750,19.1602,19.1602,59,5,3.416182,722101678
3.268614,-17.2266,19.1602,19.1602,59,5,3.416182,722101678
3.270614,-17.7539,19.1602,19.1602,59,5,3.416182,722101678
3.272614,-18.1055,19.3359,19.3359,59,5,3.416182,722101678
3.274614,-18.4570,19.3359,19.3359,59,5,3.416182,722101678
3.276614,-18.9844,19.3359,19.3359,59,5,3.416182,722101678
3.278614,-19.3359,19.3359,19.3359,59,5,3.416182,722101678
3.280614,-19.8633,19.1602,19.1602,59,5,3.416182,722101678
3.282629,-20.2148,19.1602,19.1602,59,5,3.416182,722101678
3.284631,-20.5664,19.1602,19.1602,59,5,3.416182,722101678
3.286631,-21.0938,19.1602,19.1602,59,5,3.416182,722101678
3.288631,-21.4453,18.9844,18.9844,59,5,3.416182,722101678
3.290631,-21.7969,18.9844,18.9844,59,5,3.416182,722101678
3.292631,-22.1484,18.8086,18.8086,59,5,3.416182,722101678
3.294631,-22.6758,18.8086,18.8086,59,5,3.416182,722101678
3.296631,-23.0273,18.8086,18.8086,59,5,3.416182,722101678
3.298631,-23.5547,18.6328,18.6328,59,5,3.416182,722101678
3.300631,-23.9062,18.4570,18.4570,59,5,3.416182,722101678
3.302636,-24.2578,18.4570,18.4570,-59,5,3.416182,722101678
3.306399,-24.9609,18.1055,18.1055,-59,5,3.416182,722101678
3.306936,-25.1367,18.1055,18.1055,-59,5,3.416182,722101678
3.308655,-25.3125,17.9297,17.9297,-59,5,3.416182,722101678
3.310657,-25.6641,17.7539,17.7539,-59,5,3.416182,722101678
3.312658,-26.0156,17.4023,17.4023,-59,5,3.416182,722101678
3.314564,-26.3672,17.2266,17.2266,-59,5,3.416182,722101678
3.316569,-26.7188,16.8750,16.8750,-58,5,3.416182,722101678
3.318573,-26.8945,16.5234,16.5234,-58,5,3.416182,722101678
3.320578,-27.0703,16.1719,16.1719,-58,5,3.416182,722101678
3.322580,-27.4219,15.8203,15.8203,-58,5,3.416182,722101678
3.324613,-27.5977,15.2930,15.2930,-58,5,3.416182,722101678
3.326614,-27.7734,14.9414,14.9414,-58,5,3.416182,722101678
3.328573,-27.9492,14.5898,14.5898,-58,5,3.416182,722101678
3.330605,-28.1250,14.0625,14.0625,-58,5,3.416182,722101678
3.332607,-28.3008,13.5352,13.5352,-58,5,3.416182,722101678
3.334610,-28.4766,13.0078,13.0078,-58,5,3.416182,722101678
3.336613,-28.4766,12.4805,12.4805,-58,5,3.416182,722101678
3.338614,-28.6523,11.9531,11.9531,-58,5,3.416182,722101678
3.340614,-28.6523,11.4258,11.4258,-58,5,3.416182,722101678
3.342614,-28.8281,10.7227,10.7227,-58,5,3.416182,722101678
3.344619,-28.8281,10.0195,10.0195,-58,5,3.416182,722101678
3.346619,-28.8281,9.4922,9.4922,-58,5,3.416182,722101678
3.348619,-28.8281,8.7891,8.7891,-58,5,3.416182,722101678
3.350619,-28.8281,8.0859,8.0859,-58,5,3.416182,722101678
3.352619,-28.8281,7.3828,7.3828,-58,5,3.416182,722101678
3.354619,-28.8281,6.5039,6.5039,-58,5,3.416182,722101678
3.356619,-28.6523,5.8008,5.8008,-58,5,3.416182,722101678
3.358619,-28.6523,4.9219,4.9219,-58,5,3.416182,722101678
3.360619,-28.4766,4.2188,4.2188,-58,5,3.416182,722101678
3.362631,-28.4766,3.3398,3.3398,-58,5,3.416182,722101678
3.364636,-28.3008,2.4609,2.4609,-58,5,3.416182,722101678
3.366636,-28.3008,1.5820,1.5820,-58,5,3.416182,722101678
3.368644,-28.1250,0.7031,0.7031,-58,5,3.416182,722101678
3.370667,-27.9492,-0.1758,-0.1758,-58,5,3.416182,722101678
3.372654,-27.7734,-1.0547,-1.0547,-58,5,3.416182,722101678
3.374615,-27.5977,-1.9336,-1.9336,-58,5,3.416182,722101678
3.376614,-27.4219,-2.8125,-2.8125,-58,5,3.416182,722101678
3.378614,-27.0703,-3.6914,-3.6914,-58,5,3.416182,722101678
3.380614,-26.8945,-4.7461,-4.7461,-58,5,3.416182,722101678
3.382660,-26.7188,-5.6250,-5.6250,-58,5,3.416182,722101678
3.384612,-26.5430,-6.5039,-6.5039,-58,5,3.416182,722101678
3.386569,-26.3672,-7.3828,-7.3828,-58,5,3.416182,722101678
3.391252,-25.6641,-9.6680,-9.6680,-58,5,3.673465,722377068
3.392526,-25.6641,-10.3711,-10.3711,-59,5,3.673465,722377068
3.393283,-25.4883,-10.7227,-10.7227,-59,5,3.673465,722377068
3.394664,-25.3125,-11.2500,-11.2500,-59,5,3.673465,722377068
3.396661,-25.1367,-12.3047,-12.3047,-59,5,3.673465,722377068
3.398613,-24.7852,-13.1836,-13.1836,-59,5,3.673465,722377068
3.400598,-24.6094,-14.0625,-14.0625,-59,5,3.673465,722377068
3.402607,-24.2578,-14.9414,-14.9414,-59,5,3.673465,722377068
3.406811,-23.9062,-16.8750,-16.8750,-59,5,3.673465,722377068
3.407453,-23.7305,-17.2266,-17.2266,-59,5,3.673465,722377068
3.408589,-23.5547,-17.7539,-17.7539,-59,5,3.673465,722377068
3.410595,-23.3789,-18.6328,-18.6328,-59,5,3.673465,722377068
3.412637,-23.0273,-19.5117,-19.5117,-59,5,3.673465,722377068
3.414595,-22.8516,-20.3906,-20.3906,-59,5,3.673465,722377068
3.416604,-22.6758,-21.2695,-21.2695,-59,5,3.673465,722377068
3.418617,-22.3242,-22.1484,-22.1484,-59,5,3.673465,722377068
3.420649,-22.1484,-23.0273,-23.0273,-59,5,3.673465,722377068
3.422667,-21.9727,-23.7305,-23.7305,-59,5,3.673465,722377068
3.425060,-21.6211,-24.7852,-24.7852,-59,5,3.673465,722377068
3.426588,-21.4453,-25.3125,-25.3125,-59,5,3.673465,722377068
3.428641,-21.2695,-26.1914,-26.1914,-59,5,3.673465,722377068
3.430606,-21.0938,-26.8945,-26.8945,-59,5,3.673465,722377068
3.432573,-20.7422,-27.5977,-27.5977,-59,5,3.673465,722377068
3.434592,-20.5664,-28.4766,-28.4766,-59,5,3.673465,722377068
3.436623,-20.3906,-29.1797,-29.1797,-59,5,3.673465,722377068
3.438627,-20.2148,-29.7070,-29.7070,-59,5,3.673465,722377068
3.440569,-20.0391,-30.4102,-30.4102,-59,5,3.673465,722377068
3.442573,-19.8633,-31.1133,-31.1133,-59,5,3.673465,722377068
3.444577,-19.6875,-31.8164,-31.8164,-59,5,3.673465,722377068
3.446580,-19.3359,-32.3438,-32.3438,-59,5,3.673465,722377068
3.448592,-19.3359,-33.0469,-33.0469,-59,5,3.673465,722377068
3.450599,-19.1602,-33.5742,-33.5742,-59,5,3.673465,722377068
3.452607,-18.9844,-34.1016,-34.1016,-59,5,3.673465,722377068
3.454610,-18.6328,-34.8047,-34.8047,-59,5,3.673465,722377068
3.456613,-18.6328,-35.3320,-35.3320,-59,5,3.673465,722377068
3.458614,-18.4570,-35.6836,-35.6836,-59,5,3.673465,722377068
3.460614,-18.2812,-36.2109,-36.2109,-59,5,3.673465,722377068
3.462614,-18.1055,-36.7383,-36.7383,-59,5,3.673465,722377068
3.464614,-17.9297,-37.0898,-37.0898,-59,5,3.673465,722377068
3.466614,-17.7539,-37.6172,-37.6172,-59,5,3.673465,722377068
3.468625,-17.5781,-37.9688,-37.9688,-59,5,3.673465,722377068
3.470631,-17.5781,-38.4961,-38.4961,-59,5,3.673465,722377068
3.472636,-17.4023,-38.8477,-38.8477,-59,5,3.673465,722377068
3.474636,-17.2266,-39.1992,-39.1992,-59,5,3.673465,722377068
3.476636,-17.0508,-39.5508,-39.5508,-59,5,3.673465,722377068
3.478636,-17.0508,-39.9023,-39.9023,-59,5,3.673465,722377068
3.480636,-16.8750,-40.2539,-40.2539,-59,5,3.673465,722377068
3.482660,-16.6992,-40.4297,-40.4297,-59,5,3.673465,722377068
3.484569,-16.5234,-40.6055,-40.6055,-59,5,3.673465,722377068
3.486573,-16.5234,-40.9570,-40.9570,-59,5,3.673465,722377068
3.488578,-16.3477,-41.1328,-41.1328,-59,5,3.673465,722377068
3.490580,-16.1719,-41.3086,-41.3086,-59,5,3.673465,722377068
3.492586,-16.1719,-41.6602,-41.6602,-59,5,3.673465,722377068
3.494592,-15.9961,-41.8359,-41.8359,-59,5,3.673465,722377068
3.496595,-15.8203,-41.8359,-41.8359,-59,5,3.673465,722377068
3.498573,-15.8203,-42.0117,-42.0117,-59,5,3.673465,722377068
3.500578,-15.6445,-42.1875,-42.1875,-59,5,3.673465,722377068
3.502580,-15.4688,-42.1875,-42.1875,-59,5,3.673465,722377068
3.506551,-15.2930,-42.3633,-42.3633,-59,5,3.673465,722377068
3.507095,-15.2930,-42.3633,-42.3633,-59,5,3.673465,722377068
3.508618,-15.1172,-42.3633,-42.3633,-59,5,3.673465,722377068
3.510619,-15.1172,-42.3633,-42.3633,-59,5,3.673465,722377068
3.512619,-14.9414,-42.3633,-42.3633,-59,5,3.673465,722377068
3.514658,-14.9414,-42.3633,-42.3633,-59,5,3.673465,722377068
3.516564,-14.7656,-42.3633,-42.3633,-59,5,3.673465,722377068
3.518569,-14.7656,-42.1875,-42.1875,-59,5,3.673465,722377068
3.520573,-14.5898,-42.1875,-42.1875,-59,5,3.673465,722377068
3.522577,-14.5898,-42.0117,-42.0117,-59,5,3.673465,722377068
3.524580,-14.4141,-41.8359,-41.8359,-59,5,3.673465,722377068
3.526586,-14.4141,-41.8359,-41.8359,-59,5,3.673465,722377068
3.528592,-14.2383,-41.6602,-41.6602,-59,5,3.673465,722377068
3.530595,-14.2383,-41.3086,-41.3086,-59,5,3.673465,722377068
3.532598,-14.0625,-41.1328,-41.1328,-59,5,3.673465,722377068
3.534604,-14.0625,-40.9570,-40.9570,-59,5,3.673465,722377068
3.536631,-13.8867,-40.6055,-40.6055,31,5,3.673465,722377068
3.538631,-13.8867,-40.4297,-40.4297,31,5,3.673465,722377068
3.540631,-13.8867,-40.2539,-40.2539,31,5,3.673465,722377068
3.542631,-13.7109,-39.7266,-39.7266,31,5,3.673465,722377068
3.544631,-13.7109,-39.5508,-39.5508,32,5,3.673465,722377068
3.546631,-13.7109,-39.0234,-39.0234,32,5,3.673465,722377068
3.548631,-13.7109,-38.6719,-38.6719,32,5,3.673465,722377068
3.550631,-13.7109,-38.3203,-38.3203,32,5,3.673465,722377068
3.552631,-13.7109,-37.7930,-37.7930,32,5,3.673465,722377068
3.554631,-13.7109,-37.4414,-37.4414,32,5,3.673465,722377068
3.556636,-13.7109,-36.9141,-36.9141,59,5,3.673465,722377068
3.558636,-13.7109,-36.3867,-36.3867,59,5,3.673465,722377068
3.560636,-13.7109,-35.6836,-35.6836,59,5,3.673465,722377068
3.562636,-13.7109,-35.1562,-35.1562,59,5,3.673465,722377068
3.564636,-13.8867,-34.6289,-34.6289,59,5,3.673465,722377068
3.566636,-13.8867,-33.9258,-33.9258,59,5,3.673465,722377068
3.568636,-14.0625,-33.2227,-33.2227,59,5,3.673465,722377068
3.570636,-14.2383,-32.5195,-32.5195,59,5,3.673465,722377068
3.572636,-14.4141,-31.8164,-31.8164,59,5,3.673465,722377068
3.574636,-14.4141,-31.1133,-31.1133,59,5,3.673465,722377068
3.576636,-14.5898,-30.2344,-30.2344,59,5,3.673465,722377068
3.578636,-14.9414,-29.3555,-29.3555,59,5,3.673465,722377068
3.580636,-15.1172,-28.6523,-28.6523,59,5,3.673465,722377068
3.582653,-15.2930,-27.5977,-27.5977,59,5,3.673465,722377068
3.584653,-15.6445,-26.7188,-26.7188,59,5,3.673465,722377068
3.586653,-15.8203,-25.8398,-25.8398,59,5,3.673465,722377068
3.588653,-16.1719,-24.7852,-24.7852,59,5,3.673465,722377068
3.590653,-16.5234,-23.7305,-23.7305,59,5,3.673465,722377068
3.592653,-16.8750,-22.8516,-22.8516,59,5,3.673465,722377068
3.594653,-17.2266,-21.6211,-21.6211,59,5,3.673465,722377068
3.596657,-17.5781,-20.5664,-20.5664,59,5,3.673465,722377068
3.598658,-17.9297,-19.5117,-19.5117,59,5,3.673465,722377068
3.600564,-18.4570,-18.4570,-18.4570,59,5,3.673465,722377068
3.602569,-18.8086,-17.2266,-17.2266,59,5,3.673465,722377068
3.606437,-19.6875,-14.7656,-14.7656,59,5,3.673465,722377068
3.606977,-19.8633,-14.4141,-14.4141,59,5,3.673465,722377068
3.608594,-20.3906,-13.5352,-13.5352,59,5,3.673465,722377068
3.610598,-20.7422,-12.1289,-12.1289,59,5,3.673465,722377068
3.612604,-21.4453,-10.7227,-10.7227,59,5,3.673465,722377068
3.614607,-21.9727,-9.4922,-9.4922,59,5,3.673465,722377068
3.616610,-22.5000,-8.0859,-8.0859,59,5,3.673465,722377068
3.618655,-23.2031,-6.6797,-6.6797,59,5,3.673465,722377068
3.620657,-23.7305,-5.2734,-5.2734,59,5,3.673465,722377068
3.622658,-24.4336,-3.8672,-3.8672,59,5,3.673465,722377068
3.624564,-24.9609,-2.4609,-2.4609,59,5,3.673465,722377068
3.626569,-25.6641,-0.8789,-0.8789,59,5,3.673465,722377068
3.628573,-26.3672,0.5273,0.5273,59,5,3.673465,722377068
3.630577,-27.0703,1.9336,1.9336,58,5,3.673465,722377068
3.632663,-27.7734,3.5156,3.5156,58,5,3.673465,722377068
3.634635,-28.4766,4.9219,4.9219,58,5,3.673465,722377068
3.636571,-29.0039,6.3281,6.3281,58,5,3.673465,722377068
3.638573,-29.7070,7.7344,7.7344,58,5,3.673465,722377068
3.640577,-30.4102,9.3164,9.3164,58,5,3.673465,722377068
3.642578,-31.1133,10.7227,10.7227,58,5,3.673465,722377068
3.644619,-31.6406,12.1289,12.1289,58,5,3.673465,722377068
3.646717,-32.3438,13.5352,13.5352,58,5,3.673465,722377068
3.648607,-32.8711,14.9414,14.9414,58,5,3.673465,722377068
3.650614,-33.5742,16.1719,16.1719,58,5,3.673465,722377068
3.652614,-34.1016,17.5781,17.5781,58,5,3.673465,722377068
3.654614,-34.6289,18.8086,18.8086,58,5,3.673465,722377068
3.656636,-35.3320,20.2148,20.2148,58,5,3.673465,722377068
3.658636,-35.8594,21.4453,21.4453,58,5,3.673465,722377068
3.660659,-36.3867,22.6758,22.6758,58,5,3.673465,722377068
3.662654,-36.9141,24.0820,24.0820,58,5,3.673465,722377068
3.666734,-37.9688,26.5430,26.5430,58,5,3.934492,722639164
3.667970,-38.3203,27.2461,27.2461,57,5,3.934492,722639164
3.668724,-38.3203,27.5977,27.5977,57,5,3.934492,722639164
3.670953,-38.8477,28.8281,28.8281,57,5,3.934492,722639164
3.672608,-39.3750,29.7070,29.7070,57,5,3.934492,722639164
3.674647,-39.7266,30.9375,30.9375,57,5,3.934492,722639164
3.676660,-40.0781,31.9922,31.9922,57,5,3.934492,722639164
3.678585,-40.4297,32.8711,32.8711,57,5,3.934492,722639164
3.680619,-40.9570,33.9258,33.9258,57,5,3.934492,722639164
3.682631,-41.3086,34.9805,34.9805,57,5,3.934492,722639164
3.684642,-41.6602,36.0352,36.0352,57,5,3.934492,722639164
3.686613,-42.0117,36.9141,36.9141,57,5,3.934492,722639164
3.688639,-42.3633,37.7930,37.7930,57,5,3.934492,722639164
3.690626,-42.7148,38.6719,38.6719,57,5,3.934492,722639164
3.692564,-43.0664,39.5508,39.5508,57,5,3.934492,722639164
3.694644,-43.4180,40.4297,40.4297,57,5,3.934492,722639164
3.696646,-43.7695,41.1328,41.1328,57,5,3.934492,722639164
3.698651,-43.9453,42.0117,42.0117,57,5,3.934492,722639164
3.700653,-44.2969,42.7148,42.7148,57,5,3.934492,722639164
3.702577,-44.4727,43.4180,43.4180,57,5,3.934492,722639164
3.706851,-45.0000,44.8242,44.8242,57,5,3.934492,722639164
3.707442,-45.1758,45.1758,45.1758,57,5,3.934492,722639164
3.708595,-45.3516,45.5273,45.5273,57,5,3.934492,722639164
3.710578,-45.5273,46.0547,46.0547,57,5,3.934492,722639164
3.712564,-45.7031,46.7578,46.7578,57,5,3.934492,722639164
3.714644,-46.0547,47.2852,47.2852,57,5,3.934492,722639164
3.716631,-46.2305,47.8125,47.8125,56,5,3.934492,722639164
3.718619,-46.4062,48.3398,48.3398,56,5,3.934492,722639164
3.720607,-46.5820,48.8672,48.8672,56,5,3.934492,722639164
3.722592,-46.7578,49.3945,49.3945,56,5,3.934492,722639164
3.724614,-47.1094,49.7461,49.7461,56,5,3.934492,722639164
3.726597,-47.2852,50.2734,50.2734,56,5,3.934492,722639164
3.728589,-47.4609,50.6250,50.6250,56,5,3.934492,722639164
3.730573,-47.6367,50.9766,50.9766,56,5,3.934492,722639164
3.732616,-47.8125,51.5039,51.5039,56,5,3.934492,722639164
3.734600,-47.9883,51.6797,51.6797,56,5,3.934492,722639164
3.736592,-48.1641,52.0312,52.0312,56,5,3.934492,722639164
3.738655,-48.3398,52.3828,52.3828,56,5,3.934492,722639164
3.740642,-48.5156,52.5586,52.5586,56,5,3.934492,722639164
3.742564,-48.6914,52.9102,52.9102,56,5,3.934492,722639164
3.744651,-48.6914,53.0859,53.0859,56,5,3.934492,722639164
3.746636,-48.8672,53.2617,53.2617,56,5,3.934492,722639164
3.748619,-49.0430,53.4375,53.4375,56,5,3.934492,722639164
3.750604,-49.2188,53.6133,53.6133,56,5,3.934492,722639164
3.752592,-49.3945,53.6133,53.6133,56,5,3.934492,722639164
3.754577,-49.3945,53.7891,53.7891,56,5,3.934492,722639164
3.756564,-49.5703,53.7891,53.7891,56,5,3.934492,722639164
3.758645,-49.7461,53.7891,53.7891,56,5,3.934492,722639164
3.760631,-49.9219,53.7891,53.7891,56,5,3.934492,722639164
3.762615,-49.9219,53.7891,53.7891,56,5,3.934492,722639164
3.764604,-50.0977,53.7891,53.7891,56,5,3.934492,722639164
3.766592,-50.2734,53.7891,53.7891,55,5,3.934492,722639164
3.768581,-50.2734,53.7891,53.7891,55,5,3.934492,722639164
3.770564,-50.4492,53.6133,53.6133,55,5,3.934492,722639164
3.772651,-50.4492,53.4375,53.4375,54,5,3.934492,722639164
3.774631,-50.6250,53.2617,53.2617,54,5,3.934492,722639164
3.776614,-50.8008,53.0859,53.0859,54,5,3.934492,722639164
3.778598,-50.8008,52.9102,52.9102,53,5,3.934492,722639164
3.780588,-50.9766,52.7344,52.7344,53,5,3.934492,722639164
3.782580,-50.9766,52.3828,52.3828,53,5,3.934492,722639164
3.784569,-50.9766,52.2070,52.2070,53,5,3.934492,722639164
3.786650,-51.1523,51.8555,51.8555,53,5,3.934492,722639164
3.788654,-51.1523,51.5039,51.5039,-56,5,3.934492,722639164
3.790636,-51.1523,51.1523,51.1523,-56,5,3.934492,722639164
3.792619,-51.3281,50.8008,50.8008,-56,5,3.934492,722639164
3.794604,-51.3281,50.2734,50.2734,-56,5,3.934492,722639164
3.796592,-51.3281,49.9219,49.9219,-56,5,3.934492,722639164
3.798577,-51.3281,49.3945,49.3945,-56,5,3.934492,722639164
3.800564,-51.3281,48.8672,48.8672,-56,5,3.934492,722639164
3.802645,-51.3281,48.3398,48.3398,-56,5,3.934492,722639164
3.806397,-51.3281,47.2852,47.2852,-56,5,3.934492,722639164
3.806913,-51.1523,47.1094,47.1094,-56,5,3.934492,722639164
3.808650,-51.1523,46.5820,46.5820,-56,5,3.934492,722639164
3.810631,-50.9766,45.8789,45.8789,-56,5,3.934492,722639164
3.812614,-50.9766,45.1758,45.1758,-56,5,3.934492,722639164
3.814598,-50.8008,44.4727,44.4727,-56,5,3.934492,722639164
3.816609,-50.8008,43.7695,43.7695,-56,5,3.934492,722639164
3.818612,-50.6250,42.8906,42.8906,-56,5,3.934492,722639164
3.820614,-50.4492,42.0117,42.0117,-56,5,3.934492,722639164
3.822614,-50.2734,41.1328,41.1328,-56,5,3.934492,722639164
3.824614,-49.9219,40.2539,40.2539,-56,5,3.934492,722639164
3.826614,-49.7461,39.3750,39.3750,-56,5,3.934492,722639164
3.828614,-49.5703,38.4961,38.4961,-56,5,3.934492,722639164
3.830619,-49.2188,37.4414,37.4414,-56,5,3.934492,722639164
3.832619,-48.8672,36.3867,36.3867,-56,5,3.934492,722639164
3.834619,-48.6914,35.3320,35.3320,-56,5,3.934492,722639164
3.836619,-48.3398,34.2773,34.2773,-56,5,3.934492,722639164
3.838619,-47.9883,33.2227,33.2227,-56,5,3.934492,722639164
3.840636,-47.6367,31.9922,31.9922,-56,5,3.934492,722639164
3.842592,-47.1094,30.7617,30.7617,-56,5,3.934492,722639164
3.844596,-46.7578,29.5312,29.5312,-56,5,3.934492,722639164
3.846628,-46.2305,28.3008,28.3008,-56,5,3.934492,722639164
3.848631,-45.8789,26.8945,26.8945,-56,5,3.934492,722639164
3.850636,-45.3516,25.6641,25.6641,-57,5,3.934492,722639164
3.852636,-44.6484,24.2578,24.2578,-57,5,3.934492,722639164
3.854636,-44.1211,22.8516,22.8516,-57,5,3.934492,722639164
3.856636,-43.5938,21.2695,21.2695,-57,5,3.934492,722639164
3.858636,-42.8906,19.8633,19.8633,-57,5,3.934492,722639164
3.860636,-42.1875,18.2812,18.2812,-57,5,3.934492,722639164
3.862636,-41.4844,16.6992,16.6992,-57,5,3.934492,722639164
3.864636,-40.7812,15.1172,15.1172,-57,5,3.934492,722639164
3.866636,-40.0781,13.5352,13.5352,-57,5,3.934492,722639164
3.868636,-39.3750,11.7773,11.7773,-57,5,3.934492,722639164
3.870636,-38.4961,10.1953,10.1953,-57,5,3.934492,722639164
3.872636,-37.6172,8.4375,8.4375,-57,5,3.934492,722639164
3.874636,-36.7383,6.6797,6.6797,-57,5,3.934492,722639164
3.876636,-35.8594,4.7461,4.7461,-58,5,3.934492,722639164
3.878636,-34.9805,2.9883,2.9883,-58,5,3.934492,722639164
3.880636,-34.1016,1.2305,1.2305,-58,5,3.934492,722639164
3.882668,-33.2227,-0.5273,-0.5273,-58,5,3.934492,722639164
3.884573,-32.3438,-2.2852,-2.2852,-58,5,3.934492,722639164
3.886578,-31.2891,-4.2188,-4.2188,-58,5,3.934492,722639164
3.888580,-30.4102,-5.9766,-5.9766,-58,5,3.934492,722639164
3.890586,-29.5312,-7.9102,-7.9102,-58,5,3.934492,722639164
3.892592,-28.6523,-9.6680,-9.6680,-58,5,3.934492,722639164
3.894648,-27.5977,-11.6016,-11.6016,-58,5,3.934492,722639164
3.896586,-26.7188,-13.1836,-13.1836,-58,5,3.934492,722639164
3.898607,-25.8398,-14.9414,-14.9414,-58,5,3.934492,722639164
3.900569,-24.9609,-16.6992,-16.6992,-59,5,3.934492,722639164
3.902628,-24.2578,-18.4570,-18.4570,-59,5,3.934492,722639164
3.907436,-22.1484,-22.5000,-22.5000,-59,5,3.934492,722639164
3.908036,-21.9727,-23.0273,-23.0273,-59,5,3.934492,722639164
3.908594,-21.7969,-23.5547,-23.5547,-59,5,3.934492,722639164
3.910596,-21.0938,-25.1367,-25.1367,-59,5,3.934492,722639164
3.912653,-20.2148,-26.7188,-26.7188,-59,5,3.934492,722639164
3.914653,-19.5117,-28.3008,-28.3008,-59,5,3.934492,722639164
3.916653,-18.8086,-29.8828,-29.8828,-59,5,3.934492,722639164
3.918653,-18.2812,-31.2891,-31.2891,-59,5,3.934492,722639164
3.920653,-17.5781,-32.6953,-32.6953,-59,5,3.934492,722639164
3.922653,-16.8750,-34.2773,-34.2773,-59,5,3.934492,722639164
3.924606,-16.3477,-35.5078,-35.5078,-59,5,3.934492,722639164
3.928821,-15.1172,-38.4961,-38.4961,-59,5,4.208082,722901930
3.930095,-14.7656,-39.1992,-39.1992,-59,5,4.208082,722901930
3.930848,-14.5898,-39.7266,-39.7266,-59,5,4.208082,722901930
3.932777,-14.0625,-41.1328,-41.1328,-59,5,4.208082,722901930
3.934594,-13.5352,-42.1875,-42.1875,-59,5,4.208082,722901930
3.936569,-13.0078,-43.4180,-43.4180,-59,5,4.208082,722901930
3.938612,-12.6562,-44.6484,-44.6484,-59,5,4.208082,722901930
3.940592,-12.1289,-45.7031,-45.7031,-59,5,4.208082,722901930
3.942610,-11.6016,-46.9336,-46.9336,-59,5,4.208082,722901930
3.944630,-11.2500,-47.9883,-47.9883,-59,5,4.208082,722901930
3.946637,-10.7227,-49.0430,-49.0430,-59,5,4.208082,722901930
3.948632,-10.3711,-50.0977,-50.0977,-59,5,4.208082,722901930
3.950667,-10.0195,-51.1523,-51.1523,-59,5,4.208082,722901930
3.952607,-9.4922,-52.2070,-52.2070,-59,5,4.208082,722901930
3.954622,-9.1406,-53.0859,-53.0859,-59,5,4.208082,722901930
3.956610,-8.7891,-54.1406,-54.1406,-59,5,4.208082,722901930
3.958654,-8.4375,-55.0195,-55.0195,-59,5,4.208082,722901930
3.960637,-8.0859,-55.8984,-55.8984,-59,5,4.208082,722901930
3.962630,-7.7344,-56.7773,-56.7773,-59,5,4.208082,722901930
3.964592,-7.3828,-57.6562,-57.6562,-59,5,4.208082,722901930
3.966579,-7.0312,-58.5352,-58.5352,-59,5,4.208082,722901930
3.968570,-6.6797,-59.2383,-59.2383,-59,5,4.208082,722901930
3.970653,-6.3281,-59.9414,-59.9414,-59,5,4.208082,722901930
3.972636,-6.1523,-60.8203,-60.8203,-59,5,4.208082,722901930
3.974627,-5.8008,-61.5234,-61.5234,-59,5,4.208082,722901930
3.976643,-5.4492,-62.2266,-62.2266,-59,5,4.208082,722901930
3.978631,-5.2734,-62.7539,-62.7539,-59,5,4.208082,722901930
3.980650,-4.9219,-63.4570,-63.4570,-59,5,4.208082,722901930
3.982652,-4.5703,-63.9844,-63.9844,-59,5,4.208082,722901930
3.984623,-4.2188,-64.5117,-64.5117,-59,5,4.208082,722901930
3.986610,-4.0430,-65.2148,-65.2148,-59,5,4.208082,722901930
3.988594,-3.6914,-65.7422,-65.7422,-59,5,4.208082,722901930
3.990586,-3.5156,-66.2695,-66.2695,-59,5,4.208082,722901930
3.992573,-3.1641,-66.6211,-66.6211,-59,5,4.208082,722901930
3.994656,-2.8125,-67.1484,-67.1484,-59,5,4.208082,722901930
3.996636,-2.6367,-67.5000,-67.5000,-59,5,4.208082,722901930
3.998636,-2.2852,-67.8516,-67.8516,-59,5,4.208082,722901930
4.000619,-2.1094,-68.3789,-68.3789,-59,5,4.208082,722901930
4.002607,-1.7578,-68.5547,-68.5547,-59,5,4.208082,722901930
4.006889,-1.2305,-69.2578,-69.2578,-59,5,4.208082,722901930
4.007478,-1.0547,-69.4336,-69.4336,-59,5,4.208082,722901930
4.008588,-1.0547,-69.4336,-69.4336,-59,5,4.208082,722901930
4.010578,-0.7031,-69.7852,-69.7852,-59,5,4.208082,722901930
4.012656,-0.3516,-69.9609,-69.9609,-59,5,4.208082,722901930
4.014641,-0.1758,-70.1367,-70.1367,-59,5,4.208082,722901930
4.016623,0.0000,-70.3125,-70.3125,-59,5,4.208082,722901930
4.018651,0.3516,-70.4883,-70.4883,-60,5,4.208082,722901930
4.020631,0.5273,-70.6641,-70.6641,-59,5,4.208082,722901930
4.022614,0.8789,-70.6641,-70.6641,-59,5,4.208082,722901930
4.024598,1.0547,-70.6641,-70.6641,-59,5,4.208082,722901930
4.026589,1.4062,-70.8398,-70.8398,-59,5,4.208082,722901930
4.028573,1.7578,-70.8398,-70.8398,-59,5,4.208082,722901930
4.030655,1.9336,-70.8398,-70.8398,-59,5,4.208082,722901930
4.032636,2.1094,-70.6641,-70.6641,-59,5,4.208082,722901930
4.034619,2.4609,-70.6641,-70.6641,-59,5,4.208082,722901930
4.036604,2.6367,-70.6641,-70.6641,-59,5,4.208082,722901930
4.038592,2.9883,-70.4883,-70.4883,-59,5,4.208082,722901930
4.040577,3.1641,-70.3125,-70.3125,-59,5,4.208082,722901930
4.042564,3.5156,-70.1367,-70.1367,-59,5,4.208082,722901930
4.044564,3.8672,-69.9609,-69.9609,-59,5,4.208082,722901930
4.046581,4.0430,-69.7852,-69.7852,-59,5,4.208082,722901930
4.048565,4.2188,-69.4336,-69.4336,-59,5,4.208082,722901930
4.050589,4.5703,-69.2578,-69.2578,-59,5,4.208082,722901930
4.052573,4.7461,-68.9062,-68.9062,-59,5,4.208082,722901930
4.054656,5.0977,-68.5547,-68.5547,-59,5,4.208082,722901930
4.056636,5.2734,-68.3789,-68.3789,-59,5,4.208082,722901930
4.058619,5.6250,-67.8516,-67.8516,-59,5,4.208082,722901930
4.060614,5.8008,-67.5000,-67.5000,59,5,4.208082,722901930
4.062605,6.1523,-66.9727,-66.9727,59,5,4.208082,722901930
4.064592,6.3281,-66.6211,-66.6211,59,5,4.208082,722901930
4.066578,6.5039,-66.0938,-66.0938,59,5,4.208082,722901930
4.068657,6.6797,-65.5664,-65.5664,59,5,4.208082,722901930
4.070645,7.0312,-65.0391,-65.0391,59,5,4.208082,722901930
4.072628,7.2070,-64.3359,-64.3359,59,5,4.208082,722901930
4.074614,7.3828,-63.8086,-63.8086,59,5,4.208082,722901930
4.076598,7.5586,-63.1055,-63.1055,59,5,4.208082,722901930
4.078589,7.7344,-62.5781,-62.5781,59,5,4.208082,722901930
4.080573,7.9102,-61.8750,-61.8750,59,5,4.208082,722901930
4.082572,8.0859,-61.1719,-61.1719,59,5,4.208082,722901930
4.084655,8.0859,-60.2930,-60.2930,59,5,4.208082,722901930
4.086641,8.2617,-59.5898,-59.5898,59,5,4.208082,722901930
4.088623,8.2617,-58.7109,-58.7109,59,5,4.208082,722901930
4.090611,8.4375,-57.8320,-57.8320,59,5,4.208082,722901930
4.092594,8.4375,-57.1289,-57.1289,59,5,4.208082,722901930
4.094581,8.6133,-56.0742,-56.0742,59,5,4.208082,722901930
4.096564,8.6133,-55.1953,-55.1953,59,5,4.208082,722901930
4.098651,8.6133,-54.1406,-54.1406,59,5,4.208082,722901930
4.100631,8.7891,-53.2617,-53.2617,59,5,4.208082,722901930
4.102619,8.7891,-52.2070,-52.2070,59,5,4.208082,722901930
4.106361,8.6133,-50.0977,-50.0977,59,5,4.208082,722901930
4.106877,8.6133,-49.7461,-49.7461,59,5,4.208082,722901930
4.108573,8.6133,-48.8672,-48.8672,59,5,4.208082,722901930
4.110657,8.4375,-47.6367,-47.6367,59,5,4.208082,722901930
4.112636,8.4375,-46.4062,-46.4062,59,5,4.208082,722901930
4.114619,8.2617,-45.1758,-45.1758,59,5,4.208082,722901930
4.116604,8.0859,-43.9453,-43.9453,59,5,4.208082,722901930
4.118619,7.9102,-42.5391,-42.5391,59,5,4.208082,722901930
4.120619,7.7344,-41.1328,-41.1328,59,5,4.208082,722901930
4.122619,7.5586,-39.7266,-39.7266,59,5,4.208082,722901930
4.124653,7.3828,-38.3203,-38.3203,59,5,4.208082,722901930
4.126653,7.0312,-36.9141,-36.9141,59,5,4.208082,722901930
4.128653,6.6797,-35.3320,-35.3320,59,5,4.208082,722901930
4.130653,6.3281,-33.7500,-33.7500,59,5,4.208082,722901930
4.132653,5.9766,-32.1680,-32.1680,59,5,4.208082,722901930
4.134653,5.6250,-30.5859,-30.5859,59,5,4.208082,722901930
4.136653,5.0977,-28.8281,-28.8281,59,5,4.208082,722901930
4.138653,4.5703,-27.0703,-27.0703,59,5,4.208082,722901930
4.140653,4.0430,-25.3125,-25.3125,59,5,4.208082,722901930
4.142653,3.5156,-23.5547,-23.5547,59,5,4.208082,722901930
4.144567,2.9883,-21.6211,-21.6211,59,5,4.208082,722901930
4.146573,2.4609,-19.8633,-19.8633,59,5,4.208082,722901930
4.148631,1.7578,-17.7539,-17.7539,59,5,4.208082,722901930
4.150631,1.0547,-15.8203,-15.8203,59,5,4.208082,722901930
4.152564,0.3516,-13.7109,-13.7109,59,5,4.208082,722901930
4.154569,-0.5273,-11.7773,-11.7773,59,5,4.208082,722901930
4.156589,-1.4062,-9.4922,-9.4922,59,5,4.208082,722901930
4.158598,-2.1094,-7.3828,-7.3828,59,5,4.208082,722901930
4.160620,-2.9883,-5.0977,-5.0977,59,5,4.208082,722901930
4.162600,-3.8672,-2.9883,-2.9883,59,5,4.208082,722901930
4.164587,-4.7461,-0.8789,-0.8789,59,5,4.208082,722901930
4.166572,-5.6250,1.4062,1.4062,59,5,4.208082,722901930
4.168573,-6.6797,3.6914,3.6914,59,5,4.208082,722901930
4.170577,-7.3828,5.8008,5.8008,59,5,4.208082,722901930
4.172577,-8.4375,8.0859,8.0859,59,5,4.208082,722901930
4.174579,-9.3164,10.1953,10.1953,59,5,4.208082,722901930
4.176581,-10.1953,12.4805,12.4805,59,5,4.208082,722901930
4.178586,-10.8984,14.5898,14.5898,59,5,4.208082,722901930
4.180592,-11.7773,16.6992,16.6992,59,5,4.208082,722901930
4.182619,-12.4805,18.8086,18.8086,59,5,4.208082,722901930
4.184618,-13.3594,20.7422,20.7422,59,5,4.208082,722901930
4.186618,-14.0625,22.8516,22.8516,59,5,4.208082,722901930
4.191644,-15.8203,27.9492,27.9492,59,5,4.465728,723155232
4.192863,-16.1719,29.0039,29.0039,59,5,4.465728,723155232
4.193608,-16.3477,29.7070,29.7070,59,5,4.465728,723155232
4.194655,-16.5234,30.5859,30.5859,59,5,4.465728,723155232
4.196576,-17.2266,32.3438,32.3438,59,5,4.465728,723155232
4.198580,-17.7539,34.1016,34.1016,59,5,4.465728,723155232
4.200595,-18.2812,35.8594,35.8594,59,5,4.465728,723155232
4.202647,-18.6328,37.6172,37.6172,59,5,4.465728,723155232
4.207023,-19.6875,41.3086,41.3086,59,5,4.465728,723155232
4.207690,-19.8633,41.8359,41.8359,59,5,4.465728,723155232
4.208632,-20.0391,42.5391,42.5391,59,5,4.465728,723155232
4.210637,-20.3906,44.1211,44.1211,59,5,4.465728,723155232
4.212659,-20.7422,45.7031,45.7031,59,5,4.465728,723155232
4.214631,-21.2695,47.2852,47.2852,59,5,4.465728,723155232
4.216884,-21.6211,48.8672,48.8672,59,5,4.465728,723155232
4.218632,-21.7969,50.0977,50.0977,59,5,4.465728,723155232
4.220628,-22.1484,51.5039,51.5039,59,5,4.465728,723155232
4.222606,-22.5000,52.9102,52.9102,59,5,4.465728,723155232
4.224580,-22.6758,54.3164,54.3164,59,5,4.465728,723155232
4.226652,-22.8516,55.5469,55.5469,59,5,4.465728,723155232
4.228626,-23.2031,56.7773,56.7773,59,5,4.465728,723155232
4.230637,-23.3789,58.1836,58.1836,59,5,4.465728,723155232
4.232569,-23.5547,59.2383,59.2383,59,5,4.465728,723155232
4.234644,-23.9062,60.6445,60.6445,59,5,4.465728,723155232
4.236668,-24.0820,61.6992,61.6992,59,5,4.465728,723155232
4.238617,-24.2578,62.9297,62.9297,59,5,4.465728,723155232
4.240604,-24.4336,63.9844,63.9844,59,5,4.465728,723155232
4.242592,-24.6094,65.0391,65.0391,59,5,4.465728,723155232
4.244578,-24.7852,66.0938,66.0938,59,5,4.465728,723155232
4.246564,-24.9609,67.1484,67.1484,59,5,4.465728,723155232
4.248645,-24.9609,68.0273,68.0273,59,5,4.465728,723155232
4.250584,-25.1367,69.0820,69.0820,59,5,4.465728,723155232
4.252636,-25.3125,70.1367,70.1367,59,5,4.465728,723155232
4.254619,-25.4883,71.0156,71.0156,59,5,4.465728,723155232
4.256607,-25.6641,71.8945,71.8945,59,5,4.465728,723155232
4.258631,-25.6641,72.7734,72.7734,59,5,4.465728,723155232
4.260615,-25.8398,73.4766,73.4766,59,5,4.465728,723155232
4.262604,-26.0156,74.3555,74.3555,59,5,4.465728,723155232
4.264595,-26.0156,75.0586,75.0586,59,5,4.465728,723155232
4.266586,-26.1914,75.7617,75.7617,59,5,4.465728,723155232
4.268573,-26.3672,76.6406,76.6406,58,5,4.465728,723155232
4.270656,-26.3672,77.3438,77.3438,58,5,4.465728,723155232
4.272641,-26.5430,77.8711,77.8711,58,5,4.465728,723155232
4.274629,-26.5430,78.5742,78.5742,58,5,4.465728,723155232
4.276612,-26.7188,79.2773,79.2773,58,5,4.465728,723155232
4.278600,-26.8945,79.8047,79.8047,58,5,4.465728,723155232
4.280586,-26.8945,80.3320,80.3320,58,5,4.465728,723155232
4.282588,-27.0703,80.8594,80.8594,58,5,4.465728,723155232
4.284573,-27.0703,81.3867,81.3867,58,5,4.465728,723155232
4.286656,-27.2461,81.9141,81.9141,58,5,4.465728,723155232
4.288636,-27.2461,82.2656,82.2656,58,5,4.465728,723155232
4.290619,-27.4219,82.7930,82.7930,58,5,4.465728,723155232
4.292604,-27.5977,83.1445,83.1445,58,5,4.465728,723155232
4.294594,-27.5977,83.4961,83.4961,58,5,4.465728,723155232
4.296578,-27.7734,83.8477,83.8477,58,5,4.465728,723155232
4.298564,-27.7734,84.1992,84.1992,58,5,4.465728,723155232
4.300645,-27.9492,84.3750,84.3750,58,5,4.465728,723155232
4.302631,-27.9492,84.7266,84.7266,58,5,4.465728,723155232
4.306453,-28.3008,85.0781,85.0781,58,5,4.465728,723155232
4.306986,-28.3008,85.0781,85.0781,58,5,4.465728,723155232
4.308592,-28.3008,85.2539,85.2539,58,5,4.465728,723155232
4.310606,-28.4766,85.4297,85.4297,58,5,4.465728,723155232
4.312626,-28.4766,85.4297,85.4297,58,5,4.465728,723155232
4.314654,-28.6523,85.6055,85.6055,58,5,4.465728,723155232
4.316636,-28.8281,85.6055,85.6055,58,5,4.465728,723155232
4.318619,-29.0039,85.6055,85.6055,58,5,4.465728,723155232
4.320605,-29.0039,85.6055,85.6055,58,5,4.465728,723155232
4.322630,-29.1797,85.6055,85.6055,58,5,4.465728,723155232
4.324613,-29.1797,85.6055,85.6055,58,5,4.465728,723155232
4.326600,-29.3555,85.6055,85.6055,58,5,4.465728,723155232
4.328588,-29.5312,85.4297,85.4297,58,5,4.465728,723155232
4.330607,-29.7070,85.4297,85.4297,58,5,4.465728,723155232
4.332592,-29.8828,85.2539,85.2539,58,5,4.465728,723155232
4.334580,-29.8828,84.9023,84.9023,58,5,4.465728,723155232
4.336581,-30.0586,84.7266,84.7266,58,5,4.465728,723155232
4.338589,-30.2344,84.5508,84.5508,58,5,4.465728,723155232
4.340605,-30.4102,84.1992,84.1992,58,5,4.465728,723155232
4.342595,-30.5859,84.0234,84.0234,58,5,4.465728,723155232
4.344578,-30.5859,83.6719,83.6719,58,5,4.465728,723155232
4.346564,-30.7617,83.3203,83.3203,58,5,4.465728,723155232
4.348644,-30.9375,82.7930,82.7930,58,5,4.465728,723155232
4.350631,-31.1133,82.4414,82.4414,58,5,4.465728,723155232
4.352660,-31.2891,82.0898,82.0898,58,5,4.465728,723155232
4.354573,-31.2891,81.5625,81.5625,58,5,4.465728,723155232
4.356662,-31.4648,81.0352,81.0352,58,5,4.465728,723155232
4.358605,-31.6406,80.5078,80.5078,-58,5,4.465728,723155232
4.360592,-31.8164,79.9805,79.9805,-58,5,4.465728,723155232
4.362578,-31.8164,79.4531,79.4531,-58,5,4.465728,723155232
4.364657,-31.9922,78.9258,78.9258,-58,5,4.465728,723155232
4.366644,-32.1680,78.2227,78.2227,-58,5,4.465728,723155232
4.368628,-32.1680,77.5195,77.5195,-58,5,4.465728,723155232
4.370614,-32.3438,76.8164,76.8164,-58,5,4.465728,723155232
4.372598,-32.3438,76.1133,76.1133,-58,5,4.465728,723155232
4.374589,-32.5195,75.4102,75.4102,-58,5,4.465728,723155232
4.376573,-32.5195,74.7070,74.7070,-58,5,4.465728,723155232
4.378656,-32.6953,73.8281,73.8281,-58,5,4.465728,723155232
4.380640,-32.6953,72.9492,72.9492,-58,5,4.465728,723155232
4.382639,-32.6953,72.0703,72.0703,-58,5,4.465728,723155232
4.384619,-32.6953,71.1914,71.1914,-58,5,4.465728,723155232
4.386607,-32.6953,70.3125,70.3125,-58,5,4.465728,723155232
4.388592,-32.6953,69.4336,69.4336,-58,5,4.465728,723155232
4.390578,-32.6953,68.3789,68.3789,-58,5,4.465728,723155232
4.392657,-32.6953,67.3242,67.3242,-58,5,4.465728,723155232
4.394645,-32.6953,66.2695,66.2695,-58,5,4.465728,723155232
4.396629,-32.6953,65.2148,65.2148,-58,5,4.465728,723155232
4.398614,-32.5195,64.1602,64.1602,-58,5,4.465728,723155232
4.400598,-32.5195,62.9297,62.9297,-58,5,4.465728,723155232
4.402592,-32.3438,61.6992,61.6992,-58,5,4.465728,723155232
4.406437,-32.1680,59.4141,59.4141,-58,5,4.465728,723155232
4.407049,-31.9922,59.0625,59.0625,-58,5,4.465728,723155232
4.408651,-31.9922,58.0078,58.0078,-58,5,4.465728,723155232
4.410636,-31.8164,56.7773,56.7773,-58,5,4.465728,723155232
4.412619,-31.6406,55.3711,55.3711,-58,5,4.465728,723155232
4.414607,-31.2891,53.9648,53.9648,-58,5,4.465728,723155232
4.416592,-31.1133,52.5586,52.5586,-58,5,4.465728,723155232
4.418578,-30.7617,51.1523,51.1523,-58,5,4.465728,723155232
4.420657,-30.5859,49.5703,49.5703,-58,5,4.465728,723155232
4.422577,-30.2344,48.1641,48.1641,-58,5,4.465728,723155232
4.424592,-29.8828,46.5820,46.5820,-58,5,4.465728,723155232
4.426579,-29.3555,45.0000,45.0000,-58,5,4.465728,723155232
4.428617,-29.0039,43.2422,43.2422,-58,5,4.465728,723155232
4.430636,-28.4766,41.6602,41.6602,-58,5,4.465728,723155232
4.432636,-28.1250,39.9023,39.9023,-58,5,4.465728,723155232
4.434636,-27.5977,38.1445,38.1445,-58,5,4.465728,723155232
4.436595,-27.0703,36.2109,36.2109,-58,5,4.465728,723155232
4.438606,-26.3672,34.2773,34.2773,-58,5,4.465728,723155232
4.440636,-25.6641,32.3438,32.3438,-58,5,4.465728,723155232
4.444742,-24.2578,28.3008,28.3008,-59,5,4.706276,723413371
4.446165,-23.7305,26.8945,26.8945,-59,5,4.706276,723413371
4.446927,-23.3789,26.0156,26.0156,-59,5,4.706276,723413371
4.448775,-22.5000,23.7305,23.7305,-59,5,4.706276,723413371
4.450611,-21.7969,22.1484,22.1484,-59,5,4.706276,723413371
4.452621,-20.9180,19.8633,19.8633,-59,5,4.706276,723413371
4.454629,-20.0391,17.5781,17.5781,-59,5,4.706276,723413371
4.456654,-18.9844,15.2930,15.2930,-59,5,4.706276,723413371
4.458660,-17.9297,14.9414,14.9414,-59,5,4.706276,723413371
4.460600,-16.6992,14.9414,14.9414,-59,5,4.706276,723413371
4.462607,-15.6445,14.9414,14.9414,-59,5,4.706276,723413371
4.464613,-14.4141,14.9414,14.9414,-59,5,4.706276,723413371
4.466617,-13.1836,13.5352,13.5352,-59,5,4.706276,723413371
4.468622,-11.9531,11.0742,11.0742,-59,5,4.706276,723413371
4.470653,-10.7227,8.4375,8.4375,-59,5,4.706276,723413371
4.472611,-9.4922,5.9766,5.9766,-59,5,4.706276,723413371
4.474943,-8.0859,2.9883,2.9883,-59,5,4.706276,723413371
4.476652,-7.0312,0.8789,0.8789,-59,5,4.706276,723413371
4.478607,-5.9766,-1.5820,-1.5820,-59,5,4.706276,723413371
4.480590,-4.7461,-4.0430,-4.0430,-59,5,4.706276,723413371
4.482599,-3.6914,-6.3281,-6.3281,-59,5,4.706276,723413371
4.484604,-2.6367,-8.7891,-8.7891,-59,5,4.706276,723413371
4.486573,-1.5820,-11.0742,-11.0742,-59,5,4.706276,723413371
4.488578,-0.5273,-13.3594,-13.3594,-59,5,4.706276,723413371
4.490595,0.3516,-15.6445,-15.6445,-59,5,4.706276,723413371
4.492598,1.4062,-17.9297,-17.9297,-59,5,4.706276,723413371
4.494607,2.2852,-20.0391,-20.0391,-59,5,4.706276,723413371
4.496610,3.1641,-22.1484,-22.1484,-59,5,4.706276,723413371
4.498654,3.8672,-24.2578,-24.2578,-59,5,4.706276,723413371
4.500653,4.5703,-26.3672,-26.3672,-59,5,4.706276,723413371
4.502653,5.4492,-28.3008,-28.3008,-59,5,4.706276,723413371
4.506841,6.8555,-32.3438,-32.3438,-59,5,4.706276,723413371
4.507446,7.0312,-32.8711,-32.8711,-59,5,4.706276,723413371
4.508573,7.3828,-33.9258,-33.9258,-59,5,4.706276,723413371
4.510577,7.9102,-35.6836,-35.6836,-59,5,4.706276,723413371
4.512614,8.4375,-37.6172,-37.6172,-59,5,4.706276,723413371
4.514614,8.9648,-39.3750,-39.3750,-59,5,4.706276,723413371
4.516614,9.4922,-40.9570,-40.9570,-59,5,4.706276,723413371
4.518614,10.0195,-42.7148,-42.7148,-59,5,4.706276,723413371
4.520614,10.5469,-44.2969,-44.2969,-59,5,4.706276,723413371
4.522614,10.8984,-46.0547,-46.0547,-59,5,4.706276,723413371
4.524646,11.2500,-47.6367,-47.6367,-59,5,4.706276,723413371
4.526629,11.7773,-49.0430,-49.0430,-59,5,4.706276,723413371
4.528614,12.1289,-50.6250,-50.6250,-59,5,4.706276,723413371
4.530598,12.4805,-52.0312,-52.0312,-59,5,4.706276,723413371
4.532592,12.8320,-53.4375,-53.4375,-59,5,4.706276,723413371
4.534577,13.1836,-54.8438,-54.8438,-59,5,4.706276,723413371
4.536564,13.5352,-56.2500,-56.2500,-59,5,4.706276,723413371
4.538645,13.7109,-57.6562,-57.6562,-59,5,4.706276,723413371
4.540631,14.0625,-58.8867,-58.8867,-59,5,4.706276,723413371
4.542615,14.4141,-60.2930,-60.2930,-59,5,4.706276,723413371
4.544604,14.5898,-61.5234,-61.5234,-59,5,4.706276,723413371
4.546592,14.9414,-62.7539,-62.7539,-59,5,4.706276,723413371
4.548578,15.1172,-63.9844,-63.9844,-59,5,4.706276,723413371
4.550657,15.4688,-65.2148,-65.2148,-59,5,4.706276,723413371
4.552651,15.6445,-66.2695,-66.2695,-59,5,4.706276,723413371
4.554631,15.8203,-67.3242,-67.3242,-59,5,4.706276,723413371
4.556614,15.9961,-68.5547,-68.5547,-59,5,4.706276,723413371
4.558594,16.3477,-69.4336,-69.4336,-59,5,4.706276,723413371
4.560616,16.5234,-70.4883,-70.4883,-59,5,4.706276,723413371
4.562600,16.6992,-71.5430,-71.5430,-59,5,4.706276,723413371
4.564592,16.8750,-72.5977,-72.5977,-59,5,4.706276,723413371
4.566578,17.2266,-73.4766,-73.4766,-59,5,4.706276,723413371
4.568564,17.4023,-74.3555,-74.3555,-59,5,4.706276,723413371
4.570644,17.5781,-75.4102,-75.4102,-59,5,4.706276,723413371
4.572631,17.7539,-76.1133,-76.1133,-59,5,4.706276,723413371
4.574614,17.9297,-76.9922,-76.9922,-59,5,4.706276,723413371
4.576605,18.1055,-77.8711,-77.8711,-59,5,4.706276,723413371
4.578592,18.2812,-78.5742,-78.5742,-59,5,4.706276,723413371
4.580578,18.4570,-79.2773,-79.2773,-59,5,4.706276,723413371
4.582576,18.6328,-79.9805,-79.9805,-59,5,4.706276,723413371
4.584660,18.8086,-80.6836,-80.6836,-59,5,4.706276,723413371
4.586642,18.9844,-81.3867,-81.3867,-59,5,4.706276,723413371
4.588630,19.3359,-82.0898,-82.0898,-59,5,4.706276,723413371
4.590613,19.3359,-82.6172,-82.6172,-59,5,4.706276,723413371
4.592600,19.5117,-83.3203,-83.3203,-59,5,4.706276,723413371
4.594588,19.8633,-83.8477,-83.8477,-59,5,4.706276,723413371
4.596578,20.0391,-84.3750,-84.3750,-59,5,4.706276,723413371
4.598656,20.2148,-84.9023,-84.9023,-59,5,4.706276,723413371
4.600641,20.3906,-85.4297,-85.4297,-59,5,4.706276,723413371
4.602624,20.5664,-85.7812,-85.7812,-59,5,4.706276,723413371
4.606378,20.9180,-86.4844,-86.4844,-59,5,4.706276,723413371
4.606903,21.0938,-86.6602,-86.6602,-59,5,4.706276,723413371
4.608607,21.2695,-87.0117,-87.0117,-59,5,4.706276,723413371
4.610592,21.4453,-87.3633,-87.3633,-59,5,4.706276,723413371
4.612578,21.6211,-87.5391,-87.5391,-59,5,4.706276,723413371
4.614657,21.7969,-87.8906,-87.8906,-59,5,4.706276,723413371
4.616577,22.1484,-88.0664,-88.0664,-59,5,4.706276,723413371
4.618656,22.3242,-88.4180,-88.4180,-59,5,4.706276,723413371
4.620641,22.5000,-88.5938,-88.5938,-59,5,4.706276,723413371
4.622623,22.8516,-88.7695,-88.7695,-59,5,4.706276,723413371
4.624611,23.0273,-88.7695,-88.7695,-59,5,4.706276,723413371
4.626594,23.2031,-88.9453,-88.9453,-59,5,4.706276,723413371
4.628581,23.5547,-88.9453,-88.9453,-59,5,4.706276,723413371
4.630564,23.7305,-89.1211,-89.1211,-59,5,4.706276,723413371
4.632651,23.9062,-89.1211,-89.1211,-59,5,4.706276,723413371
4.634631,24.2578,-89.1211,-89.1211,-59,5,4.706276,723413371
4.636614,24.4336,-89.1211,-89.1211,-59,5,4.706276,723413371
4.638600,24.7852,-88.9453,-88.9453,-59,5,4.706276,723413371
4.640592,25.1367,-88.9453,-88.9453,-59,5,4.706276,723413371
4.642577,25.3125,-88.7695,-88.7695,-59,5,4.706276,723413371
4.644564,25.6641,-88.7695,-88.7695,-59,5,4.706276,723413371
4.646644,25.8398,-88.4180,-88.4180,-59,5,4.706276,723413371
4.648631,26.1914,-88.2422,-88.2422,-59,5,4.706276,723413371
4.650615,26.5430,-88.0664,-88.0664,-58,5,4.706276,723413371
4.652604,26.7188,-87.7148,-87.7148,-58,5,4.706276,723413371
4.654592,27.0703,-87.5391,-87.5391,-58,5,4.706276,723413371
4.656578,27.4219,-87.1875,-87.1875,-58,5,4.706276,723413371
4.658656,27.7734,-86.8359,-86.8359,-58,5,4.706276,723413371
4.660650,27.9492,-86.4844,-86.4844,58,5,4.706276,723413371
4.662631,28.3008,-86.1328,-86.1328,58,5,4.706276,723413371
4.664582,28.4766,-85.6055,-85.6055,58,5,4.706276,723413371
4.666564,28.8281,-85.2539,-85.2539,58,5,4.706276,723413371
4.668651,29.1797,-84.7266,-84.7266,58,5,4.706276,723413371
4.670631,29.3555,-84.1992,-84.1992,58,5,4.706276,723413371
4.672614,29.7070,-83.8477,-83.8477,58,5,4.706276,723413371
4.674615,29.8828,-83.1445,-83.1445,58,5,4.706276,723413371
4.676604,30.2344,-82.6172,-82.6172,58,5,4.706276,723413371
4.678592,30.5859,-81.9141,-81.9141,58,5,4.706276,723413371
4.680578,30.7617,-81.3867,-81.3867,58,5,4.706276,723413371
4.682576,30.9375,-80.6836,-80.6836,58,5,4.706276,723413371
4.684660,31.2891,-79.9805,-79.9805,58,5,4.706276,723413371
4.686642,31.4648,-79.2773,-79.2773,58,5,4.706276,723413371
4.688636,31.6406,-78.3984,-78.3984,58,5,4.706276,723413371
4.690604,31.9922,-77.6953,-77.6953,58,5,4.706276,723413371
4.692589,32.1680,-76.9922,-76.9922,58,5,4.706276,723413371
4.694607,32.3438,-76.1133,-76.1133,58,5,4.706276,723413371
4.696671,32.5195,-75.2344,-75.2344,58,5,4.706276,723413371
4.698637,32.6953,-74.3555,-74.3555,58,5,4.706276,723413371
4.703003,33.0469,-72.2461,-72.2461,58,5,4.944442,723648303
4.708895,33.3984,-69.2578,-69.2578,58,5,4.944442,723648303
4.709617,33.3984,-68.9062,-68.9062,58,5,4.944442,723648303
4.710041,33.3984,-68.7305,-68.7305,58,5,4.944442,723648303
4.710542,33.5742,-68.3789,-68.3789,58,5,4.944442,723648303
4.710957,33.5742,-68.2031,-68.2031,58,5,4.944442,723648303
4.712663,33.5742,-67.3242,-67.3242,58,5,4.944442,723648303
4.714601,33.7500,-65.7422,-65.7422,58,5,4.944442,723648303
4.716591,33.7500,-65.0391,-65.0391,58,5,4.944442,723648303
4.718580,33.9258,-63.8086,-63.8086,58,5,4.944442,723648303
4.720577,33.9258,-62.5781,-62.5781,58,5,4.944442,723648303
4.722575,33.9258,-61.3477,-61.3477,58,5,4.944442,723648303
4.724604,33.9258,-60.1172,-60.1172,58,5,4.944442,723648303
4.726614,33.9258,-58.7109,-58.7109,58,5,4.944442,723648303
4.728569,33.9258,-57.4805,-57.4805,58,5,4.944442,723648303
4.730656,33.9258,-56.0742,-56.0742,58,5,4.944442,723648303
4.732636,33.9258,-54.6680,-54.6680,58,5,4.944442,723648303
4.734627,33.7500,-53.2617,-53.2617,58,5,4.944442,723648303
4.736614,33.5742,-51.6797,-51.6797,58,5,4.944442,723648303
4.738607,33.5742,-50.2734,-50.2734,58,5,4.944442,723648303
4.740598,33.3984,-48.6914,-48.6914,58,5,4.944442,723648303
4.742592,33.2227,-47.1094,-47.1094,58,5,4.944442,723648303
4.744595,33.0469,-45.5273,-45.5273,58,5,4.944442,723648303
4.746614,32.8711,-43.7695,-43.7695,58,5,4.944442,723648303
4.748653,32.5195,-42.0117,-42.0117,58,5,4.944442,723648303
4.750653,32.1680,-40.2539,-40.2539,58,5,4.944442,723648303
4.752653,31.9922,-38.4961,-38.4961,58,5,4.944442,723648303
4.754653,31.4648,-36.7383,-36.7383,58,5,4.944442,723648303
4.756653,31.1133,-34.8047,-34.8047,58,5,4.944442,723648303
4.758653,30.7617,-32.8711,-32.8711,58,5,4.944442,723648303
4.760653,30.2344,-30.9375,-30.9375,58,5,4.944442,723648303
4.762610,29.7070,-29.0039,-29.0039,58,5,4.944442,723648303
4.764598,29.1797,-26.8945,-26.8945,58,5,4.944442,723648303
4.766604,28.6523,-24.7852,-24.7852,58,5,4.944442,723648303
4.768607,27.9492,-22.6758,-22.6758,58,5,4.944442,723648303
4.770613,27.2461,-20.3906,-20.3906,58,5,4.944442,723648303
4.772619,26.3672,-18.1055,-18.1055,58,5,4.944442,723648303
4.774619,25.6641,-15.6445,-15.6445,58,5,4.944442,723648303
4.776619,24.7852,-13.1836,-13.1836,59,5,4.944442,723648303
4.778619,23.9062,-10.8984,-10.8984,59,5,4.944442,723648303
4.780619,22.8516,-8.2617,-8.2617,59,5,4.944442,723648303
4.782631,21.7969,-5.6250,-5.6250,59,5,4.944442,723648303
4.784631,20.7422,-2.9883,-2.9883,59,5,4.944442,723648303
4.786631,19.5117,-0.3516,-0.3516,59,5,4.944442,723648303
4.788631,18.2812,2.2852,2.2852,59,5,4.944442,723648303
4.790636,17.2266,5.0977,5.0977,59,5,4.944442,723648303
4.792636,15.8203,7.9102,7.9102,59,5,4.944442,723648303
4.794636,14.5898,10.7227,10.7227,59,5,4.944442,723648303
4.796636,13.3594,13.5352,13.5352,59,5,4.944442,723648303
4.798636,12.1289,16.3477,16.3477,59,5,4.944442,723648303
4.800636,10.8984,19.1602,19.1602,59,5,4.944442,723648303
4.802636,9.6680,21.9727,21.9727,59,5,4.944442,723648303
4.807438,6.8555,28.3008,28.3008,59,5,4.944442,723648303
4.807990,6.6797,29.0039,29.0039,59,5,4.944442,723648303
4.808625,6.3281,29.8828,29.8828,59,5,4.944442,723648303
4.810628,5.2734,32.5195,32.5195,59,5,4.944442,723648303
4.812659,4.2188,35.1562,35.1562,59,5,4.944442,723648303
4.814564,3.3398,37.4414,37.4414,59,5,4.944442,723648303
4.816569,2.4609,39.9023,39.9023,59,5,4.944442,723648303
4.818573,1.5820,42.3633,42.3633,59,5,4.944442,723648303
4.820577,0.7031,44.6484,44.6484,59,5,4.944442,723648303
4.822580,0.0000,46.9336,46.9336,59,5,4.944442,723648303
4.824578,-0.7031,49.2188,49.2188,60,5,4.944442,723648303
4.826573,-1.4062,51.3281,51.3281,59,5,4.944442,723648303
4.828564,-2.1094,53.6133,53.6133,59,5,4.944442,723648303
4.830655,-2.6367,55.7227,55.7227,59,5,4.944442,723648303
4.832651,-3.1641,57.8320,57.8320,59,5,4.944442,723648303
4.834641,-3.6914,59.7656,59.7656,59,5,4.944442,723648303
4.836631,-4.2188,61.6992,61.6992,59,5,4.944442,723648303
4.838619,-4.7461,63.6328,63.6328,59,5,4.944442,723648303
4.840610,-5.0977,65.5664,65.5664,59,5,4.944442,723648303
4.842604,-5.4492,67.3242,67.3242,59,5,4.944442,723648303
4.844596,-5.9766,69.2578,69.2578,59,5,4.944442,723648303
4.846592,-6.3281,71.0156,71.0156,59,5,4.944442,723648303
4.848586,-6.6797,72.7734,72.7734,59,5,4.944442,723648303
4.850577,-6.8555,74.5312,74.5312,59,5,4.944442,723648303
4.852573,-7.2070,76.1133,76.1133,59,5,4.944442,723648303
4.854569,-7.3828,77.8711,77.8711,59,5,4.944442,723648303
4.856656,-7.7344,79.6289,79.6289,59,5,4.944442,723648303
4.858651,-7.9102,81.0352,81.0352,59,5,4.944442,723648303
4.860641,-8.0859,82.6172,82.6172,59,5,4.944442,723648303
4.862631,-8.4375,84.1992,84.1992,59,5,4.944442,723648303
4.864580,-8.6133,85.6055,85.6055,59,5,4.944442,723648303
4.866573,-8.7891,87.0117,87.0117,59,5,4.944442,723648303
4.868564,-8.9648,88.5938,88.5938,59,5,4.944442,723648303
4.870655,-9.1406,90.0000,90.0000,59,5,4.944442,723648303
4.872651,-9.3164,91.4062,91.4062,59,5,4.944442,723648303
4.874577,-9.4922,92.6367,92.6367,59,5,4.944442,723648303
4.876573,-9.4922,94.0430,94.0430,59,5,4.944442,723648303
4.878564,-9.6680,95.2734,95.2734,59,5,4.944442,723648303
4.880655,-9.8438,96.6797,96.6797,59,5,4.944442,723648303
4.882655,-10.0195,97.9102,97.9102,59,5,4.944442,723648303
4.884651,-10.0195,99.1406,99.1406,59,5,4.944442,723648303
4.886641,-10.1953,100.1953,100.1953,59,5,4.944442,723648303
4.888631,-10.1953,101.4258,101.4258,59,5,4.944442,723648303
4.890619,-10.3711,102.4805,102.4805,59,5,4.944442,723648303
4.892610,-10.3711,103.7109,103.7109,59,5,4.944442,723648303
4.894604,-10.5469,104.5898,104.5898,59,5,4.944442,723648303
4.896598,-10.5469,105.8203,105.8203,59,5,4.944442,723648303
4.898592,-10.7227,106.6992,106.6992,59,5,4.944442,723648303
4.900586,-10.7227,107.7539,107.7539,59,5,4.944442,723648303
4.902577,-10.8984,108.6328,108.6328,59,5,4.944442,723648303
4.907405,-11.0742,110.9180,110.9180,59,5,4.944442,723648303
4.907930,-11.0742,111.0938,111.0938,59,5,4.944442,723648303
4.908650,-11.0742,111.4453,111.4453,59,5,4.944442,723648303
4.910640,-11.2500,112.3242,112.3242,59,5,4.944442,723648303
4.912631,-11.2500,113.0273,113.0273,59,5,4.944442,723648303
4.914626,-11.2500,113.9062,113.9062,59,5,4.944442,723648303
4.916651,-11.4258,114.7852,114.7852,59,5,4.944442,723648303
4.918640,-11.4258,115.4883,115.4883,59,5,4.944442,723648303
4.920631,-11.6016,116.1914,116.1914,59,5,4.944442,723648303
4.922619,-11.6016,116.8945,116.8945,59,5,4.944442,723648303
4.924598,-11.7773,117.5977,117.5977,59,5,4.944442,723648303
4.926664,-11.9531,118.1250,118.1250,59,5,4.944442,723648303
4.928654,-11.9531,118.6523,118.6523,59,5,4.944442,723648303
4.930572,-12.1289,119.1797,119.1797,59,5,4.944442,723648303
4.933203,-12.3047,120.0586,120.0586,59,5,4.944442,723648303
4.937936,-12.4805,121.1133,121.1133,59,5,5.214544,723899656
4.939303,-12.6562,121.4648,121.4648,59,5,5.214544,723899656
4.940016,-12.6562,121.6406,121.6406,59,5,5.214544,723899656
4.940715,-12.8320,121.8164,121.8164,59,5,5.214544,723899656
4.942648,-12.8320,122.1680,122.1680,59,5,5.214544,723899656
4.944632,-13.0078,122.5195,122.5195,59,5,5.214544,723899656
4.946631,-13.1836,122.8711,122.8711,59,5,5.214544,723899656
4.948650,-13.3594,123.2227,123.2227,59,5,5.214544,723899656
4.950608,-13.5352,123.3984,123.3984,59,5,5.214544,723899656
4.952609,-13.7109,123.7500,123.7500,59,5,5.214544,723899656
4.954672,-13.8867,123.9258,123.9258,59,5,5.214544,723899656
4.956569,-14.0625,124.1016,124.1016,59,5,5.214544,723899656
4.958600,-14.2383,124.2773,124.2773,59,5,5.214544,723899656
4.960607,-14.4141,124.4531,124.4531,59,5,5.214544,723899656
4.962599,-14.5898,124.6289,124.6289,59,5,5.214544,723899656
4.964592,-14.9414,124.6289,124.6289,59,5,5.214544,723899656
4.966649,-15.1172,124.8047,124.8047,59,5,5.214544,723899656
4.968619,-15.2930,124.8047,124.8047,59,5,5.214544,723899656
4.970607,-15.6445,124.8047,124.8047,59,5,5.214544,723899656
4.972598,-15.8203,124.8047,124.8047,59,5,5.214544,723899656
4.974654,-16.1719,124.8047,124.8047,59,5,5.214544,723899656
4.976645,-16.3477,124.6289,124.6289,59,5,5.214544,723899656
4.978636,-16.5234,124.6289,124.6289,59,5,5.214544,723899656
4.980630,-16.8750,124.4531,124.4531,59,5,5.214544,723899656
4.982642,-17.2266,124.2773,124.2773,59,5,5.214544,723899656
4.984631,-17.4023,124.1016,124.1016,59,5,5.214544,723899656
4.986619,-17.7539,123.9258,123.9258,59,5,5.214544,723899656
4.988610,-17.9297,123.5742,123.5742,59,5,5.214544,723899656
4.990604,-18.2812,123.2227,123.2227,59,5,5.214544,723899656
4.992596,-18.6328,123.0469,123.0469,59,5,5.214544,723899656
4.994592,-18.9844,122.6953,122.6953,59,5,5.214544,723899656
4.996586,-19.3359,122.1680,122.1680,59,5,5.214544,723899656
4.998599,-19.6875,121.8164,121.8164,59,5,5.214544,723899656
5.000592,-20.0391,121.4648,121.4648,59,5,5.214544,723899656
5.002598,-20.2148,120.9375,120.9375,-59,5,5.214544,723899656
5.007868,-21.0938,119.7070,119.7070,-59,5,5.214544,723899656
5.008446,-21.2695,119.5312,119.5312,-59,5,5.214544,723899656
5.008869,-21.2695,119.3555,119.3555,-59,5,5.214544,723899656
5.010564,-21.4453,119.0039,119.0039,-59,5,5.214544,723899656
5.012655,-21.7969,118.3008,118.3008,-59,5,5.214544,723899656
5.014646,-22.1484,117.7734,117.7734,-59,5,5.214544,723899656
5.016636,-22.5000,117.0703,117.0703,-59,5,5.214544,723899656
5.018627,-22.6758,116.3672,116.3672,-59,5,5.214544,723899656
5.020614,-23.0273,115.8398,115.8398,-59,5,5.214544,723899656
5.022642,-23.3789,114.9609,114.9609,-59,5,5.214544,723899656
5.024631,-23.5547,114.2578,114.2578,-59,5,5.214544,723899656
5.026619,-23.9062,113.5547,113.5547,-59,5,5.214544,723899656
5.028610,-24.0820,112.8516,112.8516,-59,5,5.214544,723899656
5.030604,-24.4336,111.9727,111.9727,-59,5,5.214544,723899656
5.032595,-24.6094,111.0938,111.0938,-59,5,5.214544,723899656
5.034592,-24.7852,110.2148,110.2148,-59,5,5.214544,723899656
5.036586,-25.1367,109.3359,109.3359,-59,5,5.214544,723899656
5.038577,-25.3125,108.4570,108.4570,-59,5,5.214544,723899656
5.040573,-25.4883,107.5781,107.5781,-59,5,5.214544,723899656
5.042564,-25.6641,106.6992,106.6992,-59,5,5.214544,723899656
5.044653,-26.0156,105.6445,105.6445,-59,5,5.214544,723899656
5.046644,-26.1914,104.5898,104.5898,-59,5,5.214544,723899656
5.048636,-26.3672,103.5352,103.5352,-58,5,5.214544,723899656
5.050627,-26.3672,102.4805,102.4805,-58,5,5.214544,723899656
5.052614,-26.7188,101.4258,101.4258,-58,5,5.214544,723899656
5.054607,-26.7188,100.1953,100.1953,-58,5,5.214544,723899656
5.056598,-26.8945,99.1406,99.1406,-58,5,5.214544,723899656
5.058592,-27.0703,97.9102,97.9102,-58,5,5.214544,723899656
5.060586,-27.0703,96.6797,96.6797,-58,5,5.214544,723899656
5.062577,-27.2461,95.4492,95.4492,-58,5,5.214544,723899656
5.064573,-27.2461,94.2188,94.2188,-58,5,5.214544,723899656
5.066564,-27.4219,92.9883,92.9883,-58,5,5.214544,723899656
5.068655,-27.4219,91.5820,91.5820,-58,5,5.214544,723899656
5.070636,-27.4219,90.1758,90.1758,-58,5,5.214544,723899656
5.072627,-27.4219,88.7695,88.7695,-58,5,5.214544,723899656
5.074615,-27.4219,87.5391,87.5391,-58,5,5.214544,723899656
5.076655,-27.4219,85.9570,85.9570,-58,5,5.214544,723899656
5.078646,-27.4219,84.5508,84.5508,-58,5,5.214544,723899656
5.080636,-27.4219,82.9688,82.9688,-58,5,5.214544,723899656
5.082637,-27.4219,81.3867,81.3867,-58,5,5.214544,723899656
5.084631,-27.2461,79.8047,79.8047,-58,5,5.214544,723899656
5.086619,-27.0703,78.2227,78.2227,-58,5,5.214544,723899656
5.088610,-27.0703,76.6406,76.6406,-58,5,5.214544,723899656
5.090604,-26.8945,75.0586,75.0586,-58,5,5.214544,723899656
5.092596,-26.7188,73.3008,73.3008,-58,5,5.214544,723899656
5.094592,-26.3672,71.5430,71.5430,-58,5,5.214544,723899656
5.096586,-26.1914,69.7852,69.7852,-58,5,5.214544,723899656
5.098577,-25.8398,67.8516,67.8516,-58,5,5.214544,723899656
5.100570,-25.4883,66.0938,66.0938,-59,5,5.214544,723899656
5.102656,-25.1367,64.1602,64.1602,-59,5,5.214544,723899656
5.107387,-24.2578,59.4141,59.4141,-59,5,5.214544,723899656
5.107907,-24.0820,58.8867,58.8867,-59,5,5.214544,723899656
5.108626,-23.9062,58.0078,58.0078,-59,5,5.214544,723899656
5.110614,-23.3789,56.0742,56.0742,-59,5,5.214544,723899656
5.112607,-22.8516,53.9648,53.9648,-59,5,5.214544,723899656
5.114598,-22.3242,51.6797,51.6797,-59,5,5.214544,723899656
5.116592,-21.6211,49.3945,49.3945,-59,5,5.214544,723899656
5.118586,-20.9180,47.1094,47.1094,-59,5,5.214544,723899656
5.120577,-20.2148,44.8242,44.8242,-59,5,5.214544,723899656
5.122595,-19.3359,42.3633,42.3633,-59,5,5.214544,723899656
5.124598,-18.4570,39.9023,39.9023,-59,5,5.214544,723899656
5.126631,-17.5781,37.2656,37.2656,-59,5,5.214544,723899656
5.128631,-16.5234,34.6289,34.6289,-59,5,5.214544,723899656
5.130631,-15.4688,31.9922,31.9922,-59,5,5.214544,723899656
5.132631,-14.2383,29.3555,29.3555,-59,5,5.214544,723899656
5.134631,-13.0078,26.5430,26.5430,-59,5,5.214544,723899656
5.136631,-11.7773,23.5547,23.5547,-59,5,5.214544,723899656
5.138631,-10.5469,20.7422,20.7422,-59,5,5.214544,723899656
5.140631,-9.1406,17.7539,17.7539,-59,5,5.214544,723899656
5.142631,-7.7344,14.7656,14.7656,-59,5,5.214544,723899656
5.144631,-6.3281,11.7773,11.7773,-59,5,5.214544,723899656
5.146636,-4.7461,8.7891,8.7891,-59,5,5.214544,723899656
5.148636,-3.3398,5.6250,5.6250,-59,5,5.214544,723899656
5.150636,-1.9336,2.6367,2.6367,-59,5,5.214544,723899656
5.152636,-0.5273,-0.3516,-0.3516,-59,5,5.214544,723899656
5.154636,0.8789,-3.3398,-3.3398,-59,5,5.214544,723899656
5.156592,2.1094,-6.1523,-6.1523,-59,5,5.214544,723899656
5.158572,3.3398,-8.9648,-8.9648,-59,5,5.214544,723899656
5.160573,4.5703,-11.7773,-11.7773,-59,5,5.214544,723899656
5.162623,5.8008,-14.5898,-14.5898,-59,5,5.214544,723899656
5.164583,6.8555,-17.2266,-17.2266,-59,5,5.214544,723899656
5.166576,7.9102,-19.8633,-19.8633,-59,5,5.214544,723899656
5.168569,8.9648,-22.3242,-22.3242,-59,5,5.214544,723899656
5.170573,9.8438,-24.9609,-24.9609,-59,5,5.214544,723899656
5.172590,10.7227,-27.4219,-27.4219,-59,5,5.214544,723899656
5.174609,11.6016,-29.7070,-29.7070,-59,5,5.214544,723899656
5.176612,12.3047,-32.1680,-32.1680,-59,5,5.214544,723899656
5.178614,13.0078,-34.4531,-34.4531,-59,5,5.214544,723899656
5.180628,13.7109,-36.7383,-36.7383,-59,5,5.214544,723899656
5.182643,14.4141,-39.0234,-39.0234,-59,5,5.214544,723899656
5.184612,14.9414,-41.1328,-41.1328,-59,5,5.214544,723899656
5.189277,16.1719,-46.0547,-46.0547,-59,5,5.456921,724159170
5.190591,16.5234,-47.2852,-47.2852,-59,5,5.456921,724159170
5.191312,16.6992,-47.9883,-47.9883,-59,5,5.456921,724159170
5.192569,16.8750,-49.2188,-49.2188,-59,5,5.456921,724159170
5.194589,17.4023,-51.1523,-51.1523,-59,5,5.456921,724159170
5.196637,17.7539,-53.2617,-53.2617,-59,5,5.456921,724159170
5.198589,18.1055,-55.0195,-55.0195,-59,5,5.456921,724159170
5.200587,18.6328,-56.9531,-56.9531,-59,5,5.456921,724159170
5.202581,18.8086,-58.7109,-58.7109,-59,5,5.456921,724159170
5.208053,19.6875,-63.4570,-63.4570,-59,5,5.456921,724159170
5.208653,19.6875,-63.9844,-63.9844,-59,5,5.456921,724159170
5.209084,19.8633,-64.3359,-64.3359,-59,5,5.456921,724159170
5.210606,20.0391,-65.7422,-65.7422,-59,5,5.456921,724159170
5.212594,20.2148,-67.3242,-67.3242,-59,5,5.456921,724159170
5.214595,20.3906,-69.0820,-69.0820,-59,5,5.456921,724159170
5.216595,20.7422,-70.6641,-70.6641,-59,5,5.456921,724159170
5.218611,20.9180,-72.0703,-72.0703,-59,5,5.456921,724159170
5.220599,21.0938,-73.6523,-73.6523,-59,5,5.456921,724159170
5.222664,21.2695,-75.2344,-75.2344,-59,5,5.456921,724159170
5.224626,21.4453,-76.8164,-76.8164,-59,5,5.456921,724159170
5.226607,21.4453,-78.2227,-78.2227,-59,5,5.456921,724159170
5.228599,21.6211,-79.6289,-79.6289,-59,5,5.456921,724159170
5.230598,21.7969,-81.0352,-81.0352,-59,5,5.456921,724159170
5.232603,21.9727,-82.2656,-82.2656,-59,5,5.456921,724159170
5.234607,22.1484,-83.6719,-83.6719,-59,5,5.456921,724159170
5.236598,22.1484,-84.9023,-84.9023,-59,5,5.456921,724159170
5.238592,22.3242,-86.3086,-86.3086,-59,5,5.456921,724159170
5.240586,22.3242,-87.5391,-87.5391,-59,5,5.456921,724159170
5.242577,22.5000,-88.7695,-88.7695,-59,5,5.456921,724159170
5.244573,22.5000,-89.8242,-89.8242,-59,5,5.456921,724159170
5.246564,22.6758,-91.0547,-91.0547,-59,5,5.456921,724159170
5.248653,22.8516,-92.2852,-92.2852,-59,5,5.456921,724159170
5.250644,22.8516,-93.3398,-93.3398,-59,5,5.456921,724159170
5.252636,22.8516,-94.5703,-94.5703,-59,5,5.456921,724159170
5.254629,23.0273,-95.6250,-95.6250,-59,5,5.456921,724159170
5.256619,23.0273,-96.6797,-96.6797,-59,5,5.456921,724159170
5.258610,23.2031,-97.5586,-97.5586,-59,5,5.456921,724159170
5.260604,23.2031,-98.6133,-98.6133,-59,5,5.456921,724159170
5.262596,23.3789,-99.6680,-99.6680,-59,5,5.456921,724159170
5.264592,23.5547,-100.5469,-100.5469,-59,5,5.456921,724159170
5.266586,23.5547,-101.4258,-101.4258,-59,5,5.456921,724159170
5.268577,23.5547,-102.3047,-102.3047,-59,5,5.456921,724159170
5.270573,23.7305,-103.1836,-103.1836,-59,5,5.456921,724159170
5.272564,23.7305,-104.0625,-104.0625,-59,5,5.456921,724159170
5.274673,23.9062,-104.9414,-104.9414,-59,5,5.456921,724159170
5.276592,24.0820,-105.6445,-105.6445,-59,5,5.456921,724159170
5.278586,24.0820,-106.3477,-106.3477,-59,5,5.456921,724159170
5.280620,24.2578,-107.2266,-107.2266,-59,5,5.456921,724159170
5.282620,24.4336,-107.7539,-107.7539,-59,5,5.456921,724159170
5.284611,24.4336,-108.4570,-108.4570,-59,5,5.456921,724159170
5.286604,24.6094,-109.1602,-109.1602,-59,5,5.456921,724159170
5.288595,24.7852,-109.8633,-109.8633,-59,5,5.456921,724159170
5.290592,24.9609,-110.3906,-110.3906,-59,5,5.456921,724159170
5.292586,24.9609,-110.9180,-110.9180,-59,5,5.456921,724159170
5.294577,25.1367,-111.4453,-111.4453,-59,5,5.456921,724159170
5.296573,25.3125,-111.9727,-111.9727,-59,5,5.456921,724159170
5.298569,25.4883,-112.5000,-112.5000,-59,5,5.456921,724159170
5.300656,25.6641,-112.8516,-112.8516,-59,5,5.456921,724159170
5.302651,25.8398,-113.3789,-113.3789,-59,5,5.456921,724159170
5.307469,26.3672,-114.2578,-114.2578,-59,5,5.456921,724159170
5.308001,26.3672,-114.2578,-114.2578,-58,5,5.456921,724159170
5.308628,26.5430,-114.4336,-114.4336,-58,5,5.456921,724159170
5.310619,26.7188,-114.7852,-114.7852,-58,5,5.456921,724159170
5.312610,26.8945,-114.9609,-114.9609,-58,5,5.456921,724159170
5.314604,27.0703,-115.3125,-115.3125,-58,5,5.456921,724159170
5.316595,27.4219,-115.4883,-115.4883,-58,5,5.456921,724159170
5.318624,27.5977,-115.6641,-115.6641,-58,5,5.456921,724159170
5.320614,27.9492,-115.8398,-115.8398,-58,5,5.456921,724159170
5.322607,28.1250,-116.0156,-116.0156,-58,5,5.456921,724159170
5.324598,28.4766,-116.1914,-116.1914,-58,5,5.456921,724159170
5.326592,28.8281,-116.1914,-116.1914,-58,5,5.456921,724159170
5.328586,29.0039,-116.3672,-116.3672,-58,5,5.456921,724159170
5.330577,29.3555,-116.3672,-116.3672,-58,5,5.456921,724159170
5.332573,29.7070,-116.3672,-116.3672,-58,5,5.456921,724159170
5.334564,30.0586,-116.3672,-116.3672,-58,5,5.456921,724159170
5.336653,30.4102,-116.3672,-116.3672,-58,5,5.456921,724159170
5.338651,30.7617,-116.1914,-116.1914,-58,5,5.456921,724159170
5.340641,31.1133,-116.1914,-116.1914,-58,5,5.456921,724159170
5.342631,31.4648,-115.8398,-115.8398,-58,5,5.456921,724159170
5.344619,31.8164,-115.6641,-115.6641,-58,5,5.456921,724159170
5.346610,32.1680,-115.4883,-115.4883,-58,5,5.456921,724159170
5.348604,32.5195,-115.3125,-115.3125,-58,5,5.456921,724159170
5.350596,32.8711,-114.9609,-114.9609,-58,5,5.456921,724159170
5.352592,33.3984,-114.7852,-114.7852,-58,5,5.456921,724159170
5.354586,33.7500,-114.4336,-114.4336,-58,5,5.456921,724159170
5.356577,34.1016,-114.0820,-114.0820,-58,5,5.456921,724159170
5.358573,34.6289,-113.7305,-113.7305,-58,5,5.456921,724159170
5.360577,34.9805,-113.3789,-113.3789,58,5,5.456921,724159170
5.362573,35.5078,-112.8516,-112.8516,58,5,5.456921,724159170
5.364564,35.8594,-112.5000,-112.5000,58,5,5.456921,724159170
5.366653,36.2109,-111.9727,-111.9727,58,5,5.456921,724159170
5.368645,36.7383,-111.4453,-111.4453,58,5,5.456921,724159170
5.370636,37.0898,-110.9180,-110.9180,58,5,5.456921,724159170
5.372627,37.4414,-110.5664,-110.5664,58,5,5.456921,724159170
5.374614,37.9688,-109.8633,-109.8633,57,5,5.456921,724159170
5.376569,38.3203,-109.3359,-109.3359,57,5,5.456921,724159170
5.378589,38.6719,-108.6328,-108.6328,57,5,5.456921,724159170
5.380586,39.0234,-108.1055,-108.1055,57,5,5.456921,724159170
5.382589,39.5508,-107.4023,-107.4023,57,5,5.456921,724159170
5.384578,39.9023,-106.6992,-106.6992,57,5,5.456921,724159170
5.386575,40.2539,-105.9961,-105.9961,57,5,5.456921,724159170
5.388569,40.6055,-105.2930,-105.2930,57,5,5.456921,724159170
5.390657,40.9570,-104.5898,-104.5898,57,5,5.456921,724159170
5.392651,41.3086,-103.7109,-103.7109,57,5,5.456921,724159170
5.394641,41.6602,-103.0078,-103.0078,57,5,5.456921,724159170
5.396631,42.0117,-102.3047,-102.3047,57,5,5.456921,724159170
5.398619,42.3633,-101.4258,-101.4258,57,5,5.456921,724159170
5.400613,42.7148,-100.5469,-100.5469,57,5,5.456921,724159170
5.402607,43.0664,-99.6680,-99.6680,57,5,5.456921,724159170
5.407420,43.7695,-97.3828,-97.3828,57,5,5.456921,724159170
5.407949,43.9453,-97.2070,-97.2070,57,5,5.456921,724159170
5.408573,43.9453,-96.8555,-96.8555,57,5,5.456921,724159170
5.410564,44.2969,-95.9766,-95.9766,57,5,5.456921,724159170
5.412655,44.6484,-94.7461,-94.7461,57,5,5.456921,724159170
5.414646,44.8242,-93.8672,-93.8672,57,5,5.456921,724159170
5.416607,45.1758,-92.8125,-92.8125,57,5,5.456921,724159170
5.418598,45.3516,-91.7578,-91.7578,57,5,5.456921,724159170
5.420592,45.7031,-90.5273,-90.5273,57,5,5.456921,724159170
5.422614,45.8789,-89.4727,-89.4727,57,5,5.456921,724159170
5.424607,46.0547,-88.2422,-88.2422,57,5,5.456921,724159170
5.426599,46.4062,-87.1875,-87.1875,56,5,5.456921,724159170
5.428592,46.5820,-85.9570,-85.9570,56,5,5.456921,724159170
5.430586,46.7578,-84.7266,-84.7266,56,5,5.456921,724159170
5.432577,46.9336,-83.4961,-83.4961,56,5,5.456921,724159170
5.434586,47.1094,-82.0898,-82.0898,56,5,5.456921,724159170
5.436651,47.2852,-80.6836,-80.6836,56,5,5.456921,724159170
5.438633,47.4609,-79.4531,-79.4531,56,5,5.456921,724159170
5.440659,47.4609,-78.2227,-78.2227,56,5,5.456921,724159170
5.442658,47.6367,-76.6406,-76.6406,56,5,5.456921,724159170
5.444605,47.6367,-75.2344,-75.2344,56,5,5.456921,724159170
5.448789,47.8125,-72.2461,-72.2461,56,5,5.718158,724425041
5.450083,47.8125,-71.1914,-71.1914,56,5,5.718158,724425041
5.450800,47.8125,-70.6641,-70.6641,56,5,5.718158,724425041
5.453001,47.9883,-69.0820,-69.0820,56,5,5.718158,724425041
5.454644,47.9883,-67.6758,-67.6758,56,5,5.718158,724425041
5.456614,47.9883,-66.2695,-66.2695,56,5,5.718158,724425041
5.458609,47.9883,-64.5117,-64.5117,56,5,5.718158,724425041
5.460606,47.8125,-62.9297,-62.9297,56,5,5.718158,724425041
5.462574,47.8125,-61.1719,-61.1719,56,5,5.718158,724425041
5.464602,47.6367,-59.4141,-59.4141,56,5,5.718158,724425041
5.466666,47.4609,-57.4805,-57.4805,56,5,5.718158,724425041
5.468595,47.4609,-55.8984,-55.8984,56,5,5.718158,724425041
5.470595,47.2852,-53.9648,-53.9648,56,5,5.718158,724425041
5.472643,46.9336,-52.2070,-52.2070,56,5,5.718158,724425041
5.474631,46.7578,-50.2734,-50.2734,56,5,5.718158,724425041
5.476619,46.4062,-48.1641,-48.1641,56,5,5.718158,724425041
5.478656,46.0547,-46.2305,-46.2305,56,5,5.718158,724425041
5.480573,45.8789,-44.2969,-44.2969,56,5,5.718158,724425041
5.482639,45.3516,-42.0117,-42.0117,57,5,5.718158,724425041
5.484654,45.0000,-39.9023,-39.9023,57,5,5.718158,724425041
5.486648,44.4727,-37.7930,-37.7930,57,5,5.718158,724425041
5.488652,43.9453,-35.5078,-35.5078,57,5,5.718158,724425041
5.490654,43.4180,-33.2227,-33.2227,57,5,5.718158,724425041
5.492654,42.7148,-30.7617,-30.7617,57,5,5.718158,724425041
5.494654,42.0117,-28.4766,-28.4766,57,5,5.718158,724425041
5.496654,41.3086,-26.0156,-26.0156,57,5,5.718158,724425041
5.498588,40.6055,-23.5547,-23.5547,57,5,5.718158,724425041
5.500577,39.7266,-20.9180,-20.9180,57,5,5.718158,724425041
5.502579,38.6719,-18.2812,-18.2812,57,5,5.718158,724425041
5.507854,35.8594,-10.8984,-10.8984,57,5,5.718158,724425041
5.508492,35.5078,-10.0195,-10.0195,58,5,5.718158,724425041
5.508927,35.3320,-9.3164,-9.3164,58,5,5.718158,724425041
5.510636,34.2773,-6.8555,-6.8555,58,5,5.718158,724425041
5.512636,32.8711,-3.8672,-3.8672,58,5,5.718158,724425041
5.514636,31.6406,-0.8789,-0.8789,58,5,5.718158,724425041
5.516636,30.2344,2.2852,2.2852,58,5,5.718158,724425041
5.518636,28.6523,5.4492,5.4492,58,5,5.718158,724425041
5.520636,27.2461,8.6133,8.6133,58,5,5.718158,724425041
5.522636,25.8398,11.7773,11.7773,58,5,5.718158,724425041
5.524636,24.2578,15.1172,15.1172,59,5,5.718158,724425041
5.526636,22.8516,18.1055,18.1055,59,5,5.718158,724425041
5.528636,21.4453,21.2695,21.2695,59,5,5.718158,724425041
5.530636,20.0391,24.4336,24.4336,59,5,5.718158,724425041
5.532636,18.6328,27.4219,27.4219,59,5,5.718158,724425041
5.534636,17.4023,30.4102,30.4102,59,5,5.718158,724425041
5.536636,16.1719,33.3984,33.3984,59,5,5.718158,724425041
5.538636,15.1172,36.2109,36.2109,59,5,5.718158,724425041
5.540636,13.8867,39.0234,39.0234,59,5,5.718158,724425041
5.542636,13.0078,41.8359,41.8359,59,5,5.718158,724425041
5.544636,11.9531,44.4727,44.4727,59,5,5.718158,724425041
5.546636,11.0742,47.1094,47.1094,59,5,5.718158,724425041
5.548631,10.1953,49.7461,49.7461,59,5,5.718158,724425041
5.550618,9.4922,52.2070,52.2070,59,5,5.718158,724425041
5.552611,8.7891,54.6680,54.6680,59,5,5.718158,724425041
5.554605,8.0859,57.1289,57.1289,59,5,5.718158,724425041
5.556577,7.3828,59.4141,59.4141,0,5,5.718158,724425041
5.558650,6.8555,61.6992,61.6992,0,5,5.718158,724425041
5.560623,6.3281,63.9844,63.9844,0,5,5.718158,724425041
5.562596,5.8008,66.2695,66.2695,0,5,5.718158,724425041
5.564573,5.2734,68.3789,68.3789,0,5,5.718158,724425041
5.566643,4.9219,70.6641,70.6641,0,5,5.718158,724425041
5.568614,4.5703,72.5977,72.5977,0,5,5.718158,724425041
5.570592,4.2188,74.7070,74.7070,0,5,5.718158,724425041
5.572569,3.8672,76.6406,76.6406,0,5,5.718158,724425041
5.574658,3.5156,78.7500,78.7500,59,5,5.718158,724425041
5.576650,3.1641,80.6836,80.6836,59,5,5.718158,724425041
5.578636,2.9883,82.6172,82.6172,59,5,5.718158,724425041
5.580621,2.8125,84.5508,84.5508,0,5,5.718158,724425041
5.582604,2.6367,86.3086,86.3086,0,5,5.718158,724425041
5.584577,2.4609,88.0664,88.0664,0,5,5.718158,724425041
5.586592,2.2852,89.8242,89.8242,0,5,5.718158,724425041
5.588569,2.1094,91.5820,91.5820,0,5,5.718158,724425041
5.590636,1.9336,93.3398,93.3398,0,5,5.718158,724425041
5.592609,1.9336,95.0977,95.0977,0,5,5.718158,724425041
5.594604,1.7578,96.6797,96.6797,59,5,5.718158,724425041
5.596595,1.7578,98.2617,98.2617,59,5,5.718158,724425041
5.598588,1.7578,99.8438,99.8438,59,5,5.718158,724425041
5.600577,1.7578,101.4258,101.4258,59,5,5.718158,724425041
5.602569,1.5820,103.0078,103.0078,59,5,5.718158,724425041
5.607378,1.5820,106.5234,106.5234,59,5,5.718158,724425041
5.607907,1.5820,107.0508,107.0508,59,5,5.718158,724425041
5.608625,1.5820,107.4023,107.4023,59,5,5.718158,724425041
5.610614,1.5820,108.8086,108.8086,59,5,5.718158,724425041
5.612607,1.5820,110.2148,110.2148,59,5,5.718158,724425041
5.614597,1.5820,111.6211,111.6211,59,5,5.718158,724425041
5.616614,1.5820,113.0273,113.0273,59,5,5.718158,724425041
5.618607,1.5820,114.4336,114.4336,59,5,5.718158,724425041
5.620597,1.5820,115.6641,115.6641,59,5,5.718158,724425041
5.622592,1.5820,116.8945,116.8945,59,5,5.718158,724425041
5.624586,1.7578,118.3008,118.3008,59,5,5.718158,724425041
5.626573,1.7578,119.3555,119.3555,59,5,5.718158,724425041
5.628659,1.7578,120.5859,120.5859,59,5,5.718158,724425041
5.630651,1.7578,121.8164,121.8164,59,5,5.718158,724425041
5.632636,1.7578,122.8711,122.8711,59,5,5.718158,724425041
5.634626,1.7578,124.1016,124.1016,59,5,5.718158,724425041
5.636618,1.9336,125.1562,125.1562,59,5,5.718158,724425041
5.638608,1.9336,126.2109,126.2109,59,5,5.718158,724425041
5.640598,1.9336,127.2656,127.2656,59,5,5.718158,724425041
5.642592,1.9336,128.3203,128.3203,59,5,5.718158,724425041
5.644592,1.9336,129.1992,129.1992,59,5,5.718158,724425041
5.646585,1.9336,130.2539,130.2539,59,5,5.718158,724425041
5.648577,2.1094,131.1328,131.1328,59,5,5.718158,724425041
5.650569,2.1094,132.0117,132.0117,59,5,5.718158,724425041
5.652655,2.1094,133.0664,133.0664,59,5,5.718158,724425041
5.654644,2.1094,133.9453,133.9453,59,5,5.718158,724425041
5.656635,2.1094,134.6484,134.6484,59,5,5.718158,724425041
5.658626,2.1094,135.5273,135.5273,59,5,5.718158,724425041
5.660592,2.1094,136.2305,136.2305,59,5,5.718158,724425041
5.662607,2.1094,137.1094,137.1094,59,5,5.718158,724425041
5.664618,2.1094,137.8125,137.8125,59,5,5.718158,724425041
5.666631,2.1094,138.5156,138.5156,59,5,5.718158,724425041
5.668645,1.9336,139.2188,139.2188,59,5,5.718158,724425041
5.670569,1.9336,139.7461,139.7461,59,5,5.718158,724425041
5.672594,1.9336,140.4492,140.4492,59,5,5.718158,724425041
5.674609,1.7578,140.9766,140.9766,59,5,5.718158,724425041
5.676658,1.7578,141.6797,141.6797,59,5,5.718158,724425041
5.678644,1.7578,142.2070,142.2070,59,5,5.718158,724425041
5.680600,1.5820,142.5586,142.5586,59,5,5.718158,724425041
5.682635,1.4062,143.0859,143.0859,59,5,5.718158,724425041
5.684607,1.4062,143.6133,143.6133,59,5,5.718158,724425041
5.686610,1.2305,143.9648,143.9648,59,5,5.718158,724425041
5.688591,1.0547,144.4922,144.4922,59,5,5.718158,724425041
5.690603,1.0547,144.8438,144.8438,59,5,5.718158,724425041
5.692616,0.8789,145.1953,145.1953,59,5,5.718158,724425041
5.694660,0.7031,145.3711,145.3711,59,5,5.718158,724425041
5.696568,0.5273,145.7227,145.7227,59,5,5.718158,724425041
5.698570,0.3516,146.0742,146.0742,59,5,5.718158,724425041
5.700581,0.0000,146.2500,146.2500,59,5,5.718158,724425041
5.702588,-0.1758,146.4258,146.4258,60,5,5.718158,724425041
5.707478,-0.7031,146.7773,146.7773,59,5,5.718158,724425041
5.708492,-0.8789,146.7773,146.7773,59,5,5.718158,724425041
5.709247,-0.8789,146.7773,146.7773,59,5,5.718158,724425041
5.710710,-1.0547,146.9531,146.9531,59,5,5.718158,724425041
5.714994,-1.7578,147.1289,147.1289,59,5,5.952564,724655148
5.716151,-1.9336,147.1289,147.1289,59,5,5.952564,724655148
5.716920,-2.1094,147.1289,147.1289,59,5,5.952564,724655148
5.718698,-2.2852,146.9531,146.9531,59,5,5.952564,724655148
5.720638,-2.6367,146.9531,146.9531,59,5,5.952564,724655148
5.722649,-2.9883,146.7773,146.7773,59,5,5.952564,724655148
5.724580,-3.3398,146.7773,146.7773,59,5,5.952564,724655148
5.727136,-3.6914,146.6016,146.6016,59,5,5.952564,724655148
5.728644,-4.0430,146.4258,146.4258,59,5,5.952564,724655148
5.730618,-4.3945,146.2500,146.2500,59,5,5.952564,724655148
5.732671,-4.7461,145.8984,145.8984,59,5,5.952564,724655148
5.734595,-5.2734,145.7227,145.7227,59,5,5.952564,724655148
5.736610,-5.6250,145.3711,145.3711,59,5,5.952564,724655148
5.738625,-5.9766,145.0195,145.0195,59,5,5.952564,724655148
5.740636,-6.5039,144.6680,144.6680,59,5,5.952564,724655148
5.742569,-6.6797,144.3164,144.3164,-59,5,5.952564,724655148
5.744589,-7.2070,143.9648,143.9648,-59,5,5.952564,724655148
5.746607,-7.7344,143.6133,143.6133,-59,5,5.952564,724655148
5.748619,-8.0859,143.0859,143.0859,-59,5,5.952564,724655148
5.750631,-8.6133,142.5586,142.5586,-59,5,5.952564,724655148
5.752651,-8.9648,142.2070,142.2070,-59,5,5.952564,724655148
5.754573,-9.3164,141.6797,141.6797,-59,5,5.952564,724655148
5.756592,-9.8438,141.1523,141.1523,-59,5,5.952564,724655148
5.758607,-10.1953,140.6250,140.6250,-59,5,5.952564,724655148
5.760619,-10.5469,140.0977,140.0977,-59,5,5.952564,724655148
5.762631,-11.0742,139.3945,139.3945,-59,5,5.952564,724655148
5.764651,-11.4258,138.8672,138.8672,-59,5,5.952564,724655148
5.766573,-11.7773,138.3398,138.3398,-59,5,5.952564,724655148
5.768592,-12.3047,137.6367,137.6367,-59,5,5.952564,724655148
5.770607,-12.6562,136.9336,136.9336,-59,5,5.952564,724655148
5.772619,-13.0078,136.2305,136.2305,-59,5,5.952564,724655148
5.774631,-13.3594,135.5273,135.5273,-59,5,5.952564,724655148
5.776650,-13.7109,134.8242,134.8242,-59,5,5.952564,724655148
5.778588,-14.0625,134.1211,134.1211,-59,5,5.952564,724655148
5.780578,-14.4141,133.4180,133.4180,-59,5,5.952564,724655148
5.782589,-14.9414,132.5391,132.5391,-59,5,5.952564,724655148
5.784578,-15.1172,131.8359,131.8359,-59,5,5.952564,724655148
5.786588,-15.6445,130.9570,130.9570,-59,5,5.952564,724655148
5.788580,-15.8203,130.0781,130.0781,-59,5,5.952564,724655148
5.790607,-16.1719,129.1992,129.1992,-59,5,5.952564,724655148
5.792598,-16.5234,128.3203,128.3203,-59,5,5.952564,724655148
5.794592,-16.8750,127.4414,127.4414,-59,5,5.952564,724655148
5.796586,-17.2266,126.3867,126.3867,-59,5,5.952564,724655148
5.798577,-17.4023,125.5078,125.5078,-59,5,5.952564,724655148
5.800573,-17.7539,124.6289,124.6289,-59,5,5.952564,724655148
5.802564,-18.1055,123.5742,123.5742,-59,5,5.952564,724655148
5.807840,-18.8086,120.7617,120.7617,-59,5,5.952564,724655148
5.808450,-18.8086,120.5859,120.5859,-59,5,5.952564,724655148
5.808877,-18.9844,120.2344,120.2344,-59,5,5.952564,724655148
5.810573,-19.1602,119.3555,119.3555,-59,5,5.952564,724655148
5.812564,-19.3359,118.3008,118.3008,-59,5,5.952564,724655148
5.814655,-19.5117,117.0703,117.0703,-59,5,5.952564,724655148
5.816646,-19.8633,115.8398,115.8398,-59,5,5.952564,724655148
5.818636,-20.0391,114.7852,114.7852,-59,5,5.952564,724655148
5.820627,-20.2148,113.5547,113.5547,-59,5,5.952564,724655148
5.822614,-20.3906,112.3242,112.3242,-59,5,5.952564,724655148
5.824607,-20.5664,111.0938,111.0938,-59,5,5.952564,724655148
5.826598,-20.7422,109.8633,109.8633,-59,5,5.952564,724655148
5.828592,-20.9180,108.4570,108.4570,-59,5,5.952564,724655148
5.830588,-21.0938,107.2266,107.2266,-59,5,5.952564,724655148
5.832578,-21.0938,105.8203,105.8203,-59,5,5.952564,724655148
5.834573,-21.2695,104.4141,104.4141,-59,5,5.952564,724655148
5.836564,-21.2695,103.0078,103.0078,-59,5,5.952564,724655148
5.838655,-21.4453,101.6016,101.6016,-59,5,5.952564,724655148
5.840646,-21.4453,100.0195,100.0195,-59,5,5.952564,724655148
5.842636,-21.4453,98.6133,98.6133,-59,5,5.952564,724655148
5.844627,-21.4453,97.0312,97.0312,-59,5,5.952564,724655148
5.846614,-21.4453,95.4492,95.4492,-59,5,5.952564,724655148
5.848607,-21.4453,94.0430,94.0430,-59,5,5.952564,724655148
5.850604,-21.4453,92.2852,92.2852,-59,5,5.952564,724655148
5.852596,-21.4453,90.7031,90.7031,-59,5,5.952564,724655148
5.854592,-21.4453,89.1211,89.1211,-59,5,5.952564,724655148
5.856586,-21.2695,87.3633,87.3633,-59,5,5.952564,724655148
5.858577,-21.2695,85.6055,85.6055,-59,5,5.952564,724655148
5.860573,-21.0938,83.8477,83.8477,-59,5,5.952564,724655148
5.862564,-20.9180,82.0898,82.0898,-59,5,5.952564,724655148
5.864655,-20.7422,80.3320,80.3320,-59,5,5.952564,724655148
5.866646,-20.3906,78.3984,78.3984,-59,5,5.952564,724655148
5.868636,-20.2148,76.4648,76.4648,-59,5,5.952564,724655148
5.870630,-19.8633,74.5312,74.5312,-59,5,5.952564,724655148
5.872619,-19.5117,72.5977,72.5977,-59,5,5.952564,724655148
5.874610,-19.1602,70.6641,70.6641,-59,5,5.952564,724655148
5.876604,-18.8086,68.5547,68.5547,-59,5,5.952564,724655148
5.878596,-18.4570,66.4453,66.4453,-59,5,5.952564,724655148
5.880592,-17.9297,64.3359,64.3359,-59,5,5.952564,724655148
5.882595,-17.4023,62.0508,62.0508,-59,5,5.952564,724655148
5.884588,-16.8750,59.7656,59.7656,-59,5,5.952564,724655148
5.886578,-16.3477,57.4805,57.4805,-59,5,5.952564,724655148
5.888632,-15.6445,55.1953,55.1953,-59,5,5.952564,724655148
5.890619,-14.9414,52.7344,52.7344,-59,5,5.952564,724655148
5.892614,-14.0625,50.2734,50.2734,-59,5,5.952564,724655148
5.894569,-13.3594,47.8125,47.8125,-59,5,5.952564,724655148
5.896656,-12.3047,45.1758,45.1758,-59,5,5.952564,724655148
5.898651,-11.4258,42.5391,42.5391,-59,5,5.952564,724655148
5.900569,-10.3711,39.9023,39.9023,-59,5,5.952564,724655148
5.902573,-9.3164,37.0898,37.0898,-59,5,5.952564,724655148
5.907421,-6.3281,30.0586,30.0586,-59,5,5.952564,724655148
5.907962,-5.9766,29.3555,29.3555,-59,5,5.952564,724655148
5.908600,-5.4492,28.3008,28.3008,-59,5,5.952564,724655148
5.910604,-4.0430,25.3125,25.3125,-59,5,5.952564,724655148
5.912607,-2.4609,22.1484,22.1484,-59,5,5.952564,724655148
5.914636,-1.0547,18.9844,18.9844,-59,5,5.952564,724655148
5.916636,0.5273,15.6445,15.6445,-59,5,5.952564,724655148
5.918636,2.2852,12.4805,12.4805,-59,5,5.952564,724655148
5.920636,3.8672,9.1406,9.1406,-59,5,5.952564,724655148
5.922636,5.4492,5.9766,5.9766,-59,5,5.952564,724655148
5.924636,7.2070,2.6367,2.6367,-59,5,5.952564,724655148
5.926646,8.7891,-0.7031,-0.7031,-59,5,5.952564,724655148
5.928564,10.1953,-3.6914,-3.6914,-59,5,5.952564,724655148
5.930655,11.7773,-6.8555,-6.8555,-59,5,5.952564,724655148
5.932655,13.1836,-9.8438,-9.8438,-59,5,5.952564,724655148
5.934658,14.5898,-13.0078,-13.0078,-59,5,5.952564,724655148
5.936622,15.8203,-15.8203,-15.8203,-59,5,5.952564,724655148
5.938632,17.0508,-18.8086,-18.8086,-59,5,5.952564,724655148
5.940598,18.1055,-21.6211,-21.6211,-59,5,5.952564,724655148
5.944815,20.3906,-27.4219,-27.4219,-59,5,6.192629,724898871
5.946113,21.0938,-29.0039,-29.0039,-59,5,6.192629,724898871
5.946854,21.4453,-29.8828,-29.8828,-59,5,6.192629,724898871
5.948626,22.1484,-32.1680,-32.1680,-59,5,6.192629,724898871
5.950656,23.0273,-34.6289,-34.6289,-59,5,6.192629,724898871
5.952651,23.7305,-37.0898,-37.0898,-59,5,6.192629,724898871
5.954564,24.4336,-39.5508,-39.5508,-59,5,6.192629,724898871
5.956608,25.1367,-41.8359,-41.8359,-59,5,6.192629,724898871
5.958565,25.8398,-44.1211,-44.1211,-59,5,6.192629,724898871
5.960609,26.3672,-46.5820,-46.5820,-59,5,6.192629,724898871
5.962606,27.0703,-48.6914,-48.6914,-58,5,6.192629,724898871
5.964636,27.5977,-50.8008,-50.8008,-58,5,6.192629,724898871
5.966619,28.1250,-52.9102,-52.9102,-58,5,6.192629,724898871
5.968605,28.4766,-55.0195,-55.0195,-58,5,6.192629,724898871
5.970607,29.0039,-57.3047,-57.3047,-58,5,6.192629,724898871
5.972595,29.3555,-59.2383,-59.2383,-58,5,6.192629,724898871
5.974581,29.7070,-61.1719,-61.1719,-58,5,6.192629,724898871
5.976663,30.0586,-63.2812,-63.2812,-58,5,6.192629,724898871
5.978607,30.4102,-65.0391,-65.0391,-58,5,6.192629,724898871
5.980592,30.7617,-66.9727,-66.9727,-58,5,6.192629,724898871
5.982600,30.9375,-68.7305,-68.7305,-58,5,6.192629,724898871
5.984586,31.2891,-70.6641,-70.6641,-58,5,6.192629,724898871
5.986573,31.4648,-72.4219,-72.4219,-58,5,6.192629,724898871
5.988653,31.8164,-74.3555,-74.3555,-58,5,6.192629,724898871
5.990608,31.9922,-76.1133,-76.1133,-58,5,6.192629,724898871
5.992607,32.1680,-77.6953,-77.6953,-58,5,6.192629,724898871
5.994594,32.3438,-79.4531,-79.4531,-58,5,6.192629,724898871
5.996579,32.5195,-81.0352,-81.0352,-58,5,6.192629,724898871
5.998588,32.6953,-82.7930,-82.7930,-58,5,6.192629,724898871
6.000617,32.8711,-84.3750,-84.3750,-58,5,6.192629,724898871
6.002607,33.0469,-85.9570,-85.9570,-58,5,6.192629,724898871
6.007867,33.3984,-89.8242,-89.8242,-58,5,6.192629,724898871
6.008454,33.3984,-90.3516,-90.3516,-58,5,6.192629,724898871
6.008869,33.3984,-90.5273,-90.5273,-58,5,6.192629,724898871
6.010657,33.3984,-91.9336,-91.9336,-58,5,6.192629,724898871
6.012636,33.5742,-93.3398,-93.3398,-58,5,6.192629,724898871
6.014619,33.5742,-94.7461,-94.7461,-58,5,6.192629,724898871
6.016636,33.7500,-96.1523,-96.1523,-58,5,6.192629,724898871
6.018619,33.7500,-97.5586,-97.5586,-58,5,6.192629,724898871
6.020604,33.9258,-98.9648,-98.9648,-58,5,6.192629,724898871
6.022592,33.9258,-100.1953,-100.1953,-58,5,6.192629,724898871
6.024578,34.1016,-101.6016,-101.6016,-58,5,6.192629,724898871
6.026564,34.1016,-102.8320,-102.8320,-58,5,6.192629,724898871
6.028644,34.1016,-104.0625,-104.0625,-58,5,6.192629,724898871
6.030631,34.2773,-105.2930,-105.2930,-58,5,6.192629,724898871
6.032615,34.2773,-106.5234,-106.5234,-58,5,6.192629,724898871
6.034604,34.2773,-107.7539,-107.7539,-58,5,6.192629,724898871
6.036592,34.4531,-108.8086,-108.8086,-58,5,6.192629,724898871
6.038586,34.4531,-109.8633,-109.8633,-58,5,6.192629,724898871
6.040573,34.4531,-110.9180,-110.9180,-58,5,6.192629,724898871
6.042655,34.6289,-112.1484,-112.1484,-58,5,6.192629,724898871
6.044636,34.6289,-113.2031,-113.2031,-58,5,6.192629,724898871
6.046619,34.8047,-114.2578,-114.2578,-58,5,6.192629,724898871
6.048604,34.8047,-115.1367,-115.1367,-58,5,6.192629,724898871
6.050592,34.8047,-116.1914,-116.1914,-58,5,6.192629,724898871
6.052578,34.9805,-117.0703,-117.0703,-58,5,6.192629,724898871
6.054564,34.9805,-117.9492,-117.9492,-58,5,6.192629,724898871
6.056645,35.1562,-119.0039,-119.0039,-58,5,6.192629,724898871
6.058631,35.1562,-119.8828,-119.8828,-58,5,6.192629,724898871
6.060615,35.3320,-120.5859,-120.5859,-58,5,6.192629,724898871
6.062604,35.5078,-121.4648,-121.4648,-58,5,6.192629,724898871
6.064592,35.5078,-122.3438,-122.3438,-58,5,6.192629,724898871
6.066579,35.6836,-123.0469,-123.0469,-58,5,6.192629,724898871
6.068658,35.8594,-123.9258,-123.9258,-58,5,6.192629,724898871
6.070646,35.8594,-124.6289,-124.6289,-58,5,6.192629,724898871
6.072629,36.2109,-125.3320,-125.3320,-58,5,6.192629,724898871
6.074614,36.2109,-126.0352,-126.0352,-58,5,6.192629,724898871
6.076598,36.3867,-126.5625,-126.5625,-58,5,6.192629,724898871
6.078589,36.5625,-127.0898,-127.0898,-58,5,6.192629,724898871
6.080573,36.7383,-127.7930,-127.7930,-58,5,6.192629,724898871
6.082575,36.9141,-128.3203,-128.3203,-58,5,6.192629,724898871
6.084653,37.0898,-128.8477,-128.8477,-58,5,6.192629,724898871
6.086636,37.4414,-129.3750,-129.3750,-58,5,6.192629,724898871
6.088619,37.6172,-129.9023,-129.9023,-57,5,6.192629,724898871
6.090607,37.7930,-130.4297,-130.4297,-57,5,6.192629,724898871
6.092592,38.1445,-130.7812,-130.7812,-57,5,6.192629,724898871
6.094655,38.3203,-131.1328,-131.1328,-57,5,6.192629,724898871
6.096636,38.6719,-131.6602,-131.6602,-57,5,6.192629,724898871
6.098654,39.0234,-132.0117,-132.0117,-57,5,6.192629,724898871
6.100636,39.1992,-132.3633,-132.3633,-57,5,6.192629,724898871
6.102619,39.5508,-132.5391,-132.5391,-57,5,6.192629,724898871
6.107441,40.4297,-133.2422,-133.2422,-57,5,6.192629,724898871
6.107966,40.4297,-133.2422,-133.2422,-57,5,6.192629,724898871
6.108581,40.6055,-133.2422,-133.2422,-57,5,6.192629,724898871
6.110569,40.9570,-133.4180,-133.4180,-57,5,6.192629,724898871
6.112650,41.3086,-133.5938,-133.5938,-57,5,6.192629,724898871
6.114636,41.6602,-133.7695,-133.7695,-57,5,6.192629,724898871
6.116619,42.0117,-133.7695,-133.7695,-57,5,6.192629,724898871
6.118607,42.5391,-133.9453,-133.9453,-57,5,6.192629,724898871
6.120592,42.8906,-133.9453,-133.9453,-57,5,6.192629,724898871
6.122610,43.2422,-133.9453,-133.9453,-57,5,6.192629,724898871
6.124595,43.7695,-133.9453,-133.9453,-57,5,6.192629,724898871
6.126586,44.1211,-133.9453,-133.9453,-57,5,6.192629,724898871
6.128573,44.6484,-133.9453,-133.9453,-57,5,6.192629,724898871
6.130657,45.1758,-133.7695,-133.7695,-57,5,6.192629,724898871
6.132636,45.5273,-133.7695,-133.7695,-57,5,6.192629,724898871
6.134619,46.0547,-133.4180,-133.4180,-57,5,6.192629,724898871
6.136604,46.5820,-133.2422,-133.2422,-56,5,6.192629,724898871
6.138592,47.1094,-133.0664,-133.0664,-56,5,6.192629,724898871
6.140577,47.6367,-132.8906,-132.8906,-56,5,6.192629,724898871
6.142564,48.1641,-132.7148,-132.7148,-56,5,6.192629,724898871
6.144651,48.8672,-132.3633,-132.3633,-56,5,6.192629,724898871
6.146636,49.3945,-132.0117,-132.0117,-56,5,6.192629,724898871
6.148619,49.9219,-131.6602,-131.6602,-56,5,6.192629,724898871
6.150607,50.4492,-131.3086,-131.3086,-56,5,6.192629,724898871
6.152592,51.1523,-130.9570,-130.9570,-54,5,6.192629,724898871
6.154578,51.6797,-130.4297,-130.4297,-52,5,6.192629,724898871
6.156657,52.3828,-130.0781,-130.0781,-50,5,6.192629,724898871
6.158645,52.9102,-129.5508,-129.5508,-48,5,6.192629,724898871
6.160628,53.6133,-129.0234,-129.0234,-47,5,6.192629,724898871
6.162614,54.1406,-128.4961,-128.4961,-45,5,6.192629,724898871
6.164612,54.6680,-127.9688,-127.9688,55,5,6.192629,724898871
6.166600,55.3711,-127.4414,-127.4414,55,5,6.192629,724898871
6.168586,55.8984,-126.9141,-126.9141,55,5,6.192629,724898871
6.170573,56.6016,-126.2109,-126.2109,55,5,6.192629,724898871
6.172640,57.3047,-125.5078,-125.5078,55,5,6.192629,724898871
6.174604,57.8320,-124.9805,-124.9805,55,5,6.192629,724898871
6.176655,58.3594,-124.2773,-124.2773,55,5,6.192629,724898871
6.178640,59.0625,-123.5742,-123.5742,55,5,6.192629,724898871
6.180580,59.5898,-122.8711,-122.8711,55,5,6.192629,724898871
6.182586,60.1172,-122.1680,-122.1680,55,5,6.192629,724898871
6.184670,60.8203,-121.4648,-121.4648,55,5,6.192629,724898871
6.189298,62.0508,-119.7070,-119.7070,54,5,6.429073,725129514
6.190061,62.2266,-119.3555,-119.3555,54,5,6.429073,725129514
6.190762,62.4023,-119.0039,-119.0039,54,5,6.429073,725129514
6.192575,62.9297,-118.3008,-118.3008,54,5,6.429073,725129514
6.194624,63.4570,-117.5977,-117.5977,54,5,6.429073,725129514
6.196626,63.9844,-116.5430,-116.5430,54,5,6.429073,725129514
6.198607,64.5117,-115.8398,-115.8398,54,5,6.429073,725129514
6.200626,65.0391,-114.7852,-114.7852,54,5,6.429073,725129514
6.202582,65.5664,-114.0820,-114.0820,54,5,6.429073,725129514
6.208083,66.9727,-111.2695,-111.2695,54,5,6.429073,725129514
6.208919,67.1484,-110.9180,-110.9180,53,5,6.429073,725129514
6.209357,67.3242,-110.7422,-110.7422,53,5,6.429073,725129514
6.210652,67.6758,-110.0391,-110.0391,53,5,6.429073,725129514
6.212583,68.0273,-109.1602,-109.1602,53,5,6.429073,725129514
6.214641,68.5547,-108.1055,-108.1055,53,5,6.429073,725129514
6.216614,68.9062,-107.0508,-107.0508,53,5,6.429073,725129514
6.218587,69.4336,-105.9961,-105.9961,53,5,6.429073,725129514
6.220649,69.7852,-104.7656,-104.7656,53,5,6.429073,725129514
6.222628,70.3125,-103.7109,-103.7109,53,5,6.429073,725129514
6.224601,70.6641,-102.6562,-102.6562,53,5,6.429073,725129514
6.226572,71.0156,-101.4258,-101.4258,53,5,6.429073,725129514
6.228631,71.5430,-100.1953,-100.1953,53,5,6.429073,725129514
6.230610,71.8945,-98.9648,-98.9648,53,5,6.429073,725129514
6.232584,72.2461,-97.9102,-97.9102,53,5,6.429073,725129514
6.234641,72.5977,-96.5039,-96.5039,53,5,6.429073,725129514
6.236614,72.9492,-95.2734,-95.2734,53,5,6.429073,725129514
6.238587,73.3008,-94.0430,-94.0430,52,5,6.429073,725129514
6.240649,73.4766,-92.6367,-92.6367,52,5,6.429073,725129514
6.242628,73.8281,-91.2305,-91.2305,52,5,6.429073,725129514
6.244601,74.1797,-89.8242,-89.8242,52,5,6.429073,725129514
6.246572,74.3555,-88.5938,-88.5938,52,5,6.429073,725129514
6.248631,74.7070,-87.0117,-87.0117,52,5,6.429073,725129514
6.250610,74.8828,-85.6055,-85.6055,52,5,6.429073,725129514
6.252584,75.0586,-84.1992,-84.1992,52,5,6.429073,725129514
6.254641,75.4102,-82.6172,-82.6172,52,5,6.429073,725129514
6.256614,75.5859,-81.2109,-81.2109,52,5,6.429073,725129514
6.258587,75.7617,-79.6289,-79.6289,52,5,6.429073,725129514
6.260649,75.9375,-78.0469,-78.0469,52,5,6.429073,725129514
6.262628,76.1133,-76.4648,-76.4648,52,5,6.429073,725129514
6.264601,76.2891,-74.8828,-74.8828,52,5,6.429073,725129514
6.266573,76.2891,-73.1250,-73.1250,52,5,6.429073,725129514
6.268632,76.2891,-71.3672,-71.3672,52,5,6.429073,725129514
6.270610,76.4648,-69.7852,-69.7852,52,5,6.429073,725129514
6.272584,76.4648,-68.0273,-68.0273,52,5,6.429073,725129514
6.274641,76.4648,-66.0938,-66.0938,52,5,6.429073,725129514
6.276614,76.4648,-64.3359,-64.3359,52,5,6.429073,725129514
6.278587,76.4648,-62.4023,-62.4023,52,5,6.429073,725129514
6.280650,76.4648,-60.6445,-60.6445,52,5,6.429073,725129514
6.282645,76.2891,-58.7109,-58.7109,52,5,6.429073,725129514
6.284616,76.2891,-56.6016,-56.6016,52,5,6.429073,725129514
6.286587,76.1133,-54.6680,-54.6680,52,5,6.429073,725129514
6.288649,75.7617,-52.5586,-52.5586,52,5,6.429073,725129514
6.290630,75.5859,-50.4492,-50.4492,52,5,6.429073,725129514
6.292601,75.4102,-48.5156,-48.5156,52,5,6.429073,725129514
6.294573,75.0586,-46.2305,-46.2305,52,5,6.429073,725129514
6.296632,74.7070,-44.1211,-44.1211,52,5,6.429073,725129514
6.298601,74.3555,-41.8359,-41.8359,52,5,6.429073,725129514
6.300624,73.8281,-39.5508,-39.5508,52,5,6.429073,725129514
6.302614,73.4766,-37.0898,-37.0898,52,5,6.429073,725129514
6.307359,72.0703,-31.2891,-31.2891,52,5,6.429073,725129514
6.307903,71.8945,-30.5859,-30.5859,53,5,6.429073,725129514
6.308614,71.7188,-29.7070,-29.7070,53,5,6.429073,725129514
6.310598,71.0156,-27.0703,-27.0703,53,5,6.429073,725129514
6.312610,70.1367,-24.4336,-24.4336,53,5,6.429073,725129514
6.314596,69.2578,-21.7969,-21.7969,53,5,6.429073,725129514
6.316580,68.3789,-18.9844,-18.9844,53,5,6.429073,725129514
6.318651,67.3242,-15.9961,-15.9961,53,5,6.429073,725129514
6.320645,66.4453,-13.0078,-13.0078,53,5,6.429073,725129514
6.322627,65.2148,-10.0195,-10.0195,54,5,6.429073,725129514
6.324609,63.9844,-6.8555,-6.8555,54,5,6.429073,725129514
6.326596,62.7539,-3.8672,-3.8672,54,5,6.429073,725129514
6.328580,61.3477,-0.5273,-0.5273,54,5,6.429073,725129514
6.330651,59.9414,2.8125,2.8125,54,5,6.429073,725129514
6.332645,58.5352,6.1523,6.1523,55,5,6.429073,725129514
6.334627,57.1289,9.4922,9.4922,55,5,6.429073,725129514
6.336609,55.5469,12.8320,12.8320,55,5,6.429073,725129514
6.338596,54.1406,15.9961,15.9961,55,5,6.429073,725129514
6.340580,52.7344,19.3359,19.3359,55,5,6.429073,725129514
6.342651,51.1523,22.8516,22.8516,56,5,6.429073,725129514
6.344645,49.9219,25.8398,25.8398,56,5,6.429073,725129514
6.346627,48.5156,29.0039,29.0039,56,5,6.429073,725129514
6.348609,47.4609,32.1680,32.1680,56,5,6.429073,725129514
6.350596,46.2305,35.1562,35.1562,56,5,6.429073,725129514
6.352580,45.1758,38.1445,38.1445,56,5,6.429073,725129514
6.354637,44.1211,41.1328,41.1328,0,5,6.429073,725129514
6.356610,43.2422,43.9453,43.9453,0,5,6.429073,725129514
6.358580,42.1875,46.7578,46.7578,0,5,6.429073,725129514
6.360626,41.4844,49.5703,49.5703,0,5,6.429073,725129514
6.362591,40.7812,52.0312,52.0312,0,5,6.429073,725129514
6.364632,40.0781,54.6680,54.6680,0,5,6.429073,725129514
6.366598,39.3750,57.1289,57.1289,0,5,6.429073,725129514
6.368641,38.8477,59.5898,59.5898,0,5,6.429073,725129514
6.370605,38.3203,62.0508,62.0508,0,5,6.429073,725129514
6.372649,37.7930,64.5117,64.5117,0,5,6.429073,725129514
6.374630,37.4414,66.7969,66.7969,57,5,6.429073,725129514
6.376602,37.0898,69.0820,69.0820,57,5,6.429073,725129514
6.378577,36.7383,71.1914,71.1914,58,5,6.429073,725129514
6.380616,36.3867,73.4766,73.4766,0,5,6.429073,725129514
6.382589,36.2109,75.5859,75.5859,0,5,6.429073,725129514
6.384630,35.8594,77.6953,77.6953,0,5,6.429073,725129514
6.386596,35.6836,79.8047,79.8047,0,5,6.429073,725129514
6.388641,35.5078,81.9141,81.9141,0,5,6.429073,725129514
6.390605,35.1562,83.8477,83.8477,0,5,6.429073,725129514
6.392649,35.1562,85.9570,85.9570,0,5,6.429073,725129514
6.394630,34.9805,87.7148,87.7148,58,5,6.429073,725129514
6.396601,34.8047,89.6484,89.6484,58,5,6.429073,725129514
6.398573,34.8047,91.5820,91.5820,58,5,6.429073,725129514
6.400621,34.8047,93.5156,93.5156,58,5,6.429073,725129514
6.402606,34.8047,95.2734,95.2734,58,5,6.429073,725129514
6.407420,34.6289,99.4922,99.4922,58,5,6.429073,725129514
6.407923,34.6289,100.0195,100.0195,0,5,6.429073,725129514
6.408604,34.6289,100.5469,100.5469,0,5,6.429073,725129514
6.410575,34.6289,102.3047,102.3047,0,5,6.429073,725129514
6.412653,34.8047,103.8867,103.8867,0,5,6.429073,725129514
6.414636,34.8047,105.6445,105.6445,58,5,6.429073,725129514
6.419163,34.8047,109.3359,109.3359,58,5,6.665006,725369087
6.420445,34.9805,110.2148,110.2148,58,5,6.665006,725369087
6.421162,34.9805,110.7422,110.7422,58,5,6.665006,725369087
6.422638,34.9805,111.9727,111.9727,58,5,6.665006,725369087
6.424568,35.1562,113.3789,113.3789,58,5,6.665006,725369087
6.426570,35.1562,114.7852,114.7852,58,5,6.665006,725369087
6.428644,35.3320,116.3672,116.3672,58,5,6.665006,725369087
6.430627,35.5078,117.7734,117.7734,58,5,6.665006,725369087
6.432599,35.5078,119.1797,119.1797,58,5,6.665006,725369087
6.434618,35.6836,120.5859,120.5859,0,5,6.665006,725369087
6.436627,35.8594,121.9922,121.9922,58,5,6.665006,725369087
6.438644,36.0352,123.3984,123.3984,58,5,6.665006,725369087
6.440599,36.2109,124.6289,124.6289,58,5,6.665006,725369087
6.442585,36.2109,125.8594,125.8594,58,5,6.665006,725369087
6.444569,36.3867,127.0898,127.0898,58,5,6.665006,725369087
6.446644,36.5625,128.4961,128.4961,58,5,6.665006,725369087
6.448567,36.7383,129.7266,129.7266,58,5,6.665006,725369087
6.450591,36.9141,130.9570,130.9570,58,5,6.665006,725369087
6.452594,37.0898,132.0117,132.0117,0,5,6.665006,725369087
6.454652,37.2656,133.2422,133.2422,0,5,6.665006,725369087
6.456644,37.2656,134.2969,134.2969,57,5,6.665006,725369087
6.458626,37.6172,135.3516,135.3516,57,5,6.665006,725369087
6.460592,37.6172,136.5820,136.5820,57,5,6.665006,725369087
6.462596,37.7930,137.4609,137.4609,57,5,6.665006,725369087
6.464604,37.9688,138.5156,138.5156,57,5,6.665006,725369087
6.466606,38.1445,139.5703,139.5703,57,5,6.665006,725369087
6.468610,38.3203,140.4492,140.4492,57,5,6.665006,725369087
6.470615,38.3203,141.5039,141.5039,57,5,6.665006,725369087
6.472620,38.4961,142.3828,142.3828,57,5,6.665006,725369087
6.474625,38.6719,143.2617,143.2617,57,5,6.665006,725369087
6.476628,38.6719,144.3164,144.3164,57,5,6.665006,725369087
6.478633,38.8477,145.0195,145.0195,57,5,6.665006,725369087
6.480633,39.0234,145.8984,145.8984,57,5,6.665006,725369087
6.482656,39.0234,146.7773,146.7773,57,5,6.665006,725369087
6.484660,39.0234,147.4805,147.4805,57,5,6.665006,725369087
6.486570,39.1992,148.1836,148.1836,57,5,6.665006,725369087
6.488576,39.1992,148.8867,148.8867,57,5,6.665006,725369087
6.490585,39.1992,149.5898,149.5898,57,5,6.665006,725369087
6.492593,39.3750,150.2930,150.2930,57,5,6.665006,725369087
6.494606,39.3750,150.9961,150.9961,57,5,6.665006,725369087
6.496610,39.3750,151.5234,151.5234,57,5,6.665006,725369087
6.498570,39.3750,152.2266,152.2266,57,5,6.665006,725369087
6.500580,39.3750,152.7539,152.7539,57,5,6.665006,725369087
6.502618,39.3750,153.2812,153.2812,57,5,6.665006,725369087
6.507829,39.3750,154.5117,154.5117,57,5,6.665006,725369087
6.508472,39.3750,154.6875,154.6875,57,5,6.665006,725369087
6.508922,39.1992,154.8633,154.8633,57,5,6.665006,725369087
6.510645,39.1992,155.2148,155.2148,57,5,6.665006,725369087
6.512592,39.1992,155.5664,155.5664,57,5,6.665006,725369087
6.514596,39.0234,155.9180,155.9180,57,5,6.665006,725369087
6.516604,39.0234,156.2695,156.2695,57,5,6.665006,725369087
6.518606,38.8477,156.6211,156.6211,57,5,6.665006,725369087
6.520649,38.6719,156.9727,156.9727,57,5,6.665006,725369087
6.522652,38.4961,157.1484,157.1484,57,5,6.665006,725369087
6.524657,38.3203,157.3242,157.3242,57,5,6.665006,725369087
6.526569,38.3203,157.6758,157.6758,57,5,6.665006,725369087
6.528570,38.1445,157.6758,157.6758,57,5,6.665006,725369087
6.530577,37.7930,157.8516,157.8516,57,5,6.665006,725369087
6.532585,37.6172,158.0273,158.0273,57,5,6.665006,725369087
6.534591,37.4414,158.0273,158.0273,57,5,6.665006,725369087
6.536596,37.0898,158.2031,158.2031,57,5,6.665006,725369087
6.538604,36.9141,158.2031,158.2031,58,5,6.665006,725369087
6.540606,36.5625,158.2031,158.2031,58,5,6.665006,725369087
6.542610,36.3867,158.2031,158.2031,58,5,6.665006,725369087
6.544615,36.0352,158.2031,158.2031,58,5,6.665006,725369087
6.546620,35.6836,158.0273,158.0273,58,5,6.665006,725369087
6.548625,35.5078,158.0273,158.0273,58,5,6.665006,725369087
6.550628,34.9805,157.8516,157.8516,58,5,6.665006,725369087
6.552628,34.8047,157.6758,157.6758,58,5,6.665006,725369087
6.554628,34.2773,157.5000,157.5000,58,5,6.665006,725369087
6.556628,33.9258,157.3242,157.3242,58,5,6.665006,725369087
6.558628,33.5742,156.9727,156.9727,58,5,6.665006,725369087
6.560628,33.2227,156.7969,156.7969,58,5,6.665006,725369087
6.562633,32.6953,156.4453,156.4453,58,5,6.665006,725369087
6.564633,32.3438,156.0938,156.0938,58,5,6.665006,725369087
6.566633,31.8164,155.7422,155.7422,58,5,6.665006,725369087
6.568633,31.4648,155.3906,155.3906,58,5,6.665006,725369087
6.570633,30.9375,155.0391,155.0391,58,5,6.665006,725369087
6.572633,30.4102,154.5117,154.5117,58,5,6.665006,725369087
6.574633,29.8828,154.1602,154.1602,58,5,6.665006,725369087
6.576633,29.5312,153.6328,153.6328,58,5,6.665006,725369087
6.578633,29.0039,153.1055,153.1055,58,5,6.665006,725369087
6.580633,28.4766,152.5781,152.5781,58,5,6.665006,725369087
6.582653,27.9492,151.8750,151.8750,-58,5,6.665006,725369087
6.584658,27.4219,151.3477,151.3477,-58,5,6.665006,725369087
6.586569,27.0703,150.8203,150.8203,-58,5,6.665006,725369087
6.588570,26.3672,150.1172,150.1172,-58,5,6.665006,725369087
6.590577,26.0156,149.5898,149.5898,-58,5,6.665006,725369087
6.592586,25.4883,148.8867,148.8867,-59,5,6.665006,725369087
6.594594,24.9609,148.1836,148.1836,-59,5,6.665006,725369087
6.596597,24.4336,147.4805,147.4805,-59,5,6.665006,725369087
6.598603,23.9062,146.7773,146.7773,-59,5,6.665006,725369087
6.600606,23.5547,146.0742,146.0742,-59,5,6.665006,725369087
6.602610,23.0273,145.3711,145.3711,-59,5,6.665006,725369087
6.607395,21.7969,143.6133,143.6133,-59,5,6.665006,725369087
6.607983,21.7969,143.2617,143.2617,-59,5,6.665006,725369087
6.608628,21.6211,143.0859,143.0859,-59,5,6.665006,725369087
6.610628,21.0938,142.2070,142.2070,-59,5,6.665006,725369087
6.612628,20.7422,141.3281,141.3281,-59,5,6.665006,725369087
6.614628,20.2148,140.4492,140.4492,-59,5,6.665006,725369087
6.616628,19.8633,139.7461,139.7461,-59,5,6.665006,725369087
6.618603,19.3359,138.8672,138.8672,-59,5,6.665006,725369087
6.620606,18.9844,137.9883,137.9883,-59,5,6.665006,725369087
6.622610,18.6328,136.9336,136.9336,-59,5,6.665006,725369087
6.624644,18.1055,136.0547,136.0547,-59,5,6.665006,725369087
6.626649,17.7539,135.1758,135.1758,-59,5,6.665006,725369087
6.628653,17.4023,134.1211,134.1211,-59,5,6.665006,725369087
6.630649,16.8750,133.0664,133.0664,-59,5,6.665006,725369087
6.632629,16.5234,132.0117,132.0117,-59,5,6.665006,725369087
6.634606,16.1719,131.1328,131.1328,-59,5,6.665006,725369087
6.636587,15.8203,130.0781,130.0781,-59,5,6.665006,725369087
6.638570,15.4688,129.0234,129.0234,-59,5,6.665006,725369087
6.640644,15.1172,127.7930,127.7930,-59,5,6.665006,725369087
6.642626,14.9414,126.7383,126.7383,-59,5,6.665006,725369087
6.644634,14.5898,125.5078,125.5078,-59,5,6.665006,725369087
6.646572,14.2383,124.4531,124.4531,-59,5,6.665006,725369087
6.648644,13.8867,123.2227,123.2227,-59,5,6.665006,725369087
6.650626,13.7109,121.9922,121.9922,-59,5,6.665006,725369087
6.652625,13.3594,120.7617,120.7617,-59,5,6.665006,725369087
6.654616,13.1836,119.5312,119.5312,-59,5,6.665006,725369087
6.658754,12.6562,116.8945,116.8945,-59,5,6.926490,725632888
6.660019,12.4805,116.0156,116.0156,-59,5,6.926490,725632888
6.660736,12.4805,115.6641,115.6641,-59,5,6.926490,725632888
6.662948,12.1289,114.0820,114.0820,-59,5,6.926490,725632888
6.664646,11.9531,113.0273,113.0273,-59,5,6.926490,725632888
6.666643,11.7773,111.6211,111.6211,-59,5,6.926490,725632888
6.668668,11.6016,110.0391,110.0391,-59,5,6.926490,725632888
6.670650,11.6016,108.6328,108.6328,-59,5,6.926490,725632888
6.672637,11.4258,107.2266,107.2266,-59,5,6.926490,725632888
6.674647,11.2500,105.8203,105.8203,-59,5,6.926490,725632888
6.676575,11.0742,104.4141,104.4141,-59,5,6.926490,725632888
6.678572,11.0742,102.8320,102.8320,-59,5,6.926490,725632888
6.680570,11.0742,101.2500,101.2500,-59,5,6.926490,725632888
6.682631,10.8984,99.6680,99.6680,-59,5,6.926490,725632888
6.684622,10.8984,98.0859,98.0859,-59,5,6.926490,725632888
6.686627,10.8984,96.3281,96.3281,-59,5,6.926490,725632888
6.688621,10.8984,94.7461,94.7461,-59,5,6.926490,725632888
6.690569,10.8984,92.9883,92.9883,-59,5,6.926490,725632888
6.692644,10.8984,91.2305,91.2305,-59,5,6.926490,725632888
6.694627,10.8984,89.4727,89.4727,-59,5,6.926490,725632888
6.696633,11.0742,87.7148,87.7148,-59,5,6.926490,725632888
6.698658,11.2500,85.7812,85.7812,-59,5,6.926490,725632888
6.700605,11.2500,84.0234,84.0234,-59,5,6.926490,725632888
6.702595,11.6016,82.0898,82.0898,-59,5,6.926490,725632888
6.707908,12.1289,76.8164,76.8164,-59,5,6.926490,725632888
6.708694,12.3047,76.1133,76.1133,-59,5,6.926490,725632888
6.709117,12.3047,75.7617,75.7617,-59,5,6.926490,725632888
6.710615,12.4805,74.1797,74.1797,-59,5,6.926490,725632888
6.712607,12.8320,72.0703,72.0703,-59,5,6.926490,725632888
6.714598,13.1836,69.9609,69.9609,-59,5,6.926490,725632888
6.716592,13.5352,67.8516,67.8516,-59,5,6.926490,725632888
6.718586,14.0625,65.7422,65.7422,-59,5,6.926490,725632888
6.720621,14.5898,63.4570,63.4570,-59,5,6.926490,725632888
6.722613,15.1172,60.9961,60.9961,-59,5,6.926490,725632888
6.724607,15.6445,58.7109,58.7109,-59,5,6.926490,725632888
6.726598,16.3477,56.2500,56.2500,-59,5,6.926490,725632888
6.728592,17.0508,53.7891,53.7891,-59,5,6.926490,725632888
6.730589,17.7539,51.3281,51.3281,-59,5,6.926490,725632888
6.732578,18.6328,48.6914,48.6914,-59,5,6.926490,725632888
6.734575,19.5117,46.0547,46.0547,-59,5,6.926490,725632888
6.736569,20.3906,43.4180,43.4180,-59,5,6.926490,725632888
6.738592,21.4453,40.6055,40.6055,-59,5,6.926490,725632888
6.740595,22.6758,37.7930,37.7930,-59,5,6.926490,725632888
6.742598,23.7305,34.8047,34.8047,-59,5,6.926490,725632888
6.744604,25.1367,31.8164,31.8164,-59,5,6.926490,725632888
6.746607,26.3672,28.6523,28.6523,-59,5,6.926490,725632888
6.748610,27.7734,25.4883,25.4883,-58,5,6.926490,725632888
6.750614,29.3555,22.3242,22.3242,-58,5,6.926490,725632888
6.752614,30.9375,19.1602,19.1602,-58,5,6.926490,725632888
6.754614,32.5195,15.8203,15.8203,-58,5,6.926490,725632888
6.756614,34.1016,12.4805,12.4805,-58,5,6.926490,725632888
6.758614,35.8594,9.1406,9.1406,-58,5,6.926490,725632888
6.760614,37.6172,5.8008,5.8008,-58,5,6.926490,725632888
6.762614,39.1992,2.4609,2.4609,-57,5,6.926490,725632888
6.764614,40.7812,-0.8789,-0.8789,-57,5,6.926490,725632888
6.766614,42.3633,-4.2188,-4.2188,-57,5,6.926490,725632888
6.768614,43.7695,-7.3828,-7.3828,-57,5,6.926490,725632888
6.770619,45.1758,-10.5469,-10.5469,-57,5,6.926490,725632888
6.772619,46.5820,-13.5352,-13.5352,-57,5,6.926490,725632888
6.774619,47.8125,-16.5234,-16.5234,-56,5,6.926490,725632888
6.776619,49.0430,-19.5117,-19.5117,-56,5,6.926490,725632888
6.778619,50.2734,-22.3242,-22.3242,-56,5,6.926490,725632888
6.780619,51.3281,-25.1367,-25.1367,-55,5,6.926490,725632888
6.782631,52.3828,-27.9492,-27.9492,-52,5,6.926490,725632888
6.784631,53.2617,-30.5859,-30.5859,-48,5,6.926490,725632888
6.786631,54.1406,-33.2227,-33.2227,-46,5,6.926490,725632888
6.788631,54.8438,-35.6836,-35.6836,-43,5,6.926490,725632888
6.790636,55.7227,-38.3203,-38.3203,-41,5,6.926490,725632888
6.792636,56.4258,-40.6055,-40.6055,-38,5,6.926490,725632888
6.794636,56.9531,-43.0664,-43.0664,-37,5,6.926490,725632888
6.796636,57.6562,-45.5273,-45.5273,-36,5,6.926490,725632888
6.798636,58.1836,-47.8125,-47.8125,-34,5,6.926490,725632888
6.800627,58.7109,-50.0977,-50.0977,-32,5,6.926490,725632888
6.802614,59.2383,-52.2070,-52.2070,-30,5,6.926490,725632888
6.807456,60.1172,-57.3047,-57.3047,-29,5,6.926490,725632888
6.807993,60.2930,-58.0078,-58.0078,-26,5,6.926490,725632888
6.808615,60.2930,-58.5352,-58.5352,-26,5,6.926490,725632888
6.810659,60.8203,-60.6445,-60.6445,-26,5,6.926490,725632888
6.812604,60.9961,-62.7539,-62.7539,-24,5,6.926490,725632888
6.814596,61.3477,-64.6875,-64.6875,-24,5,6.926490,725632888
6.816592,61.5234,-66.6211,-66.6211,-22,5,6.926490,725632888
6.818586,61.8750,-68.5547,-68.5547,-22,5,6.926490,725632888
6.820577,62.0508,-70.3125,-70.3125,-21,5,6.926490,725632888
6.822570,62.2266,-72.2461,-72.2461,-20,5,6.926490,725632888
6.824656,62.4023,-74.1797,-74.1797,-20,5,6.926490,725632888
6.826651,62.5781,-75.9375,-75.9375,-20,5,6.926490,725632888
6.828641,62.5781,-77.6953,-77.6953,-20,5,6.926490,725632888
6.830631,62.7539,-79.4531,-79.4531,-20,5,6.926490,725632888
6.832619,62.9297,-81.0352,-81.0352,-19,5,6.926490,725632888
6.834613,62.9297,-82.7930,-82.7930,-19,5,6.926490,725632888
6.836607,62.9297,-84.3750,-84.3750,-19,5,6.926490,725632888
6.838598,62.9297,-85.9570,-85.9570,-19,5,6.926490,725632888
6.840592,63.1055,-87.5391,-87.5391,-19,5,6.926490,725632888
6.842586,63.1055,-89.1211,-89.1211,-18,5,6.926490,725632888
6.844577,63.1055,-90.7031,-90.7031,-18,5,6.926490,725632888
6.846570,63.1055,-92.2852,-92.2852,-18,5,6.926490,725632888
6.848656,63.1055,-93.8672,-93.8672,-18,5,6.926490,725632888
6.850651,63.1055,-95.2734,-95.2734,-18,5,6.926490,725632888
6.852640,63.1055,-96.8555,-96.8555,-18,5,6.926490,725632888
6.854631,62.9297,-98.2617,-98.2617,-18,5,6.926490,725632888
6.856619,62.9297,-99.6680,-99.6680,-19,5,6.926490,725632888
6.858610,62.9297,-100.8984,-100.8984,-19,5,6.926490,725632888
6.860604,62.7539,-102.3047,-102.3047,-19,5,6.926490,725632888
6.862595,62.7539,-103.7109,-103.7109,-19,5,6.926490,725632888
6.864592,62.5781,-104.9414,-104.9414,-19,5,6.926490,725632888
6.866586,62.5781,-106.3477,-106.3477,-20,5,6.926490,725632888
6.868577,62.4023,-107.5781,-107.5781,-20,5,6.926490,725632888
6.870570,62.4023,-108.8086,-108.8086,-20,5,6.926490,725632888
6.872656,62.2266,-110.0391,-110.0391,-20,5,6.926490,725632888
6.874650,62.2266,-111.2695,-111.2695,-20,5,6.926490,725632888
6.876636,62.0508,-112.3242,-112.3242,-20,5,6.926490,725632888
6.878627,61.8750,-113.5547,-113.5547,-20,5,6.926490,725632888
6.880614,61.6992,-114.7852,-114.7852,-21,5,6.926490,725632888
6.882618,61.5234,-115.8398,-115.8398,-21,5,6.926490,725632888
6.884609,61.5234,-116.8945,-116.8945,-22,5,6.926490,725632888
6.886604,61.3477,-117.9492,-117.9492,-22,5,6.926490,725632888
6.888668,61.1719,-119.1797,-119.1797,-22,5,6.926490,725632888
6.890596,60.9961,-120.0586,-120.0586,-23,5,6.926490,725632888
6.892650,60.9961,-121.1133,-121.1133,-24,5,6.926490,725632888
6.894584,60.8203,-122.1680,-122.1680,-24,5,6.926490,725632888
6.896575,60.6445,-123.2227,-123.2227,-24,5,6.926490,725632888
6.898618,60.4688,-124.1016,-124.1016,-25,5,6.926490,725632888
6.900609,60.4688,-124.9805,-124.9805,-25,5,6.926490,725632888
6.902599,60.2930,-125.8594,-125.8594,-25,5,6.926490,725632888
6.907525,59.9414,-128.1445,-128.1445,-26,5,6.926490,725632888
6.908065,59.9414,-128.3203,-128.3203,-27,5,6.926490,725632888
6.908593,59.9414,-128.4961,-128.4961,-27,5,6.926490,725632888
6.910588,59.7656,-129.3750,-129.3750,-27,5,6.926490,725632888
6.912662,59.5898,-130.2539,-130.2539,-27,5,6.926490,725632888
6.914597,59.5898,-130.9570,-130.9570,-28,5,6.926490,725632888
6.916640,59.4141,-131.8359,-131.8359,-28,5,6.926490,725632888
6.918653,59.4141,-132.5391,-132.5391,-28,5,6.926490,725632888
6.923153,59.0625,-134.1211,-134.1211,-28,5,7.192032,725880440
6.924088,59.0625,-134.4727,-134.4727,-29,5,7.192032,725880440
6.924728,59.0625,-134.6484,-134.6484,-29,5,7.192032,725880440
6.926644,58.8867,-135.3516,-135.3516,-29,5,7.192032,725880440
6.928602,58.8867,-135.8789,-135.8789,-30,5,7.192032,725880440
6.930603,58.7109,-136.5820,-136.5820,-30,5,7.192032,725880440
6.932583,58.7109,-137.2852,-137.2852,-30,5,7.192032,725880440
6.934615,58.7109,-137.8125,-137.8125,-30,5,7.192032,725880440
6.936642,58.5352,-138.3398,-138.3398,-30,5,7.192032,725880440
6.938614,58.5352,-138.8672,-138.8672,-31,5,7.192032,725880440
6.940607,58.3594,-139.3945,-139.3945,-31,5,7.192032,725880440
6.942609,58.3594,-139.9219,-139.9219,-31,5,7.192032,725880440
6.944612,58.3594,-140.4492,-140.4492,-31,5,7.192032,725880440
6.946618,58.3594,-140.9766,-140.9766,-31,5,7.192032,725880440
6.948624,58.3594,-141.3281,-141.3281,-31,5,7.192032,725880440
6.950630,58.3594,-141.6797,-141.6797,-31,5,7.192032,725880440
6.952636,58.3594,-142.2070,-142.2070,-31,5,7.192032,725880440
6.954642,58.3594,-142.5586,-142.5586,-31,5,7.192032,725880440
6.956651,58.3594,-142.9102,-142.9102,-31,5,7.192032,725880440
6.958564,58.3594,-143.2617,-143.2617,-31,5,7.192032,725880440
6.960581,58.3594,-143.6133,-143.6133,-31,5,7.192032,725880440
6.962587,58.3594,-143.7891,-143.7891,-31,5,7.192032,725880440
6.964596,58.3594,-144.1406,-144.1406,-31,5,7.192032,725880440
6.966603,58.5352,-144.4922,-144.4922,-31,5,7.192032,725880440
6.968612,58.5352,-144.6680,-144.6680,-31,5,7.192032,725880440
6.970618,58.7109,-145.0195,-145.0195,-31,5,7.192032,725880440
6.972624,58.7109,-145.1953,-145.1953,-30,5,7.192032,725880440
6.974630,58.7109,-145.3711,-145.3711,-30,5,7.192032,725880440
6.976636,58.8867,-145.5469,-145.5469,-30,5,7.192032,725880440
6.978646,58.8867,-145.7227,-145.7227,-30,5,7.192032,725880440
6.980655,59.0625,-145.7227,-145.7227,-30,5,7.192032,725880440
6.982581,59.2383,-145.8984,-145.8984,-29,5,7.192032,725880440
6.984599,59.2383,-145.8984,-145.8984,-29,5,7.192032,725880440
6.986606,59.4141,-146.0742,-146.0742,-29,5,7.192032,725880440
6.988612,59.5898,-146.0742,-146.0742,-28,5,7.192032,725880440
6.990618,59.7656,-146.0742,-146.0742,-28,5,7.192032,725880440
6.992624,59.9414,-146.0742,-146.0742,-27,5,7.192032,725880440
6.994630,60.1172,-146.0742,-146.0742,-27,5,7.192032,725880440
6.996636,60.1172,-146.0742,-146.0742,-26,5,7.192032,725880440
6.998564,60.2930,-146.0742,-146.0742,-26,5,7.192032,725880440
7.000581,60.4688,-146.0742,-146.0742,-26,5,7.192032,725880440
7.002587,60.8203,-146.0742,-146.0742,-25,5,7.192032,725880440
7.007790,61.3477,-145.7227,-145.7227,-24,5,7.192032,725880440
7.008433,61.3477,-145.7227,-145.7227,-22,5,7.192032,725880440
7.008880,61.3477,-145.7227,-145.7227,-22,5,7.192032,725880440
7.010615,61.5234,-145.5469,-145.5469,-22,5,7.192032,725880440
7.012624,61.8750,-145.3711,-145.3711,-22,5,7.192032,725880440
7.014571,62.0508,-145.1953,-145.1953,-21,5,7.192032,725880440
7.016620,62.2266,-145.0195,-145.0195,-20,5,7.192032,725880440
7.018573,62.5781,-144.8438,-144.8438,-20,5,7.192032,725880440
7.020590,62.7539,-144.6680,-144.6680,54,5,7.192032,725880440
7.022610,62.9297,-144.3164,-144.3164,54,5,7.192032,725880440
7.024612,63.2812,-144.1406,-144.1406,54,5,7.192032,725880440
7.026618,63.4570,-143.7891,-143.7891,54,5,7.192032,725880440
7.028623,63.8086,-143.6133,-143.6133,54,5,7.192032,725880440
7.030629,63.9844,-143.2617,-143.2617,54,5,7.192032,725880440
7.032635,64.1602,-143.0859,-143.0859,54,5,7.192032,725880440
7.034642,64.5117,-142.7344,-142.7344,54,5,7.192032,725880440
7.036646,64.6875,-142.3828,-142.3828,54,5,7.192032,725880440
7.038650,65.0391,-142.2070,-142.2070,54,5,7.192032,725880440
7.040605,65.2148,-141.6797,-141.6797,54,5,7.192032,725880440
7.042619,65.3906,-141.5039,-141.5039,54,5,7.192032,725880440
7.044624,65.7422,-140.9766,-140.9766,54,5,7.192032,725880440
7.046630,65.9180,-140.8008,-140.8008,54,5,7.192032,725880440
7.048636,66.0938,-140.2734,-140.2734,54,5,7.192032,725880440
7.050642,66.2695,-139.9219,-139.9219,54,5,7.192032,725880440
7.052647,66.4453,-139.5703,-139.5703,54,5,7.192032,725880440
7.054656,66.7969,-139.0430,-139.0430,54,5,7.192032,725880440
7.056568,66.9727,-138.6914,-138.6914,53,5,7.192032,725880440
7.058587,67.1484,-138.1641,-138.1641,53,5,7.192032,725880440
7.060597,67.3242,-137.8125,-137.8125,53,5,7.192032,725880440
7.062606,67.5000,-137.2852,-137.2852,53,5,7.192032,725880440
7.064611,67.8516,-136.7578,-136.7578,53,5,7.192032,725880440
7.066617,68.0273,-136.2305,-136.2305,53,5,7.192032,725880440
7.068622,68.2031,-135.8789,-135.8789,53,5,7.192032,725880440
7.070624,68.3789,-135.3516,-135.3516,53,5,7.192032,725880440
7.072630,68.5547,-134.6484,-134.6484,53,5,7.192032,725880440
7.074620,68.7305,-134.1211,-134.1211,53,5,7.192032,725880440
7.076604,69.0820,-133.5938,-133.5938,53,5,7.192032,725880440
7.078586,69.2578,-133.0664,-133.0664,53,5,7.192032,725880440
7.080570,69.4336,-132.5391,-132.5391,53,5,7.192032,725880440
7.082651,69.6094,-131.8359,-131.8359,53,5,7.192032,725880440
7.084646,69.7852,-131.3086,-131.3086,53,5,7.192032,725880440
7.086624,69.9609,-130.6055,-130.6055,53,5,7.192032,725880440
7.088610,70.1367,-129.9023,-129.9023,53,5,7.192032,725880440
7.090597,70.3125,-129.1992,-129.1992,53,5,7.192032,725880440
7.092582,70.4883,-128.6719,-128.6719,53,5,7.192032,725880440
7.094570,70.6641,-127.9688,-127.9688,53,5,7.192032,725880440
7.096642,70.8398,-127.0898,-127.0898,53,5,7.192032,725880440
7.098633,71.0156,-126.3867,-126.3867,53,5,7.192032,725880440
7.100612,71.1914,-125.6836,-125.6836,53,5,7.192032,725880440
7.102599,71.3672,-124.9805,-124.9805,53,5,7.192032,725880440
7.107500,71.7188,-122.8711,-122.8711,53,5,7.192032,725880440
7.108083,71.7188,-122.6953,-122.6953,53,5,7.192032,725880440
7.108599,71.7188,-122.5195,-122.5195,53,5,7.192032,725880440
7.110587,71.8945,-121.8164,-121.8164,53,5,7.192032,725880440
7.112570,72.0703,-120.7617,-120.7617,53,5,7.192032,725880440
7.114642,72.0703,-119.8828,-119.8828,53,5,7.192032,725880440
7.116632,72.2461,-119.0039,-119.0039,53,5,7.192032,725880440
7.118569,72.4219,-118.3008,-118.3008,53,5,7.192032,725880440
7.120578,72.4219,-117.2461,-117.2461,53,5,7.192032,725880440
7.122651,72.5977,-116.3672,-116.3672,53,5,7.192032,725880440
7.124642,72.7734,-115.3125,-115.3125,53,5,7.192032,725880440
7.126624,72.7734,-114.4336,-114.4336,52,5,7.192032,725880440
7.128606,72.9492,-113.3789,-113.3789,52,5,7.192032,725880440
7.130592,72.9492,-112.3242,-112.3242,52,5,7.192032,725880440
7.132573,73.1250,-111.2695,-111.2695,52,5,7.192032,725880440
7.134642,73.1250,-110.2148,-110.2148,52,5,7.192032,725880440
7.136645,73.3008,-109.1602,-109.1602,52,5,7.192032,725880440
7.138582,73.3008,-108.1055,-108.1055,52,5,7.192032,725880440
7.140649,73.3008,-107.0508,-107.0508,52,5,7.192032,725880440
7.142588,73.4766,-105.8203,-105.8203,52,5,7.192032,725880440
7.144623,73.4766,-104.5898,-104.5898,52,5,7.192032,725880440
7.146569,73.4766,-103.5352,-103.5352,52,5,7.192032,725880440
7.148637,73.4766,-102.3047,-102.3047,52,5,7.192032,725880440
7.150647,73.4766,-101.0742,-101.0742,52,5,7.192032,725880440
7.152614,73.4766,-99.8438,-99.8438,52,5,7.192032,725880440
7.154587,73.4766,-98.6133,-98.6133,52,5,7.192032,725880440
7.156649,73.4766,-97.2070,-97.2070,52,5,7.192032,725880440
7.158628,73.4766,-95.9766,-95.9766,52,5,7.192032,725880440
7.160601,73.4766,-94.5703,-94.5703,52,5,7.192032,725880440
7.162573,73.4766,-93.3398,-93.3398,52,5,7.192032,725880440
7.164633,73.3008,-91.9336,-91.9336,52,5,7.192032,725880440
7.170067,73.1250,-87.8906,-87.8906,52,5,7.438040,726139917
7.171410,72.9492,-87.0117,-87.0117,52,5,7.438040,726139917
7.172127,72.9492,-86.3086,-86.3086,52,5,7.438040,726139917
7.172829,72.9492,-85.9570,-85.9570,52,5,7.438040,726139917
7.174625,72.7734,-84.5508,-84.5508,52,5,7.438040,726139917
7.176656,72.5977,-82.9688,-82.9688,52,5,7.438040,726139917
7.178656,72.4219,-81.3867,-81.3867,53,5,7.438040,726139917
7.180654,72.2461,-79.8047,-79.8047,53,5,7.438040,726139917
7.182580,72.0703,-78.3984,-78.3984,53,5,7.438040,726139917
7.184577,71.8945,-76.6406,-76.6406,53,5,7.438040,726139917
7.186606,71.5430,-74.8828,-74.8828,53,5,7.438040,726139917
7.188608,71.3672,-73.3008,-73.3008,53,5,7.438040,726139917
7.190605,71.0156,-71.5430,-71.5430,53,5,7.438040,726139917
7.192617,70.8398,-69.7852,-69.7852,53,5,7.438040,726139917
7.194631,70.4883,-67.8516,-67.8516,53,5,7.438040,726139917
7.196639,70.1367,-66.0938,-66.0938,53,5,7.438040,726139917
7.198645,69.7852,-64.3359,-64.3359,53,5,7.438040,726139917
7.201055,69.2578,-62.0508,-62.0508,53,5,7.438040,726139917
7.202589,68.9062,-60.4688,-60.4688,53,5,7.438040,726139917
7.208191,67.5000,-55.0195,-55.0195,53,5,7.438040,726139917
7.208792,67.3242,-54.3164,-54.3164,53,5,7.438040,726139917
7.209222,67.3242,-53.7891,-53.7891,53,5,7.438040,726139917
7.210620,66.7969,-52.3828,-52.3828,53,5,7.438040,726139917
7.212644,66.2695,-50.2734,-50.2734,53,5,7.438040,726139917
7.214626,65.5664,-48.1641,-48.1641,54,5,7.438040,726139917
7.216606,65.0391,-46.0547,-46.0547,54,5,7.438040,726139917
7.218587,64.1602,-43.7695,-43.7695,54,5,7.438040,726139917
7.220609,63.4570,-41.4844,-41.4844,54,5,7.438040,726139917
7.222604,62.5781,-39.1992,-39.1992,54,5,7.438040,726139917
7.224638,61.6992,-36.7383,-36.7383,54,5,7.438040,726139917
7.226628,60.8203,-34.2773,-34.2773,54,5,7.438040,726139917
7.228621,59.7656,-31.8164,-31.8164,54,5,7.438040,726139917
7.230610,58.7109,-29.1797,-29.1797,55,5,7.438040,726139917
7.232604,57.4805,-26.5430,-26.5430,55,5,7.438040,726139917
7.234598,56.2500,-23.9062,-23.9062,55,5,7.438040,726139917
7.236592,55.0195,-21.2695,-21.2695,55,5,7.438040,726139917
7.238585,53.6133,-18.4570,-18.4570,55,5,7.438040,726139917
7.240580,52.2070,-15.4688,-15.4688,55,5,7.438040,726139917
7.242570,50.6250,-12.4805,-12.4805,56,5,7.438040,726139917
7.244660,49.0430,-9.3164,-9.3164,56,5,7.438040,726139917
7.246652,47.2852,-6.3281,-6.3281,56,5,7.438040,726139917
7.248644,45.5273,-3.1641,-3.1641,56,5,7.438040,726139917
7.250633,43.7695,0.1758,0.1758,57,5,7.438040,726139917
7.252626,41.8359,3.3398,3.3398,57,5,7.438040,726139917
7.254620,39.9023,6.6797,6.6797,57,5,7.438040,726139917
7.256610,37.9688,10.0195,10.0195,57,5,7.438040,726139917
7.258604,36.0352,13.3594,13.3594,57,5,7.438040,726139917
7.260596,34.1016,16.5234,16.5234,58,5,7.438040,726139917
7.262591,32.1680,19.8633,19.8633,58,5,7.438040,726139917
7.264585,30.2344,23.0273,23.0273,58,5,7.438040,726139917
7.266581,28.4766,26.3672,26.3672,58,5,7.438040,726139917
7.268570,26.7188,29.3555,29.3555,58,5,7.438040,726139917
7.270660,25.1367,32.6953,32.6953,58,5,7.438040,726139917
7.272652,23.5547,35.6836,35.6836,59,5,7.438040,726139917
7.274644,21.9727,38.4961,38.4961,59,5,7.438040,726139917
7.276633,20.5664,41.4844,41.4844,59,5,7.438040,726139917
7.278625,19.1602,44.2969,44.2969,59,5,7.438040,726139917
7.280618,17.9297,46.9336,46.9336,59,5,7.438040,726139917
7.282615,16.6992,49.7461,49.7461,59,5,7.438040,726139917
7.284596,15.6445,52.3828,52.3828,59,5,7.438040,726139917
7.286577,14.4141,55.0195,55.0195,59,5,7.438040,726139917
7.288653,13.3594,57.4805,57.4805,59,5,7.438040,726139917
7.290616,12.4805,59.9414,59.9414,0,5,7.438040,726139917
7.292585,11.6016,62.4023,62.4023,0,5,7.438040,726139917
7.294644,10.7227,64.8633,64.8633,0,5,7.438040,726139917
7.296610,10.0195,67.1484,67.1484,0,5,7.438040,726139917
7.298570,9.1406,69.4336,69.4336,0,5,7.438040,726139917
7.300628,8.4375,71.7188,71.7188,0,5,7.438040,726139917
7.302594,7.7344,73.8281,73.8281,0,5,7.438040,726139917
7.307369,6.3281,78.9258,78.9258,0,5,7.438040,726139917
7.307867,6.1523,79.4531,79.4531,0,5,7.438040,726139917
7.308569,5.9766,80.3320,80.3320,0,5,7.438040,726139917
7.310629,5.4492,82.4414,82.4414,0,5,7.438040,726139917
7.312594,4.9219,84.3750,84.3750,0,5,7.438040,726139917
7.314653,4.5703,86.3086,86.3086,0,5,7.438040,726139917
7.316585,4.0430,88.2422,88.2422,59,5,7.438040,726139917
7.318569,3.5156,90.1758,90.1758,59,5,7.438040,726139917
7.320644,3.1641,92.1094,92.1094,59,5,7.438040,726139917
7.322585,2.8125,94.0430,94.0430,59,5,7.438040,726139917
7.324569,2.4609,95.8008,95.8008,59,5,7.438040,726139917
7.326628,2.1094,97.5586,97.5586,0,5,7.438040,726139917
7.328592,1.7578,99.3164,99.3164,0,5,7.438040,726139917
7.330652,1.4062,101.2500,101.2500,0,5,7.438040,726139917
7.332615,1.2305,102.8320,102.8320,0,5,7.438040,726139917
7.334580,0.8789,104.5898,104.5898,0,5,7.438040,726139917
7.336642,0.7031,106.3477,106.3477,0,5,7.438040,726139917
7.338626,0.3516,107.9297,107.9297,59,5,7.438040,726139917
7.340606,0.1758,109.5117,109.5117,59,5,7.438040,726139917
7.342588,0.0000,110.9180,110.9180,59,5,7.438040,726139917
7.344570,-0.3516,112.6758,112.6758,60,5,7.438040,726139917
7.346628,-0.3516,114.0820,114.0820,0,5,7.438040,726139917
7.348594,-0.7031,115.6641,115.6641,0,5,7.438040,726139917
7.350652,-0.8789,117.2461,117.2461,0,5,7.438040,726139917
7.352615,-1.0547,118.6523,118.6523,0,5,7.438040,726139917
7.354580,-1.0547,120.0586,120.0586,0,5,7.438040,726139917
7.356642,-1.2305,121.4648,121.4648,0,5,7.438040,726139917
7.358625,-1.4062,122.8711,122.8711,59,5,7.438040,726139917
7.360606,-1.5820,124.2773,124.2773,59,5,7.438040,726139917
7.362588,-1.7578,125.5078,125.5078,59,5,7.438040,726139917
7.364570,-1.9336,126.9141,126.9141,59,5,7.438040,726139917
7.366644,-1.9336,128.1445,128.1445,59,5,7.438040,726139917
7.368626,-2.1094,129.5508,129.5508,59,5,7.438040,726139917
7.370606,-2.2852,130.6055,130.6055,59,5,7.438040,726139917
7.372587,-2.4609,131.8359,131.8359,59,5,7.438040,726139917
7.374570,-2.4609,133.0664,133.0664,59,5,7.438040,726139917
7.376644,-2.6367,134.2969,134.2969,59,5,7.438040,726139917
7.378628,-2.8125,135.5273,135.5273,59,5,7.438040,726139917
7.380594,-2.9883,136.5820,136.5820,59,5,7.438040,726139917
7.382609,-3.1641,137.6367,137.6367,59,5,7.438040,726139917
7.384610,-3.1641,138.6914,138.6914,59,5,7.438040,726139917
7.386615,-3.3398,139.7461,139.7461,59,5,7.438040,726139917
7.388657,-3.5156,140.8008,140.8008,59,5,7.438040,726139917
7.390577,-3.6914,141.8555,141.8555,59,5,7.438040,726139917
7.392595,-3.8672,142.7344,142.7344,59,5,7.438040,726139917
7.394610,-4.0430,143.7891,143.7891,59,5,7.438040,726139917
7.396626,-4.2188,144.6680,144.6680,59,5,7.438040,726139917
7.398636,-4.5703,145.5469,145.5469,59,5,7.438040,726139917
7.400653,-4.5703,146.4258,146.4258,59,5,7.438040,726139917
7.402573,-4.9219,147.3047,147.3047,59,5,7.438040,726139917
7.407441,-5.4492,149.2383,149.2383,59,5,7.438040,726139917
7.408034,-5.4492,149.4141,149.4141,59,5,7.438040,726139917
7.408580,-5.6250,149.5898,149.5898,59,5,7.438040,726139917
7.410596,-5.8008,150.2930,150.2930,59,5,7.438040,726139917
7.412611,-5.9766,150.9961,150.9961,59,5,7.438040,726139917
7.414661,-6.3281,151.6992,151.6992,59,5,7.438040,726139917
7.416583,-6.6797,152.4023,152.4023,59,5,7.438040,726139917
7.418592,-6.8555,153.1055,153.1055,59,5,7.438040,726139917
7.420651,-7.2070,153.6328,153.6328,59,5,7.438040,726139917
7.422602,-7.3828,154.1602,154.1602,59,5,7.438040,726139917
7.424581,-7.9102,154.8633,154.8633,59,5,7.438040,726139917
7.429566,-8.6133,155.9180,155.9180,59,5,7.668754,726373089
7.430913,-8.9648,156.2695,156.2695,59,5,7.668754,726373089
7.431674,-9.1406,156.4453,156.4453,59,5,7.668754,726373089
7.432610,-9.3164,156.6211,156.6211,59,5,7.668754,726373089
7.434598,-9.6680,157.1484,157.1484,59,5,7.668754,726373089
7.436660,-10.0195,157.5000,157.5000,59,5,7.668754,726373089
7.438604,-10.3711,157.8516,157.8516,59,5,7.668754,726373089
7.440606,-10.8984,158.0273,158.0273,59,5,7.668754,726373089
7.442569,-11.2500,158.3789,158.3789,59,5,7.668754,726373089
7.444648,-11.7773,158.7305,158.7305,59,5,7.668754,726373089
7.447075,-12.3047,159.0820,159.0820,59,5,7.668754,726373089
7.448626,-12.8320,159.0820,159.0820,59,5,7.668754,726373089
7.450585,-13.1836,159.2578,159.2578,59,5,7.668754,726373089
7.452639,-13.7109,159.4336,159.4336,59,5,7.668754,726373089
7.454564,-14.2383,159.6094,159.6094,59,5,7.668754,726373089
7.456578,-14.7656,159.6094,159.6094,59,5,7.668754,726373089
7.458595,-15.2930,159.7852,159.7852,59,5,7.668754,726373089
7.460614,-15.9961,159.7852,159.7852,59,5,7.668754,726373089
7.462636,-16.5234,159.7852,159.7852,59,5,7.668754,726373089
7.464564,-17.0508,159.7852,159.7852,59,5,7.668754,726373089
7.466578,-17.7539,159.7852,159.7852,59,5,7.668754,726373089
7.468595,-18.2812,159.6094,159.6094,59,5,7.668754,726373089
7.470610,-18.9844,159.4336,159.4336,59,5,7.668754,726373089
7.472626,-19.6875,159.4336,159.4336,59,5,7.668754,726373089
7.474636,-20.2148,159.2578,159.2578,59,5,7.668754,726373089
7.476654,-20.9180,159.0820,159.0820,59,5,7.668754,726373089
7.478573,-21.6211,158.7305,158.7305,59,5,7.668754,726373089
7.480592,-22.3242,158.5547,158.5547,59,5,7.668754,726373089
7.482626,-23.0273,158.2031,158.2031,59,5,7.668754,726373089
7.484640,-23.7305,157.8516,157.8516,59,5,7.668754,726373089
7.486592,-24.4336,157.6758,157.6758,-59,5,7.668754,726373089
7.488592,-25.1367,157.1484,157.1484,-59,5,7.668754,726373089
7.490573,-25.8398,156.7969,156.7969,-59,5,7.668754,726373089
7.492653,-26.5430,156.4453,156.4453,-59,5,7.668754,726373089
7.494631,-27.2461,156.0938,156.0938,-58,5,7.668754,726373089
7.496614,-27.9492,155.5664,155.5664,-58,5,7.668754,726373089
7.498565,-28.6523,155.2148,155.2148,-58,5,7.668754,726373089
7.500646,-29.3555,154.6875,154.6875,-58,5,7.668754,726373089
7.502626,-30.0586,154.3359,154.3359,-58,5,7.668754,726373089
7.507902,-31.8164,152.9297,152.9297,-58,5,7.668754,726373089
7.508613,-31.9922,152.7539,152.7539,-58,5,7.668754,726373089
7.509064,-32.1680,152.7539,152.7539,-58,5,7.668754,726373089
7.510593,-32.6953,152.2266,152.2266,-58,5,7.668754,726373089
7.512607,-33.3984,151.6992,151.6992,-58,5,7.668754,726373089
7.514619,-34.1016,151.1719,151.1719,-58,5,7.668754,726373089
7.516631,-34.8047,150.6445,150.6445,-58,5,7.668754,726373089
7.518650,-35.3320,149.9414,149.9414,-58,5,7.668754,726373089
7.520570,-36.0352,149.4141,149.4141,-58,5,7.668754,726373089
7.522589,-36.7383,148.7109,148.7109,-58,5,7.668754,726373089
7.524605,-37.2656,148.0078,148.0078,-58,5,7.668754,726373089
7.526619,-37.9688,147.4805,147.4805,-57,5,7.668754,726373089
7.528594,-38.4961,146.7773,146.7773,-57,5,7.668754,726373089
7.530613,-39.1992,146.0742,146.0742,-57,5,7.668754,726373089
7.532571,-39.7266,145.3711,145.3711,-57,5,7.668754,726373089
7.534592,-40.2539,144.6680,144.6680,-57,5,7.668754,726373089
7.536607,-40.9570,143.7891,143.7891,-57,5,7.668754,726373089
7.538619,-41.4844,143.0859,143.0859,-57,5,7.668754,726373089
7.540631,-42.0117,142.2070,142.2070,-57,5,7.668754,726373089
7.542651,-42.7148,141.5039,141.5039,-57,5,7.668754,726373089
7.544573,-43.2422,140.6250,140.6250,-57,5,7.668754,726373089
7.546592,-43.7695,139.7461,139.7461,-57,5,7.668754,726373089
7.548607,-44.2969,138.8672,138.8672,-57,5,7.668754,726373089
7.550624,-44.8242,137.9883,137.9883,-57,5,7.668754,726373089
7.552636,-45.3516,137.1094,137.1094,-57,5,7.668754,726373089
7.554654,-45.8789,136.2305,136.2305,-57,5,7.668754,726373089
7.556573,-46.4062,135.3516,135.3516,-57,5,7.668754,726373089
7.558592,-46.7578,134.4727,134.4727,-56,5,7.668754,726373089
7.560595,-47.2852,133.4180,133.4180,-56,5,7.668754,726373089
7.562592,-47.8125,132.3633,132.3633,-56,5,7.668754,726373089
7.564586,-48.1641,131.4844,131.4844,-56,5,7.668754,726373089
7.566577,-48.6914,130.4297,130.4297,-56,5,7.668754,726373089
7.568570,-49.2188,129.3750,129.3750,-56,5,7.668754,726373089
7.570656,-49.5703,128.3203,128.3203,-56,5,7.668754,726373089
7.572650,-50.0977,127.0898,127.0898,-56,5,7.668754,726373089
7.574640,-50.4492,126.0352,126.0352,-56,5,7.668754,726373089
7.576631,-50.8008,124.9805,124.9805,-56,5,7.668754,726373089
7.578619,-51.1523,123.7500,123.7500,-56,5,7.668754,726373089
7.580610,-51.6797,122.6953,122.6953,-56,5,7.668754,726373089
7.582611,-52.0312,121.4648,121.4648,-56,5,7.668754,726373089
7.584605,-52.3828,120.2344,120.2344,-56,5,7.668754,726373089
7.586595,-52.5586,119.0039,119.0039,-56,5,7.668754,726373089
7.588592,-52.9102,117.7734,117.7734,-56,5,7.668754,726373089
7.590586,-53.2617,116.5430,116.5430,-56,5,7.668754,726373089
7.592577,-53.6133,115.1367,115.1367,-56,5,7.668754,726373089
7.594573,-53.7891,113.9062,113.9062,-55,5,7.668754,726373089
7.596564,-54.1406,112.5000,112.5000,-55,5,7.668754,726373089
7.598655,-54.3164,111.0938,111.0938,-55,5,7.668754,726373089
7.600645,-54.4922,109.6875,109.6875,-55,5,7.668754,726373089
7.602636,-54.8438,108.2812,108.2812,-55,5,7.668754,726373089
7.607400,-55.1953,104.7656,104.7656,-55,5,7.668754,726373089
7.607925,-55.3711,104.4141,104.4141,-55,5,7.668754,726373089
7.608650,-55.3711,103.8867,103.8867,-55,5,7.668754,726373089
7.610636,-55.5469,102.3047,102.3047,-55,5,7.668754,726373089
7.612628,-55.7227,100.8984,100.8984,-55,5,7.668754,726373089
7.614651,-55.7227,99.3164,99.3164,-55,5,7.668754,726373089
7.616641,-55.8984,97.5586,97.5586,-55,5,7.668754,726373089
7.618631,-55.8984,95.9766,95.9766,-55,5,7.668754,726373089
7.620619,-55.8984,94.3945,94.3945,-55,5,7.668754,726373089
7.622610,-56.0742,92.6367,92.6367,-55,5,7.668754,726373089
7.624604,-56.0742,90.8789,90.8789,-55,5,7.668754,726373089
7.626595,-56.0742,89.1211,89.1211,-55,5,7.668754,726373089
7.628592,-56.0742,87.3633,87.3633,-55,5,7.668754,726373089
7.630642,-55.8984,85.6055,85.6055,-55,5,7.668754,726373089
7.632654,-55.8984,83.6719,83.6719,-55,5,7.668754,726373089
7.634651,-55.7227,81.9141,81.9141,-55,5,7.668754,726373089
7.636641,-55.7227,79.9805,79.9805,-55,5,7.668754,726373089
7.638631,-55.5469,77.8711,77.8711,-55,5,7.668754,726373089
7.640619,-55.1953,75.9375,75.9375,-55,5,7.668754,726373089
7.642610,-55.0195,74.0039,74.0039,-55,5,7.668754,726373089
7.644604,-54.6680,71.8945,71.8945,-55,5,7.668754,726373089
7.646596,-54.4922,69.7852,69.7852,-55,5,7.668754,726373089
7.648605,-54.1406,67.6758,67.6758,-55,5,7.668754,726373089
7.650651,-53.6133,65.2148,65.2148,-55,5,7.668754,726373089
7.652645,-53.2617,63.1055,63.1055,-55,5,7.668754,726373089
7.654590,-52.7344,60.8203,60.8203,-56,5,7.668754,726373089
7.656570,-52.2070,58.5352,58.5352,-56,5,7.668754,726373089
7.658571,-51.6797,56.0742,56.0742,-56,5,7.668754,726373089
7.662744,-50.2734,50.8008,50.8008,-56,5,7.903564,726605192
7.664005,-49.7461,49.2188,49.2188,-56,5,7.903564,726605192
7.664737,-49.3945,48.3398,48.3398,-56,5,7.903564,726605192
7.666605,-48.6914,45.8789,45.8789,-56,5,7.903564,726605192
7.668603,-47.8125,43.0664,43.0664,-56,5,7.903564,726605192
7.670570,-46.7578,40.4297,40.4297,-56,5,7.903564,726605192
7.672583,-45.7031,37.4414,37.4414,-56,5,7.903564,726605192
7.674653,-44.4727,34.4531,34.4531,-57,5,7.903564,726605192
7.676591,-43.4180,31.4648,31.4648,-57,5,7.903564,726605192
7.678666,-42.0117,28.3008,28.3008,-57,5,7.903564,726605192
7.680577,-40.7812,25.3125,25.3125,-57,5,7.903564,726605192
7.682569,-39.3750,22.1484,22.1484,-57,5,7.903564,726605192
7.684602,-37.7930,18.8086,18.8086,-57,5,7.903564,726605192
7.686650,-36.2109,15.4688,15.4688,-57,5,7.903564,726605192
7.688651,-34.6289,12.1289,12.1289,-58,5,7.903564,726605192
7.690609,-33.0469,8.7891,8.7891,-58,5,7.903564,726605192
7.692612,-31.4648,5.4492,5.4492,-58,5,7.903564,726605192
7.694614,-29.8828,2.1094,2.1094,-58,5,7.903564,726605192
7.696614,-28.3008,-1.2305,-1.2305,-58,5,7.903564,726605192
7.698628,-26.7188,-4.5703,-4.5703,-58,5,7.903564,726605192
7.700631,-25.3125,-7.7344,-7.7344,-58,5,7.903564,726605192
7.702631,-24.0820,-10.8984,-10.8984,-59,5,7.903564,726605192
7.707835,-20.7422,-18.8086,-18.8086,-59,5,7.903564,726605192
7.708421,-20.3906,-19.5117,-19.5117,-59,5,7.903564,726605192
7.708860,-20.2148,-20.2148,-20.2148,-59,5,7.903564,726605192
7.710573,-19.3359,-22.6758,-22.6758,-59,5,7.903564,726605192
7.712577,-18.2812,-25.4883,-25.4883,-59,5,7.903564,726605192
7.714580,-17.2266,-28.3008,-28.3008,-59,5,7.903564,726605192
7.716586,-16.3477,-31.1133,-31.1133,-59,5,7.903564,726605192
7.718592,-15.6445,-33.5742,-33.5742,-59,5,7.903564,726605192
7.720631,-14.7656,-36.2109,-36.2109,-59,5,7.903564,726605192
7.722631,-14.0625,-38.8477,-38.8477,-59,5,7.903564,726605192
7.724631,-13.3594,-41.3086,-41.3086,-59,5,7.903564,726605192
7.726614,-12.8320,-43.5938,-43.5938,0,5,7.903564,726605192
7.728600,-12.3047,-46.0547,-46.0547,0,5,7.903564,726605192
7.730610,-11.7773,-48.3398,-48.3398,0,5,7.903564,726605192
7.732614,-11.2500,-50.6250,-50.6250,0,5,7.903564,726605192
7.734592,-10.8984,-52.7344,-52.7344,0,5,7.903564,726605192
7.736595,-10.3711,-55.0195,-55.0195,0,5,7.903564,726605192
7.738573,-10.0195,-57.1289,-57.1289,0,5,7.903564,726605192
7.740643,-9.6680,-59.4141,-59.4141,0,5,7.903564,726605192
7.742636,-9.3164,-61.5234,-61.5234,-59,5,7.903564,726605192
7.744627,-9.1406,-63.4570,-63.4570,-59,5,7.903564,726605192
7.746614,-8.7891,-65.3906,-65.3906,-59,5,7.903564,726605192
7.748607,-8.6133,-67.3242,-67.3242,-59,5,7.903564,726605192
7.750598,-8.4375,-69.2578,-69.2578,-59,5,7.903564,726605192
7.752592,-8.0859,-71.1914,-71.1914,-59,5,7.903564,726605192
7.754586,-8.0859,-73.1250,-73.1250,-59,5,7.903564,726605192
7.756577,-7.9102,-75.0586,-75.0586,-59,5,7.903564,726605192
7.758651,-7.7344,-76.8164,-76.8164,0,5,7.903564,726605192
7.760624,-7.7344,-78.5742,-78.5742,0,5,7.903564,726605192
7.762598,-7.5586,-80.3320,-80.3320,0,5,7.903564,726605192
7.764595,-7.3828,-82.0898,-82.0898,-59,5,7.903564,726605192
7.766588,-7.3828,-83.8477,-83.8477,-59,5,7.903564,726605192
7.768578,-7.3828,-85.4297,-85.4297,-59,5,7.903564,726605192
7.770573,-7.3828,-87.1875,-87.1875,-59,5,7.903564,726605192
7.772564,-7.2070,-88.7695,-88.7695,-59,5,7.903564,726605192
7.774653,-7.2070,-90.5273,-90.5273,-59,5,7.903564,726605192
7.776645,-7.2070,-91.9336,-91.9336,-59,5,7.903564,726605192
7.778636,-7.2070,-93.6914,-93.6914,-59,5,7.903564,726605192
7.780627,-7.2070,-95.0977,-95.0977,-59,5,7.903564,726605192
7.782632,-7.2070,-96.6797,-96.6797,-59,5,7.903564,726605192
7.784626,-7.2070,-98.0859,-98.0859,-59,5,7.903564,726605192
7.786614,-7.2070,-99.4922,-99.4922,-59,5,7.903564,726605192
7.788607,-7.2070,-101.0742,-101.0742,-59,5,7.903564,726605192
7.790598,-7.3828,-102.4805,-102.4805,-59,5,7.903564,726605192
7.792592,-7.3828,-103.7109,-103.7109,-59,5,7.903564,726605192
7.794586,-7.3828,-105.1172,-105.1172,-59,5,7.903564,726605192
7.796577,-7.3828,-106.5234,-106.5234,-59,5,7.903564,726605192
7.798573,-7.3828,-107.7539,-107.7539,-59,5,7.903564,726605192
7.800564,-7.5586,-109.1602,-109.1602,-59,5,7.903564,726605192
7.802655,-7.5586,-110.3906,-110.3906,-59,5,7.903564,726605192
7.807412,-7.7344,-113.3789,-113.3789,-59,5,7.903564,726605192
7.807945,-7.7344,-113.7305,-113.7305,-59,5,7.903564,726605192
7.808572,-7.7344,-114.0820,-114.0820,-59,5,7.903564,726605192
7.810564,-7.7344,-115.1367,-115.1367,-59,5,7.903564,726605192
7.812655,-7.9102,-116.3672,-116.3672,-59,5,7.903564,726605192
7.814646,-7.9102,-117.5977,-117.5977,-59,5,7.903564,726605192
7.816636,-7.9102,-118.6523,-118.6523,-59,5,7.903564,726605192
7.818627,-7.9102,-119.7070,-119.7070,-59,5,7.903564,726605192
7.820614,-7.9102,-120.7617,-120.7617,-59,5,7.903564,726605192
7.822607,-8.0859,-121.8164,-121.8164,-59,5,7.903564,726605192
7.824598,-8.0859,-122.6953,-122.6953,-59,5,7.903564,726605192
7.826619,-8.0859,-123.7500,-123.7500,-59,5,7.903564,726605192
7.828610,-8.0859,-124.6289,-124.6289,-59,5,7.903564,726605192
7.830604,-8.0859,-125.6836,-125.6836,-59,5,7.903564,726605192
7.832596,-8.0859,-126.5625,-126.5625,-59,5,7.903564,726605192
7.834636,-8.0859,-127.4414,-127.4414,-59,5,7.903564,726605192
7.836654,-8.0859,-128.3203,-128.3203,-59,5,7.903564,726605192
7.838646,-8.0859,-129.1992,-129.1992,-59,5,7.903564,726605192
7.840636,-8.0859,-129.9023,-129.9023,-59,5,7.903564,726605192
7.842628,-8.0859,-130.7812,-130.7812,-59,5,7.903564,726605192
7.844619,-7.9102,-131.4844,-131.4844,-59,5,7.903564,726605192
7.846613,-7.9102,-132.1875,-132.1875,-59,5,7.903564,726605192
7.848607,-7.9102,-132.8906,-132.8906,-59,5,7.903564,726605192
7.850598,-7.7344,-133.5938,-133.5938,-59,5,7.903564,726605192
7.852592,-7.7344,-134.2969,-134.2969,-59,5,7.903564,726605192
7.854586,-7.5586,-134.8242,-134.8242,-59,5,7.903564,726605192
7.856577,-7.3828,-135.5273,-135.5273,-59,5,7.903564,726605192
7.858651,-7.3828,-136.0547,-136.0547,-59,5,7.903564,726605192
7.860573,-7.2070,-136.5820,-136.5820,-59,5,7.903564,726605192
7.862592,-7.0312,-137.2852,-137.2852,-59,5,7.903564,726605192
7.864607,-6.8555,-137.6367,-137.6367,-59,5,7.903564,726605192
7.866619,-6.6797,-138.1641,-138.1641,-59,5,7.903564,726605192
7.868636,-6.5039,-138.6914,-138.6914,-59,5,7.903564,726605192
7.870654,-6.3281,-139.0430,-139.0430,-59,5,7.903564,726605192
7.872573,-5.9766,-139.3945,-139.3945,-59,5,7.903564,726605192
7.874592,-5.8008,-139.7461,-139.7461,-59,5,7.903564,726605192
7.876607,-5.6250,-140.0977,-140.0977,-59,5,7.903564,726605192
7.878619,-5.2734,-140.4492,-140.4492,-59,5,7.903564,726605192
7.880631,-5.0977,-140.8008,-140.8008,-59,5,7.903564,726605192
7.882630,-4.7461,-140.9766,-140.9766,-59,5,7.903564,726605192
7.884614,-4.5703,-141.3281,-141.3281,-59,5,7.903564,726605192
7.886591,-4.2188,-141.5039,-141.5039,-59,5,7.903564,726605192
7.888622,-3.8672,-141.6797,-141.6797,-59,5,7.903564,726605192
7.890627,-3.5156,-141.8555,-141.8555,-59,5,7.903564,726605192
7.894763,-2.8125,-142.0312,-142.0312,-59,5,8.136656,726841548
7.896140,-2.4609,-142.2070,-142.2070,-59,5,8.136656,726841548
7.896917,-2.2852,-142.2070,-142.2070,-59,5,8.136656,726841548
7.898574,-1.9336,-142.2070,-142.2070,-59,5,8.136656,726841548
7.900616,-1.5820,-142.2070,-142.2070,-59,5,8.136656,726841548
7.902610,-1.0547,-142.2070,-142.2070,-59,5,8.136656,726841548
7.907908,0.0000,-142.0312,-142.0312,-59,5,8.136656,726841548
7.908546,0.1758,-142.0312,-142.0312,-60,5,8.136656,726841548
7.909064,0.3516,-142.0312,-142.0312,-59,5,8.136656,726841548
7.910591,0.7031,-141.8555,-141.8555,-59,5,8.136656,726841548
7.912958,1.2305,-141.6797,-141.6797,-59,5,8.136656,726841548
7.914628,1.7578,-141.6797,-141.6797,-59,5,8.136656,726841548
7.916609,2.2852,-141.5039,-141.5039,-59,5,8.136656,726841548
7.918576,2.6367,-141.1523,-141.1523,-59,5,8.136656,726841548
7.920638,3.3398,-140.9766,-140.9766,-59,5,8.136656,726841548
7.922643,3.8672,-140.8008,-140.8008,-59,5,8.136656,726841548
7.924657,4.3945,-140.4492,-140.4492,-59,5,8.136656,726841548
7.926573,4.9219,-140.0977,-140.0977,-59,5,8.136656,726841548
7.928592,5.6250,-139.7461,-139.7461,-59,5,8.136656,726841548
7.930607,6.1523,-139.3945,-139.3945,-59,5,8.136656,726841548
7.932636,6.6797,-138.8672,-138.8672,59,5,8.136656,726841548
7.934654,7.3828,-138.3398,-138.3398,59,5,8.136656,726841548
7.936611,7.9102,-137.9883,-137.9883,59,5,8.136656,726841548
7.938656,8.6133,-137.6367,-137.6367,59,5,8.136656,726841548
7.940575,9.1406,-137.2852,-137.2852,59,5,8.136656,726841548
7.942631,9.6680,-136.7578,-136.7578,59,5,8.136656,726841548
7.944645,10.3711,-136.2305,-136.2305,59,5,8.136656,726841548
7.946564,10.8984,-135.7031,-135.7031,59,5,8.136656,726841548
7.948578,11.4258,-135.1758,-135.1758,59,5,8.136656,726841548
7.950595,11.9531,-134.6484,-134.6484,59,5,8.136656,726841548
7.952619,12.6562,-134.1211,-134.1211,59,5,8.136656,726841548
7.954607,13.1836,-133.5938,-133.5938,59,5,8.136656,726841548
7.956594,13.7109,-133.0664,-133.0664,59,5,8.136656,726841548
7.958577,14.2383,-132.3633,-132.3633,59,5,8.136656,726841548
7.960564,14.7656,-131.8359,-131.8359,59,5,8.136656,726841548
7.962644,15.4688,-131.1328,-131.1328,59,5,8.136656,726841548
7.964631,15.9961,-130.4297,-130.4297,59,5,8.136656,726841548
7.966615,16.5234,-129.9023,-129.9023,59,5,8.136656,726841548
7.968604,17.0508,-129.1992,-129.1992,59,5,8.136656,726841548
7.970592,17.5781,-128.4961,-128.4961,59,5,8.136656,726841548
7.972578,18.1055,-127.7930,-127.7930,59,5,8.136656,726841548
7.974657,18.6328,-127.0898,-127.0898,59,5,8.136656,726841548
7.976646,19.1602,-126.3867,-126.3867,59,5,8.136656,726841548
7.978629,19.5117,-125.6836,-125.6836,59,5,8.136656,726841548
7.980614,20.0391,-124.8047,-124.8047,59,5,8.136656,726841548
7.982615,20.5664,-124.1016,-124.1016,59,5,8.136656,726841548
7.984605,21.0938,-123.3984,-123.3984,59,5,8.136656,726841548
7.986592,21.4453,-122.5195,-122.5195,59,5,8.136656,726841548
7.988578,21.9727,-121.8164,-121.8164,59,5,8.136656,726841548
7.990657,22.5000,-120.7617,-120.7617,59,5,8.136656,726841548
7.992644,22.8516,-119.8828,-119.8828,59,5,8.136656,726841548
7.994628,23.3789,-119.1797,-119.1797,59,5,8.136656,726841548
7.996614,23.7305,-118.3008,-118.3008,59,5,8.136656,726841548
7.998642,24.2578,-117.2461,-117.2461,59,5,8.136656,726841548
8.000630,24.6094,-116.3672,-116.3672,59,5,8.136656,726841548
8.002613,25.1367,-115.4883,-115.4883,59,5,8.136656,726841548
8.007541,26.0156,-113.0273,-113.0273,59,5,8.136656,726841548
8.008074,26.1914,-112.6758,-112.6758,59,5,8.136656,726841548
8.008598,26.1914,-112.3242,-112.3242,58,5,8.136656,726841548
8.010581,26.5430,-111.4453,-111.4453,58,5,8.136656,726841548
8.012569,27.0703,-110.3906,-110.3906,58,5,8.136656,726841548
8.014650,27.4219,-109.3359,-109.3359,58,5,8.136656,726841548
8.016636,27.7734,-108.1055,-108.1055,58,5,8.136656,726841548
8.018653,28.1250,-107.0508,-107.0508,58,5,8.136656,726841548
8.020636,28.4766,-105.9961,-105.9961,58,5,8.136656,726841548
8.022619,28.6523,-104.7656,-104.7656,58,5,8.136656,726841548
8.024607,29.0039,-103.7109,-103.7109,58,5,8.136656,726841548
8.026592,29.3555,-102.4805,-102.4805,58,5,8.136656,726841548
8.028578,29.5312,-101.2500,-101.2500,58,5,8.136656,726841548
8.030657,29.8828,-100.0195,-100.0195,58,5,8.136656,726841548
8.032645,30.0586,-98.7891,-98.7891,58,5,8.136656,726841548
8.034628,30.4102,-97.3828,-97.3828,58,5,8.136656,726841548
8.036614,30.5859,-96.1523,-96.1523,58,5,8.136656,726841548
8.038624,30.9375,-94.7461,-94.7461,58,5,8.136656,726841548
8.040575,31.1133,-93.5156,-93.5156,58,5,8.136656,726841548
8.042589,31.2891,-92.1094,-92.1094,58,5,8.136656,726841548
8.044577,31.4648,-90.7031,-90.7031,58,5,8.136656,726841548
8.046657,31.6406,-89.2969,-89.2969,58,5,8.136656,726841548
8.048645,31.8164,-87.8906,-87.8906,58,5,8.136656,726841548
8.050628,31.9922,-86.3086,-86.3086,58,5,8.136656,726841548
8.052614,31.9922,-84.9023,-84.9023,58,5,8.136656,726841548
8.054598,32.1680,-83.4961,-83.4961,58,5,8.136656,726841548
8.056589,32.1680,-81.9141,-81.9141,58,5,8.136656,726841548
8.058573,32.3438,-80.3320,-80.3320,58,5,8.136656,726841548
8.060656,32.3438,-78.5742,-78.5742,58,5,8.136656,726841548
8.062636,32.3438,-76.9922,-76.9922,58,5,8.136656,726841548
8.064619,32.5195,-75.4102,-75.4102,58,5,8.136656,726841548
8.066604,32.5195,-73.6523,-73.6523,58,5,8.136656,726841548
8.068592,32.5195,-72.0703,-72.0703,58,5,8.136656,726841548
8.070578,32.3438,-70.3125,-70.3125,58,5,8.136656,726841548
8.072564,32.3438,-68.5547,-68.5547,58,5,8.136656,726841548
8.074644,32.1680,-66.6211,-66.6211,58,5,8.136656,726841548
8.076631,32.1680,-64.8633,-64.8633,58,5,8.136656,726841548
8.078615,31.9922,-62.9297,-62.9297,58,5,8.136656,726841548
8.080604,31.8164,-60.9961,-60.9961,58,5,8.136656,726841548
8.082599,31.6406,-59.2383,-59.2383,58,5,8.136656,726841548
8.084592,31.2891,-57.1289,-57.1289,58,5,8.136656,726841548
8.086578,31.1133,-55.1953,-55.1953,58,5,8.136656,726841548
8.088564,30.7617,-53.0859,-53.0859,58,5,8.136656,726841548
8.090644,30.4102,-50.9766,-50.9766,58,5,8.136656,726841548
8.092631,30.0586,-48.8672,-48.8672,58,5,8.136656,726841548
8.094615,29.7070,-46.5820,-46.5820,58,5,8.136656,726841548
8.096604,29.1797,-44.4727,-44.4727,58,5,8.136656,726841548
8.098619,28.6523,-42.1875,-42.1875,58,5,8.136656,726841548
8.100619,28.1250,-39.7266,-39.7266,58,5,8.136656,726841548
8.102619,27.5977,-37.4414,-37.4414,58,5,8.136656,726841548
8.107351,25.8398,-31.4648,-31.4648,58,5,8.136656,726841548
8.107891,25.6641,-30.7617,-30.7617,59,5,8.136656,726841548
8.108626,25.3125,-29.8828,-29.8828,59,5,8.136656,726841548
8.110629,24.4336,-27.2461,-27.2461,59,5,8.136656,726841548
8.112623,23.5547,-24.6094,-24.6094,59,5,8.136656,726841548
8.114660,22.5000,-21.7969,-21.7969,59,5,8.136656,726841548
8.116636,21.4453,-18.9844,-18.9844,59,5,8.136656,726841548
8.118636,20.3906,-16.1719,-16.1719,59,5,8.136656,726841548
8.120592,19.1602,-13.1836,-13.1836,59,5,8.136656,726841548
8.122594,17.9297,-10.1953,-10.1953,59,5,8.136656,726841548
8.124665,16.3477,-6.8555,-6.8555,59,5,8.136656,726841548
8.126575,15.1172,-3.6914,-3.6914,59,5,8.136656,726841548
8.131167,11.4258,3.8672,3.8672,59,5,8.394493,727096099
8.132436,10.3711,5.9766,5.9766,59,5,8.394493,727096099
8.133181,9.8438,7.2070,7.2070,59,5,8.394493,727096099
8.134603,8.4375,10.0195,10.0195,59,5,8.394493,727096099
8.136622,6.8555,12.8320,12.8320,59,5,8.394493,727096099
8.138632,5.2734,16.3477,16.3477,59,5,8.394493,727096099
8.140588,3.6914,19.6875,19.6875,59,5,8.394493,727096099
8.142577,2.1094,22.8516,22.8516,59,5,8.394493,727096099
8.144668,0.5273,26.1914,26.1914,59,5,8.394493,727096099
8.146571,-0.8789,29.3555,29.3555,59,5,8.394493,727096099
8.148634,-2.2852,32.5195,32.5195,59,5,8.394493,727096099
8.150564,-3.5156,35.5078,35.5078,59,5,8.394493,727096099
8.152570,-4.7461,38.4961,38.4961,59,5,8.394493,727096099
8.154636,-5.9766,41.4844,41.4844,59,5,8.394493,727096099
8.156636,-7.0312,44.2969,44.2969,59,5,8.394493,727096099
8.158586,-8.0859,47.1094,47.1094,59,5,8.394493,727096099
8.160601,-9.1406,49.9219,49.9219,59,5,8.394493,727096099
8.162654,-10.0195,52.5586,52.5586,59,5,8.394493,727096099
8.164640,-10.7227,55.1953,55.1953,59,5,8.394493,727096099
8.166629,-11.6016,57.6562,57.6562,0,5,8.394493,727096099
8.168609,-12.3047,60.2930,60.2930,0,5,8.394493,727096099
8.170577,-13.0078,62.7539,62.7539,0,5,8.394493,727096099
8.172645,-13.5352,65.2148,65.2148,0,5,8.394493,727096099
8.174611,-14.0625,67.5000,67.5000,0,5,8.394493,727096099
8.176581,-14.5898,69.7852,69.7852,0,5,8.394493,727096099
8.178645,-15.1172,72.0703,72.0703,0,5,8.394493,727096099
8.180615,-15.6445,74.1797,74.1797,0,5,8.394493,727096099
8.182598,-15.9961,76.4648,76.4648,0,5,8.394493,727096099
8.184569,-16.3477,78.5742,78.5742,0,5,8.394493,727096099
8.186631,-16.6992,80.6836,80.6836,0,5,8.394493,727096099
8.188619,-17.0508,82.7930,82.7930,59,5,8.394493,727096099
8.190604,-17.2266,84.7266,84.7266,59,5,8.394493,727096099
8.192592,-17.5781,86.8359,86.8359,59,5,8.394493,727096099
8.194653,-17.7539,88.7695,88.7695,0,5,8.394493,727096099
8.196619,-17.9297,90.7031,90.7031,0,5,8.394493,727096099
8.198588,-18.1055,92.6367,92.6367,0,5,8.394493,727096099
8.200653,-18.2812,94.5703,94.5703,0,5,8.394493,727096099
8.202620,-18.4570,96.3281,96.3281,0,5,8.394493,727096099
8.208075,-18.6328,101.2500,101.2500,0,5,8.394493,727096099
8.208696,-18.6328,101.7773,101.7773,59,5,8.394493,727096099
8.209127,-18.6328,102.1289,102.1289,59,5,8.394493,727096099
8.210620,-18.8086,103.5352,103.5352,59,5,8.394493,727096099
8.212607,-18.8086,105.1172,105.1172,59,5,8.394493,727096099
8.214592,-18.8086,106.6992,106.6992,59,5,8.394493,727096099
8.216657,-18.8086,108.4570,108.4570,0,5,8.394493,727096099
8.218619,-18.8086,110.0391,110.0391,0,5,8.394493,727096099
8.220592,-18.8086,111.6211,111.6211,0,5,8.394493,727096099
8.222653,-18.8086,113.2031,113.2031,0,5,8.394493,727096099
8.224619,-18.8086,114.7852,114.7852,0,5,8.394493,727096099
8.226589,-18.8086,116.3672,116.3672,0,5,8.394493,727096099
8.228653,-18.6328,117.7734,117.7734,0,5,8.394493,727096099
8.230636,-18.6328,119.3555,119.3555,59,5,8.394493,727096099
8.232619,-18.6328,120.7617,120.7617,59,5,8.394493,727096099
8.234604,-18.6328,122.1680,122.1680,59,5,8.394493,727096099
8.236592,-18.4570,123.5742,123.5742,59,5,8.394493,727096099
8.238577,-18.4570,124.9805,124.9805,59,5,8.394493,727096099
8.240564,-18.2812,126.2109,126.2109,59,5,8.394493,727096099
8.242645,-18.1055,127.6172,127.6172,59,5,8.394493,727096099
8.244622,-17.9297,129.0234,129.0234,0,5,8.394493,727096099
8.246592,-17.9297,130.2539,130.2539,0,5,8.394493,727096099
8.248592,-17.7539,131.4844,131.4844,0,5,8.394493,727096099
8.250653,-17.7539,132.7148,132.7148,0,5,8.394493,727096099
8.252641,-17.5781,134.1211,134.1211,59,5,8.394493,727096099
8.254624,-17.4023,135.1758,135.1758,59,5,8.394493,727096099
8.256604,-17.4023,136.4062,136.4062,59,5,8.394493,727096099
8.258619,-17.2266,137.6367,137.6367,59,5,8.394493,727096099
8.260631,-17.0508,138.6914,138.6914,59,5,8.394493,727096099
8.262651,-17.0508,139.7461,139.7461,59,5,8.394493,727096099
8.264573,-16.8750,140.9766,140.9766,59,5,8.394493,727096099
8.266573,-16.6992,141.8555,141.8555,0,5,8.394493,727096099
8.268573,-16.6992,143.0859,143.0859,0,5,8.394493,727096099
8.270573,-16.5234,143.9648,143.9648,0,5,8.394493,727096099
8.272573,-16.3477,145.0195,145.0195,0,5,8.394493,727096099
8.274592,-16.3477,146.0742,146.0742,59,5,8.394493,727096099
8.276607,-16.1719,147.1289,147.1289,59,5,8.394493,727096099
8.278619,-16.1719,148.0078,148.0078,59,5,8.394493,727096099
8.280631,-15.9961,148.8867,148.8867,59,5,8.394493,727096099
8.282659,-15.8203,149.7656,149.7656,59,5,8.394493,727096099
8.284577,-15.8203,150.6445,150.6445,59,5,8.394493,727096099
8.286595,-15.8203,151.5234,151.5234,59,5,8.394493,727096099
8.288610,-15.6445,152.2266,152.2266,59,5,8.394493,727096099
8.290626,-15.6445,153.1055,153.1055,59,5,8.394493,727096099
8.292640,-15.6445,153.8086,153.8086,59,5,8.394493,727096099
8.294655,-15.6445,154.5117,154.5117,59,5,8.394493,727096099
8.296573,-15.4688,155.2148,155.2148,59,5,8.394493,727096099
8.298592,-15.4688,155.9180,155.9180,59,5,8.394493,727096099
8.300607,-15.4688,156.6211,156.6211,59,5,8.394493,727096099
8.302619,-15.4688,157.3242,157.3242,59,5,8.394493,727096099
8.307383,-15.4688,158.7305,158.7305,59,5,8.394493,727096099
8.307968,-15.6445,158.9062,158.9062,59,5,8.394493,727096099
8.308615,-15.6445,159.0820,159.0820,59,5,8.394493,727096099
8.310631,-15.6445,159.6094,159.6094,59,5,8.394493,727096099
8.312650,-15.6445,160.1367,160.1367,59,5,8.394493,727096099
8.314598,-15.8203,160.6641,160.6641,59,5,8.394493,727096099
8.316614,-15.8203,161.0156,161.0156,59,5,8.394493,727096099
8.318629,-15.9961,161.5430,161.5430,59,5,8.394493,727096099
8.320643,-16.1719,161.8945,161.8945,59,5,8.394493,727096099
8.322657,-16.3477,162.2461,162.2461,59,5,8.394493,727096099
8.324578,-16.3477,162.5977,162.5977,59,5,8.394493,727096099
8.326595,-16.5234,162.9492,162.9492,59,5,8.394493,727096099
8.328610,-16.6992,163.3008,163.3008,59,5,8.394493,727096099
8.330625,-16.8750,163.4766,163.4766,59,5,8.394493,727096099
8.332636,-17.0508,163.8281,163.8281,59,5,8.394493,727096099
8.334654,-17.4023,164.0039,164.0039,59,5,8.394493,727096099
8.336573,-17.5781,164.1797,164.1797,59,5,8.394493,727096099
8.338592,-17.7539,164.3555,164.3555,59,5,8.394493,727096099
8.340607,-18.1055,164.5312,164.5312,59,5,8.394493,727096099
8.342619,-18.4570,164.7070,164.7070,59,5,8.394493,727096099
8.344631,-18.6328,164.7070,164.7070,59,5,8.394493,727096099
8.346618,-18.9844,164.8828,164.8828,59,5,8.394493,727096099
8.348658,-19.3359,164.8828,164.8828,59,5,8.394493,727096099
8.350588,-19.6875,164.8828,164.8828,59,5,8.394493,727096099
8.352605,-20.0391,164.8828,164.8828,59,5,8.394493,727096099
8.354619,-20.3906,164.8828,164.8828,59,5,8.394493,727096099
8.356602,-20.7422,164.8828,164.8828,59,5,8.394493,727096099
8.358588,-21.0938,164.7070,164.7070,59,5,8.394493,727096099
8.360573,-21.4453,164.7070,164.7070,59,5,8.394493,727096099
8.362592,-21.9727,164.3555,164.3555,59,5,8.394493,727096099
8.364607,-22.3242,164.3555,164.3555,59,5,8.394493,727096099
8.366618,-22.8516,164.1797,164.1797,59,5,8.394493,727096099
8.368631,-23.2031,164.0039,164.0039,59,5,8.394493,727096099
8.370645,-23.7305,163.6523,163.6523,59,5,8.394493,727096099
8.372658,-24.0820,163.4766,163.4766,59,5,8.394493,727096099
8.374619,-24.6094,163.1250,163.1250,59,5,8.394493,727096099
8.376631,-25.1367,162.7734,162.7734,59,5,8.394493,727096099
8.378625,-25.6641,162.4219,162.4219,0,4,8.394493,727096099
8.381262,-26.3672,161.8945,161.8945,16,4,8.394493,727096099
8.385564,-27.4219,161.1914,161.1914,24,4,8.631824,727333232
8.386348,-27.5977,160.8398,160.8398,24,4,8.631824,727333232
8.386753,-27.7734,160.8398,160.8398,16,4,8.631824,727333232
8.388605,-28.3008,160.4883,160.4883,0,4,8.631824,727333232
8.390575,-28.8281,159.9609,159.9609,16,4,8.631824,727333232
8.392593,-29.3555,159.6094,159.6094,24,4,8.631824,727333232
8.394575,-29.8828,159.0820,159.0820,16,4,8.631824,727333232
8.396581,-30.4102,158.5547,158.5547,24,4,8.631824,727333232
8.398669,-30.9375,158.0273,158.0273,24,4,8.631824,727333232
8.400640,-31.4648,157.3242,157.3242,24,4,8.631824,727333232
8.402612,-31.9922,156.7969,156.7969,24,4,8.631824,727333232
8.408399,-33.5742,155.0391,155.0391,24,4,8.631824,727333232
8.408809,-33.7500,155.0391,155.0391,24,4,8.631824,727333232
8.409061,-33.7500,154.8633,154.8633,0,4,8.631824,727333232
8.410576,-34.2773,154.3359,154.3359,7,4,8.631824,727333232
8.412631,-34.8047,153.6328,153.6328,24,4,8.631824,727333232
8.414673,-35.3320,152.9297,152.9297,24,4,8.631824,727333232
8.416627,-35.8594,152.2266,152.2266,24,4,8.631824,727333232
8.418626,-36.5625,151.5234,151.5234,24,4,8.631824,727333232
8.420626,-37.0898,150.8203,150.8203,24,4,8.631824,727333232
8.422626,-37.6172,150.1172,150.1172,24,4,8.631824,727333232
8.424626,-38.1445,149.2383,149.2383,24,4,8.631824,727333232
8.426626,-38.6719,148.5352,148.5352,24,4,8.631824,727333232
8.428626,-39.3750,147.6562,147.6562,24,4,8.631824,727333232
8.430626,-39.9023,146.7773,146.7773,24,4,8.631824,727333232
8.432626,-40.4297,145.8984,145.8984,24,4,8.631824,727333232
8.434626,-40.9570,145.0195,145.0195,24,4,8.631824,727333232
8.436626,-41.4844,144.1406,144.1406,23,4,8.631824,727333232
8.438626,-42.0117,143.2617,143.2617,23,4,8.631824,727333232
8.440626,-42.5391,142.2070,142.2070,23,4,8.631824,727333232
8.442626,-43.0664,141.3281,141.3281,23,4,8.631824,727333232
8.444626,-43.5938,140.2734,140.2734,23,4,8.631824,727333232
8.446626,-44.1211,139.3945,139.3945,23,4,8.631824,727333232
8.448663,-44.6484,138.1641,138.1641,23,4,8.631824,727333232
8.450623,-45.1758,137.2852,137.2852,23,4,8.631824,727333232
8.452565,-45.7031,136.2305,136.2305,23,4,8.631824,727333232
8.454564,-46.2305,135.1758,135.1758,23,4,8.631824,727333232
8.456659,-46.7578,133.9453,133.9453,23,4,8.631824,727333232
8.458657,-47.1094,132.8906,132.8906,23,4,8.631824,727333232
8.460653,-47.6367,131.6602,131.6602,23,4,8.631824,727333232
8.462653,-48.1641,130.4297,130.4297,23,4,8.631824,727333232
8.464653,-48.5156,129.3750,129.3750,23,4,8.631824,727333232
8.466653,-49.0430,128.1445,128.1445,23,4,8.631824,727333232
8.468653,-49.5703,126.9141,126.9141,23,4,8.631824,727333232
8.470653,-49.9219,125.6836,125.6836,23,4,8.631824,727333232
8.472653,-50.2734,124.2773,124.2773,23,4,8.631824,727333232
8.474653,-50.8008,123.0469,123.0469,23,4,8.631824,727333232
8.476653,-51.1523,121.8164,121.8164,23,4,8.631824,727333232
8.478653,-51.6797,120.4102,120.4102,23,4,8.631824,727333232
8.480653,-52.0312,119.0039,119.0039,23,4,8.631824,727333232
8.482572,-52.3828,117.5977,117.5977,23,4,8.631824,727333232
8.484573,-52.7344,116.1914,116.1914,23,4,8.631824,727333232
8.486573,-53.0859,114.7852,114.7852,23,4,8.631824,727333232
8.488573,-53.4375,113.3789,113.3789,23,4,8.631824,727333232
8.490573,-53.6133,111.9727,111.9727,23,4,8.631824,727333232
8.492573,-53.9648,110.3906,110.3906,23,4,8.631824,727333232
8.494573,-54.3164,108.8086,108.8086,23,4,8.631824,727333232
8.496573,-54.4922,107.2266,107.2266,23,4,8.631824,727333232
8.498631,-54.8438,105.6445,105.6445,23,4,8.631824,727333232
8.500631,-55.1953,104.0625,104.0625,23,4,8.631824,727333232
8.502631,-55.3711,102.4805,102.4805,23,4,8.631824,727333232
8.507291,-55.8984,98.4375,98.4375,23,4,8.631824,727333232
8.507629,-55.8984,98.2617,98.2617,23,4,8.631824,727333232
8.508570,-55.8984,97.3828,97.3828,7,4,8.631824,727333232
8.510573,-56.0742,95.6250,95.6250,23,4,8.631824,727333232
8.512573,-56.2500,93.8672,93.8672,23,4,8.631824,727333232
8.514573,-56.4258,92.1094,92.1094,23,4,8.631824,727333232
8.516573,-56.4258,90.1758,90.1758,23,4,8.631824,727333232
8.518573,-56.6016,88.4180,88.4180,23,4,8.631824,727333232
8.520573,-56.6016,86.4844,86.4844,23,4,8.631824,727333232
8.522573,-56.6016,84.5508,84.5508,23,4,8.631824,727333232
8.524573,-56.6016,82.6172,82.6172,23,4,8.631824,727333232
8.526573,-56.6016,80.5078,80.5078,23,4,8.631824,727333232
8.528573,-56.6016,78.5742,78.5742,23,4,8.631824,727333232
8.530573,-56.6016,76.4648,76.4648,23,4,8.631824,727333232
8.532573,-56.4258,74.3555,74.3555,23,4,8.631824,727333232
8.534573,-56.4258,72.2461,72.2461,23,4,8.631824,727333232
8.536573,-56.2500,69.9609,69.9609,23,4,8.631824,727333232
8.538573,-55.8984,67.8516,67.8516,23,4,8.631824,727333232
8.540573,-55.7227,65.5664,65.5664,23,4,8.631824,727333232
8.542573,-55.3711,63.1055,63.1055,23,4,8.631824,727333232
8.544573,-55.0195,60.8203,60.8203,23,4,8.631824,727333232
8.546573,-54.6680,58.3594,58.3594,23,4,8.631824,727333232
8.548573,-54.3164,55.8984,55.8984,23,4,8.631824,727333232
8.550595,-53.7891,53.2617,53.2617,23,4,8.631824,727333232
8.552636,-53.2617,50.8008,50.8008,23,4,8.631824,727333232
8.554573,-52.7344,48.1641,48.1641,23,4,8.631824,727333232
8.556573,-52.0312,45.5273,45.5273,23,4,8.631824,727333232
8.558573,-51.3281,42.7148,42.7148,23,4,8.631824,727333232
8.560573,-50.6250,39.9023,39.9023,23,4,8.631824,727333232
8.562573,-49.7461,36.9141,36.9141,23,4,8.631824,727333232
8.564573,-48.8672,33.9258,33.9258,23,4,8.631824,727333232
8.566573,-47.8125,30.9375,30.9375,23,4,8.631824,727333232
8.568573,-46.7578,27.7734,27.7734,23,4,8.631824,727333232
8.570573,-45.5273,24.6094,24.6094,23,4,8.631824,727333232
8.572573,-44.4727,21.4453,21.4453,23,4,8.631824,727333232
8.574573,-43.2422,18.1055,18.1055,23,4,8.631824,727333232
8.576573,-41.8359,14.7656,14.7656,23,4,8.631824,727333232
8.578573,-40.6055,11.4258,11.4258,23,4,8.631824,727333232
8.580573,-39.3750,8.0859,8.0859,24,4,8.631824,727333232
8.582586,-37.9688,4.7461,4.7461,24,4,8.631824,727333232
8.584589,-36.7383,1.4062,1.4062,24,4,8.631824,727333232
8.586592,-35.5078,-1.7578,-1.7578,24,4,8.631824,727333232
8.588592,-34.4531,-5.0977,-5.0977,24,4,8.631824,727333232
8.590592,-33.3984,-8.0859,-8.0859,24,4,8.631824,727333232
8.592592,-32.3438,-11.2500,-11.2500,24,4,8.631824,727333232
8.594592,-31.2891,-14.2383,-14.2383,24,4,8.631824,727333232
8.596592,-30.4102,-17.2266,-17.2266,24,4,8.631824,727333232
8.598592,-29.5312,-20.0391,-20.0391,24,4,8.631824,727333232
8.600592,-28.8281,-22.8516,-22.8516,24,4,8.631824,727333232
8.602644,-28.1250,-25.6641,-25.6641,24,4,8.631824,727333232
8.607496,-26.7188,-31.9922,-31.9922,24,4,8.631824,727333232
8.607833,-26.7188,-32.5195,-32.5195,24,4,8.631824,727333232
8.608577,-26.3672,-33.3984,-33.3984,24,4,8.631824,727333232
8.610592,-26.0156,-35.8594,-35.8594,24,4,8.631824,727333232
8.612631,-25.6641,-38.3203,-38.3203,24,4,8.631824,727333232
8.614631,-25.3125,-40.6055,-40.6055,24,4,8.631824,727333232
8.616605,-24.9609,-43.0664,-43.0664,24,4,8.631824,727333232
8.618564,-24.6094,-45.3516,-45.3516,24,4,8.631824,727333232
8.622596,-24.2578,-49.7461,-49.7461,24,4,8.885004,727572873
8.623382,-24.0820,-50.4492,-50.4492,24,4,8.885004,727572873
8.624668,-24.0820,-51.8555,-51.8555,24,4,8.885004,727572873
8.626625,-23.9062,-53.9648,-53.9648,24,4,8.885004,727572873
8.628592,-23.9062,-55.8984,-55.8984,24,4,8.885004,727572873
8.630595,-23.7305,-58.0078,-58.0078,24,4,8.885004,727572873
8.632598,-23.7305,-59.9414,-59.9414,24,4,8.885004,727572873
8.634618,-23.7305,-62.0508,-62.0508,24,4,8.885004,727572873
8.636608,-23.7305,-63.8086,-63.8086,24,4,8.885004,727572873
8.638574,-23.7305,-65.7422,-65.7422,24,4,8.885004,727572873
8.640630,-23.7305,-67.6758,-67.6758,24,4,8.885004,727572873
8.642570,-23.9062,-69.4336,-69.4336,24,4,8.885004,727572873
8.644575,-23.9062,-71.1914,-71.1914,24,4,8.885004,727572873
8.646592,-24.0820,-72.9492,-72.9492,24,4,8.885004,727572873
8.648619,-24.2578,-74.7070,-74.7070,24,4,8.885004,727572873
8.650605,-24.2578,-76.4648,-76.4648,24,4,8.885004,727572873
8.652607,-24.4336,-78.0469,-78.0469,24,4,8.885004,727572873
8.654628,-24.6094,-79.8047,-79.8047,24,4,8.885004,727572873
8.656628,-24.9609,-81.3867,-81.3867,24,4,8.885004,727572873
8.658569,-25.1367,-82.9688,-82.9688,24,4,8.885004,727572873
8.660569,-25.3125,-84.3750,-84.3750,24,4,8.885004,727572873
8.662570,-25.4883,-85.9570,-85.9570,24,4,8.885004,727572873
8.664573,-25.8398,-87.5391,-87.5391,24,4,8.885004,727572873
8.666573,-26.0156,-88.9453,-88.9453,24,4,8.885004,727572873
8.668573,-26.3672,-90.3516,-90.3516,24,4,8.885004,727572873
8.670573,-26.7188,-91.7578,-91.7578,24,4,8.885004,727572873
8.672573,-26.8945,-93.3398,-93.3398,24,4,8.885004,727572873
8.674573,-27.2461,-94.5703,-94.5703,24,4,8.885004,727572873
8.676573,-27.5977,-95.9766,-95.9766,24,4,8.885004,727572873
8.678573,-27.9492,-97.3828,-97.3828,24,4,8.885004,727572873
8.680573,-28.3008,-98.6133,-98.6133,24,4,8.885004,727572873
8.682589,-28.4766,-100.0195,-100.0195,24,4,8.885004,727572873
8.684592,-29.0039,-101.2500,-101.2500,24,4,8.885004,727572873
8.686592,-29.1797,-102.4805,-102.4805,24,4,8.885004,727572873
8.688592,-29.7070,-103.7109,-103.7109,24,4,8.885004,727572873
8.690592,-30.0586,-104.7656,-104.7656,24,4,8.885004,727572873
8.692592,-30.4102,-105.9961,-105.9961,24,4,8.885004,727572873
8.694592,-30.7617,-107.0508,-107.0508,24,4,8.885004,727572873
8.696592,-31.1133,-108.2812,-108.2812,24,4,8.885004,727572873
8.698592,-31.6406,-109.3359,-109.3359,24,4,8.885004,727572873
8.700592,-31.9922,-110.3906,-110.3906,24,4,8.885004,727572873
8.702592,-32.3438,-111.4453,-111.4453,24,4,8.885004,727572873
8.707833,-33.3984,-114.0820,-114.0820,24,4,8.885004,727572873
8.708234,-33.3984,-114.2578,-114.2578,24,4,8.885004,727572873
8.708589,-33.5742,-114.4336,-114.4336,7,4,8.885004,727572873
8.710592,-33.9258,-115.4883,-115.4883,7,4,8.885004,727572873
8.712592,-34.4531,-116.3672,-116.3672,24,4,8.885004,727572873
8.714592,-34.8047,-117.2461,-117.2461,24,4,8.885004,727572873
8.716592,-35.1562,-118.1250,-118.1250,24,4,8.885004,727572873
8.718592,-35.5078,-119.0039,-119.0039,24,4,8.885004,727572873
8.720592,-36.0352,-119.8828,-119.8828,24,4,8.885004,727572873
8.722592,-36.3867,-120.5859,-120.5859,24,4,8.885004,727572873
8.724592,-36.9141,-121.4648,-121.4648,24,4,8.885004,727572873
8.726592,-37.2656,-122.1680,-122.1680,24,4,8.885004,727572873
8.728592,-37.6172,-123.0469,-123.0469,24,4,8.885004,727572873
8.730592,-38.1445,-123.7500,-123.7500,24,4,8.885004,727572873
8.732592,-38.4961,-124.4531,-124.4531,24,4,8.885004,727572873
8.734592,-38.8477,-124.9805,-124.9805,24,4,8.885004,727572873
8.736592,-39.1992,-125.6836,-125.6836,24,4,8.885004,727572873
8.738592,-39.7266,-126.3867,-126.3867,24,4,8.885004,727572873
8.740592,-40.0781,-126.9141,-126.9141,24,4,8.885004,727572873
8.742592,-40.4297,-127.6172,-127.6172,24,4,8.885004,727572873
8.744592,-40.7812,-128.1445,-128.1445,24,4,8.885004,727572873
8.746592,-41.1328,-128.6719,-128.6719,24,4,8.885004,727572873
8.748592,-41.4844,-129.1992,-129.1992,23,4,8.885004,727572873
8.750592,-41.8359,-129.7266,-129.7266,23,4,8.885004,727572873
8.752592,-42.3633,-130.0781,-130.0781,23,4,8.885004,727572873
8.754592,-42.5391,-130.6055,-130.6055,16,4,8.885004,727572873
8.756641,-42.8906,-130.9570,-130.9570,23,4,8.885004,727572873
8.758636,-43.2422,-131.3086,-131.3086,16,4,8.885004,727572873
8.760570,-43.5938,-131.8359,-131.8359,16,4,8.885004,727572873
8.762573,-43.9453,-132.0117,-132.0117,23,4,8.885004,727572873
8.764573,-44.2969,-132.3633,-132.3633,7,4,8.885004,727572873
8.766573,-44.6484,-132.7148,-132.7148,16,4,8.885004,727572873
8.768573,-44.8242,-133.0664,-133.0664,16,4,8.885004,727572873
8.770573,-45.1758,-133.2422,-133.2422,16,4,8.885004,727572873
8.772573,-45.3516,-133.4180,-133.4180,7,4,8.885004,727572873
8.774573,-45.7031,-133.5938,-133.5938,7,4,8.885004,727572873
8.776573,-45.8789,-133.7695,-133.7695,7,4,8.885004,727572873
8.778636,-46.4062,-133.9453,-133.9453,142,4,8.885004,727572873
8.780611,-46.5820,-134.1211,-134.1211,142,4,8.885004,727572873
8.782604,-46.9336,-134.1211,-134.1211,142,4,8.885004,727572873
8.784579,-47.2852,-134.2969,-134.2969,142,4,8.885004,727572873
8.786653,-47.4609,-134.4727,-134.4727,142,4,8.885004,727572873
8.788629,-47.9883,-134.6484,-134.6484,142,4,8.885004,727572873
8.790607,-48.1641,-134.6484,-134.6484,141,4,8.885004,727572873
8.792586,-48.5156,-134.8242,-134.8242,106,4,8.885004,727572873
8.794564,-48.8672,-134.8242,-134.8242,141,4,8.885004,727572873
8.796636,-49.2188,-135.1758,-135.1758,-87,4,8.885004,727572873
8.798614,-49.9219,-135.1758,-135.1758,141,4,8.885004,727572873
8.800592,-50.0977,-135.1758,-135.1758,9,4,8.885004,727572873
8.802578,-50.2734,-135.1758,-135.1758,-140,4,8.885004,727572873
8.807378,-50.9766,-135.0000,-135.0000,-138,4,8.885004,727572873
8.807841,-50.9766,-135.0000,-135.0000,-133,4,8.885004,727572873
8.808570,-51.1523,-134.8242,-134.8242,-133,4,8.885004,727572873
8.810570,-51.3281,-134.8242,-134.8242,-132,4,8.885004,727572873
8.812569,-51.5039,-134.6484,-134.6484,-131,4,8.885004,727572873
8.814564,-51.6797,-134.2969,-134.2969,-129,4,8.885004,727572873
8.816653,-51.8555,-134.1211,-134.1211,-128,4,8.885004,727572873
8.818651,-51.8555,-133.7695,-133.7695,-127,4,8.885004,727572873
8.820646,-52.0312,-133.4180,-133.4180,-127,4,8.885004,727572873
8.822636,-52.0312,-132.8906,-132.8906,-125,4,8.885004,727572873
8.824636,-52.0312,-132.5391,-132.5391,-125,4,8.885004,727572873
8.826631,-52.0312,-132.0117,-132.0117,-125,4,8.885004,727572873
8.828627,-51.8555,-131.4844,-131.4844,-125,4,8.885004,727572873
8.830619,-51.8555,-130.9570,-130.9570,-127,4,8.885004,727572873
8.832614,-51.6797,-130.2539,-130.2539,-127,4,8.885004,727572873
8.834610,-51.5039,-129.5508,-129.5508,-128,4,8.885004,727572873
8.836607,-51.3281,-128.8477,-128.8477,-129,4,8.885004,727572873
8.838605,-51.1523,-128.1445,-128.1445,-131,4,8.885004,727572873
8.840605,-50.9766,-127.4414,-127.4414,-132,4,8.885004,727572873
8.842604,-50.8008,-126.5625,-126.5625,-133,4,8.885004,727572873
8.844604,-50.4492,-125.6836,-125.6836,-134,4,8.885004,727572873
8.846626,-50.2734,-124.8047,-124.8047,-137,4,8.885004,727572873
8.848636,-49.9219,-123.9258,-123.9258,-138,4,8.885004,727572873
8.850584,-49.5703,-123.0469,-123.0469,-141,4,8.885004,727572873
8.852577,-49.2188,-121.9922,-121.9922,-141,4,8.885004,727572873
8.854631,-48.8672,-121.1133,-121.1133,-141,4,8.885004,727572873
8.857034,-48.5156,-119.7070,-119.7070,-141,4,8.885004,727572873
8.858623,-48.1641,-118.8281,-118.8281,-141,4,8.885004,727572873
8.862637,-47.2852,-116.5430,-116.5430,-141,4,9.127128,727830989
8.863609,-47.1094,-116.0156,-116.0156,-142,4,9.127128,727830989
8.864634,-46.9336,-115.4883,-115.4883,-142,4,9.127128,727830989
8.866619,-46.4062,-114.2578,-114.2578,-142,4,9.127128,727830989
8.868651,-46.0547,-113.0273,-113.0273,-142,4,9.127128,727830989
8.870656,-45.5273,-111.7969,-111.7969,-142,4,9.127128,727830989
8.872656,-45.1758,-110.3906,-110.3906,-142,4,9.127128,727830989
8.874636,-44.6484,-109.1602,-109.1602,-142,4,9.127128,727830989
8.876632,-44.1211,-107.7539,-107.7539,-142,4,9.127128,727830989
8.878631,-43.5938,-106.3477,-106.3477,-143,4,9.127128,727830989
8.880631,-43.2422,-104.9414,-104.9414,-143,4,9.127128,727830989
8.882643,-42.7148,-103.5352,-103.5352,-143,4,9.127128,727830989
8.884607,-42.1875,-102.1289,-102.1289,-143,4,9.127128,727830989
8.886607,-41.6602,-100.5469,-100.5469,-143,4,9.127128,727830989
8.888637,-41.1328,-98.9648,-98.9648,-143,4,9.127128,727830989
8.890567,-40.6055,-97.5586,-97.5586,-143,4,9.127128,727830989
8.892848,-40.0781,-95.8008,-95.8008,-144,4,9.127128,727830989
8.894606,-39.5508,-94.3945,-94.3945,-144,4,9.127128,727830989
8.896580,-39.0234,-92.6367,-92.6367,-144,4,9.127128,727830989
8.898626,-38.6719,-91.0547,-91.0547,-144,4,9.127128,727830989
8.900619,-38.1445,-89.2969,-89.2969,-144,4,9.127128,727830989
8.902651,-37.6172,-87.5391,-87.5391,-144,4,9.127128,727830989
8.907830,-36.2109,-82.9688,-82.9688,-144,4,9.127128,727830989
8.908347,-36.2109,-82.6172,-82.6172,-145,4,9.127128,727830989
8.908693,-36.0352,-82.2656,-82.2656,-145,4,9.127128,727830989
8.910592,-35.5078,-80.5078,-80.5078,-145,4,9.127128,727830989
8.912592,-35.1562,-78.5742,-78.5742,-145,4,9.127128,727830989
8.914592,-34.6289,-76.8164,-76.8164,-145,4,9.127128,727830989
8.916592,-34.1016,-74.8828,-74.8828,-145,4,9.127128,727830989
8.918592,-33.7500,-72.9492,-72.9492,-145,4,9.127128,727830989
8.920592,-33.2227,-71.0156,-71.0156,-145,4,9.127128,727830989
8.922592,-32.6953,-69.0820,-69.0820,-145,4,9.127128,727830989
8.924592,-32.3438,-66.9727,-66.9727,-146,4,9.127128,727830989
8.926592,-31.9922,-64.8633,-64.8633,-146,4,9.127128,727830989
8.928592,-31.4648,-62.7539,-62.7539,-146,4,9.127128,727830989
8.930592,-31.1133,-60.6445,-60.6445,-146,4,9.127128,727830989
8.932592,-30.7617,-58.5352,-58.5352,-146,4,9.127128,727830989
8.934592,-30.4102,-56.4258,-56.4258,-146,4,9.127128,727830989
8.936592,-29.8828,-54.3164,-54.3164,-146,4,9.127128,727830989
8.938592,-29.5312,-52.0312,-52.0312,-146,4,9.127128,727830989
8.940592,-29.1797,-49.7461,-49.7461,-146,4,9.127128,727830989
8.942592,-28.8281,-47.4609,-47.4609,-146,4,9.127128,727830989
8.944592,-28.4766,-45.1758,-45.1758,-146,4,9.127128,727830989
8.946592,-28.3008,-42.8906,-42.8906,-147,4,9.127128,727830989
8.948592,-27.9492,-40.4297,-40.4297,-147,4,9.127128,727830989
8.950592,-27.7734,-38.1445,-38.1445,-147,4,9.127128,727830989
8.952592,-27.4219,-35.6836,-35.6836,-147,4,9.127128,727830989
8.954592,-27.0703,-33.2227,-33.2227,-147,4,9.127128,727830989
8.956592,-26.8945,-30.7617,-30.7617,-147,4,9.127128,727830989
8.958592,-26.7188,-28.1250,-28.1250,-147,4,9.127128,727830989
8.960651,-26.5430,-25.4883,-25.4883,-147,4,9.127128,727830989
8.962653,-26.3672,-23.0273,-23.0273,-147,4,9.127128,727830989
8.964650,-26.1914,-20.3906,-20.3906,-147,4,9.127128,727830989
8.966595,-26.0156,-17.7539,-17.7539,-147,4,9.127128,727830989
8.968592,-25.8398,-15.1172,-15.1172,-147,4,9.127128,727830989
8.970592,-25.6641,-12.4805,-12.4805,-147,4,9.127128,727830989
8.972592,-25.6641,-9.8438,-9.8438,-147,4,9.127128,727830989
8.974592,-25.4883,-7.2070,-7.2070,-147,4,9.127128,727830989
8.976592,-25.3125,-4.3945,-4.3945,-147,4,9.127128,727830989
8.978592,-25.1367,-1.7578,-1.7578,-147,4,9.127128,727830989
8.980592,-24.9609,1.0547,1.0547,-147,4,9.127128,727830989
8.982604,-24.7852,3.6914,3.6914,-147,4,9.127128,727830989
8.984600,-24.6094,6.3281,6.3281,-147,4,9.127128,727830989
8.986596,-24.4336,8.9648,8.9648,-147,4,9.127128,727830989
8.988592,-24.2578,11.6016,11.6016,-147,4,9.127128,727830989
8.990592,-23.9062,14.2383,14.2383,-147,4,9.127128,727830989
8.992592,-23.5547,16.6992,16.6992,-147,4,9.127128,727830989
8.994592,-23.0273,19.1602,19.1602,-147,4,9.127128,727830989
8.996592,-22.6758,21.4453,21.4453,-148,4,9.127128,727830989
8.998609,-22.1484,23.7305,23.7305,-148,4,9.127128,727830989
9.000607,-21.4453,26.0156,26.0156,-148,4,9.127128,727830989
9.002605,-20.9180,28.3008,28.3008,-148,4,9.127128,727830989
9.007402,-19.3359,33.3984,33.3984,-148,4,9.127128,727830989
9.007858,-19.1602,33.7500,33.7500,-148,4,9.127128,727830989
9.008597,-18.8086,34.6289,34.6289,-148,4,9.127128,727830989
9.010595,-17.9297,36.5625,36.5625,-148,4,9.127128,727830989
9.012592,-17.2266,38.4961,38.4961,-148,4,9.127128,727830989
9.014592,-16.3477,40.4297,40.4297,-148,4,9.127128,727830989
9.016592,-15.4688,42.3633,42.3633,-149,4,9.127128,727830989
9.018592,-14.5898,44.1211,44.1211,-149,4,9.127128,727830989
9.020592,-13.5352,46.0547,46.0547,-149,4,9.127128,727830989
9.022592,-12.6562,47.8125,47.8125,-149,4,9.127128,727830989
9.024592,-11.6016,49.5703,49.5703,-149,4,9.127128,727830989
9.026592,-10.5469,51.1523,51.1523,-149,4,9.127128,727830989
9.028592,-9.4922,52.9102,52.9102,-149,4,9.127128,727830989
9.030592,-8.4375,54.6680,54.6680,-149,4,9.127128,727830989
9.032592,-7.2070,56.2500,56.2500,-149,4,9.127128,727830989
9.034592,-6.1523,57.8320,57.8320,-149,4,9.127128,727830989
9.036592,-4.9219,59.4141,59.4141,-149,4,9.127128,727830989
9.038592,-3.8672,60.9961,60.9961,-149,4,9.127128,727830989
9.040592,-2.4609,62.4023,62.4023,-149,4,9.127128,727830989
9.042592,-1.4062,63.9844,63.9844,-149,4,9.127128,727830989
9.044592,-0.1758,65.5664,65.5664,-149,4,9.127128,727830989
9.046592,1.0547,66.9727,66.9727,-149,4,9.127128,727830989
9.048592,2.4609,68.3789,68.3789,-149,4,9.127128,727830989
9.050592,3.8672,69.7852,69.7852,-149,4,9.127128,727830989
9.052592,5.0977,71.1914,71.1914,-149,4,9.127128,727830989
9.054592,6.5039,72.5977,72.5977,-149,4,9.127128,727830989
9.056592,7.7344,74.0039,74.0039,-149,4,9.127128,727830989
9.058592,9.1406,75.4102,75.4102,-149,4,9.127128,727830989
9.060592,10.5469,76.6406,76.6406,-149,4,9.127128,727830989
9.062648,11.9531,78.0469,78.0469,-149,4,9.127128,727830989
9.064654,13.3594,79.2773,79.2773,-149,4,9.127128,727830989
9.066650,14.9414,80.5078,80.5078,-149,4,9.127128,727830989
9.068573,16.3477,81.7383,81.7383,-149,4,9.127128,727830989
9.070573,17.7539,82.9688,82.9688,-149,4,9.127128,727830989
9.072569,19.3359,84.1992,84.1992,-148,4,9.127128,727830989
9.074564,20.7422,85.2539,85.2539,-148,4,9.127128,727830989
9.076653,22.5000,86.6602,86.6602,-148,4,9.127128,727830989
9.078650,23.9062,87.7148,87.7148,-148,4,9.127128,727830989
9.080646,25.6641,88.7695,88.7695,-147,4,9.127128,727830989
9.082654,27.0703,89.8242,89.8242,-147,4,9.127128,727830989
9.084651,28.8281,90.8789,90.8789,-147,4,9.127128,727830989
9.086646,30.4102,91.9336,91.9336,-146,4,9.127128,727830989
9.088636,31.9922,92.9883,92.9883,-146,4,9.127128,727830989
9.090631,33.7500,94.0430,94.0430,-146,4,9.127128,727830989
9.092627,35.3320,94.9219,94.9219,-145,4,9.127128,727830989
9.094619,37.0898,95.8008,95.8008,-145,4,9.127128,727830989
9.096614,38.6719,96.8555,96.8555,-145,4,9.127128,727830989
9.098610,40.4297,97.5586,97.5586,-144,4,9.127128,727830989
9.100607,42.1875,98.6133,98.6133,-144,4,9.127128,727830989
9.102604,43.9453,99.3164,99.3164,-143,4,9.127128,727830989
9.107452,48.1641,101.4258,101.4258,-143,4,9.127128,727830989
9.108175,48.8672,101.6016,101.6016,-141,4,9.127128,727830989
9.108688,49.3945,101.7773,101.7773,-141,4,9.127128,727830989
9.110626,51.1523,102.4805,102.4805,-141,4,9.127128,727830989
9.112586,52.9102,103.1836,103.1836,-140,4,9.127128,727830989
9.114596,54.8438,103.8867,103.8867,-140,4,9.127128,727830989
9.116604,56.6016,104.4141,104.4141,-139,4,9.127128,727830989
9.120357,60.1172,105.6445,105.6445,-138,4,9.355099,728059791
9.121451,61.1719,105.8203,105.8203,-137,4,9.355099,728059791
9.122606,62.2266,106.1719,106.1719,-137,4,9.355099,728059791
9.124658,64.3359,106.6992,106.6992,-136,4,9.355099,728059791
9.126595,66.0938,107.2266,107.2266,-135,4,9.355099,728059791
9.128605,68.0273,107.5781,107.5781,-135,4,9.355099,728059791
9.130635,69.9609,107.9297,107.9297,-134,4,9.355099,728059791
9.132647,72.0703,108.4570,108.4570,-133,4,9.355099,728059791
9.134579,73.8281,108.6328,108.6328,-132,4,9.355099,728059791
9.136654,75.9375,108.9844,108.9844,-132,4,9.355099,728059791
9.138608,77.8711,109.3359,109.3359,-131,4,9.355099,728059791
9.140569,79.8047,109.5117,109.5117,-130,4,9.355099,728059791
9.142632,81.9141,109.6875,109.6875,-129,4,9.355099,728059791
9.144564,83.6719,109.8633,109.8633,-128,4,9.355099,728059791
9.146653,85.7812,110.0391,110.0391,-127,4,9.355099,728059791
9.148659,87.8906,110.0391,110.0391,-126,4,9.355099,728059791
9.150653,89.8242,110.0391,110.0391,-125,4,9.355099,728059791
9.152650,91.9336,110.0391,110.0391,-124,4,9.355099,728059791
9.154646,93.8672,110.0391,110.0391,-123,4,9.355099,728059791
9.156636,95.9766,110.0391,110.0391,0,0,9.355099,728059791
9.158646,97.9102,109.8633,109.8633,0,0,9.355099,728059791
9.160630,100.0195,109.6875,109.6875,0,0,9.355099,728059791
9.162607,101.9531,109.5117,109.5117,0,0,9.355099,728059791
9.164586,103.8867,109.3359,109.3359,0,0,9.355099,728059791
9.166655,105.9961,108.9844,108.9844,0,0,9.355099,728059791
9.168632,107.9297,108.8086,108.8086,0,0,9.355099,728059791
9.170643,110.0391,108.4570,108.4570,0,0,9.355099,728059791
9.172619,111.9727,107.9297,107.9297,0,0,9.355099,728059791
9.174595,114.0820,107.5781,107.5781,0,0,9.355099,728059791
9.176573,116.0156,107.0508,107.0508,0,0,9.355099,728059791
9.178650,117.9492,106.5234,106.5234,0,0,9.355099,728059791
9.180626,120.0586,105.9961,105.9961,0,0,9.355099,728059791
9.182615,121.9922,105.4688,105.4688,0,0,9.355099,728059791
9.184592,123.9258,104.9414,104.9414,0,0,9.355099,728059791
9.186569,125.8594,104.2383,104.2383,0,0,9.355099,728059791
9.188641,127.9688,103.5352,103.5352,0,0,9.355099,728059791
9.190614,129.9023,102.8320,102.8320,0,0,9.355099,728059791
9.192592,131.8359,102.1289,102.1289,0,0,9.355099,728059791
9.194569,133.7695,101.4258,101.4258,0,0,9.355099,728059791
9.196641,135.7031,101.0742,101.0742,0,0,9.355099,728059791
9.198614,136.9336,102.3047,102.3047,0,0,9.355099,728059791
9.200592,137.2852,103.8867,103.8867,0,0,9.355099,728059791
9.202569,137.4609,104.4141,104.4141,0,0,9.355099,728059791
9.207964,138.6914,99.6680,99.6680,0,0,9.355099,728059791
9.208265,138.8672,99.4922,99.4922,0,0,9.355099,728059791
9.208585,138.8672,99.4922,99.4922,0,0,9.355099,728059791
9.210657,139.7461,98.7891,98.7891,0,0,9.355099,728059791
9.212631,139.9219,97.7344,97.7344,0,0,9.355099,728059791
9.214607,139.5703,96.1523,96.1523,0,0,9.355099,728059791
9.216586,139.0430,94.5703,94.5703,0,0,9.355099,728059791
9.218657,138.3398,93.5156,93.5156,0,0,9.355099,728059791
9.220631,137.8125,92.2852,92.2852,0,0,9.355099,728059791
9.222607,137.4609,90.5273,90.5273,0,0,9.355099,728059791
9.224586,136.9336,88.9453,88.9453,0,0,9.355099,728059791
9.226657,136.4062,87.3633,87.3633,0,0,9.355099,728059791
9.228631,135.7031,85.7812,85.7812,0,0,9.355099,728059791
9.230607,135.0000,84.0234,84.0234,0,0,9.355099,728059791
9.232586,134.1211,83.4961,83.4961,0,0,9.355099,728059791
9.234657,133.0664,82.9688,82.9688,0,0,9.355099,728059791
9.236631,132.5391,81.5625,81.5625,0,0,9.355099,728059791
9.238607,132.0117,80.1562,80.1562,0,0,9.355099,728059791
9.240586,131.3086,79.1016,79.1016,0,0,9.355099,728059791
9.242657,130.4297,78.2227,78.2227,0,0,9.355099,728059791
9.244631,129.9023,77.1680,77.1680,0,0,9.355099,728059791
9.246607,129.3750,76.2891,76.2891,0,0,9.355099,728059791
9.248586,128.6719,75.4102,75.4102,0,0,9.355099,728059791
9.250657,127.7930,74.1797,74.1797,0,0,9.355099,728059791
9.252631,127.0898,72.5977,72.5977,0,0,9.355099,728059791
9.254607,126.2109,71.1914,71.1914,0,0,9.355099,728059791
9.256586,125.5078,69.7852,69.7852,0,0,9.355099,728059791
9.258657,124.8047,68.3789,68.3789,0,0,9.355099,728059791
9.260631,123.9258,67.3242,67.3242,0,0,9.355099,728059791
9.262607,122.8711,66.4453,66.4453,0,0,9.355099,728059791
9.264586,122.1680,65.2148,65.2148,0,0,9.355099,728059791
9.266657,121.4648,63.8086,63.8086,0,0,9.355099,728059791
9.268588,120.7617,62.2266,62.2266,0,0,9.355099,728059791
9.270589,120.0586,60.6445,60.6445,0,0,9.355099,728059791
9.272564,119.5312,59.0625,59.0625,0,0,9.355099,728059791
9.274636,118.8281,57.3047,57.3047,0,0,9.355099,728059791
9.276612,118.1250,56.0742,56.0742,0,0,9.355099,728059791
9.278592,117.2461,54.6680,54.6680,0,0,9.355099,728059791
9.280569,116.5430,53.2617,53.2617,0,0,9.355099,728059791
9.282655,115.8398,51.8555,51.8555,0,0,9.355099,728059791
9.284631,115.1367,50.2734,50.2734,0,0,9.355099,728059791
9.286607,114.4336,48.6914,48.6914,0,0,9.355099,728059791
9.288586,113.9062,46.9336,46.9336,0,0,9.355099,728059791
9.290657,113.2031,45.1758,45.1758,0,0,9.355099,728059791
9.292631,112.6758,43.4180,43.4180,0,0,9.355099,728059791
9.294607,112.1484,41.8359,41.8359,0,0,9.355099,728059791
9.296586,111.4453,40.0781,40.0781,0,0,9.355099,728059791
9.298657,110.7422,38.4961,38.4961,0,0,9.355099,728059791
9.300631,110.0391,36.7383,36.7383,0,0,9.355099,728059791
9.302607,109.5117,34.9805,34.9805,0,0,9.355099,728059791
9.307259,108.2812,30.7617,30.7617,0,0,9.355099,728059791
9.307521,108.2812,30.5859,30.5859,0,0,9.355099,728059791
9.308623,107.9297,29.5312,29.5312,0,0,9.355099,728059791
9.310599,107.4023,27.5977,27.5977,0,0,9.355099,728059791
9.312578,106.8750,25.6641,25.6641,0,0,9.355099,728059791
9.314654,106.5234,23.7305,23.7305,0,0,9.355099,728059791
9.316631,105.9961,21.9727,21.9727,0,0,9.355099,728059791
9.318607,105.4688,20.0391,20.0391,0,0,9.355099,728059791
9.320586,104.9414,18.1055,18.1055,0,0,9.355099,728059791
9.322657,104.4141,16.1719,16.1719,0,0,9.355099,728059791
9.324631,104.0625,14.2383,14.2383,0,0,9.355099,728059791
9.326607,103.5352,12.3047,12.3047,0,0,9.355099,728059791
9.328586,103.0078,10.3711,10.3711,0,0,9.355099,728059791
9.330657,102.6562,8.2617,8.2617,0,0,9.355099,728059791
9.332631,102.1289,6.5039,6.5039,0,0,9.355099,728059791
9.334607,101.7773,4.3945,4.3945,0,0,9.355099,728059791
9.336586,101.2500,2.4609,2.4609,0,0,9.355099,728059791
9.338623,100.7227,0.5273,0.5273,0,0,9.355099,728059791
9.340627,100.3711,-1.4062,-1.4062,0,0,9.355099,728059791
9.342658,99.8438,-3.3398,-3.3398,0,0,9.355099,728059791
9.344911,99.3164,-5.4492,-5.4492,0,0,9.355099,728059791
9.349316,98.0859,-9.6680,-9.6680,0,0,9.589249,728296243
9.349908,97.9102,-10.0195,-10.0195,0,0,9.589249,728296243
9.350578,97.7344,-10.7227,-10.7227,0,0,9.589249,728296243
9.352690,97.2070,-12.8320,-12.8320,0,0,9.589249,728296243
9.354567,96.6797,-14.2383,-14.2383,0,0,9.589249,728296243
9.356644,95.9766,-15.9961,-15.9961,0,0,9.589249,728296243
9.358628,95.4492,-17.9297,-17.9297,0,0,9.589249,728296243
9.360635,94.9219,-19.6875,-19.6875,0,0,9.589249,728296243
9.362655,94.2188,-21.4453,-21.4453,0,0,9.589249,728296243
9.364566,93.6914,-23.0273,-23.0273,0,0,9.589249,728296243
9.366662,92.9883,-24.7852,-24.7852,0,0,9.589249,728296243
9.368605,92.4609,-26.1914,-26.1914,0,0,9.589249,728296243
9.370574,91.7578,-27.7734,-27.7734,0,0,9.589249,728296243
9.372653,91.0547,-29.3555,-29.3555,0,0,9.589249,728296243
9.374629,90.3516,-31.1133,-31.1133,0,0,9.589249,728296243
9.376607,89.8242,-32.5195,-32.5195,0,0,9.589249,728296243
9.378586,89.1211,-34.1016,-34.1016,0,0,9.589249,728296243
9.380600,88.4180,-35.5078,-35.5078,0,0,9.589249,728296243
9.382599,87.7148,-37.0898,-37.0898,0,0,9.589249,728296243
9.384578,87.0117,-38.4961,-38.4961,0,0,9.589249,728296243
9.386654,86.1328,-39.9023,-39.9023,0,0,9.589249,728296243
9.388631,85.4297,-41.3086,-41.3086,0,0,9.589249,728296243
9.390607,84.7266,-42.7148,-42.7148,0,0,9.589249,728296243
9.392586,84.0234,-44.1211,-44.1211,0,0,9.589249,728296243
9.394657,83.3203,-45.5273,-45.5273,0,0,9.589249,728296243
9.396631,82.4414,-46.7578,-46.7578,0,0,9.589249,728296243
9.398607,81.7383,-47.9883,-47.9883,0,0,9.589249,728296243
9.400586,80.8594,-49.3945,-49.3945,0,0,9.589249,728296243
9.402657,80.1562,-50.6250,-50.6250,0,0,9.589249,728296243
9.407744,78.0469,-53.7891,-53.7891,0,0,9.589249,728296243
9.408046,77.8711,-53.7891,-53.7891,0,0,9.589249,728296243
9.408569,77.6953,-54.1406,-54.1406,0,0,9.589249,728296243
9.410641,76.9922,-55.3711,-55.3711,0,0,9.589249,728296243
9.412614,76.1133,-56.4258,-56.4258,0,0,9.589249,728296243
9.414592,75.2344,-57.4805,-57.4805,0,0,9.589249,728296243
9.416569,74.3555,-58.7109,-58.7109,0,0,9.589249,728296243
9.418641,73.6523,-59.7656,-59.7656,0,0,9.589249,728296243
9.420614,72.7734,-60.8203,-60.8203,0,0,9.589249,728296243
9.422592,71.8945,-61.6992,-61.6992,0,0,9.589249,728296243
9.424569,71.0156,-62.7539,-62.7539,0,0,9.589249,728296243
9.426641,70.1367,-63.8086,-63.8086,0,0,9.589249,728296243
9.428614,69.4336,-64.6875,-64.6875,0,0,9.589249,728296243
9.430592,68.5547,-65.5664,-65.5664,0,0,9.589249,728296243
9.432569,67.6758,-66.4453,-66.4453,0,0,9.589249,728296243
9.434641,66.7969,-67.3242,-67.3242,0,0,9.589249,728296243
9.436614,65.9180,-68.2031,-68.2031,0,0,9.589249,728296243
9.438592,65.0391,-69.0820,-69.0820,0,0,9.589249,728296243
9.440569,64.1602,-69.7852,-69.7852,0,0,9.589249,728296243
9.442641,63.2812,-70.4883,-70.4883,0,0,9.589249,728296243
9.444614,62.4023,-71.1914,-71.1914,0,0,9.589249,728296243
9.446592,61.5234,-71.8945,-71.8945,0,0,9.589249,728296243
9.448569,60.6445,-72.5977,-72.5977,0,0,9.589249,728296243
9.450641,59.7656,-73.3008,-73.3008,0,0,9.589249,728296243
9.452614,58.8867,-74.0039,-74.0039,0,0,9.589249,728296243
9.454592,58.0078,-74.7070,-74.7070,0,0,9.589249,728296243
9.456569,57.1289,-75.0586,-75.0586,0,0,9.589249,728296243
9.458641,56.2500,-75.7617,-75.7617,0,0,9.589249,728296243
9.460614,55.3711,-76.2891,-76.2891,0,0,9.589249,728296243
9.462592,54.4922,-76.8164,-76.8164,0,0,9.589249,728296243
9.464569,53.6133,-77.1680,-77.1680,0,0,9.589249,728296243
9.466641,52.5586,-77.6953,-77.6953,0,0,9.589249,728296243
9.468614,51.6797,-78.0469,-78.0469,0,0,9.589249,728296243
9.470592,50.8008,-78.3984,-78.3984,0,0,9.589249,728296243
9.472597,49.9219,-78.9258,-78.9258,0,0,9.589249,728296243
9.474569,49.0430,-79.1016,-79.1016,0,0,9.589249,728296243
9.476643,48.1641,-79.4531,-79.4531,0,0,9.589249,728296243
9.478654,47.2852,-79.8047,-79.8047,0,0,9.589249,728296243
9.480631,46.2305,-79.9805,-79.9805,0,0,9.589249,728296243
9.482616,45.3516,-80.3320,-80.3320,0,0,9.589249,728296243
9.484592,44.6484,-80.5078,-80.5078,0,0,9.589249,728296243
9.486569,43.5938,-80.6836,-80.6836,0,0,9.589249,728296243
9.488641,42.7148,-80.6836,-80.6836,0,0,9.589249,728296243
9.490614,41.8359,-80.8594,-80.8594,0,0,9.589249,728296243
9.492592,40.9570,-81.0352,-81.0352,0,0,9.589249,728296243
9.494569,40.0781,-81.0352,-81.0352,0,0,9.589249,728296243
9.496641,39.1992,-81.0352,-81.0352,0,0,9.589249,728296243
9.498564,38.3203,-81.0352,-81.0352,0,0,9.589249,728296243
9.500636,37.4414,-81.0352,-81.0352,0,0,9.589249,728296243
9.502612,36.5625,-81.0352,-81.0352,0,0,9.589249,728296243
9.507302,34.4531,-80.6836,-80.6836,0,0,9.589249,728296243
9.507562,34.2773,-80.6836,-80.6836,0,0,9.589249,728296243
9.508569,33.9258,-80.6836,-80.6836,0,0,9.589249,728296243
9.510641,32.8711,-80.5078,-80.5078,0,0,9.589249,728296243
9.512614,32.1680,-80.3320,-80.3320,0,0,9.589249,728296243
9.514592,31.2891,-80.1562,-80.1562,0,0,9.589249,728296243
9.516569,30.4102,-79.8047,-79.8047,0,0,9.589249,728296243
9.518641,29.3555,-79.6289,-79.6289,0,0,9.589249,728296243
9.520614,28.4766,-79.2773,-79.2773,0,0,9.589249,728296243
9.522592,27.7734,-78.9258,-78.9258,0,0,9.589249,728296243
9.524569,26.7188,-78.5742,-78.5742,0,0,9.589249,728296243
9.526641,25.8398,-78.2227,-78.2227,0,0,9.589249,728296243
9.528614,24.9609,-77.8711,-77.8711,0,0,9.589249,728296243
9.530592,24.2578,-77.3438,-77.3438,0,0,9.589249,728296243
9.532569,23.3789,-76.9922,-76.9922,0,0,9.589249,728296243
9.534641,22.3242,-76.4648,-76.4648,0,0,9.589249,728296243
9.536614,21.4453,-75.9375,-75.9375,0,0,9.589249,728296243
9.538592,20.7422,-75.4102,-75.4102,0,0,9.589249,728296243
9.540569,19.6875,-74.8828,-74.8828,0,0,9.589249,728296243
9.542641,18.8086,-74.1797,-74.1797,0,0,9.589249,728296243
9.544614,17.9297,-73.4766,-73.4766,0,0,9.589249,728296243
9.546592,17.0508,-72.9492,-72.9492,0,0,9.589249,728296243
9.548569,16.1719,-72.2461,-72.2461,0,0,9.589249,728296243
9.550641,15.2930,-71.5430,-71.5430,0,0,9.589249,728296243
9.552614,14.4141,-70.8398,-70.8398,0,0,9.589249,728296243
9.554592,13.5352,-69.9609,-69.9609,0,0,9.589249,728296243
9.556569,12.4805,-69.2578,-69.2578,0,0,9.589249,728296243
9.558641,11.6016,-68.3789,-68.3789,0,0,9.589249,728296243
9.560614,10.7227,-67.6758,-67.6758,0,0,9.589249,728296243
9.562592,9.8438,-66.7969,-66.7969,0,0,9.589249,728296243
9.564569,8.7891,-65.9180,-65.9180,0,0,9.589249,728296243
9.566641,7.9102,-65.0391,-65.0391,0,0,9.589249,728296243
9.568664,6.8555,-63.9844,-63.9844,0,0,9.589249,728296243
9.570626,5.9766,-63.1055,-63.1055,0,0,9.589249,728296243
9.572573,5.0977,-62.0508,-62.0508,0,0,9.589249,728296243
9.574611,4.0430,-60.9961,-60.9961,0,0,9.589249,728296243
9.576573,3.1641,-60.1172,-60.1172,0,0,9.589249,728296243
9.578581,2.1094,-59.0625,-59.0625,0,0,9.589249,728296243
9.581303,0.7031,-57.4805,-57.4805,0,0,9.589249,728296243
9.585643,-1.5820,-55.0195,-55.0195,0,0,9.817482,728520792
9.586227,-1.9336,-54.6680,-54.6680,0,0,9.817482,728520792
9.586571,-2.1094,-54.4922,-54.4922,0,0,9.817482,728520792
9.588649,-3.1641,-53.2617,-53.2617,0,0,9.817482,728520792
9.590643,-4.2188,-52.2070,-52.2070,0,0,9.817482,728520792
9.592589,-5.2734,-50.9766,-50.9766,0,0,9.817482,728520792
9.594638,-6.5039,-49.5703,-49.5703,0,0,9.817482,728520792
9.596609,-7.5586,-48.3398,-48.3398,0,0,9.817482,728520792
9.598618,-8.7891,-47.1094,-47.1094,0,0,9.817482,728520792
9.600656,-10.0195,-45.8789,-45.8789,0,0,9.817482,728520792
9.602650,-11.0742,-44.4727,-44.4727,0,0,9.817482,728520792
9.607842,-14.4141,-40.7812,-40.7812,0,0,9.817482,728520792
9.608149,-14.5898,-40.6055,-40.6055,0,0,9.817482,728520792
9.608575,-14.9414,-40.2539,-40.2539,0,0,9.817482,728520792
9.610650,-16.1719,-38.8477,-38.8477,0,0,9.817482,728520792
9.612626,-17.5781,-37.4414,-37.4414,0,0,9.817482,728520792
9.614604,-18.8086,-35.8594,-35.8594,0,0,9.817482,728520792
9.616580,-20.2148,-34.2773,-34.2773,0,0,9.817482,728520792
9.618655,-21.6211,-32.8711,-32.8711,0,0,9.817482,728520792
9.620631,-23.0273,-31.2891,-31.2891,0,0,9.817482,728520792
9.622607,-24.4336,-29.7070,-29.7070,0,0,9.817482,728520792
9.624586,-26.0156,-28.1250,-28.1250,0,0,9.817482,728520792
9.626657,-27.5977,-26.3672,-26.3672,0,0,9.817482,728520792
9.628631,-29.1797,-24.7852,-24.7852,0,0,9.817482,728520792
9.630607,-30.7617,-23.0273,-23.0273,0,0,9.817482,728520792
9.632586,-32.3438,-21.4453,-21.4453,0,0,9.817482,728520792
9.634657,-34.1016,-19.6875,-19.6875,0,0,9.817482,728520792
9.636631,-35.6836,-17.9297,-17.9297,0,0,9.817482,728520792
9.638607,-37.4414,-16.1719,-16.1719,0,0,9.817482,728520792
9.640586,-39.1992,-14.4141,-14.4141,0,0,9.817482,728520792
9.642657,-40.9570,-12.4805,-12.4805,0,0,9.817482,728520792
9.644631,-42.8906,-10.7227,-10.7227,0,0,9.817482,728520792
9.646607,-44.6484,-8.7891,-8.7891,0,0,9.817482,728520792
9.648586,-46.5820,-7.0312,-7.0312,0,0,9.817482,728520792
9.650657,-48.5156,-5.0977,-5.0977,0,0,9.817482,728520792
9.652631,-50.4492,-3.1641,-3.1641,0,0,9.817482,728520792
9.654607,-52.3828,-1.2305,-1.2305,0,0,9.817482,728520792
9.656586,-54.3164,0.7031,0.7031,0,0,9.817482,728520792
9.658657,-56.4258,2.6367,2.6367,0,0,9.817482,728520792
9.660631,-58.3594,4.5703,4.5703,0,0,9.817482,728520792
9.662607,-60.2930,6.5039,6.5039,0,0,9.817482,728520792
9.664586,-62.2266,8.4375,8.4375,0,0,9.817482,728520792
9.666657,-64.3359,10.3711,10.3711,0,0,9.817482,728520792
9.668631,-66.2695,12.3047,12.3047,0,0,9.817482,728520792
9.670607,-68.3789,14.2383,14.2383,0,0,9.817482,728520792
9.672586,-70.3125,15.9961,15.9961,0,0,9.817482,728520792
9.674657,-72.2461,17.9297,17.9297,0,0,9.817482,728520792
9.676639,-74.1797,19.8633,19.8633,0,0,9.817482,728520792
9.678654,-75.9375,21.6211,21.6211,0,0,9.817482,728520792
9.680582,-77.6953,23.3789,23.3789,0,0,9.817482,728520792
9.682572,-79.6289,25.1367,25.1367,0,0,9.817482,728520792
9.684646,-81.3867,26.8945,26.8945,0,0,9.817482,728520792
9.686619,-83.1445,28.6523,28.6523,0,0,9.817482,728520792
9.688595,-84.7266,30.2344,30.2344,0,0,9.817482,728520792
9.690573,-86.3086,31.8164,31.8164,0,0,9.817482,728520792
9.692650,-88.0664,33.5742,33.5742,0,0,9.817482,728520792
9.694626,-89.6484,35.1562,35.1562,0,0,9.817482,728520792
9.696604,-91.0547,36.7383,36.7383,0,0,9.817482,728520792
9.698580,-92.6367,38.1445,38.1445,0,0,9.817482,728520792
9.700655,-94.0430,39.7266,39.7266,0,0,9.817482,728520792
9.702631,-95.4492,41.1328,41.1328,0,0,9.817482,728520792
9.707322,-98.6133,44.4727,44.4727,0,0,9.817482,728520792
9.707582,-98.7891,44.4727,44.4727,0,0,9.817482,728520792
9.708588,-99.4922,45.1758,45.1758,0,0,9.817482,728520792
9.710564,-100.7227,46.5820,46.5820,0,0,9.817482,728520792
9.712636,-102.1289,47.8125,47.8125,0,0,9.817482,728520792
9.714612,-103.1836,49.0430,49.0430,0,0,9.817482,728520792
9.716592,-104.4141,50.2734,50.2734,0,0,9.817482,728520792
9.718569,-105.4688,51.5039,51.5039,0,0,9.817482,728520792
9.720641,-106.6992,52.5586,52.5586,0,0,9.817482,728520792
9.722614,-107.7539,53.7891,53.7891,0,0,9.817482,728520792
9.724592,-108.8086,54.8438,54.8438,0,0,9.817482,728520792
9.726569,-109.8633,55.8984,55.8984,0,0,9.817482,728520792
9.728641,-110.9180,56.9531,56.9531,0,0,9.817482,728520792
9.730614,-111.7969,58.0078,58.0078,0,0,9.817482,728520792
9.732630,-112.8516,58.8867,58.8867,0,0,9.817482,728520792
9.734607,-113.7305,59.9414,59.9414,0,0,9.817482,728520792
9.736586,-114.6094,60.8203,60.8203,0,0,9.817482,728520792
9.738657,-115.4883,61.6992,61.6992,0,0,9.817482,728520792
9.740631,-116.3672,62.7539,62.7539,0,0,9.817482,728520792
9.742607,-117.2461,63.4570,63.4570,0,0,9.817482,728520792
9.744586,-118.1250,64.3359,64.3359,0,0,9.817482,728520792
9.746657,-119.0039,65.0391,65.0391,0,0,9.817482,728520792
9.748631,-119.7070,65.7422,65.7422,0,0,9.817482,728520792
9.750607,-120.4102,66.4453,66.4453,0,0,9.817482,728520792
9.752586,-121.2891,67.1484,67.1484,0,0,9.817482,728520792
9.754657,-121.9922,67.8516,67.8516,0,0,9.817482,728520792
9.756631,-122.6953,68.5547,68.5547,0,0,9.817482,728520792
9.758607,-123.3984,69.0820,69.0820,0,0,9.817482,728520792
9.760586,-124.1016,69.7852,69.7852,0,0,9.817482,728520792
9.762657,-124.8047,70.3125,70.3125,0,0,9.817482,728520792
9.764631,-125.5078,70.8398,70.8398,0,0,9.817482,728520792
9.766607,-126.2109,71.3672,71.3672,0,0,9.817482,728520792
9.768586,-126.7383,71.7188,71.7188,0,0,9.817482,728520792
9.770657,-127.4414,72.2461,72.2461,0,0,9.817482,728520792
9.772631,-127.9688,72.5977,72.5977,0,0,9.817482,728520792
9.774607,-128.6719,72.9492,72.9492,0,0,9.817482,728520792
9.776586,-129.1992,73.3008,73.3008,0,0,9.817482,728520792
9.778657,-129.7266,73.6523,73.6523,0,0,9.817482,728520792
9.780592,-130.4297,74.0039,74.0039,0,0,9.817482,728520792
9.782595,-130.9570,74.1797,74.1797,0,0,9.817482,728520792
9.784573,-131.4844,74.3555,74.3555,0,0,9.817482,728520792
9.786650,-132.0117,74.7070,74.7070,0,0,9.817482,728520792
9.788626,-132.5391,74.8828,74.8828,0,0,9.817482,728520792
9.790604,-133.0664,75.0586,75.0586,0,0,9.817482,728520792
9.792580,-133.5938,75.0586,75.0586,0,0,9.817482,728520792
9.794655,-133.9453,75.2344,75.2344,0,0,9.817482,728520792
9.796648,-134.4727,75.4102,75.4102,0,0,9.817482,728520792
9.798587,-135.0000,75.4102,75.4102,0,0,9.817482,728520792
9.800662,-135.1758,75.4102,75.4102,0,0,9.817482,728520792
9.802595,-135.1758,75.2344,75.2344,0,0,9.817482,728520792
9.811442,-134.1211,73.4766,73.4766,0,0,10.044913,728754421
9.812248,-134.1211,73.3008,73.3008,0,0,10.044913,728754421
9.812568,-134.1211,73.3008,73.3008,0,0,10.044913,728754421
9.812874,-134.1211,73.1250,73.1250,0,0,10.044913,728754421
9.813168,-134.1211,73.1250,73.1250,0,0,10.044913,728754421
9.814569,-133.9453,72.7734,72.7734,0,0,10.044913,728754421
9.816619,-133.7695,72.4219,72.4219,0,0,10.044913,728754421
9.818600,-133.4180,71.8945,71.8945,0,0,10.044913,728754421
9.820587,-133.2422,71.3672,71.3672,0,0,10.044913,728754421
9.822573,-133.0664,70.8398,70.8398,0,0,10.044913,728754421
9.824602,-132.7148,70.1367,70.1367,0,0,10.044913,728754421
9.826589,-132.5391,69.4336,69.4336,0,0,10.044913,728754421
9.828623,-132.1875,68.7305,68.7305,0,0,10.044913,728754421
9.830580,-131.8359,68.2031,68.2031,0,0,10.044913,728754421
9.832637,-131.4844,67.3242,67.3242,0,0,10.044913,728754421
9.834646,-131.1328,66.6211,66.6211,0,0,10.044913,728754421
9.836647,-130.7812,65.9180,65.9180,0,0,10.044913,728754421
9.838607,-130.4297,65.2148,65.2148,0,0,10.044913,728754421
9.840569,-130.2539,64.3359,64.3359,0,0,10.044913,728754421
9.842613,-129.7266,63.4570,63.4570,0,0,10.044913,728754421
9.844581,-129.3750,62.4023,62.4023,0,0,10.044913,728754421
9.846625,-129.0234,61.5234,61.5234,0,0,10.044913,728754421
9.848587,-128.4961,60.6445,60.6445,0,0,10.044913,728754421
9.850631,-127.9688,59.5898,59.5898,0,0,10.044913,728754421
9.852599,-127.6172,58.5352,58.5352,0,0,10.044913,728754421
9.854642,-127.0898,57.4805,57.4805,0,0,10.044913,728754421
9.856605,-126.5625,56.4258,56.4258,0,0,10.044913,728754421
9.858651,-126.0352,55.1953,55.1953,0,0,10.044913,728754421
9.860612,-125.5078,53.9648,53.9648,0,0,10.044913,728754421
9.862570,-124.8047,52.9102,52.9102,0,0,10.044913,728754421
9.864613,-124.2773,51.6797,51.6797,0,0,10.044913,728754421
9.866581,-123.7500,50.4492,50.4492,0,0,10.044913,728754421
9.868626,-123.0469,49.0430,49.0430,0,0,10.044913,728754421
9.870588,-122.3438,47.8125,47.8125,0,0,10.044913,728754421
9.872633,-121.6406,46.4062,46.4062,0,0,10.044913,728754421
9.874599,-120.9375,45.0000,45.0000,0,0,10.044913,728754421
9.876642,-120.0586,43.4180,43.4180,0,0,10.044913,728754421
9.878605,-119.3555,42.0117,42.0117,0,0,10.044913,728754421
9.880651,-118.4766,40.4297,40.4297,0,0,10.044913,728754421
9.882589,-117.5977,39.0234,39.0234,0,0,10.044913,728754421
9.884581,-116.7188,37.4414,37.4414,0,0,10.044913,728754421
9.886646,-115.8398,35.6836,35.6836,0,0,10.044913,728754421
9.888610,-114.9609,34.1016,34.1016,0,0,10.044913,728754421
9.890570,-113.9062,32.5195,32.5195,0,0,10.044913,728754421
9.892614,-112.8516,30.5859,30.5859,0,0,10.044913,728754421
9.894581,-111.7969,29.0039,29.0039,0,0,10.044913,728754421
9.896624,-110.7422,27.0703,27.0703,0,0,10.044913,728754421
9.898587,-109.6875,25.3125,25.3125,0,0,10.044913,728754421
9.900631,-108.4570,23.3789,23.3789,0,0,10.044913,728754421
9.902597,-107.4023,21.6211,21.6211,0,0,10.044913,728754421
9.907624,-104.4141,16.6992,16.6992,0,0,10.044913,728754421
9.907939,-104.0625,16.3477,16.3477,0,0,10.044913,728754421
9.908612,-103.7109,15.6445,15.6445,0,0,10.044913,728754421
9.910570,-102.4805,13.7109,13.7109,0,0,10.044913,728754421
9.912613,-101.2500,11.7773,11.7773,0,0,10.044913,728754421
9.914581,-100.0195,9.8438,9.8438,0,0,10.044913,728754421
9.916626,-98.6133,7.7344,7.7344,0,0,10.044913,728754421
9.918588,-97.3828,5.8008,5.8008,0,0,10.044913,728754421
9.920633,-96.1523,3.8672,3.8672,0,0,10.044913,728754421
9.922599,-94.9219,1.9336,1.9336,0,0,10.044913,728754421
9.924642,-93.6914,-0.1758,-0.1758,0,0,10.044913,728754421
9.926605,-92.4609,-1.9336,-1.9336,0,0,10.044913,728754421
9.928651,-91.4062,-3.8672,-3.8672,0,0,10.044913,728754421
9.930612,-90.3516,-5.8008,-5.8008,0,0,10.044913,728754421
9.932570,-89.1211,-7.5586,-7.5586,0,0,10.044913,728754421
9.934613,-88.0664,-9.3164,-9.3164,0,0,10.044913,728754421
9.936581,-87.0117,-11.0742,-11.0742,0,0,10.044913,728754421
9.938626,-85.9570,-12.8320,-12.8320,0,0,10.044913,728754421
9.940588,-85.0781,-14.5898,-14.5898,0,0,10.044913,728754421
9.942633,-84.0234,-16.1719,-16.1719,0,0,10.044913,728754421
9.944599,-83.1445,-17.7539,-17.7539,0,0,10.044913,728754421
9.946642,-82.2656,-19.5117,-19.5117,0,0,10.044913,728754421
9.948605,-81.3867,-20.9180,-20.9180,0,0,10.044913,728754421
9.950651,-80.5078,-22.5000,-22.5000,0,0,10.044913,728754421
9.952612,-79.8047,-24.0820,-24.0820,0,0,10.044913,728754421
9.954570,-78.9258,-25.4883,-25.4883,0,0,10.044913,728754421
9.956613,-78.2227,-26.8945,-26.8945,0,0,10.044913,728754421
9.958581,-77.5195,-28.1250,-28.1250,0,0,10.044913,728754421
9.960625,-76.8164,-29.5312,-29.5312,0,0,10.044913,728754421
9.962586,-76.1133,-30.9375,-30.9375,0,0,10.044913,728754421
9.964631,-75.4102,-32.1680,-32.1680,0,0,10.044913,728754421
9.966597,-74.8828,-33.3984,-33.3984,0,0,10.044913,728754421
9.968642,-74.1797,-34.6289,-34.6289,0,0,10.044913,728754421
9.970606,-73.6523,-35.8594,-35.8594,0,0,10.044913,728754421
9.972651,-73.1250,-37.0898,-37.0898,0,0,10.044913,728754421
9.974612,-72.5977,-38.1445,-38.1445,0,0,10.044913,728754421
9.976570,-72.0703,-39.1992,-39.1992,0,0,10.044913,728754421
9.978613,-71.5430,-40.2539,-40.2539,0,0,10.044913,728754421
9.980581,-71.0156,-41.3086,-41.3086,0,0,10.044913,728754421
9.982642,-70.4883,-42.3633,-42.3633,0,0,10.044913,728754421
9.984645,-70.1367,-43.2422,-43.2422,0,0,10.044913,728754421
9.986604,-69.6094,-44.2969,-44.2969,0,0,10.044913,728754421
9.988581,-69.2578,-45.1758,-45.1758,0,0,10.044913,728754421
9.990624,-68.7305,-46.0547,-46.0547,0,0,10.044913,728754421
9.992587,-68.3789,-46.9336,-46.9336,0,0,10.044913,728754421
9.994631,-68.0273,-47.6367,-47.6367,0,0,10.044913,728754421
9.996597,-67.6758,-48.5156,-48.5156,0,0,10.044913,728754421
9.998567,-67.1484,-49.3945,-49.3945,0,0,10.044913,728754421
10.000612,-66.7969,-50.0977,-50.0977,0,0,10.044913,728754421
10.002578,-66.4453,-50.8008,-50.8008,0,0,10.044913,728754421
10.007292,-65.7422,-52.3828,-52.3828,0,0,10.044913,728754421
10.007565,-65.7422,-52.3828,-52.3828,0,0,10.044913,728754421
10.008603,-65.5664,-52.7344,-52.7344,0,0,10.044913,728754421
10.010647,-65.0391,-53.4375,-53.4375,0,0,10.044913,728754421
10.012612,-64.8633,-53.9648,-53.9648,0,0,10.044913,728754421
10.014570,-64.5117,-54.4922,-54.4922,0,0,10.044913,728754421
10.016613,-64.1602,-55.0195,-55.0195,0,0,10.044913,728754421
10.018581,-63.9844,-55.5469,-55.5469,0,0,10.044913,728754421
10.020626,-63.6328,-56.0742,-56.0742,0,0,10.044913,728754421
10.022588,-63.2812,-56.4258,-56.4258,0,0,10.044913,728754421
10.024633,-63.1055,-56.7773,-56.7773,0,0,10.044913,728754421
10.026599,-62.7539,-57.3047,-57.3047,0,0,10.044913,728754421
10.028642,-62.5781,-57.6562,-57.6562,0,0,10.044913,728754421
10.030567,-62.2266,-58.0078,-58.0078,0,0,10.044913,728754421
10.032650,-62.0508,-58.1836,-58.1836,0,0,10.044913,728754421
10.034611,-61.6992,-58.5352,-58.5352,0,0,10.044913,728754421
10.036612,-61.5234,-58.7109,-58.7109,0,0,10.044913,728754421
10.038597,-61.3477,-59.0625,-59.0625,0,0,10.044913,728754421
10.040594,-60.6445,-59.4141,-59.4141,0,0,10.294302,728988901
10.044356,-60.6445,-59.5898,-59.5898,0,0,10.294302,728988901
10.044683,-60.6445,-59.5898,-59.5898,0,0,10.294302,728988901
10.046593,-60.2930,-59.5898,-59.5898,0,0,10.294302,728988901
10.048629,-60.1172,-59.7656,-59.7656,0,0,10.294302,728988901
10.050569,-59.9414,-59.7656,-59.7656,0,0,10.294302,728988901
10.052762,-59.7656,-59.9414,-59.9414,0,0,10.294302,728988901
10.054644,-59.4141,-59.9414,-59.9414,0,0,10.294302,728988901
10.056597,-59.2383,-59.9414,-59.9414,0,0,10.294302,728988901
10.058642,-59.0625,-59.7656,-59.7656,0,0,10.294302,728988901
10.060606,-58.8867,-59.7656,-59.7656,0,0,10.294302,728988901
10.062610,-58.7109,-59.5898,-59.5898,0,0,10.294302,728988901
10.064570,-58.5352,-59.5898,-59.5898,0,0,10.294302,728988901
10.066614,-58.3594,-59.4141,-59.4141,0,0,10.294302,728988901
10.068581,-58.1836,-59.2383,-59.2383,0,0,10.294302,728988901
10.070624,-58.0078,-58.8867,-58.8867,0,0,10.294302,728988901
10.072567,-57.8320,-58.7109,-58.7109,0,0,10.294302,728988901
10.074655,-57.6562,-58.5352,-58.5352,0,0,10.294302,728988901
10.076612,-57.4805,-58.1836,-58.1836,0,0,10.294302,728988901
10.078570,-57.3047,-57.8320,-57.8320,0,0,10.294302,728988901
10.080613,-57.1289,-57.4805,-57.4805,0,0,10.294302,728988901
10.082589,-56.9531,-57.1289,-57.1289,0,0,10.294302,728988901
10.084633,-56.7773,-56.7773,-56.7773,0,0,10.294302,728988901
10.086599,-56.6016,-56.4258,-56.4258,0,0,10.294302,728988901
10.088627,-56.6016,-55.8984,-55.8984,0,0,10.294302,728988901
10.090587,-56.4258,-55.3711,-55.3711,0,0,10.294302,728988901
10.092569,-56.2500,-54.8438,-54.8438,0,0,10.294302,728988901
10.094614,-56.0742,-54.3164,-54.3164,0,0,10.294302,728988901
10.096581,-56.0742,-53.7891,-53.7891,0,0,10.294302,728988901
10.098625,-55.8984,-53.2617,-53.2617,0,0,10.294302,728988901
10.100586,-55.8984,-52.5586,-52.5586,0,0,10.294302,728988901
10.102631,-55.7227,-51.8555,-51.8555,0,0,10.294302,728988901
10.107751,-55.5469,-50.0977,-50.0977,0,0,10.294302,728988901
10.108058,-55.5469,-50.0977,-50.0977,0,0,10.294302,728988901
10.108642,-55.5469,-49.7461,-49.7461,0,0,10.294302,728988901
10.110605,-55.3711,-49.0430,-49.0430,0,0,10.294302,728988901
10.112651,-55.3711,-48.3398,-48.3398,0,0,10.294302,728988901
10.114612,-55.1953,-47.4609,-47.4609,0,0,10.294302,728988901
10.116570,-55.1953,-46.5820,-46.5820,0,0,10.294302,728988901
10.118613,-55.1953,-45.8789,-45.8789,0,0,10.294302,728988901
10.120581,-55.1953,-44.8242,-44.8242,0,0,10.294302,728988901
10.122626,-55.1953,-43.9453,-43.9453,0,0,10.294302,728988901
10.124588,-55.1953,-43.0664,-43.0664,0,0,10.294302,728988901
10.126633,-55.1953,-42.0117,-42.0117,0,0,10.294302,728988901
10.128599,-55.1953,-40.9570,-40.9570,0,0,10.294302,728988901
10.130642,-55.1953,-39.9023,-39.9023,0,0,10.294302,728988901
10.132605,-55.1953,-38.8477,-38.8477,0,0,10.294302,728988901
10.134651,-55.1953,-37.7930,-37.7930,0,0,10.294302,728988901
10.136612,-55.3711,-36.5625,-36.5625,0,0,10.294302,728988901
10.138570,-55.5469,-35.5078,-35.5078,0,0,10.294302,728988901
10.140613,-55.5469,-34.2773,-34.2773,0,0,10.294302,728988901
10.142581,-55.7227,-33.0469,-33.0469,0,0,10.294302,728988901
10.144626,-55.8984,-31.8164,-31.8164,0,0,10.294302,728988901
10.146588,-55.8984,-30.5859,-30.5859,0,0,10.294302,728988901
10.148633,-56.2500,-29.1797,-29.1797,0,0,10.294302,728988901
10.150599,-56.4258,-27.7734,-27.7734,0,0,10.294302,728988901
10.152642,-56.6016,-26.3672,-26.3672,0,0,10.294302,728988901
10.154605,-56.7773,-24.9609,-24.9609,0,0,10.294302,728988901
10.156651,-57.1289,-23.5547,-23.5547,0,0,10.294302,728988901
10.158612,-57.3047,-22.1484,-22.1484,0,0,10.294302,728988901
10.160570,-57.6562,-20.5664,-20.5664,0,0,10.294302,728988901
10.162613,-58.0078,-18.9844,-18.9844,0,0,10.294302,728988901
10.164581,-58.3594,-17.4023,-17.4023,0,0,10.294302,728988901
10.166626,-58.7109,-15.8203,-15.8203,0,0,10.294302,728988901
10.168588,-59.0625,-14.2383,-14.2383,0,0,10.294302,728988901
10.170633,-59.5898,-12.3047,-12.3047,0,0,10.294302,728988901
10.172599,-59.9414,-10.7227,-10.7227,0,0,10.294302,728988901
10.174642,-60.4688,-8.9648,-8.9648,0,0,10.294302,728988901
10.176605,-60.9961,-7.2070,-7.2070,0,0,10.294302,728988901
10.178651,-61.5234,-5.2734,-5.2734,0,0,10.294302,728988901
10.180612,-62.0508,-3.5156,-3.5156,0,0,10.294302,728988901
10.182584,-62.5781,-1.5820,-1.5820,0,0,10.294302,728988901
10.184626,-63.1055,0.3516,0.3516,0,0,10.294302,728988901
10.186588,-63.6328,2.1094,2.1094,0,0,10.294302,728988901
10.188633,-64.3359,4.0430,4.0430,0,0,10.294302,728988901
10.190642,-65.0391,5.9766,5.9766,0,0,10.294302,728988901
10.192602,-65.5664,7.9102,7.9102,0,0,10.294302,728988901
10.194578,-66.2695,9.8438,9.8438,0,0,10.294302,728988901
10.196621,-66.7969,11.7773,11.7773,0,0,10.294302,728988901
10.198586,-67.5000,13.7109,13.7109,0,0,10.294302,728988901
10.200631,-68.0273,15.8203,15.8203,0,0,10.294302,728988901
10.202597,-68.5547,17.5781,17.5781,0,0,10.294302,728988901
10.207496,-69.9609,22.1484,22.1484,0,0,10.294302,728988901
10.207771,-69.9609,22.5000,22.5000,0,0,10.294302,728988901
10.208626,-70.3125,23.2031,23.2031,0,0,10.294302,728988901
10.210585,-70.6641,24.9609,24.9609,0,0,10.294302,728988901
10.212626,-71.1914,26.7188,26.7188,0,0,10.294302,728988901
10.214588,-71.7188,28.4766,28.4766,0,0,10.294302,728988901
10.216633,-72.0703,30.2344,30.2344,0,0,10.294302,728988901
10.218599,-72.4219,31.8164,31.8164,0,0,10.294302,728988901
10.220642,-72.7734,33.5742,33.5742,0,0,10.294302,728988901
10.222605,-73.1250,34.9805,34.9805,0,0,10.294302,728988901
10.224651,-73.4766,36.7383,36.7383,0,0,10.294302,728988901
10.226612,-73.8281,38.1445,38.1445,0,0,10.294302,728988901
10.228570,-74.0039,39.7266,39.7266,0,0,10.294302,728988901
10.230613,-74.1797,41.1328,41.1328,0,0,10.294302,728988901
10.232581,-74.5312,42.5391,42.5391,0,0,10.294302,728988901
10.234626,-74.7070,43.9453,43.9453,0,0,10.294302,728988901
10.236588,-74.8828,45.1758,45.1758,0,0,10.294302,728988901
10.238633,-75.0586,46.5820,46.5820,0,0,10.294302,728988901
10.240599,-75.0586,47.8125,47.8125,0,0,10.294302,728988901
10.242642,-75.2344,49.0430,49.0430,0,0,10.294302,728988901
10.244605,-75.4102,50.2734,50.2734,0,0,10.294302,728988901
10.246651,-75.4102,51.5039,51.5039,0,0,10.294302,728988901
10.248612,-75.4102,52.5586,52.5586,0,0,10.294302,728988901
10.250570,-75.4102,53.6133,53.6133,0,0,10.294302,728988901
10.252613,-75.5859,54.8438,54.8438,0,0,10.294302,728988901
10.254581,-75.5859,55.8984,55.8984,0,0,10.294302,728988901
10.256626,-75.5859,56.7773,56.7773,0,0,10.294302,728988901
10.258588,-75.5859,57.8320,57.8320,0,0,10.294302,728988901
10.260581,-75.4102,58.7109,58.7109,0,0,10.294302,728988901
10.262652,-75.4102,59.7656,59.7656,0,0,10.294302,728988901
10.264567,-75.4102,60.6445,60.6445,0,0,10.294302,728988901
10.266619,-75.2344,61.5234,61.5234,0,0,10.294302,728988901
10.268585,-75.2344,62.2266,62.2266,0,0,10.294302,728988901
10.270585,-75.0586,63.1055,63.1055,0,0,10.294302,728988901
10.272628,-74.8828,63.9844,63.9844,0,0,10.294302,728988901
10.274609,-74.8828,64.6875,64.6875,0,0,10.294302,728988901
10.278451,-74.7070,66.0938,66.0938,0,0,10.539266,729231916
10.278996,-74.5312,66.2695,66.2695,0,0,10.539266,729231916
10.280615,-74.5312,66.7969,66.7969,0,0,10.539266,729231916
10.282600,-74.3555,67.3242,67.3242,0,0,10.539266,729231916
10.284578,-74.1797,68.0273,68.0273,0,0,10.539266,729231916
10.286591,-74.0039,68.5547,68.5547,0,0,10.539266,729231916
10.288592,-73.8281,69.2578,69.2578,0,0,10.539266,729231916
10.290594,-73.6523,69.7852,69.7852,0,0,10.539266,729231916
10.292628,-73.4766,70.1367,70.1367,0,0,10.539266,729231916
10.294594,-73.3008,70.6641,70.6641,0,0,10.539266,729231916
10.296654,-73.1250,71.1914,71.1914,0,0,10.539266,729231916
10.298631,-72.7734,71.5430,71.5430,0,0,10.539266,729231916
10.300677,-72.5977,72.0703,72.0703,0,0,10.539266,729231916
10.302666,-72.4219,72.2461,72.2461,0,0,10.539266,729231916
10.307946,-71.8945,73.1250,73.1250,0,0,10.539266,729231916
10.308271,-71.7188,73.3008,73.3008,0,0,10.539266,729231916
10.308581,-71.7188,73.3008,73.3008,0,0,10.539266,729231916
10.310605,-71.5430,73.4766,73.4766,0,0,10.539266,729231916
10.312581,-71.3672,73.6523,73.6523,0,0,10.539266,729231916
10.314653,-71.0156,74.0039,74.0039,0,0,10.539266,729231916
10.316630,-70.8398,74.1797,74.1797,0,0,10.539266,729231916
10.318624,-70.4883,74.3555,74.3555,0,0,10.539266,729231916
10.320644,-70.3125,74.3555,74.3555,0,0,10.539266,729231916
10.322619,-69.9609,74.5312,74.5312,0,0,10.539266,729231916
10.324595,-69.7852,74.7070,74.7070,0,0,10.539266,729231916
10.326573,-69.4336,74.7070,74.7070,0,0,10.539266,729231916
10.328646,-69.2578,74.7070,74.7070,0,0,10.539266,729231916
10.330619,-68.9062,74.7070,74.7070,0,0,10.539266,729231916
10.332595,-68.7305,74.7070,74.7070,0,0,10.539266,729231916
10.334573,-68.3789,74.7070,74.7070,0,0,10.539266,729231916
10.336650,-68.0273,74.5312,74.5312,0,0,10.539266,729231916
10.338626,-67.8516,74.3555,74.3555,0,0,10.539266,729231916
10.340604,-67.5000,74.3555,74.3555,0,0,10.539266,729231916
10.342579,-67.1484,74.1797,74.1797,0,0,10.539266,729231916
10.344655,-66.9727,74.0039,74.0039,0,0,10.539266,729231916
10.346631,-66.6211,73.6523,73.6523,0,0,10.539266,729231916
10.348607,-66.2695,73.4766,73.4766,0,0,10.539266,729231916
10.350585,-65.9180,73.3008,73.3008,0,0,10.539266,729231916
10.352657,-65.5664,72.9492,72.9492,0,0,10.539266,729231916
10.354631,-65.2148,72.5977,72.5977,0,0,10.539266,729231916
10.356607,-65.0391,72.2461,72.2461,0,0,10.539266,729231916
10.358585,-64.6875,71.8945,71.8945,0,0,10.539266,729231916
10.360657,-64.3359,71.5430,71.5430,0,0,10.539266,729231916
10.362631,-63.9844,71.1914,71.1914,0,0,10.539266,729231916
10.364607,-63.6328,70.6641,70.6641,0,0,10.539266,729231916
10.366585,-63.2812,70.1367,70.1367,0,0,10.539266,729231916
10.368657,-62.7539,69.6094,69.6094,0,0,10.539266,729231916
10.370631,-62.4023,69.0820,69.0820,0,0,10.539266,729231916
10.372607,-62.0508,68.5547,68.5547,0,0,10.539266,729231916
10.374585,-61.6992,68.0273,68.0273,0,0,10.539266,729231916
10.376657,-61.1719,67.3242,67.3242,0,0,10.539266,729231916
10.378631,-60.8203,66.6211,66.6211,0,0,10.539266,729231916
10.380607,-60.4688,66.0938,66.0938,0,0,10.539266,729231916
10.382604,-59.9414,65.3906,65.3906,0,0,10.539266,729231916
10.384579,-59.5898,64.6875,64.6875,0,0,10.539266,729231916
10.386655,-59.0625,63.8086,63.8086,0,0,10.539266,729231916
10.388631,-58.7109,63.1055,63.1055,0,0,10.539266,729231916
10.390607,-58.1836,62.4023,62.4023,0,0,10.539266,729231916
10.392585,-57.6562,61.5234,61.5234,0,0,10.539266,729231916
10.394618,-57.3047,60.6445,60.6445,0,0,10.539266,729231916
10.396629,-56.7773,59.7656,59.7656,0,0,10.539266,729231916
10.398640,-56.2500,58.8867,58.8867,0,0,10.539266,729231916
10.400614,-55.7227,57.8320,57.8320,0,0,10.539266,729231916
10.402592,-55.1953,56.9531,56.9531,0,0,10.539266,729231916
10.407280,-53.7891,54.6680,54.6680,0,0,10.539266,729231916
10.407551,-53.7891,54.4922,54.4922,0,0,10.539266,729231916
10.408641,-53.4375,53.7891,53.7891,0,0,10.539266,729231916
10.410614,-52.7344,52.9102,52.9102,0,0,10.539266,729231916
10.412592,-52.2070,51.6797,51.6797,0,0,10.539266,729231916
10.414569,-51.5039,50.6250,50.6250,0,0,10.539266,729231916
10.416641,-50.9766,49.3945,49.3945,0,0,10.539266,729231916
10.418614,-50.2734,48.1641,48.1641,0,0,10.539266,729231916
10.420592,-49.5703,46.9336,46.9336,0,0,10.539266,729231916
10.422569,-48.8672,45.7031,45.7031,0,0,10.539266,729231916
10.424641,-47.9883,44.4727,44.4727,0,0,10.539266,729231916
10.426614,-47.2852,43.0664,43.0664,0,0,10.539266,729231916
10.428592,-46.5820,41.8359,41.8359,0,0,10.539266,729231916
10.430569,-45.7031,40.4297,40.4297,0,0,10.539266,729231916
10.432641,-44.8242,39.0234,39.0234,0,0,10.539266,729231916
10.434614,-43.9453,37.6172,37.6172,0,0,10.539266,729231916
10.436592,-43.2422,36.2109,36.2109,0,0,10.539266,729231916
10.438569,-42.3633,34.6289,34.6289,0,0,10.539266,729231916
10.440641,-41.3086,33.0469,33.0469,0,0,10.539266,729231916
10.442614,-40.4297,31.4648,31.4648,0,0,10.539266,729231916
10.444592,-39.3750,30.0586,30.0586,0,0,10.539266,729231916
10.446569,-38.3203,28.4766,28.4766,0,0,10.539266,729231916
10.448641,-37.4414,26.7188,26.7188,0,0,10.539266,729231916
10.450614,-36.2109,25.1367,25.1367,0,0,10.539266,729231916
10.452592,-35.3320,23.3789,23.3789,0,0,10.539266,729231916
10.454569,-34.1016,21.7969,21.7969,0,0,10.539266,729231916
10.456641,-33.0469,20.0391,20.0391,0,0,10.539266,729231916
10.458614,-31.9922,18.2812,18.2812,0,0,10.539266,729231916
10.460592,-30.7617,16.5234,16.5234,0,0,10.539266,729231916
10.462569,-29.7070,14.7656,14.7656,0,0,10.539266,729231916
10.464641,-28.4766,13.0078,13.0078,0,0,10.539266,729231916
10.466614,-27.4219,11.2500,11.2500,0,0,10.539266,729231916
10.468592,-26.1914,9.4922,9.4922,0,0,10.539266,729231916
10.470569,-24.9609,7.7344,7.7344,0,0,10.539266,729231916
10.472641,-23.9062,5.9766,5.9766,0,0,10.539266,729231916
10.474614,-22.8516,4.2188,4.2188,0,0,10.539266,729231916
10.476592,-21.6211,2.4609,2.4609,0,0,10.539266,729231916
10.478569,-20.5664,0.7031,0.7031,0,0,10.539266,729231916
10.480641,-19.3359,-1.0547,-1.0547,0,0,10.539266,729231916
10.482626,-18.4570,-2.6367,-2.6367,0,0,10.539266,729231916
10.484605,-17.4023,-4.2188,-4.2188,0,0,10.539266,729231916
10.486580,-16.3477,-5.8008,-5.8008,0,0,10.539266,729231916
10.488653,-15.2930,-7.5586,-7.5586,0,0,10.539266,729231916
10.490629,-14.4141,-8.9648,-8.9648,0,0,10.539266,729231916
10.492607,-13.5352,-10.5469,-10.5469,0,0,10.539266,729231916
10.494586,-12.4805,-12.1289,-12.1289,0,0,10.539266,729231916
10.496602,-11.6016,-13.5352,-13.5352,0,0,10.539266,729231916
10.498589,-10.7227,-14.9414,-14.9414,0,0,10.539266,729231916
10.500600,-10.0195,-16.3477,-16.3477,0,0,10.539266,729231916
10.502577,-9.1406,-17.7539,-17.7539,0,0,10.539266,729231916
10.507345,-7.3828,-20.7422,-20.7422,0,0,10.539266,729231916
10.507776,-7.2070,-21.0938,-21.0938,0,0,10.539266,729231916
10.508591,-6.8555,-21.6211,-21.6211,0,0,10.539266,729231916
10.510631,-6.1523,-22.8516,-22.8516,0,0,10.539266,729231916
10.512607,-5.4492,-24.0820,-24.0820,0,0,10.539266,729231916
10.514642,-4.9219,-25.3125,-25.3125,0,0,10.539266,729231916
10.517044,-4.0430,-26.5430,-26.5430,0,0,10.539266,729231916
10.521494,-2.6367,-29.1797,-29.1797,0,0,10.781142,729485068
10.522049,-2.4609,-29.3555,-29.3555,0,0,10.781142,729485068
10.522582,-2.4609,-29.7070,-29.7070,0,0,10.781142,729485068
10.524789,-1.7578,-30.7617,-30.7617,0,0,10.781142,729485068
10.526570,-1.2305,-31.6406,-31.6406,0,0,10.781142,729485068
10.528578,-0.7031,-32.5195,-32.5195,0,0,10.781142,729485068
10.530642,-0.3516,-33.5742,-33.5742,0,0,10.781142,729485068
10.532607,0.1758,-34.4531,-34.4531,0,0,10.781142,729485068
10.534633,0.7031,-35.3320,-35.3320,0,0,10.781142,729485068
10.536597,1.0547,-36.2109,-36.2109,0,0,10.781142,729485068
10.538660,1.5820,-36.9141,-36.9141,0,0,10.781142,729485068
10.540626,2.1094,-37.7930,-37.7930,0,0,10.781142,729485068
10.542642,2.4609,-38.4961,-38.4961,0,0,10.781142,729485068
10.544642,2.8125,-39.1992,-39.1992,0,0,10.781142,729485068
10.546579,3.3398,-39.9023,-39.9023,0,0,10.781142,729485068
10.548581,3.6914,-40.6055,-40.6055,0,0,10.781142,729485068
10.550591,4.0430,-41.3086,-41.3086,0,0,10.781142,729485068
10.552652,4.3945,-42.0117,-42.0117,0,0,10.781142,729485068
10.554654,4.7461,-42.5391,-42.5391,0,0,10.781142,729485068
10.556633,5.0977,-43.0664,-43.0664,0,0,10.781142,729485068
10.558578,5.4492,-43.5938,-43.5938,0,0,10.781142,729485068
10.560654,5.8008,-44.1211,-44.1211,0,0,10.781142,729485068
10.562631,5.9766,-44.6484,-44.6484,0,0,10.781142,729485068
10.564607,6.3281,-45.1758,-45.1758,0,0,10.781142,729485068
10.566586,6.6797,-45.5273,-45.5273,0,0,10.781142,729485068
10.568657,7.0312,-45.8789,-45.8789,0,0,10.781142,729485068
10.570631,7.2070,-46.2305,-46.2305,0,0,10.781142,729485068
10.572607,7.5586,-46.5820,-46.5820,0,0,10.781142,729485068
10.574586,7.7344,-46.9336,-46.9336,0,0,10.781142,729485068
10.576657,8.0859,-47.2852,-47.2852,0,0,10.781142,729485068
10.578631,8.2617,-47.4609,-47.4609,0,0,10.781142,729485068
10.580607,8.6133,-47.8125,-47.8125,0,0,10.781142,729485068
10.582604,8.7891,-47.9883,-47.9883,0,0,10.781142,729485068
10.584579,8.9648,-48.1641,-48.1641,0,0,10.781142,729485068
10.586653,9.3164,-48.3398,-48.3398,0,0,10.781142,729485068
10.588629,9.4922,-48.5156,-48.5156,0,0,10.781142,729485068
10.590607,9.6680,-48.6914,-48.6914,0,0,10.781142,729485068
10.592586,10.0195,-48.6914,-48.6914,0,0,10.781142,729485068
10.594657,10.1953,-48.6914,-48.6914,0,0,10.781142,729485068
10.596631,10.3711,-48.6914,-48.6914,0,0,10.781142,729485068
10.598607,10.5469,-48.6914,-48.6914,0,0,10.781142,729485068
10.600595,10.7227,-48.6914,-48.6914,0,0,10.781142,729485068
10.602613,10.8984,-48.6914,-48.6914,0,0,10.781142,729485068
10.607797,11.4258,-48.3398,-48.3398,0,0,10.781142,729485068
10.608111,11.4258,-48.3398,-48.3398,0,0,10.781142,729485068
10.608621,11.4258,-48.3398,-48.3398,0,0,10.781142,729485068
10.610596,11.6016,-48.1641,-48.1641,0,0,10.781142,729485068
10.612573,11.7773,-48.1641,-48.1641,0,0,10.781142,729485068
10.614646,11.9531,-47.8125,-47.8125,0,0,10.781142,729485068
10.616619,12.1289,-47.6367,-47.6367,0,0,10.781142,729485068
10.618595,12.1289,-47.4609,-47.4609,0,0,10.781142,729485068
10.620573,12.3047,-47.1094,-47.1094,0,0,10.781142,729485068
10.622650,12.4805,-46.7578,-46.7578,0,0,10.781142,729485068
10.624626,12.4805,-46.4062,-46.4062,0,0,10.781142,729485068
10.626604,12.6562,-46.0547,-46.0547,0,0,10.781142,729485068
10.628580,12.8320,-45.7031,-45.7031,0,0,10.781142,729485068
10.630655,13.0078,-45.1758,-45.1758,0,0,10.781142,729485068
10.632631,13.0078,-44.8242,-44.8242,0,0,10.781142,729485068
10.634607,13.0078,-44.2969,-44.2969,0,0,10.781142,729485068
10.636586,13.1836,-43.7695,-43.7695,0,0,10.781142,729485068
10.638657,13.1836,-43.2422,-43.2422,0,0,10.781142,729485068
10.640631,13.3594,-42.7148,-42.7148,0,0,10.781142,729485068
10.642607,13.3594,-42.1875,-42.1875,0,0,10.781142,729485068
10.644586,13.3594,-41.6602,-41.6602,0,0,10.781142,729485068
10.646657,13.5352,-40.9570,-40.9570,0,0,10.781142,729485068
10.648631,13.5352,-40.2539,-40.2539,0,0,10.781142,729485068
10.650607,13.5352,-39.5508,-39.5508,0,0,10.781142,729485068
10.652586,13.5352,-38.8477,-38.8477,0,0,10.781142,729485068
10.654657,13.5352,-38.1445,-38.1445,0,0,10.781142,729485068
10.656631,13.5352,-37.2656,-37.2656,0,0,10.781142,729485068
10.658607,13.5352,-36.3867,-36.3867,0,0,10.781142,729485068
10.660586,13.5352,-35.6836,-35.6836,0,0,10.781142,729485068
10.662657,13.5352,-34.8047,-34.8047,0,0,10.781142,729485068
10.664631,13.3594,-33.9258,-33.9258,0,0,10.781142,729485068
10.666607,13.3594,-33.0469,-33.0469,0,0,10.781142,729485068
10.668586,13.3594,-31.9922,-31.9922,0,0,10.781142,729485068
10.670657,13.1836,-31.1133,-31.1133,0,0,10.781142,729485068
10.672631,13.0078,-30.0586,-30.0586,0,0,10.781142,729485068
10.674607,13.0078,-29.0039,-29.0039,0,0,10.781142,729485068
10.676586,12.8320,-27.9492,-27.9492,0,0,10.781142,729485068
10.678657,12.6562,-26.8945,-26.8945,0,0,10.781142,729485068
10.680631,12.4805,-25.6641,-25.6641,0,0,10.781142,729485068
10.682616,12.3047,-24.6094,-24.6094,0,0,10.781142,729485068
10.684592,12.1289,-23.3789,-23.3789,0,0,10.781142,729485068
10.686569,11.9531,-22.1484,-22.1484,0,0,10.781142,729485068
10.688641,11.7773,-20.9180,-20.9180,0,0,10.781142,729485068
10.690614,11.4258,-19.6875,-19.6875,0,0,10.781142,729485068
10.692592,11.2500,-18.4570,-18.4570,0,0,10.781142,729485068
10.694569,10.8984,-17.0508,-17.0508,0,0,10.781142,729485068
10.696641,10.5469,-15.6445,-15.6445,0,0,10.781142,729485068
10.698614,10.1953,-14.2383,-14.2383,0,0,10.781142,729485068
10.700592,9.8438,-12.8320,-12.8320,0,0,10.781142,729485068
10.702614,9.4922,-11.4258,-11.4258,0,0,10.781142,729485068
10.707301,8.6133,-7.9102,-7.9102,0,0,10.781142,729485068
10.707574,8.4375,-7.5586,-7.5586,0,0,10.781142,729485068
10.708569,8.2617,-6.8555,-6.8555,0,0,10.781142,729485068
10.710569,7.9102,-5.2734,-5.2734,0,0,10.781142,729485068
10.712641,7.3828,-3.6914,-3.6914,0,0,10.781142,729485068
10.714614,6.8555,-1.9336,-1.9336,0,0,10.781142,729485068
10.716592,6.3281,-0.3516,-0.3516,0,0,10.781142,729485068
10.718569,5.8008,1.2305,1.2305,0,0,10.781142,729485068
10.720641,5.2734,2.9883,2.9883,0,0,10.781142,729485068
10.722614,4.7461,4.5703,4.5703,0,0,10.781142,729485068
10.724592,4.2188,6.3281,6.3281,0,0,10.781142,729485068
10.726569,3.6914,8.0859,8.0859,0,0,10.781142,729485068
10.728641,3.1641,9.8438,9.8438,0,0,10.781142,729485068
10.730614,2.4609,11.4258,11.4258,0,0,10.781142,729485068
10.732592,1.9336,13.1836,13.1836,0,0,10.781142,729485068
10.734569,1.4062,14.9414,14.9414,0,0,10.781142,729485068
10.736641,0.8789,16.5234,16.5234,0,0,10.781142,729485068
10.738614,0.3516,18.2812,18.2812,0,0,10.781142,729485068
10.740592,-0.1758,19.8633,19.8633,0,0,10.781142,729485068
10.742569,-0.7031,21.4453,21.4453,0,0,10.781142,729485068
10.744641,-1.2305,23.2031,23.2031,0,0,10.781142,729485068
10.746614,-1.7578,24.7852,24.7852,0,0,10.781142,729485068
10.748592,-2.1094,26.3672,26.3672,0,0,10.781142,729485068
10.750569,-2.4609,27.7734,27.7734,0,0,10.781142,729485068
10.752641,-2.9883,29.3555,29.3555,0,0,10.781142,729485068
10.754666,-3.3398,30.9375,30.9375,0,0,10.781142,729485068
10.756624,-3.6914,32.3438,32.3438,0,0,10.781142,729485068
10.758604,-4.0430,33.7500,33.7500,0,0,10.781142,729485068
10.760577,-4.3945,35.1562,35.1562,0,0,10.781142,729485068
10.762650,-4.7461,36.5625,36.5625,0,0,10.781142,729485068
10.764625,-4.9219,37.7930,37.7930,0,0,10.781142,729485068
10.766659,-5.2734,39.1992,39.1992,0,0,10.781142,729485068
10.768619,-5.4492,40.4297,40.4297,0,0,10.781142,729485068
10.770630,-5.8008,41.6602,41.6602,0,0,10.781142,729485068
10.774426,-5.9766,43.9453,43.9453,0,0,11.034921,729728958
10.775065,-6.1523,44.4727,44.4727,0,0,11.034921,729728958
10.776601,-6.3281,45.1758,45.1758,0,0,11.034921,729728958
10.778632,-6.5039,46.4062,46.4062,0,0,11.034921,729728958
10.780565,-6.5039,47.4609,47.4609,0,0,11.034921,729728958
10.782621,-6.6797,48.5156,48.5156,0,0,11.034921,729728958
10.784604,-6.6797,49.5703,49.5703,0,0,11.034921,729728958
10.786626,-6.8555,50.6250,50.6250,0,0,11.034921,729728958
10.788595,-7.0312,51.5039,51.5039,0,0,11.034921,729728958
10.790596,-7.0312,52.5586,52.5586,0,0,11.034921,729728958
10.792619,-7.0312,53.4375,53.4375,0,0,11.034921,729728958
10.794595,-7.0312,54.3164,54.3164,0,0,11.034921,729728958
10.796573,-7.2070,55.1953,55.1953,0,0,11.034921,729728958
10.798646,-7.2070,55.8984,55.8984,0,0,11.034921,729728958
10.800578,-7.2070,56.7773,56.7773,0,0,11.034921,729728958
10.802592,-7.2070,57.4805,57.4805,0,0,11.034921,729728958
10.807774,-7.2070,59.4141,59.4141,0,0,11.034921,729728958
10.808092,-7.2070,59.5898,59.5898,0,0,11.034921,729728958
10.808604,-7.0312,59.5898,59.5898,0,0,11.034921,729728958
10.810579,-7.0312,60.2930,60.2930,0,0,11.034921,729728958
10.812653,-7.0312,60.9961,60.9961,0,0,11.034921,729728958
10.814629,-7.0312,61.6992,61.6992,0,0,11.034921,729728958
10.816607,-6.8555,62.2266,62.2266,0,0,11.034921,729728958
10.818586,-6.8555,62.7539,62.7539,0,0,11.034921,729728958
10.820657,-6.6797,63.4570,63.4570,0,0,11.034921,729728958
10.822631,-6.6797,63.8086,63.8086,0,0,11.034921,729728958
10.824607,-6.5039,64.3359,64.3359,0,0,11.034921,729728958
10.826586,-6.5039,64.8633,64.8633,0,0,11.034921,729728958
10.828657,-6.3281,65.2148,65.2148,0,0,11.034921,729728958
10.830631,-6.1523,65.5664,65.5664,0,0,11.034921,729728958
10.832607,-5.9766,65.9180,65.9180,0,0,11.034921,729728958
10.834586,-5.9766,66.2695,66.2695,0,0,11.034921,729728958
10.836657,-5.8008,66.6211,66.6211,0,0,11.034921,729728958
10.838631,-5.6250,66.9727,66.9727,0,0,11.034921,729728958
10.840607,-5.6250,67.1484,67.1484,0,0,11.034921,729728958
10.842586,-5.4492,67.5000,67.5000,0,0,11.034921,729728958
10.844657,-5.2734,67.6758,67.6758,0,0,11.034921,729728958
10.846631,-5.0977,67.8516,67.8516,0,0,11.034921,729728958
10.848607,-4.9219,68.0273,68.0273,0,0,11.034921,729728958
10.850586,-4.7461,68.2031,68.2031,0,0,11.034921,729728958
10.852657,-4.5703,68.3789,68.3789,0,0,11.034921,729728958
10.854631,-4.3945,68.3789,68.3789,0,0,11.034921,729728958
10.856607,-4.2188,68.5547,68.5547,0,0,11.034921,729728958
10.858586,-4.0430,68.5547,68.5547,0,0,11.034921,729728958
10.860657,-3.8672,68.5547,68.5547,0,0,11.034921,729728958
10.862631,-3.6914,68.5547,68.5547,0,0,11.034921,729728958
10.864607,-3.5156,68.5547,68.5547,0,0,11.034921,729728958
10.866586,-3.1641,68.3789,68.3789,0,0,11.034921,729728958
10.868657,-2.9883,68.3789,68.3789,0,0,11.034921,729728958
10.870631,-2.8125,68.2031,68.2031,0,0,11.034921,729728958
10.872607,-2.6367,68.0273,68.0273,0,0,11.034921,729728958
10.874586,-2.4609,67.8516,67.8516,0,0,11.034921,729728958
10.876657,-2.1094,67.6758,67.6758,0,0,11.034921,729728958
10.878631,-1.9336,67.5000,67.5000,0,0,11.034921,729728958
10.880607,-1.7578,67.3242,67.3242,0,0,11.034921,729728958
10.882607,-1.4062,66.9727,66.9727,0,0,11.034921,729728958
10.884586,-1.0547,66.6211,66.6211,0,0,11.034921,729728958
10.886657,-0.8789,66.4453,66.4453,0,0,11.034921,729728958
10.888631,-0.7031,65.9180,65.9180,0,0,11.034921,729728958
10.890607,-0.3516,65.7422,65.7422,0,0,11.034921,729728958
10.892586,-0.1758,65.2148,65.2148,0,0,11.034921,729728958
10.894657,0.1758,64.8633,64.8633,0,0,11.034921,729728958
10.896631,0.5273,64.3359,64.3359,0,0,11.034921,729728958
10.898607,0.7031,63.8086,63.8086,0,0,11.034921,729728958
10.900586,1.0547,63.4570,63.4570,0,0,11.034921,729728958
10.902657,1.4062,62.9297,62.9297,0,0,11.034921,729728958
10.907260,2.1094,61.5234,61.5234,0,0,11.034921,729728958
10.907531,2.1094,61.5234,61.5234,0,0,11.034921,729728958
10.908588,2.4609,61.1719,61.1719,0,0,11.034921,729728958
10.910564,2.6367,60.4688,60.4688,0,0,11.034921,729728958
10.912636,3.1641,59.9414,59.9414,0,0,11.034921,729728958
10.914612,3.3398,59.2383,59.2383,0,0,11.034921,729728958
10.916592,3.8672,58.5352,58.5352,0,0,11.034921,729728958
10.918569,4.2188,57.6562,57.6562,0,0,11.034921,729728958
10.920641,4.5703,56.9531,56.9531,0,0,11.034921,729728958
10.922614,4.9219,56.0742,56.0742,0,0,11.034921,729728958
10.924592,5.4492,55.3711,55.3711,0,0,11.034921,729728958
10.926569,5.8008,54.4922,54.4922,0,0,11.034921,729728958
10.928641,6.3281,53.6133,53.6133,0,0,11.034921,729728958
10.930614,6.6797,52.7344,52.7344,0,0,11.034921,729728958
10.932592,7.2070,51.8555,51.8555,0,0,11.034921,729728958
10.934569,7.5586,50.8008,50.8008,0,0,11.034921,729728958
10.936641,8.0859,49.7461,49.7461,0,0,11.034921,729728958
10.938614,8.6133,48.8672,48.8672,0,0,11.034921,729728958
10.940592,9.1406,47.8125,47.8125,0,0,11.034921,729728958
10.942569,9.6680,46.7578,46.7578,0,0,11.034921,729728958
10.944641,10.3711,45.7031,45.7031,0,0,11.034921,729728958
10.946614,10.8984,44.4727,44.4727,0,0,11.034921,729728958
10.948592,11.4258,43.4180,43.4180,0,0,11.034921,729728958
10.950569,12.1289,42.1875,42.1875,0,0,11.034921,729728958
10.952641,12.6562,40.9570,40.9570,0,0,11.034921,729728958
10.954614,13.3594,39.7266,39.7266,0,0,11.034921,729728958
10.956592,14.0625,38.4961,38.4961,0,0,11.034921,729728958
10.958569,14.7656,37.2656,37.2656,0,0,11.034921,729728958
10.960641,15.4688,35.8594,35.8594,0,0,11.034921,729728958
10.962614,16.1719,34.6289,34.6289,0,0,11.034921,729728958
10.964592,16.8750,33.2227,33.2227,0,0,11.034921,729728958
10.966569,17.7539,31.8164,31.8164,0,0,11.034921,729728958
10.968641,18.6328,30.4102,30.4102,0,0,11.034921,729728958
10.970614,19.3359,29.0039,29.0039,0,0,11.034921,729728958
10.972592,20.2148,27.4219,27.4219,0,0,11.034921,729728958
10.974569,21.0938,26.0156,26.0156,0,0,11.034921,729728958
10.976641,21.9727,24.4336,24.4336,0,0,11.034921,729728958
10.978614,22.8516,22.8516,22.8516,0,0,11.034921,729728958
10.980592,23.7305,21.2695,21.2695,0,0,11.034921,729728958
10.982579,24.6094,19.8633,19.8633,0,0,11.034921,729728958
10.984653,25.6641,18.1055,18.1055,0,0,11.034921,729728958
10.986629,26.5430,16.5234,16.5234,0,0,11.034921,729728958
10.988607,27.5977,14.9414,14.9414,0,0,11.034921,729728958
10.990585,28.4766,13.3594,13.3594,0,0,11.034921,729728958
10.992657,29.5312,11.6016,11.6016,0,0,11.034921,729728958
10.994631,30.5859,10.0195,10.0195,0,0,11.034921,729728958
10.996607,31.4648,8.4375,8.4375,0,0,11.034921,729728958
10.998605,32.5195,6.6797,6.6797,0,0,11.034921,729728958
11.000581,33.3984,5.0977,5.0977,0,0,11.034921,729728958
11.002635,34.4531,3.5156,3.5156,0,0,11.034921,729728958
11.007371,36.5625,-0.1758,-0.1758,0,0,11.034921,729728958
11.007771,36.7383,-0.5273,-0.5273,0,0,11.034921,729728958
11.008632,37.0898,-1.2305,-1.2305,0,0,11.034921,729728958
11.010604,37.9688,-2.6367,-2.6367,0,0,11.034921,729728958
11.012613,39.0234,-4.2188,-4.2188,0,0,11.034921,729728958
11.014655,39.7266,-5.8008,-5.8008,0,0,11.034921,729728958
11.018305,41.3086,-8.4375,-8.4375,0,0,11.281767,729975699
11.018947,41.4844,-8.7891,-8.7891,0,0,11.281767,729975699
11.020606,42.1875,-10.0195,-10.0195,0,0,11.281767,729975699
11.022595,42.8906,-11.2500,-11.2500,0,0,11.281767,729975699
11.024581,43.5938,-12.6562,-12.6562,0,0,11.281767,729975699
11.026656,44.4727,-13.8867,-13.8867,0,0,11.281767,729975699
11.028632,45.0000,-15.2930,-15.2930,0,0,11.281767,729975699
11.030612,45.7031,-16.5234,-16.5234,0,0,11.281767,729975699
11.032595,46.4062,-17.7539,-17.7539,0,0,11.281767,729975699
11.034638,47.1094,-18.8086,-18.8086,0,0,11.281767,729975699
11.036617,47.6367,-20.0391,-20.0391,0,0,11.281767,729975699
11.038608,48.1641,-21.2695,-21.2695,0,0,11.281767,729975699
11.040601,48.6914,-22.3242,-22.3242,0,0,11.281767,729975699
11.042665,49.3945,-23.3789,-23.3789,0,0,11.281767,729975699
11.044606,49.7461,-24.4336,-24.4336,0,0,11.281767,729975699
11.046606,50.2734,-25.4883,-25.4883,0,0,11.281767,729975699
11.048571,50.8008,-26.3672,-26.3672,0,0,11.281767,729975699
11.050591,51.3281,-27.2461,-27.2461,0,0,11.281767,729975699
11.052658,51.6797,-28.3008,-28.3008,0,0,11.281767,729975699
11.054631,52.2070,-29.1797,-29.1797,0,0,11.281767,729975699
11.056607,52.5586,-29.8828,-29.8828,0,0,11.281767,729975699
11.058586,53.0859,-30.7617,-30.7617,0,0,11.281767,729975699
11.060657,53.4375,-31.6406,-31.6406,0,0,11.281767,729975699
11.062631,53.7891,-32.5195,-32.5195,0,0,11.281767,729975699
11.064607,54.1406,-33.2227,-33.2227,0,0,11.281767,729975699
11.066586,54.4922,-33.9258,-33.9258,0,0,11.281767,729975699
11.068657,54.8438,-34.6289,-34.6289,0,0,11.281767,729975699
11.070631,55.1953,-35.3320,-35.3320,0,0,11.281767,729975699
11.072607,55.5469,-35.8594,-35.8594,0,0,11.281767,729975699
11.074586,55.8984,-36.3867,-36.3867,0,0,11.281767,729975699
11.076657,56.0742,-37.0898,-37.0898,0,0,11.281767,729975699
11.078631,56.4258,-37.6172,-37.6172,0,0,11.281767,729975699
11.080607,56.6016,-38.1445,-38.1445,0,0,11.281767,729975699
11.082604,56.9531,-38.6719,-38.6719,0,0,11.281767,729975699
11.084579,57.3047,-39.1992,-39.1992,0,0,11.281767,729975699
11.086653,57.4805,-39.5508,-39.5508,0,0,11.281767,729975699
11.088629,57.6562,-40.0781,-40.0781,0,0,11.281767,729975699
11.090607,58.0078,-40.4297,-40.4297,0,0,11.281767,729975699
11.092586,58.1836,-40.7812,-40.7812,0,0,11.281767,729975699
11.094657,58.3594,-41.1328,-41.1328,0,0,11.281767,729975699
11.096631,58.5352,-41.4844,-41.4844,0,0,11.281767,729975699
11.098607,58.7109,-41.8359,-41.8359,0,0,11.281767,729975699
11.100586,58.8867,-42.0117,-42.0117,0,0,11.281767,729975699
11.102657,59.2383,-42.3633,-42.3633,0,0,11.281767,729975699
11.107736,59.5898,-42.7148,-42.7148,0,0,11.281767,729975699
11.108050,59.5898,-42.7148,-42.7148,0,0,11.281767,729975699
11.108655,59.5898,-42.8906,-42.8906,0,0,11.281767,729975699
11.110631,59.7656,-43.0664,-43.0664,0,0,11.281767,729975699
11.112629,59.9414,-43.0664,-43.0664,0,0,11.281767,729975699
11.114607,60.1172,-43.2422,-43.2422,0,0,11.281767,729975699
11.116586,60.2930,-43.2422,-43.2422,0,0,11.281767,729975699
11.118658,60.4688,-43.2422,-43.2422,0,0,11.281767,729975699
11.120586,60.4688,-43.2422,-43.2422,0,0,11.281767,729975699
11.122657,60.6445,-43.2422,-43.2422,0,0,11.281767,729975699
11.124631,60.8203,-43.2422,-43.2422,0,0,11.281767,729975699
11.126607,60.8203,-43.0664,-43.0664,0,0,11.281767,729975699
11.128586,60.9961,-43.0664,-43.0664,0,0,11.281767,729975699
11.130657,60.9961,-42.8906,-42.8906,0,0,11.281767,729975699
11.132631,61.1719,-42.7148,-42.7148,0,0,11.281767,729975699
11.134607,61.1719,-42.5391,-42.5391,0,0,11.281767,729975699
11.136586,61.3477,-42.3633,-42.3633,0,0,11.281767,729975699
11.138657,61.3477,-42.0117,-42.0117,0,0,11.281767,729975699
11.140631,61.3477,-41.8359,-41.8359,0,0,11.281767,729975699
11.142607,61.5234,-41.4844,-41.4844,0,0,11.281767,729975699
11.144586,61.5234,-41.3086,-41.3086,0,0,11.281767,729975699
11.146657,61.5234,-40.9570,-40.9570,0,0,11.281767,729975699
11.148631,61.5234,-40.4297,-40.4297,0,0,11.281767,729975699
11.150607,61.5234,-40.0781,-40.0781,0,0,11.281767,729975699
11.152586,61.5234,-39.7266,-39.7266,0,0,11.281767,729975699
11.154657,61.6992,-39.1992,-39.1992,0,0,11.281767,729975699
11.156631,61.6992,-38.8477,-38.8477,0,0,11.281767,729975699
11.158607,61.6992,-38.3203,-38.3203,0,0,11.281767,729975699
11.160586,61.6992,-37.7930,-37.7930,0,0,11.281767,729975699
11.162657,61.6992,-37.0898,-37.0898,0,0,11.281767,729975699
11.164631,61.5234,-36.7383,-36.7383,0,0,11.281767,729975699
11.166607,61.5234,-36.0352,-36.0352,0,0,11.281767,729975699
11.168586,61.5234,-35.3320,-35.3320,0,0,11.281767,729975699
11.170657,61.5234,-34.8047,-34.8047,0,0,11.281767,729975699
11.172631,61.3477,-34.1016,-34.1016,0,0,11.281767,729975699
11.174607,61.3477,-33.3984,-33.3984,0,0,11.281767,729975699
11.176586,61.1719,-32.6953,-32.6953,0,0,11.281767,729975699
11.178657,61.1719,-31.8164,-31.8164,0,0,11.281767,729975699
11.180631,60.9961,-31.1133,-31.1133,0,0,11.281767,729975699
11.182616,60.8203,-30.2344,-30.2344,0,0,11.281767,729975699
11.184592,60.8203,-29.3555,-29.3555,0,0,11.281767,729975699
11.186569,60.6445,-28.4766,-28.4766,0,0,11.281767,729975699
11.188641,60.4688,-27.5977,-27.5977,0,0,11.281767,729975699
11.190614,60.1172,-26.5430,-26.5430,0,0,11.281767,729975699
11.192592,60.1172,-25.6641,-25.6641,0,0,11.281767,729975699
11.194569,59.7656,-24.7852,-24.7852,0,0,11.281767,729975699
11.196641,59.5898,-23.7305,-23.7305,0,0,11.281767,729975699
11.198614,59.4141,-22.6758,-22.6758,0,0,11.281767,729975699
11.200592,59.0625,-21.6211,-21.6211,0,0,11.281767,729975699
11.202569,58.8867,-20.5664,-20.5664,0,0,11.281767,729975699
11.207459,58.1836,-17.5781,-17.5781,0,0,11.281767,729975699
11.207734,58.0078,-17.4023,-17.4023,0,0,11.281767,729975699
11.208629,58.0078,-17.0508,-17.0508,0,0,11.281767,729975699
11.210607,57.6562,-15.6445,-15.6445,0,0,11.281767,729975699
11.212586,57.3047,-14.4141,-14.4141,0,0,11.281767,729975699
11.214619,56.7773,-13.1836,-13.1836,0,0,11.281767,729975699
11.216595,56.4258,-11.9531,-11.9531,0,0,11.281767,729975699
11.218573,56.0742,-10.5469,-10.5469,0,0,11.281767,729975699
11.220650,55.5469,-9.1406,-9.1406,0,0,11.281767,729975699
11.222656,55.1953,-7.7344,-7.7344,0,0,11.281767,729975699
11.224631,54.6680,-6.5039,-6.5039,0,0,11.281767,729975699
11.226607,54.1406,-4.9219,-4.9219,0,0,11.281767,729975699
11.228586,53.7891,-3.5156,-3.5156,0,0,11.281767,729975699
11.230657,53.0859,-1.9336,-1.9336,0,0,11.281767,729975699
11.232631,52.5586,-0.5273,-0.5273,0,0,11.281767,729975699
11.234607,52.0312,1.0547,1.0547,0,0,11.281767,729975699
11.236586,51.5039,2.4609,2.4609,0,0,11.281767,729975699
11.238657,50.9766,4.0430,4.0430,0,0,11.281767,729975699
11.240631,50.4492,5.6250,5.6250,0,0,11.281767,729975699
11.242607,49.7461,7.2070,7.2070,0,0,11.281767,729975699
11.244586,49.2188,8.7891,8.7891,0,0,11.281767,729975699
11.246657,48.5156,10.3711,10.3711,0,0,11.281767,729975699
11.248589,47.9883,11.7773,11.7773,0,0,11.281767,729975699
11.250653,47.4609,13.5352,13.5352,0,0,11.281767,729975699
11.252629,46.9336,15.1172,15.1172,0,0,11.281767,729975699
11.254614,46.2305,16.5234,16.5234,0,0,11.281767,729975699
11.256599,45.7031,18.1055,18.1055,0,0,11.281767,729975699
11.258632,45.1758,19.6875,19.6875,0,0,11.281767,729975699
11.260871,44.6484,21.4453,21.4453,0,0,11.281767,729975699
11.265188,43.4180,24.6094,24.6094,0,0,11.523912,730226260
11.265816,43.2422,24.9609,24.9609,0,0,11.523912,730226260
11.266585,43.2422,25.4883,25.4883,0,0,11.523912,730226260
11.268939,42.5391,27.2461,27.2461,0,0,11.523912,730226260
11.270586,42.1875,28.3008,28.3008,0,0,11.523912,730226260
11.272593,41.8359,29.7070,29.7070,0,0,11.523912,730226260
11.274653,41.3086,31.1133,31.1133,0,0,11.523912,730226260
11.276618,40.9570,32.3438,32.3438,0,0,11.523912,730226260
11.278585,40.6055,33.5742,33.5742,0,0,11.523912,730226260
11.280644,40.2539,34.9805,34.9805,0,0,11.523912,730226260
11.282617,39.9023,36.2109,36.2109,0,0,11.523912,730226260
11.284585,39.7266,37.2656,37.2656,0,0,11.523912,730226260
11.286569,39.3750,38.4961,38.4961,0,0,11.523912,730226260
11.288581,39.0234,39.5508,39.5508,0,0,11.523912,730226260
11.290565,38.8477,40.7812,40.7812,0,0,11.523912,730226260
11.292641,38.4961,41.8359,41.8359,0,0,11.523912,730226260
11.294614,38.3203,42.8906,42.8906,0,0,11.523912,730226260
11.296592,38.1445,43.9453,43.9453,0,0,11.523912,730226260
11.298569,37.9688,44.8242,44.8242,0,0,11.523912,730226260
11.300641,37.7930,45.8789,45.8789,0,0,11.523912,730226260
11.302614,37.6172,46.7578,46.7578,0,0,11.523912,730226260
11.307854,37.0898,49.2188,49.2188,0,0,11.523912,730226260
11.308172,37.0898,49.3945,49.3945,0,0,11.523912,730226260
11.308582,37.0898,49.3945,49.3945,0,0,11.523912,730226260
11.310636,37.0898,50.2734,50.2734,0,0,11.523912,730226260
11.312659,36.9141,51.1523,51.1523,0,0,11.523912,730226260
11.314636,36.9141,51.8555,51.8555,0,0,11.523912,730226260
11.316629,36.7383,52.5586,52.5586,0,0,11.523912,730226260
11.318607,36.7383,53.2617,53.2617,0,0,11.523912,730226260
11.320626,36.5625,53.9648,53.9648,0,0,11.523912,730226260
11.322605,36.5625,54.6680,54.6680,0,0,11.523912,730226260
11.324580,36.5625,55.3711,55.3711,0,0,11.523912,730226260
11.326653,36.5625,56.0742,56.0742,0,0,11.523912,730226260
11.328629,36.5625,56.6016,56.6016,0,0,11.523912,730226260
11.330607,36.3867,57.1289,57.1289,0,0,11.523912,730226260
11.332586,36.3867,57.6562,57.6562,0,0,11.523912,730226260
11.334657,36.3867,58.1836,58.1836,0,0,11.523912,730226260
11.336631,36.3867,58.7109,58.7109,0,0,11.523912,730226260
11.338607,36.3867,59.2383,59.2383,0,0,11.523912,730226260
11.340585,36.5625,59.5898,59.5898,0,0,11.523912,730226260
11.342657,36.5625,59.9414,59.9414,0,0,11.523912,730226260
11.344631,36.5625,60.2930,60.2930,0,0,11.523912,730226260
11.346607,36.5625,60.6445,60.6445,0,0,11.523912,730226260
11.348585,36.7383,60.9961,60.9961,0,0,11.523912,730226260
11.350657,36.7383,61.3477,61.3477,0,0,11.523912,730226260
11.352631,36.9141,61.6992,61.6992,0,0,11.523912,730226260
11.354607,36.9141,61.8750,61.8750,0,0,11.523912,730226260
11.356585,36.9141,62.0508,62.0508,0,0,11.523912,730226260
11.358657,37.0898,62.2266,62.2266,0,0,11.523912,730226260
11.360631,37.0898,62.4023,62.4023,0,0,11.523912,730226260
11.362607,37.2656,62.7539,62.7539,0,0,11.523912,730226260
11.364585,37.4414,62.7539,62.7539,0,0,11.523912,730226260
11.366657,37.4414,62.9297,62.9297,0,0,11.523912,730226260
11.368631,37.6172,62.9297,62.9297,0,0,11.523912,730226260
11.370607,37.6172,62.9297,62.9297,0,0,11.523912,730226260
11.372585,37.7930,62.9297,62.9297,0,0,11.523912,730226260
11.374657,37.9688,63.1055,63.1055,0,0,11.523912,730226260
11.376631,38.1445,62.9297,62.9297,0,0,11.523912,730226260
11.378607,38.3203,62.9297,62.9297,0,0,11.523912,730226260
11.380585,38.3203,62.9297,62.9297,0,0,11.523912,730226260
11.382581,38.4961,62.7539,62.7539,0,0,11.523912,730226260
11.384653,38.6719,62.7539,62.7539,0,0,11.523912,730226260
11.386629,38.8477,62.4023,62.4023,0,0,11.523912,730226260
11.388607,39.0234,62.4023,62.4023,0,0,11.523912,730226260
11.390586,39.1992,62.2266,62.2266,0,0,11.523912,730226260
11.392657,39.3750,61.8750,61.8750,0,0,11.523912,730226260
11.394631,39.7266,61.6992,61.6992,0,0,11.523912,730226260
11.396607,39.7266,61.3477,61.3477,0,0,11.523912,730226260
11.398585,40.0781,60.9961,60.9961,0,0,11.523912,730226260
11.400657,40.2539,60.8203,60.8203,0,0,11.523912,730226260
11.402631,40.4297,60.2930,60.2930,0,0,11.523912,730226260
11.407305,40.9570,59.4141,59.4141,0,0,11.523912,730226260
11.407578,40.9570,59.4141,59.4141,0,0,11.523912,730226260
11.408571,41.1328,59.2383,59.2383,0,0,11.523912,730226260
11.410645,41.3086,58.7109,58.7109,0,0,11.523912,730226260
11.412619,41.6602,58.1836,58.1836,0,0,11.523912,730226260
11.414595,41.8359,57.8320,57.8320,0,0,11.523912,730226260
11.416573,42.1875,57.1289,57.1289,0,0,11.523912,730226260
11.418599,42.3633,56.6016,56.6016,0,0,11.523912,730226260
11.420604,42.7148,56.0742,56.0742,0,0,11.523912,730226260
11.422579,43.0664,55.3711,55.3711,0,0,11.523912,730226260
11.424655,43.2422,54.8438,54.8438,0,0,11.523912,730226260
11.426631,43.5938,54.1406,54.1406,0,0,11.523912,730226260
11.428607,43.9453,53.4375,53.4375,0,0,11.523912,730226260
11.430585,44.2969,52.7344,52.7344,0,0,11.523912,730226260
11.432657,44.6484,52.0312,52.0312,0,0,11.523912,730226260
11.434631,45.0000,51.1523,51.1523,0,0,11.523912,730226260
11.436607,45.3516,50.4492,50.4492,0,0,11.523912,730226260
11.438585,45.7031,49.5703,49.5703,0,0,11.523912,730226260
11.440657,46.2305,48.8672,48.8672,0,0,11.523912,730226260
11.442631,46.5820,47.9883,47.9883,0,0,11.523912,730226260
11.444607,46.9336,46.9336,46.9336,0,0,11.523912,730226260
11.446585,47.4609,46.0547,46.0547,0,0,11.523912,730226260
11.448657,47.8125,45.1758,45.1758,0,0,11.523912,730226260
11.450631,48.3398,44.1211,44.1211,0,0,11.523912,730226260
11.452607,48.8672,43.2422,43.2422,0,0,11.523912,730226260
11.454585,49.3945,42.1875,42.1875,0,0,11.523912,730226260
11.456657,49.9219,41.1328,41.1328,0,0,11.523912,730226260
11.458631,50.2734,40.0781,40.0781,0,0,11.523912,730226260
11.460607,50.9766,38.8477,38.8477,0,0,11.523912,730226260
11.462585,51.5039,37.7930,37.7930,0,0,11.523912,730226260
11.464657,52.0312,36.5625,36.5625,0,0,11.523912,730226260
11.466631,52.7344,35.5078,35.5078,0,0,11.523912,730226260
11.468607,53.2617,34.2773,34.2773,0,0,11.523912,730226260
11.470585,53.9648,33.0469,33.0469,0,0,11.523912,730226260
11.472657,54.6680,31.6406,31.6406,0,0,11.523912,730226260
11.474631,55.1953,30.4102,30.4102,0,0,11.523912,730226260
11.476607,55.8984,29.1797,29.1797,0,0,11.523912,730226260
11.478585,56.6016,27.7734,27.7734,0,0,11.523912,730226260
11.480657,57.4805,26.3672,26.3672,0,0,11.523912,730226260
11.482650,58.1836,24.9609,24.9609,0,0,11.523912,730226260
11.484626,58.8867,23.5547,23.5547,0,0,11.523912,730226260
11.486605,59.5898,22.1484,22.1484,0,0,11.523912,730226260
11.488580,60.4688,20.7422,20.7422,0,0,11.523912,730226260
11.490653,61.3477,19.3359,19.3359,0,0,11.523912,730226260
11.492629,62.0508,17.9297,17.9297,0,0,11.523912,730226260
11.494607,62.9297,16.3477,16.3477,0,0,11.523912,730226260
11.496586,63.6328,14.9414,14.9414,0,0,11.523912,730226260
11.498639,64.5117,13.3594,13.3594,0,0,11.523912,730226260
11.500669,65.3906,11.7773,11.7773,0,0,11.523912,730226260
11.502617,66.2695,10.3711,10.3711,0,0,11.523912,730226260
11.507395,68.2031,6.8555,6.8555,0,0,11.523912,730226260
11.507666,68.3789,6.6797,6.6797,0,0,11.523912,730226260
11.508652,68.7305,5.9766,5.9766,0,0,11.523912,730226260
11.510587,69.4336,4.5703,4.5703,0,0,11.523912,730226260
11.515801,71.5430,0.7031,0.7031,0,0,11.781676,730490408
11.516369,71.7188,0.3516,0.3516,0,0,11.781676,730490408
11.516673,71.8945,0.1758,0.1758,0,0,11.781676,730490408
11.518605,72.5977,-1.2305,-1.2305,0,0,11.781676,730490408
11.520650,73.4766,-2.6367,-2.6367,0,0,11.781676,730490408
11.522646,74.1797,-4.0430,-4.0430,0,0,11.781676,730490408
11.524623,74.8828,-5.2734,-5.2734,0,0,11.781676,730490408
11.526645,75.5859,-6.6797,-6.6797,0,0,11.781676,730490408
11.528649,76.2891,-7.9102,-7.9102,0,0,11.781676,730490408
11.530567,76.8164,-9.1406,-9.1406,0,0,11.781676,730490408
11.532596,77.5195,-10.3711,-10.3711,0,0,11.781676,730490408
11.534576,78.0469,-11.6016,-11.6016,0,0,11.781676,730490408
11.536633,78.5742,-12.8320,-12.8320,0,0,11.781676,730490408
11.538654,79.2773,-13.8867,-13.8867,0,0,11.781676,730490408
11.540666,79.8047,-15.1172,-15.1172,0,0,11.781676,730490408
11.542580,80.3320,-16.1719,-16.1719,0,0,11.781676,730490408
11.544642,80.8594,-17.2266,-17.2266,0,0,11.781676,730490408
11.546606,81.2109,-18.2812,-18.2812,0,0,11.781676,730490408
11.548570,81.7383,-19.3359,-19.3359,0,0,11.781676,730490408
11.550628,82.2656,-20.2148,-20.2148,0,0,11.781676,730490408
11.552594,82.6172,-21.2695,-21.2695,0,0,11.781676,730490408
11.554653,83.1445,-22.1484,-22.1484,0,0,11.781676,730490408
11.556617,83.4961,-23.0273,-23.0273,0,0,11.781676,730490408
11.558586,83.8477,-23.9062,-23.9062,0,0,11.781676,730490408
11.560644,84.1992,-24.7852,-24.7852,0,0,11.781676,730490408
11.562606,84.5508,-25.4883,-25.4883,0,0,11.781676,730490408
11.564570,84.9023,-26.3672,-26.3672,0,0,11.781676,730490408
11.566628,85.2539,-27.0703,-27.0703,0,0,11.781676,730490408
11.568594,85.6055,-27.7734,-27.7734,0,0,11.781676,730490408
11.570653,85.9570,-28.4766,-28.4766,0,0,11.781676,730490408
11.572617,86.1328,-29.1797,-29.1797,0,0,11.781676,730490408
11.574586,86.4844,-29.8828,-29.8828,0,0,11.781676,730490408
11.576644,86.6602,-30.4102,-30.4102,0,0,11.781676,730490408
11.578606,87.0117,-31.1133,-31.1133,0,0,11.781676,730490408
11.580570,87.1875,-31.4648,-31.4648,0,0,11.781676,730490408
11.582649,87.5391,-32.1680,-32.1680,0,0,11.781676,730490408
11.584610,87.5391,-32.6953,-32.6953,0,0,11.781676,730490408
11.586570,87.8906,-33.2227,-33.2227,0,0,11.781676,730490408
11.588628,88.0664,-33.5742,-33.5742,0,0,11.781676,730490408
11.590594,88.2422,-33.9258,-33.9258,0,0,11.781676,730490408
11.592653,88.4180,-34.4531,-34.4531,0,0,11.781676,730490408
11.594617,88.5938,-34.8047,-34.8047,0,0,11.781676,730490408
11.596586,88.7695,-35.1562,-35.1562,0,0,11.781676,730490408
11.598644,88.9453,-35.5078,-35.5078,0,0,11.781676,730490408
11.600606,88.9453,-35.6836,-35.6836,0,0,11.781676,730490408
11.602570,89.1211,-36.0352,-36.0352,0,0,11.781676,730490408
11.607717,89.4727,-36.5625,-36.5625,0,0,11.781676,730490408
11.608031,89.4727,-36.5625,-36.5625,0,0,11.781676,730490408
11.608633,89.4727,-36.7383,-36.7383,0,0,11.781676,730490408
11.610597,89.6484,-36.9141,-36.9141,0,0,11.781676,730490408
11.612660,89.6484,-36.9141,-36.9141,0,0,11.781676,730490408
11.614625,89.6484,-37.0898,-37.0898,0,0,11.781676,730490408
11.616592,89.8242,-37.0898,-37.0898,0,0,11.781676,730490408
11.618652,89.8242,-37.2656,-37.2656,0,0,11.781676,730490408
11.620615,90.0000,-37.2656,-37.2656,0,0,11.781676,730490408
11.622606,90.0000,-37.2656,-37.2656,0,0,11.781676,730490408
11.624642,90.0000,-37.2656,-37.2656,0,0,11.781676,730490408
11.626606,90.0000,-37.2656,-37.2656,0,0,11.781676,730490408
11.628606,90.0000,-37.0898,-37.0898,0,0,11.781676,730490408
11.630570,90.0000,-37.0898,-37.0898,0,0,11.781676,730490408
11.632628,90.1758,-36.9141,-36.9141,0,0,11.781676,730490408
11.634594,90.1758,-36.9141,-36.9141,0,0,11.781676,730490408
11.636653,90.1758,-36.7383,-36.7383,0,0,11.781676,730490408
11.638617,90.1758,-36.3867,-36.3867,0,0,11.781676,730490408
11.640586,90.1758,-36.2109,-36.2109,0,0,11.781676,730490408
11.642644,90.0000,-36.0352,-36.0352,0,0,11.781676,730490408
11.644606,90.0000,-35.6836,-35.6836,0,0,11.781676,730490408
11.646570,90.0000,-35.5078,-35.5078,0,0,11.781676,730490408
11.648628,90.0000,-34.9805,-34.9805,0,0,11.781676,730490408
11.650594,89.8242,-34.8047,-34.8047,0,0,11.781676,730490408
11.652653,89.8242,-34.2773,-34.2773,0,0,11.781676,730490408
11.654617,89.6484,-33.9258,-33.9258,0,0,11.781676,730490408
11.656586,89.6484,-33.5742,-33.5742,0,0,11.781676,730490408
11.658644,89.6484,-33.0469,-33.0469,0,0,11.781676,730490408
11.660606,89.4727,-32.6953,-32.6953,0,0,11.781676,730490408
11.662570,89.2969,-32.1680,-32.1680,0,0,11.781676,730490408
11.664628,89.1211,-31.4648,-31.4648,0,0,11.781676,730490408
11.666594,89.1211,-31.1133,-31.1133,0,0,11.781676,730490408
11.668653,88.9453,-30.4102,-30.4102,0,0,11.781676,730490408
11.670617,88.7695,-29.8828,-29.8828,0,0,11.781676,730490408
11.672586,88.5938,-29.1797,-29.1797,0,0,11.781676,730490408
11.674644,88.4180,-28.4766,-28.4766,0,0,11.781676,730490408
11.676606,88.2422,-27.7734,-27.7734,0,0,11.781676,730490408
11.678570,88.0664,-27.0703,-27.0703,0,0,11.781676,730490408
11.680628,87.8906,-26.3672,-26.3672,0,0,11.781676,730490408
11.682606,87.5391,-25.6641,-25.6641,0,0,11.781676,730490408
11.684570,87.3633,-24.7852,-24.7852,0,0,11.781676,730490408
11.686628,87.1875,-24.0820,-24.0820,0,0,11.781676,730490408
11.688594,86.8359,-23.0273,-23.0273,0,0,11.781676,730490408
11.690653,86.4844,-22.1484,-22.1484,0,0,11.781676,730490408
11.692617,86.3086,-21.2695,-21.2695,0,0,11.781676,730490408
11.694586,85.9570,-20.3906,-20.3906,0,0,11.781676,730490408
11.696644,85.6055,-19.5117,-19.5117,0,0,11.781676,730490408
11.698606,85.2539,-18.4570,-18.4570,0,0,11.781676,730490408
11.700570,84.9023,-17.4023,-17.4023,0,0,11.781676,730490408
11.702628,84.5508,-16.3477,-16.3477,0,0,11.781676,730490408
11.707289,83.6719,-13.8867,-13.8867,0,0,11.781676,730490408
11.707561,83.6719,-13.7109,-13.7109,0,0,11.781676,730490408
11.708645,83.3203,-13.1836,-13.1836,0,0,11.781676,730490408
11.710606,82.9688,-12.1289,-12.1289,0,0,11.781676,730490408
11.712570,82.4414,-10.8984,-10.8984,0,0,11.781676,730490408
11.714628,82.0898,-9.6680,-9.6680,0,0,11.781676,730490408
11.716594,81.5625,-8.4375,-8.4375,0,0,11.781676,730490408
11.718653,81.0352,-7.2070,-7.2070,0,0,11.781676,730490408
11.720617,80.5078,-5.9766,-5.9766,0,0,11.781676,730490408
11.722586,79.9805,-4.5703,-4.5703,0,0,11.781676,730490408
11.724644,79.4531,-3.3398,-3.3398,0,0,11.781676,730490408
11.726569,78.9258,-1.9336,-1.9336,0,0,11.781676,730490408
11.728652,78.2227,-0.5273,-0.5273,0,0,11.781676,730490408
11.730617,77.6953,0.7031,0.7031,0,0,11.781676,730490408
11.732628,77.1680,2.1094,2.1094,0,0,11.781676,730490408
11.734594,76.4648,3.5156,3.5156,0,0,11.781676,730490408
11.736653,75.9375,4.9219,4.9219,0,0,11.781676,730490408
11.738617,75.2344,6.1523,6.1523,0,0,11.781676,730490408
11.740585,74.7070,7.5586,7.5586,0,0,11.781676,730490408
11.742644,74.0039,9.1406,9.1406,0,0,11.781676,730490408
11.744606,73.4766,10.5469,10.5469,0,0,11.781676,730490408
11.746666,72.7734,11.9531,11.9531,0,0,11.781676,730490408
11.748597,72.0703,13.3594,13.3594,0,0,11.781676,730490408
11.750655,71.5430,14.7656,14.7656,0,0,11.781676,730490408
11.752642,70.8398,16.1719,16.1719,0,0,11.781676,730490408
11.754618,70.3125,17.5781,17.5781,0,0,11.781676,730490408
11.756640,69.6094,18.9844,18.9844,0,0,11.781676,730490408
11.758646,69.0820,20.2148,20.2148,0,0,11.781676,730490408
11.760621,68.5547,21.6211,21.6211,0,0,11.781676,730490408
11.762606,68.0273,22.8516,22.8516,0,0,11.781676,730490408
11.764570,67.5000,24.2578,24.2578,0,0,11.781676,730490408
11.766628,66.9727,25.4883,25.4883,0,0,11.781676,730490408
11.768594,66.4453,26.7188,26.7188,0,0,11.781676,730490408
11.770653,65.9180,27.9492,27.9492,0,0,11.781676,730490408
11.772617,65.3906,29.1797,29.1797,0,0,11.781676,730490408
11.774586,65.0391,30.4102,30.4102,0,0,11.781676,730490408
11.779875,63.8086,33.3984,33.3984,0,0,12.035745,730739942
11.780477,63.6328,33.7500,33.7500,0,0,12.035745,730739942
11.780797,63.6328,33.9258,33.9258,0,0,12.035745,730739942
11.782621,63.2812,34.9805,34.9805,0,0,12.035745,730739942
11.784602,62.9297,36.0352,36.0352,0,0,12.035745,730739942
11.786628,62.5781,37.0898,37.0898,0,0,12.035745,730739942
11.788653,62.2266,38.1445,38.1445,0,0,12.035745,730739942
11.790615,61.8750,39.0234,39.0234,0,0,12.035745,730739942
11.792581,61.6992,39.9023,39.9023,0,0,12.035745,730739942
11.794568,61.3477,40.9570,40.9570,0,0,12.035745,730739942
11.796593,60.9961,41.8359,41.8359,0,0,12.035745,730739942
11.798652,60.8203,42.7148,42.7148,0,0,12.035745,730739942
11.800617,60.4688,43.4180,43.4180,0,0,12.035745,730739942
11.802585,60.2930,44.2969,44.2969,0,0,12.035745,730739942
11.807737,59.7656,46.2305,46.2305,0,0,12.035745,730739942
11.808055,59.7656,46.4062,46.4062,0,0,12.035745,730739942
11.808657,59.5898,46.5820,46.5820,0,0,12.035745,730739942
11.810621,59.4141,47.2852,47.2852,0,0,12.035745,730739942
11.812585,59.4141,47.9883,47.9883,0,0,12.035745,730739942
11.814644,59.0625,48.6914,48.6914,0,0,12.035745,730739942
11.816606,59.0625,49.3945,49.3945,0,0,12.035745,730739942
11.818570,58.8867,49.9219,49.9219,0,0,12.035745,730739942
11.820628,58.7109,50.4492,50.4492,0,0,12.035745,730739942
11.822594,58.7109,51.1523,51.1523,0,0,12.035745,730739942
11.824653,58.5352,51.6797,51.6797,0,0,12.035745,730739942
11.826617,58.3594,52.2070,52.2070,0,0,12.035745,730739942
11.828593,58.3594,52.5586,52.5586,0,0,12.035745,730739942
11.830653,58.1836,53.0859,53.0859,0,0,12.035745,730739942
11.832617,58.1836,53.6133,53.6133,0,0,12.035745,730739942
11.834586,58.0078,53.9648,53.9648,0,0,12.035745,730739942
11.836644,58.0078,54.3164,54.3164,0,0,12.035745,730739942
11.838606,58.0078,54.6680,54.6680,0,0,12.035745,730739942
11.840620,58.0078,55.0195,55.0195,0,0,12.035745,730739942
11.842588,58.0078,55.3711,55.3711,0,0,12.035745,730739942
11.844649,57.8320,55.5469,55.5469,0,0,12.035745,730739942
11.846610,57.8320,55.8984,55.8984,0,0,12.035745,730739942
11.848570,57.8320,56.0742,56.0742,0,0,12.035745,730739942
11.850628,57.8320,56.2500,56.2500,0,0,12.035745,730739942
11.852594,57.8320,56.4258,56.4258,0,0,12.035745,730739942
11.854653,57.8320,56.6016,56.6016,0,0,12.035745,730739942
11.856617,57.8320,56.7773,56.7773,0,0,12.035745,730739942
11.858586,57.8320,56.7773,56.7773,0,0,12.035745,730739942
11.860644,57.8320,56.9531,56.9531,0,0,12.035745,730739942
11.862606,58.0078,56.9531,56.9531,0,0,12.035745,730739942
11.864570,58.0078,56.9531,56.9531,0,0,12.035745,730739942
11.866628,58.0078,56.9531,56.9531,0,0,12.035745,730739942
11.868594,58.0078,56.9531,56.9531,0,0,12.035745,730739942
11.870653,58.1836,56.9531,56.9531,0,0,12.035745,730739942
11.872617,58.1836,56.9531,56.9531,0,0,12.035745,730739942
11.874586,58.1836,56.7773,56.7773,0,0,12.035745,730739942
11.876644,58.3594,56.6016,56.6016,0,0,12.035745,730739942
11.878606,58.3594,56.6016,56.6016,0,0,12.035745,730739942
11.880570,58.5352,56.4258,56.4258,0,0,12.035745,730739942
11.882644,58.7109,56.2500,56.2500,0,0,12.035745,730739942
11.884606,58.7109,56.0742,56.0742,0,0,12.035745,730739942
11.886570,58.8867,55.7227,55.7227,0,0,12.035745,730739942
11.888628,58.8867,55.5469,55.5469,0,0,12.035745,730739942
11.890594,59.0625,55.1953,55.1953,0,0,12.035745,730739942
11.892653,59.2383,54.8438,54.8438,0,0,12.035745,730739942
11.894617,59.4141,54.4922,54.4922,0,0,12.035745,730739942
11.896586,59.5898,54.3164,54.3164,0,0,12.035745,730739942
11.898644,59.7656,53.7891,53.7891,0,0,12.035745,730739942
11.900606,59.9414,53.4375,53.4375,0,0,12.035745,730739942
11.902570,60.1172,52.9102,52.9102,0,0,12.035745,730739942
11.907230,60.4688,51.8555,51.8555,0,0,12.035745,730739942
11.907506,60.4688,51.8555,51.8555,0,0,12.035745,730739942
11.908591,60.6445,51.5039,51.5039,0,0,12.035745,730739942
11.910652,60.8203,50.9766,50.9766,0,0,12.035745,730739942
11.912617,60.9961,50.4492,50.4492,0,0,12.035745,730739942
11.914585,61.1719,49.7461,49.7461,0,0,12.035745,730739942
11.916644,61.5234,49.2188,49.2188,0,0,12.035745,730739942
11.918606,61.6992,48.5156,48.5156,0,0,12.035745,730739942
11.920570,62.0508,47.9883,47.9883,0,0,12.035745,730739942
11.922628,62.2266,47.2852,47.2852,0,0,12.035745,730739942
11.924594,62.5781,46.5820,46.5820,0,0,12.035745,730739942
11.926653,62.9297,45.8789,45.8789,0,0,12.035745,730739942
11.928617,63.1055,45.0000,45.0000,0,0,12.035745,730739942
11.930639,63.4570,44.1211,44.1211,0,0,12.035745,730739942
11.932621,63.8086,43.4180,43.4180,0,0,12.035745,730739942
11.934585,64.1602,42.5391,42.5391,0,0,12.035745,730739942
11.936644,64.5117,41.6602,41.6602,0,0,12.035745,730739942
11.938606,64.8633,40.9570,40.9570,0,0,12.035745,730739942
11.940570,65.2148,39.9023,39.9023,0,0,12.035745,730739942
11.942628,65.7422,39.0234,39.0234,0,0,12.035745,730739942
11.944594,66.0938,38.1445,38.1445,0,0,12.035745,730739942
11.946653,66.4453,37.0898,37.0898,0,0,12.035745,730739942
11.948566,66.9727,36.0352,36.0352,0,0,12.035745,730739942
11.950628,67.3242,34.9805,34.9805,0,0,12.035745,730739942
11.952594,67.8516,33.9258,33.9258,0,0,12.035745,730739942
11.954653,68.3789,32.8711,32.8711,0,0,12.035745,730739942
11.956617,68.7305,31.8164,31.8164,0,0,12.035745,730739942
11.958586,69.2578,30.5859,30.5859,0,0,12.035745,730739942
11.960644,69.9609,29.3555,29.3555,0,0,12.035745,730739942
11.962606,70.3125,28.3008,28.3008,0,0,12.035745,730739942
11.964603,71.0156,27.0703,27.0703,0,0,12.035745,730739942
11.966570,71.5430,25.8398,25.8398,0,0,12.035745,730739942
11.968628,72.0703,24.6094,24.6094,0,0,12.035745,730739942
11.970617,72.7734,23.3789,23.3789,0,0,12.035745,730739942
11.972585,73.3008,22.1484,22.1484,0,0,12.035745,730739942
11.974644,74.0039,20.9180,20.9180,0,0,12.035745,730739942
11.976606,74.5312,19.5117,19.5117,0,0,12.035745,730739942
11.978570,75.2344,18.2812,18.2812,0,0,12.035745,730739942
11.980564,75.9375,17.0508,17.0508,0,0,12.035745,730739942
11.982649,76.4648,15.6445,15.6445,0,0,12.035745,730739942
11.984627,77.1680,14.2383,14.2383,0,0,12.035745,730739942
11.986601,77.8711,13.0078,13.0078,0,0,12.035745,730739942
11.988577,78.5742,11.6016,11.6016,0,0,12.035745,730739942
11.990628,79.1016,10.1953,10.1953,0,0,12.035745,730739942
11.992594,79.8047,8.9648,8.9648,0,0,12.035745,730739942
11.994603,80.5078,7.5586,7.5586,0,0,12.035745,730739942
11.996653,81.2109,6.1523,6.1523,0,0,12.035745,730739942
11.998588,81.7383,4.9219,4.9219,0,0,12.035745,730739942
12.000649,82.4414,3.6914,3.6914,0,0,12.035745,730739942
12.002627,83.1445,2.2852,2.2852,0,0,12.035745,730739942
12.007213,84.5508,-0.5273,-0.5273,0,0,12.035745,730739942
12.007488,84.5508,-0.7031,-0.7031,0,0,12.035745,730739942
12.008577,84.9023,-1.4062,-1.4062,0,0,12.035745,730739942
12.010651,85.4297,-2.6367,-2.6367,0,0,12.035745,730739942
12.012627,85.9570,-3.8672,-3.8672,0,0,12.035745,730739942
12.014605,86.4844,-5.0977,-5.0977,0,0,12.035745,730739942
12.016580,87.0117,-6.1523,-6.1523,0,0,12.035745,730739942
12.018578,87.5391,-7.3828,-7.3828,0,0,12.035745,730739942
12.020592,88.0664,-8.4375,-8.4375,0,0,12.035745,730739942
12.022569,88.5938,-9.4922,-9.4922,0,0,12.035745,730739942
12.025037,89.1211,-10.8984,-10.8984,0,0,12.035745,730739942
12.029474,90.0000,-13.1836,-13.1836,0,0,12.283296,730984583
12.030037,90.1758,-13.3594,-13.3594,0,0,12.283296,730984583
12.030585,90.3516,-13.7109,-13.7109,0,0,12.283296,730984583
12.032626,90.7031,-14.5898,-14.5898,0,0,12.283296,730984583
12.034620,91.0547,-15.6445,-15.6445,0,0,12.283296,730984583
12.036623,91.4062,-16.5234,-16.5234,0,0,12.283296,730984583
12.038587,91.7578,-17.2266,-17.2266,0,0,12.283296,730984583
12.040576,92.1094,-18.1055,-18.1055,0,0,12.283296,730984583
12.042595,92.4609,-18.9844,-18.9844,0,0,12.283296,730984583
12.044636,92.6367,-19.8633,-19.8633,0,0,12.283296,730984583
12.046610,92.9883,-20.5664,-20.5664,0,0,12.283296,730984583
12.048660,93.1641,-21.4453,-21.4453,0,0,12.283296,730984583
12.050650,93.5156,-22.1484,-22.1484,0,0,12.283296,730984583
12.052626,93.6914,-22.6758,-22.6758,0,0,12.283296,730984583
12.054604,93.8672,-23.3789,-23.3789,0,0,12.283296,730984583
12.056580,94.2188,-24.0820,-24.0820,0,0,12.283296,730984583
12.058655,94.3945,-24.7852,-24.7852,0,0,12.283296,730984583
12.060631,94.5703,-25.3125,-25.3125,0,0,12.283296,730984583
12.062607,94.7461,-25.8398,-25.8398,0,0,12.283296,730984583
12.064586,94.9219,-26.3672,-26.3672,0,0,12.283296,730984583
12.066657,95.0977,-26.8945,-26.8945,0,0,12.283296,730984583
12.068631,95.2734,-27.2461,-27.2461,0,0,12.283296,730984583
12.070607,95.2734,-27.7734,-27.7734,0,0,12.283296,730984583
12.072586,95.4492,-28.3008,-28.3008,0,0,12.283296,730984583
12.074657,95.6250,-28.6523,-28.6523,0,0,12.283296,730984583
12.076631,95.6250,-29.0039,-29.0039,0,0,12.283296,730984583
12.078607,95.8008,-29.3555,-29.3555,0,0,12.283296,730984583
12.080586,95.8008,-29.7070,-29.7070,0,0,12.283296,730984583
12.082586,95.9766,-29.8828,-29.8828,0,0,12.283296,730984583
12.084657,95.9766,-30.2344,-30.2344,0,0,12.283296,730984583
12.086631,95.9766,-30.5859,-30.5859,0,0,12.283296,730984583
12.088607,95.9766,-30.7617,-30.7617,0,0,12.283296,730984583
12.090586,96.1523,-30.9375,-30.9375,0,0,12.283296,730984583
12.092657,96.1523,-31.1133,-31.1133,0,0,12.283296,730984583
12.094631,96.1523,-31.2891,-31.2891,0,0,12.283296,730984583
12.096607,96.1523,-31.4648,-31.4648,0,0,12.283296,730984583
12.098586,96.1523,-31.4648,-31.4648,0,0,12.283296,730984583
12.100657,96.1523,-31.4648,-31.4648,0,0,12.283296,730984583
12.102631,96.1523,-31.6406,-31.6406,0,0,12.283296,730984583
12.107786,96.1523,-31.6406,-31.6406,0,0,12.283296,730984583
12.108100,96.1523,-31.6406,-31.6406,0,0,12.283296,730984583
12.108610,95.9766,-31.6406,-31.6406,0,0,12.283296,730984583
12.110588,95.9766,-31.6406,-31.6406,0,0,12.283296,730984583
12.112564,95.9766,-31.4648,-31.4648,0,0,12.283296,730984583
12.114636,95.9766,-31.4648,-31.4648,0,0,12.283296,730984583
12.116612,95.8008,-31.2891,-31.2891,0,0,12.283296,730984583
12.118592,95.8008,-31.1133,-31.1133,0,0,12.283296,730984583
12.120569,95.6250,-30.9375,-30.9375,0,0,12.283296,730984583
12.122641,95.4492,-30.7617,-30.7617,0,0,12.283296,730984583
12.124614,95.4492,-30.5859,-30.5859,0,0,12.283296,730984583
12.126592,95.2734,-30.4102,-30.4102,0,0,12.283296,730984583
12.128569,95.2734,-30.0586,-30.0586,0,0,12.283296,730984583
12.130641,95.0977,-29.7070,-29.7070,0,0,12.283296,730984583
12.132614,94.9219,-29.3555,-29.3555,0,0,12.283296,730984583
12.134618,94.7461,-29.0039,-29.0039,0,0,12.283296,730984583
12.136658,94.5703,-28.6523,-28.6523,0,0,12.283296,730984583
12.138631,94.3945,-28.3008,-28.3008,0,0,12.283296,730984583
12.140636,94.2188,-27.7734,-27.7734,0,0,12.283296,730984583
12.142612,94.0430,-27.4219,-27.4219,0,0,12.283296,730984583
12.144592,93.8672,-26.8945,-26.8945,0,0,12.283296,730984583
12.146569,93.6914,-26.5430,-26.5430,0,0,12.283296,730984583
12.148641,93.3398,-26.0156,-26.0156,0,0,12.283296,730984583
12.150614,93.1641,-25.4883,-25.4883,0,0,12.283296,730984583
12.152592,92.9883,-24.7852,-24.7852,0,0,12.283296,730984583
12.154569,92.6367,-24.2578,-24.2578,0,0,12.283296,730984583
12.156641,92.4609,-23.5547,-23.5547,0,0,12.283296,730984583
12.158614,92.1094,-23.0273,-23.0273,0,0,12.283296,730984583
12.160592,91.9336,-22.3242,-22.3242,0,0,12.283296,730984583
12.162569,91.5820,-21.6211,-21.6211,0,0,12.283296,730984583
12.164641,91.2305,-20.9180,-20.9180,0,0,12.283296,730984583
12.166614,91.0547,-20.2148,-20.2148,0,0,12.283296,730984583
12.168592,90.7031,-19.3359,-19.3359,0,0,12.283296,730984583
12.170569,90.3516,-18.6328,-18.6328,0,0,12.283296,730984583
12.172641,89.8242,-17.7539,-17.7539,0,0,12.283296,730984583
12.174614,89.6484,-17.0508,-17.0508,0,0,12.283296,730984583
12.176592,89.1211,-15.9961,-15.9961,0,0,12.283296,730984583
12.178569,88.7695,-15.2930,-15.2930,0,0,12.283296,730984583
12.180641,88.4180,-14.2383,-14.2383,0,0,12.283296,730984583
12.182626,87.8906,-13.3594,-13.3594,0,0,12.283296,730984583
12.184605,87.5391,-12.4805,-12.4805,0,0,12.283296,730984583
12.186581,87.0117,-11.4258,-11.4258,0,0,12.283296,730984583
12.188653,86.4844,-10.3711,-10.3711,0,0,12.283296,730984583
12.190629,86.1328,-9.3164,-9.3164,0,0,12.283296,730984583
12.192607,85.6055,-8.2617,-8.2617,0,0,12.283296,730984583
12.194585,85.0781,-7.2070,-7.2070,0,0,12.283296,730984583
12.196657,84.5508,-6.1523,-6.1523,0,0,12.283296,730984583
12.198631,84.0234,-5.0977,-5.0977,0,0,12.283296,730984583
12.200607,83.3203,-3.8672,-3.8672,0,0,12.283296,730984583
12.202586,82.7930,-2.8125,-2.8125,0,0,12.283296,730984583
12.207462,81.3867,0.1758,0.1758,0,0,12.283296,730984583
12.207737,81.3867,0.1758,0.1758,0,0,12.283296,730984583
12.208631,81.0352,0.8789,0.8789,0,0,12.283296,730984583
12.210607,80.5078,1.9336,1.9336,0,0,12.283296,730984583
12.212586,79.8047,3.1641,3.1641,0,0,12.283296,730984583
12.214657,79.2773,4.3945,4.3945,0,0,12.283296,730984583
12.216631,78.5742,5.6250,5.6250,0,0,12.283296,730984583
12.218607,78.0469,6.8555,6.8555,0,0,12.283296,730984583
12.220586,77.3438,8.0859,8.0859,0,0,12.283296,730984583
12.222657,76.6406,9.4922,9.4922,0,0,12.283296,730984583
12.224631,76.1133,10.7227,10.7227,0,0,12.283296,730984583
12.226607,75.4102,11.7773,11.7773,0,0,12.283296,730984583
12.228586,74.8828,13.1836,13.1836,0,0,12.283296,730984583
12.230657,74.1797,14.4141,14.4141,0,0,12.283296,730984583
12.232631,73.4766,15.6445,15.6445,0,0,12.283296,730984583
12.234607,72.9492,16.8750,16.8750,0,0,12.283296,730984583
12.236586,72.2461,18.1055,18.1055,0,0,12.283296,730984583
12.238626,71.7188,19.3359,19.3359,0,0,12.283296,730984583
12.240629,71.1914,20.3906,20.3906,0,0,12.283296,730984583
12.242607,70.6641,21.6211,21.6211,0,0,12.283296,730984583
12.244586,69.9609,22.6758,22.6758,0,0,12.283296,730984583
12.246659,69.4336,23.9062,23.9062,0,0,12.283296,730984583
12.248631,68.9062,24.9609,24.9609,0,0,12.283296,730984583
12.250607,68.3789,26.0156,26.0156,0,0,12.283296,730984583
12.252604,67.8516,27.0703,27.0703,0,0,12.283296,730984583
12.254641,67.3242,28.3008,28.3008,0,0,12.283296,730984583
12.256596,66.9727,29.1797,29.1797,0,0,12.283296,730984583
12.258575,66.4453,30.2344,30.2344,0,0,12.283296,730984583
12.260653,65.9180,31.2891,31.2891,0,0,12.283296,730984583
12.262570,65.5664,32.1680,32.1680,0,0,12.283296,730984583
12.264628,65.2148,33.2227,33.2227,0,0,12.283296,730984583
12.266594,64.6875,34.1016,34.1016,0,0,12.283296,730984583
12.268623,64.3359,34.9805,34.9805,0,0,12.283296,730984583
12.270571,63.9844,35.8594,35.8594,0,0,12.283296,730984583
12.274217,63.2812,37.4414,37.4414,0,0,12.518021,731223051
12.274772,63.2812,37.6172,37.6172,0,0,12.518021,731223051
12.276621,62.9297,38.3203,38.3203,0,0,12.518021,731223051
12.278595,62.5781,39.0234,39.0234,0,0,12.518021,731223051
12.280577,62.4023,39.7266,39.7266,0,0,12.518021,731223051
12.282577,62.0508,40.4297,40.4297,0,0,12.518021,731223051
12.284623,61.6992,41.1328,41.1328,0,0,12.518021,731223051
12.286628,61.5234,41.8359,41.8359,0,0,12.518021,731223051
12.288611,61.1719,42.5391,42.5391,0,0,12.518021,731223051
12.290631,60.9961,43.0664,43.0664,0,0,12.518021,731223051
12.292634,60.8203,43.7695,43.7695,0,0,12.518021,731223051
12.294599,60.6445,44.2969,44.2969,0,0,12.518021,731223051
12.296642,60.2930,44.8242,44.8242,0,0,12.518021,731223051
12.298614,60.1172,45.3516,45.3516,0,0,12.518021,731223051
12.300663,59.9414,45.8789,45.8789,0,0,12.518021,731223051
12.302573,59.7656,46.2305,46.2305,0,0,12.518021,731223051
12.307740,59.4141,47.4609,47.4609,0,0,12.518021,731223051
12.308059,59.4141,47.4609,47.4609,0,0,12.518021,731223051
12.308569,59.4141,47.6367,47.6367,0,0,12.518021,731223051
12.310641,59.2383,47.9883,47.9883,0,0,12.518021,731223051
12.312614,59.0625,48.3398,48.3398,0,0,12.518021,731223051
12.314592,58.8867,48.6914,48.6914,0,0,12.518021,731223051
12.316569,58.8867,48.8672,48.8672,0,0,12.518021,731223051
12.318641,58.7109,49.2188,49.2188,0,0,12.518021,731223051
12.320614,58.7109,49.5703,49.5703,0,0,12.518021,731223051
12.322592,58.5352,49.7461,49.7461,0,0,12.518021,731223051
12.324569,58.5352,49.9219,49.9219,0,0,12.518021,731223051
12.326641,58.3594,50.0977,50.0977,0,0,12.518021,731223051
12.328614,58.3594,50.2734,50.2734,0,0,12.518021,731223051
12.330592,58.3594,50.4492,50.4492,0,0,12.518021,731223051
12.332569,58.1836,50.4492,50.4492,0,0,12.518021,731223051
12.334641,58.1836,50.6250,50.6250,0,0,12.518021,731223051
12.336614,58.1836,50.6250,50.6250,0,0,12.518021,731223051
12.338592,58.1836,50.8008,50.8008,0,0,12.518021,731223051
12.340573,58.1836,50.8008,50.8008,0,0,12.518021,731223051
12.342646,58.1836,50.8008,50.8008,0,0,12.518021,731223051
12.344620,58.1836,50.8008,50.8008,0,0,12.518021,731223051
12.346641,58.1836,50.6250,50.6250,0,0,12.518021,731223051
12.348614,58.1836,50.4492,50.4492,0,0,12.518021,731223051
12.350592,58.1836,50.4492,50.4492,0,0,12.518021,731223051
12.352569,58.1836,50.2734,50.2734,0,0,12.518021,731223051
12.354641,58.1836,50.0977,50.0977,0,0,12.518021,731223051
12.356614,58.1836,50.0977,50.0977,0,0,12.518021,731223051
12.358592,58.3594,49.7461,49.7461,0,0,12.518021,731223051
12.360569,58.3594,49.5703,49.5703,0,0,12.518021,731223051
12.362641,58.3594,49.3945,49.3945,0,0,12.518021,731223051
12.364614,58.5352,49.0430,49.0430,0,0,12.518021,731223051
12.366592,58.5352,48.6914,48.6914,0,0,12.518021,731223051
12.368569,58.7109,48.3398,48.3398,0,0,12.518021,731223051
12.370641,58.7109,48.1641,48.1641,0,0,12.518021,731223051
12.372614,58.8867,47.6367,47.6367,0,0,12.518021,731223051
12.374592,59.0625,47.2852,47.2852,0,0,12.518021,731223051
12.376569,59.0625,46.9336,46.9336,0,0,12.518021,731223051
12.378641,59.2383,46.5820,46.5820,0,0,12.518021,731223051
12.380614,59.4141,46.0547,46.0547,0,0,12.518021,731223051
12.382604,59.5898,45.5273,45.5273,0,0,12.518021,731223051
12.384580,59.7656,45.1758,45.1758,0,0,12.518021,731223051
12.386655,59.9414,44.4727,44.4727,0,0,12.518021,731223051
12.388631,60.1172,43.9453,43.9453,0,0,12.518021,731223051
12.390607,60.2930,43.4180,43.4180,0,0,12.518021,731223051
12.392586,60.4688,42.7148,42.7148,0,0,12.518021,731223051
12.394657,60.6445,42.1875,42.1875,0,0,12.518021,731223051
12.396631,60.8203,41.4844,41.4844,0,0,12.518021,731223051
12.398607,61.1719,40.9570,40.9570,0,0,12.518021,731223051
12.400586,61.3477,40.2539,40.2539,0,0,12.518021,731223051
12.402657,61.6992,39.3750,39.3750,0,0,12.518021,731223051
12.407230,62.2266,37.6172,37.6172,0,0,12.518021,731223051
12.407506,62.2266,37.6172,37.6172,0,0,12.518021,731223051
12.408596,62.4023,37.0898,37.0898,0,0,12.518021,731223051
12.410575,62.7539,36.3867,36.3867,0,0,12.518021,731223051
12.412651,63.1055,35.5078,35.5078,0,0,12.518021,731223051
12.414627,63.4570,34.6289,34.6289,0,0,12.518021,731223051
12.416604,63.8086,33.7500,33.7500,0,0,12.518021,731223051
12.418580,64.1602,32.8711,32.8711,0,0,12.518021,731223051
12.420655,64.5117,31.9922,31.9922,0,0,12.518021,731223051
12.422631,64.8633,30.9375,30.9375,0,0,12.518021,731223051
12.424607,65.2148,30.0586,30.0586,0,0,12.518021,731223051
12.426586,65.7422,29.0039,29.0039,0,0,12.518021,731223051
12.428657,66.0938,27.9492,27.9492,0,0,12.518021,731223051
12.430631,66.4453,27.0703,27.0703,0,0,12.518021,731223051
12.432607,66.9727,26.0156,26.0156,0,0,12.518021,731223051
12.434586,67.3242,24.9609,24.9609,0,0,12.518021,731223051
12.436657,67.8516,23.7305,23.7305,0,0,12.518021,731223051
12.438631,68.3789,22.6758,22.6758,0,0,12.518021,731223051
12.440607,68.9062,21.6211,21.6211,0,0,12.518021,731223051
12.442646,69.2578,20.5664,20.5664,0,0,12.518021,731223051
12.444619,69.7852,19.3359,19.3359,0,0,12.518021,731223051
12.446596,70.3125,18.2812,18.2812,0,0,12.518021,731223051
12.448589,70.8398,17.0508,17.0508,0,0,12.518021,731223051
12.450564,71.3672,15.9961,15.9961,0,0,12.518021,731223051
12.452636,71.8945,14.7656,14.7656,0,0,12.518021,731223051
12.454612,72.4219,13.5352,13.5352,0,0,12.518021,731223051
12.456592,72.9492,12.3047,12.3047,0,0,12.518021,731223051
12.458569,73.4766,11.2500,11.2500,0,0,12.518021,731223051
12.460641,74.1797,10.0195,10.0195,0,0,12.518021,731223051
12.462614,74.7070,8.7891,8.7891,0,0,12.518021,731223051
12.464592,75.0586,7.5586,7.5586,0,0,12.518021,731223051
12.466569,75.5859,6.5039,6.5039,0,0,12.518021,731223051
12.468641,76.2891,5.2734,5.2734,0,0,12.518021,731223051
12.470614,76.6406,4.0430,4.0430,0,0,12.518021,731223051
12.472592,77.1680,2.9883,2.9883,0,0,12.518021,731223051
12.474569,77.6953,1.9336,1.9336,0,0,12.518021,731223051
12.476641,78.2227,0.7031,0.7031,0,0,12.518021,731223051
12.478614,78.7500,-0.3516,-0.3516,0,0,12.518021,731223051
12.480592,79.1016,-1.4062,-1.4062,0,0,12.518021,731223051
12.482579,79.6289,-2.4609,-2.4609,0,0,12.518021,731223051
12.484653,79.9805,-3.6914,-3.6914,0,0,12.518021,731223051
12.486629,80.5078,-4.5703,-4.5703,0,0,12.518021,731223051
12.488607,80.8594,-5.6250,-5.6250,0,0,12.518021,731223051
12.490585,81.2109,-6.6797,-6.6797,0,0,12.518021,731223051
12.492657,81.7383,-7.5586,-7.5586,0,0,12.518021,731223051
12.494631,82.0898,-8.6133,-8.6133,0,0,12.518021,731223051
12.496607,82.4414,-9.4922,-9.4922,0,0,12.518021,731223051
12.498607,82.7930,-10.3711,-10.3711,0,0,12.518021,731223051
12.500564,83.1445,-11.2500,-11.2500,0,0,12.518021,731223051
12.502627,83.4961,-12.1289,-12.1289,0,0,12.518021,731223051
12.508071,84.1992,-14.4141,-14.4141,0,0,12.518021,731223051
12.508464,84.3750,-14.4141,-14.4141,0,0,12.518021,731223051
12.508770,84.3750,-14.5898,-14.5898,0,0,12.518021,731223051
12.512616,84.9023,-15.9961,-15.9961,0,0,12.751899,731455656
12.513160,84.9023,-16.3477,-16.3477,0,0,12.751899,731455656
12.514603,85.0781,-16.6992,-16.6992,0,0,12.751899,731455656
12.516595,85.2539,-17.4023,-17.4023,0,0,12.751899,731455656
12.518610,85.4297,-18.1055,-18.1055,0,0,12.751899,731455656
12.520625,85.7812,-18.8086,-18.8086,0,0,12.751899,731455656
12.522657,85.9570,-19.3359,-19.3359,0,0,12.751899,731455656
12.524621,86.1328,-20.0391,-20.0391,0,0,12.751899,731455656
12.526588,86.1328,-20.5664,-20.5664,0,0,12.751899,731455656
12.528638,86.3086,-21.0938,-21.0938,0,0,12.751899,731455656
12.530571,86.4844,-21.6211,-21.6211,0,0,12.751899,731455656
12.532604,86.6602,-22.1484,-22.1484,0,0,12.751899,731455656
12.534578,86.8359,-22.6758,-22.6758,0,0,12.751899,731455656
12.536592,86.8359,-23.0273,-23.0273,0,0,12.751899,731455656
12.538569,87.0117,-23.3789,-23.3789,0,0,12.751899,731455656
12.540612,87.0117,-23.9062,-23.9062,0,0,12.751899,731455656
12.542630,87.1875,-24.2578,-24.2578,0,0,12.751899,731455656
12.544571,87.1875,-24.6094,-24.6094,0,0,12.751899,731455656
12.546578,87.3633,-24.9609,-24.9609,0,0,12.751899,731455656
12.548626,87.3633,-25.1367,-25.1367,0,0,12.751899,731455656
12.550622,87.3633,-25.4883,-25.4883,0,0,12.751899,731455656
12.552598,87.3633,-25.6641,-25.6641,0,0,12.751899,731455656
12.554573,87.5391,-26.0156,-26.0156,0,0,12.751899,731455656
12.556646,87.5391,-26.1914,-26.1914,0,0,12.751899,731455656
12.558619,87.5391,-26.3672,-26.3672,0,0,12.751899,731455656
12.560595,87.5391,-26.5430,-26.5430,0,0,12.751899,731455656
12.562573,87.5391,-26.5430,-26.5430,0,0,12.751899,731455656
12.564650,87.5391,-26.7188,-26.7188,0,0,12.751899,731455656
12.566626,87.5391,-26.8945,-26.8945,0,0,12.751899,731455656
12.568604,87.3633,-26.8945,-26.8945,0,0,12.751899,731455656
12.570580,87.3633,-26.8945,-26.8945,0,0,12.751899,731455656
12.572655,87.3633,-26.8945,-26.8945,0,0,12.751899,731455656
12.574631,87.1875,-26.8945,-26.8945,0,0,12.751899,731455656
12.576607,87.1875,-26.8945,-26.8945,0,0,12.751899,731455656
12.578586,87.1875,-26.8945,-26.8945,0,0,12.751899,731455656
12.580657,87.0117,-26.7188,-26.7188,0,0,12.751899,731455656
12.582646,87.0117,-26.7188,-26.7188,0,0,12.751899,731455656
12.584619,86.8359,-26.5430,-26.5430,0,0,12.751899,731455656
12.586595,86.8359,-26.3672,-26.3672,0,0,12.751899,731455656
12.588573,86.6602,-26.1914,-26.1914,0,0,12.751899,731455656
12.590650,86.4844,-26.0156,-26.0156,0,0,12.751899,731455656
12.592626,86.3086,-25.8398,-25.8398,0,0,12.751899,731455656
12.594604,86.1328,-25.6641,-25.6641,0,0,12.751899,731455656
12.596580,86.1328,-25.3125,-25.3125,0,0,12.751899,731455656
12.598655,85.9570,-25.1367,-25.1367,0,0,12.751899,731455656
12.600631,85.7812,-24.7852,-24.7852,0,0,12.751899,731455656
12.602607,85.6055,-24.4336,-24.4336,0,0,12.751899,731455656
12.607743,85.0781,-23.5547,-23.5547,0,0,12.751899,731455656
12.608057,85.0781,-23.3789,-23.3789,0,0,12.751899,731455656
12.608569,84.9023,-23.3789,-23.3789,0,0,12.751899,731455656
12.610641,84.7266,-22.8516,-22.8516,0,0,12.751899,731455656
12.612614,84.5508,-22.3242,-22.3242,0,0,12.751899,731455656
12.614592,84.3750,-21.9727,-21.9727,0,0,12.751899,731455656
12.616569,84.0234,-21.4453,-21.4453,0,0,12.751899,731455656
12.618641,83.8477,-20.9180,-20.9180,0,0,12.751899,731455656
12.620614,83.4961,-20.3906,-20.3906,0,0,12.751899,731455656
12.622592,83.3203,-19.8633,-19.8633,0,0,12.751899,731455656
12.624569,82.9688,-19.1602,-19.1602,0,0,12.751899,731455656
12.626641,82.6172,-18.6328,-18.6328,0,0,12.751899,731455656
12.628614,82.4414,-17.9297,-17.9297,0,0,12.751899,731455656
12.630592,82.0898,-17.4023,-17.4023,0,0,12.751899,731455656
12.632569,81.7383,-16.6992,-16.6992,0,0,12.751899,731455656
12.634641,81.3867,-15.9961,-15.9961,0,0,12.751899,731455656
12.636614,81.0352,-15.2930,-15.2930,0,0,12.751899,731455656
12.638592,80.6836,-14.4141,-14.4141,0,0,12.751899,731455656
12.640569,80.3320,-13.7109,-13.7109,0,0,12.751899,731455656
12.642641,79.9805,-12.8320,-12.8320,0,0,12.751899,731455656
12.644614,79.6289,-12.1289,-12.1289,0,0,12.751899,731455656
12.646649,79.1016,-11.2500,-11.2500,0,0,12.751899,731455656
12.648631,78.7500,-10.3711,-10.3711,0,0,12.751899,731455656
12.650589,78.3984,-9.4922,-9.4922,0,0,12.751899,731455656
12.652564,77.8711,-8.6133,-8.6133,0,0,12.751899,731455656
12.654636,77.3438,-7.7344,-7.7344,0,0,12.751899,731455656
12.656612,76.9922,-6.8555,-6.8555,0,0,12.751899,731455656
12.658592,76.4648,-5.9766,-5.9766,0,0,12.751899,731455656
12.660569,75.9375,-4.9219,-4.9219,0,0,12.751899,731455656
12.662641,75.5859,-3.8672,-3.8672,0,0,12.751899,731455656
12.664614,75.0586,-2.9883,-2.9883,0,0,12.751899,731455656
12.666592,74.5312,-1.9336,-1.9336,0,0,12.751899,731455656
12.668569,74.0039,-0.8789,-0.8789,0,0,12.751899,731455656
12.670641,73.4766,0.1758,0.1758,0,0,12.751899,731455656
12.672614,72.7734,1.2305,1.2305,0,0,12.751899,731455656
12.674592,72.2461,2.2852,2.2852,0,0,12.751899,731455656
12.676569,71.7188,3.3398,3.3398,0,0,12.751899,731455656
12.678641,71.1914,4.3945,4.3945,0,0,12.751899,731455656
12.680614,70.6641,5.4492,5.4492,0,0,12.751899,731455656
12.682604,69.9609,6.5039,6.5039,0,0,12.751899,731455656
12.684579,69.4336,7.5586,7.5586,0,0,12.751899,731455656
12.686655,68.9062,8.7891,8.7891,0,0,12.751899,731455656
12.688631,68.3789,10.0195,10.0195,0,0,12.751899,731455656
12.690607,67.8516,10.8984,10.8984,0,0,12.751899,731455656
12.692586,67.1484,12.1289,12.1289,0,0,12.751899,731455656
12.694657,66.6211,13.1836,13.1836,0,0,12.751899,731455656
12.696631,66.0938,14.2383,14.2383,0,0,12.751899,731455656
12.698607,65.5664,15.2930,15.2930,0,0,12.751899,731455656
12.700586,65.0391,16.3477,16.3477,0,0,12.751899,731455656
12.702657,64.3359,17.4023,17.4023,0,0,12.751899,731455656
12.707230,63.1055,19.8633,19.8633,0,0,12.751899,731455656
12.707506,63.1055,20.0391,20.0391,0,0,12.751899,731455656
12.708596,62.9297,20.5664,20.5664,0,0,12.751899,731455656
12.710575,62.4023,21.6211,21.6211,0,0,12.751899,731455656
12.712651,61.8750,22.6758,22.6758,0,0,12.751899,731455656
12.714627,61.3477,23.5547,23.5547,0,0,12.751899,731455656
12.716604,60.8203,24.4336,24.4336,0,0,12.751899,731455656
12.718580,60.4688,25.4883,25.4883,0,0,12.751899,731455656
12.720655,59.9414,26.3672,26.3672,0,0,12.751899,731455656
12.722631,59.5898,27.2461,27.2461,0,0,12.751899,731455656
12.724607,59.0625,28.1250,28.1250,0,0,12.751899,731455656
12.726586,58.7109,29.0039,29.0039,0,0,12.751899,731455656
12.728657,58.3594,29.8828,29.8828,0,0,12.751899,731455656
12.730647,58.0078,30.7617,30.7617,0,0,12.751899,731455656
12.732621,57.4805,31.4648,31.4648,0,0,12.751899,731455656
12.734592,57.3047,32.1680,32.1680,0,0,12.751899,731455656
12.736625,56.9531,33.0469,33.0469,0,0,12.751899,731455656
12.738641,56.6016,33.7500,33.7500,0,0,12.751899,731455656
12.740750,56.2500,34.6289,34.6289,0,0,12.751899,731455656
12.745212,55.5469,36.0352,36.0352,0,0,13.007638,731702223
12.745770,55.3711,36.2109,36.2109,0,0,13.007638,731702223
12.746649,55.3711,36.5625,36.5625,0,0,13.007638,731702223
12.748933,55.0195,37.2656,37.2656,0,0,13.007638,731702223
12.750628,54.8438,37.7930,37.7930,0,0,13.007638,731702223
12.752607,54.4922,38.3203,38.3203,0,0,13.007638,731702223
12.754633,54.3164,38.8477,38.8477,0,0,13.007638,731702223
12.756653,54.1406,39.3750,39.3750,0,0,13.007638,731702223
12.758565,53.9648,39.9023,39.9023,0,0,13.007638,731702223
12.760599,53.7891,40.4297,40.4297,0,0,13.007638,731702223
12.762631,53.4375,40.7812,40.7812,0,0,13.007638,731702223
12.764607,53.2617,41.3086,41.3086,0,0,13.007638,731702223
12.766632,53.0859,41.6602,41.6602,0,0,13.007638,731702223
12.768622,53.0859,42.0117,42.0117,0,0,13.007638,731702223
12.770564,52.9102,42.3633,42.3633,0,0,13.007638,731702223
12.772636,52.7344,42.7148,42.7148,0,0,13.007638,731702223
12.774612,52.5586,43.0664,43.0664,0,0,13.007638,731702223
12.776592,52.5586,43.4180,43.4180,0,0,13.007638,731702223
12.778569,52.3828,43.7695,43.7695,0,0,13.007638,731702223
12.780641,52.2070,43.9453,43.9453,0,0,13.007638,731702223
12.782633,52.2070,44.1211,44.1211,0,0,13.007638,731702223
12.784609,52.0312,44.4727,44.4727,0,0,13.007638,731702223
12.786589,52.0312,44.4727,44.4727,0,0,13.007638,731702223
12.788564,51.8555,44.6484,44.6484,0,0,13.007638,731702223
12.790636,51.8555,44.8242,44.8242,0,0,13.007638,731702223
12.792612,51.8555,45.0000,45.0000,0,0,13.007638,731702223
12.794592,51.8555,45.1758,45.1758,0,0,13.007638,731702223
12.796569,51.6797,45.1758,45.1758,0,0,13.007638,731702223
12.798641,51.6797,45.1758,45.1758,0,0,13.007638,731702223
12.800614,51.6797,45.1758,45.1758,0,0,13.007638,731702223
12.802592,51.6797,45.1758,45.1758,0,0,13.007638,731702223
12.807755,51.6797,45.1758,45.1758,0,0,13.007638,731702223
12.808073,51.6797,45.1758,45.1758,0,0,13.007638,731702223
12.808580,51.6797,45.1758,45.1758,0,0,13.007638,731702223
12.810653,51.6797,45.0000,45.0000,0,0,13.007638,731702223
12.812629,51.6797,44.8242,44.8242,0,0,13.007638,731702223
12.814607,51.8555,44.8242,44.8242,0,0,13.007638,731702223
12.816586,51.8555,44.6484,44.6484,0,0,13.007638,731702223
12.818657,51.8555,44.4727,44.4727,0,0,13.007638,731702223
12.820631,51.8555,44.1211,44.1211,0,0,13.007638,731702223
12.822607,52.0312,43.9453,43.9453,0,0,13.007638,731702223
12.824585,52.0312,43.7695,43.7695,0,0,13.007638,731702223
12.826657,52.2070,43.4180,43.4180,0,0,13.007638,731702223
12.828631,52.3828,43.2422,43.2422,0,0,13.007638,731702223
12.830607,52.3828,42.8906,42.8906,0,0,13.007638,731702223
12.832585,52.5586,42.5391,42.5391,0,0,13.007638,731702223
12.834657,52.5586,42.1875,42.1875,0,0,13.007638,731702223
12.836631,52.7344,41.8359,41.8359,0,0,13.007638,731702223
12.838607,52.9102,41.3086,41.3086,0,0,13.007638,731702223
12.840585,53.0859,40.9570,40.9570,0,0,13.007638,731702223
12.842657,53.2617,40.6055,40.6055,0,0,13.007638,731702223
12.844631,53.4375,40.0781,40.0781,0,0,13.007638,731702223
12.846607,53.6133,39.5508,39.5508,0,0,13.007638,731702223
12.848585,53.7891,39.0234,39.0234,0,0,13.007638,731702223
12.850657,53.9648,38.4961,38.4961,0,0,13.007638,731702223
12.852631,54.1406,37.9688,37.9688,0,0,13.007638,731702223
12.854636,54.4922,37.4414,37.4414,0,0,13.007638,731702223
12.856612,54.6680,36.7383,36.7383,0,0,13.007638,731702223
12.858592,54.8438,36.2109,36.2109,0,0,13.007638,731702223
12.860569,55.1953,35.5078,35.5078,0,0,13.007638,731702223
12.862641,55.3711,34.8047,34.8047,0,0,13.007638,731702223
12.864614,55.5469,34.2773,34.2773,0,0,13.007638,731702223
12.866592,55.8984,33.5742,33.5742,0,0,13.007638,731702223
12.868569,56.2500,32.6953,32.6953,0,0,13.007638,731702223
12.870641,56.6016,31.9922,31.9922,0,0,13.007638,731702223
12.872614,56.7773,31.2891,31.2891,0,0,13.007638,731702223
12.874592,57.1289,30.4102,30.4102,0,0,13.007638,731702223
12.876569,57.4805,29.7070,29.7070,0,0,13.007638,731702223
12.878641,57.8320,28.8281,28.8281,0,0,13.007638,731702223
12.880614,58.1836,27.9492,27.9492,0,0,13.007638,731702223
12.882599,58.5352,27.0703,27.0703,0,0,13.007638,731702223
12.884578,58.8867,26.1914,26.1914,0,0,13.007638,731702223
12.886651,59.4141,25.3125,25.3125,0,0,13.007638,731702223
12.888627,59.7656,24.4336,24.4336,0,0,13.007638,731702223
12.890604,60.1172,23.5547,23.5547,0,0,13.007638,731702223
12.892579,60.6445,22.6758,22.6758,0,0,13.007638,731702223
12.894655,60.9961,21.6211,21.6211,0,0,13.007638,731702223
12.896631,61.5234,20.7422,20.7422,0,0,13.007638,731702223
12.898607,61.8750,19.6875,19.6875,0,0,13.007638,731702223
12.900585,62.4023,18.6328,18.6328,0,0,13.007638,731702223
12.902657,62.7539,17.7539,17.7539,0,0,13.007638,731702223
12.907230,63.8086,15.2930,15.2930,0,0,13.007638,731702223
12.907506,63.9844,15.1172,15.1172,0,0,13.007638,731702223
12.908596,64.1602,14.5898,14.5898,0,0,13.007638,731702223
12.910573,64.6875,13.5352,13.5352,0,0,13.007638,731702223
12.912646,65.2148,12.4805,12.4805,0,0,13.007638,731702223
12.914619,65.7422,11.4258,11.4258,0,0,13.007638,731702223
12.916595,66.0938,10.5469,10.5469,0,0,13.007638,731702223
12.918573,66.6211,9.4922,9.4922,0,0,13.007638,731702223
12.920650,67.1484,8.4375,8.4375,0,0,13.007638,731702223
12.922626,67.5000,7.3828,7.3828,0,0,13.007638,731702223
12.924604,68.0273,6.3281,6.3281,0,0,13.007638,731702223
12.926579,68.5547,5.2734,5.2734,0,0,13.007638,731702223
12.928655,68.9062,4.2188,4.2188,0,0,13.007638,731702223
12.930631,69.4336,3.3398,3.3398,0,0,13.007638,731702223
12.932607,69.9609,2.2852,2.2852,0,0,13.007638,731702223
12.934585,70.3125,1.4062,1.4062,0,0,13.007638,731702223
12.936657,70.8398,0.3516,0.3516,0,0,13.007638,731702223
12.938631,71.1914,-0.5273,-0.5273,0,0,13.007638,731702223
12.940607,71.5430,-1.5820,-1.5820,0,0,13.007638,731702223
12.942585,72.0703,-2.4609,-2.4609,0,0,13.007638,731702223
12.944657,72.4219,-3.3398,-3.3398,0,0,13.007638,731702223
12.946631,72.7734,-4.2188,-4.2188,0,0,13.007638,731702223
12.948607,73.1250,-5.0977,-5.0977,0,0,13.007638,731702223
12.950585,73.4766,-5.9766,-5.9766,0,0,13.007638,731702223
12.952657,73.8281,-6.8555,-6.8555,0,0,13.007638,731702223
12.954592,74.1797,-7.5586,-7.5586,0,0,13.007638,731702223
12.956569,74.5312,-8.4375,-8.4375,0,0,13.007638,731702223
12.958641,74.8828,-9.1406,-9.1406,0,0,13.007638,731702223
12.960646,75.2344,-10.0195,-10.0195,0,0,13.007638,731702223
12.962619,75.4102,-10.7227,-10.7227,0,0,13.007638,731702223
12.964595,75.7617,-11.4258,-11.4258,0,0,13.007638,731702223
12.966573,75.9375,-12.1289,-12.1289,0,0,13.007638,731702223
12.968650,76.2891,-12.8320,-12.8320,0,0,13.007638,731702223
12.970626,76.4648,-13.3594,-13.3594,0,0,13.007638,731702223
12.972604,76.6406,-14.0625,-14.0625,0,0,13.007638,731702223
12.974656,76.9922,-14.5898,-14.5898,0,0,13.007638,731702223
12.976668,77.1680,-15.1172,-15.1172,0,0,13.007638,731702223
12.978636,77.3438,-15.8203,-15.8203,0,0,13.007638,731702223
12.980612,77.5195,-16.3477,-16.3477,0,0,13.007638,731702223
12.982612,77.6953,-16.6992,-16.6992,0,0,13.007638,731702223
12.984628,77.8711,-17.2266,-17.2266,0,0,13.007638,731702223
12.987196,78.0469,-17.9297,-17.9297,0,0,13.007638,731702223
12.991777,78.3984,-18.8086,-18.8086,0,0,13.251848,731951532
12.992325,78.3984,-18.9844,-18.9844,0,0,13.251848,731951532
12.992631,78.3984,-18.9844,-18.9844,0,0,13.251848,731951532
12.994839,78.5742,-19.5117,-19.5117,0,0,13.251848,731951532
12.996654,78.7500,-19.8633,-19.8633,0,0,13.251848,731951532
12.998654,78.7500,-20.0391,-20.0391,0,0,13.251848,731951532
13.000632,78.9258,-20.3906,-20.3906,0,0,13.251848,731951532
13.002640,78.9258,-20.7422,-20.7422,0,0,13.251848,731951532
13.007830,79.1016,-21.4453,-21.4453,0,0,13.251848,731951532
13.008153,79.1016,-21.4453,-21.4453,0,0,13.251848,731951532
13.008661,79.1016,-21.4453,-21.4453,0,0,13.251848,731951532
13.010637,79.1016,-21.6211,-21.6211,0,0,13.251848,731951532
13.012632,79.1016,-21.7969,-21.7969,0,0,13.251848,731951532
13.014607,79.2773,-21.9727,-21.9727,0,0,13.251848,731951532
13.016567,79.2773,-22.1484,-22.1484,0,0,13.251848,731951532
13.018665,79.2773,-22.1484,-22.1484,0,0,13.251848,731951532
13.020658,79.2773,-22.3242,-22.3242,0,0,13.251848,731951532
13.022571,79.2773,-22.3242,-22.3242,0,0,13.251848,731951532
13.024578,79.2773,-22.3242,-22.3242,0,0,13.251848,731951532
13.026654,79.2773,-22.3242,-22.3242,0,0,13.251848,731951532
13.028631,79.2773,-22.3242,-22.3242,0,0,13.251848,731951532
13.030607,79.1016,-22.3242,-22.3242,0,0,13.251848,731951532
13.032586,79.1016,-22.3242,-22.3242,0,0,13.251848,731951532
13.034657,79.1016,-22.3242,-22.3242,0,0,13.251848,731951532
13.036631,78.9258,-22.1484,-22.1484,0,0,13.251848,731951532
13.038607,78.9258,-22.1484,-22.1484,0,0,13.251848,731951532
13.040586,78.7500,-21.9727,-21.9727,0,0,13.251848,731951532
13.042657,78.7500,-21.7969,-21.7969,0,0,13.251848,731951532
13.044631,78.5742,-21.6211,-21.6211,0,0,13.251848,731951532
13.046607,78.5742,-21.4453,-21.4453,0,0,13.251848,731951532
13.048586,78.3984,-21.2695,-21.2695,0,0,13.251848,731951532
13.050657,78.3984,-20.9180,-20.9180,0,0,13.251848,731951532
13.052631,78.2227,-20.7422,-20.7422,0,0,13.251848,731951532
13.054607,78.0469,-20.3906,-20.3906,0,0,13.251848,731951532
13.056639,77.8711,-20.0391,-20.0391,0,0,13.251848,731951532
13.058653,77.6953,-19.6875,-19.6875,0,0,13.251848,731951532
13.060629,77.5195,-19.3359,-19.3359,0,0,13.251848,731951532
13.062620,77.3438,-18.9844,-18.9844,0,0,13.251848,731951532
13.064595,77.1680,-18.6328,-18.6328,0,0,13.251848,731951532
13.066573,76.9922,-18.1055,-18.1055,0,0,13.251848,731951532
13.068646,76.8164,-17.7539,-17.7539,0,0,13.251848,731951532
13.070619,76.6406,-17.2266,-17.2266,0,0,13.251848,731951532
13.072595,76.2891,-16.8750,-16.8750,0,0,13.251848,731951532
13.074573,76.1133,-16.3477,-16.3477,0,0,13.251848,731951532
13.076650,75.9375,-15.8203,-15.8203,0,0,13.251848,731951532
13.078626,75.5859,-15.2930,-15.2930,0,0,13.251848,731951532
13.080604,75.4102,-14.5898,-14.5898,0,0,13.251848,731951532
13.082599,75.0586,-14.0625,-14.0625,0,0,13.251848,731951532
13.084578,74.8828,-13.5352,-13.5352,0,0,13.251848,731951532
13.086654,74.5312,-12.8320,-12.8320,0,0,13.251848,731951532
13.088631,74.1797,-12.3047,-12.3047,0,0,13.251848,731951532
13.090607,74.0039,-11.6016,-11.6016,0,0,13.251848,731951532
13.092586,73.6523,-10.8984,-10.8984,0,0,13.251848,731951532
13.094657,73.3008,-10.1953,-10.1953,0,0,13.251848,731951532
13.096631,72.9492,-9.4922,-9.4922,0,0,13.251848,731951532
13.098607,72.5977,-8.7891,-8.7891,0,0,13.251848,731951532
13.100586,72.2461,-7.9102,-7.9102,0,0,13.251848,731951532
13.102657,71.8945,-7.2070,-7.2070,0,0,13.251848,731951532
13.107319,71.0156,-5.2734,-5.2734,0,0,13.251848,731951532
13.107614,71.0156,-5.0977,-5.0977,0,0,13.251848,731951532
13.108612,70.6641,-4.7461,-4.7461,0,0,13.251848,731951532
13.110592,70.3125,-3.8672,-3.8672,0,0,13.251848,731951532
13.112569,69.9609,-3.1641,-3.1641,0,0,13.251848,731951532
13.114641,69.4336,-2.2852,-2.2852,0,0,13.251848,731951532
13.116614,69.0820,-1.2305,-1.2305,0,0,13.251848,731951532
13.118592,68.5547,-0.3516,-0.3516,0,0,13.251848,731951532
13.120569,68.2031,0.5273,0.5273,0,0,13.251848,731951532
13.122641,67.8516,1.4062,1.4062,0,0,13.251848,731951532
13.124614,67.3242,2.2852,2.2852,0,0,13.251848,731951532
13.126592,66.7969,3.3398,3.3398,0,0,13.251848,731951532
13.128569,66.4453,4.2188,4.2188,0,0,13.251848,731951532
13.130641,65.9180,5.2734,5.2734,0,0,13.251848,731951532
13.132614,65.3906,6.1523,6.1523,0,0,13.251848,731951532
13.134592,65.0391,7.2070,7.2070,0,0,13.251848,731951532
13.136569,64.5117,8.0859,8.0859,0,0,13.251848,731951532
13.138641,63.9844,8.9648,8.9648,0,0,13.251848,731951532
13.140614,63.6328,10.0195,10.0195,0,0,13.251848,731951532
13.142592,63.1055,10.8984,10.8984,0,0,13.251848,731951532
13.144569,62.5781,11.9531,11.9531,0,0,13.251848,731951532
13.146641,62.2266,13.0078,13.0078,0,0,13.251848,731951532
13.148614,61.6992,13.8867,13.8867,0,0,13.251848,731951532
13.150592,61.1719,14.7656,14.7656,0,0,13.251848,731951532
13.152569,60.8203,15.8203,15.8203,0,0,13.251848,731951532
13.154641,60.2930,16.6992,16.6992,0,0,13.251848,731951532
13.156614,59.9414,17.5781,17.5781,0,0,13.251848,731951532
13.158592,59.4141,18.4570,18.4570,0,0,13.251848,731951532
13.160614,59.0625,19.5117,19.5117,0,0,13.251848,731951532
13.162613,58.7109,20.2148,20.2148,0,0,13.251848,731951532
13.164592,58.1836,21.2695,21.2695,0,0,13.251848,731951532
13.166569,57.8320,21.9727,21.9727,0,0,13.251848,731951532
13.168641,57.3047,22.8516,22.8516,0,0,13.251848,731951532
13.170614,56.9531,23.7305,23.7305,0,0,13.251848,731951532
13.172592,56.6016,24.4336,24.4336,0,0,13.251848,731951532
13.174569,56.2500,25.3125,25.3125,0,0,13.251848,731951532
13.176641,55.8984,26.1914,26.1914,0,0,13.251848,731951532
13.178614,55.5469,26.8945,26.8945,0,0,13.251848,731951532
13.180592,55.1953,27.5977,27.5977,0,0,13.251848,731951532
13.182579,55.0195,28.3008,28.3008,0,0,13.251848,731951532
13.184653,54.6680,29.0039,29.0039,0,0,13.251848,731951532
13.186629,54.3164,29.7070,29.7070,0,0,13.251848,731951532
13.188607,54.1406,30.4102,30.4102,0,0,13.251848,731951532
13.190585,53.7891,31.1133,31.1133,0,0,13.251848,731951532
13.192657,53.6133,31.6406,31.6406,0,0,13.251848,731951532
13.194631,53.2617,32.1680,32.1680,0,0,13.251848,731951532
13.196607,53.0859,32.8711,32.8711,0,0,13.251848,731951532
13.198586,52.9102,33.3984,33.3984,0,0,13.251848,731951532
13.200657,52.5586,33.9258,33.9258,0,0,13.251848,731951532
13.202631,52.3828,34.4531,34.4531,0,0,13.251848,731951532
13.207497,52.0312,35.6836,35.6836,0,0,13.251848,731951532
13.207771,52.0312,35.6836,35.6836,0,0,13.251848,731951532
13.208570,51.8555,35.8594,35.8594,0,0,13.251848,731951532
13.210641,51.6797,36.3867,36.3867,0,0,13.251848,731951532
13.212614,51.6797,36.7383,36.7383,0,0,13.251848,731951532
13.214592,51.5039,37.0898,37.0898,0,0,13.251848,731951532
13.216569,51.3281,37.6172,37.6172,0,0,13.251848,731951532
13.218641,51.1523,37.7930,37.7930,0,0,13.251848,731951532
13.220613,51.1523,38.1445,38.1445,0,0,13.251848,731951532
13.222590,50.9766,38.4961,38.4961,0,0,13.251848,731951532
13.224607,50.9766,38.8477,38.8477,0,0,13.251848,731951532
13.226586,50.8008,39.0234,39.0234,0,0,13.251848,731951532
13.228659,50.6250,39.3750,39.3750,0,0,13.251848,731951532
13.230631,50.6250,39.5508,39.5508,0,0,13.251848,731951532
13.232607,50.6250,39.7266,39.7266,0,0,13.251848,731951532
13.234624,50.4492,39.9023,39.9023,0,0,13.251848,731951532
13.236625,50.4492,40.0781,40.0781,0,0,13.251848,731951532
13.240896,50.4492,40.4297,40.4297,0,0,13.489071,732194982
13.241558,50.4492,40.4297,40.4297,0,0,13.489071,732194982
13.242670,50.4492,40.4297,40.4297,0,0,13.489071,732194982
13.244727,50.4492,40.4297,40.4297,0,0,13.489071,732194982
13.246624,50.4492,40.6055,40.6055,0,0,13.489071,732194982
13.248619,50.4492,40.6055,40.6055,0,0,13.489071,732194982
13.250598,50.4492,40.6055,40.6055,0,0,13.489071,732194982
13.252580,50.4492,40.6055,40.6055,0,0,13.489071,732194982
13.254630,50.4492,40.6055,40.6055,0,0,13.489071,732194982
13.256609,50.4492,40.4297,40.4297,0,0,13.489071,732194982
13.258694,50.6250,40.4297,40.4297,0,0,13.489071,732194982
13.260581,50.6250,40.2539,40.2539,0,0,13.489071,732194982
13.262631,50.6250,40.2539,40.2539,0,0,13.489071,732194982
13.264610,50.8008,40.0781,40.0781,0,0,13.489071,732194982
13.266595,50.9766,39.9023,39.9023,0,0,13.489071,732194982
13.268577,50.9766,39.7266,39.7266,0,0,13.489071,732194982
13.270655,50.9766,39.5508,39.5508,0,0,13.489071,732194982
13.272620,51.1523,39.3750,39.3750,0,0,13.489071,732194982
13.274631,51.3281,39.0234,39.0234,0,0,13.489071,732194982
13.276607,51.3281,38.8477,38.8477,0,0,13.489071,732194982
13.278588,51.5039,38.4961,38.4961,0,0,13.489071,732194982
13.280591,51.6797,38.3203,38.3203,0,0,13.489071,732194982
13.282592,51.8555,37.7930,37.7930,0,0,13.489071,732194982
13.284570,52.0312,37.6172,37.6172,0,0,13.489071,732194982
13.286642,52.2070,37.0898,37.0898,0,0,13.489071,732194982
13.288615,52.3828,36.7383,36.7383,0,0,13.489071,732194982
13.290593,52.5586,36.3867,36.3867,0,0,13.489071,732194982
13.292573,52.7344,36.0352,36.0352,0,0,13.489071,732194982
13.294632,52.9102,35.5078,35.5078,0,0,13.489071,732194982
13.296612,53.0859,34.9805,34.9805,0,0,13.489071,732194982
13.298592,53.2617,34.6289,34.6289,0,0,13.489071,732194982
13.300569,53.6133,34.1016,34.1016,0,0,13.489071,732194982
13.302641,53.7891,33.5742,33.5742,0,0,13.489071,732194982
13.307807,54.4922,31.9922,31.9922,0,0,13.489071,732194982
13.308125,54.4922,31.9922,31.9922,0,0,13.489071,732194982
13.308635,54.6680,31.8164,31.8164,0,0,13.489071,732194982
13.310611,54.8438,31.2891,31.2891,0,0,13.489071,732194982
13.312592,55.1953,30.5859,30.5859,0,0,13.489071,732194982
13.314569,55.5469,29.8828,29.8828,0,0,13.489071,732194982
13.316641,55.8984,29.3555,29.3555,0,0,13.489071,732194982
13.318614,56.0742,28.6523,28.6523,0,0,13.489071,732194982
13.320592,56.4258,27.9492,27.9492,0,0,13.489071,732194982
13.322569,56.7773,27.2461,27.2461,0,0,13.489071,732194982
13.324641,57.1289,26.5430,26.5430,0,0,13.489071,732194982
13.326614,57.4805,25.6641,25.6641,0,0,13.489071,732194982
13.328592,57.8320,24.9609,24.9609,0,0,13.489071,732194982
13.330569,58.1836,24.2578,24.2578,0,0,13.489071,732194982
13.332641,58.7109,23.3789,23.3789,0,0,13.489071,732194982
13.334614,59.0625,22.6758,22.6758,0,0,13.489071,732194982
13.336592,59.4141,21.7969,21.7969,0,0,13.489071,732194982
13.338569,59.7656,21.0938,21.0938,0,0,13.489071,732194982
13.340641,60.1172,20.2148,20.2148,0,0,13.489071,732194982
13.342614,60.6445,19.3359,19.3359,0,0,13.489071,732194982
13.344592,60.9961,18.4570,18.4570,0,0,13.489071,732194982
13.346569,61.5234,17.5781,17.5781,0,0,13.489071,732194982
13.348641,61.8750,16.6992,16.6992,0,0,13.489071,732194982
13.350614,62.4023,15.8203,15.8203,0,0,13.489071,732194982
13.352592,62.7539,14.9414,14.9414,0,0,13.489071,732194982
13.354569,63.2812,14.0625,14.0625,0,0,13.489071,732194982
13.356641,63.6328,13.1836,13.1836,0,0,13.489071,732194982
13.358614,64.1602,12.3047,12.3047,0,0,13.489071,732194982
13.360592,64.5117,11.4258,11.4258,0,0,13.489071,732194982
13.362569,65.0391,10.5469,10.5469,0,0,13.489071,732194982
13.364651,65.5664,9.4922,9.4922,0,0,13.489071,732194982
13.366657,65.9180,8.6133,8.6133,0,0,13.489071,732194982
13.368631,66.4453,7.7344,7.7344,0,0,13.489071,732194982
13.370607,66.7969,6.8555,6.8555,0,0,13.489071,732194982
13.372586,67.3242,5.9766,5.9766,0,0,13.489071,732194982
13.374657,67.6758,5.0977,5.0977,0,0,13.489071,732194982
13.376631,68.2031,4.2188,4.2188,0,0,13.489071,732194982
13.378607,68.5547,3.3398,3.3398,0,0,13.489071,732194982
13.380586,68.9062,2.4609,2.4609,0,0,13.489071,732194982
13.382581,69.4336,1.7578,1.7578,0,0,13.489071,732194982
13.384653,69.7852,0.8789,0.8789,0,0,13.489071,732194982
13.386629,70.1367,0.0000,0.0000,0,0,13.489071,732194982
13.388607,70.6641,-0.7031,-0.7031,0,0,13.489071,732194982
13.390585,71.0156,-1.5820,-1.5820,0,0,13.489071,732194982
13.392657,71.3672,-2.2852,-2.2852,0,0,13.489071,732194982
13.394631,71.7188,-3.1641,-3.1641,0,0,13.489071,732194982
13.396607,72.0703,-3.8672,-3.8672,0,0,13.489071,732194982
13.398586,72.4219,-4.5703,-4.5703,0,0,13.489071,732194982
13.400657,72.7734,-5.2734,-5.2734,0,0,13.489071,732194982
13.402631,73.1250,-5.9766,-5.9766,0,0,13.489071,732194982
13.407321,73.8281,-7.5586,-7.5586,0,0,13.489071,732194982
13.407592,73.8281,-7.5586,-7.5586,0,0,13.489071,732194982
13.408586,74.0039,-7.9102,-7.9102,0,0,13.489071,732194982
13.410657,74.1797,-8.6133,-8.6133,0,0,13.489071,732194982
13.412631,74.5312,-9.1406,-9.1406,0,0,13.489071,732194982
13.414607,74.7070,-9.6680,-9.6680,0,0,13.489071,732194982
13.416586,75.0586,-10.3711,-10.3711,0,0,13.489071,732194982
13.418657,75.2344,-10.8984,-10.8984,0,0,13.489071,732194982
13.420631,75.5859,-11.4258,-11.4258,0,0,13.489071,732194982
13.422607,75.7617,-11.9531,-11.9531,0,0,13.489071,732194982
13.424586,75.9375,-12.3047,-12.3047,0,0,13.489071,732194982
13.426657,76.1133,-12.8320,-12.8320,0,0,13.489071,732194982
13.428631,76.2891,-13.3594,-13.3594,0,0,13.489071,732194982
13.430607,76.4648,-13.7109,-13.7109,0,0,13.489071,732194982
13.432586,76.6406,-14.2383,-14.2383,0,0,13.489071,732194982
13.434657,76.8164,-14.5898,-14.5898,0,0,13.489071,732194982
13.436631,76.9922,-14.9414,-14.9414,0,0,13.489071,732194982
13.438607,77.1680,-15.2930,-15.2930,0,0,13.489071,732194982
13.440586,77.1680,-15.6445,-15.6445,0,0,13.489071,732194982
13.442657,77.3438,-15.8203,-15.8203,0,0,13.489071,732194982
13.444631,77.5195,-16.1719,-16.1719,0,0,13.489071,732194982
13.446607,77.5195,-16.3477,-16.3477,0,0,13.489071,732194982
13.448586,77.6953,-16.5234,-16.5234,0,0,13.489071,732194982
13.450657,77.6953,-16.8750,-16.8750,0,0,13.489071,732194982
13.452631,77.8711,-17.0508,-17.0508,0,0,13.489071,732194982
13.454607,77.8711,-17.2266,-17.2266,0,0,13.489071,732194982
13.456586,77.8711,-17.4023,-17.4023,0,0,13.489071,732194982
13.458657,78.0469,-17.4023,-17.4023,0,0,13.489071,732194982
13.460631,78.0469,-17.5781,-17.5781,0,0,13.489071,732194982
13.462607,78.0469,-17.7539,-17.7539,0,0,13.489071,732194982
13.464567,78.0469,-17.7539,-17.7539,0,0,13.489071,732194982
13.466673,78.0469,-17.7539,-17.7539,0,0,13.489071,732194982
13.468656,78.0469,-17.7539,-17.7539,0,0,13.489071,732194982
13.470620,78.0469,-17.7539,-17.7539,0,0,13.489071,732194982
13.472627,78.0469,-17.7539,-17.7539,0,0,13.489071,732194982
13.474605,78.0469,-17.7539,-17.7539,0,0,13.489071,732194982
13.476580,78.0469,-17.7539,-17.7539,0,0,13.489071,732194982
13.478687,78.0469,-17.7539,-17.7539,0,0,13.489071,732194982
13.480699,78.0469,-17.5781,-17.5781,0,0,13.489071,732194982
13.484540,77.8711,-17.2266,-17.2266,0,0,13.732779,732434144
13.485080,77.8711,-17.2266,-17.2266,0,0,13.732779,732434144
13.486611,77.8711,-17.2266,-17.2266,0,0,13.732779,732434144
13.488611,77.6953,-17.0508,-17.0508,0,0,13.732779,732434144
13.490640,77.6953,-16.6992,-16.6992,0,0,13.732779,732434144
13.492628,77.6953,-16.5234,-16.5234,0,0,13.732779,732434144
13.494564,77.5195,-16.3477,-16.3477,0,0,13.732779,732434144
13.496607,77.3438,-15.9961,-15.9961,0,0,13.732779,732434144
13.498643,77.3438,-15.8203,-15.8203,0,0,13.732779,732434144
13.500592,77.1680,-15.4688,-15.4688,0,0,13.732779,732434144
13.502609,76.9922,-15.1172,-15.1172,0,0,13.732779,732434144
13.507740,76.6406,-14.2383,-14.2383,0,0,13.732779,732434144
13.508116,76.6406,-14.2383,-14.2383,0,0,13.732779,732434144
13.508623,76.6406,-14.0625,-14.0625,0,0,13.732779,732434144
13.510650,76.4648,-13.7109,-13.7109,0,0,13.732779,732434144
13.512626,76.2891,-13.1836,-13.1836,0,0,13.732779,732434144
13.514604,76.1133,-12.8320,-12.8320,0,0,13.732779,732434144
13.516577,75.9375,-12.3047,-12.3047,0,0,13.732779,732434144
13.518650,75.5859,-11.7773,-11.7773,0,0,13.732779,732434144
13.520624,75.4102,-11.4258,-11.4258,0,0,13.732779,732434144
13.522599,75.2344,-10.8984,-10.8984,0,0,13.732779,732434144
13.524577,75.0586,-10.3711,-10.3711,0,0,13.732779,732434144
13.526650,74.7070,-9.6680,-9.6680,0,0,13.732779,732434144
13.528624,74.5312,-9.3164,-9.3164,0,0,13.732779,732434144
13.530599,74.1797,-8.6133,-8.6133,0,0,13.732779,732434144
13.532577,74.0039,-8.0859,-8.0859,0,0,13.732779,732434144
13.534579,73.6523,-7.3828,-7.3828,0,0,13.732779,732434144
13.536592,73.4766,-6.8555,-6.8555,0,0,13.732779,732434144
13.538569,73.1250,-6.1523,-6.1523,0,0,13.732779,732434144
13.540640,72.9492,-5.4492,-5.4492,0,0,13.732779,732434144
13.542614,72.5977,-4.7461,-4.7461,0,0,13.732779,732434144
13.544592,72.2461,-4.0430,-4.0430,0,0,13.732779,732434144
13.546569,71.8945,-3.3398,-3.3398,0,0,13.732779,732434144
13.548642,71.5430,-2.6367,-2.6367,0,0,13.732779,732434144
13.550654,71.3672,-1.9336,-1.9336,0,0,13.732779,732434144
13.552629,70.8398,-1.2305,-1.2305,0,0,13.732779,732434144
13.554607,70.6641,-0.3516,-0.3516,0,0,13.732779,732434144
13.556599,70.1367,0.3516,0.3516,0,0,13.732779,732434144
13.558592,69.9609,1.0547,1.0547,0,0,13.732779,732434144
13.560569,69.4336,1.9336,1.9336,0,0,13.732779,732434144
13.562640,69.0820,2.6367,2.6367,0,0,13.732779,732434144
13.564650,68.7305,3.5156,3.5156,0,0,13.732779,732434144
13.566626,68.3789,4.3945,4.3945,0,0,13.732779,732434144
13.568665,68.0273,5.2734,5.2734,0,0,13.732779,732434144
13.570655,67.6758,5.9766,5.9766,0,0,13.732779,732434144
13.572659,67.1484,6.8555,6.8555,0,0,13.732779,732434144
13.574636,66.7969,7.7344,7.7344,0,0,13.732779,732434144
13.576623,66.4453,8.6133,8.6133,0,0,13.732779,732434144
13.578598,66.0938,9.3164,9.3164,0,0,13.732779,732434144
13.580573,65.7422,10.1953,10.1953,0,0,13.732779,732434144
13.582605,65.2148,11.0742,11.0742,0,0,13.732779,732434144
13.584579,65.0391,11.7773,11.7773,0,0,13.732779,732434144
13.586654,64.5117,12.6562,12.6562,0,0,13.732779,732434144
13.588629,64.1602,13.5352,13.5352,0,0,13.732779,732434144
13.590607,63.8086,14.4141,14.4141,0,0,13.732779,732434144
13.592605,63.4570,15.1172,15.1172,0,0,13.732779,732434144
13.594579,63.1055,15.9961,15.9961,0,0,13.732779,732434144
13.596566,62.7539,16.6992,16.6992,0,0,13.732779,732434144
13.598636,62.4023,17.5781,17.5781,0,0,13.732779,732434144
13.600611,62.0508,18.4570,18.4570,0,0,13.732779,732434144
13.602588,61.6992,19.1602,19.1602,0,0,13.732779,732434144
13.607261,60.8203,20.9180,20.9180,0,0,13.732779,732434144
13.607531,60.8203,20.9180,20.9180,0,0,13.732779,732434144
13.608621,60.6445,21.4453,21.4453,0,0,13.732779,732434144
13.610595,60.2930,22.1484,22.1484,0,0,13.732779,732434144
13.612572,60.1172,22.8516,22.8516,0,0,13.732779,732434144
13.614644,59.7656,23.5547,23.5547,0,0,13.732779,732434144
13.616618,59.4141,24.2578,24.2578,0,0,13.732779,732434144
13.618594,59.2383,24.7852,24.7852,0,0,13.732779,732434144
13.620572,58.8867,25.4883,25.4883,0,0,13.732779,732434144
13.622644,58.7109,26.1914,26.1914,0,0,13.732779,732434144
13.624618,58.5352,26.7188,26.7188,0,0,13.732779,732434144
13.626594,58.1836,27.2461,27.2461,0,0,13.732779,732434144
13.628572,58.0078,27.9492,27.9492,0,0,13.732779,732434144
13.630644,57.8320,28.4766,28.4766,0,0,13.732779,732434144
13.632618,57.4805,29.0039,29.0039,0,0,13.732779,732434144
13.634594,57.3047,29.5312,29.5312,0,0,13.732779,732434144
13.636572,57.1289,30.0586,30.0586,0,0,13.732779,732434144
13.638644,56.9531,30.5859,30.5859,0,0,13.732779,732434144
13.640618,56.7773,30.9375,30.9375,0,0,13.732779,732434144
13.642594,56.6016,31.4648,31.4648,0,0,13.732779,732434144
13.644572,56.6016,31.8164,31.8164,0,0,13.732779,732434144
13.646644,56.4258,32.3438,32.3438,0,0,13.732779,732434144
13.648618,56.2500,32.6953,32.6953,0,0,13.732779,732434144
13.650594,56.0742,33.0469,33.0469,0,0,13.732779,732434144
13.652572,56.0742,33.3984,33.3984,0,0,13.732779,732434144
13.654644,55.8984,33.7500,33.7500,0,0,13.732779,732434144
13.656618,55.8984,34.1016,34.1016,0,0,13.732779,732434144
13.658594,55.7227,34.2773,34.2773,0,0,13.732779,732434144
13.660572,55.7227,34.6289,34.6289,0,0,13.732779,732434144
13.662644,55.5469,34.9805,34.9805,0,0,13.732779,732434144
13.664618,55.5469,35.1562,35.1562,0,0,13.732779,732434144
13.666594,55.3711,35.3320,35.3320,0,0,13.732779,732434144
13.668572,55.3711,35.5078,35.5078,0,0,13.732779,732434144
13.670652,55.3711,35.6836,35.6836,0,0,13.732779,732434144
13.672618,55.3711,36.0352,36.0352,0,0,13.732779,732434144
13.674594,55.3711,36.0352,36.0352,0,0,13.732779,732434144
13.676572,55.3711,36.2109,36.2109,0,0,13.732779,732434144
13.678645,55.3711,36.2109,36.2109,0,0,13.732779,732434144
13.680638,55.3711,36.3867,36.3867,0,0,13.732779,732434144
13.682623,55.3711,36.3867,36.3867,0,0,13.732779,732434144
13.684597,55.3711,36.3867,36.3867,0,0,13.732779,732434144
13.686573,55.3711,36.3867,36.3867,0,0,13.732779,732434144
13.688645,55.3711,36.5625,36.5625,0,0,13.732779,732434144
13.690618,55.3711,36.5625,36.5625,0,0,13.732779,732434144
13.692594,55.5469,36.3867,36.3867,0,0,13.732779,732434144
13.694572,55.5469,36.3867,36.3867,0,0,13.732779,732434144
13.696644,55.5469,36.3867,36.3867,0,0,13.732779,732434144
13.698618,55.7227,36.2109,36.2109,0,0,13.732779,732434144
13.700594,55.8984,36.2109,36.2109,0,0,13.732779,732434144
13.702572,55.8984,36.0352,36.0352,0,0,13.732779,732434144
13.707236,56.0742,35.6836,35.6836,0,0,13.732779,732434144
13.707511,56.0742,35.6836,35.6836,0,0,13.732779,732434144
13.708604,56.2500,35.5078,35.5078,0,0,13.732779,732434144
13.710577,56.4258,35.3320,35.3320,0,0,13.732779,732434144
13.712619,56.4258,34.9805,34.9805,0,0,13.732779,732434144
13.714660,56.6016,34.8047,34.8047,0,0,13.732779,732434144
13.716653,56.7773,34.6289,34.6289,0,0,13.732779,732434144
13.719228,56.9531,34.1016,34.1016,0,0,13.732779,732434144
13.723595,57.3047,33.3984,33.3984,0,0,13.989005,732671271
13.724184,57.4805,33.3984,33.3984,0,0,13.989005,732671271
13.724621,57.4805,33.3984,33.3984,0,0,13.989005,732671271
13.726630,57.6562,32.8711,32.8711,0,0,13.989005,732671271
13.728643,57.8320,32.5195,32.5195,0,0,13.989005,732671271
13.730592,58.0078,32.1680,32.1680,0,0,13.989005,732671271
13.732610,58.1836,31.8164,31.8164,0,0,13.989005,732671271
13.734564,58.5352,31.2891,31.2891,0,0,13.989005,732671271
13.736604,58.7109,30.9375,30.9375,0,0,13.989005,732671271
13.738632,58.8867,30.4102,30.4102,0,0,13.989005,732671271
13.740627,59.2383,29.8828,29.8828,0,0,13.989005,732671271
13.742637,59.4141,29.3555,29.3555,0,0,13.989005,732671271
13.744667,59.7656,29.0039,29.0039,0,0,13.989005,732671271
13.746605,59.9414,28.4766,28.4766,0,0,13.989005,732671271
13.748586,60.2930,27.9492,27.9492,0,0,13.989005,732671271
13.750595,60.4688,27.2461,27.2461,0,0,13.989005,732671271
13.752575,60.8203,26.7188,26.7188,0,0,13.989005,732671271
13.754579,61.1719,26.1914,26.1914,0,0,13.989005,732671271
13.756656,61.5234,25.4883,25.4883,0,0,13.989005,732671271
13.758656,61.6992,24.9609,24.9609,0,0,13.989005,732671271
13.760632,62.0508,24.2578,24.2578,0,0,13.989005,732671271
13.762612,62.4023,23.7305,23.7305,0,0,13.989005,732671271
13.764595,62.7539,23.0273,23.0273,0,0,13.989005,732671271
13.766616,63.1055,22.3242,22.3242,0,0,13.989005,732671271
13.768595,63.4570,21.6211,21.6211,0,0,13.989005,732671271
13.770575,63.8086,20.9180,20.9180,0,0,13.989005,732671271
13.772654,64.1602,20.2148,20.2148,0,0,13.989005,732671271
13.774624,64.5117,19.5117,19.5117,0,0,13.989005,732671271
13.776607,64.8633,18.8086,18.8086,0,0,13.989005,732671271
13.778623,65.2148,18.1055,18.1055,0,0,13.989005,732671271
13.780616,65.7422,17.4023,17.4023,0,0,13.989005,732671271
13.782619,66.0938,16.5234,16.5234,0,0,13.989005,732671271
13.784600,66.4453,15.8203,15.8203,0,0,13.989005,732671271
13.786613,66.7969,15.1172,15.1172,0,0,13.989005,732671271
13.788632,67.3242,14.2383,14.2383,0,0,13.989005,732671271
13.790629,67.6758,13.5352,13.5352,0,0,13.989005,732671271
13.792609,68.0273,12.8320,12.8320,0,0,13.989005,732671271
13.794595,68.5547,11.9531,11.9531,0,0,13.989005,732671271
13.796635,68.9062,11.0742,11.0742,0,0,13.989005,732671271
13.798575,69.2578,10.3711,10.3711,0,0,13.989005,732671271
13.800600,69.6094,9.6680,9.6680,0,0,13.989005,732671271
13.802578,69.9609,8.9648,8.9648,0,0,13.989005,732671271
13.807740,71.0156,6.8555,6.8555,0,0,13.989005,732671271
13.808058,71.1914,6.8555,6.8555,0,0,13.989005,732671271
13.808569,71.3672,6.6797,6.6797,0,0,13.989005,732671271
13.810641,71.7188,5.8008,5.8008,0,0,13.989005,732671271
13.812614,72.0703,5.0977,5.0977,0,0,13.989005,732671271
13.814592,72.4219,4.3945,4.3945,0,0,13.989005,732671271
13.816569,72.7734,3.6914,3.6914,0,0,13.989005,732671271
13.818641,73.1250,2.9883,2.9883,0,0,13.989005,732671271
13.820614,73.4766,2.2852,2.2852,0,0,13.989005,732671271
13.822592,73.8281,1.5820,1.5820,0,0,13.989005,732671271
13.824569,74.1797,0.8789,0.8789,0,0,13.989005,732671271
13.826641,74.5312,0.1758,0.1758,0,0,13.989005,732671271
13.828614,74.8828,-0.5273,-0.5273,0,0,13.989005,732671271
13.830592,75.2344,-1.2305,-1.2305,0,0,13.989005,732671271
13.832569,75.5859,-1.7578,-1.7578,0,0,13.989005,732671271
13.834641,75.9375,-2.4609,-2.4609,0,0,13.989005,732671271
13.836614,76.1133,-2.9883,-2.9883,0,0,13.989005,732671271
13.838592,76.4648,-3.6914,-3.6914,0,0,13.989005,732671271
13.840569,76.6406,-4.2188,-4.2188,0,0,13.989005,732671271
13.842641,76.9922,-4.7461,-4.7461,0,0,13.989005,732671271
13.844614,77.1680,-5.2734,-5.2734,0,0,13.989005,732671271
13.846592,77.5195,-5.8008,-5.8008,0,0,13.989005,732671271
13.848569,77.6953,-6.3281,-6.3281,0,0,13.989005,732671271
13.850641,78.0469,-6.8555,-6.8555,0,0,13.989005,732671271
13.852614,78.2227,-7.3828,-7.3828,0,0,13.989005,732671271
13.854592,78.3984,-7.9102,-7.9102,0,0,13.989005,732671271
13.856569,78.5742,-8.2617,-8.2617,0,0,13.989005,732671271
13.858641,78.9258,-8.6133,-8.6133,0,0,13.989005,732671271
13.860614,79.1016,-9.1406,-9.1406,0,0,13.989005,732671271
13.862592,79.2773,-9.4922,-9.4922,0,0,13.989005,732671271
13.864569,79.4531,-9.8438,-9.8438,0,0,13.989005,732671271
13.866641,79.6289,-10.1953,-10.1953,0,0,13.989005,732671271
13.868614,79.8047,-10.5469,-10.5469,0,0,13.989005,732671271
13.870592,79.8047,-10.8984,-10.8984,0,0,13.989005,732671271
13.872569,79.9805,-11.0742,-11.0742,0,0,13.989005,732671271
13.874641,80.1562,-11.4258,-11.4258,0,0,13.989005,732671271
13.876613,80.3320,-11.7773,-11.7773,0,0,13.989005,732671271
13.878592,80.3320,-11.9531,-11.9531,0,0,13.989005,732671271
13.880592,80.5078,-12.1289,-12.1289,0,0,13.989005,732671271
13.882589,80.5078,-12.3047,-12.3047,0,0,13.989005,732671271
13.884564,80.6836,-12.4805,-12.4805,0,0,13.989005,732671271
13.886636,80.6836,-12.6562,-12.6562,0,0,13.989005,732671271
13.888612,80.6836,-12.8320,-12.8320,0,0,13.989005,732671271
13.890592,80.8594,-13.0078,-13.0078,0,0,13.989005,732671271
13.892569,80.8594,-13.0078,-13.0078,0,0,13.989005,732671271
13.894641,80.8594,-13.1836,-13.1836,0,0,13.989005,732671271
13.896614,81.0352,-13.1836,-13.1836,0,0,13.989005,732671271
13.898592,81.0352,-13.1836,-13.1836,0,0,13.989005,732671271
13.900569,81.0352,-13.3594,-13.3594,0,0,13.989005,732671271
13.902641,81.0352,-13.3594,-13.3594,0,0,13.989005,732671271
13.907330,81.0352,-13.1836,-13.1836,0,0,13.989005,732671271
13.907603,81.0352,-13.1836,-13.1836,0,0,13.989005,732671271
13.908596,81.0352,-13.1836,-13.1836,0,0,13.989005,732671271
13.910573,81.0352,-13.1836,-13.1836,0,0,13.989005,732671271
13.912646,81.0352,-13.0078,-13.0078,0,0,13.989005,732671271
13.914619,80.8594,-13.0078,-13.0078,0,0,13.989005,732671271
13.916595,80.8594,-12.8320,-12.8320,0,0,13.989005,732671271
13.918573,80.8594,-12.8320,-12.8320,0,0,13.989005,732671271
13.920650,80.6836,-12.4805,-12.4805,0,0,13.989005,732671271
13.922626,80.6836,-12.3047,-12.3047,0,0,13.989005,732671271
13.924604,80.5078,-12.1289,-12.1289,0,0,13.989005,732671271
13.926580,80.5078,-11.9531,-11.9531,0,0,13.989005,732671271
13.928655,80.3320,-11.7773,-11.7773,0,0,13.989005,732671271
13.930631,80.3320,-11.4258,-11.4258,0,0,13.989005,732671271
13.932607,80.1562,-11.2500,-11.2500,0,0,13.989005,732671271
13.934609,79.9805,-10.8984,-10.8984,0,0,13.989005,732671271
13.936594,79.9805,-10.7227,-10.7227,0,0,13.989005,732671271
13.938607,79.8047,-10.3711,-10.3711,0,0,13.989005,732671271
13.940598,79.6289,-10.0195,-10.0195,0,0,13.989005,732671271
13.942619,79.4531,-9.6680,-9.6680,0,0,13.989005,732671271
13.944672,79.2773,-9.3164,-9.3164,0,0,13.989005,732671271
13.946651,79.1016,-8.7891,-8.7891,0,0,13.989005,732671271
13.948573,78.9258,-8.4375,-8.4375,0,0,13.989005,732671271
13.950646,78.7500,-8.0859,-8.0859,0,0,13.989005,732671271
13.952569,78.5742,-7.5586,-7.5586,0,0,13.989005,732671271
13.954604,78.3984,-7.2070,-7.2070,0,0,13.989005,732671271
13.956659,78.2227,-6.6797,-6.6797,0,0,13.989005,732671271
13.960826,77.6953,-5.4492,-5.4492,0,0,14.227248,732927479
13.961397,77.6953,-5.4492,-5.4492,0,0,14.227248,732927479
13.962590,77.5195,-5.0977,-5.0977,0,0,14.227248,732927479
13.964567,77.1680,-4.5703,-4.5703,0,0,14.227248,732927479
13.966606,76.9922,-4.0430,-4.0430,0,0,14.227248,732927479
13.968571,76.8164,-3.5156,-3.5156,0,0,14.227248,732927479
13.970628,76.4648,-2.9883,-2.9883,0,0,14.227248,732927479
13.972594,76.2891,-2.2852,-2.2852,0,0,14.227248,732927479
13.974594,75.9375,-1.7578,-1.7578,0,0,14.227248,732927479
13.976653,75.7617,-1.0547,-1.0547,0,0,14.227248,732927479
13.978591,75.4102,-0.5273,-0.5273,0,0,14.227248,732927479
13.980652,75.0586,0.1758,0.1758,0,0,14.227248,732927479
13.982634,74.8828,0.8789,0.8789,0,0,14.227248,732927479
13.984599,74.5312,1.4062,1.4062,0,0,14.227248,732927479
13.986660,74.1797,2.1094,2.1094,0,0,14.227248,732927479
13.988626,73.8281,2.8125,2.8125,0,0,14.227248,732927479
13.990649,73.6523,3.5156,3.5156,0,0,14.227248,732927479
13.992653,73.3008,4.0430,4.0430,0,0,14.227248,732927479
13.994593,72.9492,4.7461,4.7461,0,0,14.227248,732927479
13.996660,72.5977,5.4492,5.4492,0,0,14.227248,732927479
13.998656,72.2461,6.1523,6.1523,0,0,14.227248,732927479
14.000642,72.0703,6.8555,6.8555,0,0,14.227248,732927479
14.002614,71.7188,7.5586,7.5586,0,0,14.227248,732927479
14.007708,70.8398,9.4922,9.4922,0,0,14.227248,732927479
14.008022,70.8398,9.4922,9.4922,0,0,14.227248,732927479
14.008662,70.6641,9.8438,9.8438,0,0,14.227248,732927479
14.010600,70.3125,10.5469,10.5469,0,0,14.227248,732927479
14.012585,69.9609,11.0742,11.0742,0,0,14.227248,732927479
14.014644,69.6094,11.9531,11.9531,0,0,14.227248,732927479
14.016606,69.4336,12.6562,12.6562,0,0,14.227248,732927479
14.018570,69.0820,13.1836,13.1836,0,0,14.227248,732927479
14.020628,68.7305,14.0625,14.0625,0,0,14.227248,732927479
14.022594,68.3789,14.5898,14.5898,0,0,14.227248,732927479
14.024653,68.0273,15.2930,15.2930,0,0,14.227248,732927479
14.026617,67.8516,15.9961,15.9961,0,0,14.227248,732927479
14.028586,67.5000,16.6992,16.6992,0,0,14.227248,732927479
14.030644,67.1484,17.4023,17.4023,0,0,14.227248,732927479
14.032606,66.9727,18.1055,18.1055,0,0,14.227248,732927479
14.034570,66.6211,18.6328,18.6328,0,0,14.227248,732927479
14.036628,66.2695,19.3359,19.3359,0,0,14.227248,732927479
14.038594,66.0938,20.0391,20.0391,0,0,14.227248,732927479
14.040653,65.7422,20.5664,20.5664,0,0,14.227248,732927479
14.042617,65.5664,21.2695,21.2695,0,0,14.227248,732927479
14.044586,65.2148,21.7969,21.7969,0,0,14.227248,732927479
14.046644,65.0391,22.3242,22.3242,0,0,14.227248,732927479
14.048606,64.6875,22.8516,22.8516,0,0,14.227248,732927479
14.050570,64.5117,23.3789,23.3789,0,0,14.227248,732927479
14.052628,64.3359,24.0820,24.0820,0,0,14.227248,732927479
14.054594,64.1602,24.4336,24.4336,0,0,14.227248,732927479
14.056653,63.8086,24.9609,24.9609,0,0,14.227248,732927479
14.058617,63.6328,25.4883,25.4883,0,0,14.227248,732927479
14.060586,63.4570,26.0156,26.0156,0,0,14.227248,732927479
14.062644,63.2812,26.5430,26.5430,0,0,14.227248,732927479
14.064606,63.1055,26.8945,26.8945,0,0,14.227248,732927479
14.066570,62.9297,27.2461,27.2461,0,0,14.227248,732927479
14.068628,62.9297,27.7734,27.7734,0,0,14.227248,732927479
14.070594,62.7539,28.1250,28.1250,0,0,14.227248,732927479
14.072653,62.5781,28.4766,28.4766,0,0,14.227248,732927479
14.074617,62.4023,28.8281,28.8281,0,0,14.227248,732927479
14.076586,62.2266,29.1797,29.1797,0,0,14.227248,732927479
14.078644,62.2266,29.5312,29.5312,0,0,14.227248,732927479
14.080673,62.0508,29.8828,29.8828,0,0,14.227248,732927479
14.082585,62.0508,30.0586,30.0586,0,0,14.227248,732927479
14.084644,61.8750,30.4102,30.4102,0,0,14.227248,732927479
14.086606,61.8750,30.7617,30.7617,0,0,14.227248,732927479
14.088570,61.6992,30.9375,30.9375,0,0,14.227248,732927479
14.090628,61.6992,31.1133,31.1133,0,0,14.227248,732927479
14.092594,61.5234,31.4648,31.4648,0,0,14.227248,732927479
14.094653,61.5234,31.4648,31.4648,0,0,14.227248,732927479
14.096617,61.5234,31.8164,31.8164,0,0,14.227248,732927479
14.098586,61.5234,31.9922,31.9922,0,0,14.227248,732927479
14.100644,61.5234,31.9922,31.9922,0,0,14.227248,732927479
14.102606,61.5234,32.1680,32.1680,0,0,14.227248,732927479
14.107272,61.5234,32.3438,32.3438,0,0,14.227248,732927479
14.107544,61.5234,32.3438,32.3438,0,0,14.227248,732927479
14.108628,61.5234,32.5195,32.5195,0,0,14.227248,732927479
14.110594,61.5234,32.5195,32.5195,0,0,14.227248,732927479
14.112653,61.5234,32.5195,32.5195,0,0,14.227248,732927479
14.114617,61.5234,32.5195,32.5195,0,0,14.227248,732927479
14.116586,61.5234,32.5195,32.5195,0,0,14.227248,732927479
14.118644,61.5234,32.5195,32.5195,0,0,14.227248,732927479
14.120606,61.5234,32.5195,32.5195,0,0,14.227248,732927479
14.122570,61.6992,32.5195,32.5195,0,0,14.227248,732927479
14.124628,61.6992,32.3438,32.3438,0,0,14.227248,732927479
14.126594,61.6992,32.1680,32.1680,0,0,14.227248,732927479
14.128653,61.8750,32.1680,32.1680,0,0,14.227248,732927479
14.130617,61.8750,31.9922,31.9922,0,0,14.227248,732927479
14.132586,62.0508,31.8164,31.8164,0,0,14.227248,732927479
14.134644,62.2266,31.6406,31.6406,0,0,14.227248,732927479
14.136606,62.2266,31.4648,31.4648,0,0,14.227248,732927479
14.138570,62.4023,31.2891,31.2891,0,0,14.227248,732927479
14.140628,62.4023,31.1133,31.1133,0,0,14.227248,732927479
14.142594,62.5781,30.9375,30.9375,0,0,14.227248,732927479
14.144653,62.7539,30.5859,30.5859,0,0,14.227248,732927479
14.146617,62.9297,30.4102,30.4102,0,0,14.227248,732927479
14.148586,63.1055,30.0586,30.0586,0,0,14.227248,732927479
14.150644,63.2812,29.8828,29.8828,0,0,14.227248,732927479
14.152606,63.4570,29.5312,29.5312,0,0,14.227248,732927479
14.154570,63.6328,29.1797,29.1797,0,0,14.227248,732927479
14.156628,63.6328,28.8281,28.8281,0,0,14.227248,732927479
14.158594,63.9844,28.4766,28.4766,0,0,14.227248,732927479
14.160653,64.1602,28.1250,28.1250,0,0,14.227248,732927479
14.162617,64.3359,27.7734,27.7734,0,0,14.227248,732927479
14.164586,64.5117,27.2461,27.2461,0,0,14.227248,732927479
14.166644,64.6875,26.8945,26.8945,0,0,14.227248,732927479
14.168606,65.0391,26.5430,26.5430,0,0,14.227248,732927479
14.170570,65.2148,26.0156,26.0156,0,0,14.227248,732927479
14.172628,65.3906,25.6641,25.6641,0,0,14.227248,732927479
14.174594,65.7422,25.1367,25.1367,0,0,14.227248,732927479
14.176653,65.9180,24.6094,24.6094,0,0,14.227248,732927479
14.178617,66.0938,24.0820,24.0820,0,0,14.227248,732927479
14.180586,66.4453,23.7305,23.7305,0,0,14.227248,732927479
14.182603,66.6211,23.0273,23.0273,0,0,14.227248,732927479
14.184571,66.9727,22.6758,22.6758,0,0,14.227248,732927479
14.186644,67.3242,21.9727,21.9727,0,0,14.227248,732927479
14.188606,67.5000,21.4453,21.4453,0,0,14.227248,732927479
14.190570,67.8516,20.9180,20.9180,0,0,14.227248,732927479
14.192628,68.2031,20.3906,20.3906,0,0,14.227248,732927479
14.194594,68.3789,19.8633,19.8633,0,0,14.227248,732927479
14.196653,68.7305,19.1602,19.1602,0,0,14.227248,732927479
14.198617,69.0820,18.6328,18.6328,0,0,14.227248,732927479
14.200586,69.2578,17.9297,17.9297,0,0,14.227248,732927479
14.202644,69.6094,17.4023,17.4023,0,0,14.227248,732927479
14.207573,70.4883,15.8203,15.8203,0,0,14.227248,732927479
14.207847,70.4883,15.6445,15.6445,0,0,14.227248,732927479
14.208647,70.6641,15.4688,15.4688,0,0,14.227248,732927479
14.210607,71.0156,14.7656,14.7656,0,0,14.227248,732927479
14.212695,71.3672,14.2383,14.2383,0,0,14.227248,732927479
14.216843,72.0703,12.8320,12.8320,0,0,14.505621,733194824
14.217497,72.0703,12.4805,12.4805,0,0,14.505621,733194824
14.218590,72.2461,12.3047,12.3047,0,0,14.505621,733194824
14.220564,72.5977,11.6016,11.6016,0,0,14.505621,733194824
14.222646,72.9492,10.8984,10.8984,0,0,14.505621,733194824
14.224622,73.3008,10.1953,10.1953,0,0,14.505621,733194824
14.226570,73.6523,9.6680,9.6680,0,0,14.505621,733194824
14.228575,74.0039,8.9648,8.9648,0,0,14.505621,733194824
14.230572,74.1797,8.2617,8.2617,0,0,14.505621,733194824
14.232581,74.5312,7.7344,7.7344,0,0,14.505621,733194824
14.234668,74.8828,7.0312,7.0312,0,0,14.505621,733194824
14.236832,75.2344,6.3281,6.3281,0,0,14.505621,733194824
14.238615,75.5859,5.8008,5.8008,0,0,14.505621,733194824
14.240571,75.9375,5.2734,5.2734,0,0,14.505621,733194824
14.242585,76.2891,4.5703,4.5703,0,0,14.505621,733194824
14.244644,76.4648,4.0430,4.0430,0,0,14.505621,733194824
14.246606,76.8164,3.3398,3.3398,0,0,14.505621,733194824
14.248570,76.9922,2.8125,2.8125,0,0,14.505621,733194824
14.250628,77.3438,2.2852,2.2852,0,0,14.505621,733194824
14.252594,77.6953,1.7578,1.7578,0,0,14.505621,733194824
14.254581,77.8711,1.0547,1.0547,0,0,14.505621,733194824
14.256653,78.2227,0.5273,0.5273,0,0,14.505621,733194824
14.258630,78.3984,0.0000,0.0000,0,0,14.505621,733194824
14.260607,78.7500,-0.5273,-0.5273,0,0,14.505621,733194824
14.262586,78.9258,-1.0547,-1.0547,0,0,14.505621,733194824
14.264657,79.1016,-1.5820,-1.5820,0,0,14.505621,733194824
14.266631,79.4531,-1.9336,-1.9336,0,0,14.505621,733194824
14.268607,79.6289,-2.4609,-2.4609,0,0,14.505621,733194824
14.270586,79.8047,-2.9883,-2.9883,0,0,14.505621,733194824
14.272657,79.9805,-3.3398,-3.3398,0,0,14.505621,733194824
14.274631,80.1562,-3.6914,-3.6914,0,0,14.505621,733194824
14.276607,80.5078,-4.2188,-4.2188,0,0,14.505621,733194824
14.278586,80.5078,-4.5703,-4.5703,0,0,14.505621,733194824
14.280657,80.6836,-4.9219,-4.9219,0,0,14.505621,733194824
14.282650,80.8594,-5.2734,-5.2734,0,0,14.505621,733194824
14.284626,81.0352,-5.6250,-5.6250,0,0,14.505621,733194824
14.286620,81.2109,-5.9766,-5.9766,0,0,14.505621,733194824
14.288597,81.3867,-6.3281,-6.3281,0,0,14.505621,733194824
14.290610,81.5625,-6.6797,-6.6797,0,0,14.505621,733194824
14.292589,81.5625,-6.8555,-6.8555,0,0,14.505621,733194824
14.294564,81.7383,-7.2070,-7.2070,0,0,14.505621,733194824
14.296636,81.9141,-7.3828,-7.3828,0,0,14.505621,733194824
14.298612,81.9141,-7.5586,-7.5586,0,0,14.505621,733194824
14.300592,82.0898,-7.9102,-7.9102,0,0,14.505621,733194824
14.302569,82.0898,-8.0859,-8.0859,0,0,14.505621,733194824
14.307730,82.2656,-8.4375,-8.4375,0,0,14.505621,733194824
14.308049,82.2656,-8.6133,-8.6133,0,0,14.505621,733194824
14.308654,82.2656,-8.6133,-8.6133,0,0,14.505621,733194824
14.310631,82.4414,-8.6133,-8.6133,0,0,14.505621,733194824
14.312607,82.4414,-8.7891,-8.7891,0,0,14.505621,733194824
14.314586,82.4414,-8.9648,-8.9648,0,0,14.505621,733194824
14.316657,82.4414,-8.9648,-8.9648,0,0,14.505621,733194824
14.318631,82.6172,-8.9648,-8.9648,0,0,14.505621,733194824
14.320607,82.6172,-9.1406,-9.1406,0,0,14.505621,733194824
14.322586,82.6172,-9.1406,-9.1406,0,0,14.505621,733194824
14.324657,82.6172,-9.1406,-9.1406,0,0,14.505621,733194824
14.326631,82.6172,-9.1406,-9.1406,0,0,14.505621,733194824
14.328607,82.6172,-9.1406,-9.1406,0,0,14.505621,733194824
14.330586,82.6172,-9.1406,-9.1406,0,0,14.505621,733194824
14.332657,82.4414,-8.9648,-8.9648,0,0,14.505621,733194824
14.334631,82.4414,-8.9648,-8.9648,0,0,14.505621,733194824
14.336607,82.4414,-8.7891,-8.7891,0,0,14.505621,733194824
14.338586,82.2656,-8.7891,-8.7891,0,0,14.505621,733194824
14.340657,82.2656,-8.6133,-8.6133,0,0,14.505621,733194824
14.342631,82.2656,-8.6133,-8.6133,0,0,14.505621,733194824
14.344607,82.0898,-8.2617,-8.2617,0,0,14.505621,733194824
14.346586,82.0898,-8.2617,-8.2617,0,0,14.505621,733194824
14.348657,81.9141,-8.0859,-8.0859,0,0,14.505621,733194824
14.350631,81.9141,-7.9102,-7.9102,0,0,14.505621,733194824
14.352607,81.7383,-7.5586,-7.5586,0,0,14.505621,733194824
14.354586,81.5625,-7.3828,-7.3828,0,0,14.505621,733194824
14.356657,81.5625,-7.2070,-7.2070,0,0,14.505621,733194824
14.358631,81.3867,-6.8555,-6.8555,0,0,14.505621,733194824
14.360607,81.2109,-6.5039,-6.5039,0,0,14.505621,733194824
14.362586,81.0352,-6.3281,-6.3281,0,0,14.505621,733194824
14.364657,80.8594,-5.9766,-5.9766,0,0,14.505621,733194824
14.366631,80.6836,-5.6250,-5.6250,0,0,14.505621,733194824
14.368607,80.6836,-5.2734,-5.2734,0,0,14.505621,733194824
14.370586,80.5078,-4.9219,-4.9219,0,0,14.505621,733194824
14.372657,80.3320,-4.5703,-4.5703,0,0,14.505621,733194824
14.374631,79.9805,-4.2188,-4.2188,0,0,14.505621,733194824
14.376607,79.8047,-3.8672,-3.8672,0,0,14.505621,733194824
14.378586,79.8047,-3.3398,-3.3398,0,0,14.505621,733194824
14.380657,79.4531,-2.9883,-2.9883,0,0,14.505621,733194824
14.382650,79.2773,-2.6367,-2.6367,0,0,14.505621,733194824
14.384626,79.1016,-2.1094,-2.1094,0,0,14.505621,733194824
14.386604,78.9258,-1.7578,-1.7578,0,0,14.505621,733194824
14.388627,78.5742,-1.2305,-1.2305,0,0,14.505621,733194824
14.390630,78.3984,-0.7031,-0.7031,0,0,14.505621,733194824
14.392607,78.2227,-0.1758,-0.1758,0,0,14.505621,733194824
14.394586,77.8711,0.1758,0.1758,0,0,14.505621,733194824
14.396657,77.6953,0.8789,0.8789,0,0,14.505621,733194824
14.398631,77.3438,1.2305,1.2305,0,0,14.505621,733194824
14.400607,77.1680,1.7578,1.7578,0,0,14.505621,733194824
14.402586,76.9922,2.2852,2.2852,0,0,14.505621,733194824
14.407263,76.2891,3.6914,3.6914,0,0,14.505621,733194824
14.407534,76.2891,3.6914,3.6914,0,0,14.505621,733194824
14.408624,76.1133,4.0430,4.0430,0,0,14.505621,733194824
14.410600,75.7617,4.5703,4.5703,0,0,14.505621,733194824
14.412578,75.5859,5.0977,5.0977,0,0,14.505621,733194824
14.414654,75.2344,5.8008,5.8008,0,0,14.505621,733194824
14.416631,74.8828,6.1523,6.1523,0,0,14.505621,733194824
14.418607,74.7070,6.8555,6.8555,0,0,14.505621,733194824
14.420586,74.3555,7.3828,7.3828,0,0,14.505621,733194824
14.422657,74.1797,8.0859,8.0859,0,0,14.505621,733194824
14.424631,73.8281,8.6133,8.6133,0,0,14.505621,733194824
14.426607,73.4766,9.1406,9.1406,0,0,14.505621,733194824
14.428586,73.3008,9.6680,9.6680,0,0,14.505621,733194824
14.430657,72.9492,10.3711,10.3711,0,0,14.505621,733194824
14.432631,72.7734,10.8984,10.8984,0,0,14.505621,733194824
14.434607,72.4219,11.6016,11.6016,0,0,14.505621,733194824
14.436586,72.0703,12.1289,12.1289,0,0,14.505621,733194824
14.438657,71.7188,12.6562,12.6562,0,0,14.505621,733194824
14.440631,71.5430,13.1836,13.1836,0,0,14.505621,733194824
14.442607,71.3672,13.8867,13.8867,0,0,14.505621,733194824
14.444586,71.0156,14.4141,14.4141,0,0,14.505621,733194824
14.446657,70.6641,14.9414,14.9414,0,0,14.505621,733194824
14.448571,70.4883,15.6445,15.6445,0,0,14.505621,733194824
14.450662,70.1367,15.9961,15.9961,0,0,14.505621,733194824
14.452658,69.9609,16.6992,16.6992,0,0,14.505621,733194824
14.454631,69.6094,17.2266,17.2266,0,0,14.505621,733194824
14.456607,69.4336,17.7539,17.7539,0,0,14.505621,733194824
14.458586,69.2578,18.2812,18.2812,0,0,14.505621,733194824
14.460657,68.9062,18.8086,18.8086,0,0,14.505621,733194824
14.462631,68.7305,19.3359,19.3359,0,0,14.505621,733194824
14.464607,68.5547,19.6875,19.6875,0,0,14.505621,733194824
14.466586,68.2031,20.2148,20.2148,0,0,14.505621,733194824
14.468657,68.0273,20.7422,20.7422,0,0,14.505621,733194824
14.470631,67.8516,21.2695,21.2695,0,0,14.505621,733194824
14.472607,67.6758,21.6211,21.6211,0,0,14.505621,733194824
14.474611,67.5000,21.9727,21.9727,0,0,14.505621,733194824
14.476595,67.3242,22.5000,22.5000,0,0,14.505621,733194824
14.478626,67.1484,22.8516,22.8516,0,0,14.505621,733194824
14.480569,66.9727,23.2031,23.2031,0,0,14.505621,733194824
14.484175,66.6211,23.9062,23.9062,0,0,14.746805,733449132
14.484837,66.6211,24.0820,24.0820,0,0,14.746805,733449132
14.486607,66.4453,24.4336,24.4336,0,0,14.746805,733449132
14.488586,66.2695,24.7852,24.7852,0,0,14.746805,733449132
14.490578,66.0938,24.9609,24.9609,0,0,14.746805,733449132
14.492656,65.9180,25.3125,25.3125,0,0,14.746805,733449132
14.494592,65.9180,25.6641,25.6641,0,0,14.746805,733449132
14.496575,65.7422,25.8398,25.8398,0,0,14.746805,733449132
14.498628,65.7422,26.1914,26.1914,0,0,14.746805,733449132
14.500609,65.5664,26.5430,26.5430,0,0,14.746805,733449132
14.502624,65.3906,26.7188,26.7188,0,0,14.746805,733449132
14.507769,65.2148,27.2461,27.2461,0,0,14.746805,733449132
14.508080,65.2148,27.2461,27.2461,0,0,14.746805,733449132
14.508589,65.2148,27.2461,27.2461,0,0,14.746805,733449132
14.510589,65.0391,27.5977,27.5977,0,0,14.746805,733449132
14.512664,65.0391,27.7734,27.7734,0,0,14.746805,733449132
14.514664,65.0391,27.9492,27.9492,0,0,14.746805,733449132
14.516610,65.0391,27.9492,27.9492,0,0,14.746805,733449132
14.518647,65.0391,28.1250,28.1250,0,0,14.746805,733449132
14.520584,64.8633,28.3008,28.3008,0,0,14.746805,733449132
14.522653,64.8633,28.3008,28.3008,0,0,14.746805,733449132
14.524629,64.8633,28.4766,28.4766,0,0,14.746805,733449132
14.526607,64.8633,28.4766,28.4766,0,0,14.746805,733449132
14.528586,64.8633,28.4766,28.4766,0,0,14.746805,733449132
14.530657,64.8633,28.4766,28.4766,0,0,14.746805,733449132
14.532631,64.8633,28.4766,28.4766,0,0,14.746805,733449132
14.534607,64.8633,28.4766,28.4766,0,0,14.746805,733449132
14.536585,64.8633,28.4766,28.4766,0,0,14.746805,733449132
14.538657,64.8633,28.4766,28.4766,0,0,14.746805,733449132
14.540631,64.8633,28.4766,28.4766,0,0,14.746805,733449132
14.542607,65.0391,28.4766,28.4766,0,0,14.746805,733449132
14.544585,65.0391,28.3008,28.3008,0,0,14.746805,733449132
14.546657,65.0391,28.3008,28.3008,0,0,14.746805,733449132
14.548631,65.2148,28.1250,28.1250,0,0,14.746805,733449132
14.550607,65.2148,27.9492,27.9492,0,0,14.746805,733449132
14.552585,65.2148,27.7734,27.7734,0,0,14.746805,733449132
14.554657,65.3906,27.7734,27.7734,0,0,14.746805,733449132
14.556631,65.3906,27.5977,27.5977,0,0,14.746805,733449132
14.558607,65.5664,27.2461,27.2461,0,0,14.746805,733449132
14.560585,65.7422,27.0703,27.0703,0,0,14.746805,733449132
14.562657,65.7422,26.8945,26.8945,0,0,14.746805,733449132
14.564631,65.9180,26.7188,26.7188,0,0,14.746805,733449132
14.566607,66.0938,26.5430,26.5430,0,0,14.746805,733449132
14.568585,66.0938,26.1914,26.1914,0,0,14.746805,733449132
14.570657,66.2695,25.8398,25.8398,0,0,14.746805,733449132
14.572631,66.4453,25.6641,25.6641,0,0,14.746805,733449132
14.574607,66.6211,25.4883,25.4883,0,0,14.746805,733449132
14.576585,66.7969,25.1367,25.1367,0,0,14.746805,733449132
14.578657,66.9727,24.7852,24.7852,0,0,14.746805,733449132
14.580631,67.1484,24.4336,24.4336,0,0,14.746805,733449132
14.582629,67.1484,24.0820,24.0820,0,0,14.746805,733449132
14.584607,67.3242,23.7305,23.7305,0,0,14.746805,733449132
14.586586,67.5000,23.3789,23.3789,0,0,14.746805,733449132
14.588657,67.8516,23.0273,23.0273,0,0,14.746805,733449132
14.590631,67.8516,22.6758,22.6758,0,0,14.746805,733449132
14.592565,68.2031,22.1484,22.1484,0,0,14.746805,733449132
14.594570,68.3789,21.7969,21.7969,0,0,14.746805,733449132
14.596642,68.5547,21.4453,21.4453,0,0,14.746805,733449132
14.598614,68.7305,20.9180,20.9180,0,0,14.746805,733449132
14.600592,68.9062,20.5664,20.5664,0,0,14.746805,733449132
14.602608,69.2578,20.0391,20.0391,0,0,14.746805,733449132
14.607359,69.7852,18.9844,18.9844,0,0,14.746805,733449132
14.607649,69.7852,18.9844,18.9844,0,0,14.746805,733449132
14.608646,69.9609,18.6328,18.6328,0,0,14.746805,733449132
14.610619,70.1367,18.1055,18.1055,0,0,14.746805,733449132
14.612595,70.3125,17.7539,17.7539,0,0,14.746805,733449132
14.614573,70.6641,17.2266,17.2266,0,0,14.746805,733449132
14.616650,70.8398,16.6992,16.6992,0,0,14.746805,733449132
14.618626,71.0156,16.1719,16.1719,0,0,14.746805,733449132
14.620604,71.3672,15.6445,15.6445,0,0,14.746805,733449132
14.622579,71.5430,15.1172,15.1172,0,0,14.746805,733449132
14.624655,71.8945,14.5898,14.5898,0,0,14.746805,733449132
14.626631,72.0703,14.2383,14.2383,0,0,14.746805,733449132
14.628607,72.4219,13.5352,13.5352,0,0,14.746805,733449132
14.630585,72.5977,13.0078,13.0078,0,0,14.746805,733449132
14.632657,72.9492,12.4805,12.4805,0,0,14.746805,733449132
14.634631,73.1250,11.9531,11.9531,0,0,14.746805,733449132
14.636607,73.4766,11.4258,11.4258,0,0,14.746805,733449132
14.638585,73.6523,10.8984,10.8984,0,0,14.746805,733449132
14.640657,74.0039,10.3711,10.3711,0,0,14.746805,733449132
14.642631,74.1797,9.8438,9.8438,0,0,14.746805,733449132
14.644607,74.5312,9.3164,9.3164,0,0,14.746805,733449132
14.646585,74.7070,8.7891,8.7891,0,0,14.746805,733449132
14.648657,74.8828,8.2617,8.2617,0,0,14.746805,733449132
14.650631,75.2344,7.7344,7.7344,0,0,14.746805,733449132
14.652607,75.5859,7.2070,7.2070,0,0,14.746805,733449132
14.654585,75.7617,6.6797,6.6797,0,0,14.746805,733449132
14.656657,75.9375,6.1523,6.1523,0,0,14.746805,733449132
14.658631,76.2891,5.8008,5.8008,0,0,14.746805,733449132
14.660607,76.4648,5.2734,5.2734,0,0,14.746805,733449132
14.662585,76.6406,4.7461,4.7461,0,0,14.746805,733449132
14.664657,76.9922,4.2188,4.2188,0,0,14.746805,733449132
14.666631,77.1680,3.8672,3.8672,0,0,14.746805,733449132
14.668607,77.3438,3.3398,3.3398,0,0,14.746805,733449132
14.670585,77.5195,2.9883,2.9883,0,0,14.746805,733449132
14.672657,77.6953,2.4609,2.4609,0,0,14.746805,733449132
14.674631,77.8711,1.9336,1.9336,0,0,14.746805,733449132
14.676607,78.2227,1.5820,1.5820,0,0,14.746805,733449132
14.678585,78.3984,1.0547,1.0547,0,0,14.746805,733449132
14.680657,78.5742,0.7031,0.7031,0,0,14.746805,733449132
14.682650,78.7500,0.3516,0.3516,0,0,14.746805,733449132
14.684626,78.9258,0.0000,0.0000,0,0,14.746805,733449132
14.686605,79.1016,-0.3516,-0.3516,0,0,14.746805,733449132
14.688580,79.2773,-0.8789,-0.8789,0,0,14.746805,733449132
14.690653,79.2773,-1.0547,-1.0547,0,0,14.746805,733449132
14.692629,79.4531,-1.5820,-1.5820,0,0,14.746805,733449132
14.694607,79.6289,-1.7578,-1.7578,0,0,14.746805,733449132
14.696651,79.8047,-2.1094,-2.1094,0,0,14.746805,733449132
14.698627,79.8047,-2.4609,-2.4609,0,0,14.746805,733449132
14.700631,79.9805,-2.6367,-2.6367,0,0,14.746805,733449132
14.702607,80.1562,-2.9883,-2.9883,0,0,14.746805,733449132
14.707292,80.3320,-3.5156,-3.5156,0,0,14.746805,733449132
14.707564,80.3320,-3.6914,-3.6914,0,0,14.746805,733449132
14.708654,80.5078,-3.6914,-3.6914,0,0,14.746805,733449132
14.710630,80.5078,-3.8672,-3.8672,0,0,14.746805,733449132
14.712607,80.5078,-4.0430,-4.0430,0,0,14.746805,733449132
14.714586,80.6836,-4.3945,-4.3945,0,0,14.746805,733449132
14.716657,80.6836,-4.5703,-4.5703,0,0,14.746805,733449132
14.718631,80.8594,-4.5703,-4.5703,0,0,14.746805,733449132
14.720607,80.8594,-4.7461,-4.7461,0,0,14.746805,733449132
14.722585,80.8594,-4.9219,-4.9219,0,0,14.746805,733449132
14.724606,80.8594,-5.0977,-5.0977,0,0,14.746805,733449132
14.726615,80.8594,-5.0977,-5.0977,0,0,14.746805,733449132
14.728592,81.0352,-5.2734,-5.2734,0,0,14.746805,733449132
14.730596,81.0352,-5.2734,-5.2734,0,0,14.746805,733449132
14.732652,81.0352,-5.2734,-5.2734,0,0,14.746805,733449132
14.734611,81.0352,-5.4492,-5.4492,0,0,14.746805,733449132
14.738672,81.0352,-5.4492,-5.4492,0,0,14.987130,733686002
14.739208,81.0352,-5.4492,-5.4492,0,0,14.987130,733686002
14.740613,81.0352,-5.4492,-5.4492,0,0,14.987130,733686002
14.742614,80.8594,-5.4492,-5.4492,0,0,14.987130,733686002
14.744634,80.8594,-5.4492,-5.4492,0,0,14.987130,733686002
14.746605,80.8594,-5.4492,-5.4492,0,0,14.987130,733686002
14.748630,80.8594,-5.2734,-5.2734,0,0,14.987130,733686002
14.750609,80.6836,-5.2734,-5.2734,0,0,14.987130,733686002
14.752632,80.6836,-5.0977,-5.0977,0,0,14.987130,733686002
14.754937,80.6836,-5.0977,-5.0977,0,0,14.987130,733686002
14.756596,80.5078,-4.9219,-4.9219,0,0,14.987130,733686002
14.758635,80.5078,-4.7461,-4.7461,0,0,14.987130,733686002
14.760626,80.5078,-4.7461,-4.7461,0,0,14.987130,733686002
14.762634,80.3320,-4.5703,-4.5703,0,0,14.987130,733686002
14.764638,80.1562,-4.3945,-4.3945,0,0,14.987130,733686002
14.766659,80.1562,-4.2188,-4.2188,0,0,14.987130,733686002
14.768578,79.9805,-4.0430,-4.0430,0,0,14.987130,733686002
14.770654,79.8047,-3.8672,-3.8672,0,0,14.987130,733686002
14.772631,79.8047,-3.6914,-3.6914,0,0,14.987130,733686002
14.774607,79.6289,-3.3398,-3.3398,0,0,14.987130,733686002
14.776586,79.4531,-3.1641,-3.1641,0,0,14.987130,733686002
14.778657,79.2773,-2.9883,-2.9883,0,0,14.987130,733686002
14.780631,79.2773,-2.6367,-2.6367,0,0,14.987130,733686002
14.782626,79.1016,-2.2852,-2.2852,0,0,14.987130,733686002
14.784604,78.9258,-2.1094,-2.1094,0,0,14.987130,733686002
14.786579,78.7500,-1.7578,-1.7578,0,0,14.987130,733686002
14.788655,78.5742,-1.4062,-1.4062,0,0,14.987130,733686002
14.790631,78.3984,-1.0547,-1.0547,0,0,14.987130,733686002
14.792607,78.2227,-0.8789,-0.8789,0,0,14.987130,733686002
14.794586,78.0469,-0.3516,-0.3516,0,0,14.987130,733686002
14.796657,77.8711,-0.1758,-0.1758,0,0,14.987130,733686002
14.798636,77.6953,0.3516,0.3516,0,0,14.987130,733686002
14.800613,77.5195,0.7031,0.7031,0,0,14.987130,733686002
14.802628,77.3438,1.0547,1.0547,0,0,14.987130,733686002
14.807790,76.6406,2.1094,2.1094,0,0,14.987130,733686002
14.808108,76.6406,2.1094,2.1094,0,0,14.987130,733686002
14.808618,76.6406,2.2852,2.2852,0,0,14.987130,733686002
14.810594,76.4648,2.6367,2.6367,0,0,14.987130,733686002
14.812573,76.2891,3.1641,3.1641,0,0,14.987130,733686002
14.814646,75.9375,3.5156,3.5156,0,0,14.987130,733686002
14.816619,75.7617,3.8672,3.8672,0,0,14.987130,733686002
14.818595,75.5859,4.3945,4.3945,0,0,14.987130,733686002
14.820573,75.2344,4.7461,4.7461,0,0,14.987130,733686002
14.822650,75.0586,5.2734,5.2734,0,0,14.987130,733686002
14.824626,74.8828,5.8008,5.8008,0,0,14.987130,733686002
14.826604,74.5312,6.1523,6.1523,0,0,14.987130,733686002
14.828580,74.3555,6.6797,6.6797,0,0,14.987130,733686002
14.830655,74.1797,7.2070,7.2070,0,0,14.987130,733686002
14.832631,73.8281,7.5586,7.5586,0,0,14.987130,733686002
14.834607,73.6523,8.0859,8.0859,0,0,14.987130,733686002
14.836586,73.4766,8.6133,8.6133,0,0,14.987130,733686002
14.838657,73.1250,8.9648,8.9648,0,0,14.987130,733686002
14.840631,72.9492,9.4922,9.4922,0,0,14.987130,733686002
14.842607,72.7734,10.0195,10.0195,0,0,14.987130,733686002
14.844586,72.4219,10.3711,10.3711,0,0,14.987130,733686002
14.846657,72.2461,10.8984,10.8984,0,0,14.987130,733686002
14.848631,71.8945,11.4258,11.4258,0,0,14.987130,733686002
14.850607,71.7188,11.7773,11.7773,0,0,14.987130,733686002
14.852586,71.5430,12.3047,12.3047,0,0,14.987130,733686002
14.854657,71.1914,12.8320,12.8320,0,0,14.987130,733686002
14.856631,71.0156,13.1836,13.1836,0,0,14.987130,733686002
14.858607,70.8398,13.7109,13.7109,0,0,14.987130,733686002
14.860586,70.6641,14.2383,14.2383,0,0,14.987130,733686002
14.862657,70.3125,14.5898,14.5898,0,0,14.987130,733686002
14.864631,70.1367,15.1172,15.1172,0,0,14.987130,733686002
14.866607,69.9609,15.4688,15.4688,0,0,14.987130,733686002
14.868586,69.6094,15.9961,15.9961,0,0,14.987130,733686002
14.870657,69.4336,16.3477,16.3477,0,0,14.987130,733686002
14.872631,69.2578,16.6992,16.6992,0,0,14.987130,733686002
14.874607,69.0820,17.2266,17.2266,0,0,14.987130,733686002
14.876586,68.9062,17.5781,17.5781,0,0,14.987130,733686002
14.878657,68.7305,17.9297,17.9297,0,0,14.987130,733686002
14.880631,68.5547,18.4570,18.4570,0,0,14.987130,733686002
14.882616,68.3789,18.8086,18.8086,0,0,14.987130,733686002
14.884592,68.2031,19.1602,19.1602,0,0,14.987130,733686002
14.886569,68.0273,19.5117,19.5117,0,0,14.987130,733686002
14.888641,67.8516,19.8633,19.8633,0,0,14.987130,733686002
14.890614,67.6758,20.2148,20.2148,0,0,14.987130,733686002
14.892592,67.5000,20.5664,20.5664,0,0,14.987130,733686002
14.894569,67.3242,20.7422,20.7422,0,0,14.987130,733686002
14.896641,67.1484,21.0938,21.0938,0,0,14.987130,733686002
14.898614,67.1484,21.4453,21.4453,0,0,14.987130,733686002
14.900631,66.9727,21.6211,21.6211,0,0,14.987130,733686002
14.902607,66.7969,21.9727,21.9727,0,0,14.987130,733686002
14.907304,66.4453,22.5000,22.5000,0,0,14.987130,733686002
14.907576,66.4453,22.6758,22.6758,0,0,14.987130,733686002
14.908569,66.4453,22.6758,22.6758,0,0,14.987130,733686002
14.910642,66.4453,22.8516,22.8516,0,0,14.987130,733686002
14.912614,66.2695,23.0273,23.0273,0,0,14.987130,733686002
14.914592,66.0938,23.3789,23.3789,0,0,14.987130,733686002
14.916569,66.0938,23.5547,23.5547,0,0,14.987130,733686002
14.918641,66.0938,23.7305,23.7305,0,0,14.987130,733686002
14.920614,65.9180,23.9062,23.9062,0,0,14.987130,733686002
14.922592,65.9180,24.0820,24.0820,0,0,14.987130,733686002
14.924569,65.9180,24.0820,24.0820,0,0,14.987130,733686002
14.926641,65.7422,24.2578,24.2578,0,0,14.987130,733686002
14.928614,65.7422,24.4336,24.4336,0,0,14.987130,733686002
14.930592,65.7422,24.4336,24.4336,0,0,14.987130,733686002
14.932569,65.7422,24.4336,24.4336,0,0,14.987130,733686002
14.934641,65.7422,24.6094,24.6094,0,0,14.987130,733686002
14.936614,65.7422,24.7852,24.7852,0,0,14.987130,733686002
14.938592,65.5664,24.7852,24.7852,0,0,14.987130,733686002
14.940569,65.5664,24.7852,24.7852,0,0,14.987130,733686002
14.942641,65.5664,24.7852,24.7852,0,0,14.987130,733686002
14.944614,65.5664,24.7852,24.7852,0,0,14.987130,733686002
14.946592,65.5664,24.7852,24.7852,0,0,14.987130,733686002
14.948569,65.5664,24.7852,24.7852,0,0,14.987130,733686002
14.950641,65.7422,24.7852,24.7852,0,0,14.987130,733686002
14.952614,65.7422,24.7852,24.7852,0,0,14.987130,733686002
14.954592,65.7422,24.6094,24.6094,0,0,14.987130,733686002
14.956633,65.7422,24.6094,24.6094,0,0,14.987130,733686002
14.958576,65.7422,24.4336,24.4336,0,0,14.987130,733686002
14.960626,65.9180,24.4336,24.4336,0,0,14.987130,733686002
14.962604,65.9180,24.2578,24.2578,0,0,14.987130,733686002
14.964580,65.9180,24.0820,24.0820,0,0,14.987130,733686002
14.966655,66.0938,24.0820,24.0820,0,0,14.987130,733686002
14.968604,66.0938,23.9062,23.9062,0,0,14.987130,733686002
14.970917,66.2695,23.7305,23.7305,0,0,14.987130,733686002
14.976056,66.4453,23.2031,23.2031,0,0,15.222212,733927086
14.976596,66.4453,23.2031,23.2031,0,0,15.222212,733927086
14.976892,66.4453,23.2031,23.2031,0,0,15.222212,733927086
14.978658,66.6211,23.0273,23.0273,0,0,15.222212,733927086
14.980840,66.6211,22.6758,22.6758,0,0,15.222212,733927086
14.982649,66.7969,22.5000,22.5000,0,0,15.222212,733927086
14.984576,66.9727,22.3242,22.3242,0,0,15.222212,733927086
14.986633,66.9727,22.1484,22.1484,0,0,15.222212,733927086
14.988598,67.1484,21.7969,21.7969,0,0,15.222212,733927086
14.990628,67.3242,21.6211,21.6211,0,0,15.222212,733927086
14.992635,67.3242,21.2695,21.2695,0,0,15.222212,733927086
14.994674,67.5000,20.9180,20.9180,0,0,15.222212,733927086
14.996666,67.6758,20.7422,20.7422,0,0,15.222212,733927086
14.998652,67.8516,20.3906,20.3906,0,0,15.222212,733927086
15.000568,68.0273,20.0391,20.0391,0,0,15.222212,733927086
15.002632,68.2031,19.6875,19.6875,0,0,15.222212,733927086
15.007779,68.5547,18.8086,18.8086,0,0,15.222212,733927086
15.008093,68.5547,18.8086,18.8086,0,0,15.222212,733927086
15.008603,68.5547,18.8086,18.8086,0,0,15.222212,733927086
15.010570,68.7305,18.4570,18.4570,0,0,15.222212,733927086
15.012628,69.0820,18.1055,18.1055,0,0,15.222212,733927086
15.014594,69.2578,17.7539,17.7539,0,0,15.222212,733927086
15.016653,69.4336,17.2266,17.2266,0,0,15.222212,733927086
15.018617,69.6094,16.8750,16.8750,0,0,15.222212,733927086
15.020586,69.7852,16.5234,16.5234,0,0,15.222212,733927086
15.022644,69.9609,15.9961,15.9961,0,0,15.222212,733927086
15.024606,70.1367,15.6445,15.6445,0,0,15.222212,733927086
15.026570,70.3125,15.2930,15.2930,0,0,15.222212,733927086
15.028628,70.4883,14.9414,14.9414,0,0,15.222212,733927086
15.030594,70.6641,14.5898,14.5898,0,0,15.222212,733927086
15.032653,70.8398,14.0625,14.0625,0,0,15.222212,733927086
15.034617,71.1914,13.7109,13.7109,0,0,15.222212,733927086
15.036586,71.3672,13.1836,13.1836,0,0,15.222212,733927086
15.038644,71.5430,12.8320,12.8320,0,0,15.222212,733927086
15.040606,71.7188,12.4805,12.4805,0,0,15.222212,733927086
15.042570,71.8945,11.9531,11.9531,0,0,15.222212,733927086
15.044628,72.0703,11.6016,11.6016,0,0,15.222212,733927086
15.046594,72.2461,11.0742,11.0742,0,0,15.222212,733927086
15.048653,72.5977,10.7227,10.7227,0,0,15.222212,733927086
15.050617,72.7734,10.3711,10.3711,0,0,15.222212,733927086
15.052586,72.9492,9.8438,9.8438,0,0,15.222212,733927086
15.054644,73.1250,9.4922,9.4922,0,0,15.222212,733927086
15.056606,73.3008,8.9648,8.9648,0,0,15.222212,733927086
15.058570,73.4766,8.6133,8.6133,0,0,15.222212,733927086
15.060628,73.8281,8.2617,8.2617,0,0,15.222212,733927086
15.062594,74.0039,7.9102,7.9102,0,0,15.222212,733927086
15.064653,74.1797,7.3828,7.3828,0,0,15.222212,733927086
15.066617,74.3555,7.0312,7.0312,0,0,15.222212,733927086
15.068586,74.5312,6.6797,6.6797,0,0,15.222212,733927086
15.070644,74.7070,6.1523,6.1523,0,0,15.222212,733927086
15.072606,74.8828,5.8008,5.8008,0,0,15.222212,733927086
15.074570,75.0586,5.4492,5.4492,0,0,15.222212,733927086
15.076628,75.2344,5.0977,5.0977,0,0,15.222212,733927086
15.078594,75.4102,4.7461,4.7461,0,0,15.222212,733927086
15.080653,75.5859,4.3945,4.3945,0,0,15.222212,733927086
15.082632,75.7617,4.0430,4.0430,0,0,15.222212,733927086
15.084596,75.9375,3.6914,3.6914,0,0,15.222212,733927086
15.086657,76.1133,3.3398,3.3398,0,0,15.222212,733927086
15.088621,76.2891,2.9883,2.9883,0,0,15.222212,733927086
15.090585,76.2891,2.6367,2.6367,0,0,15.222212,733927086
15.092644,76.4648,2.2852,2.2852,0,0,15.222212,733927086
15.094606,76.6406,1.9336,1.9336,0,0,15.222212,733927086
15.096570,76.8164,1.7578,1.7578,0,0,15.222212,733927086
15.098628,76.8164,1.4062,1.4062,0,0,15.222212,733927086
15.100594,76.9922,1.0547,1.0547,0,0,15.222212,733927086
15.102653,77.1680,0.8789,0.8789,0,0,15.222212,733927086
15.107219,77.3438,0.3516,0.3516,0,0,15.222212,733927086
15.107495,77.3438,0.3516,0.3516,0,0,15.222212,733927086
15.108579,77.3438,0.1758,0.1758,0,0,15.222212,733927086
15.110571,77.5195,-0.1758,-0.1758,0,0,15.222212,733927086
15.112628,77.6953,-0.3516,-0.3516,0,0,15.222212,733927086
15.114594,77.6953,-0.5273,-0.5273,0,0,15.222212,733927086
15.116653,77.6953,-0.7031,-0.7031,0,0,15.222212,733927086
15.118617,77.8711,-0.8789,-0.8789,0,0,15.222212,733927086
15.120586,77.8711,-1.0547,-1.0547,0,0,15.222212,733927086
15.122644,77.8711,-1.2305,-1.2305,0,0,15.222212,733927086
15.124606,78.0469,-1.4062,-1.4062,0,0,15.222212,733927086
15.126570,78.0469,-1.5820,-1.5820,0,0,15.222212,733927086
15.128628,78.0469,-1.5820,-1.5820,0,0,15.222212,733927086
15.130594,78.0469,-1.7578,-1.7578,0,0,15.222212,733927086
15.132653,78.2227,-1.7578,-1.7578,0,0,15.222212,733927086
15.134617,78.2227,-1.9336,-1.9336,0,0,15.222212,733927086
15.136586,78.2227,-1.9336,-1.9336,0,0,15.222212,733927086
15.138644,78.2227,-1.9336,-1.9336,0,0,15.222212,733927086
15.140606,78.2227,-2.1094,-2.1094,0,0,15.222212,733927086
15.142570,78.2227,-2.1094,-2.1094,0,0,15.222212,733927086
15.144628,78.2227,-2.1094,-2.1094,0,0,15.222212,733927086
15.146594,78.2227,-2.2852,-2.2852,0,0,15.222212,733927086
15.148653,78.2227,-2.2852,-2.2852,0,0,15.222212,733927086
15.150617,78.2227,-2.2852,-2.2852,0,0,15.222212,733927086
15.152586,78.2227,-2.2852,-2.2852,0,0,15.222212,733927086
15.154644,78.0469,-2.1094,-2.1094,0,0,15.222212,733927086
15.156606,78.0469,-2.1094,-2.1094,0,0,15.222212,733927086
15.158570,78.0469,-1.9336,-1.9336,0,0,15.222212,733927086
15.160628,78.0469,-1.9336,-1.9336,0,0,15.222212,733927086
15.162594,77.8711,-1.9336,-1.9336,0,0,15.222212,733927086
15.164653,77.8711,-1.7578,-1.7578,0,0,15.222212,733927086
15.166617,77.6953,-1.7578,-1.7578,0,0,15.222212,733927086
15.168586,77.6953,-1.5820,-1.5820,0,0,15.222212,733927086
15.170644,77.6953,-1.4062,-1.4062,0,0,15.222212,733927086
15.172606,77.5195,-1.2305,-1.2305,0,0,15.222212,733927086
15.174570,77.5195,-1.2305,-1.2305,0,0,15.222212,733927086
15.176628,77.3438,-1.0547,-1.0547,0,0,15.222212,733927086
15.178594,77.3438,-0.8789,-0.8789,0,0,15.222212,733927086
15.180653,77.1680,-0.7031,-0.7031,0,0,15.222212,733927086
15.182626,76.9922,-0.5273,-0.5273,0,0,15.222212,733927086
15.184594,76.9922,-0.3516,-0.3516,0,0,15.222212,733927086
15.186653,76.8164,-0.1758,-0.1758,0,0,15.222212,733927086
15.188617,76.6406,0.1758,0.1758,0,0,15.222212,733927086
15.190586,76.6406,0.3516,0.3516,0,0,15.222212,733927086
15.192644,76.4648,0.5273,0.5273,0,0,15.222212,733927086
15.194606,76.2891,0.8789,0.8789,0,0,15.222212,733927086
15.196570,76.2891,1.0547,1.0547,0,0,15.222212,733927086
15.198628,76.1133,1.2305,1.2305,0,0,15.222212,733927086
15.200594,75.9375,1.5820,1.5820,0,0,15.222212,733927086
15.202664,75.7617,1.9336,1.9336,0,0,15.222212,733927086
15.207632,75.4102,2.6367,2.6367,0,0,15.222212,733927086
15.207906,75.4102,2.6367,2.6367,0,0,15.222212,733927086
15.208645,75.2344,2.8125,2.8125,0,0,15.222212,733927086
15.210604,75.0586,2.9883,2.9883,0,0,15.222212,733927086
15.212645,75.0586,3.3398,3.3398,0,0,15.222212,733927086
15.216458,74.7070,4.0430,4.0430,0,0,15.466323,734172642
15.217110,74.5312,4.0430,4.0430,0,0,15.466323,734172642
15.218646,74.5312,4.3945,4.3945,0,0,15.466323,734172642
15.220565,74.3555,4.5703,4.5703,0,0,15.466323,734172642
15.222655,74.1797,5.0977,5.0977,0,0,15.466323,734172642
15.224608,74.0039,5.2734,5.2734,0,0,15.466323,734172642
15.226570,73.8281,5.6250,5.6250,0,0,15.466323,734172642
15.228621,73.6523,5.9766,5.9766,0,0,15.466323,734172642
15.230742,73.4766,6.5039,6.5039,0,0,15.466323,734172642
15.232594,73.3008,6.6797,6.6797,0,0,15.466323,734172642
15.234572,73.1250,7.2070,7.2070,0,0,15.466323,734172642
15.236645,72.7734,7.5586,7.5586,0,0,15.466323,734172642
15.238581,72.7734,7.9102,7.9102,0,0,15.466323,734172642
15.240601,72.4219,8.2617,8.2617,0,0,15.466323,734172642
15.242604,72.2461,8.6133,8.6133,0,0,15.466323,734172642
15.244579,72.0703,8.9648,8.9648,0,0,15.466323,734172642
15.246653,71.8945,9.3164,9.3164,0,0,15.466323,734172642
15.248629,71.7188,9.6680,9.6680,0,0,15.466323,734172642
15.250607,71.5430,10.1953,10.1953,0,0,15.466323,734172642
15.252586,71.3672,10.3711,10.3711,0,0,15.466323,734172642
15.254657,71.1914,10.8984,10.8984,0,0,15.466323,734172642
15.256631,71.0156,11.2500,11.2500,0,0,15.466323,734172642
15.258607,70.8398,11.6016,11.6016,0,0,15.466323,734172642
15.260586,70.6641,11.9531,11.9531,0,0,15.466323,734172642
15.262657,70.4883,12.3047,12.3047,0,0,15.466323,734172642
15.264631,70.3125,12.6562,12.6562,0,0,15.466323,734172642
15.266607,70.1367,13.0078,13.0078,0,0,15.466323,734172642
15.268586,69.9609,13.3594,13.3594,0,0,15.466323,734172642
15.270657,69.7852,13.7109,13.7109,0,0,15.466323,734172642
15.272631,69.6094,14.0625,14.0625,0,0,15.466323,734172642
15.274607,69.4336,14.4141,14.4141,0,0,15.466323,734172642
15.276586,69.2578,14.7656,14.7656,0,0,15.466323,734172642
15.278657,69.0820,15.1172,15.1172,0,0,15.466323,734172642
15.280631,68.9062,15.2930,15.2930,0,0,15.466323,734172642
15.282626,68.7305,15.6445,15.6445,0,0,15.466323,734172642
15.284604,68.5547,15.9961,15.9961,0,0,15.466323,734172642
15.286580,68.5547,16.3477,16.3477,0,0,15.466323,734172642
15.288655,68.3789,16.6992,16.6992,0,0,15.466323,734172642
15.290631,68.2031,16.8750,16.8750,0,0,15.466323,734172642
15.292607,68.0273,17.2266,17.2266,0,0,15.466323,734172642
15.294586,67.8516,17.4023,17.4023,0,0,15.466323,734172642
15.296657,67.8516,17.7539,17.7539,0,0,15.466323,734172642
15.298631,67.6758,17.9297,17.9297,0,0,15.466323,734172642
15.300607,67.5000,18.2812,18.2812,0,0,15.466323,734172642
15.302586,67.5000,18.4570,18.4570,0,0,15.466323,734172642
15.307744,67.1484,19.1602,19.1602,0,0,15.466323,734172642
15.308063,67.1484,19.1602,19.1602,0,0,15.466323,734172642
15.308570,67.1484,19.1602,19.1602,0,0,15.466323,734172642
15.310570,67.1484,19.3359,19.3359,0,0,15.466323,734172642
15.312585,66.9727,19.5117,19.5117,0,0,15.466323,734172642
15.314657,66.9727,19.8633,19.8633,0,0,15.466323,734172642
15.316631,66.7969,20.0391,20.0391,0,0,15.466323,734172642
15.318607,66.7969,20.0391,20.0391,0,0,15.466323,734172642
15.320586,66.6211,20.2148,20.2148,0,0,15.466323,734172642
15.322657,66.6211,20.3906,20.3906,0,0,15.466323,734172642
15.324631,66.6211,20.5664,20.5664,0,0,15.466323,734172642
15.326607,66.4453,20.7422,20.7422,0,0,15.466323,734172642
15.328586,66.4453,20.7422,20.7422,0,0,15.466323,734172642
15.330657,66.4453,20.9180,20.9180,0,0,15.466323,734172642
15.332631,66.4453,20.9180,20.9180,0,0,15.466323,734172642
15.334607,66.4453,21.0938,21.0938,0,0,15.466323,734172642
15.336586,66.4453,21.2695,21.2695,0,0,15.466323,734172642
15.338657,66.4453,21.2695,21.2695,0,0,15.466323,734172642
15.340631,66.2695,21.2695,21.2695,0,0,15.466323,734172642
15.342607,66.2695,21.4453,21.4453,0,0,15.466323,734172642
15.344586,66.2695,21.4453,21.4453,0,0,15.466323,734172642
15.346657,66.2695,21.4453,21.4453,0,0,15.466323,734172642
15.348631,66.2695,21.4453,21.4453,0,0,15.466323,734172642
15.350607,66.2695,21.4453,21.4453,0,0,15.466323,734172642
15.352586,66.2695,21.4453,21.4453,0,0,15.466323,734172642
15.354657,66.2695,21.4453,21.4453,0,0,15.466323,734172642
15.356631,66.4453,21.4453,21.4453,0,0,15.466323,734172642
15.358607,66.4453,21.4453,21.4453,0,0,15.466323,734172642
15.360586,66.4453,21.2695,21.2695,0,0,15.466323,734172642
15.362657,66.4453,21.2695,21.2695,0,0,15.466323,734172642
15.364631,66.4453,21.2695,21.2695,0,0,15.466323,734172642
15.366607,66.6211,21.0938,21.0938,0,0,15.466323,734172642
15.368586,66.6211,20.9180,20.9180,0,0,15.466323,734172642
15.370657,66.6211,20.9180,20.9180,0,0,15.466323,734172642
15.372631,66.7969,20.7422,20.7422,0,0,15.466323,734172642
15.374607,66.7969,20.7422,20.7422,0,0,15.466323,734172642
15.376586,66.7969,20.5664,20.5664,0,0,15.466323,734172642
15.378657,66.9727,20.3906,20.3906,0,0,15.466323,734172642
15.380631,66.9727,20.2148,20.2148,0,0,15.466323,734172642
15.382616,67.1484,20.2148,20.2148,0,0,15.466323,734172642
15.384592,67.1484,20.0391,20.0391,0,0,15.466323,734172642
15.386569,67.3242,19.8633,19.8633,0,0,15.466323,734172642
15.388641,67.3242,19.6875,19.6875,0,0,15.466323,734172642
15.390614,67.5000,19.5117,19.5117,0,0,15.466323,734172642
15.392592,67.6758,19.3359,19.3359,0,0,15.466323,734172642
15.394569,67.6758,19.1602,19.1602,0,0,15.466323,734172642
15.396641,67.8516,18.8086,18.8086,0,0,15.466323,734172642
15.398614,67.8516,18.6328,18.6328,0,0,15.466323,734172642
15.400592,68.0273,18.4570,18.4570,0,0,15.466323,734172642
15.402569,68.2031,18.1055,18.1055,0,0,15.466323,734172642
15.407232,68.5547,17.5781,17.5781,0,0,15.466323,734172642
15.407506,68.5547,17.5781,17.5781,0,0,15.466323,734172642
15.408596,68.5547,17.4023,17.4023,0,0,15.466323,734172642
15.410575,68.7305,17.2266,17.2266,0,0,15.466323,734172642
15.412605,68.9062,16.8750,16.8750,0,0,15.466323,734172642
15.414582,68.9062,16.6992,16.6992,0,0,15.466323,734172642
15.416636,69.0820,16.3477,16.3477,0,0,15.466323,734172642
15.418612,69.2578,15.9961,15.9961,0,0,15.466323,734172642
15.420592,69.4336,15.8203,15.8203,0,0,15.466323,734172642
15.422569,69.6094,15.4688,15.4688,0,0,15.466323,734172642
15.424641,69.6094,15.2930,15.2930,0,0,15.466323,734172642
15.426614,69.7852,14.9414,14.9414,0,0,15.466323,734172642
15.428592,69.9609,14.5898,14.5898,0,0,15.466323,734172642
15.430569,70.1367,14.4141,14.4141,0,0,15.466323,734172642
15.432571,70.3125,14.0625,14.0625,0,0,15.466323,734172642
15.434604,70.4883,13.7109,13.7109,0,0,15.466323,734172642
15.436618,70.6641,13.3594,13.3594,0,0,15.466323,734172642
15.438594,70.8398,13.0078,13.0078,0,0,15.466323,734172642
15.440573,71.0156,12.8320,12.8320,0,0,15.466323,734172642
15.442646,71.1914,12.4805,12.4805,0,0,15.466323,734172642
15.444659,71.3672,12.1289,12.1289,0,0,15.466323,734172642
15.446628,71.3672,11.7773,11.7773,0,0,15.466323,734172642
15.448605,71.5430,11.4258,11.4258,0,0,15.466323,734172642
15.450581,71.7188,11.0742,11.0742,0,0,15.466323,734172642
15.452653,71.8945,10.8984,10.8984,0,0,15.466323,734172642
15.454629,72.0703,10.5469,10.5469,0,0,15.466323,734172642
15.456655,72.2461,10.1953,10.1953,0,0,15.466323,734172642
15.458615,72.4219,9.8438,9.8438,0,0,15.466323,734172642
15.462221,72.7734,9.3164,9.3164,0,0,15.704374,734402928
15.462774,72.7734,9.1406,9.1406,0,0,15.704374,734402928
15.464637,72.9492,8.9648,8.9648,0,0,15.704374,734402928
15.466659,73.1250,8.6133,8.6133,0,0,15.704374,734402928
15.468564,73.1250,8.2617,8.2617,0,0,15.704374,734402928
15.470570,73.4766,7.9102,7.9102,0,0,15.704374,734402928
15.472641,73.4766,7.5586,7.5586,0,0,15.704374,734402928
15.474989,73.6523,7.3828,7.3828,0,0,15.704374,734402928
15.476623,73.8281,7.0312,7.0312,0,0,15.704374,734402928
15.478629,74.0039,6.6797,6.6797,0,0,15.704374,734402928
15.480650,74.1797,6.5039,6.5039,0,0,15.704374,734402928
15.482645,74.1797,6.1523,6.1523,0,0,15.704374,734402928
15.484666,74.3555,5.9766,5.9766,0,0,15.704374,734402928
15.486653,74.5312,5.6250,5.6250,0,0,15.704374,734402928
15.488629,74.7070,5.4492,5.4492,0,0,15.704374,734402928
15.490607,74.7070,5.0977,5.0977,0,0,15.704374,734402928
15.492586,74.8828,4.7461,4.7461,0,0,15.704374,734402928
15.494657,75.0586,4.5703,4.5703,0,0,15.704374,734402928
15.496631,75.0586,4.3945,4.3945,0,0,15.704374,734402928
15.498651,75.2344,4.0430,4.0430,0,0,15.704374,734402928
15.500627,75.2344,3.8672,3.8672,0,0,15.704374,734402928
15.502604,75.4102,3.6914,3.6914,0,0,15.704374,734402928
15.507770,75.5859,3.1641,3.1641,0,0,15.704374,734402928
15.508084,75.7617,3.1641,3.1641,0,0,15.704374,734402928
15.508594,75.7617,3.1641,3.1641,0,0,15.704374,734402928
15.510573,75.7617,2.9883,2.9883,0,0,15.704374,734402928
15.512646,75.9375,2.6367,2.6367,0,0,15.704374,734402928
15.514607,75.9375,2.4609,2.4609,0,0,15.704374,734402928
15.516627,76.1133,2.4609,2.4609,0,0,15.704374,734402928
15.518604,76.1133,2.2852,2.2852,0,0,15.704374,734402928
15.520579,76.1133,2.1094,2.1094,0,0,15.704374,734402928
15.522655,76.2891,1.9336,1.9336,0,0,15.704374,734402928
15.524631,76.2891,1.7578,1.7578,0,0,15.704374,734402928
15.526631,76.2891,1.7578,1.7578,0,0,15.704374,734402928
15.528607,76.2891,1.5820,1.5820,0,0,15.704374,734402928
15.530585,76.4648,1.4062,1.4062,0,0,15.704374,734402928
15.532657,76.4648,1.4062,1.4062,0,0,15.704374,734402928
15.534631,76.4648,1.2305,1.2305,0,0,15.704374,734402928
15.536607,76.4648,1.2305,1.2305,0,0,15.704374,734402928
15.538585,76.4648,1.0547,1.0547,0,0,15.704374,734402928
15.540657,76.4648,1.0547,1.0547,0,0,15.704374,734402928
15.542631,76.6406,1.0547,1.0547,0,0,15.704374,734402928
15.544607,76.6406,1.0547,1.0547,0,0,15.704374,734402928
15.546585,76.6406,1.0547,1.0547,0,0,15.704374,734402928
15.548657,76.6406,0.8789,0.8789,0,0,15.704374,734402928
15.550631,76.6406,0.8789,0.8789,0,0,15.704374,734402928
15.552607,76.6406,0.8789,0.8789,0,0,15.704374,734402928
15.554585,76.6406,0.8789,0.8789,0,0,15.704374,734402928
15.556657,76.6406,0.8789,0.8789,0,0,15.704374,734402928
15.558631,76.4648,1.0547,1.0547,0,0,15.704374,734402928
15.560607,76.4648,1.0547,1.0547,0,0,15.704374,734402928
15.562586,76.4648,1.0547,1.0547,0,0,15.704374,734402928
15.564657,76.4648,1.0547,1.0547,0,0,15.704374,734402928
15.566631,76.4648,1.2305,1.2305,0,0,15.704374,734402928
15.568607,76.2891,1.2305,1.2305,0,0,15.704374,734402928
15.570585,76.2891,1.2305,1.2305,0,0,15.704374,734402928
15.572657,76.2891,1.4062,1.4062,0,0,15.704374,734402928
15.574631,76.2891,1.5820,1.5820,0,0,15.704374,734402928
15.576607,76.1133,1.5820,1.5820,0,0,15.704374,734402928
15.578585,76.1133,1.7578,1.7578,0,0,15.704374,734402928
15.580657,75.9375,1.9336,1.9336,0,0,15.704374,734402928
15.582650,75.9375,1.9336,1.9336,0,0,15.704374,734402928
15.584626,75.9375,2.1094,2.1094,0,0,15.704374,734402928
15.586605,75.7617,2.2852,2.2852,0,0,15.704374,734402928
15.588580,75.7617,2.4609,2.4609,0,0,15.704374,734402928
15.590653,75.5859,2.6367,2.6367,0,0,15.704374,734402928
15.592629,75.5859,2.6367,2.6367,0,0,15.704374,734402928
15.594607,75.4102,2.9883,2.9883,0,0,15.704374,734402928
15.596586,75.4102,3.1641,3.1641,0,0,15.704374,734402928
15.598657,75.2344,3.3398,3.3398,0,0,15.704374,734402928
15.600631,75.2344,3.5156,3.5156,0,0,15.704374,734402928
15.602607,75.0586,3.6914,3.6914,0,0,15.704374,734402928
15.607275,74.8828,4.2188,4.2188,0,0,15.704374,734402928
15.607546,74.8828,4.2188,4.2188,0,0,15.704374,734402928
15.608636,74.7070,4.3945,4.3945,0,0,15.704374,734402928
15.610612,74.7070,4.5703,4.5703,0,0,15.704374,734402928
15.612592,74.5312,4.7461,4.7461,0,0,15.704374,734402928
15.614569,74.3555,4.9219,4.9219,0,0,15.704374,734402928
15.616607,74.3555,5.2734,5.2734,0,0,15.704374,734402928
15.618610,74.1797,5.4492,5.4492,0,0,15.704374,734402928
15.620588,74.0039,5.8008,5.8008,0,0,15.704374,734402928
15.622564,74.0039,5.9766,5.9766,0,0,15.704374,734402928
15.624636,73.8281,6.1523,6.1523,0,0,15.704374,734402928
15.626612,73.6523,6.5039,6.5039,0,0,15.704374,734402928
15.628592,73.4766,6.6797,6.6797,0,0,15.704374,734402928
15.630569,73.4766,7.0312,7.0312,0,0,15.704374,734402928
15.632641,73.3008,7.2070,7.2070,0,0,15.704374,734402928
15.634614,73.1250,7.5586,7.5586,0,0,15.704374,734402928
15.636592,72.9492,7.9102,7.9102,0,0,15.704374,734402928
15.638569,72.9492,8.0859,8.0859,0,0,15.704374,734402928
15.640641,72.7734,8.2617,8.2617,0,0,15.704374,734402928
15.642614,72.5977,8.6133,8.6133,0,0,15.704374,734402928
15.644592,72.4219,8.9648,8.9648,0,0,15.704374,734402928
15.646569,72.2461,9.1406,9.1406,0,0,15.704374,734402928
15.648641,72.2461,9.4922,9.4922,0,0,15.704374,734402928
15.650614,72.0703,9.6680,9.6680,0,0,15.704374,734402928
15.652592,71.8945,10.0195,10.0195,0,0,15.704374,734402928
15.654569,71.7188,10.3711,10.3711,0,0,15.704374,734402928
15.656641,71.7188,10.5469,10.5469,0,0,15.704374,734402928
15.658614,71.5430,10.8984,10.8984,0,0,15.704374,734402928
15.660592,71.3672,11.0742,11.0742,0,0,15.704374,734402928
15.662569,71.3672,11.4258,11.4258,0,0,15.704374,734402928
15.664641,71.1914,11.6016,11.6016,0,0,15.704374,734402928
15.666614,71.0156,11.9531,11.9531,0,0,15.704374,734402928
15.668592,70.8398,12.1289,12.1289,0,0,15.704374,734402928
15.670569,70.8398,12.4805,12.4805,0,0,15.704374,734402928
15.672641,70.6641,12.8320,12.8320,0,0,15.704374,734402928
15.674614,70.4883,13.0078,13.0078,0,0,15.704374,734402928
15.676592,70.4883,13.1836,13.1836,0,0,15.704374,734402928
15.678604,70.3125,13.5352,13.5352,0,0,15.704374,734402928
15.680639,70.1367,13.7109,13.7109,0,0,15.704374,734402928
15.682582,70.1367,13.8867,13.8867,0,0,15.704374,734402928
15.684617,69.9609,14.2383,14.2383,0,0,15.704374,734402928
15.686594,69.9609,14.4141,14.4141,0,0,15.704374,734402928
15.688604,69.7852,14.5898,14.5898,0,0,15.704374,734402928
15.692487,69.6094,15.1172,15.1172,0,0,15.941076,734639915
15.693030,69.6094,15.1172,15.1172,0,0,15.941076,734639915
15.694669,69.4336,15.2930,15.2930,0,0,15.941076,734639915
15.696615,69.4336,15.6445,15.6445,0,0,15.941076,734639915
15.698599,69.2578,15.8203,15.8203,0,0,15.941076,734639915
15.700591,69.2578,15.9961,15.9961,0,0,15.941076,734639915
15.702623,69.0820,16.1719,16.1719,0,0,15.941076,734639915
15.707757,68.9062,16.5234,16.5234,0,0,15.941076,734639915
15.708071,68.9062,16.5234,16.5234,0,0,15.941076,734639915
15.708578,68.9062,16.6992,16.6992,0,0,15.941076,734639915
15.710666,68.9062,16.8750,16.8750,0,0,15.941076,734639915
15.712854,68.7305,17.0508,17.0508,0,0,15.941076,734639915
15.714647,68.7305,17.2266,17.2266,0,0,15.941076,734639915
15.716588,68.7305,17.2266,17.2266,0,0,15.941076,734639915
15.718611,68.5547,17.4023,17.4023,0,0,15.941076,734639915
15.720640,68.5547,17.5781,17.5781,0,0,15.941076,734639915
15.722615,68.5547,17.7539,17.7539,0,0,15.941076,734639915
15.724654,68.5547,17.7539,17.7539,0,0,15.941076,734639915
15.726630,68.5547,17.9297,17.9297,0,0,15.941076,734639915
15.728607,68.5547,17.9297,17.9297,0,0,15.941076,734639915
15.730585,68.3789,18.1055,18.1055,0,0,15.941076,734639915
15.732586,68.3789,18.1055,18.1055,0,0,15.941076,734639915
15.734657,68.3789,18.1055,18.1055,0,0,15.941076,734639915
15.736631,68.3789,18.2812,18.2812,0,0,15.941076,734639915
15.738607,68.3789,18.2812,18.2812,0,0,15.941076,734639915
15.740585,68.3789,18.4570,18.4570,0,0,15.941076,734639915
15.742657,68.3789,18.4570,18.4570,0,0,15.941076,734639915
15.744631,68.3789,18.4570,18.4570,0,0,15.941076,734639915
15.746607,68.3789,18.4570,18.4570,0,0,15.941076,734639915
15.748585,68.3789,18.4570,18.4570,0,0,15.941076,734639915
15.750657,68.3789,18.4570,18.4570,0,0,15.941076,734639915
15.752631,68.3789,18.4570,18.4570,0,0,15.941076,734639915
15.754607,68.3789,18.4570,18.4570,0,0,15.941076,734639915
15.756585,68.3789,18.4570,18.4570,0,0,15.941076,734639915
15.758657,68.5547,18.4570,18.4570,0,0,15.941076,734639915
15.760631,68.5547,18.4570,18.4570,0,0,15.941076,734639915
15.762607,68.5547,18.4570,18.4570,0,0,15.941076,734639915
15.764585,68.5547,18.4570,18.4570,0,0,15.941076,734639915
15.766657,68.5547,18.2812,18.2812,0,0,15.941076,734639915
15.768631,68.7305,18.2812,18.2812,0,0,15.941076,734639915
15.770607,68.7305,18.1055,18.1055,0,0,15.941076,734639915
15.772585,68.7305,18.1055,18.1055,0,0,15.941076,734639915
15.774657,68.9062,18.1055,18.1055,0,0,15.941076,734639915
15.776631,68.9062,17.9297,17.9297,0,0,15.941076,734639915
15.778607,68.9062,17.9297,17.9297,0,0,15.941076,734639915
15.780585,69.0820,17.7539,17.7539,0,0,15.941076,734639915
15.782580,69.0820,17.7539,17.7539,0,0,15.941076,734639915
15.784653,69.2578,17.5781,17.5781,0,0,15.941076,734639915
15.786629,69.2578,17.4023,17.4023,0,0,15.941076,734639915
15.788607,69.2578,17.2266,17.2266,0,0,15.941076,734639915
15.790586,69.4336,17.2266,17.2266,0,0,15.941076,734639915
15.792657,69.4336,17.0508,17.0508,0,0,15.941076,734639915
15.794631,69.6094,16.8750,16.8750,0,0,15.941076,734639915
15.796607,69.6094,16.6992,16.6992,0,0,15.941076,734639915
15.798585,69.7852,16.5234,16.5234,0,0,15.941076,734639915
15.800657,69.7852,16.3477,16.3477,0,0,15.941076,734639915
15.802631,69.9609,16.3477,16.3477,0,0,15.941076,734639915
15.807388,70.1367,15.8203,15.8203,0,0,15.941076,734639915
15.807678,70.1367,15.8203,15.8203,0,0,15.941076,734639915
15.808577,70.1367,15.8203,15.8203,0,0,15.941076,734639915
15.810650,70.3125,15.6445,15.6445,0,0,15.941076,734639915
15.812626,70.4883,15.2930,15.2930,0,0,15.941076,734639915
15.814604,70.4883,15.1172,15.1172,0,0,15.941076,734639915
15.816579,70.6641,14.9414,14.9414,0,0,15.941076,734639915
15.818655,70.6641,14.7656,14.7656,0,0,15.941076,734639915
15.820631,70.8398,14.5898,14.5898,0,0,15.941076,734639915
15.822588,71.0156,14.4141,14.4141,0,0,15.941076,734639915
15.824564,71.0156,14.2383,14.2383,0,0,15.941076,734639915
15.826646,71.1914,13.8867,13.8867,0,0,15.941076,734639915
15.828569,71.3672,13.7109,13.7109,0,0,15.941076,734639915
15.830641,71.5430,13.5352,13.5352,0,0,15.941076,734639915
15.832614,71.5430,13.1836,13.1836,0,0,15.941076,734639915
15.834592,71.7188,13.0078,13.0078,0,0,15.941076,734639915
15.836569,71.8945,12.8320,12.8320,0,0,15.941076,734639915
15.838641,71.8945,12.6562,12.6562,0,0,15.941076,734639915
15.840614,72.0703,12.3047,12.3047,0,0,15.941076,734639915
15.842592,72.2461,12.1289,12.1289,0,0,15.941076,734639915
15.844569,72.2461,11.9531,11.9531,0,0,15.941076,734639915
15.846641,72.4219,11.6016,11.6016,0,0,15.941076,734639915
15.848614,72.5977,11.4258,11.4258,0,0,15.941076,734639915
15.850592,72.7734,11.2500,11.2500,0,0,15.941076,734639915
15.852569,72.7734,11.0742,11.0742,0,0,15.941076,734639915
15.854641,72.9492,10.7227,10.7227,0,0,15.941076,734639915
15.856614,73.1250,10.5469,10.5469,0,0,15.941076,734639915
15.858592,73.1250,10.3711,10.3711,0,0,15.941076,734639915
15.860569,73.3008,10.0195,10.0195,0,0,15.941076,734639915
15.862641,73.4766,9.8438,9.8438,0,0,15.941076,734639915
15.864614,73.4766,9.6680,9.6680,0,0,15.941076,734639915
15.866592,73.6523,9.4922,9.4922,0,0,15.941076,734639915
15.868569,73.8281,9.1406,9.1406,0,0,15.941076,734639915
15.870641,73.8281,8.9648,8.9648,0,0,15.941076,734639915
15.872614,74.0039,8.7891,8.7891,0,0,15.941076,734639915
15.874592,74.1797,8.6133,8.6133,0,0,15.941076,734639915
15.876569,74.1797,8.2617,8.2617,0,0,15.941076,734639915
15.878641,74.3555,8.0859,8.0859,0,0,15.941076,734639915
15.880614,74.3555,7.9102,7.9102,0,0,15.941076,734639915
15.882604,74.5312,7.5586,7.5586,0,0,15.941076,734639915
15.884579,74.7070,7.3828,7.3828,0,0,15.941076,734639915
15.886655,74.7070,7.2070,7.2070,0,0,15.941076,734639915
15.888631,74.8828,7.0312,7.0312,0,0,15.941076,734639915
15.890607,74.8828,6.8555,6.8555,0,0,15.941076,734639915
15.892585,75.0586,6.6797,6.6797,0,0,15.941076,734639915
15.894657,75.0586,6.5039,6.5039,0,0,15.941076,734639915
15.896631,75.2344,6.3281,6.3281,0,0,15.941076,734639915
15.898607,75.2344,6.1523,6.1523,0,0,15.941076,734639915
15.900585,75.4102,5.9766,5.9766,0,0,15.941076,734639915
15.902657,75.4102,5.8008,5.8008,0,0,15.941076,734639915
15.907229,75.5859,5.4492,5.4492,0,0,15.941076,734639915
15.907506,75.5859,5.4492,5.4492,0,0,15.941076,734639915
15.908596,75.5859,5.4492,5.4492,0,0,15.941076,734639915
15.910573,75.7617,5.2734,5.2734,0,0,15.941076,734639915
15.912600,75.7617,5.0977,5.0977,0,0,15.941076,734639915
15.914657,75.9375,5.0977,5.0977,0,0,15.941076,734639915
15.916586,75.9375,4.9219,4.9219,0,0,15.941076,734639915
15.918656,75.9375,4.7461,4.7461,0,0,15.941076,734639915
15.920649,76.1133,4.7461,4.7461,0,0,15.941076,734639915
15.922586,76.1133,4.5703,4.5703,0,0,15.941076,734639915
15.925108,76.1133,4.3945,4.3945,0,0,15.941076,734639915
15.929465,76.2891,4.3945,4.3945,0,0,16.203841,734902742
15.930010,76.2891,4.2188,4.2188,0,0,16.203841,734902742
15.930667,76.2891,4.2188,4.2188,0,0,16.203841,734902742
15.933114,76.2891,4.2188,4.2188,0,0,16.203841,734902742
15.934603,76.2891,4.0430,4.0430,0,0,16.203841,734902742
15.936585,76.2891,4.0430,4.0430,0,0,16.203841,734902742
15.938644,76.2891,4.0430,4.0430,0,0,16.203841,734902742
15.940606,76.2891,4.0430,4.0430,0,0,16.203841,734902742
15.942591,76.2891,3.8672,3.8672,0,0,16.203841,734902742
15.944621,76.2891,3.8672,3.8672,0,0,16.203841,734902742
15.946662,76.2891,3.8672,3.8672,0,0,16.203841,734902742
15.948639,76.2891,3.8672,3.8672,0,0,16.203841,734902742
15.950587,76.2891,3.8672,3.8672,0,0,16.203841,734902742
15.952619,76.2891,3.8672,3.8672,0,0,16.203841,734902742
15.954595,76.2891,3.8672,3.8672,0,0,16.203841,734902742
15.956596,76.2891,3.8672,3.8672,0,0,16.203841,734902742
15.958675,76.2891,3.8672,3.8672,0,0,16.203841,734902742
15.960595,76.2891,3.8672,3.8672,0,0,16.203841,734902742
15.962573,76.2891,4.0430,4.0430,0,0,16.203841,734902742
15.964646,76.2891,4.0430,4.0430,0,0,16.203841,734902742
15.966619,76.2891,4.0430,4.0430,0,0,16.203841,734902742
15.968595,76.2891,4.0430,4.0430,0,0,16.203841,734902742
15.970573,76.2891,4.2188,4.2188,0,0,16.203841,734902742
15.972651,76.1133,4.2188,4.2188,0,0,16.203841,734902742
15.974627,76.1133,4.3945,4.3945,0,0,16.203841,734902742
15.976604,76.1133,4.3945,4.3945,0,0,16.203841,734902742
15.978579,76.1133,4.3945,4.3945,0,0,16.203841,734902742
15.980655,75.9375,4.5703,4.5703,0,0,16.203841,734902742
15.982650,75.9375,4.5703,4.5703,0,0,16.203841,734902742
15.984626,75.9375,4.7461,4.7461,0,0,16.203841,734902742
15.986605,75.7617,4.7461,4.7461,0,0,16.203841,734902742
15.988580,75.7617,4.9219,4.9219,0,0,16.203841,734902742
15.990653,75.7617,5.0977,5.0977,0,0,16.203841,734902742
15.992629,75.5859,5.2734,5.2734,0,0,16.203841,734902742
15.994607,75.5859,5.2734,5.2734,0,0,16.203841,734902742
15.996586,75.5859,5.4492,5.4492,0,0,16.203841,734902742
15.998573,75.4102,5.4492,5.4492,0,0,16.203841,734902742
16.000651,75.4102,5.8008,5.8008,0,0,16.203841,734902742
16.002626,75.2344,5.8008,5.8008,0,0,16.203841,734902742
16.007786,75.0586,6.1523,6.1523,0,0,16.203841,734902742
16.008100,75.0586,6.1523,6.1523,0,0,16.203841,734902742
16.008610,75.0586,6.3281,6.3281,0,0,16.203841,734902742
16.010588,75.0586,6.5039,6.5039,0,0,16.203841,734902742
16.012564,74.8828,6.6797,6.6797,0,0,16.203841,734902742
16.014636,74.8828,6.6797,6.6797,0,0,16.203841,734902742
16.016612,74.7070,6.8555,6.8555,0,0,16.203841,734902742
16.018592,74.7070,7.2070,7.2070,0,0,16.203841,734902742
16.020569,74.5312,7.2070,7.2070,0,0,16.203841,734902742
16.022641,74.5312,7.3828,7.3828,0,0,16.203841,734902742
16.024614,74.3555,7.5586,7.5586,0,0,16.203841,734902742
16.026564,74.3555,7.9102,7.9102,0,0,16.203841,734902742
16.028631,74.1797,7.9102,7.9102,0,0,16.203841,734902742
16.030607,74.1797,8.0859,8.0859,0,0,16.203841,734902742
16.032585,74.0039,8.2617,8.2617,0,0,16.203841,734902742
16.034659,74.0039,8.6133,8.6133,0,0,16.203841,734902742
16.036581,73.8281,8.7891,8.7891,0,0,16.203841,734902742
16.038653,73.8281,8.9648,8.9648,0,0,16.203841,734902742
16.040629,73.6523,9.1406,9.1406,0,0,16.203841,734902742
16.042607,73.6523,9.3164,9.3164,0,0,16.203841,734902742
16.044586,73.4766,9.4922,9.4922,0,0,16.203841,734902742
16.046657,73.4766,9.6680,9.6680,0,0,16.203841,734902742
16.048631,73.3008,9.8438,9.8438,0,0,16.203841,734902742
16.050607,73.3008,10.0195,10.0195,0,0,16.203841,734902742
16.052585,73.1250,10.1953,10.1953,0,0,16.203841,734902742
16.054657,72.9492,10.3711,10.3711,0,0,16.203841,734902742
16.056631,72.9492,10.7227,10.7227,0,0,16.203841,734902742
16.058607,72.7734,10.8984,10.8984,0,0,16.203841,734902742
16.060585,72.7734,11.0742,11.0742,0,0,16.203841,734902742
16.062657,72.7734,11.2500,11.2500,0,0,16.203841,734902742
16.064631,72.5977,11.4258,11.4258,0,0,16.203841,734902742
16.066607,72.5977,11.6016,11.6016,0,0,16.203841,734902742
16.068585,72.4219,11.7773,11.7773,0,0,16.203841,734902742
16.070657,72.4219,11.9531,11.9531,0,0,16.203841,734902742
16.072631,72.2461,12.1289,12.1289,0,0,16.203841,734902742
16.074607,72.2461,12.3047,12.3047,0,0,16.203841,734902742
16.076585,72.0703,12.4805,12.4805,0,0,16.203841,734902742
16.078657,72.0703,12.6562,12.6562,0,0,16.203841,734902742
16.080631,72.0703,12.8320,12.8320,0,0,16.203841,734902742
16.082615,71.8945,13.0078,13.0078,0,0,16.203841,734902742
16.084592,71.8945,13.1836,13.1836,0,0,16.203841,734902742
16.086569,71.7188,13.1836,13.1836,0,0,16.203841,734902742
16.088641,71.7188,13.5352,13.5352,0,0,16.203841,734902742
16.090614,71.5430,13.5352,13.5352,0,0,16.203841,734902742
16.092592,71.5430,13.7109,13.7109,0,0,16.203841,734902742
16.094569,71.5430,13.8867,13.8867,0,0,16.203841,734902742
16.096641,71.3672,14.0625,14.0625,0,0,16.203841,734902742
16.098614,71.3672,14.2383,14.2383,0,0,16.203841,734902742
16.100592,71.3672,14.2383,14.2383,0,0,16.203841,734902742
16.102569,71.3672,14.4141,14.4141,0,0,16.203841,734902742
16.107232,71.1914,14.5898,14.5898,0,0,16.203841,734902742
16.107506,71.1914,14.5898,14.5898,0,0,16.203841,734902742
16.108596,71.1914,14.7656,14.7656,0,0,16.203841,734902742
16.110573,71.0156,14.9414,14.9414,0,0,16.203841,734902742
16.112646,71.0156,14.9414,14.9414,0,0,16.203841,734902742
16.114619,71.0156,15.1172,15.1172,0,0,16.203841,734902742
16.116595,71.0156,15.1172,15.1172,0,0,16.203841,734902742
16.118573,71.0156,15.2930,15.2930,0,0,16.203841,734902742
16.120650,71.0156,15.2930,15.2930,0,0,16.203841,734902742
16.122626,70.8398,15.2930,15.2930,0,0,16.203841,734902742
16.124604,70.8398,15.4688,15.4688,0,0,16.203841,734902742
16.126579,70.8398,15.6445,15.6445,0,0,16.203841,734902742
16.128629,70.8398,15.6445,15.6445,0,0,16.203841,734902742
16.130607,70.8398,15.6445,15.6445,0,0,16.203841,734902742
16.132586,70.8398,15.6445,15.6445,0,0,16.203841,734902742
16.134658,70.8398,15.8203,15.8203,0,0,16.203841,734902742
16.136564,70.8398,15.8203,15.8203,0,0,16.203841,734902742
16.138636,70.8398,15.8203,15.8203,0,0,16.203841,734902742
16.140612,70.8398,15.8203,15.8203,0,0,16.203841,734902742
16.142592,70.8398,15.8203,15.8203,0,0,16.203841,734902742
16.144569,70.8398,15.8203,15.8203,0,0,16.203841,734902742
16.146641,70.8398,15.8203,15.8203,0,0,16.203841,734902742
16.148614,70.8398,15.8203,15.8203,0,0,16.203841,734902742
16.150592,70.8398,15.8203,15.8203,0,0,16.203841,734902742
16.152569,70.8398,15.8203,15.8203,0,0,16.203841,734902742
16.154641,70.8398,15.8203,15.8203,0,0,16.203841,734902742
16.156571,70.8398,15.8203,15.8203,0,0,16.203841,734902742
16.158650,71.0156,15.8203,15.8203,0,0,16.203841,734902742
16.160642,71.0156,15.8203,15.8203,0,0,16.203841,734902742
16.162570,71.0156,15.8203,15.8203,0,0,16.203841,734902742
16.164930,71.0156,15.8203,15.8203,0,0,16.203841,734902742
16.166653,71.0156,15.8203,15.8203,0,0,16.203841,734902742
16.168629,71.1914,15.6445,15.6445,0,0,16.203841,734902742
16.170607,71.1914,15.6445,15.6445,0,0,16.203841,734902742
16.172585,71.1914,15.6445,15.6445,0,0,16.203841,734902742
16.174657,71.1914,15.4688,15.4688,0,0,16.203841,734902742
16.176631,71.3672,15.4688,15.4688,0,0,16.203841,734902742
16.178607,71.3672,15.2930,15.2930,0,0,16.203841,734902742
16.180586,71.3672,15.2930,15.2930,0,0,16.203841,734902742
16.182594,71.3672,15.2930,15.2930,0,0,16.203841,734902742
16.184573,71.5430,15.1172,15.1172,0,0,16.203841,734902742
16.186646,71.5430,15.1172,15.1172,0,0,16.203841,734902742
16.188613,71.5430,14.9414,14.9414,0,0,16.203841,734902742
16.192312,71.7188,14.9414,14.9414,0,0,16.444853,735147042
16.192867,71.7188,14.7656,14.7656,0,0,16.444853,735147042
16.194611,71.7188,14.7656,14.7656,0,0,16.444853,735147042
16.196613,71.8945,14.5898,14.5898,0,0,16.444853,735147042
16.198595,71.8945,14.5898,14.5898,0,0,16.444853,735147042
16.200632,71.8945,14.4141,14.4141,0,0,16.444853,735147042
16.202612,72.0703,14.2383,14.2383,0,0,16.444853,735147042
16.207982,72.2461,13.8867,13.8867,0,0,16.444853,735147042
16.208299,72.2461,13.8867,13.8867,0,0,16.444853,735147042
16.208605,72.2461,13.8867,13.8867,0,0,16.444853,735147042
16.210570,72.2461,13.8867,13.8867,0,0,16.444853,735147042
16.212628,72.4219,13.7109,13.7109,0,0,16.444853,735147042
16.214595,72.4219,13.5352,13.5352,0,0,16.444853,735147042
16.216596,72.4219,13.5352,13.5352,0,0,16.444853,735147042
16.218589,72.5977,13.3594,13.3594,0,0,16.444853,735147042
16.220656,72.5977,13.1836,13.1836,0,0,16.444853,735147042
16.222569,72.7734,13.0078,13.0078,0,0,16.444853,735147042
16.224641,72.7734,12.8320,12.8320,0,0,16.444853,735147042
16.226614,72.7734,12.8320,12.8320,0,0,16.444853,735147042
16.228592,72.9492,12.6562,12.6562,0,0,16.444853,735147042
16.230604,72.9492,12.4805,12.4805,0,0,16.444853,735147042
16.232647,73.1250,12.3047,12.3047,0,0,16.444853,735147042
16.234653,73.1250,12.1289,12.1289,0,0,16.444853,735147042
16.236629,73.3008,12.1289,12.1289,0,0,16.444853,735147042
16.238607,73.3008,11.7773,11.7773,0,0,16.444853,735147042
16.240586,73.4766,11.7773,11.7773,0,0,16.444853,735147042
16.242657,73.4766,11.6016,11.6016,0,0,16.444853,735147042
16.244631,73.6523,11.4258,11.4258,0,0,16.444853,735147042
16.246607,73.6523,11.2500,11.2500,0,0,16.444853,735147042
16.248586,73.6523,11.0742,11.0742,0,0,16.444853,735147042
16.250657,73.8281,10.8984,10.8984,0,0,16.444853,735147042
16.252631,73.8281,10.8984,10.8984,0,0,16.444853,735147042
16.254607,74.0039,10.7227,10.7227,0,0,16.444853,735147042
16.256586,74.0039,10.5469,10.5469,0,0,16.444853,735147042
16.258657,74.1797,10.3711,10.3711,0,0,16.444853,735147042
16.260631,74.1797,10.1953,10.1953,0,0,16.444853,735147042
16.262607,74.1797,10.1953,10.1953,0,0,16.444853,735147042
16.264586,74.3555,10.0195,10.0195,0,0,16.444853,735147042
16.266657,74.3555,9.8438,9.8438,0,0,16.444853,735147042
16.268631,74.5312,9.6680,9.6680,0,0,16.444853,735147042
16.270607,74.5312,9.4922,9.4922,0,0,16.444853,735147042
16.272586,74.7070,9.4922,9.4922,0,0,16.444853,735147042
16.274657,74.7070,9.3164,9.3164,0,0,16.444853,735147042
16.276631,74.7070,9.1406,9.1406,0,0,16.444853,735147042
16.278607,74.8828,8.9648,8.9648,0,0,16.444853,735147042
16.280586,74.8828,8.7891,8.7891,0,0,16.444853,735147042
16.282581,74.8828,8.7891,8.7891,0,0,16.444853,735147042
16.284653,75.0586,8.6133,8.6133,0,0,16.444853,735147042
16.286629,75.0586,8.4375,8.4375,0,0,16.444853,735147042
16.288607,75.0586,8.2617,8.2617,0,0,16.444853,735147042
16.290585,75.2344,8.2617,8.2617,0,0,16.444853,735147042
16.292657,75.2344,8.0859,8.0859,0,0,16.444853,735147042
16.294631,75.2344,8.0859,8.0859,0,0,16.444853,735147042
16.296607,75.4102,7.9102,7.9102,0,0,16.444853,735147042
16.298586,75.4102,7.7344,7.7344,0,0,16.444853,735147042
16.300657,75.4102,7.7344,7.7344,0,0,16.444853,735147042
16.302631,75.5859,7.5586,7.5586,0,0,16.444853,735147042
16.307384,75.5859,7.3828,7.3828,0,0,16.444853,735147042
16.307674,75.5859,7.3828,7.3828,0,0,16.444853,735147042
16.308573,75.5859,7.3828,7.3828,0,0,16.444853,735147042
16.310646,75.5859,7.2070,7.2070,0,0,16.444853,735147042
16.312619,75.5859,7.2070,7.2070,0,0,16.444853,735147042
16.314595,75.7617,7.0312,7.0312,0,0,16.444853,735147042
16.316573,75.7617,7.0312,7.0312,0,0,16.444853,735147042
16.318650,75.7617,6.8555,6.8555,0,0,16.444853,735147042
16.320626,75.7617,6.8555,6.8555,0,0,16.444853,735147042
16.322604,75.7617,6.8555,6.8555,0,0,16.444853,735147042
16.324580,75.7617,6.6797,6.6797,0,0,16.444853,735147042
16.326655,75.7617,6.6797,6.6797,0,0,16.444853,735147042
16.328631,75.9375,6.6797,6.6797,0,0,16.444853,735147042
16.330607,75.9375,6.6797,6.6797,0,0,16.444853,735147042
16.332601,75.9375,6.6797,6.6797,0,0,16.444853,735147042
16.334578,75.9375,6.5039,6.5039,0,0,16.444853,735147042
16.336581,75.9375,6.5039,6.5039,0,0,16.444853,735147042
16.338653,75.9375,6.5039,6.5039,0,0,16.444853,735147042
16.340629,75.9375,6.5039,6.5039,0,0,16.444853,735147042
16.342607,75.9375,6.5039,6.5039,0,0,16.444853,735147042
16.344585,75.9375,6.5039,6.5039,0,0,16.444853,735147042
16.346657,75.9375,6.5039,6.5039,0,0,16.444853,735147042
16.348631,75.9375,6.5039,6.5039,0,0,16.444853,735147042
16.350607,75.9375,6.5039,6.5039,0,0,16.444853,735147042
16.352586,75.9375,6.5039,6.5039,0,0,16.444853,735147042
16.354657,75.9375,6.5039,6.5039,0,0,16.444853,735147042
16.356631,75.7617,6.5039,6.5039,0,0,16.444853,735147042
16.358607,75.7617,6.5039,6.5039,0,0,16.444853,735147042
16.360586,75.7617,6.5039,6.5039,0,0,16.444853,735147042
16.362657,75.7617,6.5039,6.5039,0,0,16.444853,735147042
16.364631,75.7617,6.5039,6.5039,0,0,16.444853,735147042
16.366607,75.7617,6.6797,6.6797,0,0,16.444853,735147042
16.368586,75.7617,6.6797,6.6797,0,0,16.444853,735147042
16.370657,75.7617,6.6797,6.6797,0,0,16.444853,735147042
16.372631,75.5859,6.6797,6.6797,0,0,16.444853,735147042
16.374607,75.5859,6.6797,6.6797,0,0,16.444853,735147042
16.376586,75.5859,6.8555,6.8555,0,0,16.444853,735147042
16.378657,75.5859,6.8555,6.8555,0,0,16.444853,735147042
16.380631,75.5859,6.8555,6.8555,0,0,16.444853,735147042
16.382616,75.5859,6.8555,6.8555,0,0,16.444853,735147042
16.384592,75.4102,7.0312,7.0312,0,0,16.444853,735147042
16.386569,75.4102,7.2070,7.2070,0,0,16.444853,735147042
16.388641,75.4102,7.2070,7.2070,0,0,16.444853,735147042
16.390614,75.2344,7.2070,7.2070,0,0,16.444853,735147042
16.392592,75.2344,7.3828,7.3828,0,0,16.444853,735147042
16.394569,75.2344,7.3828,7.3828,0,0,16.444853,735147042
16.396641,75.2344,7.3828,7.3828,0,0,16.444853,735147042
16.398614,75.0586,7.5586,7.5586,0,0,16.444853,735147042
16.400592,75.0586,7.5586,7.5586,0,0,16.444853,735147042
16.402569,75.0586,7.7344,7.7344,0,0,16.444853,735147042
16.407232,74.8828,7.9102,7.9102,0,0,16.444853,735147042
16.407506,74.8828,7.9102,7.9102,0,0,16.444853,735147042
16.408596,74.8828,8.0859,8.0859,0,0,16.444853,735147042
16.410575,74.8828,8.0859,8.0859,0,0,16.444853,735147042
16.412651,74.8828,8.2617,8.2617,0,0,16.444853,735147042
16.414627,74.7070,8.2617,8.2617,0,0,16.444853,735147042
16.416604,74.7070,8.4375,8.4375,0,0,16.444853,735147042
16.418580,74.5312,8.6133,8.6133,0,0,16.444853,735147042
16.420664,74.5312,8.6133,8.6133,0,0,16.444853,735147042
16.422603,74.5312,8.7891,8.7891,0,0,16.444853,735147042
16.424580,74.5312,8.7891,8.7891,0,0,16.444853,735147042
16.426655,74.3555,8.9648,8.9648,0,0,16.444853,735147042
16.428602,74.3555,8.9648,8.9648,0,0,16.444853,735147042
16.430572,74.3555,9.1406,9.1406,0,0,16.444853,735147042
16.432659,74.1797,9.3164,9.3164,0,0,16.444853,735147042
16.436950,74.1797,9.4922,9.4922,0,0,16.705825,735402173
16.437492,74.1797,9.4922,9.4922,0,0,16.705825,735402173
16.438599,74.0039,9.6680,9.6680,0,0,16.705825,735402173
16.440632,74.0039,9.6680,9.6680,0,0,16.705825,735402173
16.442617,74.0039,9.8438,9.8438,0,0,16.705825,735402173
16.444607,73.8281,10.0195,10.0195,0,0,16.705825,735402173
16.446570,73.8281,10.0195,10.0195,0,0,16.705825,735402173
16.448672,73.8281,10.1953,10.1953,0,0,16.705825,735402173
16.450620,73.6523,10.1953,10.1953,0,0,16.705825,735402173
16.452661,73.6523,10.3711,10.3711,0,0,16.705825,735402173
16.454605,73.6523,10.3711,10.3711,0,0,16.705825,735402173
16.456654,73.4766,10.5469,10.5469,0,0,16.705825,735402173
16.458667,73.4766,10.7227,10.7227,0,0,16.705825,735402173
16.460603,73.4766,10.8984,10.8984,0,0,16.705825,735402173
16.462586,73.4766,10.8984,10.8984,0,0,16.705825,735402173
16.464657,73.3008,11.0742,11.0742,0,0,16.705825,735402173
16.466631,73.3008,11.0742,11.0742,0,0,16.705825,735402173
16.468607,73.3008,11.2500,11.2500,0,0,16.705825,735402173
16.470586,73.1250,11.4258,11.4258,0,0,16.705825,735402173
16.472657,73.1250,11.4258,11.4258,0,0,16.705825,735402173
16.474631,73.1250,11.6016,11.6016,0,0,16.705825,735402173
16.476607,72.9492,11.6016,11.6016,0,0,16.705825,735402173
16.478586,72.9492,11.7773,11.7773,0,0,16.705825,735402173
16.480657,72.9492,11.7773,11.7773,0,0,16.705825,735402173
16.482650,72.9492,11.9531,11.9531,0,0,16.705825,735402173
16.484626,72.7734,11.9531,11.9531,0,0,16.705825,735402173
16.486604,72.7734,12.1289,12.1289,0,0,16.705825,735402173
16.488579,72.7734,12.1289,12.1289,0,0,16.705825,735402173
16.490655,72.7734,12.3047,12.3047,0,0,16.705825,735402173
16.492631,72.7734,12.3047,12.3047,0,0,16.705825,735402173
16.494607,72.7734,12.4805,12.4805,0,0,16.705825,735402173
16.496586,72.5977,12.4805,12.4805,0,0,16.705825,735402173
16.498595,72.5977,12.4805,12.4805,0,0,16.705825,735402173
16.500573,72.5977,12.6562,12.6562,0,0,16.705825,735402173
16.502650,72.5977,12.8320,12.8320,0,0,16.705825,735402173
16.507722,72.4219,12.8320,12.8320,0,0,16.705825,735402173
16.508037,72.4219,12.8320,12.8320,0,0,16.705825,735402173
16.508640,72.4219,12.8320,12.8320,0,0,16.705825,735402173
16.510614,72.4219,13.0078,13.0078,0,0,16.705825,735402173
16.512592,72.4219,13.0078,13.0078,0,0,16.705825,735402173
16.514569,72.4219,13.0078,13.0078,0,0,16.705825,735402173
16.516641,72.4219,13.1836,13.1836,0,0,16.705825,735402173
16.518614,72.4219,13.1836,13.1836,0,0,16.705825,735402173
16.520592,72.4219,13.1836,13.1836,0,0,16.705825,735402173
16.522569,72.4219,13.1836,13.1836,0,0,16.705825,735402173
16.524641,72.4219,13.1836,13.1836,0,0,16.705825,735402173
16.526614,72.4219,13.3594,13.3594,0,0,16.705825,735402173
16.528592,72.4219,13.3594,13.3594,0,0,16.705825,735402173
16.530569,72.4219,13.3594,13.3594,0,0,16.705825,735402173
16.532641,72.4219,13.3594,13.3594,0,0,16.705825,735402173
16.534614,72.4219,13.3594,13.3594,0,0,16.705825,735402173
16.536592,72.4219,13.3594,13.3594,0,0,16.705825,735402173
16.538630,72.4219,13.5352,13.5352,0,0,16.705825,735402173
16.540641,72.4219,13.5352,13.5352,0,0,16.705825,735402173
16.542614,72.4219,13.5352,13.5352,0,0,16.705825,735402173
16.544592,72.4219,13.5352,13.5352,0,0,16.705825,735402173
16.546573,72.4219,13.5352,13.5352,0,0,16.705825,735402173
16.548592,72.4219,13.5352,13.5352,0,0,16.705825,735402173
16.550569,72.4219,13.5352,13.5352,0,0,16.705825,735402173
16.552641,72.4219,13.5352,13.5352,0,0,16.705825,735402173
16.554614,72.4219,13.5352,13.5352,0,0,16.705825,735402173
16.556592,72.4219,13.5352,13.5352,0,0,16.705825,735402173
16.558569,72.4219,13.3594,13.3594,0,0,16.705825,735402173
16.560641,72.4219,13.3594,13.3594,0,0,16.705825,735402173
16.562614,72.4219,13.3594,13.3594,0,0,16.705825,735402173
16.564592,72.4219,13.3594,13.3594,0,0,16.705825,735402173
16.566569,72.5977,13.3594,13.3594,0,0,16.705825,735402173
16.568641,72.5977,13.3594,13.3594,0,0,16.705825,735402173
16.570614,72.5977,13.1836,13.1836,0,0,16.705825,735402173
16.572592,72.5977,13.1836,13.1836,0,0,16.705825,735402173
16.574569,72.5977,13.1836,13.1836,0,0,16.705825,735402173
16.576641,72.5977,13.1836,13.1836,0,0,16.705825,735402173
16.578614,72.7734,13.1836,13.1836,0,0,16.705825,735402173
16.580592,72.7734,13.0078,13.0078,0,0,16.705825,735402173
16.582579,72.7734,13.0078,13.0078,0,0,16.705825,735402173
16.584653,72.7734,13.0078,13.0078,0,0,16.705825,735402173
16.586629,72.7734,13.0078,13.0078,0,0,16.705825,735402173
16.588607,72.7734,12.8320,12.8320,0,0,16.705825,735402173
16.590585,72.7734,12.8320,12.8320,0,0,16.705825,735402173
16.592657,72.9492,12.8320,12.8320,0,0,16.705825,735402173
16.594631,72.9492,12.8320,12.8320,0,0,16.705825,735402173
16.596607,72.9492,12.6562,12.6562,0,0,16.705825,735402173
16.598586,72.9492,12.6562,12.6562,0,0,16.705825,735402173
16.600657,72.9492,12.4805,12.4805,0,0,16.705825,735402173
16.602631,73.1250,12.4805,12.4805,0,0,16.705825,735402173
16.607305,73.1250,12.3047,12.3047,0,0,16.705825,735402173
16.607578,73.1250,12.3047,12.3047,0,0,16.705825,735402173
16.608571,73.1250,12.3047,12.3047,0,0,16.705825,735402173
16.610644,73.1250,12.3047,12.3047,0,0,16.705825,735402173
16.612619,73.3008,12.1289,12.1289,0,0,16.705825,735402173
16.614595,73.3008,12.1289,12.1289,0,0,16.705825,735402173
16.616573,73.3008,12.1289,12.1289,0,0,16.705825,735402173
16.618650,73.3008,11.9531,11.9531,0,0,16.705825,735402173
16.620626,73.4766,11.9531,11.9531,0,0,16.705825,735402173
16.622604,73.4766,11.7773,11.7773,0,0,16.705825,735402173
16.624580,73.4766,11.7773,11.7773,0,0,16.705825,735402173
16.626655,73.4766,11.7773,11.7773,0,0,16.705825,735402173
16.628631,73.4766,11.6016,11.6016,0,0,16.705825,735402173
16.630607,73.4766,11.6016,11.6016,0,0,16.705825,735402173
16.632586,73.6523,11.4258,11.4258,0,0,16.705825,735402173
16.634657,73.6523,11.4258,11.4258,0,0,16.705825,735402173
16.636631,73.6523,11.4258,11.4258,0,0,16.705825,735402173
16.638607,73.6523,11.2500,11.2500,0,0,16.705825,735402173
16.640630,73.8281,11.0742,11.0742,0,0,16.705825,735402173
16.642607,73.8281,11.0742,11.0742,0,0,16.705825,735402173
16.644586,73.8281,11.0742,11.0742,0,0,16.705825,735402173
16.646594,73.8281,10.8984,10.8984,0,0,16.705825,735402173
16.648573,73.8281,10.8984,10.8984,0,0,16.705825,735402173
16.650646,74.0039,10.8984,10.8984,0,0,16.705825,735402173
16.652619,74.0039,10.7227,10.7227,0,0,16.705825,735402173
16.654595,74.0039,10.7227,10.7227,0,0,16.705825,735402173
16.656573,74.0039,10.5469,10.5469,0,0,16.705825,735402173
16.658652,74.1797,10.5469,10.5469,0,0,16.705825,735402173
16.660642,74.1797,10.3711,10.3711,0,0,16.705825,735402173
16.662651,74.1797,10.3711,10.3711,0,0,16.705825,735402173
16.664588,74.1797,10.3711,10.3711,0,0,16.705825,735402173
16.666601,74.1797,10.1953,10.1953,0,0,16.705825,735402173
16.668650,74.1797,10.1953,10.1953,0,0,16.705825,735402173
16.670650,74.1797,10.1953,10.1953,0,0,16.705825,735402173
16.672626,74.3555,10.0195,10.0195,0,0,16.705825,735402173
16.674604,74.3555,10.0195,10.0195,0,0,16.705825,735402173
16.676580,74.3555,10.0195,10.0195,0,0,16.705825,735402173
16.678655,74.3555,9.8438,9.8438,0,0,16.705825,735402173
16.680631,74.3555,9.8438,9.8438,0,0,16.705825,735402173
16.682675,74.3555,9.6680,9.6680,0,0,16.705825,735402173
16.684643,74.3555,9.6680,9.6680,0,0,16.705825,735402173
16.686606,74.5312,9.6680,9.6680,0,0,16.705825,735402173
16.691514,74.5312,9.4922,9.4922,0,0,16.947985,735645574
16.692151,74.5312,9.4922,9.4922,0,0,16.947985,735645574
16.692596,74.5312,9.4922,9.4922,0,0,16.947985,735645574
16.694643,74.5312,9.3164,9.3164,0,0,16.947985,735645574
16.696578,74.5312,9.3164,9.3164,0,0,16.947985,735645574
16.698656,74.5312,9.3164,9.3164,0,0,16.947985,735645574
16.700598,74.5312,9.3164,9.3164,0,0,16.947985,735645574
16.702595,74.5312,9.1406,9.1406,0,0,16.947985,735645574
16.707764,74.7070,9.1406,9.1406,0,0,16.947985,735645574
16.708078,74.7070,9.1406,9.1406,0,0,16.947985,735645574
16.708614,74.7070,8.9648,8.9648,0,0,16.947985,735645574
16.710580,74.7070,8.9648,8.9648,0,0,16.947985,735645574
16.712644,74.7070,8.9648,8.9648,0,0,16.947985,735645574
16.714673,74.7070,8.9648,8.9648,0,0,16.947985,735645574
16.716626,74.7070,8.9648,8.9648,0,0,16.947985,735645574
16.718594,74.7070,8.9648,8.9648,0,0,16.947985,735645574
16.720584,74.7070,8.7891,8.7891,0,0,16.947985,735645574
16.722591,74.7070,8.7891,8.7891,0,0,16.947985,735645574
16.724652,74.7070,8.7891,8.7891,0,0,16.947985,735645574
16.726652,74.7070,8.7891,8.7891,0,0,16.947985,735645574
16.728598,74.7070,8.7891,8.7891,0,0,16.947985,735645574
16.730564,74.7070,8.7891,8.7891,0,0,16.947985,735645574
16.732580,74.7070,8.7891,8.7891,0,0,16.947985,735645574
16.734642,74.7070,8.7891,8.7891,0,0,16.947985,735645574
16.736606,74.7070,8.7891,8.7891,0,0,16.947985,735645574
16.738570,74.7070,8.7891,8.7891,0,0,16.947985,735645574
16.740628,74.7070,8.7891,8.7891,0,0,16.947985,735645574
16.742665,74.7070,8.7891,8.7891,0,0,16.947985,735645574
16.744638,74.7070,8.7891,8.7891,0,0,16.947985,735645574
16.746633,74.7070,8.7891,8.7891,0,0,16.947985,735645574
16.748597,74.7070,8.7891,8.7891,0,0,16.947985,735645574
16.750660,74.7070,8.7891,8.7891,0,0,16.947985,735645574
16.752625,74.7070,8.7891,8.7891,0,0,16.947985,735645574
16.754592,74.7070,8.7891,8.7891,0,0,16.947985,735645574
16.756652,74.7070,8.7891,8.7891,0,0,16.947985,735645574
16.758615,74.5312,8.7891,8.7891,0,0,16.947985,735645574
16.760581,74.5312,8.7891,8.7891,0,0,16.947985,735645574
16.762642,74.5312,8.7891,8.7891,0,0,16.947985,735645574
16.764606,74.5312,8.7891,8.7891,0,0,16.947985,735645574
16.766570,74.5312,8.7891,8.7891,0,0,16.947985,735645574
16.768628,74.5312,8.7891,8.7891,0,0,16.947985,735645574
16.770594,74.5312,8.7891,8.7891,0,0,16.947985,735645574
16.772653,74.5312,8.7891,8.7891,0,0,16.947985,735645574
16.774617,74.5312,8.7891,8.7891,0,0,16.947985,735645574
16.776586,74.5312,8.7891,8.7891,0,0,16.947985,735645574
16.778644,74.5312,8.7891,8.7891,0,0,16.947985,735645574
16.780606,74.3555,8.7891,8.7891,0,0,16.947985,735645574
16.782585,74.3555,8.9648,8.9648,0,0,16.947985,735645574
16.784644,74.3555,8.9648,8.9648,0,0,16.947985,735645574
16.786606,74.3555,8.9648,8.9648,0,0,16.947985,735645574
16.788570,74.3555,8.9648,8.9648,0,0,16.947985,735645574
16.790628,74.3555,8.9648,8.9648,0,0,16.947985,735645574
16.792594,74.3555,8.9648,8.9648,0,0,16.947985,735645574
16.794653,74.3555,8.9648,8.9648,0,0,16.947985,735645574
16.796617,74.3555,8.9648,8.9648,0,0,16.947985,735645574
16.798586,74.1797,9.1406,9.1406,0,0,16.947985,735645574
16.800644,74.1797,9.1406,9.1406,0,0,16.947985,735645574
16.802606,74.1797,9.1406,9.1406,0,0,16.947985,735645574
16.807351,74.1797,9.3164,9.3164,0,0,16.947985,735645574
16.807641,74.1797,9.3164,9.3164,0,0,16.947985,735645574
16.808628,74.1797,9.3164,9.3164,0,0,16.947985,735645574
16.810594,74.1797,9.3164,9.3164,0,0,16.947985,735645574
16.812653,74.1797,9.3164,9.3164,0,0,16.947985,735645574
16.814617,74.1797,9.3164,9.3164,0,0,16.947985,735645574
16.816586,74.1797,9.4922,9.4922,0,0,16.947985,735645574
16.818644,74.0039,9.4922,9.4922,0,0,16.947985,735645574
16.820606,74.0039,9.4922,9.4922,0,0,16.947985,735645574
16.822570,74.0039,9.4922,9.4922,0,0,16.947985,735645574
16.824628,74.0039,9.4922,9.4922,0,0,16.947985,735645574
16.826594,74.0039,9.6680,9.6680,0,0,16.947985,735645574
16.828653,74.0039,9.6680,9.6680,0,0,16.947985,735645574
16.830617,74.0039,9.6680,9.6680,0,0,16.947985,735645574
16.832586,73.8281,9.6680,9.6680,0,0,16.947985,735645574
16.834644,73.8281,9.6680,9.6680,0,0,16.947985,735645574
16.836606,73.8281,9.8438,9.8438,0,0,16.947985,735645574
16.838570,73.8281,9.8438,9.8438,0,0,16.947985,735645574
16.840628,73.8281,9.8438,9.8438,0,0,16.947985,735645574
16.842594,73.8281,10.0195,10.0195,0,0,16.947985,735645574
16.844653,73.8281,10.0195,10.0195,0,0,16.947985,735645574
16.846570,73.8281,10.0195,10.0195,0,0,16.947985,735645574
16.848628,73.6523,10.0195,10.0195,0,0,16.947985,735645574
16.850593,73.6523,10.0195,10.0195,0,0,16.947985,735645574
16.852581,73.6523,10.1953,10.1953,0,0,16.947985,735645574
16.854642,73.6523,10.1953,10.1953,0,0,16.947985,735645574
16.856606,73.6523,10.1953,10.1953,0,0,16.947985,735645574
16.858571,73.6523,10.1953,10.1953,0,0,16.947985,735645574
16.860628,73.6523,10.1953,10.1953,0,0,16.947985,735645574
16.862594,73.6523,10.3711,10.3711,0,0,16.947985,735645574
16.864653,73.6523,10.3711,10.3711,0,0,16.947985,735645574
16.866617,73.6523,10.3711,10.3711,0,0,16.947985,735645574
16.868586,73.4766,10.3711,10.3711,0,0,16.947985,735645574
16.870644,73.4766,10.3711,10.3711,0,0,16.947985,735645574
16.872606,73.4766,10.5469,10.5469,0,0,16.947985,735645574
16.874570,73.4766,10.5469,10.5469,0,0,16.947985,735645574
16.876628,73.4766,10.5469,10.5469,0,0,16.947985,735645574
16.878594,73.4766,10.7227,10.7227,0,0,16.947985,735645574
16.880653,73.4766,10.7227,10.7227,0,0,16.947985,735645574
16.882626,73.4766,10.7227,10.7227,0,0,16.947985,735645574
16.884591,73.4766,10.7227,10.7227,0,0,16.947985,735645574
16.886652,73.4766,10.7227,10.7227,0,0,16.947985,735645574
16.888617,73.4766,10.7227,10.7227,0,0,16.947985,735645574
16.890586,73.4766,10.8984,10.8984,0,0,16.947985,735645574
16.892644,73.4766,10.8984,10.8984,0,0,16.947985,735645574
16.894606,73.4766,10.8984,10.8984,0,0,16.947985,735645574
16.896570,73.4766,10.8984,10.8984,0,0,16.947985,735645574
16.898628,73.4766,10.8984,10.8984,0,0,16.947985,735645574
16.900594,73.4766,10.8984,10.8984,0,0,16.947985,735645574
16.902653,73.4766,10.8984,10.8984,0,0,16.947985,735645574
16.907218,73.4766,11.0742,11.0742,0,0,16.947985,735645574
16.907495,73.4766,11.0742,11.0742,0,0,16.947985,735645574
16.908579,73.4766,11.0742,11.0742,0,0,16.947985,735645574
16.910642,73.4766,11.0742,11.0742,0,0,16.947985,735645574
16.912606,73.4766,11.0742,11.0742,0,0,16.947985,735645574
16.914570,73.4766,11.0742,11.0742,0,0,16.947985,735645574
16.916628,73.4766,11.0742,11.0742,0,0,16.947985,735645574
16.918594,73.4766,11.0742,11.0742,0,0,16.947985,735645574
16.920653,73.4766,11.0742,11.0742,0,0,16.947985,735645574
16.922640,73.4766,11.0742,11.0742,0,0,16.947985,735645574
16.924583,73.4766,11.0742,11.0742,0,0,16.947985,735645574
16.926642,73.4766,11.0742,11.0742,0,0,16.947985,735645574
16.928598,73.4766,11.0742,11.0742,0,0,16.947985,735645574
16.930600,73.4766,11.2500,11.2500,0,0,16.947985,735645574
16.935511,73.4766,11.2500,11.2500,0,0,17.194495,735895823
16.936067,73.4766,11.2500,11.2500,0,0,17.194495,735895823
16.936595,73.4766,11.2500,11.2500,0,0,17.194495,735895823
16.938646,73.4766,11.2500,11.2500,0,0,17.194495,735895823
16.940637,73.4766,11.2500,11.2500,0,0,17.194495,735895823
16.942660,73.4766,11.2500,11.2500,0,0,17.194495,735895823
16.944637,73.4766,11.2500,11.2500,0,0,17.194495,735895823
16.946575,73.4766,11.2500,11.2500,0,0,17.194495,735895823
16.948593,73.4766,11.2500,11.2500,0,0,17.194495,735895823
16.950575,73.4766,11.2500,11.2500,0,0,17.194495,735895823
16.952620,73.4766,11.2500,11.2500,0,0,17.194495,735895823
16.954610,73.4766,11.2500,11.2500,0,0,17.194495,735895823
16.956927,73.4766,11.2500,11.2500,0,0,17.194495,735895823
16.958597,73.4766,11.2500,11.2500,0,0,17.194495,735895823
16.960602,73.4766,11.2500,11.2500,0,0,17.194495,735895823
16.962611,73.4766,11.2500,11.2500,0,0,17.194495,735895823
16.964592,73.4766,11.2500,11.2500,0,0,17.194495,735895823
16.966593,73.4766,11.2500,11.2500,0,0,17.194495,735895823
16.968631,73.4766,11.2500,11.2500,0,0,17.194495,735895823
16.970607,73.4766,11.2500,11.2500,0,0,17.194495,735895823
16.972586,73.4766,11.4258,11.4258,0,0,17.194495,735895823
16.974657,73.4766,11.4258,11.4258,0,0,17.194495,735895823
16.976631,73.4766,11.4258,11.4258,0,0,17.194495,735895823
16.978607,73.4766,11.4258,11.4258,0,0,17.194495,735895823
16.980585,73.4766,11.4258,11.4258,0,0,17.194495,735895823
16.982586,73.4766,11.4258,11.4258,0,0,17.194495,735895823
16.984658,73.4766,11.4258,11.4258,0,0,17.194495,735895823
16.986631,73.4766,11.4258,11.4258,0,0,17.194495,735895823
16.988607,73.4766,11.4258,11.4258,0,0,17.194495,735895823
16.990586,73.4766,11.4258,11.4258,0,0,17.194495,735895823
16.992657,73.4766,11.4258,11.4258,0,0,17.194495,735895823
16.994631,73.4766,11.4258,11.4258,0,0,17.194495,735895823
16.996607,73.4766,11.4258,11.4258,0,0,17.194495,735895823
16.998605,73.4766,11.4258,11.4258,0,0,17.194495,735895823
17.000580,73.4766,11.4258,11.4258,0,0,17.194495,735895823
17.002653,73.4766,11.2500,11.2500,0,0,17.194495,735895823
17.007717,73.4766,11.2500,11.2500,0,0,17.194495,735895823
17.008032,73.4766,11.2500,11.2500,0,0,17.194495,735895823
17.008636,73.4766,11.2500,11.2500,0,0,17.194495,735895823
17.010612,73.4766,11.2500,11.2500,0,0,17.194495,735895823
17.012592,73.4766,11.2500,11.2500,0,0,17.194495,735895823
17.014569,73.4766,11.2500,11.2500,0,0,17.194495,735895823
17.016631,73.4766,11.2500,11.2500,0,0,17.194495,735895823
17.018593,73.6523,11.2500,11.2500,0,0,17.194495,735895823
17.020685,73.6523,11.2500,11.2500,0,0,17.194495,735895823
17.022586,73.6523,11.2500,11.2500,0,0,17.194495,735895823
17.024623,73.6523,11.2500,11.2500,0,0,17.194495,735895823
17.026623,73.6523,11.2500,11.2500,0,0,17.194495,735895823
17.028599,73.6523,11.2500,11.2500,0,0,17.194495,735895823
17.030578,73.6523,11.2500,11.2500,0,0,17.194495,735895823
17.032651,73.6523,11.2500,11.2500,0,0,17.194495,735895823
17.034627,73.6523,11.2500,11.2500,0,0,17.194495,735895823
17.036605,73.6523,11.2500,11.2500,0,0,17.194495,735895823
17.038580,73.6523,11.2500,11.2500,0,0,17.194495,735895823
17.040653,73.6523,11.2500,11.2500,0,0,17.194495,735895823
17.042629,73.6523,11.2500,11.2500,0,0,17.194495,735895823
17.044607,73.6523,11.0742,11.0742,0,0,17.194495,735895823
17.046586,73.6523,11.0742,11.0742,0,0,17.194495,735895823
17.048657,73.6523,11.0742,11.0742,0,0,17.194495,735895823
17.050617,73.6523,11.0742,11.0742,0,0,17.194495,735895823
17.052650,73.6523,11.0742,11.0742,0,0,17.194495,735895823
17.054627,73.6523,11.0742,11.0742,0,0,17.194495,735895823
17.056576,73.6523,11.0742,11.0742,0,0,17.194495,735895823
17.058595,73.6523,11.0742,11.0742,0,0,17.194495,735895823
17.060573,73.6523,11.0742,11.0742,0,0,17.194495,735895823
17.062646,73.6523,11.0742,11.0742,0,0,17.194495,735895823
17.064619,73.6523,11.0742,11.0742,0,0,17.194495,735895823
17.066595,73.6523,11.0742,11.0742,0,0,17.194495,735895823
17.068573,73.6523,11.0742,11.0742,0,0,17.194495,735895823
17.070650,73.6523,11.0742,11.0742,0,0,17.194495,735895823
17.072626,73.6523,11.0742,11.0742,0,0,17.194495,735895823
17.074604,73.6523,11.0742,11.0742,0,0,17.194495,735895823
17.076579,73.6523,11.0742,11.0742,0,0,17.194495,735895823
17.078655,73.6523,11.0742,11.0742,0,0,17.194495,735895823
17.080631,73.6523,11.0742,11.0742,0,0,17.194495,735895823
17.082615,73.6523,11.0742,11.0742,0,0,17.194495,735895823
17.084592,73.6523,11.0742,11.0742,0,0,17.194495,735895823
17.086569,73.6523,10.8984,10.8984,0,0,17.194495,735895823
17.088641,73.6523,10.8984,10.8984,0,0,17.194495,735895823
17.090614,73.6523,10.8984,10.8984,0,0,17.194495,735895823
17.092592,73.6523,10.8984,10.8984,0,0,17.194495,735895823
17.094569,73.6523,10.8984,10.8984,0,0,17.194495,735895823
17.096641,73.6523,10.8984,10.8984,0,0,17.194495,735895823
17.098614,73.6523,10.8984,10.8984,0,0,17.194495,735895823
17.100592,73.6523,10.8984,10.8984,0,0,17.194495,735895823
17.102569,73.6523,10.8984,10.8984,0,0,17.194495,735895823
17.107232,73.6523,10.8984,10.8984,0,0,17.194495,735895823
17.107506,73.6523,10.8984,10.8984,0,0,17.194495,735895823
17.108596,73.6523,10.8984,10.8984,0,0,17.194495,735895823
17.110573,73.6523,10.8984,10.8984,0,0,17.194495,735895823
17.112646,73.6523,10.8984,10.8984,0,0,17.194495,735895823
17.114619,73.6523,10.8984,10.8984,0,0,17.194495,735895823
17.116595,73.6523,10.7227,10.7227,0,0,17.194495,735895823
17.118573,73.6523,10.7227,10.7227,0,0,17.194495,735895823
17.120650,73.6523,10.7227,10.7227,0,0,17.194495,735895823
17.122626,73.6523,10.7227,10.7227,0,0,17.194495,735895823
17.124604,73.6523,10.7227,10.7227,0,0,17.194495,735895823
17.126579,73.6523,10.7227,10.7227,0,0,17.194495,735895823
17.128655,73.6523,10.7227,10.7227,0,0,17.194495,735895823
17.130631,73.6523,10.7227,10.7227,0,0,17.194495,735895823
17.132607,73.6523,10.7227,10.7227,0,0,17.194495,735895823
17.134585,73.6523,10.7227,10.7227,0,0,17.194495,735895823
17.136657,73.6523,10.7227,10.7227,0,0,17.194495,735895823
17.138631,73.6523,10.7227,10.7227,0,0,17.194495,735895823
17.140607,73.6523,10.7227,10.7227,0,0,17.194495,735895823
17.142585,73.6523,10.5469,10.5469,0,0,17.194495,735895823
17.144657,73.6523,10.5469,10.5469,0,0,17.194495,735895823
17.146631,73.6523,10.5469,10.5469,0,0,17.194495,735895823
17.148607,73.6523,10.5469,10.5469,0,0,17.194495,735895823
17.150585,73.6523,10.5469,10.5469,0,0,17.194495,735895823
17.152592,73.6523,10.5469,10.5469,0,0,17.194495,735895823
17.154579,73.6523,10.5469,10.5469,0,0,17.194495,735895823
17.156589,73.6523,10.5469,10.5469,0,0,17.194495,735895823
17.158564,73.6523,10.5469,10.5469,0,0,17.194495,735895823
17.160636,73.6523,10.3711,10.3711,0,0,17.194495,735895823
17.162612,73.6523,10.3711,10.3711,0,0,17.194495,735895823
17.164592,73.6523,10.3711,10.3711,0,0,17.194495,735895823
17.166639,73.6523,10.3711,10.3711,0,0,17.194495,735895823
17.168586,73.6523,10.3711,10.3711,0,0,17.194495,735895823
17.170592,73.6523,10.3711,10.3711,0,0,17.194495,735895823
17.172652,73.6523,10.3711,10.3711,0,0,17.194495,735895823
17.174616,73.6523,10.3711,10.3711,0,0,17.194495,735895823
17.176633,73.6523,10.3711,10.3711,0,0,17.194495,735895823
17.178605,73.6523,10.3711,10.3711,0,0,17.194495,735895823
17.180936,73.6523,10.3711,10.3711,0,0,17.194495,735895823
17.185509,73.6523,10.3711,10.3711,0,0,17.461098,736151389
17.186198,73.6523,10.3711,10.3711,0,0,17.461098,736151389
17.186641,73.6523,10.3711,10.3711,0,0,17.461098,736151389
17.188656,73.6523,10.1953,10.1953,0,0,17.461098,736151389
17.190643,73.6523,10.1953,10.1953,0,0,17.461098,736151389
17.192643,73.6523,10.1953,10.1953,0,0,17.461098,736151389
17.194637,73.6523,10.1953,10.1953,0,0,17.461098,736151389
17.196671,73.6523,10.1953,10.1953,0,0,17.461098,736151389
17.198644,73.6523,10.1953,10.1953,0,0,17.461098,736151389
17.200652,73.6523,10.1953,10.1953,0,0,17.461098,736151389
17.202703,73.6523,10.1953,10.1953,0,0,17.461098,736151389
17.208218,73.6523,10.1953,10.1953,0,0,17.461098,736151389
17.208542,73.6523,10.1953,10.1953,0,0,17.461098,736151389
17.208751,73.6523,10.1953,10.1953,0,0,17.461098,736151389
17.210665,73.6523,10.1953,10.1953,0,0,17.461098,736151389
17.212595,73.6523,10.1953,10.1953,0,0,17.461098,736151389
17.214626,73.6523,10.1953,10.1953,0,0,17.461098,736151389
17.216605,73.6523,10.1953,10.1953,0,0,17.461098,736151389
17.218580,73.6523,10.0195,10.0195,0,0,17.461098,736151389
17.220653,73.6523,10.0195,10.0195,0,0,17.461098,736151389
17.222629,73.6523,10.0195,10.0195,0,0,17.461098,736151389
17.224607,73.6523,10.0195,10.0195,0,0,17.461098,736151389
17.226586,73.6523,10.0195,10.0195,0,0,17.461098,736151389
17.228657,73.6523,10.0195,10.0195,0,0,17.461098,736151389
17.230631,73.6523,10.0195,10.0195,0,0,17.461098,736151389
17.232607,73.6523,10.0195,10.0195,0,0,17.461098,736151389
17.234585,73.6523,10.0195,10.0195,0,0,17.461098,736151389
17.236657,73.6523,10.0195,10.0195,0,0,17.461098,736151389
17.238631,73.6523,10.0195,10.0195,0,0,17.461098,736151389
17.240607,73.6523,10.0195,10.0195,0,0,17.461098,736151389
17.242585,73.6523,10.0195,10.0195,0,0,17.461098,736151389
17.244657,73.6523,10.0195,10.0195,0,0,17.461098,736151389
17.246631,73.6523,10.0195,10.0195,0,0,17.461098,736151389
17.248607,73.6523,10.0195,10.0195,0,0,17.461098,736151389
17.250585,73.6523,10.0195,10.0195,0,0,17.461098,736151389
17.252657,73.6523,10.0195,10.0195,0,0,17.461098,736151389
17.254599,73.6523,10.0195,10.0195,0,0,17.461098,736151389
17.256596,73.6523,10.0195,10.0195,0,0,17.461098,736151389
17.258603,73.6523,10.0195,10.0195,0,0,17.461098,736151389
17.260586,73.6523,10.0195,10.0195,0,0,17.461098,736151389
17.262657,73.6523,10.0195,10.0195,0,0,17.461098,736151389
17.264631,73.6523,10.0195,10.0195,0,0,17.461098,736151389
17.266607,73.6523,10.0195,10.0195,0,0,17.461098,736151389
17.268585,73.6523,9.8438,9.8438,0,0,17.461098,736151389
17.270657,73.6523,9.8438,9.8438,0,0,17.461098,736151389
17.272631,73.6523,9.8438,9.8438,0,0,17.461098,736151389
17.274607,73.6523,9.8438,9.8438,0,0,17.461098,736151389
17.276586,73.6523,9.8438,9.8438,0,0,17.461098,736151389
17.278657,73.6523,9.8438,9.8438,0,0,17.461098,736151389
17.280631,73.6523,9.8438,9.8438,0,0,17.461098,736151389
17.282620,73.6523,9.8438,9.8438,0,0,17.461098,736151389
17.284595,73.6523,9.8438,9.8438,0,0,17.461098,736151389
17.286573,73.6523,9.8438,9.8438,0,0,17.461098,736151389
17.288651,73.6523,9.8438,9.8438,0,0,17.461098,736151389
17.290627,73.6523,9.8438,9.8438,0,0,17.461098,736151389
17.292604,73.6523,9.8438,9.8438,0,0,17.461098,736151389
17.294579,73.6523,9.8438,9.8438,0,0,17.461098,736151389
17.296655,73.6523,9.8438,9.8438,0,0,17.461098,736151389
17.298631,73.6523,9.8438,9.8438,0,0,17.461098,736151389
17.300607,73.6523,9.8438,9.8438,0,0,17.461098,736151389
17.302585,73.6523,9.8438,9.8438,0,0,17.461098,736151389
17.307263,73.6523,9.8438,9.8438,0,0,17.461098,736151389
17.307534,73.6523,9.8438,9.8438,0,0,17.461098,736151389
17.308623,73.6523,9.8438,9.8438,0,0,17.461098,736151389
17.310599,73.6523,9.8438,9.8438,0,0,17.461098,736151389
17.312577,73.6523,9.8438,9.8438,0,0,17.461098,736151389
17.314651,73.6523,9.8438,9.8438,0,0,17.461098,736151389
17.316627,73.6523,9.8438,9.8438,0,0,17.461098,736151389
17.318604,73.6523,9.8438,9.8438,0,0,17.461098,736151389
17.320579,73.6523,9.8438,9.8438,0,0,17.461098,736151389
17.322655,73.6523,9.8438,9.8438,0,0,17.461098,736151389
17.324631,73.6523,9.8438,9.8438,0,0,17.461098,736151389
17.326607,73.6523,9.8438,9.8438,0,0,17.461098,736151389
17.328585,73.6523,9.8438,9.8438,0,0,17.461098,736151389
17.330657,73.6523,10.0195,10.0195,0,0,17.461098,736151389
17.332631,73.6523,10.0195,10.0195,0,0,17.461098,736151389
17.334607,73.6523,10.0195,10.0195,0,0,17.461098,736151389
17.336585,73.6523,10.0195,10.0195,0,0,17.461098,736151389
17.338657,73.6523,10.0195,10.0195,0,0,17.461098,736151389
17.340631,73.6523,10.0195,10.0195,0,0,17.461098,736151389
17.342607,73.6523,10.0195,10.0195,0,0,17.461098,736151389
17.344585,73.6523,10.0195,10.0195,0,0,17.461098,736151389
17.346657,73.6523,10.0195,10.0195,0,0,17.461098,736151389
17.348631,73.6523,10.0195,10.0195,0,0,17.461098,736151389
17.350607,73.6523,10.0195,10.0195,0,0,17.461098,736151389
17.352585,73.6523,10.0195,10.0195,0,0,17.461098,736151389
17.354657,73.6523,10.0195,10.0195,0,0,17.461098,736151389
17.356667,73.6523,10.0195,10.0195,0,0,17.461098,736151389
17.358608,73.6523,10.0195,10.0195,0,0,17.461098,736151389
17.360588,73.6523,10.0195,10.0195,0,0,17.461098,736151389
17.362564,73.6523,10.0195,10.0195,0,0,17.461098,736151389
17.364636,73.6523,10.0195,10.0195,0,0,17.461098,736151389
17.366612,73.6523,10.0195,10.0195,0,0,17.461098,736151389
17.368592,73.6523,10.0195,10.0195,0,0,17.461098,736151389
17.370569,73.6523,10.0195,10.0195,0,0,17.461098,736151389
17.372642,73.6523,10.0195,10.0195,0,0,17.461098,736151389
17.374653,73.6523,10.0195,10.0195,0,0,17.461098,736151389
17.376636,73.6523,10.1953,10.1953,0,0,17.461098,736151389
17.378592,73.6523,10.1953,10.1953,0,0,17.461098,736151389
17.380570,73.6523,10.1953,10.1953,0,0,17.461098,736151389
17.382581,73.6523,10.1953,10.1953,0,0,17.461098,736151389
17.384631,73.6523,10.1953,10.1953,0,0,17.461098,736151389
17.386623,73.6523,10.1953,10.1953,0,0,17.461098,736151389
17.388599,73.6523,10.1953,10.1953,0,0,17.461098,736151389
17.390577,73.6523,10.1953,10.1953,0,0,17.461098,736151389
17.392651,73.6523,10.1953,10.1953,0,0,17.461098,736151389
17.394627,73.6523,10.1953,10.1953,0,0,17.461098,736151389
17.396605,73.6523,10.1953,10.1953,0,0,17.461098,736151389
17.398580,73.6523,10.1953,10.1953,0,0,17.461098,736151389
17.400653,73.6523,10.1953,10.1953,0,0,17.461098,736151389
17.402629,73.6523,10.1953,10.1953,0,0,17.461098,736151389
17.407305,73.6523,10.1953,10.1953,0,0,17.461098,736151389
17.407577,73.6523,10.1953,10.1953,0,0,17.461098,736151389
17.408570,73.6523,10.1953,10.1953,0,0,17.461098,736151389
17.410642,73.6523,10.3711,10.3711,0,0,17.461098,736151389
17.412632,73.6523,10.3711,10.3711,0,0,17.461098,736151389
17.414571,73.6523,10.3711,10.3711,0,0,17.461098,736151389
17.416664,73.6523,10.3711,10.3711,0,0,17.461098,736151389
17.418595,73.6523,10.3711,10.3711,0,0,17.461098,736151389
17.420572,73.6523,10.3711,10.3711,0,0,17.461098,736151389
17.422646,73.6523,10.3711,10.3711,0,0,17.461098,736151389
17.425244,73.6523,10.3711,10.3711,0,0,17.461098,736151389
17.426575,73.6523,10.3711,10.3711,0,0,17.461098,736151389
17.428651,73.6523,10.3711,10.3711,0,0,17.461098,736151389
17.430627,73.6523,10.3711,10.3711,0,0,17.461098,736151389
17.432604,73.6523,10.3711,10.3711,0,0,17.461098,736151389
17.434580,73.6523,10.3711,10.3711,0,0,17.461098,736151389
17.436631,73.6523,10.3711,10.3711,0,0,17.461098,736151389
17.441159,73.6523,10.5469,10.5469,0,0,17.703385,736409523
17.441870,73.6523,10.5469,10.5469,0,0,17.703385,736409523
17.442568,73.6523,10.5469,10.5469,0,0,17.703385,736409523
17.444876,73.6523,10.5469,10.5469,0,0,17.703385,736409523
17.446593,73.6523,10.5469,10.5469,0,0,17.703385,736409523
17.448630,73.6523,10.5469,10.5469,0,0,17.703385,736409523
17.450589,73.6523,10.5469,10.5469,0,0,17.703385,736409523
17.452573,73.6523,10.5469,10.5469,0,0,17.703385,736409523
17.454587,73.6523,10.5469,10.5469,0,0,17.703385,736409523
17.456577,73.6523,10.7227,10.7227,0,0,17.703385,736409523
17.458581,73.6523,10.7227,10.7227,0,0,17.703385,736409523
17.460650,73.6523,10.7227,10.7227,0,0,17.703385,736409523
17.462627,73.6523,10.7227,10.7227,0,0,17.703385,736409523
17.464636,73.6523,10.7227,10.7227,0,0,17.703385,736409523
17.466596,73.6523,10.7227,10.7227,0,0,17.703385,736409523
17.468668,73.6523,10.7227,10.7227,0,0,17.703385,736409523
17.470655,73.6523,10.7227,10.7227,0,0,17.703385,736409523
17.472565,73.6523,10.7227,10.7227,0,0,17.703385,736409523
17.474624,73.6523,10.7227,10.7227,0,0,17.703385,736409523
17.476604,73.6523,10.7227,10.7227,0,0,17.703385,736409523
17.478634,73.6523,10.7227,10.7227,0,0,17.703385,736409523
17.480611,73.6523,10.7227,10.7227,0,0,17.703385,736409523
17.482568,73.6523,10.7227,10.7227,0,0,17.703385,736409523
17.484600,73.6523,10.7227,10.7227,0,0,17.703385,736409523
17.486578,73.6523,10.8984,10.8984,0,0,17.703385,736409523
17.488654,73.6523,10.8984,10.8984,0,0,17.703385,736409523
17.490631,73.6523,10.8984,10.8984,0,0,17.703385,736409523
17.492607,73.6523,10.8984,10.8984,0,0,17.703385,736409523
17.494586,73.6523,10.8984,10.8984,0,0,17.703385,736409523
17.496657,73.6523,10.8984,10.8984,0,0,17.703385,736409523
17.498627,73.6523,10.8984,10.8984,0,0,17.703385,736409523
17.500607,73.6523,10.8984,10.8984,0,0,17.703385,736409523
17.502644,73.6523,10.8984,10.8984,0,0,17.703385,736409523
17.507786,73.6523,10.8984,10.8984,0,0,17.703385,736409523
17.508100,73.6523,10.8984,10.8984,0,0,17.703385,736409523
17.508610,73.6523,10.8984,10.8984,0,0,17.703385,736409523
17.510588,73.6523,10.8984,10.8984,0,0,17.703385,736409523
17.512564,73.6523,10.8984,10.8984,0,0,17.703385,736409523
17.514636,73.6523,10.8984,10.8984,0,0,17.703385,736409523
17.516612,73.6523,10.8984,10.8984,0,0,17.703385,736409523
17.518592,73.6523,10.8984,10.8984,0,0,17.703385,736409523
17.520570,73.6523,10.8984,10.8984,0,0,17.703385,736409523
17.522642,73.6523,10.8984,10.8984,0,0,17.703385,736409523
17.524614,73.6523,10.8984,10.8984,0,0,17.703385,736409523
17.526592,73.6523,11.0742,11.0742,0,0,17.703385,736409523
17.528570,73.6523,11.0742,11.0742,0,0,17.703385,736409523
17.530578,73.6523,11.0742,11.0742,0,0,17.703385,736409523
17.532654,73.6523,11.0742,11.0742,0,0,17.703385,736409523
17.534630,73.6523,11.0742,11.0742,0,0,17.703385,736409523
17.536607,73.6523,11.0742,11.0742,0,0,17.703385,736409523
17.538599,73.6523,11.0742,11.0742,0,0,17.703385,736409523
17.540592,73.6523,11.0742,11.0742,0,0,17.703385,736409523
17.542570,73.6523,11.0742,11.0742,0,0,17.703385,736409523
17.544643,73.6523,11.0742,11.0742,0,0,17.703385,736409523
17.546631,73.6523,11.0742,11.0742,0,0,17.703385,736409523
17.548636,73.6523,11.0742,11.0742,0,0,17.703385,736409523
17.550612,73.6523,11.0742,11.0742,0,0,17.703385,736409523
17.552592,73.6523,11.0742,11.0742,0,0,17.703385,736409523
17.554570,73.6523,11.0742,11.0742,0,0,17.703385,736409523
17.556642,73.6523,11.0742,11.0742,0,0,17.703385,736409523
17.558614,73.6523,11.0742,11.0742,0,0,17.703385,736409523
17.560592,73.6523,11.0742,11.0742,0,0,17.703385,736409523
17.562649,73.6523,11.0742,11.0742,0,0,17.703385,736409523
17.564625,73.6523,11.0742,11.0742,0,0,17.703385,736409523
17.566635,73.6523,11.0742,11.0742,0,0,17.703385,736409523
17.568611,73.6523,11.0742,11.0742,0,0,17.703385,736409523
17.570592,73.6523,11.0742,11.0742,0,0,17.703385,736409523
17.572570,73.6523,11.0742,11.0742,0,0,17.703385,736409523
17.574642,73.6523,11.0742,11.0742,0,0,17.703385,736409523
17.576614,73.6523,11.0742,11.0742,0,0,17.703385,736409523
17.578592,73.6523,11.0742,11.0742,0,0,17.703385,736409523
17.580569,73.6523,11.0742,11.0742,0,0,17.703385,736409523
17.582653,73.6523,11.0742,11.0742,0,0,17.703385,736409523
17.584630,73.6523,11.0742,11.0742,0,0,17.703385,736409523
17.586607,73.6523,11.0742,11.0742,0,0,17.703385,736409523
17.588586,73.6523,11.0742,11.0742,0,0,17.703385,736409523
17.590657,73.6523,11.0742,11.0742,0,0,17.703385,736409523
17.592631,73.6523,11.0742,11.0742,0,0,17.703385,736409523
17.594607,73.6523,11.0742,11.0742,0,0,17.703385,736409523
17.596586,73.6523,11.0742,11.0742,0,0,17.703385,736409523
17.598657,73.6523,11.0742,11.0742,0,0,17.703385,736409523
17.600631,73.6523,11.0742,11.0742,0,0,17.703385,736409523
17.602607,73.6523,11.0742,11.0742,0,0,17.703385,736409523
17.607276,73.6523,11.0742,11.0742,0,0,17.703385,736409523
17.607547,73.6523,11.0742,11.0742,0,0,17.703385,736409523
17.608636,73.6523,11.0742,11.0742,0,0,17.703385,736409523
17.610612,73.6523,11.0742,11.0742,0,0,17.703385,736409523
17.612592,73.6523,11.0742,11.0742,0,0,17.703385,736409523
17.614570,73.6523,11.0742,11.0742,0,0,17.703385,736409523
17.616642,73.6523,11.0742,11.0742,0,0,17.703385,736409523
17.618614,73.6523,11.0742,11.0742,0,0,17.703385,736409523
17.620592,73.6523,11.0742,11.0742,0,0,17.703385,736409523
17.622569,73.6523,11.0742,11.0742,0,0,17.703385,736409523
17.624642,73.6523,11.0742,11.0742,0,0,17.703385,736409523
17.626614,73.6523,11.0742,11.0742,0,0,17.703385,736409523
17.628592,73.6523,11.0742,11.0742,0,0,17.703385,736409523
17.630569,73.6523,11.0742,11.0742,0,0,17.703385,736409523
17.632642,73.6523,11.0742,11.0742,0,0,17.703385,736409523
17.634614,73.6523,11.0742,11.0742,0,0,17.703385,736409523
17.636592,73.6523,11.0742,11.0742,0,0,17.703385,736409523
17.638569,73.6523,11.0742,11.0742,0,0,17.703385,736409523
17.640642,73.6523,11.0742,11.0742,0,0,17.703385,736409523
17.642614,73.6523,11.0742,11.0742,0,0,17.703385,736409523
17.644592,73.6523,11.0742,11.0742,0,0,17.703385,736409523
17.646569,73.6523,10.8984,10.8984,0,0,17.703385,736409523
17.648642,73.6523,10.8984,10.8984,0,0,17.703385,736409523
17.650614,73.6523,10.8984,10.8984,0,0,17.703385,736409523
17.652592,73.6523,10.8984,10.8984,0,0,17.703385,736409523
17.654570,73.6523,10.8984,10.8984,0,0,17.703385,736409523
17.656642,73.6523,10.8984,10.8984,0,0,17.703385,736409523
17.658614,73.6523,10.8984,10.8984,0,0,17.703385,736409523
17.660592,73.6523,10.8984,10.8984,0,0,17.703385,736409523
17.662569,73.6523,10.8984,10.8984,0,0,17.703385,736409523
17.664581,73.6523,10.8984,10.8984,0,0,17.703385,736409523
17.666636,73.6523,10.8984,10.8984,0,0,17.703385,736409523
17.668613,73.6523,10.8984,10.8984,0,0,17.703385,736409523
17.670604,73.6523,10.8984,10.8984,0,0,17.703385,736409523
17.672580,73.6523,10.8984,10.8984,0,0,17.703385,736409523
17.674653,73.6523,10.8984,10.8984,0,0,17.703385,736409523
17.676630,73.6523,10.8984,10.8984,0,0,17.703385,736409523
17.678607,73.6523,10.8984,10.8984,0,0,17.703385,736409523
17.680586,73.6523,10.8984,10.8984,0,0,17.703385,736409523
17.682648,73.6523,10.8984,10.8984,0,0,17.703385,736409523
17.684657,73.6523,10.8984,10.8984,0,0,17.703385,736409523
17.686629,73.6523,10.7227,10.7227,0,0,17.703385,736409523
17.688607,73.6523,10.7227,10.7227,0,0,17.703385,736409523
17.690618,73.6523,10.7227,10.7227,0,0,17.703385,736409523
17.692668,73.6523,10.7227,10.7227,0,0,17.703385,736409523
17.694735,73.6523,10.7227,10.7227,0,0,17.703385,736409523
17.698875,73.6523,10.7227,10.7227,0,0,17.962991,736654761
17.699519,73.6523,10.7227,10.7227,0,0,17.962991,736654761
17.700638,73.6523,10.7227,10.7227,0,0,17.962991,736654761
17.702664,73.6523,10.7227,10.7227,0,0,17.962991,736654761
17.707727,73.6523,10.7227,10.7227,0,0,17.962991,736654761
17.708041,73.6523,10.7227,10.7227,0,0,17.962991,736654761
17.708650,73.6523,10.7227,10.7227,0,0,17.962991,736654761
17.710633,73.6523,10.7227,10.7227,0,0,17.962991,736654761
17.712653,73.6523,10.7227,10.7227,0,0,17.962991,736654761
17.714599,73.6523,10.7227,10.7227,0,0,17.962991,736654761
17.716581,73.6523,10.5469,10.5469,0,0,17.962991,736654761
17.718656,73.6523,10.5469,10.5469,0,0,17.962991,736654761
17.720607,73.6523,10.5469,10.5469,0,0,17.962991,736654761
17.722615,73.6523,10.5469,10.5469,0,0,17.962991,736654761
17.724615,73.6523,10.5469,10.5469,0,0,17.962991,736654761
17.726569,73.6523,10.5469,10.5469,0,0,17.962991,736654761
17.728641,73.6523,10.5469,10.5469,0,0,17.962991,736654761
17.730614,73.6523,10.5469,10.5469,0,0,17.962991,736654761
17.732639,73.6523,10.5469,10.5469,0,0,17.962991,736654761
17.734614,73.6523,10.5469,10.5469,0,0,17.962991,736654761
17.736592,73.6523,10.5469,10.5469,0,0,17.962991,736654761
17.738569,73.6523,10.3711,10.3711,0,0,17.962991,736654761
17.740641,73.6523,10.3711,10.3711,0,0,17.962991,736654761
17.742614,73.6523,10.3711,10.3711,0,0,17.962991,736654761
17.744592,73.6523,10.3711,10.3711,0,0,17.962991,736654761
17.746569,73.6523,10.3711,10.3711,0,0,17.962991,736654761
17.748641,73.6523,10.3711,10.3711,0,0,17.962991,736654761
17.750614,73.6523,10.3711,10.3711,0,0,17.962991,736654761
17.752592,73.6523,10.3711,10.3711,0,0,17.962991,736654761
17.754569,73.6523,10.3711,10.3711,0,0,17.962991,736654761
17.756641,73.6523,10.3711,10.3711,0,0,17.962991,736654761
17.758614,73.6523,10.3711,10.3711,0,0,17.962991,736654761
17.760592,73.6523,10.3711,10.3711,0,0,17.962991,736654761
17.762569,73.6523,10.3711,10.3711,0,0,17.962991,736654761
17.764641,73.6523,10.3711,10.3711,0,0,17.962991,736654761
17.766668,73.6523,10.3711,10.3711,0,0,17.962991,736654761
17.768659,73.6523,10.1953,10.1953,0,0,17.962991,736654761
17.770588,73.6523,10.1953,10.1953,0,0,17.962991,736654761
17.772564,73.6523,10.1953,10.1953,0,0,17.962991,736654761
17.774636,73.6523,10.1953,10.1953,0,0,17.962991,736654761
17.776612,73.6523,10.1953,10.1953,0,0,17.962991,736654761
17.778592,73.6523,10.1953,10.1953,0,0,17.962991,736654761
17.780569,73.6523,10.1953,10.1953,0,0,17.962991,736654761
17.782656,73.6523,10.1953,10.1953,0,0,17.962991,736654761
17.784631,73.6523,10.1953,10.1953,0,0,17.962991,736654761
17.786607,73.6523,10.1953,10.1953,0,0,17.962991,736654761
17.788586,73.6523,10.1953,10.1953,0,0,17.962991,736654761
17.790657,73.6523,10.1953,10.1953,0,0,17.962991,736654761
17.792631,73.6523,10.1953,10.1953,0,0,17.962991,736654761
17.794607,73.6523,10.1953,10.1953,0,0,17.962991,736654761
17.796586,73.6523,10.1953,10.1953,0,0,17.962991,736654761
17.798657,73.6523,10.1953,10.1953,0,0,17.962991,736654761
17.800631,73.6523,10.1953,10.1953,0,0,17.962991,736654761
17.802607,73.6523,10.1953,10.1953,0,0,17.962991,736654761
17.807359,73.6523,10.0195,10.0195,0,0,17.962991,736654761
17.807649,73.6523,10.0195,10.0195,0,0,17.962991,736654761
17.808647,73.6523,10.0195,10.0195,0,0,17.962991,736654761
17.810619,73.6523,10.0195,10.0195,0,0,17.962991,736654761
17.812595,73.6523,10.0195,10.0195,0,0,17.962991,736654761
17.814573,73.6523,10.0195,10.0195,0,0,17.962991,736654761
17.816650,73.6523,10.0195,10.0195,0,0,17.962991,736654761
17.818626,73.6523,10.0195,10.0195,0,0,17.962991,736654761
17.820604,73.6523,10.0195,10.0195,0,0,17.962991,736654761
17.822580,73.6523,10.0195,10.0195,0,0,17.962991,736654761
17.824655,73.6523,10.0195,10.0195,0,0,17.962991,736654761
17.826631,73.6523,10.0195,10.0195,0,0,17.962991,736654761
17.828607,73.6523,10.0195,10.0195,0,0,17.962991,736654761
17.830586,73.6523,10.0195,10.0195,0,0,17.962991,736654761
17.832657,73.6523,10.0195,10.0195,0,0,17.962991,736654761
17.834631,73.6523,10.0195,10.0195,0,0,17.962991,736654761
17.836607,73.6523,10.0195,10.0195,0,0,17.962991,736654761
17.838586,73.6523,10.0195,10.0195,0,0,17.962991,736654761
17.840657,73.6523,10.0195,10.0195,0,0,17.962991,736654761
17.842631,73.6523,10.0195,10.0195,0,0,17.962991,736654761
17.844607,73.6523,10.0195,10.0195,0,0,17.962991,736654761
17.846586,73.6523,10.0195,10.0195,0,0,17.962991,736654761
17.848657,73.6523,10.0195,10.0195,0,0,17.962991,736654761
17.850631,73.6523,10.0195,10.0195,0,0,17.962991,736654761
17.852607,73.6523,10.0195,10.0195,0,0,17.962991,736654761
17.854586,73.6523,10.0195,10.0195,0,0,17.962991,736654761
17.856657,73.6523,10.0195,10.0195,0,0,17.962991,736654761
17.858631,73.6523,10.0195,10.0195,0,0,17.962991,736654761
17.860607,73.6523,10.0195,10.0195,0,0,17.962991,736654761
17.862586,73.6523,10.0195,10.0195,0,0,17.962991,736654761
17.864657,73.6523,10.0195,10.0195,0,0,17.962991,736654761
17.866631,73.6523,10.0195,10.0195,0,0,17.962991,736654761
17.868607,73.6523,10.0195,10.0195,0,0,17.962991,736654761
17.870636,73.6523,10.0195,10.0195,0,0,17.962991,736654761
17.872612,73.6523,10.0195,10.0195,0,0,17.962991,736654761
17.874592,73.6523,10.0195,10.0195,0,0,17.962991,736654761
17.876594,73.6523,10.0195,10.0195,0,0,17.962991,736654761
17.878573,73.6523,10.0195,10.0195,0,0,17.962991,736654761
17.880646,73.6523,10.0195,10.0195,0,0,17.962991,736654761
17.882629,73.6523,10.0195,10.0195,0,0,17.962991,736654761
17.884607,73.6523,10.0195,10.0195,0,0,17.962991,736654761
17.886586,73.6523,10.0195,10.0195,0,0,17.962991,736654761
17.888657,73.6523,10.0195,10.0195,0,0,17.962991,736654761
17.890631,73.6523,10.0195,10.0195,0,0,17.962991,736654761
17.892607,73.6523,10.0195,10.0195,0,0,17.962991,736654761
17.894586,73.6523,10.0195,10.0195,0,0,17.962991,736654761
17.896657,73.6523,10.0195,10.0195,0,0,17.962991,736654761
17.898631,73.6523,10.0195,10.0195,0,0,17.962991,736654761
17.900607,73.6523,10.0195,10.0195,0,0,17.962991,736654761
17.902586,73.6523,10.0195,10.0195,0,0,17.962991,736654761
17.907263,73.6523,10.0195,10.0195,0,0,17.962991,736654761
17.907535,73.6523,10.0195,10.0195,0,0,17.962991,736654761
17.908624,73.6523,10.0195,10.0195,0,0,17.962991,736654761
17.910600,73.6523,10.0195,10.0195,0,0,17.962991,736654761
17.912577,73.6523,10.0195,10.0195,0,0,17.962991,736654761
17.914654,73.6523,10.0195,10.0195,0,0,17.962991,736654761
17.916631,73.6523,10.0195,10.0195,0,0,17.962991,736654761
17.918607,73.6523,10.0195,10.0195,0,0,17.962991,736654761
17.920586,73.6523,10.0195,10.0195,0,0,17.962991,736654761
17.922657,73.6523,10.0195,10.0195,0,0,17.962991,736654761
17.924652,73.6523,10.0195,10.0195,0,0,17.962991,736654761
17.926585,73.6523,10.0195,10.0195,0,0,17.962991,736654761
17.928624,73.6523,10.0195,10.0195,0,0,17.962991,736654761
17.930600,73.6523,10.0195,10.0195,0,0,17.962991,736654761
17.932577,73.6523,10.0195,10.0195,0,0,17.962991,736654761
17.934654,73.6523,10.0195,10.0195,0,0,17.962991,736654761
17.936631,73.6523,10.0195,10.0195,0,0,17.962991,736654761
17.938639,73.6523,10.1953,10.1953,0,0,17.962991,736654761
17.940582,73.6523,10.1953,10.1953,0,0,17.962991,736654761
17.944309,73.6523,10.1953,10.1953,0,0,18.211613,736912103
17.944868,73.6523,10.1953,10.1953,0,0,18.211613,736912103
17.946615,73.6523,10.1953,10.1953,0,0,18.211613,736912103
17.948599,73.6523,10.1953,10.1953,0,0,18.211613,736912103
17.950571,73.6523,10.1953,10.1953,0,0,18.211613,736912103
17.952628,73.6523,10.1953,10.1953,0,0,18.211613,736912103
17.954658,73.6523,10.1953,10.1953,0,0,18.211613,736912103
17.956652,73.6523,10.1953,10.1953,0,0,18.211613,736912103
17.958617,73.6523,10.1953,10.1953,0,0,18.211613,736912103
17.960585,73.6523,10.1953,10.1953,0,0,18.211613,736912103
17.962644,73.6523,10.1953,10.1953,0,0,18.211613,736912103
17.964606,73.6523,10.1953,10.1953,0,0,18.211613,736912103
17.966571,73.6523,10.1953,10.1953,0,0,18.211613,736912103
17.968671,73.6523,10.1953,10.1953,0,0,18.211613,736912103
17.970771,73.6523,10.1953,10.1953,0,0,18.211613,736912103
17.972607,73.6523,10.1953,10.1953,0,0,18.211613,736912103
17.974661,73.6523,10.1953,10.1953,0,0,18.211613,736912103
17.976585,73.6523,10.1953,10.1953,0,0,18.211613,736912103
17.978576,73.6523,10.3711,10.3711,0,0,18.211613,736912103
17.980612,73.6523,10.3711,10.3711,0,0,18.211613,736912103
17.982569,73.6523,10.3711,10.3711,0,0,18.211613,736912103
17.984629,73.6523,10.3711,10.3711,0,0,18.211613,736912103
17.986593,73.6523,10.3711,10.3711,0,0,18.211613,736912103
17.988652,73.6523,10.3711,10.3711,0,0,18.211613,736912103
17.990617,73.6523,10.3711,10.3711,0,0,18.211613,736912103
17.992585,73.6523,10.3711,10.3711,0,0,18.211613,736912103
17.994644,73.6523,10.3711,10.3711,0,0,18.211613,736912103
17.996606,73.6523,10.3711,10.3711,0,0,18.211613,736912103
17.998588,73.6523,10.3711,10.3711,0,0,18.211613,736912103
18.000649,73.6523,10.3711,10.3711,0,0,18.211613,736912103
18.002610,73.6523,10.3711,10.3711,0,0,18.211613,736912103
18.007764,73.6523,10.3711,10.3711,0,0,18.211613,736912103
18.008078,73.6523,10.3711,10.3711,0,0,18.211613,736912103
18.008585,73.6523,10.3711,10.3711,0,0,18.211613,736912103
18.010644,73.6523,10.3711,10.3711,0,0,18.211613,736912103
18.012606,73.6523,10.5469,10.5469,0,0,18.211613,736912103
18.014570,73.6523,10.5469,10.5469,0,0,18.211613,736912103
18.016628,73.6523,10.5469,10.5469,0,0,18.211613,736912103
18.018594,73.6523,10.5469,10.5469,0,0,18.211613,736912103
18.020653,73.6523,10.5469,10.5469,0,0,18.211613,736912103
18.022617,73.6523,10.5469,10.5469,0,0,18.211613,736912103
18.024586,73.6523,10.5469,10.5469,0,0,18.211613,736912103
18.026644,73.6523,10.5469,10.5469,0,0,18.211613,736912103
18.028606,73.6523,10.5469,10.5469,0,0,18.211613,736912103
18.030570,73.6523,10.5469,10.5469,0,0,18.211613,736912103
18.032628,73.6523,10.7227,10.7227,0,0,18.211613,736912103
18.034594,73.6523,10.7227,10.7227,0,0,18.211613,736912103
18.036653,73.6523,10.7227,10.7227,0,0,18.211613,736912103
18.038617,73.6523,10.7227,10.7227,0,0,18.211613,736912103
18.040586,73.6523,10.7227,10.7227,0,0,18.211613,736912103
18.042644,73.6523,10.7227,10.7227,0,0,18.211613,736912103
18.044606,73.6523,10.7227,10.7227,0,0,18.211613,736912103
18.046570,73.6523,10.7227,10.7227,0,0,18.211613,736912103
18.048628,73.6523,10.7227,10.7227,0,0,18.211613,736912103
18.050594,73.6523,10.7227,10.7227,0,0,18.211613,736912103
18.052653,73.6523,10.7227,10.7227,0,0,18.211613,736912103
18.054617,73.6523,10.7227,10.7227,0,0,18.211613,736912103
18.056586,73.6523,10.7227,10.7227,0,0,18.211613,736912103
18.058644,73.6523,10.7227,10.7227,0,0,18.211613,736912103
18.060606,73.6523,10.7227,10.7227,0,0,18.211613,736912103
18.062570,73.6523,10.7227,10.7227,0,0,18.211613,736912103
18.064628,73.6523,10.7227,10.7227,0,0,18.211613,736912103
18.066594,73.6523,10.7227,10.7227,0,0,18.211613,736912103
18.068653,73.6523,10.7227,10.7227,0,0,18.211613,736912103
18.070617,73.6523,10.8984,10.8984,0,0,18.211613,736912103
18.072586,73.6523,10.8984,10.8984,0,0,18.211613,736912103
18.074649,73.6523,10.8984,10.8984,0,0,18.211613,736912103
18.076610,73.6523,10.8984,10.8984,0,0,18.211613,736912103
18.078584,73.6523,10.8984,10.8984,0,0,18.211613,736912103
18.080644,73.6523,10.8984,10.8984,0,0,18.211613,736912103
18.082614,73.6523,10.8984,10.8984,0,0,18.211613,736912103
18.084580,73.6523,10.8984,10.8984,0,0,18.211613,736912103
18.086642,73.6523,10.8984,10.8984,0,0,18.211613,736912103
18.088606,73.6523,10.8984,10.8984,0,0,18.211613,736912103
18.090570,73.6523,10.8984,10.8984,0,0,18.211613,736912103
18.092628,73.6523,10.8984,10.8984,0,0,18.211613,736912103
18.094594,73.6523,10.8984,10.8984,0,0,18.211613,736912103
18.096653,73.6523,10.8984,10.8984,0,0,18.211613,736912103
18.098617,73.6523,10.8984,10.8984,0,0,18.211613,736912103
18.100586,73.6523,10.8984,10.8984,0,0,18.211613,736912103
18.102644,73.6523,10.8984,10.8984,0,0,18.211613,736912103
18.107307,73.6523,10.8984,10.8984,0,0,18.211613,736912103
18.107579,73.6523,10.8984,10.8984,0,0,18.211613,736912103
18.108568,73.6523,10.8984,10.8984,0,0,18.211613,736912103
18.110629,73.6523,10.8984,10.8984,0,0,18.211613,736912103
18.112593,73.6523,10.8984,10.8984,0,0,18.211613,736912103
18.114652,73.6523,10.8984,10.8984,0,0,18.211613,736912103
18.116617,73.6523,10.8984,10.8984,0,0,18.211613,736912103
18.118585,73.6523,10.8984,10.8984,0,0,18.211613,736912103
18.120644,73.6523,11.0742,11.0742,0,0,18.211613,736912103
18.122606,73.6523,11.0742,11.0742,0,0,18.211613,736912103
18.124570,73.6523,11.0742,11.0742,0,0,18.211613,736912103
18.126628,73.6523,11.0742,11.0742,0,0,18.211613,736912103
18.128594,73.6523,11.0742,11.0742,0,0,18.211613,736912103
18.130653,73.6523,11.0742,11.0742,0,0,18.211613,736912103
18.132617,73.6523,11.0742,11.0742,0,0,18.211613,736912103
18.134585,73.6523,11.0742,11.0742,0,0,18.211613,736912103
18.136644,73.6523,11.0742,11.0742,0,0,18.211613,736912103
18.138606,73.6523,11.0742,11.0742,0,0,18.211613,736912103
18.140570,73.6523,11.0742,11.0742,0,0,18.211613,736912103
18.142628,73.6523,11.0742,11.0742,0,0,18.211613,736912103
18.144594,73.6523,11.0742,11.0742,0,0,18.211613,736912103
18.146653,73.6523,11.0742,11.0742,0,0,18.211613,736912103
18.148617,73.6523,11.0742,11.0742,0,0,18.211613,736912103
18.150586,73.6523,11.0742,11.0742,0,0,18.211613,736912103
18.152644,73.6523,11.0742,11.0742,0,0,18.211613,736912103
18.154606,73.6523,11.0742,11.0742,0,0,18.211613,736912103
18.156570,73.6523,11.0742,11.0742,0,0,18.211613,736912103
18.158628,73.6523,11.0742,11.0742,0,0,18.211613,736912103
18.160594,73.6523,11.0742,11.0742,0,0,18.211613,736912103
18.162653,73.6523,11.0742,11.0742,0,0,18.211613,736912103
18.164617,73.6523,11.0742,11.0742,0,0,18.211613,736912103
18.166586,73.6523,11.0742,11.0742,0,0,18.211613,736912103
18.168644,73.6523,11.0742,11.0742,0,0,18.211613,736912103
18.170606,73.6523,11.0742,11.0742,0,0,18.211613,736912103
18.172570,73.6523,11.0742,11.0742,0,0,18.211613,736912103
18.174628,73.6523,11.0742,11.0742,0,0,18.211613,736912103
18.176649,73.6523,11.0742,11.0742,0,0,18.211613,736912103
18.178610,73.6523,11.0742,11.0742,0,0,18.211613,736912103
18.180578,73.6523,11.0742,11.0742,0,0,18.211613,736912103
18.182624,73.6523,11.0742,11.0742,0,0,18.211613,736912103
18.184568,73.6523,11.0742,11.0742,0,0,18.211613,736912103
18.186633,73.6523,11.0742,11.0742,0,0,18.211613,736912103
18.188597,73.6523,11.0742,11.0742,0,0,18.211613,736912103
18.190642,73.6523,11.0742,11.0742,0,0,18.211613,736912103
18.192614,73.6523,11.0742,11.0742,0,0,18.211613,736912103
18.194646,73.6523,11.0742,11.0742,0,0,18.211613,736912103
18.197224,73.6523,11.0742,11.0742,0,0,18.211613,736912103
18.201640,73.6523,10.8984,10.8984,0,0,18.461273,737150951
18.202194,73.6523,10.8984,10.8984,0,0,18.461273,737150951
18.202620,73.6523,10.8984,10.8984,0,0,18.461273,737150951
18.208300,73.6523,10.8984,10.8984,0,0,18.461273,737150951
18.208635,73.6523,10.8984,10.8984,0,0,18.461273,737150951
18.208848,73.6523,10.8984,10.8984,0,0,18.461273,737150951
18.210632,73.6523,10.8984,10.8984,0,0,18.461273,737150951
18.212673,73.6523,10.8984,10.8984,0,0,18.461273,737150951
18.214611,73.6523,10.8984,10.8984,0,0,18.461273,737150951
18.216602,73.6523,10.8984,10.8984,0,0,18.461273,737150951
18.218796,73.6523,10.8984,10.8984,0,0,18.461273,737150951
18.220667,73.6523,10.8984,10.8984,0,0,18.461273,737150951
18.222654,73.6523,10.8984,10.8984,0,0,18.461273,737150951
18.224668,73.6523,10.8984,10.8984,0,0,18.461273,737150951
18.226622,73.6523,10.8984,10.8984,0,0,18.461273,737150951
18.228665,73.6523,10.8984,10.8984,0,0,18.461273,737150951
18.230636,73.6523,10.8984,10.8984,0,0,18.461273,737150951
18.232612,73.6523,10.8984,10.8984,0,0,18.461273,737150951
18.234592,73.6523,10.8984,10.8984,0,0,18.461273,737150951
18.236569,73.6523,10.8984,10.8984,0,0,18.461273,737150951
18.238641,73.6523,10.8984,10.8984,0,0,18.461273,737150951
18.240614,73.6523,10.8984,10.8984,0,0,18.461273,737150951
18.242592,73.6523,10.8984,10.8984,0,0,18.461273,737150951
18.244569,73.6523,10.8984,10.8984,0,0,18.461273,737150951
18.246641,73.6523,10.8984,10.8984,0,0,18.461273,737150951
18.248614,73.6523,10.8984,10.8984,0,0,18.461273,737150951
18.250592,73.6523,10.8984,10.8984,0,0,18.461273,737150951
18.252569,73.6523,10.7227,10.7227,0,0,18.461273,737150951
18.254641,73.6523,10.7227,10.7227,0,0,18.461273,737150951
18.256614,73.6523,10.7227,10.7227,0,0,18.461273,737150951
18.258592,73.6523,10.7227,10.7227,0,0,18.461273,737150951
18.260569,73.6523,10.7227,10.7227,0,0,18.461273,737150951
18.262641,73.6523,10.7227,10.7227,0,0,18.461273,737150951
18.264614,73.6523,10.7227,10.7227,0,0,18.461273,737150951
18.266592,73.6523,10.7227,10.7227,0,0,18.461273,737150951
18.268569,73.6523,10.7227,10.7227,0,0,18.461273,737150951
18.270641,73.6523,10.7227,10.7227,0,0,18.461273,737150951
18.272614,73.6523,10.7227,10.7227,0,0,18.461273,737150951
18.274592,73.6523,10.7227,10.7227,0,0,18.461273,737150951
18.276569,73.6523,10.7227,10.7227,0,0,18.461273,737150951
18.278641,73.6523,10.7227,10.7227,0,0,18.461273,737150951
18.280641,73.6523,10.7227,10.7227,0,0,18.461273,737150951
18.282654,73.6523,10.7227,10.7227,0,0,18.461273,737150951
18.284631,73.6523,10.7227,10.7227,0,0,18.461273,737150951
18.286607,73.6523,10.7227,10.7227,0,0,18.461273,737150951
18.288586,73.6523,10.5469,10.5469,0,0,18.461273,737150951
18.290657,73.6523,10.5469,10.5469,0,0,18.461273,737150951
18.292631,73.6523,10.5469,10.5469,0,0,18.461273,737150951
18.294607,73.6523,10.5469,10.5469,0,0,18.461273,737150951
18.296586,73.6523,10.5469,10.5469,0,0,18.461273,737150951
18.298657,73.6523,10.5469,10.5469,0,0,18.461273,737150951
18.300631,73.6523,10.5469,10.5469,0,0,18.461273,737150951
18.302607,73.6523,10.5469,10.5469,0,0,18.461273,737150951
18.307371,73.6523,10.5469,10.5469,0,0,18.461273,737150951
18.307653,73.6523,10.5469,10.5469,0,0,18.461273,737150951
18.308647,73.6523,10.5469,10.5469,0,0,18.461273,737150951
18.310619,73.6523,10.5469,10.5469,0,0,18.461273,737150951
18.312595,73.6523,10.3711,10.3711,0,0,18.461273,737150951
18.314573,73.6523,10.3711,10.3711,0,0,18.461273,737150951
18.316650,73.6523,10.3711,10.3711,0,0,18.461273,737150951
18.318626,73.6523,10.3711,10.3711,0,0,18.461273,737150951
18.320604,73.6523,10.3711,10.3711,0,0,18.461273,737150951
18.322580,73.6523,10.3711,10.3711,0,0,18.461273,737150951
18.324655,73.6523,10.3711,10.3711,0,0,18.461273,737150951
18.326631,73.6523,10.3711,10.3711,0,0,18.461273,737150951
18.328607,73.6523,10.3711,10.3711,0,0,18.461273,737150951
18.330586,73.6523,10.3711,10.3711,0,0,18.461273,737150951
18.332657,73.6523,10.3711,10.3711,0,0,18.461273,737150951
18.334631,73.6523,10.3711,10.3711,0,0,18.461273,737150951
18.336607,73.6523,10.3711,10.3711,0,0,18.461273,737150951
18.338586,73.6523,10.3711,10.3711,0,0,18.461273,737150951
18.340657,73.6523,10.3711,10.3711,0,0,18.461273,737150951
18.342631,73.6523,10.3711,10.3711,0,0,18.461273,737150951
18.344607,73.6523,10.3711,10.3711,0,0,18.461273,737150951
18.346586,73.6523,10.3711,10.3711,0,0,18.461273,737150951
18.348657,73.6523,10.3711,10.3711,0,0,18.461273,737150951
18.350631,73.6523,10.1953,10.1953,0,0,18.461273,737150951
18.352607,73.6523,10.1953,10.1953,0,0,18.461273,737150951
18.354586,73.6523,10.1953,10.1953,0,0,18.461273,737150951
18.356657,73.6523,10.1953,10.1953,0,0,18.461273,737150951
18.358631,73.6523,10.1953,10.1953,0,0,18.461273,737150951
18.360607,73.6523,10.1953,10.1953,0,0,18.461273,737150951
18.362586,73.6523,10.1953,10.1953,0,0,18.461273,737150951
18.364657,73.6523,10.1953,10.1953,0,0,18.461273,737150951
18.366631,73.6523,10.1953,10.1953,0,0,18.461273,737150951
18.368607,73.6523,10.1953,10.1953,0,0,18.461273,737150951
18.370586,73.6523,10.1953,10.1953,0,0,18.461273,737150951
18.372657,73.6523,10.1953,10.1953,0,0,18.461273,737150951
18.374631,73.6523,10.1953,10.1953,0,0,18.461273,737150951
18.376607,73.6523,10.1953,10.1953,0,0,18.461273,737150951
18.378586,73.6523,10.1953,10.1953,0,0,18.461273,737150951
18.380657,73.6523,10.1953,10.1953,0,0,18.461273,737150951
18.382607,73.6523,10.1953,10.1953,0,0,18.461273,737150951
18.384586,73.6523,10.1953,10.1953,0,0,18.461273,737150951
18.386578,73.6523,10.1953,10.1953,0,0,18.461273,737150951
18.388654,73.6523,10.1953,10.1953,0,0,18.461273,737150951
18.390631,73.6523,10.1953,10.1953,0,0,18.461273,737150951
18.392607,73.6523,10.1953,10.1953,0,0,18.461273,737150951
18.394586,73.6523,10.1953,10.1953,0,0,18.461273,737150951
18.396657,73.6523,10.1953,10.1953,0,0,18.461273,737150951
18.398631,73.6523,10.1953,10.1953,0,0,18.461273,737150951
18.400607,73.6523,10.1953,10.1953,0,0,18.461273,737150951
18.402586,73.6523,10.1953,10.1953,0,0,18.461273,737150951
18.407263,73.6523,10.0195,10.0195,0,0,18.461273,737150951
18.407534,73.6523,10.0195,10.0195,0,0,18.461273,737150951
18.408624,73.6523,10.0195,10.0195,0,0,18.461273,737150951
18.410600,73.6523,10.0195,10.0195,0,0,18.461273,737150951
18.412577,73.6523,10.0195,10.0195,0,0,18.461273,737150951
18.414654,73.6523,10.0195,10.0195,0,0,18.461273,737150951
18.416631,73.6523,10.0195,10.0195,0,0,18.461273,737150951
18.418607,73.6523,10.0195,10.0195,0,0,18.461273,737150951
18.420586,73.6523,10.0195,10.0195,0,0,18.461273,737150951
18.422657,73.6523,10.0195,10.0195,0,0,18.461273,737150951
18.424623,73.6523,10.0195,10.0195,0,0,18.461273,737150951
18.426619,73.6523,10.0195,10.0195,0,0,18.461273,737150951
18.428607,73.6523,10.0195,10.0195,0,0,18.461273,737150951
18.430586,73.6523,10.0195,10.0195,0,0,18.461273,737150951
18.432657,73.6523,10.0195,10.0195,0,0,18.461273,737150951
18.434629,73.6523,10.0195,10.0195,0,0,18.461273,737150951
18.436625,73.6523,10.0195,10.0195,0,0,18.461273,737150951
18.440612,73.6523,10.0195,10.0195,0,0,18.710829,737408188
18.441389,73.6523,10.0195,10.0195,0,0,18.710829,737408188
18.442607,73.6523,10.0195,10.0195,0,0,18.710829,737408188
18.444599,73.6523,10.0195,10.0195,0,0,18.710829,737408188
18.446586,73.6523,10.0195,10.0195,0,0,18.710829,737408188
18.448575,73.6523,10.0195,10.0195,0,0,18.710829,737408188
18.450586,73.6523,10.0195,10.0195,0,0,18.710829,737408188
18.452569,73.6523,10.0195,10.0195,0,0,18.710829,737408188
18.454645,73.6523,10.0195,10.0195,0,0,18.710829,737408188
18.456622,73.6523,10.0195,10.0195,0,0,18.710829,737408188
18.458628,73.6523,10.0195,10.0195,0,0,18.710829,737408188
18.460607,73.6523,10.0195,10.0195,0,0,18.710829,737408188
18.462586,73.6523,10.0195,10.0195,0,0,18.710829,737408188
18.464657,73.6523,10.0195,10.0195,0,0,18.710829,737408188
18.466639,73.6523,10.0195,10.0195,0,0,18.710829,737408188
18.468578,73.6523,10.0195,10.0195,0,0,18.710829,737408188
18.470635,73.6523,10.0195,10.0195,0,0,18.710829,737408188
18.472629,73.6523,10.0195,10.0195,0,0,18.710829,737408188
18.474607,73.6523,10.0195,10.0195,0,0,18.710829,737408188
18.476586,73.6523,10.0195,10.0195,0,0,18.710829,737408188
18.478615,73.6523,10.0195,10.0195,0,0,18.710829,737408188
18.480638,73.6523,10.0195,10.0195,0,0,18.710829,737408188
18.482607,73.6523,10.0195,10.0195,0,0,18.710829,737408188
18.484582,73.6523,10.0195,10.0195,0,0,18.710829,737408188
18.486654,73.6523,10.0195,10.0195,0,0,18.710829,737408188
18.488631,73.6523,10.0195,10.0195,0,0,18.710829,737408188
18.490650,73.6523,10.1953,10.1953,0,0,18.710829,737408188
18.492626,73.6523,10.1953,10.1953,0,0,18.710829,737408188
18.494604,73.6523,10.1953,10.1953,0,0,18.710829,737408188
18.496580,73.6523,10.1953,10.1953,0,0,18.710829,737408188
18.498654,73.6523,10.1953,10.1953,0,0,18.710829,737408188
18.500631,73.6523,10.1953,10.1953,0,0,18.710829,737408188
18.502607,73.6523,10.1953,10.1953,0,0,18.710829,737408188
18.507766,73.6523,10.1953,10.1953,0,0,18.710829,737408188
18.508077,73.6523,10.1953,10.1953,0,0,18.710829,737408188
18.508589,73.6523,10.1953,10.1953,0,0,18.710829,737408188
18.510564,73.6523,10.1953,10.1953,0,0,18.710829,737408188
18.512636,73.6523,10.1953,10.1953,0,0,18.710829,737408188
18.514612,73.6523,10.1953,10.1953,0,0,18.710829,737408188
18.516592,73.6523,10.1953,10.1953,0,0,18.710829,737408188
18.518569,73.6523,10.1953,10.1953,0,0,18.710829,737408188
18.520641,73.6523,10.1953,10.1953,0,0,18.710829,737408188
18.522614,73.6523,10.1953,10.1953,0,0,18.710829,737408188
18.524592,73.6523,10.1953,10.1953,0,0,18.710829,737408188
18.526569,73.6523,10.1953,10.1953,0,0,18.710829,737408188
18.528641,73.6523,10.1953,10.1953,0,0,18.710829,737408188
18.530614,73.6523,10.1953,10.1953,0,0,18.710829,737408188
18.532592,73.6523,10.1953,10.1953,0,0,18.710829,737408188
18.534569,73.6523,10.1953,10.1953,0,0,18.710829,737408188
18.536641,73.6523,10.1953,10.1953,0,0,18.710829,737408188
18.538614,73.6523,10.1953,10.1953,0,0,18.710829,737408188
18.540592,73.6523,10.1953,10.1953,0,0,18.710829,737408188
18.542569,73.6523,10.1953,10.1953,0,0,18.710829,737408188
18.544641,73.6523,10.3711,10.3711,0,0,18.710829,737408188
18.546614,73.6523,10.3711,10.3711,0,0,18.710829,737408188
18.548592,73.6523,10.3711,10.3711,0,0,18.710829,737408188
18.550569,73.6523,10.3711,10.3711,0,0,18.710829,737408188
18.552641,73.6523,10.3711,10.3711,0,0,18.710829,737408188
18.554614,73.6523,10.3711,10.3711,0,0,18.710829,737408188
18.556592,73.6523,10.3711,10.3711,0,0,18.710829,737408188
18.558569,73.6523,10.3711,10.3711,0,0,18.710829,737408188
18.560641,73.6523,10.3711,10.3711,0,0,18.710829,737408188
18.562614,73.6523,10.3711,10.3711,0,0,18.710829,737408188
18.564592,73.6523,10.3711,10.3711,0,0,18.710829,737408188
18.566569,73.6523,10.3711,10.3711,0,0,18.710829,737408188
18.568641,73.6523,10.3711,10.3711,0,0,18.710829,737408188
18.570614,73.6523,10.3711,10.3711,0,0,18.710829,737408188
18.572592,73.6523,10.3711,10.3711,0,0,18.710829,737408188
18.574569,73.6523,10.3711,10.3711,0,0,18.710829,737408188
18.576641,73.6523,10.3711,10.3711,0,0,18.710829,737408188
18.578614,73.6523,10.3711,10.3711,0,0,18.710829,737408188
18.580592,73.6523,10.3711,10.3711,0,0,18.710829,737408188
18.582579,73.6523,10.3711,10.3711,0,0,18.710829,737408188
18.584653,73.6523,10.3711,10.3711,0,0,18.710829,737408188
18.586581,73.6523,10.5469,10.5469,0,0,18.710829,737408188
18.588656,73.6523,10.5469,10.5469,0,0,18.710829,737408188
18.590570,73.6523,10.5469,10.5469,0,0,18.710829,737408188
18.592641,73.6523,10.5469,10.5469,0,0,18.710829,737408188
18.594614,73.6523,10.5469,10.5469,0,0,18.710829,737408188
18.596592,73.6523,10.5469,10.5469,0,0,18.710829,737408188
18.598569,73.6523,10.5469,10.5469,0,0,18.710829,737408188
18.600641,73.6523,10.5469,10.5469,0,0,18.710829,737408188
18.602614,73.6523,10.5469,10.5469,0,0,18.710829,737408188
18.607285,73.6523,10.5469,10.5469,0,0,18.710829,737408188
18.607557,73.6523,10.5469,10.5469,0,0,18.710829,737408188
18.608650,73.6523,10.5469,10.5469,0,0,18.710829,737408188
18.610626,73.6523,10.7227,10.7227,0,0,18.710829,737408188
18.612604,73.6523,10.7227,10.7227,0,0,18.710829,737408188
18.614579,73.6523,10.7227,10.7227,0,0,18.710829,737408188
18.616655,73.6523,10.7227,10.7227,0,0,18.710829,737408188
18.618631,73.6523,10.7227,10.7227,0,0,18.710829,737408188
18.620607,73.6523,10.7227,10.7227,0,0,18.710829,737408188
18.622586,73.6523,10.7227,10.7227,0,0,18.710829,737408188
18.624657,73.6523,10.7227,10.7227,0,0,18.710829,737408188
18.626631,73.6523,10.7227,10.7227,0,0,18.710829,737408188
18.628607,73.6523,10.7227,10.7227,0,0,18.710829,737408188
18.630586,73.6523,10.7227,10.7227,0,0,18.710829,737408188
18.632657,73.6523,10.7227,10.7227,0,0,18.710829,737408188
18.634631,73.6523,10.7227,10.7227,0,0,18.710829,737408188
18.636607,73.6523,10.7227,10.7227,0,0,18.710829,737408188
18.638586,73.6523,10.7227,10.7227,0,0,18.710829,737408188
18.640657,73.6523,10.7227,10.7227,0,0,18.710829,737408188
18.642631,73.6523,10.7227,10.7227,0,0,18.710829,737408188
18.644607,73.6523,10.7227,10.7227,0,0,18.710829,737408188
18.646586,73.6523,10.7227,10.7227,0,0,18.710829,737408188
18.648657,73.6523,10.7227,10.7227,0,0,18.710829,737408188
18.650631,73.6523,10.7227,10.7227,0,0,18.710829,737408188
18.652607,73.6523,10.7227,10.7227,0,0,18.710829,737408188
18.654586,73.6523,10.7227,10.7227,0,0,18.710829,737408188
18.656657,73.6523,10.8984,10.8984,0,0,18.710829,737408188
18.658631,73.6523,10.8984,10.8984,0,0,18.710829,737408188
18.660607,73.6523,10.8984,10.8984,0,0,18.710829,737408188
18.662586,73.6523,10.8984,10.8984,0,0,18.710829,737408188
18.664657,73.6523,10.8984,10.8984,0,0,18.710829,737408188
18.666631,73.6523,10.8984,10.8984,0,0,18.710829,737408188
18.668607,73.6523,10.8984,10.8984,0,0,18.710829,737408188
18.670586,73.6523,10.8984,10.8984,0,0,18.710829,737408188
18.672657,73.6523,10.8984,10.8984,0,0,18.710829,737408188
18.674631,73.6523,10.8984,10.8984,0,0,18.710829,737408188
18.676607,73.6523,10.8984,10.8984,0,0,18.710829,737408188
18.678586,73.6523,10.8984,10.8984,0,0,18.710829,737408188
18.680564,73.6523,10.8984,10.8984,0,0,18.710829,737408188
18.682634,73.6523,10.8984,10.8984,0,0,18.710829,737408188
18.684600,73.6523,10.8984,10.8984,0,0,18.710829,737408188
18.686577,73.6523,10.8984,10.8984,0,0,18.710829,737408188
18.688588,73.6523,10.8984,10.8984,0,0,18.710829,737408188
18.690623,73.6523,10.8984,10.8984,0,0,18.710829,737408188
18.692578,73.6523,10.8984,10.8984,0,0,18.710829,737408188
18.697601,73.6523,10.8984,10.8984,0,0,18.945508,737646406
18.698218,73.6523,10.8984,10.8984,0,0,18.945508,737646406
18.698657,73.6523,10.8984,10.8984,0,0,18.945508,737646406
18.700873,73.6523,10.8984,10.8984,0,0,18.945508,737646406
18.702575,73.6523,10.8984,10.8984,0,0,18.945508,737646406
18.707785,73.6523,10.8984,10.8984,0,0,18.945508,737646406
18.708092,73.6523,10.8984,10.8984,0,0,18.945508,737646406
18.708605,73.6523,10.8984,10.8984,0,0,18.945508,737646406
18.710586,73.6523,10.8984,10.8984,0,0,18.945508,737646406
18.712632,73.6523,10.8984,10.8984,0,0,18.945508,737646406
18.714660,73.6523,10.8984,10.8984,0,0,18.945508,737646406
18.716578,73.6523,10.8984,10.8984,0,0,18.945508,737646406
18.718696,73.6523,10.8984,10.8984,0,0,18.945508,737646406
18.720567,73.6523,10.8984,10.8984,0,0,18.945508,737646406
18.722593,73.6523,10.8984,10.8984,0,0,18.945508,737646406
18.724652,73.6523,10.8984,10.8984,0,0,18.945508,737646406
18.726565,73.6523,10.8984,10.8984,0,0,18.945508,737646406
18.728636,73.6523,10.8984,10.8984,0,0,18.945508,737646406
18.730612,73.6523,10.8984,10.8984,0,0,18.945508,737646406
18.732592,73.6523,10.8984,10.8984,0,0,18.945508,737646406
18.734569,73.6523,10.8984,10.8984,0,0,18.945508,737646406
18.736641,73.6523,10.8984,10.8984,0,0,18.945508,737646406
18.738614,73.6523,10.8984,10.8984,0,0,18.945508,737646406
18.740592,73.6523,10.8984,10.8984,0,0,18.945508,737646406
18.742569,73.6523,10.8984,10.8984,0,0,18.945508,737646406
18.744641,73.6523,10.8984,10.8984,0,0,18.945508,737646406
18.746614,73.6523,10.8984,10.8984,0,0,18.945508,737646406
18.748592,73.6523,10.8984,10.8984,0,0,18.945508,737646406
18.750569,73.6523,10.8984,10.8984,0,0,18.945508,737646406
18.752641,73.6523,10.8984,10.8984,0,0,18.945508,737646406
18.754614,73.6523,10.8984,10.8984,0,0,18.945508,737646406
18.756592,73.6523,10.8984,10.8984,0,0,18.945508,737646406
18.758569,73.6523,10.8984,10.8984,0,0,18.945508,737646406
18.760641,73.6523,10.8984,10.8984,0,0,18.945508,737646406
18.762614,73.6523,10.8984,10.8984,0,0,18.945508,737646406
18.764592,73.6523,10.8984,10.8984,0,0,18.945508,737646406
18.766569,73.6523,10.8984,10.8984,0,0,18.945508,737646406
18.768641,73.6523,10.8984,10.8984,0,0,18.945508,737646406
18.770614,73.6523,10.8984,10.8984,0,0,18.945508,737646406
18.772592,73.6523,10.8984,10.8984,0,0,18.945508,737646406
18.774569,73.6523,10.8984,10.8984,0,0,18.945508,737646406
18.776641,73.6523,10.8984,10.8984,0,0,18.945508,737646406
18.778614,73.6523,10.8984,10.8984,0,0,18.945508,737646406
18.780592,73.6523,10.8984,10.8984,0,0,18.945508,737646406
18.782589,73.6523,10.8984,10.8984,0,0,18.945508,737646406
18.784564,73.6523,10.8984,10.8984,0,0,18.945508,737646406
18.786636,73.6523,10.8984,10.8984,0,0,18.945508,737646406
18.788612,73.6523,10.8984,10.8984,0,0,18.945508,737646406
18.790648,73.6523,10.8984,10.8984,0,0,18.945508,737646406
18.792653,73.6523,10.8984,10.8984,0,0,18.945508,737646406
18.794571,73.6523,10.8984,10.8984,0,0,18.945508,737646406
18.796645,73.6523,10.8984,10.8984,0,0,18.945508,737646406
18.798619,73.6523,10.8984,10.8984,0,0,18.945508,737646406
18.800595,73.6523,10.8984,10.8984,0,0,18.945508,737646406
18.802573,73.6523,10.8984,10.8984,0,0,18.945508,737646406
18.807324,73.6523,10.8984,10.8984,0,0,18.945508,737646406
18.807615,73.6523,10.8984,10.8984,0,0,18.945508,737646406
18.808612,73.6523,10.8984,10.8984,0,0,18.945508,737646406
18.810592,73.6523,10.8984,10.8984,0,0,18.945508,737646406
18.812569,73.6523,10.7227,10.7227,0,0,18.945508,737646406
18.814641,73.6523,10.7227,10.7227,0,0,18.945508,737646406
18.816614,73.6523,10.7227,10.7227,0,0,18.945508,737646406
18.818592,73.6523,10.7227,10.7227,0,0,18.945508,737646406
18.820569,73.6523,10.7227,10.7227,0,0,18.945508,737646406
18.822641,73.6523,10.7227,10.7227,0,0,18.945508,737646406
18.824614,73.6523,10.7227,10.7227,0,0,18.945508,737646406
18.826592,73.6523,10.7227,10.7227,0,0,18.945508,737646406
18.828569,73.6523,10.7227,10.7227,0,0,18.945508,737646406
18.830641,73.6523,10.7227,10.7227,0,0,18.945508,737646406
18.832614,73.6523,10.7227,10.7227,0,0,18.945508,737646406
18.834592,73.6523,10.7227,10.7227,0,0,18.945508,737646406
18.836569,73.6523,10.7227,10.7227,0,0,18.945508,737646406
18.838641,73.6523,10.7227,10.7227,0,0,18.945508,737646406
18.840614,73.6523,10.7227,10.7227,0,0,18.945508,737646406
18.842592,73.6523,10.7227,10.7227,0,0,18.945508,737646406
18.844569,73.6523,10.7227,10.7227,0,0,18.945508,737646406
18.846641,73.6523,10.7227,10.7227,0,0,18.945508,737646406
18.848614,73.6523,10.7227,10.7227,0,0,18.945508,737646406
18.850592,73.6523,10.7227,10.7227,0,0,18.945508,737646406
18.852569,73.6523,10.7227,10.7227,0,0,18.945508,737646406
18.854641,73.6523,10.7227,10.7227,0,0,18.945508,737646406
18.856614,73.6523,10.7227,10.7227,0,0,18.945508,737646406
18.858592,73.6523,10.7227,10.7227,0,0,18.945508,737646406
18.860569,73.6523,10.5469,10.5469,0,0,18.945508,737646406
18.862641,73.6523,10.5469,10.5469,0,0,18.945508,737646406
18.864614,73.6523,10.5469,10.5469,0,0,18.945508,737646406
18.866592,73.6523,10.5469,10.5469,0,0,18.945508,737646406
18.868569,73.6523,10.5469,10.5469,0,0,18.945508,737646406
18.870641,73.6523,10.5469,10.5469,0,0,18.945508,737646406
18.872614,73.6523,10.5469,10.5469,0,0,18.945508,737646406
18.874592,73.6523,10.5469,10.5469,0,0,18.945508,737646406
18.876569,73.6523,10.5469,10.5469,0,0,18.945508,737646406
18.878641,73.6523,10.5469,10.5469,0,0,18.945508,737646406
18.880614,73.6523,10.5469,10.5469,0,0,18.945508,737646406
18.882604,73.6523,10.5469,10.5469,0,0,18.945508,737646406
18.884579,73.6523,10.5469,10.5469,0,0,18.945508,737646406
18.886655,73.6523,10.5469,10.5469,0,0,18.945508,737646406
18.888631,73.6523,10.3711,10.3711,0,0,18.945508,737646406
18.890607,73.6523,10.3711,10.3711,0,0,18.945508,737646406
18.892586,73.6523,10.3711,10.3711,0,0,18.945508,737646406
18.894617,73.6523,10.3711,10.3711,0,0,18.945508,737646406
18.896616,73.6523,10.3711,10.3711,0,0,18.945508,737646406
18.898595,73.6523,10.3711,10.3711,0,0,18.945508,737646406
18.900573,73.6523,10.3711,10.3711,0,0,18.945508,737646406
18.902646,73.6523,10.3711,10.3711,0,0,18.945508,737646406
18.907219,73.6523,10.3711,10.3711,0,0,18.945508,737646406
18.907496,73.6523,10.3711,10.3711,0,0,18.945508,737646406
18.908589,73.6523,10.3711,10.3711,0,0,18.945508,737646406
18.910564,73.6523,10.3711,10.3711,0,0,18.945508,737646406
18.912636,73.6523,10.3711,10.3711,0,0,18.945508,737646406
18.914612,73.6523,10.3711,10.3711,0,0,18.945508,737646406
18.916592,73.6523,10.3711,10.3711,0,0,18.945508,737646406
18.918569,73.6523,10.3711,10.3711,0,0,18.945508,737646406
18.920641,73.6523,10.3711,10.3711,0,0,18.945508,737646406
18.922596,73.6523,10.3711,10.3711,0,0,18.945508,737646406
18.924614,73.6523,10.3711,10.3711,0,0,18.945508,737646406
18.926581,73.6523,10.3711,10.3711,0,0,18.945508,737646406
18.928576,73.6523,10.3711,10.3711,0,0,18.945508,737646406
18.930602,73.6523,10.3711,10.3711,0,0,18.945508,737646406
18.932565,73.6523,10.1953,10.1953,0,0,19.204608,737896213
18.936344,73.6523,10.1953,10.1953,0,0,19.204608,737896213
18.936681,73.6523,10.1953,10.1953,0,0,19.204608,737896213
18.938605,73.6523,10.1953,10.1953,0,0,19.204608,737896213
18.940621,73.6523,10.1953,10.1953,0,0,19.204608,737896213
18.942590,73.6523,10.1953,10.1953,0,0,19.204608,737896213
18.944636,73.6523,10.1953,10.1953,0,0,19.204608,737896213
18.946602,73.6523,10.1953,10.1953,0,0,19.204608,737896213
18.948650,73.6523,10.1953,10.1953,0,0,19.204608,737896213
18.950612,73.6523,10.1953,10.1953,0,0,19.204608,737896213
18.952662,73.6523,10.1953,10.1953,0,0,19.204608,737896213
18.954629,73.6523,10.1953,10.1953,0,0,19.204608,737896213
18.956633,73.6523,10.1953,10.1953,0,0,19.204608,737896213
18.958591,73.6523,10.1953,10.1953,0,0,19.204608,737896213
18.960569,73.6523,10.1953,10.1953,0,0,19.204608,737896213
18.962621,73.6523,10.1953,10.1953,0,0,19.204608,737896213
18.964587,73.6523,10.1953,10.1953,0,0,19.204608,737896213
18.966631,73.6523,10.1953,10.1953,0,0,19.204608,737896213
18.968597,73.6523,10.1953,10.1953,0,0,19.204608,737896213
18.970642,73.6523,10.1953,10.1953,0,0,19.204608,737896213
18.972606,73.6523,10.1953,10.1953,0,0,19.204608,737896213
18.974651,73.6523,10.1953,10.1953,0,0,19.204608,737896213
18.976612,73.6523,10.1953,10.1953,0,0,19.204608,737896213
18.978570,73.6523,10.1953,10.1953,0,0,19.204608,737896213
18.980613,73.6523,10.1953,10.1953,0,0,19.204608,737896213
18.982589,73.6523,10.1953,10.1953,0,0,19.204608,737896213
18.984633,73.6523,10.1953,10.1953,0,0,19.204608,737896213
18.986599,73.6523,10.1953,10.1953,0,0,19.204608,737896213
18.988642,73.6523,10.1953,10.1953,0,0,19.204608,737896213
18.990606,73.6523,10.1953,10.1953,0,0,19.204608,737896213
18.992651,73.6523,10.1953,10.1953,0,0,19.204608,737896213
18.994612,73.6523,10.1953,10.1953,0,0,19.204608,737896213
18.996639,73.6523,10.1953,10.1953,0,0,19.204608,737896213
18.998610,73.6523,10.1953,10.1953,0,0,19.204608,737896213
19.000569,73.6523,10.1953,10.1953,0,0,19.204608,737896213
19.002642,73.6523,10.1953,10.1953,0,0,19.204608,737896213
19.007730,73.6523,10.1953,10.1953,0,0,19.204608,737896213
19.008037,73.6523,10.1953,10.1953,0,0,19.204608,737896213
19.008620,73.6523,10.1953,10.1953,0,0,19.204608,737896213
19.010587,73.6523,10.1953,10.1953,0,0,19.204608,737896213
19.012631,73.6523,10.1953,10.1953,0,0,19.204608,737896213
19.014597,73.6523,10.1953,10.1953,0,0,19.204608,737896213
19.016642,73.6523,10.1953,10.1953,0,0,19.204608,737896213
19.018606,73.6523,10.1953,10.1953,0,0,19.204608,737896213
19.020651,73.6523,10.1953,10.1953,0,0,19.204608,737896213
19.022612,73.6523,10.1953,10.1953,0,0,19.204608,737896213
19.024570,73.6523,10.1953,10.1953,0,0,19.204608,737896213
19.026613,73.6523,10.1953,10.1953,0,0,19.204608,737896213
19.028581,73.6523,10.1953,10.1953,0,0,19.204608,737896213
19.030626,73.6523,10.1953,10.1953,0,0,19.204608,737896213
19.032588,73.6523,10.1953,10.1953,0,0,19.204608,737896213
19.034632,73.6523,10.1953,10.1953,0,0,19.204608,737896213
19.036599,73.6523,10.1953,10.1953,0,0,19.204608,737896213
19.038642,73.6523,10.1953,10.1953,0,0,19.204608,737896213
19.040605,73.6523,10.1953,10.1953,0,0,19.204608,737896213
19.042651,73.6523,10.1953,10.1953,0,0,19.204608,737896213
19.044612,73.6523,10.1953,10.1953,0,0,19.204608,737896213
19.046570,73.6523,10.1953,10.1953,0,0,19.204608,737896213
19.048613,73.6523,10.1953,10.1953,0,0,19.204608,737896213
19.050581,73.6523,10.1953,10.1953,0,0,19.204608,737896213
19.052626,73.6523,10.1953,10.1953,0,0,19.204608,737896213
19.054588,73.6523,10.1953,10.1953,0,0,19.204608,737896213
19.056633,73.6523,10.1953,10.1953,0,0,19.204608,737896213
19.058599,73.6523,10.1953,10.1953,0,0,19.204608,737896213
19.060642,73.6523,10.1953,10.1953,0,0,19.204608,737896213
19.062605,73.6523,10.1953,10.1953,0,0,19.204608,737896213
19.064651,73.6523,10.1953,10.1953,0,0,19.204608,737896213
19.066612,73.6523,10.1953,10.1953,0,0,19.204608,737896213
19.068570,73.6523,10.1953,10.1953,0,0,19.204608,737896213
19.070613,73.6523,10.1953,10.1953,0,0,19.204608,737896213
19.072581,73.6523,10.1953,10.1953,0,0,19.204608,737896213
19.074626,73.6523,10.1953,10.1953,0,0,19.204608,737896213
19.076588,73.6523,10.1953,10.1953,0,0,19.204608,737896213
19.078633,73.6523,10.1953,10.1953,0,0,19.204608,737896213
19.080599,73.6523,10.1953,10.1953,0,0,19.204608,737896213
19.082653,73.6523,10.1953,10.1953,0,0,19.204608,737896213
19.084583,73.6523,10.1953,10.1953,0,0,19.204608,737896213
19.086568,73.6523,10.1953,10.1953,0,0,19.204608,737896213
19.088632,73.6523,10.1953,10.1953,0,0,19.204608,737896213
19.090637,73.6523,10.1953,10.1953,0,0,19.204608,737896213
19.092596,73.6523,10.1953,10.1953,0,0,19.204608,737896213
19.094642,73.6523,10.1953,10.1953,0,0,19.204608,737896213
19.096605,73.6523,10.1953,10.1953,0,0,19.204608,737896213
19.098613,73.6523,10.1953,10.1953,0,0,19.204608,737896213
19.100586,73.6523,10.1953,10.1953,0,0,19.204608,737896213
19.102631,73.6523,10.1953,10.1953,0,0,19.204608,737896213
19.107214,73.6523,10.3711,10.3711,0,0,19.204608,737896213
19.107484,73.6523,10.3711,10.3711,0,0,19.204608,737896213
19.108612,73.6523,10.3711,10.3711,0,0,19.204608,737896213
19.110574,73.6523,10.3711,10.3711,0,0,19.204608,737896213
19.112618,73.6523,10.3711,10.3711,0,0,19.204608,737896213
19.114584,73.6523,10.3711,10.3711,0,0,19.204608,737896213
19.116626,73.6523,10.3711,10.3711,0,0,19.204608,737896213
19.118588,73.6523,10.3711,10.3711,0,0,19.204608,737896213
19.120633,73.6523,10.3711,10.3711,0,0,19.204608,737896213
19.122599,73.6523,10.3711,10.3711,0,0,19.204608,737896213
19.124642,73.6523,10.3711,10.3711,0,0,19.204608,737896213
19.126605,73.6523,10.3711,10.3711,0,0,19.204608,737896213
19.128651,73.6523,10.3711,10.3711,0,0,19.204608,737896213
19.130612,73.6523,10.3711,10.3711,0,0,19.204608,737896213
19.132570,73.6523,10.3711,10.3711,0,0,19.204608,737896213
19.134613,73.6523,10.3711,10.3711,0,0,19.204608,737896213
19.136581,73.6523,10.3711,10.3711,0,0,19.204608,737896213
19.138626,73.6523,10.3711,10.3711,0,0,19.204608,737896213
19.140588,73.6523,10.3711,10.3711,0,0,19.204608,737896213
19.142633,73.6523,10.3711,10.3711,0,0,19.204608,737896213
19.144599,73.6523,10.3711,10.3711,0,0,19.204608,737896213
19.146642,73.6523,10.3711,10.3711,0,0,19.204608,737896213
19.148605,73.6523,10.3711,10.3711,0,0,19.204608,737896213
19.150651,73.6523,10.3711,10.3711,0,0,19.204608,737896213
19.152612,73.6523,10.3711,10.3711,0,0,19.204608,737896213
19.154570,73.6523,10.3711,10.3711,0,0,19.204608,737896213
19.156613,73.6523,10.3711,10.3711,0,0,19.204608,737896213
19.158581,73.6523,10.3711,10.3711,0,0,19.204608,737896213
19.160626,73.6523,10.3711,10.3711,0,0,19.204608,737896213
19.162588,73.6523,10.5469,10.5469,0,0,19.204608,737896213
19.164633,73.6523,10.5469,10.5469,0,0,19.204608,737896213
19.166636,73.6523,10.5469,10.5469,0,0,19.204608,737896213
19.168628,73.6523,10.5469,10.5469,0,0,19.204608,737896213
19.170606,73.6523,10.5469,10.5469,0,0,19.204608,737896213
19.172569,73.6523,10.5469,10.5469,0,0,19.204608,737896213
19.174570,73.6523,10.5469,10.5469,0,0,19.204608,737896213
19.176613,73.6523,10.5469,10.5469,0,0,19.204608,737896213
19.178581,73.6523,10.5469,10.5469,0,0,19.204608,737896213
19.181210,73.6523,10.5469,10.5469,0,0,19.204608,737896213
19.185772,73.6523,10.5469,10.5469,0,0,19.446399,738149851
19.186307,73.6523,10.5469,10.5469,0,0,19.446399,738149851
19.186609,73.6523,10.5469,10.5469,0,0,19.446399,738149851
19.188670,73.6523,10.5469,10.5469,0,0,19.446399,738149851
19.190585,73.6523,10.5469,10.5469,0,0,19.446399,738149851
19.192631,73.6523,10.5469,10.5469,0,0,19.446399,738149851
19.194620,73.6523,10.7227,10.7227,0,0,19.446399,738149851
19.196588,73.6523,10.7227,10.7227,0,0,19.446399,738149851
19.198649,73.6523,10.7227,10.7227,0,0,19.446399,738149851
19.200566,73.6523,10.7227,10.7227,0,0,19.446399,738149851
19.202657,73.6523,10.7227,10.7227,0,0,19.446399,738149851
19.207944,73.6523,10.7227,10.7227,0,0,19.446399,738149851
19.208261,73.6523,10.7227,10.7227,0,0,19.446399,738149851
19.208567,73.6523,10.7227,10.7227,0,0,19.446399,738149851
19.210595,73.6523,10.7227,10.7227,0,0,19.446399,738149851
19.212589,73.6523,10.7227,10.7227,0,0,19.446399,738149851
19.214655,73.6523,10.7227,10.7227,0,0,19.446399,738149851
19.216649,73.6523,10.7227,10.7227,0,0,19.446399,738149851
19.218595,73.6523,10.7227,10.7227,0,0,19.446399,738149851
19.220565,73.6523,10.7227,10.7227,0,0,19.446399,738149851
19.222636,73.6523,10.7227,10.7227,0,0,19.446399,738149851
19.224612,73.6523,10.7227,10.7227,0,0,19.446399,738149851
19.226592,73.6523,10.7227,10.7227,0,0,19.446399,738149851
19.228569,73.6523,10.7227,10.7227,0,0,19.446399,738149851
19.230641,73.6523,10.7227,10.7227,0,0,19.446399,738149851
19.232614,73.6523,10.7227,10.7227,0,0,19.446399,738149851
19.234592,73.6523,10.7227,10.7227,0,0,19.446399,738149851
19.236569,73.6523,10.7227,10.7227,0,0,19.446399,738149851
19.238641,73.6523,10.7227,10.7227,0,0,19.446399,738149851
19.240614,73.6523,10.7227,10.7227,0,0,19.446399,738149851
19.242592,73.6523,10.7227,10.7227,0,0,19.446399,738149851
19.244569,73.6523,10.7227,10.7227,0,0,19.446399,738149851
19.246641,73.6523,10.7227,10.7227,0,0,19.446399,738149851
19.248614,73.6523,10.7227,10.7227,0,0,19.446399,738149851
19.250592,73.6523,10.8984,10.8984,0,0,19.446399,738149851
19.252569,73.6523,10.8984,10.8984,0,0,19.446399,738149851
19.254641,73.6523,10.8984,10.8984,0,0,19.446399,738149851
19.256614,73.6523,10.8984,10.8984,0,0,19.446399,738149851
19.258592,73.6523,10.8984,10.8984,0,0,19.446399,738149851
19.260569,73.6523,10.8984,10.8984,0,0,19.446399,738149851
19.262641,73.6523,10.8984,10.8984,0,0,19.446399,738149851
19.264614,73.6523,10.8984,10.8984,0,0,19.446399,738149851
19.266592,73.6523,10.8984,10.8984,0,0,19.446399,738149851
19.268569,73.6523,10.8984,10.8984,0,0,19.446399,738149851
19.270641,73.6523,10.8984,10.8984,0,0,19.446399,738149851
19.272614,73.6523,10.8984,10.8984,0,0,19.446399,738149851
19.274592,73.6523,10.8984,10.8984,0,0,19.446399,738149851
19.276569,73.6523,10.8984,10.8984,0,0,19.446399,738149851
19.278641,73.6523,10.8984,10.8984,0,0,19.446399,738149851
19.280614,73.6523,10.8984,10.8984,0,0,19.446399,738149851
19.282604,73.6523,10.8984,10.8984,0,0,19.446399,738149851
19.284580,73.6523,10.8984,10.8984,0,0,19.446399,738149851
19.286655,73.6523,10.8984,10.8984,0,0,19.446399,738149851
19.288631,73.6523,10.8984,10.8984,0,0,19.446399,738149851
19.290607,73.6523,10.8984,10.8984,0,0,19.446399,738149851
19.292586,73.6523,10.8984,10.8984,0,0,19.446399,738149851
19.294657,73.6523,10.8984,10.8984,0,0,19.446399,738149851
19.296631,73.6523,10.8984,10.8984,0,0,19.446399,738149851
19.298607,73.6523,10.8984,10.8984,0,0,19.446399,738149851
19.300586,73.6523,10.8984,10.8984,0,0,19.446399,738149851
19.302602,73.6523,10.8984,10.8984,0,0,19.446399,738149851
19.307325,73.6523,10.8984,10.8984,0,0,19.446399,738149851
19.307616,73.6523,10.8984,10.8984,0,0,19.446399,738149851
19.308613,73.6523,10.8984,10.8984,0,0,19.446399,738149851
19.310592,73.6523,10.8984,10.8984,0,0,19.446399,738149851
19.312569,73.6523,10.8984,10.8984,0,0,19.446399,738149851
19.314641,73.6523,10.8984,10.8984,0,0,19.446399,738149851
19.316614,73.6523,10.8984,10.8984,0,0,19.446399,738149851
19.318592,73.6523,10.8984,10.8984,0,0,19.446399,738149851
19.320569,73.6523,10.8984,10.8984,0,0,19.446399,738149851
19.322641,73.6523,10.8984,10.8984,0,0,19.446399,738149851
19.324614,73.6523,10.8984,10.8984,0,0,19.446399,738149851
19.326592,73.6523,10.8984,10.8984,0,0,19.446399,738149851
19.328569,73.6523,10.8984,10.8984,0,0,19.446399,738149851
19.330641,73.6523,10.8984,10.8984,0,0,19.446399,738149851
19.332614,73.6523,10.8984,10.8984,0,0,19.446399,738149851
19.334592,73.6523,10.8984,10.8984,0,0,19.446399,738149851
19.336569,73.6523,10.8984,10.8984,0,0,19.446399,738149851
19.338641,73.6523,10.8984,10.8984,0,0,19.446399,738149851
19.340614,73.6523,10.8984,10.8984,0,0,19.446399,738149851
19.342592,73.6523,10.8984,10.8984,0,0,19.446399,738149851
19.344569,73.6523,10.8984,10.8984,0,0,19.446399,738149851
19.346641,73.6523,10.8984,10.8984,0,0,19.446399,738149851
19.348614,73.6523,10.8984,10.8984,0,0,19.446399,738149851
19.350592,73.6523,10.8984,10.8984,0,0,19.446399,738149851
19.352569,73.6523,10.8984,10.8984,0,0,19.446399,738149851
19.354641,73.6523,10.8984,10.8984,0,0,19.446399,738149851
19.356614,73.6523,10.8984,10.8984,0,0,19.446399,738149851
19.358592,73.6523,10.8984,10.8984,0,0,19.446399,738149851
19.360569,73.6523,10.8984,10.8984,0,0,19.446399,738149851
19.362641,73.6523,10.8984,10.8984,0,0,19.446399,738149851
19.364614,73.6523,10.8984,10.8984,0,0,19.446399,738149851
19.366592,73.6523,10.8984,10.8984,0,0,19.446399,738149851
19.368569,73.6523,10.7227,10.7227,0,0,19.446399,738149851
19.370641,73.6523,10.7227,10.7227,0,0,19.446399,738149851
19.372614,73.6523,10.7227,10.7227,0,0,19.446399,738149851
19.374592,73.6523,10.7227,10.7227,0,0,19.446399,738149851
19.376569,73.6523,10.7227,10.7227,0,0,19.446399,738149851
19.378641,73.6523,10.7227,10.7227,0,0,19.446399,738149851
19.380614,73.6523,10.7227,10.7227,0,0,19.446399,738149851
19.382599,73.6523,10.7227,10.7227,0,0,19.446399,738149851
19.384577,73.6523,10.7227,10.7227,0,0,19.446399,738149851
19.386654,73.6523,10.7227,10.7227,0,0,19.446399,738149851
19.388631,73.6523,10.7227,10.7227,0,0,19.446399,738149851
19.390607,73.6523,10.7227,10.7227,0,0,19.446399,738149851
19.392586,73.6523,10.7227,10.7227,0,0,19.446399,738149851
19.394657,73.6523,10.7227,10.7227,0,0,19.446399,738149851
19.396631,73.6523,10.7227,10.7227,0,0,19.446399,738149851
19.398607,73.6523,10.7227,10.7227,0,0,19.446399,738149851
19.400586,73.6523,10.7227,10.7227,0,0,19.446399,738149851
19.402657,73.6523,10.7227,10.7227,0,0,19.446399,738149851
19.407257,73.6523,10.7227,10.7227,0,0,19.446399,738149851
19.407528,73.6523,10.7227,10.7227,0,0,19.446399,738149851
19.408619,73.6523,10.7227,10.7227,0,0,19.446399,738149851
19.410594,73.6523,10.7227,10.7227,0,0,19.446399,738149851
19.412573,73.6523,10.7227,10.7227,0,0,19.446399,738149851
19.414646,73.6523,10.7227,10.7227,0,0,19.446399,738149851
19.416619,73.6523,10.7227,10.7227,0,0,19.446399,738149851
19.418628,73.6523,10.7227,10.7227,0,0,19.446399,738149851
19.420607,73.6523,10.7227,10.7227,0,0,19.446399,738149851
19.422586,73.6523,10.7227,10.7227,0,0,19.446399,738149851
19.424659,73.6523,10.7227,10.7227,0,0,19.446399,738149851
19.426584,73.6523,10.7227,10.7227,0,0,19.446399,738149851
19.428596,73.6523,10.7227,10.7227,0,0,19.446399,738149851
19.430590,73.6523,10.7227,10.7227,0,0,19.446399,738149851
19.432636,73.6523,10.7227,10.7227,0,0,19.446399,738149851
19.434659,73.6523,10.5469,10.5469,0,0,19.446399,738149851
19.439453,73.6523,10.5469,10.5469,0,0,19.679071,738380868
19.440023,73.6523,10.5469,10.5469,0,0,19.679071,738380868
19.440564,73.6523,10.5469,10.5469,0,0,19.679071,738380868
19.442804,73.6523,10.5469,10.5469,0,0,19.679071,738380868
19.444632,73.6523,10.5469,10.5469,0,0,19.679071,738380868
19.446565,73.6523,10.5469,10.5469,0,0,19.679071,738380868
19.448637,73.6523,10.5469,10.5469,0,0,19.679071,738380868
19.450644,73.6523,10.5469,10.5469,0,0,19.679071,738380868
19.452591,73.6523,10.5469,10.5469,0,0,19.679071,738380868
19.454643,73.6523,10.5469,10.5469,0,0,19.679071,738380868
19.456576,73.6523,10.5469,10.5469,0,0,19.679071,738380868
19.458658,73.6523,10.5469,10.5469,0,0,19.679071,738380868
19.460595,73.6523,10.5469,10.5469,0,0,19.679071,738380868
19.462573,73.6523,10.5469,10.5469,0,0,19.679071,738380868
19.464673,73.6523,10.5469,10.5469,0,0,19.679071,738380868
19.466607,73.6523,10.5469,10.5469,0,0,19.679071,738380868
19.468585,73.6523,10.3711,10.3711,0,0,19.679071,738380868
19.470657,73.6523,10.3711,10.3711,0,0,19.679071,738380868
19.472631,73.6523,10.3711,10.3711,0,0,19.679071,738380868
19.474607,73.6523,10.3711,10.3711,0,0,19.679071,738380868
19.476644,73.6523,10.3711,10.3711,0,0,19.679071,738380868
19.478619,73.6523,10.3711,10.3711,0,0,19.679071,738380868
19.480595,73.6523,10.3711,10.3711,0,0,19.679071,738380868
19.482589,73.6523,10.3711,10.3711,0,0,19.679071,738380868
19.484564,73.6523,10.3711,10.3711,0,0,19.679071,738380868
19.486636,73.6523,10.3711,10.3711,0,0,19.679071,738380868
19.488612,73.6523,10.3711,10.3711,0,0,19.679071,738380868
19.490592,73.6523,10.3711,10.3711,0,0,19.679071,738380868
19.492569,73.6523,10.3711,10.3711,0,0,19.679071,738380868
19.494641,73.6523,10.3711,10.3711,0,0,19.679071,738380868
19.496614,73.6523,10.3711,10.3711,0,0,19.679071,738380868
19.498631,73.6523,10.3711,10.3711,0,0,19.679071,738380868
19.500607,73.6523,10.3711,10.3711,0,0,19.679071,738380868
19.502586,73.6523,10.3711,10.3711,0,0,19.679071,738380868
19.507802,73.6523,10.3711,10.3711,0,0,19.679071,738380868
19.508271,73.6523,10.3711,10.3711,0,0,19.679071,738380868
19.508581,73.6523,10.3711,10.3711,0,0,19.679071,738380868
19.510653,73.6523,10.3711,10.3711,0,0,19.679071,738380868
19.512630,73.6523,10.3711,10.3711,0,0,19.679071,738380868
19.514640,73.6523,10.3711,10.3711,0,0,19.679071,738380868
19.516614,73.6523,10.3711,10.3711,0,0,19.679071,738380868
19.518592,73.6523,10.3711,10.3711,0,0,19.679071,738380868
19.520622,73.6523,10.3711,10.3711,0,0,19.679071,738380868
19.522598,73.6523,10.3711,10.3711,0,0,19.679071,738380868
19.524573,73.6523,10.3711,10.3711,0,0,19.679071,738380868
19.526646,73.6523,10.3711,10.3711,0,0,19.679071,738380868
19.528619,73.6523,10.3711,10.3711,0,0,19.679071,738380868
19.530595,73.6523,10.3711,10.3711,0,0,19.679071,738380868
19.532573,73.6523,10.3711,10.3711,0,0,19.679071,738380868
19.534650,73.6523,10.1953,10.1953,0,0,19.679071,738380868
19.536626,73.6523,10.1953,10.1953,0,0,19.679071,738380868
19.538604,73.6523,10.1953,10.1953,0,0,19.679071,738380868
19.540611,73.6523,10.1953,10.1953,0,0,19.679071,738380868
19.542592,73.6523,10.1953,10.1953,0,0,19.679071,738380868
19.544569,73.6523,10.1953,10.1953,0,0,19.679071,738380868
19.546641,73.6523,10.1953,10.1953,0,0,19.679071,738380868
19.548614,73.6523,10.1953,10.1953,0,0,19.679071,738380868
19.550592,73.6523,10.1953,10.1953,0,0,19.679071,738380868
19.552569,73.6523,10.1953,10.1953,0,0,19.679071,738380868
19.554641,73.6523,10.1953,10.1953,0,0,19.679071,738380868
19.556636,73.6523,10.1953,10.1953,0,0,19.679071,738380868
19.558613,73.6523,10.1953,10.1953,0,0,19.679071,738380868
19.560592,73.6523,10.1953,10.1953,0,0,19.679071,738380868
19.562569,73.6523,10.1953,10.1953,0,0,19.679071,738380868
19.564641,73.6523,10.1953,10.1953,0,0,19.679071,738380868
19.566614,73.6523,10.1953,10.1953,0,0,19.679071,738380868
19.568592,73.6523,10.1953,10.1953,0,0,19.679071,738380868
19.570569,73.6523,10.1953,10.1953,0,0,19.679071,738380868
19.572641,73.6523,10.1953,10.1953,0,0,19.679071,738380868
19.574637,73.6523,10.1953,10.1953,0,0,19.679071,738380868
19.576614,73.6523,10.1953,10.1953,0,0,19.679071,738380868
19.578592,73.6523,10.1953,10.1953,0,0,19.679071,738380868
19.580569,73.6523,10.1953,10.1953,0,0,19.679071,738380868
19.582659,73.6523,10.1953,10.1953,0,0,19.679071,738380868
19.584636,73.6523,10.1953,10.1953,0,0,19.679071,738380868
19.586612,73.6523,10.1953,10.1953,0,0,19.679071,738380868
19.588592,73.6523,10.1953,10.1953,0,0,19.679071,738380868
19.590569,73.6523,10.1953,10.1953,0,0,19.679071,738380868
19.592641,73.6523,10.1953,10.1953,0,0,19.679071,738380868
19.594614,73.6523,10.1953,10.1953,0,0,19.679071,738380868
19.596592,73.6523,10.1953,10.1953,0,0,19.679071,738380868
19.598569,73.6523,10.1953,10.1953,0,0,19.679071,738380868
19.600641,73.6523,10.1953,10.1953,0,0,19.679071,738380868
19.602614,73.6523,10.1953,10.1953,0,0,19.679071,738380868
19.607285,73.6523,10.1953,10.1953,0,0,19.679071,738380868
19.607557,73.6523,10.1953,10.1953,0,0,19.679071,738380868
19.608650,73.6523,10.1953,10.1953,0,0,19.679071,738380868
19.610595,73.6523,10.1953,10.1953,0,0,19.679071,738380868
19.612596,73.6523,10.1953,10.1953,0,0,19.679071,738380868
19.614573,73.6523,10.1953,10.1953,0,0,19.679071,738380868
19.616646,73.6523,10.1953,10.1953,0,0,19.679071,738380868
19.618619,73.6523,10.1953,10.1953,0,0,19.679071,738380868
19.620595,73.6523,10.1953,10.1953,0,0,19.679071,738380868
19.622573,73.6523,10.1953,10.1953,0,0,19.679071,738380868
19.624650,73.6523,10.1953,10.1953,0,0,19.679071,738380868
19.626626,73.6523,10.1953,10.1953,0,0,19.679071,738380868
19.628604,73.6523,10.1953,10.1953,0,0,19.679071,738380868
19.630580,73.6523,10.1953,10.1953,0,0,19.679071,738380868
19.632655,73.6523,10.1953,10.1953,0,0,19.679071,738380868
19.634631,73.6523,10.1953,10.1953,0,0,19.679071,738380868
19.636607,73.6523,10.1953,10.1953,0,0,19.679071,738380868
19.638586,73.6523,10.1953,10.1953,0,0,19.679071,738380868
19.640657,73.6523,10.1953,10.1953,0,0,19.679071,738380868
19.642631,73.6523,10.1953,10.1953,0,0,19.679071,738380868
19.644607,73.6523,10.1953,10.1953,0,0,19.679071,738380868
19.646586,73.6523,10.1953,10.1953,0,0,19.679071,738380868
19.648657,73.6523,10.1953,10.1953,0,0,19.679071,738380868
19.650631,73.6523,10.1953,10.1953,0,0,19.679071,738380868
19.652607,73.6523,10.1953,10.1953,0,0,19.679071,738380868
19.654586,73.6523,10.1953,10.1953,0,0,19.679071,738380868
19.656636,73.6523,10.1953,10.1953,0,0,19.679071,738380868
19.658586,73.6523,10.1953,10.1953,0,0,19.679071,738380868
19.660658,73.6523,10.1953,10.1953,0,0,19.679071,738380868
19.662578,73.6523,10.1953,10.1953,0,0,19.679071,738380868
19.664660,73.6523,10.1953,10.1953,0,0,19.679071,738380868
19.666600,73.6523,10.3711,10.3711,0,0,19.679071,738380868
19.670640,73.6523,10.3711,10.3711,0,0,19.925631,738623830
19.671147,73.6523,10.3711,10.3711,0,0,19.925631,738623830
19.672663,73.6523,10.3711,10.3711,0,0,19.925631,738623830
19.674572,73.6523,10.3711,10.3711,0,0,19.925631,738623830
19.676642,73.6523,10.3711,10.3711,0,0,19.925631,738623830
19.678659,73.6523,10.3711,10.3711,0,0,19.925631,738623830
19.680622,73.6523,10.3711,10.3711,0,0,19.925631,738623830
19.682630,73.6523,10.3711,10.3711,0,0,19.925631,738623830
19.684656,73.6523,10.3711,10.3711,0,0,19.925631,738623830
19.686595,73.6523,10.3711,10.3711,0,0,19.925631,738623830
19.688643,73.6523,10.3711,10.3711,0,0,19.925631,738623830
19.690654,73.6523,10.3711,10.3711,0,0,19.925631,738623830
19.692653,73.6523,10.3711,10.3711,0,0,19.925631,738623830
19.694608,73.6523,10.3711,10.3711,0,0,19.925631,738623830
19.696610,73.6523,10.3711,10.3711,0,0,19.925631,738623830
19.698651,73.6523,10.3711,10.3711,0,0,19.925631,738623830
19.700626,73.6523,10.3711,10.3711,0,0,19.925631,738623830
19.702604,73.6523,10.3711,10.3711,0,0,19.925631,738623830
19.707764,73.6523,10.3711,10.3711,0,0,19.925631,738623830
19.708078,73.6523,10.3711,10.3711,0,0,19.925631,738623830
19.708588,73.6523,10.3711,10.3711,0,0,19.925631,738623830
19.710660,73.6523,10.3711,10.3711,0,0,19.925631,738623830
19.712666,73.6523,10.3711,10.3711,0,0,19.925631,738623830
19.714614,73.6523,10.3711,10.3711,0,0,19.925631,738623830
19.716592,73.6523,10.3711,10.3711,0,0,19.925631,738623830
19.718607,73.6523,10.3711,10.3711,0,0,19.925631,738623830
19.720581,73.6523,10.3711,10.3711,0,0,19.925631,738623830
19.722654,73.6523,10.3711,10.3711,0,0,19.925631,738623830
19.724629,73.6523,10.3711,10.3711,0,0,19.925631,738623830
19.726607,73.6523,10.3711,10.3711,0,0,19.925631,738623830
19.728585,73.6523,10.3711,10.3711,0,0,19.925631,738623830
19.730655,73.6523,10.3711,10.3711,0,0,19.925631,738623830
19.732570,73.6523,10.3711,10.3711,0,0,19.925631,738623830
19.734641,73.6523,10.3711,10.3711,0,0,19.925631,738623830
19.736614,73.6523,10.3711,10.3711,0,0,19.925631,738623830
19.738592,73.6523,10.5469,10.5469,0,0,19.925631,738623830
19.740569,73.6523,10.5469,10.5469,0,0,19.925631,738623830
19.742640,73.6523,10.5469,10.5469,0,0,19.925631,738623830
19.744614,73.6523,10.5469,10.5469,0,0,19.925631,738623830
19.746592,73.6523,10.5469,10.5469,0,0,19.925631,738623830
19.748569,73.6523,10.5469,10.5469,0,0,19.925631,738623830
19.750640,73.6523,10.5469,10.5469,0,0,19.925631,738623830
19.752614,73.6523,10.5469,10.5469,0,0,19.925631,738623830
19.754592,73.6523,10.5469,10.5469,0,0,19.925631,738623830
19.756569,73.6523,10.5469,10.5469,0,0,19.925631,738623830
19.758640,73.6523,10.5469,10.5469,0,0,19.925631,738623830
19.760614,73.6523,10.5469,10.5469,0,0,19.925631,738623830
19.762592,73.6523,10.5469,10.5469,0,0,19.925631,738623830
19.764569,73.6523,10.5469,10.5469,0,0,19.925631,738623830
19.766640,73.6523,10.5469,10.5469,0,0,19.925631,738623830
19.768614,73.6523,10.5469,10.5469,0,0,19.925631,738623830
19.770592,73.6523,10.5469,10.5469,0,0,19.925631,738623830
19.772569,73.6523,10.5469,10.5469,0,0,19.925631,738623830
19.774640,73.6523,10.5469,10.5469,0,0,19.925631,738623830
19.776614,73.6523,10.5469,10.5469,0,0,19.925631,738623830
19.778592,73.6523,10.7227,10.7227,0,0,19.925631,738623830
19.780569,73.6523,10.7227,10.7227,0,0,19.925631,738623830
19.782655,73.6523,10.7227,10.7227,0,0,19.925631,738623830
19.784631,73.6523,10.7227,10.7227,0,0,19.925631,738623830
19.786607,73.6523,10.7227,10.7227,0,0,19.925631,738623830
19.788581,73.6523,10.7227,10.7227,0,0,19.925631,738623830
19.790654,73.6523,10.7227,10.7227,0,0,19.925631,738623830
19.792629,73.6523,10.7227,10.7227,0,0,19.925631,738623830
19.794607,73.6523,10.7227,10.7227,0,0,19.925631,738623830
19.796585,73.6523,10.7227,10.7227,0,0,19.925631,738623830
19.798655,73.6523,10.7227,10.7227,0,0,19.925631,738623830
19.800631,73.6523,10.7227,10.7227,0,0,19.925631,738623830
19.802607,73.6523,10.7227,10.7227,0,0,19.925631,738623830
19.807274,73.6523,10.7227,10.7227,0,0,19.925631,738623830
19.807545,73.6523,10.7227,10.7227,0,0,19.925631,738623830
19.808631,73.6523,10.7227,10.7227,0,0,19.925631,738623830
19.810607,73.6523,10.7227,10.7227,0,0,19.925631,738623830
19.812581,73.6523,10.7227,10.7227,0,0,19.925631,738623830
19.814596,73.6523,10.7227,10.7227,0,0,19.925631,738623830
19.816573,73.6523,10.7227,10.7227,0,0,19.925631,738623830
19.818650,73.6523,10.7227,10.7227,0,0,19.925631,738623830
19.820636,73.6523,10.7227,10.7227,0,0,19.925631,738623830
19.822611,73.6523,10.7227,10.7227,0,0,19.925631,738623830
19.824588,73.6523,10.7227,10.7227,0,0,19.925631,738623830
19.826660,73.6523,10.7227,10.7227,0,0,19.925631,738623830
19.828636,73.6523,10.7227,10.7227,0,0,19.925631,738623830
19.830611,73.6523,10.7227,10.7227,0,0,19.925631,738623830
19.832588,73.6523,10.7227,10.7227,0,0,19.925631,738623830
19.834660,73.6523,10.7227,10.7227,0,0,19.925631,738623830
19.836636,73.6523,10.7227,10.7227,0,0,19.925631,738623830
19.838611,73.6523,10.7227,10.7227,0,0,19.925631,738623830
19.840588,73.6523,10.7227,10.7227,0,0,19.925631,738623830
19.842660,73.6523,10.7227,10.7227,0,0,19.925631,738623830
19.844636,73.6523,10.7227,10.7227,0,0,19.925631,738623830
19.846611,73.6523,10.7227,10.7227,0,0,19.925631,738623830
19.848588,73.6523,10.7227,10.7227,0,0,19.925631,738623830
19.850660,73.6523,10.7227,10.7227,0,0,19.925631,738623830
19.852636,73.6523,10.7227,10.7227,0,0,19.925631,738623830
19.854611,73.6523,10.7227,10.7227,0,0,19.925631,738623830
19.856588,73.6523,10.7227,10.7227,0,0,19.925631,738623830
19.858660,73.6523,10.7227,10.7227,0,0,19.925631,738623830
19.860636,73.6523,10.7227,10.7227,0,0,19.925631,738623830
19.862611,73.6523,10.7227,10.7227,0,0,19.925631,738623830
19.864588,73.6523,10.7227,10.7227,0,0,19.925631,738623830
19.866660,73.6523,10.7227,10.7227,0,0,19.925631,738623830
19.868636,73.6523,10.7227,10.7227,0,0,19.925631,738623830
19.870611,73.6523,10.7227,10.7227,0,0,19.925631,738623830
19.872588,73.6523,10.7227,10.7227,0,0,19.925631,738623830
19.874660,73.6523,10.7227,10.7227,0,0,19.925631,738623830
19.876636,73.6523,10.7227,10.7227,0,0,19.925631,738623830
19.878611,73.6523,10.7227,10.7227,0,0,19.925631,738623830
19.880588,73.6523,10.7227,10.7227,0,0,19.925631,738623830
19.882575,73.6523,10.7227,10.7227,0,0,19.925631,738623830
19.884651,73.6523,10.7227,10.7227,0,0,19.925631,738623830
19.886626,73.6523,10.7227,10.7227,0,0,19.925631,738623830
19.888604,73.6523,10.7227,10.7227,0,0,19.925631,738623830
19.890578,73.6523,10.7227,10.7227,0,0,19.925631,738623830
19.892650,73.6523,10.7227,10.7227,0,0,19.925631,738623830
19.894624,73.6523,10.7227,10.7227,0,0,19.925631,738623830
19.896599,73.6523,10.7227,10.7227,0,0,19.925631,738623830
19.898577,73.6523,10.7227,10.7227,0,0,19.925631,738623830
19.900647,73.6523,10.7227,10.7227,0,0,19.925631,738623830
19.902577,73.6523,10.7227,10.7227,0,0,19.925631,738623830
19.907262,73.6523,10.7227,10.7227,0,0,19.925631,738623830
19.907629,73.6523,10.7227,10.7227,0,0,19.925631,738623830
19.909043,73.6523,10.7227,10.7227,0,0,19.925631,738623830
19.913415,73.6523,10.7227,10.7227,0,0,20.162867,738870943
19.913978,73.6523,10.7227,10.7227,0,0,20.162867,738870943
19.914616,73.6523,10.7227,10.7227,0,0,20.162867,738870943
19.916977,73.6523,10.7227,10.7227,0,0,20.162867,738870943
19.918607,73.6523,10.7227,10.7227,0,0,20.162867,738870943
19.920579,73.6523,10.7227,10.7227,0,0,20.162867,738870943
19.922604,73.6523,10.7227,10.7227,0,0,20.162867,738870943
19.924586,73.6523,10.7227,10.7227,0,0,20.162867,738870943
19.926569,73.6523,10.7227,10.7227,0,0,20.162867,738870943
19.928570,73.6523,10.7227,10.7227,0,0,20.162867,738870943
19.930586,73.6523,10.7227,10.7227,0,0,20.162867,738870943
19.932601,73.6523,10.7227,10.7227,0,0,20.162867,738870943
19.934666,73.6523,10.7227,10.7227,0,0,20.162867,738870943
19.936650,73.6523,10.7227,10.7227,0,0,20.162867,738870943
19.938613,73.6523,10.7227,10.7227,0,0,20.162867,738870943
19.940580,73.6523,10.7227,10.7227,0,0,20.162867,738870943
19.942659,73.6523,10.7227,10.7227,0,0,20.162867,738870943
19.944576,73.6523,10.7227,10.7227,0,0,20.162867,738870943
19.946594,73.6523,10.7227,10.7227,0,0,20.162867,738870943
19.948597,73.6523,10.7227,10.7227,0,0,20.162867,738870943
19.950573,73.6523,10.7227,10.7227,0,0,20.162867,738870943
19.952646,73.6523,10.7227,10.7227,0,0,20.162867,738870943
19.954619,73.6523,10.7227,10.7227,0,0,20.162867,738870943
19.956595,73.6523,10.7227,10.7227,0,0,20.162867,738870943
19.958573,73.6523,10.7227,10.7227,0,0,20.162867,738870943
19.960650,73.6523,10.7227,10.7227,0,0,20.162867,738870943
19.962626,73.6523,10.7227,10.7227,0,0,20.162867,738870943
19.964604,73.6523,10.7227,10.7227,0,0,20.162867,738870943
19.966580,73.6523,10.7227,10.7227,0,0,20.162867,738870943
19.968655,73.6523,10.7227,10.7227,0,0,20.162867,738870943
19.970631,73.6523,10.7227,10.7227,0,0,20.162867,738870943
19.972607,73.6523,10.7227,10.7227,0,0,20.162867,738870943
19.974586,73.6523,10.7227,10.7227,0,0,20.162867,738870943
19.976657,73.6523,10.7227,10.7227,0,0,20.162867,738870943
19.978631,73.6523,10.7227,10.7227,0,0,20.162867,738870943
19.980607,73.6523,10.7227,10.7227,0,0,20.162867,738870943
19.982604,73.6523,10.7227,10.7227,0,0,20.162867,738870943
19.984579,73.6523,10.7227,10.7227,0,0,20.162867,738870943
19.986655,73.6523,10.7227,10.7227,0,0,20.162867,738870943
19.988631,73.6523,10.7227,10.7227,0,0,20.162867,738870943
19.990607,73.6523,10.7227,10.7227,0,0,20.162867,738870943
19.992586,73.6523,10.7227,10.7227,0,0,20.162867,738870943
19.994657,73.6523,10.7227,10.7227,0,0,20.162867,738870943
19.996631,73.6523,10.7227,10.7227,0,0,20.162867,738870943
19.998623,73.6523,10.7227,10.7227,0,0,20.162867,738870943
20.000599,73.6523,10.7227,10.7227,0,0,20.162867,738870943
20.002578,73.6523,10.5469,10.5469,0,0,20.162867,738870943
20.007740,73.6523,10.5469,10.5469,0,0,20.162867,738870943
20.008058,73.6523,10.5469,10.5469,0,0,20.162867,738870943
20.008569,73.6523,10.5469,10.5469,0,0,20.162867,738870943
20.010641,73.6523,10.5469,10.5469,0,0,20.162867,738870943
20.012614,73.6523,10.5469,10.5469,0,0,20.162867,738870943
20.014592,73.6523,10.5469,10.5469,0,0,20.162867,738870943
20.016569,73.6523,10.5469,10.5469,0,0,20.162867,738870943
20.018641,73.6523,10.5469,10.5469,0,0,20.162867,738870943
20.020625,73.6523,10.5469,10.5469,0,0,20.162867,738870943
20.022604,73.6523,10.5469,10.5469,0,0,20.162867,738870943
20.024581,73.6523,10.5469,10.5469,0,0,20.162867,738870943
20.026607,73.6523,10.5469,10.5469,0,0,20.162867,738870943
20.028586,73.6523,10.5469,10.5469,0,0,20.162867,738870943
20.030659,73.6523,10.5469,10.5469,0,0,20.162867,738870943
20.032631,73.6523,10.5469,10.5469,0,0,20.162867,738870943
20.034607,73.6523,10.5469,10.5469,0,0,20.162867,738870943
20.036586,73.6523,10.5469,10.5469,0,0,20.162867,738870943
20.038657,73.6523,10.5469,10.5469,0,0,20.162867,738870943
20.040631,73.6523,10.5469,10.5469,0,0,20.162867,738870943
20.042607,73.6523,10.5469,10.5469,0,0,20.162867,738870943
20.044586,73.6523,10.5469,10.5469,0,0,20.162867,738870943
20.046657,73.6523,10.5469,10.5469,0,0,20.162867,738870943
20.048631,73.6523,10.5469,10.5469,0,0,20.162867,738870943
20.050607,73.6523,10.5469,10.5469,0,0,20.162867,738870943
20.052586,73.6523,10.5469,10.5469,0,0,20.162867,738870943
20.054657,73.6523,10.5469,10.5469,0,0,20.162867,738870943
20.056631,73.6523,10.3711,10.3711,0,0,20.162867,738870943
20.058607,73.6523,10.3711,10.3711,0,0,20.162867,738870943
20.060586,73.6523,10.3711,10.3711,0,0,20.162867,738870943
20.062657,73.6523,10.3711,10.3711,0,0,20.162867,738870943
20.064631,73.6523,10.3711,10.3711,0,0,20.162867,738870943
20.066607,73.6523,10.3711,10.3711,0,0,20.162867,738870943
20.068586,73.6523,10.3711,10.3711,0,0,20.162867,738870943
20.070657,73.6523,10.3711,10.3711,0,0,20.162867,738870943
20.072631,73.6523,10.3711,10.3711,0,0,20.162867,738870943
20.074607,73.6523,10.3711,10.3711,0,0,20.162867,738870943
20.076586,73.6523,10.3711,10.3711,0,0,20.162867,738870943
20.078657,73.6523,10.3711,10.3711,0,0,20.162867,738870943
20.080631,73.6523,10.3711,10.3711,0,0,20.162867,738870943
20.082616,73.6523,10.3711,10.3711,0,0,20.162867,738870943
20.084592,73.6523,10.3711,10.3711,0,0,20.162867,738870943
20.086569,73.6523,10.3711,10.3711,0,0,20.162867,738870943
20.088641,73.6523,10.3711,10.3711,0,0,20.162867,738870943
20.090614,73.6523,10.3711,10.3711,0,0,20.162867,738870943
20.092592,73.6523,10.3711,10.3711,0,0,20.162867,738870943
20.094569,73.6523,10.3711,10.3711,0,0,20.162867,738870943
20.096641,73.6523,10.3711,10.3711,0,0,20.162867,738870943
20.098614,73.6523,10.3711,10.3711,0,0,20.162867,738870943
20.100592,73.6523,10.3711,10.3711,0,0,20.162867,738870943
20.102569,73.6523,10.3711,10.3711,0,0,20.162867,738870943
20.107232,73.6523,10.3711,10.3711,0,0,20.162867,738870943
20.107506,73.6523,10.3711,10.3711,0,0,20.162867,738870943
20.108596,73.6523,10.3711,10.3711,0,0,20.162867,738870943
20.110575,73.6523,10.3711,10.3711,0,0,20.162867,738870943
20.112651,73.6523,10.3711,10.3711,0,0,20.162867,738870943
20.114627,73.6523,10.3711,10.3711,0,0,20.162867,738870943
20.116604,73.6523,10.3711,10.3711,0,0,20.162867,738870943
20.118580,73.6523,10.3711,10.3711,0,0,20.162867,738870943
20.120655,73.6523,10.3711,10.3711,0,0,20.162867,738870943
20.122589,73.6523,10.3711,10.3711,0,0,20.162867,738870943
20.124565,73.6523,10.3711,10.3711,0,0,20.162867,738870943
20.126657,73.6523,10.3711,10.3711,0,0,20.162867,738870943
20.128631,73.6523,10.3711,10.3711,0,0,20.162867,738870943
20.130607,73.6523,10.3711,10.3711,0,0,20.162867,738870943
20.132586,73.6523,10.3711,10.3711,0,0,20.162867,738870943
20.134657,73.6523,10.3711,10.3711,0,0,20.162867,738870943
20.136631,73.6523,10.3711,10.3711,0,0,20.162867,738870943
20.138607,73.6523,10.3711,10.3711,0,0,20.162867,738870943
20.140586,73.6523,10.3711,10.3711,0,0,20.162867,738870943
20.142657,73.6523,10.3711,10.3711,0,0,20.162867,738870943
20.144631,73.6523,10.3711,10.3711,0,0,20.162867,738870943
20.146599,73.6523,10.3711,10.3711,0,0,20.162867,738870943
20.148654,73.6523,10.3711,10.3711,0,0,20.162867,738870943
20.150628,73.6523,10.3711,10.3711,0,0,20.162867,738870943
20.152640,73.6523,10.3711,10.3711,0,0,20.162867,738870943
20.154620,73.6523,10.3711,10.3711,0,0,20.162867,738870943
20.156655,73.6523,10.3711,10.3711,0,0,20.162867,738870943
20.160339,73.6523,10.3711,10.3711,0,0,20.413238,739114891
20.160933,73.6523,10.3711,10.3711,0,0,20.413238,739114891
20.162669,73.6523,10.3711,10.3711,0,0,20.413238,739114891
20.164578,73.6523,10.3711,10.3711,0,0,20.413238,739114891
20.166621,73.6523,10.3711,10.3711,0,0,20.413238,739114891
20.168604,73.6523,10.3711,10.3711,0,0,20.413238,739114891
20.170948,73.6523,10.3711,10.3711,0,0,20.413238,739114891
20.172660,73.6523,10.3711,10.3711,0,0,20.413238,739114891
20.174595,73.6523,10.3711,10.3711,0,0,20.413238,739114891
20.176572,73.6523,10.3711,10.3711,0,0,20.413238,739114891
20.178645,73.6523,10.3711,10.3711,0,0,20.413238,739114891
20.180619,73.6523,10.3711,10.3711,0,0,20.413238,739114891
20.182619,73.6523,10.3711,10.3711,0,0,20.413238,739114891
20.184659,73.6523,10.3711,10.3711,0,0,20.413238,739114891
20.186642,73.6523,10.3711,10.3711,0,0,20.413238,739114891
20.188614,73.6523,10.3711,10.3711,0,0,20.413238,739114891
20.190592,73.6523,10.3711,10.3711,0,0,20.413238,739114891
20.192580,73.6523,10.3711,10.3711,0,0,20.413238,739114891
20.194653,73.6523,10.3711,10.3711,0,0,20.413238,739114891
20.196629,73.6523,10.3711,10.3711,0,0,20.413238,739114891
20.198607,73.6523,10.3711,10.3711,0,0,20.413238,739114891
20.200585,73.6523,10.3711,10.3711,0,0,20.413238,739114891
20.202657,73.6523,10.3711,10.3711,0,0,20.413238,739114891
20.207923,73.6523,10.3711,10.3711,0,0,20.413238,739114891
20.208244,73.6523,10.3711,10.3711,0,0,20.413238,739114891
20.208650,73.6523,10.3711,10.3711,0,0,20.413238,739114891
20.210626,73.6523,10.3711,10.3711,0,0,20.413238,739114891
20.212604,73.6523,10.3711,10.3711,0,0,20.413238,739114891
20.214580,73.6523,10.3711,10.3711,0,0,20.413238,739114891
20.216655,73.6523,10.3711,10.3711,0,0,20.413238,739114891
20.218631,73.6523,10.3711,10.3711,0,0,20.413238,739114891
20.220607,73.6523,10.3711,10.3711,0,0,20.413238,739114891
20.222586,73.6523,10.3711,10.3711,0,0,20.413238,739114891
20.224588,73.6523,10.3711,10.3711,0,0,20.413238,739114891
20.226628,73.6523,10.3711,10.3711,0,0,20.413238,739114891
20.228642,73.6523,10.3711,10.3711,0,0,20.413238,739114891
20.230614,73.6523,10.3711,10.3711,0,0,20.413238,739114891
20.232592,73.6523,10.3711,10.3711,0,0,20.413238,739114891
20.234569,73.6523,10.3711,10.3711,0,0,20.413238,739114891
20.236641,73.6523,10.3711,10.3711,0,0,20.413238,739114891
20.238614,73.6523,10.3711,10.3711,0,0,20.413238,739114891
20.240592,73.6523,10.3711,10.3711,0,0,20.413238,739114891
20.242569,73.6523,10.3711,10.3711,0,0,20.413238,739114891
20.244641,73.6523,10.3711,10.3711,0,0,20.413238,739114891
20.246614,73.6523,10.3711,10.3711,0,0,20.413238,739114891
20.248592,73.6523,10.3711,10.3711,0,0,20.413238,739114891
20.250569,73.6523,10.3711,10.3711,0,0,20.413238,739114891
20.252641,73.6523,10.3711,10.3711,0,0,20.413238,739114891
20.254614,73.6523,10.3711,10.3711,0,0,20.413238,739114891
20.256592,73.6523,10.3711,10.3711,0,0,20.413238,739114891
20.258569,73.6523,10.3711,10.3711,0,0,20.413238,739114891
20.260641,73.6523,10.3711,10.3711,0,0,20.413238,739114891
20.262614,73.6523,10.3711,10.3711,0,0,20.413238,739114891
20.264592,73.6523,10.3711,10.3711,0,0,20.413238,739114891
20.266569,73.6523,10.3711,10.3711,0,0,20.413238,739114891
20.268641,73.6523,10.3711,10.3711,0,0,20.413238,739114891
20.270614,73.6523,10.3711,10.3711,0,0,20.413238,739114891
20.272592,73.6523,10.3711,10.3711,0,0,20.413238,739114891
20.274569,73.6523,10.3711,10.3711,0,0,20.413238,739114891
20.276641,73.6523,10.3711,10.3711,0,0,20.413238,739114891
20.278614,73.6523,10.3711,10.3711,0,0,20.413238,739114891
20.280592,73.6523,10.3711,10.3711,0,0,20.413238,739114891
20.282589,73.6523,10.3711,10.3711,0,0,20.413238,739114891
20.284564,73.6523,10.3711,10.3711,0,0,20.413238,739114891
20.286636,73.6523,10.3711,10.3711,0,0,20.413238,739114891
20.288612,73.6523,10.3711,10.3711,0,0,20.413238,739114891
20.290592,73.6523,10.3711,10.3711,0,0,20.413238,739114891
20.292569,73.6523,10.3711,10.3711,0,0,20.413238,739114891
20.294641,73.6523,10.3711,10.3711,0,0,20.413238,739114891
20.296614,73.6523,10.3711,10.3711,0,0,20.413238,739114891
20.298592,73.6523,10.3711,10.3711,0,0,20.413238,739114891
20.300569,73.6523,10.3711,10.3711,0,0,20.413238,739114891
20.302641,73.6523,10.3711,10.3711,0,0,20.413238,739114891
20.307314,73.6523,10.3711,10.3711,0,0,20.413238,739114891
20.307586,73.6523,10.3711,10.3711,0,0,20.413238,739114891
20.308579,73.6523,10.3711,10.3711,0,0,20.413238,739114891
20.310653,73.6523,10.3711,10.3711,0,0,20.413238,739114891
20.312629,73.6523,10.3711,10.3711,0,0,20.413238,739114891
20.314607,73.6523,10.5469,10.5469,0,0,20.413238,739114891
20.316586,73.6523,10.5469,10.5469,0,0,20.413238,739114891
20.318657,73.6523,10.5469,10.5469,0,0,20.413238,739114891
20.320631,73.6523,10.5469,10.5469,0,0,20.413238,739114891
20.322607,73.6523,10.5469,10.5469,0,0,20.413238,739114891
20.324586,73.6523,10.5469,10.5469,0,0,20.413238,739114891
20.326657,73.6523,10.5469,10.5469,0,0,20.413238,739114891
20.328594,73.6523,10.5469,10.5469,0,0,20.413238,739114891
20.330605,73.6523,10.5469,10.5469,0,0,20.413238,739114891
20.332580,73.6523,10.5469,10.5469,0,0,20.413238,739114891
20.334653,73.6523,10.5469,10.5469,0,0,20.413238,739114891
20.336629,73.6523,10.5469,10.5469,0,0,20.413238,739114891
20.338607,73.6523,10.5469,10.5469,0,0,20.413238,739114891
20.340585,73.6523,10.5469,10.5469,0,0,20.413238,739114891
20.342657,73.6523,10.5469,10.5469,0,0,20.413238,739114891
20.344631,73.6523,10.5469,10.5469,0,0,20.413238,739114891
20.346607,73.6523,10.5469,10.5469,0,0,20.413238,739114891
20.348586,73.6523,10.5469,10.5469,0,0,20.413238,739114891
20.350657,73.6523,10.5469,10.5469,0,0,20.413238,739114891
20.352631,73.6523,10.5469,10.5469,0,0,20.413238,739114891
20.354607,73.6523,10.5469,10.5469,0,0,20.413238,739114891
20.356586,73.6523,10.5469,10.5469,0,0,20.413238,739114891
20.358657,73.6523,10.5469,10.5469,0,0,20.413238,739114891
20.360631,73.6523,10.5469,10.5469,0,0,20.413238,739114891
20.362607,73.6523,10.5469,10.5469,0,0,20.413238,739114891
20.364586,73.6523,10.5469,10.5469,0,0,20.413238,739114891
20.366657,73.6523,10.5469,10.5469,0,0,20.413238,739114891
20.368631,73.6523,10.5469,10.5469,0,0,20.413238,739114891
20.370607,73.6523,10.5469,10.5469,0,0,20.413238,739114891
20.372586,73.6523,10.7227,10.7227,0,0,20.413238,739114891
20.374657,73.6523,10.7227,10.7227,0,0,20.413238,739114891
20.376631,73.6523,10.7227,10.7227,0,0,20.413238,739114891
20.378607,73.6523,10.7227,10.7227,0,0,20.413238,739114891
20.380586,73.6523,10.7227,10.7227,0,0,20.413238,739114891
20.382576,73.6523,10.7227,10.7227,0,0,20.413238,739114891
20.384656,73.6523,10.7227,10.7227,0,0,20.413238,739114891
20.386595,73.6523,10.7227,10.7227,0,0,20.413238,739114891
20.388566,73.6523,10.7227,10.7227,0,0,20.413238,739114891
20.390629,73.6523,10.7227,10.7227,0,0,20.413238,739114891
20.392607,73.6523,10.7227,10.7227,0,0,20.413238,739114891
20.394581,73.6523,10.7227,10.7227,0,0,20.413238,739114891
20.396654,73.6523,10.7227,10.7227,0,0,20.413238,739114891
20.398633,73.6523,10.7227,10.7227,0,0,20.413238,739114891
20.400601,73.6523,10.7227,10.7227,0,0,20.413238,739114891
20.408860,73.6523,10.7227,10.7227,0,0,20.644088,739347210
20.409235,73.6523,10.7227,10.7227,0,0,20.644088,739347210
20.409453,73.6523,10.7227,10.7227,0,0,20.644088,739347210
20.409658,73.6523,10.7227,10.7227,0,0,20.644088,739347210
20.410654,73.6523,10.7227,10.7227,0,0,20.644088,739347210
20.412578,73.6523,10.7227,10.7227,0,0,20.644088,739347210
20.414656,73.6523,10.7227,10.7227,0,0,20.644088,739347210
20.416633,73.6523,10.7227,10.7227,0,0,20.644088,739347210
20.418587,73.6523,10.7227,10.7227,0,0,20.644088,739347210
20.420664,73.6523,10.7227,10.7227,0,0,20.644088,739347210
20.422656,73.6523,10.7227,10.7227,0,0,20.644088,739347210
20.424631,73.6523,10.7227,10.7227,0,0,20.644088,739347210
20.426631,73.6523,10.7227,10.7227,0,0,20.644088,739347210
20.428591,73.6523,10.7227,10.7227,0,0,20.644088,739347210
20.430645,73.6523,10.7227,10.7227,0,0,20.644088,739347210
20.432607,73.6523,10.7227,10.7227,0,0,20.644088,739347210
20.434586,73.6523,10.7227,10.7227,0,0,20.644088,739347210
20.436657,73.6523,10.7227,10.7227,0,0,20.644088,739347210
20.438631,73.6523,10.7227,10.7227,0,0,20.644088,739347210
20.440607,73.6523,10.7227,10.7227,0,0,20.644088,739347210
20.442586,73.6523,10.7227,10.7227,0,0,20.644088,739347210
20.444657,73.6523,10.7227,10.7227,0,0,20.644088,739347210
20.446631,73.6523,10.7227,10.7227,0,0,20.644088,739347210
20.448607,73.6523,10.7227,10.7227,0,0,20.644088,739347210
20.450586,73.6523,10.7227,10.7227,0,0,20.644088,739347210
20.452566,73.6523,10.7227,10.7227,0,0,20.644088,739347210
20.454564,73.6523,10.7227,10.7227,0,0,20.644088,739347210
20.456636,73.6523,10.7227,10.7227,0,0,20.644088,739347210
20.458612,73.6523,10.7227,10.7227,0,0,20.644088,739347210
20.460592,73.6523,10.7227,10.7227,0,0,20.644088,739347210
20.462569,73.6523,10.7227,10.7227,0,0,20.644088,739347210
20.464641,73.6523,10.7227,10.7227,0,0,20.644088,739347210
20.466614,73.6523,10.7227,10.7227,0,0,20.644088,739347210
20.468592,73.6523,10.7227,10.7227,0,0,20.644088,739347210
20.470569,73.6523,10.7227,10.7227,0,0,20.644088,739347210
20.472641,73.6523,10.7227,10.7227,0,0,20.644088,739347210
20.474614,73.6523,10.7227,10.7227,0,0,20.644088,739347210
20.476592,73.6523,10.7227,10.7227,0,0,20.644088,739347210
20.478569,73.6523,10.7227,10.7227,0,0,20.644088,739347210
20.480641,73.6523,10.7227,10.7227,0,0,20.644088,739347210
20.482628,73.6523,10.7227,10.7227,0,0,20.644088,739347210
20.484605,73.6523,10.7227,10.7227,0,0,20.644088,739347210
20.486581,73.6523,10.7227,10.7227,0,0,20.644088,739347210
20.488653,73.6523,10.7227,10.7227,0,0,20.644088,739347210
20.490629,73.6523,10.7227,10.7227,0,0,20.644088,739347210
20.492607,73.6523,10.7227,10.7227,0,0,20.644088,739347210
20.494585,73.6523,10.7227,10.7227,0,0,20.644088,739347210
20.496657,73.6523,10.7227,10.7227,0,0,20.644088,739347210
20.498608,73.6523,10.7227,10.7227,0,0,20.644088,739347210
20.500588,73.6523,10.7227,10.7227,0,0,20.644088,739347210
20.502564,73.6523,10.7227,10.7227,0,0,20.644088,739347210
20.507350,73.6523,10.7227,10.7227,0,0,20.644088,739347210
20.507625,73.6523,10.7227,10.7227,0,0,20.644088,739347210
20.508622,73.6523,10.7227,10.7227,0,0,20.644088,739347210
20.510598,73.6523,10.7227,10.7227,0,0,20.644088,739347210
20.512573,73.6523,10.7227,10.7227,0,0,20.644088,739347210
20.514646,73.6523,10.7227,10.7227,0,0,20.644088,739347210
20.516619,73.6523,10.7227,10.7227,0,0,20.644088,739347210
20.518595,73.6523,10.7227,10.7227,0,0,20.644088,739347210
20.520573,73.6523,10.7227,10.7227,0,0,20.644088,739347210
20.522650,73.6523,10.7227,10.7227,0,0,20.644088,739347210
20.524626,73.6523,10.7227,10.7227,0,0,20.644088,739347210
20.526604,73.6523,10.7227,10.7227,0,0,20.644088,739347210
20.528580,73.6523,10.7227,10.7227,0,0,20.644088,739347210
20.530655,73.6523,10.7227,10.7227,0,0,20.644088,739347210
20.532626,73.6523,10.7227,10.7227,0,0,20.644088,739347210
20.534605,73.6523,10.7227,10.7227,0,0,20.644088,739347210
20.536613,73.6523,10.7227,10.7227,0,0,20.644088,739347210
20.538592,73.6523,10.7227,10.7227,0,0,20.644088,739347210
20.540569,73.6523,10.7227,10.7227,0,0,20.644088,739347210
20.542641,73.6523,10.7227,10.7227,0,0,20.644088,739347210
20.544614,73.6523,10.7227,10.7227,0,0,20.644088,739347210
20.546592,73.6523,10.7227,10.7227,0,0,20.644088,739347210
20.548569,73.6523,10.7227,10.7227,0,0,20.644088,739347210
20.550641,73.6523,10.7227,10.7227,0,0,20.644088,739347210
20.552614,73.6523,10.7227,10.7227,0,0,20.644088,739347210
20.554592,73.6523,10.7227,10.7227,0,0,20.644088,739347210
20.556569,73.6523,10.7227,10.7227,0,0,20.644088,739347210
20.558641,73.6523,10.7227,10.7227,0,0,20.644088,739347210
20.560614,73.6523,10.7227,10.7227,0,0,20.644088,739347210
20.562592,73.6523,10.7227,10.7227,0,0,20.644088,739347210
20.564569,73.6523,10.7227,10.7227,0,0,20.644088,739347210
20.566641,73.6523,10.5469,10.5469,0,0,20.644088,739347210
20.568614,73.6523,10.5469,10.5469,0,0,20.644088,739347210
20.570592,73.6523,10.5469,10.5469,0,0,20.644088,739347210
20.572587,73.6523,10.5469,10.5469,0,0,20.644088,739347210
20.574564,73.6523,10.5469,10.5469,0,0,20.644088,739347210
20.576650,73.6523,10.5469,10.5469,0,0,20.644088,739347210
20.578589,73.6523,10.5469,10.5469,0,0,20.644088,739347210
20.580572,73.6523,10.5469,10.5469,0,0,20.644088,739347210
20.582675,73.6523,10.5469,10.5469,0,0,20.644088,739347210
20.595820,73.6523,10.5469,10.5469,0,0,20.644088,739347210
20.597840,73.6523,10.5469,10.5469,0,0,20.644088,739347210
20.599911,73.6523,10.5469,10.5469,0,0,20.644088,739347210
20.601896,73.6523,10.5469,10.5469,0,0,20.644088,739347210
20.603827,73.6523,10.5469,10.5469,0,0,20.644088,739347210
20.607912,73.6523,10.5469,10.5469,0,0,20.644088,739347210
20.608210,73.6523,10.5469,10.5469,0,0,20.644088,739347210
20.609824,73.6523,10.5469,10.5469,0,0,20.644088,739347210
20.611866,73.6523,10.5469,10.5469,0,0,20.644088,739347210
20.614043,73.6523,10.5469,10.5469,0,0,20.644088,739347210
20.615908,73.6523,10.5469,10.5469,0,0,20.644088,739347210
20.617882,73.6523,10.5469,10.5469,0,0,20.644088,739347210
20.619856,73.6523,10.5469,10.5469,0,0,20.644088,739347210
20.621830,73.6523,10.5469,10.5469,0,0,20.644088,739347210
20.623878,73.6523,10.5469,10.5469,0,0,20.644088,739347210
20.625901,73.6523,10.5469,10.5469,0,0,20.644088,739347210
20.627887,73.6523,10.5469,10.5469,0,0,20.644088,739347210
20.629833,73.6523,10.5469,10.5469,0,0,20.644088,739347210
20.631892,73.6523,10.5469,10.5469,0,0,20.644088,739347210
20.637290,73.6523,10.5469,10.5469,0,0,20.681006,739388591
20.637852,73.6523,10.5469,10.5469,0,0,20.681006,739388591
20.638159,73.6523,10.5469,10.5469,0,0,20.681006,739388591
20.639837,73.6523,10.5469,10.5469,0,0,20.681006,739388591
20.641829,73.6523,10.5469,10.5469,0,0,20.681006,739388591
20.643827,73.6523,10.3711,10.3711,0,0,20.681006,739388591
20.645871,73.6523,10.3711,10.3711,0,0,20.681006,739388591
20.647893,73.6523,10.3711,10.3711,0,0,20.681006,739388591
20.649827,73.6523,10.3711,10.3711,0,0,20.681006,739388591
20.651922,73.6523,10.3711,10.3711,0,0,20.681006,739388591
20.653848,73.6523,10.3711,10.3711,0,0,20.681006,739388591
20.655850,73.6523,10.3711,10.3711,0,0,20.681006,739388591
20.657827,73.6523,10.3711,10.3711,0,0,20.681006,739388591
20.659846,73.6523,10.3711,10.3711,0,0,20.681006,739388591
20.661826,73.6523,10.3711,10.3711,0,0,20.681006,739388591
20.663911,73.6523,10.3711,10.3711,0,0,20.681006,739388591
20.665822,73.6523,10.3711,10.3711,0,0,20.681006,739388591
20.667824,73.6523,10.3711,10.3711,0,0,20.681006,739388591
20.669889,73.6523,10.3711,10.3711,0,0,20.681006,739388591
20.671850,73.6523,10.3711,10.3711,0,0,20.681006,739388591
20.673839,73.6523,10.3711,10.3711,0,0,20.681006,739388591
20.677787,73.6523,10.3711,10.3711,0,0,20.707738,739416821
20.678466,73.6523,10.3711,10.3711,0,0,20.707738,739416821
20.679903,73.6523,10.3711,10.3711,0,0,20.707738,739416821
20.681900,73.6523,10.3711,10.3711,0,0,20.707738,739416821
20.683909,73.6523,10.3711,10.3711,0,0,20.707738,739416821
20.685884,73.6523,10.3711,10.3711,0,0,20.707738,739416821
20.687830,73.6523,10.3711,10.3711,0,0,20.707738,739416821
20.690014,73.6523,10.3711,10.3711,0,0,20.707738,739416821
20.691847,73.6523,10.3711,10.3711,0,0,20.707738,739416821
20.693857,73.6523,10.3711,10.3711,0,0,20.707738,739416821
20.695915,73.6523,10.3711,10.3711,0,0,20.707738,739416821
20.697827,73.6523,10.3711,10.3711,0,0,20.707738,739416821
20.699864,73.6523,10.3711,10.3711,0,0,20.707738,739416821
20.701904,73.6523,10.3711,10.3711,0,0,20.707738,739416821
20.710454,73.6523,10.3711,10.3711,0,0,20.748904,739453314
20.710820,73.6523,10.3711,10.3711,0,0,20.748904,739453314
20.711033,73.6523,10.3711,10.3711,0,0,20.748904,739453314
20.711267,73.6523,10.3711,10.3711,0,0,20.748904,739453314
20.711876,73.6523,10.3711,10.3711,0,0,20.748904,739453314
20.713877,73.6523,10.3711,10.3711,0,0,20.748904,739453314
20.715869,73.6523,10.3711,10.3711,0,0,20.748904,739453314
20.717930,73.6523,10.3711,10.3711,0,0,20.748904,739453314
20.719888,73.6523,10.3711,10.3711,0,0,20.748904,739453314
20.721903,73.6523,10.3711,10.3711,0,0,20.748904,739453314
20.723871,73.6523,10.3711,10.3711,0,0,20.748904,739453314
20.725876,73.6523,10.3711,10.3711,0,0,20.748904,739453314
20.727852,73.6523,10.3711,10.3711,0,0,20.748904,739453314
20.729876,73.6523,10.3711,10.3711,0,0,20.748904,739453314
20.731838,73.6523,10.3711,10.3711,0,0,20.748904,739453314
20.733898,73.6523,10.3711,10.3711,0,0,20.748904,739453314
20.735841,73.6523,10.3711,10.3711,0,0,20.748904,739453314
20.737909,73.6523,10.3711,10.3711,0,0,20.748904,739453314
20.742606,73.6523,10.3711,10.3711,0,0,20.780123,739486151
20.743394,73.6523,10.3711,10.3711,0,0,20.780123,739486151
20.743850,73.6523,10.3711,10.3711,0,0,20.780123,739486151
20.745840,73.6523,10.3711,10.3711,0,0,20.780123,739486151
20.747871,73.6523,10.3711,10.3711,0,0,20.780123,739486151
20.749836,73.6523,10.3711,10.3711,0,0,20.780123,739486151
20.751897,73.6523,10.3711,10.3711,0,0,20.780123,739486151
20.753861,73.6523,10.3711,10.3711,0,0,20.780123,739486151
20.755914,73.6523,10.3711,10.3711,0,0,20.780123,739486151
20.757834,73.6523,10.3711,10.3711,0,0,20.780123,739486151
20.759888,73.6523,10.3711,10.3711,0,0,20.780123,739486151
20.761832,73.6523,10.3711,10.3711,0,0,20.780123,739486151
20.763835,73.6523,10.3711,10.3711,0,0,20.780123,739486151
20.765835,73.6523,10.3711,10.3711,0,0,20.780123,739486151
20.767858,73.6523,10.3711,10.3711,0,0,20.780123,739486151
20.769887,73.6523,10.3711,10.3711,0,0,20.780123,739486151
20.771859,73.6523,10.3711,10.3711,0,0,20.780123,739486151
20.775374,73.6523,10.3711,10.3711,0,0,20.809946,739518037
20.776010,73.6523,10.3711,10.3711,0,0,20.809946,739518037
20.778158,73.6523,10.3711,10.3711,0,0,20.809946,739518037
20.779862,73.6523,10.3711,10.3711,0,0,20.809946,739518037
20.781840,73.6523,10.3711,10.3711,0,0,20.809946,739518037
20.783881,73.6523,10.3711,10.3711,0,0,20.809946,739518037
20.785880,73.6523,10.3711,10.3711,0,0,20.809946,739518037
20.787877,73.6523,10.3711,10.3711,0,0,20.809946,739518037
20.789876,73.6523,10.3711,10.3711,0,0,20.809946,739518037
20.791859,73.6523,10.3711,10.3711,0,0,20.809946,739518037
20.793900,73.6523,10.3711,10.3711,0,0,20.809946,739518037
20.795903,73.6523,10.3711,10.3711,0,0,20.809946,739518037
20.797900,73.6523,10.3711,10.3711,0,0,20.809946,739518037
20.799908,73.6523,10.3711,10.3711,0,0,20.809946,739518037
20.801877,73.6523,10.3711,10.3711,0,0,20.809946,739518037
20.803870,73.6523,10.3711,10.3711,0,0,20.809946,739518037
20.811531,73.6523,10.3711,10.3711,0,0,20.870372,739571325
20.811957,73.6523,10.3711,10.3711,0,0,20.870372,739571325
20.812170,73.6523,10.3711,10.3711,0,0,20.870372,739571325
20.812382,73.6523,10.3711,10.3711,0,0,20.870372,739571325
20.813916,73.6523,10.3711,10.3711,0,0,20.870372,739571325
20.815854,73.6523,10.3711,10.3711,0,0,20.870372,739571325
20.818230,73.6523,10.3711,10.3711,0,0,20.870372,739571325
20.819909,73.6523,10.3711,10.3711,0,0,20.870372,739571325
20.821851,73.6523,10.3711,10.3711,0,0,20.870372,739571325
20.823899,73.6523,10.3711,10.3711,0,0,20.870372,739571325
20.825862,73.6523,10.3711,10.3711,0,0,20.870372,739571325
20.827925,73.6523,10.3711,10.3711,0,0,20.870372,739571325
20.829918,73.6523,10.3711,10.3711,0,0,20.870372,739571325
20.831827,73.6523,10.3711,10.3711,0,0,20.870372,739571325
20.833859,73.6523,10.3711,10.3711,0,0,20.870372,739571325
20.835822,73.6523,10.3711,10.3711,0,0,20.870372,739571325
20.837907,73.6523,10.3711,10.3711,0,0,20.870372,739571325
20.839822,73.6523,10.3711,10.3711,0,0,20.870372,739571325
20.841905,73.6523,10.3711,10.3711,0,0,20.870372,739571325
20.843888,73.6523,10.3711,10.3711,0,0,20.870372,739571325
20.845855,73.6523,10.3711,10.3711,0,0,20.870372,739571325
20.847820,73.6523,10.3711,10.3711,0,0,20.870372,739571325
20.849884,73.6523,10.3711,10.3711,0,0,20.870372,739571325
20.851851,73.6523,10.3711,10.3711,0,0,20.870372,739571325
20.853911,73.6523,10.3711,10.3711,0,0,20.870372,739571325
20.855878,73.6523,10.3711,10.3711,0,0,20.870372,739571325
20.860890,73.6523,10.3711,10.3711,0,0,20.911725,739616945
20.861454,73.6523,10.3711,10.3711,0,0,20.911725,739616945
20.861870,73.6523,10.3711,10.3711,0,0,20.911725,739616945
20.863878,73.6523,10.3711,10.3711,0,0,20.911725,739616945
20.865841,73.6523,10.3711,10.3711,0,0,20.911725,739616945
20.867915,73.6523,10.3711,10.3711,0,0,20.911725,739616945
20.869897,73.6523,10.3711,10.3711,0,0,20.911725,739616945
20.871916,73.6523,10.3711,10.3711,0,0,20.911725,739616945
20.873829,73.6523,10.3711,10.3711,0,0,20.911725,739616945
20.875912,73.6523,10.5469,10.5469,0,0,20.911725,739616945
20.877882,73.6523,10.5469,10.5469,0,0,20.911725,739616945
20.879895,73.6523,10.5469,10.5469,0,0,20.911725,739616945
20.881870,73.6523,10.5469,10.5469,0,0,20.911725,739616945
20.883849,73.6523,10.5469,10.5469,0,0,20.911725,739616945
20.885910,73.6523,10.5469,10.5469,0,0,20.911725,739616945
20.887822,73.6523,10.5469,10.5469,0,0,20.911725,739616945
20.889883,73.6523,10.5469,10.5469,0,0,20.911725,739616945
20.891821,73.6523,10.5469,10.5469,0,0,20.911725,739616945
20.893909,73.6523,10.5469,10.5469,0,0,20.911725,739616945
20.895916,73.6523,10.5469,10.5469,0,0,20.911725,739616945
20.897893,73.6523,10.5469,10.5469,0,0,20.911725,739616945
20.899900,73.6523,10.5469,10.5469,0,0,20.911725,739616945
20.901860,73.6523,10.5469,10.5469,0,0,20.911725,739616945
20.906133,73.6523,10.5469,10.5469,0,0,20.947899,739651802
20.906788,73.6523,10.5469,10.5469,0,0,20.947899,739651802
20.911408,73.6523,10.5469,10.5469,0,0,20.947899,739651802
20.911742,73.6523,10.5469,10.5469,0,0,20.947899,739651802
20.911951,73.6523,10.5469,10.5469,0,0,20.947899,739651802
20.913832,73.6523,10.5469,10.5469,0,0,20.947899,739651802
20.915860,73.6523,10.5469,10.5469,0,0,20.947899,739651802
20.917914,73.6523,10.5469,10.5469,0,0,20.947899,739651802
20.919823,73.6523,10.5469,10.5469,0,0,20.947899,739651802
20.921864,73.6523,10.5469,10.5469,0,0,20.947899,739651802
20.923826,73.6523,10.5469,10.5469,0,0,20.947899,739651802
20.925820,73.6523,10.5469,10.5469,0,0,20.947899,739651802
20.927884,73.6523,10.5469,10.5469,0,0,20.947899,739651802
20.929908,73.6523,10.5469,10.5469,0,0,20.947899,739651802
20.931907,73.6523,10.5469,10.5469,0,0,20.947899,739651802
20.933835,73.6523,10.5469,10.5469,0,0,20.947899,739651802
20.936336,73.6523,10.5469,10.5469,0,0,20.947899,739651802
20.937823,73.6523,10.5469,10.5469,0,0,20.947899,739651802
20.941453,73.6523,10.5469,10.5469,0,0,20.998397,739707379
20.942014,73.6523,10.5469,10.5469,0,0,20.998397,739707379
20.943899,73.6523,10.5469,10.5469,0,0,20.998397,739707379
20.945904,73.6523,10.5469,10.5469,0,0,20.998397,739707379
20.947838,73.6523,10.5469,10.5469,0,0,20.998397,739707379
20.949914,73.6523,10.5469,10.5469,0,0,20.998397,739707379
20.951832,73.6523,10.5469,10.5469,0,0,20.998397,739707379
20.953924,73.6523,10.5469,10.5469,0,0,20.998397,739707379
20.956038,73.6523,10.5469,10.5469,0,0,20.998397,739707379
20.957866,73.6523,10.5469,10.5469,0,0,20.998397,739707379
20.959824,73.6523,10.5469,10.5469,0,0,20.998397,739707379
20.961915,73.6523,10.5469,10.5469,0,0,20.998397,739707379
20.963838,73.6523,10.5469,10.5469,0,0,20.998397,739707379
20.965868,73.6523,10.5469,10.5469,0,0,20.998397,739707379
20.967845,73.6523,10.5469,10.5469,0,0,20.998397,739707379
20.969865,73.6523,10.5469,10.5469,0,0,20.998397,739707379
20.971863,73.6523,10.5469,10.5469,0,0,20.998397,739707379
20.973862,73.6523,10.5469,10.5469,0,0,20.998397,739707379
20.975837,73.6523,10.5469,10.5469,0,0,20.998397,739707379
20.977908,73.6523,10.5469,10.5469,0,0,20.998397,739707379
20.979885,73.6523,10.5469,10.5469,0,0,20.998397,739707379
20.981862,73.6523,10.5469,10.5469,0,0,20.998397,739707379
20.983853,73.6523,10.5469,10.5469,0,0,20.998397,739707379
20.985826,73.6523,10.5469,10.5469,0,0,20.998397,739707379
20.987900,73.6523,10.5469,10.5469,0,0,20.998397,739707379
20.989878,73.6523,10.5469,10.5469,0,0,20.998397,739707379
20.991852,73.6523,10.5469,10.5469,0,0,20.998397,739707379
20.996794,73.6523,10.5469,10.5469,0,0,21.033371,739742846
20.997310,73.6523,10.5469,10.5469,0,0,21.033371,739742846
20.997852,73.6523,10.5469,10.5469,0,0,21.033371,739742846
20.999915,73.6523,10.5469,10.5469,0,0,21.033371,739742846
21.001860,73.6523,10.5469,10.5469,0,0,21.033371,739742846
21.003830,73.6523,10.5469,10.5469,0,0,21.033371,739742846
21.005921,73.6523,10.5469,10.5469,0,0,21.033371,739742846
21.011285,73.6523,10.5469,10.5469,0,0,21.033371,739742846
21.011597,73.6523,10.5469,10.5469,0,0,21.033371,739742846
21.011903,73.6523,10.5469,10.5469,0,0,21.033371,739742846
21.013885,73.6523,10.5469,10.5469,0,0,21.033371,739742846
21.015905,73.6523,10.5469,10.5469,0,0,21.033371,739742846
21.017865,73.6523,10.5469,10.5469,0,0,21.033371,739742846
21.019887,73.6523,10.5469,10.5469,0,0,21.033371,739742846
21.021913,73.6523,10.5469,10.5469,0,0,21.033371,739742846
21.023889,73.6523,10.5469,10.5469,0,0,21.033371,739742846
21.025901,73.6523,10.5469,10.5469,0,0,21.033371,739742846
21.027851,73.6523,10.5469,10.5469,0,0,21.033371,739742846
21.032147,73.6523,10.5469,10.5469,0,0,21.089363,739797487
21.032919,73.6523,10.5469,10.5469,0,0,21.089363,739797487
21.033913,73.6523,10.5469,10.5469,0,0,21.089363,739797487
21.035868,73.6523,10.5469,10.5469,0,0,21.089363,739797487
21.037898,73.6523,10.5469,10.5469,0,0,21.089363,739797487
21.039914,73.6523,10.5469,10.5469,0,0,21.089363,739797487
21.041869,73.6523,10.5469,10.5469,0,0,21.089363,739797487
21.043906,73.6523,10.5469,10.5469,0,0,21.089363,739797487
21.045827,73.6523,10.5469,10.5469,0,0,21.089363,739797487
21.047853,73.6523,10.5469,10.5469,0,0,21.089363,739797487
21.049826,73.6523,10.5469,10.5469,0,0,21.089363,739797487
21.051887,73.6523,10.5469,10.5469,0,0,21.089363,739797487
21.053842,73.6523,10.5469,10.5469,0,0,21.089363,739797487
21.055907,73.6523,10.5469,10.5469,0,0,21.089363,739797487
21.057905,73.6523,10.5469,10.5469,0,0,21.089363,739797487
21.059885,73.6523,10.5469,10.5469,0,0,21.089363,739797487
21.061863,73.6523,10.5469,10.5469,0,0,21.089363,739797487
21.063824,73.6523,10.5469,10.5469,0,0,21.089363,739797487
21.065924,73.6523,10.5469,10.5469,0,0,21.089363,739797487
21.067847,73.6523,10.5469,10.5469,0,0,21.089363,739797487
21.069845,73.6523,10.5469,10.5469,0,0,21.089363,739797487
21.071822,73.6523,10.5469,10.5469,0,0,21.089363,739797487
21.073900,73.6523,10.5469,10.5469,0,0,21.089363,739797487
21.075878,73.6523,10.5469,10.5469,0,0,21.089363,739797487
21.077852,73.6523,10.5469,10.5469,0,0,21.089363,739797487
21.079826,73.6523,10.5469,10.5469,0,0,21.089363,739797487
21.081900,73.6523,10.5469,10.5469,0,0,21.089363,739797487
21.086982,73.6523,10.5469,10.5469,0,0,21.124572,739833968
21.087482,73.6523,10.5469,10.5469,0,0,21.124572,739833968
21.087900,73.6523,10.5469,10.5469,0,0,21.124572,739833968
21.089897,73.6523,10.5469,10.5469,0,0,21.124572,739833968
21.091822,73.6523,10.5469,10.5469,0,0,21.124572,739833968
21.093884,73.6523,10.5469,10.5469,0,0,21.124572,739833968
21.095864,73.6523,10.5469,10.5469,0,0,21.124572,739833968
21.097915,73.6523,10.5469,10.5469,0,0,21.124572,739833968
21.099869,73.6523,10.5469,10.5469,0,0,21.124572,739833968
21.101859,73.6523,10.5469,10.5469,0,0,21.124572,739833968
21.103865,73.6523,10.5469,10.5469,0,0,21.124572,739833968
21.105841,73.6523,10.5469,10.5469,0,0,21.124572,739833968
21.111054,73.6523,10.5469,10.5469,0,0,21.124572,739833968
21.111368,73.6523,10.5469,10.5469,0,0,21.124572,739833968
21.111869,73.6523,10.5469,10.5469,0,0,21.124572,739833968
21.113899,73.6523,10.5469,10.5469,0,0,21.124572,739833968
21.115878,73.6523,10.5469,10.5469,0,0,21.124572,739833968
21.118452,73.6523,10.5469,10.5469,0,0,21.124572,739833968
21.119845,73.6523,10.5469,10.5469,0,0,21.124572,739833968
21.123529,73.6523,10.5469,10.5469,0,0,21.164467,739865561
21.124095,73.6523,10.5469,10.5469,0,0,21.164467,739865561
21.126126,73.6523,10.5469,10.5469,0,0,21.164467,739865561
21.127847,73.6523,10.5469,10.5469,0,0,21.164467,739865561
21.129897,73.6523,10.5469,10.5469,0,0,21.164467,739865561
21.132011,73.6523,10.5469,10.5469,0,0,21.164467,739865561
21.133899,73.6523,10.5469,10.5469,0,0,21.164467,739865561
21.135863,73.6523,10.5469,10.5469,0,0,21.164467,739865561
21.137923,73.6523,10.5469,10.5469,0,0,21.164467,739865561
21.139858,73.6523,10.5469,10.5469,0,0,21.164467,739865561
21.141923,73.6523,10.5469,10.5469,0,0,21.164467,739865561
21.143886,73.6523,10.5469,10.5469,0,0,21.164467,739865561
21.145903,73.6523,10.5469,10.5469,0,0,21.164467,739865561
21.147906,73.6523,10.5469,10.5469,0,0,21.164467,739865561
21.149926,73.6523,10.5469,10.5469,0,0,21.164467,739865561
21.154730,73.6523,10.5469,10.5469,0,0,21.227310,739932946
21.155414,73.6523,10.5469,10.5469,0,0,21.227310,739932946
21.155826,73.6523,10.5469,10.5469,0,0,21.227310,739932946
21.157882,73.6523,10.5469,10.5469,0,0,21.227310,739932946
21.159872,73.6523,10.5469,10.5469,0,0,21.227310,739932946
21.161851,73.6523,10.5469,10.5469,0,0,21.227310,739932946
21.163827,73.6523,10.5469,10.5469,0,0,21.227310,739932946
21.165879,73.6523,10.5469,10.5469,0,0,21.227310,739932946
21.167882,73.6523,10.5469,10.5469,0,0,21.227310,739932946
21.169858,73.6523,10.5469,10.5469,0,0,21.227310,739932946
21.171863,73.6523,10.5469,10.5469,0,0,21.227310,739932946
21.173883,73.6523,10.5469,10.5469,0,0,21.227310,739932946
21.175834,73.6523,10.5469,10.5469,0,0,21.227310,739932946
21.177843,73.6523,10.5469,10.5469,0,0,21.227310,739932946
21.179869,73.6523,10.5469,10.5469,0,0,21.227310,739932946
21.181836,73.6523,10.5469,10.5469,0,0,21.227310,739932946
21.183820,73.6523,10.5469,10.5469,0,0,21.227310,739932946
21.185916,73.6523,10.5469,10.5469,0,0,21.227310,739932946
21.187834,73.6523,10.5469,10.5469,0,0,21.227310,739932946
21.189897,73.6523,10.5469,10.5469,0,0,21.227310,739932946
21.191861,73.6523,10.5469,10.5469,0,0,21.227310,739932946
21.193869,73.6523,10.5469,10.5469,0,0,21.227310,739932946
21.195875,73.6523,10.5469,10.5469,0,0,21.227310,739932946
21.197886,73.6523,10.5469,10.5469,0,0,21.227310,739932946
21.199875,73.6523,10.5469,10.5469,0,0,21.227310,739932946
21.201838,73.6523,10.5469,10.5469,0,0,21.227310,739932946
21.203897,73.6523,10.5469,10.5469,0,0,21.227310,739932946
21.205861,73.6523,10.5469,10.5469,0,0,21.227310,739932946
21.210934,73.6523,10.5469,10.5469,0,0,21.227310,739932946
21.211244,73.6523,10.5469,10.5469,0,0,21.227310,739932946
21.211842,73.6523,10.5469,10.5469,0,0,21.227310,739932946
21.213901,73.6523,10.5469,10.5469,0,0,21.227310,739932946
21.215867,73.6523,10.5469,10.5469,0,0,21.227310,739932946
21.217827,73.6523,10.5469,10.5469,0,0,21.227310,739932946
21.222320,73.6523,10.5469,10.5469,0,0,21.282952,739980558
21.223074,73.6523,10.5469,10.5469,0,0,21.282952,739980558
21.223848,73.6523,10.5469,10.5469,0,0,21.282952,739980558
21.225830,73.6523,10.5469,10.5469,0,0,21.282952,739980558
21.227894,73.6523,10.5469,10.5469,0,0,21.282952,739980558
21.229862,73.6523,10.5469,10.5469,0,0,21.282952,739980558
21.231822,73.6523,10.5469,10.5469,0,0,21.282952,739980558
21.233820,73.6523,10.5469,10.5469,0,0,21.282952,739980558
21.235917,73.6523,10.5469,10.5469,0,0,21.282952,739980558
21.237874,73.6523,10.5469,10.5469,0,0,21.282952,739980558
21.239866,73.6523,10.5469,10.5469,0,0,21.282952,739980558
21.241897,73.6523,10.5469,10.5469,0,0,21.282952,739980558
21.243822,73.6523,10.5469,10.5469,0,0,21.282952,739980558
21.245870,73.6523,10.3711,10.3711,0,0,21.282952,739980558
21.247889,73.6523,10.3711,10.3711,0,0,21.282952,739980558
21.249850,73.6523,10.3711,10.3711,0,0,21.282952,739980558
21.251820,73.6523,10.3711,10.3711,0,0,21.282952,739980558
21.253832,73.6523,10.3711,10.3711,0,0,21.282952,739980558
21.255897,73.6523,10.3711,10.3711,0,0,21.282952,739980558
21.257894,73.6523,10.3711,10.3711,0,0,21.282952,739980558
21.259861,73.6523,10.3711,10.3711,0,0,21.282952,739980558
21.261822,73.6523,10.3711,10.3711,0,0,21.282952,739980558
21.263820,73.6523,10.3711,10.3711,0,0,21.282952,739980558
21.265857,73.6523,10.3711,10.3711,0,0,21.282952,739980558
