t_s,theta_deg,alpha_deg,alpha_raw_deg,pwm,mode,t_pc_block_s,t_now_us
0.000000,-0.2637,-3.5156,-3.5156,0,0,0.278641,179765681
0.000770,-0.0879,-3.6914,-3.6914,0,0,0.278641,179765681
0.001323,-0.0879,-3.6914,-3.6914,0,0,0.278641,179765681
0.003344,0.0879,-3.8672,-3.8672,0,0,0.278641,179765681
0.005340,0.0879,-3.8672,-3.8672,0,0,0.278641,179765681
0.007319,0.2637,-4.0430,-4.0430,0,0,0.278641,179765681
0.009362,0.4395,-4.2188,-4.2188,0,0,0.278641,179765681
0.011374,0.6152,-4.3945,-4.3945,0,0,0.278641,179765681
0.013304,0.6152,-4.5703,-4.5703,0,0,0.278641,179765681
0.015808,0.7910,-4.5703,-4.5703,0,0,0.278641,179765681
0.017350,0.9668,-4.7461,-4.7461,0,0,0.278641,179765681
0.019374,1.1426,-4.9219,-4.9219,0,0,0.278641,179765681
0.021335,1.1426,-4.9219,-4.9219,0,0,0.278641,179765681
0.023397,1.3184,-5.0977,-5.0977,0,0,0.278641,179765681
0.025316,1.3184,-5.2734,-5.2734,0,0,0.278641,179765681
0.027319,1.4941,-5.2734,-5.2734,0,0,0.278641,179765681
0.029392,1.6699,-5.4492,-5.4492,0,0,0.278641,179765681
0.031356,1.6699,-5.6250,-5.6250,0,0,0.278641,179765681
0.033316,1.8457,-5.6250,-5.6250,0,0,0.278641,179765681
0.035373,1.8457,-5.6250,-5.6250,0,0,0.278641,179765681
0.037335,2.0215,-5.8008,-5.8008,0,0,0.278641,179765681
0.039397,2.1973,-5.8008,-5.8008,0,0,0.278641,179765681
0.041359,2.1973,-5.8008,-5.8008,0,0,0.278641,179765681
0.043323,2.3730,-5.9766,-5.9766,0,0,0.278641,179765681
0.045389,2.3730,-5.9766,-5.9766,0,0,0.278641,179765681
0.047350,2.5488,-5.9766,-5.9766,0,0,0.278641,179765681
0.049313,2.5488,-6.1523,-6.1523,0,0,0.278641,179765681
0.054356,2.7246,-6.1523,-6.1523,0,0,0.278641,179765681
0.054669,2.7246,-6.1523,-6.1523,0,0,0.278641,179765681
0.055372,2.9004,-6.1523,-6.1523,0,0,0.278641,179765681
0.057335,2.9004,-6.1523,-6.1523,0,0,0.278641,179765681
0.059397,2.9004,-6.1523,-6.1523,0,0,0.278641,179765681
0.061359,3.0762,-6.3281,-6.3281,0,0,0.278641,179765681
0.063323,3.0762,-6.3281,-6.3281,0,0,0.278641,179765681
0.065389,3.2520,-6.3281,-6.3281,0,0,0.278641,179765681
0.067350,3.2520,-6.3281,-6.3281,0,0,0.278641,179765681
0.069313,3.2520,-6.3281,-6.3281,0,0,0.278641,179765681
0.071374,3.4277,-6.1523,-6.1523,0,0,0.278641,179765681
0.073335,3.4277,-6.1523,-6.1523,0,0,0.278641,179765681
0.075397,3.4277,-6.1523,-6.1523,0,0,0.278641,179765681
0.077359,3.4277,-6.1523,-6.1523,0,0,0.278641,179765681
0.079340,3.6035,-5.9766,-5.9766,0,0,0.278641,179765681
0.081400,3.6035,-5.9766,-5.9766,0,0,0.278641,179765681
0.083367,3.6035,-5.9766,-5.9766,0,0,0.278641,179765681
0.085332,3.6035,-5.8008,-5.8008,0,0,0.278641,179765681
0.087395,3.7793,-5.8008,-5.8008,0,0,0.278641,179765681
0.089359,3.7793,-5.8008,-5.8008,0,0,0.278641,179765681
0.091323,3.7793,-5.6250,-5.6250,0,0,0.278641,179765681
0.093389,3.7793,-5.6250,-5.6250,0,0,0.278641,179765681
0.095350,3.7793,-5.4492,-5.4492,0,0,0.278641,179765681
0.097313,3.9551,-5.4492,-5.4492,0,0,0.278641,179765681
0.099374,3.9551,-5.2734,-5.2734,0,0,0.278641,179765681
0.101335,3.9551,-5.2734,-5.2734,0,0,0.278641,179765681
0.103397,3.9551,-5.0977,-5.0977,0,0,0.278641,179765681
0.105359,3.9551,-4.9219,-4.9219,0,0,0.278641,179765681
0.107323,3.9551,-4.9219,-4.9219,0,0,0.278641,179765681
0.109389,3.9551,-4.7461,-4.7461,0,0,0.278641,179765681
0.111398,3.9551,-4.5703,-4.5703,0,0,0.278641,179765681
0.113315,3.9551,-4.3945,-4.3945,0,0,0.278641,179765681
0.115373,3.9551,-4.3945,-4.3945,0,0,0.278641,179765681
0.117335,3.9551,-4.2188,-4.2188,0,0,0.278641,179765681
0.119397,3.9551,-4.0430,-4.0430,0,0,0.278641,179765681
0.121313,3.9551,-3.8672,-3.8672,0,0,0.278641,179765681
0.123374,3.9551,-3.6914,-3.6914,0,0,0.278641,179765681
0.125335,3.9551,-3.6914,-3.6914,0,0,0.278641,179765681
0.127397,3.9551,-3.5156,-3.5156,0,0,0.278641,179765681
0.129359,3.9551,-3.1641,-3.1641,0,0,0.278641,179765681
0.131323,3.9551,-3.1641,-3.1641,0,0,0.278641,179765681
0.133389,3.9551,-2.9883,-2.9883,0,0,0.278641,179765681
0.135350,3.9551,-2.8125,-2.8125,0,0,0.278641,179765681
0.137313,3.9551,-2.6367,-2.6367,0,0,0.278641,179765681
0.139374,3.9551,-2.4609,-2.4609,0,0,0.278641,179765681
0.141335,3.9551,-2.2852,-2.2852,0,0,0.278641,179765681
0.143397,3.9551,-2.1094,-2.1094,0,0,0.278641,179765681
0.145359,3.9551,-1.9336,-1.9336,0,0,0.278641,179765681
0.147323,3.9551,-1.7578,-1.7578,0,0,0.278641,179765681
0.149389,3.9551,-1.5820,-1.5820,0,0,0.278641,179765681
0.153788,3.9551,-1.0547,-1.0547,0,0,0.278641,179765681
0.154063,3.9551,-1.0547,-1.0547,0,0,0.278641,179765681
0.155340,3.9551,-1.0547,-1.0547,0,0,0.278641,179765681
0.157399,3.9551,-0.8789,-0.8789,0,0,0.278641,179765681
0.159363,3.9551,-0.7031,-0.7031,0,0,0.278641,179765681
0.161327,3.9551,-0.5273,-0.5273,0,0,0.278641,179765681
0.163389,3.9551,-0.3516,-0.3516,0,0,0.278641,179765681
0.165350,3.9551,-0.1758,-0.1758,0,0,0.278641,179765681
0.167313,3.9551,0.0000,0.0000,0,0,0.278641,179765681
0.169374,3.9551,0.1758,0.1758,0,0,0.278641,179765681
0.171335,3.9551,0.3516,0.3516,0,0,0.278641,179765681
0.173397,3.9551,0.5273,0.5273,0,0,0.278641,179765681
0.175359,3.9551,0.7031,0.7031,0,0,0.278641,179765681
0.177323,3.9551,0.8789,0.8789,0,0,0.278641,179765681
0.179397,3.9551,1.0547,1.0547,0,0,0.278641,179765681
0.181359,3.9551,1.2305,1.2305,0,0,0.278641,179765681
0.183323,3.9551,1.4062,1.4062,0,0,0.278641,179765681
0.185389,3.9551,1.4062,1.4062,0,0,0.278641,179765681
0.187350,3.9551,1.7578,1.7578,0,0,0.278641,179765681
0.189313,3.9551,1.7578,1.7578,0,0,0.278641,179765681
0.191374,3.9551,1.9336,1.9336,0,0,0.278641,179765681
0.193350,3.9551,2.1094,2.1094,0,0,0.278641,179765681
0.195313,3.9551,2.2852,2.2852,0,0,0.278641,179765681
0.197374,3.9551,2.4609,2.4609,0,0,0.278641,179765681
0.199335,3.9551,2.6367,2.6367,0,0,0.278641,179765681
0.201320,3.9551,2.8125,2.8125,0,0,0.278641,179765681
0.203397,3.9551,2.8125,2.8125,0,0,0.278641,179765681
0.205374,3.9551,2.9883,2.9883,0,0,0.278641,179765681
0.207349,3.9551,3.1641,3.1641,0,0,0.278641,179765681
0.209322,3.9551,3.3398,3.3398,0,0,0.278641,179765681
0.211397,3.9551,3.3398,3.3398,0,0,0.278641,179765681
0.213396,3.9551,3.5156,3.5156,0,0,0.278641,179765681
0.215391,4.1309,3.6914,3.6914,0,0,0.278641,179765681
0.217383,4.1309,3.8672,3.8672,0,0,0.278641,179765681
0.219362,4.1309,3.8672,3.8672,0,0,0.278641,179765681
0.221338,4.1309,4.0430,4.0430,0,0,0.278641,179765681
0.223314,4.1309,4.0430,4.0430,0,0,0.278641,179765681
0.225391,4.1309,4.2188,4.2188,0,0,0.278641,179765681
0.227307,4.3066,4.3945,4.3945,0,0,0.278641,179765681
0.229360,4.3066,4.3945,4.3945,0,0,0.278641,179765681
0.231378,4.3066,4.5703,4.5703,0,0,0.278641,179765681
0.233352,4.3066,4.5703,4.5703,0,0,0.278641,179765681
0.235325,4.4824,4.7461,4.7461,0,0,0.278641,179765681
0.237400,4.4824,4.7461,4.7461,0,0,0.278641,179765681
0.239377,4.4824,4.9219,4.9219,0,0,0.278641,179765681
0.241312,4.6582,4.9219,4.9219,0,0,0.278641,179765681
0.243382,4.6582,4.9219,4.9219,0,0,0.278641,179765681
0.245399,4.6582,5.0977,5.0977,0,0,0.278641,179765681
0.247343,4.8340,5.2734,5.2734,0,0,0.525148,180030647
0.255833,5.0098,5.2734,5.2734,0,0,0.525148,180030647
0.256180,5.0098,5.2734,5.2734,0,0,0.525148,180030647
0.256389,5.0098,5.2734,5.2734,0,0,0.525148,180030647
0.256594,5.0098,5.2734,5.2734,0,0,0.525148,180030647
0.257357,5.0098,5.2734,5.2734,0,0,0.525148,180030647
0.259323,5.0098,5.2734,5.2734,0,0,0.525148,180030647
0.261373,5.1855,5.4492,5.4492,0,0,0.525148,180030647
0.263340,5.1855,5.4492,5.4492,0,0,0.525148,180030647
0.265390,5.3613,5.4492,5.4492,0,0,0.525148,180030647
0.267359,5.3613,5.4492,5.4492,0,0,0.525148,180030647
0.269318,5.5371,5.4492,5.4492,0,0,0.525148,180030647
0.271371,5.5371,5.4492,5.4492,0,0,0.525148,180030647
0.273339,5.7129,5.4492,5.4492,0,0,0.525148,180030647
0.275390,5.7129,5.4492,5.4492,0,0,0.525148,180030647
0.277359,5.8887,5.4492,5.4492,0,0,0.525148,180030647
0.279339,5.8887,5.4492,5.4492,0,0,0.525148,180030647
0.281315,6.0645,5.4492,5.4492,0,0,0.525148,180030647
0.283386,6.0645,5.2734,5.2734,0,0,0.525148,180030647
0.285344,6.2402,5.2734,5.2734,0,0,0.525148,180030647
0.287304,6.2402,5.2734,5.2734,0,0,0.525148,180030647
0.289371,6.4160,5.2734,5.2734,0,0,0.525148,180030647
0.291350,6.5918,5.2734,5.2734,0,0,0.525148,180030647
0.293309,6.5918,5.0977,5.0977,0,0,0.525148,180030647
0.295391,6.7676,5.0977,5.0977,0,0,0.525148,180030647
0.297315,6.7676,4.9219,4.9219,0,0,0.525148,180030647
0.299359,6.9434,4.9219,4.9219,0,0,0.525148,180030647
0.301319,7.1191,4.9219,4.9219,0,0,0.525148,180030647
0.303313,7.2949,4.7461,4.7461,0,0,0.525148,180030647
0.305355,7.2949,4.7461,4.7461,0,0,0.525148,180030647
0.307355,7.4707,4.5703,4.5703,0,0,0.525148,180030647
0.309355,7.6465,4.5703,4.5703,0,0,0.525148,180030647
0.311318,7.6465,4.3945,4.3945,0,0,0.525148,180030647
0.313367,7.8223,4.3945,4.3945,0,0,0.525148,180030647
0.315329,7.9980,4.2188,4.2188,0,0,0.525148,180030647
0.317359,8.1738,4.2188,4.2188,0,0,0.525148,180030647
0.319314,8.1738,4.0430,4.0430,0,0,0.525148,180030647
0.321391,8.3496,3.8672,3.8672,0,0,0.525148,180030647
0.323358,8.5254,3.8672,3.8672,0,0,0.525148,180030647
0.325313,8.7012,3.6914,3.6914,0,0,0.525148,180030647
0.327356,8.8770,3.5156,3.5156,0,0,0.525148,180030647
0.329318,8.8770,3.5156,3.5156,0,0,0.525148,180030647
0.331367,9.0527,3.3398,3.3398,0,0,0.525148,180030647
0.333329,9.2285,3.1641,3.1641,0,0,0.525148,180030647
0.335372,9.4043,3.1641,3.1641,0,0,0.525148,180030647
0.337334,9.5801,2.9883,2.9883,0,0,0.525148,180030647
0.339382,9.5801,2.8125,2.8125,0,0,0.525148,180030647
0.341343,9.7559,2.6367,2.6367,0,0,0.525148,180030647
0.343389,9.9316,2.4609,2.4609,0,0,0.525148,180030647
0.345353,10.1074,2.4609,2.4609,0,0,0.525148,180030647
0.347307,10.2832,2.2852,2.2852,0,0,0.525148,180030647
0.349355,10.2832,2.1094,2.1094,0,0,0.525148,180030647
0.353870,10.6348,1.7578,1.7578,0,0,0.525148,180030647
0.354144,10.6348,1.7578,1.7578,0,0,0.525148,180030647
0.355368,10.8105,1.7578,1.7578,0,0,0.525148,180030647
0.357319,10.9863,1.4062,1.4062,0,0,0.525148,180030647
0.359367,11.1621,1.4062,1.4062,0,0,0.525148,180030647
0.361329,11.1621,1.2305,1.2305,0,0,0.525148,180030647
0.363372,11.3379,1.0547,1.0547,0,0,0.525148,180030647
0.365334,11.5137,0.8789,0.8789,0,0,0.525148,180030647
0.367382,11.6895,0.7031,0.7031,0,0,0.525148,180030647
0.369343,11.8652,0.5273,0.5273,0,0,0.525148,180030647
0.371389,12.0410,0.5273,0.5273,0,0,0.525148,180030647
0.373353,12.2168,0.3516,0.3516,0,0,0.525148,180030647
0.375307,12.3926,0.1758,0.1758,0,0,0.525148,180030647
0.377355,12.3926,0.0000,0.0000,0,0,0.525148,180030647
0.379329,12.5684,-0.1758,-0.1758,0,0,0.525148,180030647
0.381372,12.7441,-0.3516,-0.3516,0,0,0.525148,180030647
0.383334,12.9199,-0.3516,-0.3516,0,0,0.525148,180030647
0.385382,13.0957,-0.7031,-0.7031,0,0,0.525148,180030647
0.387343,13.0957,-0.7031,-0.7031,0,0,0.525148,180030647
0.389389,13.2715,-0.8789,-0.8789,0,0,0.525148,180030647
0.391353,13.4473,-1.0547,-1.0547,0,0,0.525148,180030647
0.393307,13.6230,-1.2305,-1.2305,0,0,0.525148,180030647
0.395355,13.7988,-1.4062,-1.4062,0,0,0.525148,180030647
0.397318,13.7988,-1.4062,-1.4062,0,0,0.525148,180030647
0.399366,13.9746,-1.5820,-1.5820,0,0,0.525148,180030647
0.401329,14.1504,-1.7578,-1.7578,0,0,0.525148,180030647
0.403372,14.3262,-1.7578,-1.7578,0,0,0.525148,180030647
0.405334,14.5020,-2.1094,-2.1094,0,0,0.525148,180030647
0.407382,14.6777,-2.1094,-2.1094,0,0,0.525148,180030647
0.409343,14.6777,-2.2852,-2.2852,0,0,0.525148,180030647
0.411389,14.8535,-2.4609,-2.4609,0,0,0.525148,180030647
0.413353,15.0293,-2.4609,-2.4609,0,0,0.525148,180030647
0.415307,15.2051,-2.6367,-2.6367,0,0,0.525148,180030647
0.417355,15.2051,-2.8125,-2.8125,0,0,0.525148,180030647
0.419359,15.3809,-2.8125,-2.8125,0,0,0.525148,180030647
0.421329,15.5566,-2.9883,-2.9883,0,0,0.525148,180030647
0.423372,15.7324,-2.9883,-2.9883,0,0,0.525148,180030647
0.425334,15.7324,-3.1641,-3.1641,0,0,0.525148,180030647
0.427382,15.9082,-3.1641,-3.1641,0,0,0.525148,180030647
0.429343,16.0840,-3.3398,-3.3398,0,0,0.525148,180030647
0.431389,16.0840,-3.5156,-3.5156,0,0,0.525148,180030647
0.433353,16.2598,-3.5156,-3.5156,0,0,0.525148,180030647
0.435307,16.2598,-3.6914,-3.6914,0,0,0.525148,180030647
0.437355,16.4355,-3.6914,-3.6914,0,0,0.525148,180030647
0.439318,16.6113,-3.6914,-3.6914,0,0,0.525148,180030647
0.441366,16.6113,-3.8672,-3.8672,0,0,0.525148,180030647
0.443329,16.7871,-3.8672,-3.8672,0,0,0.525148,180030647
0.445372,16.7871,-3.8672,-3.8672,0,0,0.525148,180030647
0.447334,16.9629,-4.0430,-4.0430,0,0,0.525148,180030647
0.449382,17.1387,-4.0430,-4.0430,0,0,0.525148,180030647
0.453821,17.3145,-4.2188,-4.2188,0,0,0.525148,180030647
0.454090,17.3145,-4.2188,-4.2188,0,0,0.525148,180030647
0.455308,17.3145,-4.2188,-4.2188,0,0,0.525148,180030647
0.457355,17.4902,-4.2188,-4.2188,0,0,0.525148,180030647
0.459318,17.4902,-4.2188,-4.2188,0,0,0.525148,180030647
0.461366,17.6660,-4.2188,-4.2188,0,0,0.525148,180030647
0.463329,17.6660,-4.2188,-4.2188,0,0,0.525148,180030647
0.465372,17.6660,-4.3945,-4.3945,0,0,0.525148,180030647
0.467334,17.8418,-4.3945,-4.3945,0,0,0.525148,180030647
0.469382,17.8418,-4.3945,-4.3945,0,0,0.525148,180030647
0.471343,18.0176,-4.3945,-4.3945,0,0,0.525148,180030647
0.473389,18.0176,-4.3945,-4.3945,0,0,0.525148,180030647
0.475353,18.0176,-4.3945,-4.3945,0,0,0.525148,180030647
0.477307,18.1934,-4.3945,-4.3945,0,0,0.525148,180030647
0.479374,18.1934,-4.3945,-4.3945,0,0,0.525148,180030647
0.481338,18.1934,-4.2188,-4.2188,0,0,0.525148,180030647
0.483384,18.3691,-4.2188,-4.2188,0,0,0.525148,180030647
0.485347,18.3691,-4.2188,-4.2188,0,0,0.525148,180030647
0.487391,18.3691,-4.2188,-4.2188,0,0,0.525148,180030647
0.489357,18.5449,-4.2188,-4.2188,0,0,0.525148,180030647
0.491308,18.5449,-4.0430,-4.0430,0,0,0.525148,180030647
0.493355,18.5449,-4.0430,-4.0430,0,0,0.525148,180030647
0.495318,18.5449,-3.8672,-3.8672,0,0,0.525148,180030647
0.497367,18.7207,-3.8672,-3.8672,0,0,0.525148,180030647
0.499329,18.7207,-3.8672,-3.8672,0,0,0.525148,180030647
0.501372,18.7207,-3.6914,-3.6914,0,0,0.525148,180030647
0.503341,18.7207,-3.6914,-3.6914,0,0,0.525148,180030647
0.505307,18.7207,-3.6914,-3.6914,0,0,0.525148,180030647
0.507377,18.7207,-3.5156,-3.5156,0,0,0.525148,180030647
0.509313,18.8965,-3.5156,-3.5156,0,0,0.525148,180030647
0.511352,18.8965,-3.3398,-3.3398,0,0,0.525148,180030647
0.515514,18.8965,-3.1641,-3.1641,0,0,0.762028,180280973
0.516175,18.8965,-3.1641,-3.1641,0,0,0.762028,180280973
0.517406,18.8965,-3.1641,-3.1641,0,0,0.762028,180280973
0.519386,18.8965,-2.9883,-2.9883,0,0,0.762028,180280973
0.521329,18.8965,-2.8125,-2.8125,0,0,0.762028,180280973
0.523318,18.8965,-2.8125,-2.8125,0,0,0.762028,180280973
0.525401,18.8965,-2.6367,-2.6367,0,0,0.762028,180280973
0.527345,18.8965,-2.4609,-2.4609,0,0,0.762028,180280973
0.529395,18.8965,-2.4609,-2.4609,0,0,0.762028,180280973
0.531313,18.8965,-2.2852,-2.2852,0,0,0.762028,180280973
0.533359,18.8965,-2.1094,-2.1094,0,0,0.762028,180280973
0.535341,18.8965,-2.1094,-2.1094,0,0,0.762028,180280973
0.537398,18.8965,-1.9336,-1.9336,0,0,0.762028,180280973
0.539368,18.8965,-1.7578,-1.7578,0,0,0.762028,180280973
0.541374,19.0723,-1.5820,-1.5820,0,0,0.762028,180280973
0.543317,19.0723,-1.5820,-1.5820,0,0,0.762028,180280973
0.545376,19.0723,-1.4062,-1.4062,0,0,0.762028,180280973
0.547356,19.0723,-1.2305,-1.2305,0,0,0.762028,180280973
0.549390,19.0723,-1.0547,-1.0547,0,0,0.762028,180280973
0.568254,18.8965,0.3516,0.3516,0,5,0.762028,180280973
0.570301,18.8965,0.3516,0.3516,0,5,0.762028,180280973
0.572298,18.8965,0.5273,0.5273,0,5,0.762028,180280973
0.574307,18.8965,0.7031,0.7031,0,5,0.762028,180280973
0.576307,18.8965,0.8789,0.8789,0,5,0.762028,180280973
0.578334,18.8965,1.0547,1.0547,0,5,0.762028,180280973
0.580258,18.8965,1.0547,1.0547,0,5,0.762028,180280973
0.582337,18.8965,1.2305,1.2305,0,5,0.762028,180280973
0.584260,18.8965,1.4062,1.4062,0,5,0.762028,180280973
0.586294,18.8965,1.5820,1.5820,0,5,0.762028,180280973
0.588339,18.8965,1.7578,1.7578,0,5,0.762028,180280973
0.590266,18.8965,1.7578,1.7578,0,5,0.762028,180280973
0.592304,18.8965,1.9336,1.9336,0,5,0.762028,180280973
0.594314,18.8965,2.1094,2.1094,0,5,0.762028,180280973
0.596277,18.8965,2.1094,2.1094,0,5,0.762028,180280973
0.598269,18.8965,2.2852,2.2852,0,5,0.762028,180280973
0.600295,18.8965,2.4609,2.4609,0,5,0.762028,180280973
0.602308,18.8965,2.4609,2.4609,0,5,0.762028,180280973
0.604308,18.8965,2.6367,2.6367,0,5,0.762028,180280973
0.606313,18.8965,2.8125,2.8125,0,5,0.762028,180280973
0.608308,19.0723,2.8125,2.8125,0,5,0.762028,180280973
0.610313,19.0723,2.9883,2.9883,0,5,0.762028,180280973
0.612308,19.0723,3.1641,3.1641,0,5,0.762028,180280973
0.614313,19.0723,3.1641,3.1641,0,5,0.762028,180280973
0.616308,19.0723,3.3398,3.3398,0,5,0.762028,180280973
0.618313,19.0723,3.5156,3.5156,0,5,0.762028,180280973
0.620308,19.0723,3.5156,3.5156,0,5,0.762028,180280973
0.622313,19.0723,3.6914,3.6914,0,5,0.762028,180280973
0.624291,19.0723,3.6914,3.6914,0,5,0.762028,180280973
0.626306,19.0723,3.8672,3.8672,0,5,0.762028,180280973
0.628307,19.2480,3.8672,3.8672,0,5,0.762028,180280973
0.630342,19.2480,4.0430,4.0430,0,5,0.762028,180280973
0.632342,19.2480,4.0430,4.0430,0,5,0.762028,180280973
0.634346,19.2480,4.2188,4.2188,0,5,0.762028,180280973
0.636343,19.2480,4.2188,4.2188,0,5,0.762028,180280973
0.638347,19.2480,4.2188,4.2188,0,5,0.762028,180280973
0.640343,19.4238,4.3945,4.3945,0,5,0.762028,180280973
0.642257,19.4238,4.3945,4.3945,0,5,0.762028,180280973
0.644265,19.4238,4.5703,4.5703,0,5,0.762028,180280973
0.646277,19.4238,4.5703,4.5703,0,5,0.762028,180280973
0.648277,19.4238,4.5703,4.5703,0,5,0.762028,180280973
0.650282,19.4238,4.7461,4.7461,0,5,0.762028,180280973
0.653929,19.5996,4.7461,4.7461,0,5,0.762028,180280973
0.654314,19.5996,4.7461,4.7461,0,5,0.762028,180280973
0.656327,19.5996,4.7461,4.7461,0,5,0.762028,180280973
0.658332,19.5996,4.7461,4.7461,0,5,0.762028,180280973
0.660329,19.7754,4.9219,4.9219,0,5,0.762028,180280973
0.662334,19.7754,4.9219,4.9219,0,5,0.762028,180280973
0.664331,19.7754,4.9219,4.9219,0,5,0.762028,180280973
0.666338,19.7754,4.9219,4.9219,0,5,0.762028,180280973
0.668335,19.9512,4.9219,4.9219,0,5,0.762028,180280973
0.670342,19.9512,4.9219,4.9219,0,5,0.762028,180280973
0.672338,20.1270,4.9219,4.9219,0,5,0.762028,180280973
0.674342,20.1270,4.9219,4.9219,0,5,0.762028,180280973
0.676342,20.1270,4.9219,4.9219,0,5,0.762028,180280973
0.678274,20.1270,4.9219,4.9219,0,5,0.762028,180280973
0.680283,20.3027,4.9219,4.9219,0,5,0.762028,180280973
0.682292,20.3027,4.9219,4.9219,0,5,0.762028,180280973
0.684292,20.3027,4.9219,4.9219,0,5,0.762028,180280973
0.686299,20.4785,4.9219,4.9219,0,5,0.762028,180280973
0.688299,20.4785,4.9219,4.9219,0,5,0.762028,180280973
0.690306,20.6543,4.9219,4.9219,0,5,0.762028,180280973
0.692306,20.6543,4.7461,4.7461,0,5,0.762028,180280973
0.694274,20.8301,4.7461,4.7461,0,5,0.762028,180280973
0.696282,20.8301,4.7461,4.7461,0,5,0.762028,180280973
0.698292,20.8301,4.7461,4.7461,0,5,0.762028,180280973
0.700292,21.0059,4.7461,4.7461,0,5,0.762028,180280973
0.702299,21.0059,4.5703,4.5703,0,5,0.762028,180280973
0.704298,21.1816,4.5703,4.5703,0,5,0.762028,180280973
0.706306,21.1816,4.5703,4.5703,0,5,0.762028,180280973
0.708306,21.3574,4.3945,4.3945,0,5,0.762028,180280973
0.710308,21.3574,4.3945,4.3945,0,5,0.762028,180280973
0.712308,21.5332,4.2188,4.2188,0,5,0.762028,180280973
0.714313,21.5332,4.2188,4.2188,0,5,0.762028,180280973
0.716308,21.7090,4.2188,4.2188,0,5,0.762028,180280973
0.718313,21.7090,4.0430,4.0430,0,5,0.762028,180280973
0.720308,21.8848,4.0430,4.0430,0,5,0.762028,180280973
0.722313,21.8848,3.8672,3.8672,0,5,0.762028,180280973
0.724308,22.0605,3.8672,3.8672,0,5,0.762028,180280973
0.726277,22.0605,3.6914,3.6914,0,5,0.762028,180280973
0.728282,22.2363,3.6914,3.6914,0,5,0.762028,180280973
0.730292,22.2363,3.5156,3.5156,0,5,0.762028,180280973
0.732293,22.4121,3.5156,3.5156,0,5,0.762028,180280973
0.734315,22.4121,3.3398,3.3398,0,5,0.762028,180280973
0.736313,22.5879,3.1641,3.1641,0,5,0.762028,180280973
0.738318,22.7637,3.1641,3.1641,0,5,0.762028,180280973
0.740315,22.7637,2.9883,2.9883,0,5,0.762028,180280973
0.742319,22.9395,2.8125,2.8125,0,5,0.762028,180280973
0.744317,22.9395,2.8125,2.8125,0,5,0.762028,180280973
0.746319,23.1152,2.6367,2.6367,0,5,0.762028,180280973
0.748316,23.2910,2.6367,2.6367,0,5,0.762028,180280973
0.750329,23.2910,2.4609,2.4609,0,5,0.762028,180280973
0.754074,23.6426,2.1094,2.1094,0,5,0.762028,180280973
0.754539,23.6426,2.1094,2.1094,0,5,0.762028,180280973
0.756274,23.6426,2.1094,2.1094,0,5,0.762028,180280973
0.758315,23.8184,1.9336,1.9336,0,5,0.762028,180280973
0.760770,23.8184,1.7578,1.7578,0,5,0.762028,180280973
0.762261,23.9941,1.7578,1.7578,0,5,0.762028,180280973
0.766006,24.1699,1.4062,1.4062,0,5,0.997289,180516205
0.766780,24.1699,1.4062,1.4062,0,5,0.997289,180516205
0.768294,24.3457,1.2305,1.2305,0,5,0.997289,180516205
0.770277,24.3457,1.2305,1.2305,0,5,0.997289,180516205
0.772337,24.5215,1.0547,1.0547,0,5,0.997289,180516205
0.774259,24.6973,0.8789,0.8789,0,5,0.997289,180516205
0.776268,24.6973,0.7031,0.7031,0,5,0.997289,180516205
0.778329,24.8730,0.7031,0.7031,0,5,0.997289,180516205
0.780297,25.0488,0.5273,0.5273,0,5,0.997289,180516205
0.782331,25.0488,0.3516,0.3516,0,5,0.997289,180516205
0.784281,25.2246,0.3516,0.3516,0,5,0.997289,180516205
0.786315,25.2246,0.1758,0.1758,0,5,0.997289,180516205
0.788344,25.4004,0.0000,0.0000,0,5,0.997289,180516205
0.790281,25.4004,0.0000,0.0000,0,5,0.997289,180516205
0.792315,25.5762,-0.1758,-0.1758,0,5,0.997289,180516205
0.794348,25.7520,-0.3516,-0.3516,0,5,0.997289,180516205
0.796285,25.7520,-0.3516,-0.3516,0,5,0.997289,180516205
0.798318,25.9277,-0.5273,-0.5273,0,5,0.997289,180516205
0.800351,25.9277,-0.7031,-0.7031,0,5,0.997289,180516205
0.802288,26.1035,-0.8789,-0.8789,0,5,0.997289,180516205
0.804322,26.1035,-0.8789,-0.8789,0,5,0.997289,180516205
0.806261,26.2793,-1.0547,-1.0547,0,5,0.997289,180516205
0.808300,26.4551,-1.0547,-1.0547,0,5,0.997289,180516205
0.810335,26.4551,-1.2305,-1.2305,0,5,0.997289,180516205
0.812272,26.4551,-1.4062,-1.4062,0,5,0.997289,180516205
0.814306,26.6309,-1.4062,-1.4062,0,5,0.997289,180516205
0.816339,26.8066,-1.5820,-1.5820,0,5,0.997289,180516205
0.818280,26.8066,-1.7578,-1.7578,0,5,0.997289,180516205
0.820314,26.9824,-1.7578,-1.7578,0,5,0.997289,180516205
0.822344,26.9824,-1.9336,-1.9336,0,5,0.997289,180516205
0.824281,27.1582,-1.9336,-1.9336,0,5,0.997289,180516205
0.826315,27.1582,-2.1094,-2.1094,0,5,0.997289,180516205
0.828340,27.3340,-2.1094,-2.1094,0,5,0.997289,180516205
0.830339,27.3340,-2.2852,-2.2852,0,5,0.997289,180516205
0.832291,27.3340,-2.2852,-2.2852,0,5,0.997289,180516205
0.834280,27.5098,-2.4609,-2.4609,0,5,0.997289,180516205
0.836315,27.5098,-2.4609,-2.4609,0,5,0.997289,180516205
0.838344,27.6855,-2.6367,-2.6367,0,5,0.997289,180516205
0.840281,27.6855,-2.6367,-2.6367,0,5,0.997289,180516205
0.842315,27.8613,-2.8125,-2.8125,0,5,0.997289,180516205
0.844344,27.8613,-2.8125,-2.8125,0,5,0.997289,180516205
0.846281,27.8613,-2.8125,-2.8125,0,5,0.997289,180516205
0.848315,28.0371,-2.9883,-2.9883,0,5,0.997289,180516205
0.850344,28.0371,-2.9883,-2.9883,0,5,0.997289,180516205
0.854353,28.2129,-2.9883,-2.9883,0,5,0.997289,180516205
0.854798,28.2129,-2.9883,-2.9883,0,5,0.997289,180516205
0.856350,28.2129,-3.1641,-3.1641,0,5,0.997289,180516205
0.858285,28.2129,-3.1641,-3.1641,0,5,0.997289,180516205
0.860320,28.3887,-3.1641,-3.1641,0,5,0.997289,180516205
0.862256,28.3887,-3.1641,-3.1641,0,5,0.997289,180516205
0.864289,28.3887,-3.1641,-3.1641,0,5,0.997289,180516205
0.866322,28.5645,-3.1641,-3.1641,0,5,0.997289,180516205
0.868261,28.5645,-3.1641,-3.1641,0,5,0.997289,180516205
0.870300,28.5645,-3.3398,-3.3398,0,5,0.997289,180516205
0.872334,28.5645,-3.3398,-3.3398,0,5,0.997289,180516205
0.874269,28.5645,-3.3398,-3.3398,0,5,0.997289,180516205
0.876303,28.7402,-3.3398,-3.3398,0,5,0.997289,180516205
0.878257,28.7402,-3.3398,-3.3398,0,5,0.997289,180516205
0.880294,28.7402,-3.3398,-3.3398,0,5,0.997289,180516205
0.882327,28.7402,-3.3398,-3.3398,0,5,0.997289,180516205
0.884264,28.7402,-3.3398,-3.3398,0,5,0.997289,180516205
0.886300,28.7402,-3.3398,-3.3398,0,5,0.997289,180516205
0.888334,28.9160,-3.1641,-3.1641,0,5,0.997289,180516205
0.890269,28.9160,-3.1641,-3.1641,0,5,0.997289,180516205
0.892302,28.9160,-3.1641,-3.1641,0,5,0.997289,180516205
0.894336,28.9160,-3.1641,-3.1641,0,5,0.997289,180516205
0.896277,28.9160,-3.1641,-3.1641,0,5,0.997289,180516205
0.898313,28.9160,-3.1641,-3.1641,0,5,0.997289,180516205
0.900344,28.9160,-2.9883,-2.9883,0,5,0.997289,180516205
0.902281,28.9160,-2.9883,-2.9883,0,5,0.997289,180516205
0.904315,28.9160,-2.9883,-2.9883,0,5,0.997289,180516205
0.906344,28.9160,-2.9883,-2.9883,0,5,0.997289,180516205
0.908281,28.9160,-2.8125,-2.8125,0,5,0.997289,180516205
0.910315,28.9160,-2.8125,-2.8125,0,5,0.997289,180516205
0.912344,28.9160,-2.8125,-2.8125,0,5,0.997289,180516205
0.914281,28.9160,-2.6367,-2.6367,0,5,0.997289,180516205
0.916315,28.9160,-2.6367,-2.6367,0,5,0.997289,180516205
0.918344,28.9160,-2.4609,-2.4609,0,5,0.997289,180516205
0.920281,28.9160,-2.4609,-2.4609,0,5,0.997289,180516205
0.922315,28.9160,-2.2852,-2.2852,0,5,0.997289,180516205
0.924348,28.9160,-2.2852,-2.2852,0,5,0.997289,180516205
0.926285,28.9160,-2.2852,-2.2852,0,5,0.997289,180516205
0.928254,28.9160,-2.1094,-2.1094,0,5,0.997289,180516205
0.930336,28.9160,-2.1094,-2.1094,0,5,0.997289,180516205
0.932298,28.9160,-1.9336,-1.9336,0,5,0.997289,180516205
0.934331,28.9160,-1.7578,-1.7578,0,5,0.997289,180516205
0.936267,28.9160,-1.7578,-1.7578,0,5,0.997289,180516205
0.938302,28.9160,-1.5820,-1.5820,0,5,0.997289,180516205
0.940336,28.9160,-1.5820,-1.5820,0,5,0.997289,180516205
0.942277,28.9160,-1.4062,-1.4062,0,5,0.997289,180516205
0.944313,28.9160,-1.4062,-1.4062,0,5,0.997289,180516205
0.946344,28.9160,-1.4062,-1.4062,0,5,0.997289,180516205
0.948281,28.9160,-1.2305,-1.2305,0,5,0.997289,180516205
0.950315,28.7402,-1.0547,-1.0547,0,5,0.997289,180516205
0.953817,28.7402,-0.8789,-0.8789,0,5,0.997289,180516205
0.954279,28.7402,-0.8789,-0.8789,0,5,0.997289,180516205
0.956321,28.7402,-0.8789,-0.8789,0,5,0.997289,180516205
0.958260,28.7402,-0.7031,-0.7031,0,5,0.997289,180516205
0.960300,28.7402,-0.7031,-0.7031,0,5,0.997289,180516205
0.962334,28.7402,-0.5273,-0.5273,0,5,0.997289,180516205
0.964269,28.7402,-0.3516,-0.3516,0,5,0.997289,180516205
0.966302,28.7402,-0.3516,-0.3516,0,5,0.997289,180516205
0.968336,28.7402,-0.1758,-0.1758,0,5,0.997289,180516205
0.970277,28.7402,-0.1758,-0.1758,0,5,0.997289,180516205
0.972313,28.7402,0.0000,0.0000,0,5,0.997289,180516205
0.974344,28.7402,0.1758,0.1758,0,5,0.997289,180516205
0.976281,28.5645,0.1758,0.1758,0,5,0.997289,180516205
0.978324,28.5645,0.3516,0.3516,0,5,0.997289,180516205
0.980261,28.5645,0.3516,0.3516,0,5,0.997289,180516205
0.982300,28.5645,0.5273,0.5273,0,5,0.997289,180516205
0.984340,28.5645,0.5273,0.5273,0,5,0.997289,180516205
0.986351,28.5645,0.7031,0.7031,0,5,0.997289,180516205
0.988324,28.5645,0.7031,0.7031,0,5,0.997289,180516205
0.990260,28.5645,0.8789,0.8789,0,5,0.997289,180516205
0.992300,28.5645,1.0547,1.0547,0,5,0.997289,180516205
0.994287,28.5645,1.0547,1.0547,0,5,0.997289,180516205
0.996797,28.5645,1.2305,1.2305,0,5,0.997289,180516205
1.001279,28.5645,1.4062,1.4062,0,5,1.239351,180750365
1.001996,28.5645,1.4062,1.4062,0,5,1.239351,180750365
1.002384,28.5645,1.4062,1.4062,0,5,1.239351,180750365
1.004299,28.5645,1.4062,1.4062,0,5,1.239351,180750365
1.006329,28.5645,1.5820,1.5820,0,5,1.239351,180750365
1.008347,28.5645,1.7578,1.7578,0,5,1.239351,180750365
1.010266,28.5645,1.7578,1.7578,0,5,1.239351,180750365
1.012313,28.5645,1.7578,1.7578,0,5,1.239351,180750365
1.014257,28.5645,1.9336,1.9336,0,5,1.239351,180750365
1.016260,28.5645,1.9336,1.9336,0,5,1.239351,180750365
1.018347,28.5645,2.1094,2.1094,0,5,1.239351,180750365
1.020264,28.5645,2.1094,2.1094,0,5,1.239351,180750365
1.022348,28.5645,2.1094,2.1094,0,5,1.239351,180750365
1.024300,28.5645,2.2852,2.2852,0,5,1.239351,180750365
1.026334,28.5645,2.2852,2.2852,0,5,1.239351,180750365
1.028269,28.5645,2.4609,2.4609,0,5,1.239351,180750365
1.030303,28.5645,2.4609,2.4609,0,5,1.239351,180750365
1.032264,28.5645,2.4609,2.4609,0,5,1.239351,180750365
1.034303,28.5645,2.6367,2.6367,0,5,1.239351,180750365
1.036339,28.5645,2.6367,2.6367,0,5,1.239351,180750365
1.038344,28.5645,2.6367,2.6367,0,5,1.239351,180750365
1.040281,28.5645,2.8125,2.8125,0,5,1.239351,180750365
1.042315,28.5645,2.8125,2.8125,0,5,1.239351,180750365
1.044344,28.5645,2.8125,2.8125,0,5,1.239351,180750365
1.046281,28.7402,2.8125,2.8125,0,5,1.239351,180750365
1.048315,28.7402,2.9883,2.9883,0,5,1.239351,180750365
1.050348,28.7402,2.9883,2.9883,0,5,1.239351,180750365
1.054291,28.7402,3.1641,3.1641,0,5,1.239351,180750365
1.054731,28.7402,3.1641,3.1641,0,5,1.239351,180750365
1.056286,28.7402,3.1641,3.1641,0,5,1.239351,180750365
1.058320,28.7402,3.1641,3.1641,0,5,1.239351,180750365
1.060255,28.7402,3.1641,3.1641,0,5,1.239351,180750365
1.062289,28.7402,3.1641,3.1641,0,5,1.239351,180750365
1.064322,28.9160,3.1641,3.1641,0,5,1.239351,180750365
1.066261,28.9160,3.3398,3.3398,0,5,1.239351,180750365
1.068300,28.9160,3.3398,3.3398,0,5,1.239351,180750365
1.070334,28.9160,3.3398,3.3398,0,5,1.239351,180750365
1.072269,28.9160,3.3398,3.3398,0,5,1.239351,180750365
1.074303,28.9160,3.3398,3.3398,0,5,1.239351,180750365
1.076337,28.9160,3.3398,3.3398,0,5,1.239351,180750365
1.078297,29.0918,3.3398,3.3398,0,5,1.239351,180750365
1.080327,29.0918,3.3398,3.3398,0,5,1.239351,180750365
1.082264,29.0918,3.3398,3.3398,0,5,1.239351,180750365
1.084300,29.0918,3.3398,3.3398,0,5,1.239351,180750365
1.086334,29.2676,3.3398,3.3398,0,5,1.239351,180750365
1.088272,29.2676,3.3398,3.3398,0,5,1.239351,180750365
1.090306,29.2676,3.3398,3.3398,0,5,1.239351,180750365
1.092339,29.2676,3.3398,3.3398,0,5,1.239351,180750365
1.094277,29.2676,3.3398,3.3398,0,5,1.239351,180750365
1.096313,29.2676,3.3398,3.3398,0,5,1.239351,180750365
1.098344,29.4434,3.3398,3.3398,0,5,1.239351,180750365
1.100281,29.4434,3.3398,3.3398,0,5,1.239351,180750365
1.102315,29.4434,3.3398,3.3398,0,5,1.239351,180750365
1.104344,29.4434,3.3398,3.3398,0,5,1.239351,180750365
1.106281,29.6191,3.3398,3.3398,0,5,1.239351,180750365
1.108315,29.6191,3.1641,3.1641,0,5,1.239351,180750365
1.110344,29.6191,3.1641,3.1641,0,5,1.239351,180750365
1.112281,29.6191,3.1641,3.1641,0,5,1.239351,180750365
1.114315,29.7949,3.1641,3.1641,0,5,1.239351,180750365
1.116348,29.7949,3.1641,3.1641,0,5,1.239351,180750365
1.118285,29.7949,3.1641,3.1641,0,5,1.239351,180750365
1.120319,29.9707,2.9883,2.9883,0,5,1.239351,180750365
1.122256,29.9707,2.9883,2.9883,0,5,1.239351,180750365
1.124289,29.9707,2.9883,2.9883,0,5,1.239351,180750365
1.126322,29.9707,2.8125,2.8125,0,5,1.239351,180750365
1.128261,29.9707,2.8125,2.8125,0,5,1.239351,180750365
1.130300,30.1465,2.8125,2.8125,0,5,1.239351,180750365
1.132334,30.1465,2.8125,2.8125,0,5,1.239351,180750365
1.134269,30.1465,2.6367,2.6367,0,5,1.239351,180750365
1.136264,30.3223,2.6367,2.6367,0,5,1.239351,180750365
1.138310,30.3223,2.6367,2.6367,0,5,1.239351,180750365
1.140327,30.3223,2.4609,2.4609,0,5,1.239351,180750365
1.142264,30.4980,2.4609,2.4609,0,5,1.239351,180750365
1.144300,30.4980,2.4609,2.4609,0,5,1.239351,180750365
1.146334,30.4980,2.2852,2.2852,0,5,1.239351,180750365
1.148269,30.6738,2.2852,2.2852,0,5,1.239351,180750365
1.150303,30.6738,2.1094,2.1094,0,5,1.239351,180750365
1.153773,30.6738,2.1094,2.1094,0,5,1.239351,180750365
1.154333,30.8496,2.1094,2.1094,0,5,1.239351,180750365
1.156283,30.8496,1.9336,1.9336,0,5,1.239351,180750365
1.158317,30.8496,1.9336,1.9336,0,5,1.239351,180750365
1.160350,30.8496,1.9336,1.9336,0,5,1.239351,180750365
1.162285,31.0254,1.7578,1.7578,0,5,1.239351,180750365
1.164320,31.0254,1.7578,1.7578,0,5,1.239351,180750365
1.166261,31.2012,1.5820,1.5820,0,5,1.239351,180750365
1.168300,31.2012,1.5820,1.5820,0,5,1.239351,180750365
1.170334,31.2012,1.4062,1.4062,0,5,1.239351,180750365
1.172269,31.3770,1.4062,1.4062,0,5,1.239351,180750365
1.174303,31.3770,1.4062,1.4062,0,5,1.239351,180750365
1.176337,31.3770,1.2305,1.2305,0,5,1.239351,180750365
1.178287,31.3770,1.2305,1.2305,0,5,1.239351,180750365
1.180321,31.5527,1.0547,1.0547,0,5,1.239351,180750365
1.182261,31.5527,1.0547,1.0547,0,5,1.239351,180750365
1.184300,31.7285,1.0547,1.0547,0,5,1.239351,180750365
1.186334,31.7285,0.8789,0.8789,0,5,1.239351,180750365
1.188269,31.7285,0.7031,0.7031,0,5,1.239351,180750365
1.190303,31.9043,0.7031,0.7031,0,5,1.239351,180750365
1.192337,31.9043,0.7031,0.7031,0,5,1.239351,180750365
1.194300,31.9043,0.5273,0.5273,0,5,1.239351,180750365
1.196334,32.0801,0.5273,0.5273,0,5,1.239351,180750365
1.198270,32.0801,0.3516,0.3516,0,5,1.239351,180750365
1.200304,32.0801,0.3516,0.3516,0,5,1.239351,180750365
1.202339,32.0801,0.3516,0.3516,0,5,1.239351,180750365
1.204277,32.2559,0.1758,0.1758,0,5,1.239351,180750365
1.206315,32.2559,0.0000,0.0000,0,5,1.239351,180750365
1.208344,32.2559,0.0000,0.0000,0,5,1.239351,180750365
1.210281,32.4316,0.0000,0.0000,0,5,1.239351,180750365
1.212315,32.4316,-0.1758,-0.1758,0,5,1.239351,180750365
1.214344,32.4316,-0.1758,-0.1758,0,5,1.239351,180750365
1.216281,32.6074,-0.1758,-0.1758,0,5,1.239351,180750365
1.218315,32.6074,-0.3516,-0.3516,0,5,1.239351,180750365
1.220288,32.6074,-0.3516,-0.3516,0,5,1.239351,180750365
1.222335,32.7832,-0.3516,-0.3516,0,5,1.239351,180750365
1.224328,32.7832,-0.5273,-0.5273,0,5,1.239351,180750365
1.226254,32.7832,-0.5273,-0.5273,0,5,1.239351,180750365
1.228332,32.7832,-0.7031,-0.7031,0,5,1.239351,180750365
1.230893,32.7832,-0.7031,-0.7031,0,5,1.239351,180750365
1.235442,32.9590,-0.8789,-0.8789,0,5,1.476770,180994624
1.236162,32.9590,-0.8789,-0.8789,0,5,1.476770,180994624
1.236551,32.9590,-0.8789,-0.8789,0,5,1.476770,180994624
1.238276,32.9590,-0.8789,-0.8789,0,5,1.476770,180994624
1.240616,33.1348,-1.0547,-1.0547,0,5,1.476770,180994624
1.242283,33.1348,-1.0547,-1.0547,0,5,1.476770,180994624
1.244321,33.1348,-1.0547,-1.0547,0,5,1.476770,180994624
1.246265,33.1348,-1.0547,-1.0547,0,5,1.476770,180994624
1.248256,33.1348,-1.2305,-1.2305,0,5,1.476770,180994624
1.250316,33.3105,-1.2305,-1.2305,0,5,1.476770,180994624
1.255582,33.3105,-1.4062,-1.4062,0,5,1.476770,180994624
1.256352,33.3105,-1.4062,-1.4062,0,5,1.476770,180994624
1.256795,33.3105,-1.4062,-1.4062,0,5,1.476770,180994624
1.258305,33.3105,-1.4062,-1.4062,0,5,1.476770,180994624
1.260340,33.4863,-1.4062,-1.4062,0,5,1.476770,180994624
1.262283,33.4863,-1.4062,-1.4062,0,5,1.476770,180994624
1.264322,33.4863,-1.4062,-1.4062,0,5,1.476770,180994624
1.266265,33.4863,-1.5820,-1.5820,0,5,1.476770,180994624
1.268307,33.4863,-1.5820,-1.5820,0,5,1.476770,180994624
1.270328,33.4863,-1.5820,-1.5820,0,5,1.476770,180994624
1.272260,33.4863,-1.5820,-1.5820,0,5,1.476770,180994624
1.274300,33.4863,-1.5820,-1.5820,0,5,1.476770,180994624
1.276334,33.4863,-1.5820,-1.5820,0,5,1.476770,180994624
1.278293,33.6621,-1.5820,-1.5820,0,5,1.476770,180994624
1.280327,33.6621,-1.5820,-1.5820,0,5,1.476770,180994624
1.282264,33.6621,-1.5820,-1.5820,0,5,1.476770,180994624
1.284300,33.6621,-1.5820,-1.5820,0,5,1.476770,180994624
1.286334,33.6621,-1.5820,-1.5820,0,5,1.476770,180994624
1.288269,33.6621,-1.5820,-1.5820,0,5,1.476770,180994624
1.290302,33.6621,-1.5820,-1.5820,0,5,1.476770,180994624
1.292336,33.6621,-1.5820,-1.5820,0,5,1.476770,180994624
1.294277,33.6621,-1.5820,-1.5820,0,5,1.476770,180994624
1.296313,33.6621,-1.5820,-1.5820,0,5,1.476770,180994624
1.298344,33.6621,-1.5820,-1.5820,0,5,1.476770,180994624
1.300281,33.6621,-1.5820,-1.5820,0,5,1.476770,180994624
1.302315,33.6621,-1.5820,-1.5820,0,5,1.476770,180994624
1.304344,33.6621,-1.5820,-1.5820,0,5,1.476770,180994624
1.306281,33.6621,-1.5820,-1.5820,0,5,1.476770,180994624
1.308315,33.6621,-1.5820,-1.5820,0,5,1.476770,180994624
1.310344,33.6621,-1.5820,-1.5820,0,5,1.476770,180994624
1.312281,33.6621,-1.5820,-1.5820,0,5,1.476770,180994624
1.314315,33.6621,-1.4062,-1.4062,0,5,1.476770,180994624
1.316344,33.6621,-1.4062,-1.4062,0,5,1.476770,180994624
1.318281,33.6621,-1.4062,-1.4062,0,5,1.476770,180994624
1.320315,33.6621,-1.4062,-1.4062,0,5,1.476770,180994624
1.322344,33.6621,-1.4062,-1.4062,0,5,1.476770,180994624
1.324281,33.6621,-1.4062,-1.4062,0,5,1.476770,180994624
1.326315,33.6621,-1.4062,-1.4062,0,5,1.476770,180994624
1.328344,33.6621,-1.2305,-1.2305,0,5,1.476770,180994624
1.330281,33.6621,-1.2305,-1.2305,0,5,1.476770,180994624
1.332315,33.6621,-1.2305,-1.2305,0,5,1.476770,180994624
1.334344,33.6621,-1.0547,-1.0547,0,5,1.476770,180994624
1.336281,33.6621,-1.0547,-1.0547,0,5,1.476770,180994624
1.338315,33.6621,-1.0547,-1.0547,0,5,1.476770,180994624
1.340264,33.6621,-1.0547,-1.0547,0,5,1.476770,180994624
1.342302,33.4863,-1.0547,-1.0547,0,5,1.476770,180994624
1.344281,33.4863,-0.8789,-0.8789,0,5,1.476770,180994624
1.346315,33.4863,-0.8789,-0.8789,0,5,1.476770,180994624
1.348344,33.4863,-0.8789,-0.8789,0,5,1.476770,180994624
1.350281,33.4863,-0.8789,-0.8789,0,5,1.476770,180994624
1.353827,33.4863,-0.7031,-0.7031,0,5,1.476770,180994624
1.354290,33.4863,-0.7031,-0.7031,0,5,1.476770,180994624
1.356331,33.4863,-0.7031,-0.7031,0,5,1.476770,180994624
1.358266,33.4863,-0.7031,-0.7031,0,5,1.476770,180994624
1.360302,33.4863,-0.7031,-0.7031,0,5,1.476770,180994624
1.362336,33.4863,-0.5273,-0.5273,0,5,1.476770,180994624
1.364277,33.4863,-0.5273,-0.5273,0,5,1.476770,180994624
1.366313,33.4863,-0.5273,-0.5273,0,5,1.476770,180994624
1.368344,33.4863,-0.3516,-0.3516,0,5,1.476770,180994624
1.370281,33.4863,-0.3516,-0.3516,0,5,1.476770,180994624
1.372315,33.4863,-0.3516,-0.3516,0,5,1.476770,180994624
1.374344,33.4863,-0.3516,-0.3516,0,5,1.476770,180994624
1.376281,33.4863,-0.1758,-0.1758,0,5,1.476770,180994624
1.378324,33.4863,-0.1758,-0.1758,0,5,1.476770,180994624
1.380260,33.4863,-0.1758,-0.1758,0,5,1.476770,180994624
1.382300,33.4863,-0.1758,-0.1758,0,5,1.476770,180994624
1.384334,33.4863,0.0000,0.0000,0,5,1.476770,180994624
1.386269,33.4863,0.0000,0.0000,0,5,1.476770,180994624
1.388303,33.4863,0.0000,0.0000,0,5,1.476770,180994624
1.390337,33.4863,0.0000,0.0000,0,5,1.476770,180994624
1.392277,33.4863,0.0000,0.0000,0,5,1.476770,180994624
1.394313,33.4863,0.1758,0.1758,0,5,1.476770,180994624
1.396344,33.4863,0.1758,0.1758,0,5,1.476770,180994624
1.398281,33.4863,0.1758,0.1758,0,5,1.476770,180994624
1.400315,33.4863,0.3516,0.3516,0,5,1.476770,180994624
1.402344,33.4863,0.3516,0.3516,0,5,1.476770,180994624
1.404281,33.4863,0.3516,0.3516,0,5,1.476770,180994624
1.406315,33.4863,0.3516,0.3516,0,5,1.476770,180994624
1.408344,33.4863,0.3516,0.3516,0,5,1.476770,180994624
1.410281,33.4863,0.5273,0.5273,0,5,1.476770,180994624
1.412315,33.4863,0.5273,0.5273,0,5,1.476770,180994624
1.414344,33.4863,0.5273,0.5273,0,5,1.476770,180994624
1.416281,33.4863,0.5273,0.5273,0,5,1.476770,180994624
1.418315,33.4863,0.5273,0.5273,0,5,1.476770,180994624
1.420344,33.4863,0.7031,0.7031,0,5,1.476770,180994624
1.422281,33.4863,0.7031,0.7031,0,5,1.476770,180994624
1.424315,33.4863,0.7031,0.7031,0,5,1.476770,180994624
1.426344,33.4863,0.7031,0.7031,0,5,1.476770,180994624
1.428281,33.4863,0.7031,0.7031,0,5,1.476770,180994624
1.430315,33.4863,0.7031,0.7031,0,5,1.476770,180994624
1.432344,33.4863,0.8789,0.8789,0,5,1.476770,180994624
1.434281,33.4863,0.8789,0.8789,0,5,1.476770,180994624
1.436315,33.4863,0.8789,0.8789,0,5,1.476770,180994624
1.438344,33.4863,1.0547,1.0547,0,5,1.476770,180994624
1.440281,33.4863,1.0547,1.0547,0,5,1.476770,180994624
1.442320,33.4863,1.0547,1.0547,0,5,1.476770,180994624
1.444256,33.4863,1.0547,1.0547,0,5,1.476770,180994624
1.446293,33.4863,1.0547,1.0547,0,5,1.476770,180994624
1.448327,33.4863,1.0547,1.0547,0,5,1.476770,180994624
1.450264,33.4863,1.0547,1.0547,0,5,1.476770,180994624
1.453844,33.4863,1.2305,1.2305,0,5,1.476770,180994624
1.454307,33.4863,1.2305,1.2305,0,5,1.476770,180994624
1.456348,33.4863,1.2305,1.2305,0,5,1.476770,180994624
1.458285,33.4863,1.2305,1.2305,0,5,1.476770,180994624
1.460318,33.4863,1.2305,1.2305,0,5,1.476770,180994624
1.462270,33.4863,1.2305,1.2305,0,5,1.476770,180994624
1.464296,33.4863,1.2305,1.2305,0,5,1.476770,180994624
1.466317,33.4863,1.4062,1.4062,0,5,1.476770,180994624
1.468335,33.4863,1.4062,1.4062,0,5,1.476770,180994624
1.470259,33.4863,1.4062,1.4062,0,5,1.476770,180994624
1.472337,33.4863,1.4062,1.4062,0,5,1.476770,180994624
1.474310,33.4863,1.4062,1.4062,0,5,1.476770,180994624
1.476283,33.4863,1.4062,1.4062,0,5,1.710679,181230061
1.480229,33.4863,1.4062,1.4062,0,5,1.710679,181230061
1.480664,33.4863,1.4062,1.4062,0,5,1.710679,181230061
1.482306,33.4863,1.5820,1.5820,0,5,1.710679,181230061
1.484334,33.4863,1.5820,1.5820,0,5,1.710679,181230061
1.486266,33.4863,1.5820,1.5820,0,5,1.710679,181230061
1.488316,33.4863,1.5820,1.5820,0,5,1.710679,181230061
1.490323,33.4863,1.5820,1.5820,0,5,1.710679,181230061
1.492345,33.4863,1.5820,1.5820,0,5,1.710679,181230061
1.494294,33.4863,1.5820,1.5820,0,5,1.710679,181230061
1.496321,33.4863,1.7578,1.7578,0,5,1.710679,181230061
1.498333,33.4863,1.7578,1.7578,0,5,1.710679,181230061
1.500346,33.4863,1.7578,1.7578,0,5,1.710679,181230061
1.502305,33.4863,1.7578,1.7578,0,5,1.710679,181230061
1.504325,33.4863,1.7578,1.7578,0,5,1.710679,181230061
1.506260,33.4863,1.7578,1.7578,0,5,1.710679,181230061
1.508282,33.4863,1.7578,1.7578,0,5,1.710679,181230061
1.510298,33.4863,1.7578,1.7578,0,5,1.710679,181230061
1.512308,33.4863,1.7578,1.7578,0,5,1.710679,181230061
1.514319,33.4863,1.7578,1.7578,0,5,1.710679,181230061
1.516332,33.4863,1.7578,1.7578,0,5,1.710679,181230061
1.518345,33.4863,1.7578,1.7578,0,5,1.710679,181230061
1.520264,33.4863,1.7578,1.7578,0,5,1.710679,181230061
1.522284,33.4863,1.7578,1.7578,0,5,1.710679,181230061
1.524298,33.4863,1.7578,1.7578,0,5,1.710679,181230061
1.526308,33.6621,1.7578,1.7578,0,5,1.710679,181230061
1.528319,33.6621,1.7578,1.7578,0,5,1.710679,181230061
1.530332,33.6621,1.7578,1.7578,0,5,1.710679,181230061
1.532345,33.6621,1.7578,1.7578,0,5,1.710679,181230061
1.534264,33.6621,1.7578,1.7578,0,5,1.710679,181230061
1.536284,33.6621,1.7578,1.7578,0,5,1.710679,181230061
1.538298,33.6621,1.7578,1.7578,0,5,1.710679,181230061
1.540308,33.6621,1.7578,1.7578,0,5,1.710679,181230061
1.542319,33.6621,1.7578,1.7578,0,5,1.710679,181230061
1.544332,33.6621,1.7578,1.7578,0,5,1.710679,181230061
1.546315,33.6621,1.7578,1.7578,0,5,1.710679,181230061
1.548328,33.6621,1.7578,1.7578,0,5,1.710679,181230061
1.550342,33.6621,1.7578,1.7578,0,5,1.710679,181230061
1.554508,33.8379,1.7578,1.7578,0,5,1.710679,181230061
1.555170,33.8379,1.5820,1.5820,0,5,1.710679,181230061
1.556277,33.8379,1.5820,1.5820,0,5,1.710679,181230061
1.558293,33.8379,1.5820,1.5820,0,5,1.710679,181230061
1.560308,33.8379,1.5820,1.5820,0,5,1.710679,181230061
1.562319,33.8379,1.5820,1.5820,0,5,1.710679,181230061
1.564332,33.8379,1.5820,1.5820,0,5,1.710679,181230061
1.566345,33.8379,1.5820,1.5820,0,5,1.710679,181230061
1.568264,33.8379,1.5820,1.5820,0,5,1.710679,181230061
1.570284,33.8379,1.4062,1.4062,0,5,1.710679,181230061
1.572298,33.8379,1.4062,1.4062,0,5,1.710679,181230061
1.574308,34.0137,1.4062,1.4062,0,5,1.710679,181230061
1.576319,34.0137,1.4062,1.4062,0,5,1.710679,181230061
1.578343,34.0137,1.4062,1.4062,0,5,1.710679,181230061
1.580264,34.0137,1.4062,1.4062,0,5,1.710679,181230061
1.582284,34.0137,1.4062,1.4062,0,5,1.710679,181230061
1.584298,34.0137,1.4062,1.4062,0,5,1.710679,181230061
1.586308,34.0137,1.2305,1.2305,0,5,1.710679,181230061
1.588319,34.0137,1.2305,1.2305,0,5,1.710679,181230061
1.590332,34.0137,1.2305,1.2305,0,5,1.710679,181230061
1.592345,34.0137,1.2305,1.2305,0,5,1.710679,181230061
1.594263,34.0137,1.2305,1.2305,0,5,1.710679,181230061
1.596283,34.1895,1.2305,1.2305,0,5,1.710679,181230061
1.598298,34.1895,1.2305,1.2305,0,5,1.710679,181230061
1.600308,34.1895,1.2305,1.2305,0,5,1.710679,181230061
1.602319,34.1895,1.0547,1.0547,0,5,1.710679,181230061
1.604332,34.1895,1.0547,1.0547,0,5,1.710679,181230061
1.606345,34.1895,1.0547,1.0547,0,5,1.710679,181230061
1.608264,34.1895,1.0547,1.0547,0,5,1.710679,181230061
1.610284,34.1895,1.0547,1.0547,0,5,1.710679,181230061
1.612298,34.1895,1.0547,1.0547,0,5,1.710679,181230061
1.614308,34.1895,0.8789,0.8789,0,5,1.710679,181230061
1.616319,34.1895,0.8789,0.8789,0,5,1.710679,181230061
1.618332,34.1895,0.8789,0.8789,0,5,1.710679,181230061
1.620345,34.1895,0.8789,0.8789,0,5,1.710679,181230061
1.622264,34.1895,0.7031,0.7031,0,5,1.710679,181230061
1.624284,34.3652,0.7031,0.7031,0,5,1.710679,181230061
1.626298,34.3652,0.7031,0.7031,0,5,1.710679,181230061
1.628308,34.3652,0.7031,0.7031,0,5,1.710679,181230061
1.630319,34.3652,0.7031,0.7031,0,5,1.710679,181230061
1.632332,34.3652,0.7031,0.7031,0,5,1.710679,181230061
1.634345,34.3652,0.7031,0.7031,0,5,1.710679,181230061
1.636264,34.3652,0.5273,0.5273,0,5,1.710679,181230061
1.638284,34.3652,0.5273,0.5273,0,5,1.710679,181230061
1.640298,34.3652,0.5273,0.5273,0,5,1.710679,181230061
1.642308,34.3652,0.5273,0.5273,0,5,1.710679,181230061
1.644319,34.3652,0.5273,0.5273,0,5,1.710679,181230061
1.646332,34.3652,0.5273,0.5273,0,5,1.710679,181230061
1.648295,34.3652,0.3516,0.3516,0,5,1.710679,181230061
1.650339,34.3652,0.3516,0.3516,0,5,1.710679,181230061
1.653801,34.5410,0.3516,0.3516,0,5,1.710679,181230061
1.654264,34.5410,0.3516,0.3516,0,5,1.710679,181230061
1.656282,34.5410,0.3516,0.3516,0,5,1.710679,181230061
1.658298,34.5410,0.3516,0.3516,0,5,1.710679,181230061
1.660308,34.5410,0.3516,0.3516,0,5,1.710679,181230061
1.662319,34.5410,0.1758,0.1758,0,5,1.710679,181230061
1.664332,34.5410,0.1758,0.1758,0,5,1.710679,181230061
1.666345,34.5410,0.1758,0.1758,0,5,1.710679,181230061
1.668264,34.5410,0.1758,0.1758,0,5,1.710679,181230061
1.670284,34.5410,0.1758,0.1758,0,5,1.710679,181230061
1.672298,34.5410,0.0000,0.0000,0,5,1.710679,181230061
1.674308,34.5410,0.0000,0.0000,0,5,1.710679,181230061
1.676319,34.5410,0.0000,0.0000,0,5,1.710679,181230061
1.678342,34.5410,0.0000,0.0000,0,5,1.710679,181230061
1.680263,34.5410,0.0000,0.0000,0,5,1.710679,181230061
1.682283,34.5410,0.0000,0.0000,0,5,1.710679,181230061
1.684298,34.5410,0.0000,0.0000,0,5,1.710679,181230061
1.686308,34.5410,0.0000,0.0000,0,5,1.710679,181230061
1.688319,34.5410,0.0000,0.0000,0,5,1.710679,181230061
1.690332,34.5410,0.0000,0.0000,0,5,1.710679,181230061
1.692301,34.5410,-0.1758,-0.1758,0,5,1.710679,181230061
1.694289,34.5410,-0.1758,-0.1758,0,5,1.710679,181230061
1.696301,34.5410,-0.1758,-0.1758,0,5,1.710679,181230061
1.698309,34.5410,-0.1758,-0.1758,0,5,1.710679,181230061
1.700309,34.5410,-0.1758,-0.1758,0,5,1.710679,181230061
1.702310,34.5410,-0.1758,-0.1758,0,5,1.710679,181230061
1.704310,34.5410,-0.1758,-0.1758,0,5,1.710679,181230061
1.706309,34.5410,-0.1758,-0.1758,0,5,1.710679,181230061
1.708269,34.5410,-0.1758,-0.1758,0,5,1.710679,181230061
1.710713,34.5410,-0.1758,-0.1758,0,5,1.710679,181230061
1.715004,34.5410,-0.1758,-0.1758,0,5,1.952849,181472083
1.715790,34.5410,-0.1758,-0.1758,0,5,1.952849,181472083
1.716325,34.5410,-0.1758,-0.1758,0,5,1.952849,181472083
1.718287,34.5410,-0.1758,-0.1758,0,5,1.952849,181472083
1.720265,34.5410,-0.1758,-0.1758,0,5,1.952849,181472083
1.722298,34.5410,-0.1758,-0.1758,0,5,1.952849,181472083
1.724282,34.5410,-0.3516,-0.3516,0,5,1.952849,181472083
1.726420,34.5410,-0.3516,-0.3516,0,5,1.952849,181472083
1.728257,34.5410,-0.3516,-0.3516,0,5,1.952849,181472083
1.730294,34.5410,-0.3516,-0.3516,0,5,1.952849,181472083
1.732279,34.5410,-0.3516,-0.3516,0,5,1.952849,181472083
1.734272,34.5410,-0.3516,-0.3516,0,5,1.952849,181472083
1.736261,34.5410,-0.3516,-0.3516,0,5,1.952849,181472083
1.738300,34.5410,-0.3516,-0.3516,0,5,1.952849,181472083
1.740334,34.5410,-0.3516,-0.3516,0,5,1.952849,181472083
1.742269,34.5410,-0.3516,-0.3516,0,5,1.952849,181472083
1.744303,34.5410,-0.3516,-0.3516,0,5,1.952849,181472083
1.746337,34.5410,-0.3516,-0.3516,0,5,1.952849,181472083
1.748277,34.5410,-0.3516,-0.3516,0,5,1.952849,181472083
1.750319,34.5410,-0.3516,-0.3516,0,5,1.952849,181472083
1.754329,34.5410,-0.3516,-0.3516,0,5,1.952849,181472083
1.754977,34.5410,-0.3516,-0.3516,0,5,1.952849,181472083
1.756331,34.5410,-0.3516,-0.3516,0,5,1.952849,181472083
1.758266,34.5410,-0.3516,-0.3516,0,5,1.952849,181472083
1.760302,34.5410,-0.3516,-0.3516,0,5,1.952849,181472083
1.762336,34.5410,-0.3516,-0.3516,0,5,1.952849,181472083
1.764277,34.5410,-0.3516,-0.3516,0,5,1.952849,181472083
1.766313,34.5410,-0.5273,-0.5273,0,5,1.952849,181472083
1.768344,34.5410,-0.5273,-0.5273,0,5,1.952849,181472083
1.770281,34.5410,-0.5273,-0.5273,0,5,1.952849,181472083
1.772315,34.5410,-0.5273,-0.5273,0,5,1.952849,181472083
1.774344,34.5410,-0.5273,-0.5273,0,5,1.952849,181472083
1.776281,34.5410,-0.5273,-0.5273,0,5,1.952849,181472083
1.778327,34.5410,-0.5273,-0.5273,0,5,1.952849,181472083
1.780264,34.5410,-0.5273,-0.5273,0,5,1.952849,181472083
1.782300,34.5410,-0.5273,-0.5273,0,5,1.952849,181472083
1.784334,34.5410,-0.5273,-0.5273,0,5,1.952849,181472083
1.786269,34.5410,-0.5273,-0.5273,0,5,1.952849,181472083
1.788302,34.5410,-0.5273,-0.5273,0,5,1.952849,181472083
1.790336,34.5410,-0.5273,-0.5273,0,5,1.952849,181472083
1.792277,34.5410,-0.5273,-0.5273,0,5,1.952849,181472083
1.794313,34.5410,-0.5273,-0.5273,0,5,1.952849,181472083
1.796344,34.5410,-0.5273,-0.5273,0,5,1.952849,181472083
1.798281,34.5410,-0.5273,-0.5273,0,5,1.952849,181472083
1.800315,34.5410,-0.5273,-0.5273,0,5,1.952849,181472083
1.802344,34.5410,-0.5273,-0.5273,0,5,1.952849,181472083
1.804281,34.5410,-0.5273,-0.5273,0,5,1.952849,181472083
1.806315,34.5410,-0.5273,-0.5273,0,5,1.952849,181472083
1.808344,34.5410,-0.5273,-0.5273,0,5,1.952849,181472083
1.810281,34.5410,-0.5273,-0.5273,0,5,1.952849,181472083
1.812315,34.5410,-0.5273,-0.5273,0,5,1.952849,181472083
1.814344,34.5410,-0.5273,-0.5273,0,5,1.952849,181472083
1.816281,34.5410,-0.5273,-0.5273,0,5,1.952849,181472083
1.818315,34.5410,-0.5273,-0.5273,0,5,1.952849,181472083
1.820344,34.5410,-0.5273,-0.5273,0,5,1.952849,181472083
1.822281,34.5410,-0.3516,-0.3516,0,5,1.952849,181472083
1.824315,34.5410,-0.3516,-0.3516,0,5,1.952849,181472083
1.826344,34.5410,-0.3516,-0.3516,0,5,1.952849,181472083
1.828281,34.5410,-0.3516,-0.3516,0,5,1.952849,181472083
1.830315,34.5410,-0.3516,-0.3516,0,5,1.952849,181472083
1.832344,34.5410,-0.3516,-0.3516,0,5,1.952849,181472083
1.834281,34.5410,-0.3516,-0.3516,0,5,1.952849,181472083
1.836315,34.5410,-0.3516,-0.3516,0,5,1.952849,181472083
1.838344,34.5410,-0.3516,-0.3516,0,5,1.952849,181472083
1.840281,34.5410,-0.3516,-0.3516,0,5,1.952849,181472083
1.842315,34.5410,-0.3516,-0.3516,0,5,1.952849,181472083
1.844344,34.5410,-0.3516,-0.3516,0,5,1.952849,181472083
1.846281,34.5410,-0.3516,-0.3516,0,5,1.952849,181472083
1.848315,34.5410,-0.3516,-0.3516,0,5,1.952849,181472083
1.850344,34.5410,-0.3516,-0.3516,0,5,1.952849,181472083
1.853866,34.5410,-0.3516,-0.3516,0,5,1.952849,181472083
1.854299,34.5410,-0.3516,-0.3516,0,5,1.952849,181472083
1.856339,34.5410,-0.3516,-0.3516,0,5,1.952849,181472083
1.858277,34.5410,-0.3516,-0.3516,0,5,1.952849,181472083
1.860313,34.5410,-0.3516,-0.3516,0,5,1.952849,181472083
1.862344,34.5410,-0.3516,-0.3516,0,5,1.952849,181472083
1.864281,34.5410,-0.1758,-0.1758,0,5,1.952849,181472083
1.866315,34.5410,-0.1758,-0.1758,0,5,1.952849,181472083
1.868344,34.5410,-0.1758,-0.1758,0,5,1.952849,181472083
1.870281,34.5410,-0.1758,-0.1758,0,5,1.952849,181472083
1.872315,34.5410,-0.1758,-0.1758,0,5,1.952849,181472083
1.874344,34.5410,-0.1758,-0.1758,0,5,1.952849,181472083
1.876281,34.5410,-0.1758,-0.1758,0,5,1.952849,181472083
1.878324,34.5410,-0.1758,-0.1758,0,5,1.952849,181472083
1.880260,34.5410,-0.1758,-0.1758,0,5,1.952849,181472083
1.882300,34.5410,-0.1758,-0.1758,0,5,1.952849,181472083
1.884334,34.5410,-0.1758,-0.1758,0,5,1.952849,181472083
1.886269,34.5410,-0.1758,-0.1758,0,5,1.952849,181472083
1.888303,34.5410,-0.1758,-0.1758,0,5,1.952849,181472083
1.890337,34.5410,-0.1758,-0.1758,0,5,1.952849,181472083
1.892277,34.5410,-0.1758,-0.1758,0,5,1.952849,181472083
1.894313,34.5410,0.0000,0.0000,0,5,1.952849,181472083
1.896344,34.5410,0.0000,0.0000,0,5,1.952849,181472083
1.898281,34.5410,0.0000,0.0000,0,5,1.952849,181472083
1.900315,34.5410,0.0000,0.0000,0,5,1.952849,181472083
1.902344,34.5410,0.0000,0.0000,0,5,1.952849,181472083
1.904281,34.5410,0.0000,0.0000,0,5,1.952849,181472083
1.906315,34.5410,0.0000,0.0000,0,5,1.952849,181472083
1.908344,34.5410,0.0000,0.0000,0,5,1.952849,181472083
1.910281,34.5410,0.0000,0.0000,0,5,1.952849,181472083
1.912315,34.5410,0.0000,0.0000,0,5,1.952849,181472083
1.914344,34.5410,0.0000,0.0000,0,5,1.952849,181472083
1.916281,34.5410,0.0000,0.0000,0,5,1.952849,181472083
1.918315,34.5410,0.1758,0.1758,0,5,1.952849,181472083
1.920344,34.5410,0.1758,0.1758,0,5,1.952849,181472083
1.922281,34.5410,0.1758,0.1758,0,5,1.952849,181472083
1.924315,34.5410,0.1758,0.1758,0,5,1.952849,181472083
1.926344,34.5410,0.1758,0.1758,0,5,1.952849,181472083
1.928281,34.5410,0.1758,0.1758,0,5,1.952849,181472083
1.930315,34.5410,0.1758,0.1758,0,5,1.952849,181472083
1.932344,34.5410,0.3516,0.3516,0,5,1.952849,181472083
1.934281,34.5410,0.3516,0.3516,0,5,1.952849,181472083
1.936315,34.5410,0.3516,0.3516,0,5,1.952849,181472083
1.938344,34.5410,0.3516,0.3516,0,5,1.952849,181472083
1.940281,34.5410,0.3516,0.3516,0,5,1.952849,181472083
1.942263,34.5410,0.3516,0.3516,0,5,1.952849,181472083
1.944318,34.5410,0.3516,0.3516,0,5,1.952849,181472083
1.946264,34.5410,0.3516,0.3516,0,5,1.952849,181472083
1.948300,34.5410,0.3516,0.3516,0,5,1.952849,181472083
1.950310,34.5410,0.3516,0.3516,0,5,1.952849,181472083
1.958327,34.5410,0.5273,0.5273,0,5,2.181920,181697532
1.959274,34.5410,0.5273,0.5273,0,5,2.181920,181697532
1.959688,34.5410,0.5273,0.5273,0,5,2.181920,181697532
1.960037,34.5410,0.5273,0.5273,0,5,2.181920,181697532
1.960847,34.5410,0.5273,0.5273,0,5,2.181920,181697532
1.962308,34.5410,0.5273,0.5273,0,5,2.181920,181697532
1.964282,34.5410,0.5273,0.5273,0,5,2.181920,181697532
1.966281,34.5410,0.5273,0.5273,0,5,2.181920,181697532
1.968256,34.5410,0.5273,0.5273,0,5,2.181920,181697532
1.970277,34.5410,0.5273,0.5273,0,5,2.181920,181697532
1.972257,34.5410,0.5273,0.5273,0,5,2.181920,181697532
1.974284,34.5410,0.5273,0.5273,0,5,2.181920,181697532
1.976321,34.5410,0.5273,0.5273,0,5,2.181920,181697532
1.978263,34.5410,0.5273,0.5273,0,5,2.181920,181697532
1.980281,34.5410,0.7031,0.7031,0,5,2.181920,181697532
1.982338,34.5410,0.7031,0.7031,0,5,2.181920,181697532
1.984259,34.5410,0.7031,0.7031,0,5,2.181920,181697532
1.986282,34.5410,0.7031,0.7031,0,5,2.181920,181697532
1.988298,34.5410,0.7031,0.7031,0,5,2.181920,181697532
1.990308,34.5410,0.7031,0.7031,0,5,2.181920,181697532
1.992319,34.5410,0.7031,0.7031,0,5,2.181920,181697532
1.994332,34.5410,0.7031,0.7031,0,5,2.181920,181697532
1.996345,34.5410,0.7031,0.7031,0,5,2.181920,181697532
1.998264,34.5410,0.7031,0.7031,0,5,2.181920,181697532
2.000284,34.5410,0.7031,0.7031,0,5,2.181920,181697532
2.002298,34.5410,0.7031,0.7031,0,5,2.181920,181697532
2.004308,34.5410,0.7031,0.7031,0,5,2.181920,181697532
2.006319,34.5410,0.7031,0.7031,0,5,2.181920,181697532
2.008332,34.5410,0.7031,0.7031,0,5,2.181920,181697532
2.010344,34.5410,0.8789,0.8789,0,5,2.181920,181697532
2.012264,34.5410,0.8789,0.8789,0,5,2.181920,181697532
2.014284,34.5410,0.8789,0.8789,0,5,2.181920,181697532
2.016298,34.5410,0.8789,0.8789,0,5,2.181920,181697532
2.018308,34.5410,0.8789,0.8789,0,5,2.181920,181697532
2.020319,34.5410,0.8789,0.8789,0,5,2.181920,181697532
2.022332,34.5410,0.8789,0.8789,0,5,2.181920,181697532
2.024345,34.5410,0.8789,0.8789,0,5,2.181920,181697532
2.026264,34.5410,0.8789,0.8789,0,5,2.181920,181697532
2.028284,34.5410,0.8789,0.8789,0,5,2.181920,181697532
2.030298,34.5410,0.8789,0.8789,0,5,2.181920,181697532
2.032308,34.5410,0.8789,0.8789,0,5,2.181920,181697532
2.034319,34.5410,0.8789,0.8789,0,5,2.181920,181697532
2.036332,34.5410,0.8789,0.8789,0,5,2.181920,181697532
2.038345,34.5410,0.8789,0.8789,0,5,2.181920,181697532
2.040264,34.5410,0.8789,0.8789,0,5,2.181920,181697532
2.042284,34.5410,1.0547,1.0547,0,5,2.181920,181697532
2.044298,34.5410,1.0547,1.0547,0,5,2.181920,181697532
2.046308,34.5410,1.0547,1.0547,0,5,2.181920,181697532
2.048319,34.5410,1.0547,1.0547,0,5,2.181920,181697532
2.050332,34.5410,1.0547,1.0547,0,5,2.181920,181697532
2.054099,34.5410,1.0547,1.0547,0,5,2.181920,181697532
2.054536,34.5410,1.0547,1.0547,0,5,2.181920,181697532
2.056291,34.5410,1.0547,1.0547,0,5,2.181920,181697532
2.058330,34.5410,1.0547,1.0547,0,5,2.181920,181697532
2.060284,34.5410,1.0547,1.0547,0,5,2.181920,181697532
2.062306,34.5410,1.0547,1.0547,0,5,2.181920,181697532
2.064320,34.5410,1.0547,1.0547,0,5,2.181920,181697532
2.066332,34.5410,1.0547,1.0547,0,5,2.181920,181697532
2.068345,34.5410,1.0547,1.0547,0,5,2.181920,181697532
2.070264,34.5410,1.0547,1.0547,0,5,2.181920,181697532
2.072284,34.5410,1.0547,1.0547,0,5,2.181920,181697532
2.074298,34.5410,1.0547,1.0547,0,5,2.181920,181697532
2.076308,34.5410,1.0547,1.0547,0,5,2.181920,181697532
2.078331,34.5410,1.0547,1.0547,0,5,2.181920,181697532
2.080343,34.5410,1.0547,1.0547,0,5,2.181920,181697532
2.082263,34.5410,1.0547,1.0547,0,5,2.181920,181697532
2.084283,34.5410,1.0547,1.0547,0,5,2.181920,181697532
2.086298,34.5410,1.0547,1.0547,0,5,2.181920,181697532
2.088308,34.5410,1.0547,1.0547,0,5,2.181920,181697532
2.090319,34.5410,1.0547,1.0547,0,5,2.181920,181697532
2.092332,34.5410,1.0547,1.0547,0,5,2.181920,181697532
2.094345,34.5410,1.0547,1.0547,0,5,2.181920,181697532
2.096264,34.5410,1.0547,1.0547,0,5,2.181920,181697532
2.098284,34.5410,1.0547,1.0547,0,5,2.181920,181697532
2.100298,34.5410,1.0547,1.0547,0,5,2.181920,181697532
2.102308,34.5410,1.0547,1.0547,0,5,2.181920,181697532
2.104319,34.5410,1.0547,1.0547,0,5,2.181920,181697532
2.106332,34.5410,1.0547,1.0547,0,5,2.181920,181697532
2.108345,34.5410,0.8789,0.8789,0,5,2.181920,181697532
2.110264,34.7168,0.8789,0.8789,0,5,2.181920,181697532
2.112284,34.7168,0.8789,0.8789,0,5,2.181920,181697532
2.114298,34.7168,0.8789,0.8789,0,5,2.181920,181697532
2.116308,34.7168,0.8789,0.8789,0,5,2.181920,181697532
2.118319,34.7168,0.8789,0.8789,0,5,2.181920,181697532
2.120332,34.7168,0.8789,0.8789,0,5,2.181920,181697532
2.122345,34.7168,0.8789,0.8789,0,5,2.181920,181697532
2.124264,34.7168,0.8789,0.8789,0,5,2.181920,181697532
2.126284,34.7168,0.8789,0.8789,0,5,2.181920,181697532
2.128298,34.7168,0.8789,0.8789,0,5,2.181920,181697532
2.130308,34.7168,0.8789,0.8789,0,5,2.181920,181697532
2.132319,34.7168,0.8789,0.8789,0,5,2.181920,181697532
2.134332,34.7168,0.8789,0.8789,0,5,2.181920,181697532
2.136345,34.7168,0.8789,0.8789,0,5,2.181920,181697532
2.138264,34.7168,0.8789,0.8789,0,5,2.181920,181697532
2.140284,34.7168,0.8789,0.8789,0,5,2.181920,181697532
2.142298,34.7168,0.7031,0.7031,0,5,2.181920,181697532
2.144308,34.7168,0.7031,0.7031,0,5,2.181920,181697532
2.146319,34.7168,0.7031,0.7031,0,5,2.181920,181697532
2.148332,34.7168,0.7031,0.7031,0,5,2.181920,181697532
2.150345,34.7168,0.7031,0.7031,0,5,2.181920,181697532
2.153804,34.7168,0.7031,0.7031,0,5,2.181920,181697532
2.154266,34.7168,0.7031,0.7031,0,5,2.181920,181697532
2.156283,34.7168,0.7031,0.7031,0,5,2.181920,181697532
2.158298,34.7168,0.7031,0.7031,0,5,2.181920,181697532
2.160274,34.7168,0.7031,0.7031,0,5,2.181920,181697532
2.162298,34.7168,0.7031,0.7031,0,5,2.181920,181697532
2.164298,34.7168,0.7031,0.7031,0,5,2.181920,181697532
2.166319,34.7168,0.7031,0.7031,0,5,2.181920,181697532
2.168332,34.7168,0.7031,0.7031,0,5,2.181920,181697532
2.170295,34.7168,0.7031,0.7031,0,5,2.181920,181697532
2.172264,34.7168,0.7031,0.7031,0,5,2.181920,181697532
2.174353,34.7168,0.7031,0.7031,0,5,2.181920,181697532
2.176324,34.7168,0.5273,0.5273,0,5,2.181920,181697532
2.178254,34.7168,0.5273,0.5273,0,5,2.181920,181697532
2.182377,34.7168,0.5273,0.5273,0,5,2.415374,181928117
2.183156,34.7168,0.5273,0.5273,0,5,2.415374,181928117
2.184353,34.7168,0.5273,0.5273,0,5,2.415374,181928117
2.186348,34.7168,0.5273,0.5273,0,5,2.415374,181928117
2.188294,34.7168,0.5273,0.5273,0,5,2.415374,181928117
2.190300,34.7168,0.5273,0.5273,0,5,2.415374,181928117
2.192339,34.7168,0.5273,0.5273,0,5,2.415374,181928117
2.194329,34.7168,0.5273,0.5273,0,5,2.415374,181928117
2.196308,34.7168,0.5273,0.5273,0,5,2.415374,181928117
2.198313,34.7168,0.5273,0.5273,0,5,2.415374,181928117
2.200287,34.7168,0.5273,0.5273,0,5,2.415374,181928117
2.202254,34.7168,0.5273,0.5273,0,5,2.415374,181928117
2.204281,34.7168,0.5273,0.5273,0,5,2.415374,181928117
2.206315,34.7168,0.3516,0.3516,0,5,2.415374,181928117
2.208348,34.7168,0.3516,0.3516,0,5,2.415374,181928117
2.210285,34.7168,0.3516,0.3516,0,5,2.415374,181928117
2.212318,34.7168,0.3516,0.3516,0,5,2.415374,181928117
2.214351,34.7168,0.3516,0.3516,0,5,2.415374,181928117
2.216286,34.7168,0.3516,0.3516,0,5,2.415374,181928117
2.218320,34.7168,0.3516,0.3516,0,5,2.415374,181928117
2.220256,34.7168,0.3516,0.3516,0,5,2.415374,181928117
2.222289,34.7168,0.3516,0.3516,0,5,2.415374,181928117
2.224322,34.7168,0.3516,0.3516,0,5,2.415374,181928117
2.226261,34.7168,0.3516,0.3516,0,5,2.415374,181928117
2.228300,34.7168,0.3516,0.3516,0,5,2.415374,181928117
2.230334,34.7168,0.3516,0.3516,0,5,2.415374,181928117
2.232269,34.7168,0.3516,0.3516,0,5,2.415374,181928117
2.234303,34.7168,0.1758,0.1758,0,5,2.415374,181928117
2.236337,34.7168,0.1758,0.1758,0,5,2.415374,181928117
2.238277,34.7168,0.1758,0.1758,0,5,2.415374,181928117
2.240313,34.7168,0.1758,0.1758,0,5,2.415374,181928117
2.242344,34.7168,0.1758,0.1758,0,5,2.415374,181928117
2.244281,34.7168,0.1758,0.1758,0,5,2.415374,181928117
2.246315,34.7168,0.1758,0.1758,0,5,2.415374,181928117
2.248344,34.7168,0.1758,0.1758,0,5,2.415374,181928117
2.250281,34.7168,0.1758,0.1758,0,5,2.415374,181928117
2.254236,34.7168,0.0000,0.0000,0,5,2.415374,181928117
2.254680,34.7168,0.0000,0.0000,0,5,2.415374,181928117
2.256331,34.7168,0.0000,0.0000,0,5,2.415374,181928117
2.258266,34.7168,0.0000,0.0000,0,5,2.415374,181928117
2.260302,34.7168,0.0000,0.0000,0,5,2.415374,181928117
2.262326,34.7168,0.0000,0.0000,0,5,2.415374,181928117
2.264264,34.7168,0.0000,0.0000,0,5,2.415374,181928117
2.266300,34.7168,0.0000,0.0000,0,5,2.415374,181928117
2.268334,34.7168,0.0000,0.0000,0,5,2.415374,181928117
2.270269,34.7168,0.0000,0.0000,0,5,2.415374,181928117
2.272347,34.7168,0.0000,0.0000,0,5,2.415374,181928117
2.274285,34.7168,0.0000,0.0000,0,5,2.415374,181928117
2.276319,34.7168,0.0000,0.0000,0,5,2.415374,181928117
2.278269,34.7168,0.0000,0.0000,0,5,2.415374,181928117
2.280302,34.7168,0.0000,0.0000,0,5,2.415374,181928117
2.282336,34.7168,-0.1758,-0.1758,0,5,2.415374,181928117
2.284278,34.7168,-0.1758,-0.1758,0,5,2.415374,181928117
2.286315,34.7168,-0.1758,-0.1758,0,5,2.415374,181928117
2.288344,34.7168,-0.1758,-0.1758,0,5,2.415374,181928117
2.290281,34.7168,-0.1758,-0.1758,0,5,2.415374,181928117
2.292315,34.7168,-0.1758,-0.1758,0,5,2.415374,181928117
2.294344,34.7168,-0.1758,-0.1758,0,5,2.415374,181928117
2.296281,34.7168,-0.1758,-0.1758,0,5,2.415374,181928117
2.298315,34.7168,-0.1758,-0.1758,0,5,2.415374,181928117
2.300344,34.7168,-0.1758,-0.1758,0,5,2.415374,181928117
2.302281,34.7168,-0.1758,-0.1758,0,5,2.415374,181928117
2.304315,34.7168,-0.1758,-0.1758,0,5,2.415374,181928117
2.306344,34.7168,-0.1758,-0.1758,0,5,2.415374,181928117
2.308281,34.7168,-0.1758,-0.1758,0,5,2.415374,181928117
2.310315,34.7168,-0.1758,-0.1758,0,5,2.415374,181928117
2.312344,34.7168,-0.1758,-0.1758,0,5,2.415374,181928117
2.314281,34.7168,-0.1758,-0.1758,0,5,2.415374,181928117
2.316315,34.7168,-0.1758,-0.1758,0,5,2.415374,181928117
2.318344,34.7168,-0.1758,-0.1758,0,5,2.415374,181928117
2.320281,34.7168,-0.1758,-0.1758,0,5,2.415374,181928117
2.322315,34.7168,-0.1758,-0.1758,0,5,2.415374,181928117
2.324344,34.7168,-0.3516,-0.3516,0,5,2.415374,181928117
2.326281,34.7168,-0.3516,-0.3516,0,5,2.415374,181928117
2.328315,34.7168,-0.3516,-0.3516,0,5,2.415374,181928117
2.330344,34.7168,-0.3516,-0.3516,0,5,2.415374,181928117
2.332281,34.7168,-0.3516,-0.3516,0,5,2.415374,181928117
2.334315,34.7168,-0.3516,-0.3516,0,5,2.415374,181928117
2.336344,34.7168,-0.3516,-0.3516,0,5,2.415374,181928117
2.338281,34.7168,-0.3516,-0.3516,0,5,2.415374,181928117
2.340315,34.7168,-0.3516,-0.3516,0,5,2.415374,181928117
2.342344,34.7168,-0.3516,-0.3516,0,5,2.415374,181928117
2.344281,34.7168,-0.3516,-0.3516,0,5,2.415374,181928117
2.346315,34.7168,-0.3516,-0.3516,0,5,2.415374,181928117
2.348344,34.7168,-0.3516,-0.3516,0,5,2.415374,181928117
2.350281,34.7168,-0.3516,-0.3516,0,5,2.415374,181928117
2.353785,34.7168,-0.3516,-0.3516,0,5,2.415374,181928117
2.354348,34.7168,-0.3516,-0.3516,0,5,2.415374,181928117
2.356289,34.7168,-0.3516,-0.3516,0,5,2.415374,181928117
2.358322,34.7168,-0.3516,-0.3516,0,5,2.415374,181928117
2.360261,34.7168,-0.3516,-0.3516,0,5,2.415374,181928117
2.362300,34.7168,-0.3516,-0.3516,0,5,2.415374,181928117
2.364270,34.7168,-0.3516,-0.3516,0,5,2.415374,181928117
2.366300,34.7168,-0.3516,-0.3516,0,5,2.415374,181928117
2.368260,34.7168,-0.3516,-0.3516,0,5,2.415374,181928117
2.370300,34.7168,-0.3516,-0.3516,0,5,2.415374,181928117
2.372334,34.7168,-0.3516,-0.3516,0,5,2.415374,181928117
2.374269,34.7168,-0.3516,-0.3516,0,5,2.415374,181928117
2.376302,34.7168,-0.3516,-0.3516,0,5,2.415374,181928117
2.378350,34.7168,-0.3516,-0.3516,0,5,2.415374,181928117
2.380285,34.7168,-0.3516,-0.3516,0,5,2.415374,181928117
2.382319,34.7168,-0.3516,-0.3516,0,5,2.415374,181928117
2.384256,34.7168,-0.3516,-0.3516,0,5,2.415374,181928117
2.386289,34.7168,-0.3516,-0.3516,0,5,2.415374,181928117
2.388322,34.7168,-0.3516,-0.3516,0,5,2.415374,181928117
2.390261,34.7168,-0.3516,-0.3516,0,5,2.415374,181928117
2.392300,34.7168,-0.3516,-0.3516,0,5,2.415374,181928117
2.394334,34.7168,-0.3516,-0.3516,0,5,2.415374,181928117
2.396269,34.7168,-0.3516,-0.3516,0,5,2.415374,181928117
2.398320,34.7168,-0.3516,-0.3516,0,5,2.415374,181928117
2.400321,34.7168,-0.3516,-0.3516,0,5,2.415374,181928117
2.402344,34.7168,-0.3516,-0.3516,0,5,2.415374,181928117
2.404281,34.7168,-0.3516,-0.3516,0,5,2.415374,181928117
2.406292,34.7168,-0.3516,-0.3516,0,5,2.415374,181928117
2.408775,34.7168,-0.3516,-0.3516,0,5,2.415374,181928117
2.413151,34.7168,-0.1758,-0.1758,0,5,2.667936,182176462
2.413844,34.7168,-0.1758,-0.1758,0,5,2.667936,182176462
2.414349,34.7168,-0.1758,-0.1758,0,5,2.667936,182176462
2.416297,34.7168,-0.1758,-0.1758,0,5,2.667936,182176462
2.418330,34.7168,-0.1758,-0.1758,0,5,2.667936,182176462
2.420262,34.7168,-0.1758,-0.1758,0,5,2.667936,182176462
2.422306,34.7168,-0.1758,-0.1758,0,5,2.667936,182176462
2.424298,34.7168,-0.1758,-0.1758,0,5,2.667936,182176462
2.426348,34.7168,-0.1758,-0.1758,0,5,2.667936,182176462
2.428342,34.7168,-0.1758,-0.1758,0,5,2.667936,182176462
2.430358,34.7168,-0.1758,-0.1758,0,5,2.667936,182176462
2.432302,34.7168,-0.1758,-0.1758,0,5,2.667936,182176462
2.434349,34.7168,-0.1758,-0.1758,0,5,2.667936,182176462
2.436344,34.7168,-0.1758,-0.1758,0,5,2.667936,182176462
2.438308,34.7168,-0.1758,-0.1758,0,5,2.667936,182176462
2.440339,34.7168,-0.1758,-0.1758,0,5,2.667936,182176462
2.442277,34.7168,-0.1758,-0.1758,0,5,2.667936,182176462
2.444313,34.7168,-0.1758,-0.1758,0,5,2.667936,182176462
2.446262,34.7168,-0.1758,-0.1758,0,5,2.667936,182176462
2.448300,34.7168,-0.1758,-0.1758,0,5,2.667936,182176462
2.450334,34.7168,-0.1758,-0.1758,0,5,2.667936,182176462
2.454312,34.7168,-0.1758,-0.1758,0,5,2.667936,182176462
2.454764,34.7168,-0.1758,-0.1758,0,5,2.667936,182176462
2.456315,34.7168,0.0000,0.0000,0,5,2.667936,182176462
2.458344,34.7168,0.0000,0.0000,0,5,2.667936,182176462
2.460281,34.7168,0.0000,0.0000,0,5,2.667936,182176462
2.462315,34.7168,0.0000,0.0000,0,5,2.667936,182176462
2.464344,34.7168,0.0000,0.0000,0,5,2.667936,182176462
2.466355,34.7168,0.0000,0.0000,0,5,2.667936,182176462
2.468260,34.7168,0.0000,0.0000,0,5,2.667936,182176462
2.470328,34.7168,0.0000,0.0000,0,5,2.667936,182176462
2.472264,34.7168,0.0000,0.0000,0,5,2.667936,182176462
2.474300,34.7168,0.0000,0.0000,0,5,2.667936,182176462
2.476334,34.7168,0.0000,0.0000,0,5,2.667936,182176462
2.478289,34.7168,0.0000,0.0000,0,5,2.667936,182176462
2.480322,34.7168,0.0000,0.0000,0,5,2.667936,182176462
2.482261,34.7168,0.0000,0.0000,0,5,2.667936,182176462
2.484300,34.7168,0.0000,0.0000,0,5,2.667936,182176462
2.486334,34.7168,0.1758,0.1758,0,5,2.667936,182176462
2.488269,34.7168,0.1758,0.1758,0,5,2.667936,182176462
2.490303,34.7168,0.1758,0.1758,0,5,2.667936,182176462
2.492337,34.7168,0.1758,0.1758,0,5,2.667936,182176462
2.494277,34.7168,0.1758,0.1758,0,5,2.667936,182176462
2.496313,34.7168,0.1758,0.1758,0,5,2.667936,182176462
2.498344,34.7168,0.1758,0.1758,0,5,2.667936,182176462
2.500281,34.7168,0.1758,0.1758,0,5,2.667936,182176462
2.502315,34.7168,0.1758,0.1758,0,5,2.667936,182176462
2.504344,34.7168,0.3516,0.3516,0,5,2.667936,182176462
2.506281,34.7168,0.3516,0.3516,0,5,2.667936,182176462
2.508315,34.7168,0.3516,0.3516,0,5,2.667936,182176462
2.510344,34.7168,0.3516,0.3516,0,5,2.667936,182176462
2.512281,34.7168,0.3516,0.3516,0,5,2.667936,182176462
2.514315,34.7168,0.3516,0.3516,0,5,2.667936,182176462
2.516344,34.7168,0.3516,0.3516,0,5,2.667936,182176462
2.518281,34.7168,0.3516,0.3516,0,5,2.667936,182176462
2.520315,34.7168,0.3516,0.3516,0,5,2.667936,182176462
2.522344,34.7168,0.3516,0.3516,0,5,2.667936,182176462
2.524281,34.7168,0.3516,0.3516,0,5,2.667936,182176462
2.526315,34.7168,0.3516,0.3516,0,5,2.667936,182176462
2.528344,34.7168,0.3516,0.3516,0,5,2.667936,182176462
2.530281,34.7168,0.3516,0.3516,0,5,2.667936,182176462
2.532315,34.7168,0.3516,0.3516,0,5,2.667936,182176462
2.534344,34.7168,0.3516,0.3516,0,5,2.667936,182176462
2.536281,34.7168,0.3516,0.3516,0,5,2.667936,182176462
2.538315,34.7168,0.5273,0.5273,0,5,2.667936,182176462
2.540344,34.7168,0.5273,0.5273,0,5,2.667936,182176462
2.542281,34.7168,0.5273,0.5273,0,5,2.667936,182176462
2.544315,34.7168,0.5273,0.5273,0,5,2.667936,182176462
2.546344,34.7168,0.5273,0.5273,0,5,2.667936,182176462
2.548281,34.7168,0.5273,0.5273,0,5,2.667936,182176462
2.550315,34.7168,0.5273,0.5273,0,5,2.667936,182176462
2.553984,34.7168,0.5273,0.5273,0,5,2.667936,182176462
2.554353,34.7168,0.5273,0.5273,0,5,2.667936,182176462
2.556300,34.7168,0.5273,0.5273,0,5,2.667936,182176462
2.558334,34.7168,0.5273,0.5273,0,5,2.667936,182176462
2.560269,34.7168,0.5273,0.5273,0,5,2.667936,182176462
2.562303,34.7168,0.5273,0.5273,0,5,2.667936,182176462
2.564337,34.7168,0.5273,0.5273,0,5,2.667936,182176462
2.566277,34.7168,0.5273,0.5273,0,5,2.667936,182176462
2.568356,34.7168,0.7031,0.7031,0,5,2.667936,182176462
2.570296,34.7168,0.7031,0.7031,0,5,2.667936,182176462
2.572281,34.7168,0.7031,0.7031,0,5,2.667936,182176462
2.574315,34.7168,0.7031,0.7031,0,5,2.667936,182176462
2.576344,34.7168,0.7031,0.7031,0,5,2.667936,182176462
2.578300,34.7168,0.7031,0.7031,0,5,2.667936,182176462
2.580334,34.7168,0.7031,0.7031,0,5,2.667936,182176462
2.582269,34.7168,0.7031,0.7031,0,5,2.667936,182176462
2.584302,34.7168,0.7031,0.7031,0,5,2.667936,182176462
2.586336,34.7168,0.7031,0.7031,0,5,2.667936,182176462
2.588277,34.7168,0.7031,0.7031,0,5,2.667936,182176462
2.590313,34.7168,0.7031,0.7031,0,5,2.667936,182176462
2.592344,34.7168,0.7031,0.7031,0,5,2.667936,182176462
2.594281,34.7168,0.7031,0.7031,0,5,2.667936,182176462
2.596315,34.7168,0.7031,0.7031,0,5,2.667936,182176462
2.598344,34.7168,0.7031,0.7031,0,5,2.667936,182176462
2.600281,34.7168,0.7031,0.7031,0,5,2.667936,182176462
2.602315,34.7168,0.7031,0.7031,0,5,2.667936,182176462
2.604344,34.7168,0.7031,0.7031,0,5,2.667936,182176462
2.606281,34.7168,0.7031,0.7031,0,5,2.667936,182176462
2.608315,34.7168,0.7031,0.7031,0,5,2.667936,182176462
2.610344,34.7168,0.7031,0.7031,0,5,2.667936,182176462
2.612281,34.7168,0.7031,0.7031,0,5,2.667936,182176462
2.614315,34.7168,0.7031,0.7031,0,5,2.667936,182176462
2.616344,34.7168,0.7031,0.7031,0,5,2.667936,182176462
2.618281,34.7168,0.7031,0.7031,0,5,2.667936,182176462
2.620315,34.7168,0.7031,0.7031,0,5,2.667936,182176462
2.622344,34.7168,0.7031,0.7031,0,5,2.667936,182176462
2.624281,34.7168,0.8789,0.8789,0,5,2.667936,182176462
2.626315,34.7168,0.8789,0.8789,0,5,2.667936,182176462
2.628344,34.7168,0.8789,0.8789,0,5,2.667936,182176462
2.630281,34.7168,0.8789,0.8789,0,5,2.667936,182176462
2.632315,34.7168,0.8789,0.8789,0,5,2.667936,182176462
2.634344,34.7168,0.8789,0.8789,0,5,2.667936,182176462
2.636281,34.7168,0.8789,0.8789,0,5,2.667936,182176462
2.638315,34.7168,0.8789,0.8789,0,5,2.667936,182176462
2.640344,34.7168,0.8789,0.8789,0,5,2.667936,182176462
2.642293,34.7168,0.8789,0.8789,0,5,2.667936,182176462
2.644335,34.7168,0.8789,0.8789,0,5,2.667936,182176462
2.646299,34.7168,0.8789,0.8789,0,5,2.667936,182176462
2.648264,34.7168,0.8789,0.8789,0,5,2.667936,182176462
2.650300,34.7168,0.8789,0.8789,0,5,2.667936,182176462
2.653803,34.7168,0.8789,0.8789,0,5,2.667936,182176462
2.654266,34.7168,0.8789,0.8789,0,5,2.667936,182176462
2.656308,34.7168,0.8789,0.8789,0,5,2.667936,182176462
2.661552,34.7168,0.8789,0.8789,0,5,2.903687,182415883
2.662295,34.7168,0.8789,0.8789,0,5,2.903687,182415883
2.662672,34.7168,0.8789,0.8789,0,5,2.903687,182415883
2.664287,34.7168,0.8789,0.8789,0,5,2.903687,182415883
2.666265,34.7168,0.8789,0.8789,0,5,2.903687,182415883
2.668257,34.7168,0.8789,0.8789,0,5,2.903687,182415883
2.670309,34.7168,0.8789,0.8789,0,5,2.903687,182415883
2.672258,34.7168,0.8789,0.8789,0,5,2.903687,182415883
2.674301,34.7168,0.8789,0.8789,0,5,2.903687,182415883
2.676339,34.7168,0.8789,0.8789,0,5,2.903687,182415883
2.678290,34.7168,0.8789,0.8789,0,5,2.903687,182415883
2.680275,34.7168,0.8789,0.8789,0,5,2.903687,182415883
2.682536,34.7168,0.8789,0.8789,0,5,2.903687,182415883
2.684337,34.7168,0.8789,0.8789,0,5,2.903687,182415883
2.686282,34.7168,0.8789,0.8789,0,5,2.903687,182415883
2.688317,34.7168,0.8789,0.8789,0,5,2.903687,182415883
2.690350,34.7168,0.7031,0.7031,0,5,2.903687,182415883
2.692326,34.7168,0.7031,0.7031,0,5,2.903687,182415883
2.694303,34.7168,0.7031,0.7031,0,5,2.903687,182415883
2.696336,34.7168,0.7031,0.7031,0,5,2.903687,182415883
2.698272,34.7168,0.7031,0.7031,0,5,2.903687,182415883
2.700257,34.7168,0.7031,0.7031,0,5,2.903687,182415883
2.702347,34.7168,0.7031,0.7031,0,5,2.903687,182415883
2.704285,34.7168,0.7031,0.7031,0,5,2.903687,182415883
2.706319,34.7168,0.7031,0.7031,0,5,2.903687,182415883
2.708256,34.7168,0.7031,0.7031,0,5,2.903687,182415883
2.710289,34.7168,0.7031,0.7031,0,5,2.903687,182415883
2.712322,34.7168,0.7031,0.7031,0,5,2.903687,182415883
2.714261,34.7168,0.7031,0.7031,0,5,2.903687,182415883
2.716300,34.7168,0.7031,0.7031,0,5,2.903687,182415883
2.718334,34.7168,0.7031,0.7031,0,5,2.903687,182415883
2.720269,34.7168,0.7031,0.7031,0,5,2.903687,182415883
2.722303,34.7168,0.7031,0.7031,0,5,2.903687,182415883
2.724337,34.7168,0.7031,0.7031,0,5,2.903687,182415883
2.726277,34.7168,0.7031,0.7031,0,5,2.903687,182415883
2.728313,34.7168,0.7031,0.7031,0,5,2.903687,182415883
2.730344,34.7168,0.7031,0.7031,0,5,2.903687,182415883
2.732281,34.7168,0.7031,0.7031,0,5,2.903687,182415883
2.734315,34.7168,0.7031,0.7031,0,5,2.903687,182415883
2.736344,34.7168,0.7031,0.7031,0,5,2.903687,182415883
2.738281,34.7168,0.7031,0.7031,0,5,2.903687,182415883
2.740315,34.7168,0.7031,0.7031,0,5,2.903687,182415883
2.742344,34.7168,0.5273,0.5273,0,5,2.903687,182415883
2.744281,34.7168,0.5273,0.5273,0,5,2.903687,182415883
2.746315,34.7168,0.5273,0.5273,0,5,2.903687,182415883
2.748344,34.7168,0.5273,0.5273,0,5,2.903687,182415883
2.750281,34.7168,0.5273,0.5273,0,5,2.903687,182415883
2.754238,34.7168,0.5273,0.5273,0,5,2.903687,182415883
2.754679,34.7168,0.5273,0.5273,0,5,2.903687,182415883
2.756331,34.7168,0.5273,0.5273,0,5,2.903687,182415883
2.758264,34.7168,0.5273,0.5273,0,5,2.903687,182415883
2.760300,34.7168,0.5273,0.5273,0,5,2.903687,182415883
2.762334,34.7168,0.5273,0.5273,0,5,2.903687,182415883
2.764269,34.7168,0.5273,0.5273,0,5,2.903687,182415883
2.766302,34.7168,0.5273,0.5273,0,5,2.903687,182415883
2.768336,34.7168,0.5273,0.5273,0,5,2.903687,182415883
2.770277,34.7168,0.5273,0.5273,0,5,2.903687,182415883
2.772313,34.7168,0.5273,0.5273,0,5,2.903687,182415883
2.774325,34.7168,0.3516,0.3516,0,5,2.903687,182415883
2.776315,34.7168,0.3516,0.3516,0,5,2.903687,182415883
2.778307,34.7168,0.3516,0.3516,0,5,2.903687,182415883
2.780339,34.7168,0.3516,0.3516,0,5,2.903687,182415883
2.782277,34.7168,0.3516,0.3516,0,5,2.903687,182415883
2.784313,34.7168,0.3516,0.3516,0,5,2.903687,182415883
2.786344,34.7168,0.3516,0.3516,0,5,2.903687,182415883
2.788281,34.7168,0.3516,0.3516,0,5,2.903687,182415883
2.790315,34.7168,0.3516,0.3516,0,5,2.903687,182415883
2.792344,34.7168,0.3516,0.3516,0,5,2.903687,182415883
2.794281,34.7168,0.3516,0.3516,0,5,2.903687,182415883
2.796315,34.7168,0.3516,0.3516,0,5,2.903687,182415883
2.798344,34.7168,0.3516,0.3516,0,5,2.903687,182415883
2.800281,34.7168,0.3516,0.3516,0,5,2.903687,182415883
2.802315,34.7168,0.3516,0.3516,0,5,2.903687,182415883
2.804344,34.7168,0.1758,0.1758,0,5,2.903687,182415883
2.806281,34.7168,0.1758,0.1758,0,5,2.903687,182415883
2.808315,34.7168,0.1758,0.1758,0,5,2.903687,182415883
2.810344,34.7168,0.1758,0.1758,0,5,2.903687,182415883
2.812281,34.7168,0.1758,0.1758,0,5,2.903687,182415883
2.814315,34.7168,0.1758,0.1758,0,5,2.903687,182415883
2.816344,34.7168,0.1758,0.1758,0,5,2.903687,182415883
2.818281,34.7168,0.1758,0.1758,0,5,2.903687,182415883
2.820315,34.7168,0.1758,0.1758,0,5,2.903687,182415883
2.822344,34.7168,0.1758,0.1758,0,5,2.903687,182415883
2.824281,34.7168,0.1758,0.1758,0,5,2.903687,182415883
2.826315,34.7168,0.1758,0.1758,0,5,2.903687,182415883
2.828344,34.7168,0.1758,0.1758,0,5,2.903687,182415883
2.830281,34.7168,0.0000,0.0000,0,5,2.903687,182415883
2.832315,34.7168,0.0000,0.0000,0,5,2.903687,182415883
2.834344,34.7168,0.0000,0.0000,0,5,2.903687,182415883
2.836281,34.7168,0.0000,0.0000,0,5,2.903687,182415883
2.838315,34.7168,0.0000,0.0000,0,5,2.903687,182415883
2.840344,34.7168,0.0000,0.0000,0,5,2.903687,182415883
2.842281,34.7168,0.0000,0.0000,0,5,2.903687,182415883
2.844315,34.7168,0.0000,0.0000,0,5,2.903687,182415883
2.846344,34.7168,0.0000,0.0000,0,5,2.903687,182415883
2.848281,34.7168,0.0000,0.0000,0,5,2.903687,182415883
2.850315,34.7168,0.0000,0.0000,0,5,2.903687,182415883
2.853783,34.7168,0.0000,0.0000,0,5,2.903687,182415883
2.854343,34.7168,0.0000,0.0000,0,5,2.903687,182415883
2.856286,34.7168,0.0000,0.0000,0,5,2.903687,182415883
2.858320,34.7168,0.0000,0.0000,0,5,2.903687,182415883
2.860261,34.7168,0.0000,0.0000,0,5,2.903687,182415883
2.862300,34.7168,0.0000,0.0000,0,5,2.903687,182415883
2.864334,34.7168,0.0000,0.0000,0,5,2.903687,182415883
2.866269,34.7168,0.0000,0.0000,0,5,2.903687,182415883
2.868303,34.7168,-0.1758,-0.1758,0,5,2.903687,182415883
2.870339,34.7168,-0.1758,-0.1758,0,5,2.903687,182415883
2.872277,34.7168,-0.1758,-0.1758,0,5,2.903687,182415883
2.874313,34.7168,-0.1758,-0.1758,0,5,2.903687,182415883
2.876293,34.7168,-0.1758,-0.1758,0,5,2.903687,182415883
2.878293,34.7168,-0.1758,-0.1758,0,5,2.903687,182415883
2.880312,34.7168,-0.1758,-0.1758,0,5,2.903687,182415883
2.882344,34.7168,-0.1758,-0.1758,0,5,2.903687,182415883
2.884281,34.7168,-0.1758,-0.1758,0,5,2.903687,182415883
2.886315,34.7168,-0.1758,-0.1758,0,5,2.903687,182415883
2.888334,34.7168,-0.1758,-0.1758,0,5,2.903687,182415883
2.890275,34.7168,-0.1758,-0.1758,0,5,2.903687,182415883
2.892325,34.7168,-0.1758,-0.1758,0,5,2.903687,182415883
2.894340,34.7168,-0.1758,-0.1758,0,5,2.903687,182415883
2.896480,34.7168,-0.1758,-0.1758,0,5,2.903687,182415883
2.900980,34.7168,-0.1758,-0.1758,0,5,3.155675,182665567
2.901715,34.7168,-0.1758,-0.1758,0,5,3.155675,182665567
2.902334,34.7168,-0.1758,-0.1758,0,5,3.155675,182665567
2.904672,34.7168,-0.1758,-0.1758,0,5,3.155675,182665567
2.906345,34.7168,-0.1758,-0.1758,0,5,3.155675,182665567
2.908349,34.7168,-0.1758,-0.1758,0,5,3.155675,182665567
2.910289,34.7168,-0.1758,-0.1758,0,5,3.155675,182665567
2.912325,34.7168,-0.1758,-0.1758,0,5,3.155675,182665567
2.914266,34.7168,-0.1758,-0.1758,0,5,3.155675,182665567
2.916301,34.7168,-0.1758,-0.1758,0,5,3.155675,182665567
2.918449,34.7168,-0.1758,-0.1758,0,5,3.155675,182665567
2.920257,34.7168,-0.1758,-0.1758,0,5,3.155675,182665567
2.922318,34.7168,-0.1758,-0.1758,0,5,3.155675,182665567
2.924311,34.7168,-0.1758,-0.1758,0,5,3.155675,182665567
2.926260,34.7168,-0.1758,-0.1758,0,5,3.155675,182665567
2.928339,34.7168,-0.1758,-0.1758,0,5,3.155675,182665567
2.930277,34.7168,-0.1758,-0.1758,0,5,3.155675,182665567
2.932312,34.7168,-0.1758,-0.1758,0,5,3.155675,182665567
2.934343,34.7168,-0.1758,-0.1758,0,5,3.155675,182665567
2.936305,34.7168,-0.1758,-0.1758,0,5,3.155675,182665567
2.938339,34.7168,-0.1758,-0.1758,0,5,3.155675,182665567
2.940277,34.7168,-0.1758,-0.1758,0,5,3.155675,182665567
2.942313,34.7168,-0.1758,-0.1758,0,5,3.155675,182665567
2.944343,34.7168,-0.1758,-0.1758,0,5,3.155675,182665567
2.946280,34.7168,-0.1758,-0.1758,0,5,3.155675,182665567
2.948320,34.7168,-0.1758,-0.1758,0,5,3.155675,182665567
2.950332,34.7168,-0.1758,-0.1758,0,5,3.155675,182665567
2.954306,34.7168,-0.1758,-0.1758,0,5,3.155675,182665567
2.954757,34.7168,-0.1758,-0.1758,0,5,3.155675,182665567
2.956308,34.7168,-0.1758,-0.1758,0,5,3.155675,182665567
2.958339,34.7168,-0.1758,-0.1758,0,5,3.155675,182665567
2.960277,34.7168,-0.1758,-0.1758,0,5,3.155675,182665567
2.962313,34.7168,-0.1758,-0.1758,0,5,3.155675,182665567
2.964344,34.7168,-0.1758,-0.1758,0,5,3.155675,182665567
2.966281,34.7168,-0.1758,-0.1758,0,5,3.155675,182665567
2.968315,34.7168,-0.1758,-0.1758,0,5,3.155675,182665567
2.970344,34.7168,-0.1758,-0.1758,0,5,3.155675,182665567
2.972281,34.7168,-0.1758,-0.1758,0,5,3.155675,182665567
2.974315,34.7168,-0.1758,-0.1758,0,5,3.155675,182665567
2.976344,34.7168,-0.1758,-0.1758,0,5,3.155675,182665567
2.978302,34.7168,-0.1758,-0.1758,0,5,3.155675,182665567
2.980264,34.7168,-0.1758,-0.1758,0,5,3.155675,182665567
2.982300,34.7168,-0.1758,-0.1758,0,5,3.155675,182665567
2.984334,34.7168,-0.1758,-0.1758,0,5,3.155675,182665567
2.986271,34.7168,-0.1758,-0.1758,0,5,3.155675,182665567
2.988349,34.7168,-0.1758,-0.1758,0,5,3.155675,182665567
2.990285,34.7168,-0.1758,-0.1758,0,5,3.155675,182665567
2.992318,34.7168,-0.1758,-0.1758,0,5,3.155675,182665567
2.994351,34.7168,-0.1758,-0.1758,0,5,3.155675,182665567
2.996286,34.7168,-0.1758,-0.1758,0,5,3.155675,182665567
2.998320,34.7168,-0.1758,-0.1758,0,5,3.155675,182665567
3.000256,34.7168,-0.1758,-0.1758,0,5,3.155675,182665567
3.002289,34.7168,-0.1758,-0.1758,0,5,3.155675,182665567
3.004322,34.7168,-0.1758,-0.1758,0,5,3.155675,182665567
3.006261,34.7168,-0.1758,-0.1758,0,5,3.155675,182665567
3.008300,34.7168,-0.1758,-0.1758,0,5,3.155675,182665567
3.010334,34.7168,-0.1758,-0.1758,0,5,3.155675,182665567
3.012269,34.7168,-0.1758,-0.1758,0,5,3.155675,182665567
3.014303,34.7168,0.0000,0.0000,0,5,3.155675,182665567
3.016337,34.7168,0.0000,0.0000,0,5,3.155675,182665567
3.018277,34.7168,0.0000,0.0000,0,5,3.155675,182665567
3.020313,34.7168,0.0000,0.0000,0,5,3.155675,182665567
3.022344,34.7168,0.0000,0.0000,0,5,3.155675,182665567
3.024281,34.7168,0.0000,0.0000,0,5,3.155675,182665567
3.026315,34.7168,0.0000,0.0000,0,5,3.155675,182665567
3.028344,34.7168,0.0000,0.0000,0,5,3.155675,182665567
3.030281,34.7168,0.0000,0.0000,0,5,3.155675,182665567
3.032315,34.7168,0.0000,0.0000,0,5,3.155675,182665567
3.034344,34.7168,0.0000,0.0000,0,5,3.155675,182665567
3.036281,34.7168,0.0000,0.0000,0,5,3.155675,182665567
3.038315,34.7168,0.0000,0.0000,0,5,3.155675,182665567
3.040344,34.7168,0.0000,0.0000,0,5,3.155675,182665567
3.042281,34.7168,0.0000,0.0000,0,5,3.155675,182665567
3.044315,34.7168,0.0000,0.0000,0,5,3.155675,182665567
3.046344,34.7168,0.0000,0.0000,0,5,3.155675,182665567
3.048281,34.7168,0.0000,0.0000,0,5,3.155675,182665567
3.050315,34.7168,0.0000,0.0000,0,5,3.155675,182665567
3.053783,34.7168,0.1758,0.1758,0,5,3.155675,182665567
3.054343,34.7168,0.1758,0.1758,0,5,3.155675,182665567
3.056286,34.7168,0.1758,0.1758,0,5,3.155675,182665567
3.058320,34.7168,0.1758,0.1758,0,5,3.155675,182665567
3.060261,34.7168,0.1758,0.1758,0,5,3.155675,182665567
3.062300,34.7168,0.1758,0.1758,0,5,3.155675,182665567
3.064334,34.7168,0.1758,0.1758,0,5,3.155675,182665567
3.066269,34.7168,0.1758,0.1758,0,5,3.155675,182665567
3.068303,34.7168,0.1758,0.1758,0,5,3.155675,182665567
3.070337,34.7168,0.1758,0.1758,0,5,3.155675,182665567
3.072277,34.7168,0.1758,0.1758,0,5,3.155675,182665567
3.074313,34.7168,0.1758,0.1758,0,5,3.155675,182665567
3.076344,34.7168,0.3516,0.3516,0,5,3.155675,182665567
3.078294,34.7168,0.3516,0.3516,0,5,3.155675,182665567
3.080327,34.7168,0.3516,0.3516,0,5,3.155675,182665567
3.082335,34.7168,0.3516,0.3516,0,5,3.155675,182665567
3.084271,34.7168,0.3516,0.3516,0,5,3.155675,182665567
3.086305,34.7168,0.3516,0.3516,0,5,3.155675,182665567
3.088340,34.7168,0.3516,0.3516,0,5,3.155675,182665567
3.090302,34.7168,0.3516,0.3516,0,5,3.155675,182665567
3.092336,34.7168,0.3516,0.3516,0,5,3.155675,182665567
3.094277,34.7168,0.3516,0.3516,0,5,3.155675,182665567
3.096313,34.7168,0.3516,0.3516,0,5,3.155675,182665567
3.098344,34.7168,0.3516,0.3516,0,5,3.155675,182665567
3.100281,34.7168,0.3516,0.3516,0,5,3.155675,182665567
3.102315,34.7168,0.3516,0.3516,0,5,3.155675,182665567
3.104344,34.7168,0.3516,0.3516,0,5,3.155675,182665567
3.106281,34.7168,0.3516,0.3516,0,5,3.155675,182665567
3.108315,34.7168,0.3516,0.3516,0,5,3.155675,182665567
3.110344,34.7168,0.3516,0.3516,0,5,3.155675,182665567
3.112281,34.7168,0.3516,0.3516,0,5,3.155675,182665567
3.114315,34.7168,0.5273,0.5273,0,5,3.155675,182665567
3.116344,34.7168,0.5273,0.5273,0,5,3.155675,182665567
3.118281,34.7168,0.5273,0.5273,0,5,3.155675,182665567
3.120315,34.7168,0.5273,0.5273,0,5,3.155675,182665567
3.122344,34.7168,0.5273,0.5273,0,5,3.155675,182665567
3.124281,34.7168,0.5273,0.5273,0,5,3.155675,182665567
3.126315,34.7168,0.5273,0.5273,0,5,3.155675,182665567
3.128344,34.7168,0.5273,0.5273,0,5,3.155675,182665567
3.130281,34.7168,0.5273,0.5273,0,5,3.155675,182665567
3.132295,34.7168,0.5273,0.5273,0,5,3.155675,182665567
3.134343,34.7168,0.5273,0.5273,0,5,3.155675,182665567
3.136300,34.7168,0.5273,0.5273,0,5,3.155675,182665567
3.138258,34.7168,0.5273,0.5273,0,5,3.155675,182665567
3.140285,34.7168,0.5273,0.5273,0,5,3.155675,182665567
3.142283,34.7168,0.5273,0.5273,0,5,3.155675,182665567
3.144291,34.7168,0.5273,0.5273,0,5,3.155675,182665567
3.146386,34.7168,0.5273,0.5273,0,5,3.155675,182665567
3.150436,34.7168,0.5273,0.5273,0,5,3.391924,182904721
3.155323,34.7168,0.7031,0.7031,0,5,3.391924,182904721
3.155789,34.7168,0.7031,0.7031,0,5,3.391924,182904721
3.156062,34.7168,0.7031,0.7031,0,5,3.391924,182904721
3.156325,34.7168,0.7031,0.7031,0,5,3.391924,182904721
3.158266,34.7168,0.7031,0.7031,0,5,3.391924,182904721
3.160265,34.7168,0.7031,0.7031,0,5,3.391924,182904721
3.162303,34.7168,0.7031,0.7031,0,5,3.391924,182904721
3.164340,34.7168,0.7031,0.7031,0,5,3.391924,182904721
3.166304,34.7168,0.7031,0.7031,0,5,3.391924,182904721
3.168324,34.7168,0.7031,0.7031,0,5,3.391924,182904721
3.170326,34.7168,0.7031,0.7031,0,5,3.391924,182904721
3.172291,34.7168,0.7031,0.7031,0,5,3.391924,182904721
3.174349,34.7168,0.7031,0.7031,0,5,3.391924,182904721
3.176337,34.7168,0.7031,0.7031,0,5,3.391924,182904721
3.178296,34.7168,0.7031,0.7031,0,5,3.391924,182904721
3.180313,34.7168,0.7031,0.7031,0,5,3.391924,182904721
3.182344,34.7168,0.7031,0.7031,0,5,3.391924,182904721
3.184303,34.7168,0.7031,0.7031,0,5,3.391924,182904721
3.186337,34.7168,0.7031,0.7031,0,5,3.391924,182904721
3.188277,34.7168,0.7031,0.7031,0,5,3.391924,182904721
3.190333,34.7168,0.7031,0.7031,0,5,3.391924,182904721
3.192281,34.7168,0.7031,0.7031,0,5,3.391924,182904721
3.194256,34.7168,0.7031,0.7031,0,5,3.391924,182904721
3.196293,34.7168,0.7031,0.7031,0,5,3.391924,182904721
3.198327,34.7168,0.7031,0.7031,0,5,3.391924,182904721
3.200264,34.7168,0.7031,0.7031,0,5,3.391924,182904721
3.202300,34.7168,0.7031,0.7031,0,5,3.391924,182904721
3.204334,34.7168,0.7031,0.7031,0,5,3.391924,182904721
3.206269,34.7168,0.7031,0.7031,0,5,3.391924,182904721
3.208302,34.7168,0.7031,0.7031,0,5,3.391924,182904721
3.210336,34.7168,0.7031,0.7031,0,5,3.391924,182904721
3.212277,34.7168,0.7031,0.7031,0,5,3.391924,182904721
3.214313,34.7168,0.7031,0.7031,0,5,3.391924,182904721
3.216344,34.7168,0.7031,0.7031,0,5,3.391924,182904721
3.218281,34.7168,0.7031,0.7031,0,5,3.391924,182904721
3.220315,34.7168,0.7031,0.7031,0,5,3.391924,182904721
3.222344,34.7168,0.7031,0.7031,0,5,3.391924,182904721
3.224295,34.7168,0.7031,0.7031,0,5,3.391924,182904721
3.226261,34.7168,0.7031,0.7031,0,5,3.391924,182904721
3.228300,34.7168,0.7031,0.7031,0,5,3.391924,182904721
3.230334,34.7168,0.7031,0.7031,0,5,3.391924,182904721
3.232270,34.7168,0.7031,0.7031,0,5,3.391924,182904721
3.234334,34.7168,0.7031,0.7031,0,5,3.391924,182904721
3.236269,34.7168,0.7031,0.7031,0,5,3.391924,182904721
3.238302,34.7168,0.7031,0.7031,0,5,3.391924,182904721
3.240336,34.7168,0.7031,0.7031,0,5,3.391924,182904721
3.242277,34.7168,0.7031,0.7031,0,5,3.391924,182904721
3.244315,34.7168,0.7031,0.7031,0,5,3.391924,182904721
3.246256,34.7168,0.7031,0.7031,0,5,3.391924,182904721
3.248308,34.7168,0.7031,0.7031,0,5,3.391924,182904721
3.250339,34.7168,0.7031,0.7031,0,5,3.391924,182904721
3.253903,34.7168,0.7031,0.7031,0,5,3.391924,182904721
3.254280,34.7168,0.7031,0.7031,0,5,3.391924,182904721
3.256318,34.7168,0.7031,0.7031,0,5,3.391924,182904721
3.258254,34.7168,0.7031,0.7031,0,5,3.391924,182904721
3.260302,34.7168,0.7031,0.7031,0,5,3.391924,182904721
3.262264,34.7168,0.7031,0.7031,0,5,3.391924,182904721
3.264300,34.7168,0.7031,0.7031,0,5,3.391924,182904721
3.266334,34.7168,0.7031,0.7031,0,5,3.391924,182904721
3.268281,34.7168,0.7031,0.7031,0,5,3.391924,182904721
3.270323,34.7168,0.7031,0.7031,0,5,3.391924,182904721
3.272268,34.7168,0.7031,0.7031,0,5,3.391924,182904721
3.274315,34.7168,0.7031,0.7031,0,5,3.391924,182904721
3.276264,34.7168,0.7031,0.7031,0,5,3.391924,182904721
3.278314,34.7168,0.7031,0.7031,0,5,3.391924,182904721
3.280344,34.7168,0.7031,0.7031,0,5,3.391924,182904721
3.282281,34.7168,0.7031,0.7031,0,5,3.391924,182904721
3.284315,34.7168,0.7031,0.7031,0,5,3.391924,182904721
3.286334,34.7168,0.7031,0.7031,0,5,3.391924,182904721
3.288296,34.7168,0.7031,0.7031,0,5,3.391924,182904721
3.290327,34.7168,0.7031,0.7031,0,5,3.391924,182904721
3.292264,34.7168,0.7031,0.7031,0,5,3.391924,182904721
3.294300,34.7168,0.7031,0.7031,0,5,3.391924,182904721
3.296334,34.7168,0.7031,0.7031,0,5,3.391924,182904721
3.298269,34.7168,0.7031,0.7031,0,5,3.391924,182904721
3.300302,34.7168,0.5273,0.5273,0,5,3.391924,182904721
3.302336,34.7168,0.5273,0.5273,0,5,3.391924,182904721
3.304277,34.7168,0.5273,0.5273,0,5,3.391924,182904721
3.306313,34.7168,0.5273,0.5273,0,5,3.391924,182904721
3.308344,34.7168,0.5273,0.5273,0,5,3.391924,182904721
3.310281,34.7168,0.5273,0.5273,0,5,3.391924,182904721
3.312315,34.7168,0.5273,0.5273,0,5,3.391924,182904721
3.314344,34.7168,0.5273,0.5273,0,5,3.391924,182904721
3.316281,34.7168,0.5273,0.5273,0,5,3.391924,182904721
3.318315,34.7168,0.5273,0.5273,0,5,3.391924,182904721
3.320344,34.7168,0.5273,0.5273,0,5,3.391924,182904721
3.322281,34.7168,0.5273,0.5273,0,5,3.391924,182904721
3.324315,34.7168,0.5273,0.5273,0,5,3.391924,182904721
3.326344,34.7168,0.5273,0.5273,0,5,3.391924,182904721
3.328281,34.7168,0.5273,0.5273,0,5,3.391924,182904721
3.330315,34.7168,0.5273,0.5273,0,5,3.391924,182904721
3.332344,34.7168,0.5273,0.5273,0,5,3.391924,182904721
3.334281,34.7168,0.5273,0.5273,0,5,3.391924,182904721
3.336315,34.7168,0.5273,0.5273,0,5,3.391924,182904721
3.338344,34.7168,0.5273,0.5273,0,5,3.391924,182904721
3.340281,34.7168,0.5273,0.5273,0,5,3.391924,182904721
3.342315,34.7168,0.3516,0.3516,0,5,3.391924,182904721
3.344344,34.7168,0.3516,0.3516,0,5,3.391924,182904721
3.346281,34.7168,0.3516,0.3516,0,5,3.391924,182904721
3.348315,34.7168,0.3516,0.3516,0,5,3.391924,182904721
3.350344,34.7168,0.3516,0.3516,0,5,3.391924,182904721
3.353817,34.7168,0.3516,0.3516,0,5,3.391924,182904721
3.354284,34.7168,0.3516,0.3516,0,5,3.391924,182904721
3.356322,34.7168,0.3516,0.3516,0,5,3.391924,182904721
3.358261,34.7168,0.3516,0.3516,0,5,3.391924,182904721
3.360300,34.7168,0.3516,0.3516,0,5,3.391924,182904721
3.362334,34.7168,0.3516,0.3516,0,5,3.391924,182904721
3.364269,34.7168,0.3516,0.3516,0,5,3.391924,182904721
3.366303,34.7168,0.3516,0.3516,0,5,3.391924,182904721
3.368337,34.7168,0.3516,0.3516,0,5,3.391924,182904721
3.370277,34.7168,0.3516,0.3516,0,5,3.391924,182904721
3.372313,34.7168,0.3516,0.3516,0,5,3.391924,182904721
3.374344,34.7168,0.3516,0.3516,0,5,3.391924,182904721
3.376328,34.7168,0.3516,0.3516,0,5,3.391924,182904721
3.378257,34.7168,0.3516,0.3516,0,5,3.391924,182904721
3.380281,34.7168,0.3516,0.3516,0,5,3.391924,182904721
3.382281,34.7168,0.3516,0.3516,0,5,3.391924,182904721
3.384261,34.7168,0.1758,0.1758,0,5,3.391924,182904721
3.389805,34.7168,0.1758,0.1758,0,5,3.629943,183148361
3.390525,34.7168,0.1758,0.1758,0,5,3.629943,183148361
3.390930,34.7168,0.1758,0.1758,0,5,3.629943,183148361
3.392271,34.7168,0.1758,0.1758,0,5,3.629943,183148361
3.394303,34.7168,0.1758,0.1758,0,5,3.629943,183148361
3.396324,34.7168,0.1758,0.1758,0,5,3.629943,183148361
3.398349,34.7168,0.1758,0.1758,0,5,3.629943,183148361
3.400327,34.7168,0.1758,0.1758,0,5,3.629943,183148361
3.402294,34.7168,0.1758,0.1758,0,5,3.629943,183148361
3.404348,34.7168,0.1758,0.1758,0,5,3.629943,183148361
3.406286,34.7168,0.1758,0.1758,0,5,3.629943,183148361
3.408303,34.7168,0.1758,0.1758,0,5,3.629943,183148361
3.410313,34.7168,0.0000,0.0000,0,5,3.629943,183148361
3.412271,34.7168,0.0000,0.0000,0,5,3.629943,183148361
3.414347,34.7168,0.0000,0.0000,0,5,3.629943,183148361
3.416325,34.7168,0.0000,0.0000,0,5,3.629943,183148361
3.418324,34.7168,0.0000,0.0000,0,5,3.629943,183148361
3.420260,34.7168,0.0000,0.0000,0,5,3.629943,183148361
3.422300,34.7168,0.0000,0.0000,0,5,3.629943,183148361
3.424334,34.7168,0.0000,0.0000,0,5,3.629943,183148361
3.426269,34.7168,0.0000,0.0000,0,5,3.629943,183148361
3.428302,34.7168,0.0000,0.0000,0,5,3.629943,183148361
3.430336,34.7168,0.0000,0.0000,0,5,3.629943,183148361
3.432277,34.7168,0.0000,0.0000,0,5,3.629943,183148361
3.434313,34.7168,0.0000,0.0000,0,5,3.629943,183148361
3.436344,34.7168,0.0000,0.0000,0,5,3.629943,183148361
3.438281,34.7168,0.0000,0.0000,0,5,3.629943,183148361
3.440315,34.7168,0.0000,0.0000,0,5,3.629943,183148361
3.442344,34.7168,0.0000,0.0000,0,5,3.629943,183148361
3.444281,34.7168,0.0000,0.0000,0,5,3.629943,183148361
3.446315,34.7168,0.0000,0.0000,0,5,3.629943,183148361
3.448344,34.7168,0.0000,0.0000,0,5,3.629943,183148361
3.450281,34.7168,0.0000,0.0000,0,5,3.629943,183148361
3.454236,34.7168,0.0000,0.0000,0,5,3.629943,183148361
3.454680,34.7168,0.0000,0.0000,0,5,3.629943,183148361
3.456335,34.7168,0.0000,0.0000,0,5,3.629943,183148361
3.458272,34.7168,0.0000,0.0000,0,5,3.629943,183148361
3.460306,34.7168,0.0000,0.0000,0,5,3.629943,183148361
3.462339,34.7168,0.0000,0.0000,0,5,3.629943,183148361
3.464277,34.7168,-0.1758,-0.1758,0,5,3.629943,183148361
3.466315,34.7168,-0.1758,-0.1758,0,5,3.629943,183148361
3.468344,34.7168,-0.1758,-0.1758,0,5,3.629943,183148361
3.470281,34.7168,-0.1758,-0.1758,0,5,3.629943,183148361
3.472315,34.7168,-0.1758,-0.1758,0,5,3.629943,183148361
3.474344,34.7168,-0.1758,-0.1758,0,5,3.629943,183148361
3.476281,34.7168,-0.1758,-0.1758,0,5,3.629943,183148361
3.478334,34.7168,-0.1758,-0.1758,0,5,3.629943,183148361
3.480270,34.7168,-0.1758,-0.1758,0,5,3.629943,183148361
3.482304,34.7168,-0.1758,-0.1758,0,5,3.629943,183148361
3.484339,34.7168,-0.1758,-0.1758,0,5,3.629943,183148361
3.486277,34.7168,-0.1758,-0.1758,0,5,3.629943,183148361
3.488313,34.7168,-0.1758,-0.1758,0,5,3.629943,183148361
3.490350,34.7168,-0.1758,-0.1758,0,5,3.629943,183148361
3.492264,34.7168,-0.1758,-0.1758,0,5,3.629943,183148361
3.494300,34.7168,-0.1758,-0.1758,0,5,3.629943,183148361
3.496270,34.7168,-0.1758,-0.1758,0,5,3.629943,183148361
3.498303,34.7168,-0.1758,-0.1758,0,5,3.629943,183148361
3.500338,34.7168,-0.1758,-0.1758,0,5,3.629943,183148361
3.502277,34.7168,-0.1758,-0.1758,0,5,3.629943,183148361
3.504313,34.7168,-0.1758,-0.1758,0,5,3.629943,183148361
3.506344,34.7168,-0.1758,-0.1758,0,5,3.629943,183148361
3.508281,34.7168,-0.1758,-0.1758,0,5,3.629943,183148361
3.510315,34.7168,-0.1758,-0.1758,0,5,3.629943,183148361
3.512344,34.7168,-0.1758,-0.1758,0,5,3.629943,183148361
3.514281,34.7168,-0.1758,-0.1758,0,5,3.629943,183148361
3.516315,34.7168,-0.1758,-0.1758,0,5,3.629943,183148361
3.518344,34.7168,-0.1758,-0.1758,0,5,3.629943,183148361
3.520281,34.7168,-0.1758,-0.1758,0,5,3.629943,183148361
3.522315,34.7168,-0.1758,-0.1758,0,5,3.629943,183148361
3.524344,34.7168,-0.1758,-0.1758,0,5,3.629943,183148361
3.526281,34.7168,-0.1758,-0.1758,0,5,3.629943,183148361
3.528315,34.7168,-0.1758,-0.1758,0,5,3.629943,183148361
3.530344,34.7168,-0.1758,-0.1758,0,5,3.629943,183148361
3.532281,34.7168,-0.1758,-0.1758,0,5,3.629943,183148361
3.534315,34.7168,-0.1758,-0.1758,0,5,3.629943,183148361
3.536344,34.7168,-0.1758,-0.1758,0,5,3.629943,183148361
3.538281,34.7168,-0.1758,-0.1758,0,5,3.629943,183148361
3.540315,34.7168,-0.1758,-0.1758,0,5,3.629943,183148361
3.542344,34.7168,-0.1758,-0.1758,0,5,3.629943,183148361
3.544281,34.7168,-0.1758,-0.1758,0,5,3.629943,183148361
3.546315,34.7168,-0.1758,-0.1758,0,5,3.629943,183148361
3.548344,34.7168,-0.1758,-0.1758,0,5,3.629943,183148361
3.550281,34.7168,-0.1758,-0.1758,0,5,3.629943,183148361
3.553984,34.7168,-0.1758,-0.1758,0,5,3.629943,183148361
3.554353,34.7168,-0.1758,-0.1758,0,5,3.629943,183148361
3.556300,34.7168,-0.1758,-0.1758,0,5,3.629943,183148361
3.558334,34.7168,-0.1758,-0.1758,0,5,3.629943,183148361
3.560269,34.7168,-0.1758,-0.1758,0,5,3.629943,183148361
3.562302,34.7168,-0.1758,-0.1758,0,5,3.629943,183148361
3.564336,34.7168,-0.1758,-0.1758,0,5,3.629943,183148361
3.566277,34.7168,-0.1758,-0.1758,0,5,3.629943,183148361
3.568313,34.7168,-0.1758,-0.1758,0,5,3.629943,183148361
3.570344,34.7168,0.0000,0.0000,0,5,3.629943,183148361
3.572281,34.7168,0.0000,0.0000,0,5,3.629943,183148361
3.574315,34.7168,0.0000,0.0000,0,5,3.629943,183148361
3.576344,34.7168,0.0000,0.0000,0,5,3.629943,183148361
3.578300,34.7168,0.0000,0.0000,0,5,3.629943,183148361
3.580334,34.7168,0.0000,0.0000,0,5,3.629943,183148361
3.582269,34.7168,0.0000,0.0000,0,5,3.629943,183148361
3.584302,34.7168,0.0000,0.0000,0,5,3.629943,183148361
3.586336,34.7168,0.0000,0.0000,0,5,3.629943,183148361
3.588277,34.7168,0.0000,0.0000,0,5,3.629943,183148361
3.590313,34.7168,0.0000,0.0000,0,5,3.629943,183148361
3.592344,34.7168,0.0000,0.0000,0,5,3.629943,183148361
3.594339,34.7168,0.0000,0.0000,0,5,3.629943,183148361
3.596302,34.7168,0.0000,0.0000,0,5,3.629943,183148361
3.598336,34.7168,0.0000,0.0000,0,5,3.629943,183148361
3.600277,34.7168,0.0000,0.0000,0,5,3.629943,183148361
3.602313,34.7168,0.0000,0.0000,0,5,3.629943,183148361
3.604344,34.7168,0.0000,0.0000,0,5,3.629943,183148361
3.606281,34.7168,0.0000,0.0000,0,5,3.629943,183148361
3.608315,34.7168,0.0000,0.0000,0,5,3.629943,183148361
3.610344,34.7168,0.0000,0.0000,0,5,3.629943,183148361
3.612281,34.7168,0.0000,0.0000,0,5,3.629943,183148361
3.614315,34.7168,0.0000,0.0000,0,5,3.629943,183148361
3.616344,34.7168,0.0000,0.0000,0,5,3.629943,183148361
3.618281,34.7168,0.0000,0.0000,0,5,3.629943,183148361
3.620315,34.7168,0.1758,0.1758,0,5,3.629943,183148361
3.622353,34.7168,0.1758,0.1758,0,5,3.629943,183148361
3.624307,34.7168,0.1758,0.1758,0,5,3.629943,183148361
3.626323,34.7168,0.1758,0.1758,0,5,3.629943,183148361
3.628929,34.7168,0.1758,0.1758,0,5,3.629943,183148361
3.633458,34.7168,0.1758,0.1758,0,5,3.878448,183390644
3.634181,34.7168,0.1758,0.1758,0,5,3.878448,183390644
3.634585,34.7168,0.1758,0.1758,0,5,3.878448,183390644
3.636281,34.7168,0.1758,0.1758,0,5,3.878448,183390644
3.638279,34.7168,0.1758,0.1758,0,5,3.878448,183390644
3.640278,34.7168,0.1758,0.1758,0,5,3.878448,183390644
3.642331,34.7168,0.1758,0.1758,0,5,3.878448,183390644
3.644265,34.7168,0.1758,0.1758,0,5,3.878448,183390644
3.646419,34.7168,0.3516,0.3516,0,5,3.878448,183390644
3.648337,34.7168,0.3516,0.3516,0,5,3.878448,183390644
3.650277,34.7168,0.3516,0.3516,0,5,3.878448,183390644
3.654749,34.7168,0.3516,0.3516,0,5,3.878448,183390644
3.655293,34.7168,0.3516,0.3516,0,5,3.878448,183390644
3.656260,34.7168,0.3516,0.3516,0,5,3.878448,183390644
3.658300,34.7168,0.3516,0.3516,0,5,3.878448,183390644
3.660271,34.7168,0.3516,0.3516,0,5,3.878448,183390644
3.662334,34.7168,0.3516,0.3516,0,5,3.878448,183390644
3.664269,34.7168,0.3516,0.3516,0,5,3.878448,183390644
3.666303,34.7168,0.3516,0.3516,0,5,3.878448,183390644
3.668337,34.7168,0.3516,0.3516,0,5,3.878448,183390644
3.670277,34.7168,0.3516,0.3516,0,5,3.878448,183390644
3.672315,34.7168,0.3516,0.3516,0,5,3.878448,183390644
3.674344,34.7168,0.3516,0.3516,0,5,3.878448,183390644
3.676281,34.7168,0.3516,0.3516,0,5,3.878448,183390644
3.678334,34.7168,0.3516,0.3516,0,5,3.878448,183390644
3.680269,34.7168,0.3516,0.3516,0,5,3.878448,183390644
3.682303,34.7168,0.3516,0.3516,0,5,3.878448,183390644
3.684337,34.7168,0.3516,0.3516,0,5,3.878448,183390644
3.686277,34.7168,0.3516,0.3516,0,5,3.878448,183390644
3.688313,34.7168,0.3516,0.3516,0,5,3.878448,183390644
3.690344,34.7168,0.3516,0.3516,0,5,3.878448,183390644
3.692281,34.7168,0.3516,0.3516,0,5,3.878448,183390644
3.694261,34.7168,0.3516,0.3516,0,5,3.878448,183390644
3.696297,34.7168,0.3516,0.3516,0,5,3.878448,183390644
3.698328,34.7168,0.5273,0.5273,0,5,3.878448,183390644
3.700300,34.7168,0.5273,0.5273,0,5,3.878448,183390644
3.702334,34.7168,0.5273,0.5273,0,5,3.878448,183390644
3.704269,34.7168,0.5273,0.5273,0,5,3.878448,183390644
3.706302,34.7168,0.5273,0.5273,0,5,3.878448,183390644
3.708336,34.7168,0.5273,0.5273,0,5,3.878448,183390644
3.710277,34.7168,0.5273,0.5273,0,5,3.878448,183390644
3.712313,34.7168,0.5273,0.5273,0,5,3.878448,183390644
3.714344,34.7168,0.5273,0.5273,0,5,3.878448,183390644
3.716281,34.7168,0.5273,0.5273,0,5,3.878448,183390644
3.718315,34.7168,0.5273,0.5273,0,5,3.878448,183390644
3.720344,34.7168,0.5273,0.5273,0,5,3.878448,183390644
3.722281,34.7168,0.5273,0.5273,0,5,3.878448,183390644
3.724315,34.7168,0.5273,0.5273,0,5,3.878448,183390644
3.726344,34.7168,0.5273,0.5273,0,5,3.878448,183390644
3.728281,34.7168,0.5273,0.5273,0,5,3.878448,183390644
3.730315,34.7168,0.5273,0.5273,0,5,3.878448,183390644
3.732344,34.7168,0.5273,0.5273,0,5,3.878448,183390644
3.734281,34.7168,0.5273,0.5273,0,5,3.878448,183390644
3.736315,34.7168,0.5273,0.5273,0,5,3.878448,183390644
3.738344,34.7168,0.5273,0.5273,0,5,3.878448,183390644
3.740281,34.7168,0.5273,0.5273,0,5,3.878448,183390644
3.742314,34.7168,0.5273,0.5273,0,5,3.878448,183390644
3.744344,34.7168,0.5273,0.5273,0,5,3.878448,183390644
3.746281,34.7168,0.5273,0.5273,0,5,3.878448,183390644
3.748315,34.7168,0.5273,0.5273,0,5,3.878448,183390644
3.750344,34.7168,0.5273,0.5273,0,5,3.878448,183390644
3.753817,34.7168,0.5273,0.5273,0,5,3.878448,183390644
3.754279,34.7168,0.5273,0.5273,0,5,3.878448,183390644
3.756321,34.7168,0.7031,0.7031,0,5,3.878448,183390644
3.758260,34.7168,0.7031,0.7031,0,5,3.878448,183390644
3.760297,34.7168,0.7031,0.7031,0,5,3.878448,183390644
3.762327,34.7168,0.7031,0.7031,0,5,3.878448,183390644
3.764265,34.7168,0.7031,0.7031,0,5,3.878448,183390644
3.766300,34.7168,0.7031,0.7031,0,5,3.878448,183390644
3.768334,34.7168,0.7031,0.7031,0,5,3.878448,183390644
3.770269,34.7168,0.7031,0.7031,0,5,3.878448,183390644
3.772303,34.7168,0.7031,0.7031,0,5,3.878448,183390644
3.774337,34.7168,0.7031,0.7031,0,5,3.878448,183390644
3.776277,34.7168,0.7031,0.7031,0,5,3.878448,183390644
3.778322,34.7168,0.7031,0.7031,0,5,3.878448,183390644
3.780261,34.7168,0.7031,0.7031,0,5,3.878448,183390644
3.782300,34.7168,0.7031,0.7031,0,5,3.878448,183390644
3.784334,34.7168,0.7031,0.7031,0,5,3.878448,183390644
3.786269,34.7168,0.7031,0.7031,0,5,3.878448,183390644
3.788303,34.7168,0.7031,0.7031,0,5,3.878448,183390644
3.790337,34.7168,0.7031,0.7031,0,5,3.878448,183390644
3.792277,34.7168,0.7031,0.7031,0,5,3.878448,183390644
3.794313,34.7168,0.7031,0.7031,0,5,3.878448,183390644
3.796344,34.7168,0.7031,0.7031,0,5,3.878448,183390644
3.798334,34.7168,0.7031,0.7031,0,5,3.878448,183390644
3.800300,34.7168,0.7031,0.7031,0,5,3.878448,183390644
3.802334,34.7168,0.7031,0.7031,0,5,3.878448,183390644
3.804270,34.7168,0.7031,0.7031,0,5,3.878448,183390644
3.806303,34.7168,0.7031,0.7031,0,5,3.878448,183390644
3.808337,34.7168,0.7031,0.7031,0,5,3.878448,183390644
3.810277,34.7168,0.7031,0.7031,0,5,3.878448,183390644
3.812315,34.7168,0.7031,0.7031,0,5,3.878448,183390644
3.814344,34.7168,0.7031,0.7031,0,5,3.878448,183390644
3.816281,34.7168,0.7031,0.7031,0,5,3.878448,183390644
3.818315,34.7168,0.7031,0.7031,0,5,3.878448,183390644
3.820344,34.7168,0.7031,0.7031,0,5,3.878448,183390644
3.822281,34.7168,0.7031,0.7031,0,5,3.878448,183390644
3.824315,34.7168,0.7031,0.7031,0,5,3.878448,183390644
3.826344,34.7168,0.7031,0.7031,0,5,3.878448,183390644
3.828281,34.7168,0.7031,0.7031,0,5,3.878448,183390644
3.830315,34.7168,0.7031,0.7031,0,5,3.878448,183390644
3.832344,34.7168,0.7031,0.7031,0,5,3.878448,183390644
3.834281,34.7168,0.7031,0.7031,0,5,3.878448,183390644
3.836315,34.7168,0.7031,0.7031,0,5,3.878448,183390644
3.838344,34.7168,0.7031,0.7031,0,5,3.878448,183390644
3.840281,34.7168,0.5273,0.5273,0,5,3.878448,183390644
3.842315,34.7168,0.5273,0.5273,0,5,3.878448,183390644
3.844344,34.7168,0.5273,0.5273,0,5,3.878448,183390644
3.846281,34.7168,0.5273,0.5273,0,5,3.878448,183390644
3.848315,34.7168,0.5273,0.5273,0,5,3.878448,183390644
3.850344,34.7168,0.5273,0.5273,0,5,3.878448,183390644
3.853817,34.7168,0.5273,0.5273,0,5,3.878448,183390644
3.854279,34.7168,0.5273,0.5273,0,5,3.878448,183390644
3.856345,34.7168,0.5273,0.5273,0,5,3.878448,183390644
3.858258,34.7168,0.5273,0.5273,0,5,3.878448,183390644
3.860300,34.7168,0.5273,0.5273,0,5,3.878448,183390644
3.862333,34.7168,0.5273,0.5273,0,5,3.878448,183390644
3.864267,34.7168,0.5273,0.5273,0,5,3.878448,183390644
3.866320,34.7168,0.5273,0.5273,0,5,3.878448,183390644
3.868300,34.7168,0.5273,0.5273,0,5,3.878448,183390644
3.870265,34.7168,0.5273,0.5273,0,5,3.878448,183390644
3.872334,34.7168,0.5273,0.5273,0,5,4.117162,183634518
3.876269,34.7168,0.5273,0.5273,0,5,4.117162,183634518
3.876705,34.7168,0.5273,0.5273,0,5,4.117162,183634518
3.878340,34.7168,0.5273,0.5273,0,5,4.117162,183634518
3.880257,34.7168,0.5273,0.5273,0,5,4.117162,183634518
3.882334,34.7168,0.5273,0.5273,0,5,4.117162,183634518
3.884319,34.7168,0.5273,0.5273,0,5,4.117162,183634518
3.886342,34.7168,0.5273,0.5273,0,5,4.117162,183634518
3.888264,34.7168,0.5273,0.5273,0,5,4.117162,183634518
3.890285,34.7168,0.5273,0.5273,0,5,4.117162,183634518
3.892324,34.7168,0.5273,0.5273,0,5,4.117162,183634518
3.894338,34.7168,0.5273,0.5273,0,5,4.117162,183634518
3.896300,34.7168,0.5273,0.5273,0,5,4.117162,183634518
3.898258,34.7168,0.5273,0.5273,0,5,4.117162,183634518
3.900327,34.7168,0.5273,0.5273,0,5,4.117162,183634518
3.902322,34.7168,0.5273,0.5273,0,5,4.117162,183634518
3.904335,34.7168,0.5273,0.5273,0,5,4.117162,183634518
3.906283,34.7168,0.5273,0.5273,0,5,4.117162,183634518
3.908305,34.7168,0.5273,0.5273,0,5,4.117162,183634518
3.910318,34.7168,0.5273,0.5273,0,5,4.117162,183634518
3.912331,34.7168,0.3516,0.3516,0,5,4.117162,183634518
3.914343,34.7168,0.3516,0.3516,0,5,4.117162,183634518
3.916263,34.7168,0.3516,0.3516,0,5,4.117162,183634518
3.918283,34.7168,0.3516,0.3516,0,5,4.117162,183634518
3.920298,34.7168,0.3516,0.3516,0,5,4.117162,183634518
3.922308,34.7168,0.3516,0.3516,0,5,4.117162,183634518
3.924319,34.7168,0.3516,0.3516,0,5,4.117162,183634518
3.926332,34.7168,0.3516,0.3516,0,5,4.117162,183634518
3.928345,34.7168,0.3516,0.3516,0,5,4.117162,183634518
3.930264,34.7168,0.3516,0.3516,0,5,4.117162,183634518
3.932284,34.7168,0.3516,0.3516,0,5,4.117162,183634518
3.934298,34.7168,0.3516,0.3516,0,5,4.117162,183634518
3.936308,34.7168,0.3516,0.3516,0,5,4.117162,183634518
3.938319,34.7168,0.3516,0.3516,0,5,4.117162,183634518
3.940332,34.7168,0.3516,0.3516,0,5,4.117162,183634518
3.942345,34.7168,0.3516,0.3516,0,5,4.117162,183634518
3.944264,34.7168,0.3516,0.3516,0,5,4.117162,183634518
3.946284,34.7168,0.3516,0.3516,0,5,4.117162,183634518
3.948298,34.7168,0.3516,0.3516,0,5,4.117162,183634518
3.950308,34.7168,0.3516,0.3516,0,5,4.117162,183634518
3.954256,34.7168,0.3516,0.3516,0,5,4.117162,183634518
3.954705,34.7168,0.3516,0.3516,0,5,4.117162,183634518
3.956277,34.7168,0.3516,0.3516,0,5,4.117162,183634518
3.958300,34.7168,0.3516,0.3516,0,5,4.117162,183634518
3.960313,34.7168,0.1758,0.1758,0,5,4.117162,183634518
3.962325,34.7168,0.1758,0.1758,0,5,4.117162,183634518
3.964338,34.7168,0.1758,0.1758,0,5,4.117162,183634518
3.966259,34.7168,0.1758,0.1758,0,5,4.117162,183634518
3.968282,34.7168,0.1758,0.1758,0,5,4.117162,183634518
3.970298,34.7168,0.1758,0.1758,0,5,4.117162,183634518
3.972308,34.7168,0.1758,0.1758,0,5,4.117162,183634518
3.974319,34.7168,0.1758,0.1758,0,5,4.117162,183634518
3.976332,34.7168,0.1758,0.1758,0,5,4.117162,183634518
3.978276,34.7168,0.1758,0.1758,0,5,4.117162,183634518
3.980299,34.7168,0.1758,0.1758,0,5,4.117162,183634518
3.982308,34.7168,0.1758,0.1758,0,5,4.117162,183634518
3.984319,34.7168,0.1758,0.1758,0,5,4.117162,183634518
3.986332,34.7168,0.1758,0.1758,0,5,4.117162,183634518
3.988345,34.7168,0.1758,0.1758,0,5,4.117162,183634518
3.990264,34.7168,0.1758,0.1758,0,5,4.117162,183634518
3.992284,34.7168,0.1758,0.1758,0,5,4.117162,183634518
3.994298,34.7168,0.1758,0.1758,0,5,4.117162,183634518
3.996308,34.7168,0.1758,0.1758,0,5,4.117162,183634518
3.998319,34.7168,0.1758,0.1758,0,5,4.117162,183634518
4.000332,34.7168,0.1758,0.1758,0,5,4.117162,183634518
4.002276,34.7168,0.0000,0.0000,0,5,4.117162,183634518
4.004283,34.7168,0.0000,0.0000,0,5,4.117162,183634518
4.006298,34.7168,0.0000,0.0000,0,5,4.117162,183634518
4.008308,34.7168,0.0000,0.0000,0,5,4.117162,183634518
4.010320,34.7168,0.0000,0.0000,0,5,4.117162,183634518
4.012270,34.7168,0.0000,0.0000,0,5,4.117162,183634518
4.014295,34.7168,0.0000,0.0000,0,5,4.117162,183634518
4.016307,34.7168,0.0000,0.0000,0,5,4.117162,183634518
4.018320,34.7168,0.0000,0.0000,0,5,4.117162,183634518
4.020332,34.7168,0.0000,0.0000,0,5,4.117162,183634518
4.022344,34.7168,0.0000,0.0000,0,5,4.117162,183634518
4.024264,34.7168,0.0000,0.0000,0,5,4.117162,183634518
4.026284,34.7168,0.0000,0.0000,0,5,4.117162,183634518
4.028298,34.7168,0.0000,0.0000,0,5,4.117162,183634518
4.030308,34.7168,0.0000,0.0000,0,5,4.117162,183634518
4.032319,34.7168,0.0000,0.0000,0,5,4.117162,183634518
4.034332,34.7168,0.0000,0.0000,0,5,4.117162,183634518
4.036345,34.7168,0.0000,0.0000,0,5,4.117162,183634518
4.038264,34.7168,0.0000,0.0000,0,5,4.117162,183634518
4.040284,34.7168,0.0000,0.0000,0,5,4.117162,183634518
4.042298,34.7168,0.0000,0.0000,0,5,4.117162,183634518
4.044308,34.7168,0.0000,0.0000,0,5,4.117162,183634518
4.046319,34.7168,0.0000,0.0000,0,5,4.117162,183634518
4.048332,34.7168,0.0000,0.0000,0,5,4.117162,183634518
4.050345,34.7168,0.0000,0.0000,0,5,4.117162,183634518
4.053804,34.7168,0.0000,0.0000,0,5,4.117162,183634518
4.054266,34.7168,0.0000,0.0000,0,5,4.117162,183634518
4.056283,34.7168,0.0000,0.0000,0,5,4.117162,183634518
4.058298,34.7168,0.0000,0.0000,0,5,4.117162,183634518
4.060308,34.7168,0.0000,0.0000,0,5,4.117162,183634518
4.062319,34.7168,0.0000,0.0000,0,5,4.117162,183634518
4.064332,34.7168,0.0000,0.0000,0,5,4.117162,183634518
4.066345,34.7168,0.0000,0.0000,0,5,4.117162,183634518
4.068264,34.7168,0.0000,0.0000,0,5,4.117162,183634518
4.070284,34.7168,0.0000,0.0000,0,5,4.117162,183634518
4.072298,34.7168,0.0000,0.0000,0,5,4.117162,183634518
4.074308,34.7168,0.0000,0.0000,0,5,4.117162,183634518
4.076319,34.7168,0.0000,0.0000,0,5,4.117162,183634518
4.078347,34.7168,0.0000,0.0000,0,5,4.117162,183634518
4.080266,34.7168,0.0000,0.0000,0,5,4.117162,183634518
4.082286,34.7168,0.0000,0.0000,0,5,4.117162,183634518
4.084299,34.7168,0.0000,0.0000,0,5,4.117162,183634518
4.086308,34.7168,0.0000,0.0000,0,5,4.117162,183634518
4.088319,34.7168,0.0000,0.0000,0,5,4.117162,183634518
4.090332,34.7168,0.0000,0.0000,0,5,4.117162,183634518
4.092345,34.7168,-0.1758,-0.1758,0,5,4.117162,183634518
4.094264,34.7168,-0.1758,-0.1758,0,5,4.117162,183634518
4.096284,34.7168,-0.1758,-0.1758,0,5,4.117162,183634518
4.098298,34.7168,-0.1758,-0.1758,0,5,4.117162,183634518
4.100308,34.7168,-0.1758,-0.1758,0,5,4.117162,183634518
4.102319,34.7168,-0.1758,-0.1758,0,5,4.117162,183634518
4.104267,34.7168,-0.1758,-0.1758,0,5,4.117162,183634518
4.106326,34.7168,-0.1758,-0.1758,0,5,4.117162,183634518
4.108263,34.7168,-0.1758,-0.1758,0,5,4.117162,183634518
4.110311,34.7168,0.0000,0.0000,0,5,4.117162,183634518
4.112282,34.7168,0.0000,0.0000,0,5,4.117162,183634518
4.114316,34.7168,0.0000,0.0000,0,5,4.117162,183634518
4.119379,34.7168,0.0000,0.0000,0,5,4.354195,183870592
4.120154,34.7168,0.0000,0.0000,0,5,4.354195,183870592
4.120583,34.7168,0.0000,0.0000,0,5,4.354195,183870592
4.122272,34.7168,0.0000,0.0000,0,5,4.354195,183870592
4.124269,34.7168,0.0000,0.0000,0,5,4.354195,183870592
4.126283,34.7168,0.0000,0.0000,0,5,4.354195,183870592
4.128344,34.7168,0.0000,0.0000,0,5,4.354195,183870592
4.130272,34.7168,0.0000,0.0000,0,5,4.354195,183870592
4.132254,34.7168,0.0000,0.0000,0,5,4.354195,183870592
4.134291,34.7168,0.0000,0.0000,0,5,4.354195,183870592
4.136308,34.7168,0.0000,0.0000,0,5,4.354195,183870592
4.138354,34.7168,0.0000,0.0000,0,5,4.354195,183870592
4.140289,34.7168,0.0000,0.0000,0,5,4.354195,183870592
4.142297,34.7168,0.0000,0.0000,0,5,4.354195,183870592
4.144331,34.7168,0.0000,0.0000,0,5,4.354195,183870592
4.146281,34.7168,0.0000,0.0000,0,5,4.354195,183870592
4.148315,34.7168,0.0000,0.0000,0,5,4.354195,183870592
4.150344,34.7168,0.0000,0.0000,0,5,4.354195,183870592
4.154286,34.7168,0.0000,0.0000,0,5,4.354195,183870592
4.154730,34.7168,0.0000,0.0000,0,5,4.354195,183870592
4.156281,34.7168,0.0000,0.0000,0,5,4.354195,183870592
4.158315,34.7168,0.0000,0.0000,0,5,4.354195,183870592
4.160344,34.7168,0.0000,0.0000,0,5,4.354195,183870592
4.162281,34.7168,0.0000,0.0000,0,5,4.354195,183870592
4.164315,34.7168,0.0000,0.0000,0,5,4.354195,183870592
4.166344,34.7168,0.0000,0.0000,0,5,4.354195,183870592
4.168281,34.7168,0.0000,0.0000,0,5,4.354195,183870592
4.170315,34.7168,0.0000,0.0000,0,5,4.354195,183870592
4.172344,34.7168,0.0000,0.0000,0,5,4.354195,183870592
4.174281,34.7168,0.0000,0.0000,0,5,4.354195,183870592
4.176315,34.7168,0.0000,0.0000,0,5,4.354195,183870592
4.178269,34.7168,0.0000,0.0000,0,5,4.354195,183870592
4.180302,34.7168,0.0000,0.0000,0,5,4.354195,183870592
4.182336,34.7168,0.0000,0.0000,0,5,4.354195,183870592
4.184277,34.7168,0.0000,0.0000,0,5,4.354195,183870592
4.186313,34.7168,0.0000,0.0000,0,5,4.354195,183870592
4.188344,34.7168,0.0000,0.0000,0,5,4.354195,183870592
4.190281,34.7168,0.0000,0.0000,0,5,4.354195,183870592
4.192315,34.7168,0.0000,0.0000,0,5,4.354195,183870592
4.194277,34.7168,0.0000,0.0000,0,5,4.354195,183870592
4.196313,34.7168,0.0000,0.0000,0,5,4.354195,183870592
4.198344,34.7168,0.0000,0.0000,0,5,4.354195,183870592
4.200281,34.7168,0.1758,0.1758,0,5,4.354195,183870592
4.202315,34.7168,0.1758,0.1758,0,5,4.354195,183870592
4.204344,34.7168,0.1758,0.1758,0,5,4.354195,183870592
4.206281,34.7168,0.1758,0.1758,0,5,4.354195,183870592
4.208300,34.7168,0.1758,0.1758,0,5,4.354195,183870592
4.210334,34.7168,0.1758,0.1758,0,5,4.354195,183870592
4.212269,34.7168,0.1758,0.1758,0,5,4.354195,183870592
4.214303,34.7168,0.1758,0.1758,0,5,4.354195,183870592
4.216286,34.7168,0.1758,0.1758,0,5,4.354195,183870592
4.218320,34.7168,0.1758,0.1758,0,5,4.354195,183870592
4.220256,34.7168,0.1758,0.1758,0,5,4.354195,183870592
4.222289,34.7168,0.1758,0.1758,0,5,4.354195,183870592
4.224322,34.7168,0.1758,0.1758,0,5,4.354195,183870592
4.226261,34.7168,0.1758,0.1758,0,5,4.354195,183870592
4.228300,34.7168,0.1758,0.1758,0,5,4.354195,183870592
4.230334,34.7168,0.3516,0.3516,0,5,4.354195,183870592
4.232271,34.7168,0.3516,0.3516,0,5,4.354195,183870592
4.234305,34.7168,0.3516,0.3516,0,5,4.354195,183870592
4.236339,34.7168,0.3516,0.3516,0,5,4.354195,183870592
4.238277,34.7168,0.3516,0.3516,0,5,4.354195,183870592
4.240313,34.7168,0.3516,0.3516,0,5,4.354195,183870592
4.242344,34.7168,0.3516,0.3516,0,5,4.354195,183870592
4.244281,34.7168,0.3516,0.3516,0,5,4.354195,183870592
4.246315,34.7168,0.3516,0.3516,0,5,4.354195,183870592
4.248344,34.7168,0.3516,0.3516,0,5,4.354195,183870592
4.250281,34.7168,0.3516,0.3516,0,5,4.354195,183870592
4.253744,34.7168,0.3516,0.3516,0,5,4.354195,183870592
4.254314,34.7168,0.3516,0.3516,0,5,4.354195,183870592
4.256254,34.7168,0.3516,0.3516,0,5,4.354195,183870592
4.258287,34.7168,0.3516,0.3516,0,5,4.354195,183870592
4.260322,34.7168,0.3516,0.3516,0,5,4.354195,183870592
4.262260,34.7168,0.3516,0.3516,0,5,4.354195,183870592
4.264300,34.7168,0.3516,0.3516,0,5,4.354195,183870592
4.266334,34.7168,0.3516,0.3516,0,5,4.354195,183870592
4.268269,34.7168,0.3516,0.3516,0,5,4.354195,183870592
4.270302,34.7168,0.3516,0.3516,0,5,4.354195,183870592
4.272336,34.7168,0.3516,0.3516,0,5,4.354195,183870592
4.274277,34.7168,0.3516,0.3516,0,5,4.354195,183870592
4.276313,34.7168,0.3516,0.3516,0,5,4.354195,183870592
4.278264,34.7168,0.3516,0.3516,0,5,4.354195,183870592
4.280300,34.7168,0.5273,0.5273,0,5,4.354195,183870592
4.282334,34.7168,0.5273,0.5273,0,5,4.354195,183870592
4.284269,34.7168,0.5273,0.5273,0,5,4.354195,183870592
4.286303,34.7168,0.5273,0.5273,0,5,4.354195,183870592
4.288337,34.7168,0.5273,0.5273,0,5,4.354195,183870592
4.290277,34.7168,0.5273,0.5273,0,5,4.354195,183870592
4.292313,34.7168,0.5273,0.5273,0,5,4.354195,183870592
4.294344,34.7168,0.5273,0.5273,0,5,4.354195,183870592
4.296281,34.7168,0.5273,0.5273,0,5,4.354195,183870592
4.298315,34.7168,0.5273,0.5273,0,5,4.354195,183870592
4.300344,34.7168,0.5273,0.5273,0,5,4.354195,183870592
4.302281,34.7168,0.5273,0.5273,0,5,4.354195,183870592
4.304315,34.7168,0.5273,0.5273,0,5,4.354195,183870592
4.306344,34.7168,0.5273,0.5273,0,5,4.354195,183870592
4.308281,34.7168,0.5273,0.5273,0,5,4.354195,183870592
4.310267,34.7168,0.5273,0.5273,0,5,4.354195,183870592
4.312302,34.7168,0.5273,0.5273,0,5,4.354195,183870592
4.314327,34.7168,0.5273,0.5273,0,5,4.354195,183870592
4.316264,34.7168,0.5273,0.5273,0,5,4.354195,183870592
4.318300,34.7168,0.5273,0.5273,0,5,4.354195,183870592
4.320334,34.7168,0.5273,0.5273,0,5,4.354195,183870592
4.322269,34.7168,0.5273,0.5273,0,5,4.354195,183870592
4.324302,34.7168,0.5273,0.5273,0,5,4.354195,183870592
4.326336,34.7168,0.5273,0.5273,0,5,4.354195,183870592
4.328277,34.7168,0.5273,0.5273,0,5,4.354195,183870592
4.330313,34.7168,0.5273,0.5273,0,5,4.354195,183870592
4.332344,34.7168,0.5273,0.5273,0,5,4.354195,183870592
4.334281,34.7168,0.5273,0.5273,0,5,4.354195,183870592
4.336315,34.7168,0.5273,0.5273,0,5,4.354195,183870592
4.338344,34.7168,0.5273,0.5273,0,5,4.354195,183870592
4.340288,34.7168,0.5273,0.5273,0,5,4.354195,183870592
4.342281,34.7168,0.5273,0.5273,0,5,4.354195,183870592
4.344331,34.7168,0.5273,0.5273,0,5,4.354195,183870592
4.346265,34.7168,0.5273,0.5273,0,5,4.354195,183870592
4.348261,34.7168,0.5273,0.5273,0,5,4.354195,183870592
4.350359,34.7168,0.5273,0.5273,0,5,4.354195,183870592
4.359256,34.7168,0.5273,0.5273,0,5,4.600358,184115123
4.359844,34.7168,0.5273,0.5273,0,5,4.600358,184115123
4.360112,34.7168,0.5273,0.5273,0,5,4.600358,184115123
4.360375,34.7168,0.5273,0.5273,0,5,4.600358,184115123
4.360638,34.7168,0.5273,0.5273,0,5,4.600358,184115123
4.362296,34.7168,0.5273,0.5273,0,5,4.600358,184115123
4.364264,34.7168,0.5273,0.5273,0,5,4.600358,184115123
4.366316,34.7168,0.5273,0.5273,0,5,4.600358,184115123
4.368294,34.7168,0.5273,0.5273,0,5,4.600358,184115123
4.370281,34.7168,0.5273,0.5273,0,5,4.600358,184115123
4.372328,34.7168,0.5273,0.5273,0,5,4.600358,184115123
4.374262,34.7168,0.5273,0.5273,0,5,4.600358,184115123
4.376258,34.7168,0.5273,0.5273,0,5,4.600358,184115123
4.378282,34.7168,0.5273,0.5273,0,5,4.600358,184115123
4.380285,34.7168,0.5273,0.5273,0,5,4.600358,184115123
4.382291,34.7168,0.5273,0.5273,0,5,4.600358,184115123
4.384293,34.7168,0.5273,0.5273,0,5,4.600358,184115123
4.386296,34.7168,0.5273,0.5273,0,5,4.600358,184115123
4.388330,34.7168,0.5273,0.5273,0,5,4.600358,184115123
4.390334,34.7168,0.5273,0.5273,0,5,4.600358,184115123
4.392263,34.7168,0.5273,0.5273,0,5,4.600358,184115123
4.394283,34.7168,0.5273,0.5273,0,5,4.600358,184115123
4.396296,34.7168,0.5273,0.5273,0,5,4.600358,184115123
4.398308,34.7168,0.5273,0.5273,0,5,4.600358,184115123
4.400319,34.7168,0.5273,0.5273,0,5,4.600358,184115123
4.402332,34.7168,0.5273,0.5273,0,5,4.600358,184115123
4.404345,34.7168,0.5273,0.5273,0,5,4.600358,184115123
4.406264,34.7168,0.5273,0.5273,0,5,4.600358,184115123
4.408284,34.7168,0.5273,0.5273,0,5,4.600358,184115123
4.410298,34.7168,0.5273,0.5273,0,5,4.600358,184115123
4.412279,34.7168,0.5273,0.5273,0,5,4.600358,184115123
4.414317,34.7168,0.5273,0.5273,0,5,4.600358,184115123
4.416276,34.7168,0.5273,0.5273,0,5,4.600358,184115123
4.418298,34.7168,0.5273,0.5273,0,5,4.600358,184115123
4.420308,34.7168,0.5273,0.5273,0,5,4.600358,184115123
4.422319,34.7168,0.5273,0.5273,0,5,4.600358,184115123
4.424332,34.7168,0.5273,0.5273,0,5,4.600358,184115123
4.426345,34.7168,0.5273,0.5273,0,5,4.600358,184115123
4.428264,34.7168,0.5273,0.5273,0,5,4.600358,184115123
4.430284,34.7168,0.5273,0.5273,0,5,4.600358,184115123
4.432298,34.7168,0.5273,0.5273,0,5,4.600358,184115123
4.434308,34.7168,0.5273,0.5273,0,5,4.600358,184115123
4.436319,34.7168,0.5273,0.5273,0,5,4.600358,184115123
4.438332,34.7168,0.5273,0.5273,0,5,4.600358,184115123
4.440345,34.7168,0.5273,0.5273,0,5,4.600358,184115123
4.442264,34.7168,0.5273,0.5273,0,5,4.600358,184115123
4.444284,34.7168,0.5273,0.5273,0,5,4.600358,184115123
4.446298,34.7168,0.5273,0.5273,0,5,4.600358,184115123
4.448308,34.7168,0.5273,0.5273,0,5,4.600358,184115123
4.450319,34.7168,0.5273,0.5273,0,5,4.600358,184115123
4.453894,34.7168,0.5273,0.5273,0,5,4.600358,184115123
4.454282,34.7168,0.5273,0.5273,0,5,4.600358,184115123
4.456307,34.7168,0.5273,0.5273,0,5,4.600358,184115123
4.458319,34.7168,0.5273,0.5273,0,5,4.600358,184115123
4.460332,34.7168,0.5273,0.5273,0,5,4.600358,184115123
4.462345,34.7168,0.5273,0.5273,0,5,4.600358,184115123
4.464264,34.7168,0.5273,0.5273,0,5,4.600358,184115123
4.466284,34.7168,0.5273,0.5273,0,5,4.600358,184115123
4.468298,34.7168,0.5273,0.5273,0,5,4.600358,184115123
4.470308,34.7168,0.5273,0.5273,0,5,4.600358,184115123
4.472319,34.7168,0.5273,0.5273,0,5,4.600358,184115123
4.474332,34.7168,0.5273,0.5273,0,5,4.600358,184115123
4.476345,34.7168,0.5273,0.5273,0,5,4.600358,184115123
4.478277,34.7168,0.5273,0.5273,0,5,4.600358,184115123
4.480299,34.7168,0.5273,0.5273,0,5,4.600358,184115123
4.482308,34.7168,0.5273,0.5273,0,5,4.600358,184115123
4.484319,34.7168,0.3516,0.3516,0,5,4.600358,184115123
4.486332,34.7168,0.3516,0.3516,0,5,4.600358,184115123
4.488345,34.7168,0.3516,0.3516,0,5,4.600358,184115123
4.490264,34.7168,0.3516,0.3516,0,5,4.600358,184115123
4.492284,34.7168,0.3516,0.3516,0,5,4.600358,184115123
4.494298,34.7168,0.3516,0.3516,0,5,4.600358,184115123
4.496308,34.7168,0.3516,0.3516,0,5,4.600358,184115123
4.498319,34.7168,0.3516,0.3516,0,5,4.600358,184115123
4.500332,34.7168,0.3516,0.3516,0,5,4.600358,184115123
4.502345,34.7168,0.3516,0.3516,0,5,4.600358,184115123
4.504264,34.7168,0.3516,0.3516,0,5,4.600358,184115123
4.506284,34.7168,0.3516,0.3516,0,5,4.600358,184115123
4.508298,34.7168,0.3516,0.3516,0,5,4.600358,184115123
4.510308,34.7168,0.3516,0.3516,0,5,4.600358,184115123
4.512319,34.7168,0.3516,0.3516,0,5,4.600358,184115123
4.514349,34.7168,0.3516,0.3516,0,5,4.600358,184115123
4.516295,34.7168,0.3516,0.3516,0,5,4.600358,184115123
4.518276,34.7168,0.3516,0.3516,0,5,4.600358,184115123
4.520299,34.7168,0.3516,0.3516,0,5,4.600358,184115123
4.522308,34.7168,0.3516,0.3516,0,5,4.600358,184115123
4.524319,34.7168,0.3516,0.3516,0,5,4.600358,184115123
4.526332,34.7168,0.3516,0.3516,0,5,4.600358,184115123
4.528345,34.7168,0.3516,0.3516,0,5,4.600358,184115123
4.530264,34.7168,0.3516,0.3516,0,5,4.600358,184115123
4.532284,34.7168,0.3516,0.3516,0,5,4.600358,184115123
4.534298,34.7168,0.3516,0.3516,0,5,4.600358,184115123
4.536308,34.7168,0.3516,0.3516,0,5,4.600358,184115123
4.538319,34.7168,0.3516,0.3516,0,5,4.600358,184115123
4.540332,34.7168,0.3516,0.3516,0,5,4.600358,184115123
4.542345,34.7168,0.3516,0.3516,0,5,4.600358,184115123
4.544264,34.7168,0.3516,0.3516,0,5,4.600358,184115123
4.546284,34.7168,0.1758,0.1758,0,5,4.600358,184115123
4.548298,34.7168,0.1758,0.1758,0,5,4.600358,184115123
4.550308,34.7168,0.1758,0.1758,0,5,4.600358,184115123
4.553974,34.7168,0.1758,0.1758,0,5,4.600358,184115123
4.554346,34.7168,0.1758,0.1758,0,5,4.600358,184115123
4.556280,34.7168,0.1758,0.1758,0,5,4.600358,184115123
4.558302,34.7168,0.1758,0.1758,0,5,4.600358,184115123
4.560314,34.7168,0.1758,0.1758,0,5,4.600358,184115123
4.562328,34.7168,0.1758,0.1758,0,5,4.600358,184115123
4.564342,34.7168,0.1758,0.1758,0,5,4.600358,184115123
4.566264,34.7168,0.1758,0.1758,0,5,4.600358,184115123
4.568285,34.7168,0.1758,0.1758,0,5,4.600358,184115123
4.570299,34.7168,0.1758,0.1758,0,5,4.600358,184115123
4.572308,34.7168,0.1758,0.1758,0,5,4.600358,184115123
4.574319,34.7168,0.1758,0.1758,0,5,4.600358,184115123
4.576332,34.7168,0.1758,0.1758,0,5,4.600358,184115123
4.578265,34.7168,0.1758,0.1758,0,5,4.600358,184115123
4.580286,34.7168,0.1758,0.1758,0,5,4.600358,184115123
4.582299,34.7168,0.1758,0.1758,0,5,4.600358,184115123
4.584305,34.7168,0.1758,0.1758,0,5,4.600358,184115123
4.586318,34.7168,0.1758,0.1758,0,5,4.600358,184115123
4.588339,34.7168,0.1758,0.1758,0,5,4.600358,184115123
4.590341,34.7168,0.1758,0.1758,0,5,4.600358,184115123
4.592316,34.7168,0.0000,0.0000,0,5,4.600358,184115123
4.594337,34.7168,0.0000,0.0000,0,5,4.600358,184115123
4.596297,34.7168,0.0000,0.0000,0,5,4.600358,184115123
4.600205,34.7168,0.0000,0.0000,0,5,4.845394,184361389
4.600919,34.7168,0.0000,0.0000,0,5,4.845394,184361389
4.602288,34.7168,0.0000,0.0000,0,5,4.845394,184361389
4.604275,34.7168,0.0000,0.0000,0,5,4.845394,184361389
4.606301,34.7168,0.0000,0.0000,0,5,4.845394,184361389
4.608275,34.7168,0.0000,0.0000,0,5,4.845394,184361389
4.610306,34.7168,0.0000,0.0000,0,5,4.845394,184361389
4.612319,34.7168,0.0000,0.0000,0,5,4.845394,184361389
4.614282,34.7168,0.0000,0.0000,0,5,4.845394,184361389
4.616347,34.7168,0.0000,0.0000,0,5,4.845394,184361389
4.618290,34.7168,0.0000,0.0000,0,5,4.845394,184361389
4.620315,34.7168,0.0000,0.0000,0,5,4.845394,184361389
4.622343,34.7168,0.0000,0.0000,0,5,4.845394,184361389
4.624313,34.7168,0.0000,0.0000,0,5,4.845394,184361389
4.626345,34.7168,0.0000,0.0000,0,5,4.845394,184361389
4.628334,34.7168,0.0000,0.0000,0,5,4.845394,184361389
4.630269,34.7168,0.0000,0.0000,0,5,4.845394,184361389
4.632344,34.7168,0.0000,0.0000,0,5,4.845394,184361389
4.634281,34.7168,0.0000,0.0000,0,5,4.845394,184361389
4.636315,34.7168,0.0000,0.0000,0,5,4.845394,184361389
4.638344,34.7168,0.0000,0.0000,0,5,4.845394,184361389
4.640281,34.7168,0.0000,0.0000,0,5,4.845394,184361389
4.642315,34.7168,0.0000,0.0000,0,5,4.845394,184361389
4.644344,34.7168,0.0000,0.0000,0,5,4.845394,184361389
4.646281,34.7168,0.0000,0.0000,0,5,4.845394,184361389
4.648315,34.7168,0.0000,0.0000,0,5,4.845394,184361389
4.650344,34.7168,0.0000,0.0000,0,5,4.845394,184361389
4.654294,34.7168,0.0000,0.0000,0,5,4.845394,184361389
4.654730,34.7168,0.0000,0.0000,0,5,4.845394,184361389
4.656281,34.7168,0.0000,0.0000,0,5,4.845394,184361389
4.658314,34.7168,0.0000,0.0000,0,5,4.845394,184361389
4.660344,34.7168,0.0000,0.0000,0,5,4.845394,184361389
4.662281,34.7168,0.0000,0.0000,0,5,4.845394,184361389
4.664315,34.7168,0.0000,0.0000,0,5,4.845394,184361389
4.666344,34.7168,0.0000,0.0000,0,5,4.845394,184361389
4.668281,34.7168,0.0000,0.0000,0,5,4.845394,184361389
4.670315,34.7168,0.0000,0.0000,0,5,4.845394,184361389
4.672344,34.7168,0.0000,0.0000,0,5,4.845394,184361389
4.674281,34.7168,0.0000,0.0000,0,5,4.845394,184361389
4.676315,34.7168,0.0000,0.0000,0,5,4.845394,184361389
4.678270,34.7168,0.0000,0.0000,0,5,4.845394,184361389
4.680304,34.7168,0.0000,0.0000,0,5,4.845394,184361389
4.682339,34.7168,0.0000,0.0000,0,5,4.845394,184361389
4.684277,34.7168,0.0000,0.0000,0,5,4.845394,184361389
4.686313,34.7168,0.0000,0.0000,0,5,4.845394,184361389
4.688344,34.7168,0.0000,0.0000,0,5,4.845394,184361389
4.690281,34.7168,0.0000,0.0000,0,5,4.845394,184361389
4.692315,34.7168,0.0000,0.0000,0,5,4.845394,184361389
4.694312,34.7168,0.0000,0.0000,0,5,4.845394,184361389
4.696344,34.7168,0.0000,0.0000,0,5,4.845394,184361389
4.698281,34.7168,0.0000,0.0000,0,5,4.845394,184361389
4.700315,34.7168,0.0000,0.0000,0,5,4.845394,184361389
4.702344,34.7168,0.0000,0.0000,0,5,4.845394,184361389
4.704281,34.7168,0.0000,0.0000,0,5,4.845394,184361389
4.706314,34.7168,0.0000,0.0000,0,5,4.845394,184361389
4.708344,34.7168,0.0000,0.0000,0,5,4.845394,184361389
4.710281,34.7168,0.0000,0.0000,0,5,4.845394,184361389
4.712315,34.7168,0.0000,0.0000,0,5,4.845394,184361389
4.714344,34.7168,0.0000,0.0000,0,5,4.845394,184361389
4.716281,34.7168,0.0000,0.0000,0,5,4.845394,184361389
4.718315,34.7168,0.0000,0.0000,0,5,4.845394,184361389
4.720344,34.7168,0.0000,0.0000,0,5,4.845394,184361389
4.722281,34.7168,0.0000,0.0000,0,5,4.845394,184361389
4.724344,34.7168,0.0000,0.0000,0,5,4.845394,184361389
4.726281,34.7168,0.0000,0.0000,0,5,4.845394,184361389
4.728315,34.7168,0.0000,0.0000,0,5,4.845394,184361389
4.730344,34.7168,0.0000,0.0000,0,5,4.845394,184361389
4.732281,34.7168,0.0000,0.0000,0,5,4.845394,184361389
4.734315,34.7168,0.0000,0.0000,0,5,4.845394,184361389
4.736344,34.7168,0.0000,0.0000,0,5,4.845394,184361389
4.738281,34.7168,0.0000,0.0000,0,5,4.845394,184361389
4.740314,34.7168,0.0000,0.0000,0,5,4.845394,184361389
4.742344,34.7168,0.0000,0.0000,0,5,4.845394,184361389
4.744281,34.7168,0.0000,0.0000,0,5,4.845394,184361389
4.746315,34.7168,0.0000,0.0000,0,5,4.845394,184361389
4.748344,34.7168,0.0000,0.0000,0,5,4.845394,184361389
4.750281,34.7168,0.0000,0.0000,0,5,4.845394,184361389
4.753744,34.7168,0.0000,0.0000,0,5,4.845394,184361389
4.754310,34.7168,0.0000,0.0000,0,5,4.845394,184361389
4.756350,34.7168,0.0000,0.0000,0,5,4.845394,184361389
4.758286,34.7168,0.0000,0.0000,0,5,4.845394,184361389
4.760320,34.7168,0.0000,0.0000,0,5,4.845394,184361389
4.762256,34.7168,0.1758,0.1758,0,5,4.845394,184361389
4.764293,34.7168,0.1758,0.1758,0,5,4.845394,184361389
4.766327,34.7168,0.1758,0.1758,0,5,4.845394,184361389
4.768265,34.7168,0.1758,0.1758,0,5,4.845394,184361389
4.770300,34.7168,0.1758,0.1758,0,5,4.845394,184361389
4.772334,34.7168,0.1758,0.1758,0,5,4.845394,184361389
4.774269,34.7168,0.1758,0.1758,0,5,4.845394,184361389
4.776303,34.7168,0.1758,0.1758,0,5,4.845394,184361389
4.778261,34.7168,0.1758,0.1758,0,5,4.845394,184361389
4.780300,34.7168,0.1758,0.1758,0,5,4.845394,184361389
4.782334,34.7168,0.1758,0.1758,0,5,4.845394,184361389
4.784269,34.7168,0.1758,0.1758,0,5,4.845394,184361389
4.786302,34.7168,0.1758,0.1758,0,5,4.845394,184361389
4.788336,34.7168,0.1758,0.1758,0,5,4.845394,184361389
4.790277,34.7168,0.1758,0.1758,0,5,4.845394,184361389
4.792313,34.7168,0.1758,0.1758,0,5,4.845394,184361389
4.794344,34.7168,0.1758,0.1758,0,5,4.845394,184361389
4.796281,34.7168,0.1758,0.1758,0,5,4.845394,184361389
4.798315,34.7168,0.1758,0.1758,0,5,4.845394,184361389
4.800344,34.7168,0.1758,0.1758,0,5,4.845394,184361389
4.802281,34.7168,0.1758,0.1758,0,5,4.845394,184361389
4.804315,34.7168,0.3516,0.3516,0,5,4.845394,184361389
4.806344,34.7168,0.3516,0.3516,0,5,4.845394,184361389
4.808281,34.7168,0.3516,0.3516,0,5,4.845394,184361389
4.810315,34.7168,0.3516,0.3516,0,5,4.845394,184361389
4.812344,34.7168,0.3516,0.3516,0,5,4.845394,184361389
4.814281,34.7168,0.3516,0.3516,0,5,4.845394,184361389
4.816315,34.7168,0.3516,0.3516,0,5,4.845394,184361389
4.818344,34.7168,0.3516,0.3516,0,5,4.845394,184361389
4.820281,34.7168,0.3516,0.3516,0,5,4.845394,184361389
4.822264,34.7168,0.3516,0.3516,0,5,4.845394,184361389
4.824300,34.7168,0.3516,0.3516,0,5,4.845394,184361389
4.826334,34.7168,0.3516,0.3516,0,5,4.845394,184361389
4.828270,34.7168,0.3516,0.3516,0,5,4.845394,184361389
4.830325,34.7168,0.3516,0.3516,0,5,4.845394,184361389
4.832352,34.7168,0.3516,0.3516,0,5,4.845394,184361389
4.834291,34.7168,0.3516,0.3516,0,5,4.845394,184361389
4.836318,34.7168,0.3516,0.3516,0,5,4.845394,184361389
4.838335,34.7168,0.3516,0.3516,0,5,4.845394,184361389
4.840259,34.7168,0.3516,0.3516,0,5,4.845394,184361389
4.842347,34.7168,0.3516,0.3516,0,5,4.845394,184361389
4.846466,34.7168,0.3516,0.3516,0,5,5.088880,184600661
4.847162,34.7168,0.3516,0.3516,0,5,5.088880,184600661
4.848333,34.7168,0.3516,0.3516,0,5,5.088880,184600661
4.850345,34.7168,0.3516,0.3516,0,5,5.088880,184600661
4.854343,34.7168,0.3516,0.3516,0,5,5.088880,184600661
4.854770,34.7168,0.3516,0.3516,0,5,5.088880,184600661
4.856272,34.7168,0.3516,0.3516,0,5,5.088880,184600661
4.858289,34.7168,0.3516,0.3516,0,5,5.088880,184600661
4.860504,34.7168,0.3516,0.3516,0,5,5.088880,184600661
4.862280,34.7168,0.3516,0.3516,0,5,5.088880,184600661
4.864285,34.7168,0.3516,0.3516,0,5,5.088880,184600661
4.866275,34.7168,0.3516,0.3516,0,5,5.088880,184600661
4.868294,34.7168,0.3516,0.3516,0,5,5.088880,184600661
4.870300,34.7168,0.3516,0.3516,0,5,5.088880,184600661
4.872334,34.7168,0.3516,0.3516,0,5,5.088880,184600661
4.874269,34.7168,0.5273,0.5273,0,5,5.088880,184600661
4.876303,34.7168,0.5273,0.5273,0,5,5.088880,184600661
4.878260,34.7168,0.5273,0.5273,0,5,5.088880,184600661
4.880300,34.7168,0.5273,0.5273,0,5,5.088880,184600661
4.882334,34.7168,0.5273,0.5273,0,5,5.088880,184600661
4.884269,34.7168,0.5273,0.5273,0,5,5.088880,184600661
4.886302,34.7168,0.5273,0.5273,0,5,5.088880,184600661
4.888336,34.7168,0.5273,0.5273,0,5,5.088880,184600661
4.890277,34.7168,0.5273,0.5273,0,5,5.088880,184600661
4.892313,34.7168,0.5273,0.5273,0,5,5.088880,184600661
4.894344,34.7168,0.5273,0.5273,0,5,5.088880,184600661
4.896281,34.7168,0.5273,0.5273,0,5,5.088880,184600661
4.898315,34.7168,0.5273,0.5273,0,5,5.088880,184600661
4.900344,34.7168,0.5273,0.5273,0,5,5.088880,184600661
4.902281,34.7168,0.5273,0.5273,0,5,5.088880,184600661
4.904315,34.7168,0.5273,0.5273,0,5,5.088880,184600661
4.906344,34.7168,0.5273,0.5273,0,5,5.088880,184600661
4.908281,34.7168,0.5273,0.5273,0,5,5.088880,184600661
4.910315,34.7168,0.5273,0.5273,0,5,5.088880,184600661
4.912344,34.7168,0.5273,0.5273,0,5,5.088880,184600661
4.914281,34.7168,0.5273,0.5273,0,5,5.088880,184600661
4.916315,34.7168,0.5273,0.5273,0,5,5.088880,184600661
4.918344,34.7168,0.5273,0.5273,0,5,5.088880,184600661
4.920281,34.7168,0.5273,0.5273,0,5,5.088880,184600661
4.922315,34.7168,0.5273,0.5273,0,5,5.088880,184600661
4.924332,34.7168,0.5273,0.5273,0,5,5.088880,184600661
4.926302,34.7168,0.5273,0.5273,0,5,5.088880,184600661
4.928336,34.7168,0.5273,0.5273,0,5,5.088880,184600661
4.930271,34.7168,0.5273,0.5273,0,5,5.088880,184600661
4.932305,34.7168,0.5273,0.5273,0,5,5.088880,184600661
4.934339,34.7168,0.5273,0.5273,0,5,5.088880,184600661
4.936277,34.7168,0.5273,0.5273,0,5,5.088880,184600661
4.938313,34.7168,0.5273,0.5273,0,5,5.088880,184600661
4.940344,34.7168,0.5273,0.5273,0,5,5.088880,184600661
4.942281,34.7168,0.5273,0.5273,0,5,5.088880,184600661
4.944315,34.7168,0.5273,0.5273,0,5,5.088880,184600661
4.946344,34.7168,0.5273,0.5273,0,5,5.088880,184600661
4.948281,34.7168,0.5273,0.5273,0,5,5.088880,184600661
4.950315,34.7168,0.5273,0.5273,0,5,5.088880,184600661
4.953863,34.7168,0.5273,0.5273,0,5,5.088880,184600661
4.954333,34.7168,0.5273,0.5273,0,5,5.088880,184600661
4.956281,34.7168,0.5273,0.5273,0,5,5.088880,184600661
4.958315,34.7168,0.5273,0.5273,0,5,5.088880,184600661
4.960344,34.7168,0.5273,0.5273,0,5,5.088880,184600661
4.962281,34.7168,0.5273,0.5273,0,5,5.088880,184600661
4.964315,34.7168,0.5273,0.5273,0,5,5.088880,184600661
4.966344,34.7168,0.5273,0.5273,0,5,5.088880,184600661
4.968281,34.7168,0.5273,0.5273,0,5,5.088880,184600661
4.970315,34.7168,0.5273,0.5273,0,5,5.088880,184600661
4.972344,34.7168,0.5273,0.5273,0,5,5.088880,184600661
4.974281,34.7168,0.5273,0.5273,0,5,5.088880,184600661
4.976315,34.7168,0.5273,0.5273,0,5,5.088880,184600661
4.978264,34.7168,0.5273,0.5273,0,5,5.088880,184600661
4.980300,34.7168,0.5273,0.5273,0,5,5.088880,184600661
4.982334,34.7168,0.5273,0.5273,0,5,5.088880,184600661
4.984269,34.7168,0.5273,0.5273,0,5,5.088880,184600661
4.986302,34.7168,0.5273,0.5273,0,5,5.088880,184600661
4.988336,34.7168,0.5273,0.5273,0,5,5.088880,184600661
4.990277,34.7168,0.5273,0.5273,0,5,5.088880,184600661
4.992313,34.7168,0.5273,0.5273,0,5,5.088880,184600661
4.994344,34.7168,0.5273,0.5273,0,5,5.088880,184600661
4.996281,34.7168,0.5273,0.5273,0,5,5.088880,184600661
4.998315,34.7168,0.5273,0.5273,0,5,5.088880,184600661
5.000344,34.7168,0.5273,0.5273,0,5,5.088880,184600661
5.002281,34.7168,0.5273,0.5273,0,5,5.088880,184600661
5.004315,34.7168,0.5273,0.5273,0,5,5.088880,184600661
5.006344,34.7168,0.5273,0.5273,0,5,5.088880,184600661
5.008281,34.7168,0.5273,0.5273,0,5,5.088880,184600661
5.010315,34.7168,0.5273,0.5273,0,5,5.088880,184600661
5.012344,34.7168,0.5273,0.5273,0,5,5.088880,184600661
5.014281,34.7168,0.5273,0.5273,0,5,5.088880,184600661
5.016315,34.7168,0.5273,0.5273,0,5,5.088880,184600661
5.018344,34.7168,0.5273,0.5273,0,5,5.088880,184600661
5.020281,34.7168,0.5273,0.5273,0,5,5.088880,184600661
5.022315,34.7168,0.5273,0.5273,0,5,5.088880,184600661
5.024344,34.7168,0.5273,0.5273,0,5,5.088880,184600661
5.026325,34.7168,0.5273,0.5273,0,5,5.088880,184600661
5.028264,34.7168,0.5273,0.5273,0,5,5.088880,184600661
5.030300,34.7168,0.5273,0.5273,0,5,5.088880,184600661
5.032261,34.7168,0.5273,0.5273,0,5,5.088880,184600661
5.034300,34.7168,0.5273,0.5273,0,5,5.088880,184600661
5.036334,34.7168,0.3516,0.3516,0,5,5.088880,184600661
5.038269,34.7168,0.3516,0.3516,0,5,5.088880,184600661
5.040303,34.7168,0.3516,0.3516,0,5,5.088880,184600661
5.042337,34.7168,0.3516,0.3516,0,5,5.088880,184600661
5.044277,34.7168,0.3516,0.3516,0,5,5.088880,184600661
5.046313,34.7168,0.3516,0.3516,0,5,5.088880,184600661
5.048344,34.7168,0.3516,0.3516,0,5,5.088880,184600661
5.050281,34.7168,0.3516,0.3516,0,5,5.088880,184600661
5.053744,34.7168,0.3516,0.3516,0,5,5.088880,184600661
5.054310,34.7168,0.3516,0.3516,0,5,5.088880,184600661
5.056254,34.7168,0.3516,0.3516,0,5,5.088880,184600661
5.058287,34.7168,0.3516,0.3516,0,5,5.088880,184600661
5.060322,34.7168,0.3516,0.3516,0,5,5.088880,184600661
5.062260,34.7168,0.3516,0.3516,0,5,5.088880,184600661
5.064300,34.7168,0.3516,0.3516,0,5,5.088880,184600661
5.066334,34.7168,0.3516,0.3516,0,5,5.088880,184600661
5.068269,34.7168,0.3516,0.3516,0,5,5.088880,184600661
5.070302,34.7168,0.3516,0.3516,0,5,5.088880,184600661
5.072318,34.7168,0.3516,0.3516,0,5,5.088880,184600661
5.074282,34.7168,0.3516,0.3516,0,5,5.088880,184600661
5.076281,34.7168,0.3516,0.3516,0,5,5.088880,184600661
5.078277,34.7168,0.3516,0.3516,0,5,5.088880,184600661
5.080274,34.7168,0.3516,0.3516,0,5,5.088880,184600661
5.085531,34.7168,0.3516,0.3516,0,5,5.337856,184847011
5.086336,34.7168,0.3516,0.3516,0,5,5.337856,184847011
5.086767,34.7168,0.3516,0.3516,0,5,5.337856,184847011
5.088293,34.7168,0.3516,0.3516,0,5,5.337856,184847011
5.090303,34.7168,0.3516,0.3516,0,5,5.337856,184847011
5.092263,34.7168,0.3516,0.3516,0,5,5.337856,184847011
5.094303,34.7168,0.3516,0.3516,0,5,5.337856,184847011
5.096340,34.7168,0.3516,0.3516,0,5,5.337856,184847011
5.098331,34.7168,0.3516,0.3516,0,5,5.337856,184847011
5.100300,34.7168,0.3516,0.3516,0,5,5.337856,184847011
5.102344,34.7168,0.3516,0.3516,0,5,5.337856,184847011
5.104839,34.7168,0.3516,0.3516,0,5,5.337856,184847011
5.106261,34.7168,0.3516,0.3516,0,5,5.337856,184847011
5.108277,34.7168,0.3516,0.3516,0,5,5.337856,184847011
5.110307,34.7168,0.3516,0.3516,0,5,5.337856,184847011
5.112342,34.7168,0.3516,0.3516,0,5,5.337856,184847011
5.114351,34.7168,0.3516,0.3516,0,5,5.337856,184847011
5.116286,34.7168,0.3516,0.3516,0,5,5.337856,184847011
5.118320,34.7168,0.3516,0.3516,0,5,5.337856,184847011
5.120256,34.7168,0.3516,0.3516,0,5,5.337856,184847011
5.122289,34.7168,0.3516,0.3516,0,5,5.337856,184847011
5.124322,34.7168,0.1758,0.1758,0,5,5.337856,184847011
5.126261,34.7168,0.1758,0.1758,0,5,5.337856,184847011
5.128336,34.7168,0.1758,0.1758,0,5,5.337856,184847011
5.130268,34.7168,0.1758,0.1758,0,5,5.337856,184847011
5.132302,34.7168,0.1758,0.1758,0,5,5.337856,184847011
5.134336,34.7168,0.1758,0.1758,0,5,5.337856,184847011
5.136278,34.7168,0.1758,0.1758,0,5,5.337856,184847011
5.138255,34.7168,0.1758,0.1758,0,5,5.337856,184847011
5.140293,34.7168,0.1758,0.1758,0,5,5.337856,184847011
5.142327,34.7168,0.1758,0.1758,0,5,5.337856,184847011
5.144264,34.7168,0.1758,0.1758,0,5,5.337856,184847011
5.146300,34.7168,0.1758,0.1758,0,5,5.337856,184847011
5.148334,34.7168,0.1758,0.1758,0,5,5.337856,184847011
5.150269,34.7168,0.1758,0.1758,0,5,5.337856,184847011
5.154321,34.7168,0.1758,0.1758,0,5,5.337856,184847011
5.154777,34.7168,0.1758,0.1758,0,5,5.337856,184847011
5.156326,34.7168,0.1758,0.1758,0,5,5.337856,184847011
5.158264,34.7168,0.1758,0.1758,0,5,5.337856,184847011
5.160300,34.7168,0.1758,0.1758,0,5,5.337856,184847011
5.162334,34.7168,0.1758,0.1758,0,5,5.337856,184847011
5.164269,34.7168,0.1758,0.1758,0,5,5.337856,184847011
5.166303,34.7168,0.1758,0.1758,0,5,5.337856,184847011
5.168337,34.7168,0.1758,0.1758,0,5,5.337856,184847011
5.170277,34.7168,0.1758,0.1758,0,5,5.337856,184847011
5.172313,34.7168,0.1758,0.1758,0,5,5.337856,184847011
5.174344,34.7168,0.1758,0.1758,0,5,5.337856,184847011
5.176281,34.7168,0.1758,0.1758,0,5,5.337856,184847011
5.178327,34.7168,0.1758,0.1758,0,5,5.337856,184847011
5.180264,34.7168,0.1758,0.1758,0,5,5.337856,184847011
5.182300,34.7168,0.1758,0.1758,0,5,5.337856,184847011
5.184334,34.7168,0.1758,0.1758,0,5,5.337856,184847011
5.186269,34.7168,0.1758,0.1758,0,5,5.337856,184847011
5.188302,34.7168,0.1758,0.1758,0,5,5.337856,184847011
5.190336,34.7168,0.1758,0.1758,0,5,5.337856,184847011
5.192277,34.7168,0.1758,0.1758,0,5,5.337856,184847011
5.194350,34.7168,0.1758,0.1758,0,5,5.337856,184847011
5.196285,34.7168,0.1758,0.1758,0,5,5.337856,184847011
5.198319,34.7168,0.1758,0.1758,0,5,5.337856,184847011
5.200256,34.7168,0.1758,0.1758,0,5,5.337856,184847011
5.202289,34.7168,0.1758,0.1758,0,5,5.337856,184847011
5.204322,34.7168,0.1758,0.1758,0,5,5.337856,184847011
5.206261,34.7168,0.0000,0.0000,0,5,5.337856,184847011
5.208300,34.7168,0.0000,0.0000,0,5,5.337856,184847011
5.210334,34.7168,0.0000,0.0000,0,5,5.337856,184847011
5.212269,34.7168,0.0000,0.0000,0,5,5.337856,184847011
5.214303,34.7168,0.0000,0.0000,0,5,5.337856,184847011
5.216337,34.7168,0.0000,0.0000,0,5,5.337856,184847011
5.218277,34.7168,0.0000,0.0000,0,5,5.337856,184847011
5.220313,34.7168,0.0000,0.0000,0,5,5.337856,184847011
5.222330,34.7168,0.0000,0.0000,0,5,5.337856,184847011
5.224261,34.7168,0.0000,0.0000,0,5,5.337856,184847011
5.226300,34.7168,0.0000,0.0000,0,5,5.337856,184847011
5.228268,34.7168,0.0000,0.0000,0,5,5.337856,184847011
5.230302,34.7168,0.0000,0.0000,0,5,5.337856,184847011
5.232281,34.7168,0.0000,0.0000,0,5,5.337856,184847011
5.234315,34.7168,0.0000,0.0000,0,5,5.337856,184847011
5.236338,34.7168,0.0000,0.0000,58,5,5.337856,184847011
5.238302,34.7168,0.0000,0.0000,58,5,5.337856,184847011
5.240254,34.7168,0.1758,0.1758,58,5,5.337856,184847011
5.242349,34.7168,0.1758,0.1758,58,5,5.337856,184847011
5.244315,34.7168,0.1758,0.1758,58,5,5.337856,184847011
5.246316,34.5410,0.3516,0.3516,58,5,5.337856,184847011
5.248280,34.5410,0.3516,0.3516,58,5,5.337856,184847011
5.250269,34.5410,0.3516,0.3516,58,5,5.337856,184847011
5.254224,34.3652,0.5273,0.5273,58,5,5.337856,184847011
5.254998,34.3652,0.5273,0.5273,58,5,5.337856,184847011
5.256327,34.1895,0.7031,0.7031,58,5,5.337856,184847011
5.258286,34.1895,0.7031,0.7031,58,5,5.337856,184847011
5.260288,34.0137,0.8789,0.8789,58,5,5.337856,184847011
5.262303,33.8379,1.0547,1.0547,58,5,5.337856,184847011
5.264322,33.6621,1.2305,1.2305,58,5,5.337856,184847011
5.266263,33.6621,1.2305,1.2305,58,5,5.337856,184847011
5.268282,33.4863,1.4062,1.4062,58,5,5.337856,184847011
5.270285,33.3105,1.5820,1.5820,58,5,5.337856,184847011
5.272285,33.1348,1.7578,1.7578,58,5,5.337856,184847011
5.274288,32.9590,1.9336,1.9336,58,5,5.337856,184847011
5.276293,32.7832,2.1094,2.1094,58,5,5.337856,184847011
5.278315,32.6074,2.4609,2.4609,58,5,5.337856,184847011
5.280318,32.2559,2.6367,2.6367,58,5,5.337856,184847011
5.282321,32.0801,2.8125,2.8125,58,5,5.337856,184847011
5.284322,31.9043,2.9883,2.9883,58,5,5.337856,184847011
5.286322,31.7285,3.3398,3.3398,58,5,5.337856,184847011
5.288322,31.3770,3.5156,3.5156,58,5,5.337856,184847011
5.290322,31.2012,3.6914,3.6914,58,5,5.337856,184847011
5.292322,30.8496,4.0430,4.0430,58,5,5.337856,184847011
5.294322,30.6738,4.2188,4.2188,58,5,5.337856,184847011
5.296322,30.3223,4.5703,4.5703,58,5,5.337856,184847011
5.298327,30.1465,4.7461,4.7461,58,5,5.337856,184847011
5.300327,29.9707,4.9219,4.9219,58,5,5.337856,184847011
5.302327,29.6191,5.2734,5.2734,58,5,5.337856,184847011
5.304338,29.2676,5.6250,5.6250,58,5,5.337856,184847011
5.306344,28.9160,5.9766,5.9766,58,5,5.337856,184847011
5.308344,28.7402,6.1523,6.1523,58,5,5.337856,184847011
5.310344,28.3887,6.3281,6.3281,58,5,5.337856,184847011
5.312344,28.0371,6.6797,6.6797,58,5,5.337856,184847011
5.314344,27.6855,7.0312,7.0312,58,5,5.337856,184847011
5.316353,27.3340,7.3828,7.3828,58,5,5.337856,184847011
5.318257,27.1582,7.5586,7.5586,58,5,5.337856,184847011
5.320300,26.8066,7.9102,7.9102,58,5,5.337856,184847011
5.322272,26.4551,8.2617,8.2617,58,5,5.337856,184847011
5.324335,26.1035,8.4375,8.4375,58,5,5.337856,184847011
5.326292,25.7520,8.7891,8.7891,58,5,5.337856,184847011
5.328304,25.4004,9.1406,9.1406,59,5,5.337856,184847011
5.332884,24.5215,9.8438,9.8438,59,5,5.600778,185113478
5.333749,24.3457,9.8438,9.8438,59,5,5.600778,185113478
5.334466,24.3457,10.0195,10.0195,59,5,5.600778,185113478
5.336341,23.9941,10.3711,10.3711,59,5,5.600778,185113478
5.338338,23.6426,10.5469,10.5469,59,5,5.600778,185113478
5.340314,23.1152,10.8984,10.8984,59,5,5.600778,185113478
5.342514,22.7637,11.2500,11.2500,59,5,5.600778,185113478
5.344330,22.4121,11.6016,11.6016,59,5,5.600778,185113478
5.346334,22.0605,11.7773,11.7773,59,5,5.600778,185113478
5.348276,21.7090,12.1289,12.1289,59,5,5.600778,185113478
5.350298,21.3574,12.3047,12.3047,59,5,5.600778,185113478
5.355468,20.3027,13.1836,13.1836,59,5,5.600778,185113478
5.356372,20.1270,13.1836,13.1836,59,5,5.600778,185113478
5.356828,19.9512,13.3594,13.3594,59,5,5.600778,185113478
5.358274,19.7754,13.5352,13.5352,59,5,5.600778,185113478
5.360292,19.2480,13.7109,13.7109,59,5,5.600778,185113478
5.362295,18.8965,14.0625,14.0625,59,5,5.600778,185113478
5.364310,18.5449,14.2383,14.2383,59,5,5.600778,185113478
5.366306,18.0176,14.5898,14.5898,59,5,5.600778,185113478
5.368299,17.6660,14.7656,14.7656,59,5,5.600778,185113478
5.370295,17.3145,15.1172,15.1172,59,5,5.600778,185113478
5.372292,16.7871,15.2930,15.2930,59,5,5.600778,185113478
5.374286,16.4355,15.4688,15.4688,59,5,5.600778,185113478
5.376292,16.0840,15.8203,15.8203,59,5,5.600778,185113478
5.378312,15.5566,15.9961,15.9961,59,5,5.600778,185113478
5.380306,15.2051,16.1719,16.1719,59,5,5.600778,185113478
5.382305,14.8535,16.5234,16.5234,59,5,5.600778,185113478
5.384299,14.5020,16.6992,16.6992,59,5,5.600778,185113478
5.386295,13.9746,16.8750,16.8750,59,5,5.600778,185113478
5.388292,13.4473,17.0508,17.0508,59,5,5.600778,185113478
5.390286,13.0957,17.2266,17.2266,59,5,5.600778,185113478
5.392283,12.7441,17.4023,17.4023,59,5,5.600778,185113478
5.394281,12.3926,17.5781,17.5781,59,5,5.600778,185113478
5.396277,11.8652,17.9297,17.9297,59,5,5.600778,185113478
5.398274,11.5137,17.9297,17.9297,59,5,5.600778,185113478
5.400266,10.9863,18.1055,18.1055,59,5,5.600778,185113478
5.402266,10.6348,18.2812,18.2812,59,5,5.600778,185113478
5.404266,10.2832,18.4570,18.4570,59,5,5.600778,185113478
5.406266,9.7559,18.6328,18.6328,59,5,5.600778,185113478
5.408266,9.4043,18.8086,18.8086,59,5,5.600778,185113478
5.410266,8.8770,18.8086,18.8086,59,5,5.600778,185113478
5.412266,8.5254,18.9844,18.9844,59,5,5.600778,185113478
5.414266,7.9980,18.9844,18.9844,59,5,5.600778,185113478
5.416266,7.6465,19.1602,19.1602,59,5,5.600778,185113478
5.418266,7.1191,19.3359,19.3359,59,5,5.600778,185113478
5.420266,6.7676,19.3359,19.3359,59,5,5.600778,185113478
5.422268,6.2402,19.5117,19.5117,59,5,5.600778,185113478
5.424292,5.8887,19.5117,19.5117,59,5,5.600778,185113478
5.426295,5.5371,19.5117,19.5117,59,5,5.600778,185113478
5.428323,5.0098,19.5117,19.5117,59,5,5.600778,185113478
5.430317,4.6582,19.6875,19.6875,59,5,5.600778,185113478
5.432308,4.1309,19.6875,19.6875,59,5,5.600778,185113478
5.434302,3.7793,19.6875,19.6875,59,5,5.600778,185113478
5.436333,3.2520,19.6875,19.6875,59,5,5.600778,185113478
5.438264,2.9004,19.6875,19.6875,59,5,5.600778,185113478
5.440296,2.5488,19.6875,19.6875,59,5,5.600778,185113478
5.442293,2.0215,19.6875,19.6875,59,5,5.600778,185113478
5.444293,1.6699,19.6875,19.6875,59,5,5.600778,185113478
5.446287,1.1426,19.6875,19.6875,59,5,5.600778,185113478
5.448282,0.7910,19.6875,19.6875,59,5,5.600778,185113478
5.450280,0.4395,19.6875,19.6875,59,5,5.600778,185113478
5.454028,-0.4395,19.5117,19.5117,59,5,5.600778,185113478
5.454568,-0.6152,19.5117,19.5117,59,5,5.600778,185113478
5.456296,-0.9668,19.5117,19.5117,59,5,5.600778,185113478
5.458299,-1.3184,19.5117,19.5117,59,5,5.600778,185113478
5.460295,-1.8457,19.3359,19.3359,59,5,5.600778,185113478
5.462292,-2.1973,19.3359,19.3359,59,5,5.600778,185113478
5.464286,-2.7246,19.1602,19.1602,59,5,5.600778,185113478
5.466308,-3.0762,18.9844,18.9844,20,5,5.600778,185113478
5.468277,-3.6035,18.9844,18.9844,15,5,5.600778,185113478
5.470295,-3.9551,18.8086,18.8086,12,5,5.600778,185113478
5.472330,-4.3066,18.6328,18.6328,8,5,5.600778,185113478
5.474274,-4.6582,18.6328,18.6328,2,5,5.600778,185113478
5.476282,-5.1855,18.2812,18.2812,0,5,5.600778,185113478
5.478339,-5.5371,18.1055,18.1055,-2,5,5.600778,185113478
5.480273,-5.8887,17.9297,17.9297,-8,5,5.600778,185113478
5.482334,-6.2402,17.7539,17.7539,-10,5,5.600778,185113478
5.484284,-6.5918,17.5781,17.5781,-16,5,5.600778,185113478
5.486308,-6.9434,17.2266,17.2266,-18,5,5.600778,185113478
5.488266,-7.2949,16.8750,16.8750,-59,5,5.600778,185113478
5.490266,-7.6465,16.6992,16.6992,-59,5,5.600778,185113478
5.492266,-7.8223,16.3477,16.3477,-59,5,5.600778,185113478
5.494266,-8.1738,15.9961,15.9961,-59,5,5.600778,185113478
5.496266,-8.5254,15.4688,15.4688,-59,5,5.600778,185113478
5.498266,-8.7012,15.1172,15.1172,-59,5,5.600778,185113478
5.500266,-8.8770,14.7656,14.7656,-59,5,5.600778,185113478
5.502266,-9.2285,14.4141,14.4141,-59,5,5.600778,185113478
5.504266,-9.4043,13.8867,13.8867,-59,5,5.600778,185113478
5.506266,-9.5801,13.3594,13.3594,-59,5,5.600778,185113478
5.508266,-9.7559,12.8320,12.8320,-59,5,5.600778,185113478
5.510266,-9.9316,12.3047,12.3047,-59,5,5.600778,185113478
5.512266,-9.9316,11.7773,11.7773,-59,5,5.600778,185113478
5.514260,-10.1074,11.0742,11.0742,-59,5,5.600778,185113478
5.516342,-10.1074,10.5469,10.5469,-59,5,5.600778,185113478
5.518342,-10.2832,9.8438,9.8438,-59,5,5.600778,185113478
5.520334,-10.2832,9.1406,9.1406,-59,5,5.600778,185113478
5.522328,-10.4590,8.6133,8.6133,-59,5,5.600778,185113478
5.524319,-10.4590,7.7344,7.7344,-59,5,5.600778,185113478
5.526308,-10.4590,7.0312,7.0312,-59,5,5.600778,185113478
5.528305,-10.4590,6.3281,6.3281,-59,5,5.600778,185113478
5.530302,-10.4590,5.6250,5.6250,-59,5,5.600778,185113478
5.532298,-10.4590,4.7461,4.7461,-59,5,5.600778,185113478
5.534295,-10.2832,4.0430,4.0430,-59,5,5.600778,185113478
5.536292,-10.2832,3.1641,3.1641,-59,5,5.600778,185113478
5.538307,-10.1074,2.4609,2.4609,-59,5,5.600778,185113478
5.540302,-10.1074,1.5820,1.5820,-59,5,5.600778,185113478
5.542259,-10.1074,0.7031,0.7031,-59,5,5.600778,185113478
5.544266,-9.9316,-0.1758,-0.1758,-59,5,5.600778,185113478
5.546266,-9.7559,-1.0547,-1.0547,-59,5,5.600778,185113478
5.548266,-9.5801,-1.9336,-1.9336,-59,5,5.600778,185113478
5.550260,-9.4043,-2.8125,-2.8125,-59,5,5.600778,185113478
5.554335,-9.2285,-4.7461,-4.7461,-59,5,5.600778,185113478
5.554918,-9.0527,-5.0977,-5.0977,-59,5,5.600778,185113478
5.556277,-9.0527,-5.6250,-5.6250,-59,5,5.600778,185113478
5.558283,-8.7012,-6.5039,-6.5039,-59,5,5.600778,185113478
5.560281,-8.7012,-7.3828,-7.3828,-59,5,5.600778,185113478
5.562277,-8.3496,-8.4375,-8.4375,-59,5,5.600778,185113478
5.564318,-8.1738,-9.3164,-9.3164,-59,5,5.600778,185113478
5.566271,-7.9980,-10.3711,-10.3711,-59,5,5.600778,185113478
5.568286,-7.8223,-11.2500,-11.2500,-59,5,5.600778,185113478
5.570318,-7.6465,-12.1289,-12.1289,-59,5,5.600778,185113478
5.572257,-7.2949,-13.0078,-13.0078,-59,5,5.600778,185113478
5.574257,-7.1191,-14.0625,-14.0625,-59,5,5.600778,185113478
5.576308,-6.9434,-14.9414,-14.9414,-59,5,5.600778,185113478
5.578317,-6.7676,-15.8203,-15.8203,-59,5,5.600778,185113478
5.580308,-6.5918,-16.6992,-16.6992,-59,5,5.600778,185113478
5.582305,-6.4160,-17.5781,-17.5781,-59,5,5.600778,185113478
5.584299,-6.2402,-18.4570,-18.4570,-59,5,5.600778,185113478
5.586295,-5.8887,-19.3359,-19.3359,-59,5,5.600778,185113478
5.588292,-5.7129,-20.2148,-20.2148,-59,5,5.600778,185113478
5.590286,-5.5371,-21.0938,-21.0938,-59,5,5.600778,185113478
5.592314,-5.3613,-21.9727,-21.9727,-59,5,5.600778,185113478
5.594278,-5.1855,-22.6758,-22.6758,-59,5,5.600778,185113478
5.598552,-4.8340,-24.4336,-24.4336,-59,5,5.864166,185358369
5.599853,-4.6582,-24.9609,-24.9609,-59,5,5.864166,185358369
5.600590,-4.4824,-25.3125,-25.3125,-59,5,5.864166,185358369
5.602292,-4.4824,-25.8398,-25.8398,-59,5,5.864166,185358369
5.604279,-4.3066,-26.5430,-26.5430,-59,5,5.864166,185358369
5.606320,-4.1309,-27.4219,-27.4219,-59,5,5.864166,185358369
5.608329,-3.9551,-28.1250,-28.1250,-59,5,5.864166,185358369
5.610336,-3.7793,-28.8281,-28.8281,-59,5,5.864166,185358369
5.612270,-3.6035,-29.3555,-29.3555,-59,5,5.864166,185358369
5.614275,-3.4277,-30.0586,-30.0586,-59,5,5.864166,185358369
5.616924,-3.2520,-30.9375,-30.9375,-59,5,5.864166,185358369
5.618295,-3.0762,-31.2891,-31.2891,-59,5,5.864166,185358369
5.620294,-2.9004,-31.9922,-31.9922,-59,5,5.864166,185358369
5.622304,-2.9004,-32.5195,-32.5195,-59,5,5.864166,185358369
5.624332,-2.7246,-33.2227,-33.2227,-59,5,5.864166,185358369
5.626331,-2.5488,-33.7500,-33.7500,-59,5,5.864166,185358369
5.628303,-2.3730,-34.2773,-34.2773,-59,5,5.864166,185358369
5.630306,-2.1973,-34.8047,-34.8047,-59,5,5.864166,185358369
5.632312,-2.1973,-35.3320,-35.3320,-59,5,5.864166,185358369
5.634315,-2.0215,-35.8594,-35.8594,-59,5,5.864166,185358369
5.636327,-1.8457,-36.2109,-36.2109,-59,5,5.864166,185358369
5.638327,-1.6699,-36.7383,-36.7383,-59,5,5.864166,185358369
5.640327,-1.6699,-37.0898,-37.0898,-59,5,5.864166,185358369
5.642297,-1.4941,-37.4414,-37.4414,-59,5,5.864166,185358369
5.644349,-1.4941,-37.9688,-37.9688,-59,5,5.864166,185358369
5.646351,-1.3184,-38.3203,-38.3203,-59,5,5.864166,185358369
5.648256,-1.1426,-38.6719,-38.6719,-59,5,5.864166,185358369
5.650261,-0.9668,-39.0234,-39.0234,-59,5,5.864166,185358369
5.654496,-0.7910,-39.5508,-39.5508,-59,5,5.864166,185358369
5.655150,-0.7910,-39.7266,-39.7266,-59,5,5.864166,185358369
5.656278,-0.7910,-39.9023,-39.9023,-59,5,5.864166,185358369
5.658281,-0.6152,-40.0781,-40.0781,-59,5,5.864166,185358369
5.660285,-0.6152,-40.4297,-40.4297,-59,5,5.864166,185358369
5.662287,-0.4395,-40.6055,-40.6055,-59,5,5.864166,185358369
5.664293,-0.4395,-40.7812,-40.7812,-59,5,5.864166,185358369
5.666300,-0.2637,-40.9570,-40.9570,-59,5,5.864166,185358369
5.668302,-0.2637,-41.1328,-41.1328,-59,5,5.864166,185358369
5.670305,-0.0879,-41.3086,-41.3086,-59,5,5.864166,185358369
5.672307,-0.0879,-41.4844,-41.4844,-59,5,5.864166,185358369
5.674312,0.0879,-41.4844,-41.4844,-59,5,5.864166,185358369
5.676315,0.0879,-41.6602,-41.6602,-59,5,5.864166,185358369
5.678333,0.2637,-41.6602,-41.6602,-59,5,5.864166,185358369
5.680336,0.2637,-41.6602,-41.6602,-59,5,5.864166,185358369
5.682339,0.4395,-41.8359,-41.8359,-59,5,5.864166,185358369
5.684339,0.4395,-41.8359,-41.8359,-59,5,5.864166,185358369
5.686339,0.4395,-41.8359,-41.8359,-59,5,5.864166,185358369
5.688339,0.6152,-41.6602,-41.6602,-59,5,5.864166,185358369
5.690339,0.6152,-41.6602,-41.6602,-59,5,5.864166,185358369
5.692339,0.7910,-41.6602,-41.6602,-59,5,5.864166,185358369
5.694300,0.7910,-41.4844,-41.4844,-59,5,5.864166,185358369
5.696302,0.9668,-41.4844,-41.4844,-59,5,5.864166,185358369
5.698305,0.9668,-41.3086,-41.3086,-59,5,5.864166,185358369
5.700312,1.1426,-41.1328,-41.1328,-59,5,5.864166,185358369
5.702315,1.1426,-40.9570,-40.9570,-59,5,5.864166,185358369
5.704317,1.1426,-40.7812,-40.7812,-59,5,5.864166,185358369
5.706320,1.1426,-40.6055,-40.6055,-59,5,5.864166,185358369
5.708322,1.3184,-40.4297,-40.4297,-59,5,5.864166,185358369
5.710322,1.3184,-40.0781,-40.0781,-59,5,5.864166,185358369
5.712322,1.3184,-39.7266,-39.7266,-59,5,5.864166,185358369
5.714322,1.4941,-39.5508,-39.5508,-59,5,5.864166,185358369
5.716322,1.4941,-39.3750,-39.3750,-59,5,5.864166,185358369
5.718322,1.4941,-38.8477,-38.8477,-59,5,5.864166,185358369
5.720327,1.6699,-38.4961,-38.4961,59,5,5.864166,185358369
5.722327,1.6699,-38.1445,-38.1445,59,5,5.864166,185358369
5.724327,1.6699,-37.7930,-37.7930,59,5,5.864166,185358369
5.726327,1.6699,-37.2656,-37.2656,59,5,5.864166,185358369
5.728327,1.6699,-36.9141,-36.9141,59,5,5.864166,185358369
5.730327,1.6699,-36.3867,-36.3867,59,5,5.864166,185358369
5.732327,1.6699,-35.8594,-35.8594,59,5,5.864166,185358369
5.734327,1.4941,-35.3320,-35.3320,59,5,5.864166,185358369
5.736327,1.4941,-34.8047,-34.8047,59,5,5.864166,185358369
5.738327,1.3184,-34.1016,-34.1016,59,5,5.864166,185358369
5.740331,1.3184,-33.5742,-33.5742,59,5,5.864166,185358369
5.742334,1.1426,-32.8711,-32.8711,59,5,5.864166,185358369
5.744307,0.9668,-32.1680,-32.1680,59,5,5.864166,185358369
5.746312,0.7910,-31.4648,-31.4648,59,5,5.864166,185358369
5.748280,0.6152,-30.7617,-30.7617,59,5,5.864166,185358369
5.750285,0.4395,-29.8828,-29.8828,59,5,5.864166,185358369
5.754057,0.0879,-28.3008,-28.3008,59,5,5.864166,185358369
5.754597,0.0879,-28.1250,-28.1250,59,5,5.864166,185358369
5.756312,-0.2637,-27.4219,-27.4219,59,5,5.864166,185358369
5.758315,-0.4395,-26.3672,-26.3672,59,5,5.864166,185358369
5.760317,-0.7910,-25.4883,-25.4883,59,5,5.864166,185358369
5.762344,-0.9668,-24.6094,-24.6094,59,5,5.864166,185358369
5.764344,-1.3184,-23.5547,-23.5547,59,5,5.864166,185358369
5.766344,-1.6699,-22.5000,-22.5000,59,5,5.864166,185358369
5.768344,-2.0215,-21.4453,-21.4453,59,5,5.864166,185358369
5.770344,-2.3730,-20.3906,-20.3906,59,5,5.864166,185358369
5.772344,-2.9004,-19.1602,-19.1602,59,5,5.864166,185358369
5.774344,-3.2520,-18.1055,-18.1055,59,5,5.864166,185358369
5.776344,-3.7793,-16.8750,-16.8750,59,5,5.864166,185358369
5.778264,-4.3066,-15.8203,-15.8203,59,5,5.864166,185358369
5.780264,-4.8340,-14.5898,-14.5898,59,5,5.864166,185358369
5.782264,-5.1855,-13.3594,-13.3594,59,5,5.864166,185358369
5.784268,-5.8887,-11.9531,-11.9531,59,5,5.864166,185358369
5.786269,-6.4160,-10.7227,-10.7227,59,5,5.864166,185358369
5.788272,-6.9434,-9.3164,-9.3164,59,5,5.864166,185358369
5.790277,-7.4707,-7.9102,-7.9102,59,5,5.864166,185358369
5.792281,-8.1738,-6.5039,-6.5039,59,5,5.864166,185358369
5.794285,-8.7012,-5.2734,-5.2734,59,5,5.864166,185358369
5.796287,-9.4043,-3.8672,-3.8672,59,5,5.864166,185358369
5.798293,-10.1074,-2.2852,-2.2852,59,5,5.864166,185358369
5.800300,-10.8105,-0.8789,-0.8789,59,5,5.864166,185358369
5.802302,-11.5137,0.5273,0.5273,59,5,5.864166,185358369
5.804307,-12.0410,1.9336,1.9336,59,5,5.864166,185358369
5.806312,-12.7441,3.3398,3.3398,59,5,5.864166,185358369
5.808315,-13.4473,4.9219,4.9219,59,5,5.864166,185358369
5.810317,-14.1504,6.3281,6.3281,59,5,5.864166,185358369
5.812320,-14.8535,7.7344,7.7344,59,5,5.864166,185358369
5.814322,-15.5566,9.1406,9.1406,59,5,5.864166,185358369
5.816322,-16.0840,10.5469,10.5469,59,5,5.864166,185358369
5.818322,-16.7871,11.9531,11.9531,59,5,5.864166,185358369
5.820322,-17.4902,13.3594,13.3594,59,5,5.864166,185358369
5.822322,-18.0176,14.7656,14.7656,59,5,5.864166,185358369
5.824292,-18.7207,16.1719,16.1719,59,5,5.864166,185358369
5.826365,-19.2480,17.5781,17.5781,59,5,5.864166,185358369
5.828264,-19.9512,18.8086,18.8086,59,5,5.864166,185358369
5.830264,-20.4785,20.0391,20.0391,59,5,5.864166,185358369
5.832299,-21.0059,21.4453,21.4453,59,5,5.864166,185358369
5.834302,-21.7090,22.6758,22.6758,59,5,5.864166,185358369
5.836361,-22.2363,23.9062,23.9062,59,5,5.864166,185358369
5.838973,-22.7637,25.6641,25.6641,59,5,5.864166,185358369
5.844031,-24.1699,28.6523,28.6523,59,5,6.111808,185616648
5.845382,-24.5215,29.3555,29.3555,59,5,6.111808,185616648
5.846019,-24.5215,29.5312,29.5312,59,5,6.111808,185616648
5.846715,-24.6973,30.0586,30.0586,59,5,6.111808,185616648
5.848257,-25.0488,30.9375,30.9375,59,5,6.111808,185616648
5.850337,-25.5762,31.9922,31.9922,59,5,6.111808,185616648
5.854526,-26.4551,34.1016,34.1016,59,5,6.111808,185616648
5.855129,-26.6309,34.4531,34.4531,58,5,6.111808,185616648
5.856346,-26.8066,34.9805,34.9805,58,5,6.111808,185616648
5.858335,-27.1582,36.0352,36.0352,58,5,6.111808,185616648
5.860328,-27.5098,36.9141,36.9141,58,5,6.111808,185616648
5.862256,-28.0371,37.7930,37.7930,58,5,6.111808,185616648
5.864340,-28.3887,38.6719,38.6719,58,5,6.111808,185616648
5.866277,-28.7402,39.5508,39.5508,58,5,6.111808,185616648
5.868303,-29.0918,40.4297,40.4297,58,5,6.111808,185616648
5.870298,-29.2676,41.3086,41.3086,58,5,6.111808,185616648
5.872292,-29.6191,42.0117,42.0117,58,5,6.111808,185616648
5.874287,-29.9707,42.8906,42.8906,58,5,6.111808,185616648
5.876324,-30.3223,43.5938,43.5938,58,5,6.111808,185616648
5.878278,-30.4980,44.2969,44.2969,58,5,6.111808,185616648
5.880533,-30.8496,45.1758,45.1758,58,5,6.111808,185616648
5.882294,-31.2012,45.7031,45.7031,58,5,6.111808,185616648
5.884314,-31.3770,46.4062,46.4062,58,5,6.111808,185616648
5.886277,-31.7285,46.9336,46.9336,58,5,6.111808,185616648
5.888294,-31.9043,47.6367,47.6367,58,5,6.111808,185616648
5.890281,-32.0801,48.1641,48.1641,58,5,6.111808,185616648
5.892272,-32.4316,48.6914,48.6914,58,5,6.111808,185616648
5.894261,-32.6074,49.2188,49.2188,58,5,6.111808,185616648
5.896339,-32.9590,49.7461,49.7461,58,5,6.111808,185616648
5.898322,-33.1348,50.2734,50.2734,58,5,6.111808,185616648
5.900305,-33.3105,50.6250,50.6250,58,5,6.111808,185616648
5.902296,-33.4863,51.1523,51.1523,58,5,6.111808,185616648
5.904281,-33.6621,51.5039,51.5039,58,5,6.111808,185616648
5.906266,-34.0137,51.8555,51.8555,58,5,6.111808,185616648
5.908344,-34.1895,52.2070,52.2070,58,5,6.111808,185616648
5.910334,-34.3652,52.5586,52.5586,58,5,6.111808,185616648
5.912317,-34.5410,52.9102,52.9102,58,5,6.111808,185616648
5.914304,-34.7168,53.0859,53.0859,58,5,6.111808,185616648
5.916286,-34.8926,53.4375,53.4375,58,5,6.111808,185616648
5.918272,-35.0684,53.6133,53.6133,58,5,6.111808,185616648
5.920254,-35.2441,53.7891,53.7891,58,5,6.111808,185616648
5.922339,-35.4199,53.9648,53.9648,58,5,6.111808,185616648
5.924323,-35.5957,54.1406,54.1406,58,5,6.111808,185616648
5.926312,-35.7715,54.3164,54.3164,58,5,6.111808,185616648
5.928300,-35.9473,54.4922,54.4922,58,5,6.111808,185616648
5.930286,-36.1230,54.4922,54.4922,58,5,6.111808,185616648
5.932271,-36.2988,54.6680,54.6680,58,5,6.111808,185616648
5.934260,-36.4746,54.6680,54.6680,58,5,6.111808,185616648
5.936339,-36.6504,54.6680,54.6680,58,5,6.111808,185616648
5.938322,-36.8262,54.6680,54.6680,58,5,6.111808,185616648
5.940305,-36.8262,54.6680,54.6680,58,5,6.111808,185616648
5.942296,-37.0020,54.6680,54.6680,58,5,6.111808,185616648
5.944281,-37.1777,54.4922,54.4922,58,5,6.111808,185616648
5.946266,-37.3535,54.4922,54.4922,57,5,6.111808,185616648
5.948279,-37.5293,54.3164,54.3164,57,5,6.111808,185616648
5.950289,-37.5293,54.1406,54.1406,57,5,6.111808,185616648
5.954115,-37.8809,53.7891,53.7891,57,5,6.111808,185616648
5.954652,-37.8809,53.7891,53.7891,57,5,6.111808,185616648
5.956349,-38.0566,53.4375,53.4375,57,5,6.111808,185616648
5.958336,-38.2324,53.2617,53.2617,57,5,6.111808,185616648
5.960319,-38.2324,53.0859,53.0859,57,5,6.111808,185616648
5.962307,-38.4082,52.7344,52.7344,57,5,6.111808,185616648
5.964293,-38.5840,52.3828,52.3828,57,5,6.111808,185616648
5.966281,-38.5840,52.0312,52.0312,57,5,6.111808,185616648
5.968264,-38.7598,51.6797,51.6797,57,5,6.111808,185616648
5.970344,-38.7598,51.1523,51.1523,57,5,6.111808,185616648
5.972280,-38.9355,50.8008,50.8008,-57,5,6.111808,185616648
5.974266,-38.9355,50.2734,50.2734,-57,5,6.111808,185616648
5.976344,-38.9355,49.7461,49.7461,-57,5,6.111808,185616648
5.978339,-39.1113,49.2188,49.2188,-57,5,6.111808,185616648
5.980322,-39.1113,48.8672,48.8672,-57,5,6.111808,185616648
5.982313,-39.1113,48.1641,48.1641,-57,5,6.111808,185616648
5.984300,-39.1113,47.6367,47.6367,-57,5,6.111808,185616648
5.986286,-39.1113,46.9336,46.9336,-57,5,6.111808,185616648
5.988267,-39.1113,46.2305,46.2305,-57,5,6.111808,185616648
5.990351,-39.1113,45.5273,45.5273,-57,5,6.111808,185616648
5.992335,-39.1113,44.8242,44.8242,-57,5,6.111808,185616648
5.994350,-38.9355,44.1211,44.1211,-57,5,6.111808,185616648
5.996254,-38.9355,43.4180,43.4180,-57,5,6.111808,185616648
5.998256,-38.9355,42.5391,42.5391,-57,5,6.111808,185616648
6.000261,-38.7598,41.6602,41.6602,-57,5,6.111808,185616648
6.002264,-38.5840,40.7812,40.7812,-57,5,6.111808,185616648
6.004264,-38.4082,39.9023,39.9023,-57,5,6.111808,185616648
6.006264,-38.2324,38.8477,38.8477,-57,5,6.111808,185616648
6.008264,-38.0566,37.9688,37.9688,-57,5,6.111808,185616648
6.010264,-37.8809,36.9141,36.9141,-57,5,6.111808,185616648
6.012264,-37.5293,35.8594,35.8594,-57,5,6.111808,185616648
6.014267,-37.3535,34.8047,34.8047,-57,5,6.111808,185616648
6.016268,-37.0020,33.5742,33.5742,-57,5,6.111808,185616648
6.018272,-36.8262,32.3438,32.3438,-58,5,6.111808,185616648
6.020277,-36.4746,31.2891,31.2891,-58,5,6.111808,185616648
6.022281,-36.1230,30.0586,30.0586,-58,5,6.111808,185616648
6.024285,-35.5957,28.6523,28.6523,-58,5,6.111808,185616648
6.026287,-35.2441,27.4219,27.4219,-58,5,6.111808,185616648
6.028293,-34.7168,26.0156,26.0156,-58,5,6.111808,185616648
6.030300,-34.3652,24.6094,24.6094,-58,5,6.111808,185616648
6.032302,-33.8379,23.2031,23.2031,-58,5,6.111808,185616648
6.034308,-33.3105,21.7969,21.7969,-58,5,6.111808,185616648
6.036313,-32.6074,20.2148,20.2148,-58,5,6.111808,185616648
6.038315,-32.0801,18.6328,18.6328,-58,5,6.111808,185616648
6.040318,-31.3770,17.0508,17.0508,-58,5,6.111808,185616648
6.042321,-30.8496,15.4688,15.4688,-58,5,6.111808,185616648
6.044322,-30.1465,13.8867,13.8867,-58,5,6.111808,185616648
6.046322,-29.4434,12.1289,12.1289,-58,5,6.111808,185616648
6.048322,-28.5645,10.5469,10.5469,-58,5,6.111808,185616648
6.050327,-27.8613,8.7891,8.7891,-58,5,6.111808,185616648
6.054305,-26.2793,5.0977,5.0977,-58,5,6.111808,185616648
6.054891,-25.9277,4.5703,4.5703,-58,5,6.111808,185616648
6.056304,-25.4004,3.3398,3.3398,-59,5,6.111808,185616648
6.058307,-24.5215,1.4062,1.4062,-59,5,6.111808,185616648
6.060312,-23.6426,-0.3516,-0.3516,-59,5,6.111808,185616648
6.062315,-22.7637,-2.1094,-2.1094,-59,5,6.111808,185616648
6.064318,-21.8848,-4.0430,-4.0430,-59,5,6.111808,185616648
6.066321,-21.0059,-5.9766,-5.9766,-59,5,6.111808,185616648
6.068322,-20.1270,-7.7344,-7.7344,-59,5,6.111808,185616648
6.070322,-19.2480,-9.6680,-9.6680,-59,5,6.111808,185616648
6.072322,-18.5449,-11.4258,-11.4258,-59,5,6.111808,185616648
6.074289,-17.6660,-13.1836,-13.1836,-59,5,6.111808,185616648
6.076296,-16.7871,-14.9414,-14.9414,-59,5,6.111808,185616648
6.078312,-15.9082,-16.8750,-16.8750,-59,5,6.111808,185616648
6.080315,-15.2051,-18.6328,-18.6328,-59,5,6.111808,185616648
6.082360,-14.3262,-20.3906,-20.3906,-59,5,6.111808,185616648
6.084284,-13.6230,-21.9727,-21.9727,-59,5,6.111808,185616648
6.086307,-12.9199,-23.5547,-23.5547,-59,5,6.111808,185616648
6.088289,-12.2168,-25.3125,-25.3125,-59,5,6.111808,185616648
6.090296,-11.5137,-26.8945,-26.8945,-59,5,6.111808,185616648
6.092300,-10.8105,-28.4766,-28.4766,-59,5,6.111808,185616648
6.094302,-10.1074,-29.8828,-29.8828,-59,5,6.111808,185616648
6.097037,-9.4043,-32.1680,-32.1680,-59,5,6.111808,185616648
6.101720,-7.9980,-35.5078,-35.5078,-59,5,6.360406,185862334
6.103005,-7.6465,-36.3867,-36.3867,-59,5,6.360406,185862334
6.103730,-7.4707,-36.9141,-36.9141,-59,5,6.360406,185862334
6.104463,-7.2949,-37.4414,-37.4414,-59,5,6.360406,185862334
6.106258,-6.7676,-38.6719,-38.6719,-59,5,6.360406,185862334
6.108322,-6.2402,-40.0781,-40.0781,-59,5,6.360406,185862334
6.110340,-5.8887,-41.3086,-41.3086,-59,5,6.360406,185862334
6.112345,-5.3613,-42.5391,-42.5391,-59,5,6.360406,185862334
6.114345,-4.8340,-43.7695,-43.7695,-59,5,6.360406,185862334
6.116345,-4.4824,-45.0000,-45.0000,-59,5,6.360406,185862334
6.118270,-3.9551,-46.0547,-46.0547,-59,5,6.360406,185862334
6.120321,-3.6035,-47.2852,-47.2852,-59,5,6.360406,185862334
6.122300,-3.2520,-48.5156,-48.5156,-59,5,6.360406,185862334
6.124312,-2.9004,-49.5703,-49.5703,-59,5,6.360406,185862334
6.126576,-2.3730,-50.8008,-50.8008,-59,5,6.360406,185862334
6.128301,-2.0215,-51.6797,-51.6797,-59,5,6.360406,185862334
6.130277,-1.6699,-52.7344,-52.7344,-59,5,6.360406,185862334
6.132316,-1.3184,-53.7891,-53.7891,-59,5,6.360406,185862334
6.134303,-0.9668,-54.6680,-54.6680,-59,5,6.360406,185862334
6.136335,-0.7910,-55.7227,-55.7227,-59,5,6.360406,185862334
6.138285,-0.4395,-56.6016,-56.6016,-59,5,6.360406,185862334
6.140280,-0.0879,-57.3047,-57.3047,-59,5,6.360406,185862334
6.142264,0.2637,-58.3594,-58.3594,-59,5,6.360406,185862334
6.144344,0.4395,-59.0625,-59.0625,-59,5,6.360406,185862334
6.146335,0.7910,-59.9414,-59.9414,-59,5,6.360406,185862334
6.148318,1.1426,-60.6445,-60.6445,-59,5,6.360406,185862334
6.150305,1.3184,-61.3477,-61.3477,-59,5,6.360406,185862334
6.154655,1.8457,-62.9297,-62.9297,-59,5,6.360406,185862334
6.155249,2.0215,-63.2812,-63.2812,-59,5,6.360406,185862334
6.156257,2.1973,-63.4570,-63.4570,-59,5,6.360406,185862334
6.158281,2.3730,-64.1602,-64.1602,-59,5,6.360406,185862334
6.160266,2.7246,-64.8633,-64.8633,-59,5,6.360406,185862334
6.162294,2.9004,-65.3906,-65.3906,-59,5,6.360406,185862334
6.164280,3.2520,-65.9180,-65.9180,-59,5,6.360406,185862334
6.166266,3.4277,-66.4453,-66.4453,-59,5,6.360406,185862334
6.168344,3.6035,-66.9727,-66.9727,-59,5,6.360406,185862334
6.170327,3.9551,-67.5000,-67.5000,-59,5,6.360406,185862334
6.172312,4.1309,-68.0273,-68.0273,-59,5,6.360406,185862334
6.174300,4.4824,-68.3789,-68.3789,-59,5,6.360406,185862334
6.176285,4.6582,-68.9062,-68.9062,-59,5,6.360406,185862334
6.178296,4.8340,-69.2578,-69.2578,-59,5,6.360406,185862334
6.180281,5.1855,-69.6094,-69.6094,-59,5,6.360406,185862334
6.182269,5.3613,-69.9609,-69.9609,-59,5,6.360406,185862334
6.184348,5.5371,-70.3125,-70.3125,-59,5,6.360406,185862334
6.186335,5.8887,-70.4883,-70.4883,-59,5,6.360406,185862334
6.188318,6.0645,-70.6641,-70.6641,-59,5,6.360406,185862334
6.190304,6.2402,-71.0156,-71.0156,-59,5,6.360406,185862334
6.192286,6.5918,-71.1914,-71.1914,-59,5,6.360406,185862334
6.194297,6.7676,-71.3672,-71.3672,-59,5,6.360406,185862334
6.196281,6.9434,-71.5430,-71.5430,-59,5,6.360406,185862334
6.198266,7.1191,-71.7188,-71.7188,-59,5,6.360406,185862334
6.200344,7.4707,-71.7188,-71.7188,-59,5,6.360406,185862334
6.202333,7.6465,-71.8945,-71.8945,-59,5,6.360406,185862334
6.204317,7.9980,-71.8945,-71.8945,-59,5,6.360406,185862334
6.206303,8.1738,-71.8945,-71.8945,-59,5,6.360406,185862334
6.208285,8.3496,-71.8945,-71.8945,-59,5,6.360406,185862334
6.210272,8.5254,-71.8945,-71.8945,-59,5,6.360406,185862334
6.212255,8.8770,-71.8945,-71.8945,-59,5,6.360406,185862334
6.214339,9.0527,-71.7188,-71.7188,-59,5,6.360406,185862334
6.216322,9.4043,-71.7188,-71.7188,-59,5,6.360406,185862334
6.218312,9.5801,-71.5430,-71.5430,-59,5,6.360406,185862334
6.220300,9.7559,-71.3672,-71.3672,-59,5,6.360406,185862334
6.222286,10.1074,-71.1914,-71.1914,-59,5,6.360406,185862334
6.224272,10.2832,-71.0156,-71.0156,-59,5,6.360406,185862334
6.226261,10.4590,-70.6641,-70.6641,-59,5,6.360406,185862334
6.228339,10.8105,-70.4883,-70.4883,-59,5,6.360406,185862334
6.230322,10.9863,-70.1367,-70.1367,-59,5,6.360406,185862334
6.232305,11.1621,-69.7852,-69.7852,-59,5,6.360406,185862334
6.234296,11.5137,-69.6094,-69.6094,-59,5,6.360406,185862334
6.236281,11.6895,-69.0820,-69.0820,-59,5,6.360406,185862334
6.238266,11.8652,-68.9062,-68.9062,-59,5,6.360406,185862334
6.240344,12.2168,-68.3789,-68.3789,-59,5,6.360406,185862334
6.242327,12.3926,-67.8516,-67.8516,-59,5,6.360406,185862334
6.244322,12.5684,-67.5000,-67.5000,59,5,6.360406,185862334
6.246312,12.7441,-66.9727,-66.9727,59,5,6.360406,185862334
6.248300,13.0957,-66.4453,-66.4453,59,5,6.360406,185862334
6.250286,13.2715,-65.7422,-65.7422,59,5,6.360406,185862334
6.254050,13.6230,-64.6875,-64.6875,59,5,6.360406,185862334
6.254575,13.6230,-64.5117,-64.5117,59,5,6.360406,185862334
6.256315,13.7988,-63.9844,-63.9844,59,5,6.360406,185862334
6.258334,13.9746,-63.2812,-63.2812,59,5,6.360406,185862334
6.260317,13.9746,-62.5781,-62.5781,59,5,6.360406,185862334
6.262304,14.1504,-61.8750,-61.8750,59,5,6.360406,185862334
6.264286,14.3262,-61.1719,-61.1719,59,5,6.360406,185862334
6.266303,14.5020,-60.2930,-60.2930,59,5,6.360406,185862334
6.268285,14.5020,-59.4141,-59.4141,59,5,6.360406,185862334
6.270272,14.6777,-58.7109,-58.7109,59,5,6.360406,185862334
6.272254,14.6777,-57.8320,-57.8320,59,5,6.360406,185862334
6.274339,14.6777,-56.7773,-56.7773,59,5,6.360406,185862334
6.276322,14.8535,-55.8984,-55.8984,59,5,6.360406,185862334
6.278319,14.8535,-54.8438,-54.8438,59,5,6.360406,185862334
6.280302,14.8535,-53.7891,-53.7891,59,5,6.360406,185862334
6.282289,14.8535,-52.7344,-52.7344,59,5,6.360406,185862334
6.284271,14.8535,-51.6797,-51.6797,59,5,6.360406,185862334
6.286260,14.8535,-50.6250,-50.6250,59,5,6.360406,185862334
6.288344,14.6777,-49.3945,-49.3945,59,5,6.360406,185862334
6.290327,14.6777,-48.1641,-48.1641,59,5,6.360406,185862334
6.292312,14.5020,-47.1094,-47.1094,59,5,6.360406,185862334
6.294300,14.5020,-45.7031,-45.7031,59,5,6.360406,185862334
6.296285,14.1504,-44.4727,-44.4727,59,5,6.360406,185862334
6.298302,13.9746,-43.0664,-43.0664,59,5,6.360406,185862334
6.300305,13.7988,-41.8359,-41.8359,59,5,6.360406,185862334
6.302308,13.6230,-40.2539,-40.2539,59,5,6.360406,185862334
6.304315,13.2715,-38.8477,-38.8477,59,5,6.360406,185862334
6.306318,13.0957,-37.4414,-37.4414,59,5,6.360406,185862334
6.308322,12.7441,-35.8594,-35.8594,59,5,6.360406,185862334
6.310322,12.3926,-34.2773,-34.2773,59,5,6.360406,185862334
6.312322,12.0410,-32.6953,-32.6953,59,5,6.360406,185862334
6.314322,11.6895,-30.9375,-30.9375,59,5,6.360406,185862334
6.316322,11.1621,-29.3555,-29.3555,59,5,6.360406,185862334
6.318322,10.6348,-27.5977,-27.5977,59,5,6.360406,185862334
6.320322,10.2832,-25.6641,-25.6641,59,5,6.360406,185862334
6.322322,9.5801,-23.9062,-23.9062,59,5,6.360406,185862334
6.324322,9.0527,-22.1484,-22.1484,59,5,6.360406,185862334
6.326322,8.3496,-20.0391,-20.0391,59,5,6.360406,185862334
6.328327,7.6465,-18.2812,-18.2812,59,5,6.360406,185862334
6.330298,6.9434,-16.1719,-16.1719,59,5,6.360406,185862334
6.332356,6.2402,-14.0625,-14.0625,59,5,6.360406,185862334
6.334258,5.5371,-12.1289,-12.1289,59,5,6.360406,185862334
6.336305,4.6582,-9.8438,-9.8438,59,5,6.360406,185862334
6.338300,3.7793,-7.7344,-7.7344,59,5,6.360406,185862334
6.340305,2.9004,-5.4492,-5.4492,59,5,6.360406,185862334
6.342965,1.6699,-2.4609,-2.4609,59,5,6.360406,185862334
6.347629,-0.4395,2.8125,2.8125,59,5,6.604961,186115331
6.348950,-0.9668,4.2188,4.2188,59,5,6.604961,186115331
6.349679,-1.3184,4.9219,4.9219,59,5,6.604961,186115331
6.350363,-1.6699,5.6250,5.6250,59,5,6.604961,186115331
6.355626,-3.9551,11.6016,11.6016,59,5,6.604961,186115331
6.356279,-4.3066,12.3047,12.3047,59,5,6.604961,186115331
6.356891,-4.4824,13.0078,13.0078,59,5,6.604961,186115331
6.358269,-5.1855,14.4141,14.4141,59,5,6.604961,186115331
6.360345,-6.0645,16.6992,16.6992,59,5,6.604961,186115331
6.362345,-6.7676,18.8086,18.8086,59,5,6.604961,186115331
6.364257,-7.4707,20.7422,20.7422,59,5,6.604961,186115331
6.366305,-8.3496,22.8516,22.8516,59,5,6.604961,186115331
6.368316,-9.0527,24.7852,24.7852,59,5,6.604961,186115331
6.370303,-9.7559,26.7188,26.7188,59,5,6.604961,186115331
6.372327,-10.2832,28.6523,28.6523,59,5,6.604961,186115331
6.374342,-10.9863,30.5859,30.5859,59,5,6.604961,186115331
6.376770,-11.6895,32.8711,32.8711,59,5,6.604961,186115331
6.378360,-12.0410,34.2773,34.2773,59,5,6.604961,186115331
6.380255,-12.5684,35.8594,35.8594,59,5,6.604961,186115331
6.382340,-13.0957,37.7930,37.7930,59,5,6.604961,186115331
6.384332,-13.6230,39.3750,39.3750,59,5,6.604961,186115331
6.386325,-13.9746,41.1328,41.1328,59,5,6.604961,186115331
6.388259,-14.3262,42.7148,42.7148,59,5,6.604961,186115331
6.390348,-14.8535,44.2969,44.2969,59,5,6.604961,186115331
6.392309,-15.2051,45.8789,45.8789,59,5,6.604961,186115331
6.394271,-15.5566,47.4609,47.4609,59,5,6.604961,186115331
6.396326,-15.9082,48.8672,48.8672,59,5,6.604961,186115331
6.398302,-16.2598,50.2734,50.2734,59,5,6.604961,186115331
6.400277,-16.4355,51.6797,51.6797,59,5,6.604961,186115331
6.402254,-16.7871,53.0859,53.0859,59,5,6.604961,186115331
6.404323,-17.1387,54.4922,54.4922,59,5,6.604961,186115331
6.406300,-17.3145,55.8984,55.8984,59,5,6.604961,186115331
6.408275,-17.6660,57.1289,57.1289,59,5,6.604961,186115331
6.410348,-17.8418,58.3594,58.3594,59,5,6.604961,186115331
6.412323,-18.0176,59.5898,59.5898,59,5,6.604961,186115331
6.414300,-18.1934,60.8203,60.8203,59,5,6.604961,186115331
6.416275,-18.3691,62.0508,62.0508,59,5,6.604961,186115331
6.418348,-18.5449,63.1055,63.1055,59,5,6.604961,186115331
6.420316,-18.7207,64.3359,64.3359,59,5,6.604961,186115331
6.422294,-18.8965,65.3906,65.3906,59,5,6.604961,186115331
6.424267,-19.0723,66.4453,66.4453,59,5,6.604961,186115331
6.426335,-19.2480,67.5000,67.5000,59,5,6.604961,186115331
6.428310,-19.4238,68.5547,68.5547,59,5,6.604961,186115331
6.430291,-19.5996,69.4336,69.4336,59,5,6.604961,186115331
6.432262,-19.7754,70.4883,70.4883,59,5,6.604961,186115331
6.434335,-19.7754,71.3672,71.3672,59,5,6.604961,186115331
6.436310,-19.9512,72.2461,72.2461,59,5,6.604961,186115331
6.438291,-19.9512,73.1250,73.1250,59,5,6.604961,186115331
6.440262,-20.1270,74.0039,74.0039,59,5,6.604961,186115331
6.442335,-20.3027,74.8828,74.8828,59,5,6.604961,186115331
6.444313,-20.3027,75.5859,75.5859,59,5,6.604961,186115331
6.446291,-20.4785,76.2891,76.2891,59,5,6.604961,186115331
6.448262,-20.6543,76.9922,76.9922,59,5,6.604961,186115331
6.450335,-20.6543,77.6953,77.6953,59,5,6.604961,186115331
6.454168,-20.8301,79.1016,79.1016,59,5,6.604961,186115331
6.454738,-20.8301,79.2773,79.2773,59,5,6.604961,186115331
6.456322,-21.0059,79.8047,79.8047,59,5,6.604961,186115331
6.458300,-21.0059,80.3320,80.3320,59,5,6.604961,186115331
6.460359,-21.1816,80.8594,80.8594,59,5,6.604961,186115331
6.462292,-21.1816,81.3867,81.3867,59,5,6.604961,186115331
6.464262,-21.3574,81.9141,81.9141,59,5,6.604961,186115331
6.466335,-21.3574,82.4414,82.4414,59,5,6.604961,186115331
6.468311,-21.3574,82.7930,82.7930,59,5,6.604961,186115331
6.470328,-21.5332,83.3203,83.3203,59,5,6.604961,186115331
6.472300,-21.7090,83.6719,83.6719,59,5,6.604961,186115331
6.474277,-21.7090,84.0234,84.0234,59,5,6.604961,186115331
6.476350,-21.8848,84.3750,84.3750,59,5,6.604961,186115331
6.478348,-21.8848,84.7266,84.7266,59,5,6.604961,186115331
6.480316,-22.0605,85.0781,85.0781,59,5,6.604961,186115331
6.482294,-22.0605,85.2539,85.2539,59,5,6.604961,186115331
6.484267,-22.2363,85.4297,85.4297,59,5,6.604961,186115331
6.486335,-22.4121,85.6055,85.6055,59,5,6.604961,186115331
6.488310,-22.4121,85.7812,85.7812,59,5,6.604961,186115331
6.490291,-22.5879,86.1328,86.1328,59,5,6.604961,186115331
6.492262,-22.5879,86.1328,86.1328,59,5,6.604961,186115331
6.494335,-22.7637,86.3086,86.3086,59,5,6.604961,186115331
6.496313,-22.7637,86.3086,86.3086,59,5,6.604961,186115331
6.498291,-22.9395,86.3086,86.3086,59,5,6.604961,186115331
6.500262,-23.1152,86.3086,86.3086,59,5,6.604961,186115331
6.502335,-23.2910,86.3086,86.3086,59,5,6.604961,186115331
6.504310,-23.2910,86.3086,86.3086,59,5,6.604961,186115331
6.506291,-23.4668,86.3086,86.3086,59,5,6.604961,186115331
6.508262,-23.6426,86.1328,86.1328,59,5,6.604961,186115331
6.510335,-23.8184,86.1328,86.1328,59,5,6.604961,186115331
6.512310,-23.8184,85.9570,85.9570,59,5,6.604961,186115331
6.514291,-23.9941,85.7812,85.7812,59,5,6.604961,186115331
6.516262,-24.1699,85.6055,85.6055,59,5,6.604961,186115331
6.518335,-24.1699,85.2539,85.2539,59,5,6.604961,186115331
6.520310,-24.3457,85.0781,85.0781,59,5,6.604961,186115331
6.522291,-24.5215,84.7266,84.7266,59,5,6.604961,186115331
6.524262,-24.6973,84.3750,84.3750,59,5,6.604961,186115331
6.526335,-24.8730,84.0234,84.0234,59,5,6.604961,186115331
6.528310,-25.0488,83.6719,83.6719,59,5,6.604961,186115331
6.530292,-25.2246,83.3203,83.3203,59,5,6.604961,186115331
6.532263,-25.2246,82.7930,82.7930,59,5,6.604961,186115331
6.534335,-25.4004,82.4414,82.4414,59,5,6.604961,186115331
6.536310,-25.5762,81.9141,81.9141,59,5,6.604961,186115331
6.538300,-25.5762,81.3867,81.3867,-59,5,6.604961,186115331
6.540275,-25.9277,80.8594,80.8594,-59,5,6.604961,186115331
6.542348,-25.9277,80.3320,80.3320,-59,5,6.604961,186115331
6.544316,-26.1035,79.8047,79.8047,-59,5,6.604961,186115331
6.546294,-26.2793,79.1016,79.1016,-58,5,6.604961,186115331
6.548267,-26.2793,78.3984,78.3984,-58,5,6.604961,186115331
6.550335,-26.4551,77.6953,77.6953,-58,5,6.604961,186115331
6.554304,-26.6309,76.2891,76.2891,-58,5,6.604961,186115331
6.554848,-26.6309,76.1133,76.1133,-58,5,6.604961,186115331
6.556335,-26.6309,75.5859,75.5859,-58,5,6.604961,186115331
6.558335,-26.8066,74.7070,74.7070,-58,5,6.604961,186115331
6.560310,-26.8066,73.8281,73.8281,-58,5,6.604961,186115331
6.562301,-26.8066,73.1250,73.1250,-58,5,6.604961,186115331
6.564259,-26.8066,72.2461,72.2461,-58,5,6.604961,186115331
6.566332,-26.8066,71.1914,71.1914,-58,5,6.604961,186115331
6.568302,-26.8066,70.3125,70.3125,-58,5,6.604961,186115331
6.570277,-26.8066,69.4336,69.4336,-58,5,6.604961,186115331
6.572300,-26.8066,68.3789,68.3789,-58,5,6.604961,186115331
6.574277,-26.8066,67.3242,67.3242,-58,5,6.604961,186115331
6.576348,-26.8066,66.0938,66.0938,-58,5,6.604961,186115331
6.578342,-26.6309,65.0391,65.0391,-58,5,6.604961,186115331
6.580313,-26.6309,63.9844,63.9844,-58,5,6.604961,186115331
6.582292,-26.4551,62.7539,62.7539,-58,5,6.604961,186115331
6.584262,-26.2793,61.6992,61.6992,-58,5,6.604961,186115331
6.586335,-26.2793,60.2930,60.2930,-58,5,6.604961,186115331
6.588349,-26.1035,59.0625,59.0625,-58,5,6.604961,186115331
6.590285,-25.9277,57.8320,57.8320,-58,5,6.604961,186115331
6.592277,-25.7520,56.6016,56.6016,-59,5,6.604961,186115331
6.594265,-25.5762,55.1953,55.1953,-59,5,6.604961,186115331
6.596287,-25.2246,53.6133,53.6133,-59,5,6.604961,186115331
6.600502,-24.6973,50.4492,50.4492,-59,5,6.849547,186361116
6.601945,-24.3457,49.5703,49.5703,-59,5,6.849547,186361116
6.602666,-24.1699,49.0430,49.0430,-59,5,6.849547,186361116
6.604349,-23.9941,47.6367,47.6367,-59,5,6.849547,186361116
6.606401,-23.6426,46.0547,46.0547,-59,5,6.849547,186361116
6.608303,-23.2910,44.4727,44.4727,-59,5,6.849547,186361116
6.610360,-22.7637,42.7148,42.7148,-59,5,6.849547,186361116
6.612300,-22.2363,41.1328,41.1328,-59,5,6.849547,186361116
6.614307,-21.7090,39.3750,39.3750,-59,5,6.849547,186361116
6.616329,-21.1816,37.4414,37.4414,-59,5,6.849547,186361116
6.618258,-20.6543,35.6836,35.6836,-59,5,6.849547,186361116
6.620295,-19.9512,33.7500,33.7500,-59,5,6.849547,186361116
6.622272,-19.2480,31.8164,31.8164,-59,5,6.849547,186361116
6.624283,-18.5449,29.8828,29.8828,-59,5,6.849547,186361116
6.626289,-17.8418,27.7734,27.7734,-59,5,6.849547,186361116
6.628300,-16.9629,25.6641,25.6641,-59,5,6.849547,186361116
6.630275,-16.0840,23.5547,23.5547,-59,5,6.849547,186361116
6.632283,-15.2051,21.2695,21.2695,-59,5,6.849547,186361116
6.634289,-14.3262,18.9844,18.9844,-59,5,6.849547,186361116
6.636301,-13.2715,16.6992,16.6992,-59,5,6.849547,186361116
6.638306,-12.2168,15.6445,15.6445,-59,5,6.849547,186361116
6.640316,-10.9863,15.6445,15.6445,-59,5,6.849547,186361116
6.642256,-9.9316,15.8203,15.8203,-59,5,6.849547,186361116
6.644262,-8.7012,13.3594,13.3594,-59,5,6.849547,186361116
6.646267,-7.4707,10.7227,10.7227,-59,5,6.849547,186361116
6.648321,-6.2402,8.0859,8.0859,-59,5,6.849547,186361116
6.650339,-5.0098,5.6250,5.6250,-59,5,6.849547,186361116
6.654569,-2.3730,0.1758,0.1758,-59,5,6.849547,186361116
6.655182,-1.8457,-0.7031,-0.7031,-59,5,6.849547,186361116
6.656307,-1.1426,-2.1094,-2.1094,-59,5,6.849547,186361116
6.658312,-0.0879,-4.5703,-4.5703,-59,5,6.849547,186361116
6.660315,1.1426,-7.0312,-7.0312,-59,5,6.849547,186361116
6.662318,2.3730,-9.4922,-9.4922,-59,5,6.849547,186361116
6.664321,3.4277,-11.9531,-11.9531,-59,5,6.849547,186361116
6.666285,4.4824,-14.2383,-14.2383,-59,5,6.849547,186361116
6.668318,5.5371,-16.5234,-16.5234,-59,5,6.849547,186361116
6.670321,6.5918,-18.9844,-18.9844,-59,5,6.849547,186361116
6.672322,7.6465,-21.0938,-21.0938,-59,5,6.849547,186361116
6.674322,8.5254,-23.3789,-23.3789,-59,5,6.849547,186361116
6.676322,9.4043,-25.4883,-25.4883,-59,5,6.849547,186361116
6.678337,10.2832,-27.5977,-27.5977,-59,5,6.849547,186361116
6.680339,10.9863,-29.7070,-29.7070,-59,5,6.849547,186361116
6.682339,11.6895,-31.6406,-31.6406,-59,5,6.849547,186361116
6.684339,12.3926,-33.7500,-33.7500,-59,5,6.849547,186361116
6.686344,13.0957,-35.6836,-35.6836,-59,5,6.849547,186361116
6.688344,13.7988,-37.6172,-37.6172,-59,5,6.849547,186361116
6.690344,14.5020,-39.3750,-39.3750,-59,5,6.849547,186361116
6.692344,15.0293,-41.1328,-41.1328,-59,5,6.849547,186361116
6.694315,15.5566,-42.8906,-42.8906,-59,5,6.849547,186361116
6.696318,16.0840,-44.6484,-44.6484,-59,5,6.849547,186361116
6.698321,16.6113,-46.4062,-46.4062,-59,5,6.849547,186361116
6.700344,17.1387,-47.9883,-47.9883,-59,5,6.849547,186361116
6.702335,17.4902,-49.7461,-49.7461,-59,5,6.849547,186361116
6.704322,18.0176,-51.3281,-51.3281,-59,5,6.849547,186361116
6.706315,18.3691,-52.9102,-52.9102,-59,5,6.849547,186361116
6.708312,18.8965,-54.3164,-54.3164,-59,5,6.849547,186361116
6.710303,19.2480,-55.8984,-55.8984,-59,5,6.849547,186361116
6.712297,19.5996,-57.3047,-57.3047,-59,5,6.849547,186361116
6.714286,19.9512,-58.7109,-58.7109,-59,5,6.849547,186361116
6.716281,20.3027,-60.1172,-60.1172,-59,5,6.849547,186361116
6.718272,20.6543,-61.5234,-61.5234,-59,5,6.849547,186361116
6.720264,21.0059,-62.9297,-62.9297,-59,5,6.849547,186361116
6.722254,21.1816,-64.1602,-64.1602,-59,5,6.849547,186361116
6.724344,21.5332,-65.5664,-65.5664,-59,5,6.849547,186361116
6.726335,21.8848,-66.7969,-66.7969,-59,5,6.849547,186361116
6.728327,22.0605,-68.0273,-68.0273,-59,5,6.849547,186361116
6.730318,22.4121,-69.2578,-69.2578,-59,5,6.849547,186361116
6.732312,22.5879,-70.4883,-70.4883,-59,5,6.849547,186361116
6.734303,22.9395,-71.5430,-71.5430,-59,5,6.849547,186361116
6.736300,23.1152,-72.5977,-72.5977,-59,5,6.849547,186361116
6.738294,23.2910,-73.8281,-73.8281,-59,5,6.849547,186361116
6.740285,23.6426,-74.8828,-74.8828,-59,5,6.849547,186361116
6.742277,23.8184,-75.9375,-75.9375,-59,5,6.849547,186361116
6.744266,23.9941,-76.8164,-76.8164,-59,5,6.849547,186361116
6.746261,24.1699,-77.8711,-77.8711,-59,5,6.849547,186361116
6.748348,24.3457,-78.7500,-78.7500,-59,5,6.849547,186361116
6.750339,24.6973,-79.6289,-79.6289,-59,5,6.849547,186361116
6.754118,25.0488,-81.3867,-81.3867,-59,5,6.849547,186361116
6.754651,25.0488,-81.5625,-81.5625,-59,5,6.849547,186361116
6.756351,25.2246,-82.2656,-82.2656,-59,5,6.849547,186361116
6.758339,25.4004,-83.1445,-83.1445,-59,5,6.849547,186361116
6.760327,25.5762,-83.8477,-83.8477,-59,5,6.849547,186361116
6.762318,25.7520,-84.5508,-84.5508,-59,5,6.849547,186361116
6.764312,25.9277,-85.4297,-85.4297,-59,5,6.849547,186361116
6.766303,26.2793,-85.9570,-85.9570,-59,5,6.849547,186361116
6.768277,26.4551,-86.6602,-86.6602,-58,5,6.849547,186361116
6.770266,26.6309,-87.3633,-87.3633,-58,5,6.849547,186361116
6.772286,26.8066,-87.8906,-87.8906,-58,5,6.849547,186361116
6.774310,26.9824,-88.5938,-88.5938,-58,5,6.849547,186361116
6.776302,27.1582,-89.1211,-89.1211,-58,5,6.849547,186361116
6.778307,27.3340,-89.6484,-89.6484,-58,5,6.849547,186361116
6.780300,27.6855,-90.1758,-90.1758,-58,5,6.849547,186361116
6.782294,27.8613,-90.7031,-90.7031,-58,5,6.849547,186361116
6.784296,28.0371,-91.0547,-91.0547,-58,5,6.849547,186361116
6.786286,28.2129,-91.4062,-91.4062,-58,5,6.849547,186361116
6.788281,28.5645,-91.7578,-91.7578,-58,5,6.849547,186361116
6.790272,28.7402,-92.2852,-92.2852,-58,5,6.849547,186361116
6.792264,28.9160,-92.4609,-92.4609,-58,5,6.849547,186361116
6.794254,29.2676,-92.8125,-92.8125,-58,5,6.849547,186361116
6.796344,29.4434,-93.1641,-93.1641,-58,5,6.849547,186361116
6.798335,29.6191,-93.3398,-93.3398,-58,5,6.849547,186361116
6.800322,29.9707,-93.6914,-93.6914,-58,5,6.849547,186361116
6.802315,30.1465,-93.8672,-93.8672,-58,5,6.849547,186361116
6.804306,30.4980,-93.8672,-93.8672,-58,5,6.849547,186361116
6.806300,30.6738,-94.0430,-94.0430,-58,5,6.849547,186361116
6.808294,30.8496,-94.2188,-94.2188,-58,5,6.849547,186361116
6.810285,31.2012,-94.2188,-94.2188,-58,5,6.849547,186361116
6.812280,31.3770,-94.3945,-94.3945,-58,5,6.849547,186361116
6.814271,31.7285,-94.3945,-94.3945,-58,5,6.849547,186361116
6.816264,32.0801,-94.3945,-94.3945,-58,5,6.849547,186361116
6.818255,32.2559,-94.3945,-94.3945,-58,5,6.849547,186361116
6.820344,32.6074,-94.2188,-94.2188,-58,5,6.849547,186361116
6.822335,32.9590,-94.2188,-94.2188,-58,5,6.849547,186361116
6.824322,33.1348,-94.0430,-94.0430,-58,5,6.849547,186361116
6.826315,33.4863,-93.8672,-93.8672,-58,5,6.849547,186361116
6.828306,33.8379,-93.6914,-93.6914,-58,5,6.849547,186361116
6.830300,34.1895,-93.5156,-93.5156,-58,5,6.849547,186361116
6.832263,34.3652,-93.3398,-93.3398,-58,5,6.849547,186361116
6.834316,34.7168,-92.9883,-92.9883,-58,5,6.849547,186361116
6.836264,35.0684,-92.8125,-92.8125,-58,5,6.849547,186361116
6.838287,35.4199,-92.4609,-92.4609,-58,5,6.849547,186361116
6.840293,35.7715,-92.1094,-92.1094,-58,5,6.849547,186361116
6.842365,35.9473,-91.7578,-91.7578,-58,5,6.849547,186361116
6.846873,36.8262,-90.7031,-90.7031,-58,5,7.094957,186608429
6.847730,37.0020,-90.7031,-90.7031,-58,5,7.094957,186608429
6.848436,37.0020,-90.3516,-90.3516,-58,5,7.094957,186608429
6.850380,37.3535,-90.0000,-90.0000,-58,5,7.094957,186608429
6.854840,38.0566,-88.7695,-88.7695,57,5,7.094957,186608429
6.855444,38.2324,-88.5938,-88.5938,57,5,7.094957,186608429
6.856343,38.4082,-88.2422,-88.2422,57,5,7.094957,186608429
6.858331,38.5840,-87.7148,-87.7148,57,5,7.094957,186608429
6.860304,38.9355,-87.1875,-87.1875,57,5,7.094957,186608429
6.862254,39.2871,-86.4844,-86.4844,57,5,7.094957,186608429
6.864338,39.6387,-85.7812,-85.7812,57,5,7.094957,186608429
6.866333,39.8145,-85.0781,-85.0781,57,5,7.094957,186608429
6.868300,40.1660,-84.3750,-84.3750,57,5,7.094957,186608429
6.870330,40.5176,-83.6719,-83.6719,57,5,7.094957,186608429
6.872257,40.6934,-82.9688,-82.9688,57,5,7.094957,186608429
6.874295,41.0449,-82.0898,-82.0898,57,5,7.094957,186608429
6.876281,41.2207,-81.2109,-81.2109,57,5,7.094957,186608429
6.878280,41.5723,-80.3320,-80.3320,57,5,7.094957,186608429
6.880301,41.7480,-79.4531,-79.4531,57,5,7.094957,186608429
6.882283,41.9238,-78.5742,-78.5742,57,5,7.094957,186608429
6.884265,42.0996,-77.5195,-77.5195,57,5,7.094957,186608429
6.886338,42.4512,-76.6406,-76.6406,57,5,7.094957,186608429
6.888328,42.6270,-75.5859,-75.5859,57,5,7.094957,186608429
6.890308,42.8027,-74.5312,-74.5312,57,5,7.094957,186608429
6.892295,42.9785,-73.4766,-73.4766,57,5,7.094957,186608429
6.894282,43.1543,-72.4219,-72.4219,57,5,7.094957,186608429
6.896266,43.3301,-71.1914,-71.1914,57,5,7.094957,186608429
6.898338,43.3301,-69.9609,-69.9609,57,5,7.094957,186608429
6.900328,43.5059,-68.9062,-68.9062,57,5,7.094957,186608429
6.902308,43.6816,-67.6758,-67.6758,57,5,7.094957,186608429
6.904295,43.6816,-66.4453,-66.4453,57,5,7.094957,186608429
6.906280,43.8574,-65.2148,-65.2148,57,5,7.094957,186608429
6.908266,43.8574,-63.8086,-63.8086,57,5,7.094957,186608429
6.910338,44.0332,-62.5781,-62.5781,57,5,7.094957,186608429
6.912328,44.0332,-61.1719,-61.1719,57,5,7.094957,186608429
6.914308,44.0332,-59.7656,-59.7656,57,5,7.094957,186608429
6.916295,44.0332,-58.3594,-58.3594,57,5,7.094957,186608429
6.918280,44.0332,-56.7773,-56.7773,57,5,7.094957,186608429
6.920266,44.0332,-55.1953,-55.1953,57,5,7.094957,186608429
6.922338,43.8574,-53.6133,-53.6133,57,5,7.094957,186608429
6.924328,43.6816,-52.0312,-52.0312,57,5,7.094957,186608429
6.926308,43.6816,-50.4492,-50.4492,57,5,7.094957,186608429
6.928318,43.5059,-48.8672,-48.8672,57,5,7.094957,186608429
6.930301,43.3301,-47.1094,-47.1094,57,5,7.094957,186608429
6.932282,42.9785,-45.3516,-45.3516,57,5,7.094957,186608429
6.934266,42.8027,-43.5938,-43.5938,57,5,7.094957,186608429
6.936283,42.6270,-41.8359,-41.8359,57,5,7.094957,186608429
6.938281,42.2754,-39.9023,-39.9023,57,5,7.094957,186608429
6.940277,41.9238,-37.9688,-37.9688,57,5,7.094957,186608429
6.942274,41.5723,-36.0352,-36.0352,57,5,7.094957,186608429
6.944266,41.0449,-34.1016,-34.1016,57,5,7.094957,186608429
6.946266,40.6934,-31.9922,-31.9922,57,5,7.094957,186608429
6.948266,40.1660,-29.8828,-29.8828,57,5,7.094957,186608429
6.950266,39.4629,-27.7734,-27.7734,57,5,7.094957,186608429
6.954100,38.4082,-23.3789,-23.3789,57,5,7.094957,186608429
6.954652,38.0566,-22.8516,-22.8516,57,5,7.094957,186608429
6.956322,37.5293,-20.7422,-20.7422,57,5,7.094957,186608429
6.958316,36.8262,-18.4570,-18.4570,57,5,7.094957,186608429
6.960308,35.9473,-15.9961,-15.9961,58,5,7.094957,186608429
6.962305,35.0684,-13.5352,-13.5352,58,5,7.094957,186608429
6.964299,34.1895,-10.8984,-10.8984,58,5,7.094957,186608429
6.966295,33.1348,-8.2617,-8.2617,58,5,7.094957,186608429
6.968292,32.0801,-5.6250,-5.6250,58,5,7.094957,186608429
6.970286,31.0254,-2.9883,-2.9883,58,5,7.094957,186608429
6.972319,29.7949,0.0000,0.0000,58,5,7.094957,186608429
6.974318,28.7402,2.6367,2.6367,58,5,7.094957,186608429
6.976308,27.5098,5.6250,5.6250,58,5,7.094957,186608429
6.978338,26.2793,8.4375,8.4375,58,5,7.094957,186608429
6.980332,25.0488,11.2500,11.2500,58,5,7.094957,186608429
6.982324,23.9941,14.0625,14.0625,59,5,7.094957,186608429
6.984318,22.7637,16.6992,16.6992,59,5,7.094957,186608429
6.986308,21.7090,19.5117,19.5117,59,5,7.094957,186608429
6.988305,20.6543,22.1484,22.1484,59,5,7.094957,186608429
6.990299,19.5996,24.7852,24.7852,59,5,7.094957,186608429
6.992295,18.5449,27.4219,27.4219,59,5,7.094957,186608429
6.994292,17.6660,30.0586,30.0586,59,5,7.094957,186608429
6.996286,16.7871,32.5195,32.5195,59,5,7.094957,186608429
6.998282,15.9082,34.9805,34.9805,59,5,7.094957,186608429
7.000283,15.2051,37.4414,37.4414,59,5,7.094957,186608429
7.002281,14.3262,39.9023,39.9023,59,5,7.094957,186608429
7.004277,13.6230,42.1875,42.1875,59,5,7.094957,186608429
7.006274,13.0957,44.2969,44.2969,59,5,7.094957,186608429
7.008266,12.3926,46.5820,46.5820,59,5,7.094957,186608429
7.010338,11.8652,48.8672,48.8672,59,5,7.094957,186608429
7.012328,11.3379,50.9766,50.9766,59,5,7.094957,186608429
7.014308,10.8105,53.0859,53.0859,59,5,7.094957,186608429
7.016295,10.2832,55.0195,55.0195,59,5,7.094957,186608429
7.018280,9.9316,56.9531,56.9531,59,5,7.094957,186608429
7.020266,9.5801,59.0625,59.0625,59,5,7.094957,186608429
7.022338,9.0527,60.9961,60.9961,59,5,7.094957,186608429
7.024328,8.8770,62.9297,62.9297,59,5,7.094957,186608429
7.026308,8.3496,64.6875,64.6875,59,5,7.094957,186608429
7.028295,8.1738,66.4453,66.4453,59,5,7.094957,186608429
7.030280,7.8223,68.2031,68.2031,59,5,7.094957,186608429
7.032266,7.6465,69.9609,69.9609,59,5,7.094957,186608429
7.034338,7.4707,71.7188,71.7188,59,5,7.094957,186608429
7.036328,7.1191,73.4766,73.4766,59,5,7.094957,186608429
7.038308,6.9434,75.0586,75.0586,59,5,7.094957,186608429
7.040295,6.7676,76.6406,76.6406,59,5,7.094957,186608429
7.042282,6.5918,78.2227,78.2227,59,5,7.094957,186608429
7.044266,6.4160,79.8047,79.8047,59,5,7.094957,186608429
7.046338,6.2402,81.3867,81.3867,59,5,7.094957,186608429
7.048328,6.2402,82.7930,82.7930,59,5,7.094957,186608429
7.050308,6.0645,84.3750,84.3750,59,5,7.094957,186608429
7.054031,5.8887,87.0117,87.0117,59,5,7.094957,186608429
7.054560,5.8887,87.3633,87.3633,59,5,7.094957,186608429
7.056280,5.7129,88.4180,88.4180,59,5,7.094957,186608429
7.058270,5.7129,89.8242,89.8242,59,5,7.094957,186608429
7.060338,5.5371,91.2305,91.2305,59,5,7.094957,186608429
7.062266,5.5371,92.4609,92.4609,59,5,7.094957,186608429
7.064258,5.5371,93.6914,93.6914,59,5,7.094957,186608429
7.066328,5.3613,94.9219,94.9219,59,5,7.094957,186608429
7.068318,5.3613,96.1523,96.1523,59,5,7.094957,186608429
7.070308,5.3613,97.3828,97.3828,59,5,7.094957,186608429
7.072295,5.3613,98.4375,98.4375,59,5,7.094957,186608429
7.074318,5.3613,99.6680,99.6680,59,5,7.094957,186608429
7.076317,5.3613,100.7227,100.7227,59,5,7.094957,186608429
7.078315,5.1855,101.7773,101.7773,59,5,7.094957,186608429
7.080294,5.1855,102.8320,102.8320,59,5,7.094957,186608429
7.082327,5.1855,103.8867,103.8867,59,5,7.094957,186608429
7.084292,5.1855,104.7656,104.7656,59,5,7.094957,186608429
7.086303,5.1855,105.8203,105.8203,59,5,7.094957,186608429
7.088819,5.1855,106.8750,106.8750,59,5,7.094957,186608429
7.093554,5.0098,108.9844,108.9844,59,5,7.352620,186854625
7.094823,5.0098,109.5117,109.5117,59,5,7.352620,186854625
7.095532,5.0098,109.6875,109.6875,59,5,7.352620,186854625
7.096344,5.0098,110.2148,110.2148,59,5,7.352620,186854625
7.098284,5.0098,110.9180,110.9180,59,5,7.352620,186854625
7.100306,5.0098,111.6211,111.6211,59,5,7.352620,186854625
7.102330,5.0098,112.3242,112.3242,59,5,7.352620,186854625
7.104333,4.8340,113.0273,113.0273,59,5,7.352620,186854625
7.106325,4.8340,113.7305,113.7305,59,5,7.352620,186854625
7.108281,4.8340,114.4336,114.4336,59,5,7.352620,186854625
7.110283,4.8340,115.1367,115.1367,59,5,7.352620,186854625
7.112269,4.6582,115.6641,115.6641,59,5,7.352620,186854625
7.114335,4.6582,116.1914,116.1914,59,5,7.352620,186854625
7.116314,4.6582,116.7188,116.7188,59,5,7.352620,186854625
7.118282,4.6582,117.2461,117.2461,59,5,7.352620,186854625
7.120266,4.4824,117.7734,117.7734,59,5,7.352620,186854625
7.122261,4.4824,118.1250,118.1250,59,5,7.352620,186854625
7.124348,4.3066,118.6523,118.6523,59,5,7.352620,186854625
7.126344,4.1309,119.1797,119.1797,59,5,7.352620,186854625
7.128335,4.1309,119.3555,119.3555,59,5,7.352620,186854625
7.130322,3.9551,119.7070,119.7070,59,5,7.352620,186854625
7.132315,3.9551,120.0586,120.0586,59,5,7.352620,186854625
7.134306,3.7793,120.4102,120.4102,59,5,7.352620,186854625
7.136300,3.6035,120.5859,120.5859,59,5,7.352620,186854625
7.138294,3.6035,120.7617,120.7617,59,5,7.352620,186854625
7.140285,3.4277,120.9375,120.9375,59,5,7.352620,186854625
7.142277,3.2520,121.2891,121.2891,59,5,7.352620,186854625
7.144266,3.2520,121.2891,121.2891,59,5,7.352620,186854625
7.146261,2.9004,121.4648,121.4648,59,5,7.352620,186854625
7.148351,2.7246,121.4648,121.4648,59,5,7.352620,186854625
7.150339,2.5488,121.6406,121.6406,59,5,7.352620,186854625
7.154486,2.1973,121.6406,121.6406,59,5,7.352620,186854625
7.155071,2.1973,121.6406,121.6406,59,5,7.352620,186854625
7.156281,2.0215,121.6406,121.6406,59,5,7.352620,186854625
7.158271,1.8457,121.6406,121.6406,59,5,7.352620,186854625
7.160264,1.6699,121.4648,121.4648,59,5,7.352620,186854625
7.162255,1.4941,121.2891,121.2891,59,5,7.352620,186854625
7.164344,1.1426,121.2891,121.2891,59,5,7.352620,186854625
7.166335,0.9668,120.9375,120.9375,59,5,7.352620,186854625
7.168265,0.7910,120.7617,120.7617,59,5,7.352620,186854625
7.170256,0.4395,120.5859,120.5859,59,5,7.352620,186854625
7.172344,0.2637,120.2344,120.2344,59,5,7.352620,186854625
7.174335,-0.0879,120.0586,120.0586,59,5,7.352620,186854625
7.176347,-0.2637,119.7070,119.7070,59,5,7.352620,186854625
7.178296,-0.6152,119.3555,119.3555,59,5,7.352620,186854625
7.180286,-0.7910,119.0039,119.0039,59,5,7.352620,186854625
7.182281,-1.1426,118.6523,118.6523,59,5,7.352620,186854625
7.184271,-1.4941,118.1250,118.1250,59,5,7.352620,186854625
7.186264,-1.6699,117.7734,117.7734,59,5,7.352620,186854625
7.188261,-2.0215,117.2461,117.2461,59,5,7.352620,186854625
7.190266,-2.1973,116.7188,116.7188,-59,5,7.352620,186854625
7.192261,-2.5488,116.1914,116.1914,-59,5,7.352620,186854625
7.194272,-2.9004,115.6641,115.6641,-59,5,7.352620,186854625
7.196264,-3.0762,115.1367,115.1367,-59,5,7.352620,186854625
7.198254,-3.4277,114.4336,114.4336,-59,5,7.352620,186854625
7.200344,-3.6035,113.7305,113.7305,-59,5,7.352620,186854625
7.202335,-3.9551,113.0273,113.0273,-59,5,7.352620,186854625
7.204322,-4.3066,112.3242,112.3242,-59,5,7.352620,186854625
7.206315,-4.4824,111.6211,111.6211,-59,5,7.352620,186854625
7.208306,-4.6582,110.9180,110.9180,-59,5,7.352620,186854625
7.210300,-5.0098,110.2148,110.2148,-59,5,7.352620,186854625
7.212296,-5.1855,109.3359,109.3359,-59,5,7.352620,186854625
7.214286,-5.5371,108.6328,108.6328,-59,5,7.352620,186854625
7.216281,-5.7129,107.7539,107.7539,-59,5,7.352620,186854625
7.218272,-5.8887,106.8750,106.8750,-59,5,7.352620,186854625
7.220264,-6.0645,105.9961,105.9961,-59,5,7.352620,186854625
7.222254,-6.2402,105.1172,105.1172,-59,5,7.352620,186854625
7.224344,-6.4160,104.0625,104.0625,-59,5,7.352620,186854625
7.226335,-6.5918,103.1836,103.1836,-59,5,7.352620,186854625
7.228322,-6.9434,102.1289,102.1289,-59,5,7.352620,186854625
7.230315,-7.1191,101.0742,101.0742,-59,5,7.352620,186854625
7.232306,-7.1191,100.0195,100.0195,-59,5,7.352620,186854625
7.234300,-7.2949,98.9648,98.9648,-59,5,7.352620,186854625
7.236294,-7.4707,97.9102,97.9102,-59,5,7.352620,186854625
7.238285,-7.6465,96.8555,96.8555,-59,5,7.352620,186854625
7.240277,-7.6465,95.6250,95.6250,-59,5,7.352620,186854625
7.242266,-7.8223,94.3945,94.3945,-59,5,7.352620,186854625
7.244261,-7.8223,93.1641,93.1641,-59,5,7.352620,186854625
7.246348,-7.9980,91.9336,91.9336,-59,5,7.352620,186854625
7.248339,-7.9980,90.7031,90.7031,-59,5,7.352620,186854625
7.250332,-7.9980,89.2969,89.2969,-59,5,7.352620,186854625
7.254083,-7.9980,86.8359,86.8359,-59,5,7.352620,186854625
7.254607,-7.9980,86.4844,86.4844,-59,5,7.352620,186854625
7.256306,-7.9980,85.2539,85.2539,-59,5,7.352620,186854625
7.258300,-7.9980,83.8477,83.8477,-59,5,7.352620,186854625
7.260294,-7.9980,82.4414,82.4414,-59,5,7.352620,186854625
7.262285,-7.9980,80.8594,80.8594,-59,5,7.352620,186854625
7.264277,-7.9980,79.4531,79.4531,-59,5,7.352620,186854625
7.266266,-7.8223,77.8711,77.8711,-59,5,7.352620,186854625
7.268261,-7.8223,76.2891,76.2891,-59,5,7.352620,186854625
7.270348,-7.6465,74.5312,74.5312,-59,5,7.352620,186854625
7.272267,-7.4707,73.1250,73.1250,-59,5,7.352620,186854625
7.274260,-7.2949,71.3672,71.3672,-59,5,7.352620,186854625
7.276344,-6.9434,69.6094,69.6094,-59,5,7.352620,186854625
7.278345,-6.7676,67.8516,67.8516,-59,5,7.352620,186854625
7.280286,-6.5918,66.0938,66.0938,-59,5,7.352620,186854625
7.282317,-6.2402,64.1602,64.1602,-59,5,7.352620,186854625
7.284308,-5.8887,62.4023,62.4023,-59,5,7.352620,186854625
7.286300,-5.5371,60.4688,60.4688,-59,5,7.352620,186854625
7.288294,-5.1855,58.5352,58.5352,-59,5,7.352620,186854625
7.290285,-4.6582,56.4258,56.4258,-59,5,7.352620,186854625
7.292277,-4.1309,54.4922,54.4922,-59,5,7.352620,186854625
7.294270,-3.6035,52.3828,52.3828,-59,5,7.352620,186854625
7.296261,-3.0762,50.2734,50.2734,-59,5,7.352620,186854625
7.298348,-2.3730,47.9883,47.9883,-59,5,7.352620,186854625
7.300339,-1.6699,45.7031,45.7031,-59,5,7.352620,186854625
7.302327,-0.9668,43.4180,43.4180,-59,5,7.352620,186854625
7.304344,-0.2637,41.1328,41.1328,-59,5,7.352620,186854625
7.306344,0.6152,38.6719,38.6719,-59,5,7.352620,186854625
7.308344,1.4941,36.2109,36.2109,-59,5,7.352620,186854625
7.310344,2.5488,33.5742,33.5742,-59,5,7.352620,186854625
7.312344,3.4277,30.9375,30.9375,-59,5,7.352620,186854625
7.314344,4.6582,28.3008,28.3008,-59,5,7.352620,186854625
7.316344,5.7129,25.4883,25.4883,-59,5,7.352620,186854625
7.318344,6.9434,22.8516,22.8516,-59,5,7.352620,186854625
7.320327,8.3496,19.8633,19.8633,-59,5,7.352620,186854625
7.322272,9.5801,17.0508,17.0508,-59,5,7.352620,186854625
7.324314,10.9863,14.0625,14.0625,-59,5,7.352620,186854625
7.326296,12.3926,11.0742,11.0742,-59,5,7.352620,186854625
7.328300,13.7988,8.0859,8.0859,-59,5,7.352620,186854625
7.330303,15.3809,5.0977,5.0977,-59,5,7.352620,186854625
7.332306,16.9629,1.9336,1.9336,-59,5,7.352620,186854625
7.334265,18.3691,-1.0547,-1.0547,-59,5,7.352620,186854625
7.339556,22.0605,-8.9648,-8.9648,-59,5,7.608601,187118858
7.340897,22.9395,-10.8984,-10.8984,-59,5,7.608601,187118858
7.341612,23.4668,-11.9531,-11.9531,-59,5,7.608601,187118858
7.342336,23.8184,-12.8320,-12.8320,-59,5,7.608601,187118858
7.344269,25.0488,-15.6445,-15.6445,-59,5,7.608601,187118858
7.346258,26.2793,-18.2812,-18.2812,-59,5,7.608601,187118858
7.348270,27.3340,-21.0938,-21.0938,-58,5,7.608601,187118858
7.350281,28.5645,-23.7305,-23.7305,-58,5,7.608601,187118858
7.354575,30.6738,-29.1797,-29.1797,-58,5,7.608601,187118858
7.355269,30.8496,-30.0586,-30.0586,-58,5,7.608601,187118858
7.356303,31.3770,-31.2891,-31.2891,-58,5,7.608601,187118858
7.358313,32.2559,-33.7500,-33.7500,-58,5,7.608601,187118858
7.360278,32.9590,-36.0352,-36.0352,-58,5,7.608601,187118858
7.362283,33.8379,-38.3203,-38.3203,-58,5,7.608601,187118858
7.364314,34.5410,-40.6055,-40.6055,-58,5,7.608601,187118858
7.366330,35.0684,-42.8906,-42.8906,-58,5,7.608601,187118858
7.368771,35.9473,-45.5273,-45.5273,-58,5,7.608601,187118858
7.370319,36.2988,-47.2852,-47.2852,-58,5,7.608601,187118858
7.372285,37.0020,-49.2188,-49.2188,-58,5,7.608601,187118858
7.374337,37.3535,-51.3281,-51.3281,-58,5,7.608601,187118858
7.376271,37.8809,-53.2617,-53.2617,-57,5,7.608601,187118858
7.378285,38.4082,-55.1953,-55.1953,-57,5,7.608601,187118858
7.380277,38.7598,-57.1289,-57.1289,-57,5,7.608601,187118858
7.382287,39.1113,-59.0625,-59.0625,-57,5,7.608601,187118858
7.384281,39.4629,-60.8203,-60.8203,-57,5,7.608601,187118858
7.386344,39.8145,-62.7539,-62.7539,-57,5,7.608601,187118858
7.388335,40.1660,-64.6875,-64.6875,-57,5,7.608601,187118858
7.390322,40.5176,-66.2695,-66.2695,-57,5,7.608601,187118858
7.392315,40.8691,-68.0273,-68.0273,-57,5,7.608601,187118858
7.394306,41.2207,-69.7852,-69.7852,-57,5,7.608601,187118858
7.396300,41.3965,-71.3672,-71.3672,-57,5,7.608601,187118858
7.398296,41.5723,-73.1250,-73.1250,-57,5,7.608601,187118858
7.400286,41.9238,-74.7070,-74.7070,-57,5,7.608601,187118858
7.402281,42.0996,-76.1133,-76.1133,-57,5,7.608601,187118858
7.404272,42.2754,-77.6953,-77.6953,-57,5,7.608601,187118858
7.406264,42.4512,-79.2773,-79.2773,-57,5,7.608601,187118858
7.408254,42.6270,-80.6836,-80.6836,-57,5,7.608601,187118858
7.410344,42.8027,-82.2656,-82.2656,-57,5,7.608601,187118858
7.412335,42.9785,-83.6719,-83.6719,-57,5,7.608601,187118858
7.414322,43.1543,-85.0781,-85.0781,-57,5,7.608601,187118858
7.416315,43.1543,-86.4844,-86.4844,-57,5,7.608601,187118858
7.418312,43.3301,-87.8906,-87.8906,-57,5,7.608601,187118858
7.420303,43.5059,-89.1211,-89.1211,-57,5,7.608601,187118858
7.422297,43.5059,-90.3516,-90.3516,-57,5,7.608601,187118858
7.424286,43.6816,-91.5820,-91.5820,-57,5,7.608601,187118858
7.426281,43.8574,-92.8125,-92.8125,-57,5,7.608601,187118858
7.428272,44.0332,-94.0430,-94.0430,-57,5,7.608601,187118858
7.430264,44.0332,-95.2734,-95.2734,-57,5,7.608601,187118858
7.432254,44.0332,-96.5039,-96.5039,-57,5,7.608601,187118858
7.434344,44.2090,-97.5586,-97.5586,-57,5,7.608601,187118858
7.436335,44.3848,-98.6133,-98.6133,-57,5,7.608601,187118858
7.438327,44.3848,-99.8438,-99.8438,-57,5,7.608601,187118858
7.440318,44.5605,-100.8984,-100.8984,-57,5,7.608601,187118858
7.442312,44.5605,-101.9531,-101.9531,-57,5,7.608601,187118858
7.444303,44.7363,-102.8320,-102.8320,-57,5,7.608601,187118858
7.446297,44.7363,-103.8867,-103.8867,-57,5,7.608601,187118858
7.448286,44.9121,-104.7656,-104.7656,-57,5,7.608601,187118858
7.450281,44.9121,-105.6445,-105.6445,-57,5,7.608601,187118858
7.454144,45.0879,-107.4023,-107.4023,-57,5,7.608601,187118858
7.454696,45.0879,-107.5781,-107.5781,-57,5,7.608601,187118858
7.456303,45.2637,-108.2812,-108.2812,-57,5,7.608601,187118858
7.458297,45.4395,-109.1602,-109.1602,-57,5,7.608601,187118858
7.460322,45.4395,-109.8633,-109.8633,-57,5,7.608601,187118858
7.462315,45.6152,-110.7422,-110.7422,-57,5,7.608601,187118858
7.464306,45.6152,-111.4453,-111.4453,-57,5,7.608601,187118858
7.466300,45.7910,-112.1484,-112.1484,-57,5,7.608601,187118858
7.468294,45.9668,-112.8516,-112.8516,-57,5,7.608601,187118858
7.470285,46.1426,-113.3789,-113.3789,-56,5,7.608601,187118858
7.472277,46.1426,-114.0820,-114.0820,-56,5,7.608601,187118858
7.474266,46.3184,-114.6094,-114.6094,-56,5,7.608601,187118858
7.476261,46.4941,-115.3125,-115.3125,-56,5,7.608601,187118858
7.478264,46.6699,-115.8398,-115.8398,-56,5,7.608601,187118858
7.480254,46.8457,-116.3672,-116.3672,-56,5,7.608601,187118858
7.482344,47.0215,-116.8945,-116.8945,-56,5,7.608601,187118858
7.484277,47.1973,-117.2461,-117.2461,-56,5,7.608601,187118858
7.486280,47.3730,-117.7734,-117.7734,-56,5,7.608601,187118858
7.488272,47.5488,-118.1250,-118.1250,-56,5,7.608601,187118858
7.490264,47.7246,-118.4766,-118.4766,-56,5,7.608601,187118858
7.492279,47.9004,-118.8281,-118.8281,-56,5,7.608601,187118858
7.494269,48.2520,-119.1797,-119.1797,-56,5,7.608601,187118858
7.496260,48.4277,-119.5312,-119.5312,-56,5,7.608601,187118858
7.498344,48.6035,-119.7070,-119.7070,-56,5,7.608601,187118858
7.500335,48.9551,-120.0586,-120.0586,-56,5,7.608601,187118858
7.502327,49.1309,-120.2344,-120.2344,-56,5,7.608601,187118858
7.504318,49.4824,-120.4102,-120.4102,-56,5,7.608601,187118858
7.506312,49.6582,-120.5859,-120.5859,-56,5,7.608601,187118858
7.508303,50.0098,-120.5859,-120.5859,-56,5,7.608601,187118858
7.510300,50.1855,-120.7617,-120.7617,-55,5,7.608601,187118858
7.512294,50.5371,-120.9375,-120.9375,-55,5,7.608601,187118858
7.514285,50.8887,-120.9375,-120.9375,-54,5,7.608601,187118858
7.516277,51.0645,-120.9375,-120.9375,-53,5,7.608601,187118858
7.518266,51.4160,-120.9375,-120.9375,-52,5,7.608601,187118858
7.520261,51.7676,-120.9375,-120.9375,-51,5,7.608601,187118858
7.522348,52.1191,-120.7617,-120.7617,-50,5,7.608601,187118858
7.524339,52.4707,-120.7617,-120.7617,-49,5,7.608601,187118858
7.526327,52.8223,-120.5859,-120.5859,-48,5,7.608601,187118858
7.528318,53.1738,-120.4102,-120.4102,-47,5,7.608601,187118858
7.530312,53.5254,-120.2344,-120.2344,-46,5,7.608601,187118858
7.532303,53.8770,-120.0586,-120.0586,-45,5,7.608601,187118858
7.534297,54.4043,-119.8828,-119.8828,-44,5,7.608601,187118858
7.536286,54.7559,-119.5312,-119.5312,-42,5,7.608601,187118858
7.538281,55.1074,-119.1797,-119.1797,-41,5,7.608601,187118858
7.540271,55.4590,-119.0039,-119.0039,-40,5,7.608601,187118858
7.542264,55.9863,-118.6523,-118.6523,-39,5,7.608601,187118858
7.544255,56.3379,-118.3008,-118.3008,-38,5,7.608601,187118858
7.546260,56.6895,-117.7734,-117.7734,55,5,7.608601,187118858
7.548344,57.0410,-117.4219,-117.4219,55,5,7.608601,187118858
7.550335,57.3926,-116.8945,-116.8945,55,5,7.608601,187118858
7.554311,58.2715,-116.0156,-116.0156,55,5,7.608601,187118858
7.554871,58.4473,-115.8398,-115.8398,55,5,7.608601,187118858
7.556277,58.6230,-115.4883,-115.4883,55,5,7.608601,187118858
7.558267,58.9746,-114.9609,-114.9609,55,5,7.608601,187118858
7.560260,59.5020,-114.4336,-114.4336,55,5,7.608601,187118858
7.562344,59.8535,-113.9062,-113.9062,55,5,7.608601,187118858
7.564335,60.2051,-113.2031,-113.2031,55,5,7.608601,187118858
7.566261,60.5566,-112.6758,-112.6758,55,5,7.608601,187118858
7.568349,60.9082,-111.9727,-111.9727,54,5,7.608601,187118858
7.570339,61.2598,-111.2695,-111.2695,54,5,7.608601,187118858
7.572327,61.6113,-110.5664,-110.5664,54,5,7.608601,187118858
7.574318,61.9629,-109.8633,-109.8633,54,5,7.608601,187118858
7.576312,62.3145,-109.1602,-109.1602,54,5,7.608601,187118858
7.578315,62.6660,-108.2812,-108.2812,54,5,7.608601,187118858
7.580306,63.0176,-107.5781,-107.5781,54,5,7.608601,187118858
7.582315,63.3691,-106.8750,-106.8750,54,5,7.608601,187118858
7.584326,63.7207,-105.8203,-105.8203,54,5,7.608601,187118858
7.586332,64.0723,-105.1172,-105.1172,54,5,7.608601,187118858
7.588303,64.4238,-104.2383,-104.2383,54,5,7.608601,187118858
7.590300,64.7754,-103.3594,-103.3594,54,5,7.608601,187118858
7.592294,65.1270,-102.3047,-102.3047,54,5,7.608601,187118858
7.594265,65.3027,-101.4258,-101.4258,54,5,7.608601,187118858
7.596266,65.6543,-100.5469,-100.5469,54,5,7.608601,187118858
7.598331,65.8301,-99.3164,-99.3164,54,5,7.608601,187118858
7.604367,66.7090,-96.1523,-96.1523,54,5,7.844607,187356505
7.605714,66.8848,-95.4492,-95.4492,53,5,7.844607,187356505
7.606358,66.8848,-95.0977,-95.0977,53,5,7.844607,187356505
7.607128,67.0605,-94.7461,-94.7461,53,5,7.844607,187356505
7.608260,67.2363,-94.0430,-94.0430,53,5,7.844607,187356505
7.610283,67.4121,-92.9883,-92.9883,53,5,7.844607,187356505
7.612283,67.5879,-91.7578,-91.7578,53,5,7.844607,187356505
7.614280,67.7637,-90.5273,-90.5273,53,5,7.844607,187356505
7.616302,67.9395,-89.2969,-89.2969,53,5,7.844607,187356505
7.618296,68.1152,-88.0664,-88.0664,53,5,7.844607,187356505
7.620286,68.2910,-86.8359,-86.8359,53,5,7.844607,187356505
7.622302,68.4668,-85.4297,-85.4297,53,5,7.844607,187356505
7.624328,68.6426,-84.0234,-84.0234,53,5,7.844607,187356505
7.626310,68.8184,-82.7930,-82.7930,53,5,7.844607,187356505
7.628271,68.8184,-81.3867,-81.3867,53,5,7.844607,187356505
7.630300,68.9941,-79.9805,-79.9805,53,5,7.844607,187356505
7.632305,68.9941,-78.5742,-78.5742,53,5,7.844607,187356505
7.634294,69.1699,-76.9922,-76.9922,53,5,7.844607,187356505
7.636285,69.1699,-75.5859,-75.5859,53,5,7.844607,187356505
7.638277,69.1699,-74.0039,-74.0039,53,5,7.844607,187356505
7.640267,69.1699,-72.4219,-72.4219,53,5,7.844607,187356505
7.642260,69.1699,-71.0156,-71.0156,53,5,7.844607,187356505
7.644344,69.1699,-69.2578,-69.2578,53,5,7.844607,187356505
7.646335,69.1699,-67.5000,-67.5000,53,5,7.844607,187356505
7.648322,69.1699,-65.9180,-65.9180,53,5,7.844607,187356505
7.650315,68.9941,-64.1602,-64.1602,53,5,7.844607,187356505
7.654494,68.6426,-60.4688,-60.4688,53,5,7.844607,187356505
7.655091,68.6426,-59.9414,-59.9414,53,5,7.844607,187356505
7.656302,68.6426,-58.7109,-58.7109,53,5,7.844607,187356505
7.658296,68.2910,-56.9531,-56.9531,53,5,7.844607,187356505
7.660286,68.1152,-55.0195,-55.0195,53,5,7.844607,187356505
7.662281,67.9395,-53.0859,-53.0859,53,5,7.844607,187356505
7.664272,67.5879,-50.9766,-50.9766,53,5,7.844607,187356505
7.666264,67.2363,-49.0430,-49.0430,53,5,7.844607,187356505
7.668254,66.8848,-47.1094,-47.1094,53,5,7.844607,187356505
7.670344,66.3574,-44.8242,-44.8242,53,5,7.844607,187356505
7.672302,66.0059,-42.5391,-42.5391,54,5,7.844607,187356505
7.674306,65.4785,-40.4297,-40.4297,54,5,7.844607,187356505
7.676312,64.7754,-38.1445,-38.1445,54,5,7.844607,187356505
7.678334,64.2480,-35.8594,-35.8594,54,5,7.844607,187356505
7.680337,63.5449,-33.3984,-33.3984,54,5,7.844607,187356505
7.682339,62.8418,-30.9375,-30.9375,54,5,7.844607,187356505
7.684339,62.1387,-28.4766,-28.4766,54,5,7.844607,187356505
7.686339,61.2598,-25.8398,-25.8398,54,5,7.844607,187356505
7.688339,60.3809,-23.2031,-23.2031,54,5,7.844607,187356505
7.690344,59.3262,-20.5664,-20.5664,54,5,7.844607,187356505
7.692344,58.2715,-17.7539,-17.7539,55,5,7.844607,187356505
7.694300,57.2168,-14.9414,-14.9414,55,5,7.844607,187356505
7.696304,55.9863,-12.1289,-12.1289,55,5,7.844607,187356505
7.698346,54.7559,-8.9648,-8.9648,55,5,7.844607,187356505
7.700344,53.3496,-5.9766,-5.9766,55,5,7.844607,187356505
7.702344,52.1191,-2.9883,-2.9883,56,5,7.844607,187356505
7.704344,50.7129,0.1758,0.1758,56,5,7.844607,187356505
7.706344,49.1309,3.3398,3.3398,56,5,7.844607,187356505
7.708344,47.7246,6.6797,6.6797,56,5,7.844607,187356505
7.710344,46.3184,9.8438,9.8438,56,5,7.844607,187356505
7.712344,44.7363,13.0078,13.0078,56,5,7.844607,187356505
7.714344,43.3301,16.1719,16.1719,57,5,7.844607,187356505
7.716344,41.9238,19.1602,19.1602,57,5,7.844607,187356505
7.718344,40.6934,22.1484,22.1484,57,5,7.844607,187356505
7.720344,39.2871,25.1367,25.1367,57,5,7.844607,187356505
7.722344,38.2324,28.1250,28.1250,57,5,7.844607,187356505
7.724344,37.0020,30.9375,30.9375,57,5,7.844607,187356505
7.726344,35.7715,33.9258,33.9258,58,5,7.844607,187356505
7.728344,34.8926,36.5625,36.5625,58,5,7.844607,187356505
7.730344,33.8379,39.3750,39.3750,58,5,7.844607,187356505
7.732344,32.9590,42.0117,42.0117,58,5,7.844607,187356505
7.734344,32.0801,44.6484,44.6484,58,5,7.844607,187356505
7.736344,31.3770,47.1094,47.1094,58,5,7.844607,187356505
7.738339,30.6738,49.5703,49.5703,58,5,7.844607,187356505
7.740327,29.9707,52.0312,52.0312,58,5,7.844607,187356505
7.742318,29.2676,54.3164,54.3164,58,5,7.844607,187356505
7.744312,28.7402,56.6016,56.6016,58,5,7.844607,187356505
7.746303,28.0371,58.8867,58.8867,58,5,7.844607,187356505
7.748300,27.5098,61.1719,61.1719,58,5,7.844607,187356505
7.750294,27.1582,63.2812,63.2812,58,5,7.844607,187356505
7.754020,26.2793,67.3242,67.3242,58,5,7.844607,187356505
7.754575,26.2793,67.8516,67.8516,58,5,7.844607,187356505
7.756277,25.9277,69.6094,69.6094,58,5,7.844607,187356505
7.758266,25.5762,71.7188,71.7188,59,5,7.844607,187356505
7.760256,25.2246,73.6523,73.6523,59,5,7.844607,187356505
7.762327,24.8730,75.7617,75.7617,0,5,7.844607,187356505
7.764302,24.6973,77.6953,77.6953,0,5,7.844607,187356505
7.766277,24.3457,79.4531,79.4531,0,5,7.844607,187356505
7.768344,24.1699,81.3867,81.3867,0,5,7.844607,187356505
7.770318,23.9941,83.1445,83.1445,0,5,7.844607,187356505
7.772296,23.8184,84.9023,84.9023,0,5,7.844607,187356505
7.774268,23.6426,86.8359,86.8359,0,5,7.844607,187356505
7.776264,23.4668,88.4180,88.4180,59,5,7.844607,187356505
7.778268,23.2910,90.1758,90.1758,59,5,7.844607,187356505
7.780261,23.2910,91.9336,91.9336,59,5,7.844607,187356505
7.782348,23.1152,93.5156,93.5156,59,5,7.844607,187356505
7.784339,23.1152,95.0977,95.0977,59,5,7.844607,187356505
7.786327,22.9395,96.8555,96.8555,59,5,7.844607,187356505
7.788318,22.9395,98.2617,98.2617,59,5,7.844607,187356505
7.790312,22.9395,99.8438,99.8438,59,5,7.844607,187356505
7.792287,22.9395,101.2500,101.2500,59,5,7.844607,187356505
7.794312,22.7637,102.8320,102.8320,59,5,7.844607,187356505
7.796306,22.7637,104.2383,104.2383,59,5,7.844607,187356505
7.798300,22.7637,105.6445,105.6445,59,5,7.844607,187356505
7.800294,22.7637,107.0508,107.0508,59,5,7.844607,187356505
7.802285,22.7637,108.4570,108.4570,59,5,7.844607,187356505
7.804277,22.7637,109.6875,109.6875,59,5,7.844607,187356505
7.806266,22.7637,111.0938,111.0938,59,5,7.844607,187356505
7.808261,22.7637,112.3242,112.3242,59,5,7.844607,187356505
7.810348,22.7637,113.7305,113.7305,59,5,7.844607,187356505
7.812339,22.7637,114.9609,114.9609,59,5,7.844607,187356505
7.814327,22.7637,116.1914,116.1914,59,5,7.844607,187356505
7.816320,22.7637,117.4219,117.4219,59,5,7.844607,187356505
7.818315,22.7637,118.4766,118.4766,59,5,7.844607,187356505
7.820305,22.7637,119.7070,119.7070,59,5,7.844607,187356505
7.822300,22.9395,120.7617,120.7617,59,5,7.844607,187356505
7.824294,22.9395,121.8164,121.8164,59,5,7.844607,187356505
7.826291,22.9395,122.8711,122.8711,59,5,7.844607,187356505
7.828353,22.9395,124.1016,124.1016,59,5,7.844607,187356505
7.830300,22.9395,124.9805,124.9805,59,5,7.844607,187356505
7.832294,22.9395,125.8594,125.8594,59,5,7.844607,187356505
7.834324,22.9395,126.9141,126.9141,59,5,7.844607,187356505
7.836947,22.9395,128.1445,128.1445,59,5,7.844607,187356505
7.841546,22.9395,130.2539,130.2539,59,5,8.119140,187604295
7.842836,22.9395,130.7812,130.7812,59,5,8.119140,187604295
7.843549,22.9395,131.1328,131.1328,59,5,8.119140,187604295
7.844352,22.9395,131.3086,131.3086,59,5,8.119140,187604295
7.846305,22.9395,132.1875,132.1875,59,5,8.119140,187604295
7.848324,22.9395,132.8906,132.8906,59,5,8.119140,187604295
7.850277,22.9395,133.5938,133.5938,59,5,8.119140,187604295
7.854726,22.7637,135.1758,135.1758,59,5,8.119140,187604295
7.855401,22.7637,135.3516,135.3516,59,5,8.119140,187604295
7.856259,22.7637,135.7031,135.7031,59,5,8.119140,187604295
7.858294,22.5879,136.4062,136.4062,59,5,8.119140,187604295
7.860404,22.5879,137.1094,137.1094,59,5,8.119140,187604295
7.862281,22.4121,137.6367,137.6367,59,5,8.119140,187604295
7.864302,22.4121,138.1641,138.1641,59,5,8.119140,187604295
7.866304,22.2363,138.6914,138.6914,59,5,8.119140,187604295
7.868322,22.2363,139.2188,139.2188,59,5,8.119140,187604295
7.870312,22.0605,139.5703,139.5703,59,5,8.119140,187604295
7.872339,21.8848,140.0977,140.0977,59,5,8.119140,187604295
7.874350,21.7090,140.4492,140.4492,59,5,8.119140,187604295
7.876266,21.5332,140.9766,140.9766,59,5,8.119140,187604295
7.878296,21.3574,141.3281,141.3281,59,5,8.119140,187604295
7.880323,21.1816,141.6797,141.6797,59,5,8.119140,187604295
7.882339,21.0059,141.8555,141.8555,59,5,8.119140,187604295
7.884350,20.8301,142.2070,142.2070,59,5,8.119140,187604295
7.886266,20.6543,142.3828,142.3828,59,5,8.119140,187604295
7.888281,20.4785,142.5586,142.5586,59,5,8.119140,187604295
7.890300,20.1270,142.7344,142.7344,59,5,8.119140,187604295
7.892314,19.9512,143.0859,143.0859,59,5,8.119140,187604295
7.894337,19.5996,143.0859,143.0859,59,5,8.119140,187604295
7.896350,19.4238,143.2617,143.2617,59,5,8.119140,187604295
7.898267,19.0723,143.2617,143.2617,59,5,8.119140,187604295
7.900349,18.7207,143.2617,143.2617,59,5,8.119140,187604295
7.902266,18.5449,143.4375,143.4375,59,5,8.119140,187604295
7.904281,18.1934,143.4375,143.4375,59,5,8.119140,187604295
7.906300,17.8418,143.2617,143.2617,59,5,8.119140,187604295
7.908314,17.4902,143.2617,143.2617,59,5,8.119140,187604295
7.910327,17.1387,143.0859,143.0859,59,5,8.119140,187604295
7.912339,16.7871,143.0859,143.0859,59,5,8.119140,187604295
7.914350,16.4355,142.9102,142.9102,59,5,8.119140,187604295
7.916266,16.0840,142.7344,142.7344,59,5,8.119140,187604295
7.918281,15.5566,142.3828,142.3828,59,5,8.119140,187604295
7.920300,15.2051,142.2070,142.2070,59,5,8.119140,187604295
7.922314,14.6777,141.8555,141.8555,59,5,8.119140,187604295
7.924331,14.3262,141.6797,141.6797,59,5,8.119140,187604295
7.926344,13.7988,141.3281,141.3281,59,5,8.119140,187604295
7.928264,13.4473,140.9766,140.9766,59,5,8.119140,187604295
7.930281,12.9199,140.6250,140.6250,59,5,8.119140,187604295
7.932300,12.5684,140.0977,140.0977,59,5,8.119140,187604295
7.934315,12.0410,139.7461,139.7461,59,5,8.119140,187604295
7.936327,11.5137,139.2188,139.2188,59,5,8.119140,187604295
7.938339,10.9863,138.6914,138.6914,59,5,8.119140,187604295
7.940350,10.4590,138.1641,138.1641,59,5,8.119140,187604295
7.942266,10.1074,137.6367,137.6367,59,5,8.119140,187604295
7.944281,9.5801,137.1094,137.1094,59,5,8.119140,187604295
7.946302,9.0527,136.4062,136.4062,-59,5,8.119140,187604295
7.948318,8.5254,135.7031,135.7031,-59,5,8.119140,187604295
7.950333,7.9980,135.0000,135.0000,-59,5,8.119140,187604295
7.954200,7.1191,133.7695,133.7695,-59,5,8.119140,187604295
7.954775,6.9434,133.5938,133.5938,-59,5,8.119140,187604295
7.956279,6.5918,133.0664,133.0664,-59,5,8.119140,187604295
7.958268,6.0645,132.3633,132.3633,-59,5,8.119140,187604295
7.960261,5.5371,131.4844,131.4844,-59,5,8.119140,187604295
7.962348,5.0098,130.7812,130.7812,-59,5,8.119140,187604295
7.964339,4.6582,129.9023,129.9023,-59,5,8.119140,187604295
7.966267,4.1309,129.1992,129.1992,-59,5,8.119140,187604295
7.968260,3.7793,128.3203,128.3203,-59,5,8.119140,187604295
7.970344,3.2520,127.4414,127.4414,-59,5,8.119140,187604295
7.972335,2.7246,126.5625,126.5625,-59,5,8.119140,187604295
7.974322,2.3730,125.6836,125.6836,-59,5,8.119140,187604295
7.976315,2.0215,124.8047,124.8047,-59,5,8.119140,187604295
7.978316,1.4941,123.7500,123.7500,-59,5,8.119140,187604295
7.980306,1.1426,122.8711,122.8711,-59,5,8.119140,187604295
7.982300,0.6152,121.8164,121.8164,-59,5,8.119140,187604295
7.984294,0.2637,120.7617,120.7617,-59,5,8.119140,187604295
7.986285,-0.0879,119.8828,119.8828,-59,5,8.119140,187604295
7.988280,-0.4395,118.6523,118.6523,-59,5,8.119140,187604295
7.990272,-0.7910,117.5977,117.5977,-59,5,8.119140,187604295
7.992264,-1.1426,116.5430,116.5430,-59,5,8.119140,187604295
7.994254,-1.4941,115.4883,115.4883,-59,5,8.119140,187604295
7.996300,-1.8457,114.2578,114.2578,-59,5,8.119140,187604295
7.998294,-2.1973,113.0273,113.0273,-59,5,8.119140,187604295
8.000285,-2.3730,111.9727,111.9727,-59,5,8.119140,187604295
8.002285,-2.7246,110.7422,110.7422,-59,5,8.119140,187604295
8.004322,-3.0762,109.5117,109.5117,-59,5,8.119140,187604295
8.006315,-3.2520,108.1055,108.1055,-59,5,8.119140,187604295
8.008308,-3.6035,106.8750,106.8750,-59,5,8.119140,187604295
8.010300,-3.7793,105.4688,105.4688,-59,5,8.119140,187604295
8.012294,-4.1309,104.2383,104.2383,-59,5,8.119140,187604295
8.014285,-4.3066,102.8320,102.8320,-59,5,8.119140,187604295
8.016277,-4.4824,101.6016,101.6016,-59,5,8.119140,187604295
8.018266,-4.6582,100.1953,100.1953,-59,5,8.119140,187604295
8.020261,-4.8340,98.6133,98.6133,-59,5,8.119140,187604295
8.022348,-5.0098,97.0312,97.0312,-59,5,8.119140,187604295
8.024339,-5.1855,95.6250,95.6250,-59,5,8.119140,187604295
8.026327,-5.1855,94.0430,94.0430,-59,5,8.119140,187604295
8.028320,-5.3613,92.4609,92.4609,-59,5,8.119140,187604295
8.030313,-5.3613,91.0547,91.0547,-59,5,8.119140,187604295
8.032303,-5.5371,89.2969,89.2969,-59,5,8.119140,187604295
8.034300,-5.5371,87.7148,87.7148,-59,5,8.119140,187604295
8.036294,-5.5371,86.1328,86.1328,-59,5,8.119140,187604295
8.038285,-5.5371,84.3750,84.3750,-59,5,8.119140,187604295
8.040277,-5.5371,82.6172,82.6172,-59,5,8.119140,187604295
8.042266,-5.5371,80.8594,80.8594,-59,5,8.119140,187604295
8.044261,-5.5371,79.1016,79.1016,-59,5,8.119140,187604295
8.046348,-5.3613,77.1680,77.1680,-59,5,8.119140,187604295
8.048339,-5.1855,75.2344,75.2344,-59,5,8.119140,187604295
8.050327,-5.0098,73.4766,73.4766,-59,5,8.119140,187604295
8.054076,-4.6582,69.7852,69.7852,-59,5,8.119140,187604295
8.054604,-4.6582,69.2578,69.2578,-59,5,8.119140,187604295
8.056302,-4.4824,67.5000,67.5000,-59,5,8.119140,187604295
8.058296,-4.1309,65.3906,65.3906,-59,5,8.119140,187604295
8.060286,-3.7793,63.2812,63.2812,-59,5,8.119140,187604295
8.062281,-3.4277,61.1719,61.1719,-59,5,8.119140,187604295
8.064271,-3.0762,59.0625,59.0625,-59,5,8.119140,187604295
8.066264,-2.5488,56.7773,56.7773,-59,5,8.119140,187604295
8.068255,-2.0215,54.4922,54.4922,-59,5,8.119140,187604295
8.070297,-1.4941,52.0312,52.0312,-59,5,8.119140,187604295
8.072306,-0.9668,49.7461,49.7461,-59,5,8.119140,187604295
8.074332,-0.2637,47.2852,47.2852,-59,5,8.119140,187604295
8.076261,0.4395,44.8242,44.8242,-59,5,8.119140,187604295
8.078297,1.1426,42.1875,42.1875,-59,5,8.119140,187604295
8.080335,2.0215,39.5508,39.5508,-59,5,8.119140,187604295
8.082280,3.0762,36.7383,36.7383,-59,5,8.119140,187604295
8.084895,4.3066,33.0469,33.0469,-59,5,8.119140,187604295
8.089630,7.1191,26.0156,26.0156,-59,5,8.381186,187894610
8.091029,7.9980,24.0820,24.0820,-59,5,8.381186,187894610
8.091770,8.3496,22.8516,22.8516,-59,5,8.381186,187894610
8.092469,8.8770,21.7969,21.7969,-59,5,8.381186,187894610
8.094326,10.1074,18.9844,18.9844,-59,5,8.381186,187894610
8.096345,11.6895,15.8203,15.8203,-59,5,8.381186,187894610
8.098255,13.0957,12.6562,12.6562,-59,5,8.381186,187894610
8.100345,14.5020,9.3164,9.3164,-59,5,8.381186,187894610
8.102345,16.0840,5.9766,5.9766,-59,5,8.381186,187894610
8.104291,17.6660,2.8125,2.8125,-59,5,8.381186,187894610
8.106303,19.2480,-0.5273,-0.5273,-59,5,8.381186,187894610
8.108313,20.6543,-3.8672,-3.8672,-59,5,8.381186,187894610
8.110351,22.2363,-7.2070,-7.2070,-59,5,8.381186,187894610
8.112285,23.6426,-10.1953,-10.1953,-59,5,8.381186,187894610
8.114326,24.8730,-13.3594,-13.3594,-59,5,8.381186,187894610
8.116330,26.2793,-16.3477,-16.3477,-59,5,8.381186,187894610
8.118336,27.3340,-19.3359,-19.3359,-58,5,8.381186,187894610
8.120340,28.5645,-22.3242,-22.3242,-58,5,8.381186,187894610
8.122345,29.6191,-25.1367,-25.1367,-58,5,8.381186,187894610
8.124345,30.6738,-27.9492,-27.9492,-58,5,8.381186,187894610
8.126358,31.7285,-30.7617,-30.7617,-58,5,8.381186,187894610
8.128279,32.4316,-33.2227,-33.2227,-58,5,8.381186,187894610
8.130318,33.3105,-36.0352,-36.0352,-58,5,8.381186,187894610
8.132280,34.1895,-38.4961,-38.4961,-58,5,8.381186,187894610
8.134271,34.7168,-40.9570,-40.9570,-58,5,8.381186,187894610
8.136333,35.4199,-43.5938,-43.5938,-58,5,8.381186,187894610
8.138272,36.1230,-45.7031,-45.7031,-58,5,8.381186,187894610
8.140262,36.6504,-48.1641,-48.1641,-58,5,8.381186,187894610
8.142311,37.1777,-50.4492,-50.4492,-58,5,8.381186,187894610
8.144296,37.7051,-52.7344,-52.7344,-57,5,8.381186,187894610
8.146268,38.0566,-54.8438,-54.8438,0,5,8.381186,187894610
8.148339,38.5840,-57.1289,-57.1289,0,5,8.381186,187894610
8.150315,38.9355,-59.2383,-59.2383,0,5,8.381186,187894610
8.154493,39.6387,-63.6328,-63.6328,0,5,8.381186,187894610
8.155147,39.6387,-64.1602,-64.1602,-57,5,8.381186,187894610
8.156260,39.8145,-65.3906,-65.3906,-57,5,8.381186,187894610
8.158344,40.1660,-67.5000,-67.5000,-57,5,8.381186,187894610
8.160335,40.3418,-69.2578,-69.2578,-57,5,8.381186,187894610
8.162322,40.5176,-71.1914,-71.1914,-57,5,8.381186,187894610
8.164315,40.8691,-73.1250,-73.1250,-57,5,8.381186,187894610
8.166306,41.0449,-74.8828,-74.8828,-57,5,8.381186,187894610
8.168300,41.2207,-76.8164,-76.8164,-57,5,8.381186,187894610
8.170294,41.2207,-78.5742,-78.5742,-57,5,8.381186,187894610
8.172285,41.3965,-80.3320,-80.3320,-57,5,8.381186,187894610
8.174261,41.3965,-82.0898,-82.0898,0,5,8.381186,187894610
8.176331,41.5723,-83.8477,-83.8477,0,5,8.381186,187894610
8.178344,41.7480,-85.4297,-85.4297,-57,5,8.381186,187894610
8.180335,41.7480,-87.1875,-87.1875,-57,5,8.381186,187894610
8.182325,41.9238,-88.7695,-88.7695,-57,5,8.381186,187894610
8.184317,41.9238,-90.3516,-90.3516,-57,5,8.381186,187894610
8.186308,41.9238,-91.9336,-91.9336,-57,5,8.381186,187894610
8.188300,41.9238,-93.5156,-93.5156,-57,5,8.381186,187894610
8.190294,41.9238,-94.9219,-94.9219,-57,5,8.381186,187894610
8.192285,41.9238,-96.5039,-96.5039,-57,5,8.381186,187894610
8.194296,41.9238,-97.9102,-97.9102,-57,5,8.381186,187894610
8.196286,41.9238,-99.3164,-99.3164,-57,5,8.381186,187894610
8.198281,41.9238,-100.7227,-100.7227,-57,5,8.381186,187894610
8.200299,41.9238,-102.3047,-102.3047,-57,5,8.381186,187894610
8.202317,41.9238,-103.5352,-103.5352,-57,5,8.381186,187894610
8.204350,41.9238,-104.9414,-104.9414,-57,5,8.381186,187894610
8.206339,41.9238,-106.3477,-106.3477,-57,5,8.381186,187894610
8.208327,41.7480,-107.5781,-107.5781,-57,5,8.381186,187894610
8.210318,41.7480,-108.8086,-108.8086,-57,5,8.381186,187894610
8.212312,41.7480,-110.0391,-110.0391,-57,5,8.381186,187894610
8.214303,41.7480,-111.2695,-111.2695,-57,5,8.381186,187894610
8.216297,41.5723,-112.5000,-112.5000,-57,5,8.381186,187894610
8.218287,41.5723,-113.5547,-113.5547,-57,5,8.381186,187894610
8.220281,41.5723,-114.7852,-114.7852,-57,5,8.381186,187894610
8.222271,41.5723,-116.0156,-116.0156,-57,5,8.381186,187894610
8.224264,41.3965,-117.0703,-117.0703,-57,5,8.381186,187894610
8.226255,41.3965,-118.1250,-118.1250,-57,5,8.381186,187894610
8.228344,41.3965,-119.1797,-119.1797,-57,5,8.381186,187894610
8.230335,41.3965,-120.2344,-120.2344,-57,5,8.381186,187894610
8.232322,41.3965,-121.2891,-121.2891,-57,5,8.381186,187894610
8.234315,41.3965,-122.1680,-122.1680,-57,5,8.381186,187894610
8.236306,41.2207,-123.2227,-123.2227,-57,5,8.381186,187894610
8.238300,41.2207,-124.1016,-124.1016,-57,5,8.381186,187894610
8.240296,41.2207,-124.9805,-124.9805,-57,5,8.381186,187894610
8.242286,41.2207,-125.8594,-125.8594,-57,5,8.381186,187894610
8.244281,41.2207,-126.7383,-126.7383,-57,5,8.381186,187894610
8.246271,41.2207,-127.4414,-127.4414,-57,5,8.381186,187894610
8.248264,41.2207,-128.3203,-128.3203,-57,5,8.381186,187894610
8.250255,41.2207,-129.0234,-129.0234,-57,5,8.381186,187894610
8.254027,41.3965,-130.4297,-130.4297,-57,5,8.381186,187894610
8.254560,41.3965,-130.7812,-130.7812,-57,5,8.381186,187894610
8.256261,41.3965,-131.3086,-131.3086,-57,5,8.381186,187894610
8.258348,41.3965,-132.0117,-132.0117,-57,5,8.381186,187894610
8.260267,41.5723,-132.7148,-132.7148,-57,5,8.381186,187894610
8.262260,41.5723,-133.2422,-133.2422,-57,5,8.381186,187894610
8.264344,41.7480,-133.9453,-133.9453,-57,5,8.381186,187894610
8.266335,41.7480,-134.4727,-134.4727,-57,5,8.381186,187894610
8.268322,41.9238,-135.0000,-135.0000,-57,5,8.381186,187894610
8.270303,41.9238,-135.7031,-135.7031,-57,5,8.381186,187894610
8.272319,42.0996,-136.0547,-136.0547,-57,5,8.381186,187894610
8.274334,42.2754,-136.5820,-136.5820,-57,5,8.381186,187894610
8.276344,42.4512,-137.1094,-137.1094,-57,5,8.381186,187894610
8.278272,42.6270,-137.4609,-137.4609,-57,5,8.381186,187894610
8.280286,42.6270,-137.8125,-137.8125,-57,5,8.381186,187894610
8.282303,42.9785,-138.1641,-138.1641,-57,5,8.381186,187894610
8.284319,43.1543,-138.5156,-138.5156,-57,5,8.381186,187894610
8.286334,43.3301,-138.8672,-138.8672,-57,5,8.381186,187894610
8.288344,43.5059,-139.2188,-139.2188,-57,5,8.381186,187894610
8.290264,43.6816,-139.3945,-139.3945,-57,5,8.381186,187894610
8.292281,44.0332,-139.5703,-139.5703,-57,5,8.381186,187894610
8.294300,44.2090,-139.9219,-139.9219,-57,5,8.381186,187894610
8.296315,44.5605,-140.0977,-140.0977,-57,5,8.381186,187894610
8.298327,44.7363,-140.2734,-140.2734,-57,5,8.381186,187894610
8.300339,45.0879,-140.2734,-140.2734,-57,5,8.381186,187894610
8.302261,45.4395,-140.4492,-140.4492,-57,5,8.381186,187894610
8.304336,45.7910,-140.6250,-140.6250,-57,5,8.381186,187894610
8.306281,46.1426,-140.6250,-140.6250,-57,5,8.381186,187894610
8.308300,46.4941,-140.6250,-140.6250,-56,5,8.381186,187894610
8.310315,46.8457,-140.6250,-140.6250,-56,5,8.381186,187894610
8.312327,47.1973,-140.6250,-140.6250,-56,5,8.381186,187894610
8.314339,47.5488,-140.6250,-140.6250,-56,5,8.381186,187894610
8.316350,47.9004,-140.4492,-140.4492,-56,5,8.381186,187894610
8.318266,48.2520,-140.2734,-140.2734,-56,5,8.381186,187894610
8.320281,48.7793,-140.0977,-140.0977,-56,5,8.381186,187894610
8.322300,49.1309,-139.9219,-139.9219,-56,5,8.381186,187894610
8.324318,49.6582,-139.9219,-139.9219,-56,5,8.381186,187894610
8.326333,50.1855,-139.5703,-139.5703,-56,5,8.381186,187894610
8.328344,50.5371,-139.3945,-139.3945,-55,5,8.381186,187894610
8.330264,51.0645,-139.0430,-139.0430,-54,5,8.381186,187894610
8.332281,51.5918,-138.6914,-138.6914,-52,5,8.381186,187894610
8.334300,51.9434,-138.5156,-138.5156,-51,5,8.381186,187894610
8.336315,52.4707,-138.1641,-138.1641,-50,5,8.381186,187894610
8.338327,52.9980,-137.8125,-137.8125,-48,5,8.381186,187894610
8.340339,53.5254,-137.2852,-137.2852,-47,5,8.381186,187894610
8.342350,54.0527,-136.9336,-136.9336,-45,5,8.381186,187894610
8.344296,54.5801,-136.4062,-136.4062,55,5,8.381186,187894610
8.346336,55.1074,-136.0547,-136.0547,55,5,8.381186,187894610
8.348268,55.6348,-135.5273,-135.5273,55,5,8.381186,187894610
8.350300,56.1621,-135.0000,-135.0000,55,5,8.381186,187894610
8.354117,57.2168,-133.9453,-133.9453,55,5,8.381186,187894610
8.354729,57.3926,-133.7695,-133.7695,55,5,8.381186,187894610
8.356330,57.7441,-133.4180,-133.4180,55,5,8.381186,187894610
8.358347,58.2715,-132.8906,-132.8906,55,5,8.381186,187894610
8.360280,58.7988,-132.1875,-132.1875,55,5,8.381186,187894610
8.362650,59.3262,-131.4844,-131.4844,55,5,8.381186,187894610
8.364331,59.6777,-130.9570,-130.9570,55,5,8.381186,187894610
8.366327,60.2051,-130.4297,-130.4297,55,5,8.381186,187894610
8.368318,60.7324,-129.7266,-129.7266,55,5,8.381186,187894610
8.370312,61.2598,-129.0234,-129.0234,54,5,8.381186,187894610
8.372303,61.6113,-128.3203,-128.3203,54,5,8.381186,187894610
8.374297,62.1387,-127.6172,-127.6172,54,5,8.381186,187894610
8.379552,63.3691,-125.6836,-125.6836,54,5,8.619959,188136044
8.380875,63.7207,-125.1562,-125.1562,54,5,8.619959,188136044
8.381576,63.8965,-124.9805,-124.9805,54,5,8.619959,188136044
8.382275,64.0723,-124.6289,-124.6289,54,5,8.619959,188136044
8.384254,64.4238,-123.9258,-123.9258,54,5,8.619959,188136044
8.386325,64.9512,-123.0469,-123.0469,54,5,8.619959,188136044
8.388286,65.3027,-122.3438,-122.3438,54,5,8.619959,188136044
8.390296,65.8301,-121.2891,-121.2891,54,5,8.619959,188136044
8.392286,66.1816,-120.5859,-120.5859,54,5,8.619959,188136044
8.394283,66.5332,-119.7070,-119.7070,54,5,8.619959,188136044
8.396301,67.0605,-118.6523,-118.6523,54,5,8.619959,188136044
8.398750,67.5879,-117.5977,-117.5977,53,5,8.619959,188136044
8.400266,67.9395,-116.8945,-116.8945,53,5,8.619959,188136044
8.402283,68.2910,-115.8398,-115.8398,53,5,8.619959,188136044
8.404334,68.6426,-114.7852,-114.7852,53,5,8.619959,188136044
8.406290,68.9941,-113.9062,-113.9062,53,5,8.619959,188136044
8.408337,69.3457,-112.8516,-112.8516,53,5,8.619959,188136044
8.410327,69.6973,-111.7969,-111.7969,53,5,8.619959,188136044
8.412318,70.0488,-110.7422,-110.7422,53,5,8.619959,188136044
8.414313,70.4004,-109.6875,-109.6875,53,5,8.619959,188136044
8.416344,70.7520,-108.4570,-108.4570,53,5,8.619959,188136044
8.418335,71.1035,-107.2266,-107.2266,53,5,8.619959,188136044
8.420322,71.4551,-106.1719,-106.1719,53,5,8.619959,188136044
8.422315,71.6309,-104.9414,-104.9414,53,5,8.619959,188136044
8.424306,71.9824,-103.7109,-103.7109,53,5,8.619959,188136044
8.426300,72.1582,-102.6562,-102.6562,53,5,8.619959,188136044
8.428296,72.5098,-101.4258,-101.4258,53,5,8.619959,188136044
8.430286,72.6855,-100.0195,-100.0195,53,5,8.619959,188136044
8.432281,73.0371,-98.7891,-98.7891,52,5,8.619959,188136044
8.434272,73.2129,-97.3828,-97.3828,52,5,8.619959,188136044
8.436264,73.3887,-96.1523,-96.1523,52,5,8.619959,188136044
8.438254,73.5645,-94.7461,-94.7461,52,5,8.619959,188136044
8.440344,73.7402,-93.3398,-93.3398,52,5,8.619959,188136044
8.442335,73.9160,-91.9336,-91.9336,52,5,8.619959,188136044
8.444322,74.0918,-90.5273,-90.5273,52,5,8.619959,188136044
8.446315,74.2676,-88.9453,-88.9453,52,5,8.619959,188136044
8.448312,74.4434,-87.5391,-87.5391,52,5,8.619959,188136044
8.450303,74.6191,-85.9570,-85.9570,52,5,8.619959,188136044
8.454473,74.7949,-82.7930,-82.7930,52,5,8.619959,188136044
8.455067,74.7949,-82.2656,-82.2656,52,5,8.619959,188136044
8.456279,74.7949,-81.3867,-81.3867,52,5,8.619959,188136044
8.458267,74.7949,-79.6289,-79.6289,52,5,8.619959,188136044
8.460261,74.7949,-78.0469,-78.0469,52,5,8.619959,188136044
8.462344,74.9707,-76.2891,-76.2891,52,5,8.619959,188136044
8.464334,74.9707,-74.5312,-74.5312,52,5,8.619959,188136044
8.466322,74.9707,-72.7734,-72.7734,52,5,8.619959,188136044
8.468344,74.7949,-71.0156,-71.0156,52,5,8.619959,188136044
8.470334,74.6191,-69.2578,-69.2578,52,5,8.619959,188136044
8.472322,74.6191,-67.5000,-67.5000,52,5,8.619959,188136044
8.474315,74.4434,-65.5664,-65.5664,52,5,8.619959,188136044
8.476305,74.2676,-63.6328,-63.6328,52,5,8.619959,188136044
8.478319,74.0918,-61.6992,-61.6992,52,5,8.619959,188136044
8.480313,73.9160,-59.7656,-59.7656,52,5,8.619959,188136044
8.482303,73.5645,-57.6562,-57.6562,52,5,8.619959,188136044
8.484297,73.3887,-55.5469,-55.5469,52,5,8.619959,188136044
8.486286,73.0371,-53.4375,-53.4375,52,5,8.619959,188136044
8.488280,72.6855,-51.3281,-51.3281,52,5,8.619959,188136044
8.490277,72.1582,-49.2188,-49.2188,52,5,8.619959,188136044
8.492267,71.8066,-46.9336,-46.9336,53,5,8.619959,188136044
8.494260,71.2793,-44.6484,-44.6484,53,5,8.619959,188136044
8.496285,70.7520,-42.3633,-42.3633,53,5,8.619959,188136044
8.498287,70.0488,-39.9023,-39.9023,53,5,8.619959,188136044
8.500293,69.5215,-37.4414,-37.4414,53,5,8.619959,188136044
8.502300,68.6426,-34.9805,-34.9805,53,5,8.619959,188136044
8.504302,67.9395,-32.3438,-32.3438,53,5,8.619959,188136044
8.506305,67.0605,-29.7070,-29.7070,53,5,8.619959,188136044
8.508351,66.1816,-26.8945,-26.8945,53,5,8.619959,188136044
8.510280,65.3027,-24.2578,-24.2578,54,5,8.619959,188136044
8.512312,64.0723,-21.4453,-21.4453,54,5,8.619959,188136044
8.514315,63.0176,-18.4570,-18.4570,54,5,8.619959,188136044
8.516317,61.7871,-15.4688,-15.4688,54,5,8.619959,188136044
8.518320,60.5566,-12.4805,-12.4805,54,5,8.619959,188136044
8.520322,59.1504,-9.3164,-9.3164,54,5,8.619959,188136044
8.522322,57.7441,-6.1523,-6.1523,55,5,8.619959,188136044
8.524322,56.3379,-2.8125,-2.8125,55,5,8.619959,188136044
8.526322,54.7559,0.5273,0.5273,55,5,8.619959,188136044
8.528322,53.1738,3.8672,3.8672,55,5,8.619959,188136044
8.530322,51.5918,7.2070,7.2070,56,5,8.619959,188136044
8.532327,50.0098,10.5469,10.5469,56,5,8.619959,188136044
8.534327,48.4277,13.8867,13.8867,56,5,8.619959,188136044
8.536327,46.8457,17.2266,17.2266,56,5,8.619959,188136044
8.538327,45.4395,20.3906,20.3906,56,5,8.619959,188136044
8.540327,44.0332,23.5547,23.5547,57,5,8.619959,188136044
8.542327,42.6270,26.7188,26.7188,57,5,8.619959,188136044
8.544327,41.3965,29.7070,29.7070,57,5,8.619959,188136044
8.546327,40.1660,32.6953,32.6953,57,5,8.619959,188136044
8.548327,38.9355,35.6836,35.6836,57,5,8.619959,188136044
8.550327,37.8809,38.6719,38.6719,57,5,8.619959,188136044
8.554286,35.9473,44.1211,44.1211,57,5,8.619959,188136044
8.554856,35.7715,44.8242,44.8242,58,5,8.619959,188136044
8.556272,35.0684,46.7578,46.7578,58,5,8.619959,188136044
8.558266,34.1895,49.3945,49.3945,58,5,8.619959,188136044
8.560256,33.4863,51.8555,51.8555,58,5,8.619959,188136044
8.562343,32.7832,54.4922,54.4922,58,5,8.619959,188136044
8.564317,32.0801,56.9531,56.9531,0,5,8.619959,188136044
8.566294,31.5527,59.4141,59.4141,0,5,8.619959,188136044
8.568264,31.0254,61.6992,61.6992,0,5,8.619959,188136044
8.570335,30.4980,63.9844,63.9844,0,5,8.619959,188136044
8.572260,29.9707,66.2695,66.2695,58,5,8.619959,188136044
8.574344,29.4434,68.5547,68.5547,58,5,8.619959,188136044
8.576335,29.0918,70.8398,70.8398,58,5,8.619959,188136044
8.578331,28.7402,72.9492,72.9492,58,5,8.619959,188136044
8.580322,28.3887,75.0586,75.0586,58,5,8.619959,188136044
8.582315,28.0371,77.1680,77.1680,58,5,8.619959,188136044
8.584306,27.8613,79.1016,79.1016,58,5,8.619959,188136044
8.586281,27.6855,81.0352,81.0352,0,5,8.619959,188136044
8.588254,27.3340,82.9688,82.9688,0,5,8.619959,188136044
8.590322,27.1582,85.0781,85.0781,0,5,8.619959,188136044
8.592300,26.9824,87.0117,87.0117,0,5,8.619959,188136044
8.594296,26.8066,88.9453,88.9453,58,5,8.619959,188136044
8.596286,26.6309,90.7031,90.7031,58,5,8.619959,188136044
8.598281,26.4551,92.4609,92.4609,58,5,8.619959,188136044
8.600271,26.4551,94.2188,94.2188,58,5,8.619959,188136044
8.602264,26.2793,95.9766,95.9766,58,5,8.619959,188136044
8.604295,26.2793,97.7344,97.7344,0,5,8.619959,188136044
8.606346,26.2793,99.6680,99.6680,0,5,8.619959,188136044
8.608312,26.1035,101.2500,101.2500,0,5,8.619959,188136044
8.610269,26.1035,102.8320,102.8320,0,5,8.619959,188136044
8.612330,26.1035,104.4141,104.4141,0,5,8.619959,188136044
8.614278,26.1035,106.1719,106.1719,58,5,8.619959,188136044
8.616656,26.1035,107.9297,107.9297,58,5,8.619959,188136044
8.621244,26.1035,111.6211,111.6211,58,5,8.883501,188397518
8.622539,26.1035,112.5000,112.5000,58,5,8.883501,188397518
8.623252,26.1035,113.0273,113.0273,58,5,8.883501,188397518
8.624265,26.1035,113.7305,113.7305,58,5,8.883501,188397518
8.626277,26.2793,115.1367,115.1367,58,5,8.883501,188397518
8.628261,26.2793,116.5430,116.5430,58,5,8.883501,188397518
8.630261,26.2793,117.9492,117.9492,58,5,8.883501,188397518
8.632270,26.4551,119.3555,119.3555,58,5,8.883501,188397518
8.634285,26.4551,120.7617,120.7617,58,5,8.883501,188397518
8.636280,26.4551,121.9922,121.9922,58,5,8.883501,188397518
8.638307,26.6309,123.3984,123.3984,58,5,8.883501,188397518
8.640303,26.6309,124.6289,124.6289,58,5,8.883501,188397518
8.642344,26.6309,125.8594,125.8594,58,5,8.883501,188397518
8.644345,26.8066,127.0898,127.0898,58,5,8.883501,188397518
8.646296,26.8066,128.3203,128.3203,58,5,8.883501,188397518
8.648285,26.9824,129.5508,129.5508,58,5,8.883501,188397518
8.650280,26.9824,130.6055,130.6055,58,5,8.883501,188397518
8.654443,27.1582,133.0664,133.0664,58,5,8.883501,188397518
8.655087,27.1582,133.4180,133.4180,58,5,8.883501,188397518
8.656300,27.1582,134.1211,134.1211,58,5,8.883501,188397518
8.658294,27.3340,135.0000,135.0000,58,5,8.883501,188397518
8.660271,27.3340,136.0547,136.0547,58,5,8.883501,188397518
8.662286,27.3340,137.1094,137.1094,58,5,8.883501,188397518
8.664302,27.5098,138.1641,138.1641,58,5,8.883501,188397518
8.666318,27.5098,139.0430,139.0430,58,5,8.883501,188397518
8.668333,27.5098,140.0977,140.0977,58,5,8.883501,188397518
8.670344,27.5098,140.9766,140.9766,58,5,8.883501,188397518
8.672264,27.5098,141.8555,141.8555,58,5,8.883501,188397518
8.674281,27.5098,142.7344,142.7344,58,5,8.883501,188397518
8.676300,27.6855,143.6133,143.6133,58,5,8.883501,188397518
8.678342,27.6855,144.4922,144.4922,58,5,8.883501,188397518
8.680264,27.6855,145.1953,145.1953,58,5,8.883501,188397518
8.682286,27.6855,145.8984,145.8984,58,5,8.883501,188397518
8.684302,27.6855,146.6016,146.6016,58,5,8.883501,188397518
8.686318,27.5098,147.3047,147.3047,58,5,8.883501,188397518
8.688333,27.5098,148.0078,148.0078,58,5,8.883501,188397518
8.690344,27.5098,148.7109,148.7109,58,5,8.883501,188397518
8.692264,27.3340,149.4141,149.4141,58,5,8.883501,188397518
8.694344,27.3340,149.9414,149.9414,58,5,8.883501,188397518
8.696267,27.1582,150.4688,150.4688,58,5,8.883501,188397518
8.698293,27.1582,151.1719,151.1719,58,5,8.883501,188397518
8.700313,26.9824,151.6992,151.6992,58,5,8.883501,188397518
8.702327,26.8066,152.2266,152.2266,58,5,8.883501,188397518
8.704339,26.8066,152.5781,152.5781,58,5,8.883501,188397518
8.706350,26.6309,153.1055,153.1055,58,5,8.883501,188397518
8.708266,26.4551,153.4570,153.4570,58,5,8.883501,188397518
8.710281,26.2793,153.8086,153.8086,58,5,8.883501,188397518
8.712321,26.1035,154.3359,154.3359,58,5,8.883501,188397518
8.714281,25.9277,154.5117,154.5117,58,5,8.883501,188397518
8.716339,25.7520,154.8633,154.8633,59,5,8.883501,188397518
8.718350,25.4004,155.2148,155.2148,59,5,8.883501,188397518
8.720272,25.2246,155.3906,155.3906,59,5,8.883501,188397518
8.722300,24.8730,155.7422,155.7422,59,5,8.883501,188397518
8.724315,24.6973,155.9180,155.9180,59,5,8.883501,188397518
8.726327,24.3457,156.0938,156.0938,59,5,8.883501,188397518
8.728339,23.9941,156.0938,156.0938,59,5,8.883501,188397518
8.730350,23.6426,156.2695,156.2695,59,5,8.883501,188397518
8.732266,23.4668,156.4453,156.4453,59,5,8.883501,188397518
8.734281,23.1152,156.4453,156.4453,59,5,8.883501,188397518
8.736300,22.7637,156.4453,156.4453,59,5,8.883501,188397518
8.738315,22.2363,156.4453,156.4453,59,5,8.883501,188397518
8.740327,21.8848,156.4453,156.4453,59,5,8.883501,188397518
8.742344,21.5332,156.4453,156.4453,59,5,8.883501,188397518
8.744264,21.1816,156.4453,156.4453,59,5,8.883501,188397518
8.746281,20.6543,156.2695,156.2695,59,5,8.883501,188397518
8.748300,20.3027,156.0938,156.0938,59,5,8.883501,188397518
8.750315,19.7754,155.9180,155.9180,59,5,8.883501,188397518
8.754090,18.8965,155.5664,155.5664,59,5,8.883501,188397518
8.754679,18.7207,155.5664,155.5664,59,5,8.883501,188397518
8.756303,18.3691,155.3906,155.3906,59,5,8.883501,188397518
8.758318,17.8418,155.0391,155.0391,59,5,8.883501,188397518
8.760333,17.3145,154.6875,154.6875,59,5,8.883501,188397518
8.762296,16.7871,154.5117,154.5117,59,5,8.883501,188397518
8.764304,16.2598,154.1602,154.1602,59,5,8.883501,188397518
8.766300,15.7324,153.8086,153.8086,59,5,8.883501,188397518
8.768300,15.2051,153.2812,153.2812,59,5,8.883501,188397518
8.770294,14.5020,152.9297,152.9297,59,5,8.883501,188397518
8.772288,13.9746,152.4023,152.4023,59,5,8.883501,188397518
8.774280,13.2715,151.8750,151.8750,59,5,8.883501,188397518
8.776277,12.7441,151.5234,151.5234,59,5,8.883501,188397518
8.778284,12.0410,150.8203,150.8203,59,5,8.883501,188397518
8.780280,11.5137,150.2930,150.2930,59,5,8.883501,188397518
8.782272,10.9863,149.7656,149.7656,59,5,8.883501,188397518
8.784339,10.2832,149.0625,149.0625,-59,5,8.883501,188397518
8.786350,9.5801,148.3594,148.3594,-59,5,8.883501,188397518
8.788266,9.0527,147.8320,147.8320,-59,5,8.883501,188397518
8.790281,8.3496,147.1289,147.1289,-59,5,8.883501,188397518
8.792300,7.8223,146.4258,146.4258,-59,5,8.883501,188397518
8.794314,7.1191,145.7227,145.7227,-59,5,8.883501,188397518
8.796327,6.5918,145.0195,145.0195,-59,5,8.883501,188397518
8.798339,6.0645,144.3164,144.3164,-59,5,8.883501,188397518
8.800350,5.3613,143.4375,143.4375,-59,5,8.883501,188397518
8.802266,4.8340,142.7344,142.7344,-59,5,8.883501,188397518
8.804281,4.3066,142.0312,142.0312,-59,5,8.883501,188397518
8.806300,3.7793,141.1523,141.1523,-59,5,8.883501,188397518
8.808315,3.0762,140.4492,140.4492,-59,5,8.883501,188397518
8.810327,2.5488,139.5703,139.5703,-59,5,8.883501,188397518
8.812339,2.0215,138.6914,138.6914,-59,5,8.883501,188397518
8.814350,1.4941,137.8125,137.8125,-59,5,8.883501,188397518
8.816344,0.9668,136.9336,136.9336,-59,5,8.883501,188397518
8.818264,0.4395,136.0547,136.0547,-59,5,8.883501,188397518
8.820281,-0.0879,135.1758,135.1758,-59,5,8.883501,188397518
8.822311,-0.6152,134.1211,134.1211,-59,5,8.883501,188397518
8.824272,-0.9668,133.2422,133.2422,-59,5,8.883501,188397518
8.826264,-1.4941,132.1875,132.1875,-59,5,8.883501,188397518
8.828261,-2.0215,131.3086,131.3086,-59,5,8.883501,188397518
8.830348,-2.5488,130.2539,130.2539,-59,5,8.883501,188397518
8.832339,-2.9004,129.1992,129.1992,-59,5,8.883501,188397518
8.834327,-3.4277,128.1445,128.1445,-59,5,8.883501,188397518
8.836318,-3.7793,127.0898,127.0898,-59,5,8.883501,188397518
8.838312,-4.3066,126.0352,126.0352,-59,5,8.883501,188397518
8.840303,-4.6582,124.8047,124.8047,-59,5,8.883501,188397518
8.842300,-5.1855,123.7500,123.7500,-59,5,8.883501,188397518
8.844294,-5.5371,122.6953,122.6953,-59,5,8.883501,188397518
8.846285,-5.8887,121.4648,121.4648,-59,5,8.883501,188397518
8.848352,-6.2402,120.2344,120.2344,-59,5,8.883501,188397518
8.850301,-6.5918,119.0039,119.0039,-59,5,8.883501,188397518
8.854486,-7.2949,116.3672,116.3672,-59,5,8.883501,188397518
8.855226,-7.4707,115.8398,115.8398,-59,5,8.883501,188397518
8.856277,-7.6465,115.3125,115.3125,-59,5,8.883501,188397518
8.858340,-7.9980,113.9062,113.9062,-59,5,8.883501,188397518
8.860298,-8.1738,112.6758,112.6758,-59,5,8.883501,188397518
8.862283,-8.5254,111.2695,111.2695,-59,5,8.883501,188397518
8.864262,-8.7012,110.0391,110.0391,-59,5,8.883501,188397518
8.866335,-9.0527,108.4570,108.4570,-59,5,8.883501,188397518
8.868259,-9.2285,107.2266,107.2266,-59,5,8.883501,188397518
8.870335,-9.4043,105.6445,105.6445,-59,5,8.883501,188397518
8.872313,-9.5801,104.2383,104.2383,-59,5,8.883501,188397518
8.874294,-9.9316,102.6562,102.6562,-59,5,8.883501,188397518
8.876277,-10.1074,101.2500,101.2500,-59,5,8.883501,188397518
8.878320,-10.1074,99.6680,99.6680,-59,5,8.883501,188397518
8.882513,-10.4590,96.3281,96.3281,-59,5,9.128491,188642382
8.883848,-10.4590,95.2734,95.2734,-59,5,9.128491,188642382
8.884517,-10.4590,94.7461,94.7461,-59,5,9.128491,188642382
8.886311,-10.6348,93.1641,93.1641,-59,5,9.128491,188642382
8.888278,-10.6348,91.5820,91.5820,-59,5,9.128491,188642382
8.890325,-10.6348,89.8242,89.8242,-59,5,9.128491,188642382
8.892291,-10.6348,88.0664,88.0664,-59,5,9.128491,188642382
8.894287,-10.6348,86.3086,86.3086,-59,5,9.128491,188642382
8.896345,-10.6348,84.5508,84.5508,-59,5,9.128491,188642382
8.898340,-10.6348,82.7930,82.7930,-59,5,9.128491,188642382
8.900276,-10.6348,80.8594,80.8594,-59,5,9.128491,188642382
8.902310,-10.4590,78.9258,78.9258,-59,5,9.128491,188642382
8.904362,-10.2832,76.9922,76.9922,-59,5,9.128491,188642382
8.906298,-10.1074,75.0586,75.0586,-59,5,9.128491,188642382
8.908266,-9.9316,73.1250,73.1250,-59,5,9.128491,188642382
8.910283,-9.7559,71.0156,71.0156,-59,5,9.128491,188642382
8.912315,-9.4043,68.9062,68.9062,-59,5,9.128491,188642382
8.914298,-9.2285,66.7969,66.7969,-59,5,9.128491,188642382
8.916277,-8.7012,64.6875,64.6875,-59,5,9.128491,188642382
8.918259,-8.3496,62.4023,62.4023,-59,5,9.128491,188642382
8.920327,-7.9980,60.1172,60.1172,-59,5,9.128491,188642382
8.922310,-7.4707,57.8320,57.8320,-59,5,9.128491,188642382
8.924292,-6.9434,55.5469,55.5469,-59,5,9.128491,188642382
8.926275,-6.4160,53.0859,53.0859,-59,5,9.128491,188642382
8.928283,-5.7129,50.6250,50.6250,-59,5,9.128491,188642382
8.930262,-5.1855,48.1641,48.1641,-59,5,9.128491,188642382
8.932342,-4.3066,45.5273,45.5273,-59,5,9.128491,188642382
8.934335,-3.4277,42.8906,42.8906,-59,5,9.128491,188642382
8.936335,-2.5488,40.0781,40.0781,-59,5,9.128491,188642382
8.938327,-1.6699,37.2656,37.2656,-59,5,9.128491,188642382
8.940316,-0.6152,34.4531,34.4531,-59,5,9.128491,188642382
8.942310,0.6152,31.6406,31.6406,-59,5,9.128491,188642382
8.944302,1.8457,28.6523,28.6523,-59,5,9.128491,188642382
8.946298,3.0762,25.4883,25.4883,-59,5,9.128491,188642382
8.948292,4.4824,22.3242,22.3242,-59,5,9.128491,188642382
8.950287,5.8887,19.1602,19.1602,-59,5,9.128491,188642382
8.954470,9.0527,12.1289,12.1289,-59,5,9.128491,188642382
8.955116,9.5801,11.0742,11.0742,-59,5,9.128491,188642382
8.956333,10.6348,9.1406,9.1406,-59,5,9.128491,188642382
8.958324,12.2168,5.6250,5.6250,-59,5,9.128491,188642382
8.960313,13.7988,2.2852,2.2852,-59,5,9.128491,188642382
8.962304,15.3809,-1.0547,-1.0547,-59,5,9.128491,188642382
8.964298,16.9629,-4.3945,-4.3945,-59,5,9.128491,188642382
8.966291,18.5449,-7.7344,-7.7344,-59,5,9.128491,188642382
8.968286,19.9512,-10.8984,-10.8984,-59,5,9.128491,188642382
8.970277,21.3574,-14.0625,-14.0625,-59,5,9.128491,188642382
8.972271,22.5879,-17.2266,-17.2266,-59,5,9.128491,188642382
8.974262,23.9941,-20.2148,-20.2148,-59,5,9.128491,188642382
8.976350,25.2246,-23.3789,-23.3789,-59,5,9.128491,188642382
8.978346,26.2793,-26.1914,-26.1914,0,5,9.128491,188642382
8.980316,27.3340,-29.0039,-29.0039,0,5,9.128491,188642382
8.982294,28.2129,-31.8164,-31.8164,0,5,9.128491,188642382
8.984275,29.0918,-34.4531,-34.4531,0,5,9.128491,188642382
8.986348,29.9707,-37.2656,-37.2656,0,5,9.128491,188642382
8.988321,30.6738,-39.7266,-39.7266,0,5,9.128491,188642382
8.990298,31.3770,-42.1875,-42.1875,0,5,9.128491,188642382
8.992275,32.0801,-44.6484,-44.6484,0,5,9.128491,188642382
8.994348,32.7832,-47.2852,-47.2852,0,5,9.128491,188642382
8.996316,33.3105,-49.5703,-49.5703,0,5,9.128491,188642382
8.998277,33.8379,-51.8555,-51.8555,0,5,9.128491,188642382
9.000259,34.1895,-54.1406,-54.1406,-58,5,9.128491,188642382
9.002335,34.7168,-56.4258,-56.4258,-58,5,9.128491,188642382
9.004313,35.0684,-58.5352,-58.5352,-58,5,9.128491,188642382
9.006277,35.4199,-60.6445,-60.6445,0,5,9.128491,188642382
9.008335,35.7715,-62.9297,-62.9297,0,5,9.128491,188642382
9.010300,36.1230,-65.0391,-65.0391,0,5,9.128491,188642382
9.012262,36.2988,-66.9727,-66.9727,0,5,9.128491,188642382
9.014322,36.6504,-69.0820,-69.0820,0,5,9.128491,188642382
9.016286,36.8262,-71.0156,-71.0156,0,5,9.128491,188642382
9.018348,37.0020,-72.9492,-72.9492,0,5,9.128491,188642382
9.020292,37.1777,-74.8828,-74.8828,-58,5,9.128491,188642382
9.022275,37.3535,-76.6406,-76.6406,-57,5,9.128491,188642382
9.024358,37.5293,-78.7500,-78.7500,-57,5,9.128491,188642382
9.026302,37.7051,-80.5078,-80.5078,-57,5,9.128491,188642382
9.028283,37.7051,-82.2656,-82.2656,-57,5,9.128491,188642382
9.030262,37.8809,-84.0234,-84.0234,-57,5,9.128491,188642382
9.032335,37.8809,-85.7812,-85.7812,-57,5,9.128491,188642382
9.034313,37.8809,-87.5391,-87.5391,-57,5,9.128491,188642382
9.036294,38.0566,-89.1211,-89.1211,-57,5,9.128491,188642382
9.038277,38.0566,-90.7031,-90.7031,-57,5,9.128491,188642382
9.040350,38.0566,-92.4609,-92.4609,-57,5,9.128491,188642382
9.042332,38.0566,-94.0430,-94.0430,-57,5,9.128491,188642382
9.044313,38.0566,-95.6250,-95.6250,-57,5,9.128491,188642382
9.046294,38.0566,-97.2070,-97.2070,-57,5,9.128491,188642382
9.048277,38.0566,-98.6133,-98.6133,-57,5,9.128491,188642382
9.050350,38.0566,-100.1953,-100.1953,-57,5,9.128491,188642382
9.054133,38.0566,-103.0078,-103.0078,-57,5,9.128491,188642382
9.054665,38.0566,-103.3594,-103.3594,-57,5,9.128491,188642382
9.056259,38.0566,-104.5898,-104.5898,-57,5,9.128491,188642382
9.058335,37.8809,-105.9961,-105.9961,-57,5,9.128491,188642382
9.060313,37.8809,-107.4023,-107.4023,-57,5,9.128491,188642382
9.062294,37.8809,-108.6328,-108.6328,-57,5,9.128491,188642382
9.064304,37.7051,-110.0391,-110.0391,-57,5,9.128491,188642382
9.066287,37.7051,-111.4453,-111.4453,-57,5,9.128491,188642382
9.068267,37.7051,-112.6758,-112.6758,-57,5,9.128491,188642382
9.070340,37.7051,-113.9062,-113.9062,-57,5,9.128491,188642382
9.072316,37.5293,-115.1367,-115.1367,-57,5,9.128491,188642382
9.074300,37.5293,-116.3672,-116.3672,-57,5,9.128491,188642382
9.076277,37.3535,-117.5977,-117.5977,-57,5,9.128491,188642382
9.078262,37.3535,-118.8281,-118.8281,-57,5,9.128491,188642382
9.080335,37.3535,-119.8828,-119.8828,-57,5,9.128491,188642382
9.082313,37.1777,-121.1133,-121.1133,-57,5,9.128491,188642382
9.084298,37.1777,-122.1680,-122.1680,-57,5,9.128491,188642382
9.086277,37.1777,-123.2227,-123.2227,-57,5,9.128491,188642382
9.088350,37.0020,-124.2773,-124.2773,-57,5,9.128491,188642382
9.090332,37.0020,-125.3320,-125.3320,-58,5,9.128491,188642382
9.092313,37.0020,-126.2109,-126.2109,-58,5,9.128491,188642382
9.094294,37.0020,-127.2656,-127.2656,-58,5,9.128491,188642382
9.096277,37.0020,-128.1445,-128.1445,-58,5,9.128491,188642382
9.098350,37.0020,-129.1992,-129.1992,-58,5,9.128491,188642382
9.100332,36.8262,-130.0781,-130.0781,-58,5,9.128491,188642382
9.102313,36.8262,-130.9570,-130.9570,-58,5,9.128491,188642382
9.104298,36.8262,-131.8359,-131.8359,-58,5,9.128491,188642382
9.106277,36.8262,-132.5391,-132.5391,-58,5,9.128491,188642382
9.108272,36.8262,-133.4180,-133.4180,-58,5,9.128491,188642382
9.110264,36.8262,-134.2969,-134.2969,-58,5,9.128491,188642382
9.112254,37.0020,-135.0000,-135.0000,-58,5,9.128491,188642382
9.114315,37.0020,-135.7031,-135.7031,-58,5,9.128491,188642382
9.116282,37.0020,-136.4062,-136.4062,-58,5,9.128491,188642382
9.118285,37.0020,-137.1094,-137.1094,-58,5,9.128491,188642382
9.120301,37.1777,-137.8125,-137.8125,-58,5,9.128491,188642382
9.122299,37.1777,-138.5156,-138.5156,-57,5,9.128491,188642382
9.127524,37.5293,-139.9219,-139.9219,-57,5,9.370749,188885705
9.128963,37.7051,-140.2734,-140.2734,-57,5,9.370749,188885705
9.129721,37.7051,-140.6250,-140.6250,-57,5,9.370749,188885705
9.130453,37.7051,-140.8008,-140.8008,-57,5,9.370749,188885705
9.132300,37.8809,-141.1523,-141.1523,-57,5,9.370749,188885705
9.134340,38.0566,-141.6797,-141.6797,-57,5,9.370749,188885705
9.136336,38.2324,-142.2070,-142.2070,-57,5,9.370749,188885705
9.138276,38.4082,-142.5586,-142.5586,-57,5,9.370749,188885705
9.140332,38.5840,-142.9102,-142.9102,-57,5,9.370749,188885705
9.142303,38.7598,-143.2617,-143.2617,-57,5,9.370749,188885705
9.144411,38.9355,-143.6133,-143.6133,-57,5,9.370749,188885705
9.146302,39.1113,-143.9648,-143.9648,-57,5,9.370749,188885705
9.148313,39.4629,-144.3164,-144.3164,-57,5,9.370749,188885705
9.150287,39.8145,-144.4922,-144.4922,-57,5,9.370749,188885705
9.154733,40.3418,-145.0195,-145.0195,-57,5,9.370749,188885705
9.155397,40.5176,-145.1953,-145.1953,-57,5,9.370749,188885705
9.156337,40.5176,-145.1953,-145.1953,-57,5,9.370749,188885705
9.158350,40.8691,-145.3711,-145.3711,-57,5,9.370749,188885705
9.160266,41.2207,-145.5469,-145.5469,-57,5,9.370749,188885705
9.162281,41.5723,-145.7227,-145.7227,-57,5,9.370749,188885705
9.164300,41.9238,-145.7227,-145.7227,-57,5,9.370749,188885705
9.166314,42.2754,-145.7227,-145.7227,-57,5,9.370749,188885705
9.168327,42.6270,-145.7227,-145.7227,-57,5,9.370749,188885705
9.170281,42.9785,-145.8984,-145.8984,-57,5,9.370749,188885705
9.172300,43.5059,-145.8984,-145.8984,-57,5,9.370749,188885705
9.174314,43.8574,-145.7227,-145.7227,-57,5,9.370749,188885705
9.176327,44.3848,-145.7227,-145.7227,-57,5,9.370749,188885705
9.178260,44.7363,-145.5469,-145.5469,-57,5,9.370749,188885705
9.180277,45.2637,-145.5469,-145.5469,-57,5,9.370749,188885705
9.182296,45.6152,-145.3711,-145.3711,-57,5,9.370749,188885705
9.184313,46.1426,-145.1953,-145.1953,-57,5,9.370749,188885705
9.186327,46.6699,-145.0195,-145.0195,-56,5,9.370749,188885705
9.188339,47.1973,-144.8438,-144.8438,-56,5,9.370749,188885705
9.190261,47.7246,-144.4922,-144.4922,-56,5,9.370749,188885705
9.192280,48.2520,-144.1406,-144.1406,-56,5,9.370749,188885705
9.194319,48.7793,-143.7891,-143.7891,-56,5,9.370749,188885705
9.196334,49.3066,-143.6133,-143.6133,-56,5,9.370749,188885705
9.198344,49.8340,-143.2617,-143.2617,-56,5,9.370749,188885705
9.200264,50.5371,-142.9102,-142.9102,-56,5,9.370749,188885705
9.202281,51.0645,-142.3828,-142.3828,-54,5,9.370749,188885705
9.204300,51.7676,-142.0312,-142.0312,-52,5,9.370749,188885705
9.206314,52.2949,-141.5039,-141.5039,-50,5,9.370749,188885705
9.208327,52.8223,-140.9766,-140.9766,-49,5,9.370749,188885705
9.210339,53.5254,-140.6250,-140.6250,-47,5,9.370749,188885705
9.212264,54.0527,-140.0977,-140.0977,55,5,9.370749,188885705
9.214281,54.7559,-139.5703,-139.5703,55,5,9.370749,188885705
9.216300,55.2832,-138.8672,-138.8672,55,5,9.370749,188885705
9.218314,55.9863,-138.3398,-138.3398,55,5,9.370749,188885705
9.220275,56.5137,-137.8125,-137.8125,55,5,9.370749,188885705
9.222302,57.0410,-137.2852,-137.2852,55,5,9.370749,188885705
9.224255,57.7441,-136.5820,-136.5820,55,5,9.370749,188885705
9.226302,58.2715,-135.8789,-135.8789,55,5,9.370749,188885705
9.228318,58.9746,-135.3516,-135.3516,55,5,9.370749,188885705
9.230333,59.5020,-134.6484,-134.6484,55,5,9.370749,188885705
9.232266,60.0293,-133.9453,-133.9453,55,5,9.370749,188885705
9.234304,60.5566,-133.2422,-133.2422,55,5,9.370749,188885705
9.236300,61.2598,-132.5391,-132.5391,54,5,9.370749,188885705
9.238294,61.7871,-131.8359,-131.8359,54,5,9.370749,188885705
9.240285,62.3145,-131.1328,-131.1328,54,5,9.370749,188885705
9.242277,62.8418,-130.2539,-130.2539,54,5,9.370749,188885705
9.244266,63.3691,-129.5508,-129.5508,54,5,9.370749,188885705
9.246261,63.8965,-128.6719,-128.6719,54,5,9.370749,188885705
9.248344,64.4238,-127.9688,-127.9688,54,5,9.370749,188885705
9.250335,64.9512,-127.0898,-127.0898,54,5,9.370749,188885705
9.254220,66.0059,-125.3320,-125.3320,54,5,9.370749,188885705
9.254790,66.1816,-125.1562,-125.1562,54,5,9.370749,188885705
9.256294,66.5332,-124.4531,-124.4531,54,5,9.370749,188885705
9.258324,67.0605,-123.5742,-123.5742,54,5,9.370749,188885705
9.260315,67.4121,-122.6953,-122.6953,53,5,9.370749,188885705
9.262306,67.9395,-121.8164,-121.8164,53,5,9.370749,188885705
9.264300,68.4668,-120.7617,-120.7617,53,5,9.370749,188885705
9.266294,68.9941,-119.8828,-119.8828,53,5,9.370749,188885705
9.268285,69.3457,-118.8281,-118.8281,53,5,9.370749,188885705
9.270277,69.8730,-117.7734,-117.7734,53,5,9.370749,188885705
9.272266,70.2246,-116.7188,-116.7188,53,5,9.370749,188885705
9.274261,70.7520,-115.6641,-115.6641,53,5,9.370749,188885705
9.276257,71.1035,-114.6094,-114.6094,53,5,9.370749,188885705
9.278302,71.4551,-113.5547,-113.5547,53,5,9.370749,188885705
9.280297,71.9824,-112.5000,-112.5000,53,5,9.370749,188885705
9.282302,72.3340,-111.2695,-111.2695,53,5,9.370749,188885705
9.284308,72.6855,-110.0391,-110.0391,53,5,9.370749,188885705
9.286324,73.0371,-108.9844,-108.9844,52,5,9.370749,188885705
9.288315,73.5645,-107.7539,-107.7539,52,5,9.370749,188885705
9.290306,73.7402,-106.5234,-106.5234,52,5,9.370749,188885705
9.292300,74.0918,-105.2930,-105.2930,52,5,9.370749,188885705
9.294294,74.4434,-104.0625,-104.0625,52,5,9.370749,188885705
9.296286,74.7949,-102.8320,-102.8320,52,5,9.370749,188885705
9.298281,75.1465,-101.4258,-101.4258,52,5,9.370749,188885705
9.300271,75.3223,-100.1953,-100.1953,52,5,9.370749,188885705
9.302264,75.6738,-98.7891,-98.7891,52,5,9.370749,188885705
9.304255,75.8496,-97.3828,-97.3828,52,5,9.370749,188885705
9.306344,76.2012,-95.9766,-95.9766,52,5,9.370749,188885705
9.308335,76.3770,-94.5703,-94.5703,52,5,9.370749,188885705
9.310322,76.5527,-93.1641,-93.1641,52,5,9.370749,188885705
9.312315,76.9043,-91.7578,-91.7578,52,5,9.370749,188885705
9.314306,77.0801,-90.1758,-90.1758,52,5,9.370749,188885705
9.316300,77.2559,-88.7695,-88.7695,52,5,9.370749,188885705
9.318293,77.2559,-87.1875,-87.1875,52,5,9.370749,188885705
9.320285,77.4316,-85.6055,-85.6055,52,5,9.370749,188885705
9.322277,77.6074,-84.0234,-84.0234,52,5,9.370749,188885705
9.324266,77.7832,-82.4414,-82.4414,52,5,9.370749,188885705
9.326261,77.7832,-80.8594,-80.8594,52,5,9.370749,188885705
9.328325,77.7832,-79.1016,-79.1016,52,5,9.370749,188885705
9.330316,77.9590,-77.3438,-77.3438,52,5,9.370749,188885705
9.332307,77.9590,-75.5859,-75.5859,52,5,9.370749,188885705
9.334300,77.9590,-73.8281,-73.8281,52,5,9.370749,188885705
9.336296,77.9590,-72.0703,-72.0703,52,5,9.370749,188885705
9.338344,77.7832,-70.1367,-70.1367,52,5,9.370749,188885705
9.340335,77.7832,-68.2031,-68.2031,52,5,9.370749,188885705
9.342325,77.7832,-66.4453,-66.4453,52,5,9.370749,188885705
9.344317,77.6074,-64.3359,-64.3359,52,5,9.370749,188885705
9.346308,77.4316,-62.5781,-62.5781,52,5,9.370749,188885705
9.348300,77.2559,-60.4688,-60.4688,52,5,9.370749,188885705
9.350294,77.0801,-58.3594,-58.3594,52,5,9.370749,188885705
9.354049,76.5527,-54.4922,-54.4922,52,5,9.370749,188885705
9.354692,76.3770,-53.7891,-53.7891,52,5,9.370749,188885705
9.356274,76.0254,-52.0312,-52.0312,52,5,9.370749,188885705
9.358348,75.6738,-49.7461,-49.7461,52,5,9.370749,188885705
9.360338,75.3223,-47.4609,-47.4609,52,5,9.370749,188885705
9.362286,74.7949,-45.1758,-45.1758,52,5,9.370749,188885705
9.364328,74.2676,-42.7148,-42.7148,52,5,9.370749,188885705
9.366268,73.7402,-40.4297,-40.4297,52,5,9.370749,188885705
9.370859,72.1582,-34.4531,-34.4531,52,5,9.610524,189119465
9.372126,71.8066,-33.0469,-33.0469,53,5,9.610524,189119465
9.372863,71.4551,-31.9922,-31.9922,53,5,9.610524,189119465
9.374386,70.9277,-30.0586,-30.0586,53,5,9.610524,189119465
9.376270,70.0488,-27.4219,-27.4219,53,5,9.610524,189119465
9.378257,68.9941,-24.6094,-24.6094,53,5,9.610524,189119465
9.380345,67.9395,-21.7969,-21.7969,53,5,9.610524,189119465
9.382330,66.8848,-18.8086,-18.8086,53,5,9.610524,189119465
9.384322,65.8301,-15.8203,-15.8203,53,5,9.610524,189119465
9.386959,64.0723,-11.6016,-11.6016,54,5,9.610524,189119465
9.388325,63.1934,-9.4922,-9.4922,54,5,9.610524,189119465
9.390260,61.7871,-6.3281,-6.3281,54,5,9.610524,189119465
9.392261,60.3809,-3.1641,-3.1641,54,5,9.610524,189119465
9.394279,58.7988,0.3516,0.3516,54,5,9.610524,189119465
9.396281,57.2168,3.6914,3.6914,55,5,9.610524,189119465
9.398285,55.6348,7.0312,7.0312,55,5,9.610524,189119465
9.400287,54.0527,10.3711,10.3711,55,5,9.610524,189119465
9.402293,52.6465,13.8867,13.8867,55,5,9.610524,189119465
9.404306,51.0645,17.2266,17.2266,56,5,9.610524,189119465
9.406315,49.6582,20.3906,20.3906,56,5,9.610524,189119465
9.408317,48.2520,23.7305,23.7305,56,5,9.610524,189119465
9.410320,46.8457,26.8945,26.8945,56,5,9.610524,189119465
9.412322,45.6152,29.8828,29.8828,56,5,9.610524,189119465
9.414322,44.3848,33.0469,33.0469,57,5,9.610524,189119465
9.416322,43.3301,35.8594,35.8594,57,5,9.610524,189119465
9.418322,42.0996,38.8477,38.8477,57,5,9.610524,189119465
9.420322,41.2207,41.6602,41.6602,57,5,9.610524,189119465
9.422322,40.3418,44.4727,44.4727,57,5,9.610524,189119465
9.424327,39.4629,47.1094,47.1094,57,5,9.610524,189119465
9.426261,38.7598,49.7461,49.7461,57,5,9.610524,189119465
9.428344,37.8809,52.3828,52.3828,57,5,9.610524,189119465
9.430290,37.3535,54.8438,54.8438,0,5,9.610524,189119465
9.432267,36.6504,57.3047,57.3047,0,5,9.610524,189119465
9.434279,36.1230,59.7656,59.7656,0,5,9.610524,189119465
9.436349,35.5957,62.2266,62.2266,0,5,9.610524,189119465
9.438322,35.0684,64.5117,64.5117,0,5,9.610524,189119465
9.440300,34.7168,66.7969,66.7969,0,5,9.610524,189119465
9.442277,34.3652,69.0820,69.0820,0,5,9.610524,189119465
9.444344,33.8379,71.3672,71.3672,0,5,9.610524,189119465
9.446337,33.4863,73.4766,73.4766,58,5,9.610524,189119465
9.448313,33.3105,75.5859,75.5859,0,5,9.610524,189119465
9.450285,32.9590,77.6953,77.6953,0,5,9.610524,189119465
9.454424,32.6074,81.9141,81.9141,0,5,9.610524,189119465
9.454987,32.6074,82.4414,82.4414,0,5,9.610524,189119465
9.456279,32.4316,83.6719,83.6719,0,5,9.610524,189119465
9.458349,32.2559,85.7812,85.7812,0,5,9.610524,189119465
9.460322,32.0801,87.5391,87.5391,0,5,9.610524,189119465
9.462300,32.0801,89.4727,89.4727,0,5,9.610524,189119465
9.464277,32.0801,91.4062,91.4062,0,5,9.610524,189119465
9.466344,31.9043,93.1641,93.1641,0,5,9.610524,189119465
9.468294,31.9043,94.9219,94.9219,58,5,9.610524,189119465
9.470285,31.9043,96.6797,96.6797,58,5,9.610524,189119465
9.472277,31.9043,98.4375,98.4375,58,5,9.610524,189119465
9.474344,31.9043,100.1953,100.1953,0,5,9.610524,189119465
9.476317,31.9043,101.9531,101.9531,0,5,9.610524,189119465
9.478315,31.9043,103.5352,103.5352,0,5,9.610524,189119465
9.480289,31.9043,105.2930,105.2930,0,5,9.610524,189119465
9.482264,32.0801,106.8750,106.8750,0,5,9.610524,189119465
9.484335,32.0801,108.4570,108.4570,0,5,9.610524,189119465
9.486312,32.0801,110.0391,110.0391,0,5,9.610524,189119465
9.488285,32.2559,111.4453,111.4453,0,5,9.610524,189119465
9.490280,32.2559,113.0273,113.0273,58,5,9.610524,189119465
9.492271,32.4316,114.6094,114.6094,58,5,9.610524,189119465
9.494264,32.6074,116.0156,116.0156,58,5,9.610524,189119465
9.496255,32.7832,117.4219,117.4219,58,5,9.610524,189119465
9.498322,32.9590,118.8281,118.8281,0,5,9.610524,189119465
9.500300,32.9590,120.2344,120.2344,0,5,9.610524,189119465
9.502277,33.1348,121.6406,121.6406,0,5,9.610524,189119465
9.504344,33.3105,123.0469,123.0469,0,5,9.610524,189119465
9.506317,33.4863,124.2773,124.2773,0,5,9.610524,189119465
9.508293,33.6621,125.6836,125.6836,0,5,9.610524,189119465
9.510286,33.8379,126.9141,126.9141,58,5,9.610524,189119465
9.512280,34.0137,128.1445,128.1445,58,5,9.610524,189119465
9.514272,34.1895,129.3750,129.3750,58,5,9.610524,189119465
9.516264,34.3652,130.6055,130.6055,58,5,9.610524,189119465
9.518254,34.5410,131.8359,131.8359,58,5,9.610524,189119465
9.520344,34.8926,133.0664,133.0664,58,5,9.610524,189119465
9.522335,34.8926,134.1211,134.1211,58,5,9.610524,189119465
9.524322,35.0684,135.3516,135.3516,58,5,9.610524,189119465
9.526300,35.4199,136.4062,136.4062,58,5,9.610524,189119465
9.528315,35.5957,137.4609,137.4609,58,5,9.610524,189119465
9.530331,35.7715,138.5156,138.5156,58,5,9.610524,189119465
9.532315,35.9473,139.5703,139.5703,58,5,9.610524,189119465
9.534350,36.1230,140.4492,140.4492,58,5,9.610524,189119465
9.536266,36.2988,141.5039,141.5039,58,5,9.610524,189119465
9.538281,36.2988,142.3828,142.3828,58,5,9.610524,189119465
9.540300,36.4746,143.4375,143.4375,58,5,9.610524,189119465
9.542315,36.6504,144.3164,144.3164,58,5,9.610524,189119465
9.544327,36.8262,145.1953,145.1953,58,5,9.610524,189119465
9.546339,37.0020,145.8984,145.8984,58,5,9.610524,189119465
9.548350,37.0020,146.7773,146.7773,58,5,9.610524,189119465
9.550266,37.1777,147.6562,147.6562,58,5,9.610524,189119465
9.554260,37.3535,149.0625,149.0625,57,5,9.610524,189119465
9.554883,37.3535,149.4141,149.4141,57,5,9.610524,189119465
9.556315,37.3535,149.7656,149.7656,57,5,9.610524,189119465
9.558327,37.5293,150.4688,150.4688,57,5,9.610524,189119465
9.560339,37.5293,151.1719,151.1719,57,5,9.610524,189119465
9.562350,37.5293,151.8750,151.8750,57,5,9.610524,189119465
9.564266,37.5293,152.4023,152.4023,57,5,9.610524,189119465
9.566281,37.5293,153.1055,153.1055,57,5,9.610524,189119465
9.568300,37.7051,153.6328,153.6328,57,5,9.610524,189119465
9.570315,37.7051,154.1602,154.1602,57,5,9.610524,189119465
9.572264,37.7051,154.6875,154.6875,57,5,9.610524,189119465
9.574281,37.5293,155.2148,155.2148,57,5,9.610524,189119465
9.576300,37.5293,155.7422,155.7422,57,5,9.610524,189119465
9.578323,37.5293,156.0938,156.0938,57,5,9.610524,189119465
9.580339,37.3535,156.4453,156.4453,57,5,9.610524,189119465
9.582350,37.3535,156.7969,156.7969,57,5,9.610524,189119465
9.584266,37.1777,157.1484,157.1484,57,5,9.610524,189119465
9.586347,37.0020,157.5000,157.5000,57,5,9.610524,189119465
9.588269,37.0020,157.8516,157.8516,58,5,9.610524,189119465
9.590302,36.8262,158.0273,158.0273,58,5,9.610524,189119465
9.592316,36.6504,158.3789,158.3789,58,5,9.610524,189119465
9.594333,36.4746,158.5547,158.5547,58,5,9.610524,189119465
9.596285,36.2988,158.7305,158.7305,58,5,9.610524,189119465
9.598258,36.1230,158.9062,158.9062,58,5,9.610524,189119465
9.600295,35.7715,159.0820,159.0820,58,5,9.610524,189119465
9.604593,35.2441,159.2578,159.2578,58,5,9.863455,189360183
9.605957,35.0684,159.2578,159.2578,58,5,9.863455,189360183
9.606710,35.0684,159.2578,159.2578,58,5,9.863455,189360183
9.608358,34.7168,159.2578,159.2578,58,5,9.863455,189360183
9.610269,34.5410,159.2578,159.2578,58,5,9.863455,189360183
9.612294,34.1895,159.2578,159.2578,58,5,9.863455,189360183
9.614316,33.8379,159.2578,159.2578,58,5,9.863455,189360183
9.616337,33.4863,159.2578,159.2578,58,5,9.863455,189360183
9.618360,33.1348,159.0820,159.0820,58,5,9.863455,189360183
9.620302,32.7832,158.9062,158.9062,58,5,9.863455,189360183
9.622310,32.4316,158.7305,158.7305,58,5,9.863455,189360183
9.624254,32.0801,158.5547,158.5547,58,5,9.863455,189360183
9.626458,31.5527,158.3789,158.3789,58,5,9.863455,189360183
9.628321,31.2012,158.2031,158.2031,58,5,9.863455,189360183
9.630288,30.8496,157.8516,157.8516,58,5,9.863455,189360183
9.632327,30.3223,157.5000,157.5000,58,5,9.863455,189360183
9.634333,29.9707,157.3242,157.3242,58,5,9.863455,189360183
9.636315,29.4434,156.9727,156.9727,-21,5,9.863455,189360183
9.638327,29.0918,156.6211,156.6211,-22,5,9.863455,189360183
9.640339,28.5645,156.0938,156.0938,-23,5,9.863455,189360183
9.642350,28.0371,155.7422,155.7422,-25,5,9.863455,189360183
9.644266,27.6855,155.3906,155.3906,-27,5,9.863455,189360183
9.646283,27.1582,155.0391,155.0391,-28,5,9.863455,189360183
9.648343,26.6309,154.5117,154.5117,-29,5,9.863455,189360183
9.650261,26.1035,153.9844,153.9844,-31,5,9.863455,189360183
9.654457,25.2246,152.9297,152.9297,-32,5,9.863455,189360183
9.655170,25.0488,152.7539,152.7539,-59,5,9.863455,189360183
9.656307,24.6973,152.4023,152.4023,-59,5,9.863455,189360183
9.658322,24.1699,151.8750,151.8750,-59,5,9.863455,189360183
9.660337,23.8184,151.3477,151.3477,-59,5,9.863455,189360183
9.662350,23.2910,150.8203,150.8203,-59,5,9.863455,189360183
9.664266,22.7637,150.2930,150.2930,-59,5,9.863455,189360183
9.666281,22.4121,149.5898,149.5898,-59,5,9.863455,189360183
9.668300,21.8848,149.0625,149.0625,-59,5,9.863455,189360183
9.670315,21.3574,148.3594,148.3594,-59,5,9.863455,189360183
9.672327,21.0059,147.6562,147.6562,-59,5,9.863455,189360183
9.674339,20.4785,146.9531,146.9531,-59,5,9.863455,189360183
9.676350,20.1270,146.2500,146.2500,-59,5,9.863455,189360183
9.678289,19.5996,145.5469,145.5469,-59,5,9.863455,189360183
9.680304,19.0723,145.0195,145.0195,-59,5,9.863455,189360183
9.682319,18.7207,144.1406,144.1406,-59,5,9.863455,189360183
9.684334,18.1934,143.4375,143.4375,-59,5,9.863455,189360183
9.686344,17.8418,142.7344,142.7344,-59,5,9.863455,189360183
9.688264,17.4902,142.0312,142.0312,-59,5,9.863455,189360183
9.690281,16.9629,141.1523,141.1523,-59,5,9.863455,189360183
9.692300,16.6113,140.4492,140.4492,-59,5,9.863455,189360183
9.694277,16.2598,139.5703,139.5703,-59,5,9.863455,189360183
9.696297,15.9082,138.6914,138.6914,-59,5,9.863455,189360183
9.698315,15.3809,137.8125,137.8125,-59,5,9.863455,189360183
9.700333,15.0293,136.9336,136.9336,-59,5,9.863455,189360183
9.702344,14.6777,136.0547,136.0547,-59,5,9.863455,189360183
9.704264,14.3262,135.1758,135.1758,-59,5,9.863455,189360183
9.706281,13.9746,134.2969,134.2969,-59,5,9.863455,189360183
9.708315,13.6230,133.2422,133.2422,-59,5,9.863455,189360183
9.710306,13.2715,132.3633,132.3633,-59,5,9.863455,189360183
9.712300,12.9199,131.3086,131.3086,-59,5,9.863455,189360183
9.714294,12.5684,130.4297,130.4297,-59,5,9.863455,189360183
9.716285,12.3926,129.3750,129.3750,-59,5,9.863455,189360183
9.718277,12.0410,128.3203,128.3203,-59,5,9.863455,189360183
9.720266,11.6895,127.2656,127.2656,-59,5,9.863455,189360183
9.722261,11.5137,126.2109,126.2109,-59,5,9.863455,189360183
9.724348,11.1621,125.1562,125.1562,-59,5,9.863455,189360183
9.726339,10.9863,123.9258,123.9258,-59,5,9.863455,189360183
9.728327,10.6348,122.8711,122.8711,-59,5,9.863455,189360183
9.730318,10.4590,121.6406,121.6406,-59,5,9.863455,189360183
9.732312,10.2832,120.5859,120.5859,-59,5,9.863455,189360183
9.734303,9.9316,119.3555,119.3555,-59,5,9.863455,189360183
9.736297,9.7559,118.1250,118.1250,-59,5,9.863455,189360183
9.738339,9.5801,116.8945,116.8945,-59,5,9.863455,189360183
9.740327,9.4043,115.6641,115.6641,-59,5,9.863455,189360183
9.742320,9.2285,114.2578,114.2578,-59,5,9.863455,189360183
9.744315,9.0527,113.0273,113.0273,-59,5,9.863455,189360183
9.746331,8.8770,111.6211,111.6211,-59,5,9.863455,189360183
9.748322,8.7012,110.3906,110.3906,-59,5,9.863455,189360183
9.750315,8.5254,108.9844,108.9844,-59,5,9.863455,189360183
9.754088,8.3496,106.3477,106.3477,-59,5,9.863455,189360183
9.754613,8.3496,105.9961,105.9961,-59,5,9.863455,189360183
9.756314,8.1738,104.5898,104.5898,-59,5,9.863455,189360183
9.758306,8.1738,103.1836,103.1836,-59,5,9.863455,189360183
9.760300,8.1738,101.7773,101.7773,-59,5,9.863455,189360183
9.762294,8.1738,100.1953,100.1953,-59,5,9.863455,189360183
9.764314,8.1738,98.6133,98.6133,-59,5,9.863455,189360183
9.766306,8.1738,97.0312,97.0312,-59,5,9.863455,189360183
9.768300,8.1738,95.4492,95.4492,-59,5,9.863455,189360183
9.770294,8.1738,93.8672,93.8672,-59,5,9.863455,189360183
9.772285,8.1738,92.1094,92.1094,-59,5,9.863455,189360183
9.774277,8.1738,90.5273,90.5273,-59,5,9.863455,189360183
9.776266,8.3496,88.7695,88.7695,-59,5,9.863455,189360183
9.778269,8.3496,87.0117,87.0117,-59,5,9.863455,189360183
9.780260,8.5254,85.2539,85.2539,-59,5,9.863455,189360183
9.782344,8.7012,83.3203,83.3203,-59,5,9.863455,189360183
9.784337,8.8770,81.5625,81.5625,-59,5,9.863455,189360183
9.786327,9.0527,79.6289,79.6289,-59,5,9.863455,189360183
9.788318,9.4043,77.6953,77.6953,-59,5,9.863455,189360183
9.790312,9.5801,75.7617,75.7617,-59,5,9.863455,189360183
9.792303,9.9316,73.8281,73.8281,-59,5,9.863455,189360183
9.794300,10.2832,71.8945,71.8945,-59,5,9.863455,189360183
9.796294,10.6348,69.7852,69.7852,-59,5,9.863455,189360183
9.798285,11.1621,67.6758,67.6758,-59,5,9.863455,189360183
9.800277,11.5137,65.5664,65.5664,-59,5,9.863455,189360183
9.802266,12.0410,63.4570,63.4570,-59,5,9.863455,189360183
9.804261,12.5684,61.1719,61.1719,-59,5,9.863455,189360183
9.806254,13.0957,58.8867,58.8867,-59,5,9.863455,189360183
9.808344,13.7988,56.4258,56.4258,-59,5,9.863455,189360183
9.810335,14.5020,54.1406,54.1406,-59,5,9.863455,189360183
9.812322,15.2051,51.6797,51.6797,-59,5,9.863455,189360183
9.814315,15.9082,49.2188,49.2188,-59,5,9.863455,189360183
9.816306,16.7871,46.7578,46.7578,-59,5,9.863455,189360183
9.818300,17.8418,44.1211,44.1211,-59,5,9.863455,189360183
9.820312,18.7207,41.4844,41.4844,-59,5,9.863455,189360183
9.822315,19.7754,38.6719,38.6719,-59,5,9.863455,189360183
9.824318,21.0059,35.8594,35.8594,-59,5,9.863455,189360183
9.826322,22.2363,33.0469,33.0469,-59,5,9.863455,189360183
9.828322,23.6426,30.0586,30.0586,-59,5,9.863455,189360183
9.830268,24.8730,27.0703,27.0703,-59,5,9.863455,189360183
9.832313,26.4551,23.7305,23.7305,-59,5,9.863455,189360183
9.834304,27.8613,20.7422,20.7422,-58,5,9.863455,189360183
9.836349,29.6191,17.4023,17.4023,-58,5,9.863455,189360183
9.838264,31.2012,14.2383,14.2383,-58,5,9.863455,189360183
9.840298,32.9590,10.8984,10.8984,-58,5,9.863455,189360183
9.845338,37.5293,2.1094,2.1094,-58,5,10.104709,189620988
9.846732,38.7598,0.0000,0.0000,-57,5,10.104709,189620988
9.847429,39.2871,-1.2305,-1.2305,-57,5,10.104709,189620988
9.848352,40.1660,-2.8125,-2.8125,-57,5,10.104709,189620988
9.850298,41.7480,-5.8008,-5.8008,-57,5,10.104709,189620988
9.854507,45.0879,-12.6562,-12.6562,-57,5,10.104709,189620988
9.855111,45.4395,-13.5352,-13.5352,-57,5,10.104709,189620988
9.856328,46.4941,-15.4688,-15.4688,-57,5,10.104709,189620988
9.858318,47.9004,-18.4570,-18.4570,-56,5,10.104709,189620988
9.860275,49.1309,-21.4453,-21.4453,-56,5,10.104709,189620988
9.862270,50.3613,-24.2578,-24.2578,-56,5,10.104709,189620988
9.864314,51.7676,-27.2461,-27.2461,-54,5,10.104709,189620988
9.866645,52.9980,-30.5859,-30.5859,-50,5,10.104709,189620988
9.868330,53.8770,-32.8711,-32.8711,-47,5,10.104709,189620988
9.870327,54.9316,-35.5078,-35.5078,-44,5,10.104709,189620988
9.872316,55.8105,-38.1445,-38.1445,-41,5,10.104709,189620988
9.874320,56.6895,-40.6055,-40.6055,-38,5,10.104709,189620988
9.876274,57.5684,-43.0664,-43.0664,-36,5,10.104709,189620988
9.878325,58.2715,-45.5273,-45.5273,-34,5,10.104709,189620988
9.880320,58.9746,-47.9883,-47.9883,0,5,10.104709,189620988
9.882281,59.6777,-50.2734,-50.2734,0,5,10.104709,189620988
9.884277,60.2051,-52.5586,-52.5586,0,5,10.104709,189620988
9.886312,60.9082,-54.8438,-54.8438,0,5,10.104709,189620988
9.888342,61.4355,-56.9531,-56.9531,0,5,10.104709,189620988
9.890344,61.7871,-59.2383,-59.2383,-22,5,10.104709,189620988
9.892327,62.3145,-61.3477,-61.3477,-21,5,10.104709,189620988
9.894312,62.8418,-63.4570,-63.4570,-20,5,10.104709,189620988
9.896300,63.1934,-65.3906,-65.3906,-19,5,10.104709,189620988
9.898285,63.5449,-67.5000,-67.5000,-18,5,10.104709,189620988
9.900272,63.8965,-69.4336,-69.4336,-17,5,10.104709,189620988
9.902254,64.2480,-71.3672,-71.3672,-16,5,10.104709,189620988
9.904339,64.4238,-73.3008,-73.3008,-15,5,10.104709,189620988
9.906304,64.7754,-75.2344,-75.2344,0,5,10.104709,189620988
9.908277,64.9512,-76.9922,-76.9922,0,5,10.104709,189620988
9.910339,65.1270,-78.9258,-78.9258,0,5,10.104709,189620988
9.912327,65.4785,-80.6836,-80.6836,-12,5,10.104709,189620988
9.914312,65.6543,-82.4414,-82.4414,-11,5,10.104709,189620988
9.916300,65.8301,-84.1992,-84.1992,-11,5,10.104709,189620988
9.918285,65.8301,-85.7812,-85.7812,-10,5,10.104709,189620988
9.920272,66.0059,-87.5391,-87.5391,-10,5,10.104709,189620988
9.922254,66.1816,-89.1211,-89.1211,-9,5,10.104709,189620988
9.924339,66.1816,-90.8789,-90.8789,-9,5,10.104709,189620988
9.926322,66.3574,-92.4609,-92.4609,-9,5,10.104709,189620988
9.928313,66.3574,-94.0430,-94.0430,-9,5,10.104709,189620988
9.930300,66.5332,-95.6250,-95.6250,-9,5,10.104709,189620988
9.932286,66.5332,-97.0312,-97.0312,-9,5,10.104709,189620988
9.934271,66.5332,-98.6133,-98.6133,-9,5,10.104709,189620988
9.936260,66.5332,-100.0195,-100.0195,-9,5,10.104709,189620988
9.938339,66.5332,-101.6016,-101.6016,-9,5,10.104709,189620988
9.940322,66.5332,-103.0078,-103.0078,-9,5,10.104709,189620988
9.942307,66.5332,-104.4141,-104.4141,-9,5,10.104709,189620988
9.944300,66.5332,-105.8203,-105.8203,-9,5,10.104709,189620988
9.946285,66.5332,-107.2266,-107.2266,-9,5,10.104709,189620988
9.948272,66.5332,-108.4570,-108.4570,-9,5,10.104709,189620988
9.950254,66.5332,-109.8633,-109.8633,-9,5,10.104709,189620988
9.954117,66.5332,-112.1484,-112.1484,-9,5,10.104709,189620988
9.954696,66.5332,-112.6758,-112.6758,-9,5,10.104709,189620988
9.956302,66.5332,-113.5547,-113.5547,-9,5,10.104709,189620988
9.958285,66.3574,-114.7852,-114.7852,-9,5,10.104709,189620988
9.960272,66.3574,-116.0156,-116.0156,-9,5,10.104709,189620988
9.962254,66.1816,-117.2461,-117.2461,-9,5,10.104709,189620988
9.964339,66.1816,-118.4766,-118.4766,-9,5,10.104709,189620988
9.966323,66.0059,-119.5312,-119.5312,-9,5,10.104709,189620988
9.968312,66.0059,-120.7617,-120.7617,-9,5,10.104709,189620988
9.970300,66.0059,-121.8164,-121.8164,-9,5,10.104709,189620988
9.972286,65.8301,-122.8711,-122.8711,-9,5,10.104709,189620988
9.974267,65.8301,-123.9258,-123.9258,-10,5,10.104709,189620988
9.976256,65.8301,-124.9805,-124.9805,-10,5,10.104709,189620988
9.978348,65.6543,-126.0352,-126.0352,-10,5,10.104709,189620988
9.980335,65.4785,-127.0898,-127.0898,-11,5,10.104709,189620988
9.982318,65.4785,-127.9688,-127.9688,-11,5,10.104709,189620988
9.984306,65.3027,-129.0234,-129.0234,-11,5,10.104709,189620988
9.986289,65.3027,-129.9023,-129.9023,-12,5,10.104709,189620988
9.988277,65.1270,-130.7812,-130.7812,-12,5,10.104709,189620988
9.990260,65.1270,-131.6602,-131.6602,-12,5,10.104709,189620988
9.992344,65.1270,-132.7148,-132.7148,-12,5,10.104709,189620988
9.994327,64.9512,-133.5938,-133.5938,-12,5,10.104709,189620988
9.996317,64.9512,-134.4727,-134.4727,-13,5,10.104709,189620988
9.998302,64.7754,-135.1758,-135.1758,-13,5,10.104709,189620988
10.000281,64.7754,-136.0547,-136.0547,-13,5,10.104709,189620988
10.002300,64.5996,-136.7578,-136.7578,-13,5,10.104709,189620988
10.004315,64.5996,-137.6367,-137.6367,-14,5,10.104709,189620988
10.006327,64.5996,-138.3398,-138.3398,-14,5,10.104709,189620988
10.008339,64.5996,-139.0430,-139.0430,-14,5,10.104709,189620988
10.010350,64.4238,-139.7461,-139.7461,-14,5,10.104709,189620988
10.012266,64.4238,-140.4492,-140.4492,-14,5,10.104709,189620988
10.014281,64.4238,-141.1523,-141.1523,-14,5,10.104709,189620988
10.016300,64.4238,-141.6797,-141.6797,-14,5,10.104709,189620988
10.018318,64.4238,-142.3828,-142.3828,-14,5,10.104709,189620988
10.020333,64.2480,-143.0859,-143.0859,-14,5,10.104709,189620988
10.022344,64.2480,-143.6133,-143.6133,-15,5,10.104709,189620988
10.024264,64.2480,-144.1406,-144.1406,-15,5,10.104709,189620988
10.026281,64.2480,-144.8438,-144.8438,-15,5,10.104709,189620988
10.028300,64.2480,-145.3711,-145.3711,-15,5,10.104709,189620988
10.030314,64.2480,-145.8984,-145.8984,-15,5,10.104709,189620988
10.032327,64.2480,-146.4258,-146.4258,-15,5,10.104709,189620988
10.034339,64.2480,-146.7773,-146.7773,-15,5,10.104709,189620988
10.036350,64.2480,-147.3047,-147.3047,-15,5,10.104709,189620988
10.038266,64.2480,-147.6562,-147.6562,-15,5,10.104709,189620988
10.040281,64.4238,-148.1836,-148.1836,-15,5,10.104709,189620988
10.042300,64.4238,-148.5352,-148.5352,-14,5,10.104709,189620988
10.044259,64.4238,-149.0625,-149.0625,-14,5,10.104709,189620988
10.046296,64.4238,-149.4141,-149.4141,-14,5,10.104709,189620988
10.048315,64.4238,-149.7656,-149.7656,-14,5,10.104709,189620988
10.050296,64.5996,-149.9414,-149.9414,-14,5,10.104709,189620988
10.054118,64.7754,-150.6445,-150.6445,-14,5,10.104709,189620988
10.054715,64.7754,-150.6445,-150.6445,-13,5,10.104709,189620988
10.056339,64.7754,-150.9961,-150.9961,-13,5,10.104709,189620988
10.058350,64.9512,-151.1719,-151.1719,-13,5,10.104709,189620988
10.060300,64.9512,-151.5234,-151.5234,-13,5,10.104709,189620988
10.062315,65.1270,-151.6992,-151.6992,-13,5,10.104709,189620988
10.064327,65.1270,-152.0508,-152.0508,-12,5,10.104709,189620988
10.066339,65.3027,-152.2266,-152.2266,-12,5,10.104709,189620988
10.068350,65.4785,-152.4023,-152.4023,-12,5,10.104709,189620988
10.070266,65.6543,-152.5781,-152.5781,-11,5,10.104709,189620988
10.072281,65.8301,-152.7539,-152.7539,-11,5,10.104709,189620988
10.074300,65.8301,-152.9297,-152.9297,-10,5,10.104709,189620988
10.076314,66.0059,-152.9297,-152.9297,-10,5,10.104709,189620988
10.078336,66.1816,-153.1055,-153.1055,-9,5,10.104709,189620988
10.080350,66.3574,-153.2812,-153.2812,-9,5,10.104709,189620988
10.082266,66.5332,-153.2812,-153.2812,-9,5,10.104709,189620988
10.084281,66.7090,-153.2812,-153.2812,-9,5,10.104709,189620988
10.086300,66.8848,-153.4570,-153.4570,-8,5,10.104709,189620988
10.088346,67.0605,-153.4570,-153.4570,-8,5,10.104709,189620988
10.090304,67.2363,-153.4570,-153.4570,-7,5,10.104709,189620988
10.092314,67.4121,-153.4570,-153.4570,-7,5,10.104709,189620988
10.094327,67.5879,-153.4570,-153.4570,-6,5,10.104709,189620988
10.096339,67.7637,-153.4570,-153.4570,-6,5,10.104709,189620988
10.098304,67.9395,-153.4570,-153.4570,-5,5,10.104709,189620988
10.100357,68.2910,-153.2812,-153.2812,-5,5,10.104709,189620988
10.102289,68.4668,-153.2812,-153.2812,-4,5,10.104709,189620988
10.106887,68.9941,-152.9297,-152.9297,-3,5,10.338658,189848603
10.107775,69.1699,-152.9297,-152.9297,-2,5,10.338658,189848603
10.108523,69.1699,-152.9297,-152.9297,-1,5,10.338658,189848603
10.110391,69.3457,-152.7539,-152.7539,-1,5,10.338658,189848603
10.112298,69.6973,-152.7539,-152.7539,0,5,10.338658,189848603
10.114309,69.8730,-152.5781,-152.5781,0,5,10.338658,189848603
10.116275,70.2246,-152.2266,-152.2266,0,5,10.338658,189848603
10.118283,70.4004,-152.0508,-152.0508,0,5,10.338658,189848603
10.120605,70.7520,-151.8750,-151.8750,0,5,10.338658,189848603
10.122273,70.9277,-151.6992,-151.6992,53,5,10.338658,189848603
10.124318,71.2793,-151.5234,-151.5234,53,5,10.338658,189848603
10.126332,71.4551,-151.1719,-151.1719,53,5,10.338658,189848603
10.128338,71.8066,-150.9961,-150.9961,53,5,10.338658,189848603
10.130300,72.1582,-150.6445,-150.6445,53,5,10.338658,189848603
10.132269,72.3340,-150.4688,-150.4688,53,5,10.338658,189848603
10.134277,72.5098,-150.1172,-150.1172,53,5,10.338658,189848603
10.136282,72.8613,-149.9414,-149.9414,53,5,10.338658,189848603
10.138292,73.0371,-149.5898,-149.5898,52,5,10.338658,189848603
10.140299,73.3887,-149.2383,-149.2383,52,5,10.338658,189848603
10.142308,73.5645,-149.0625,-149.0625,52,5,10.338658,189848603
10.144317,73.9160,-148.5352,-148.5352,52,5,10.338658,189848603
10.146265,74.0918,-148.3594,-148.3594,52,5,10.338658,189848603
10.148314,74.2676,-148.0078,-148.0078,52,5,10.338658,189848603
10.150328,74.6191,-147.6562,-147.6562,52,5,10.338658,189848603
10.154538,75.1465,-146.7773,-146.7773,52,5,10.338658,189848603
10.155324,75.1465,-146.6016,-146.6016,52,5,10.338658,189848603
10.156295,75.3223,-146.4258,-146.4258,52,5,10.338658,189848603
10.158301,75.6738,-146.0742,-146.0742,52,5,10.338658,189848603
10.160308,75.8496,-145.7227,-145.7227,52,5,10.338658,189848603
10.162313,76.0254,-145.1953,-145.1953,52,5,10.338658,189848603
10.164345,76.2012,-144.8438,-144.8438,52,5,10.338658,189848603
10.166259,76.5527,-144.3164,-144.3164,52,5,10.338658,189848603
10.168277,76.7285,-143.7891,-143.7891,52,5,10.338658,189848603
10.170282,76.9043,-143.4375,-143.4375,52,5,10.338658,189848603
10.172292,77.0801,-142.9102,-142.9102,52,5,10.338658,189848603
10.174299,77.4316,-142.3828,-142.3828,52,5,10.338658,189848603
10.176308,77.6074,-142.0312,-142.0312,52,5,10.338658,189848603
10.178331,77.7832,-141.3281,-141.3281,52,5,10.338658,189848603
10.180338,77.9590,-140.8008,-140.8008,52,5,10.338658,189848603
10.182342,78.1348,-140.2734,-140.2734,52,5,10.338658,189848603
10.184259,78.4863,-139.7461,-139.7461,52,5,10.338658,189848603
10.186277,78.6621,-139.2188,-139.2188,51,5,10.338658,189848603
10.188282,78.8379,-138.6914,-138.6914,51,5,10.338658,189848603
10.190292,79.0137,-137.9883,-137.9883,51,5,10.338658,189848603
10.192299,79.1895,-137.4609,-137.4609,51,5,10.338658,189848603
10.194327,79.3652,-136.7578,-136.7578,51,5,10.338658,189848603
10.196333,79.5410,-136.0547,-136.0547,51,5,10.338658,189848603
10.198338,79.7168,-135.5273,-135.5273,51,5,10.338658,189848603
10.200342,79.8926,-134.8242,-134.8242,51,5,10.338658,189848603
10.202266,80.0684,-134.1211,-134.1211,51,5,10.338658,189848603
10.204257,80.2441,-133.4180,-133.4180,51,5,10.338658,189848603
10.206331,80.5957,-132.7148,-132.7148,51,5,10.338658,189848603
10.208319,80.5957,-132.0117,-132.0117,51,5,10.338658,189848603
10.210302,80.7715,-131.1328,-131.1328,51,5,10.338658,189848603
10.212283,80.9473,-130.4297,-130.4297,51,5,10.338658,189848603
10.214266,81.1230,-129.7266,-129.7266,51,5,10.338658,189848603
10.216338,81.2988,-128.8477,-128.8477,51,5,10.338658,189848603
10.218328,81.4746,-127.9688,-127.9688,51,5,10.338658,189848603
10.220308,81.6504,-127.2656,-127.2656,51,5,10.338658,189848603
10.222295,81.8262,-126.3867,-126.3867,51,5,10.338658,189848603
10.224281,82.0020,-125.5078,-125.5078,51,5,10.338658,189848603
10.226265,82.0020,-124.6289,-124.6289,51,5,10.338658,189848603
10.228335,82.1777,-123.7500,-123.7500,51,5,10.338658,189848603
10.230319,82.3535,-122.6953,-122.6953,51,5,10.338658,189848603
10.232302,82.5293,-121.8164,-121.8164,51,5,10.338658,189848603
10.234283,82.5293,-120.9375,-120.9375,51,5,10.338658,189848603
10.236266,82.7051,-119.8828,-119.8828,51,5,10.338658,189848603
10.238338,82.7051,-118.8281,-118.8281,51,5,10.338658,189848603
10.240328,82.8809,-117.9492,-117.9492,51,5,10.338658,189848603
10.242308,83.0566,-116.8945,-116.8945,51,5,10.338658,189848603
10.244295,83.0566,-115.8398,-115.8398,51,5,10.338658,189848603
10.246282,83.2324,-114.7852,-114.7852,51,5,10.338658,189848603
10.248265,83.2324,-113.5547,-113.5547,51,5,10.338658,189848603
10.250331,83.2324,-112.5000,-112.5000,51,5,10.338658,189848603
10.254100,83.4082,-110.3906,-110.3906,51,5,10.338658,189848603
10.254637,83.4082,-110.0391,-110.0391,51,5,10.338658,189848603
10.256279,83.4082,-109.1602,-109.1602,51,5,10.338658,189848603
10.258265,83.4082,-107.9297,-107.9297,51,5,10.338658,189848603
10.260338,83.4082,-106.6992,-106.6992,51,5,10.338658,189848603
10.262328,83.5840,-105.4688,-105.4688,51,5,10.338658,189848603
10.264308,83.5840,-104.2383,-104.2383,51,5,10.338658,189848603
10.266320,83.5840,-102.8320,-102.8320,51,5,10.338658,189848603
10.268302,83.5840,-101.6016,-101.6016,51,5,10.338658,189848603
10.270283,83.5840,-100.1953,-100.1953,51,5,10.338658,189848603
10.272265,83.4082,-98.9648,-98.9648,51,5,10.338658,189848603
10.274338,83.4082,-97.5586,-97.5586,51,5,10.338658,189848603
10.276328,83.4082,-96.1523,-96.1523,51,5,10.338658,189848603
10.278324,83.4082,-94.7461,-94.7461,51,5,10.338658,189848603
10.280308,83.2324,-93.3398,-93.3398,51,5,10.338658,189848603
10.282295,83.0566,-91.7578,-91.7578,51,5,10.338658,189848603
10.284281,83.0566,-90.3516,-90.3516,51,5,10.338658,189848603
10.286265,82.8809,-88.7695,-88.7695,51,5,10.338658,189848603
10.288338,82.7051,-87.1875,-87.1875,51,5,10.338658,189848603
10.290328,82.5293,-85.7812,-85.7812,51,5,10.338658,189848603
10.292308,82.3535,-84.0234,-84.0234,51,5,10.338658,189848603
10.294295,82.1777,-82.4414,-82.4414,51,5,10.338658,189848603
10.296281,82.0020,-80.8594,-80.8594,51,5,10.338658,189848603
10.298265,81.8262,-79.1016,-79.1016,51,5,10.338658,189848603
10.300338,81.4746,-77.3438,-77.3438,51,5,10.338658,189848603
10.302328,81.2988,-75.5859,-75.5859,51,5,10.338658,189848603
10.304308,80.9473,-73.8281,-73.8281,51,5,10.338658,189848603
10.306295,80.5957,-72.0703,-72.0703,51,5,10.338658,189848603
10.308282,80.2441,-70.3125,-70.3125,51,5,10.338658,189848603
10.310265,79.8926,-68.3789,-68.3789,51,5,10.338658,189848603
10.312338,79.5410,-66.4453,-66.4453,51,5,10.338658,189848603
10.314328,79.0137,-64.5117,-64.5117,51,5,10.338658,189848603
10.316308,78.6621,-62.5781,-62.5781,51,5,10.338658,189848603
10.318295,78.1348,-60.6445,-60.6445,51,5,10.338658,189848603
10.320280,77.6074,-58.5352,-58.5352,52,5,10.338658,189848603
10.322295,77.0801,-56.4258,-56.4258,52,5,10.338658,189848603
10.324300,76.3770,-54.3164,-54.3164,52,5,10.338658,189848603
10.326319,75.8496,-52.2070,-52.2070,52,5,10.338658,189848603
10.328997,74.7949,-49.2188,-49.2188,52,5,10.338658,189848603
10.333736,73.0371,-43.5938,-43.5938,52,5,10.589674,190101201
10.335050,72.3340,-42.1875,-42.1875,52,5,10.589674,190101201
10.335787,72.1582,-41.1328,-41.1328,53,5,10.589674,190101201
10.336481,71.8066,-40.4297,-40.4297,53,5,10.589674,190101201
10.338262,70.9277,-38.1445,-38.1445,53,5,10.589674,190101201
10.340294,69.8730,-35.6836,-35.6836,53,5,10.589674,190101201
10.342283,68.8184,-33.0469,-33.0469,53,5,10.589674,190101201
10.344328,67.5879,-30.4102,-30.4102,53,5,10.589674,190101201
10.346320,66.5332,-27.7734,-27.7734,53,5,10.589674,190101201
10.348283,65.1270,-24.9609,-24.9609,54,5,10.589674,190101201
10.350313,63.8965,-22.1484,-22.1484,54,5,10.589674,190101201
10.355168,60.2051,-14.9414,-14.9414,54,5,10.589674,190101201
10.356932,58.7988,-12.1289,-12.1289,55,5,10.589674,190101201
10.357670,58.0957,-11.0742,-11.0742,55,5,10.589674,190101201
10.358278,57.5684,-10.1953,-10.1953,55,5,10.589674,190101201
10.360283,55.8105,-7.0312,-7.0312,55,5,10.589674,190101201
10.362283,54.0527,-3.6914,-3.6914,55,5,10.589674,190101201
10.364288,52.1191,-0.3516,-0.3516,55,5,10.589674,190101201
10.366338,50.1855,2.9883,2.9883,56,5,10.589674,190101201
10.368289,48.2520,6.1523,6.1523,56,5,10.589674,190101201
10.370296,46.3184,9.4922,9.4922,56,5,10.589674,190101201
10.372300,44.3848,12.8320,12.8320,56,5,10.589674,190101201
10.374303,42.4512,16.1719,16.1719,57,5,10.589674,190101201
10.376306,40.6934,19.3359,19.3359,57,5,10.589674,190101201
10.378337,38.7598,22.6758,22.6758,57,5,10.589674,190101201
10.380339,37.1777,25.8398,25.8398,57,5,10.589674,190101201
10.382339,35.4199,28.8281,28.8281,57,5,10.589674,190101201
10.384339,33.8379,31.9922,31.9922,58,5,10.589674,190101201
10.386339,32.4316,34.8047,34.8047,58,5,10.589674,190101201
10.388344,31.0254,37.7930,37.7930,58,5,10.589674,190101201
10.390344,29.6191,40.6055,40.6055,58,5,10.589674,190101201
10.392344,28.3887,43.2422,43.2422,58,5,10.589674,190101201
10.394344,27.1582,46.0547,46.0547,58,5,10.589674,190101201
10.396265,26.1035,48.5156,48.5156,58,5,10.589674,190101201
10.398349,25.0488,51.3281,51.3281,58,5,10.589674,190101201
10.400331,23.9941,53.7891,53.7891,59,5,10.589674,190101201
10.402318,23.1152,56.2500,56.2500,59,5,10.589674,190101201
10.404302,22.2363,58.7109,58.7109,59,5,10.589674,190101201
10.406272,21.3574,60.9961,60.9961,0,5,10.589674,190101201
10.408334,20.4785,63.2812,63.2812,0,5,10.589674,190101201
10.410322,19.7754,65.5664,65.5664,59,5,10.589674,190101201
10.412305,19.0723,67.8516,67.8516,59,5,10.589674,190101201
10.414277,18.3691,69.9609,69.9609,0,5,10.589674,190101201
10.416339,17.6660,72.2461,72.2461,0,5,10.589674,190101201
10.418312,17.1387,74.3555,74.3555,0,5,10.589674,190101201
10.420280,16.6113,76.4648,76.4648,0,5,10.589674,190101201
10.422344,16.0840,78.5742,78.5742,0,5,10.589674,190101201
10.424313,15.5566,80.5078,80.5078,0,5,10.589674,190101201
10.426281,15.2051,82.6172,82.6172,0,5,10.589674,190101201
10.428344,14.6777,84.5508,84.5508,0,5,10.589674,190101201
10.430334,14.1504,86.4844,86.4844,59,5,10.589674,190101201
10.432317,13.7988,88.2422,88.2422,59,5,10.589674,190101201
10.434303,13.4473,90.1758,90.1758,59,5,10.589674,190101201
10.436285,13.0957,91.9336,91.9336,59,5,10.589674,190101201
10.438272,12.7441,93.8672,93.8672,59,5,10.589674,190101201
10.440255,12.3926,95.6250,95.6250,59,5,10.589674,190101201
10.442339,12.2168,97.3828,97.3828,59,5,10.589674,190101201
10.444322,11.8652,99.1406,99.1406,59,5,10.589674,190101201
10.446296,11.6895,100.7227,100.7227,0,5,10.589674,190101201
10.448264,11.3379,102.4805,102.4805,0,5,10.589674,190101201
10.450331,11.1621,104.0625,104.0625,0,5,10.589674,190101201
10.454200,10.6348,107.2266,107.2266,59,5,10.589674,190101201
10.454733,10.4590,107.5781,107.5781,59,5,10.589674,190101201
10.456327,10.4590,108.8086,108.8086,59,5,10.589674,190101201
10.458351,10.2832,110.3906,110.3906,59,5,10.589674,190101201
10.460334,9.9316,111.9727,111.9727,59,5,10.589674,190101201
10.462322,9.7559,113.3789,113.3789,59,5,10.589674,190101201
10.464304,9.5801,114.9609,114.9609,59,5,10.589674,190101201
10.466277,9.4043,116.3672,116.3672,0,5,10.589674,190101201
10.468339,9.2285,117.7734,117.7734,0,5,10.589674,190101201
10.470312,9.0527,119.1797,119.1797,0,5,10.589674,190101201
10.472280,8.8770,120.5859,120.5859,0,5,10.589674,190101201
10.474300,8.8770,121.8164,121.8164,59,5,10.589674,190101201
10.476285,8.7012,123.0469,123.0469,59,5,10.589674,190101201
10.478285,8.5254,124.4531,124.4531,59,5,10.589674,190101201
10.480266,8.3496,125.6836,125.6836,59,5,10.589674,190101201
10.482350,8.1738,127.0898,127.0898,59,5,10.589674,190101201
10.484333,7.9980,128.3203,128.3203,59,5,10.589674,190101201
10.486321,7.8223,129.3750,129.3750,59,5,10.589674,190101201
10.488285,7.8223,130.6055,130.6055,0,5,10.589674,190101201
10.490255,7.6465,131.6602,131.6602,0,5,10.589674,190101201
10.492318,7.4707,132.8906,132.8906,0,5,10.589674,190101201
10.494307,7.2949,133.9453,133.9453,59,5,10.589674,190101201
10.496293,7.1191,135.0000,135.0000,59,5,10.589674,190101201
10.498261,6.9434,136.0547,136.0547,59,5,10.589674,190101201
10.500266,6.9434,137.1094,137.1094,59,5,10.589674,190101201
10.502283,6.7676,138.1641,138.1641,59,5,10.589674,190101201
10.504293,6.5918,139.2188,139.2188,59,5,10.589674,190101201
10.506304,6.4160,140.0977,140.0977,59,5,10.589674,190101201
10.508315,6.2402,141.1523,141.1523,59,5,10.589674,190101201
10.510322,6.0645,142.0312,142.0312,59,5,10.589674,190101201
10.512327,5.7129,142.9102,142.9102,59,5,10.589674,190101201
10.514339,5.5371,143.7891,143.7891,59,5,10.589674,190101201
10.516344,5.3613,144.6680,144.6680,59,5,10.589674,190101201
10.518350,5.1855,145.3711,145.3711,59,5,10.589674,190101201
10.520261,5.0098,146.0742,146.0742,59,5,10.589674,190101201
10.522272,4.6582,146.9531,146.9531,59,5,10.589674,190101201
10.524281,4.4824,147.6562,147.6562,59,5,10.589674,190101201
10.526296,4.1309,148.3594,148.3594,59,5,10.589674,190101201
10.528303,3.9551,149.0625,149.0625,59,5,10.589674,190101201
10.530315,3.6035,149.5898,149.5898,59,5,10.589674,190101201
10.532322,3.4277,150.2930,150.2930,59,5,10.589674,190101201
10.534334,3.0762,150.8203,150.8203,59,5,10.589674,190101201
10.536344,2.7246,151.5234,151.5234,59,5,10.589674,190101201
10.538350,2.3730,152.0508,152.0508,59,5,10.589674,190101201
10.540261,2.0215,152.5781,152.5781,59,5,10.589674,190101201
10.542271,1.8457,152.9297,152.9297,59,5,10.589674,190101201
10.544280,1.3184,153.4570,153.4570,59,5,10.589674,190101201
10.546296,0.9668,153.8086,153.8086,59,5,10.589674,190101201
10.548303,0.6152,154.3359,154.3359,59,5,10.589674,190101201
10.550315,0.0879,154.6875,154.6875,59,5,10.589674,190101201
10.554305,-0.6152,155.3906,155.3906,59,5,10.589674,190101201
10.554921,-0.7910,155.3906,155.3906,59,5,10.589674,190101201
10.556320,-1.1426,155.5664,155.5664,59,5,10.589674,190101201
10.558268,-1.6699,155.9180,155.9180,59,5,10.589674,190101201
10.560277,-2.0215,156.0938,156.0938,59,5,10.589674,190101201
10.562288,-2.5488,156.2695,156.2695,59,5,10.589674,190101201
10.564300,-3.0762,156.4453,156.4453,59,5,10.589674,190101201
10.566351,-3.6035,156.6211,156.6211,59,5,10.589674,190101201
10.568327,-4.1309,156.6211,156.6211,59,5,10.589674,190101201
10.570296,-4.6582,156.7969,156.7969,59,5,10.589674,190101201
10.572303,-5.1855,156.7969,156.7969,59,5,10.589674,190101201
10.574315,-5.8887,156.7969,156.7969,59,5,10.589674,190101201
10.576322,-6.4160,156.7969,156.7969,59,5,10.589674,190101201
10.578306,-6.9434,156.7969,156.7969,59,5,10.589674,190101201
10.580353,-7.6465,156.7969,156.7969,59,5,10.589674,190101201
10.582327,-8.1738,156.6211,156.6211,59,5,10.589674,190101201
10.586687,-9.7559,156.4453,156.4453,59,5,10.820762,190338938
10.587874,-10.1074,156.2695,156.2695,59,5,10.820762,190338938
10.588624,-10.2832,156.2695,156.2695,59,5,10.820762,190338938
10.590293,-10.9863,156.0938,156.0938,59,5,10.820762,190338938
10.592313,-11.5137,155.9180,155.9180,59,5,10.820762,190338938
10.594337,-12.2168,155.5664,155.5664,59,5,10.820762,190338938
10.596300,-12.9199,155.3906,155.3906,59,5,10.820762,190338938
10.598334,-13.6230,155.0391,155.0391,59,5,10.820762,190338938
10.600353,-14.3262,154.6875,154.6875,-59,5,10.820762,190338938
10.602313,-15.0293,154.3359,154.3359,-59,5,10.820762,190338938
10.604356,-15.9082,153.8086,153.8086,-59,5,10.820762,190338938
10.606442,-16.6113,153.4570,153.4570,-59,5,10.820762,190338938
10.608299,-17.3145,153.1055,153.1055,-59,5,10.820762,190338938
10.610262,-18.0176,152.7539,152.7539,-59,5,10.820762,190338938
10.612275,-18.7207,152.2266,152.2266,-59,5,10.820762,190338938
10.614261,-19.4238,151.8750,151.8750,-59,5,10.820762,190338938
10.616344,-20.1270,151.3477,151.3477,-59,5,10.820762,190338938
10.618312,-20.8301,150.8203,150.8203,-59,5,10.820762,190338938
10.620269,-21.3574,150.2930,150.2930,-59,5,10.820762,190338938
10.622261,-22.0605,149.7656,149.7656,-59,5,10.820762,190338938
10.624277,-22.7637,149.4141,149.4141,-59,5,10.820762,190338938
10.626296,-23.4668,148.7109,148.7109,-59,5,10.820762,190338938
10.628313,-24.1699,148.1836,148.1836,-59,5,10.820762,190338938
10.630327,-24.8730,147.6562,147.6562,-59,5,10.820762,190338938
10.632339,-25.4004,146.9531,146.9531,-59,5,10.820762,190338938
10.634350,-26.1035,146.4258,146.4258,-59,5,10.820762,190338938
10.636266,-26.8066,145.8984,145.8984,-58,5,10.820762,190338938
10.638281,-27.3340,145.1953,145.1953,-58,5,10.820762,190338938
10.640300,-28.0371,144.4922,144.4922,-58,5,10.820762,190338938
10.642318,-28.5645,143.9648,143.9648,-58,5,10.820762,190338938
10.644333,-29.2676,143.2617,143.2617,-58,5,10.820762,190338938
10.646344,-29.7949,142.5586,142.5586,-58,5,10.820762,190338938
10.648264,-30.4980,141.8555,141.8555,-58,5,10.820762,190338938
10.650281,-31.0254,140.9766,140.9766,-58,5,10.820762,190338938
10.654507,-32.2559,139.3945,139.3945,-58,5,10.820762,190338938
10.655189,-32.4316,139.2188,139.2188,-58,5,10.820762,190338938
10.656331,-32.7832,138.6914,138.6914,-58,5,10.820762,190338938
10.658274,-33.3105,137.8125,137.8125,-58,5,10.820762,190338938
10.660334,-33.8379,137.1094,137.1094,-58,5,10.820762,190338938
10.662328,-34.3652,136.2305,136.2305,-58,5,10.820762,190338938
10.664344,-34.8926,135.3516,135.3516,-58,5,10.820762,190338938
10.666264,-35.4199,134.4727,134.4727,-58,5,10.820762,190338938
10.668294,-35.9473,133.5938,133.5938,-58,5,10.820762,190338938
10.670280,-36.4746,132.7148,132.7148,-58,5,10.820762,190338938
10.672266,-37.0020,131.8359,131.8359,-58,5,10.820762,190338938
10.674344,-37.5293,130.7812,130.7812,-58,5,10.820762,190338938
10.676327,-38.0566,129.9023,129.9023,-57,5,10.820762,190338938
10.678323,-38.4082,128.8477,128.8477,-57,5,10.820762,190338938
10.680313,-38.9355,127.7930,127.7930,-57,5,10.820762,190338938
10.682300,-39.4629,126.9141,126.9141,-57,5,10.820762,190338938
10.684289,-39.8145,125.8594,125.8594,-57,5,10.820762,190338938
10.686271,-40.1660,124.8047,124.8047,-57,5,10.820762,190338938
10.688260,-40.6934,123.5742,123.5742,-57,5,10.820762,190338938
10.690339,-41.0449,122.5195,122.5195,-57,5,10.820762,190338938
10.692322,-41.3965,121.4648,121.4648,-57,5,10.820762,190338938
10.694280,-41.7480,120.2344,120.2344,-57,5,10.820762,190338938
10.696266,-42.2754,119.1797,119.1797,-57,5,10.820762,190338938
10.698344,-42.6270,117.9492,117.9492,-57,5,10.820762,190338938
10.700327,-42.9785,116.7188,116.7188,-57,5,10.820762,190338938
10.702313,-43.1543,115.4883,115.4883,-57,5,10.820762,190338938
10.704302,-43.5059,114.2578,114.2578,-57,5,10.820762,190338938
10.706285,-43.8574,113.0273,113.0273,-57,5,10.820762,190338938
10.708272,-44.2090,111.6211,111.6211,-57,5,10.820762,190338938
10.710254,-44.3848,110.3906,110.3906,-57,5,10.820762,190338938
10.712339,-44.7363,108.9844,108.9844,-57,5,10.820762,190338938
10.714322,-44.9121,107.5781,107.5781,-57,5,10.820762,190338938
10.716313,-45.0879,106.1719,106.1719,-57,5,10.820762,190338938
10.718300,-45.2637,104.7656,104.7656,-57,5,10.820762,190338938
10.720286,-45.6152,103.3594,103.3594,-57,5,10.820762,190338938
10.722267,-45.7910,101.9531,101.9531,-57,5,10.820762,190338938
10.724351,-45.9668,100.3711,100.3711,-57,5,10.820762,190338938
10.726336,-46.1426,98.9648,98.9648,-56,5,10.820762,190338938
10.728322,-46.1426,97.3828,97.3828,-56,5,10.820762,190338938
10.730305,-46.3184,95.8008,95.8008,-56,5,10.820762,190338938
10.732296,-46.4941,94.2188,94.2188,-56,5,10.820762,190338938
10.734281,-46.4941,92.6367,92.6367,-56,5,10.820762,190338938
10.736266,-46.4941,91.0547,91.0547,-56,5,10.820762,190338938
10.738344,-46.4941,89.1211,89.1211,-56,5,10.820762,190338938
10.740327,-46.4941,87.5391,87.5391,-56,5,10.820762,190338938
10.742313,-46.4941,85.7812,85.7812,-56,5,10.820762,190338938
10.744302,-46.4941,84.0234,84.0234,-56,5,10.820762,190338938
10.746285,-46.4941,82.2656,82.2656,-56,5,10.820762,190338938
10.748277,-46.4941,80.3320,80.3320,-56,5,10.820762,190338938
10.750261,-46.3184,78.5742,78.5742,-56,5,10.820762,190338938
10.754046,-45.9668,74.8828,74.8828,-56,5,10.820762,190338938
10.754559,-45.9668,74.3555,74.3555,-56,5,10.820762,190338938
10.756261,-45.7910,72.5977,72.5977,-56,5,10.820762,190338938
10.758339,-45.4395,70.4883,70.4883,-57,5,10.820762,190338938
10.760322,-45.2637,68.5547,68.5547,-57,5,10.820762,190338938
10.762324,-44.9121,66.4453,66.4453,-57,5,10.820762,190338938
10.764342,-44.5605,64.1602,64.1602,-57,5,10.820762,190338938
10.766322,-44.2090,62.0508,62.0508,-57,5,10.820762,190338938
10.768339,-43.6816,59.7656,59.7656,-57,5,10.820762,190338938
10.770322,-43.1543,57.4805,57.4805,-57,5,10.820762,190338938
10.772312,-42.6270,55.1953,55.1953,-57,5,10.820762,190338938
10.774300,-42.0996,52.7344,52.7344,-57,5,10.820762,190338938
10.776286,-41.3965,50.4492,50.4492,-57,5,10.820762,190338938
10.778283,-40.6934,47.8125,47.8125,-57,5,10.820762,190338938
10.780269,-39.9902,45.3516,45.3516,-57,5,10.820762,190338938
10.782344,-39.1113,42.5391,42.5391,-57,5,10.820762,190338938
10.784350,-38.2324,39.9023,39.9023,-57,5,10.820762,190338938
10.786254,-37.3535,37.2656,37.2656,-57,5,10.820762,190338938
10.788261,-36.2988,34.4531,34.4531,-57,5,10.820762,190338938
10.790264,-35.0684,31.4648,31.4648,-58,5,10.820762,190338938
10.792264,-33.8379,28.4766,28.4766,-58,5,10.820762,190338938
10.794264,-32.6074,25.4883,25.4883,-58,5,10.820762,190338938
10.796264,-31.2012,22.3242,22.3242,-58,5,10.820762,190338938
10.798264,-29.7949,19.1602,19.1602,-58,5,10.820762,190338938
10.800264,-28.3887,15.8203,15.8203,-58,5,10.820762,190338938
10.802264,-26.8066,12.4805,12.4805,-58,5,10.820762,190338938
10.804264,-25.0488,9.1406,9.1406,-58,5,10.820762,190338938
10.806264,-23.4668,5.8008,5.8008,-59,5,10.820762,190338938
10.808264,-21.8848,2.4609,2.4609,-59,5,10.820762,190338938
10.810302,-20.1270,-1.0547,-1.0547,-59,5,10.820762,190338938
10.812327,-18.5449,-4.3945,-4.3945,-59,5,10.820762,190338938
10.814340,-17.1387,-5.9766,-5.9766,-59,5,10.820762,190338938
10.816332,-15.5566,-5.9766,-5.9766,-59,5,10.820762,190338938
10.818287,-14.1504,-8.4375,-8.4375,-59,5,10.820762,190338938
10.820273,-12.9199,-11.6016,-11.6016,-59,5,10.820762,190338938
10.824855,-10.1074,-18.4570,-18.4570,-59,5,11.093294,190591671
10.825663,-9.5801,-19.5117,-19.5117,-59,5,11.093294,190591671
10.826393,-9.2285,-20.5664,-20.5664,-59,5,11.093294,190591671
10.828344,-8.1738,-23.3789,-23.3789,-59,5,11.093294,190591671
10.830302,-7.2949,-26.0156,-26.0156,-59,5,11.093294,190591671
10.832328,-6.2402,-28.8281,-28.8281,-59,5,11.093294,190591671
10.834312,-5.3613,-31.4648,-31.4648,-59,5,11.093294,190591671
10.836811,-4.4824,-34.6289,-34.6289,-59,5,11.093294,190591671
10.838339,-3.7793,-36.5625,-36.5625,-59,5,11.093294,190591671
10.840336,-3.0762,-39.0234,-39.0234,-59,5,11.093294,190591671
10.842333,-2.5488,-41.6602,-41.6602,-59,5,11.093294,190591671
10.844265,-2.0215,-43.7695,-43.7695,-59,5,11.093294,190591671
10.846259,-1.3184,-46.2305,-46.2305,-59,5,11.093294,190591671
10.848285,-0.7910,-48.5156,-48.5156,-59,5,11.093294,190591671
10.850266,-0.2637,-50.8008,-50.8008,-59,5,11.093294,190591671
10.854482,0.4395,-55.3711,-55.3711,-59,5,11.093294,190591671
10.855091,0.6152,-56.0742,-56.0742,-59,5,11.093294,190591671
10.856257,0.9668,-57.3047,-57.3047,-59,5,11.093294,190591671
10.858338,1.3184,-59.4141,-59.4141,-59,5,11.093294,190591671
10.860328,1.6699,-61.5234,-61.5234,-59,5,11.093294,190591671
10.862308,1.8457,-63.6328,-63.6328,-59,5,11.093294,190591671
10.864281,2.1973,-65.5664,-65.5664,-59,5,11.093294,190591671
10.866301,2.5488,-67.5000,-67.5000,-59,5,11.093294,190591671
10.868283,2.7246,-69.4336,-69.4336,-59,5,11.093294,190591671
10.870266,2.9004,-71.3672,-71.3672,-59,5,11.093294,190591671
10.872286,3.0762,-73.3008,-73.3008,-59,5,11.093294,190591671
10.874266,3.2520,-75.2344,-75.2344,-59,5,11.093294,190591671
10.876338,3.4277,-76.9922,-76.9922,-59,5,11.093294,190591671
10.878342,3.6035,-78.7500,-78.7500,-59,5,11.093294,190591671
10.880319,3.7793,-80.5078,-80.5078,-59,5,11.093294,190591671
10.882302,3.9551,-82.2656,-82.2656,-59,5,11.093294,190591671
10.884283,3.9551,-84.0234,-84.0234,-59,5,11.093294,190591671
10.886266,3.9551,-85.7812,-85.7812,-59,5,11.093294,190591671
10.888338,4.1309,-87.3633,-87.3633,-59,5,11.093294,190591671
10.890328,4.1309,-88.9453,-88.9453,-59,5,11.093294,190591671
10.892308,4.3066,-90.7031,-90.7031,-59,5,11.093294,190591671
10.894295,4.3066,-92.2852,-92.2852,-59,5,11.093294,190591671
10.896281,4.3066,-93.6914,-93.6914,-59,5,11.093294,190591671
10.898265,4.4824,-95.2734,-95.2734,-59,5,11.093294,190591671
10.900338,4.4824,-96.8555,-96.8555,-59,5,11.093294,190591671
10.902328,4.4824,-98.4375,-98.4375,-59,5,11.093294,190591671
10.904308,4.4824,-99.8438,-99.8438,-59,5,11.093294,190591671
10.906295,4.4824,-101.2500,-101.2500,-59,5,11.093294,190591671
10.908281,4.4824,-102.6562,-102.6562,-59,5,11.093294,190591671
10.910265,4.4824,-104.0625,-104.0625,-59,5,11.093294,190591671
10.912338,4.4824,-105.4688,-105.4688,-59,5,11.093294,190591671
10.914330,4.4824,-106.8750,-106.8750,-59,5,11.093294,190591671
10.916308,4.4824,-108.1055,-108.1055,-59,5,11.093294,190591671
10.918295,4.4824,-109.3359,-109.3359,-59,5,11.093294,190591671
10.920280,4.4824,-110.5664,-110.5664,-59,5,11.093294,190591671
10.922266,4.4824,-111.9727,-111.9727,-59,5,11.093294,190591671
10.924338,4.4824,-113.2031,-113.2031,-59,5,11.093294,190591671
10.926328,4.4824,-114.4336,-114.4336,-59,5,11.093294,190591671
10.928339,4.4824,-115.6641,-115.6641,-59,5,11.093294,190591671
10.930320,4.4824,-116.7188,-116.7188,-59,5,11.093294,190591671
10.932306,4.4824,-117.7734,-117.7734,-59,5,11.093294,190591671
10.934292,4.4824,-119.0039,-119.0039,-59,5,11.093294,190591671
10.936280,4.4824,-120.0586,-120.0586,-59,5,11.093294,190591671
10.938266,4.4824,-121.1133,-121.1133,-59,5,11.093294,190591671
10.940338,4.4824,-122.1680,-122.1680,-59,5,11.093294,190591671
10.942328,4.4824,-123.2227,-123.2227,-59,5,11.093294,190591671
10.944308,4.4824,-124.1016,-124.1016,-59,5,11.093294,190591671
10.946295,4.6582,-125.1562,-125.1562,-59,5,11.093294,190591671
10.948281,4.6582,-126.0352,-126.0352,-59,5,11.093294,190591671
10.950265,4.6582,-127.0898,-127.0898,-59,5,11.093294,190591671
10.954028,4.8340,-128.6719,-128.6719,-59,5,11.093294,190591671
10.954556,4.8340,-129.0234,-129.0234,-59,5,11.093294,190591671
10.956299,4.8340,-129.7266,-129.7266,-59,5,11.093294,190591671
10.958292,5.0098,-130.6055,-130.6055,-59,5,11.093294,190591671
10.960277,5.0098,-131.3086,-131.3086,-59,5,11.093294,190591671
10.962266,5.1855,-132.1875,-132.1875,-59,5,11.093294,190591671
10.964338,5.3613,-132.8906,-132.8906,-59,5,11.093294,190591671
10.966277,5.3613,-133.5938,-133.5938,-59,5,11.093294,190591671
10.968266,5.5371,-134.2969,-134.2969,-59,5,11.093294,190591671
10.970308,5.7129,-135.0000,-135.0000,-59,5,11.093294,190591671
10.972280,5.8887,-135.7031,-135.7031,-59,5,11.093294,190591671
10.974295,6.0645,-136.2305,-136.2305,-59,5,11.093294,190591671
10.976301,6.2402,-136.7578,-136.7578,-59,5,11.093294,190591671
10.978324,6.4160,-137.4609,-137.4609,-59,5,11.093294,190591671
10.980329,6.5918,-137.9883,-137.9883,-59,5,11.093294,190591671
10.982335,6.7676,-138.5156,-138.5156,-59,5,11.093294,190591671
10.984338,7.1191,-139.0430,-139.0430,-59,5,11.093294,190591671
10.986342,7.2949,-139.5703,-139.5703,-59,5,11.093294,190591671
10.988345,7.4707,-139.9219,-139.9219,-59,5,11.093294,190591671
10.990259,7.8223,-140.2734,-140.2734,-59,5,11.093294,190591671
10.992277,8.1738,-140.8008,-140.8008,-59,5,11.093294,190591671
10.994282,8.3496,-141.1523,-141.1523,-59,5,11.093294,190591671
10.996292,8.7012,-141.5039,-141.5039,-59,5,11.093294,190591671
10.998299,9.0527,-141.6797,-141.6797,-59,5,11.093294,190591671
11.000307,9.4043,-142.0312,-142.0312,-59,5,11.093294,190591671
11.002308,9.7559,-142.3828,-142.3828,-59,5,11.093294,190591671
11.004313,10.2832,-142.5586,-142.5586,-59,5,11.093294,190591671
11.006319,10.6348,-142.7344,-142.7344,-59,5,11.093294,190591671
11.008325,10.9863,-142.9102,-142.9102,-59,5,11.093294,190591671
11.010331,11.3379,-143.0859,-143.0859,-59,5,11.093294,190591671
11.012338,11.8652,-143.2617,-143.2617,-59,5,11.093294,190591671
11.014342,12.2168,-143.2617,-143.2617,-59,5,11.093294,190591671
11.016345,12.7441,-143.4375,-143.4375,-59,5,11.093294,190591671
11.018259,13.0957,-143.4375,-143.4375,-59,5,11.093294,190591671
11.020277,13.6230,-143.4375,-143.4375,-59,5,11.093294,190591671
11.022286,14.1504,-143.4375,-143.4375,-59,5,11.093294,190591671
11.024295,14.6777,-143.4375,-143.4375,-59,5,11.093294,190591671
11.026301,15.2051,-143.4375,-143.4375,-59,5,11.093294,190591671
11.028307,15.9082,-143.2617,-143.2617,-59,5,11.093294,190591671
11.030313,16.4355,-143.0859,-143.0859,-59,5,11.093294,190591671
11.032318,16.9629,-143.0859,-143.0859,-59,5,11.093294,190591671
11.034319,17.4902,-142.9102,-142.9102,-59,5,11.093294,190591671
11.036325,18.1934,-142.7344,-142.7344,-59,5,11.093294,190591671
11.038331,18.7207,-142.3828,-142.3828,-59,5,11.093294,190591671
11.040338,19.4238,-142.2070,-142.2070,-59,5,11.093294,190591671
11.042303,20.1270,-141.8555,-141.8555,-59,5,11.093294,190591671
11.044264,20.6543,-141.5039,-141.5039,-59,5,11.093294,190591671
11.046334,21.3574,-141.3281,-141.3281,-59,5,11.093294,190591671
11.048345,22.0605,-140.9766,-140.9766,-59,5,11.093294,190591671
11.050259,22.7637,-140.6250,-140.6250,-59,5,11.093294,190591671
11.054934,24.3457,-139.5703,-139.5703,-59,5,11.093294,190591671
11.055610,24.6973,-139.3945,-139.3945,-59,5,11.093294,190591671
11.056341,24.8730,-139.2188,-139.2188,-59,5,11.093294,190591671
11.058345,25.5762,-138.6914,-138.6914,-59,5,11.093294,190591671
11.060259,26.2793,-138.1641,-138.1641,-59,5,11.093294,190591671
11.062300,27.1582,-137.6367,-137.6367,-58,5,11.093294,190591671
11.064316,27.8613,-137.1094,-137.1094,58,5,11.093294,190591671
11.066452,28.5645,-136.5820,-136.5820,58,5,11.093294,190591671
11.068349,29.2676,-135.8789,-135.8789,58,5,11.093294,190591671
11.070281,29.9707,-135.3516,-135.3516,58,5,11.093294,190591671
11.072350,30.8496,-134.6484,-134.6484,58,5,11.093294,190591671
11.076611,32.4316,-133.2422,-133.2422,58,5,11.333242,190845379
11.077940,32.9590,-132.8906,-132.8906,58,5,11.333242,190845379
11.078604,33.1348,-132.5391,-132.5391,58,5,11.333242,190845379
11.080287,33.6621,-132.1875,-132.1875,58,5,11.333242,190845379
11.082341,34.3652,-131.4844,-131.4844,58,5,11.333242,190845379
11.084302,35.0684,-130.7812,-130.7812,58,5,11.333242,190845379
11.086300,35.7715,-130.0781,-130.0781,58,5,11.333242,190845379
11.088294,36.4746,-129.1992,-129.1992,58,5,11.333242,190845379
11.090285,37.1777,-128.4961,-128.4961,58,5,11.333242,190845379
11.092281,37.8809,-127.6172,-127.6172,57,5,11.333242,190845379
11.094272,38.5840,-126.9141,-126.9141,57,5,11.333242,190845379
11.096266,39.1113,-126.0352,-126.0352,57,5,11.333242,190845379
11.098297,39.8145,-125.3320,-125.3320,57,5,11.333242,190845379
11.100287,40.5176,-124.4531,-124.4531,57,5,11.333242,190845379
11.102283,41.2207,-123.5742,-123.5742,57,5,11.333242,190845379
11.104344,41.9238,-122.6953,-122.6953,57,5,11.333242,190845379
11.106298,42.4512,-121.8164,-121.8164,57,5,11.333242,190845379
11.108417,43.1543,-120.9375,-120.9375,57,5,11.333242,190845379
11.110277,43.6816,-119.8828,-119.8828,57,5,11.333242,190845379
11.112264,44.2090,-119.0039,-119.0039,57,5,11.333242,190845379
11.114255,44.7363,-118.1250,-118.1250,57,5,11.333242,190845379
11.116323,45.4395,-117.0703,-117.0703,57,5,11.333242,190845379
11.118272,45.9668,-116.1914,-116.1914,57,5,11.333242,190845379
11.120344,46.4941,-115.1367,-115.1367,56,5,11.333242,190845379
11.122335,47.1973,-114.0820,-114.0820,56,5,11.333242,190845379
11.124322,47.7246,-113.0273,-113.0273,56,5,11.333242,190845379
11.126315,48.2520,-111.9727,-111.9727,56,5,11.333242,190845379
11.128316,48.7793,-110.7422,-110.7422,56,5,11.333242,190845379
11.130307,49.1309,-109.6875,-109.6875,56,5,11.333242,190845379
11.132300,49.6582,-108.6328,-108.6328,56,5,11.333242,190845379
11.134294,50.1855,-107.5781,-107.5781,56,5,11.333242,190845379
11.136285,50.7129,-106.3477,-106.3477,56,5,11.333242,190845379
11.138277,51.2402,-105.1172,-105.1172,56,5,11.333242,190845379
11.140267,51.5918,-104.0625,-104.0625,56,5,11.333242,190845379
11.142260,52.1191,-102.6562,-102.6562,56,5,11.333242,190845379
11.144344,52.4707,-101.4258,-101.4258,56,5,11.333242,190845379
11.146335,52.9980,-100.1953,-100.1953,56,5,11.333242,190845379
11.148327,53.3496,-98.7891,-98.7891,56,5,11.333242,190845379
11.150318,53.7012,-97.5586,-97.5586,56,5,11.333242,190845379
11.154492,54.5801,-94.7461,-94.7461,55,5,11.333242,190845379
11.155113,54.5801,-94.3945,-94.3945,55,5,11.333242,190845379
11.156324,54.7559,-93.5156,-93.5156,55,5,11.333242,190845379
11.158315,55.1074,-92.1094,-92.1094,55,5,11.333242,190845379
11.160306,55.4590,-90.7031,-90.7031,55,5,11.333242,190845379
11.162300,55.8105,-89.2969,-89.2969,55,5,11.333242,190845379
11.164294,55.9863,-87.8906,-87.8906,55,5,11.333242,190845379
11.166285,56.3379,-86.3086,-86.3086,55,5,11.333242,190845379
11.168277,56.6895,-84.7266,-84.7266,55,5,11.333242,190845379
11.170346,56.8652,-83.1445,-83.1445,55,5,11.333242,190845379
11.172339,57.0410,-81.5625,-81.5625,55,5,11.333242,190845379
11.174327,57.3926,-80.1562,-80.1562,55,5,11.333242,190845379
11.176318,57.3926,-78.3984,-78.3984,55,5,11.333242,190845379
11.178323,57.5684,-76.8164,-76.8164,55,5,11.333242,190845379
11.180264,57.7441,-75.2344,-75.2344,55,5,11.333242,190845379
11.182255,57.9199,-73.4766,-73.4766,55,5,11.333242,190845379
11.184344,58.0957,-71.7188,-71.7188,55,5,11.333242,190845379
11.186335,58.0957,-69.7852,-69.7852,55,5,11.333242,190845379
11.188322,58.0957,-68.0273,-68.0273,55,5,11.333242,190845379
11.190315,58.0957,-66.2695,-66.2695,55,5,11.333242,190845379
11.192306,58.2715,-64.3359,-64.3359,55,5,11.333242,190845379
11.194322,58.2715,-62.5781,-62.5781,55,5,11.333242,190845379
11.196315,58.2715,-60.6445,-60.6445,55,5,11.333242,190845379
11.198306,58.0957,-58.5352,-58.5352,55,5,11.333242,190845379
11.200300,58.0957,-56.6016,-56.6016,55,5,11.333242,190845379
11.202293,57.9199,-54.4922,-54.4922,55,5,11.333242,190845379
11.204285,57.7441,-52.3828,-52.3828,55,5,11.333242,190845379
11.206277,57.5684,-50.2734,-50.2734,55,5,11.333242,190845379
11.208267,57.3926,-48.1641,-48.1641,55,5,11.333242,190845379
11.210260,57.0410,-46.0547,-46.0547,55,5,11.333242,190845379
11.212350,56.6895,-43.7695,-43.7695,55,5,11.333242,190845379
11.214266,56.3379,-41.4844,-41.4844,55,5,11.333242,190845379
11.216267,55.9863,-39.0234,-39.0234,55,5,11.333242,190845379
11.218269,55.4590,-36.7383,-36.7383,55,5,11.333242,190845379
11.220271,54.9316,-34.2773,-34.2773,55,5,11.333242,190845379
11.222277,54.4043,-31.8164,-31.8164,55,5,11.333242,190845379
11.224281,53.7012,-29.1797,-29.1797,55,5,11.333242,190845379
11.226285,52.9980,-26.5430,-26.5430,55,5,11.333242,190845379
11.228287,52.2949,-23.9062,-23.9062,56,5,11.333242,190845379
11.230289,51.4160,-21.0938,-21.0938,56,5,11.333242,190845379
11.232296,50.5371,-18.2812,-18.2812,56,5,11.333242,190845379
11.234300,49.4824,-15.2930,-15.2930,56,5,11.333242,190845379
11.236303,48.4277,-12.3047,-12.3047,56,5,11.333242,190845379
11.238306,47.3730,-9.3164,-9.3164,56,5,11.333242,190845379
11.240312,46.1426,-5.9766,-5.9766,56,5,11.333242,190845379
11.242315,44.7363,-2.8125,-2.8125,56,5,11.333242,190845379
11.244317,43.5059,0.5273,0.5273,57,5,11.333242,190845379
11.246320,42.0996,3.8672,3.8672,57,5,11.333242,190845379
11.248322,40.5176,7.2070,7.2070,57,5,11.333242,190845379
11.250322,39.1113,10.5469,10.5469,57,5,11.333242,190845379
11.254059,36.2988,17.0508,17.0508,57,5,11.333242,190845379
11.254608,35.7715,17.9297,17.9297,58,5,11.333242,190845379
11.256317,34.5410,20.9180,20.9180,58,5,11.333242,190845379
11.258321,33.1348,24.2578,24.2578,58,5,11.333242,190845379
11.260322,31.7285,27.4219,27.4219,58,5,11.333242,190845379
11.262322,30.4980,30.7617,30.7617,58,5,11.333242,190845379
11.264322,29.2676,33.9258,33.9258,58,5,11.333242,190845379
11.266322,28.0371,36.9141,36.9141,58,5,11.333242,190845379
11.268322,26.9824,40.0781,40.0781,58,5,11.333242,190845379
11.270322,25.9277,43.0664,43.0664,58,5,11.333242,190845379
11.272261,25.0488,45.8789,45.8789,59,5,11.333242,190845379
11.274319,23.9941,48.8672,48.8672,59,5,11.333242,190845379
11.276331,23.1152,51.5039,51.5039,59,5,11.333242,190845379
11.278315,22.4121,54.1406,54.1406,0,5,11.333242,190845379
11.280289,21.7090,56.7773,56.7773,0,5,11.333242,190845379
11.282264,21.1816,59.4141,59.4141,0,5,11.333242,190845379
11.284334,20.6543,61.8750,61.8750,0,5,11.333242,190845379
11.286312,20.1270,64.5117,64.5117,0,5,11.333242,190845379
11.288285,19.5996,66.7969,66.7969,0,5,11.333242,190845379
11.290261,19.0723,69.2578,69.2578,0,5,11.333242,190845379
11.292332,18.7207,71.5430,71.5430,0,5,11.333242,190845379
11.294312,18.3691,73.8281,73.8281,0,5,11.333242,190845379
11.296285,18.0176,76.1133,76.1133,0,5,11.333242,190845379
11.298261,17.8418,78.2227,78.2227,0,5,11.333242,190845379
11.300332,17.4902,80.5078,80.5078,0,5,11.333242,190845379
11.302306,17.3145,82.6172,82.6172,0,5,11.333242,190845379
11.304281,17.3145,84.7266,84.7266,0,5,11.333242,190845379
11.306254,17.1387,86.8359,86.8359,0,5,11.333242,190845379
11.308322,16.9629,88.7695,88.7695,0,5,11.333242,190845379
11.310300,16.7871,90.7031,90.7031,0,5,11.333242,190845379
11.312277,16.7871,92.6367,92.6367,0,5,11.333242,190845379
11.314344,16.7871,94.7461,94.7461,0,5,11.333242,190845379
11.316337,16.7871,96.6797,96.6797,0,5,11.333242,190845379
11.318255,16.7871,98.4375,98.4375,0,5,11.333242,190845379
11.320264,16.7871,100.3711,100.3711,0,5,11.333242,190845379
11.322306,16.7871,102.1289,102.1289,0,5,11.333242,190845379
11.324254,16.7871,103.8867,103.8867,0,5,11.333242,190845379
11.326332,16.7871,105.6445,105.6445,0,5,11.333242,190845379
11.330298,17.1387,109.1602,109.1602,0,5,11.590600,191100051
11.331504,17.1387,110.0391,110.0391,0,5,11.590600,191100051
11.332349,17.3145,110.7422,110.7422,0,5,11.590600,191100051
11.334534,17.3145,112.5000,112.5000,0,5,11.590600,191100051
11.336269,17.4902,113.9062,113.9062,59,5,11.590600,191100051
11.338268,17.6660,115.6641,115.6641,59,5,11.590600,191100051
11.340284,17.8418,117.2461,117.2461,59,5,11.590600,191100051
11.342262,18.0176,118.6523,118.6523,0,5,11.590600,191100051
11.344263,18.1934,120.2344,120.2344,0,5,11.590600,191100051
11.346316,18.3691,121.8164,121.8164,0,5,11.590600,191100051
11.348304,18.7207,123.2227,123.2227,0,5,11.590600,191100051
11.350285,18.8965,124.8047,124.8047,0,5,11.590600,191100051
11.354723,19.4238,127.7930,127.7930,0,5,11.590600,191100051
11.355376,19.4238,128.3203,128.3203,59,5,11.590600,191100051
11.356296,19.5996,129.0234,129.0234,59,5,11.590600,191100051
11.358356,19.9512,130.4297,130.4297,59,5,11.590600,191100051
11.360328,20.1270,131.6602,131.6602,59,5,11.590600,191100051
11.362319,20.3027,133.0664,133.0664,59,5,11.590600,191100051
11.364312,20.6543,134.2969,134.2969,59,5,11.590600,191100051
11.366303,20.8301,135.5273,135.5273,59,5,11.590600,191100051
11.368349,21.1816,136.9336,136.9336,0,5,11.590600,191100051
11.370344,21.5332,138.1641,138.1641,0,5,11.590600,191100051
11.372339,21.8848,139.2188,139.2188,0,5,11.590600,191100051
11.374337,22.0605,140.4492,140.4492,0,5,11.590600,191100051
11.376339,22.4121,141.6797,141.6797,0,5,11.590600,191100051
11.378283,22.5879,142.7344,142.7344,59,5,11.590600,191100051
11.380334,22.9395,143.9648,143.9648,59,5,11.590600,191100051
11.382344,23.2910,145.1953,145.1953,59,5,11.590600,191100051
11.384264,23.6426,146.0742,146.0742,59,5,11.590600,191100051
11.386281,23.8184,147.3047,147.3047,59,5,11.590600,191100051
11.388281,24.1699,148.1836,148.1836,0,5,11.590600,191100051
11.390280,24.5215,149.2383,149.2383,0,5,11.590600,191100051
11.392280,24.6973,150.2930,150.2930,0,5,11.590600,191100051
11.394280,25.0488,151.1719,151.1719,0,5,11.590600,191100051
11.396280,25.4004,152.2266,152.2266,0,5,11.590600,191100051
11.398280,25.5762,153.1055,153.1055,0,5,11.590600,191100051
11.400300,25.9277,154.1602,154.1602,59,5,11.590600,191100051
11.402315,26.1035,155.0391,155.0391,59,5,11.590600,191100051
11.404327,26.4551,155.9180,155.9180,58,5,11.590600,191100051
11.406339,26.6309,156.7969,156.7969,58,5,11.590600,191100051
11.408350,26.9824,157.6758,157.6758,58,5,11.590600,191100051
11.410266,27.1582,158.3789,158.3789,58,5,11.590600,191100051
11.412281,27.3340,159.2578,159.2578,58,5,11.590600,191100051
11.414300,27.6855,159.9609,159.9609,58,5,11.590600,191100051
11.416315,27.8613,160.6641,160.6641,58,5,11.590600,191100051
11.418334,28.0371,161.3672,161.3672,58,5,11.590600,191100051
11.420261,28.2129,162.0703,162.0703,58,5,11.590600,191100051
11.422280,28.5645,162.7734,162.7734,58,5,11.590600,191100051
11.424300,28.5645,163.4766,163.4766,58,5,11.590600,191100051
11.426314,28.7402,164.0039,164.0039,58,5,11.590600,191100051
11.428327,28.9160,164.5312,164.5312,58,5,11.590600,191100051
11.430339,29.0918,165.0586,165.0586,58,5,11.590600,191100051
11.432327,29.2676,165.5859,165.5859,-58,5,11.590600,191100051
11.434315,29.2676,166.2891,166.2891,-58,5,11.590600,191100051
11.436302,29.4434,166.6406,166.6406,-58,5,11.590600,191100051
11.438289,29.6191,167.1680,167.1680,-58,5,11.590600,191100051
11.440277,29.7949,167.6953,167.6953,-58,5,11.590600,191100051
11.442264,29.9707,168.2227,168.2227,-58,5,11.590600,191100051
11.444344,29.9707,168.5742,168.5742,-58,5,11.590600,191100051
11.446327,30.1465,169.1016,169.1016,-58,5,11.590600,191100051
11.448315,30.3223,169.4531,169.4531,-58,5,11.590600,191100051
11.450302,30.3223,169.9805,169.9805,-58,5,11.590600,191100051
11.454074,30.6738,170.8594,170.8594,-58,5,11.590600,191100051
11.454629,30.6738,170.8594,170.8594,-58,5,11.590600,191100051
11.456331,30.8496,171.2109,171.2109,-58,5,11.590600,191100051
11.458317,30.8496,171.5625,171.5625,-58,5,11.590600,191100051
11.460303,31.0254,172.0898,172.0898,-58,5,11.590600,191100051
11.462307,31.2012,172.4414,172.4414,-58,5,11.590600,191100051
11.464281,31.3770,172.7930,172.7930,-58,5,11.590600,191100051
11.466254,31.5527,173.1445,173.1445,-58,5,11.590600,191100051
11.468322,31.5527,173.4961,173.4961,-58,5,11.590600,191100051
11.470300,31.7285,173.8477,173.8477,-58,5,11.590600,191100051
11.472277,31.9043,174.1992,174.1992,-58,5,11.590600,191100051
11.474344,32.0801,174.5508,174.5508,-58,5,11.590600,191100051
11.476318,32.2559,174.9023,174.9023,-58,5,11.590600,191100051
11.478350,32.4316,175.2539,175.2539,-58,5,11.590600,191100051
11.480322,32.6074,175.6055,175.6055,-58,5,11.590600,191100051
11.482300,32.7832,175.7812,175.7812,-58,5,11.590600,191100051
11.484277,32.7832,176.1328,176.1328,-58,5,11.590600,191100051
11.486365,32.9590,176.4844,176.4844,-58,5,11.590600,191100051
11.488339,33.1348,176.8359,176.8359,-58,5,11.590600,191100051
11.490315,33.3105,177.0117,177.0117,-58,5,11.590600,191100051
11.492289,33.4863,177.3633,177.3633,-58,5,11.590600,191100051
11.494265,33.6621,177.7148,177.7148,-58,5,11.590600,191100051
11.496337,33.8379,177.8906,177.8906,-58,5,11.590600,191100051
11.498313,34.0137,178.2422,178.2422,-58,5,11.590600,191100051
11.500286,34.1895,178.4180,178.4180,-58,5,11.590600,191100051
11.502261,34.3652,178.7695,178.7695,-58,5,11.590600,191100051
11.504335,34.5410,178.9453,178.9453,-58,5,11.590600,191100051
11.506312,34.8926,179.2969,179.2969,-58,5,11.590600,191100051
11.508285,34.8926,179.4727,179.4727,-58,5,11.590600,191100051
11.510261,35.2441,179.8242,179.8242,-58,5,11.590600,191100051
11.512332,35.4199,-180.0000,180.0000,-58,5,11.590600,191100051
11.514331,35.5957,-179.6484,180.3516,-58,5,11.590600,191100051
11.516328,35.7715,-179.4727,-179.4727,0,5,11.590600,191100051
11.518280,35.9473,-179.2969,-179.2969,-58,5,11.590600,191100051
11.520350,36.2988,-178.9453,-178.9453,-58,5,11.590600,191100051
11.522322,36.4746,-178.7695,-178.7695,-58,5,11.590600,191100051
11.524318,36.6504,-178.5938,-178.5938,-58,5,11.590600,191100051
11.526296,36.8262,-178.2422,-178.2422,-58,5,11.590600,191100051
11.528269,37.0020,-178.0664,-178.0664,-58,5,11.590600,191100051
11.530339,37.3535,-177.8906,-177.8906,-58,5,11.590600,191100051
11.532315,37.5293,-177.5391,-177.5391,-57,5,11.590600,191100051
11.534289,37.7051,-177.3633,-177.3633,-57,5,11.590600,191100051
11.536264,38.0566,-177.1875,-177.1875,-57,5,11.590600,191100051
11.538335,38.2324,-176.8359,-176.8359,-57,5,11.590600,191100051
11.540312,38.5840,-176.6602,-176.6602,-57,5,11.590600,191100051
11.542286,38.7598,-176.4844,-176.4844,-57,5,11.590600,191100051
11.544261,39.1113,-176.3086,-176.3086,-57,5,11.590600,191100051
11.546334,39.2871,-175.9570,-175.9570,-57,5,11.590600,191100051
11.548312,39.6387,-175.7812,-175.7812,-57,5,11.590600,191100051
11.550286,39.8145,-175.6055,-175.6055,-57,5,11.590600,191100051
11.554448,40.5176,-175.0781,-175.0781,-57,5,11.590600,191100051
11.555045,40.5176,-175.0781,-175.0781,-57,5,11.590600,191100051
11.556336,40.6934,-174.9023,-174.9023,-57,5,11.590600,191100051
11.558312,41.0449,-174.5508,-174.5508,-57,5,11.590600,191100051
11.560286,41.2207,-174.3750,-174.3750,-57,5,11.590600,191100051
11.562261,41.5723,-174.1992,-174.1992,-57,5,11.590600,191100051
11.564352,41.9238,-173.8477,-173.8477,-57,5,11.590600,191100051
11.566340,42.0996,-173.6719,-173.6719,-57,5,11.590600,191100051
11.568337,42.4512,-173.4961,-173.4961,-57,5,11.590600,191100051
11.570312,42.8027,-173.1445,-173.1445,-57,5,11.590600,191100051
11.572285,43.1543,-172.9688,-172.9688,-57,5,11.590600,191100051
11.574261,43.3301,-172.7930,-172.7930,-57,5,11.590600,191100051
11.576300,43.8574,-172.4414,-172.4414,-57,5,11.590600,191100051
11.578348,44.0332,-172.2656,-172.2656,-57,5,11.590600,191100051
11.580334,44.3848,-171.9141,-171.9141,-57,5,11.590600,191100051
11.585283,45.4395,-171.2109,-171.2109,-57,5,11.819629,191336875
11.586563,45.6152,-171.2109,-171.2109,-57,5,11.819629,191336875
11.587234,45.6152,-171.0352,-171.0352,-57,5,11.819629,191336875
11.588337,45.9668,-170.8594,-170.8594,-57,5,11.819629,191336875
11.590345,46.3184,-170.6836,-170.6836,-56,5,11.819629,191336875
11.592261,46.6699,-170.3320,-170.3320,-56,5,11.819629,191336875
11.594313,47.0215,-170.1562,-170.1562,-56,5,11.819629,191336875
11.596303,47.3730,-169.8047,-169.8047,-56,5,11.819629,191336875
11.598294,47.7246,-169.4531,-169.4531,-56,5,11.819629,191336875
11.600283,48.2520,-169.1016,-169.1016,-56,5,11.819629,191336875
11.602291,48.6035,-168.9258,-168.9258,-56,5,11.819629,191336875
11.604323,48.9551,-168.5742,-168.5742,-56,5,11.819629,191336875
11.606563,49.4824,-168.2227,-168.2227,-56,5,11.819629,191336875
11.608280,49.8340,-168.0469,-168.0469,-56,5,11.819629,191336875
11.610272,50.3613,-167.5195,-167.5195,-56,5,11.819629,191336875
11.612323,50.7129,-167.3438,-167.3438,-56,5,11.819629,191336875
11.614335,51.2402,-166.9922,-166.9922,-56,5,11.819629,191336875
11.616294,51.7676,-166.6406,-166.6406,-56,5,11.819629,191336875
11.618281,52.1191,-166.2891,-166.2891,-56,5,11.819629,191336875
11.620264,52.6465,-165.9375,-165.9375,-56,5,11.819629,191336875
11.622344,53.1738,-165.4102,-165.4102,-56,5,11.819629,191336875
11.624327,53.5254,-165.0586,-165.0586,-56,5,11.819629,191336875
11.626315,54.0527,-164.7070,-164.7070,-55,5,11.819629,191336875
11.628302,54.5801,-164.1797,-164.1797,-55,5,11.819629,191336875
11.630293,55.1074,-163.8281,-163.8281,-55,5,11.819629,191336875
11.632281,55.4590,-163.4766,-163.4766,-55,5,11.819629,191336875
11.634264,55.9863,-163.1250,-163.1250,-55,5,11.819629,191336875
11.636344,56.6895,-162.5977,-162.5977,-55,5,11.819629,191336875
11.638331,57.2168,-162.0703,-162.0703,-55,5,11.819629,191336875
11.640317,57.7441,-161.7188,-161.7188,-55,5,11.819629,191336875
11.642302,58.2715,-161.1914,-161.1914,-55,5,11.819629,191336875
11.644288,58.7988,-160.6641,-160.6641,-55,5,11.819629,191336875
11.646277,59.3262,-160.3125,-160.3125,-55,5,11.819629,191336875
11.648264,59.8535,-159.7852,-159.7852,-55,5,11.819629,191336875
11.650344,60.5566,-159.0820,-159.0820,-55,5,11.819629,191336875
11.654567,61.7871,-158.0273,-158.0273,-54,5,11.819629,191336875
11.655188,61.9629,-157.8516,-157.8516,-54,5,11.819629,191336875
11.656302,62.3145,-157.5000,-157.5000,-54,5,11.819629,191336875
11.658287,62.8418,-156.9727,-156.9727,-54,5,11.819629,191336875
11.660277,63.3691,-156.4453,-156.4453,-54,5,11.819629,191336875
11.662264,64.0723,-155.7422,-155.7422,-54,5,11.819629,191336875
11.664344,64.7754,-155.0391,-155.0391,-54,5,11.819629,191336875
11.666327,65.3027,-154.5117,-154.5117,-54,5,11.819629,191336875
11.668315,66.0059,-153.8086,-153.8086,-54,5,11.819629,191336875
11.670302,66.5332,-153.2812,-153.2812,-54,5,11.819629,191336875
11.672287,67.2363,-152.5781,-152.5781,-54,5,11.819629,191336875
11.674315,67.9395,-151.8750,-151.8750,-53,5,11.819629,191336875
11.676302,68.6426,-151.1719,-151.1719,-53,5,11.819629,191336875
11.678307,69.3457,-150.4688,-150.4688,-53,5,11.819629,191336875
11.680296,70.0488,-149.7656,-149.7656,-53,5,11.819629,191336875
11.682337,70.7520,-148.8867,-148.8867,-53,5,11.819629,191336875
11.684315,71.2793,-148.1836,-148.1836,-53,5,11.819629,191336875
11.686302,71.9824,-147.3047,-147.3047,-53,5,11.819629,191336875
11.688287,72.6855,-146.6016,-146.6016,-53,5,11.819629,191336875
11.690304,73.3887,-145.7227,-145.7227,-52,5,11.819629,191336875
11.692344,74.0918,-144.8438,-144.8438,-52,5,11.819629,191336875
11.694285,74.7949,-144.1406,-144.1406,-52,5,11.819629,191336875
11.696269,75.4980,-143.2617,-143.2617,-52,5,11.819629,191336875
11.698254,76.2012,-142.3828,-142.3828,-52,5,11.819629,191336875
11.700337,77.0801,-141.3281,-141.3281,-52,5,11.819629,191336875
11.702322,77.7832,-140.4492,-140.4492,-52,5,11.819629,191336875
11.704308,78.4863,-139.5703,-139.5703,-52,5,11.819629,191336875
11.706296,79.1895,-138.6914,-138.6914,-51,5,11.819629,191336875
11.708281,79.8926,-137.6367,-137.6367,-51,5,11.819629,191336875
11.710264,80.5957,-136.5820,-136.5820,-51,5,11.819629,191336875
11.712344,81.2988,-135.7031,-135.7031,-51,5,11.819629,191336875
11.714331,82.0020,-134.6484,-134.6484,-51,5,11.819629,191336875
11.716331,82.7051,-133.5938,-133.5938,-51,5,11.819629,191336875
11.718296,83.4082,-132.5391,-132.5391,-51,5,11.819629,191336875
11.720260,84.1113,-131.4844,-131.4844,-51,5,11.819629,191336875
11.722320,84.8145,-130.2539,-130.2539,-50,5,11.819629,191336875
11.724281,85.5176,-129.1992,-129.1992,-50,5,11.819629,191336875
11.726339,86.2207,-128.1445,-128.1445,-50,5,11.819629,191336875
11.728302,86.9238,-126.9141,-126.9141,-50,5,11.819629,191336875
11.730264,87.6270,-125.8594,-125.8594,-50,5,11.819629,191336875
11.732322,88.3301,-124.6289,-124.6289,-50,5,11.819629,191336875
11.734285,89.0332,-123.3984,-123.3984,-50,5,11.819629,191336875
11.736344,89.5605,-121.9922,-121.9922,-50,5,11.819629,191336875
11.738305,90.2637,-120.9375,-120.9375,-49,5,11.819629,191336875
11.740260,90.9668,-119.7070,-119.7070,-58,5,11.819629,191336875
11.742277,91.4941,-118.3008,-118.3008,-58,5,11.819629,191336875
11.744293,92.1973,-117.0703,-117.0703,-57,5,11.819629,191336875
11.746306,92.9004,-115.6641,-115.6641,-57,5,11.819629,191336875
11.748318,93.4277,-114.4336,-114.4336,-57,5,11.819629,191336875
11.750331,94.1309,-113.0273,-113.0273,-57,5,11.819629,191336875
11.753899,95.1855,-110.5664,-110.5664,0,0,11.819629,191336875
11.754336,95.3613,-110.2148,-110.2148,0,0,11.819629,191336875
11.756315,95.8887,-108.8086,-108.8086,0,0,11.819629,191336875
11.758285,96.4160,-107.4023,-107.4023,0,0,11.819629,191336875
11.760339,97.1191,-105.8203,-105.8203,0,0,11.819629,191336875
11.762307,97.6465,-104.4141,-104.4141,0,0,11.819629,191336875
11.764264,98.1738,-102.8320,-102.8320,0,0,11.819629,191336875
11.766327,98.7012,-101.4258,-101.4258,0,0,11.819629,191336875
11.768285,99.2285,-99.8438,-99.8438,0,0,11.819629,191336875
11.770348,99.5801,-98.2617,-98.2617,0,0,11.819629,191336875
11.772308,100.1074,-96.6797,-96.6797,0,0,11.819629,191336875
11.774277,100.6348,-95.0977,-95.0977,0,0,11.819629,191336875
11.776334,100.9863,-93.5156,-93.5156,0,0,11.819629,191336875
11.778314,101.5137,-91.7578,-91.7578,0,0,11.819629,191336875
11.780277,101.8652,-90.1758,-90.1758,0,0,11.819629,191336875
11.782339,102.3926,-88.4180,-88.4180,0,0,11.819629,191336875
11.784303,102.7441,-86.6602,-86.6602,0,0,11.819629,191336875
11.786266,103.0957,-85.0781,-85.0781,0,0,11.819629,191336875
11.788323,103.4473,-83.1445,-83.1445,0,0,11.819629,191336875
11.790317,103.6230,-81.3867,-81.3867,0,0,11.819629,191336875
11.792280,103.9746,-79.6289,-79.6289,0,0,11.819629,191336875
11.794344,104.3262,-77.6953,-77.6953,0,0,11.819629,191336875
11.796303,104.5020,-75.7617,-75.7617,0,0,11.819629,191336875
11.798271,104.6777,-74.0039,-74.0039,0,0,11.819629,191336875
11.800327,105.0293,-71.8945,-71.8945,0,0,11.819629,191336875
11.802300,105.2051,-69.9609,-69.9609,0,0,11.819629,191336875
11.804261,105.3809,-68.0273,-68.0273,0,0,11.819629,191336875
11.806322,105.5566,-65.9180,-65.9180,0,0,11.819629,191336875
11.808328,105.5566,-63.8086,-63.8086,0,0,11.819629,191336875
11.810265,105.7324,-61.8750,-61.8750,0,0,11.819629,191336875
11.812281,105.7324,-59.7656,-59.7656,0,0,11.819629,191336875
11.814302,105.9082,-57.4805,-57.4805,0,0,11.819629,191336875
11.816918,105.9082,-54.4922,-54.4922,0,0,11.819629,191336875
11.821838,105.7324,-48.8672,-48.8672,0,0,12.056907,191572925
11.822451,105.5566,-48.1641,-48.1641,0,0,12.056907,191572925
11.822810,105.5566,-47.8125,-47.8125,0,0,12.056907,191572925
11.824315,105.3809,-45.7031,-45.7031,0,0,12.056907,191572925
11.826272,105.3809,-43.7695,-43.7695,0,0,12.056907,191572925
11.828255,105.2051,-41.3086,-41.3086,0,0,12.056907,191572925
11.830255,104.8535,-38.6719,-38.6719,0,0,12.056907,191572925
11.832360,104.5020,-36.0352,-36.0352,0,0,12.056907,191572925
11.834315,103.9746,-33.2227,-33.2227,0,0,12.056907,191572925
11.836260,103.6230,-30.9375,-30.9375,0,0,12.056907,191572925
11.838321,103.0957,-28.1250,-28.1250,0,0,12.056907,191572925
11.840339,102.5684,-25.1367,-25.1367,0,0,12.056907,191572925
11.842344,101.8652,-22.3242,-22.3242,0,0,12.056907,191572925
11.844267,101.3379,-19.5117,-19.5117,0,0,12.056907,191572925
11.846339,100.4590,-16.3477,-16.3477,0,0,12.056907,191572925
11.848270,99.5801,-13.3594,-13.3594,0,0,12.056907,191572925
11.850344,98.7012,-10.1953,-10.1953,0,0,12.056907,191572925
11.854252,96.7676,-3.6914,-3.6914,0,0,12.056907,191572925
11.854574,96.5918,-3.1641,-3.1641,0,0,12.056907,191572925
11.856269,95.5371,-0.3516,-0.3516,0,0,12.056907,191572925
11.858339,94.3066,3.3398,3.3398,0,0,12.056907,191572925
11.860315,93.0762,6.6797,6.6797,0,0,12.056907,191572925
11.862293,91.8457,10.1953,10.1953,0,0,12.056907,191572925
11.864267,90.6152,13.7109,13.7109,0,0,12.056907,191572925
11.866339,89.3848,17.2266,17.2266,0,0,12.056907,191572925
11.868315,88.1543,20.7422,20.7422,0,0,12.056907,191572925
11.870293,86.9238,24.0820,24.0820,0,0,12.056907,191572925
11.872267,85.8691,27.4219,27.4219,0,0,12.056907,191572925
11.874339,84.8145,30.7617,30.7617,0,0,12.056907,191572925
11.876315,83.7598,33.9258,33.9258,0,0,12.056907,191572925
11.878312,82.8809,37.0898,37.0898,0,0,12.056907,191572925
11.880287,82.1777,40.0781,40.0781,0,0,12.056907,191572925
11.882264,81.2988,43.2422,43.2422,0,0,12.056907,191572925
11.884337,80.5957,46.2305,46.2305,0,0,12.056907,191572925
11.886315,80.0684,49.0430,49.0430,0,0,12.056907,191572925
11.888293,79.5410,51.8555,51.8555,0,0,12.056907,191572925
11.890268,79.0137,54.4922,54.4922,0,0,12.056907,191572925
11.892281,78.6621,57.1289,57.1289,0,0,12.056907,191572925
11.894261,78.1348,59.7656,59.7656,0,0,12.056907,191572925
11.896334,77.9590,62.4023,62.4023,0,0,12.056907,191572925
11.898312,77.6074,64.8633,64.8633,0,0,12.056907,191572925
11.900287,77.4316,67.3242,67.3242,0,0,12.056907,191572925
11.902264,77.2559,69.6094,69.6094,0,0,12.056907,191572925
11.904337,77.0801,72.0703,72.0703,0,0,12.056907,191572925
11.906315,77.0801,74.3555,74.3555,0,0,12.056907,191572925
11.908293,76.9043,76.6406,76.6406,0,0,12.056907,191572925
11.910267,76.9043,78.7500,78.7500,0,0,12.056907,191572925
11.912339,76.9043,81.2109,81.2109,0,0,12.056907,191572925
11.914315,76.9043,83.3203,83.3203,0,0,12.056907,191572925
11.916293,76.9043,85.4297,85.4297,0,0,12.056907,191572925
11.918267,77.0801,87.3633,87.3633,0,0,12.056907,191572925
11.920339,77.0801,89.4727,89.4727,0,0,12.056907,191572925
11.922315,77.2559,91.4062,91.4062,0,0,12.056907,191572925
11.924293,77.4316,93.5156,93.5156,0,0,12.056907,191572925
11.926267,77.6074,95.4492,95.4492,0,0,12.056907,191572925
11.928339,77.7832,97.3828,97.3828,0,0,12.056907,191572925
11.930315,77.9590,99.3164,99.3164,0,0,12.056907,191572925
11.932293,78.1348,101.0742,101.0742,0,0,12.056907,191572925
11.934267,78.4863,103.0078,103.0078,0,0,12.056907,191572925
11.936339,78.6621,104.7656,104.7656,0,0,12.056907,191572925
11.938315,79.0137,106.6992,106.6992,0,0,12.056907,191572925
11.940293,79.3652,108.2812,108.2812,0,0,12.056907,191572925
11.942267,79.7168,110.0391,110.0391,0,0,12.056907,191572925
11.944339,80.0684,111.7969,111.7969,0,0,12.056907,191572925
11.946315,80.4199,113.5547,113.5547,0,0,12.056907,191572925
11.948293,80.7715,115.1367,115.1367,0,0,12.056907,191572925
11.950267,81.1230,116.7188,116.7188,0,0,12.056907,191572925
11.953742,81.8262,119.5312,119.5312,0,0,12.056907,191572925
11.954297,82.0020,120.0586,120.0586,0,0,12.056907,191572925
11.956285,82.3535,121.4648,121.4648,0,0,12.056907,191572925
11.958261,82.8809,123.0469,123.0469,0,0,12.056907,191572925
11.960334,83.4082,124.6289,124.6289,0,0,12.056907,191572925
11.962313,83.7598,126.2109,126.2109,0,0,12.056907,191572925
11.964288,84.2871,127.6172,127.6172,0,0,12.056907,191572925
11.966264,84.8145,129.0234,129.0234,0,0,12.056907,191572925
11.968337,85.1660,130.4297,130.4297,0,0,12.056907,191572925
11.970315,85.6934,131.8359,131.8359,0,0,12.056907,191572925
11.972293,86.2207,133.2422,133.2422,0,0,12.056907,191572925
11.974267,86.7480,134.6484,134.6484,0,0,12.056907,191572925
11.976339,87.2754,136.0547,136.0547,0,0,12.056907,191572925
11.978323,87.8027,137.2852,137.2852,0,0,12.056907,191572925
11.980300,88.3301,138.5156,138.5156,0,0,12.056907,191572925
11.982277,89.0332,139.9219,139.9219,0,0,12.056907,191572925
11.984349,89.5605,141.1523,141.1523,0,0,12.056907,191572925
11.986322,90.0879,142.3828,142.3828,0,0,12.056907,191572925
11.988300,90.7910,143.6133,143.6133,0,0,12.056907,191572925
11.990331,91.3184,144.8438,144.8438,0,0,12.056907,191572925
11.992307,91.8457,146.0742,146.0742,0,0,12.056907,191572925
11.994315,92.5488,147.1289,147.1289,0,0,12.056907,191572925
11.996294,93.0762,148.3594,148.3594,0,0,12.056907,191572925
11.998269,93.6035,149.4141,149.4141,0,0,12.056907,191572925
12.000339,94.3066,150.4688,150.4688,0,0,12.056907,191572925
12.002315,94.8340,151.5234,151.5234,0,0,12.056907,191572925
12.004293,95.5371,152.5781,152.5781,0,0,12.056907,191572925
12.006267,96.0645,153.6328,153.6328,0,0,12.056907,191572925
12.008339,96.7676,154.6875,154.6875,0,0,12.056907,191572925
12.010315,97.2949,155.7422,155.7422,0,0,12.056907,191572925
12.012293,97.9980,156.7969,156.7969,0,0,12.056907,191572925
12.014267,98.5254,157.6758,157.6758,0,0,12.056907,191572925
12.016339,99.2285,158.7305,158.7305,0,0,12.056907,191572925
12.018315,99.7559,159.6094,159.6094,0,0,12.056907,191572925
12.020293,100.4590,160.4883,160.4883,0,0,12.056907,191572925
12.022267,100.9863,161.3672,161.3672,0,0,12.056907,191572925
12.024339,101.6895,162.2461,162.2461,0,0,12.056907,191572925
12.026315,102.2168,163.1250,163.1250,0,0,12.056907,191572925
12.028293,102.7441,164.0039,164.0039,0,0,12.056907,191572925
12.030267,103.4473,164.8828,164.8828,0,0,12.056907,191572925
12.032339,103.9746,165.5859,165.5859,0,0,12.056907,191572925
12.034315,104.5020,166.2891,166.2891,0,0,12.056907,191572925
12.036336,105.2051,167.1680,167.1680,0,0,12.056907,191572925
12.038272,105.7324,167.8711,167.8711,0,0,12.056907,191572925
12.040254,106.2598,168.5742,168.5742,0,0,12.056907,191572925
12.042313,106.7871,169.2773,169.2773,0,0,12.056907,191572925
12.044277,107.3145,169.9805,169.9805,0,0,12.056907,191572925
12.046335,108.0176,170.6836,170.6836,0,0,12.056907,191572925
12.048259,108.5449,171.2109,171.2109,0,0,12.056907,191572925
12.050316,109.0723,171.9141,171.9141,0,0,12.056907,191572925
12.054266,110.1270,173.1445,173.1445,0,0,12.056907,191572925
12.057875,111.0059,174.1992,174.1992,0,0,12.297834,191809135
12.058439,111.1816,174.1992,174.1992,0,0,12.297834,191809135
12.058760,111.1816,174.3750,174.3750,0,0,12.297834,191809135
12.060254,111.5332,174.7266,174.7266,0,0,12.297834,191809135
12.062322,112.0605,175.2539,175.2539,0,0,12.297834,191809135
12.064295,112.5879,175.7812,175.7812,0,0,12.297834,191809135
12.066283,113.1152,176.3086,176.3086,0,0,12.297834,191809135
12.068301,113.4668,176.8359,176.8359,0,0,12.297834,191809135
12.070312,113.9941,177.1875,177.1875,0,0,12.297834,191809135
12.072266,114.3457,177.7148,177.7148,0,0,12.297834,191809135
12.074284,114.8730,178.0664,178.0664,0,0,12.297834,191809135
12.076316,115.2246,178.4180,178.4180,0,0,12.297834,191809135
12.078270,115.7520,178.9453,178.9453,0,0,12.297834,191809135
12.080261,116.1035,179.1211,179.1211,0,0,12.297834,191809135
12.082334,116.4551,179.6484,179.6484,0,0,12.297834,191809135
12.084312,116.8066,179.8242,179.8242,0,0,12.297834,191809135
12.086287,117.3340,-179.6484,180.3516,0,0,12.297834,191809135
12.088303,117.6855,-179.4727,180.5273,0,0,12.297834,191809135
12.090281,118.0371,-179.1211,180.8789,0,0,12.297834,191809135
12.092356,118.3887,-178.7695,181.2305,0,0,12.297834,191809135
12.094317,118.7402,-178.5938,181.4062,0,0,12.297834,191809135
12.096296,119.0918,-178.2422,181.7578,0,0,12.297834,191809135
12.098307,119.4434,-178.0664,181.9336,0,0,12.297834,191809135
12.100285,119.6191,-177.8906,182.1094,0,0,12.297834,191809135
12.102264,119.9707,-177.7148,182.2852,0,0,12.297834,191809135
12.104339,120.3223,-177.5391,182.4609,0,0,12.297834,191809135
12.106314,120.6738,-177.3633,182.6367,0,0,12.297834,191809135
12.108293,120.8496,-177.1875,182.8125,0,0,12.297834,191809135
12.110268,121.2012,-177.0117,182.9883,0,0,12.297834,191809135
12.112339,121.3770,-176.8359,183.1641,0,0,12.297834,191809135
12.114314,121.7285,-176.8359,183.1641,0,0,12.297834,191809135
12.116293,122.0801,-176.6602,183.3398,0,0,12.297834,191809135
12.118268,122.2559,-176.4844,183.5156,0,0,12.297834,191809135
12.120339,122.4316,-176.4844,183.5156,0,0,12.297834,191809135
12.122314,122.7832,-176.4844,183.5156,0,0,12.297834,191809135
12.124293,122.9590,-176.3086,183.6914,0,0,12.297834,191809135
12.126268,123.1348,-176.3086,183.6914,0,0,12.297834,191809135
12.128339,123.3105,-176.3086,183.6914,0,0,12.297834,191809135
12.130314,123.4863,-176.1328,183.8672,0,0,12.297834,191809135
12.132293,123.6621,-176.1328,183.8672,0,0,12.297834,191809135
12.134268,123.8379,-176.1328,183.8672,0,0,12.297834,191809135
12.136339,124.0137,-176.1328,183.8672,0,0,12.297834,191809135
12.138314,124.1895,-176.3086,183.6914,0,0,12.297834,191809135
12.140293,124.3652,-176.3086,183.6914,0,0,12.297834,191809135
12.142268,124.3652,-176.3086,183.6914,0,0,12.297834,191809135
12.144339,124.5410,-176.4844,183.5156,0,0,12.297834,191809135
12.146314,124.7168,-176.4844,183.5156,0,0,12.297834,191809135
12.148293,124.8926,-176.6602,183.3398,0,0,12.297834,191809135
12.150268,124.8926,-176.6602,183.3398,0,0,12.297834,191809135
12.154217,125.0684,-177.0117,182.9883,0,0,12.297834,191809135
12.154552,125.0684,-177.0117,182.9883,0,0,12.297834,191809135
12.156337,125.2441,-177.1875,182.8125,0,0,12.297834,191809135
12.158315,125.2441,-177.3633,182.6367,0,0,12.297834,191809135
12.160294,125.2441,-177.3633,182.6367,0,0,12.297834,191809135
12.162269,125.4199,-177.5391,182.4609,0,0,12.297834,191809135
12.164344,125.4199,-177.8906,182.1094,0,0,12.297834,191809135
12.166320,125.4199,-178.0664,181.9336,0,0,12.297834,191809135
12.168300,125.5957,-178.2422,181.7578,0,0,12.297834,191809135
12.170277,125.5957,-178.5938,181.4062,0,0,12.297834,191809135
12.172350,125.5957,-178.7695,181.2305,0,0,12.297834,191809135
12.174322,125.5957,-178.9453,181.0547,0,0,12.297834,191809135
12.176300,125.5957,-179.2969,180.7031,0,0,12.297834,191809135
12.178289,125.5957,-179.6484,180.3516,0,0,12.297834,191809135
12.180264,125.5957,-180.0000,180.0000,0,0,12.297834,191809135
12.182339,125.4199,179.6484,179.6484,0,0,12.297834,191809135
12.184315,125.4199,179.2969,179.2969,0,0,12.297834,191809135
12.186293,125.4199,178.9453,178.9453,0,0,12.297834,191809135
12.188267,125.2441,178.5938,178.5938,0,0,12.297834,191809135
12.190339,125.2441,178.2422,178.2422,0,0,12.297834,191809135
12.192315,125.2441,177.8906,177.8906,0,0,12.297834,191809135
12.194333,125.0684,177.3633,177.3633,0,0,12.297834,191809135
12.196313,125.0684,177.0117,177.0117,0,0,12.297834,191809135
12.198288,124.8926,176.4844,176.4844,0,0,12.297834,191809135
12.200264,124.8926,176.1328,176.1328,0,0,12.297834,191809135
12.202338,124.7168,175.6055,175.6055,0,0,12.297834,191809135
12.204328,124.5410,175.0781,175.0781,0,0,12.297834,191809135
12.206304,124.3652,174.5508,174.5508,0,0,12.297834,191809135
12.208281,124.3652,174.0234,174.0234,0,0,12.297834,191809135
12.210261,124.1895,173.4961,173.4961,0,0,12.297834,191809135
12.212334,124.0137,172.9688,172.9688,0,0,12.297834,191809135
12.214312,123.8379,172.4414,172.4414,0,0,12.297834,191809135
12.216287,123.6621,171.9141,171.9141,0,0,12.297834,191809135
12.218264,123.4863,171.2109,171.2109,0,0,12.297834,191809135
12.220337,123.3105,170.6836,170.6836,0,0,12.297834,191809135
12.222315,123.1348,169.9805,169.9805,0,0,12.297834,191809135
12.224293,122.9590,169.2773,169.2773,0,0,12.297834,191809135
12.226267,122.7832,168.7500,168.7500,0,0,12.297834,191809135
12.228339,122.4316,167.8711,167.8711,0,0,12.297834,191809135
12.230315,122.2559,167.3438,167.3438,0,0,12.297834,191809135
12.232293,122.0801,166.4648,166.4648,0,0,12.297834,191809135
12.234267,121.9043,165.7617,165.7617,0,0,12.297834,191809135
12.236339,121.5527,165.0586,165.0586,0,0,12.297834,191809135
12.238315,121.3770,164.1797,164.1797,0,0,12.297834,191809135
12.240293,121.2012,163.4766,163.4766,0,0,12.297834,191809135
12.242267,120.8496,162.5977,162.5977,0,0,12.297834,191809135
12.244339,120.6738,161.7188,161.7188,0,0,12.297834,191809135
12.246315,120.3223,161.0156,161.0156,0,0,12.297834,191809135
12.248293,120.1465,160.1367,160.1367,0,0,12.297834,191809135
12.250267,119.9707,159.2578,159.2578,0,0,12.297834,191809135
12.253746,119.4434,157.6758,157.6758,0,0,12.297834,191809135
12.254312,119.2676,157.5000,157.5000,0,0,12.297834,191809135
12.256286,119.0918,156.4453,156.4453,0,0,12.297834,191809135
12.258264,118.7402,155.5664,155.5664,0,0,12.297834,191809135
12.260337,118.5645,154.5117,154.5117,0,0,12.297834,191809135
12.262315,118.2129,153.6328,153.6328,0,0,12.297834,191809135
12.264293,118.0371,152.5781,152.5781,0,0,12.297834,191809135
12.266267,117.6855,151.5234,151.5234,0,0,12.297834,191809135
12.268339,117.5098,150.4688,150.4688,0,0,12.297834,191809135
12.270315,117.1582,149.4141,149.4141,0,0,12.297834,191809135
12.272293,116.9824,148.3594,148.3594,0,0,12.297834,191809135
12.274267,116.6309,147.3047,147.3047,0,0,12.297834,191809135
12.276339,116.4551,146.0742,146.0742,0,0,12.297834,191809135
12.278323,116.1035,145.0195,145.0195,0,0,12.297834,191809135
12.280257,115.9277,143.9648,143.9648,0,0,12.297834,191809135
12.282305,115.5762,142.7344,142.7344,0,0,12.297834,191809135
12.284312,115.4004,141.5039,141.5039,0,0,12.297834,191809135
12.286339,115.0488,140.2734,140.2734,0,0,12.297834,191809135
12.288364,114.8730,139.0430,139.0430,0,0,12.297834,191809135
12.290334,114.6973,137.8125,137.8125,0,0,12.297834,191809135
12.293999,114.1699,135.5273,135.5273,0,0,12.546478,192055857
12.294625,114.1699,135.0000,135.0000,0,0,12.546478,192055857
12.296280,113.9941,133.9453,133.9453,0,0,12.546478,192055857
12.298321,113.8184,132.7148,132.7148,0,0,12.546478,192055857
12.300330,113.6426,131.3086,131.3086,0,0,12.546478,192055857
12.302349,113.2910,129.9023,129.9023,0,0,12.546478,192055857
12.304326,113.1152,128.4961,128.4961,0,0,12.546478,192055857
12.306345,112.9395,127.0898,127.0898,0,0,12.546478,192055857
12.308300,112.7637,125.6836,125.6836,0,0,12.546478,192055857
12.310356,112.5879,124.2773,124.2773,0,0,12.546478,192055857
12.312260,112.4121,122.8711,122.8711,0,0,12.546478,192055857
12.314284,112.2363,121.2891,121.2891,0,0,12.546478,192055857
12.316285,112.2363,119.8828,119.8828,0,0,12.546478,192055857
12.318316,112.0605,118.3008,118.3008,0,0,12.546478,192055857
12.320324,111.8848,116.7188,116.7188,0,0,12.546478,192055857
12.322335,111.7090,115.1367,115.1367,0,0,12.546478,192055857
12.324312,111.7090,113.5547,113.5547,0,0,12.546478,192055857
12.326288,111.5332,111.7969,111.7969,0,0,12.546478,192055857
12.328264,111.5332,110.2148,110.2148,0,0,12.546478,192055857
12.330337,111.5332,108.4570,108.4570,0,0,12.546478,192055857
12.332315,111.5332,106.6992,106.6992,0,0,12.546478,192055857
12.334293,111.5332,105.1172,105.1172,0,0,12.546478,192055857
12.336267,111.3574,103.3594,103.3594,0,0,12.546478,192055857
12.338339,111.3574,101.4258,101.4258,0,0,12.546478,192055857
12.340315,111.3574,99.6680,99.6680,0,0,12.546478,192055857
12.342293,111.5332,97.7344,97.7344,0,0,12.546478,192055857
12.344267,111.5332,95.9766,95.9766,0,0,12.546478,192055857
12.346339,111.5332,94.0430,94.0430,0,0,12.546478,192055857
12.348315,111.7090,92.1094,92.1094,0,0,12.546478,192055857
12.350293,111.8848,90.1758,90.1758,0,0,12.546478,192055857
12.354256,112.2363,86.1328,86.1328,0,0,12.546478,192055857
12.354579,112.2363,85.7812,85.7812,0,0,12.546478,192055857
12.356266,112.4121,84.0234,84.0234,0,0,12.546478,192055857
12.358339,112.5879,81.9141,81.9141,0,0,12.546478,192055857
12.360315,112.9395,79.8047,79.8047,0,0,12.546478,192055857
12.362293,113.1152,77.6953,77.6953,0,0,12.546478,192055857
12.364267,113.4668,75.4102,75.4102,0,0,12.546478,192055857
12.366339,113.8184,73.1250,73.1250,0,0,12.546478,192055857
12.368315,114.3457,70.8398,70.8398,0,0,12.546478,192055857
12.370293,114.6973,68.5547,68.5547,0,0,12.546478,192055857
12.372267,115.2246,66.0938,66.0938,0,0,12.546478,192055857
12.374339,115.7520,63.6328,63.6328,0,0,12.546478,192055857
12.376315,116.2793,61.1719,61.1719,0,0,12.546478,192055857
12.378312,116.9824,58.7109,58.7109,0,0,12.546478,192055857
12.380287,117.5098,56.2500,56.2500,0,0,12.546478,192055857
12.382264,118.3887,53.6133,53.6133,0,0,12.546478,192055857
12.384337,119.0918,50.8008,50.8008,0,0,12.546478,192055857
12.386315,119.9707,48.1641,48.1641,0,0,12.546478,192055857
12.388293,120.8496,45.3516,45.3516,0,0,12.546478,192055857
12.390267,121.9043,42.3633,42.3633,0,0,12.546478,192055857
12.392339,122.9590,39.3750,39.3750,0,0,12.546478,192055857
12.394315,124.1895,36.3867,36.3867,0,0,12.546478,192055857
12.396293,125.2441,33.3984,33.3984,0,0,12.546478,192055857
12.398267,126.6504,30.2344,30.2344,0,0,12.546478,192055857
12.400348,128.0566,26.8945,26.8945,0,0,12.546478,192055857
12.402322,129.2871,23.5547,23.5547,0,0,12.546478,192055857
12.404300,130.8691,20.3906,20.3906,0,0,12.546478,192055857
12.406295,132.2754,16.8750,16.8750,0,0,12.546478,192055857
12.408277,133.8574,13.5352,13.5352,0,0,12.546478,192055857
12.410349,135.4395,10.1953,10.1953,0,0,12.546478,192055857
12.412322,136.1426,8.4375,8.4375,0,0,12.546478,192055857
12.414300,135.4395,7.3828,7.3828,0,0,12.546478,192055857
12.416277,134.9121,5.2734,5.2734,0,0,12.546478,192055857
12.418349,134.5605,3.1641,3.1641,0,0,12.546478,192055857
12.420322,133.5059,2.8125,2.8125,0,0,12.546478,192055857
12.422300,132.4512,1.7578,1.7578,0,0,12.546478,192055857
12.424277,132.4512,0.0000,0.0000,0,0,12.546478,192055857
12.426349,132.0996,-1.2305,-1.2305,0,0,12.546478,192055857
12.428322,131.2207,-2.1094,-2.1094,0,0,12.546478,192055857
12.430300,130.5176,-3.5156,-3.5156,0,0,12.546478,192055857
12.432277,130.3418,-5.2734,-5.2734,0,0,12.546478,192055857
12.434349,129.6387,-6.5039,-6.5039,0,0,12.546478,192055857
12.436322,128.9355,-7.3828,-7.3828,0,0,12.546478,192055857
12.438300,128.4082,-8.6133,-8.6133,0,0,12.546478,192055857
12.440277,127.7051,-9.4922,-9.4922,0,0,12.546478,192055857
12.442349,126.8262,-10.1953,-10.1953,0,0,12.546478,192055857
12.444322,126.1230,-11.0742,-11.0742,0,0,12.546478,192055857
12.446300,125.5957,-12.1289,-12.1289,0,0,12.546478,192055857
12.448277,124.8926,-13.3594,-13.3594,0,0,12.546478,192055857
12.450349,124.3652,-14.4141,-14.4141,0,0,12.546478,192055857
12.453747,123.4863,-16.5234,-16.5234,0,0,12.546478,192055857
12.454323,123.3105,-16.8750,-16.8750,0,0,12.546478,192055857
12.456300,122.6074,-17.7539,-17.7539,0,0,12.546478,192055857
12.458277,122.0801,-18.6328,-18.6328,0,0,12.546478,192055857
12.460349,121.2012,-19.5117,-19.5117,0,0,12.546478,192055857
12.462322,120.3223,-20.2148,-20.2148,0,0,12.546478,192055857
12.464300,119.6191,-20.9180,-20.9180,0,0,12.546478,192055857
12.466277,118.9160,-21.7969,-21.7969,0,0,12.546478,192055857
12.468349,118.2129,-22.8516,-22.8516,0,0,12.546478,192055857
12.470322,117.6855,-23.7305,-23.7305,0,0,12.546478,192055857
12.472300,116.9824,-24.7852,-24.7852,0,0,12.546478,192055857
12.474277,116.4551,-25.6641,-25.6641,0,0,12.546478,192055857
12.476349,115.5762,-26.5430,-26.5430,0,0,12.546478,192055857
12.478331,114.8730,-27.2461,-27.2461,0,0,12.546478,192055857
12.480307,114.1699,-27.7734,-27.7734,0,0,12.546478,192055857
12.482285,113.2910,-28.4766,-28.4766,0,0,12.546478,192055857
12.484261,112.5879,-29.1797,-29.1797,0,0,12.546478,192055857
12.486334,111.7090,-29.8828,-29.8828,0,0,12.546478,192055857
12.488313,111.1816,-30.7617,-30.7617,0,0,12.546478,192055857
12.490288,110.4785,-31.6406,-31.6406,0,0,12.546478,192055857
12.492264,109.7754,-32.3438,-32.3438,0,0,12.546478,192055857
12.494337,108.8965,-33.0469,-33.0469,0,0,12.546478,192055857
12.496315,108.1934,-33.5742,-33.5742,0,0,12.546478,192055857
12.498293,107.3145,-34.1016,-34.1016,0,0,12.546478,192055857
12.500267,106.6113,-34.6289,-34.6289,0,0,12.546478,192055857
12.502302,105.9082,-35.1562,-35.1562,0,0,12.546478,192055857
12.504283,105.0293,-35.6836,-35.6836,0,0,12.546478,192055857
12.506296,104.3262,-36.3867,-36.3867,0,0,12.546478,192055857
12.508272,103.6230,-36.9141,-36.9141,0,0,12.546478,192055857
12.510344,102.7441,-37.6172,-37.6172,0,0,12.546478,192055857
12.512320,102.0410,-38.1445,-38.1445,0,0,12.546478,192055857
12.514300,101.1621,-38.4961,-38.4961,0,0,12.546478,192055857
12.516277,100.4590,-38.8477,-38.8477,0,0,12.546478,192055857
12.518349,99.5801,-39.3750,-39.3750,0,0,12.546478,192055857
12.520322,98.8770,-39.7266,-39.7266,0,0,12.546478,192055857
12.522300,97.9980,-40.2539,-40.2539,0,0,12.546478,192055857
12.524277,97.2949,-40.6055,-40.6055,0,0,12.546478,192055857
12.526311,96.4160,-41.1328,-41.1328,0,0,12.546478,192055857
12.528341,95.7129,-41.4844,-41.4844,0,0,12.546478,192055857
12.530302,94.8340,-41.6602,-41.6602,0,0,12.546478,192055857
12.532322,94.1309,-42.0117,-42.0117,0,0,12.546478,192055857
12.534326,93.2520,-42.1875,-42.1875,0,0,12.546478,192055857
12.536466,92.3730,-42.5391,-42.5391,0,0,12.546478,192055857
12.540921,90.6152,-43.2422,-43.2422,0,0,12.780919,192299634
12.541465,90.4395,-43.2422,-43.2422,0,0,12.780919,192299634
12.542337,90.0879,-43.4180,-43.4180,0,0,12.780919,192299634
12.544472,89.2090,-43.5938,-43.5938,0,0,12.780919,192299634
12.546283,88.3301,-43.7695,-43.7695,0,0,12.780919,192299634
12.548324,87.6270,-43.9453,-43.9453,0,0,12.780919,192299634
12.550303,86.7480,-43.9453,-43.9453,0,0,12.780919,192299634
12.554479,84.9902,-44.2969,-44.2969,0,0,12.780919,192299634
12.554808,84.8145,-44.2969,-44.2969,0,0,12.780919,192299634
12.556297,84.2871,-44.4727,-44.4727,0,0,12.780919,192299634
12.558300,83.4082,-44.4727,-44.4727,0,0,12.780919,192299634
12.560356,82.5293,-44.4727,-44.4727,0,0,12.780919,192299634
12.562274,81.8262,-44.4727,-44.4727,0,0,12.780919,192299634
12.564296,80.9473,-44.4727,-44.4727,0,0,12.780919,192299634
12.566319,80.0684,-44.4727,-44.4727,0,0,12.780919,192299634
12.568346,79.1895,-44.4727,-44.4727,0,0,12.780919,192299634
12.570285,78.4863,-44.4727,-44.4727,0,0,12.780919,192299634
12.572261,77.6074,-44.4727,-44.4727,0,0,12.780919,192299634
12.574334,76.5527,-44.4727,-44.4727,0,0,12.780919,192299634
12.576313,75.8496,-44.2969,-44.2969,0,0,12.780919,192299634
12.578307,74.9707,-44.1211,-44.1211,0,0,12.780919,192299634
12.580285,74.0918,-43.9453,-43.9453,0,0,12.780919,192299634
12.582261,73.2129,-43.7695,-43.7695,0,0,12.780919,192299634
12.584334,72.3340,-43.7695,-43.7695,0,0,12.780919,192299634
12.586313,71.4551,-43.5938,-43.5938,0,0,12.780919,192299634
12.588288,70.5762,-43.2422,-43.2422,0,0,12.780919,192299634
12.590264,69.6973,-43.0664,-43.0664,0,0,12.780919,192299634
12.592337,68.8184,-42.8906,-42.8906,0,0,12.780919,192299634
12.594315,67.9395,-42.5391,-42.5391,0,0,12.780919,192299634
12.596293,66.8848,-42.1875,-42.1875,0,0,12.780919,192299634
12.598267,66.0059,-41.8359,-41.8359,0,0,12.780919,192299634
12.600339,65.1270,-41.6602,-41.6602,0,0,12.780919,192299634
12.602315,64.2480,-41.3086,-41.3086,0,0,12.780919,192299634
12.604291,63.3691,-40.9570,-40.9570,0,0,12.780919,192299634
12.606327,62.3145,-40.4297,-40.4297,0,0,12.780919,192299634
12.608303,61.4355,-40.0781,-40.0781,0,0,12.780919,192299634
12.610318,60.5566,-39.7266,-39.7266,0,0,12.780919,192299634
12.612296,59.5020,-39.3750,-39.3750,0,0,12.780919,192299634
12.614272,58.6230,-38.8477,-38.8477,0,0,12.780919,192299634
12.616344,57.5684,-38.3203,-38.3203,0,0,12.780919,192299634
12.618319,56.6895,-37.9688,-37.9688,0,0,12.780919,192299634
12.620300,55.8105,-37.2656,-37.2656,0,0,12.780919,192299634
12.622277,54.7559,-36.7383,-36.7383,0,0,12.780919,192299634
12.624349,53.7012,-36.2109,-36.2109,0,0,12.780919,192299634
12.626322,52.6465,-35.6836,-35.6836,0,0,12.780919,192299634
12.628300,51.7676,-35.1562,-35.1562,0,0,12.780919,192299634
12.630277,50.7129,-34.6289,-34.6289,0,0,12.780919,192299634
12.632349,49.6582,-33.9258,-33.9258,0,0,12.780919,192299634
12.634322,48.6035,-33.2227,-33.2227,0,0,12.780919,192299634
12.636300,47.5488,-32.6953,-32.6953,0,0,12.780919,192299634
12.638277,46.6699,-31.9922,-31.9922,0,0,12.780919,192299634
12.640349,45.4395,-31.2891,-31.2891,0,0,12.780919,192299634
12.642322,44.3848,-30.5859,-30.5859,0,0,12.780919,192299634
12.644300,43.3301,-29.8828,-29.8828,0,0,12.780919,192299634
12.646277,42.2754,-29.1797,-29.1797,0,0,12.780919,192299634
12.648349,41.2207,-28.3008,-28.3008,0,0,12.780919,192299634
12.650322,39.9902,-27.5977,-27.5977,0,0,12.780919,192299634
12.653909,38.0566,-26.1914,-26.1914,0,0,12.780919,192299634
12.654293,37.7051,-26.0156,-26.0156,0,0,12.780919,192299634
12.656272,36.6504,-25.1367,-25.1367,0,0,12.780919,192299634
12.658343,35.4199,-24.2578,-24.2578,0,0,12.780919,192299634
12.660319,34.1895,-23.5547,-23.5547,0,0,12.780919,192299634
12.662300,33.1348,-22.6758,-22.6758,0,0,12.780919,192299634
12.664277,31.9043,-21.7969,-21.7969,0,0,12.780919,192299634
12.666349,30.6738,-20.7422,-20.7422,0,0,12.780919,192299634
12.668322,29.4434,-19.8633,-19.8633,0,0,12.780919,192299634
12.670300,28.2129,-18.9844,-18.9844,0,0,12.780919,192299634
12.672277,26.9824,-18.1055,-18.1055,0,0,12.780919,192299634
12.674349,25.5762,-17.0508,-17.0508,0,0,12.780919,192299634
12.676322,24.3457,-16.1719,-16.1719,0,0,12.780919,192299634
12.678306,23.1152,-15.1172,-15.1172,0,0,12.780919,192299634
12.680281,21.7090,-14.2383,-14.2383,0,0,12.780919,192299634
12.682261,20.4785,-13.1836,-13.1836,0,0,12.780919,192299634
12.684334,19.0723,-12.1289,-12.1289,0,0,12.780919,192299634
12.686312,17.6660,-11.0742,-11.0742,0,0,12.780919,192299634
12.688287,16.2598,-10.0195,-10.0195,0,0,12.780919,192299634
12.690264,15.0293,-8.9648,-8.9648,0,0,12.780919,192299634
12.692337,13.4473,-7.9102,-7.9102,0,0,12.780919,192299634
12.694293,12.2168,-6.6797,-6.6797,0,0,12.780919,192299634
12.696267,10.8105,-5.6250,-5.6250,0,0,12.780919,192299634
12.698339,9.2285,-4.5703,-4.5703,0,0,12.780919,192299634
12.700315,7.8223,-3.5156,-3.5156,0,0,12.780919,192299634
12.702293,6.4160,-2.2852,-2.2852,0,0,12.780919,192299634
12.704267,5.0098,-1.2305,-1.2305,0,0,12.780919,192299634
12.706277,3.4277,0.0000,0.0000,0,0,12.780919,192299634
12.708344,1.8457,1.0547,1.0547,0,0,12.780919,192299634
12.710320,0.4395,2.2852,2.2852,0,0,12.780919,192299634
12.712327,-0.9668,3.5156,3.5156,0,0,12.780919,192299634
12.714302,-2.5488,4.5703,4.5703,0,0,12.780919,192299634
12.716280,-3.9551,5.8008,5.8008,0,0,12.780919,192299634
12.718256,-5.5371,6.8555,6.8555,0,0,12.780919,192299634
12.720327,-7.1191,8.0859,8.0859,0,0,12.780919,192299634
12.722302,-8.5254,9.1406,9.1406,0,0,12.780919,192299634
12.724280,-9.9316,10.3711,10.3711,0,0,12.780919,192299634
12.726256,-11.5137,11.6016,11.6016,0,0,12.780919,192299634
12.728327,-13.0957,12.6562,12.6562,0,0,12.780919,192299634
12.730302,-14.5020,13.8867,13.8867,0,0,12.780919,192299634
12.732280,-15.9082,14.9414,14.9414,0,0,12.780919,192299634
12.734256,-17.4902,16.1719,16.1719,0,0,12.780919,192299634
12.736327,-18.8965,17.2266,17.2266,0,0,12.780919,192299634
12.738302,-20.3027,18.2812,18.2812,0,0,12.780919,192299634
12.740280,-21.7090,19.5117,19.5117,0,0,12.780919,192299634
12.742256,-23.1152,20.5664,20.5664,0,0,12.780919,192299634
12.744327,-24.5215,21.6211,21.6211,0,0,12.780919,192299634
12.746302,-25.9277,22.6758,22.6758,0,0,12.780919,192299634
12.748280,-27.3340,23.7305,23.7305,0,0,12.780919,192299634
12.750256,-28.7402,24.6094,24.6094,0,0,12.780919,192299634
12.753767,-31.0254,26.5430,26.5430,0,0,12.780919,192299634
12.754330,-31.3770,26.7188,26.7188,0,0,12.780919,192299634
12.756306,-32.6074,27.7734,27.7734,0,0,12.780919,192299634
12.758281,-34.0137,28.6523,28.6523,0,0,12.780919,192299634
12.760261,-35.2441,29.5312,29.5312,0,0,12.780919,192299634
12.762334,-36.4746,30.5859,30.5859,0,0,12.780919,192299634
12.764312,-37.7051,31.4648,31.4648,0,0,12.780919,192299634
12.766287,-38.9355,32.3438,32.3438,0,0,12.780919,192299634
12.768264,-40.1660,33.0469,33.0469,0,0,12.780919,192299634
12.770277,-41.2207,34.1016,34.1016,0,0,12.780919,192299634
12.772337,-42.4512,34.8047,34.8047,0,0,12.780919,192299634
12.774319,-43.6816,35.6836,35.6836,0,0,12.780919,192299634
12.776342,-44.7363,36.3867,36.3867,0,0,12.780919,192299634
12.778335,-45.7910,37.2656,37.2656,0,0,12.780919,192299634
12.780394,-47.0215,37.9688,37.9688,0,0,12.780919,192299634
12.784695,-49.3066,39.5508,39.5508,0,0,13.021065,192528166
12.785236,-49.4824,39.7266,39.7266,0,0,13.021065,192528166
12.786320,-50.0098,40.0781,40.0781,0,0,13.021065,192528166
12.788387,-51.0645,40.7812,40.7812,0,0,13.021065,192528166
12.790284,-52.1191,41.3086,41.3086,0,0,13.021065,192528166
12.792267,-52.9980,42.0117,42.0117,0,0,13.021065,192528166
12.794329,-54.0527,42.5391,42.5391,0,0,13.021065,192528166
12.796324,-54.9316,43.2422,43.2422,0,0,13.021065,192528166
12.798335,-55.9863,43.5938,43.5938,0,0,13.021065,192528166
12.800286,-56.8652,44.1211,44.1211,0,0,13.021065,192528166
12.802267,-57.7441,44.6484,44.6484,0,0,13.021065,192528166
12.804323,-58.6230,45.1758,45.1758,0,0,13.021065,192528166
12.806300,-59.5020,45.7031,45.7031,0,0,13.021065,192528166
12.808277,-60.3809,46.0547,46.0547,0,0,13.021065,192528166
12.810265,-61.2598,46.4062,46.4062,0,0,13.021065,192528166
12.812264,-61.9629,46.9336,46.9336,0,0,13.021065,192528166
12.814303,-62.8418,47.2852,47.2852,0,0,13.021065,192528166
12.816305,-63.7207,47.6367,47.6367,0,0,13.021065,192528166
12.818281,-64.4238,47.9883,47.9883,0,0,13.021065,192528166
12.820261,-65.3027,48.3398,48.3398,0,0,13.021065,192528166
12.822334,-66.0059,48.5156,48.5156,0,0,13.021065,192528166
12.824312,-66.8848,48.8672,48.8672,0,0,13.021065,192528166
12.826287,-67.5879,49.0430,49.0430,0,0,13.021065,192528166
12.828264,-68.2910,49.2188,49.2188,0,0,13.021065,192528166
12.830337,-68.9941,49.5703,49.5703,0,0,13.021065,192528166
12.832315,-69.6973,49.7461,49.7461,0,0,13.021065,192528166
12.834293,-70.4004,49.7461,49.7461,0,0,13.021065,192528166
12.836267,-71.1035,49.9219,49.9219,0,0,13.021065,192528166
12.838339,-71.8066,49.9219,49.9219,0,0,13.021065,192528166
12.840315,-72.3340,50.0977,50.0977,0,0,13.021065,192528166
12.842293,-73.0371,50.2734,50.2734,0,0,13.021065,192528166
12.844267,-73.5645,50.2734,50.2734,0,0,13.021065,192528166
12.846339,-74.2676,50.2734,50.2734,0,0,13.021065,192528166
12.848315,-74.7949,50.2734,50.2734,0,0,13.021065,192528166
12.850293,-75.4980,50.2734,50.2734,0,0,13.021065,192528166
12.854289,-76.7285,49.9219,49.9219,0,0,13.021065,192528166
12.854620,-76.7285,49.9219,49.9219,0,0,13.021065,192528166
12.856307,-77.2559,49.9219,49.9219,0,0,13.021065,192528166
12.858285,-77.7832,49.7461,49.7461,0,0,13.021065,192528166
12.860261,-78.3105,49.5703,49.5703,0,0,13.021065,192528166
12.862334,-78.8379,49.3945,49.3945,0,0,13.021065,192528166
12.864313,-79.3652,49.2188,49.2188,0,0,13.021065,192528166
12.866288,-79.8926,49.0430,49.0430,0,0,13.021065,192528166
12.868264,-80.4199,48.8672,48.8672,0,0,13.021065,192528166
12.870337,-80.9473,48.5156,48.5156,0,0,13.021065,192528166
12.872315,-81.2988,48.1641,48.1641,0,0,13.021065,192528166
12.874293,-81.8262,47.8125,47.8125,0,0,13.021065,192528166
12.876267,-82.1777,47.4609,47.4609,0,0,13.021065,192528166
12.878260,-82.7051,47.1094,47.1094,0,0,13.021065,192528166
12.880334,-83.0566,46.7578,46.7578,0,0,13.021065,192528166
12.882313,-83.5840,46.2305,46.2305,0,0,13.021065,192528166
12.884288,-83.9355,45.8789,45.8789,0,0,13.021065,192528166
12.886264,-84.2871,45.3516,45.3516,0,0,13.021065,192528166
12.888337,-84.6387,44.8242,44.8242,0,0,13.021065,192528166
12.890315,-84.9902,44.2969,44.2969,0,0,13.021065,192528166
12.892293,-85.3418,43.7695,43.7695,0,0,13.021065,192528166
12.894267,-85.6934,43.2422,43.2422,0,0,13.021065,192528166
12.896339,-86.0449,42.5391,42.5391,0,0,13.021065,192528166
12.898315,-86.3965,42.0117,42.0117,0,0,13.021065,192528166
12.900293,-86.7480,41.3086,41.3086,0,0,13.021065,192528166
12.902267,-86.9238,40.6055,40.6055,0,0,13.021065,192528166
12.904339,-87.2754,39.9023,39.9023,0,0,13.021065,192528166
12.906315,-87.4512,39.1992,39.1992,0,0,13.021065,192528166
12.908293,-87.6270,38.3203,38.3203,0,0,13.021065,192528166
12.910267,-87.9785,37.6172,37.6172,0,0,13.021065,192528166
12.912342,-88.1543,36.7383,36.7383,0,0,13.021065,192528166
12.914317,-88.3301,35.8594,35.8594,0,0,13.021065,192528166
12.916296,-88.5059,34.9805,34.9805,0,0,13.021065,192528166
12.918303,-88.6816,34.1016,34.1016,0,0,13.021065,192528166
12.920281,-88.6816,33.2227,33.2227,0,0,13.021065,192528166
12.922256,-88.8574,32.1680,32.1680,0,0,13.021065,192528166
12.924327,-88.8574,31.2891,31.2891,0,0,13.021065,192528166
12.926302,-89.0332,30.2344,30.2344,0,0,13.021065,192528166
12.928318,-89.0332,29.1797,29.1797,0,0,13.021065,192528166
12.930296,-89.2090,28.1250,28.1250,0,0,13.021065,192528166
12.932272,-89.2090,27.0703,27.0703,0,0,13.021065,192528166
12.934344,-89.2090,25.8398,25.8398,0,0,13.021065,192528166
12.936320,-89.2090,24.7852,24.7852,0,0,13.021065,192528166
12.938300,-89.2090,23.5547,23.5547,0,0,13.021065,192528166
12.940277,-89.2090,22.3242,22.3242,0,0,13.021065,192528166
12.942349,-89.0332,21.0938,21.0938,0,0,13.021065,192528166
12.944322,-89.0332,20.0391,20.0391,0,0,13.021065,192528166
12.946300,-88.8574,18.6328,18.6328,0,0,13.021065,192528166
12.948277,-88.8574,17.4023,17.4023,0,0,13.021065,192528166
12.950349,-88.6816,16.1719,16.1719,0,0,13.021065,192528166
12.953763,-88.5059,13.8867,13.8867,0,0,13.021065,192528166
12.954327,-88.3301,13.5352,13.5352,0,0,13.021065,192528166
12.956302,-88.1543,12.1289,12.1289,0,0,13.021065,192528166
12.958280,-88.1543,10.8984,10.8984,0,0,13.021065,192528166
12.960256,-87.9785,9.4922,9.4922,0,0,13.021065,192528166
12.962327,-87.8027,8.0859,8.0859,0,0,13.021065,192528166
12.964302,-87.6270,6.8555,6.8555,0,0,13.021065,192528166
12.966280,-87.4512,5.4492,5.4492,0,0,13.021065,192528166
12.968256,-87.2754,4.2188,4.2188,0,0,13.021065,192528166
12.970327,-87.0996,2.8125,2.8125,0,0,13.021065,192528166
12.972302,-86.9238,1.4062,1.4062,0,0,13.021065,192528166
12.974280,-86.7480,0.1758,0.1758,0,0,13.021065,192528166
12.976256,-86.5723,-1.2305,-1.2305,0,0,13.021065,192528166
12.978336,-86.3965,-2.4609,-2.4609,0,0,13.021065,192528166
12.980315,-86.2207,-3.6914,-3.6914,0,0,13.021065,192528166
12.982294,-86.0449,-5.0977,-5.0977,0,0,13.021065,192528166
12.984268,-86.0449,-6.3281,-6.3281,0,0,13.021065,192528166
12.986339,-85.8691,-7.5586,-7.5586,0,0,13.021065,192528166
12.988315,-85.6934,-8.7891,-8.7891,0,0,13.021065,192528166
12.990293,-85.6934,-10.0195,-10.0195,0,0,13.021065,192528166
12.992267,-85.5176,-11.0742,-11.0742,0,0,13.021065,192528166
12.994339,-85.3418,-12.3047,-12.3047,0,0,13.021065,192528166
12.996315,-85.3418,-13.5352,-13.5352,0,0,13.021065,192528166
12.998344,-85.3418,-14.5898,-14.5898,0,0,13.021065,192528166
13.000284,-85.3418,-15.6445,-15.6445,0,0,13.021065,192528166
13.002272,-85.1660,-16.6992,-16.6992,0,0,13.021065,192528166
13.004325,-85.1660,-17.7539,-17.7539,0,0,13.021065,192528166
13.006302,-85.1660,-18.8086,-18.8086,0,0,13.021065,192528166
13.008800,-85.1660,-20.0391,-20.0391,0,0,13.021065,192528166
13.013167,-85.1660,-22.3242,-22.3242,0,0,13.277207,192780337
13.013793,-85.1660,-22.5000,-22.5000,0,0,13.277207,192780337
13.014320,-85.1660,-22.6758,-22.6758,0,0,13.277207,192780337
13.016266,-85.1660,-23.5547,-23.5547,0,0,13.277207,192780337
13.018319,-85.1660,-24.6094,-24.6094,0,0,13.277207,192780337
13.020294,-85.1660,-25.3125,-25.3125,0,0,13.277207,192780337
13.022259,-85.1660,-26.1914,-26.1914,0,0,13.277207,192780337
13.024317,-85.1660,-27.0703,-27.0703,0,0,13.277207,192780337
13.026300,-85.3418,-27.7734,-27.7734,0,0,13.277207,192780337
13.028281,-85.3418,-28.6523,-28.6523,0,0,13.277207,192780337
13.030313,-85.3418,-29.5312,-29.5312,0,0,13.277207,192780337
13.032299,-85.5176,-30.2344,-30.2344,0,0,13.277207,192780337
13.034336,-85.6934,-30.9375,-30.9375,0,0,13.277207,192780337
13.036361,-85.6934,-31.6406,-31.6406,0,0,13.277207,192780337
13.038310,-85.8691,-32.3438,-32.3438,0,0,13.277207,192780337
13.040312,-85.8691,-32.8711,-32.8711,0,0,13.277207,192780337
13.042285,-86.0449,-33.3984,-33.3984,0,0,13.277207,192780337
13.044319,-86.0449,-34.1016,-34.1016,0,0,13.277207,192780337
13.046347,-86.2207,-34.6289,-34.6289,0,0,13.277207,192780337
13.048327,-86.3965,-35.1562,-35.1562,0,0,13.277207,192780337
13.050302,-86.3965,-35.8594,-35.8594,0,0,13.277207,192780337
13.054317,-86.7480,-36.7383,-36.7383,0,0,13.277207,192780337
13.054643,-86.7480,-36.7383,-36.7383,0,0,13.277207,192780337
13.056326,-86.7480,-37.2656,-37.2656,0,0,13.277207,192780337
13.058302,-86.9238,-37.6172,-37.6172,0,0,13.277207,192780337
13.060280,-87.0996,-38.1445,-38.1445,0,0,13.277207,192780337
13.062256,-87.2754,-38.4961,-38.4961,0,0,13.277207,192780337
13.064327,-87.4512,-38.8477,-38.8477,0,0,13.277207,192780337
13.066302,-87.4512,-39.1992,-39.1992,0,0,13.277207,192780337
13.068280,-87.6270,-39.5508,-39.5508,0,0,13.277207,192780337
13.070256,-87.8027,-39.7266,-39.7266,0,0,13.277207,192780337
13.072327,-87.9785,-40.0781,-40.0781,0,0,13.277207,192780337
13.074302,-88.1543,-40.2539,-40.2539,0,0,13.277207,192780337
13.076280,-88.3301,-40.6055,-40.6055,0,0,13.277207,192780337
13.078277,-88.5059,-40.7812,-40.7812,0,0,13.277207,192780337
13.080349,-88.6816,-40.9570,-40.9570,0,0,13.277207,192780337
13.082322,-88.8574,-41.1328,-41.1328,0,0,13.277207,192780337
13.084300,-88.8574,-41.3086,-41.3086,0,0,13.277207,192780337
13.086277,-89.2090,-41.4844,-41.4844,0,0,13.277207,192780337
13.088349,-89.3848,-41.4844,-41.4844,0,0,13.277207,192780337
13.090322,-89.5605,-41.4844,-41.4844,0,0,13.277207,192780337
13.092300,-89.5605,-41.6602,-41.6602,0,0,13.277207,192780337
13.094277,-89.9121,-41.6602,-41.6602,0,0,13.277207,192780337
13.096349,-90.0879,-41.6602,-41.6602,0,0,13.277207,192780337
13.098322,-90.2637,-41.6602,-41.6602,0,0,13.277207,192780337
13.100300,-90.2637,-41.6602,-41.6602,0,0,13.277207,192780337
13.102277,-90.6152,-41.4844,-41.4844,0,0,13.277207,192780337
13.104349,-90.7910,-41.4844,-41.4844,0,0,13.277207,192780337
13.106322,-90.9668,-41.3086,-41.3086,0,0,13.277207,192780337
13.108300,-91.1426,-41.1328,-41.1328,0,0,13.277207,192780337
13.110277,-91.3184,-40.9570,-40.9570,0,0,13.277207,192780337
13.112349,-91.4941,-40.7812,-40.7812,0,0,13.277207,192780337
13.114322,-91.6699,-40.6055,-40.6055,0,0,13.277207,192780337
13.116258,-91.8457,-40.4297,-40.4297,0,0,13.277207,192780337
13.118265,-92.0215,-40.2539,-40.2539,0,0,13.277207,192780337
13.120344,-92.3730,-39.9023,-39.9023,0,0,13.277207,192780337
13.122327,-92.3730,-39.5508,-39.5508,0,0,13.277207,192780337
13.124302,-92.7246,-39.3750,-39.3750,0,0,13.277207,192780337
13.126280,-92.9004,-39.0234,-39.0234,0,0,13.277207,192780337
13.128256,-93.0762,-38.6719,-38.6719,0,0,13.277207,192780337
13.130327,-93.2520,-38.1445,-38.1445,0,0,13.277207,192780337
13.132302,-93.6035,-37.7930,-37.7930,0,0,13.277207,192780337
13.134280,-93.7793,-37.4414,-37.4414,0,0,13.277207,192780337
13.136256,-93.9551,-36.9141,-36.9141,0,0,13.277207,192780337
13.138327,-94.3066,-36.3867,-36.3867,0,0,13.277207,192780337
13.140302,-94.4824,-36.0352,-36.0352,0,0,13.277207,192780337
13.142280,-94.6582,-35.5078,-35.5078,0,0,13.277207,192780337
13.144256,-95.0098,-34.8047,-34.8047,0,0,13.277207,192780337
13.146327,-95.1855,-34.2773,-34.2773,0,0,13.277207,192780337
13.148302,-95.3613,-33.7500,-33.7500,0,0,13.277207,192780337
13.150280,-95.7129,-33.0469,-33.0469,0,0,13.277207,192780337
13.153810,-96.0645,-31.9922,-31.9922,0,0,13.277207,192780337
13.154277,-96.2402,-31.8164,-31.8164,0,0,13.277207,192780337
13.156349,-96.4160,-31.1133,-31.1133,0,0,13.277207,192780337
13.158322,-96.7676,-30.4102,-30.4102,0,0,13.277207,192780337
13.160300,-97.1191,-29.7070,-29.7070,0,0,13.277207,192780337
13.162277,-97.2949,-29.0039,-29.0039,0,0,13.277207,192780337
13.164349,-97.6465,-28.1250,-28.1250,0,0,13.277207,192780337
13.166322,-97.9980,-27.4219,-27.4219,0,0,13.277207,192780337
13.168300,-98.1738,-26.7188,-26.7188,0,0,13.277207,192780337
13.170277,-98.5254,-25.8398,-25.8398,0,0,13.277207,192780337
13.172349,-98.8770,-24.9609,-24.9609,0,0,13.277207,192780337
13.174322,-99.2285,-24.0820,-24.0820,0,0,13.277207,192780337
13.176300,-99.5801,-23.2031,-23.2031,0,0,13.277207,192780337
13.178287,-99.9316,-22.3242,-22.3242,0,0,13.277207,192780337
13.180264,-100.2832,-21.2695,-21.2695,0,0,13.277207,192780337
13.182337,-100.6348,-20.3906,-20.3906,0,0,13.277207,192780337
13.184315,-100.9863,-19.3359,-19.3359,0,0,13.277207,192780337
13.186293,-101.3379,-18.2812,-18.2812,0,0,13.277207,192780337
13.188267,-101.6895,-17.4023,-17.4023,0,0,13.277207,192780337
13.190339,-102.2168,-16.3477,-16.3477,0,0,13.277207,192780337
13.192315,-102.5684,-15.1172,-15.1172,0,0,13.277207,192780337
13.194315,-102.9199,-14.0625,-14.0625,0,0,13.277207,192780337
13.196293,-103.4473,-13.0078,-13.0078,0,0,13.277207,192780337
13.198267,-103.7988,-11.9531,-11.9531,0,0,13.277207,192780337
13.200339,-104.3262,-10.7227,-10.7227,0,0,13.277207,192780337
13.202315,-104.8535,-9.6680,-9.6680,0,0,13.277207,192780337
13.204293,-105.2051,-8.4375,-8.4375,0,0,13.277207,192780337
13.206267,-105.7324,-7.2070,-7.2070,0,0,13.277207,192780337
13.208339,-106.2598,-5.9766,-5.9766,0,0,13.277207,192780337
13.210315,-106.6113,-4.9219,-4.9219,0,0,13.277207,192780337
13.212293,-107.1387,-3.6914,-3.6914,0,0,13.277207,192780337
13.214267,-107.6660,-2.4609,-2.4609,0,0,13.277207,192780337
13.216339,-108.1934,-1.0547,-1.0547,0,0,13.277207,192780337
13.218286,-108.5449,0.0000,0.0000,0,0,13.277207,192780337
13.220276,-109.0723,1.2305,1.2305,0,0,13.277207,192780337
13.222348,-109.5996,2.6367,2.6367,0,0,13.277207,192780337
13.224322,-110.1270,3.8672,3.8672,0,0,13.277207,192780337
13.226300,-110.6543,5.0977,5.0977,0,0,13.277207,192780337
13.228277,-111.0059,6.3281,6.3281,0,0,13.277207,192780337
13.230349,-111.5332,7.5586,7.5586,0,0,13.277207,192780337
13.232322,-112.0605,8.7891,8.7891,0,0,13.277207,192780337
13.234300,-112.4121,10.1953,10.1953,0,0,13.277207,192780337
13.236277,-112.9395,11.2500,11.2500,0,0,13.277207,192780337
13.238349,-113.2910,12.4805,12.4805,0,0,13.277207,192780337
13.240322,-113.8184,13.7109,13.7109,0,0,13.277207,192780337
13.242300,-114.1699,14.9414,14.9414,0,0,13.277207,192780337
13.244277,-114.5215,15.9961,15.9961,0,0,13.277207,192780337
13.246355,-114.8730,17.2266,17.2266,0,0,13.277207,192780337
13.248303,-115.4004,18.2812,18.2812,0,0,13.277207,192780337
13.250300,-115.5762,19.5117,19.5117,0,0,13.277207,192780337
13.253812,-116.2793,21.2695,21.2695,0,0,13.277207,192780337
13.254279,-116.2793,21.6211,21.6211,0,0,13.277207,192780337
13.256254,-116.6309,22.5000,22.5000,0,0,13.277207,192780337
13.258327,-116.8066,23.5547,23.5547,0,0,13.277207,192780337
13.260945,-117.1582,24.9609,24.9609,0,0,13.277207,192780337
13.265324,-117.6855,26.8945,26.8945,0,0,13.514574,193022275
13.265934,-117.6855,27.0703,27.0703,0,0,13.514574,193022275
13.266356,-117.6855,27.2461,27.2461,0,0,13.514574,193022275
13.268273,-117.8613,28.1250,28.1250,0,0,13.514574,193022275
13.270298,-118.0371,29.0039,29.0039,0,0,13.514574,193022275
13.272288,-118.0371,29.8828,29.8828,0,0,13.514574,193022275
13.274268,-118.2129,30.5859,30.5859,0,0,13.514574,193022275
13.276460,-118.2129,31.2891,31.2891,0,0,13.514574,193022275
13.278309,-118.3887,31.9922,31.9922,0,0,13.514574,193022275
13.280322,-118.3887,32.6953,32.6953,0,0,13.514574,193022275
13.282291,-118.3887,33.3984,33.3984,0,0,13.514574,193022275
13.284254,-118.3887,33.9258,33.9258,0,0,13.514574,193022275
13.286313,-118.3887,34.6289,34.6289,0,0,13.514574,193022275
13.288277,-118.3887,35.1562,35.1562,0,0,13.514574,193022275
13.290290,-118.3887,35.6836,35.6836,0,0,13.514574,193022275
13.292354,-118.3887,36.2109,36.2109,0,0,13.514574,193022275
13.294280,-118.2129,36.7383,36.7383,0,0,13.514574,193022275
13.296338,-118.2129,37.2656,37.2656,0,0,13.514574,193022275
13.298302,-118.0371,37.6172,37.6172,0,0,13.514574,193022275
13.300302,-117.8613,37.9688,37.9688,0,0,13.514574,193022275
13.302280,-117.6855,38.4961,38.4961,0,0,13.514574,193022275
13.304256,-117.6855,38.6719,38.6719,0,0,13.514574,193022275
13.306327,-117.3340,39.1992,39.1992,0,0,13.514574,193022275
13.308302,-117.1582,39.3750,39.3750,0,0,13.514574,193022275
13.310280,-116.9824,39.7266,39.7266,0,0,13.514574,193022275
13.312256,-116.8066,39.9023,39.9023,0,0,13.514574,193022275
13.314327,-116.6309,40.0781,40.0781,0,0,13.514574,193022275
13.316302,-116.2793,40.4297,40.4297,0,0,13.514574,193022275
13.318280,-116.1035,40.6055,40.6055,0,0,13.514574,193022275
13.320292,-115.7520,40.7812,40.7812,0,0,13.514574,193022275
13.322329,-115.5762,40.7812,40.7812,0,0,13.514574,193022275
13.324306,-115.2246,40.9570,40.9570,0,0,13.514574,193022275
13.326336,-114.8730,41.1328,41.1328,0,0,13.514574,193022275
13.328313,-114.6973,41.1328,41.1328,0,0,13.514574,193022275
13.330289,-114.3457,41.1328,41.1328,0,0,13.514574,193022275
13.332264,-113.9941,41.1328,41.1328,0,0,13.514574,193022275
13.334337,-113.6426,41.1328,41.1328,0,0,13.514574,193022275
13.336315,-113.2910,41.1328,41.1328,0,0,13.514574,193022275
13.338293,-112.9395,40.9570,40.9570,0,0,13.514574,193022275
13.340267,-112.5879,40.9570,40.9570,0,0,13.514574,193022275
13.342339,-112.0605,40.7812,40.7812,0,0,13.514574,193022275
13.344315,-111.7090,40.6055,40.6055,0,0,13.514574,193022275
13.346293,-111.3574,40.6055,40.6055,0,0,13.514574,193022275
13.348267,-110.8301,40.4297,40.4297,0,0,13.514574,193022275
13.350339,-110.4785,40.0781,40.0781,0,0,13.514574,193022275
13.354242,-109.4238,39.7266,39.7266,0,0,13.514574,193022275
13.354572,-109.4238,39.7266,39.7266,0,0,13.514574,193022275
13.356260,-109.0723,39.3750,39.3750,0,0,13.514574,193022275
13.358334,-108.5449,39.1992,39.1992,0,0,13.514574,193022275
13.360313,-108.0176,38.8477,38.8477,0,0,13.514574,193022275
13.362288,-107.4902,38.4961,38.4961,0,0,13.514574,193022275
13.364264,-106.9629,38.1445,38.1445,0,0,13.514574,193022275
13.366337,-106.4355,37.7930,37.7930,0,0,13.514574,193022275
13.368315,-105.9082,37.2656,37.2656,0,0,13.514574,193022275
13.370293,-105.3809,36.9141,36.9141,0,0,13.514574,193022275
13.372267,-104.8535,36.5625,36.5625,0,0,13.514574,193022275
13.374339,-104.3262,36.0352,36.0352,0,0,13.514574,193022275
13.376315,-103.6230,35.5078,35.5078,0,0,13.514574,193022275
13.378315,-103.0957,34.9805,34.9805,0,0,13.514574,193022275
13.380294,-102.3926,34.4531,34.4531,0,0,13.514574,193022275
13.382269,-101.8652,33.9258,33.9258,0,0,13.514574,193022275
13.384339,-101.1621,33.3984,33.3984,0,0,13.514574,193022275
13.386315,-100.4590,32.8711,32.8711,0,0,13.514574,193022275
13.388293,-99.9316,32.1680,32.1680,0,0,13.514574,193022275
13.390267,-99.2285,31.6406,31.6406,0,0,13.514574,193022275
13.392339,-98.5254,30.9375,30.9375,0,0,13.514574,193022275
13.394315,-97.8223,30.2344,30.2344,0,0,13.514574,193022275
13.396293,-97.1191,29.7070,29.7070,0,0,13.514574,193022275
13.398267,-96.4160,29.0039,29.0039,0,0,13.514574,193022275
13.400339,-95.7129,28.1250,28.1250,0,0,13.514574,193022275
13.402315,-94.8340,27.4219,27.4219,0,0,13.514574,193022275
13.404293,-94.1309,26.7188,26.7188,0,0,13.514574,193022275
13.406267,-93.4277,26.0156,26.0156,0,0,13.514574,193022275
13.408339,-92.7246,25.3125,25.3125,0,0,13.514574,193022275
13.410315,-91.8457,24.4336,24.4336,0,0,13.514574,193022275
13.412293,-90.9668,23.7305,23.7305,0,0,13.514574,193022275
13.414267,-90.2637,22.8516,22.8516,0,0,13.514574,193022275
13.416339,-89.5605,21.9727,21.9727,0,0,13.514574,193022275
13.418315,-88.6816,21.2695,21.2695,0,0,13.514574,193022275
13.420293,-87.8027,20.3906,20.3906,0,0,13.514574,193022275
13.422267,-86.9238,19.5117,19.5117,0,0,13.514574,193022275
13.424314,-86.0449,18.6328,18.6328,0,0,13.514574,193022275
13.426303,-85.3418,17.7539,17.7539,0,0,13.514574,193022275
13.428264,-84.4629,16.8750,16.8750,0,0,13.514574,193022275
13.430337,-83.5840,15.9961,15.9961,0,0,13.514574,193022275
13.432315,-82.7051,15.1172,15.1172,0,0,13.514574,193022275
13.434293,-81.8262,14.2383,14.2383,0,0,13.514574,193022275
13.436267,-81.1230,13.3594,13.3594,0,0,13.514574,193022275
13.438339,-80.0684,12.4805,12.4805,0,0,13.514574,193022275
13.440315,-79.3652,11.6016,11.6016,0,0,13.514574,193022275
13.442293,-78.4863,10.5469,10.5469,0,0,13.514574,193022275
13.444267,-77.6074,9.6680,9.6680,0,0,13.514574,193022275
13.446339,-76.7285,8.7891,8.7891,0,0,13.514574,193022275
13.448315,-75.8496,7.9102,7.9102,0,0,13.514574,193022275
13.450293,-74.9707,7.0312,7.0312,0,0,13.514574,193022275
13.453803,-73.5645,5.4492,5.4492,0,0,13.514574,193022275
13.454271,-73.3887,5.2734,5.2734,0,0,13.514574,193022275
13.456344,-72.5098,4.3945,4.3945,0,0,13.514574,193022275
13.458320,-71.6309,3.5156,3.5156,0,0,13.514574,193022275
13.460300,-70.9277,2.6367,2.6367,0,0,13.514574,193022275
13.462277,-70.0488,1.9336,1.9336,0,0,13.514574,193022275
13.464349,-69.1699,1.0547,1.0547,0,0,13.514574,193022275
13.466322,-68.4668,0.1758,0.1758,0,0,13.514574,193022275
13.468300,-67.5879,-0.5273,-0.5273,0,0,13.514574,193022275
13.470277,-66.8848,-1.4062,-1.4062,0,0,13.514574,193022275
13.472349,-66.1816,-2.1094,-2.1094,0,0,13.514574,193022275
13.474322,-65.3027,-2.8125,-2.8125,0,0,13.514574,193022275
13.476300,-64.5996,-3.6914,-3.6914,0,0,13.514574,193022275
13.478287,-63.8965,-4.3945,-4.3945,0,0,13.514574,193022275
13.480264,-63.1934,-5.0977,-5.0977,0,0,13.514574,193022275
13.482337,-62.4902,-5.8008,-5.8008,0,0,13.514574,193022275
13.484315,-61.7871,-6.5039,-6.5039,0,0,13.514574,193022275
13.486293,-61.0840,-7.0312,-7.0312,0,0,13.514574,193022275
13.488267,-60.3809,-7.7344,-7.7344,0,0,13.514574,193022275
13.490339,-59.6777,-8.4375,-8.4375,0,0,13.514574,193022275
13.492315,-58.9746,-8.9648,-8.9648,0,0,13.514574,193022275
13.494303,-58.4473,-9.4922,-9.4922,0,0,13.514574,193022275
13.496343,-57.7441,-10.1953,-10.1953,0,0,13.514574,193022275
13.498288,-57.2168,-10.7227,-10.7227,0,0,13.514574,193022275
13.500329,-56.5137,-11.2500,-11.2500,0,0,13.514574,193022275
13.502906,-55.8105,-11.9531,-11.9531,0,0,13.514574,193022275
13.507244,-54.4043,-13.0078,-13.0078,0,0,13.753480,193270753
13.507800,-54.4043,-13.0078,-13.0078,0,0,13.753480,193270753
13.508335,-54.2285,-13.1836,-13.1836,0,0,13.753480,193270753
13.510339,-53.7012,-13.5352,-13.5352,0,0,13.753480,193270753
13.512303,-52.9980,-14.0625,-14.0625,0,0,13.753480,193270753
13.514289,-52.6465,-14.4141,-14.4141,0,0,13.753480,193270753
13.516267,-52.1191,-14.7656,-14.7656,0,0,13.753480,193270753
13.518303,-51.5918,-15.1172,-15.1172,0,0,13.753480,193270753
13.520286,-51.0645,-15.4688,-15.4688,0,0,13.753480,193270753
13.522325,-50.5371,-15.8203,-15.8203,0,0,13.753480,193270753
13.524305,-50.0098,-16.1719,-16.1719,0,0,13.753480,193270753
13.526293,-49.4824,-16.3477,-16.3477,0,0,13.753480,193270753
13.528258,-49.1309,-16.6992,-16.6992,0,0,13.753480,193270753
13.530508,-48.6035,-16.8750,-16.8750,0,0,13.753480,193270753
13.532325,-48.0762,-17.0508,-17.0508,0,0,13.753480,193270753
13.534260,-47.7246,-17.2266,-17.2266,0,0,13.753480,193270753
13.536334,-47.3730,-17.5781,-17.5781,0,0,13.753480,193270753
13.538277,-46.8457,-17.5781,-17.5781,0,0,13.753480,193270753
13.540285,-46.4941,-17.7539,-17.7539,0,0,13.753480,193270753
13.542306,-45.9668,-17.9297,-17.9297,0,0,13.753480,193270753
13.544264,-45.6152,-17.9297,-17.9297,0,0,13.753480,193270753
13.546337,-45.2637,-18.1055,-18.1055,0,0,13.753480,193270753
13.548314,-44.9121,-18.1055,-18.1055,0,0,13.753480,193270753
13.550293,-44.5605,-18.2812,-18.2812,0,0,13.753480,193270753
13.554509,-43.6816,-18.2812,-18.2812,0,0,13.753480,193270753
13.554851,-43.6816,-18.2812,-18.2812,0,0,13.753480,193270753
13.556336,-43.5059,-18.2812,-18.2812,0,0,13.753480,193270753
13.558315,-43.1543,-18.1055,-18.1055,0,0,13.753480,193270753
13.560294,-42.8027,-18.1055,-18.1055,0,0,13.753480,193270753
13.562267,-42.4512,-17.9297,-17.9297,0,0,13.753480,193270753
13.564339,-42.0996,-17.9297,-17.9297,0,0,13.753480,193270753
13.566315,-41.7480,-17.7539,-17.7539,0,0,13.753480,193270753
13.568293,-41.5723,-17.5781,-17.5781,0,0,13.753480,193270753
13.570267,-41.2207,-17.5781,-17.5781,0,0,13.753480,193270753
13.572339,-40.8691,-17.2266,-17.2266,0,0,13.753480,193270753
13.574315,-40.6934,-17.0508,-17.0508,0,0,13.753480,193270753
13.576293,-40.3418,-16.8750,-16.8750,0,0,13.753480,193270753
13.578294,-40.1660,-16.5234,-16.5234,0,0,13.753480,193270753
13.580268,-39.8145,-16.3477,-16.3477,0,0,13.753480,193270753
13.582339,-39.6387,-16.1719,-16.1719,0,0,13.753480,193270753
13.584315,-39.4629,-15.8203,-15.8203,0,0,13.753480,193270753
13.586293,-39.1113,-15.4688,-15.4688,0,0,13.753480,193270753
13.588267,-38.9355,-15.1172,-15.1172,0,0,13.753480,193270753
13.590339,-38.7598,-14.7656,-14.7656,0,0,13.753480,193270753
13.592315,-38.5840,-14.2383,-14.2383,0,0,13.753480,193270753
13.594293,-38.2324,-13.8867,-13.8867,0,0,13.753480,193270753
13.596267,-38.2324,-13.5352,-13.5352,0,0,13.753480,193270753
13.598339,-38.0566,-13.0078,-13.0078,0,0,13.753480,193270753
13.600315,-37.8809,-12.6562,-12.6562,0,0,13.753480,193270753
13.602293,-37.7051,-12.1289,-12.1289,0,0,13.753480,193270753
13.604267,-37.5293,-11.6016,-11.6016,0,0,13.753480,193270753
13.606339,-37.3535,-11.0742,-11.0742,0,0,13.753480,193270753
13.608315,-37.1777,-10.5469,-10.5469,0,0,13.753480,193270753
13.610293,-37.1777,-10.0195,-10.0195,0,0,13.753480,193270753
13.612267,-37.0020,-9.4922,-9.4922,0,0,13.753480,193270753
13.614339,-36.8262,-8.7891,-8.7891,0,0,13.753480,193270753
13.616315,-36.8262,-8.0859,-8.0859,0,0,13.753480,193270753
13.618293,-36.6504,-7.5586,-7.5586,0,0,13.753480,193270753
13.620267,-36.6504,-6.8555,-6.8555,0,0,13.753480,193270753
13.622339,-36.6504,-6.3281,-6.3281,0,0,13.753480,193270753
13.624315,-36.4746,-5.6250,-5.6250,0,0,13.753480,193270753
13.626293,-36.4746,-4.9219,-4.9219,0,0,13.753480,193270753
13.628263,-36.4746,-4.2188,-4.2188,0,0,13.753480,193270753
13.630279,-36.4746,-3.3398,-3.3398,0,0,13.753480,193270753
13.632254,-36.2988,-2.6367,-2.6367,0,0,13.753480,193270753
13.634327,-36.2988,-1.7578,-1.7578,0,0,13.753480,193270753
13.636302,-36.2988,-1.0547,-1.0547,0,0,13.753480,193270753
13.638280,-36.2988,-0.3516,-0.3516,0,0,13.753480,193270753
13.640256,-36.2988,0.5273,0.5273,0,0,13.753480,193270753
13.642327,-36.2988,1.4062,1.4062,0,0,13.753480,193270753
13.644302,-36.2988,2.1094,2.1094,0,0,13.753480,193270753
13.646280,-36.2988,2.9883,2.9883,0,0,13.753480,193270753
13.648256,-36.4746,3.8672,3.8672,0,0,13.753480,193270753
13.650327,-36.4746,4.7461,4.7461,0,0,13.753480,193270753
13.653838,-36.4746,6.3281,6.3281,0,0,13.753480,193270753
13.654304,-36.4746,6.5039,6.5039,0,0,13.753480,193270753
13.656281,-36.6504,7.3828,7.3828,0,0,13.753480,193270753
13.658261,-36.6504,8.2617,8.2617,0,0,13.753480,193270753
13.660334,-36.6504,9.1406,9.1406,0,0,13.753480,193270753
13.662312,-36.6504,10.0195,10.0195,0,0,13.753480,193270753
13.664287,-36.8262,10.8984,10.8984,0,0,13.753480,193270753
13.666264,-36.8262,11.7773,11.7773,0,0,13.753480,193270753
13.668337,-36.8262,12.6562,12.6562,0,0,13.753480,193270753
13.670315,-36.8262,13.7109,13.7109,0,0,13.753480,193270753
13.672293,-37.0020,14.5898,14.5898,0,0,13.753480,193270753
13.674267,-37.0020,15.4688,15.4688,0,0,13.753480,193270753
13.676339,-37.0020,16.3477,16.3477,0,0,13.753480,193270753
13.678323,-37.1777,17.2266,17.2266,0,0,13.753480,193270753
13.680300,-37.1777,18.1055,18.1055,0,0,13.753480,193270753
13.682277,-37.1777,18.9844,18.9844,0,0,13.753480,193270753
13.684349,-37.1777,19.8633,19.8633,0,0,13.753480,193270753
13.686322,-37.1777,20.7422,20.7422,0,0,13.753480,193270753
13.688300,-37.3535,21.4453,21.4453,0,0,13.753480,193270753
13.690277,-37.3535,22.3242,22.3242,0,0,13.753480,193270753
13.692349,-37.3535,23.2031,23.2031,0,0,13.753480,193270753
13.694296,-37.3535,23.9062,23.9062,0,0,13.753480,193270753
13.696272,-37.3535,24.6094,24.6094,0,0,13.753480,193270753
13.698344,-37.3535,25.4883,25.4883,0,0,13.753480,193270753
13.700319,-37.3535,26.1914,26.1914,0,0,13.753480,193270753
13.702300,-37.3535,27.0703,27.0703,0,0,13.753480,193270753
13.704277,-37.1777,27.7734,27.7734,0,0,13.753480,193270753
13.706349,-37.1777,28.4766,28.4766,0,0,13.753480,193270753
13.708322,-37.1777,29.1797,29.1797,0,0,13.753480,193270753
13.710300,-37.1777,29.8828,29.8828,0,0,13.753480,193270753
13.712277,-37.0020,30.4102,30.4102,0,0,13.753480,193270753
13.714349,-37.0020,31.1133,31.1133,0,0,13.753480,193270753
13.716322,-36.8262,31.6406,31.6406,0,0,13.753480,193270753
13.718300,-36.8262,32.3438,32.3438,0,0,13.753480,193270753
13.720277,-36.6504,32.8711,32.8711,0,0,13.753480,193270753
13.722349,-36.6504,33.5742,33.5742,0,0,13.753480,193270753
13.724322,-36.4746,34.1016,34.1016,0,0,13.753480,193270753
13.726300,-36.2988,34.6289,34.6289,0,0,13.753480,193270753
13.728277,-36.2988,35.1562,35.1562,0,0,13.753480,193270753
13.730268,-36.1230,35.6836,35.6836,0,0,13.753480,193270753
13.732281,-35.9473,36.2109,36.2109,0,0,13.753480,193270753
13.734256,-35.7715,36.5625,36.5625,0,0,13.753480,193270753
13.736327,-35.7715,37.0898,37.0898,0,0,13.753480,193270753
13.738303,-35.4199,37.6172,37.6172,0,0,13.753480,193270753
13.740297,-35.4199,37.9688,37.9688,0,0,13.753480,193270753
13.742275,-35.2441,38.4961,38.4961,0,0,13.753480,193270753
13.744279,-35.0684,38.8477,38.8477,0,0,13.753480,193270753
13.746287,-34.7168,39.1992,39.1992,0,0,13.753480,193270753
13.748316,-34.7168,39.5508,39.5508,0,0,13.753480,193270753
13.750314,-34.3652,39.9023,39.9023,0,0,13.753480,193270753
13.757784,-33.6621,40.9570,40.9570,0,0,13.980907,193498095
13.758568,-33.4863,40.9570,40.9570,0,0,13.980907,193498095
13.758895,-33.4863,41.1328,41.1328,0,0,13.980907,193498095
13.759598,-33.4863,41.1328,41.1328,0,0,13.980907,193498095
13.760277,-33.3105,41.1328,41.1328,0,0,13.980907,193498095
13.762325,-33.1348,41.4844,41.4844,0,0,13.980907,193498095
13.764270,-32.7832,41.4844,41.4844,0,0,13.980907,193498095
13.766260,-32.6074,41.8359,41.8359,0,0,13.980907,193498095
13.768363,-32.2559,42.0117,42.0117,0,0,13.980907,193498095
13.770312,-32.0801,42.0117,42.0117,0,0,13.980907,193498095
13.772258,-31.9043,42.1875,42.1875,0,0,13.980907,193498095
13.774264,-31.5527,42.1875,42.1875,0,0,13.980907,193498095
13.776312,-31.2012,42.3633,42.3633,0,0,13.980907,193498095
13.778285,-31.0254,42.5391,42.5391,0,0,13.980907,193498095
13.780330,-30.6738,42.5391,42.5391,0,0,13.980907,193498095
13.782295,-30.3223,42.5391,42.5391,0,0,13.980907,193498095
13.784338,-30.1465,42.5391,42.5391,0,0,13.980907,193498095
13.786301,-29.7949,42.5391,42.5391,0,0,13.980907,193498095
13.788258,-29.4434,42.5391,42.5391,0,0,13.980907,193498095
13.790303,-29.0918,42.5391,42.5391,0,0,13.980907,193498095
13.792265,-28.7402,42.3633,42.3633,0,0,13.980907,193498095
13.794309,-28.3887,42.1875,42.1875,0,0,13.980907,193498095
13.796277,-28.0371,42.1875,42.1875,0,0,13.980907,193498095
13.798321,-27.6855,42.0117,42.0117,0,0,13.980907,193498095
13.800282,-27.3340,41.8359,41.8359,0,0,13.980907,193498095
13.802327,-26.9824,41.6602,41.6602,0,0,13.980907,193498095
13.804293,-26.6309,41.4844,41.4844,0,0,13.980907,193498095
13.806338,-26.2793,41.3086,41.3086,0,0,13.980907,193498095
13.808300,-25.9277,41.1328,41.1328,0,0,13.980907,193498095
13.810257,-25.5762,40.7812,40.7812,0,0,13.980907,193498095
13.812302,-25.0488,40.6055,40.6055,0,0,13.980907,193498095
13.814266,-24.6973,40.4297,40.4297,0,0,13.980907,193498095
13.816310,-24.1699,40.0781,40.0781,0,0,13.980907,193498095
13.818277,-23.8184,39.7266,39.7266,0,0,13.980907,193498095
13.820321,-23.4668,39.3750,39.3750,0,0,13.980907,193498095
13.822283,-22.9395,39.0234,39.0234,0,0,13.980907,193498095
13.824327,-22.5879,38.6719,38.6719,0,0,13.980907,193498095
13.826293,-22.0605,38.3203,38.3203,0,0,13.980907,193498095
13.828338,-21.7090,37.7930,37.7930,0,0,13.980907,193498095
13.830301,-21.1816,37.4414,37.4414,0,0,13.980907,193498095
13.832258,-20.6543,36.9141,36.9141,0,0,13.980907,193498095
13.834295,-20.1270,36.5625,36.5625,0,0,13.980907,193498095
13.836281,-19.7754,36.0352,36.0352,0,0,13.980907,193498095
13.838321,-19.2480,35.5078,35.5078,0,0,13.980907,193498095
13.840283,-18.7207,34.9805,34.9805,0,0,13.980907,193498095
13.842327,-18.1934,34.4531,34.4531,0,0,13.980907,193498095
13.844293,-17.6660,33.9258,33.9258,0,0,13.980907,193498095
13.846338,-17.1387,33.3984,33.3984,0,0,13.980907,193498095
13.848300,-16.6113,32.8711,32.8711,0,0,13.980907,193498095
13.850257,-16.0840,32.1680,32.1680,0,0,13.980907,193498095
13.853951,-15.0293,30.9375,30.9375,0,0,13.980907,193498095
13.854339,-14.8535,30.9375,30.9375,0,0,13.980907,193498095
13.856299,-14.3262,30.2344,30.2344,0,0,13.980907,193498095
13.858343,-13.7988,29.5312,29.5312,0,0,13.980907,193498095
13.860308,-13.0957,29.0039,29.0039,0,0,13.980907,193498095
13.862266,-12.5684,28.3008,28.3008,0,0,13.980907,193498095
13.864310,-12.0410,27.5977,27.5977,0,0,13.980907,193498095
13.866277,-11.3379,26.8945,26.8945,0,0,13.980907,193498095
13.868321,-10.6348,26.0156,26.0156,0,0,13.980907,193498095
13.870283,-10.1074,25.3125,25.3125,0,0,13.980907,193498095
13.872327,-9.4043,24.6094,24.6094,0,0,13.980907,193498095
13.874293,-8.7012,23.9062,23.9062,0,0,13.980907,193498095
13.876338,-7.9980,23.0273,23.0273,0,0,13.980907,193498095
13.878320,-7.4707,22.3242,22.3242,0,0,13.980907,193498095
13.880277,-6.7676,21.4453,21.4453,0,0,13.980907,193498095
13.882321,-6.0645,20.7422,20.7422,0,0,13.980907,193498095
13.884283,-5.5371,19.8633,19.8633,0,0,13.980907,193498095
13.886327,-4.8340,18.9844,18.9844,0,0,13.980907,193498095
13.888293,-4.1309,18.2812,18.2812,0,0,13.980907,193498095
13.890338,-3.4277,17.4023,17.4023,0,0,13.980907,193498095
13.892301,-2.7246,16.5234,16.5234,0,0,13.980907,193498095
13.894258,-2.0215,15.8203,15.8203,0,0,13.980907,193498095
13.896303,-1.3184,14.7656,14.7656,0,0,13.980907,193498095
13.898265,-0.6152,14.0625,14.0625,0,0,13.980907,193498095
13.900309,0.0879,13.1836,13.1836,0,0,13.980907,193498095
13.902277,0.7910,12.3047,12.3047,0,0,13.980907,193498095
13.904321,1.4941,11.4258,11.4258,0,0,13.980907,193498095
13.906283,2.1973,10.5469,10.5469,0,0,13.980907,193498095
13.908327,2.9004,9.8438,9.8438,0,0,13.980907,193498095
13.910293,3.6035,8.9648,8.9648,0,0,13.980907,193498095
13.912338,4.3066,8.0859,8.0859,0,0,13.980907,193498095
13.914301,4.8340,7.3828,7.3828,0,0,13.980907,193498095
13.916258,5.5371,6.5039,6.5039,0,0,13.980907,193498095
13.918303,6.2402,5.6250,5.6250,0,0,13.980907,193498095
13.920265,6.9434,4.9219,4.9219,0,0,13.980907,193498095
13.922309,7.4707,4.0430,4.0430,0,0,13.980907,193498095
13.924277,8.1738,3.3398,3.3398,0,0,13.980907,193498095
13.926321,8.8770,2.4609,2.4609,0,0,13.980907,193498095
13.928283,9.4043,1.7578,1.7578,0,0,13.980907,193498095
13.930327,10.1074,1.0547,1.0547,0,0,13.980907,193498095
13.932293,10.6348,0.3516,0.3516,0,0,13.980907,193498095
13.934338,11.3379,-0.3516,-0.3516,0,0,13.980907,193498095
13.936259,11.8652,-1.0547,-1.0547,0,0,13.980907,193498095
13.938312,12.3926,-1.7578,-1.7578,0,0,13.980907,193498095
13.940298,13.0957,-2.4609,-2.4609,0,0,13.980907,193498095
13.942338,13.6230,-3.1641,-3.1641,0,0,13.980907,193498095
13.944301,14.1504,-3.6914,-3.6914,0,0,13.980907,193498095
13.946258,14.6777,-4.3945,-4.3945,0,0,13.980907,193498095
13.948303,15.2051,-4.9219,-4.9219,0,0,13.980907,193498095
13.950265,15.7324,-5.6250,-5.6250,0,0,13.980907,193498095
13.953765,16.6113,-6.5039,-6.5039,0,0,13.980907,193498095
13.954306,16.7871,-6.6797,-6.6797,0,0,13.980907,193498095
13.956266,17.3145,-7.2070,-7.2070,0,0,13.980907,193498095
13.958310,17.8418,-7.7344,-7.7344,0,0,13.980907,193498095
13.960277,18.1934,-8.2617,-8.2617,0,0,13.980907,193498095
13.962320,18.7207,-8.7891,-8.7891,0,0,13.980907,193498095
13.964283,19.0723,-9.1406,-9.1406,0,0,13.980907,193498095
13.966325,19.5996,-9.6680,-9.6680,0,0,13.980907,193498095
13.968293,20.1270,-10.0195,-10.0195,0,0,13.980907,193498095
13.970269,20.4785,-10.5469,-10.5469,0,0,13.980907,193498095
13.972298,20.8301,-10.8984,-10.8984,0,0,13.980907,193498095
13.974277,21.3574,-11.2500,-11.2500,0,0,13.980907,193498095
13.976261,21.7090,-11.6016,-11.6016,0,0,13.980907,193498095
13.978760,22.2363,-11.9531,-11.9531,0,0,13.980907,193498095
13.983108,22.9395,-12.6562,-12.6562,0,0,14.208802,193728540
13.983629,23.1152,-12.6562,-12.6562,0,0,14.208802,193728540
13.984305,23.1152,-12.8320,-12.8320,0,0,14.208802,193728540
13.986280,23.6426,-13.0078,-13.0078,0,0,14.208802,193728540
13.988314,23.8184,-13.3594,-13.3594,0,0,14.208802,193728540
13.990304,24.1699,-13.5352,-13.5352,0,0,14.208802,193728540
13.992298,24.5215,-13.7109,-13.7109,0,0,14.208802,193728540
13.994263,24.8730,-13.8867,-13.8867,0,0,14.208802,193728540
13.996763,25.2246,-14.0625,-14.0625,0,0,14.208802,193728540
13.998277,25.4004,-14.0625,-14.0625,0,0,14.208802,193728540
14.000300,25.7520,-14.2383,-14.2383,0,0,14.208802,193728540
14.002336,25.9277,-14.2383,-14.2383,0,0,14.208802,193728540
14.004357,26.2793,-14.4141,-14.4141,0,0,14.208802,193728540
14.006294,26.4551,-14.4141,-14.4141,0,0,14.208802,193728540
14.008268,26.8066,-14.4141,-14.4141,0,0,14.208802,193728540
14.010339,26.9824,-14.4141,-14.4141,0,0,14.208802,193728540
14.012315,27.3340,-14.4141,-14.4141,0,0,14.208802,193728540
14.014293,27.5098,-14.4141,-14.4141,0,0,14.208802,193728540
14.016267,27.6855,-14.4141,-14.4141,0,0,14.208802,193728540
14.018339,27.8613,-14.4141,-14.4141,0,0,14.208802,193728540
14.020315,28.2129,-14.2383,-14.2383,0,0,14.208802,193728540
14.022293,28.3887,-14.2383,-14.2383,0,0,14.208802,193728540
14.024267,28.5645,-14.0625,-14.0625,0,0,14.208802,193728540
14.026339,28.7402,-13.8867,-13.8867,0,0,14.208802,193728540
14.028315,28.9160,-13.7109,-13.7109,0,0,14.208802,193728540
14.030293,29.0918,-13.5352,-13.5352,0,0,14.208802,193728540
14.032267,29.2676,-13.3594,-13.3594,0,0,14.208802,193728540
14.034339,29.2676,-13.1836,-13.1836,0,0,14.208802,193728540
14.036315,29.4434,-12.8320,-12.8320,0,0,14.208802,193728540
14.038300,29.6191,-12.6562,-12.6562,0,0,14.208802,193728540
14.040277,29.7949,-12.3047,-12.3047,0,0,14.208802,193728540
14.042300,29.7949,-12.1289,-12.1289,0,0,14.208802,193728540
14.044277,29.9707,-11.7773,-11.7773,0,0,14.208802,193728540
14.046349,29.9707,-11.4258,-11.4258,0,0,14.208802,193728540
14.048322,30.1465,-11.0742,-11.0742,0,0,14.208802,193728540
14.050300,30.1465,-10.7227,-10.7227,0,0,14.208802,193728540
14.054298,30.3223,-9.8438,-9.8438,0,0,14.208802,193728540
14.054628,30.3223,-9.8438,-9.8438,0,0,14.208802,193728540
14.056315,30.4980,-9.4922,-9.4922,0,0,14.208802,193728540
14.058294,30.4980,-8.9648,-8.9648,0,0,14.208802,193728540
14.060267,30.4980,-8.6133,-8.6133,0,0,14.208802,193728540
14.062339,30.4980,-8.0859,-8.0859,0,0,14.208802,193728540
14.064315,30.4980,-7.5586,-7.5586,0,0,14.208802,193728540
14.066293,30.6738,-7.0312,-7.0312,0,0,14.208802,193728540
14.068267,30.6738,-6.5039,-6.5039,0,0,14.208802,193728540
14.070339,30.6738,-5.8008,-5.8008,0,0,14.208802,193728540
14.072315,30.6738,-5.2734,-5.2734,0,0,14.208802,193728540
14.074293,30.6738,-4.7461,-4.7461,0,0,14.208802,193728540
14.076267,30.6738,-4.2188,-4.2188,0,0,14.208802,193728540
14.078257,30.4980,-3.5156,-3.5156,0,0,14.208802,193728540
14.080327,30.4980,-2.8125,-2.8125,0,0,14.208802,193728540
14.082302,30.4980,-2.2852,-2.2852,0,0,14.208802,193728540
14.084280,30.3223,-1.5820,-1.5820,0,0,14.208802,193728540
14.086256,30.3223,-0.8789,-0.8789,0,0,14.208802,193728540
14.088327,30.1465,-0.1758,-0.1758,0,0,14.208802,193728540
14.090302,30.1465,0.5273,0.5273,0,0,14.208802,193728540
14.092280,29.9707,1.2305,1.2305,0,0,14.208802,193728540
14.094256,29.9707,1.9336,1.9336,0,0,14.208802,193728540
14.096327,29.9707,2.8125,2.8125,0,0,14.208802,193728540
14.098302,29.7949,3.5156,3.5156,0,0,14.208802,193728540
14.100280,29.6191,4.2188,4.2188,0,0,14.208802,193728540
14.102256,29.6191,4.9219,4.9219,0,0,14.208802,193728540
14.104327,29.4434,5.8008,5.8008,0,0,14.208802,193728540
14.106302,29.2676,6.6797,6.6797,0,0,14.208802,193728540
14.108280,29.2676,7.3828,7.3828,0,0,14.208802,193728540
14.110256,29.0918,8.0859,8.0859,0,0,14.208802,193728540
14.112327,28.9160,8.9648,8.9648,0,0,14.208802,193728540
14.114302,28.7402,9.8438,9.8438,0,0,14.208802,193728540
14.116280,28.7402,10.5469,10.5469,0,0,14.208802,193728540
14.118256,28.5645,11.4258,11.4258,0,0,14.208802,193728540
14.120327,28.3887,12.3047,12.3047,0,0,14.208802,193728540
14.122302,28.2129,13.0078,13.0078,0,0,14.208802,193728540
14.124280,28.2129,13.7109,13.7109,0,0,14.208802,193728540
14.126256,28.0371,14.5898,14.5898,0,0,14.208802,193728540
14.128327,27.8613,15.4688,15.4688,0,0,14.208802,193728540
14.130302,27.8613,16.1719,16.1719,0,0,14.208802,193728540
14.132280,27.6855,16.8750,16.8750,0,0,14.208802,193728540
14.134256,27.5098,17.7539,17.7539,0,0,14.208802,193728540
14.136327,27.3340,18.6328,18.6328,0,0,14.208802,193728540
14.138302,27.3340,19.3359,19.3359,0,0,14.208802,193728540
14.140316,27.1582,20.0391,20.0391,0,0,14.208802,193728540
14.142290,27.1582,20.9180,20.9180,0,0,14.208802,193728540
14.144284,26.9824,21.6211,21.6211,0,0,14.208802,193728540
14.146260,26.8066,22.3242,22.3242,0,0,14.208802,193728540
14.148334,26.8066,23.0273,23.0273,0,0,14.208802,193728540
14.150313,26.8066,23.7305,23.7305,0,0,14.208802,193728540
14.153805,26.6309,24.9609,24.9609,0,0,14.208802,193728540
14.154272,26.6309,25.1367,25.1367,0,0,14.208802,193728540
14.156344,26.6309,25.8398,25.8398,0,0,14.208802,193728540
14.158320,26.4551,26.3672,26.3672,0,0,14.208802,193728540
14.160300,26.4551,27.0703,27.0703,0,0,14.208802,193728540
14.162277,26.4551,27.7734,27.7734,0,0,14.208802,193728540
14.164349,26.4551,28.3008,28.3008,0,0,14.208802,193728540
14.166322,26.4551,28.8281,28.8281,0,0,14.208802,193728540
14.168300,26.4551,29.5312,29.5312,0,0,14.208802,193728540
14.170277,26.4551,30.0586,30.0586,0,0,14.208802,193728540
14.172349,26.4551,30.5859,30.5859,0,0,14.208802,193728540
14.174322,26.4551,31.1133,31.1133,0,0,14.208802,193728540
14.176300,26.4551,31.6406,31.6406,0,0,14.208802,193728540
14.178287,26.4551,32.1680,32.1680,0,0,14.208802,193728540
14.180264,26.4551,32.5195,32.5195,0,0,14.208802,193728540
14.182337,26.4551,33.0469,33.0469,0,0,14.208802,193728540
14.184315,26.6309,33.5742,33.5742,0,0,14.208802,193728540
14.186293,26.6309,33.9258,33.9258,0,0,14.208802,193728540
14.188267,26.6309,34.2773,34.2773,0,0,14.208802,193728540
14.190339,26.8066,34.8047,34.8047,0,0,14.208802,193728540
14.192315,26.8066,35.1562,35.1562,0,0,14.208802,193728540
14.194312,26.9824,35.5078,35.5078,0,0,14.208802,193728540
14.196287,26.9824,35.8594,35.8594,0,0,14.208802,193728540
14.198264,27.1582,36.2109,36.2109,0,0,14.208802,193728540
14.200360,27.1582,36.3867,36.3867,0,0,14.208802,193728540
14.202322,27.3340,36.7383,36.7383,0,0,14.208802,193728540
14.204289,27.5098,37.0898,37.0898,0,0,14.208802,193728540
14.206293,27.5098,37.2656,37.2656,0,0,14.208802,193728540
14.208310,27.6855,37.6172,37.6172,0,0,14.208802,193728540
14.213594,28.0371,37.9688,37.9688,0,0,14.448110,193961074
14.214174,28.2129,38.1445,38.1445,0,0,14.448110,193961074
14.214484,28.2129,38.1445,38.1445,0,0,14.448110,193961074
14.216570,28.3887,38.3203,38.3203,0,0,14.448110,193961074
14.218350,28.5645,38.4961,38.4961,0,0,14.448110,193961074
14.220284,28.5645,38.4961,38.4961,0,0,14.448110,193961074
14.222276,28.9160,38.6719,38.6719,0,0,14.448110,193961074
14.224335,29.0918,38.6719,38.6719,0,0,14.448110,193961074
14.226263,29.2676,38.8477,38.8477,0,0,14.448110,193961074
14.228358,29.4434,38.8477,38.8477,0,0,14.448110,193961074
14.230277,29.6191,39.0234,39.0234,0,0,14.448110,193961074
14.232294,29.7949,39.0234,39.0234,0,0,14.448110,193961074
14.234297,29.9707,39.0234,39.0234,0,0,14.448110,193961074
14.236336,30.3223,39.0234,39.0234,0,0,14.448110,193961074
14.238315,30.4980,38.8477,38.8477,0,0,14.448110,193961074
14.240294,30.6738,38.8477,38.8477,0,0,14.448110,193961074
14.242311,31.0254,38.6719,38.6719,0,0,14.448110,193961074
14.244331,31.2012,38.6719,38.6719,0,0,14.448110,193961074
14.246306,31.5527,38.4961,38.4961,0,0,14.448110,193961074
14.248281,31.7285,38.4961,38.4961,0,0,14.448110,193961074
14.250260,32.0801,38.3203,38.3203,0,0,14.448110,193961074
14.254243,32.6074,37.9688,37.9688,0,0,14.448110,193961074
14.254577,32.6074,37.9688,37.9688,0,0,14.448110,193961074
14.256260,32.9590,37.7930,37.7930,0,0,14.448110,193961074
14.258334,33.1348,37.6172,37.6172,0,0,14.448110,193961074
14.260313,33.4863,37.2656,37.2656,0,0,14.448110,193961074
14.262288,33.8379,37.0898,37.0898,0,0,14.448110,193961074
14.264264,34.1895,36.9141,36.9141,0,0,14.448110,193961074
14.266337,34.5410,36.5625,36.5625,0,0,14.448110,193961074
14.268315,34.8926,36.2109,36.2109,0,0,14.448110,193961074
14.270293,35.0684,35.8594,35.8594,0,0,14.448110,193961074
14.272267,35.5957,35.5078,35.5078,0,0,14.448110,193961074
14.274339,35.7715,35.1562,35.1562,0,0,14.448110,193961074
14.276315,36.2988,34.8047,34.8047,0,0,14.448110,193961074
14.278315,36.6504,34.4531,34.4531,0,0,14.448110,193961074
14.280294,37.0020,34.1016,34.1016,0,0,14.448110,193961074
14.282269,37.3535,33.5742,33.5742,0,0,14.448110,193961074
14.284339,37.7051,33.0469,33.0469,0,0,14.448110,193961074
14.286315,38.0566,32.6953,32.6953,0,0,14.448110,193961074
14.288293,38.5840,32.1680,32.1680,0,0,14.448110,193961074
14.290267,38.9355,31.6406,31.6406,0,0,14.448110,193961074
14.292339,39.4629,31.2891,31.2891,0,0,14.448110,193961074
14.294315,39.8145,30.7617,30.7617,0,0,14.448110,193961074
14.296293,40.3418,30.2344,30.2344,0,0,14.448110,193961074
14.298267,40.6934,29.7070,29.7070,0,0,14.448110,193961074
14.300339,41.2207,29.1797,29.1797,0,0,14.448110,193961074
14.302315,41.5723,28.4766,28.4766,0,0,14.448110,193961074
14.304293,42.0996,27.9492,27.9492,0,0,14.448110,193961074
14.306267,42.6270,27.2461,27.2461,0,0,14.448110,193961074
14.308339,42.9785,26.7188,26.7188,0,0,14.448110,193961074
14.310315,43.5059,26.0156,26.0156,0,0,14.448110,193961074
14.312293,44.0332,25.4883,25.4883,0,0,14.448110,193961074
14.314267,44.5605,24.7852,24.7852,0,0,14.448110,193961074
14.316339,45.0879,24.0820,24.0820,0,0,14.448110,193961074
14.318315,45.4395,23.5547,23.5547,0,0,14.448110,193961074
14.320293,46.1426,22.8516,22.8516,0,0,14.448110,193961074
14.322267,46.4941,22.1484,22.1484,0,0,14.448110,193961074
14.324339,47.1973,21.4453,21.4453,0,0,14.448110,193961074
14.326315,47.7246,20.7422,20.7422,0,0,14.448110,193961074
14.328293,48.2520,20.0391,20.0391,0,0,14.448110,193961074
14.330267,48.7793,19.1602,19.1602,0,0,14.448110,193961074
14.332339,49.3066,18.4570,18.4570,0,0,14.448110,193961074
14.334315,49.8340,17.7539,17.7539,0,0,14.448110,193961074
14.336293,50.3613,16.8750,16.8750,0,0,14.448110,193961074
14.338267,51.0645,16.1719,16.1719,0,0,14.448110,193961074
14.340339,51.5918,15.4688,15.4688,0,0,14.448110,193961074
14.342315,52.1191,14.7656,14.7656,0,0,14.448110,193961074
14.344293,52.6465,13.8867,13.8867,0,0,14.448110,193961074
14.346320,53.1738,13.1836,13.1836,0,0,14.448110,193961074
14.348323,53.8770,12.4805,12.4805,0,0,14.448110,193961074
14.350303,54.2285,11.7773,11.7773,0,0,14.448110,193961074
14.353796,55.2832,10.3711,10.3711,0,0,14.448110,193961074
14.354263,55.4590,10.1953,10.1953,0,0,14.448110,193961074
14.356336,55.9863,9.4922,9.4922,0,0,14.448110,193961074
14.358315,56.5137,8.7891,8.7891,0,0,14.448110,193961074
14.360294,57.0410,7.9102,7.9102,0,0,14.448110,193961074
14.362269,57.5684,7.2070,7.2070,0,0,14.448110,193961074
14.364339,58.0957,6.5039,6.5039,0,0,14.448110,193961074
14.366315,58.6230,5.8008,5.8008,0,0,14.448110,193961074
14.368293,59.1504,5.0977,5.0977,0,0,14.448110,193961074
14.370267,59.6777,4.3945,4.3945,0,0,14.448110,193961074
14.372339,60.2051,3.6914,3.6914,0,0,14.448110,193961074
14.374315,60.7324,2.9883,2.9883,0,0,14.448110,193961074
14.376293,61.2598,2.4609,2.4609,0,0,14.448110,193961074
14.378284,61.6113,1.7578,1.7578,0,0,14.448110,193961074
14.380261,62.1387,1.0547,1.0547,0,0,14.448110,193961074
14.382334,62.6660,0.5273,0.5273,0,0,14.448110,193961074
14.384312,63.0176,-0.1758,-0.1758,0,0,14.448110,193961074
14.386287,63.5449,-0.7031,-0.7031,0,0,14.448110,193961074
14.388264,63.8965,-1.4062,-1.4062,0,0,14.448110,193961074
14.390337,64.4238,-1.9336,-1.9336,0,0,14.448110,193961074
14.392315,64.7754,-2.4609,-2.4609,0,0,14.448110,193961074
14.394293,65.3027,-2.9883,-2.9883,0,0,14.448110,193961074
14.396267,65.6543,-3.5156,-3.5156,0,0,14.448110,193961074
14.398339,66.1816,-4.0430,-4.0430,0,0,14.448110,193961074
14.400315,66.5332,-4.5703,-4.5703,0,0,14.448110,193961074
14.402293,66.8848,-5.0977,-5.0977,0,0,14.448110,193961074
14.404267,67.2363,-5.4492,-5.4492,0,0,14.448110,193961074
14.406339,67.5879,-5.9766,-5.9766,0,0,14.448110,193961074
14.408315,67.9395,-6.3281,-6.3281,0,0,14.448110,193961074
14.410293,68.2910,-6.6797,-6.6797,0,0,14.448110,193961074
14.412267,68.6426,-7.0312,-7.0312,0,0,14.448110,193961074
14.414339,68.9941,-7.3828,-7.3828,0,0,14.448110,193961074
14.416315,69.3457,-7.9102,-7.9102,0,0,14.448110,193961074
14.418293,69.5215,-8.0859,-8.0859,0,0,14.448110,193961074
14.420267,69.8730,-8.4375,-8.4375,0,0,14.448110,193961074
14.422339,70.2246,-8.7891,-8.7891,0,0,14.448110,193961074
14.424315,70.4004,-9.1406,-9.1406,0,0,14.448110,193961074
14.426293,70.7520,-9.3164,-9.3164,0,0,14.448110,193961074
14.428267,70.9277,-9.4922,-9.4922,0,0,14.448110,193961074
14.430296,71.2793,-9.8438,-9.8438,0,0,14.448110,193961074
14.432335,71.4551,-10.0195,-10.0195,0,0,14.448110,193961074
14.434319,71.6309,-10.1953,-10.1953,0,0,14.448110,193961074
14.436321,71.9824,-10.3711,-10.3711,0,0,14.448110,193961074
14.438254,72.1582,-10.5469,-10.5469,0,0,14.448110,193961074
14.440266,72.3340,-10.7227,-10.7227,0,0,14.448110,193961074
14.442325,72.5098,-10.7227,-10.7227,0,0,14.448110,193961074
14.446082,72.8613,-10.8984,-10.8984,0,0,14.695746,194209350
14.446622,73.0371,-10.8984,-10.8984,0,0,14.695746,194209350
14.448345,73.0371,-10.8984,-10.8984,0,0,14.695746,194209350
14.450280,73.2129,-10.8984,-10.8984,0,0,14.695746,194209350
14.454277,73.5645,-10.8984,-10.8984,0,0,14.695746,194209350
14.454600,73.5645,-10.8984,-10.8984,0,0,14.695746,194209350
14.456296,73.7402,-10.8984,-10.8984,0,0,14.695746,194209350
14.458261,73.9160,-10.8984,-10.8984,0,0,14.695746,194209350
14.460350,73.9160,-10.8984,-10.8984,0,0,14.695746,194209350
14.462346,74.0918,-10.7227,-10.7227,0,0,14.695746,194209350
14.464341,74.2676,-10.7227,-10.7227,0,0,14.695746,194209350
14.466328,74.2676,-10.5469,-10.5469,0,0,14.695746,194209350
14.468302,74.4434,-10.5469,-10.5469,0,0,14.695746,194209350
14.470280,74.4434,-10.1953,-10.1953,0,0,14.695746,194209350
14.472285,74.4434,-10.1953,-10.1953,0,0,14.695746,194209350
14.474322,74.6191,-10.0195,-10.0195,0,0,14.695746,194209350
14.476300,74.6191,-9.8438,-9.8438,0,0,14.695746,194209350
14.478339,74.6191,-9.4922,-9.4922,0,0,14.695746,194209350
14.480254,74.7949,-9.3164,-9.3164,0,0,14.695746,194209350
14.482327,74.7949,-8.9648,-8.9648,0,0,14.695746,194209350
14.484302,74.7949,-8.6133,-8.6133,0,0,14.695746,194209350
14.486280,74.7949,-8.4375,-8.4375,0,0,14.695746,194209350
14.488256,74.7949,-8.0859,-8.0859,0,0,14.695746,194209350
14.490327,74.7949,-7.7344,-7.7344,0,0,14.695746,194209350
14.492302,74.7949,-7.3828,-7.3828,0,0,14.695746,194209350
14.494280,74.7949,-7.0312,-7.0312,0,0,14.695746,194209350
14.496256,74.7949,-6.6797,-6.6797,0,0,14.695746,194209350
14.498327,74.7949,-6.1523,-6.1523,0,0,14.695746,194209350
14.500302,74.6191,-5.8008,-5.8008,0,0,14.695746,194209350
14.502280,74.6191,-5.2734,-5.2734,0,0,14.695746,194209350
14.504256,74.6191,-4.9219,-4.9219,0,0,14.695746,194209350
14.506327,74.4434,-4.3945,-4.3945,0,0,14.695746,194209350
14.508302,74.4434,-3.8672,-3.8672,0,0,14.695746,194209350
14.510280,74.2676,-3.3398,-3.3398,0,0,14.695746,194209350
14.512256,74.2676,-2.8125,-2.8125,0,0,14.695746,194209350
14.514327,74.0918,-2.2852,-2.2852,0,0,14.695746,194209350
14.516302,74.0918,-1.7578,-1.7578,0,0,14.695746,194209350
14.518280,73.9160,-1.2305,-1.2305,0,0,14.695746,194209350
14.520256,73.7402,-0.7031,-0.7031,0,0,14.695746,194209350
14.522327,73.7402,0.0000,0.0000,0,0,14.695746,194209350
14.524302,73.5645,0.5273,0.5273,0,0,14.695746,194209350
14.526280,73.3887,1.0547,1.0547,0,0,14.695746,194209350
14.528256,73.2129,1.7578,1.7578,0,0,14.695746,194209350
14.530327,73.0371,2.4609,2.4609,0,0,14.695746,194209350
14.532302,72.8613,2.9883,2.9883,0,0,14.695746,194209350
14.534280,72.8613,3.6914,3.6914,0,0,14.695746,194209350
14.536256,72.5098,4.3945,4.3945,0,0,14.695746,194209350
14.538327,72.3340,5.0977,5.0977,0,0,14.695746,194209350
14.540302,72.1582,5.6250,5.6250,0,0,14.695746,194209350
14.542280,72.1582,6.3281,6.3281,0,0,14.695746,194209350
14.544256,71.8066,7.0312,7.0312,0,0,14.695746,194209350
14.546327,71.6309,7.7344,7.7344,0,0,14.695746,194209350
14.548302,71.4551,8.4375,8.4375,0,0,14.695746,194209350
14.550300,71.2793,9.1406,9.1406,0,0,14.695746,194209350
14.554081,70.9277,10.5469,10.5469,0,0,14.695746,194209350
14.554502,70.9277,10.7227,10.7227,0,0,14.695746,194209350
14.556286,70.7520,11.4258,11.4258,0,0,14.695746,194209350
14.558264,70.5762,11.9531,11.9531,0,0,14.695746,194209350
14.560339,70.2246,12.8320,12.8320,0,0,14.695746,194209350
14.562315,70.0488,13.5352,13.5352,0,0,14.695746,194209350
14.564293,69.8730,14.2383,14.2383,0,0,14.695746,194209350
14.566267,69.6973,14.9414,14.9414,0,0,14.695746,194209350
14.568339,69.5215,15.6445,15.6445,0,0,14.695746,194209350
14.570315,69.3457,16.3477,16.3477,0,0,14.695746,194209350
14.572293,69.1699,17.0508,17.0508,0,0,14.695746,194209350
14.574267,68.9941,17.5781,17.5781,0,0,14.695746,194209350
14.576339,68.8184,18.4570,18.4570,0,0,14.695746,194209350
14.578323,68.6426,18.9844,18.9844,0,0,14.695746,194209350
14.580300,68.4668,19.6875,19.6875,0,0,14.695746,194209350
14.582277,68.2910,20.3906,20.3906,0,0,14.695746,194209350
14.584349,68.1152,21.0938,21.0938,0,0,14.695746,194209350
14.586322,67.9395,21.6211,21.6211,0,0,14.695746,194209350
14.588300,67.7637,22.3242,22.3242,0,0,14.695746,194209350
14.590277,67.5879,23.0273,23.0273,0,0,14.695746,194209350
14.592349,67.5879,23.5547,23.5547,0,0,14.695746,194209350
14.594322,67.4121,24.2578,24.2578,0,0,14.695746,194209350
14.596300,67.2363,24.7852,24.7852,0,0,14.695746,194209350
14.598277,67.2363,25.3125,25.3125,0,0,14.695746,194209350
14.600349,67.0605,25.8398,25.8398,0,0,14.695746,194209350
14.602322,66.8848,26.3672,26.3672,0,0,14.695746,194209350
14.604300,66.8848,26.8945,26.8945,0,0,14.695746,194209350
14.606277,66.7090,27.4219,27.4219,0,0,14.695746,194209350
14.608349,66.7090,27.9492,27.9492,0,0,14.695746,194209350
14.610322,66.5332,28.4766,28.4766,0,0,14.695746,194209350
14.612300,66.5332,28.8281,28.8281,0,0,14.695746,194209350
14.614277,66.5332,29.3555,29.3555,0,0,14.695746,194209350
14.616349,66.3574,29.8828,29.8828,0,0,14.695746,194209350
14.618322,66.3574,30.2344,30.2344,0,0,14.695746,194209350
14.620300,66.3574,30.5859,30.5859,0,0,14.695746,194209350
14.622277,66.3574,30.9375,30.9375,0,0,14.695746,194209350
14.624349,66.3574,31.4648,31.4648,0,0,14.695746,194209350
14.626322,66.1816,31.6406,31.6406,0,0,14.695746,194209350
14.628300,66.1816,31.9922,31.9922,0,0,14.695746,194209350
14.630277,66.1816,32.3438,32.3438,0,0,14.695746,194209350
14.632349,66.1816,32.6953,32.6953,0,0,14.695746,194209350
14.634322,66.1816,33.0469,33.0469,0,0,14.695746,194209350
14.636300,66.1816,33.2227,33.2227,0,0,14.695746,194209350
14.638277,66.1816,33.5742,33.5742,0,0,14.695746,194209350
14.640349,66.3574,33.7500,33.7500,0,0,14.695746,194209350
14.642322,66.3574,34.1016,34.1016,0,0,14.695746,194209350
14.644300,66.3574,34.2773,34.2773,0,0,14.695746,194209350
14.646277,66.5332,34.4531,34.4531,0,0,14.695746,194209350
14.648349,66.5332,34.4531,34.4531,0,0,14.695746,194209350
14.650322,66.5332,34.8047,34.8047,0,0,14.695746,194209350
14.653852,66.7090,34.9805,34.9805,0,0,14.695746,194209350
14.654317,66.7090,34.9805,34.9805,0,0,14.695746,194209350
14.656296,66.8848,35.1562,35.1562,0,0,14.695746,194209350
14.658272,66.8848,35.1562,35.1562,0,0,14.695746,194209350
14.660344,67.0605,35.1562,35.1562,0,0,14.695746,194209350
14.662319,67.0605,35.3320,35.3320,0,0,14.695746,194209350
14.664300,67.2363,35.3320,35.3320,0,0,14.695746,194209350
14.666277,67.2363,35.3320,35.3320,0,0,14.695746,194209350
14.668349,67.4121,35.3320,35.3320,0,0,14.695746,194209350
14.670322,67.5879,35.3320,35.3320,0,0,14.695746,194209350
14.672300,67.7637,35.3320,35.3320,0,0,14.695746,194209350
14.674277,67.9395,35.3320,35.3320,0,0,14.695746,194209350
14.676328,67.9395,35.1562,35.1562,0,0,14.695746,194209350
14.678282,68.1152,35.1562,35.1562,0,0,14.695746,194209350
14.680312,68.2910,35.1562,35.1562,0,0,14.695746,194209350
14.682288,68.4668,34.9805,34.9805,0,0,14.695746,194209350
14.684264,68.6426,34.8047,34.8047,0,0,14.695746,194209350
14.686295,68.8184,34.8047,34.8047,0,0,14.695746,194209350
14.688263,68.9941,34.4531,34.4531,0,0,14.695746,194209350
14.690257,69.3457,34.2773,34.2773,0,0,14.695746,194209350
14.694561,69.6973,33.9258,33.9258,0,0,14.933623,194454304
14.695103,69.6973,33.7500,33.7500,0,0,14.933623,194454304
14.696297,69.8730,33.7500,33.7500,0,0,14.933623,194454304
14.698333,70.0488,33.3984,33.3984,0,0,14.933623,194454304
14.700308,70.4004,33.2227,33.2227,0,0,14.933623,194454304
14.702305,70.5762,32.8711,32.8711,0,0,14.933623,194454304
14.704275,70.7520,32.6953,32.6953,0,0,14.933623,194454304
14.706336,71.1035,32.3438,32.3438,0,0,14.933623,194454304
14.708271,71.2793,31.9922,31.9922,0,0,14.933623,194454304
14.710517,71.6309,31.6406,31.6406,0,0,14.933623,194454304
14.712350,71.8066,31.2891,31.2891,0,0,14.933623,194454304
14.714329,72.1582,30.9375,30.9375,0,0,14.933623,194454304
14.716323,72.3340,30.5859,30.5859,0,0,14.933623,194454304
14.718326,72.6855,30.2344,30.2344,0,0,14.933623,194454304
14.720333,72.8613,29.7070,29.7070,0,0,14.933623,194454304
14.722326,73.2129,29.3555,29.3555,0,0,14.933623,194454304
14.724302,73.5645,28.8281,28.8281,0,0,14.933623,194454304
14.726280,73.9160,28.4766,28.4766,0,0,14.933623,194454304
14.728256,74.0918,27.9492,27.9492,0,0,14.933623,194454304
14.730327,74.4434,27.4219,27.4219,0,0,14.933623,194454304
14.732302,74.7949,27.0703,27.0703,0,0,14.933623,194454304
14.734280,75.1465,26.5430,26.5430,0,0,14.933623,194454304
14.736256,75.4980,26.0156,26.0156,0,0,14.933623,194454304
14.738327,75.8496,25.4883,25.4883,0,0,14.933623,194454304
14.740302,76.2012,24.9609,24.9609,0,0,14.933623,194454304
14.742280,76.5527,24.4336,24.4336,0,0,14.933623,194454304
14.744256,76.9043,23.9062,23.9062,0,0,14.933623,194454304
14.746327,77.2559,23.2031,23.2031,0,0,14.933623,194454304
14.748302,77.6074,22.6758,22.6758,0,0,14.933623,194454304
14.750280,77.9590,22.1484,22.1484,0,0,14.933623,194454304
14.754270,78.6621,20.9180,20.9180,0,0,14.933623,194454304
14.754704,78.8379,20.7422,20.7422,0,0,14.933623,194454304
14.756264,79.1895,20.3906,20.3906,0,0,14.933623,194454304
14.758339,79.5410,19.6875,19.6875,0,0,14.933623,194454304
14.760344,79.8926,18.9844,18.9844,0,0,14.933623,194454304
14.762320,80.2441,18.4570,18.4570,0,0,14.933623,194454304
14.764300,80.5957,17.7539,17.7539,0,0,14.933623,194454304
14.766277,80.9473,17.2266,17.2266,0,0,14.933623,194454304
14.768349,81.4746,16.5234,16.5234,0,0,14.933623,194454304
14.770322,81.8262,15.8203,15.8203,0,0,14.933623,194454304
14.772300,82.1777,15.2930,15.2930,0,0,14.933623,194454304
14.774277,82.5293,14.5898,14.5898,0,0,14.933623,194454304
14.776349,83.0566,13.8867,13.8867,0,0,14.933623,194454304
14.778337,83.4082,13.3594,13.3594,0,0,14.933623,194454304
14.780315,83.7598,12.6562,12.6562,0,0,14.933623,194454304
14.782294,84.1113,11.9531,11.9531,0,0,14.933623,194454304
14.784269,84.4629,11.4258,11.4258,0,0,14.933623,194454304
14.786339,84.9902,10.7227,10.7227,0,0,14.933623,194454304
14.788315,85.3418,10.1953,10.1953,0,0,14.933623,194454304
14.790293,85.6934,9.4922,9.4922,0,0,14.933623,194454304
14.792267,86.0449,8.9648,8.9648,0,0,14.933623,194454304
14.794339,86.3965,8.2617,8.2617,0,0,14.933623,194454304
14.796315,86.7480,7.5586,7.5586,0,0,14.933623,194454304
14.798293,87.0996,7.0312,7.0312,0,0,14.933623,194454304
14.800267,87.4512,6.5039,6.5039,0,0,14.933623,194454304
14.802339,87.8027,5.8008,5.8008,0,0,14.933623,194454304
14.804315,88.1543,5.2734,5.2734,0,0,14.933623,194454304
14.806293,88.5059,4.7461,4.7461,0,0,14.933623,194454304
14.808267,88.8574,4.2188,4.2188,0,0,14.933623,194454304
14.810339,89.2090,3.5156,3.5156,0,0,14.933623,194454304
14.812315,89.3848,3.1641,3.1641,0,0,14.933623,194454304
14.814293,89.7363,2.6367,2.6367,0,0,14.933623,194454304
14.816267,90.0879,2.1094,2.1094,0,0,14.933623,194454304
14.818339,90.4395,1.5820,1.5820,0,0,14.933623,194454304
14.820315,90.6152,1.0547,1.0547,0,0,14.933623,194454304
14.822293,90.9668,0.5273,0.5273,0,0,14.933623,194454304
14.824267,91.1426,0.1758,0.1758,0,0,14.933623,194454304
14.826339,91.4941,-0.3516,-0.3516,0,0,14.933623,194454304
14.828315,91.6699,-0.7031,-0.7031,0,0,14.933623,194454304
14.830293,91.8457,-1.0547,-1.0547,0,0,14.933623,194454304
14.832267,92.1973,-1.5820,-1.5820,0,0,14.933623,194454304
14.834339,92.3730,-1.9336,-1.9336,0,0,14.933623,194454304
14.836315,92.5488,-2.2852,-2.2852,0,0,14.933623,194454304
14.838293,92.7246,-2.6367,-2.6367,0,0,14.933623,194454304
14.840267,92.9004,-2.9883,-2.9883,0,0,14.933623,194454304
14.842339,93.2520,-3.3398,-3.3398,0,0,14.933623,194454304
14.844315,93.4277,-3.5156,-3.5156,0,0,14.933623,194454304
14.846293,93.6035,-3.8672,-3.8672,0,0,14.933623,194454304
14.848267,93.6035,-4.2188,-4.2188,0,0,14.933623,194454304
14.850339,93.7793,-4.3945,-4.3945,0,0,14.933623,194454304
14.853727,94.1309,-4.9219,-4.9219,0,0,14.933623,194454304
14.854297,94.1309,-4.9219,-4.9219,0,0,14.933623,194454304
14.856272,94.3066,-5.0977,-5.0977,0,0,14.933623,194454304
14.858309,94.3066,-5.2734,-5.2734,0,0,14.933623,194454304
14.860308,94.4824,-5.4492,-5.4492,0,0,14.933623,194454304
14.862285,94.4824,-5.6250,-5.6250,0,0,14.933623,194454304
14.864261,94.6582,-5.8008,-5.8008,0,0,14.933623,194454304
14.866334,94.6582,-5.8008,-5.8008,0,0,14.933623,194454304
14.868313,94.8340,-5.9766,-5.9766,0,0,14.933623,194454304
14.870288,94.8340,-5.9766,-5.9766,0,0,14.933623,194454304
14.872264,94.8340,-6.1523,-6.1523,0,0,14.933623,194454304
14.874337,95.0098,-6.1523,-6.1523,0,0,14.933623,194454304
14.876315,95.0098,-6.1523,-6.1523,0,0,14.933623,194454304
14.878302,95.0098,-6.3281,-6.3281,0,0,14.933623,194454304
14.880280,95.0098,-6.3281,-6.3281,0,0,14.933623,194454304
14.882256,95.0098,-6.3281,-6.3281,0,0,14.933623,194454304
14.884327,95.0098,-6.1523,-6.1523,0,0,14.933623,194454304
14.886302,95.0098,-6.1523,-6.1523,0,0,14.933623,194454304
14.888280,95.0098,-5.9766,-5.9766,0,0,14.933623,194454304
14.890256,95.0098,-5.9766,-5.9766,0,0,14.933623,194454304
14.892327,95.0098,-5.8008,-5.8008,0,0,14.933623,194454304
14.894302,95.0098,-5.8008,-5.8008,0,0,14.933623,194454304
14.896280,95.0098,-5.6250,-5.6250,0,0,14.933623,194454304
14.898256,94.8340,-5.4492,-5.4492,0,0,14.933623,194454304
14.900327,94.8340,-5.2734,-5.2734,0,0,14.933623,194454304
14.902302,94.8340,-5.0977,-5.0977,0,0,14.933623,194454304
14.904280,94.6582,-4.9219,-4.9219,0,0,14.933623,194454304
14.906256,94.6582,-4.7461,-4.7461,0,0,14.933623,194454304
14.908327,94.4824,-4.3945,-4.3945,0,0,14.933623,194454304
14.910302,94.4824,-4.2188,-4.2188,0,0,14.933623,194454304
14.912280,94.3066,-3.8672,-3.8672,0,0,14.933623,194454304
14.914256,94.1309,-3.6914,-3.6914,0,0,14.933623,194454304
14.916327,94.1309,-3.3398,-3.3398,0,0,14.933623,194454304
14.918302,93.9551,-3.1641,-3.1641,0,0,14.933623,194454304
14.920280,93.7793,-2.8125,-2.8125,0,0,14.933623,194454304
14.922289,93.6035,-2.4609,-2.4609,0,0,14.933623,194454304
14.924339,93.4277,-2.1094,-2.1094,0,0,14.933623,194454304
14.926259,93.4277,-1.7578,-1.7578,0,0,14.933623,194454304
14.928262,93.2520,-1.4062,-1.4062,0,0,14.933623,194454304
14.930322,93.0762,-1.0547,-1.0547,0,0,14.933623,194454304
14.932335,92.9004,-0.7031,-0.7031,0,0,14.933623,194454304
14.934907,92.5488,0.0000,0.0000,0,0,14.933623,194454304
14.939267,92.1973,0.8789,0.8789,0,0,15.174903,194684862
14.939845,92.0215,1.0547,1.0547,0,0,15.174903,194684862
14.940267,92.0215,1.2305,1.2305,0,0,15.174903,194684862
14.942281,91.8457,1.5820,1.5820,0,0,15.174903,194684862
14.944290,91.6699,2.1094,2.1094,0,0,15.174903,194684862
14.946340,91.3184,2.6367,2.6367,0,0,15.174903,194684862
14.948304,91.1426,3.1641,3.1641,0,0,15.174903,194684862
14.950258,90.9668,3.5156,3.5156,0,0,15.174903,194684862
14.955119,90.4395,4.7461,4.7461,0,0,15.174903,194684862
14.955481,90.2637,4.9219,4.9219,0,0,15.174903,194684862
14.956277,90.2637,5.0977,5.0977,0,0,15.174903,194684862
14.958291,89.9121,5.6250,5.6250,0,0,15.174903,194684862
14.960322,89.7363,6.1523,6.1523,0,0,15.174903,194684862
14.962254,89.3848,6.6797,6.6797,0,0,15.174903,194684862
14.964313,89.2090,7.3828,7.3828,0,0,15.174903,194684862
14.966278,88.8574,7.7344,7.7344,0,0,15.174903,194684862
14.968265,88.6816,8.4375,8.4375,0,0,15.174903,194684862
14.970300,88.3301,8.9648,8.9648,0,0,15.174903,194684862
14.972262,88.1543,9.4922,9.4922,0,0,15.174903,194684862
14.974323,87.8027,10.1953,10.1953,0,0,15.174903,194684862
14.976292,87.6270,10.7227,10.7227,0,0,15.174903,194684862
14.978268,87.2754,11.2500,11.2500,0,0,15.174903,194684862
14.980327,86.9238,11.9531,11.9531,0,0,15.174903,194684862
14.982292,86.7480,12.4805,12.4805,0,0,15.174903,194684862
14.984350,86.3965,13.0078,13.0078,0,0,15.174903,194684862
14.986313,86.2207,13.5352,13.5352,0,0,15.174903,194684862
14.988277,85.8691,14.0625,14.0625,0,0,15.174903,194684862
14.990335,85.5176,14.7656,14.7656,0,0,15.174903,194684862
14.992300,85.3418,15.2930,15.2930,0,0,15.174903,194684862
14.994262,84.9902,15.8203,15.8203,0,0,15.174903,194684862
14.996323,84.8145,16.5234,16.5234,0,0,15.174903,194684862
14.998292,84.6387,16.8750,16.8750,0,0,15.174903,194684862
15.000350,84.2871,17.5781,17.5781,0,0,15.174903,194684862
15.002313,84.1113,18.1055,18.1055,0,0,15.174903,194684862
15.004277,83.7598,18.6328,18.6328,0,0,15.174903,194684862
15.006335,83.5840,19.1602,19.1602,0,0,15.174903,194684862
15.008300,83.4082,19.6875,19.6875,0,0,15.174903,194684862
15.010262,83.0566,20.2148,20.2148,0,0,15.174903,194684862
15.012323,82.8809,20.7422,20.7422,0,0,15.174903,194684862
15.014292,82.7051,21.0938,21.0938,0,0,15.174903,194684862
15.016350,82.3535,21.6211,21.6211,0,0,15.174903,194684862
15.018313,82.1777,22.1484,22.1484,0,0,15.174903,194684862
15.020277,82.0020,22.5000,22.5000,0,0,15.174903,194684862
15.022335,81.6504,23.0273,23.0273,0,0,15.174903,194684862
15.024300,81.4746,23.5547,23.5547,0,0,15.174903,194684862
15.026262,81.2988,23.9062,23.9062,0,0,15.174903,194684862
15.028323,81.1230,24.2578,24.2578,0,0,15.174903,194684862
15.030292,80.9473,24.6094,24.6094,0,0,15.174903,194684862
15.032350,80.7715,25.1367,25.1367,0,0,15.174903,194684862
15.034313,80.5957,25.4883,25.4883,0,0,15.174903,194684862
15.036277,80.4199,25.8398,25.8398,0,0,15.174903,194684862
15.038335,80.2441,26.1914,26.1914,0,0,15.174903,194684862
15.040300,80.0684,26.5430,26.5430,0,0,15.174903,194684862
15.042262,80.0684,26.8945,26.8945,0,0,15.174903,194684862
15.044323,79.8926,27.2461,27.2461,0,0,15.174903,194684862
15.046292,79.7168,27.4219,27.4219,0,0,15.174903,194684862
15.048350,79.5410,27.7734,27.7734,0,0,15.174903,194684862
15.050313,79.5410,28.1250,28.1250,0,0,15.174903,194684862
15.053824,79.3652,28.4766,28.4766,0,0,15.174903,194684862
15.054294,79.1895,28.4766,28.4766,0,0,15.174903,194684862
15.056350,79.1895,28.8281,28.8281,0,0,15.174903,194684862
15.058313,79.1895,29.0039,29.0039,0,0,15.174903,194684862
15.060277,79.0137,29.1797,29.1797,0,0,15.174903,194684862
15.062313,79.0137,29.3555,29.3555,0,0,15.174903,194684862
15.064277,78.8379,29.5312,29.5312,0,0,15.174903,194684862
15.066335,78.8379,29.7070,29.7070,0,0,15.174903,194684862
15.068300,78.6621,29.8828,29.8828,0,0,15.174903,194684862
15.070264,78.6621,29.8828,29.8828,0,0,15.174903,194684862
15.072347,78.6621,30.0586,30.0586,0,0,15.174903,194684862
15.074313,78.6621,30.0586,30.0586,0,0,15.174903,194684862
15.076277,78.6621,30.2344,30.2344,0,0,15.174903,194684862
15.078255,78.4863,30.2344,30.2344,0,0,15.174903,194684862
15.080313,78.4863,30.2344,30.2344,0,0,15.174903,194684862
15.082277,78.4863,30.2344,30.2344,0,0,15.174903,194684862
15.084335,78.4863,30.4102,30.4102,0,0,15.174903,194684862
15.086300,78.4863,30.4102,30.4102,0,0,15.174903,194684862
15.088262,78.4863,30.4102,30.4102,0,0,15.174903,194684862
15.090323,78.4863,30.2344,30.2344,0,0,15.174903,194684862
15.092292,78.4863,30.2344,30.2344,0,0,15.174903,194684862
15.094350,78.6621,30.2344,30.2344,0,0,15.174903,194684862
15.096313,78.6621,30.2344,30.2344,0,0,15.174903,194684862
15.098277,78.6621,30.0586,30.0586,0,0,15.174903,194684862
15.100335,78.6621,30.0586,30.0586,0,0,15.174903,194684862
15.102300,78.8379,29.8828,29.8828,0,0,15.174903,194684862
15.104262,78.8379,29.7070,29.7070,0,0,15.174903,194684862
15.106323,78.8379,29.5312,29.5312,0,0,15.174903,194684862
15.108292,79.0137,29.3555,29.3555,0,0,15.174903,194684862
15.110350,79.0137,29.1797,29.1797,0,0,15.174903,194684862
15.112313,79.1895,29.0039,29.0039,0,0,15.174903,194684862
15.114277,79.1895,28.8281,28.8281,0,0,15.174903,194684862
15.116335,79.3652,28.6523,28.6523,0,0,15.174903,194684862
15.118300,79.3652,28.4766,28.4766,0,0,15.174903,194684862
15.120262,79.5410,28.1250,28.1250,0,0,15.174903,194684862
15.122323,79.7168,27.9492,27.9492,0,0,15.174903,194684862
15.124292,79.7168,27.5977,27.5977,0,0,15.174903,194684862
15.126350,79.8926,27.2461,27.2461,0,0,15.174903,194684862
15.128313,80.0684,27.0703,27.0703,0,0,15.174903,194684862
15.130277,80.0684,26.7188,26.7188,0,0,15.174903,194684862
15.132335,80.2441,26.3672,26.3672,0,0,15.174903,194684862
15.134300,80.4199,26.0156,26.0156,0,0,15.174903,194684862
15.136262,80.5957,25.8398,25.8398,0,0,15.174903,194684862
15.138323,80.7715,25.3125,25.3125,0,0,15.174903,194684862
15.140292,80.9473,24.9609,24.9609,0,0,15.174903,194684862
15.142350,81.1230,24.6094,24.6094,0,0,15.174903,194684862
15.144313,81.2988,24.2578,24.2578,0,0,15.174903,194684862
15.146277,81.4746,23.9062,23.9062,0,0,15.174903,194684862
15.148335,81.6504,23.5547,23.5547,0,0,15.174903,194684862
15.150300,81.8262,23.0273,23.0273,0,0,15.174903,194684862
15.153790,82.1777,22.3242,22.3242,0,0,15.174903,194684862
15.154329,82.1777,22.1484,22.1484,0,0,15.174903,194684862
15.156352,82.3535,21.6211,21.6211,0,0,15.174903,194684862
15.158335,82.5293,21.2695,21.2695,0,0,15.174903,194684862
15.160300,82.7051,20.7422,20.7422,0,0,15.174903,194684862
15.162313,82.8809,20.3906,20.3906,0,0,15.174903,194684862
15.164297,83.2324,19.8633,19.8633,0,0,15.174903,194684862
15.166292,83.4082,19.3359,19.3359,0,0,15.174903,194684862
15.169982,83.7598,18.4570,18.4570,0,0,15.406446,194924227
15.170515,83.9355,18.2812,18.2812,0,0,15.406446,194924227
15.172267,84.1113,17.9297,17.9297,0,0,15.406446,194924227
15.174389,84.2871,17.4023,17.4023,0,0,15.406446,194924227
15.176283,84.4629,16.8750,16.8750,0,0,15.406446,194924227
15.178263,84.8145,16.3477,16.3477,0,0,15.406446,194924227
15.180294,84.9902,15.8203,15.8203,0,0,15.406446,194924227
15.182275,85.1660,15.2930,15.2930,0,0,15.406446,194924227
15.184280,85.3418,14.7656,14.7656,0,0,15.406446,194924227
15.186300,85.6934,14.2383,14.2383,0,0,15.406446,194924227
15.188268,85.8691,13.7109,13.7109,0,0,15.406446,194924227
15.190321,86.0449,13.1836,13.1836,0,0,15.406446,194924227
15.192267,86.2207,12.6562,12.6562,0,0,15.406446,194924227
15.194300,86.5723,12.1289,12.1289,0,0,15.406446,194924227
15.196328,86.7480,11.6016,11.6016,0,0,15.406446,194924227
15.198333,86.9238,11.0742,11.0742,0,0,15.406446,194924227
15.200268,87.0996,10.5469,10.5469,0,0,15.406446,194924227
15.202339,87.4512,10.1953,10.1953,0,0,15.406446,194924227
15.204315,87.6270,9.6680,9.6680,0,0,15.406446,194924227
15.206293,87.8027,9.1406,9.1406,0,0,15.406446,194924227
15.208267,87.9785,8.6133,8.6133,0,0,15.406446,194924227
15.210339,88.3301,8.0859,8.0859,0,0,15.406446,194924227
15.212315,88.3301,7.5586,7.5586,0,0,15.406446,194924227
15.214293,88.6816,7.2070,7.2070,0,0,15.406446,194924227
15.216267,88.8574,6.6797,6.6797,0,0,15.406446,194924227
15.218339,89.0332,6.1523,6.1523,0,0,15.406446,194924227
15.220315,89.2090,5.8008,5.8008,0,0,15.406446,194924227
15.222293,89.3848,5.2734,5.2734,0,0,15.406446,194924227
15.224267,89.5605,4.9219,4.9219,0,0,15.406446,194924227
15.226339,89.7363,4.3945,4.3945,0,0,15.406446,194924227
15.228315,89.7363,4.0430,4.0430,0,0,15.406446,194924227
15.230293,89.9121,3.5156,3.5156,0,0,15.406446,194924227
15.232267,90.0879,3.1641,3.1641,0,0,15.406446,194924227
15.234339,90.2637,2.8125,2.8125,0,0,15.406446,194924227
15.236315,90.4395,2.4609,2.4609,0,0,15.406446,194924227
15.238293,90.4395,2.1094,2.1094,0,0,15.406446,194924227
15.240267,90.6152,1.7578,1.7578,0,0,15.406446,194924227
15.242339,90.7910,1.4062,1.4062,0,0,15.406446,194924227
15.244315,90.7910,1.0547,1.0547,0,0,15.406446,194924227
15.246293,90.9668,0.7031,0.7031,0,0,15.406446,194924227
15.248267,91.1426,0.3516,0.3516,0,0,15.406446,194924227
15.250339,91.1426,0.0000,0.0000,0,0,15.406446,194924227
15.254202,91.3184,-0.3516,-0.3516,0,0,15.406446,194924227
15.254533,91.3184,-0.5273,-0.5273,0,0,15.406446,194924227
15.256318,91.3184,-0.7031,-0.7031,0,0,15.406446,194924227
15.258296,91.3184,-0.8789,-0.8789,0,0,15.406446,194924227
15.260271,91.4941,-1.0547,-1.0547,0,0,15.406446,194924227
15.262343,91.4941,-1.4062,-1.4062,0,0,15.406446,194924227
15.264319,91.4941,-1.5820,-1.5820,0,0,15.406446,194924227
15.266325,91.4941,-1.7578,-1.7578,0,0,15.406446,194924227
15.268277,91.4941,-1.9336,-1.9336,0,0,15.406446,194924227
15.270350,91.6699,-2.1094,-2.1094,0,0,15.406446,194924227
15.272271,91.6699,-2.2852,-2.2852,0,0,15.406446,194924227
15.274344,91.6699,-2.2852,-2.2852,0,0,15.406446,194924227
15.276320,91.6699,-2.4609,-2.4609,0,0,15.406446,194924227
15.278312,91.6699,-2.4609,-2.4609,0,0,15.406446,194924227
15.280287,91.6699,-2.6367,-2.6367,0,0,15.406446,194924227
15.282264,91.4941,-2.8125,-2.8125,0,0,15.406446,194924227
15.284337,91.4941,-2.8125,-2.8125,0,0,15.406446,194924227
15.286315,91.4941,-2.8125,-2.8125,0,0,15.406446,194924227
15.288293,91.4941,-2.8125,-2.8125,0,0,15.406446,194924227
15.290267,91.3184,-2.8125,-2.8125,0,0,15.406446,194924227
15.292339,91.3184,-2.8125,-2.8125,0,0,15.406446,194924227
15.294315,91.3184,-2.8125,-2.8125,0,0,15.406446,194924227
15.296293,91.1426,-2.8125,-2.8125,0,0,15.406446,194924227
15.298267,91.1426,-2.8125,-2.8125,0,0,15.406446,194924227
15.300339,90.9668,-2.8125,-2.8125,0,0,15.406446,194924227
15.302315,90.9668,-2.8125,-2.8125,0,0,15.406446,194924227
15.304293,90.7910,-2.6367,-2.6367,0,0,15.406446,194924227
15.306267,90.6152,-2.4609,-2.4609,0,0,15.406446,194924227
15.308339,90.6152,-2.4609,-2.4609,0,0,15.406446,194924227
15.310315,90.4395,-2.2852,-2.2852,0,0,15.406446,194924227
15.312293,90.4395,-2.2852,-2.2852,0,0,15.406446,194924227
15.314267,90.2637,-2.1094,-2.1094,0,0,15.406446,194924227
15.316339,90.0879,-1.9336,-1.9336,0,0,15.406446,194924227
15.318315,89.9121,-1.7578,-1.7578,0,0,15.406446,194924227
15.320293,89.7363,-1.5820,-1.5820,0,0,15.406446,194924227
15.322267,89.5605,-1.4062,-1.4062,0,0,15.406446,194924227
15.324339,89.3848,-1.2305,-1.2305,0,0,15.406446,194924227
15.326315,89.2090,-0.8789,-0.8789,0,0,15.406446,194924227
15.328293,89.0332,-0.7031,-0.7031,0,0,15.406446,194924227
15.330267,89.0332,-0.5273,-0.5273,0,0,15.406446,194924227
15.332339,88.6816,-0.1758,-0.1758,0,0,15.406446,194924227
15.334315,88.5059,0.0000,0.0000,0,0,15.406446,194924227
15.336293,88.3301,0.3516,0.3516,0,0,15.406446,194924227
15.338267,88.1543,0.5273,0.5273,0,0,15.406446,194924227
15.340339,87.9785,0.8789,0.8789,0,0,15.406446,194924227
15.342315,87.8027,1.2305,1.2305,0,0,15.406446,194924227
15.344293,87.4512,1.4062,1.4062,0,0,15.406446,194924227
15.346267,87.2754,1.7578,1.7578,0,0,15.406446,194924227
15.348339,87.0996,2.1094,2.1094,0,0,15.406446,194924227
15.350315,86.9238,2.4609,2.4609,0,0,15.406446,194924227
15.353794,86.3965,3.1641,3.1641,0,0,15.406446,194924227
15.354261,86.3965,3.1641,3.1641,0,0,15.406446,194924227
15.356334,86.0449,3.5156,3.5156,0,0,15.406446,194924227
15.358313,85.8691,4.0430,4.0430,0,0,15.406446,194924227
15.360288,85.5176,4.3945,4.3945,0,0,15.406446,194924227
15.362264,85.3418,4.7461,4.7461,0,0,15.406446,194924227
15.364337,84.9902,5.2734,5.2734,0,0,15.406446,194924227
15.366315,84.8145,5.6250,5.6250,0,0,15.406446,194924227
15.368330,84.6387,5.9766,5.9766,0,0,15.406446,194924227
15.370302,84.2871,6.3281,6.3281,0,0,15.406446,194924227
15.372315,84.1113,6.8555,6.8555,0,0,15.406446,194924227
15.374293,83.7598,7.3828,7.3828,0,0,15.406446,194924227
15.376267,83.4082,7.7344,7.7344,0,0,15.406446,194924227
15.378260,83.2324,8.0859,8.0859,0,0,15.406446,194924227
15.380334,82.8809,8.6133,8.6133,0,0,15.406446,194924227
15.382313,82.7051,8.9648,8.9648,0,0,15.406446,194924227
15.384288,82.3535,9.4922,9.4922,0,0,15.406446,194924227
15.386264,82.1777,9.8438,9.8438,0,0,15.406446,194924227
15.388337,81.8262,10.3711,10.3711,0,0,15.406446,194924227
15.390315,81.4746,10.8984,10.8984,0,0,15.406446,194924227
15.392293,81.2988,11.2500,11.2500,0,0,15.406446,194924227
15.394267,80.9473,11.7773,11.7773,0,0,15.406446,194924227
15.396282,80.7715,12.1289,12.1289,0,0,15.406446,194924227
15.398340,80.4199,12.6562,12.6562,0,0,15.406446,194924227
15.400312,80.0684,13.0078,13.0078,0,0,15.406446,194924227
15.402339,79.8926,13.5352,13.5352,0,0,15.406446,194924227
15.404841,79.5410,14.0625,14.0625,0,0,15.406446,194924227
15.409190,79.0137,15.1172,15.1172,0,0,15.646928,195154147
15.409744,78.8379,15.1172,15.1172,0,0,15.646928,195154147
15.410282,78.8379,15.2930,15.2930,0,0,15.646928,195154147
15.412300,78.4863,15.6445,15.6445,0,0,15.646928,195154147
15.414303,78.3105,16.1719,16.1719,0,0,15.646928,195154147
15.416289,77.9590,16.5234,16.5234,0,0,15.646928,195154147
15.418303,77.7832,16.8750,16.8750,0,0,15.646928,195154147
15.420362,77.4316,17.4023,17.4023,0,0,15.646928,195154147
15.422367,77.2559,17.7539,17.7539,0,0,15.646928,195154147
15.424327,77.0801,18.1055,18.1055,0,0,15.646928,195154147
15.426307,76.7285,18.4570,18.4570,0,0,15.646928,195154147
15.428254,76.5527,18.8086,18.8086,0,0,15.646928,195154147
15.430327,76.3770,19.3359,19.3359,0,0,15.646928,195154147
15.432303,76.0254,19.5117,19.5117,0,0,15.646928,195154147
15.434314,75.8496,20.0391,20.0391,0,0,15.646928,195154147
15.436264,75.6738,20.3906,20.3906,0,0,15.646928,195154147
15.438254,75.4980,20.7422,20.7422,0,0,15.646928,195154147
15.440327,75.3223,20.9180,20.9180,0,0,15.646928,195154147
15.442302,74.9707,21.2695,21.2695,0,0,15.646928,195154147
15.444280,74.9707,21.6211,21.6211,0,0,15.646928,195154147
15.446256,74.6191,21.7969,21.7969,0,0,15.646928,195154147
15.448327,74.4434,22.1484,22.1484,0,0,15.646928,195154147
15.450302,74.2676,22.5000,22.5000,0,0,15.646928,195154147
15.454286,73.9160,23.0273,23.0273,0,0,15.646928,195154147
15.454616,73.9160,23.0273,23.0273,0,0,15.646928,195154147
15.456304,73.7402,23.2031,23.2031,0,0,15.646928,195154147
15.458281,73.5645,23.3789,23.3789,0,0,15.646928,195154147
15.460261,73.5645,23.7305,23.7305,0,0,15.646928,195154147
15.462334,73.3887,23.9062,23.9062,0,0,15.646928,195154147
15.464312,73.2129,24.0820,24.0820,0,0,15.646928,195154147
15.466287,73.0371,24.2578,24.2578,0,0,15.646928,195154147
15.468264,73.0371,24.4336,24.4336,0,0,15.646928,195154147
15.470337,72.8613,24.6094,24.6094,0,0,15.646928,195154147
15.472313,72.6855,24.6094,24.6094,0,0,15.646928,195154147
15.474293,72.6855,24.7852,24.7852,0,0,15.646928,195154147
15.476318,72.5098,24.9609,24.9609,0,0,15.646928,195154147
15.478312,72.3340,25.1367,25.1367,0,0,15.646928,195154147
15.480287,72.3340,25.1367,25.1367,0,0,15.646928,195154147
15.482265,72.3340,25.3125,25.3125,0,0,15.646928,195154147
15.484339,72.1582,25.3125,25.3125,0,0,15.646928,195154147
15.486315,72.1582,25.3125,25.3125,0,0,15.646928,195154147
15.488293,72.1582,25.3125,25.3125,0,0,15.646928,195154147
15.490267,71.9824,25.4883,25.4883,0,0,15.646928,195154147
15.492339,71.9824,25.4883,25.4883,0,0,15.646928,195154147
15.494315,71.8066,25.4883,25.4883,0,0,15.646928,195154147
15.496293,71.8066,25.4883,25.4883,0,0,15.646928,195154147
15.498267,71.8066,25.4883,25.4883,0,0,15.646928,195154147
15.500339,71.8066,25.4883,25.4883,0,0,15.646928,195154147
15.502315,71.8066,25.3125,25.3125,0,0,15.646928,195154147
15.504293,71.8066,25.3125,25.3125,0,0,15.646928,195154147
15.506267,71.8066,25.3125,25.3125,0,0,15.646928,195154147
15.508339,71.8066,25.1367,25.1367,0,0,15.646928,195154147
15.510315,71.8066,25.1367,25.1367,0,0,15.646928,195154147
15.512293,71.8066,24.9609,24.9609,0,0,15.646928,195154147
15.514267,71.8066,24.9609,24.9609,0,0,15.646928,195154147
15.516339,71.8066,24.7852,24.7852,0,0,15.646928,195154147
15.518315,71.8066,24.6094,24.6094,0,0,15.646928,195154147
15.520293,71.8066,24.4336,24.4336,0,0,15.646928,195154147
15.522267,71.8066,24.2578,24.2578,0,0,15.646928,195154147
15.524339,71.9824,24.2578,24.2578,0,0,15.646928,195154147
15.526315,71.9824,23.9062,23.9062,0,0,15.646928,195154147
15.528293,71.9824,23.7305,23.7305,0,0,15.646928,195154147
15.530267,72.1582,23.5547,23.5547,0,0,15.646928,195154147
15.532339,72.1582,23.3789,23.3789,0,0,15.646928,195154147
15.534315,72.1582,23.2031,23.2031,0,0,15.646928,195154147
15.536293,72.3340,22.8516,22.8516,0,0,15.646928,195154147
15.538267,72.3340,22.6758,22.6758,0,0,15.646928,195154147
15.540339,72.3340,22.3242,22.3242,0,0,15.646928,195154147
15.542315,72.5098,22.1484,22.1484,0,0,15.646928,195154147
15.544293,72.6855,21.7969,21.7969,0,0,15.646928,195154147
15.546267,72.6855,21.6211,21.6211,0,0,15.646928,195154147
15.548339,72.8613,21.2695,21.2695,0,0,15.646928,195154147
15.550315,72.8613,20.9180,20.9180,0,0,15.646928,195154147
15.554006,73.0371,20.3906,20.3906,0,0,15.646928,195154147
15.554289,73.0371,20.3906,20.3906,0,0,15.646928,195154147
15.556264,73.2129,20.0391,20.0391,0,0,15.646928,195154147
15.558337,73.3887,19.6875,19.6875,0,0,15.646928,195154147
15.560315,73.5645,19.3359,19.3359,0,0,15.646928,195154147
15.562293,73.5645,18.9844,18.9844,0,0,15.646928,195154147
15.564267,73.7402,18.6328,18.6328,0,0,15.646928,195154147
15.566339,73.9160,18.2812,18.2812,0,0,15.646928,195154147
15.568315,73.9160,17.9297,17.9297,0,0,15.646928,195154147
15.570293,74.0918,17.5781,17.5781,0,0,15.646928,195154147
15.572267,74.2676,17.2266,17.2266,0,0,15.646928,195154147
15.574303,74.4434,16.8750,16.8750,0,0,15.646928,195154147
15.576300,74.6191,16.5234,16.5234,0,0,15.646928,195154147
15.578287,74.6191,15.9961,15.9961,0,0,15.646928,195154147
15.580264,74.7949,15.6445,15.6445,0,0,15.646928,195154147
15.582337,74.9707,15.2930,15.2930,0,0,15.646928,195154147
15.584315,75.1465,14.7656,14.7656,0,0,15.646928,195154147
15.586293,75.3223,14.4141,14.4141,0,0,15.646928,195154147
15.588267,75.4980,14.0625,14.0625,0,0,15.646928,195154147
15.590339,75.6738,13.7109,13.7109,0,0,15.646928,195154147
15.592315,75.6738,13.1836,13.1836,0,0,15.646928,195154147
15.594293,75.8496,12.8320,12.8320,0,0,15.646928,195154147
15.596267,76.0254,12.4805,12.4805,0,0,15.646928,195154147
15.598339,76.2012,11.9531,11.9531,0,0,15.646928,195154147
15.600315,76.3770,11.6016,11.6016,0,0,15.646928,195154147
15.602293,76.5527,11.2500,11.2500,0,0,15.646928,195154147
15.604267,76.7285,10.8984,10.8984,0,0,15.646928,195154147
15.606339,76.7285,10.3711,10.3711,0,0,15.646928,195154147
15.608315,76.9043,10.0195,10.0195,0,0,15.646928,195154147
15.610293,77.0801,9.6680,9.6680,0,0,15.646928,195154147
15.612267,77.2559,9.1406,9.1406,0,0,15.646928,195154147
15.614339,77.4316,8.7891,8.7891,0,0,15.646928,195154147
15.616315,77.4316,8.4375,8.4375,0,0,15.646928,195154147
15.618293,77.6074,8.0859,8.0859,0,0,15.646928,195154147
15.620267,77.7832,7.7344,7.7344,0,0,15.646928,195154147
15.622339,77.9590,7.3828,7.3828,0,0,15.646928,195154147
15.624315,77.9590,7.0312,7.0312,0,0,15.646928,195154147
15.626356,78.1348,6.6797,6.6797,0,0,15.646928,195154147
15.628282,78.3105,6.1523,6.1523,0,0,15.646928,195154147
15.630313,78.4863,5.9766,5.9766,0,0,15.646928,195154147
15.632300,78.4863,5.6250,5.6250,0,0,15.646928,195154147
15.634654,78.6621,5.2734,5.2734,0,0,15.646928,195154147
15.639099,78.8379,4.5703,4.5703,0,0,15.888655,195406407
15.639760,78.8379,4.3945,4.3945,0,0,15.888655,195406407
15.640314,79.0137,4.2188,4.2188,0,0,15.888655,195406407
15.642347,79.0137,4.0430,4.0430,0,0,15.888655,195406407
15.644273,79.1895,3.6914,3.6914,0,0,15.888655,195406407
15.646344,79.1895,3.3398,3.3398,0,0,15.888655,195406407
15.648274,79.3652,3.1641,3.1641,0,0,15.888655,195406407
15.650344,79.3652,2.8125,2.8125,0,0,15.888655,195406407
15.654230,79.5410,2.4609,2.4609,0,0,15.888655,195406407
15.654557,79.5410,2.2852,2.2852,0,0,15.888655,195406407
15.656344,79.5410,2.1094,2.1094,0,0,15.888655,195406407
15.658347,79.5410,1.9336,1.9336,0,0,15.888655,195406407
15.660328,79.7168,1.7578,1.7578,0,0,15.888655,195406407
15.662878,79.7168,1.4062,1.4062,0,0,15.888655,195406407
15.664270,79.7168,1.2305,1.2305,0,0,15.888655,195406407
15.666339,79.8926,1.0547,1.0547,0,0,15.888655,195406407
15.668316,79.8926,0.8789,0.8789,0,0,15.888655,195406407
15.670317,79.8926,0.7031,0.7031,0,0,15.888655,195406407
15.672296,79.8926,0.5273,0.5273,0,0,15.888655,195406407
15.674286,79.8926,0.5273,0.5273,0,0,15.888655,195406407
15.676267,79.8926,0.3516,0.3516,0,0,15.888655,195406407
15.678335,79.8926,0.1758,0.1758,0,0,15.888655,195406407
15.680255,79.8926,0.1758,0.1758,0,0,15.888655,195406407
15.682327,79.8926,0.0000,0.0000,0,0,15.888655,195406407
15.684302,79.8926,0.0000,0.0000,0,0,15.888655,195406407
15.686280,79.8926,-0.1758,-0.1758,0,0,15.888655,195406407
15.688255,79.8926,-0.1758,-0.1758,0,0,15.888655,195406407
15.690327,79.8926,-0.1758,-0.1758,0,0,15.888655,195406407
15.692302,79.8926,-0.3516,-0.3516,0,0,15.888655,195406407
15.694320,79.7168,-0.3516,-0.3516,0,0,15.888655,195406407
15.696300,79.7168,-0.3516,-0.3516,0,0,15.888655,195406407
15.698277,79.7168,-0.3516,-0.3516,0,0,15.888655,195406407
15.700349,79.5410,-0.3516,-0.3516,0,0,15.888655,195406407
15.702322,79.5410,-0.3516,-0.3516,0,0,15.888655,195406407
15.704300,79.5410,-0.3516,-0.3516,0,0,15.888655,195406407
15.706277,79.3652,-0.3516,-0.3516,0,0,15.888655,195406407
15.708349,79.3652,-0.1758,-0.1758,0,0,15.888655,195406407
15.710322,79.1895,-0.1758,-0.1758,0,0,15.888655,195406407
15.712300,79.1895,-0.1758,-0.1758,0,0,15.888655,195406407
15.714277,79.1895,0.0000,0.0000,0,0,15.888655,195406407
15.716349,79.0137,0.0000,0.0000,0,0,15.888655,195406407
15.718322,78.8379,0.1758,0.1758,0,0,15.888655,195406407
15.720300,78.8379,0.3516,0.3516,0,0,15.888655,195406407
15.722277,78.6621,0.3516,0.3516,0,0,15.888655,195406407
15.724349,78.6621,0.5273,0.5273,0,0,15.888655,195406407
15.726322,78.4863,0.7031,0.7031,0,0,15.888655,195406407
15.728300,78.3105,0.7031,0.7031,0,0,15.888655,195406407
15.730277,78.3105,1.0547,1.0547,0,0,15.888655,195406407
15.732349,78.1348,1.2305,1.2305,0,0,15.888655,195406407
15.734322,77.9590,1.2305,1.2305,0,0,15.888655,195406407
15.736300,77.7832,1.4062,1.4062,0,0,15.888655,195406407
15.738277,77.7832,1.7578,1.7578,0,0,15.888655,195406407
15.740349,77.6074,1.9336,1.9336,0,0,15.888655,195406407
15.742322,77.4316,2.1094,2.1094,0,0,15.888655,195406407
15.744300,77.2559,2.4609,2.4609,0,0,15.888655,195406407
15.746277,77.0801,2.6367,2.6367,0,0,15.888655,195406407
15.748349,76.9043,2.8125,2.8125,0,0,15.888655,195406407
15.750322,76.7285,3.1641,3.1641,0,0,15.888655,195406407
15.753892,76.5527,3.5156,3.5156,0,0,15.888655,195406407
15.754279,76.5527,3.5156,3.5156,0,0,15.888655,195406407
15.756261,76.3770,3.8672,3.8672,0,0,15.888655,195406407
15.758334,76.2012,4.2188,4.2188,0,0,15.888655,195406407
15.760313,76.0254,4.3945,4.3945,0,0,15.888655,195406407
15.762288,75.8496,4.7461,4.7461,0,0,15.888655,195406407
15.764264,75.6738,4.9219,4.9219,0,0,15.888655,195406407
15.766337,75.3223,5.2734,5.2734,0,0,15.888655,195406407
15.768315,75.1465,5.6250,5.6250,0,0,15.888655,195406407
15.770294,74.9707,5.9766,5.9766,0,0,15.888655,195406407
15.772267,74.7949,6.1523,6.1523,0,0,15.888655,195406407
15.774339,74.6191,6.6797,6.6797,0,0,15.888655,195406407
15.776315,74.4434,6.8555,6.8555,0,0,15.888655,195406407
15.778340,74.2676,7.2070,7.2070,0,0,15.888655,195406407
15.780267,74.0918,7.5586,7.5586,0,0,15.888655,195406407
15.782339,73.9160,7.9102,7.9102,0,0,15.888655,195406407
15.784315,73.7402,8.2617,8.2617,0,0,15.888655,195406407
15.786311,73.5645,8.6133,8.6133,0,0,15.888655,195406407
15.788300,73.2129,8.9648,8.9648,0,0,15.888655,195406407
15.790277,73.0371,9.3164,9.3164,0,0,15.888655,195406407
15.792349,72.8613,9.6680,9.6680,0,0,15.888655,195406407
15.794322,72.6855,10.0195,10.0195,0,0,15.888655,195406407
15.796300,72.5098,10.3711,10.3711,0,0,15.888655,195406407
15.798277,72.3340,10.7227,10.7227,0,0,15.888655,195406407
15.800349,72.1582,11.0742,11.0742,0,0,15.888655,195406407
15.802322,71.8066,11.4258,11.4258,0,0,15.888655,195406407
15.804300,71.6309,11.7773,11.7773,0,0,15.888655,195406407
15.806277,71.4551,12.1289,12.1289,0,0,15.888655,195406407
15.808349,71.2793,12.4805,12.4805,0,0,15.888655,195406407
15.810322,71.1035,12.6562,12.6562,0,0,15.888655,195406407
15.812300,70.9277,13.1836,13.1836,0,0,15.888655,195406407
15.814277,70.7520,13.3594,13.3594,0,0,15.888655,195406407
15.816349,70.5762,13.7109,13.7109,0,0,15.888655,195406407
15.818322,70.4004,14.0625,14.0625,0,0,15.888655,195406407
15.820300,70.2246,14.4141,14.4141,0,0,15.888655,195406407
15.822277,70.0488,14.7656,14.7656,0,0,15.888655,195406407
15.824349,69.8730,15.1172,15.1172,0,0,15.888655,195406407
15.826322,69.6973,15.4688,15.4688,0,0,15.888655,195406407
15.828300,69.5215,15.8203,15.8203,0,0,15.888655,195406407
15.830277,69.3457,15.9961,15.9961,0,0,15.888655,195406407
15.832349,69.1699,16.3477,16.3477,0,0,15.888655,195406407
15.834322,68.9941,16.6992,16.6992,0,0,15.888655,195406407
15.836300,68.8184,16.8750,16.8750,0,0,15.888655,195406407
15.838277,68.6426,17.2266,17.2266,0,0,15.888655,195406407
15.840349,68.4668,17.4023,17.4023,0,0,15.888655,195406407
15.842322,68.2910,17.7539,17.7539,0,0,15.888655,195406407
15.844300,68.2910,17.9297,17.9297,0,0,15.888655,195406407
15.846277,68.1152,18.2812,18.2812,0,0,15.888655,195406407
15.848349,67.9395,18.4570,18.4570,0,0,15.888655,195406407
15.850322,67.9395,18.8086,18.8086,0,0,15.888655,195406407
15.853819,67.5879,19.1602,19.1602,0,0,15.888655,195406407
15.854286,67.5879,19.3359,19.3359,0,0,15.888655,195406407
15.856264,67.4121,19.5117,19.5117,0,0,15.888655,195406407
15.858338,67.4121,19.6875,19.6875,0,0,15.888655,195406407
15.860315,67.2363,19.8633,19.8633,0,0,15.888655,195406407
15.862293,67.2363,20.0391,20.0391,0,0,15.888655,195406407
15.864267,67.0605,20.2148,20.2148,0,0,15.888655,195406407
15.866339,67.0605,20.3906,20.3906,0,0,15.888655,195406407
15.868315,66.8848,20.5664,20.5664,0,0,15.888655,195406407
15.870293,66.8848,20.7422,20.7422,0,0,15.888655,195406407
15.872291,66.7090,20.9180,20.9180,0,0,15.888655,195406407
15.874256,66.7090,20.9180,20.9180,0,0,15.888655,195406407
15.876316,66.5332,21.0938,21.0938,0,0,15.888655,195406407
15.878315,66.5332,21.2695,21.2695,0,0,15.888655,195406407
15.880308,66.5332,21.4453,21.4453,0,0,15.888655,195406407
15.882283,66.5332,21.4453,21.4453,0,0,15.888655,195406407
15.884293,66.3574,21.6211,21.6211,0,0,15.888655,195406407
15.886321,66.3574,21.6211,21.6211,0,0,15.888655,195406407
15.891457,66.3574,21.7969,21.7969,0,0,16.132202,195647844
15.892002,66.3574,21.7969,21.7969,0,0,16.132202,195647844
15.892311,66.3574,21.7969,21.7969,0,0,16.132202,195647844
15.894355,66.3574,21.7969,21.7969,0,0,16.132202,195647844
15.896284,66.3574,21.7969,21.7969,0,0,16.132202,195647844
15.898335,66.1816,21.7969,21.7969,0,0,16.132202,195647844
15.900333,66.1816,21.7969,21.7969,0,0,16.132202,195647844
15.902348,66.1816,21.7969,21.7969,0,0,16.132202,195647844
15.904646,66.1816,21.7969,21.7969,0,0,16.132202,195647844
15.906267,66.1816,21.7969,21.7969,0,0,16.132202,195647844
15.908331,66.1816,21.7969,21.7969,0,0,16.132202,195647844
15.910305,66.3574,21.7969,21.7969,0,0,16.132202,195647844
15.912281,66.3574,21.6211,21.6211,0,0,16.132202,195647844
15.914256,66.3574,21.6211,21.6211,0,0,16.132202,195647844
15.916327,66.3574,21.6211,21.6211,0,0,16.132202,195647844
15.918302,66.5332,21.4453,21.4453,0,0,16.132202,195647844
15.920280,66.5332,21.4453,21.4453,0,0,16.132202,195647844
15.922255,66.5332,21.2695,21.2695,0,0,16.132202,195647844
15.924327,66.5332,21.2695,21.2695,0,0,16.132202,195647844
15.926302,66.7090,21.0938,21.0938,0,0,16.132202,195647844
15.928280,66.7090,20.9180,20.9180,0,0,16.132202,195647844
15.930255,66.7090,20.9180,20.9180,0,0,16.132202,195647844
15.932327,66.8848,20.7422,20.7422,0,0,16.132202,195647844
15.934302,66.8848,20.5664,20.5664,0,0,16.132202,195647844
15.936280,67.0605,20.3906,20.3906,0,0,16.132202,195647844
15.938255,67.0605,20.2148,20.2148,0,0,16.132202,195647844
15.940327,67.2363,20.0391,20.0391,0,0,16.132202,195647844
15.942302,67.2363,19.8633,19.8633,0,0,16.132202,195647844
15.944280,67.4121,19.6875,19.6875,0,0,16.132202,195647844
15.946255,67.4121,19.5117,19.5117,0,0,16.132202,195647844
15.948327,67.5879,19.3359,19.3359,0,0,16.132202,195647844
15.950302,67.5879,19.1602,19.1602,0,0,16.132202,195647844
15.954282,67.9395,18.6328,18.6328,0,0,16.132202,195647844
15.954612,67.9395,18.6328,18.6328,0,0,16.132202,195647844
15.956300,67.9395,18.4570,18.4570,0,0,16.132202,195647844
15.958277,68.1152,18.2812,18.2812,0,0,16.132202,195647844
15.960349,68.2910,17.9297,17.9297,0,0,16.132202,195647844
15.962322,68.2910,17.7539,17.7539,0,0,16.132202,195647844
15.964300,68.4668,17.4023,17.4023,0,0,16.132202,195647844
15.966277,68.6426,17.2266,17.2266,0,0,16.132202,195647844
15.968349,68.6426,16.8750,16.8750,0,0,16.132202,195647844
15.970322,68.8184,16.6992,16.6992,0,0,16.132202,195647844
15.972300,68.9941,16.5234,16.5234,0,0,16.132202,195647844
15.974277,69.1699,16.1719,16.1719,0,0,16.132202,195647844
15.976349,69.3457,15.8203,15.8203,0,0,16.132202,195647844
15.978344,69.3457,15.6445,15.6445,0,0,16.132202,195647844
15.980320,69.5215,15.2930,15.2930,0,0,16.132202,195647844
15.982300,69.6973,15.1172,15.1172,0,0,16.132202,195647844
15.984286,69.8730,14.7656,14.7656,0,0,16.132202,195647844
15.986296,70.0488,14.4141,14.4141,0,0,16.132202,195647844
15.988272,70.0488,14.0625,14.0625,0,0,16.132202,195647844
15.990343,70.2246,13.8867,13.8867,0,0,16.132202,195647844
15.992319,70.4004,13.5352,13.5352,0,0,16.132202,195647844
15.994300,70.5762,13.1836,13.1836,0,0,16.132202,195647844
15.996277,70.7520,13.0078,13.0078,0,0,16.132202,195647844
15.998349,70.9277,12.6562,12.6562,0,0,16.132202,195647844
16.000322,70.9277,12.3047,12.3047,0,0,16.132202,195647844
16.002300,71.1035,12.1289,12.1289,0,0,16.132202,195647844
16.004277,71.2793,11.7773,11.7773,0,0,16.132202,195647844
16.006349,71.4551,11.4258,11.4258,0,0,16.132202,195647844
16.008322,71.6309,11.2500,11.2500,0,0,16.132202,195647844
16.010300,71.8066,10.8984,10.8984,0,0,16.132202,195647844
16.012277,71.9824,10.5469,10.5469,0,0,16.132202,195647844
16.014349,72.1582,10.3711,10.3711,0,0,16.132202,195647844
16.016322,72.1582,10.0195,10.0195,0,0,16.132202,195647844
16.018300,72.3340,9.6680,9.6680,0,0,16.132202,195647844
16.020277,72.5098,9.4922,9.4922,0,0,16.132202,195647844
16.022349,72.6855,9.1406,9.1406,0,0,16.132202,195647844
16.024322,72.6855,8.9648,8.9648,0,0,16.132202,195647844
16.026300,72.8613,8.6133,8.6133,0,0,16.132202,195647844
16.028277,73.0371,8.2617,8.2617,0,0,16.132202,195647844
16.030349,73.2129,8.0859,8.0859,0,0,16.132202,195647844
16.032322,73.2129,7.7344,7.7344,0,0,16.132202,195647844
16.034300,73.3887,7.5586,7.5586,0,0,16.132202,195647844
16.036277,73.5645,7.3828,7.3828,0,0,16.132202,195647844
16.038349,73.5645,7.0312,7.0312,0,0,16.132202,195647844
16.040322,73.7402,6.8555,6.8555,0,0,16.132202,195647844
16.042300,73.9160,6.6797,6.6797,0,0,16.132202,195647844
16.044277,73.9160,6.3281,6.3281,0,0,16.132202,195647844
16.046349,74.0918,6.1523,6.1523,0,0,16.132202,195647844
16.048322,74.2676,5.9766,5.9766,0,0,16.132202,195647844
16.050300,74.2676,5.6250,5.6250,0,0,16.132202,195647844
16.053794,74.4434,5.2734,5.2734,0,0,16.132202,195647844
16.054259,74.4434,5.2734,5.2734,0,0,16.132202,195647844
16.056332,74.6191,5.0977,5.0977,0,0,16.132202,195647844
16.058308,74.6191,4.9219,4.9219,0,0,16.132202,195647844
16.060285,74.7949,4.7461,4.7461,0,0,16.132202,195647844
16.062261,74.7949,4.5703,4.5703,0,0,16.132202,195647844
16.064334,74.9707,4.3945,4.3945,0,0,16.132202,195647844
16.066313,74.9707,4.2188,4.2188,0,0,16.132202,195647844
16.068288,74.9707,4.0430,4.0430,0,0,16.132202,195647844
16.070264,75.1465,4.0430,4.0430,0,0,16.132202,195647844
16.072337,75.1465,3.8672,3.8672,0,0,16.132202,195647844
16.074315,75.1465,3.6914,3.6914,0,0,16.132202,195647844
16.076293,75.3223,3.5156,3.5156,0,0,16.132202,195647844
16.078284,75.3223,3.5156,3.5156,0,0,16.132202,195647844
16.080261,75.3223,3.3398,3.3398,0,0,16.132202,195647844
16.082334,75.3223,3.3398,3.3398,0,0,16.132202,195647844
16.084312,75.4980,3.3398,3.3398,0,0,16.132202,195647844
16.086336,75.4980,3.1641,3.1641,0,0,16.132202,195647844
16.088315,75.4980,3.1641,3.1641,0,0,16.132202,195647844
16.090315,75.4980,3.1641,3.1641,0,0,16.132202,195647844
16.092294,75.4980,2.9883,2.9883,0,0,16.132202,195647844
16.094267,75.4980,2.9883,2.9883,0,0,16.132202,195647844
16.096339,75.4980,2.9883,2.9883,0,0,16.132202,195647844
16.098315,75.4980,2.9883,2.9883,0,0,16.132202,195647844
16.100293,75.4980,2.9883,2.9883,0,0,16.132202,195647844
16.102267,75.4980,2.9883,2.9883,0,0,16.132202,195647844
16.104339,75.4980,2.9883,2.9883,0,0,16.132202,195647844
16.106315,75.4980,2.9883,2.9883,0,0,16.132202,195647844
16.108293,75.4980,2.9883,2.9883,0,0,16.132202,195647844
16.110267,75.4980,2.9883,2.9883,0,0,16.132202,195647844
16.112339,75.4980,3.1641,3.1641,0,0,16.132202,195647844
16.114315,75.4980,3.1641,3.1641,0,0,16.132202,195647844
16.116293,75.4980,3.1641,3.1641,0,0,16.132202,195647844
16.118344,75.3223,3.3398,3.3398,0,0,16.132202,195647844
16.120290,75.3223,3.3398,3.3398,0,0,16.132202,195647844
16.122295,75.3223,3.3398,3.3398,0,0,16.132202,195647844
16.124266,75.3223,3.5156,3.5156,0,0,16.132202,195647844
16.126282,75.1465,3.5156,3.5156,0,0,16.132202,195647844
16.128482,75.1465,3.6914,3.6914,0,0,16.132202,195647844
16.132894,74.9707,4.0430,4.0430,0,0,16.377191,195891713
16.133438,74.9707,4.0430,4.0430,0,0,16.377191,195891713
16.134298,74.9707,4.0430,4.0430,0,0,16.377191,195891713
16.136554,74.9707,4.2188,4.2188,0,0,16.377191,195891713
16.138345,74.9707,4.3945,4.3945,0,0,16.377191,195891713
16.140280,74.7949,4.5703,4.5703,0,0,16.377191,195891713
16.142262,74.7949,4.5703,4.5703,0,0,16.377191,195891713
16.144259,74.6191,4.7461,4.7461,0,0,16.377191,195891713
16.146331,74.6191,4.9219,4.9219,0,0,16.377191,195891713
16.148308,74.4434,5.2734,5.2734,0,0,16.377191,195891713
16.150292,74.4434,5.2734,5.2734,0,0,16.377191,195891713
16.154279,74.2676,5.6250,5.6250,0,0,16.377191,195891713
16.154612,74.2676,5.6250,5.6250,0,0,16.377191,195891713
16.156340,74.2676,5.9766,5.9766,0,0,16.377191,195891713
16.158258,74.0918,6.1523,6.1523,0,0,16.377191,195891713
16.160332,73.9160,6.3281,6.3281,0,0,16.377191,195891713
16.162298,73.9160,6.5039,6.5039,0,0,16.377191,195891713
16.164262,73.7402,6.6797,6.6797,0,0,16.377191,195891713
16.166323,73.7402,6.8555,6.8555,0,0,16.377191,195891713
16.168292,73.5645,7.2070,7.2070,0,0,16.377191,195891713
16.170350,73.5645,7.3828,7.3828,0,0,16.377191,195891713
16.172313,73.3887,7.5586,7.5586,0,0,16.377191,195891713
16.174277,73.2129,7.9102,7.9102,0,0,16.377191,195891713
16.176335,73.2129,8.0859,8.0859,0,0,16.377191,195891713
16.178315,73.0371,8.2617,8.2617,0,0,16.377191,195891713
16.180277,72.8613,8.6133,8.6133,0,0,16.377191,195891713
16.182335,72.8613,8.7891,8.7891,0,0,16.377191,195891713
16.184300,72.6855,9.1406,9.1406,0,0,16.377191,195891713
16.186262,72.5098,9.3164,9.3164,0,0,16.377191,195891713
16.188267,72.5098,9.6680,9.6680,0,0,16.377191,195891713
16.190285,72.3340,9.8438,9.8438,0,0,16.377191,195891713
16.192348,72.3340,10.1953,10.1953,0,0,16.377191,195891713
16.194277,72.1582,10.3711,10.3711,0,0,16.377191,195891713
16.196335,72.1582,10.5469,10.5469,0,0,16.377191,195891713
16.198300,71.9824,10.8984,10.8984,0,0,16.377191,195891713
16.200262,71.8066,11.0742,11.0742,0,0,16.377191,195891713
16.202323,71.6309,11.4258,11.4258,0,0,16.377191,195891713
16.204292,71.6309,11.6016,11.6016,0,0,16.377191,195891713
16.206350,71.4551,11.9531,11.9531,0,0,16.377191,195891713
16.208313,71.4551,12.1289,12.1289,0,0,16.377191,195891713
16.210277,71.2793,12.4805,12.4805,0,0,16.377191,195891713
16.212335,71.1035,12.6562,12.6562,0,0,16.377191,195891713
16.214300,71.1035,13.0078,13.0078,0,0,16.377191,195891713
16.216262,70.9277,13.1836,13.1836,0,0,16.377191,195891713
16.218323,70.9277,13.3594,13.3594,0,0,16.377191,195891713
16.220292,70.7520,13.7109,13.7109,0,0,16.377191,195891713
16.222350,70.7520,13.8867,13.8867,0,0,16.377191,195891713
16.224313,70.5762,14.0625,14.0625,0,0,16.377191,195891713
16.226277,70.4004,14.4141,14.4141,0,0,16.377191,195891713
16.228335,70.4004,14.5898,14.5898,0,0,16.377191,195891713
16.230300,70.2246,14.7656,14.7656,0,0,16.377191,195891713
16.232262,70.2246,15.1172,15.1172,0,0,16.377191,195891713
16.234323,70.0488,15.2930,15.2930,0,0,16.377191,195891713
16.236292,70.0488,15.4688,15.4688,0,0,16.377191,195891713
16.238350,70.0488,15.8203,15.8203,0,0,16.377191,195891713
16.240313,69.8730,15.9961,15.9961,0,0,16.377191,195891713
16.242277,69.8730,16.1719,16.1719,0,0,16.377191,195891713
16.244335,69.6973,16.3477,16.3477,0,0,16.377191,195891713
16.246300,69.6973,16.5234,16.5234,0,0,16.377191,195891713
16.248262,69.5215,16.6992,16.6992,0,0,16.377191,195891713
16.250323,69.5215,16.8750,16.8750,0,0,16.377191,195891713
16.253818,69.5215,17.2266,17.2266,0,0,16.377191,195891713
16.254283,69.3457,17.2266,17.2266,0,0,16.377191,195891713
16.256340,69.3457,17.4023,17.4023,0,0,16.377191,195891713
16.258302,69.3457,17.5781,17.5781,0,0,16.377191,195891713
16.260267,69.3457,17.5781,17.5781,0,0,16.377191,195891713
16.262327,69.3457,17.9297,17.9297,0,0,16.377191,195891713
16.264294,69.1699,17.9297,17.9297,0,0,16.377191,195891713
16.266259,69.1699,18.1055,18.1055,0,0,16.377191,195891713
16.268316,69.1699,18.2812,18.2812,0,0,16.377191,195891713
16.270277,69.1699,18.2812,18.2812,0,0,16.377191,195891713
16.272335,69.1699,18.4570,18.4570,0,0,16.377191,195891713
16.274300,69.1699,18.6328,18.6328,0,0,16.377191,195891713
16.276262,69.1699,18.6328,18.6328,0,0,16.377191,195891713
16.278333,68.9941,18.8086,18.8086,0,0,16.377191,195891713
16.280300,68.9941,18.8086,18.8086,0,0,16.377191,195891713
16.282262,68.9941,18.8086,18.8086,0,0,16.377191,195891713
16.284323,68.9941,18.9844,18.9844,0,0,16.377191,195891713
16.286292,68.9941,18.9844,18.9844,0,0,16.377191,195891713
16.288350,68.9941,18.9844,18.9844,0,0,16.377191,195891713
16.290260,68.9941,18.9844,18.9844,0,0,16.377191,195891713
16.292335,68.9941,19.1602,19.1602,0,0,16.377191,195891713
16.294301,69.1699,19.1602,19.1602,0,0,16.377191,195891713
16.296340,69.1699,19.1602,19.1602,0,0,16.377191,195891713
16.298302,69.1699,19.3359,19.3359,0,0,16.377191,195891713
16.300267,69.1699,19.3359,19.3359,0,0,16.377191,195891713
16.302327,69.1699,19.3359,19.3359,0,0,16.377191,195891713
16.304294,69.3457,19.3359,19.3359,0,0,16.377191,195891713
16.306259,69.3457,19.3359,19.3359,0,0,16.377191,195891713
16.308316,69.3457,19.3359,19.3359,0,0,16.377191,195891713
16.310277,69.3457,19.1602,19.1602,0,0,16.377191,195891713
16.312335,69.3457,19.1602,19.1602,0,0,16.377191,195891713
16.314300,69.5215,19.1602,19.1602,0,0,16.377191,195891713
16.316262,69.5215,18.9844,18.9844,0,0,16.377191,195891713
16.318323,69.5215,18.9844,18.9844,0,0,16.377191,195891713
16.320292,69.6973,18.9844,18.9844,0,0,16.377191,195891713
16.322350,69.6973,18.9844,18.9844,0,0,16.377191,195891713
16.324313,69.8730,18.8086,18.8086,0,0,16.377191,195891713
16.326277,69.8730,18.8086,18.8086,0,0,16.377191,195891713
16.328335,69.8730,18.6328,18.6328,0,0,16.377191,195891713
16.330300,70.0488,18.6328,18.6328,0,0,16.377191,195891713
16.332262,70.0488,18.4570,18.4570,0,0,16.377191,195891713
16.334323,70.2246,18.4570,18.4570,0,0,16.377191,195891713
16.336292,70.2246,18.2812,18.2812,0,0,16.377191,195891713
16.338350,70.4004,18.1055,18.1055,0,0,16.377191,195891713
16.340313,70.4004,18.1055,18.1055,0,0,16.377191,195891713
16.342277,70.5762,17.9297,17.9297,0,0,16.377191,195891713
16.344335,70.5762,17.9297,17.9297,0,0,16.377191,195891713
16.346300,70.7520,17.5781,17.5781,0,0,16.377191,195891713
16.348262,70.7520,17.5781,17.5781,0,0,16.377191,195891713
16.350323,70.9277,17.4023,17.4023,0,0,16.377191,195891713
16.353818,71.1035,17.2266,17.2266,0,0,16.377191,195891713
16.354283,71.1035,17.2266,17.2266,0,0,16.377191,195891713
16.356340,71.2793,16.8750,16.8750,0,0,16.377191,195891713
16.358302,71.4551,16.8750,16.8750,0,0,16.377191,195891713
16.360267,71.4551,16.6992,16.6992,0,0,16.377191,195891713
16.362300,71.6309,16.5234,16.5234,0,0,16.377191,195891713
16.364324,71.6309,16.3477,16.3477,0,0,16.377191,195891713
16.366338,71.8066,16.1719,16.1719,0,0,16.377191,195891713
16.368322,71.9824,15.9961,15.9961,0,0,16.377191,195891713
16.370286,72.1582,15.8203,15.8203,0,0,16.377191,195891713
16.372287,72.1582,15.6445,15.6445,0,0,16.377191,195891713
16.376802,72.5098,15.1172,15.1172,0,0,16.643251,196153601
16.377311,72.5098,15.1172,15.1172,0,0,16.643251,196153601
16.378305,72.5098,15.1172,15.1172,0,0,16.643251,196153601
16.380322,72.6855,14.7656,14.7656,0,0,16.643251,196153601
16.382351,72.8613,14.5898,14.5898,0,0,16.643251,196153601
16.384327,72.8613,14.4141,14.4141,0,0,16.643251,196153601
16.386332,73.0371,14.2383,14.2383,0,0,16.643251,196153601
16.388261,73.2129,14.0625,14.0625,0,0,16.643251,196153601
16.390328,73.3887,13.8867,13.8867,0,0,16.643251,196153601
16.392721,73.5645,13.5352,13.5352,0,0,16.643251,196153601
16.394291,73.5645,13.3594,13.3594,0,0,16.643251,196153601
16.396259,73.7402,13.1836,13.1836,0,0,16.643251,196153601
16.398317,73.7402,13.0078,13.0078,0,0,16.643251,196153601
16.400333,73.9160,12.6562,12.6562,0,0,16.643251,196153601
16.402300,74.0918,12.4805,12.4805,0,0,16.643251,196153601
16.404262,74.2676,12.3047,12.3047,0,0,16.643251,196153601
16.406270,74.2676,12.1289,12.1289,0,0,16.643251,196153601
16.408330,74.4434,11.9531,11.9531,0,0,16.643251,196153601
16.410339,74.6191,11.7773,11.7773,0,0,16.643251,196153601
16.412315,74.7949,11.6016,11.6016,0,0,16.643251,196153601
16.414293,74.7949,11.2500,11.2500,0,0,16.643251,196153601
16.416267,74.9707,11.0742,11.0742,0,0,16.643251,196153601
16.418339,75.1465,10.8984,10.8984,0,0,16.643251,196153601
16.420315,75.1465,10.7227,10.7227,0,0,16.643251,196153601
16.422293,75.3223,10.5469,10.5469,0,0,16.643251,196153601
16.424267,75.4980,10.3711,10.3711,0,0,16.643251,196153601
16.426339,75.6738,10.1953,10.1953,0,0,16.643251,196153601
16.428315,75.6738,10.0195,10.0195,0,0,16.643251,196153601
16.430293,75.8496,9.8438,9.8438,0,0,16.643251,196153601
16.432267,75.8496,9.6680,9.6680,0,0,16.643251,196153601
16.434339,76.0254,9.4922,9.4922,0,0,16.643251,196153601
16.436315,76.2012,9.1406,9.1406,0,0,16.643251,196153601
16.438293,76.2012,9.1406,9.1406,0,0,16.643251,196153601
16.440267,76.3770,8.9648,8.9648,0,0,16.643251,196153601
16.442339,76.3770,8.7891,8.7891,0,0,16.643251,196153601
16.444315,76.5527,8.6133,8.6133,0,0,16.643251,196153601
16.446293,76.5527,8.4375,8.4375,0,0,16.643251,196153601
16.448267,76.7285,8.2617,8.2617,0,0,16.643251,196153601
16.450339,76.7285,8.0859,8.0859,0,0,16.643251,196153601
16.454226,77.0801,7.7344,7.7344,0,0,16.643251,196153601
16.454557,77.0801,7.7344,7.7344,0,0,16.643251,196153601
16.456344,77.0801,7.7344,7.7344,0,0,16.643251,196153601
16.458320,77.0801,7.5586,7.5586,0,0,16.643251,196153601
16.460300,77.2559,7.3828,7.3828,0,0,16.643251,196153601
16.462277,77.2559,7.3828,7.3828,0,0,16.643251,196153601
16.464349,77.4316,7.2070,7.2070,0,0,16.643251,196153601
16.466322,77.4316,7.0312,7.0312,0,0,16.643251,196153601
16.468300,77.4316,7.0312,7.0312,0,0,16.643251,196153601
16.470277,77.6074,6.8555,6.8555,0,0,16.643251,196153601
16.472349,77.6074,6.8555,6.8555,0,0,16.643251,196153601
16.474322,77.6074,6.6797,6.6797,0,0,16.643251,196153601
16.476300,77.7832,6.6797,6.6797,0,0,16.643251,196153601
16.478294,77.7832,6.6797,6.6797,0,0,16.643251,196153601
16.480268,77.7832,6.5039,6.5039,0,0,16.643251,196153601
16.482339,77.7832,6.5039,6.5039,0,0,16.643251,196153601
16.484315,77.9590,6.3281,6.3281,0,0,16.643251,196153601
16.486293,77.9590,6.3281,6.3281,0,0,16.643251,196153601
16.488267,77.9590,6.3281,6.3281,0,0,16.643251,196153601
16.490339,77.9590,6.3281,6.3281,0,0,16.643251,196153601
16.492315,77.9590,6.3281,6.3281,0,0,16.643251,196153601
16.494293,77.9590,6.3281,6.3281,0,0,16.643251,196153601
16.496282,77.9590,6.3281,6.3281,0,0,16.643251,196153601
16.498260,78.1348,6.1523,6.1523,0,0,16.643251,196153601
16.500272,78.1348,6.1523,6.1523,0,0,16.643251,196153601
16.502344,78.1348,6.1523,6.1523,0,0,16.643251,196153601
16.504320,78.1348,6.1523,6.1523,0,0,16.643251,196153601
16.506300,78.1348,6.3281,6.3281,0,0,16.643251,196153601
16.508277,78.1348,6.3281,6.3281,0,0,16.643251,196153601
16.510349,78.1348,6.3281,6.3281,0,0,16.643251,196153601
16.512322,78.1348,6.3281,6.3281,0,0,16.643251,196153601
16.514300,78.1348,6.3281,6.3281,0,0,16.643251,196153601
16.516277,78.1348,6.3281,6.3281,0,0,16.643251,196153601
16.518349,78.1348,6.5039,6.5039,0,0,16.643251,196153601
16.520322,77.9590,6.5039,6.5039,0,0,16.643251,196153601
16.522300,77.9590,6.6797,6.6797,0,0,16.643251,196153601
16.524277,77.9590,6.6797,6.6797,0,0,16.643251,196153601
16.526349,77.9590,6.8555,6.8555,0,0,16.643251,196153601
16.528322,77.9590,6.8555,6.8555,0,0,16.643251,196153601
16.530300,77.9590,6.8555,6.8555,0,0,16.643251,196153601
16.532277,77.7832,7.0312,7.0312,0,0,16.643251,196153601
16.534349,77.7832,7.0312,7.0312,0,0,16.643251,196153601
16.536322,77.7832,7.2070,7.2070,0,0,16.643251,196153601
16.538300,77.7832,7.3828,7.3828,0,0,16.643251,196153601
16.540277,77.7832,7.3828,7.3828,0,0,16.643251,196153601
16.542349,77.6074,7.5586,7.5586,0,0,16.643251,196153601
16.544322,77.6074,7.7344,7.7344,0,0,16.643251,196153601
16.546300,77.6074,7.7344,7.7344,0,0,16.643251,196153601
16.548277,77.4316,7.9102,7.9102,0,0,16.643251,196153601
16.550349,77.4316,8.0859,8.0859,0,0,16.643251,196153601
16.553942,77.4316,8.2617,8.2617,0,0,16.643251,196153601
16.554323,77.2559,8.2617,8.2617,0,0,16.643251,196153601
16.556300,77.2559,8.4375,8.4375,0,0,16.643251,196153601
16.558277,77.2559,8.6133,8.6133,0,0,16.643251,196153601
16.560349,77.2559,8.7891,8.7891,0,0,16.643251,196153601
16.562322,77.0801,8.9648,8.9648,0,0,16.643251,196153601
16.564300,77.0801,8.9648,8.9648,0,0,16.643251,196153601
16.566277,77.0801,9.1406,9.1406,0,0,16.643251,196153601
16.568349,76.9043,9.3164,9.3164,0,0,16.643251,196153601
16.570322,76.9043,9.4922,9.4922,0,0,16.643251,196153601
16.572300,76.7285,9.6680,9.6680,0,0,16.643251,196153601
16.574277,76.7285,9.8438,9.8438,0,0,16.643251,196153601
16.576349,76.7285,10.0195,10.0195,0,0,16.643251,196153601
16.578331,76.5527,10.1953,10.1953,0,0,16.643251,196153601
16.580307,76.5527,10.3711,10.3711,0,0,16.643251,196153601
16.582285,76.3770,10.5469,10.5469,0,0,16.643251,196153601
16.584261,76.3770,10.5469,10.5469,0,0,16.643251,196153601
16.586334,76.3770,10.8984,10.8984,0,0,16.643251,196153601
16.588313,76.2012,11.0742,11.0742,0,0,16.643251,196153601
16.590288,76.2012,11.2500,11.2500,0,0,16.643251,196153601
16.592264,76.2012,11.2500,11.2500,0,0,16.643251,196153601
16.594337,76.0254,11.6016,11.6016,0,0,16.643251,196153601
16.596315,76.0254,11.7773,11.7773,0,0,16.643251,196153601
16.598348,75.8496,11.7773,11.7773,0,0,16.643251,196153601
16.600322,75.8496,11.9531,11.9531,0,0,16.643251,196153601
16.602300,75.8496,12.3047,12.3047,0,0,16.643251,196153601
16.604277,75.6738,12.3047,12.3047,0,0,16.643251,196153601
16.606350,75.6738,12.4805,12.4805,0,0,16.643251,196153601
16.608311,75.6738,12.6562,12.6562,0,0,16.643251,196153601
16.610258,75.4980,12.8320,12.8320,0,0,16.643251,196153601
16.612346,75.4980,13.0078,13.0078,0,0,16.643251,196153601
16.614322,75.3223,13.1836,13.1836,0,0,16.643251,196153601
16.616286,75.3223,13.3594,13.3594,0,0,16.643251,196153601
16.618349,75.1465,13.5352,13.5352,0,0,16.643251,196153601
16.620313,75.1465,13.7109,13.7109,0,0,16.643251,196153601
16.622277,75.1465,13.8867,13.8867,0,0,16.643251,196153601
16.624335,75.1465,13.8867,13.8867,0,0,16.643251,196153601
16.626318,74.9707,14.0625,14.0625,0,0,16.643251,196153601
16.628283,74.9707,14.2383,14.2383,0,0,16.643251,196153601
16.630340,74.9707,14.4141,14.4141,0,0,16.643251,196153601
16.632347,74.9707,14.5898,14.5898,0,0,16.643251,196153601
16.634263,74.7949,14.7656,14.7656,0,0,16.643251,196153601
16.638546,74.6191,15.1172,15.1172,0,0,16.890452,196399968
16.639166,74.6191,15.1172,15.1172,0,0,16.890452,196399968
16.640265,74.6191,15.1172,15.1172,0,0,16.890452,196399968
16.642254,74.6191,15.2930,15.2930,0,0,16.890452,196399968
16.644315,74.6191,15.2930,15.2930,0,0,16.890452,196399968
16.646301,74.6191,15.4688,15.4688,0,0,16.890452,196399968
16.648283,74.4434,15.6445,15.6445,0,0,16.890452,196399968
16.650265,74.4434,15.6445,15.6445,0,0,16.890452,196399968
16.654289,74.4434,15.9961,15.9961,0,0,16.890452,196399968
16.654617,74.4434,15.9961,15.9961,0,0,16.890452,196399968
16.656320,74.4434,15.9961,15.9961,0,0,16.890452,196399968
16.658347,74.4434,16.1719,16.1719,0,0,16.890452,196399968
16.660529,74.2676,16.1719,16.1719,0,0,16.890452,196399968
16.662329,74.2676,16.1719,16.1719,0,0,16.890452,196399968
16.664313,74.2676,16.3477,16.3477,0,0,16.890452,196399968
16.666261,74.2676,16.5234,16.5234,0,0,16.890452,196399968
16.668286,74.2676,16.5234,16.5234,0,0,16.890452,196399968
16.670301,74.2676,16.5234,16.5234,0,0,16.890452,196399968
16.672281,74.2676,16.6992,16.6992,0,0,16.890452,196399968
16.674256,74.2676,16.6992,16.6992,0,0,16.890452,196399968
16.676327,74.2676,16.6992,16.6992,0,0,16.890452,196399968
16.678319,74.2676,16.6992,16.6992,0,0,16.890452,196399968
16.680300,74.2676,16.8750,16.8750,0,0,16.890452,196399968
16.682277,74.2676,16.8750,16.8750,0,0,16.890452,196399968
16.684349,74.2676,16.8750,16.8750,0,0,16.890452,196399968
16.686322,74.2676,16.8750,16.8750,0,0,16.890452,196399968
16.688300,74.2676,16.8750,16.8750,0,0,16.890452,196399968
16.690277,74.2676,16.8750,16.8750,0,0,16.890452,196399968
16.692349,74.2676,16.8750,16.8750,0,0,16.890452,196399968
16.694277,74.2676,16.8750,16.8750,0,0,16.890452,196399968
16.696349,74.2676,16.8750,16.8750,0,0,16.890452,196399968
16.698322,74.4434,16.8750,16.8750,0,0,16.890452,196399968
16.700264,74.4434,16.8750,16.8750,0,0,16.890452,196399968
16.702281,74.4434,16.8750,16.8750,0,0,16.890452,196399968
16.704261,74.4434,16.8750,16.8750,0,0,16.890452,196399968
16.706334,74.4434,16.8750,16.8750,0,0,16.890452,196399968
16.708313,74.6191,16.8750,16.8750,0,0,16.890452,196399968
16.710331,74.6191,16.8750,16.8750,0,0,16.890452,196399968
16.712307,74.6191,16.8750,16.8750,0,0,16.890452,196399968
16.714285,74.6191,16.8750,16.8750,0,0,16.890452,196399968
16.716261,74.6191,16.6992,16.6992,0,0,16.890452,196399968
16.718334,74.7949,16.6992,16.6992,0,0,16.890452,196399968
16.720313,74.7949,16.6992,16.6992,0,0,16.890452,196399968
16.722288,74.7949,16.6992,16.6992,0,0,16.890452,196399968
16.724264,74.9707,16.6992,16.6992,0,0,16.890452,196399968
16.726337,74.9707,16.5234,16.5234,0,0,16.890452,196399968
16.728315,74.9707,16.5234,16.5234,0,0,16.890452,196399968
16.730293,74.9707,16.5234,16.5234,0,0,16.890452,196399968
16.732267,74.9707,16.3477,16.3477,0,0,16.890452,196399968
16.734339,75.1465,16.1719,16.1719,0,0,16.890452,196399968
16.736315,75.1465,16.1719,16.1719,0,0,16.890452,196399968
16.738293,75.1465,16.1719,16.1719,0,0,16.890452,196399968
16.740267,75.3223,15.9961,15.9961,0,0,16.890452,196399968
16.742339,75.3223,15.9961,15.9961,0,0,16.890452,196399968
16.744315,75.4980,15.8203,15.8203,0,0,16.890452,196399968
16.746293,75.4980,15.8203,15.8203,0,0,16.890452,196399968
16.748267,75.4980,15.6445,15.6445,0,0,16.890452,196399968
16.750339,75.6738,15.4688,15.4688,0,0,16.890452,196399968
16.753809,75.6738,15.4688,15.4688,0,0,16.890452,196399968
16.754296,75.6738,15.2930,15.2930,0,0,16.890452,196399968
16.756277,75.8496,15.2930,15.2930,0,0,16.890452,196399968
16.758349,75.8496,15.1172,15.1172,0,0,16.890452,196399968
16.760322,76.0254,15.1172,15.1172,0,0,16.890452,196399968
16.762300,76.0254,14.9414,14.9414,0,0,16.890452,196399968
16.764277,76.0254,14.7656,14.7656,0,0,16.890452,196399968
16.766349,76.2012,14.7656,14.7656,0,0,16.890452,196399968
16.768322,76.2012,14.5898,14.5898,0,0,16.890452,196399968
16.770300,76.3770,14.4141,14.4141,0,0,16.890452,196399968
16.772277,76.3770,14.4141,14.4141,0,0,16.890452,196399968
16.774349,76.3770,14.2383,14.2383,0,0,16.890452,196399968
16.776322,76.5527,14.0625,14.0625,0,0,16.890452,196399968
16.778306,76.5527,13.8867,13.8867,0,0,16.890452,196399968
16.780281,76.7285,13.8867,13.8867,0,0,16.890452,196399968
16.782261,76.7285,13.7109,13.7109,0,0,16.890452,196399968
16.784334,76.7285,13.5352,13.5352,0,0,16.890452,196399968
16.786312,76.9043,13.3594,13.3594,0,0,16.890452,196399968
16.788287,76.9043,13.3594,13.3594,0,0,16.890452,196399968
16.790264,77.0801,13.1836,13.1836,0,0,16.890452,196399968
16.792337,77.0801,13.0078,13.0078,0,0,16.890452,196399968
16.794315,77.0801,13.0078,13.0078,0,0,16.890452,196399968
16.796293,77.2559,12.8320,12.8320,0,0,16.890452,196399968
16.798267,77.2559,12.6562,12.6562,0,0,16.890452,196399968
16.800339,77.4316,12.4805,12.4805,0,0,16.890452,196399968
16.802349,77.4316,12.4805,12.4805,0,0,16.890452,196399968
16.804281,77.6074,12.3047,12.3047,0,0,16.890452,196399968
16.806261,77.6074,12.1289,12.1289,0,0,16.890452,196399968
16.808264,77.6074,11.9531,11.9531,0,0,16.890452,196399968
16.810337,77.7832,11.9531,11.9531,0,0,16.890452,196399968
16.812315,77.7832,11.7773,11.7773,0,0,16.890452,196399968
16.814293,77.7832,11.6016,11.6016,0,0,16.890452,196399968
16.816267,77.9590,11.6016,11.6016,0,0,16.890452,196399968
16.818339,77.9590,11.4258,11.4258,0,0,16.890452,196399968
16.820315,78.1348,11.2500,11.2500,0,0,16.890452,196399968
16.822293,78.1348,11.2500,11.2500,0,0,16.890452,196399968
16.824267,78.1348,11.0742,11.0742,0,0,16.890452,196399968
16.826339,78.3105,10.8984,10.8984,0,0,16.890452,196399968
16.828315,78.3105,10.8984,10.8984,0,0,16.890452,196399968
16.830293,78.3105,10.7227,10.7227,0,0,16.890452,196399968
16.832267,78.4863,10.5469,10.5469,0,0,16.890452,196399968
16.834339,78.4863,10.5469,10.5469,0,0,16.890452,196399968
16.836315,78.4863,10.3711,10.3711,0,0,16.890452,196399968
16.838293,78.4863,10.3711,10.3711,0,0,16.890452,196399968
16.840267,78.6621,10.1953,10.1953,0,0,16.890452,196399968
16.842339,78.6621,10.1953,10.1953,0,0,16.890452,196399968
16.844315,78.6621,10.0195,10.0195,0,0,16.890452,196399968
16.846293,78.6621,10.0195,10.0195,0,0,16.890452,196399968
16.848267,78.8379,9.8438,9.8438,0,0,16.890452,196399968
16.850339,78.8379,9.8438,9.8438,0,0,16.890452,196399968
16.853727,78.8379,9.6680,9.6680,0,0,16.890452,196399968
16.854297,78.8379,9.6680,9.6680,0,0,16.890452,196399968
16.856272,78.8379,9.6680,9.6680,0,0,16.890452,196399968
16.858344,78.8379,9.4922,9.4922,0,0,16.890452,196399968
16.860320,79.0137,9.4922,9.4922,0,0,16.890452,196399968
16.862300,79.0137,9.4922,9.4922,0,0,16.890452,196399968
16.864277,79.0137,9.3164,9.3164,0,0,16.890452,196399968
16.866349,79.0137,9.1406,9.1406,0,0,16.890452,196399968
16.868322,79.0137,9.1406,9.1406,0,0,16.890452,196399968
16.870355,79.0137,9.1406,9.1406,0,0,16.890452,196399968
16.872316,79.0137,9.1406,9.1406,0,0,16.890452,196399968
16.874277,79.0137,9.1406,9.1406,0,0,16.890452,196399968
16.876275,79.1895,8.9648,8.9648,0,0,16.890452,196399968
16.878331,79.1895,8.9648,8.9648,0,0,16.890452,196399968
16.880621,79.1895,8.9648,8.9648,0,0,16.890452,196399968
16.884821,79.1895,8.9648,8.9648,0,0,17.126192,196640644
16.885443,79.1895,8.9648,8.9648,0,0,17.126192,196640644
16.886256,79.1895,8.9648,8.9648,0,0,17.126192,196640644
16.888344,79.1895,8.9648,8.9648,0,0,17.126192,196640644
16.890309,79.1895,8.9648,8.9648,0,0,17.126192,196640644
16.892345,79.1895,8.9648,8.9648,0,0,17.126192,196640644
16.894324,79.1895,8.9648,8.9648,0,0,17.126192,196640644
16.896305,79.1895,8.9648,8.9648,0,0,17.126192,196640644
16.898332,79.1895,8.9648,8.9648,0,0,17.126192,196640644
16.900313,79.0137,8.9648,8.9648,0,0,17.126192,196640644
16.902320,79.0137,8.9648,8.9648,0,0,17.126192,196640644
16.904274,79.0137,8.9648,8.9648,0,0,17.126192,196640644
16.906268,79.0137,8.9648,8.9648,0,0,17.126192,196640644
16.908285,79.0137,8.9648,8.9648,0,0,17.126192,196640644
16.910279,79.0137,8.9648,8.9648,0,0,17.126192,196640644
16.912254,79.0137,8.9648,8.9648,0,0,17.126192,196640644
16.914326,79.0137,8.9648,8.9648,0,0,17.126192,196640644
16.916315,78.8379,9.1406,9.1406,0,0,17.126192,196640644
16.918339,78.8379,9.1406,9.1406,0,0,17.126192,196640644
16.920314,78.8379,9.1406,9.1406,0,0,17.126192,196640644
16.922289,78.8379,9.1406,9.1406,0,0,17.126192,196640644
16.924264,78.8379,9.1406,9.1406,0,0,17.126192,196640644
16.926355,78.6621,9.1406,9.1406,0,0,17.126192,196640644
16.928299,78.6621,9.3164,9.3164,0,0,17.126192,196640644
16.930286,78.6621,9.3164,9.3164,0,0,17.126192,196640644
16.932264,78.6621,9.4922,9.4922,0,0,17.126192,196640644
16.934338,78.6621,9.4922,9.4922,0,0,17.126192,196640644
16.936314,78.4863,9.4922,9.4922,0,0,17.126192,196640644
16.938293,78.4863,9.6680,9.6680,0,0,17.126192,196640644
16.940267,78.4863,9.6680,9.6680,0,0,17.126192,196640644
16.942339,78.4863,9.6680,9.6680,0,0,17.126192,196640644
16.944315,78.4863,9.8438,9.8438,0,0,17.126192,196640644
16.946293,78.3105,9.8438,9.8438,0,0,17.126192,196640644
16.948267,78.3105,9.8438,9.8438,0,0,17.126192,196640644
16.950339,78.3105,10.0195,10.0195,0,0,17.126192,196640644
16.954226,78.1348,10.1953,10.1953,0,0,17.126192,196640644
16.954557,78.1348,10.1953,10.1953,0,0,17.126192,196640644
16.956344,78.1348,10.1953,10.1953,0,0,17.126192,196640644
16.958320,78.1348,10.3711,10.3711,0,0,17.126192,196640644
16.960300,77.9590,10.3711,10.3711,0,0,17.126192,196640644
16.962277,77.9590,10.5469,10.5469,0,0,17.126192,196640644
16.964349,77.9590,10.5469,10.5469,0,0,17.126192,196640644
16.966322,77.9590,10.5469,10.5469,0,0,17.126192,196640644
16.968300,77.7832,10.7227,10.7227,0,0,17.126192,196640644
16.970277,77.7832,10.8984,10.8984,0,0,17.126192,196640644
16.972349,77.7832,10.8984,10.8984,0,0,17.126192,196640644
16.974322,77.7832,11.0742,11.0742,0,0,17.126192,196640644
16.976300,77.6074,11.0742,11.0742,0,0,17.126192,196640644
16.978296,77.6074,11.2500,11.2500,0,0,17.126192,196640644
16.980272,77.6074,11.2500,11.2500,0,0,17.126192,196640644
16.982343,77.4316,11.2500,11.2500,0,0,17.126192,196640644
16.984319,77.4316,11.4258,11.4258,0,0,17.126192,196640644
16.986300,77.4316,11.6016,11.6016,0,0,17.126192,196640644
16.988277,77.2559,11.6016,11.6016,0,0,17.126192,196640644
16.990349,77.2559,11.7773,11.7773,0,0,17.126192,196640644
16.992322,77.2559,11.7773,11.7773,0,0,17.126192,196640644
16.994300,77.2559,11.9531,11.9531,0,0,17.126192,196640644
16.996277,77.0801,11.9531,11.9531,0,0,17.126192,196640644
16.998349,77.0801,12.1289,12.1289,0,0,17.126192,196640644
17.000322,77.0801,12.1289,12.1289,0,0,17.126192,196640644
17.002300,77.0801,12.3047,12.3047,0,0,17.126192,196640644
17.004277,76.9043,12.3047,12.3047,0,0,17.126192,196640644
17.006349,76.9043,12.4805,12.4805,0,0,17.126192,196640644
17.008326,76.9043,12.4805,12.4805,0,0,17.126192,196640644
17.010302,76.7285,12.6562,12.6562,0,0,17.126192,196640644
17.012281,76.7285,12.6562,12.6562,0,0,17.126192,196640644
17.014305,76.7285,12.6562,12.6562,0,0,17.126192,196640644
17.016281,76.5527,12.8320,12.8320,0,0,17.126192,196640644
17.018261,76.5527,13.0078,13.0078,0,0,17.126192,196640644
17.020334,76.5527,13.0078,13.0078,0,0,17.126192,196640644
17.022312,76.5527,13.0078,13.0078,0,0,17.126192,196640644
17.024287,76.5527,13.1836,13.1836,0,0,17.126192,196640644
17.026264,76.3770,13.1836,13.1836,0,0,17.126192,196640644
17.028337,76.3770,13.3594,13.3594,0,0,17.126192,196640644
17.030315,76.3770,13.3594,13.3594,0,0,17.126192,196640644
17.032293,76.3770,13.3594,13.3594,0,0,17.126192,196640644
17.034267,76.3770,13.5352,13.5352,0,0,17.126192,196640644
17.036339,76.3770,13.5352,13.5352,0,0,17.126192,196640644
17.038315,76.2012,13.7109,13.7109,0,0,17.126192,196640644
17.040293,76.2012,13.7109,13.7109,0,0,17.126192,196640644
17.042267,76.2012,13.7109,13.7109,0,0,17.126192,196640644
17.044339,76.2012,13.8867,13.8867,0,0,17.126192,196640644
17.046315,76.2012,13.8867,13.8867,0,0,17.126192,196640644
17.048293,76.0254,13.8867,13.8867,0,0,17.126192,196640644
17.050267,76.0254,14.0625,14.0625,0,0,17.126192,196640644
17.053765,76.0254,14.0625,14.0625,0,0,17.126192,196640644
17.054328,76.0254,14.0625,14.0625,0,0,17.126192,196640644
17.056304,76.0254,14.0625,14.0625,0,0,17.126192,196640644
17.058281,76.0254,14.0625,14.0625,0,0,17.126192,196640644
17.060261,76.0254,14.2383,14.2383,0,0,17.126192,196640644
17.062334,76.0254,14.2383,14.2383,0,0,17.126192,196640644
17.064312,75.8496,14.2383,14.2383,0,0,17.126192,196640644
17.066287,75.8496,14.4141,14.4141,0,0,17.126192,196640644
17.068264,75.8496,14.4141,14.4141,0,0,17.126192,196640644
17.070337,75.8496,14.4141,14.4141,0,0,17.126192,196640644
17.072315,75.8496,14.4141,14.4141,0,0,17.126192,196640644
17.074293,75.8496,14.4141,14.4141,0,0,17.126192,196640644
17.076267,75.8496,14.4141,14.4141,0,0,17.126192,196640644
17.078260,75.8496,14.4141,14.4141,0,0,17.126192,196640644
17.080334,75.8496,14.4141,14.4141,0,0,17.126192,196640644
17.082313,75.8496,14.4141,14.4141,0,0,17.126192,196640644
17.084288,75.8496,14.4141,14.4141,0,0,17.126192,196640644
17.086264,75.8496,14.4141,14.4141,0,0,17.126192,196640644
17.088337,75.8496,14.4141,14.4141,0,0,17.126192,196640644
17.090315,75.8496,14.4141,14.4141,0,0,17.126192,196640644
17.092289,75.8496,14.4141,14.4141,0,0,17.126192,196640644
17.094264,75.8496,14.4141,14.4141,0,0,17.126192,196640644
17.096337,75.8496,14.4141,14.4141,0,0,17.126192,196640644
17.098315,75.8496,14.4141,14.4141,0,0,17.126192,196640644
17.100293,75.8496,14.4141,14.4141,0,0,17.126192,196640644
17.102266,75.8496,14.4141,14.4141,0,0,17.126192,196640644
17.104339,75.8496,14.4141,14.4141,0,0,17.126192,196640644
17.106314,75.8496,14.4141,14.4141,0,0,17.126192,196640644
17.108289,75.8496,14.4141,14.4141,0,0,17.126192,196640644
17.110315,76.0254,14.4141,14.4141,0,0,17.126192,196640644
17.112307,76.0254,14.2383,14.2383,0,0,17.126192,196640644
17.114293,76.0254,14.2383,14.2383,0,0,17.126192,196640644
17.116352,76.0254,14.2383,14.2383,0,0,17.126192,196640644
17.118254,76.0254,14.2383,14.2383,0,0,17.126192,196640644
17.120266,76.0254,14.0625,14.0625,0,0,17.126192,196640644
17.122324,76.0254,14.0625,14.0625,0,0,17.351408,196871682
17.126267,76.0254,14.0625,14.0625,0,0,17.351408,196871682
17.126618,76.0254,14.0625,14.0625,0,0,17.351408,196871682
17.128304,76.2012,14.0625,14.0625,0,0,17.351408,196871682
17.130303,76.2012,14.0625,14.0625,0,0,17.351408,196871682
17.132266,76.2012,13.8867,13.8867,0,0,17.351408,196871682
17.134267,76.2012,13.8867,13.8867,0,0,17.351408,196871682
17.136348,76.2012,13.8867,13.8867,0,0,17.351408,196871682
17.138328,76.2012,13.8867,13.8867,0,0,17.351408,196871682
17.140305,76.2012,13.7109,13.7109,0,0,17.351408,196871682
17.142304,76.2012,13.7109,13.7109,0,0,17.351408,196871682
17.144274,76.3770,13.7109,13.7109,0,0,17.351408,196871682
17.146316,76.3770,13.7109,13.7109,0,0,17.351408,196871682
17.148283,76.3770,13.5352,13.5352,0,0,17.351408,196871682
17.150274,76.3770,13.5352,13.5352,0,0,17.351408,196871682
17.154242,76.3770,13.3594,13.3594,0,0,17.351408,196871682
17.154569,76.3770,13.3594,13.3594,0,0,17.351408,196871682
17.156259,76.3770,13.3594,13.3594,0,0,17.351408,196871682
17.158328,76.3770,13.3594,13.3594,0,0,17.351408,196871682
17.160307,76.3770,13.1836,13.1836,0,0,17.351408,196871682
17.162263,76.5527,13.1836,13.1836,0,0,17.351408,196871682
17.164303,76.5527,13.1836,13.1836,0,0,17.351408,196871682
17.166265,76.5527,13.0078,13.0078,0,0,17.351408,196871682
17.168308,76.5527,13.0078,13.0078,0,0,17.351408,196871682
17.170277,76.5527,13.0078,13.0078,0,0,17.351408,196871682
17.172320,76.5527,13.0078,13.0078,0,0,17.351408,196871682
17.174282,76.5527,12.8320,12.8320,0,0,17.351408,196871682
17.176325,76.7285,12.8320,12.8320,0,0,17.351408,196871682
17.178314,76.7285,12.6562,12.6562,0,0,17.351408,196871682
17.180267,76.7285,12.6562,12.6562,0,0,17.351408,196871682
17.182311,76.7285,12.6562,12.6562,0,0,17.351408,196871682
17.184277,76.7285,12.4805,12.4805,0,0,17.351408,196871682
17.186319,76.7285,12.4805,12.4805,0,0,17.351408,196871682
17.188282,76.7285,12.4805,12.4805,0,0,17.351408,196871682
17.190325,76.7285,12.4805,12.4805,0,0,17.351408,196871682
17.192292,76.9043,12.3047,12.3047,0,0,17.351408,196871682
17.194265,76.9043,12.3047,12.3047,0,0,17.351408,196871682
17.196309,76.9043,12.3047,12.3047,0,0,17.351408,196871682
17.198270,76.9043,12.1289,12.1289,0,0,17.351408,196871682
17.200313,76.9043,12.1289,12.1289,0,0,17.351408,196871682
17.202276,76.9043,12.1289,12.1289,0,0,17.351408,196871682
17.204319,76.9043,11.9531,11.9531,0,0,17.351408,196871682
17.206282,76.9043,11.9531,11.9531,0,0,17.351408,196871682
17.208325,77.0801,11.9531,11.9531,0,0,17.351408,196871682
17.210292,77.0801,11.7773,11.7773,0,0,17.351408,196871682
17.212276,77.0801,11.7773,11.7773,0,0,17.351408,196871682
17.214263,77.0801,11.7773,11.7773,0,0,17.351408,196871682
17.216327,77.0801,11.7773,11.7773,0,0,17.351408,196871682
17.218291,77.0801,11.6016,11.6016,0,0,17.351408,196871682
17.220338,77.0801,11.6016,11.6016,0,0,17.351408,196871682
17.222300,77.0801,11.6016,11.6016,0,0,17.351408,196871682
17.224343,77.0801,11.6016,11.6016,0,0,17.351408,196871682
17.226308,77.0801,11.6016,11.6016,0,0,17.351408,196871682
17.228266,77.0801,11.4258,11.4258,0,0,17.351408,196871682
17.230309,77.0801,11.4258,11.4258,0,0,17.351408,196871682
17.232277,77.0801,11.4258,11.4258,0,0,17.351408,196871682
17.234320,77.0801,11.2500,11.2500,0,0,17.351408,196871682
17.236282,77.0801,11.2500,11.2500,0,0,17.351408,196871682
17.238325,77.0801,11.2500,11.2500,0,0,17.351408,196871682
17.240292,77.0801,11.2500,11.2500,0,0,17.351408,196871682
17.242338,77.0801,11.2500,11.2500,0,0,17.351408,196871682
17.244300,77.0801,11.2500,11.2500,0,0,17.351408,196871682
17.246343,77.0801,11.0742,11.0742,0,0,17.351408,196871682
17.248306,77.0801,11.0742,11.0742,0,0,17.351408,196871682
17.250263,77.0801,11.0742,11.0742,0,0,17.351408,196871682
17.253738,77.0801,11.0742,11.0742,0,0,17.351408,196871682
17.254288,77.0801,11.0742,11.0742,0,0,17.351408,196871682
17.256334,77.0801,11.0742,11.0742,0,0,17.351408,196871682
17.258298,77.0801,11.0742,11.0742,0,0,17.351408,196871682
17.260338,77.0801,11.0742,11.0742,0,0,17.351408,196871682
17.262300,77.0801,10.8984,10.8984,0,0,17.351408,196871682
17.264343,77.0801,10.8984,10.8984,0,0,17.351408,196871682
17.266308,77.0801,10.8984,10.8984,0,0,17.351408,196871682
17.268266,77.0801,10.8984,10.8984,0,0,17.351408,196871682
17.270309,77.0801,10.8984,10.8984,0,0,17.351408,196871682
17.272277,77.0801,10.8984,10.8984,0,0,17.351408,196871682
17.274320,77.0801,10.8984,10.8984,0,0,17.351408,196871682
17.276282,77.0801,10.8984,10.8984,0,0,17.351408,196871682
17.278338,77.0801,10.8984,10.8984,0,0,17.351408,196871682
17.280301,77.0801,10.8984,10.8984,0,0,17.351408,196871682
17.282257,77.0801,10.8984,10.8984,0,0,17.351408,196871682
17.284301,77.0801,10.8984,10.8984,0,0,17.351408,196871682
17.286266,77.0801,10.8984,10.8984,0,0,17.351408,196871682
17.288309,77.0801,10.8984,10.8984,0,0,17.351408,196871682
17.290277,77.0801,10.8984,10.8984,0,0,17.351408,196871682
17.292320,77.0801,10.8984,10.8984,0,0,17.351408,196871682
17.294282,77.0801,10.8984,10.8984,0,0,17.351408,196871682
17.296325,77.0801,10.7227,10.7227,0,0,17.351408,196871682
17.298292,77.0801,10.7227,10.7227,0,0,17.351408,196871682
17.300338,77.0801,10.7227,10.7227,0,0,17.351408,196871682
17.302301,77.0801,10.7227,10.7227,0,0,17.351408,196871682
17.304257,76.9043,10.7227,10.7227,0,0,17.351408,196871682
17.306301,76.9043,10.7227,10.7227,0,0,17.351408,196871682
17.308266,76.9043,10.7227,10.7227,0,0,17.351408,196871682
17.310309,76.9043,10.7227,10.7227,0,0,17.351408,196871682
17.312277,76.9043,10.7227,10.7227,0,0,17.351408,196871682
17.314320,76.9043,10.7227,10.7227,0,0,17.351408,196871682
17.316332,76.9043,10.8984,10.8984,0,0,17.351408,196871682
17.318307,76.9043,10.8984,10.8984,0,0,17.351408,196871682
17.320263,76.9043,10.8984,10.8984,0,0,17.351408,196871682
17.322303,76.9043,10.8984,10.8984,0,0,17.351408,196871682
17.324265,76.7285,10.8984,10.8984,0,0,17.351408,196871682
17.326308,76.7285,10.8984,10.8984,0,0,17.351408,196871682
17.328269,76.7285,10.8984,10.8984,0,0,17.351408,196871682
17.330312,76.7285,10.8984,10.8984,0,0,17.351408,196871682
17.332276,76.7285,10.8984,10.8984,0,0,17.351408,196871682
17.334319,76.7285,10.8984,10.8984,0,0,17.351408,196871682
17.336282,76.7285,10.8984,10.8984,0,0,17.351408,196871682
17.338325,76.7285,10.8984,10.8984,0,0,17.351408,196871682
17.340293,76.7285,10.8984,10.8984,0,0,17.351408,196871682
17.342290,76.7285,10.8984,10.8984,0,0,17.351408,196871682
17.344304,76.7285,10.8984,10.8984,0,0,17.351408,196871682
17.346338,76.5527,10.8984,10.8984,0,0,17.351408,196871682
17.348320,76.5527,11.0742,11.0742,0,0,17.351408,196871682
17.350324,76.5527,11.0742,11.0742,0,0,17.351408,196871682
17.357849,76.5527,11.0742,11.0742,0,0,17.592815,197101677
17.358631,76.5527,11.0742,11.0742,0,0,17.592815,197101677
17.358957,76.5527,11.0742,11.0742,0,0,17.592815,197101677
17.359263,76.5527,11.0742,11.0742,0,0,17.592815,197101677
17.360604,76.5527,11.0742,11.0742,0,0,17.592815,197101677
17.362268,76.5527,11.0742,11.0742,0,0,17.592815,197101677
17.364285,76.5527,11.0742,11.0742,0,0,17.592815,197101677
17.366377,76.5527,11.2500,11.2500,0,0,17.592815,197101677
17.368300,76.5527,11.2500,11.2500,0,0,17.592815,197101677
17.370301,76.3770,11.2500,11.2500,0,0,17.592815,197101677
17.372289,76.3770,11.2500,11.2500,0,0,17.592815,197101677
17.374327,76.3770,11.2500,11.2500,0,0,17.592815,197101677
17.376328,76.3770,11.2500,11.2500,0,0,17.592815,197101677
17.378320,76.3770,11.2500,11.2500,0,0,17.592815,197101677
17.380277,76.3770,11.2500,11.2500,0,0,17.592815,197101677
17.382321,76.3770,11.2500,11.2500,0,0,17.592815,197101677
17.384283,76.3770,11.4258,11.4258,0,0,17.592815,197101677
17.386326,76.3770,11.4258,11.4258,0,0,17.592815,197101677
17.388292,76.3770,11.4258,11.4258,0,0,17.592815,197101677
17.390338,76.3770,11.4258,11.4258,0,0,17.592815,197101677
17.392301,76.3770,11.4258,11.4258,0,0,17.592815,197101677
17.394258,76.3770,11.6016,11.6016,0,0,17.592815,197101677
17.396303,76.3770,11.6016,11.6016,0,0,17.592815,197101677
17.398265,76.2012,11.6016,11.6016,0,0,17.592815,197101677
17.400309,76.2012,11.6016,11.6016,0,0,17.592815,197101677
17.402277,76.2012,11.6016,11.6016,0,0,17.592815,197101677
17.404320,76.2012,11.6016,11.6016,0,0,17.592815,197101677
17.406283,76.2012,11.6016,11.6016,0,0,17.592815,197101677
17.408325,76.2012,11.6016,11.6016,0,0,17.592815,197101677
17.410292,76.2012,11.7773,11.7773,0,0,17.592815,197101677
17.412338,76.2012,11.7773,11.7773,0,0,17.592815,197101677
17.414300,76.2012,11.7773,11.7773,0,0,17.592815,197101677
17.416281,76.2012,11.7773,11.7773,0,0,17.592815,197101677
17.418277,76.2012,11.7773,11.7773,0,0,17.592815,197101677
17.420330,76.2012,11.7773,11.7773,0,0,17.592815,197101677
17.422295,76.2012,11.7773,11.7773,0,0,17.592815,197101677
17.424338,76.2012,11.7773,11.7773,0,0,17.592815,197101677
17.426328,76.2012,11.7773,11.7773,0,0,17.592815,197101677
17.428283,76.2012,11.9531,11.9531,0,0,17.592815,197101677
17.430325,76.2012,11.9531,11.9531,0,0,17.592815,197101677
17.432292,76.2012,11.9531,11.9531,0,0,17.592815,197101677
17.434338,76.0254,11.9531,11.9531,0,0,17.592815,197101677
17.436301,76.0254,11.9531,11.9531,0,0,17.592815,197101677
17.438258,76.0254,11.9531,11.9531,0,0,17.592815,197101677
17.440303,76.0254,11.9531,11.9531,0,0,17.592815,197101677
17.442265,76.0254,11.9531,11.9531,0,0,17.592815,197101677
17.444309,76.0254,11.9531,11.9531,0,0,17.592815,197101677
17.446277,76.0254,11.9531,11.9531,0,0,17.592815,197101677
17.448320,76.0254,11.9531,11.9531,0,0,17.592815,197101677
17.450283,76.0254,11.9531,11.9531,0,0,17.592815,197101677
17.454074,76.0254,12.1289,12.1289,0,0,17.592815,197101677
17.454384,76.0254,12.1289,12.1289,0,0,17.592815,197101677
17.456259,76.0254,12.1289,12.1289,0,0,17.592815,197101677
17.458311,76.0254,12.1289,12.1289,0,0,17.592815,197101677
17.460277,76.0254,12.1289,12.1289,0,0,17.592815,197101677
17.462321,76.0254,12.1289,12.1289,0,0,17.592815,197101677
17.464283,76.0254,12.1289,12.1289,0,0,17.592815,197101677
17.466326,76.0254,12.1289,12.1289,0,0,17.592815,197101677
17.468292,76.0254,12.1289,12.1289,0,0,17.592815,197101677
17.470338,76.0254,12.1289,12.1289,0,0,17.592815,197101677
17.472300,76.0254,12.1289,12.1289,0,0,17.592815,197101677
17.474257,76.0254,12.1289,12.1289,0,0,17.592815,197101677
17.476302,76.0254,12.1289,12.1289,0,0,17.592815,197101677
17.478280,76.0254,12.3047,12.3047,0,0,17.592815,197101677
17.480321,76.0254,12.3047,12.3047,0,0,17.592815,197101677
17.482283,76.0254,12.3047,12.3047,0,0,17.592815,197101677
17.484327,76.0254,12.3047,12.3047,0,0,17.592815,197101677
17.486293,76.0254,12.3047,12.3047,0,0,17.592815,197101677
17.488338,76.0254,12.3047,12.3047,0,0,17.592815,197101677
17.490301,76.0254,12.3047,12.3047,0,0,17.592815,197101677
17.492258,76.0254,12.3047,12.3047,0,0,17.592815,197101677
17.494303,76.0254,12.3047,12.3047,0,0,17.592815,197101677
17.496265,76.0254,12.3047,12.3047,0,0,17.592815,197101677
17.498309,76.0254,12.3047,12.3047,0,0,17.592815,197101677
17.500277,76.2012,12.3047,12.3047,0,0,17.592815,197101677
17.502320,76.2012,12.3047,12.3047,0,0,17.592815,197101677
17.504283,76.2012,12.3047,12.3047,0,0,17.592815,197101677
17.506327,76.2012,12.3047,12.3047,0,0,17.592815,197101677
17.508292,76.2012,12.3047,12.3047,0,0,17.592815,197101677
17.510338,76.2012,12.3047,12.3047,0,0,17.592815,197101677
17.512301,76.2012,12.3047,12.3047,0,0,17.592815,197101677
17.514258,76.2012,12.4805,12.4805,0,0,17.592815,197101677
17.516303,76.2012,12.4805,12.4805,0,0,17.592815,197101677
17.518265,76.2012,12.4805,12.4805,0,0,17.592815,197101677
17.520258,76.2012,12.4805,12.4805,0,0,17.592815,197101677
17.522324,76.2012,12.4805,12.4805,0,0,17.592815,197101677
17.524286,76.2012,12.4805,12.4805,0,0,17.592815,197101677
17.526331,76.2012,12.4805,12.4805,0,0,17.592815,197101677
17.528295,76.2012,12.4805,12.4805,0,0,17.592815,197101677
17.530338,76.2012,12.4805,12.4805,0,0,17.592815,197101677
17.532300,76.2012,12.4805,12.4805,0,0,17.592815,197101677
17.534257,76.2012,12.4805,12.4805,0,0,17.592815,197101677
17.536302,76.2012,12.4805,12.4805,0,0,17.592815,197101677
17.538266,76.2012,12.4805,12.4805,0,0,17.592815,197101677
17.540310,76.2012,12.4805,12.4805,0,0,17.592815,197101677
17.542277,76.2012,12.4805,12.4805,0,0,17.592815,197101677
17.544320,76.2012,12.4805,12.4805,0,0,17.592815,197101677
17.546283,76.2012,12.4805,12.4805,0,0,17.592815,197101677
17.548325,76.2012,12.4805,12.4805,0,0,17.592815,197101677
17.550293,76.2012,12.4805,12.4805,0,0,17.592815,197101677
17.553972,76.2012,12.4805,12.4805,0,0,17.592815,197101677
17.554341,76.2012,12.4805,12.4805,0,0,17.592815,197101677
17.556298,76.2012,12.4805,12.4805,0,0,17.592815,197101677
17.558338,76.2012,12.6562,12.6562,0,0,17.592815,197101677
17.560300,76.2012,12.6562,12.6562,0,0,17.592815,197101677
17.562257,76.2012,12.6562,12.6562,0,0,17.592815,197101677
17.564302,76.2012,12.6562,12.6562,0,0,17.592815,197101677
17.566265,76.2012,12.6562,12.6562,0,0,17.592815,197101677
17.568310,76.2012,12.6562,12.6562,0,0,17.592815,197101677
17.570325,76.2012,12.6562,12.6562,0,0,17.592815,197101677
17.572282,76.2012,12.6562,12.6562,0,0,17.592815,197101677
17.574327,76.2012,12.6562,12.6562,0,0,17.592815,197101677
17.576328,76.2012,12.6562,12.6562,0,0,17.592815,197101677
17.578343,76.2012,12.6562,12.6562,0,0,17.592815,197101677
17.580296,76.2012,12.6562,12.6562,0,0,17.592815,197101677
17.582338,76.2012,12.6562,12.6562,0,0,17.592815,197101677
17.586699,76.2012,12.6562,12.6562,0,0,17.827615,197338976
17.587281,76.2012,12.6562,12.6562,0,0,17.827615,197338976
17.588266,76.2012,12.6562,12.6562,0,0,17.827615,197338976
17.590257,76.2012,12.6562,12.6562,0,0,17.827615,197338976
17.592330,76.2012,12.6562,12.6562,0,0,17.827615,197338976
17.594313,76.2012,12.6562,12.6562,0,0,17.827615,197338976
17.596309,76.2012,12.6562,12.6562,0,0,17.827615,197338976
17.598340,76.2012,12.6562,12.6562,0,0,17.827615,197338976
17.600320,76.2012,12.6562,12.6562,0,0,17.827615,197338976
17.602303,76.2012,12.6562,12.6562,0,0,17.827615,197338976
17.604331,76.2012,12.6562,12.6562,0,0,17.827615,197338976
17.606293,76.2012,12.6562,12.6562,0,0,17.827615,197338976
17.608709,76.2012,12.6562,12.6562,0,0,17.827615,197338976
17.610354,76.2012,12.6562,12.6562,0,0,17.827615,197338976
17.612308,76.2012,12.6562,12.6562,0,0,17.827615,197338976
17.614348,76.2012,12.6562,12.6562,0,0,17.827615,197338976
17.616344,76.2012,12.6562,12.6562,0,0,17.827615,197338976
17.618320,76.2012,12.6562,12.6562,0,0,17.827615,197338976
17.620300,76.2012,12.6562,12.6562,0,0,17.827615,197338976
17.622303,76.2012,12.6562,12.6562,0,0,17.827615,197338976
17.624291,76.2012,12.6562,12.6562,0,0,17.827615,197338976
17.626285,76.2012,12.6562,12.6562,0,0,17.827615,197338976
17.628261,76.2012,12.6562,12.6562,0,0,17.827615,197338976
17.630268,76.2012,12.6562,12.6562,0,0,17.827615,197338976
17.632348,76.2012,12.6562,12.6562,0,0,17.827615,197338976
17.634322,76.2012,12.6562,12.6562,0,0,17.827615,197338976
17.636300,76.2012,12.6562,12.6562,0,0,17.827615,197338976
17.638277,76.2012,12.6562,12.6562,0,0,17.827615,197338976
17.640349,76.2012,12.6562,12.6562,0,0,17.827615,197338976
17.642322,76.2012,12.6562,12.6562,0,0,17.827615,197338976
17.644300,76.2012,12.6562,12.6562,0,0,17.827615,197338976
17.646277,76.2012,12.6562,12.6562,0,0,17.827615,197338976
17.648349,76.2012,12.6562,12.6562,0,0,17.827615,197338976
17.650322,76.2012,12.6562,12.6562,0,0,17.827615,197338976
17.654312,76.2012,12.4805,12.4805,0,0,17.827615,197338976
17.654647,76.2012,12.4805,12.4805,0,0,17.827615,197338976
17.656331,76.2012,12.4805,12.4805,0,0,17.827615,197338976
17.658306,76.2012,12.4805,12.4805,0,0,17.827615,197338976
17.660281,76.2012,12.4805,12.4805,0,0,17.827615,197338976
17.662256,76.2012,12.4805,12.4805,0,0,17.827615,197338976
17.664327,76.2012,12.4805,12.4805,0,0,17.827615,197338976
17.666302,76.2012,12.4805,12.4805,0,0,17.827615,197338976
17.668280,76.2012,12.4805,12.4805,0,0,17.827615,197338976
17.670255,76.2012,12.4805,12.4805,0,0,17.827615,197338976
17.672327,76.2012,12.4805,12.4805,0,0,17.827615,197338976
17.674302,76.2012,12.4805,12.4805,0,0,17.827615,197338976
17.676280,76.2012,12.4805,12.4805,0,0,17.827615,197338976
17.678269,76.2012,12.4805,12.4805,0,0,17.827615,197338976
17.680339,76.2012,12.4805,12.4805,0,0,17.827615,197338976
17.682315,76.2012,12.4805,12.4805,0,0,17.827615,197338976
17.684293,76.2012,12.4805,12.4805,0,0,17.827615,197338976
17.686267,76.2012,12.4805,12.4805,0,0,17.827615,197338976
17.688339,76.2012,12.4805,12.4805,0,0,17.827615,197338976
17.690315,76.2012,12.4805,12.4805,0,0,17.827615,197338976
17.692293,76.2012,12.4805,12.4805,0,0,17.827615,197338976
17.694338,76.2012,12.4805,12.4805,0,0,17.827615,197338976
17.696314,76.2012,12.4805,12.4805,0,0,17.827615,197338976
17.698293,76.2012,12.4805,12.4805,0,0,17.827615,197338976
17.700266,76.2012,12.3047,12.3047,0,0,17.827615,197338976
17.702339,76.2012,12.3047,12.3047,0,0,17.827615,197338976
17.704315,76.2012,12.3047,12.3047,0,0,17.827615,197338976
17.706293,76.2012,12.3047,12.3047,0,0,17.827615,197338976
17.708267,76.2012,12.3047,12.3047,0,0,17.827615,197338976
17.710339,76.2012,12.3047,12.3047,0,0,17.827615,197338976
17.712315,76.2012,12.3047,12.3047,0,0,17.827615,197338976
17.714293,76.2012,12.3047,12.3047,0,0,17.827615,197338976
17.716267,76.2012,12.3047,12.3047,0,0,17.827615,197338976
17.718339,76.2012,12.3047,12.3047,0,0,17.827615,197338976
17.720315,76.2012,12.3047,12.3047,0,0,17.827615,197338976
17.722293,76.2012,12.3047,12.3047,0,0,17.827615,197338976
17.724333,76.2012,12.3047,12.3047,0,0,17.827615,197338976
17.726312,76.2012,12.3047,12.3047,0,0,17.827615,197338976
17.728314,76.2012,12.3047,12.3047,0,0,17.827615,197338976
17.730293,76.2012,12.3047,12.3047,0,0,17.827615,197338976
17.732267,76.2012,12.3047,12.3047,0,0,17.827615,197338976
17.734339,76.2012,12.1289,12.1289,0,0,17.827615,197338976
17.736315,76.2012,12.1289,12.1289,0,0,17.827615,197338976
17.738293,76.2012,12.1289,12.1289,0,0,17.827615,197338976
17.740267,76.2012,12.1289,12.1289,0,0,17.827615,197338976
17.742339,76.2012,12.1289,12.1289,0,0,17.827615,197338976
17.744315,76.2012,12.1289,12.1289,0,0,17.827615,197338976
17.746293,76.2012,12.1289,12.1289,0,0,17.827615,197338976
17.748267,76.2012,12.1289,12.1289,0,0,17.827615,197338976
17.750339,76.2012,12.1289,12.1289,0,0,17.827615,197338976
17.753728,76.2012,12.1289,12.1289,0,0,17.827615,197338976
17.754297,76.2012,12.1289,12.1289,0,0,17.827615,197338976
17.756272,76.2012,11.9531,11.9531,0,0,17.827615,197338976
17.758344,76.2012,11.9531,11.9531,0,0,17.827615,197338976
17.760319,76.2012,11.9531,11.9531,0,0,17.827615,197338976
17.762300,76.2012,11.9531,11.9531,0,0,17.827615,197338976
17.764277,76.2012,11.9531,11.9531,0,0,17.827615,197338976
17.766349,76.2012,11.9531,11.9531,0,0,17.827615,197338976
17.768322,76.2012,11.9531,11.9531,0,0,17.827615,197338976
17.770300,76.2012,11.9531,11.9531,0,0,17.827615,197338976
17.772277,76.2012,11.9531,11.9531,0,0,17.827615,197338976
17.774349,76.2012,11.9531,11.9531,0,0,17.827615,197338976
17.776322,76.2012,11.9531,11.9531,0,0,17.827615,197338976
17.778307,76.2012,11.9531,11.9531,0,0,17.827615,197338976
17.780285,76.2012,11.9531,11.9531,0,0,17.827615,197338976
17.782261,76.2012,11.9531,11.9531,0,0,17.827615,197338976
17.784334,76.2012,11.9531,11.9531,0,0,17.827615,197338976
17.786313,76.2012,11.9531,11.9531,0,0,17.827615,197338976
17.788288,76.2012,11.9531,11.9531,0,0,17.827615,197338976
17.790264,76.2012,11.7773,11.7773,0,0,17.827615,197338976
17.792337,76.2012,11.7773,11.7773,0,0,17.827615,197338976
17.794315,76.2012,11.7773,11.7773,0,0,17.827615,197338976
17.796294,76.2012,11.7773,11.7773,0,0,17.827615,197338976
17.798267,76.2012,11.7773,11.7773,0,0,17.827615,197338976
17.800339,76.2012,11.7773,11.7773,0,0,17.827615,197338976
17.802315,76.2012,11.7773,11.7773,0,0,17.827615,197338976
17.804293,76.2012,11.7773,11.7773,0,0,17.827615,197338976
17.806267,76.2012,11.7773,11.7773,0,0,17.827615,197338976
17.808339,76.2012,11.7773,11.7773,0,0,17.827615,197338976
17.810350,76.2012,11.7773,11.7773,0,0,17.827615,197338976
17.812271,76.2012,11.7773,11.7773,0,0,17.827615,197338976
17.814264,76.2012,11.7773,11.7773,0,0,17.827615,197338976
17.816295,76.2012,11.7773,11.7773,0,0,17.827615,197338976
17.818300,76.2012,11.7773,11.7773,0,0,17.827615,197338976
17.820272,76.2012,11.7773,11.7773,0,0,17.827615,197338976
17.823878,76.2012,11.7773,11.7773,0,0,18.067496,197583139
17.824451,76.2012,11.7773,11.7773,0,0,18.067496,197583139
17.826293,76.2012,11.7773,11.7773,0,0,18.067496,197583139
17.828306,76.2012,11.7773,11.7773,0,0,18.067496,197583139
17.830291,76.2012,11.7773,11.7773,0,0,18.067496,197583139
17.832350,76.2012,11.7773,11.7773,0,0,18.067496,197583139
17.834312,76.2012,11.7773,11.7773,0,0,18.067496,197583139
17.836305,76.2012,11.7773,11.7773,0,0,18.067496,197583139
17.838270,76.2012,11.6016,11.6016,0,0,18.067496,197583139
17.840331,76.2012,11.6016,11.6016,0,0,18.067496,197583139
17.842295,76.2012,11.6016,11.6016,0,0,18.067496,197583139
17.844273,76.2012,11.6016,11.6016,0,0,18.067496,197583139
17.846334,76.2012,11.6016,11.6016,0,0,18.067496,197583139
17.848312,76.2012,11.6016,11.6016,0,0,18.067496,197583139
17.850339,76.2012,11.6016,11.6016,0,0,18.067496,197583139
17.854347,76.2012,11.6016,11.6016,0,0,18.067496,197583139
17.854677,76.2012,11.6016,11.6016,0,0,18.067496,197583139
17.856266,76.2012,11.6016,11.6016,0,0,18.067496,197583139
17.858339,76.2012,11.6016,11.6016,0,0,18.067496,197583139
17.860315,76.2012,11.6016,11.6016,0,0,18.067496,197583139
17.862293,76.2012,11.6016,11.6016,0,0,18.067496,197583139
17.864267,76.2012,11.6016,11.6016,0,0,18.067496,197583139
17.866339,76.2012,11.6016,11.6016,0,0,18.067496,197583139
17.868315,76.2012,11.6016,11.6016,0,0,18.067496,197583139
17.870293,76.2012,11.6016,11.6016,0,0,18.067496,197583139
17.872267,76.2012,11.6016,11.6016,0,0,18.067496,197583139
17.874339,76.2012,11.6016,11.6016,0,0,18.067496,197583139
17.876315,76.2012,11.6016,11.6016,0,0,18.067496,197583139
17.878312,76.2012,11.6016,11.6016,0,0,18.067496,197583139
17.880287,76.2012,11.6016,11.6016,0,0,18.067496,197583139
17.882264,76.2012,11.6016,11.6016,0,0,18.067496,197583139
17.884337,76.2012,11.6016,11.6016,0,0,18.067496,197583139
17.886315,76.2012,11.6016,11.6016,0,0,18.067496,197583139
17.888293,76.2012,11.6016,11.6016,0,0,18.067496,197583139
17.890267,76.2012,11.6016,11.6016,0,0,18.067496,197583139
17.892339,76.2012,11.6016,11.6016,0,0,18.067496,197583139
17.894315,76.2012,11.6016,11.6016,0,0,18.067496,197583139
17.896293,76.2012,11.6016,11.6016,0,0,18.067496,197583139
17.898267,76.2012,11.6016,11.6016,0,0,18.067496,197583139
17.900339,76.2012,11.6016,11.6016,0,0,18.067496,197583139
17.902315,76.2012,11.6016,11.6016,0,0,18.067496,197583139
17.904293,76.2012,11.6016,11.6016,0,0,18.067496,197583139
17.906267,76.2012,11.6016,11.6016,0,0,18.067496,197583139
17.908339,76.2012,11.6016,11.6016,0,0,18.067496,197583139
17.910315,76.2012,11.6016,11.6016,0,0,18.067496,197583139
17.912293,76.2012,11.6016,11.6016,0,0,18.067496,197583139
17.914267,76.2012,11.6016,11.6016,0,0,18.067496,197583139
17.916339,76.2012,11.6016,11.6016,0,0,18.067496,197583139
17.918315,76.2012,11.6016,11.6016,0,0,18.067496,197583139
17.920293,76.2012,11.6016,11.6016,0,0,18.067496,197583139
17.922267,76.2012,11.6016,11.6016,0,0,18.067496,197583139
17.924339,76.2012,11.6016,11.6016,0,0,18.067496,197583139
17.926315,76.2012,11.6016,11.6016,0,0,18.067496,197583139
17.928293,76.2012,11.6016,11.6016,0,0,18.067496,197583139
17.930281,76.2012,11.6016,11.6016,0,0,18.067496,197583139
17.932281,76.2012,11.6016,11.6016,0,0,18.067496,197583139
17.934277,76.2012,11.6016,11.6016,0,0,18.067496,197583139
17.936349,76.2012,11.6016,11.6016,0,0,18.067496,197583139
17.938322,76.2012,11.6016,11.6016,0,0,18.067496,197583139
17.940300,76.2012,11.6016,11.6016,0,0,18.067496,197583139
17.942277,76.2012,11.6016,11.6016,0,0,18.067496,197583139
17.944349,76.2012,11.6016,11.6016,0,0,18.067496,197583139
17.946322,76.2012,11.6016,11.6016,0,0,18.067496,197583139
17.948300,76.2012,11.6016,11.6016,0,0,18.067496,197583139
17.950277,76.2012,11.7773,11.7773,0,0,18.067496,197583139
17.953772,76.2012,11.7773,11.7773,0,0,18.067496,197583139
17.954335,76.2012,11.7773,11.7773,0,0,18.067496,197583139
17.956313,76.2012,11.7773,11.7773,0,0,18.067496,197583139
17.958289,76.2012,11.7773,11.7773,0,0,18.067496,197583139
17.960264,76.2012,11.7773,11.7773,0,0,18.067496,197583139
17.962337,76.2012,11.7773,11.7773,0,0,18.067496,197583139
17.964315,76.2012,11.7773,11.7773,0,0,18.067496,197583139
17.966293,76.2012,11.7773,11.7773,0,0,18.067496,197583139
17.968267,76.2012,11.7773,11.7773,0,0,18.067496,197583139
17.970339,76.2012,11.7773,11.7773,0,0,18.067496,197583139
17.972315,76.2012,11.7773,11.7773,0,0,18.067496,197583139
17.974293,76.2012,11.7773,11.7773,0,0,18.067496,197583139
17.976267,76.2012,11.7773,11.7773,0,0,18.067496,197583139
17.978260,76.2012,11.7773,11.7773,0,0,18.067496,197583139
17.980334,76.2012,11.7773,11.7773,0,0,18.067496,197583139
17.982313,76.2012,11.7773,11.7773,0,0,18.067496,197583139
17.984288,76.2012,11.7773,11.7773,0,0,18.067496,197583139
17.986264,76.2012,11.7773,11.7773,0,0,18.067496,197583139
17.988337,76.2012,11.7773,11.7773,0,0,18.067496,197583139
17.990315,76.2012,11.7773,11.7773,0,0,18.067496,197583139
17.992293,76.2012,11.7773,11.7773,0,0,18.067496,197583139
17.994267,76.2012,11.9531,11.9531,0,0,18.067496,197583139
17.996339,76.2012,11.9531,11.9531,0,0,18.067496,197583139
17.998315,76.2012,11.9531,11.9531,0,0,18.067496,197583139
18.000293,76.2012,11.9531,11.9531,0,0,18.067496,197583139
18.002267,76.2012,11.9531,11.9531,0,0,18.067496,197583139
18.004339,76.2012,11.9531,11.9531,0,0,18.067496,197583139
18.006315,76.2012,11.9531,11.9531,0,0,18.067496,197583139
18.008293,76.2012,11.9531,11.9531,0,0,18.067496,197583139
18.010267,76.2012,11.9531,11.9531,0,0,18.067496,197583139
18.012339,76.2012,11.9531,11.9531,0,0,18.067496,197583139
18.014315,76.2012,11.9531,11.9531,0,0,18.067496,197583139
18.016293,76.2012,11.9531,11.9531,0,0,18.067496,197583139
18.018267,76.2012,11.9531,11.9531,0,0,18.067496,197583139
18.020339,76.2012,11.9531,11.9531,0,0,18.067496,197583139
18.022315,76.2012,11.9531,11.9531,0,0,18.067496,197583139
18.024293,76.2012,11.9531,11.9531,0,0,18.067496,197583139
18.026267,76.2012,11.9531,11.9531,0,0,18.067496,197583139
18.028339,76.2012,11.9531,11.9531,0,0,18.067496,197583139
18.030315,76.2012,11.9531,11.9531,0,0,18.067496,197583139
18.032344,76.2012,12.1289,12.1289,0,0,18.067496,197583139
18.034339,76.2012,12.1289,12.1289,0,0,18.067496,197583139
18.036315,76.2012,12.1289,12.1289,0,0,18.067496,197583139
18.038293,76.2012,12.1289,12.1289,0,0,18.067496,197583139
18.040267,76.2012,12.1289,12.1289,0,0,18.067496,197583139
18.042339,76.2012,12.1289,12.1289,0,0,18.067496,197583139
18.044315,76.2012,12.1289,12.1289,0,0,18.067496,197583139
18.046293,76.2012,12.1289,12.1289,0,0,18.067496,197583139
18.048267,76.2012,12.1289,12.1289,0,0,18.067496,197583139
18.050339,76.2012,12.1289,12.1289,0,0,18.067496,197583139
18.053813,76.2012,12.1289,12.1289,0,0,18.067496,197583139
18.054323,76.2012,12.1289,12.1289,0,0,18.067496,197583139
18.056279,76.2012,12.3047,12.3047,0,0,18.067496,197583139
18.058350,76.2012,12.3047,12.3047,0,0,18.067496,197583139
18.060260,76.2012,12.3047,12.3047,0,0,18.067496,197583139
18.062349,76.2012,12.3047,12.3047,0,0,18.067496,197583139
18.064301,76.2012,12.3047,12.3047,0,0,18.067496,197583139
18.068010,76.2012,12.3047,12.3047,0,0,18.311493,197820140
18.068658,76.2012,12.3047,12.3047,0,0,18.311493,197820140
18.070323,76.2012,12.3047,12.3047,0,0,18.311493,197820140
18.072331,76.2012,12.3047,12.3047,0,0,18.311493,197820140
18.074340,76.2012,12.3047,12.3047,0,0,18.311493,197820140
18.076325,76.2012,12.3047,12.3047,0,0,18.311493,197820140
18.078279,76.2012,12.3047,12.3047,0,0,18.311493,197820140
18.080330,76.2012,12.3047,12.3047,0,0,18.311493,197820140
18.082404,76.2012,12.3047,12.3047,0,0,18.311493,197820140
18.084336,76.2012,12.3047,12.3047,0,0,18.311493,197820140
18.086332,76.2012,12.3047,12.3047,0,0,18.311493,197820140
18.088352,76.2012,12.3047,12.3047,0,0,18.311493,197820140
18.090313,76.2012,12.3047,12.3047,0,0,18.311493,197820140
18.092288,76.2012,12.3047,12.3047,0,0,18.311493,197820140
18.094264,76.2012,12.3047,12.3047,0,0,18.311493,197820140
18.096337,76.2012,12.3047,12.3047,0,0,18.311493,197820140
18.098315,76.2012,12.3047,12.3047,0,0,18.311493,197820140
18.100293,76.2012,12.4805,12.4805,0,0,18.311493,197820140
18.102267,76.2012,12.4805,12.4805,0,0,18.311493,197820140
18.104339,76.2012,12.4805,12.4805,0,0,18.311493,197820140
18.106315,76.2012,12.4805,12.4805,0,0,18.311493,197820140
18.108293,76.2012,12.4805,12.4805,0,0,18.311493,197820140
18.110267,76.2012,12.4805,12.4805,0,0,18.311493,197820140
18.112339,76.2012,12.4805,12.4805,0,0,18.311493,197820140
18.114315,76.2012,12.4805,12.4805,0,0,18.311493,197820140
18.116293,76.2012,12.4805,12.4805,0,0,18.311493,197820140
18.118267,76.2012,12.4805,12.4805,0,0,18.311493,197820140
18.120339,76.2012,12.4805,12.4805,0,0,18.311493,197820140
18.122315,76.2012,12.4805,12.4805,0,0,18.311493,197820140
18.124293,76.2012,12.4805,12.4805,0,0,18.311493,197820140
18.126267,76.2012,12.4805,12.4805,0,0,18.311493,197820140
18.128339,76.2012,12.4805,12.4805,0,0,18.311493,197820140
18.130315,76.2012,12.4805,12.4805,0,0,18.311493,197820140
18.132293,76.2012,12.4805,12.4805,0,0,18.311493,197820140
18.134346,76.2012,12.4805,12.4805,0,0,18.311493,197820140
18.136339,76.2012,12.4805,12.4805,0,0,18.311493,197820140
18.138316,76.2012,12.4805,12.4805,0,0,18.311493,197820140
18.140306,76.2012,12.4805,12.4805,0,0,18.311493,197820140
18.142281,76.2012,12.4805,12.4805,0,0,18.311493,197820140
18.144261,76.2012,12.4805,12.4805,0,0,18.311493,197820140
18.146334,76.2012,12.4805,12.4805,0,0,18.311493,197820140
18.148312,76.2012,12.4805,12.4805,0,0,18.311493,197820140
18.150287,76.2012,12.4805,12.4805,0,0,18.311493,197820140
18.154273,76.2012,12.4805,12.4805,0,0,18.311493,197820140
18.154607,76.2012,12.4805,12.4805,0,0,18.311493,197820140
18.156296,76.2012,12.4805,12.4805,0,0,18.311493,197820140
18.158272,76.2012,12.4805,12.4805,0,0,18.311493,197820140
18.160344,76.2012,12.4805,12.4805,0,0,18.311493,197820140
18.162320,76.2012,12.4805,12.4805,0,0,18.311493,197820140
18.164300,76.2012,12.4805,12.4805,0,0,18.311493,197820140
18.166277,76.2012,12.4805,12.4805,0,0,18.311493,197820140
18.168349,76.2012,12.4805,12.4805,0,0,18.311493,197820140
18.170322,76.2012,12.4805,12.4805,0,0,18.311493,197820140
18.172300,76.2012,12.4805,12.4805,0,0,18.311493,197820140
18.174277,76.2012,12.4805,12.4805,0,0,18.311493,197820140
18.176349,76.2012,12.4805,12.4805,0,0,18.311493,197820140
18.178337,76.2012,12.4805,12.4805,0,0,18.311493,197820140
18.180315,76.2012,12.4805,12.4805,0,0,18.311493,197820140
18.182294,76.2012,12.4805,12.4805,0,0,18.311493,197820140
18.184269,76.2012,12.4805,12.4805,0,0,18.311493,197820140
18.186339,76.2012,12.4805,12.4805,0,0,18.311493,197820140
18.188315,76.2012,12.4805,12.4805,0,0,18.311493,197820140
18.190293,76.2012,12.4805,12.4805,0,0,18.311493,197820140
18.192267,76.2012,12.4805,12.4805,0,0,18.311493,197820140
18.194260,76.2012,12.4805,12.4805,0,0,18.311493,197820140
18.196334,76.2012,12.4805,12.4805,0,0,18.311493,197820140
18.198313,76.2012,12.4805,12.4805,0,0,18.311493,197820140
18.200288,76.2012,12.4805,12.4805,0,0,18.311493,197820140
18.202264,76.2012,12.4805,12.4805,0,0,18.311493,197820140
18.204337,76.2012,12.4805,12.4805,0,0,18.311493,197820140
18.206315,76.2012,12.4805,12.4805,0,0,18.311493,197820140
18.208293,76.2012,12.4805,12.4805,0,0,18.311493,197820140
18.210267,76.2012,12.4805,12.4805,0,0,18.311493,197820140
18.212339,76.2012,12.4805,12.4805,0,0,18.311493,197820140
18.214315,76.2012,12.4805,12.4805,0,0,18.311493,197820140
18.216293,76.2012,12.4805,12.4805,0,0,18.311493,197820140
18.218267,76.2012,12.4805,12.4805,0,0,18.311493,197820140
18.220339,76.2012,12.4805,12.4805,0,0,18.311493,197820140
18.222315,76.2012,12.4805,12.4805,0,0,18.311493,197820140
18.224293,76.2012,12.4805,12.4805,0,0,18.311493,197820140
18.226267,76.2012,12.4805,12.4805,0,0,18.311493,197820140
18.228339,76.2012,12.4805,12.4805,0,0,18.311493,197820140
18.230315,76.2012,12.4805,12.4805,0,0,18.311493,197820140
18.232293,76.2012,12.4805,12.4805,0,0,18.311493,197820140
18.234267,76.2012,12.4805,12.4805,0,0,18.311493,197820140
18.236312,76.2012,12.4805,12.4805,0,0,18.311493,197820140
18.238287,76.2012,12.4805,12.4805,0,0,18.311493,197820140
18.240264,76.2012,12.4805,12.4805,0,0,18.311493,197820140
18.242337,76.2012,12.4805,12.4805,0,0,18.311493,197820140
18.244315,76.2012,12.4805,12.4805,0,0,18.311493,197820140
18.246293,76.2012,12.4805,12.4805,0,0,18.311493,197820140
18.248267,76.2012,12.4805,12.4805,0,0,18.311493,197820140
18.250339,76.2012,12.4805,12.4805,0,0,18.311493,197820140
18.253780,76.2012,12.4805,12.4805,0,0,18.311493,197820140
18.254348,76.2012,12.4805,12.4805,0,0,18.311493,197820140
18.256322,76.2012,12.4805,12.4805,0,0,18.311493,197820140
18.258300,76.2012,12.3047,12.3047,0,0,18.311493,197820140
18.260277,76.2012,12.3047,12.3047,0,0,18.311493,197820140
18.262349,76.2012,12.3047,12.3047,0,0,18.311493,197820140
18.264322,76.2012,12.3047,12.3047,0,0,18.311493,197820140
18.266300,76.2012,12.3047,12.3047,0,0,18.311493,197820140
18.268277,76.2012,12.3047,12.3047,0,0,18.311493,197820140
18.270349,76.2012,12.3047,12.3047,0,0,18.311493,197820140
18.272322,76.2012,12.3047,12.3047,0,0,18.311493,197820140
18.274300,76.2012,12.3047,12.3047,0,0,18.311493,197820140
18.276277,76.2012,12.3047,12.3047,0,0,18.311493,197820140
18.278266,76.2012,12.3047,12.3047,0,0,18.311493,197820140
18.280339,76.2012,12.3047,12.3047,0,0,18.311493,197820140
18.282315,76.2012,12.3047,12.3047,0,0,18.311493,197820140
18.284293,76.2012,12.3047,12.3047,0,0,18.311493,197820140
18.286277,76.2012,12.3047,12.3047,0,0,18.311493,197820140
18.288305,76.2012,12.3047,12.3047,0,0,18.311493,197820140
18.290287,76.2012,12.3047,12.3047,0,0,18.311493,197820140
18.292264,76.2012,12.3047,12.3047,0,0,18.311493,197820140
18.294337,76.2012,12.3047,12.3047,0,0,18.311493,197820140
18.296315,76.2012,12.3047,12.3047,0,0,18.311493,197820140
18.298343,76.2012,12.3047,12.3047,0,0,18.311493,197820140
18.300820,76.2012,12.3047,12.3047,0,0,18.311493,197820140
18.305061,76.2012,12.1289,12.1289,0,0,18.557752,198061815
18.305630,76.2012,12.1289,12.1289,0,0,18.557752,198061815
18.306304,76.2012,12.1289,12.1289,0,0,18.557752,198061815
18.308718,76.2012,12.1289,12.1289,0,0,18.557752,198061815
18.310335,76.2012,12.1289,12.1289,0,0,18.557752,198061815
18.312315,76.2012,12.1289,12.1289,0,0,18.557752,198061815
18.314301,76.2012,12.1289,12.1289,0,0,18.557752,198061815
18.316269,76.2012,12.1289,12.1289,0,0,18.557752,198061815
18.318345,76.2012,12.1289,12.1289,0,0,18.557752,198061815
18.320326,76.2012,12.1289,12.1289,0,0,18.557752,198061815
18.322267,76.2012,12.1289,12.1289,0,0,18.557752,198061815
18.324271,76.2012,12.1289,12.1289,0,0,18.557752,198061815
18.326342,76.2012,12.1289,12.1289,0,0,18.557752,198061815
18.328356,76.2012,12.1289,12.1289,0,0,18.557752,198061815
18.330335,76.2012,11.9531,11.9531,0,0,18.557752,198061815
18.332322,76.2012,11.9531,11.9531,0,0,18.557752,198061815
18.334277,76.2012,11.9531,11.9531,0,0,18.557752,198061815
18.336294,76.2012,11.9531,11.9531,0,0,18.557752,198061815
18.338356,76.2012,11.9531,11.9531,0,0,18.557752,198061815
18.340256,76.2012,11.9531,11.9531,0,0,18.557752,198061815
18.342259,76.2012,11.9531,11.9531,0,0,18.557752,198061815
18.344331,76.2012,11.9531,11.9531,0,0,18.557752,198061815
18.346307,76.2012,11.9531,11.9531,0,0,18.557752,198061815
18.348285,76.2012,11.9531,11.9531,0,0,18.557752,198061815
18.350261,76.2012,11.9531,11.9531,0,0,18.557752,198061815
18.354245,76.2012,11.9531,11.9531,0,0,18.557752,198061815
18.354575,76.2012,11.9531,11.9531,0,0,18.557752,198061815
18.356260,76.2012,11.9531,11.9531,0,0,18.557752,198061815
18.358334,76.2012,11.9531,11.9531,0,0,18.557752,198061815
18.360313,76.2012,11.9531,11.9531,0,0,18.557752,198061815
18.362288,76.2012,11.9531,11.9531,0,0,18.557752,198061815
18.364264,76.2012,11.9531,11.9531,0,0,18.557752,198061815
18.366337,76.2012,11.9531,11.9531,0,0,18.557752,198061815
18.368315,76.2012,11.9531,11.9531,0,0,18.557752,198061815
18.370293,76.2012,11.9531,11.9531,0,0,18.557752,198061815
18.372267,76.2012,11.9531,11.9531,0,0,18.557752,198061815
18.374339,76.2012,11.7773,11.7773,0,0,18.557752,198061815
18.376315,76.2012,11.7773,11.7773,0,0,18.557752,198061815
18.378315,76.2012,11.7773,11.7773,0,0,18.557752,198061815
18.380294,76.2012,11.7773,11.7773,0,0,18.557752,198061815
18.382269,76.2012,11.7773,11.7773,0,0,18.557752,198061815
18.384339,76.2012,11.7773,11.7773,0,0,18.557752,198061815
18.386315,76.2012,11.7773,11.7773,0,0,18.557752,198061815
18.388293,76.2012,11.7773,11.7773,0,0,18.557752,198061815
18.390267,76.2012,11.7773,11.7773,0,0,18.557752,198061815
18.392339,76.2012,11.7773,11.7773,0,0,18.557752,198061815
18.394315,76.2012,11.7773,11.7773,0,0,18.557752,198061815
18.396293,76.2012,11.7773,11.7773,0,0,18.557752,198061815
18.398267,76.2012,11.7773,11.7773,0,0,18.557752,198061815
18.400339,76.2012,11.7773,11.7773,0,0,18.557752,198061815
18.402315,76.2012,11.7773,11.7773,0,0,18.557752,198061815
18.404293,76.2012,11.7773,11.7773,0,0,18.557752,198061815
18.406267,76.2012,11.7773,11.7773,0,0,18.557752,198061815
18.408339,76.2012,11.7773,11.7773,0,0,18.557752,198061815
18.410315,76.2012,11.7773,11.7773,0,0,18.557752,198061815
18.412293,76.2012,11.7773,11.7773,0,0,18.557752,198061815
18.414267,76.2012,11.7773,11.7773,0,0,18.557752,198061815
18.416339,76.2012,11.7773,11.7773,0,0,18.557752,198061815
18.418315,76.2012,11.7773,11.7773,0,0,18.557752,198061815
18.420293,76.2012,11.7773,11.7773,0,0,18.557752,198061815
18.422267,76.2012,11.7773,11.7773,0,0,18.557752,198061815
18.424339,76.2012,11.7773,11.7773,0,0,18.557752,198061815
18.426315,76.2012,11.7773,11.7773,0,0,18.557752,198061815
18.428293,76.2012,11.7773,11.7773,0,0,18.557752,198061815
18.430267,76.2012,11.7773,11.7773,0,0,18.557752,198061815
18.432339,76.2012,11.7773,11.7773,0,0,18.557752,198061815
18.434315,76.2012,11.7773,11.7773,0,0,18.557752,198061815
18.436293,76.2012,11.7773,11.7773,0,0,18.557752,198061815
18.438267,76.2012,11.7773,11.7773,0,0,18.557752,198061815
18.440264,76.2012,11.7773,11.7773,0,0,18.557752,198061815
18.442342,76.2012,11.7773,11.7773,0,0,18.557752,198061815
18.444296,76.2012,11.7773,11.7773,0,0,18.557752,198061815
18.446272,76.2012,11.7773,11.7773,0,0,18.557752,198061815
18.448344,76.2012,11.7773,11.7773,0,0,18.557752,198061815
18.450320,76.2012,11.7773,11.7773,0,0,18.557752,198061815
18.453816,76.2012,11.7773,11.7773,0,0,18.557752,198061815
18.454283,76.2012,11.7773,11.7773,0,0,18.557752,198061815
18.456261,76.2012,11.7773,11.7773,0,0,18.557752,198061815
18.458334,76.2012,11.7773,11.7773,0,0,18.557752,198061815
18.460312,76.2012,11.7773,11.7773,0,0,18.557752,198061815
18.462287,76.2012,11.7773,11.7773,0,0,18.557752,198061815
18.464264,76.2012,11.7773,11.7773,0,0,18.557752,198061815
18.466337,76.2012,11.7773,11.7773,0,0,18.557752,198061815
18.468315,76.2012,11.7773,11.7773,0,0,18.557752,198061815
18.470293,76.2012,11.7773,11.7773,0,0,18.557752,198061815
18.472267,76.2012,11.7773,11.7773,0,0,18.557752,198061815
18.474339,76.2012,11.7773,11.7773,0,0,18.557752,198061815
18.476315,76.2012,11.7773,11.7773,0,0,18.557752,198061815
18.478302,76.2012,11.7773,11.7773,0,0,18.557752,198061815
18.480280,76.2012,11.7773,11.7773,0,0,18.557752,198061815
18.482256,76.2012,11.7773,11.7773,0,0,18.557752,198061815
18.484327,76.2012,11.7773,11.7773,0,0,18.557752,198061815
18.486302,76.2012,11.7773,11.7773,0,0,18.557752,198061815
18.488280,76.2012,11.7773,11.7773,0,0,18.557752,198061815
18.490256,76.2012,11.7773,11.7773,0,0,18.557752,198061815
18.492327,76.2012,11.7773,11.7773,0,0,18.557752,198061815
18.494302,76.2012,11.7773,11.7773,0,0,18.557752,198061815
18.496280,76.2012,11.7773,11.7773,0,0,18.557752,198061815
18.498256,76.2012,11.7773,11.7773,0,0,18.557752,198061815
18.500327,76.2012,11.7773,11.7773,0,0,18.557752,198061815
18.502302,76.2012,11.7773,11.7773,0,0,18.557752,198061815
18.504280,76.2012,11.7773,11.7773,0,0,18.557752,198061815
18.506256,76.2012,11.7773,11.7773,0,0,18.557752,198061815
18.508327,76.2012,11.7773,11.7773,0,0,18.557752,198061815
18.510302,76.2012,11.7773,11.7773,0,0,18.557752,198061815
18.512280,76.2012,11.7773,11.7773,0,0,18.557752,198061815
18.514256,76.2012,11.7773,11.7773,0,0,18.557752,198061815
18.516327,76.2012,11.7773,11.7773,0,0,18.557752,198061815
18.518302,76.2012,11.7773,11.7773,0,0,18.557752,198061815
18.520280,76.2012,11.7773,11.7773,0,0,18.557752,198061815
18.522256,76.2012,11.7773,11.7773,0,0,18.557752,198061815
18.524327,76.2012,11.7773,11.7773,0,0,18.557752,198061815
18.526302,76.2012,11.7773,11.7773,0,0,18.557752,198061815
18.528280,76.2012,11.7773,11.7773,0,0,18.557752,198061815
18.530256,76.2012,11.7773,11.7773,0,0,18.557752,198061815
18.532327,76.2012,11.7773,11.7773,0,0,18.557752,198061815
18.534284,76.2012,11.7773,11.7773,0,0,18.557752,198061815
18.536274,76.2012,11.7773,11.7773,0,0,18.557752,198061815
18.538291,76.2012,11.7773,11.7773,0,0,18.557752,198061815
18.540278,76.2012,11.7773,11.7773,0,0,18.557752,198061815
18.542263,76.2012,11.7773,11.7773,0,0,18.557752,198061815
18.546685,76.2012,11.7773,11.7773,0,0,18.797094,198307922
18.547337,76.2012,11.7773,11.7773,0,0,18.797094,198307922
18.548350,76.2012,11.7773,11.7773,0,0,18.797094,198307922
18.550350,76.2012,11.7773,11.7773,0,0,18.797094,198307922
18.554431,76.2012,11.7773,11.7773,0,0,18.797094,198307922
18.554773,76.2012,11.7773,11.7773,0,0,18.797094,198307922
18.556261,76.2012,11.9531,11.9531,0,0,18.797094,198307922
18.558339,76.2012,11.9531,11.9531,0,0,18.797094,198307922
18.560318,76.2012,11.9531,11.9531,0,0,18.797094,198307922
18.562256,76.2012,11.9531,11.9531,0,0,18.797094,198307922
18.564268,76.2012,11.9531,11.9531,0,0,18.797094,198307922
18.566284,76.2012,11.9531,11.9531,0,0,18.797094,198307922
18.568265,76.2012,11.9531,11.9531,0,0,18.797094,198307922
18.570317,76.2012,11.9531,11.9531,0,0,18.797094,198307922
18.572575,76.2012,11.9531,11.9531,0,0,18.797094,198307922
18.574323,76.2012,11.9531,11.9531,0,0,18.797094,198307922
18.576345,76.2012,11.9531,11.9531,0,0,18.797094,198307922
18.578321,76.2012,11.9531,11.9531,0,0,18.797094,198307922
18.580264,76.2012,11.9531,11.9531,0,0,18.797094,198307922
18.582338,76.2012,11.9531,11.9531,0,0,18.797094,198307922
18.584315,76.2012,11.9531,11.9531,0,0,18.797094,198307922
18.586294,76.2012,11.9531,11.9531,0,0,18.797094,198307922
18.588268,76.2012,11.9531,11.9531,0,0,18.797094,198307922
18.590314,76.2012,11.9531,11.9531,0,0,18.797094,198307922
18.592316,76.2012,11.9531,11.9531,0,0,18.797094,198307922
18.594296,76.2012,11.9531,11.9531,0,0,18.797094,198307922
18.596272,76.2012,11.9531,11.9531,0,0,18.797094,198307922
18.598344,76.2012,11.9531,11.9531,0,0,18.797094,198307922
18.600319,76.2012,11.9531,11.9531,0,0,18.797094,198307922
18.602300,76.2012,11.9531,11.9531,0,0,18.797094,198307922
18.604277,76.2012,12.1289,12.1289,0,0,18.797094,198307922
18.606349,76.2012,12.1289,12.1289,0,0,18.797094,198307922
18.608322,76.2012,12.1289,12.1289,0,0,18.797094,198307922
18.610300,76.2012,12.1289,12.1289,0,0,18.797094,198307922
18.612277,76.2012,12.1289,12.1289,0,0,18.797094,198307922
18.614349,76.2012,12.1289,12.1289,0,0,18.797094,198307922
18.616322,76.2012,12.1289,12.1289,0,0,18.797094,198307922
18.618300,76.2012,12.1289,12.1289,0,0,18.797094,198307922
18.620277,76.2012,12.1289,12.1289,0,0,18.797094,198307922
18.622349,76.2012,12.1289,12.1289,0,0,18.797094,198307922
18.624322,76.2012,12.1289,12.1289,0,0,18.797094,198307922
18.626300,76.2012,12.1289,12.1289,0,0,18.797094,198307922
18.628277,76.2012,12.1289,12.1289,0,0,18.797094,198307922
18.630349,76.2012,12.1289,12.1289,0,0,18.797094,198307922
18.632322,76.2012,12.1289,12.1289,0,0,18.797094,198307922
18.634300,76.2012,12.3047,12.3047,0,0,18.797094,198307922
18.636277,76.2012,12.3047,12.3047,0,0,18.797094,198307922
18.638349,76.2012,12.3047,12.3047,0,0,18.797094,198307922
18.640322,76.2012,12.3047,12.3047,0,0,18.797094,198307922
18.642300,76.2012,12.3047,12.3047,0,0,18.797094,198307922
18.644277,76.2012,12.3047,12.3047,0,0,18.797094,198307922
18.646272,76.2012,12.3047,12.3047,0,0,18.797094,198307922
18.648344,76.2012,12.3047,12.3047,0,0,18.797094,198307922
18.650320,76.2012,12.3047,12.3047,0,0,18.797094,198307922
18.653889,76.2012,12.3047,12.3047,0,0,18.797094,198307922
18.654286,76.2012,12.3047,12.3047,0,0,18.797094,198307922
18.656266,76.2012,12.3047,12.3047,0,0,18.797094,198307922
18.658339,76.2012,12.3047,12.3047,0,0,18.797094,198307922
18.660315,76.2012,12.3047,12.3047,0,0,18.797094,198307922
18.662293,76.2012,12.3047,12.3047,0,0,18.797094,198307922
18.664267,76.2012,12.3047,12.3047,0,0,18.797094,198307922
18.666339,76.2012,12.3047,12.3047,0,0,18.797094,198307922
18.668315,76.2012,12.3047,12.3047,0,0,18.797094,198307922
18.670293,76.2012,12.3047,12.3047,0,0,18.797094,198307922
18.672267,76.2012,12.3047,12.3047,0,0,18.797094,198307922
18.674339,76.2012,12.3047,12.3047,0,0,18.797094,198307922
18.676315,76.2012,12.3047,12.3047,0,0,18.797094,198307922
18.678305,76.2012,12.3047,12.3047,0,0,18.797094,198307922
18.680281,76.2012,12.3047,12.3047,0,0,18.797094,198307922
18.682261,76.2012,12.3047,12.3047,0,0,18.797094,198307922
18.684334,76.2012,12.3047,12.3047,0,0,18.797094,198307922
18.686312,76.2012,12.3047,12.3047,0,0,18.797094,198307922
18.688287,76.2012,12.3047,12.3047,0,0,18.797094,198307922
18.690264,76.2012,12.3047,12.3047,0,0,18.797094,198307922
18.692337,76.2012,12.3047,12.3047,0,0,18.797094,198307922
18.694286,76.2012,12.4805,12.4805,0,0,18.797094,198307922
18.696264,76.2012,12.4805,12.4805,0,0,18.797094,198307922
18.698337,76.2012,12.4805,12.4805,0,0,18.797094,198307922
18.700315,76.2012,12.4805,12.4805,0,0,18.797094,198307922
18.702293,76.2012,12.4805,12.4805,0,0,18.797094,198307922
18.704267,76.2012,12.4805,12.4805,0,0,18.797094,198307922
18.706339,76.2012,12.4805,12.4805,0,0,18.797094,198307922
18.708315,76.2012,12.4805,12.4805,0,0,18.797094,198307922
18.710293,76.2012,12.4805,12.4805,0,0,18.797094,198307922
18.712267,76.2012,12.4805,12.4805,0,0,18.797094,198307922
18.714339,76.2012,12.4805,12.4805,0,0,18.797094,198307922
18.716315,76.2012,12.4805,12.4805,0,0,18.797094,198307922
18.718293,76.2012,12.4805,12.4805,0,0,18.797094,198307922
18.720267,76.2012,12.4805,12.4805,0,0,18.797094,198307922
18.722339,76.2012,12.4805,12.4805,0,0,18.797094,198307922
18.724315,76.2012,12.4805,12.4805,0,0,18.797094,198307922
18.726293,76.2012,12.4805,12.4805,0,0,18.797094,198307922
18.728267,76.2012,12.4805,12.4805,0,0,18.797094,198307922
18.730339,76.2012,12.4805,12.4805,0,0,18.797094,198307922
18.732315,76.2012,12.4805,12.4805,0,0,18.797094,198307922
18.734293,76.2012,12.4805,12.4805,0,0,18.797094,198307922
18.736267,76.2012,12.4805,12.4805,0,0,18.797094,198307922
18.738339,76.2012,12.4805,12.4805,0,0,18.797094,198307922
18.740315,76.2012,12.4805,12.4805,0,0,18.797094,198307922
18.742293,76.2012,12.4805,12.4805,0,0,18.797094,198307922
18.744267,76.2012,12.4805,12.4805,0,0,18.797094,198307922
18.746339,76.2012,12.4805,12.4805,0,0,18.797094,198307922
18.748275,76.2012,12.4805,12.4805,0,0,18.797094,198307922
18.750270,76.2012,12.4805,12.4805,0,0,18.797094,198307922
18.753770,76.2012,12.4805,12.4805,0,0,18.797094,198307922
18.754333,76.2012,12.4805,12.4805,0,0,18.797094,198307922
18.756312,76.2012,12.4805,12.4805,0,0,18.797094,198307922
18.758287,76.2012,12.4805,12.4805,0,0,18.797094,198307922
18.760264,76.2012,12.4805,12.4805,0,0,18.797094,198307922
18.762337,76.2012,12.4805,12.4805,0,0,18.797094,198307922
18.764315,76.2012,12.4805,12.4805,0,0,18.797094,198307922
18.766293,76.2012,12.4805,12.4805,0,0,18.797094,198307922
18.768267,76.2012,12.4805,12.4805,0,0,18.797094,198307922
18.770339,76.2012,12.4805,12.4805,0,0,18.797094,198307922
18.772315,76.2012,12.4805,12.4805,0,0,18.797094,198307922
18.774293,76.2012,12.4805,12.4805,0,0,18.797094,198307922
18.776267,76.2012,12.4805,12.4805,0,0,18.797094,198307922
18.778254,76.2012,12.4805,12.4805,0,0,18.797094,198307922
18.780311,76.2012,12.4805,12.4805,0,0,18.797094,198307922
18.782281,76.2012,12.4805,12.4805,0,0,18.797094,198307922
18.784255,76.2012,12.4805,12.4805,0,0,18.797094,198307922
18.786299,76.2012,12.4805,12.4805,0,0,18.797094,198307922
18.788500,76.2012,12.4805,12.4805,0,0,18.797094,198307922
18.792844,76.2012,12.4805,12.4805,0,0,19.049114,198559247
18.793422,76.2012,12.4805,12.4805,0,0,19.049114,198559247
18.794301,76.2012,12.4805,12.4805,0,0,19.049114,198559247
18.796549,76.2012,12.4805,12.4805,0,0,19.049114,198559247
18.798270,76.2012,12.4805,12.4805,0,0,19.049114,198559247
18.800345,76.2012,12.4805,12.4805,0,0,19.049114,198559247
18.802274,76.2012,12.4805,12.4805,0,0,19.049114,198559247
18.804267,76.2012,12.3047,12.3047,0,0,19.049114,198559247
18.806302,76.2012,12.3047,12.3047,0,0,19.049114,198559247
18.808308,76.2012,12.3047,12.3047,0,0,19.049114,198559247
18.810268,76.2012,12.3047,12.3047,0,0,19.049114,198559247
18.812724,76.2012,12.3047,12.3047,0,0,19.049114,198559247
18.814298,76.2012,12.3047,12.3047,0,0,19.049114,198559247
18.816301,76.2012,12.3047,12.3047,0,0,19.049114,198559247
18.818255,76.2012,12.3047,12.3047,0,0,19.049114,198559247
18.820330,76.2012,12.3047,12.3047,0,0,19.049114,198559247
18.822305,76.2012,12.3047,12.3047,0,0,19.049114,198559247
18.824281,76.2012,12.3047,12.3047,0,0,19.049114,198559247
18.826261,76.2012,12.3047,12.3047,0,0,19.049114,198559247
18.828334,76.2012,12.3047,12.3047,0,0,19.049114,198559247
18.830323,76.2012,12.3047,12.3047,0,0,19.049114,198559247
18.832300,76.2012,12.3047,12.3047,0,0,19.049114,198559247
18.834277,76.2012,12.3047,12.3047,0,0,19.049114,198559247
18.836349,76.2012,12.3047,12.3047,0,0,19.049114,198559247
18.838322,76.2012,12.3047,12.3047,0,0,19.049114,198559247
18.840300,76.2012,12.3047,12.3047,0,0,19.049114,198559247
18.842277,76.2012,12.3047,12.3047,0,0,19.049114,198559247
18.844349,76.2012,12.3047,12.3047,0,0,19.049114,198559247
18.846322,76.2012,12.3047,12.3047,0,0,19.049114,198559247
18.848300,76.2012,12.3047,12.3047,0,0,19.049114,198559247
18.850314,76.2012,12.3047,12.3047,0,0,19.049114,198559247
18.854619,76.2012,12.3047,12.3047,0,0,19.049114,198559247
18.854953,76.2012,12.3047,12.3047,0,0,19.049114,198559247
18.856339,76.2012,12.3047,12.3047,0,0,19.049114,198559247
18.858315,76.2012,12.3047,12.3047,0,0,19.049114,198559247
18.860293,76.2012,12.3047,12.3047,0,0,19.049114,198559247
18.862267,76.2012,12.3047,12.3047,0,0,19.049114,198559247
18.864339,76.2012,12.3047,12.3047,0,0,19.049114,198559247
18.866315,76.2012,12.1289,12.1289,0,0,19.049114,198559247
18.868293,76.2012,12.1289,12.1289,0,0,19.049114,198559247
18.870267,76.2012,12.1289,12.1289,0,0,19.049114,198559247
18.872339,76.2012,12.1289,12.1289,0,0,19.049114,198559247
18.874315,76.2012,12.1289,12.1289,0,0,19.049114,198559247
18.876293,76.2012,12.1289,12.1289,0,0,19.049114,198559247
18.878287,76.2012,12.1289,12.1289,0,0,19.049114,198559247
18.880265,76.2012,12.1289,12.1289,0,0,19.049114,198559247
18.882339,76.2012,12.1289,12.1289,0,0,19.049114,198559247
18.884315,76.2012,12.1289,12.1289,0,0,19.049114,198559247
18.886293,76.2012,12.1289,12.1289,0,0,19.049114,198559247
18.888267,76.2012,12.1289,12.1289,0,0,19.049114,198559247
18.890339,76.2012,12.1289,12.1289,0,0,19.049114,198559247
18.892315,76.2012,12.1289,12.1289,0,0,19.049114,198559247
18.894293,76.2012,12.1289,12.1289,0,0,19.049114,198559247
18.896267,76.2012,12.1289,12.1289,0,0,19.049114,198559247
18.898339,76.2012,12.1289,12.1289,0,0,19.049114,198559247
18.900315,76.2012,12.1289,12.1289,0,0,19.049114,198559247
18.902293,76.2012,11.9531,11.9531,0,0,19.049114,198559247
18.904267,76.2012,11.9531,11.9531,0,0,19.049114,198559247
18.906339,76.2012,11.9531,11.9531,0,0,19.049114,198559247
18.908315,76.2012,11.9531,11.9531,0,0,19.049114,198559247
18.910293,76.2012,11.9531,11.9531,0,0,19.049114,198559247
18.912267,76.2012,11.9531,11.9531,0,0,19.049114,198559247
18.914339,76.2012,11.9531,11.9531,0,0,19.049114,198559247
18.916315,76.2012,11.9531,11.9531,0,0,19.049114,198559247
18.918293,76.2012,11.9531,11.9531,0,0,19.049114,198559247
18.920267,76.2012,11.9531,11.9531,0,0,19.049114,198559247
18.922339,76.2012,11.9531,11.9531,0,0,19.049114,198559247
18.924315,76.2012,11.9531,11.9531,0,0,19.049114,198559247
18.926293,76.2012,11.9531,11.9531,0,0,19.049114,198559247
18.928296,76.2012,11.9531,11.9531,0,0,19.049114,198559247
18.930272,76.2012,11.9531,11.9531,0,0,19.049114,198559247
18.932344,76.2012,11.9531,11.9531,0,0,19.049114,198559247
18.934320,76.2012,11.9531,11.9531,0,0,19.049114,198559247
18.936300,76.2012,11.9531,11.9531,0,0,19.049114,198559247
18.938277,76.2012,11.9531,11.9531,0,0,19.049114,198559247
18.940349,76.2012,11.9531,11.9531,0,0,19.049114,198559247
18.942322,76.2012,11.9531,11.9531,0,0,19.049114,198559247
18.944300,76.2012,11.9531,11.9531,0,0,19.049114,198559247
18.946277,76.2012,11.9531,11.9531,0,0,19.049114,198559247
18.948349,76.2012,11.9531,11.9531,0,0,19.049114,198559247
18.950322,76.2012,11.9531,11.9531,0,0,19.049114,198559247
18.953831,76.2012,11.9531,11.9531,0,0,19.049114,198559247
18.954297,76.2012,11.9531,11.9531,0,0,19.049114,198559247
18.956272,76.2012,11.9531,11.9531,0,0,19.049114,198559247
18.958280,76.2012,11.9531,11.9531,0,0,19.049114,198559247
18.960256,76.2012,11.9531,11.9531,0,0,19.049114,198559247
18.962327,76.2012,11.7773,11.7773,0,0,19.049114,198559247
18.964302,76.2012,11.7773,11.7773,0,0,19.049114,198559247
18.966280,76.2012,11.7773,11.7773,0,0,19.049114,198559247
18.968256,76.2012,11.7773,11.7773,0,0,19.049114,198559247
18.970327,76.2012,11.7773,11.7773,0,0,19.049114,198559247
18.972302,76.2012,11.7773,11.7773,0,0,19.049114,198559247
18.974280,76.2012,11.7773,11.7773,0,0,19.049114,198559247
18.976256,76.2012,11.7773,11.7773,0,0,19.049114,198559247
18.978336,76.2012,11.7773,11.7773,0,0,19.049114,198559247
18.980315,76.2012,11.7773,11.7773,0,0,19.049114,198559247
18.982294,76.2012,11.7773,11.7773,0,0,19.049114,198559247
18.984268,76.2012,11.7773,11.7773,0,0,19.049114,198559247
18.986339,76.2012,11.7773,11.7773,0,0,19.049114,198559247
18.988315,76.2012,11.7773,11.7773,0,0,19.049114,198559247
18.990293,76.2012,11.7773,11.7773,0,0,19.049114,198559247
18.992267,76.2012,11.7773,11.7773,0,0,19.049114,198559247
18.994339,76.2012,11.7773,11.7773,0,0,19.049114,198559247
18.996315,76.2012,11.7773,11.7773,0,0,19.049114,198559247
18.998293,76.2012,11.7773,11.7773,0,0,19.049114,198559247
19.000267,76.2012,11.7773,11.7773,0,0,19.049114,198559247
19.002339,76.2012,11.7773,11.7773,0,0,19.049114,198559247
19.004315,76.2012,11.7773,11.7773,0,0,19.049114,198559247
19.006293,76.2012,11.7773,11.7773,0,0,19.049114,198559247
19.008267,76.2012,11.7773,11.7773,0,0,19.049114,198559247
19.010339,76.2012,11.7773,11.7773,0,0,19.049114,198559247
19.012315,76.2012,11.7773,11.7773,0,0,19.049114,198559247
19.014293,76.2012,11.7773,11.7773,0,0,19.049114,198559247
19.016267,76.2012,11.7773,11.7773,0,0,19.049114,198559247
19.018339,76.2012,11.7773,11.7773,0,0,19.049114,198559247
19.020315,76.2012,11.7773,11.7773,0,0,19.049114,198559247
19.022293,76.2012,11.7773,11.7773,0,0,19.049114,198559247
19.024267,76.2012,11.7773,11.7773,0,0,19.049114,198559247
19.026339,76.2012,11.7773,11.7773,0,0,19.049114,198559247
19.028359,76.2012,11.7773,11.7773,0,0,19.049114,198559247
19.030297,76.2012,11.7773,11.7773,0,0,19.049114,198559247
19.032319,76.2012,11.7773,11.7773,0,0,19.049114,198559247
19.034315,76.2012,11.7773,11.7773,0,0,19.049114,198559247
19.036277,76.2012,11.7773,11.7773,0,0,19.049114,198559247
19.038321,76.2012,11.7773,11.7773,0,0,19.049114,198559247
19.040315,76.2012,11.7773,11.7773,0,0,19.049114,198559247
19.044332,76.2012,11.7773,11.7773,0,0,19.288846,198804639
19.044887,76.2012,11.7773,11.7773,0,0,19.288846,198804639
19.046275,76.2012,11.7773,11.7773,0,0,19.288846,198804639
19.048290,76.2012,11.7773,11.7773,0,0,19.288846,198804639
19.050267,76.2012,11.7773,11.7773,0,0,19.288846,198804639
19.054242,76.2012,11.7773,11.7773,0,0,19.288846,198804639
19.054708,76.2012,11.7773,11.7773,0,0,19.288846,198804639
19.056303,76.2012,11.7773,11.7773,0,0,19.288846,198804639
19.058345,76.2012,11.7773,11.7773,0,0,19.288846,198804639
19.060285,76.2012,11.7773,11.7773,0,0,19.288846,198804639
19.062310,76.2012,11.7773,11.7773,0,0,19.288846,198804639
19.064322,76.2012,11.7773,11.7773,0,0,19.288846,198804639
19.066272,76.2012,11.7773,11.7773,0,0,19.288846,198804639
19.068317,76.2012,11.7773,11.7773,0,0,19.288846,198804639
19.070266,76.2012,11.7773,11.7773,0,0,19.288846,198804639
19.072276,76.2012,11.7773,11.7773,0,0,19.288846,198804639
19.074335,76.2012,11.7773,11.7773,0,0,19.288846,198804639
19.076300,76.2012,11.7773,11.7773,0,0,19.288846,198804639
19.078291,76.2012,11.7773,11.7773,0,0,19.288846,198804639
19.080350,76.2012,11.7773,11.7773,0,0,19.288846,198804639
19.082313,76.2012,11.7773,11.7773,0,0,19.288846,198804639
19.084277,76.2012,11.7773,11.7773,0,0,19.288846,198804639
19.086335,76.2012,11.7773,11.7773,0,0,19.288846,198804639
19.088300,76.2012,11.7773,11.7773,0,0,19.288846,198804639
19.090262,76.2012,11.7773,11.7773,0,0,19.288846,198804639
19.092323,76.2012,11.7773,11.7773,0,0,19.288846,198804639
19.094292,76.2012,11.7773,11.7773,0,0,19.288846,198804639
19.096350,76.2012,11.7773,11.7773,0,0,19.288846,198804639
19.098313,76.2012,11.7773,11.7773,0,0,19.288846,198804639
19.100277,76.2012,11.7773,11.7773,0,0,19.288846,198804639
19.102335,76.2012,11.7773,11.7773,0,0,19.288846,198804639
19.104300,76.2012,11.9531,11.9531,0,0,19.288846,198804639
19.106262,76.2012,11.9531,11.9531,0,0,19.288846,198804639
19.108323,76.2012,11.9531,11.9531,0,0,19.288846,198804639
19.110292,76.2012,11.9531,11.9531,0,0,19.288846,198804639
19.112350,76.2012,11.9531,11.9531,0,0,19.288846,198804639
19.114313,76.2012,11.9531,11.9531,0,0,19.288846,198804639
19.116277,76.2012,11.9531,11.9531,0,0,19.288846,198804639
19.118335,76.2012,11.9531,11.9531,0,0,19.288846,198804639
19.120300,76.2012,11.9531,11.9531,0,0,19.288846,198804639
19.122262,76.2012,11.9531,11.9531,0,0,19.288846,198804639
19.124323,76.2012,11.9531,11.9531,0,0,19.288846,198804639
19.126292,76.2012,11.9531,11.9531,0,0,19.288846,198804639
19.128350,76.2012,11.9531,11.9531,0,0,19.288846,198804639
19.130313,76.2012,11.9531,11.9531,0,0,19.288846,198804639
19.132277,76.2012,11.9531,11.9531,0,0,19.288846,198804639
19.134335,76.2012,11.9531,11.9531,0,0,19.288846,198804639
19.136300,76.2012,11.9531,11.9531,0,0,19.288846,198804639
19.138262,76.2012,11.9531,11.9531,0,0,19.288846,198804639
19.140323,76.2012,11.9531,11.9531,0,0,19.288846,198804639
19.142292,76.2012,11.9531,11.9531,0,0,19.288846,198804639
19.144350,76.2012,11.9531,11.9531,0,0,19.288846,198804639
19.146313,76.2012,11.9531,11.9531,0,0,19.288846,198804639
19.148277,76.2012,11.9531,11.9531,0,0,19.288846,198804639
19.150335,76.2012,11.9531,11.9531,0,0,19.288846,198804639
19.153901,76.2012,11.9531,11.9531,0,0,19.288846,198804639
19.154287,76.2012,11.9531,11.9531,0,0,19.288846,198804639
19.156350,76.2012,11.9531,11.9531,0,0,19.288846,198804639
19.158285,76.2012,11.9531,11.9531,0,0,19.288846,198804639
19.160262,76.2012,11.9531,11.9531,0,0,19.288846,198804639
19.162270,76.2012,11.9531,11.9531,0,0,19.288846,198804639
19.164332,76.2012,11.9531,11.9531,0,0,19.288846,198804639
19.166298,76.2012,11.9531,11.9531,0,0,19.288846,198804639
19.168262,76.2012,11.9531,11.9531,0,0,19.288846,198804639
19.170323,76.2012,11.9531,11.9531,0,0,19.288846,198804639
19.172291,76.2012,12.1289,12.1289,0,0,19.288846,198804639
19.174350,76.2012,12.1289,12.1289,0,0,19.288846,198804639
19.176313,76.2012,12.1289,12.1289,0,0,19.288846,198804639
19.178283,76.2012,12.1289,12.1289,0,0,19.288846,198804639
19.180340,76.2012,12.1289,12.1289,0,0,19.288846,198804639
19.182302,76.2012,12.1289,12.1289,0,0,19.288846,198804639
19.184267,76.2012,12.1289,12.1289,0,0,19.288846,198804639
19.186327,76.2012,12.1289,12.1289,0,0,19.288846,198804639
19.188292,76.2012,12.1289,12.1289,0,0,19.288846,198804639
19.190350,76.2012,12.1289,12.1289,0,0,19.288846,198804639
19.192313,76.2012,12.1289,12.1289,0,0,19.288846,198804639
19.194301,76.2012,12.1289,12.1289,0,0,19.288846,198804639
19.196266,76.2012,12.1289,12.1289,0,0,19.288846,198804639
19.198327,76.2012,12.1289,12.1289,0,0,19.288846,198804639
19.200292,76.2012,12.1289,12.1289,0,0,19.288846,198804639
19.202350,76.2012,12.1289,12.1289,0,0,19.288846,198804639
19.204313,76.2012,12.1289,12.1289,0,0,19.288846,198804639
19.206277,76.2012,12.1289,12.1289,0,0,19.288846,198804639
19.208335,76.2012,12.1289,12.1289,0,0,19.288846,198804639
19.210300,76.2012,12.1289,12.1289,0,0,19.288846,198804639
19.212262,76.2012,12.3047,12.3047,0,0,19.288846,198804639
19.214323,76.2012,12.3047,12.3047,0,0,19.288846,198804639
19.216292,76.2012,12.3047,12.3047,0,0,19.288846,198804639
19.218350,76.2012,12.3047,12.3047,0,0,19.288846,198804639
19.220313,76.2012,12.3047,12.3047,0,0,19.288846,198804639
19.222277,76.2012,12.3047,12.3047,0,0,19.288846,198804639
19.224335,76.2012,12.3047,12.3047,0,0,19.288846,198804639
19.226300,76.2012,12.3047,12.3047,0,0,19.288846,198804639
19.228262,76.2012,12.3047,12.3047,0,0,19.288846,198804639
19.230323,76.2012,12.3047,12.3047,0,0,19.288846,198804639
19.232292,76.2012,12.3047,12.3047,0,0,19.288846,198804639
19.234350,76.2012,12.3047,12.3047,0,0,19.288846,198804639
19.236313,76.2012,12.3047,12.3047,0,0,19.288846,198804639
19.238277,76.2012,12.3047,12.3047,0,0,19.288846,198804639
19.240335,76.2012,12.3047,12.3047,0,0,19.288846,198804639
19.242300,76.2012,12.3047,12.3047,0,0,19.288846,198804639
19.244262,76.2012,12.3047,12.3047,0,0,19.288846,198804639
19.246323,76.2012,12.3047,12.3047,0,0,19.288846,198804639
19.248292,76.2012,12.3047,12.3047,0,0,19.288846,198804639
19.250350,76.2012,12.3047,12.3047,0,0,19.288846,198804639
19.253741,76.2012,12.3047,12.3047,0,0,19.288846,198804639
19.254306,76.2012,12.3047,12.3047,0,0,19.288846,198804639
19.256270,76.2012,12.3047,12.3047,0,0,19.288846,198804639
19.258332,76.2012,12.3047,12.3047,0,0,19.288846,198804639
19.260346,76.2012,12.3047,12.3047,0,0,19.288846,198804639
19.262334,76.2012,12.3047,12.3047,0,0,19.288846,198804639
19.264300,76.2012,12.3047,12.3047,0,0,19.288846,198804639
19.266262,76.2012,12.3047,12.3047,0,0,19.288846,198804639
19.268323,76.2012,12.3047,12.3047,0,0,19.288846,198804639
19.270292,76.2012,12.3047,12.3047,0,0,19.288846,198804639
19.272269,76.2012,12.3047,12.3047,0,0,19.288846,198804639
19.274320,76.2012,12.3047,12.3047,0,0,19.288846,198804639
19.276283,76.2012,12.3047,12.3047,0,0,19.288846,198804639
19.278294,76.2012,12.3047,12.3047,0,0,19.288846,198804639
19.280268,76.2012,12.3047,12.3047,0,0,19.288846,198804639
19.282300,76.2012,12.3047,12.3047,0,0,19.288846,198804639
19.284326,76.2012,12.3047,12.3047,0,0,19.288846,198804639
19.286256,76.2012,12.3047,12.3047,0,0,19.530821,199047544
19.289872,76.2012,12.3047,12.3047,0,0,19.530821,199047544
19.290282,76.2012,12.3047,12.3047,0,0,19.530821,199047544
19.292323,76.2012,12.3047,12.3047,0,0,19.530821,199047544
19.294264,76.2012,12.3047,12.3047,0,0,19.530821,199047544
19.296256,76.2012,12.3047,12.3047,0,0,19.530821,199047544
19.298262,76.2012,12.3047,12.3047,0,0,19.530821,199047544
19.300321,76.2012,12.3047,12.3047,0,0,19.530821,199047544
19.302275,76.2012,12.3047,12.3047,0,0,19.530821,199047544
19.304469,76.2012,12.3047,12.3047,0,0,19.530821,199047544
19.306297,76.2012,12.3047,12.3047,0,0,19.530821,199047544
19.308332,76.2012,12.3047,12.3047,0,0,19.530821,199047544
19.310321,76.2012,12.3047,12.3047,0,0,19.530821,199047544
19.312255,76.2012,12.3047,12.3047,0,0,19.530821,199047544
19.314332,76.2012,12.3047,12.3047,0,0,19.530821,199047544
19.316287,76.2012,12.3047,12.3047,0,0,19.530821,199047544
19.318331,76.2012,12.3047,12.3047,0,0,19.530821,199047544
19.320295,76.2012,12.3047,12.3047,0,0,19.530821,199047544
19.322338,76.2012,12.3047,12.3047,0,0,19.530821,199047544
19.324301,76.2012,12.3047,12.3047,0,0,19.530821,199047544
19.326258,76.2012,12.3047,12.3047,0,0,19.530821,199047544
19.328303,76.2012,12.3047,12.3047,0,0,19.530821,199047544
19.330265,76.2012,12.3047,12.3047,0,0,19.530821,199047544
19.332309,76.2012,12.3047,12.3047,0,0,19.530821,199047544
19.334277,76.2012,12.3047,12.3047,0,0,19.530821,199047544
19.336321,76.2012,12.3047,12.3047,0,0,19.530821,199047544
19.338283,76.2012,12.3047,12.3047,0,0,19.530821,199047544
19.340327,76.2012,12.3047,12.3047,0,0,19.530821,199047544
19.342293,76.2012,12.3047,12.3047,0,0,19.530821,199047544
19.344338,76.2012,12.3047,12.3047,0,0,19.530821,199047544
19.346301,76.2012,12.3047,12.3047,0,0,19.530821,199047544
19.348258,76.2012,12.3047,12.3047,0,0,19.530821,199047544
19.350303,76.2012,12.3047,12.3047,0,0,19.530821,199047544
19.354279,76.2012,12.3047,12.3047,0,0,19.530821,199047544
19.354601,76.2012,12.3047,12.3047,0,0,19.530821,199047544
19.356294,76.2012,12.3047,12.3047,0,0,19.530821,199047544
19.358257,76.2012,12.3047,12.3047,0,0,19.530821,199047544
19.360301,76.2012,12.3047,12.3047,0,0,19.530821,199047544
19.362291,76.2012,12.3047,12.3047,0,0,19.530821,199047544
19.364291,76.2012,12.3047,12.3047,0,0,19.530821,199047544
19.366283,76.2012,12.3047,12.3047,0,0,19.530821,199047544
19.368327,76.2012,12.3047,12.3047,0,0,19.530821,199047544
19.370293,76.2012,12.3047,12.3047,0,0,19.530821,199047544
19.372338,76.2012,12.3047,12.3047,0,0,19.530821,199047544
19.374300,76.2012,12.3047,12.3047,0,0,19.530821,199047544
19.376257,76.2012,12.3047,12.3047,0,0,19.530821,199047544
19.378312,76.2012,12.3047,12.3047,0,0,19.530821,199047544
19.380277,76.2012,12.3047,12.3047,0,0,19.530821,199047544
19.382321,76.2012,12.3047,12.3047,0,0,19.530821,199047544
19.384283,76.2012,12.3047,12.3047,0,0,19.530821,199047544
19.386327,76.2012,12.3047,12.3047,0,0,19.530821,199047544
19.388293,76.2012,12.3047,12.3047,0,0,19.530821,199047544
19.390338,76.2012,12.3047,12.3047,0,0,19.530821,199047544
19.392301,76.2012,12.3047,12.3047,0,0,19.530821,199047544
19.394258,76.2012,12.3047,12.3047,0,0,19.530821,199047544
19.396303,76.2012,12.3047,12.3047,0,0,19.530821,199047544
19.398265,76.2012,12.3047,12.3047,0,0,19.530821,199047544
19.400309,76.2012,12.3047,12.3047,0,0,19.530821,199047544
19.402277,76.2012,12.3047,12.3047,0,0,19.530821,199047544
19.404321,76.2012,12.3047,12.3047,0,0,19.530821,199047544
19.406283,76.2012,12.3047,12.3047,0,0,19.530821,199047544
19.408327,76.2012,12.3047,12.3047,0,0,19.530821,199047544
19.410293,76.2012,12.3047,12.3047,0,0,19.530821,199047544
19.412338,76.2012,12.3047,12.3047,0,0,19.530821,199047544
19.414301,76.2012,12.3047,12.3047,0,0,19.530821,199047544
19.416258,76.2012,12.3047,12.3047,0,0,19.530821,199047544
19.418303,76.2012,12.3047,12.3047,0,0,19.530821,199047544
19.420265,76.2012,12.3047,12.3047,0,0,19.530821,199047544
19.422309,76.2012,12.3047,12.3047,0,0,19.530821,199047544
19.424277,76.2012,12.3047,12.3047,0,0,19.530821,199047544
19.426320,76.2012,12.1289,12.1289,0,0,19.530821,199047544
19.428283,76.2012,12.1289,12.1289,0,0,19.530821,199047544
19.430325,76.2012,12.1289,12.1289,0,0,19.530821,199047544
19.432293,76.2012,12.1289,12.1289,0,0,19.530821,199047544
19.434338,76.2012,12.1289,12.1289,0,0,19.530821,199047544
19.436301,76.2012,12.1289,12.1289,0,0,19.530821,199047544
19.438257,76.2012,12.1289,12.1289,0,0,19.530821,199047544
19.440302,76.2012,12.1289,12.1289,0,0,19.530821,199047544
19.442265,76.2012,12.1289,12.1289,0,0,19.530821,199047544
19.444310,76.2012,12.1289,12.1289,0,0,19.530821,199047544
19.446277,76.2012,12.1289,12.1289,0,0,19.530821,199047544
19.448321,76.2012,12.1289,12.1289,0,0,19.530821,199047544
19.450283,76.2012,12.1289,12.1289,0,0,19.530821,199047544
19.453769,76.2012,12.1289,12.1289,0,0,19.530821,199047544
19.454309,76.2012,12.1289,12.1289,0,0,19.530821,199047544
19.456266,76.2012,12.1289,12.1289,0,0,19.530821,199047544
19.458310,76.2012,12.1289,12.1289,0,0,19.530821,199047544
19.460277,76.2012,12.1289,12.1289,0,0,19.530821,199047544
19.462321,76.2012,12.1289,12.1289,0,0,19.530821,199047544
19.464283,76.2012,12.1289,12.1289,0,0,19.530821,199047544
19.466283,76.2012,12.1289,12.1289,0,0,19.530821,199047544
19.468343,76.2012,12.1289,12.1289,0,0,19.530821,199047544
19.470308,76.2012,12.1289,12.1289,0,0,19.530821,199047544
19.472266,76.2012,12.1289,12.1289,0,0,19.530821,199047544
19.474310,76.2012,12.1289,12.1289,0,0,19.530821,199047544
19.476277,76.2012,11.9531,11.9531,0,0,19.530821,199047544
19.478338,76.2012,11.9531,11.9531,0,0,19.530821,199047544
19.480301,76.2012,11.9531,11.9531,0,0,19.530821,199047544
19.482257,76.2012,11.9531,11.9531,0,0,19.530821,199047544
19.484302,76.2012,11.9531,11.9531,0,0,19.530821,199047544
19.486265,76.2012,11.9531,11.9531,0,0,19.530821,199047544
19.488310,76.2012,11.9531,11.9531,0,0,19.530821,199047544
19.490277,76.2012,11.9531,11.9531,0,0,19.530821,199047544
19.492321,76.2012,11.9531,11.9531,0,0,19.530821,199047544
19.494283,76.2012,11.9531,11.9531,0,0,19.530821,199047544
19.496327,76.2012,11.9531,11.9531,0,0,19.530821,199047544
19.498293,76.2012,11.9531,11.9531,0,0,19.530821,199047544
19.500338,76.2012,11.9531,11.9531,0,0,19.530821,199047544
19.502301,76.2012,11.9531,11.9531,0,0,19.530821,199047544
19.504258,76.2012,11.9531,11.9531,0,0,19.530821,199047544
19.506303,76.2012,11.9531,11.9531,0,0,19.530821,199047544
19.508265,76.2012,11.9531,11.9531,0,0,19.530821,199047544
19.510309,76.2012,11.9531,11.9531,0,0,19.530821,199047544
19.512277,76.2012,11.9531,11.9531,0,0,19.530821,199047544
19.514321,76.2012,11.9531,11.9531,0,0,19.530821,199047544
19.516283,76.2012,11.9531,11.9531,0,0,19.530821,199047544
19.518333,76.2012,11.9531,11.9531,0,0,19.530821,199047544
19.520337,76.2012,11.9531,11.9531,0,0,19.530821,199047544
19.522323,76.2012,11.9531,11.9531,0,0,19.530821,199047544
19.524296,76.2012,11.9531,11.9531,0,0,19.530821,199047544
19.526317,76.2012,11.9531,11.9531,0,0,19.530821,199047544
19.528302,76.2012,11.9531,11.9531,0,0,19.530821,199047544
19.532392,76.2012,11.9531,11.9531,0,0,19.766259,199284454
19.533034,76.2012,11.9531,11.9531,0,0,19.766259,199284454
19.534261,76.2012,11.9531,11.9531,0,0,19.766259,199284454
19.536292,76.2012,11.9531,11.9531,0,0,19.766259,199284454
19.538270,76.2012,11.9531,11.9531,0,0,19.766259,199284454
19.540303,76.2012,11.9531,11.9531,0,0,19.766259,199284454
19.542315,76.2012,11.9531,11.9531,0,0,19.766259,199284454
19.544323,76.2012,11.9531,11.9531,0,0,19.766259,199284454
19.546495,76.2012,11.9531,11.9531,0,0,19.766259,199284454
19.548331,76.2012,11.9531,11.9531,0,0,19.766259,199284454
19.550257,76.2012,11.9531,11.9531,0,0,19.766259,199284454
19.554825,76.2012,11.9531,11.9531,0,0,19.766259,199284454
19.555168,76.2012,11.9531,11.9531,0,0,19.766259,199284454
19.556261,76.2012,11.9531,11.9531,0,0,19.766259,199284454
19.558334,76.2012,11.9531,11.9531,0,0,19.766259,199284454
19.560313,76.2012,11.9531,11.9531,0,0,19.766259,199284454
19.562288,76.2012,11.9531,11.9531,0,0,19.766259,199284454
19.564264,76.2012,11.9531,11.9531,0,0,19.766259,199284454
19.566337,76.2012,11.9531,11.9531,0,0,19.766259,199284454
19.568323,76.2012,11.9531,11.9531,0,0,19.766259,199284454
19.570302,76.2012,11.9531,11.9531,0,0,19.766259,199284454
19.572314,76.2012,11.9531,11.9531,0,0,19.766259,199284454
19.574293,76.2012,11.9531,11.9531,0,0,19.766259,199284454
19.576267,76.2012,11.9531,11.9531,0,0,19.766259,199284454
19.578257,76.2012,11.9531,11.9531,0,0,19.766259,199284454
19.580327,76.2012,11.9531,11.9531,0,0,19.766259,199284454
19.582302,76.2012,11.9531,11.9531,0,0,19.766259,199284454
19.584280,76.2012,11.9531,11.9531,0,0,19.766259,199284454
19.586256,76.2012,11.9531,11.9531,0,0,19.766259,199284454
19.588327,76.2012,11.9531,11.9531,0,0,19.766259,199284454
19.590302,76.2012,11.9531,11.9531,0,0,19.766259,199284454
19.592280,76.2012,11.9531,11.9531,0,0,19.766259,199284454
19.594256,76.2012,11.9531,11.9531,0,0,19.766259,199284454
19.596327,76.2012,11.9531,11.9531,0,0,19.766259,199284454
19.598302,76.2012,11.9531,11.9531,0,0,19.766259,199284454
19.600280,76.2012,11.9531,11.9531,0,0,19.766259,199284454
19.602256,76.2012,11.9531,11.9531,0,0,19.766259,199284454
19.604327,76.2012,11.9531,11.9531,0,0,19.766259,199284454
19.606302,76.2012,11.9531,11.9531,0,0,19.766259,199284454
19.608280,76.2012,11.9531,11.9531,0,0,19.766259,199284454
19.610256,76.2012,11.9531,11.9531,0,0,19.766259,199284454
19.612327,76.2012,11.9531,11.9531,0,0,19.766259,199284454
19.614302,76.2012,11.9531,11.9531,0,0,19.766259,199284454
19.616280,76.2012,11.9531,11.9531,0,0,19.766259,199284454
19.618256,76.2012,11.9531,11.9531,0,0,19.766259,199284454
19.620327,76.2012,11.9531,11.9531,0,0,19.766259,199284454
19.622302,76.2012,11.9531,11.9531,0,0,19.766259,199284454
19.624280,76.2012,11.9531,11.9531,0,0,19.766259,199284454
19.626256,76.2012,11.9531,11.9531,0,0,19.766259,199284454
19.628327,76.2012,11.9531,11.9531,0,0,19.766259,199284454
19.630302,76.2012,11.9531,11.9531,0,0,19.766259,199284454
19.632280,76.2012,11.9531,11.9531,0,0,19.766259,199284454
19.634256,76.2012,11.9531,11.9531,0,0,19.766259,199284454
19.636327,76.2012,11.9531,11.9531,0,0,19.766259,199284454
19.638302,76.2012,11.9531,11.9531,0,0,19.766259,199284454
19.640280,76.2012,11.9531,11.9531,0,0,19.766259,199284454
19.642256,76.2012,11.9531,11.9531,0,0,19.766259,199284454
19.644327,76.2012,11.9531,11.9531,0,0,19.766259,199284454
19.646302,76.2012,11.9531,11.9531,0,0,19.766259,199284454
19.648280,76.2012,11.9531,11.9531,0,0,19.766259,199284454
19.650256,76.2012,11.9531,11.9531,0,0,19.766259,199284454
19.653742,76.2012,11.9531,11.9531,0,0,19.766259,199284454
19.654308,76.2012,11.9531,11.9531,0,0,19.766259,199284454
19.656285,76.2012,11.9531,11.9531,0,0,19.766259,199284454
19.658261,76.2012,11.9531,11.9531,0,0,19.766259,199284454
19.660334,76.2012,11.9531,11.9531,0,0,19.766259,199284454
19.662313,76.2012,11.9531,11.9531,0,0,19.766259,199284454
19.664288,76.2012,11.9531,11.9531,0,0,19.766259,199284454
19.666264,76.2012,11.9531,11.9531,0,0,19.766259,199284454
19.668337,76.2012,11.9531,11.9531,0,0,19.766259,199284454
19.670272,76.2012,11.9531,11.9531,0,0,19.766259,199284454
19.672278,76.2012,11.9531,11.9531,0,0,19.766259,199284454
19.674351,76.2012,11.9531,11.9531,0,0,19.766259,199284454
19.676323,76.2012,11.9531,11.9531,0,0,19.766259,199284454
19.678306,76.2012,11.9531,11.9531,0,0,19.766259,199284454
19.680281,76.2012,11.9531,11.9531,0,0,19.766259,199284454
19.682261,76.2012,11.9531,11.9531,0,0,19.766259,199284454
19.684334,76.2012,11.9531,11.9531,0,0,19.766259,199284454
19.686312,76.2012,11.9531,11.9531,0,0,19.766259,199284454
19.688287,76.2012,11.9531,11.9531,0,0,19.766259,199284454
19.690264,76.2012,11.9531,11.9531,0,0,19.766259,199284454
19.692337,76.2012,11.9531,11.9531,0,0,19.766259,199284454
19.694294,76.2012,11.9531,11.9531,0,0,19.766259,199284454
19.696268,76.2012,11.9531,11.9531,0,0,19.766259,199284454
19.698339,76.2012,11.9531,11.9531,0,0,19.766259,199284454
19.700315,76.2012,11.9531,11.9531,0,0,19.766259,199284454
19.702293,76.2012,11.9531,11.9531,0,0,19.766259,199284454
19.704267,76.2012,11.9531,11.9531,0,0,19.766259,199284454
19.706339,76.2012,11.9531,11.9531,0,0,19.766259,199284454
19.708315,76.2012,11.9531,11.9531,0,0,19.766259,199284454
19.710293,76.2012,11.9531,11.9531,0,0,19.766259,199284454
19.712267,76.2012,11.9531,11.9531,0,0,19.766259,199284454
19.714339,76.2012,11.9531,11.9531,0,0,19.766259,199284454
19.716315,76.2012,11.9531,11.9531,0,0,19.766259,199284454
19.718293,76.2012,11.9531,11.9531,0,0,19.766259,199284454
19.720267,76.2012,11.9531,11.9531,0,0,19.766259,199284454
19.722339,76.2012,11.9531,11.9531,0,0,19.766259,199284454
19.724315,76.2012,11.9531,11.9531,0,0,19.766259,199284454
19.726293,76.2012,11.9531,11.9531,0,0,19.766259,199284454
19.728267,76.2012,11.9531,11.9531,0,0,19.766259,199284454
19.730339,76.2012,11.9531,11.9531,0,0,19.766259,199284454
19.732315,76.2012,11.9531,11.9531,0,0,19.766259,199284454
19.734293,76.2012,11.9531,11.9531,0,0,19.766259,199284454
19.736267,76.2012,11.9531,11.9531,0,0,19.766259,199284454
19.738339,76.2012,11.9531,11.9531,0,0,19.766259,199284454
19.740315,76.2012,11.9531,11.9531,0,0,19.766259,199284454
19.742293,76.2012,12.1289,12.1289,0,0,19.766259,199284454
19.744267,76.2012,12.1289,12.1289,0,0,19.766259,199284454
19.746339,76.2012,12.1289,12.1289,0,0,19.766259,199284454
19.748315,76.2012,12.1289,12.1289,0,0,19.766259,199284454
19.750293,76.2012,12.1289,12.1289,0,0,19.766259,199284454
19.753784,76.2012,12.1289,12.1289,0,0,19.766259,199284454
19.754350,76.2012,12.1289,12.1289,0,0,19.766259,199284454
19.756336,76.2012,12.1289,12.1289,0,0,19.766259,199284454
19.758315,76.2012,12.1289,12.1289,0,0,19.766259,199284454
19.760318,76.2012,12.1289,12.1289,0,0,19.766259,199284454
19.762334,76.2012,12.1289,12.1289,0,0,19.766259,199284454
19.764264,76.2012,12.1289,12.1289,0,0,19.766259,199284454
19.769529,76.2012,12.1289,12.1289,0,0,20.078646,199535551
19.770067,76.2012,12.1289,12.1289,0,0,20.078646,199535551
19.770380,76.2012,12.1289,12.1289,0,0,20.078646,199535551
19.772333,76.2012,12.1289,12.1289,0,0,20.078646,199535551
19.774317,76.2012,12.1289,12.1289,0,0,20.078646,199535551
19.776279,76.2012,12.1289,12.1289,0,0,20.078646,199535551
19.778478,76.2012,12.1289,12.1289,0,0,20.078646,199535551
19.780273,76.2012,12.1289,12.1289,0,0,20.078646,199535551
19.782698,76.2012,12.1289,12.1289,0,0,20.078646,199535551
19.784316,76.2012,12.1289,12.1289,0,0,20.078646,199535551
19.786309,76.2012,12.1289,12.1289,0,0,20.078646,199535551
19.788307,76.2012,12.1289,12.1289,0,0,20.078646,199535551
19.790285,76.2012,12.1289,12.1289,0,0,20.078646,199535551
19.792261,76.2012,12.1289,12.1289,0,0,20.078646,199535551
19.794334,76.2012,12.1289,12.1289,0,0,20.078646,199535551
19.796313,76.2012,12.1289,12.1289,0,0,20.078646,199535551
19.798288,76.2012,12.1289,12.1289,0,0,20.078646,199535551
19.800264,76.2012,12.1289,12.1289,0,0,20.078646,199535551
19.802337,76.2012,12.1289,12.1289,0,0,20.078646,199535551
19.804315,76.2012,12.1289,12.1289,0,0,20.078646,199535551
19.806293,76.2012,12.1289,12.1289,0,0,20.078646,199535551
19.808267,76.2012,12.3047,12.3047,0,0,20.078646,199535551
19.810339,76.2012,12.3047,12.3047,0,0,20.078646,199535551
19.812315,76.2012,12.3047,12.3047,0,0,20.078646,199535551
19.814293,76.2012,12.3047,12.3047,0,0,20.078646,199535551
19.816267,76.2012,12.3047,12.3047,0,0,20.078646,199535551
19.818339,76.2012,12.3047,12.3047,0,0,20.078646,199535551
19.820315,76.2012,12.3047,12.3047,0,0,20.078646,199535551
19.822293,76.2012,12.3047,12.3047,0,0,20.078646,199535551
19.824267,76.2012,12.3047,12.3047,0,0,20.078646,199535551
19.826339,76.2012,12.3047,12.3047,0,0,20.078646,199535551
19.828315,76.2012,12.3047,12.3047,0,0,20.078646,199535551
19.830293,76.2012,12.3047,12.3047,0,0,20.078646,199535551
19.832267,76.2012,12.3047,12.3047,0,0,20.078646,199535551
19.834339,76.2012,12.3047,12.3047,0,0,20.078646,199535551
19.836315,76.2012,12.3047,12.3047,0,0,20.078646,199535551
19.838293,76.2012,12.3047,12.3047,0,0,20.078646,199535551
19.840267,76.2012,12.3047,12.3047,0,0,20.078646,199535551
19.842339,76.2012,12.3047,12.3047,0,0,20.078646,199535551
19.844315,76.2012,12.3047,12.3047,0,0,20.078646,199535551
19.846293,76.2012,12.3047,12.3047,0,0,20.078646,199535551
19.848267,76.2012,12.3047,12.3047,0,0,20.078646,199535551
19.850339,76.2012,12.3047,12.3047,0,0,20.078646,199535551
19.854227,76.2012,12.3047,12.3047,0,0,20.078646,199535551
19.854557,76.2012,12.3047,12.3047,0,0,20.078646,199535551
19.856344,76.2012,12.3047,12.3047,0,0,20.078646,199535551
19.858320,76.2012,12.3047,12.3047,0,0,20.078646,199535551
19.860300,76.2012,12.3047,12.3047,0,0,20.078646,199535551
19.862277,76.2012,12.3047,12.3047,0,0,20.078646,199535551
19.864349,76.2012,12.3047,12.3047,0,0,20.078646,199535551
19.866322,76.2012,12.3047,12.3047,0,0,20.078646,199535551
19.868300,76.2012,12.3047,12.3047,0,0,20.078646,199535551
19.870277,76.2012,12.3047,12.3047,0,0,20.078646,199535551
19.872349,76.2012,12.3047,12.3047,0,0,20.078646,199535551
19.874259,76.2012,12.3047,12.3047,0,0,20.078646,199535551
19.876304,76.2012,12.3047,12.3047,0,0,20.078646,199535551
19.878296,76.2012,12.3047,12.3047,0,0,20.078646,199535551
19.880272,76.2012,12.3047,12.3047,0,0,20.078646,199535551
19.882344,76.2012,12.3047,12.3047,0,0,20.078646,199535551
19.884260,76.2012,12.3047,12.3047,0,0,20.078646,199535551
19.886334,76.2012,12.3047,12.3047,0,0,20.078646,199535551
19.888313,76.2012,12.3047,12.3047,0,0,20.078646,199535551
19.890288,76.2012,12.3047,12.3047,0,0,20.078646,199535551
19.892264,76.2012,12.3047,12.3047,0,0,20.078646,199535551
19.894337,76.2012,12.3047,12.3047,0,0,20.078646,199535551
19.896315,76.2012,12.3047,12.3047,0,0,20.078646,199535551
19.898293,76.2012,12.3047,12.3047,0,0,20.078646,199535551
19.900267,76.2012,12.3047,12.3047,0,0,20.078646,199535551
19.902339,76.2012,12.3047,12.3047,0,0,20.078646,199535551
19.904315,76.2012,12.3047,12.3047,0,0,20.078646,199535551
19.906293,76.2012,12.3047,12.3047,0,0,20.078646,199535551
19.908267,76.2012,12.3047,12.3047,0,0,20.078646,199535551
19.910339,76.2012,12.3047,12.3047,0,0,20.078646,199535551
19.912315,76.2012,12.3047,12.3047,0,0,20.078646,199535551
19.914293,76.2012,12.3047,12.3047,0,0,20.078646,199535551
19.916267,76.2012,12.3047,12.3047,0,0,20.078646,199535551
19.918339,76.2012,12.3047,12.3047,0,0,20.078646,199535551
19.920315,76.2012,12.3047,12.3047,0,0,20.078646,199535551
19.922293,76.2012,12.3047,12.3047,0,0,20.078646,199535551
19.924267,76.2012,12.3047,12.3047,0,0,20.078646,199535551
19.926339,76.2012,12.3047,12.3047,0,0,20.078646,199535551
19.928315,76.2012,12.3047,12.3047,0,0,20.078646,199535551
19.930293,76.2012,12.3047,12.3047,0,0,20.078646,199535551
19.932267,76.2012,12.3047,12.3047,0,0,20.078646,199535551
19.934339,76.2012,12.3047,12.3047,0,0,20.078646,199535551
19.936315,76.2012,12.3047,12.3047,0,0,20.078646,199535551
19.938293,76.2012,12.3047,12.3047,0,0,20.078646,199535551
19.940267,76.2012,12.3047,12.3047,0,0,20.078646,199535551
19.942339,76.2012,12.3047,12.3047,0,0,20.078646,199535551
19.944315,76.2012,12.3047,12.3047,0,0,20.078646,199535551
19.946293,76.2012,12.3047,12.3047,0,0,20.078646,199535551
19.948267,76.2012,12.3047,12.3047,0,0,20.078646,199535551
19.950339,76.2012,12.3047,12.3047,0,0,20.078646,199535551
19.953727,76.2012,12.3047,12.3047,0,0,20.078646,199535551
19.954297,76.2012,12.3047,12.3047,0,0,20.078646,199535551
19.956272,76.2012,12.3047,12.3047,0,0,20.078646,199535551
19.958344,76.2012,12.3047,12.3047,0,0,20.078646,199535551
19.960320,76.2012,12.3047,12.3047,0,0,20.078646,199535551
19.962300,76.2012,12.3047,12.3047,0,0,20.078646,199535551
19.964277,76.2012,12.3047,12.3047,0,0,20.078646,199535551
19.966349,76.2012,12.3047,12.3047,0,0,20.078646,199535551
19.968322,76.2012,12.1289,12.1289,0,0,20.078646,199535551
19.970300,76.2012,12.1289,12.1289,0,0,20.078646,199535551
19.972277,76.2012,12.1289,12.1289,0,0,20.078646,199535551
19.974349,76.2012,12.1289,12.1289,0,0,20.078646,199535551
19.976322,76.2012,12.1289,12.1289,0,0,20.078646,199535551
19.978285,76.2012,12.1289,12.1289,0,0,20.078646,199535551
19.980260,76.2012,12.1289,12.1289,0,0,20.078646,199535551
19.982334,76.2012,12.1289,12.1289,0,0,20.078646,199535551
19.984313,76.2012,12.1289,12.1289,0,0,20.078646,199535551
19.986255,76.2012,12.1289,12.1289,0,0,20.078646,199535551
19.988260,76.2012,12.1289,12.1289,0,0,20.078646,199535551
19.990294,76.2012,12.1289,12.1289,0,0,20.078646,199535551
19.992267,76.2012,12.1289,12.1289,0,0,20.078646,199535551
19.994339,76.2012,12.1289,12.1289,0,0,20.078646,199535551
19.996261,76.2012,12.1289,12.1289,0,0,20.078646,199535551
19.998847,76.2012,12.1289,12.1289,0,0,20.078646,199535551
20.000254,76.2012,12.1289,12.1289,0,0,20.078646,199535551
20.002326,76.2012,12.1289,12.1289,0,0,20.078646,199535551
20.004302,76.2012,12.1289,12.1289,0,0,20.078646,199535551
20.006279,76.2012,12.1289,12.1289,0,0,20.078646,199535551
20.008254,76.2012,12.1289,12.1289,0,0,20.078646,199535551
20.010326,76.2012,12.1289,12.1289,0,0,20.078646,199535551
20.012302,76.2012,12.1289,12.1289,0,0,20.078646,199535551
20.014280,76.2012,12.1289,12.1289,0,0,20.078646,199535551
20.016262,76.2012,12.1289,12.1289,0,0,20.078646,199535551
20.020472,76.2012,12.1289,12.1289,0,0,20.319747,199839489
20.021067,76.2012,12.1289,12.1289,0,0,20.319747,199839489
20.022281,76.2012,12.1289,12.1289,0,0,20.319747,199839489
20.024299,76.2012,12.1289,12.1289,0,0,20.319747,199839489
20.026263,76.2012,12.1289,12.1289,0,0,20.319747,199839489
20.028259,76.2012,12.1289,12.1289,0,0,20.319747,199839489
20.030340,76.2012,12.1289,12.1289,0,0,20.319747,199839489
20.032304,76.2012,12.1289,12.1289,0,0,20.319747,199839489
20.034334,76.2012,12.1289,12.1289,0,0,20.319747,199839489
20.036300,76.2012,12.1289,12.1289,0,0,20.319747,199839489
20.038264,76.2012,12.1289,12.1289,0,0,20.319747,199839489
20.040276,76.2012,12.1289,12.1289,0,0,20.319747,199839489
20.042335,76.2012,12.1289,12.1289,0,0,20.319747,199839489
20.044300,76.2012,12.1289,12.1289,0,0,20.319747,199839489
20.046276,76.2012,12.1289,12.1289,0,0,20.319747,199839489
20.048346,76.2012,12.1289,12.1289,0,0,20.319747,199839489
20.050313,76.2012,12.1289,12.1289,0,0,20.319747,199839489
20.054323,76.2012,11.9531,11.9531,0,0,20.319747,199839489
20.054649,76.2012,11.9531,11.9531,0,0,20.319747,199839489
20.056327,76.2012,11.9531,11.9531,0,0,20.319747,199839489
20.058294,76.2012,11.9531,11.9531,0,0,20.319747,199839489
20.060259,76.2012,11.9531,11.9531,0,0,20.319747,199839489
20.062326,76.2012,11.9531,11.9531,0,0,20.319747,199839489
20.064349,76.2012,11.9531,11.9531,0,0,20.319747,199839489
20.066313,76.2012,11.9531,11.9531,0,0,20.319747,199839489
20.068278,76.2012,11.9531,11.9531,0,0,20.319747,199839489
20.070264,76.2012,11.9531,11.9531,0,0,20.319747,199839489
20.072339,76.2012,11.9531,11.9531,0,0,20.319747,199839489
20.074304,76.2012,11.9531,11.9531,0,0,20.319747,199839489
20.076287,76.2012,11.9531,11.9531,0,0,20.319747,199839489
20.078292,76.2012,11.9531,11.9531,0,0,20.319747,199839489
20.080320,76.2012,11.9531,11.9531,0,0,20.319747,199839489
20.082332,76.2012,11.9531,11.9531,0,0,20.319747,199839489
20.084298,76.2012,11.9531,11.9531,0,0,20.319747,199839489
20.086263,76.2012,11.9531,11.9531,0,0,20.319747,199839489
20.088255,76.2012,11.9531,11.9531,0,0,20.319747,199839489
20.090346,76.2012,11.9531,11.9531,0,0,20.319747,199839489
20.092314,76.2012,11.9531,11.9531,0,0,20.319747,199839489
20.094294,76.2012,11.9531,11.9531,0,0,20.319747,199839489
20.096339,76.2012,11.9531,11.9531,0,0,20.319747,199839489
20.098286,76.2012,11.9531,11.9531,0,0,20.319747,199839489
20.100313,76.2012,11.9531,11.9531,0,0,20.319747,199839489
20.102289,76.2012,11.9531,11.9531,0,0,20.319747,199839489
20.104264,76.2012,11.9531,11.9531,0,0,20.319747,199839489
20.106337,76.2012,11.9531,11.9531,0,0,20.319747,199839489
20.108315,76.2012,11.9531,11.9531,0,0,20.319747,199839489
20.110294,76.2012,11.9531,11.9531,0,0,20.319747,199839489
20.112267,76.2012,11.9531,11.9531,0,0,20.319747,199839489
20.114339,76.2012,11.9531,11.9531,0,0,20.319747,199839489
20.116315,76.2012,11.9531,11.9531,0,0,20.319747,199839489
20.118293,76.2012,11.9531,11.9531,0,0,20.319747,199839489
20.120267,76.2012,11.9531,11.9531,0,0,20.319747,199839489
20.122339,76.2012,11.9531,11.9531,0,0,20.319747,199839489
20.124315,76.2012,11.9531,11.9531,0,0,20.319747,199839489
20.126293,76.2012,11.9531,11.9531,0,0,20.319747,199839489
20.128267,76.2012,11.9531,11.9531,0,0,20.319747,199839489
20.130339,76.2012,11.9531,11.9531,0,0,20.319747,199839489
20.132315,76.2012,11.9531,11.9531,0,0,20.319747,199839489
20.134293,76.2012,11.9531,11.9531,0,0,20.319747,199839489
20.136267,76.2012,11.9531,11.9531,0,0,20.319747,199839489
20.138339,76.2012,11.9531,11.9531,0,0,20.319747,199839489
20.140315,76.2012,11.9531,11.9531,0,0,20.319747,199839489
20.142293,76.2012,11.9531,11.9531,0,0,20.319747,199839489
20.144267,76.2012,11.9531,11.9531,0,0,20.319747,199839489
20.146339,76.2012,11.9531,11.9531,0,0,20.319747,199839489
20.148315,76.2012,11.9531,11.9531,0,0,20.319747,199839489
20.150293,76.2012,11.9531,11.9531,0,0,20.319747,199839489
20.153866,76.2012,11.9531,11.9531,0,0,20.319747,199839489
20.154254,76.2012,11.9531,11.9531,0,0,20.319747,199839489
20.156327,76.2012,11.9531,11.9531,0,0,20.319747,199839489
20.158302,76.2012,11.9531,11.9531,0,0,20.319747,199839489
20.160280,76.2012,11.9531,11.9531,0,0,20.319747,199839489
20.162256,76.2012,11.9531,11.9531,0,0,20.319747,199839489
20.164327,76.2012,11.9531,11.9531,0,0,20.319747,199839489
20.166302,76.2012,11.9531,11.9531,0,0,20.319747,199839489
20.168280,76.2012,11.9531,11.9531,0,0,20.319747,199839489
20.170255,76.2012,11.9531,11.9531,0,0,20.319747,199839489
20.172327,76.2012,11.9531,11.9531,0,0,20.319747,199839489
20.174302,76.2012,11.9531,11.9531,0,0,20.319747,199839489
20.176280,76.2012,11.9531,11.9531,0,0,20.319747,199839489
20.178277,76.2012,11.9531,11.9531,0,0,20.319747,199839489
20.180349,76.2012,11.9531,11.9531,0,0,20.319747,199839489
20.182328,76.2012,11.9531,11.9531,0,0,20.319747,199839489
20.184303,76.2012,11.9531,11.9531,0,0,20.319747,199839489
20.186281,76.2012,11.9531,11.9531,0,0,20.319747,199839489
20.188300,76.2012,11.9531,11.9531,0,0,20.319747,199839489
20.190277,76.2012,11.9531,11.9531,0,0,20.319747,199839489
20.192349,76.2012,11.9531,11.9531,0,0,20.319747,199839489
20.194338,76.2012,11.9531,11.9531,0,0,20.319747,199839489
20.196315,76.2012,11.9531,11.9531,0,0,20.319747,199839489
20.198293,76.2012,11.9531,11.9531,0,0,20.319747,199839489
20.200267,76.2012,11.9531,11.9531,0,0,20.319747,199839489
20.202339,76.2012,11.9531,11.9531,0,0,20.319747,199839489
20.204315,76.2012,11.9531,11.9531,0,0,20.319747,199839489
20.206293,76.2012,11.9531,11.9531,0,0,20.319747,199839489
20.208267,76.2012,11.9531,11.9531,0,0,20.319747,199839489
20.210339,76.2012,11.9531,11.9531,0,0,20.319747,199839489
20.212315,76.2012,11.9531,11.9531,0,0,20.319747,199839489
20.214293,76.2012,11.9531,11.9531,0,0,20.319747,199839489
20.216267,76.2012,11.9531,11.9531,0,0,20.319747,199839489
20.218339,76.2012,11.9531,11.9531,0,0,20.319747,199839489
20.220315,76.2012,11.9531,11.9531,0,0,20.319747,199839489
20.222293,76.2012,11.9531,11.9531,0,0,20.319747,199839489
20.224267,76.2012,11.9531,11.9531,0,0,20.319747,199839489
20.226339,76.2012,11.9531,11.9531,0,0,20.319747,199839489
20.228292,76.2012,11.9531,11.9531,0,0,20.319747,199839489
20.230325,76.2012,11.9531,11.9531,0,0,20.319747,199839489
20.232302,76.2012,11.9531,11.9531,0,0,20.319747,199839489
20.234281,76.2012,11.9531,11.9531,0,0,20.319747,199839489
20.236304,76.2012,11.9531,11.9531,0,0,20.319747,199839489
20.238302,76.2012,11.9531,11.9531,0,0,20.319747,199839489
20.240280,76.2012,11.9531,11.9531,0,0,20.319747,199839489
20.242256,76.2012,11.9531,11.9531,0,0,20.319747,199839489
20.244344,76.2012,11.9531,11.9531,0,0,20.319747,199839489
20.246319,76.2012,11.9531,11.9531,0,0,20.319747,199839489
20.248300,76.2012,11.9531,11.9531,0,0,20.319747,199839489
20.250285,76.2012,11.9531,11.9531,0,0,20.319747,199839489
20.253792,76.2012,11.9531,11.9531,0,0,20.319747,199839489
20.254258,76.2012,11.9531,11.9531,0,0,20.319747,199839489
20.256327,76.2012,11.9531,11.9531,0,0,20.319747,199839489
20.258302,76.2012,11.9531,11.9531,0,0,20.319747,199839489
20.260280,76.2012,11.9531,11.9531,0,0,20.319747,199839489
20.262255,76.2012,11.9531,11.9531,0,0,20.319747,199839489
20.264327,76.2012,11.9531,11.9531,0,0,20.319747,199839489
20.266302,76.2012,11.9531,11.9531,0,0,20.319747,199839489
20.268280,76.2012,11.9531,11.9531,0,0,20.319747,199839489
20.270255,76.2012,11.9531,11.9531,0,0,20.319747,199839489
20.272327,76.2012,11.9531,11.9531,0,0,20.319747,199839489
20.274302,76.2012,11.9531,11.9531,0,0,20.319747,199839489
20.276280,76.2012,11.9531,11.9531,0,0,20.319747,199839489
20.278268,76.2012,11.9531,11.9531,0,0,20.319747,199839489
20.280283,76.2012,11.9531,11.9531,0,0,20.319747,199839489
20.282261,76.2012,11.9531,11.9531,0,0,20.319747,199839489
20.284289,76.2012,11.9531,11.9531,0,0,20.319747,199839489
20.286264,76.2012,11.9531,11.9531,0,0,20.319747,199839489
20.288337,76.2012,11.9531,11.9531,0,0,20.319747,199839489
20.290315,76.2012,11.9531,11.9531,0,0,20.319747,199839489
20.292294,76.2012,11.9531,11.9531,0,0,20.319747,199839489
20.294267,76.2012,11.9531,11.9531,0,0,20.319747,199839489
20.296339,76.2012,11.9531,11.9531,0,0,20.319747,199839489
20.298314,76.2012,11.9531,11.9531,0,0,20.319747,199839489
20.300330,76.2012,11.9531,11.9531,0,0,20.319747,199839489
20.302305,76.2012,11.9531,11.9531,0,0,20.319747,199839489
20.304323,76.2012,11.9531,11.9531,0,0,20.319747,199839489
20.306271,76.2012,11.9531,11.9531,0,0,20.319747,199839489
20.308338,76.2012,11.9531,11.9531,0,0,20.319747,199839489
20.310314,76.2012,11.9531,11.9531,0,0,20.319747,199839489
20.312288,76.2012,11.9531,11.9531,0,0,20.319747,199839489
20.314314,76.2012,12.1289,12.1289,0,0,20.319747,199839489
20.316289,76.2012,12.1289,12.1289,0,0,20.319747,199839489
20.318338,76.2012,12.1289,12.1289,0,0,20.319747,199839489
20.320334,76.2012,12.1289,12.1289,0,0,20.319747,199839489
20.324402,76.2012,12.1289,12.1289,0,0,20.564517,200083267
20.324978,76.2012,12.1289,12.1289,0,0,20.564517,200083267
20.326297,76.2012,12.1289,12.1289,0,0,20.564517,200083267
20.328338,76.2012,12.1289,12.1289,0,0,20.564517,200083267
20.330295,76.2012,12.1289,12.1289,0,0,20.564517,200083267
20.332333,76.2012,12.1289,12.1289,0,0,20.564517,200083267
20.334280,76.2012,12.1289,12.1289,0,0,20.564517,200083267
20.336301,76.2012,12.1289,12.1289,0,0,20.564517,200083267
20.338257,76.2012,12.1289,12.1289,0,0,20.564517,200083267
20.340330,76.2012,12.1289,12.1289,0,0,20.564517,200083267
20.342278,76.2012,12.1289,12.1289,0,0,20.564517,200083267
20.344313,76.2012,12.1289,12.1289,0,0,20.564517,200083267
20.346314,76.2012,12.1289,12.1289,0,0,20.564517,200083267
20.348344,76.2012,12.1289,12.1289,0,0,20.564517,200083267
20.350320,76.2012,12.1289,12.1289,0,0,20.564517,200083267
20.354302,76.2012,12.1289,12.1289,0,0,20.564517,200083267
20.354632,76.2012,12.1289,12.1289,0,0,20.564517,200083267
20.356320,76.2012,12.1289,12.1289,0,0,20.564517,200083267
20.358300,76.2012,12.1289,12.1289,0,0,20.564517,200083267
20.360277,76.2012,12.1289,12.1289,0,0,20.564517,200083267
20.362349,76.2012,12.1289,12.1289,0,0,20.564517,200083267
20.364322,76.2012,12.1289,12.1289,0,0,20.564517,200083267
20.366300,76.2012,12.1289,12.1289,0,0,20.564517,200083267
20.368277,76.2012,12.1289,12.1289,0,0,20.564517,200083267
20.370349,76.2012,12.1289,12.1289,0,0,20.564517,200083267
20.372322,76.2012,12.1289,12.1289,0,0,20.564517,200083267
20.374300,76.2012,12.1289,12.1289,0,0,20.564517,200083267
20.376277,76.2012,12.1289,12.1289,0,0,20.564517,200083267
20.378277,76.2012,12.1289,12.1289,0,0,20.564517,200083267
20.380349,76.2012,12.1289,12.1289,0,0,20.564517,200083267
20.382322,76.2012,12.1289,12.1289,0,0,20.564517,200083267
20.384300,76.2012,12.1289,12.1289,0,0,20.564517,200083267
20.386334,76.2012,12.1289,12.1289,0,0,20.564517,200083267
20.388331,76.2012,12.1289,12.1289,0,0,20.564517,200083267
20.390308,76.2012,12.1289,12.1289,0,0,20.564517,200083267
20.392323,76.2012,12.1289,12.1289,0,0,20.564517,200083267
20.394300,76.2012,12.1289,12.1289,0,0,20.564517,200083267
20.396277,76.2012,12.1289,12.1289,0,0,20.564517,200083267
20.398349,76.2012,12.1289,12.1289,0,0,20.564517,200083267
20.400322,76.2012,12.1289,12.1289,0,0,20.564517,200083267
20.402300,76.2012,12.1289,12.1289,0,0,20.564517,200083267
20.404277,76.2012,12.1289,12.1289,0,0,20.564517,200083267
20.406349,76.2012,12.1289,12.1289,0,0,20.564517,200083267
20.408322,76.2012,12.1289,12.1289,0,0,20.564517,200083267
20.410300,76.2012,12.1289,12.1289,0,0,20.564517,200083267
20.412277,76.2012,12.1289,12.1289,0,0,20.564517,200083267
20.414349,76.2012,12.1289,12.1289,0,0,20.564517,200083267
20.416322,76.2012,12.1289,12.1289,0,0,20.564517,200083267
20.418300,76.2012,12.1289,12.1289,0,0,20.564517,200083267
20.420277,76.2012,12.1289,12.1289,0,0,20.564517,200083267
20.422349,76.2012,12.1289,12.1289,0,0,20.564517,200083267
20.424322,76.2012,12.1289,12.1289,0,0,20.564517,200083267
20.426300,76.2012,12.1289,12.1289,0,0,20.564517,200083267
20.428307,76.2012,12.1289,12.1289,0,0,20.564517,200083267
20.430294,76.2012,12.1289,12.1289,0,0,20.564517,200083267
20.432268,76.2012,12.1289,12.1289,0,0,20.564517,200083267
20.434339,76.2012,12.1289,12.1289,0,0,20.564517,200083267
20.436339,76.2012,12.1289,12.1289,0,0,20.564517,200083267
20.438315,76.2012,12.1289,12.1289,0,0,20.564517,200083267
20.440293,76.2012,12.1289,12.1289,0,0,20.564517,200083267
20.442267,76.2012,12.1289,12.1289,0,0,20.564517,200083267
20.444340,76.2012,12.1289,12.1289,0,0,20.564517,200083267
20.446332,76.2012,12.1289,12.1289,0,0,20.564517,200083267
20.448308,76.2012,12.1289,12.1289,0,0,20.564517,200083267
20.450285,76.2012,12.1289,12.1289,0,0,20.564517,200083267
20.453781,76.2012,12.1289,12.1289,0,0,20.564517,200083267
20.454347,76.2012,12.1289,12.1289,0,0,20.564517,200083267
20.456341,76.2012,12.1289,12.1289,0,0,20.564517,200083267
20.458331,76.2012,12.1289,12.1289,0,0,20.564517,200083267
20.460334,76.2012,12.1289,12.1289,0,0,20.564517,200083267
20.462312,76.2012,12.1289,12.1289,0,0,20.564517,200083267
20.464287,76.2012,12.1289,12.1289,0,0,20.564517,200083267
20.466264,76.2012,12.1289,12.1289,0,0,20.564517,200083267
20.468337,76.2012,12.1289,12.1289,0,0,20.564517,200083267
20.470315,76.2012,12.1289,12.1289,0,0,20.564517,200083267
20.472293,76.2012,12.1289,12.1289,0,0,20.564517,200083267
20.474267,76.2012,12.1289,12.1289,0,0,20.564517,200083267
20.476339,76.2012,12.1289,12.1289,0,0,20.564517,200083267
20.478327,76.2012,12.1289,12.1289,0,0,20.564517,200083267
20.480303,76.2012,12.1289,12.1289,0,0,20.564517,200083267
20.482281,76.2012,12.1289,12.1289,0,0,20.564517,200083267
20.484261,76.2012,12.1289,12.1289,0,0,20.564517,200083267
20.486334,76.2012,12.1289,12.1289,0,0,20.564517,200083267
20.488349,76.2012,12.1289,12.1289,0,0,20.564517,200083267
20.490322,76.2012,12.1289,12.1289,0,0,20.564517,200083267
20.492300,76.2012,12.1289,12.1289,0,0,20.564517,200083267
20.494304,76.2012,12.1289,12.1289,0,0,20.564517,200083267
20.496281,76.2012,12.1289,12.1289,0,0,20.564517,200083267
20.498261,76.2012,12.1289,12.1289,0,0,20.564517,200083267
20.500334,76.2012,12.1289,12.1289,0,0,20.564517,200083267
20.502312,76.2012,12.1289,12.1289,0,0,20.564517,200083267
20.504287,76.2012,12.1289,12.1289,0,0,20.564517,200083267
20.506264,76.2012,12.1289,12.1289,0,0,20.564517,200083267
20.508337,76.2012,12.1289,12.1289,0,0,20.564517,200083267
20.510315,76.2012,12.1289,12.1289,0,0,20.564517,200083267
20.512293,76.2012,12.1289,12.1289,0,0,20.564517,200083267
20.514267,76.2012,12.1289,12.1289,0,0,20.564517,200083267
20.516339,76.2012,12.1289,12.1289,0,0,20.564517,200083267
20.518315,76.2012,12.1289,12.1289,0,0,20.564517,200083267
20.520293,76.2012,12.1289,12.1289,0,0,20.564517,200083267
20.522267,76.2012,12.1289,12.1289,0,0,20.564517,200083267
20.524339,76.2012,12.1289,12.1289,0,0,20.564517,200083267
20.526315,76.2012,12.1289,12.1289,0,0,20.564517,200083267
20.528293,76.2012,12.1289,12.1289,0,0,20.564517,200083267
20.530267,76.2012,12.1289,12.1289,0,0,20.564517,200083267
20.532339,76.2012,12.1289,12.1289,0,0,20.564517,200083267
20.534315,76.2012,12.1289,12.1289,0,0,20.564517,200083267
20.536293,76.2012,12.1289,12.1289,0,0,20.564517,200083267
20.538267,76.2012,12.1289,12.1289,0,0,20.564517,200083267
20.540339,76.2012,12.1289,12.1289,0,0,20.564517,200083267
20.542315,76.2012,12.1289,12.1289,0,0,20.564517,200083267
20.544293,76.2012,12.1289,12.1289,0,0,20.564517,200083267
20.546267,76.2012,12.1289,12.1289,0,0,20.564517,200083267
20.548280,76.2012,12.1289,12.1289,0,0,20.564517,200083267
20.550329,76.2012,12.1289,12.1289,0,0,20.564517,200083267
20.554214,76.2012,12.1289,12.1289,0,0,20.564517,200083267
20.554631,76.2012,12.1289,12.1289,0,0,20.564517,200083267
20.556339,76.2012,12.1289,12.1289,0,0,20.564517,200083267
20.558315,76.2012,12.1289,12.1289,0,0,20.564517,200083267
20.560293,76.2012,12.1289,12.1289,0,0,20.564517,200083267
20.562255,76.2012,12.1289,12.1289,0,0,20.564517,200083267
20.564279,76.2012,12.1289,12.1289,0,0,20.564517,200083267
20.568361,76.2012,12.1289,12.1289,0,0,20.646843,200167858
20.568950,76.2012,12.1289,12.1289,0,0,20.646843,200167858
20.570259,76.2012,12.1289,12.1289,0,0,20.646843,200167858
20.572301,76.2012,12.1289,12.1289,0,0,20.646843,200167858
20.574269,76.2012,12.1289,12.1289,0,0,20.646843,200167858
20.576300,76.2012,12.1289,12.1289,0,0,20.646843,200167858
20.578271,76.2012,12.1289,12.1289,0,0,20.646843,200167858
20.580323,76.2012,12.1289,12.1289,0,0,20.646843,200167858
20.582314,76.2012,12.1289,12.1289,0,0,20.646843,200167858
20.584314,76.2012,12.1289,12.1289,0,0,20.646843,200167858
20.586338,76.2012,12.1289,12.1289,0,0,20.646843,200167858
20.588314,76.2012,12.1289,12.1289,0,0,20.646843,200167858
20.590293,76.2012,12.1289,12.1289,0,0,20.646843,200167858
20.592367,76.2012,12.1289,12.1289,0,0,20.646843,200167858
20.594302,76.2012,12.1289,12.1289,0,0,20.646843,200167858
20.596302,76.2012,12.1289,12.1289,0,0,20.646843,200167858
20.598280,76.2012,12.1289,12.1289,0,0,20.646843,200167858
20.600342,76.2012,12.1289,12.1289,0,0,20.646843,200167858
20.602286,76.2012,12.1289,12.1289,0,0,20.646843,200167858
20.616506,76.2012,12.1289,12.1289,0,0,20.646843,200167858
20.618546,76.2012,12.1289,12.1289,0,0,20.646843,200167858
20.620572,76.2012,12.1289,12.1289,0,0,20.646843,200167858
20.622549,76.2012,12.1289,12.1289,0,0,20.646843,200167858
20.624510,76.2012,12.1289,12.1289,0,0,20.646843,200167858
20.626526,76.2012,12.1289,12.1289,0,0,20.646843,200167858
20.628527,76.2012,12.1289,12.1289,0,0,20.646843,200167858
20.630530,76.2012,12.1289,12.1289,0,0,20.646843,200167858
20.632541,76.2012,12.1289,12.1289,0,0,20.646843,200167858
20.634581,76.2012,12.1289,12.1289,0,0,20.646843,200167858
20.636524,76.2012,12.1289,12.1289,0,0,20.646843,200167858
20.638530,76.2012,12.1289,12.1289,0,0,20.646843,200167858
20.640583,76.2012,12.1289,12.1289,0,0,20.646843,200167858
20.642595,76.2012,12.1289,12.1289,0,0,20.646843,200167858
20.644530,76.2012,12.1289,12.1289,0,0,20.646843,200167858
20.646528,76.2012,12.1289,12.1289,0,0,20.646843,200167858
20.648555,76.2012,12.1289,12.1289,0,0,20.646843,200167858
20.657907,76.2012,12.1289,12.1289,0,0,20.672592,200191920
20.658293,76.2012,12.1289,12.1289,0,0,20.672592,200191920
20.658506,76.2012,12.1289,12.1289,0,0,20.672592,200191920
20.658710,76.2012,12.1289,12.1289,0,0,20.672592,200191920
20.658918,76.2012,12.1289,12.1289,0,0,20.672592,200191920
20.660522,76.2012,12.1289,12.1289,0,0,20.672592,200191920
20.662702,76.2012,12.1289,12.1289,0,0,20.672592,200191920
20.664552,76.2012,12.1289,12.1289,0,0,20.672592,200191920
20.666562,76.2012,12.1289,12.1289,0,0,20.672592,200191920
20.668539,76.2012,12.1289,12.1289,0,0,20.672592,200191920
20.670576,76.2012,12.1289,12.1289,0,0,20.672592,200191920
20.672556,76.2012,12.1289,12.1289,0,0,20.672592,200191920
20.676802,76.2012,12.1289,12.1289,0,0,20.698413,200217786
20.677474,76.2012,12.1289,12.1289,0,0,20.698413,200217786
20.678585,76.2012,12.1289,12.1289,0,0,20.698413,200217786
20.680547,76.2012,12.1289,12.1289,0,0,20.698413,200217786
20.682536,76.2012,12.1289,12.1289,0,0,20.698413,200217786
20.684597,76.2012,12.1289,12.1289,0,0,20.698413,200217786
20.686537,76.2012,12.1289,12.1289,0,0,20.698413,200217786
20.688617,76.2012,12.1289,12.1289,0,0,20.698413,200217786
20.690545,76.2012,11.9531,11.9531,0,0,20.698413,200217786
20.692576,76.2012,11.9531,11.9531,0,0,20.698413,200217786
20.694556,76.2012,11.9531,11.9531,0,0,20.698413,200217786
20.696512,76.2012,11.9531,11.9531,0,0,20.698413,200217786
20.698561,76.2012,11.9531,11.9531,0,0,20.698413,200217786
20.702469,76.2012,11.9531,11.9531,0,0,20.730092,200248587
20.703108,76.2012,11.9531,11.9531,0,0,20.730092,200248587
20.704547,76.2012,11.9531,11.9531,0,0,20.730092,200248587
20.706550,76.2012,11.9531,11.9531,0,0,20.730092,200248587
20.708543,76.2012,11.9531,11.9531,0,0,20.730092,200248587
20.710553,76.2012,11.9531,11.9531,0,0,20.730092,200248587
20.712594,76.2012,11.9531,11.9531,0,0,20.730092,200248587
20.714616,76.2012,11.9531,11.9531,0,0,20.730092,200248587
20.716527,76.2012,11.9531,11.9531,0,0,20.730092,200248587
20.718518,76.2012,11.9531,11.9531,0,0,20.730092,200248587
20.720592,76.2012,11.9531,11.9531,0,0,20.730092,200248587
20.722570,76.2012,11.9531,11.9531,0,0,20.730092,200248587
20.724517,76.2012,11.9531,11.9531,0,0,20.730092,200248587
20.726593,76.2012,11.9531,11.9531,0,0,20.730092,200248587
20.728657,76.2012,11.9531,11.9531,0,0,20.730092,200248587
20.733598,76.2012,11.9531,11.9531,0,0,20.777319,200290291
20.734071,76.2012,11.9531,11.9531,0,0,20.777319,200290291
20.734603,76.2012,11.9531,11.9531,0,0,20.777319,200290291
20.736562,76.2012,11.9531,11.9531,0,0,20.777319,200290291
20.738530,76.2012,11.9531,11.9531,0,0,20.777319,200290291
20.740535,76.2012,11.9531,11.9531,0,0,20.777319,200290291
20.742598,76.2012,11.9531,11.9531,0,0,20.777319,200290291
20.744591,76.2012,11.9531,11.9531,0,0,20.777319,200290291
20.746538,76.2012,11.9531,11.9531,0,0,20.777319,200290291
20.748608,76.2012,11.9531,11.9531,0,0,20.777319,200290291
20.750535,76.2012,11.9531,11.9531,0,0,20.777319,200290291
20.752511,76.2012,11.9531,11.9531,0,0,20.777319,200290291
20.756705,76.2012,11.9531,11.9531,0,0,20.777319,200290291
20.757045,76.2012,11.9531,11.9531,0,0,20.777319,200290291
20.758533,76.2012,11.9531,11.9531,0,0,20.777319,200290291
20.760509,76.2012,11.9531,11.9531,0,0,20.777319,200290291
20.762531,76.2012,11.9531,11.9531,0,0,20.777319,200290291
20.764538,76.2012,11.9531,11.9531,0,0,20.777319,200290291
20.766507,76.2012,11.9531,11.9531,0,0,20.777319,200290291
20.768577,76.2012,11.9531,11.9531,0,0,20.777319,200290291
20.770594,76.2012,11.9531,11.9531,0,0,20.777319,200290291
20.775391,76.2012,11.9531,11.9531,0,0,20.815442,200334125
20.775925,76.2012,11.9531,11.9531,0,0,20.815442,200334125
20.776582,76.2012,11.9531,11.9531,0,0,20.815442,200334125
20.778592,76.2012,11.9531,11.9531,0,0,20.815442,200334125
20.780576,76.2012,11.9531,11.9531,0,0,20.815442,200334125
20.782557,76.2012,11.9531,11.9531,0,0,20.815442,200334125
20.784535,76.2012,11.9531,11.9531,0,0,20.815442,200334125
20.786513,76.2012,11.9531,11.9531,0,0,20.815442,200334125
20.788529,76.2012,11.9531,11.9531,0,0,20.815442,200334125
20.790575,76.2012,11.9531,11.9531,0,0,20.815442,200334125
20.792507,76.2012,11.9531,11.9531,0,0,20.815442,200334125
20.794609,76.2012,11.9531,11.9531,0,0,20.815442,200334125
20.796558,76.2012,11.9531,11.9531,0,0,20.815442,200334125
20.798518,76.2012,11.9531,11.9531,0,0,20.815442,200334125
20.800592,76.2012,11.9531,11.9531,0,0,20.815442,200334125
20.802562,76.2012,11.9531,11.9531,0,0,20.815442,200334125
20.804538,76.2012,11.9531,11.9531,0,0,20.815442,200334125
20.806545,76.2012,11.9531,11.9531,0,0,20.815442,200334125
20.808509,76.2012,11.9531,11.9531,0,0,20.815442,200334125
20.810554,76.2012,11.9531,11.9531,0,0,20.815442,200334125
20.812563,76.2012,11.9531,11.9531,0,0,20.815442,200334125
20.814567,76.2012,11.9531,11.9531,0,0,20.815442,200334125
20.819127,76.2012,11.9531,11.9531,0,0,20.841994,200363943
20.819636,76.2012,11.9531,11.9531,0,0,20.841994,200363943
20.820511,76.2012,11.9531,11.9531,0,0,20.841994,200363943
20.822541,76.2012,11.9531,11.9531,0,0,20.841994,200363943
20.824520,76.2012,11.9531,11.9531,0,0,20.841994,200363943
20.826554,76.2012,11.9531,11.9531,0,0,20.841994,200363943
20.828571,76.2012,11.9531,11.9531,0,0,20.841994,200363943
20.830579,76.2012,11.9531,11.9531,0,0,20.841994,200363943
20.832545,76.2012,11.9531,11.9531,0,0,20.841994,200363943
20.834601,76.2012,11.9531,11.9531,0,0,20.841994,200363943
20.836543,76.2012,11.9531,11.9531,0,0,20.841994,200363943
20.838594,76.2012,11.9531,11.9531,0,0,20.841994,200363943
20.840571,76.2012,11.9531,11.9531,0,0,20.841994,200363943
20.842506,76.2012,11.9531,11.9531,0,0,20.841994,200363943
20.844517,76.2012,11.9531,11.9531,0,0,20.841994,200363943
20.848624,76.2012,11.9531,11.9531,0,0,20.871170,200393304
20.849281,76.2012,11.9531,11.9531,0,0,20.871170,200393304
20.850508,76.2012,12.1289,12.1289,0,0,20.871170,200393304
20.852536,76.2012,12.1289,12.1289,0,0,20.871170,200393304
20.857483,76.2012,12.1289,12.1289,0,0,20.871170,200393304
20.858049,76.2012,12.1289,12.1289,0,0,20.871170,200393304
20.858579,76.2012,12.1289,12.1289,0,0,20.871170,200393304
20.860515,76.2012,12.1289,12.1289,0,0,20.871170,200393304
20.862510,76.2012,12.1289,12.1289,0,0,20.871170,200393304
20.864568,76.2012,12.1289,12.1289,0,0,20.871170,200393304
20.866539,76.2012,12.1289,12.1289,0,0,20.871170,200393304
20.868515,76.2012,12.1289,12.1289,0,0,20.871170,200393304
20.870591,76.2012,12.1289,12.1289,0,0,20.871170,200393304
20.872548,76.2012,12.1289,12.1289,0,0,20.871170,200393304
20.874506,76.2012,12.1289,12.1289,0,0,20.871170,200393304
20.878395,76.2012,12.1289,12.1289,0,0,20.902581,200422340
20.878906,76.2012,12.1289,12.1289,0,0,20.902581,200422340
20.880697,76.2012,12.1289,12.1289,0,0,20.902581,200422340
20.882525,76.2012,12.1289,12.1289,0,0,20.902581,200422340
20.884611,76.2012,12.1289,12.1289,0,0,20.902581,200422340
20.886552,76.2012,12.1289,12.1289,0,0,20.902581,200422340
20.888594,76.2012,12.1289,12.1289,0,0,20.902581,200422340
20.890544,76.2012,12.1289,12.1289,0,0,20.902581,200422340
20.892508,76.2012,12.1289,12.1289,0,0,20.902581,200422340
20.894598,76.2012,12.1289,12.1289,0,0,20.902581,200422340
20.896533,76.2012,12.1289,12.1289,0,0,20.902581,200422340
20.898527,76.2012,12.1289,12.1289,0,0,20.902581,200422340
20.900593,76.2012,12.1289,12.1289,0,0,20.902581,200422340
20.902830,76.2012,12.1289,12.1289,0,0,20.902581,200422340
20.907235,76.2012,12.1289,12.1289,0,0,20.933927,200454523
20.907787,76.2012,12.1289,12.1289,0,0,20.933927,200454523
20.908536,76.2012,12.1289,12.1289,0,0,20.933927,200454523
20.910529,76.2012,12.1289,12.1289,0,0,20.933927,200454523
20.912519,76.2012,12.1289,12.1289,0,0,20.933927,200454523
20.914529,76.2012,12.1289,12.1289,0,0,20.933927,200454523
20.916575,76.2012,12.1289,12.1289,0,0,20.933927,200454523
20.918520,76.2012,12.1289,12.1289,0,0,20.933927,200454523
20.920580,76.2012,12.1289,12.1289,0,0,20.933927,200454523
20.922525,76.2012,12.1289,12.1289,0,0,20.933927,200454523
20.924598,76.2012,12.1289,12.1289,0,0,20.933927,200454523
20.926594,76.2012,12.1289,12.1289,0,0,20.933927,200454523
20.928511,76.2012,12.1289,12.1289,0,0,20.933927,200454523
20.930512,76.2012,12.1289,12.1289,0,0,20.933927,200454523
20.932546,76.2012,12.1289,12.1289,0,0,20.933927,200454523
20.934704,76.2012,12.1289,12.1289,0,0,20.933927,200454523
20.939276,76.2012,12.1289,12.1289,0,0,20.965097,200487734
20.939905,76.2012,12.1289,12.1289,0,0,20.965097,200487734
20.940575,76.2012,12.1289,12.1289,0,0,20.965097,200487734
20.942550,76.2012,12.1289,12.1289,0,0,20.965097,200487734
20.944583,76.2012,12.1289,12.1289,0,0,20.965097,200487734
20.946573,76.2012,12.1289,12.1289,0,0,20.965097,200487734
20.948539,76.2012,12.1289,12.1289,0,0,20.965097,200487734
20.950510,76.2012,12.1289,12.1289,0,0,20.965097,200487734
20.956555,76.2012,12.1289,12.1289,0,0,20.965097,200487734
20.956889,76.2012,12.1289,12.1289,0,0,20.965097,200487734
20.957113,76.2012,12.1289,12.1289,0,0,20.965097,200487734
20.958523,76.2012,12.1289,12.1289,0,0,20.965097,200487734
20.960511,76.2012,12.1289,12.1289,0,0,20.965097,200487734
20.962588,76.2012,12.1289,12.1289,0,0,20.965097,200487734
20.964526,76.2012,12.1289,12.1289,0,0,20.965097,200487734
20.966604,76.2012,12.1289,12.1289,0,0,20.965097,200487734
20.968569,76.2012,12.1289,12.1289,0,0,20.965097,200487734
20.972679,76.2012,12.1289,12.1289,0,0,20.997943,200518508
20.973315,76.2012,12.1289,12.1289,0,0,20.997943,200518508
20.974538,76.2012,12.1289,12.1289,0,0,20.997943,200518508
20.976529,76.2012,12.1289,12.1289,0,0,20.997943,200518508
20.978610,76.2012,12.1289,12.1289,0,0,20.997943,200518508
20.981071,76.2012,12.1289,12.1289,0,0,20.997943,200518508
20.982580,76.2012,12.1289,12.1289,0,0,20.997943,200518508
20.984544,76.2012,12.1289,12.1289,0,0,20.997943,200518508
20.986510,76.2012,12.1289,12.1289,0,0,20.997943,200518508
20.988534,76.2012,12.1289,12.1289,0,0,20.997943,200518508
20.990542,76.2012,12.1289,12.1289,0,0,20.997943,200518508
20.992589,76.2012,12.1289,12.1289,0,0,20.997943,200518508
20.994562,76.2012,12.1289,12.1289,0,0,20.997943,200518508
20.996569,76.2012,12.1289,12.1289,0,0,20.997943,200518508
20.998600,76.2012,12.1289,12.1289,0,0,20.997943,200518508
21.003420,76.2012,12.1289,12.1289,0,0,21.028932,200545442
21.003984,76.2012,12.1289,12.1289,0,0,21.028932,200545442
21.004512,76.2012,12.1289,12.1289,0,0,21.028932,200545442
21.006535,76.2012,12.1289,12.1289,0,0,21.028932,200545442
21.008571,76.2012,12.1289,12.1289,0,0,21.028932,200545442
21.010566,76.2012,12.1289,12.1289,0,0,21.028932,200545442
21.012621,76.2012,12.1289,12.1289,0,0,21.028932,200545442
21.014605,76.2012,12.1289,12.1289,0,0,21.028932,200545442
21.016563,76.2012,12.1289,12.1289,0,0,21.028932,200545442
21.018541,76.2012,12.1289,12.1289,0,0,21.028932,200545442
21.020511,76.2012,12.1289,12.1289,0,0,21.028932,200545442
21.022538,76.2012,12.1289,12.1289,0,0,21.028932,200545442
21.024585,76.2012,12.1289,12.1289,0,0,21.028932,200545442
21.026603,76.2012,12.1289,12.1289,0,0,21.028932,200545442
21.030414,76.2012,12.1289,12.1289,0,0,21.069074,200591114
21.030948,76.2012,12.1289,12.1289,0,0,21.069074,200591114
21.032866,76.2012,12.1289,12.1289,0,0,21.069074,200591114
21.034570,76.2012,12.1289,12.1289,0,0,21.069074,200591114
21.036549,76.2012,12.1289,12.1289,0,0,21.069074,200591114
21.038565,76.2012,12.1289,12.1289,0,0,21.069074,200591114
21.040529,76.2012,12.1289,12.1289,0,0,21.069074,200591114
21.042532,76.2012,12.1289,12.1289,0,0,21.069074,200591114
21.044546,76.2012,12.1289,12.1289,0,0,21.069074,200591114
21.046605,76.2012,12.1289,12.1289,0,0,21.069074,200591114
21.048546,76.2012,12.1289,12.1289,0,0,21.069074,200591114
21.050592,76.2012,12.1289,12.1289,0,0,21.069074,200591114
21.056267,76.2012,12.1289,12.1289,0,0,21.069074,200591114
21.056605,76.2012,12.1289,12.1289,0,0,21.069074,200591114
21.056825,76.2012,12.1289,12.1289,0,0,21.069074,200591114
21.058507,76.2012,12.1289,12.1289,0,0,21.069074,200591114
21.060600,76.2012,12.1289,12.1289,0,0,21.069074,200591114
21.062578,76.2012,12.1289,12.1289,0,0,21.069074,200591114
21.064508,76.2012,12.1289,12.1289,0,0,21.069074,200591114
21.066520,76.2012,12.1289,12.1289,0,0,21.069074,200591114
21.068522,76.2012,12.1289,12.1289,0,0,21.069074,200591114
21.071078,76.2012,12.1289,12.1289,0,0,21.069074,200591114
21.072517,76.2012,12.1289,12.1289,0,0,21.069074,200591114
21.076135,76.2012,12.1289,12.1289,0,0,21.140242,200640075
21.076691,76.2012,12.1289,12.1289,0,0,21.140242,200640075
21.078584,76.2012,12.1289,12.1289,0,0,21.140242,200640075
21.080590,76.2012,12.1289,12.1289,0,0,21.140242,200640075
21.082563,76.2012,12.1289,12.1289,0,0,21.140242,200640075
21.084523,76.2012,12.1289,12.1289,0,0,21.140242,200640075
21.086584,76.2012,12.1289,12.1289,0,0,21.140242,200640075
21.088588,76.2012,12.1289,12.1289,0,0,21.140242,200640075
21.090520,76.2012,12.1289,12.1289,0,0,21.140242,200640075
21.092508,76.2012,12.1289,12.1289,0,0,21.140242,200640075
21.094572,76.2012,12.1289,12.1289,0,0,21.140242,200640075
21.096546,76.2012,12.1289,12.1289,0,0,21.140242,200640075
21.098521,76.2012,12.1289,12.1289,0,0,21.140242,200640075
21.100594,76.2012,12.1289,12.1289,0,0,21.140242,200640075
21.102610,76.2012,12.1289,12.1289,0,0,21.140242,200640075
21.104511,76.2012,12.1289,12.1289,0,0,21.140242,200640075
21.106589,76.2012,12.1289,12.1289,0,0,21.140242,200640075
21.108553,76.2012,12.1289,12.1289,0,0,21.140242,200640075
21.110526,76.2012,12.1289,12.1289,0,0,21.140242,200640075
21.112599,76.2012,12.1289,12.1289,0,0,21.140242,200640075
21.114578,76.2012,12.1289,12.1289,0,0,21.140242,200640075
21.116570,76.2012,12.1289,12.1289,0,0,21.140242,200640075
21.118589,76.2012,12.1289,12.1289,0,0,21.140242,200640075
21.120586,76.2012,12.1289,12.1289,0,0,21.140242,200640075
21.125060,76.2012,12.1289,12.1289,0,0,21.168421,200687175
21.125560,76.2012,12.1289,12.1289,0,0,21.168421,200687175
21.126543,76.2012,12.1289,12.1289,0,0,21.168421,200687175
21.128590,76.2012,12.1289,12.1289,0,0,21.168421,200687175
21.130523,76.2012,12.1289,12.1289,0,0,21.168421,200687175
21.132585,76.2012,12.1289,12.1289,0,0,21.168421,200687175
21.134550,76.2012,12.1289,12.1289,0,0,21.168421,200687175
21.136511,76.2012,12.1289,12.1289,0,0,21.168421,200687175
21.138567,76.2012,12.1289,12.1289,0,0,21.168421,200687175
21.140529,76.2012,12.1289,12.1289,0,0,21.168421,200687175
21.142591,76.2012,12.1289,12.1289,0,0,21.168421,200687175
21.144553,76.2012,12.1289,12.1289,0,0,21.168421,200687175
21.146515,76.2012,12.1289,12.1289,0,0,21.168421,200687175
21.148578,76.2012,12.1289,12.1289,0,0,21.168421,200687175
21.150542,76.2012,12.1289,12.1289,0,0,21.168421,200687175
21.152506,76.2012,12.1289,12.1289,0,0,21.168421,200687175
21.157367,76.2012,12.1289,12.1289,0,0,21.168421,200687175
21.157956,76.2012,12.1289,12.1289,0,0,21.168421,200687175
21.158609,76.2012,12.1289,12.1289,0,0,21.168421,200687175
21.160537,76.2012,12.1289,12.1289,0,0,21.168421,200687175
21.162588,76.2012,12.1289,12.1289,0,0,21.168421,200687175
21.164600,76.2012,12.1289,12.1289,0,0,21.168421,200687175
21.166557,76.2012,12.1289,12.1289,0,0,21.168421,200687175
21.168606,76.2012,12.1289,12.1289,0,0,21.168421,200687175
