t_s,theta_deg,alpha_deg,alpha_raw_deg,pwm,mode,t_pc_block_s,t_now_us
0.000000,7.7344,13.8867,13.8867,0,0,0.261255,558536449
0.000473,7.7344,13.8867,13.8867,0,0,0.261255,558536449
0.000733,7.7344,13.8867,13.8867,0,0,0.261255,558536449
0.002068,7.7344,13.8867,13.8867,0,0,0.261255,558536449
0.004039,7.7344,13.8867,13.8867,0,0,0.261255,558536449
0.006092,7.7344,13.8867,13.8867,0,0,0.261255,558536449
0.008060,7.7344,14.0625,14.0625,0,0,0.261255,558536449
0.010102,7.7344,14.0625,14.0625,0,0,0.261255,558536449
0.012070,7.7344,14.0625,14.0625,0,0,0.261255,558536449
0.014108,7.7344,14.0625,14.0625,0,0,0.261255,558536449
0.016055,7.7344,14.0625,14.0625,0,0,0.261255,558536449
0.021720,7.7344,14.0625,14.0625,0,0,0.261255,558536449
0.022065,7.7344,14.0625,14.0625,0,0,0.261255,558536449
0.022243,7.7344,14.0625,14.0625,0,0,0.261255,558536449
0.024059,7.9102,14.0625,14.0625,0,0,0.261255,558536449
0.026040,7.9102,14.0625,14.0625,0,0,0.261255,558536449
0.028114,7.9102,14.0625,14.0625,0,0,0.261255,558536449
0.030095,7.9102,14.0625,14.0625,0,0,0.261255,558536449
0.032085,7.9102,14.0625,14.0625,0,0,0.261255,558536449
0.034068,7.9102,14.0625,14.0625,0,0,0.261255,558536449
0.036056,7.9102,14.0625,14.0625,0,0,0.261255,558536449
0.038038,7.9102,14.0625,14.0625,0,0,0.261255,558536449
0.040114,7.9102,14.0625,14.0625,0,0,0.261255,558536449
0.042095,7.9102,14.0625,14.0625,0,0,0.261255,558536449
0.044085,7.9102,14.0625,14.0625,0,0,0.261255,558536449
0.046068,7.9102,14.0625,14.0625,0,0,0.261255,558536449
0.048056,7.9102,14.0625,14.0625,0,0,0.261255,558536449
0.050037,8.0859,14.0625,14.0625,0,0,0.261255,558536449
0.052081,8.0859,14.0625,14.0625,0,0,0.261255,558536449
0.054063,8.0859,14.0625,14.0625,0,0,0.261255,558536449
0.056076,8.0859,14.0625,14.0625,0,0,0.261255,558536449
0.058056,8.0859,14.0625,14.0625,0,0,0.261255,558536449
0.060046,8.0859,13.8867,13.8867,0,0,0.261255,558536449
0.062114,8.0859,13.8867,13.8867,0,0,0.261255,558536449
0.064102,8.0859,13.8867,13.8867,0,0,0.261255,558536449
0.066085,8.0859,13.8867,13.8867,0,0,0.261255,558536449
0.068076,8.0859,13.8867,13.8867,0,0,0.261255,558536449
0.070079,8.2617,13.8867,13.8867,0,0,0.261255,558536449
0.072099,8.2617,13.8867,13.8867,0,0,0.261255,558536449
0.074080,8.2617,13.8867,13.8867,0,0,0.261255,558536449
0.076082,8.2617,13.8867,13.8867,0,0,0.261255,558536449
0.078063,8.2617,13.8867,13.8867,0,0,0.261255,558536449
0.080051,8.2617,13.8867,13.8867,0,0,0.261255,558536449
0.082089,8.2617,13.8867,13.8867,0,0,0.261255,558536449
0.084094,8.2617,13.8867,13.8867,0,0,0.261255,558536449
0.086094,8.2617,13.8867,13.8867,0,0,0.261255,558536449
0.088085,8.2617,13.7109,13.7109,0,0,0.261255,558536449
0.090067,8.2617,13.7109,13.7109,0,0,0.261255,558536449
0.092056,8.2617,13.7109,13.7109,0,0,0.261255,558536449
0.094037,8.4375,13.7109,13.7109,0,0,0.261255,558536449
0.096030,8.4375,13.7109,13.7109,0,0,0.261255,558536449
0.098106,8.4375,13.7109,13.7109,0,0,0.261255,558536449
0.100095,8.4375,13.7109,13.7109,0,0,0.261255,558536449
0.102075,8.4375,13.5352,13.5352,0,0,0.261255,558536449
0.104085,8.4375,13.5352,13.5352,0,0,0.261255,558536449
0.106067,8.4375,13.5352,13.5352,0,0,0.261255,558536449
0.108055,8.4375,13.5352,13.5352,0,0,0.261255,558536449
0.110092,8.4375,13.5352,13.5352,0,0,0.261255,558536449
0.112095,8.4375,13.5352,13.5352,0,0,0.261255,558536449
0.114076,8.6133,13.5352,13.5352,0,0,0.261255,558536449
0.116065,8.6133,13.5352,13.5352,0,0,0.261255,558536449
0.121079,8.6133,13.3594,13.3594,0,0,0.261255,558536449
0.121362,8.6133,13.3594,13.3594,0,0,0.261255,558536449
0.122068,8.6133,13.3594,13.3594,0,0,0.261255,558536449
0.124064,8.6133,13.3594,13.3594,0,0,0.261255,558536449
0.126064,8.6133,13.3594,13.3594,0,0,0.261255,558536449
0.128075,8.6133,13.3594,13.3594,0,0,0.261255,558536449
0.130080,8.6133,13.3594,13.3594,0,0,0.261255,558536449
0.132076,8.6133,13.3594,13.3594,0,0,0.261255,558536449
0.134076,8.7891,13.3594,13.3594,0,0,0.261255,558536449
0.136094,8.7891,13.3594,13.3594,0,0,0.261255,558536449
0.138092,8.7891,13.1836,13.1836,0,0,0.261255,558536449
0.140091,8.7891,13.1836,13.1836,0,0,0.261255,558536449
0.142087,8.7891,13.1836,13.1836,0,0,0.261255,558536449
0.144084,8.7891,13.1836,13.1836,0,0,0.261255,558536449
0.146085,8.7891,13.1836,13.1836,0,0,0.261255,558536449
0.148085,8.7891,13.1836,13.1836,0,0,0.261255,558536449
0.150085,8.7891,13.1836,13.1836,0,0,0.261255,558536449
0.152085,8.7891,13.1836,13.1836,0,0,0.261255,558536449
0.154039,8.9648,13.1836,13.1836,0,0,0.261255,558536449
0.156037,8.9648,13.0078,13.0078,0,0,0.261255,558536449
0.158032,8.9648,13.0078,13.0078,0,0,0.261255,558536449
0.160042,8.9648,13.0078,13.0078,0,0,0.261255,558536449
0.162040,8.9648,13.0078,13.0078,0,0,0.261255,558536449
0.164040,8.9648,13.0078,13.0078,0,0,0.261255,558536449
0.166038,8.9648,13.0078,13.0078,0,0,0.261255,558536449
0.168037,8.9648,13.0078,13.0078,0,0,0.261255,558536449
0.170032,8.9648,12.8320,12.8320,0,0,0.261255,558536449
0.172114,8.9648,12.8320,12.8320,0,0,0.261255,558536449
0.174110,8.9648,12.8320,12.8320,0,0,0.261255,558536449
0.176105,8.9648,12.8320,12.8320,0,0,0.261255,558536449
0.178102,8.9648,12.8320,12.8320,0,0,0.261255,558536449
0.180099,8.9648,12.8320,12.8320,0,0,0.261255,558536449
0.182095,8.9648,12.8320,12.8320,0,0,0.261255,558536449
0.184094,8.9648,12.8320,12.8320,0,0,0.261255,558536449
0.186091,8.9648,12.8320,12.8320,0,0,0.261255,558536449
0.188088,8.9648,12.8320,12.8320,0,0,0.261255,558536449
0.190087,8.9648,12.8320,12.8320,0,0,0.261255,558536449
0.192085,8.9648,12.8320,12.8320,0,0,0.261255,558536449
0.194085,8.9648,12.8320,12.8320,0,0,0.261255,558536449
0.196085,9.1406,12.8320,12.8320,0,0,0.261255,558536449
0.198085,9.1406,12.6562,12.6562,0,0,0.261255,558536449
0.200085,9.1406,12.6562,12.6562,0,0,0.261255,558536449
0.202085,9.1406,12.6562,12.6562,0,0,0.261255,558536449
0.204085,9.1406,12.6562,12.6562,0,0,0.261255,558536449
0.206085,9.1406,12.6562,12.6562,0,0,0.261255,558536449
0.208085,9.1406,12.6562,12.6562,0,0,0.261255,558536449
0.210085,9.1406,12.6562,12.6562,0,0,0.261255,558536449
0.212091,9.1406,12.6562,12.6562,0,0,0.261255,558536449
0.214088,9.1406,12.6562,12.6562,0,0,0.261255,558536449
0.216087,9.1406,12.6562,12.6562,0,0,0.261255,558536449
0.221003,9.1406,12.6562,12.6562,0,0,0.261255,558536449
0.221263,9.1406,12.6562,12.6562,0,0,0.261255,558536449
0.222043,9.1406,12.6562,12.6562,0,0,0.261255,558536449
0.224030,9.1406,12.6562,12.6562,0,0,0.261255,558536449
0.226114,9.1406,12.6562,12.6562,0,0,0.261255,558536449
0.228107,9.1406,12.6562,12.6562,0,0,0.261255,558536449
0.230061,9.1406,12.6562,12.6562,0,0,0.261255,558536449
0.232077,9.1406,12.6562,12.6562,0,0,0.261255,558536449
0.234078,9.1406,12.6562,12.6562,0,0,0.261255,558536449
0.236068,9.1406,12.6562,12.6562,0,0,0.261255,558536449
0.238047,9.1406,12.6562,12.6562,0,0,0.261255,558536449
0.240050,9.1406,12.6562,12.6562,0,0,0.261255,558536449
0.242046,9.1406,12.6562,12.6562,0,0,0.261255,558536449
0.244037,9.1406,12.6562,12.6562,0,0,0.261255,558536449
0.246054,9.1406,12.6562,12.6562,0,0,0.261255,558536449
0.248544,9.1406,12.6562,12.6562,0,0,0.261255,558536449
0.252584,9.1406,12.6562,12.6562,0,0,0.482380,558768939
0.253024,9.1406,12.6562,12.6562,0,0,0.482380,558768939
0.254030,9.1406,12.6562,12.6562,0,0,0.482380,558768939
0.256098,9.1406,12.6562,12.6562,0,0,0.482380,558768939
0.258094,9.1406,12.6562,12.6562,0,0,0.482380,558768939
0.260105,9.1406,12.6562,12.6562,0,0,0.482380,558768939
0.262037,9.1406,12.6562,12.6562,0,0,0.482380,558768939
0.264033,9.1406,12.6562,12.6562,0,0,0.482380,558768939
0.266051,9.1406,12.6562,12.6562,0,0,0.482380,558768939
0.268077,9.1406,12.6562,12.6562,0,0,0.482380,558768939
0.270075,9.1406,12.6562,12.6562,0,0,0.482380,558768939
0.272059,9.1406,12.6562,12.6562,0,0,0.482380,558768939
0.274565,9.1406,12.6562,12.6562,0,0,0.482380,558768939
0.276120,9.1406,12.6562,12.6562,0,0,0.482380,558768939
0.278074,9.1406,12.6562,12.6562,0,0,0.482380,558768939
0.280091,9.1406,12.6562,12.6562,0,0,0.482380,558768939
0.282064,9.1406,12.6562,12.6562,0,0,0.482380,558768939
0.284066,9.1406,12.6562,12.6562,0,0,0.482380,558768939
0.286063,9.1406,12.6562,12.6562,0,0,0.482380,558768939
0.288063,9.1406,12.6562,12.6562,0,0,0.482380,558768939
0.290063,9.1406,12.6562,12.6562,0,0,0.482380,558768939
0.292063,9.1406,12.6562,12.6562,0,0,0.482380,558768939
0.294063,9.1406,12.6562,12.6562,0,0,0.482380,558768939
0.296063,9.1406,12.6562,12.6562,0,0,0.482380,558768939
0.298063,9.1406,12.6562,12.6562,0,0,0.482380,558768939
0.300063,9.1406,12.6562,12.6562,0,0,0.482380,558768939
0.302063,9.1406,12.6562,12.6562,0,0,0.482380,558768939
0.304063,9.1406,12.6562,12.6562,0,0,0.482380,558768939
0.306063,9.1406,12.6562,12.6562,0,0,0.482380,558768939
0.308063,9.1406,12.6562,12.6562,0,0,0.482380,558768939
0.310063,9.1406,12.6562,12.6562,0,0,0.482380,558768939
0.312076,9.1406,12.6562,12.6562,0,0,0.482380,558768939
0.314075,9.1406,12.6562,12.6562,0,0,0.482380,558768939
0.316072,9.1406,12.6562,12.6562,0,0,0.482380,558768939
0.321606,9.1406,12.6562,12.6562,0,0,0.482380,558768939
0.321917,9.1406,12.6562,12.6562,0,0,0.482380,558768939
0.322095,9.1406,12.6562,12.6562,0,0,0.482380,558768939
0.324084,9.1406,12.6562,12.6562,0,0,0.482380,558768939
0.326068,9.1406,12.6562,12.6562,0,0,0.482380,558768939
0.328056,9.1406,12.6562,12.6562,0,0,0.482380,558768939
0.330038,9.1406,12.8320,12.8320,0,0,0.482380,558768939
0.332114,9.1406,12.8320,12.8320,0,0,0.482380,558768939
0.334095,9.1406,12.8320,12.8320,0,0,0.482380,558768939
0.336085,9.1406,12.8320,12.8320,0,0,0.482380,558768939
0.338068,9.1406,12.8320,12.8320,0,0,0.482380,558768939
0.340056,9.1406,12.8320,12.8320,0,0,0.482380,558768939
0.342037,9.1406,12.8320,12.8320,0,0,0.482380,558768939
0.344114,9.1406,12.8320,12.8320,0,0,0.482380,558768939
0.346095,9.1406,12.8320,12.8320,0,0,0.482380,558768939
0.348085,9.1406,12.8320,12.8320,0,0,0.482380,558768939
0.350068,9.1406,12.8320,12.8320,0,0,0.482380,558768939
0.352056,9.1406,12.8320,12.8320,0,0,0.482380,558768939
0.354038,9.1406,12.8320,12.8320,0,0,0.482380,558768939
0.356114,9.1406,12.8320,12.8320,0,0,0.482380,558768939
0.358041,9.1406,12.8320,12.8320,0,0,0.482380,558768939
0.360108,9.1406,12.8320,12.8320,0,0,0.482380,558768939
0.362091,9.1406,12.8320,12.8320,0,0,0.482380,558768939
0.364103,9.1406,12.8320,12.8320,0,0,0.482380,558768939
0.366085,9.1406,12.8320,12.8320,0,0,0.482380,558768939
0.368076,9.1406,12.8320,12.8320,0,0,0.482380,558768939
0.370056,9.1406,12.8320,12.8320,0,0,0.482380,558768939
0.372046,9.1406,12.8320,12.8320,0,0,0.482380,558768939
0.374114,9.1406,12.8320,12.8320,0,0,0.482380,558768939
0.376101,9.1406,12.8320,12.8320,0,0,0.482380,558768939
0.378085,9.1406,12.8320,12.8320,0,0,0.482380,558768939
0.380075,9.1406,12.8320,12.8320,0,0,0.482380,558768939
0.382056,9.1406,12.8320,12.8320,0,0,0.482380,558768939
0.384046,9.1406,12.8320,12.8320,0,0,0.482380,558768939
0.386114,9.1406,12.8320,12.8320,0,0,0.482380,558768939
0.388101,9.1406,12.8320,12.8320,0,0,0.482380,558768939
0.390085,9.1406,13.0078,13.0078,0,0,0.482380,558768939
0.392076,9.1406,13.0078,13.0078,0,0,0.482380,558768939
0.394056,9.1406,13.0078,13.0078,0,0,0.482380,558768939
0.396046,9.1406,13.0078,13.0078,0,0,0.482380,558768939
0.398114,9.1406,13.0078,13.0078,0,0,0.482380,558768939
0.400101,9.1406,13.0078,13.0078,0,0,0.482380,558768939
0.402085,9.1406,13.0078,13.0078,0,0,0.482380,558768939
0.404075,9.1406,13.0078,13.0078,0,0,0.482380,558768939
0.406056,9.1406,13.0078,13.0078,0,0,0.482380,558768939
0.408046,9.1406,13.0078,13.0078,0,0,0.482380,558768939
0.410114,9.1406,13.0078,13.0078,0,0,0.482380,558768939
0.412110,9.1406,13.0078,13.0078,0,0,0.482380,558768939
0.414094,9.1406,13.0078,13.0078,0,0,0.482380,558768939
0.416085,9.1406,13.0078,13.0078,0,0,0.482380,558768939
0.421073,9.1406,13.0078,13.0078,0,0,0.482380,558768939
0.421337,9.1406,13.0078,13.0078,0,0,0.482380,558768939
0.422051,9.1406,13.0078,13.0078,0,0,0.482380,558768939
0.424047,9.1406,13.0078,13.0078,0,0,0.482380,558768939
0.426046,9.1406,13.0078,13.0078,0,0,0.482380,558768939
0.428043,9.1406,13.1836,13.1836,0,0,0.482380,558768939
0.430051,9.1406,13.1836,13.1836,0,0,0.482380,558768939
0.432047,9.1406,13.1836,13.1836,0,0,0.482380,558768939
0.434047,9.1406,13.1836,13.1836,0,0,0.482380,558768939
0.436046,9.1406,13.1836,13.1836,0,0,0.482380,558768939
0.438043,9.1406,13.1836,13.1836,0,0,0.482380,558768939
0.440040,9.1406,13.1836,13.1836,0,0,0.482380,558768939
0.442038,9.1406,13.1836,13.1836,0,0,0.482380,558768939
0.444038,9.1406,13.1836,13.1836,0,0,0.482380,558768939
0.446038,9.1406,13.1836,13.1836,0,0,0.482380,558768939
0.448038,9.1406,13.1836,13.1836,0,0,0.482380,558768939
0.450038,9.1406,13.1836,13.1836,0,0,0.482380,558768939
0.452038,9.1406,13.1836,13.1836,0,0,0.482380,558768939
0.454038,9.1406,13.1836,13.1836,0,0,0.482380,558768939
0.456038,9.1406,13.1836,13.1836,0,0,0.482380,558768939
0.458038,9.1406,13.1836,13.1836,0,0,0.482380,558768939
0.460062,9.1406,13.1836,13.1836,0,0,0.482380,558768939
0.462113,9.1406,13.1836,13.1836,0,0,0.482380,558768939
0.464109,9.1406,13.1836,13.1836,0,0,0.482380,558768939
0.466104,9.1406,13.1836,13.1836,0,0,0.482380,558768939
0.468102,9.1406,13.1836,13.1836,0,0,0.482380,558768939
0.470049,9.1406,13.1836,13.1836,0,0,0.482380,558768939
0.472046,9.1406,13.1836,13.1836,0,0,0.482380,558768939
0.474079,9.1406,13.1836,13.1836,0,0,0.482380,558768939
0.476058,9.1406,13.1836,13.1836,0,0,0.482380,558768939
0.478091,9.1406,13.1836,13.1836,0,0,0.482380,558768939
0.480125,9.1406,13.1836,13.1836,0,0,0.482380,558768939
0.484882,9.1406,13.1836,13.1836,0,0,0.751975,559027157
0.485343,9.1406,13.1836,13.1836,0,0,0.751975,559027157
0.486084,9.1406,13.1836,13.1836,0,0,0.751975,559027157
0.488042,9.1406,13.1836,13.1836,0,0,0.751975,559027157
0.490075,9.1406,13.1836,13.1836,0,0,0.751975,559027157
0.492098,9.1406,13.1836,13.1836,0,0,0.751975,559027157
0.494094,9.1406,13.1836,13.1836,0,0,0.751975,559027157
0.496085,9.1406,13.1836,13.1836,0,0,0.751975,559027157
0.498037,9.1406,13.1836,13.1836,0,0,0.751975,559027157
0.500114,9.1406,13.3594,13.3594,0,0,0.751975,559027157
0.502114,9.1406,13.3594,13.3594,0,0,0.751975,559027157
0.504110,9.1406,13.3594,13.3594,0,0,0.751975,559027157
0.506105,9.1406,13.3594,13.3594,0,0,0.751975,559027157
0.508094,9.1406,13.3594,13.3594,0,0,0.751975,559027157
0.510085,9.1406,13.3594,13.3594,0,0,0.751975,559027157
0.512094,9.1406,13.3594,13.3594,0,0,0.751975,559027157
0.514091,9.1406,13.3594,13.3594,0,0,0.751975,559027157
0.516088,9.1406,13.3594,13.3594,0,0,0.751975,559027157
0.521773,9.1406,13.3594,13.3594,0,0,0.751975,559027157
0.522274,9.1406,13.3594,13.3594,0,0,0.751975,559027157
0.522513,9.1406,13.3594,13.3594,0,0,0.751975,559027157
0.524039,9.1406,13.3594,13.3594,0,0,0.751975,559027157
0.526109,9.1406,13.3594,13.3594,0,0,0.751975,559027157
0.528099,9.1406,13.3594,13.3594,0,0,0.751975,559027157
0.530079,9.1406,13.3594,13.3594,0,0,0.751975,559027157
0.532077,9.1406,13.3594,13.3594,0,0,0.751975,559027157
0.546455,9.1406,13.3594,13.3594,0,5,0.751975,559027157
0.548458,9.1406,13.3594,13.3594,0,5,0.751975,559027157
0.550532,9.1406,13.3594,13.3594,0,5,0.751975,559027157
0.552516,9.1406,13.3594,13.3594,0,5,0.751975,559027157
0.554496,9.1406,13.3594,13.3594,0,5,0.751975,559027157
0.556456,9.1406,13.3594,13.3594,0,5,0.751975,559027157
0.558548,9.1406,13.3594,13.3594,0,5,0.751975,559027157
0.560531,9.1406,13.3594,13.3594,0,5,0.751975,559027157
0.562498,9.1406,13.3594,13.3594,0,5,0.751975,559027157
0.564483,9.1406,13.3594,13.3594,0,5,0.751975,559027157
0.566515,9.1406,13.3594,13.3594,0,5,0.751975,559027157
0.568460,9.1406,13.3594,13.3594,0,5,0.751975,559027157
0.570519,9.1406,13.3594,13.3594,0,5,0.751975,559027157
0.572529,9.1406,13.3594,13.3594,0,5,0.751975,559027157
0.574522,9.1406,13.3594,13.3594,0,5,0.751975,559027157
0.576468,9.1406,13.3594,13.3594,0,5,0.751975,559027157
0.578499,9.1406,13.3594,13.3594,0,5,0.751975,559027157
0.580533,9.1406,13.3594,13.3594,0,5,0.751975,559027157
0.582479,9.1406,13.3594,13.3594,0,5,0.751975,559027157
0.584509,9.1406,13.3594,13.3594,0,5,0.751975,559027157
0.586456,9.1406,13.3594,13.3594,0,5,0.751975,559027157
0.588491,9.1406,13.3594,13.3594,0,5,0.751975,559027157
0.590524,9.1406,13.3594,13.3594,0,5,0.751975,559027157
0.592469,9.1406,13.3594,13.3594,0,5,0.751975,559027157
0.594501,9.1406,13.3594,13.3594,0,5,0.751975,559027157
0.596532,9.1406,13.3594,13.3594,0,5,0.751975,559027157
0.598479,9.1406,13.3594,13.3594,0,5,0.751975,559027157
0.600510,9.1406,13.1836,13.1836,0,5,0.751975,559027157
0.602456,9.1406,13.1836,13.1836,0,5,0.751975,559027157
0.604487,9.1406,13.1836,13.1836,0,5,0.751975,559027157
0.606518,9.1406,13.1836,13.1836,0,5,0.751975,559027157
0.608464,9.1406,13.1836,13.1836,0,5,0.751975,559027157
0.610498,9.1406,13.1836,13.1836,0,5,0.751975,559027157
0.612468,9.1406,13.1836,13.1836,0,5,0.751975,559027157
0.614499,9.1406,13.1836,13.1836,0,5,0.751975,559027157
0.616530,9.1406,13.1836,13.1836,0,5,0.751975,559027157
0.621800,9.1406,13.1836,13.1836,0,5,0.751975,559027157
0.622167,9.1406,13.1836,13.1836,0,5,0.751975,559027157
0.622472,9.1406,13.1836,13.1836,0,5,0.751975,559027157
0.624495,9.1406,13.1836,13.1836,0,5,0.751975,559027157
0.626508,9.1406,13.1836,13.1836,0,5,0.751975,559027157
0.628533,9.1406,13.1836,13.1836,0,5,0.751975,559027157
0.630462,9.1406,13.1836,13.1836,0,5,0.751975,559027157
0.632486,9.1406,13.1836,13.1836,0,5,0.751975,559027157
0.634502,9.1406,13.1836,13.1836,0,5,0.751975,559027157
0.636525,9.1406,13.1836,13.1836,0,5,0.751975,559027157
0.638456,9.1406,13.1836,13.1836,0,5,0.751975,559027157
0.640479,9.1406,13.1836,13.1836,0,5,0.751975,559027157
0.642494,9.1406,13.1836,13.1836,0,5,0.751975,559027157
0.644518,9.1406,13.1836,13.1836,0,5,0.751975,559027157
0.646533,9.1406,13.1836,13.1836,0,5,0.751975,559027157
0.648470,9.1406,13.1836,13.1836,0,5,0.751975,559027157
0.650486,9.1406,13.1836,13.1836,0,5,0.751975,559027157
0.652508,9.1406,13.1836,13.1836,0,5,0.751975,559027157
0.654524,9.1406,13.1836,13.1836,0,5,0.751975,559027157
0.656461,9.1406,13.1836,13.1836,0,5,0.751975,559027157
0.658479,9.1406,13.1836,13.1836,0,5,0.751975,559027157
0.660505,9.1406,13.1836,13.1836,0,5,0.751975,559027157
0.662521,9.1406,13.1836,13.1836,0,5,0.751975,559027157
0.664460,9.1406,13.1836,13.1836,0,5,0.751975,559027157
0.666538,9.1406,13.1836,13.1836,0,5,0.751975,559027157
0.668477,9.1406,13.1836,13.1836,0,5,0.751975,559027157
0.670515,9.1406,13.0078,13.0078,0,5,0.751975,559027157
0.672538,9.1406,13.0078,13.0078,0,5,0.751975,559027157
0.674468,9.1406,13.0078,13.0078,0,5,0.751975,559027157
0.676494,9.1406,13.0078,13.0078,0,5,0.751975,559027157
0.678508,9.1406,13.0078,13.0078,0,5,0.751975,559027157
0.680533,9.1406,13.0078,13.0078,0,5,0.751975,559027157
0.682462,9.1406,13.0078,13.0078,0,5,0.751975,559027157
0.684486,9.1406,13.0078,13.0078,0,5,0.751975,559027157
0.686505,9.1406,13.0078,13.0078,0,5,0.751975,559027157
0.688530,9.1406,13.0078,13.0078,0,5,0.751975,559027157
0.690460,9.1406,13.0078,13.0078,0,5,0.751975,559027157
0.692483,9.1406,13.0078,13.0078,0,5,0.751975,559027157
0.694497,9.1406,13.0078,13.0078,0,5,0.751975,559027157
0.696522,9.1406,13.0078,13.0078,0,5,0.751975,559027157
0.698538,9.1406,13.0078,13.0078,0,5,0.751975,559027157
0.700477,9.1406,13.0078,13.0078,0,5,0.751975,559027157
0.702494,9.1406,13.0078,13.0078,0,5,0.751975,559027157
0.704518,9.1406,13.0078,13.0078,0,5,0.751975,559027157
0.706532,9.1406,13.0078,13.0078,0,5,0.751975,559027157
0.708493,9.1406,13.0078,13.0078,0,5,0.751975,559027157
0.710458,9.1406,13.0078,13.0078,0,5,0.751975,559027157
0.712516,9.1406,12.8320,12.8320,0,5,0.751975,559027157
0.714505,9.1406,12.8320,12.8320,0,5,0.751975,559027157
0.716551,9.1406,12.8320,12.8320,0,5,0.751975,559027157
0.721195,9.1406,12.8320,12.8320,0,5,0.751975,559027157
0.721509,9.1406,12.8320,12.8320,0,5,0.751975,559027157
0.722525,9.1406,12.8320,12.8320,0,5,0.751975,559027157
0.724470,9.1406,12.8320,12.8320,0,5,0.751975,559027157
0.726502,9.1406,12.8320,12.8320,0,5,0.751975,559027157
0.728533,9.1406,12.8320,12.8320,0,5,0.751975,559027157
0.730479,9.1406,12.8320,12.8320,0,5,0.751975,559027157
0.732510,9.1406,12.8320,12.8320,0,5,0.751975,559027157
0.734456,9.1406,12.8320,12.8320,0,5,0.751975,559027157
0.736487,9.1406,12.8320,12.8320,0,5,0.751975,559027157
0.738518,9.1406,12.8320,12.8320,0,5,0.751975,559027157
0.743229,9.1406,12.8320,12.8320,0,5,0.995900,559275149
0.743932,9.1406,12.8320,12.8320,0,5,0.995900,559275149
0.744529,9.1406,12.8320,12.8320,0,5,0.995900,559275149
0.746478,9.1406,12.8320,12.8320,0,5,0.995900,559275149
0.748526,9.1406,12.8320,12.8320,0,5,0.995900,559275149
0.750530,9.1406,12.8320,12.8320,0,5,0.995900,559275149
0.752477,9.1406,12.8320,12.8320,0,5,0.995900,559275149
0.754460,9.1406,12.8320,12.8320,0,5,0.995900,559275149
0.756491,9.1406,12.8320,12.8320,0,5,0.995900,559275149
0.758523,9.1406,12.8320,12.8320,0,5,0.995900,559275149
0.760468,9.1406,12.8320,12.8320,0,5,0.995900,559275149
0.762467,9.1406,12.8320,12.8320,0,5,0.995900,559275149
0.764464,9.1406,12.8320,12.8320,0,5,0.995900,559275149
0.766460,9.1406,12.8320,12.8320,0,5,0.995900,559275149
0.768532,9.1406,12.8320,12.8320,0,5,0.995900,559275149
0.770524,9.1406,12.8320,12.8320,0,5,0.995900,559275149
0.772455,9.1406,12.8320,12.8320,0,5,0.995900,559275149
0.774487,9.1406,12.8320,12.8320,0,5,0.995900,559275149
0.776518,9.1406,12.8320,12.8320,0,5,0.995900,559275149
0.778464,9.1406,12.8320,12.8320,0,5,0.995900,559275149
0.780494,9.1406,12.8320,12.8320,0,5,0.995900,559275149
0.782525,9.1406,12.8320,12.8320,0,5,0.995900,559275149
0.784470,9.1406,12.8320,12.8320,0,5,0.995900,559275149
0.786503,9.1406,12.8320,12.8320,0,5,0.995900,559275149
0.788533,9.1406,12.8320,12.8320,0,5,0.995900,559275149
0.790479,9.1406,12.8320,12.8320,0,5,0.995900,559275149
0.792509,9.1406,12.8320,12.8320,0,5,0.995900,559275149
0.794456,9.1406,12.8320,12.8320,0,5,0.995900,559275149
0.796491,9.1406,12.8320,12.8320,0,5,0.995900,559275149
0.798524,9.1406,12.8320,12.8320,0,5,0.995900,559275149
0.800469,9.1406,12.8320,12.8320,0,5,0.995900,559275149
0.802501,9.1406,12.8320,12.8320,0,5,0.995900,559275149
0.804533,9.1406,12.8320,12.8320,0,5,0.995900,559275149
0.806479,9.1406,12.6562,12.6562,0,5,0.995900,559275149
0.808510,9.1406,12.6562,12.6562,0,5,0.995900,559275149
0.810456,9.1406,12.6562,12.6562,0,5,0.995900,559275149
0.812508,9.1406,12.6562,12.6562,0,5,0.995900,559275149
0.814455,9.1406,12.6562,12.6562,0,5,0.995900,559275149
0.816487,9.1406,12.6562,12.6562,0,5,0.995900,559275149
0.821760,9.1406,12.6562,12.6562,0,5,0.995900,559275149
0.822095,9.1406,12.6562,12.6562,0,5,0.995900,559275149
0.822487,9.1406,12.6562,12.6562,0,5,0.995900,559275149
0.824509,9.1406,12.6562,12.6562,0,5,0.995900,559275149
0.826468,9.1406,12.6562,12.6562,0,5,0.995900,559275149
0.828491,9.1406,12.6562,12.6562,0,5,0.995900,559275149
0.830507,9.1406,12.6562,12.6562,0,5,0.995900,559275149
0.832464,9.1406,12.6562,12.6562,0,5,0.995900,559275149
0.834480,9.1406,12.6562,12.6562,0,5,0.995900,559275149
0.836506,9.1406,12.6562,12.6562,0,5,0.995900,559275149
0.838534,9.1406,12.6562,12.6562,0,5,0.995900,559275149
0.840472,9.1406,12.6562,12.6562,0,5,0.995900,559275149
0.842500,9.1406,12.6562,12.6562,0,5,0.995900,559275149
0.844460,9.1406,12.6562,12.6562,0,5,0.995900,559275149
0.846477,9.1406,12.6562,12.6562,0,5,0.995900,559275149
0.848501,9.1406,12.6562,12.6562,0,5,0.995900,559275149
0.850519,9.1406,12.6562,12.6562,0,5,0.995900,559275149
0.852455,9.1406,12.6562,12.6562,0,5,0.995900,559275149
0.854470,9.1406,12.6562,12.6562,0,5,0.995900,559275149
0.856494,9.1406,12.6562,12.6562,0,5,0.995900,559275149
0.858508,9.1406,12.6562,12.6562,0,5,0.995900,559275149
0.860533,9.1406,12.6562,12.6562,0,5,0.995900,559275149
0.862462,9.1406,12.6562,12.6562,0,5,0.995900,559275149
0.864486,9.1406,12.6562,12.6562,0,5,0.995900,559275149
0.866505,9.1406,12.6562,12.6562,0,5,0.995900,559275149
0.868530,9.1406,12.6562,12.6562,0,5,0.995900,559275149
0.870502,9.1406,12.6562,12.6562,0,5,0.995900,559275149
0.872525,9.1406,12.8320,12.8320,0,5,0.995900,559275149
0.874456,9.1406,12.8320,12.8320,0,5,0.995900,559275149
0.876507,9.1406,12.8320,12.8320,0,5,0.995900,559275149
0.878525,9.1406,12.8320,12.8320,0,5,0.995900,559275149
0.880461,9.1406,12.8320,12.8320,0,5,0.995900,559275149
0.882477,9.1406,12.8320,12.8320,0,5,0.995900,559275149
0.884500,9.1406,12.8320,12.8320,0,5,0.995900,559275149
0.886518,9.1406,12.8320,12.8320,0,5,0.995900,559275149
0.888456,9.1406,12.8320,12.8320,0,5,0.995900,559275149
0.890471,9.1406,12.8320,12.8320,0,5,0.995900,559275149
0.892494,9.1406,12.8320,12.8320,0,5,0.995900,559275149
0.894508,9.1406,12.8320,12.8320,0,5,0.995900,559275149
0.896533,9.1406,12.8320,12.8320,0,5,0.995900,559275149
0.898462,9.1406,12.8320,12.8320,0,5,0.995900,559275149
0.900486,9.1406,12.8320,12.8320,0,5,0.995900,559275149
0.902505,9.1406,12.8320,12.8320,0,5,0.995900,559275149
0.904530,9.1406,12.8320,12.8320,0,5,0.995900,559275149
0.906460,9.1406,12.8320,12.8320,0,5,0.995900,559275149
0.908483,9.1406,12.8320,12.8320,0,5,0.995900,559275149
0.910497,9.1406,12.8320,12.8320,0,5,0.995900,559275149
0.912530,9.1406,12.8320,12.8320,0,5,0.995900,559275149
0.914460,9.1406,12.8320,12.8320,0,5,0.995900,559275149
0.916483,9.1406,12.8320,12.8320,0,5,0.995900,559275149
0.921082,9.1406,12.8320,12.8320,0,5,0.995900,559275149
0.921389,9.1406,12.8320,12.8320,0,5,0.995900,559275149
0.922491,9.1406,12.8320,12.8320,0,5,0.995900,559275149
0.924524,9.1406,12.8320,12.8320,0,5,0.995900,559275149
0.926469,9.1406,12.8320,12.8320,0,5,0.995900,559275149
0.928459,9.1406,12.8320,12.8320,0,5,0.995900,559275149
0.930480,9.1406,12.8320,12.8320,0,5,0.995900,559275149
0.932510,9.1406,12.8320,12.8320,0,5,0.995900,559275149
0.934456,9.1406,12.8320,12.8320,0,5,0.995900,559275149
0.936487,9.1406,12.8320,12.8320,0,5,0.995900,559275149
0.938518,9.1406,12.8320,12.8320,0,5,0.995900,559275149
0.940464,9.1406,12.8320,12.8320,0,5,0.995900,559275149
0.942495,9.1406,12.8320,12.8320,0,5,0.995900,559275149
0.944526,9.1406,12.8320,12.8320,0,5,0.995900,559275149
0.946471,9.1406,12.8320,12.8320,0,5,0.995900,559275149
0.948505,9.1406,12.8320,12.8320,0,5,0.995900,559275149
0.950537,9.1406,12.8320,12.8320,0,5,0.995900,559275149
0.952483,9.1406,12.8320,12.8320,0,5,0.995900,559275149
0.954515,9.1406,12.8320,12.8320,0,5,0.995900,559275149
0.956460,9.1406,12.8320,12.8320,0,5,0.995900,559275149
0.958494,9.1406,12.8320,12.8320,0,5,0.995900,559275149
0.960525,9.1406,13.0078,13.0078,0,5,0.995900,559275149
0.962470,9.1406,13.0078,13.0078,0,5,0.995900,559275149
0.964502,9.1406,13.0078,13.0078,0,5,0.995900,559275149
0.966533,9.1406,13.0078,13.0078,0,5,0.995900,559275149
0.968479,9.1406,13.0078,13.0078,0,5,0.995900,559275149
0.970518,9.1406,13.0078,13.0078,0,5,0.995900,559275149
0.972531,9.1406,13.0078,13.0078,0,5,0.995900,559275149
0.974499,9.1406,13.0078,13.0078,0,5,0.995900,559275149
0.976479,9.1406,13.0078,13.0078,0,5,0.995900,559275149
0.978511,9.1406,13.0078,13.0078,0,5,0.995900,559275149
0.980479,9.1406,13.0078,13.0078,0,5,0.995900,559275149
0.982509,9.1406,13.0078,13.0078,0,5,0.995900,559275149
0.984471,9.1406,13.0078,13.0078,0,5,0.995900,559275149
0.986539,9.1406,13.0078,13.0078,0,5,0.995900,559275149
0.991143,9.1406,13.0078,13.0078,0,5,1.226967,559510754
0.991876,9.1406,13.0078,13.0078,0,5,1.226967,559510754
0.992479,9.1406,13.0078,13.0078,0,5,1.226967,559510754
0.994526,9.1406,13.0078,13.0078,0,5,1.226967,559510754
0.996486,9.1406,13.0078,13.0078,0,5,1.226967,559510754
0.998530,9.1406,13.0078,13.0078,0,5,1.226967,559510754
1.000494,9.1406,13.0078,13.0078,0,5,1.226967,559510754
1.002470,9.1406,13.0078,13.0078,0,5,1.226967,559510754
1.004504,9.1406,13.0078,13.0078,0,5,1.226967,559510754
1.006544,9.1406,13.1836,13.1836,0,5,1.226967,559510754
1.008577,9.1406,13.1836,13.1836,0,5,1.226967,559510754
1.010477,9.1406,13.1836,13.1836,0,5,1.226967,559510754
1.012481,9.1406,13.1836,13.1836,0,5,1.226967,559510754
1.014508,9.1406,13.1836,13.1836,0,5,1.226967,559510754
1.016480,9.1406,13.1836,13.1836,0,5,1.226967,559510754
1.021734,9.1406,13.1836,13.1836,0,5,1.226967,559510754
1.022081,9.1406,13.1836,13.1836,0,5,1.226967,559510754
1.022472,9.1406,13.1836,13.1836,0,5,1.226967,559510754
1.024495,9.1406,13.1836,13.1836,0,5,1.226967,559510754
1.026509,9.1406,13.1836,13.1836,0,5,1.226967,559510754
1.028532,9.1406,13.1836,13.1836,0,5,1.226967,559510754
1.030461,9.1406,13.1836,13.1836,0,5,1.226967,559510754
1.032486,9.1406,13.1836,13.1836,0,5,1.226967,559510754
1.034502,9.1406,13.1836,13.1836,0,5,1.226967,559510754
1.036526,9.1406,13.1836,13.1836,0,5,1.226967,559510754
1.038455,9.1406,13.1836,13.1836,0,5,1.226967,559510754
1.040479,9.1406,13.1836,13.1836,0,5,1.226967,559510754
1.042494,9.1406,13.1836,13.1836,0,5,1.226967,559510754
1.044518,9.1406,13.1836,13.1836,0,5,1.226967,559510754
1.046533,9.1406,13.1836,13.1836,0,5,1.226967,559510754
1.048470,9.1406,13.1836,13.1836,0,5,1.226967,559510754
1.050486,9.1406,13.1836,13.1836,0,5,1.226967,559510754
1.052508,9.1406,13.1836,13.1836,0,5,1.226967,559510754
1.054524,9.1406,13.1836,13.1836,0,5,1.226967,559510754
1.056461,9.1406,13.1836,13.1836,0,5,1.226967,559510754
1.058479,9.1406,13.1836,13.1836,0,5,1.226967,559510754
1.060505,9.1406,13.1836,13.1836,0,5,1.226967,559510754
1.062521,9.1406,13.1836,13.1836,0,5,1.226967,559510754
1.064460,9.1406,13.1836,13.1836,0,5,1.226967,559510754
1.066477,9.1406,13.1836,13.1836,0,5,1.226967,559510754
1.068501,9.1406,13.1836,13.1836,0,5,1.226967,559510754
1.070519,9.1406,13.1836,13.1836,0,5,1.226967,559510754
1.072455,9.1406,13.1836,13.1836,0,5,1.226967,559510754
1.074474,9.1406,13.1836,13.1836,0,5,1.226967,559510754
1.076530,9.1406,13.1836,13.1836,0,5,1.226967,559510754
1.078465,9.1406,13.1836,13.1836,0,5,1.226967,559510754
1.080494,9.1406,13.1836,13.1836,0,5,1.226967,559510754
1.082508,9.1406,13.1836,13.1836,0,5,1.226967,559510754
1.084533,9.1406,13.1836,13.1836,0,5,1.226967,559510754
1.086462,9.1406,13.1836,13.1836,0,5,1.226967,559510754
1.088486,9.1406,13.1836,13.1836,0,5,1.226967,559510754
1.090505,9.1406,13.1836,13.1836,0,5,1.226967,559510754
1.092530,9.1406,13.1836,13.1836,0,5,1.226967,559510754
1.094460,9.1406,13.1836,13.1836,0,5,1.226967,559510754
1.096483,9.1406,13.1836,13.1836,0,5,1.226967,559510754
1.098497,9.1406,13.1836,13.1836,0,5,1.226967,559510754
1.100522,9.1406,13.1836,13.1836,0,5,1.226967,559510754
1.102538,9.1406,13.1836,13.1836,0,5,1.226967,559510754
1.104477,9.1406,13.1836,13.1836,0,5,1.226967,559510754
1.106522,9.1406,13.1836,13.1836,0,5,1.226967,559510754
1.108460,9.1406,13.1836,13.1836,0,5,1.226967,559510754
1.110477,9.1406,13.1836,13.1836,0,5,1.226967,559510754
1.112530,9.1406,13.1836,13.1836,0,5,1.226967,559510754
1.114460,9.1406,13.1836,13.1836,0,5,1.226967,559510754
1.116483,9.1406,13.1836,13.1836,0,5,1.226967,559510754
1.121083,9.1406,13.1836,13.1836,0,5,1.226967,559510754
1.121390,9.1406,13.1836,13.1836,0,5,1.226967,559510754
1.122494,9.1406,13.1836,13.1836,0,5,1.226967,559510754
1.124525,9.1406,13.1836,13.1836,0,5,1.226967,559510754
1.126470,9.1406,13.1836,13.1836,0,5,1.226967,559510754
1.128503,9.1406,13.1836,13.1836,0,5,1.226967,559510754
1.130534,9.1406,13.1836,13.1836,0,5,1.226967,559510754
1.132480,9.1406,13.1836,13.1836,0,5,1.226967,559510754
1.134510,9.1406,13.1836,13.1836,0,5,1.226967,559510754
1.136456,9.1406,13.1836,13.1836,0,5,1.226967,559510754
1.138487,9.1406,13.1836,13.1836,0,5,1.226967,559510754
1.140518,9.1406,13.1836,13.1836,0,5,1.226967,559510754
1.142463,9.1406,13.1836,13.1836,0,5,1.226967,559510754
1.144494,9.1406,13.1836,13.1836,0,5,1.226967,559510754
1.146525,9.1406,13.1836,13.1836,0,5,1.226967,559510754
1.148470,9.1406,13.1836,13.1836,0,5,1.226967,559510754
1.150502,9.1406,13.1836,13.1836,0,5,1.226967,559510754
1.152533,9.1406,13.1836,13.1836,0,5,1.226967,559510754
1.154479,9.1406,13.1836,13.1836,0,5,1.226967,559510754
1.156510,9.1406,13.1836,13.1836,0,5,1.226967,559510754
1.158456,9.1406,13.1836,13.1836,0,5,1.226967,559510754
1.160487,9.1406,13.1836,13.1836,0,5,1.226967,559510754
1.162518,9.1406,13.1836,13.1836,0,5,1.226967,559510754
1.164463,9.1406,13.1836,13.1836,0,5,1.226967,559510754
1.166494,9.1406,13.1836,13.1836,0,5,1.226967,559510754
1.168525,9.1406,13.1836,13.1836,0,5,1.226967,559510754
1.170470,9.1406,13.1836,13.1836,0,5,1.226967,559510754
1.172502,9.1406,13.1836,13.1836,0,5,1.226967,559510754
1.174533,9.1406,13.1836,13.1836,0,5,1.226967,559510754
1.176479,9.1406,13.1836,13.1836,0,5,1.226967,559510754
1.178477,9.1406,13.1836,13.1836,0,5,1.226967,559510754
1.180508,9.1406,13.1836,13.1836,0,5,1.226967,559510754
1.182469,9.1406,13.1836,13.1836,0,5,1.226967,559510754
1.184499,9.1406,13.1836,13.1836,0,5,1.226967,559510754
1.186530,9.1406,13.1836,13.1836,0,5,1.226967,559510754
1.188477,9.1406,13.1836,13.1836,0,5,1.226967,559510754
1.190507,9.1406,13.1836,13.1836,0,5,1.226967,559510754
1.192538,9.1406,13.1836,13.1836,0,5,1.226967,559510754
1.194483,9.1406,13.1836,13.1836,0,5,1.226967,559510754
1.196515,9.1406,13.1836,13.1836,0,5,1.226967,559510754
1.198460,9.1406,13.1836,13.1836,0,5,1.226967,559510754
1.200494,9.1406,13.1836,13.1836,0,5,1.226967,559510754
1.202525,9.1406,13.1836,13.1836,0,5,1.226967,559510754
1.204470,9.1406,13.1836,13.1836,0,5,1.226967,559510754
1.206502,9.1406,13.1836,13.1836,0,5,1.226967,559510754
1.208533,9.1406,13.1836,13.1836,0,5,1.226967,559510754
1.210479,9.1406,13.1836,13.1836,0,5,1.226967,559510754
1.212518,9.1406,13.1836,13.1836,0,5,1.226967,559510754
1.214463,9.1406,13.1836,13.1836,0,5,1.226967,559510754
1.216487,9.1406,13.1836,13.1836,0,5,1.226967,559510754
1.221195,9.1406,13.1836,13.1836,0,5,1.226967,559510754
1.221636,9.1406,13.1836,13.1836,0,5,1.226967,559510754
1.222468,9.1406,13.1836,13.1836,0,5,1.226967,559510754
1.226713,9.1406,13.1836,13.1836,0,5,1.467598,559748393
1.227408,9.1406,13.1836,13.1836,0,5,1.467598,559748393
1.228458,9.1406,13.1836,13.1836,0,5,1.467598,559748393
1.230515,9.1406,13.1836,13.1836,0,5,1.467598,559748393
1.232480,9.1406,13.0078,13.0078,0,5,1.467598,559748393
1.234526,9.1406,13.0078,13.0078,0,5,1.467598,559748393
1.236528,9.1406,13.0078,13.0078,0,5,1.467598,559748393
1.238466,9.1406,13.0078,13.0078,0,5,1.467598,559748393
1.240523,9.1406,13.0078,13.0078,0,5,1.467598,559748393
1.242460,9.1406,13.0078,13.0078,0,5,1.467598,559748393
1.244522,9.1406,13.0078,13.0078,0,5,1.467598,559748393
1.246538,9.1406,13.0078,13.0078,0,5,1.467598,559748393
1.248530,9.1406,13.0078,13.0078,0,5,1.467598,559748393
1.250483,9.1406,13.0078,13.0078,0,5,1.467598,559748393
1.252515,9.1406,13.0078,13.0078,0,5,1.467598,559748393
1.254460,9.1406,13.0078,13.0078,0,5,1.467598,559748393
1.256494,9.1406,13.0078,13.0078,0,5,1.467598,559748393
1.258525,9.1406,13.0078,13.0078,0,5,1.467598,559748393
1.260470,9.1406,13.0078,13.0078,0,5,1.467598,559748393
1.262502,9.1406,13.0078,13.0078,0,5,1.467598,559748393
1.264533,9.1406,13.0078,13.0078,0,5,1.467598,559748393
1.266479,9.1406,13.0078,13.0078,0,5,1.467598,559748393
1.268509,9.1406,13.0078,13.0078,0,5,1.467598,559748393
1.270456,9.1406,13.0078,13.0078,0,5,1.467598,559748393
1.272491,9.1406,13.0078,13.0078,0,5,1.467598,559748393
1.274524,9.1406,13.0078,13.0078,0,5,1.467598,559748393
1.276469,9.1406,13.0078,13.0078,0,5,1.467598,559748393
1.278501,9.1406,13.0078,13.0078,0,5,1.467598,559748393
1.280510,9.1406,13.0078,13.0078,0,5,1.467598,559748393
1.282476,9.1406,13.0078,13.0078,0,5,1.467598,559748393
1.284506,9.1406,13.0078,13.0078,0,5,1.467598,559748393
1.286538,9.1406,13.0078,13.0078,0,5,1.467598,559748393
1.288483,9.1406,13.0078,13.0078,0,5,1.467598,559748393
1.290515,9.1406,13.0078,13.0078,0,5,1.467598,559748393
1.292460,9.1406,12.8320,12.8320,0,5,1.467598,559748393
1.294494,9.1406,12.8320,12.8320,0,5,1.467598,559748393
1.296525,9.1406,12.8320,12.8320,0,5,1.467598,559748393
1.298470,9.1406,12.8320,12.8320,0,5,1.467598,559748393
1.300502,9.1406,12.8320,12.8320,0,5,1.467598,559748393
1.302533,9.1406,12.8320,12.8320,0,5,1.467598,559748393
1.304479,9.1406,12.8320,12.8320,0,5,1.467598,559748393
1.306509,9.1406,12.8320,12.8320,0,5,1.467598,559748393
1.308456,9.1406,12.8320,12.8320,0,5,1.467598,559748393
1.310491,9.1406,12.8320,12.8320,0,5,1.467598,559748393
1.312460,9.1406,12.8320,12.8320,0,5,1.467598,559748393
1.314494,9.1406,12.8320,12.8320,0,5,1.467598,559748393
1.316525,9.1406,12.8320,12.8320,0,5,1.467598,559748393
1.321565,9.1406,12.8320,12.8320,0,5,1.467598,559748393
1.321895,9.1406,12.8320,12.8320,0,5,1.467598,559748393
1.322468,9.1406,12.8320,12.8320,0,5,1.467598,559748393
1.324494,9.1406,12.8320,12.8320,0,5,1.467598,559748393
1.326508,9.1406,12.8320,12.8320,0,5,1.467598,559748393
1.328533,9.1406,12.8320,12.8320,0,5,1.467598,559748393
1.330462,9.1406,12.8320,12.8320,0,5,1.467598,559748393
1.332486,9.1406,12.8320,12.8320,0,5,1.467598,559748393
1.334505,9.1406,12.8320,12.8320,0,5,1.467598,559748393
1.336530,9.1406,12.8320,12.8320,0,5,1.467598,559748393
1.338460,9.1406,12.8320,12.8320,0,5,1.467598,559748393
1.340483,9.1406,12.8320,12.8320,0,5,1.467598,559748393
1.342497,9.1406,12.8320,12.8320,0,5,1.467598,559748393
1.344522,9.1406,12.8320,12.8320,0,5,1.467598,559748393
1.346538,9.1406,12.8320,12.8320,0,5,1.467598,559748393
1.348477,9.1406,12.8320,12.8320,0,5,1.467598,559748393
1.350494,9.1406,12.8320,12.8320,0,5,1.467598,559748393
1.352518,9.1406,12.8320,12.8320,0,5,1.467598,559748393
1.354532,9.1406,12.8320,12.8320,0,5,1.467598,559748393
1.356469,9.1406,12.8320,12.8320,0,5,1.467598,559748393
1.358486,9.1406,12.8320,12.8320,0,5,1.467598,559748393
1.360508,9.1406,12.8320,12.8320,0,5,1.467598,559748393
1.362524,9.1406,12.8320,12.8320,0,5,1.467598,559748393
1.364461,9.1406,12.8320,12.8320,0,5,1.467598,559748393
1.366479,9.1406,12.8320,12.8320,0,5,1.467598,559748393
1.368505,9.1406,12.8320,12.8320,0,5,1.467598,559748393
1.370521,9.1406,12.8320,12.8320,0,5,1.467598,559748393
1.372460,9.1406,12.8320,12.8320,0,5,1.467598,559748393
1.374477,9.1406,12.8320,12.8320,0,5,1.467598,559748393
1.376501,9.1406,12.8320,12.8320,0,5,1.467598,559748393
1.378519,9.1406,12.8320,12.8320,0,5,1.467598,559748393
1.380455,9.1406,12.8320,12.8320,0,5,1.467598,559748393
1.382508,9.1406,12.8320,12.8320,0,5,1.467598,559748393
1.384533,9.1406,12.8320,12.8320,0,5,1.467598,559748393
1.386464,9.1406,12.8320,12.8320,0,5,1.467598,559748393
1.388510,9.1406,12.8320,12.8320,0,5,1.467598,559748393
1.390525,9.1406,12.8320,12.8320,0,5,1.467598,559748393
1.392463,9.1406,12.8320,12.8320,0,5,1.467598,559748393
1.394480,9.1406,12.8320,12.8320,0,5,1.467598,559748393
1.396505,9.1406,12.8320,12.8320,0,5,1.467598,559748393
1.398522,9.1406,12.8320,12.8320,0,5,1.467598,559748393
1.400460,9.1406,12.8320,12.8320,0,5,1.467598,559748393
1.402477,9.1406,12.8320,12.8320,0,5,1.467598,559748393
1.404501,9.1406,12.8320,12.8320,0,5,1.467598,559748393
1.406519,9.1406,12.8320,12.8320,0,5,1.467598,559748393
1.408455,9.1406,12.8320,12.8320,0,5,1.467598,559748393
1.410470,9.1406,12.8320,12.8320,0,5,1.467598,559748393
1.412505,9.1406,12.8320,12.8320,0,5,1.467598,559748393
1.414522,9.1406,12.8320,12.8320,0,5,1.467598,559748393
1.416460,9.1406,12.8320,12.8320,0,5,1.467598,559748393
1.421069,9.1406,12.8320,12.8320,0,5,1.467598,559748393
1.421375,9.1406,12.8320,12.8320,0,5,1.467598,559748393
1.422480,9.1406,12.8320,12.8320,0,5,1.467598,559748393
1.424510,9.1406,12.8320,12.8320,0,5,1.467598,559748393
1.426456,9.1406,12.8320,12.8320,0,5,1.467598,559748393
1.428504,9.1406,12.8320,12.8320,0,5,1.467598,559748393
1.430538,9.1406,12.8320,12.8320,0,5,1.467598,559748393
1.432483,9.1406,12.8320,12.8320,0,5,1.467598,559748393
1.434515,9.1406,12.8320,12.8320,0,5,1.467598,559748393
1.436460,9.1406,12.8320,12.8320,0,5,1.467598,559748393
1.438494,9.1406,12.8320,12.8320,0,5,1.467598,559748393
1.440526,9.1406,12.8320,12.8320,0,5,1.467598,559748393
1.442471,9.1406,12.8320,12.8320,0,5,1.467598,559748393
1.444505,9.1406,12.8320,12.8320,0,5,1.467598,559748393
1.446537,9.1406,12.8320,12.8320,0,5,1.467598,559748393
1.448483,9.1406,12.8320,12.8320,0,5,1.467598,559748393
1.450515,9.1406,12.8320,12.8320,0,5,1.467598,559748393
1.452504,9.1406,12.8320,12.8320,0,5,1.467598,559748393
1.454527,9.1406,12.8320,12.8320,0,5,1.467598,559748393
1.456460,9.1406,12.8320,12.8320,0,5,1.467598,559748393
1.458550,9.1406,12.8320,12.8320,0,5,1.467598,559748393
1.460776,9.1406,12.8320,12.8320,0,5,1.467598,559748393
1.464510,9.1406,12.8320,12.8320,0,5,1.712255,559990853
1.465188,9.1406,12.8320,12.8320,0,5,1.712255,559990853
1.466486,9.1406,12.8320,12.8320,0,5,1.712255,559990853
1.468531,9.1406,12.8320,12.8320,0,5,1.712255,559990853
1.470494,9.1406,12.8320,12.8320,0,5,1.712255,559990853
1.472525,9.1406,12.8320,12.8320,0,5,1.712255,559990853
1.474498,9.1406,12.8320,12.8320,0,5,1.712255,559990853
1.476484,9.1406,12.8320,12.8320,0,5,1.712255,559990853
1.478542,9.1406,12.8320,12.8320,0,5,1.712255,559990853
1.480735,9.1406,12.8320,12.8320,0,5,1.712255,559990853
1.482480,9.1406,12.8320,12.8320,0,5,1.712255,559990853
1.484540,9.1406,12.8320,12.8320,0,5,1.712255,559990853
1.486518,9.1406,12.8320,12.8320,0,5,1.712255,559990853
1.488466,9.1406,12.8320,12.8320,0,5,1.712255,559990853
1.490527,9.1406,12.8320,12.8320,0,5,1.712255,559990853
1.492499,9.1406,12.8320,12.8320,0,5,1.712255,559990853
1.494464,9.1406,12.8320,12.8320,0,5,1.712255,559990853
1.496504,9.1406,12.8320,12.8320,0,5,1.712255,559990853
1.498456,9.1406,12.8320,12.8320,0,5,1.712255,559990853
1.500487,9.1406,12.8320,12.8320,0,5,1.712255,559990853
1.502518,9.1406,12.8320,12.8320,0,5,1.712255,559990853
1.504464,9.1406,12.8320,12.8320,0,5,1.712255,559990853
1.506494,9.1406,12.8320,12.8320,0,5,1.712255,559990853
1.508525,9.1406,12.8320,12.8320,0,5,1.712255,559990853
1.510470,9.1406,12.8320,12.8320,0,5,1.712255,559990853
1.512524,9.1406,12.8320,12.8320,0,5,1.712255,559990853
1.514469,9.1406,12.8320,12.8320,0,5,1.712255,559990853
1.516501,9.1406,12.8320,12.8320,0,5,1.712255,559990853
1.521747,9.1406,13.0078,13.0078,0,5,1.712255,559990853
1.522111,9.1406,13.0078,13.0078,0,5,1.712255,559990853
1.522494,9.1406,13.0078,13.0078,0,5,1.712255,559990853
1.524518,9.1406,13.0078,13.0078,0,5,1.712255,559990853
1.526533,9.1406,13.0078,13.0078,0,5,1.712255,559990853
1.528470,9.1406,13.0078,13.0078,0,5,1.712255,559990853
1.530486,9.1406,13.0078,13.0078,0,5,1.712255,559990853
1.532508,9.1406,13.0078,13.0078,0,5,1.712255,559990853
1.534524,9.1406,13.0078,13.0078,0,5,1.712255,559990853
1.536461,9.1406,13.0078,13.0078,0,5,1.712255,559990853
1.538479,9.1406,13.0078,13.0078,0,5,1.712255,559990853
1.540505,9.1406,13.0078,13.0078,0,5,1.712255,559990853
1.542521,9.1406,13.0078,13.0078,0,5,1.712255,559990853
1.544460,9.1406,13.0078,13.0078,0,5,1.712255,559990853
1.546477,9.1406,13.0078,13.0078,0,5,1.712255,559990853
1.548501,9.1406,13.0078,13.0078,0,5,1.712255,559990853
1.550519,9.1406,13.0078,13.0078,0,5,1.712255,559990853
1.552455,9.1406,13.0078,13.0078,0,5,1.712255,559990853
1.554470,9.1406,13.0078,13.0078,0,5,1.712255,559990853
1.556494,9.1406,13.0078,13.0078,0,5,1.712255,559990853
1.558508,9.1406,13.0078,13.0078,0,5,1.712255,559990853
1.560533,9.1406,13.0078,13.0078,0,5,1.712255,559990853
1.562462,9.1406,13.0078,13.0078,0,5,1.712255,559990853
1.564486,9.1406,13.0078,13.0078,0,5,1.712255,559990853
1.566505,9.1406,13.0078,13.0078,0,5,1.712255,559990853
1.568530,9.1406,13.0078,13.0078,0,5,1.712255,559990853
1.570460,9.1406,13.0078,13.0078,0,5,1.712255,559990853
1.572483,9.1406,13.0078,13.0078,0,5,1.712255,559990853
1.574497,9.1406,13.0078,13.0078,0,5,1.712255,559990853
1.576522,9.1406,13.0078,13.0078,0,5,1.712255,559990853
1.578538,9.1406,13.0078,13.0078,0,5,1.712255,559990853
1.580477,9.1406,13.0078,13.0078,0,5,1.712255,559990853
1.582494,9.1406,13.0078,13.0078,0,5,1.712255,559990853
1.584518,9.1406,13.0078,13.0078,0,5,1.712255,559990853
1.586471,9.1406,13.0078,13.0078,0,5,1.712255,559990853
1.588518,9.1406,13.0078,13.0078,0,5,1.712255,559990853
1.590534,9.1406,13.1836,13.1836,0,5,1.712255,559990853
1.592495,9.1406,13.1836,13.1836,0,5,1.712255,559990853
1.594509,9.1406,13.1836,13.1836,0,5,1.712255,559990853
1.596532,9.1406,13.1836,13.1836,0,5,1.712255,559990853
1.598461,9.1406,13.1836,13.1836,0,5,1.712255,559990853
1.600486,9.1406,13.1836,13.1836,0,5,1.712255,559990853
1.602502,9.1406,13.1836,13.1836,0,5,1.712255,559990853
1.604526,9.1406,13.1836,13.1836,0,5,1.712255,559990853
1.606455,9.1406,13.1836,13.1836,0,5,1.712255,559990853
1.608479,9.1406,13.1836,13.1836,0,5,1.712255,559990853
1.610494,9.1406,13.1836,13.1836,0,5,1.712255,559990853
1.612530,9.1406,13.1836,13.1836,0,5,1.712255,559990853
1.614460,9.1406,13.1836,13.1836,0,5,1.712255,559990853
1.616483,9.1406,13.1836,13.1836,0,5,1.712255,559990853
1.621098,9.1406,13.1836,13.1836,0,5,1.712255,559990853
1.621412,9.1406,13.1836,13.1836,0,5,1.712255,559990853
1.622506,9.1406,13.1836,13.1836,0,5,1.712255,559990853
1.624538,9.1406,13.1836,13.1836,0,5,1.712255,559990853
1.626483,9.1406,13.1836,13.1836,0,5,1.712255,559990853
1.628515,9.1406,13.1836,13.1836,0,5,1.712255,559990853
1.630460,9.1406,13.1836,13.1836,0,5,1.712255,559990853
1.632494,9.1406,13.1836,13.1836,0,5,1.712255,559990853
1.634525,9.1406,13.1836,13.1836,0,5,1.712255,559990853
1.636470,9.1406,13.1836,13.1836,0,5,1.712255,559990853
1.638502,9.1406,13.1836,13.1836,0,5,1.712255,559990853
1.640533,9.1406,13.1836,13.1836,0,5,1.712255,559990853
1.642479,9.1406,13.1836,13.1836,0,5,1.712255,559990853
1.644510,9.1406,13.1836,13.1836,0,5,1.712255,559990853
1.646456,9.1406,13.1836,13.1836,0,5,1.712255,559990853
1.648487,9.1406,13.1836,13.1836,0,5,1.712255,559990853
1.650518,9.1406,13.1836,13.1836,0,5,1.712255,559990853
1.652463,9.1406,13.1836,13.1836,0,5,1.712255,559990853
1.654494,9.1406,13.1836,13.1836,0,5,1.712255,559990853
1.656525,9.1406,13.1836,13.1836,0,5,1.712255,559990853
1.658470,9.1406,13.1836,13.1836,0,5,1.712255,559990853
1.660502,9.1406,13.1836,13.1836,0,5,1.712255,559990853
1.662533,9.1406,13.1836,13.1836,0,5,1.712255,559990853
1.664479,9.1406,13.1836,13.1836,0,5,1.712255,559990853
1.666510,9.1406,13.1836,13.1836,0,5,1.712255,559990853
1.668456,9.1406,13.1836,13.1836,0,5,1.712255,559990853
1.670487,9.1406,13.1836,13.1836,0,5,1.712255,559990853
1.672518,9.1406,13.1836,13.1836,0,5,1.712255,559990853
1.674463,9.1406,13.1836,13.1836,0,5,1.712255,559990853
1.676494,9.1406,13.1836,13.1836,0,5,1.712255,559990853
1.678525,9.1406,13.1836,13.1836,0,5,1.712255,559990853
1.680470,9.1406,13.1836,13.1836,0,5,1.712255,559990853
1.682502,9.1406,13.1836,13.1836,0,5,1.712255,559990853
1.684533,9.1406,13.1836,13.1836,0,5,1.712255,559990853
1.686490,9.1406,13.1836,13.1836,0,5,1.712255,559990853
1.688528,9.1406,13.1836,13.1836,0,5,1.712255,559990853
1.690489,9.1406,13.1836,13.1836,0,5,1.712255,559990853
1.692525,9.1406,13.1836,13.1836,0,5,1.712255,559990853
1.694470,9.1406,13.1836,13.1836,0,5,1.712255,559990853
1.696502,9.1406,13.1836,13.1836,0,5,1.712255,559990853
1.698469,9.1406,13.1836,13.1836,0,5,1.712255,559990853
1.700534,9.1406,13.1836,13.1836,0,5,1.712255,559990853
1.702989,9.1406,13.1836,13.1836,0,5,1.712255,559990853
1.706600,9.1406,13.1836,13.1836,0,5,1.961172,560245520
1.707433,9.1406,13.1836,13.1836,0,5,1.961172,560245520
1.708525,9.1406,13.1836,13.1836,0,5,1.961172,560245520
1.710661,9.1406,13.1836,13.1836,0,5,1.961172,560245520
1.712502,9.1406,13.1836,13.1836,0,5,1.961172,560245520
1.714533,9.1406,13.1836,13.1836,0,5,1.961172,560245520
1.716532,9.1406,0.0000,0.0000,0,5,1.961172,560245520
1.721613,9.1406,0.0000,0.0000,59,5,1.961172,560245520
1.722403,9.1406,0.0000,0.0000,59,5,1.961172,560245520
1.723087,9.1406,0.0000,0.0000,59,5,1.961172,560245520
1.724566,9.1406,0.0000,0.0000,59,5,1.961172,560245520
1.726515,8.9648,0.0000,0.0000,59,5,1.961172,560245520
1.728556,8.9648,0.1758,0.1758,59,5,1.961172,560245520
1.730504,8.9648,0.1758,0.1758,59,5,1.961172,560245520
1.732461,8.9648,0.1758,0.1758,59,5,1.961172,560245520
1.734501,8.7891,0.3516,0.3516,59,5,1.961172,560245520
1.736511,8.6133,0.3516,0.3516,59,5,1.961172,560245520
1.738480,8.6133,0.5273,0.5273,59,5,1.961172,560245520
1.740533,8.4375,0.7031,0.7031,59,5,1.961172,560245520
1.742515,8.2617,0.7031,0.7031,59,5,1.961172,560245520
1.744498,8.2617,0.8789,0.8789,59,5,1.961172,560245520
1.746479,8.0859,1.0547,1.0547,59,5,1.961172,560245520
1.748463,7.9102,1.2305,1.2305,59,5,1.961172,560245520
1.750530,7.7344,1.4062,1.4062,59,5,1.961172,560245520
1.752515,7.5586,1.5820,1.5820,59,5,1.961172,560245520
1.754494,7.3828,1.7578,1.7578,59,5,1.961172,560245520
1.756479,7.2070,1.9336,1.9336,59,5,1.961172,560245520
1.758460,7.0312,2.1094,2.1094,59,5,1.961172,560245520
1.760530,6.8555,2.2852,2.2852,59,5,1.961172,560245520
1.762524,6.5039,2.4609,2.4609,59,5,1.961172,560245520
1.764506,6.3281,2.8125,2.8125,59,5,1.961172,560245520
1.766486,6.1523,2.9883,2.9883,59,5,1.961172,560245520
1.768469,5.8008,3.1641,3.1641,59,5,1.961172,560245520
1.770534,5.6250,3.5156,3.5156,59,5,1.961172,560245520
1.772518,5.4492,3.6914,3.6914,59,5,1.961172,560245520
1.774498,5.0977,3.8672,3.8672,59,5,1.961172,560245520
1.776483,4.9219,4.2188,4.2188,59,5,1.961172,560245520
1.778462,4.5703,4.3945,4.3945,59,5,1.961172,560245520
1.780533,4.2188,4.7461,4.7461,59,5,1.961172,560245520
1.782527,4.0430,4.9219,4.9219,59,5,1.961172,560245520
1.784508,3.6914,5.2734,5.2734,59,5,1.961172,560245520
1.786487,3.3398,5.6250,5.6250,59,5,1.961172,560245520
1.788470,3.1641,5.8008,5.8008,59,5,1.961172,560245520
1.790537,2.8125,6.1523,6.1523,59,5,1.961172,560245520
1.792478,2.4609,6.3281,6.3281,59,5,1.961172,560245520
1.794527,2.1094,6.6797,6.6797,59,5,1.961172,560245520
1.796534,1.7578,7.0312,7.0312,59,5,1.961172,560245520
1.798516,1.4062,7.3828,7.3828,59,5,1.961172,560245520
1.800498,1.0547,7.5586,7.5586,59,5,1.961172,560245520
1.802480,0.7031,7.9102,7.9102,59,5,1.961172,560245520
1.804480,0.5273,8.2617,8.2617,59,5,1.961172,560245520
1.806460,0.0000,8.6133,8.6133,59,5,1.961172,560245520
1.808530,-0.3516,8.7891,8.7891,60,5,1.961172,560245520
1.810508,-0.7031,9.1406,9.1406,59,5,1.961172,560245520
1.812533,-1.0547,9.4922,9.4922,59,5,1.961172,560245520
1.814516,-1.4062,9.6680,9.6680,59,5,1.961172,560245520
1.816498,-1.7578,10.0195,10.0195,59,5,1.961172,560245520
1.821301,-2.6367,10.7227,10.7227,59,5,1.961172,560245520
1.821786,-2.8125,10.8984,10.8984,59,5,1.961172,560245520
1.822508,-2.9883,10.8984,10.8984,59,5,1.961172,560245520
1.824515,-3.3398,11.2500,11.2500,59,5,1.961172,560245520
1.826494,-3.6914,11.6016,11.6016,59,5,1.961172,560245520
1.828480,-4.0430,11.7773,11.7773,59,5,1.961172,560245520
1.830460,-4.3945,12.1289,12.1289,59,5,1.961172,560245520
1.832530,-4.9219,12.3047,12.3047,59,5,1.961172,560245520
1.834508,-5.2734,12.6562,12.6562,59,5,1.961172,560245520
1.836494,-5.6250,13.0078,13.0078,59,5,1.961172,560245520
1.838477,-6.1523,13.1836,13.1836,59,5,1.961172,560245520
1.840460,-6.5039,13.5352,13.5352,59,5,1.961172,560245520
1.842525,-6.8555,13.7109,13.7109,59,5,1.961172,560245520
1.844525,-7.2070,14.0625,14.0625,59,5,1.961172,560245520
1.846506,-7.7344,14.2383,14.2383,59,5,1.961172,560245520
1.848491,-8.0859,14.5898,14.5898,59,5,1.961172,560245520
1.850470,-8.6133,14.7656,14.7656,59,5,1.961172,560245520
1.852455,-8.9648,14.9414,14.9414,59,5,1.961172,560245520
1.854522,-9.3164,15.2930,15.2930,59,5,1.961172,560245520
1.856506,-9.8438,15.4688,15.4688,59,5,1.961172,560245520
1.858486,-10.1953,15.6445,15.6445,59,5,1.961172,560245520
1.860469,-10.5469,15.8203,15.8203,59,5,1.961172,560245520
1.862534,-11.0742,16.1719,16.1719,59,5,1.961172,560245520
1.864533,-11.4258,16.3477,16.3477,59,5,1.961172,560245520
1.866515,-11.9531,16.5234,16.5234,59,5,1.961172,560245520
1.868497,-12.3047,16.8750,16.8750,59,5,1.961172,560245520
1.870479,-12.6562,16.8750,16.8750,59,5,1.961172,560245520
1.872462,-13.1836,17.0508,17.0508,59,5,1.961172,560245520
1.874530,-13.5352,17.2266,17.2266,59,5,1.961172,560245520
1.876516,-14.0625,17.4023,17.4023,59,5,1.961172,560245520
1.878495,-14.4141,17.5781,17.5781,59,5,1.961172,560245520
1.880479,-14.7656,17.7539,17.7539,59,5,1.961172,560245520
1.882460,-15.2930,17.9297,17.9297,59,5,1.961172,560245520
1.884530,-15.6445,17.9297,17.9297,59,5,1.961172,560245520
1.886524,-16.1719,18.1055,18.1055,59,5,1.961172,560245520
1.888506,-16.5234,18.2812,18.2812,59,5,1.961172,560245520
1.890486,-16.8750,18.4570,18.4570,59,5,1.961172,560245520
1.892469,-17.4023,18.4570,18.4570,59,5,1.961172,560245520
1.894482,-17.7539,18.6328,18.6328,59,5,1.961172,560245520
1.896474,-18.2812,18.6328,18.6328,59,5,1.961172,560245520
1.898506,-18.6328,18.6328,18.6328,59,5,1.961172,560245520
1.900491,-18.9844,18.8086,18.8086,59,5,1.961172,560245520
1.902470,-19.5117,18.8086,18.8086,59,5,1.961172,560245520
1.904455,-19.8633,18.9844,18.9844,59,5,1.961172,560245520
1.906522,-20.3906,18.9844,18.9844,59,5,1.961172,560245520
1.908522,-20.7422,18.9844,18.9844,59,5,1.961172,560245520
1.910505,-21.0938,18.9844,18.9844,59,5,1.961172,560245520
1.912494,-21.6211,18.9844,18.9844,59,5,1.961172,560245520
1.914473,-21.9727,18.9844,18.9844,59,5,1.961172,560245520
1.916456,-22.3242,18.9844,18.9844,59,5,1.961172,560245520
1.921114,-23.3789,18.9844,18.9844,59,5,1.961172,560245520
1.921563,-23.3789,18.9844,18.9844,59,5,1.961172,560245520
1.922537,-23.7305,18.9844,18.9844,59,5,1.961172,560245520
1.924522,-24.0820,18.9844,18.9844,59,5,1.961172,560245520
1.926502,-24.4336,18.9844,18.9844,59,5,1.961172,560245520
1.928516,-24.7852,18.9844,18.9844,59,5,1.961172,560245520
1.930468,-25.3125,18.8086,18.8086,59,5,1.961172,560245520
1.932538,-25.8398,18.8086,18.8086,59,5,1.961172,560245520
1.934518,-26.1914,18.6328,18.6328,59,5,1.961172,560245520
1.936502,-26.5430,18.6328,18.6328,58,5,1.961172,560245520
1.938483,-27.0703,18.6328,18.6328,58,5,1.961172,560245520
1.940468,-27.4219,18.4570,18.4570,58,5,1.961172,560245520
1.942533,-27.9492,18.4570,18.4570,58,5,1.961172,560245520
1.944519,-28.3008,18.2812,18.2812,58,5,1.961172,560245520
1.946458,-28.6523,18.1055,18.1055,58,5,1.961172,560245520
1.948471,-29.0039,17.9297,17.9297,58,5,1.961172,560245520
1.950529,-29.5312,17.9297,17.9297,58,5,1.961172,560245520
1.952479,-29.8828,17.7539,17.7539,-58,5,1.961172,560245520
1.954520,-30.4102,17.5781,17.5781,-58,5,1.961172,560245520
1.956528,-30.7617,17.2266,17.2266,-58,5,1.961172,560245520
1.961606,-31.6406,16.6992,16.6992,-58,5,2.224212,560500167
1.962853,-31.8164,16.5234,16.5234,-58,5,2.224212,560500167
1.963385,-31.8164,16.5234,16.5234,-58,5,2.224212,560500167
1.964485,-31.9922,16.3477,16.3477,-58,5,2.224212,560500167
1.966500,-32.3438,15.9961,15.9961,-58,5,2.224212,560500167
1.968518,-32.5195,15.6445,15.6445,-58,5,2.224212,560500167
1.970477,-32.8711,15.2930,15.2930,-58,5,2.224212,560500167
1.972477,-33.0469,14.9414,14.9414,-58,5,2.224212,560500167
1.974513,-33.2227,14.4141,14.4141,-58,5,2.224212,560500167
1.976534,-33.5742,14.0625,14.0625,-58,5,2.224212,560500167
1.978522,-33.7500,13.5352,13.5352,-58,5,2.224212,560500167
1.980508,-33.9258,13.0078,13.0078,-58,5,2.224212,560500167
1.982495,-34.1016,12.4805,12.4805,-58,5,2.224212,560500167
1.984483,-34.2773,11.9531,11.9531,-58,5,2.224212,560500167
1.986496,-34.2773,11.4258,11.4258,-58,5,2.224212,560500167
1.988486,-34.4531,10.7227,10.7227,-58,5,2.224212,560500167
1.990532,-34.4531,10.1953,10.1953,-58,5,2.224212,560500167
1.992522,-34.6289,9.4922,9.4922,-58,5,2.224212,560500167
1.994524,-34.6289,8.7891,8.7891,-58,5,2.224212,560500167
1.996510,-34.6289,8.2617,8.2617,-58,5,2.224212,560500167
1.998494,-34.6289,7.5586,7.5586,-58,5,2.224212,560500167
2.000483,-34.6289,6.6797,6.6797,-58,5,2.224212,560500167
2.002471,-34.6289,5.9766,5.9766,-58,5,2.224212,560500167
2.004483,-34.6289,5.2734,5.2734,-58,5,2.224212,560500167
2.006522,-34.6289,4.3945,4.3945,-58,5,2.224212,560500167
2.008521,-34.4531,3.6914,3.6914,-58,5,2.224212,560500167
2.010507,-34.4531,2.8125,2.8125,-58,5,2.224212,560500167
2.012477,-34.2773,2.1094,2.1094,-58,5,2.224212,560500167
2.014466,-34.2773,1.0547,1.0547,-58,5,2.224212,560500167
2.016468,-34.1016,0.3516,0.3516,-58,5,2.224212,560500167
2.021657,-33.7500,-1.9336,-1.9336,-58,5,2.224212,560500167
2.022205,-33.7500,-2.2852,-2.2852,-58,5,2.224212,560500167
2.022564,-33.7500,-2.4609,-2.4609,-58,5,2.224212,560500167
2.024468,-33.5742,-3.3398,-3.3398,-58,5,2.224212,560500167
2.026456,-33.3984,-4.2188,-4.2188,-58,5,2.224212,560500167
2.028530,-33.2227,-5.2734,-5.2734,-58,5,2.224212,560500167
2.030518,-33.0469,-6.1523,-6.1523,-58,5,2.224212,560500167
2.032506,-32.6953,-7.0312,-7.0312,-58,5,2.224212,560500167
2.034494,-32.5195,-7.9102,-7.9102,-58,5,2.224212,560500167
2.036506,-32.3438,-8.9648,-8.9648,-58,5,2.224212,560500167
2.038494,-32.1680,-9.8438,-9.8438,-58,5,2.224212,560500167
2.040484,-31.9922,-10.7227,-10.7227,-58,5,2.224212,560500167
2.042471,-31.8164,-11.7773,-11.7773,-58,5,2.224212,560500167
2.044460,-31.4648,-12.6562,-12.6562,-58,5,2.224212,560500167
2.046533,-31.2891,-13.7109,-13.7109,-58,5,2.224212,560500167
2.048522,-31.1133,-14.5898,-14.5898,-58,5,2.224212,560500167
2.050508,-30.7617,-15.4688,-15.4688,-58,5,2.224212,560500167
2.052494,-30.5859,-16.3477,-16.3477,-58,5,2.224212,560500167
2.054483,-30.4102,-17.2266,-17.2266,-58,5,2.224212,560500167
2.056477,-30.2344,-18.1055,-18.1055,-58,5,2.224212,560500167
2.058480,-29.8828,-18.9844,-18.9844,-58,5,2.224212,560500167
2.060468,-29.7070,-19.8633,-19.8633,-58,5,2.224212,560500167
2.062456,-29.5312,-20.7422,-20.7422,-58,5,2.224212,560500167
2.064530,-29.3555,-21.6211,-21.6211,-58,5,2.224212,560500167
2.066522,-29.0039,-22.5000,-22.5000,-58,5,2.224212,560500167
2.068508,-28.8281,-23.2031,-23.2031,-58,5,2.224212,560500167
2.070494,-28.6523,-24.0820,-24.0820,-58,5,2.224212,560500167
2.072483,-28.4766,-24.9609,-24.9609,-58,5,2.224212,560500167
2.074470,-28.3008,-25.6641,-25.6641,-58,5,2.224212,560500167
2.076460,-28.1250,-26.3672,-26.3672,-58,5,2.224212,560500167
2.078533,-27.9492,-27.2461,-27.2461,-58,5,2.224212,560500167
2.080534,-27.7734,-27.9492,-27.9492,-58,5,2.224212,560500167
2.082522,-27.5977,-28.6523,-28.6523,-58,5,2.224212,560500167
2.084508,-27.4219,-29.3555,-29.3555,-58,5,2.224212,560500167
2.086494,-27.2461,-30.0586,-30.0586,-58,5,2.224212,560500167
2.088483,-27.0703,-30.5859,-30.5859,-58,5,2.224212,560500167
2.090470,-26.8945,-31.2891,-31.2891,-58,5,2.224212,560500167
2.092457,-26.7188,-31.9922,-31.9922,-58,5,2.224212,560500167
2.094530,-26.5430,-32.5195,-32.5195,-58,5,2.224212,560500167
2.096518,-26.3672,-33.0469,-33.0469,-58,5,2.224212,560500167
2.098511,-26.3672,-33.7500,-33.7500,-58,5,2.224212,560500167
2.100524,-26.1914,-34.2773,-34.2773,-58,5,2.224212,560500167
2.102531,-26.0156,-34.8047,-34.8047,-58,5,2.224212,560500167
2.104510,-25.8398,-35.3320,-35.3320,-59,5,2.224212,560500167
2.106498,-25.6641,-35.8594,-35.8594,-59,5,2.224212,560500167
2.108486,-25.6641,-36.3867,-36.3867,-59,5,2.224212,560500167
2.110477,-25.4883,-36.7383,-36.7383,-59,5,2.224212,560500167
2.112469,-25.3125,-37.2656,-37.2656,-59,5,2.224212,560500167
2.114455,-25.3125,-37.6172,-37.6172,-59,5,2.224212,560500167
2.116530,-25.1367,-37.9688,-37.9688,-59,5,2.224212,560500167
2.121140,-24.7852,-39.0234,-39.0234,-59,5,2.224212,560500167
2.121615,-24.7852,-39.0234,-39.0234,-59,5,2.224212,560500167
2.122497,-24.7852,-39.1992,-39.1992,-59,5,2.224212,560500167
2.124486,-24.6094,-39.5508,-39.5508,-59,5,2.224212,560500167
2.126473,-24.6094,-39.9023,-39.9023,-59,5,2.224212,560500167
2.128460,-24.4336,-40.0781,-40.0781,-59,5,2.224212,560500167
2.130533,-24.2578,-40.4297,-40.4297,-59,5,2.224212,560500167
2.132521,-24.2578,-40.6055,-40.6055,-59,5,2.224212,560500167
2.134507,-24.0820,-40.9570,-40.9570,-59,5,2.224212,560500167
2.136494,-24.0820,-41.1328,-41.1328,-59,5,2.224212,560500167
2.138483,-23.9062,-41.3086,-41.3086,-59,5,2.224212,560500167
2.140470,-23.9062,-41.4844,-41.4844,-59,5,2.224212,560500167
2.142457,-23.7305,-41.6602,-41.6602,-59,5,2.224212,560500167
2.144460,-23.7305,-41.8359,-41.8359,-59,5,2.224212,560500167
2.146533,-23.5547,-42.0117,-42.0117,-59,5,2.224212,560500167
2.148522,-23.3789,-42.0117,-42.0117,-59,5,2.224212,560500167
2.150508,-23.3789,-42.1875,-42.1875,-59,5,2.224212,560500167
2.152495,-23.3789,-42.1875,-42.1875,-59,5,2.224212,560500167
2.154483,-23.2031,-42.1875,-42.1875,-59,5,2.224212,560500167
2.156470,-23.2031,-42.3633,-42.3633,-59,5,2.224212,560500167
2.158457,-23.0273,-42.3633,-42.3633,-59,5,2.224212,560500167
2.160530,-22.8516,-42.3633,-42.3633,-59,5,2.224212,560500167
2.162518,-22.8516,-42.3633,-42.3633,-59,5,2.224212,560500167
2.164522,-22.6758,-42.1875,-42.1875,-59,5,2.224212,560500167
2.166509,-22.6758,-42.1875,-42.1875,-59,5,2.224212,560500167
2.168498,-22.6758,-42.1875,-42.1875,-59,5,2.224212,560500167
2.170486,-22.5000,-42.0117,-42.0117,-59,5,2.224212,560500167
2.172477,-22.5000,-41.8359,-41.8359,-59,5,2.224212,560500167
2.174466,-22.3242,-41.8359,-41.8359,-59,5,2.224212,560500167
2.176456,-22.3242,-41.4844,-41.4844,-59,5,2.224212,560500167
2.178530,-22.1484,-41.3086,-41.3086,-59,5,2.224212,560500167
2.180518,-22.1484,-41.1328,-41.1328,-59,5,2.224212,560500167
2.182506,-21.9727,-40.9570,-40.9570,-59,5,2.224212,560500167
2.184494,-21.9727,-40.7812,-40.7812,-59,5,2.224212,560500167
2.186500,-21.9727,-40.4297,-40.4297,59,5,2.224212,560500167
2.188487,-21.9727,-40.0781,-40.0781,59,5,2.224212,560500167
2.190477,-21.9727,-39.9023,-39.9023,59,5,2.224212,560500167
2.192515,-21.7969,-39.3750,-39.3750,59,5,2.224212,560500167
2.194497,-21.7969,-39.0234,-39.0234,59,5,2.224212,560500167
2.196492,-21.7969,-38.6719,-38.6719,59,5,2.224212,560500167
2.198479,-21.7969,-38.3203,-38.3203,59,5,2.224212,560500167
2.200468,-21.7969,-37.7930,-37.7930,59,5,2.224212,560500167
2.202460,-21.7969,-37.2656,-37.2656,59,5,2.224212,560500167
2.204533,-21.9727,-36.9141,-36.9141,59,5,2.224212,560500167
2.206537,-21.9727,-36.2109,-36.2109,59,5,2.224212,560500167
2.208464,-21.9727,-35.6836,-35.6836,59,5,2.224212,560500167
2.210522,-22.1484,-34.9805,-34.9805,59,5,2.224212,560500167
2.212488,-22.3242,-34.4531,-34.4531,59,5,2.224212,560500167
2.217022,-22.6758,-32.8711,-32.8711,59,5,2.459613,560743093
2.217666,-22.6758,-32.6953,-32.6953,59,5,2.459613,560743093
2.222524,-23.2031,-30.7617,-30.7617,59,5,2.459613,560743093
2.223086,-23.3789,-30.5859,-30.5859,59,5,2.459613,560743093
2.223441,-23.3789,-30.4102,-30.4102,59,5,2.459613,560743093
2.224480,-23.3789,-29.8828,-29.8828,59,5,2.459613,560743093
2.226468,-23.7305,-29.1797,-29.1797,59,5,2.459613,560743093
2.228468,-23.9062,-28.1250,-28.1250,59,5,2.459613,560743093
2.230479,-24.2578,-27.2461,-27.2461,59,5,2.459613,560743093
2.232491,-24.6094,-26.3672,-26.3672,59,5,2.459613,560743093
2.234485,-24.9609,-25.3125,-25.3125,59,5,2.459613,560743093
2.236509,-25.3125,-24.4336,-24.4336,59,5,2.459613,560743093
2.238476,-25.6641,-23.3789,-23.3789,59,5,2.459613,560743093
2.240536,-26.0156,-22.1484,-22.1484,59,5,2.459613,560743093
2.242473,-26.5430,-21.0938,-21.0938,59,5,2.459613,560743093
2.244460,-26.8945,-20.0391,-20.0391,58,5,2.459613,560743093
2.246456,-27.4219,-18.8086,-18.8086,58,5,2.459613,560743093
2.248488,-27.9492,-17.5781,-17.5781,58,5,2.459613,560743093
2.250487,-28.3008,-16.5234,-16.5234,58,5,2.459613,560743093
2.252477,-29.0039,-15.2930,-15.2930,58,5,2.459613,560743093
2.254466,-29.5312,-13.8867,-13.8867,58,5,2.459613,560743093
2.256456,-30.0586,-12.6562,-12.6562,58,5,2.459613,560743093
2.258530,-30.7617,-11.2500,-11.2500,58,5,2.459613,560743093
2.260518,-31.2891,-10.0195,-10.0195,58,5,2.459613,560743093
2.262506,-31.8164,-8.6133,-8.6133,58,5,2.459613,560743093
2.264495,-32.5195,-7.2070,-7.2070,58,5,2.459613,560743093
2.266483,-33.2227,-5.8008,-5.8008,58,5,2.459613,560743093
2.268469,-33.9258,-4.3945,-4.3945,58,5,2.459613,560743093
2.270457,-34.4531,-2.9883,-2.9883,58,5,2.459613,560743093
2.272460,-35.1562,-1.5820,-1.5820,58,5,2.459613,560743093
2.274533,-35.8594,0.0000,0.0000,58,5,2.459613,560743093
2.276506,-36.5625,1.4062,1.4062,58,5,2.459613,560743093
2.278494,-37.2656,2.8125,2.8125,58,5,2.459613,560743093
2.280483,-37.9688,4.2188,4.2188,57,5,2.459613,560743093
2.282470,-38.6719,5.6250,5.6250,57,5,2.459613,560743093
2.284457,-39.3750,7.2070,7.2070,57,5,2.459613,560743093
2.286530,-40.0781,8.6133,8.6133,57,5,2.459613,560743093
2.288518,-40.7812,10.0195,10.0195,57,5,2.459613,560743093
2.290506,-41.4844,11.4258,11.4258,57,5,2.459613,560743093
2.292506,-42.1875,12.8320,12.8320,57,5,2.459613,560743093
2.294494,-42.7148,14.2383,14.2383,57,5,2.459613,560743093
2.296483,-43.4180,15.4688,15.4688,57,5,2.459613,560743093
2.298470,-43.9453,16.8750,16.8750,57,5,2.459613,560743093
2.300460,-44.6484,18.1055,18.1055,57,5,2.459613,560743093
2.302533,-45.1758,19.5117,19.5117,57,5,2.459613,560743093
2.304476,-45.8789,20.7422,20.7422,57,5,2.459613,560743093
2.306538,-46.4062,21.9727,21.9727,57,5,2.459613,560743093
2.308525,-46.9336,23.2031,23.2031,56,5,2.459613,560743093
2.310515,-47.4609,24.4336,24.4336,56,5,2.459613,560743093
2.312480,-47.9883,25.6641,25.6641,56,5,2.459613,560743093
2.314500,-48.5156,26.7188,26.7188,56,5,2.459613,560743093
2.316487,-48.8672,27.7734,27.7734,56,5,2.459613,560743093
2.321279,-50.0977,30.4102,30.4102,56,5,2.459613,560743093
2.321760,-50.0977,30.5859,30.5859,55,5,2.459613,560743093
2.322468,-50.2734,31.1133,31.1133,55,5,2.459613,560743093
2.324456,-50.8008,31.9922,31.9922,55,5,2.459613,560743093
2.326530,-51.1523,33.0469,33.0469,53,5,2.459613,560743093
2.328518,-51.5039,34.1016,34.1016,52,5,2.459613,560743093
2.330506,-52.0312,34.9805,34.9805,51,5,2.459613,560743093
2.332494,-52.2070,35.8594,35.8594,49,5,2.459613,560743093
2.334506,-52.7344,36.7383,36.7383,49,5,2.459613,560743093
2.336494,-52.9102,37.6172,37.6172,47,5,2.459613,560743093
2.338483,-53.2617,38.4961,38.4961,47,5,2.459613,560743093
2.340470,-53.6133,39.3750,39.3750,46,5,2.459613,560743093
2.342460,-53.9648,40.0781,40.0781,45,5,2.459613,560743093
2.344533,-54.3164,40.7812,40.7812,44,5,2.459613,560743093
2.346522,-54.4922,41.6602,41.6602,43,5,2.459613,560743093
2.348508,-54.8438,42.1875,42.1875,42,5,2.459613,560743093
2.350495,-55.0195,42.8906,42.8906,41,5,2.459613,560743093
2.352487,-55.3711,43.5938,43.5938,40,5,2.459613,560743093
2.354477,-55.5469,44.2969,44.2969,39,5,2.459613,560743093
2.356480,-55.7227,44.8242,44.8242,39,5,2.459613,560743093
2.358468,-56.0742,45.3516,45.3516,38,5,2.459613,560743093
2.360506,-56.2500,45.8789,45.8789,38,5,2.459613,560743093
2.362516,-56.4258,46.4062,46.4062,37,5,2.459613,560743093
2.364521,-56.6016,46.9336,46.9336,37,5,2.459613,560743093
2.366525,-56.7773,47.2852,47.2852,37,5,2.459613,560743093
2.368530,-56.9531,47.8125,47.8125,36,5,2.459613,560743093
2.370533,-57.1289,48.1641,48.1641,36,5,2.459613,560743093
2.372538,-57.3047,48.5156,48.5156,35,5,2.459613,560743093
2.374455,-57.4805,48.8672,48.8672,35,5,2.459613,560743093
2.376460,-57.4805,49.2188,49.2188,34,5,2.459613,560743093
2.378480,-57.6562,49.5703,49.5703,34,5,2.459613,560743093
2.380486,-57.8320,49.9219,49.9219,34,5,2.459613,560743093
2.382491,-57.8320,50.0977,50.0977,33,5,2.459613,560743093
2.384494,-58.0078,50.2734,50.2734,33,5,2.459613,560743093
2.386498,-58.0078,50.4492,50.4492,32,5,2.459613,560743093
2.388503,-58.1836,50.6250,50.6250,32,5,2.459613,560743093
2.390506,-58.1836,50.8008,50.8008,32,5,2.459613,560743093
2.392509,-58.3594,50.8008,50.8008,32,5,2.459613,560743093
2.394516,-58.3594,50.9766,50.9766,31,5,2.459613,560743093
2.396522,-58.3594,50.9766,50.9766,31,5,2.459613,560743093
2.398455,-58.5352,50.9766,50.9766,31,5,2.459613,560743093
2.400460,-58.5352,50.9766,50.9766,31,5,2.459613,560743093
2.402464,-58.5352,50.9766,50.9766,31,5,2.459613,560743093
2.404468,-58.5352,50.9766,50.9766,31,5,2.459613,560743093
2.406508,-58.5352,50.9766,50.9766,31,5,2.459613,560743093
2.408511,-58.5352,50.8008,50.8008,31,5,2.459613,560743093
2.410516,-58.5352,50.8008,50.8008,31,5,2.459613,560743093
2.412456,-58.5352,50.6250,50.6250,31,5,2.459613,560743093
2.414460,-58.5352,50.2734,50.2734,31,5,2.459613,560743093
2.416464,-58.5352,50.0977,50.0977,31,5,2.459613,560743093
2.421164,-58.5352,49.5703,49.5703,31,5,2.459613,560743093
2.421659,-58.5352,49.5703,49.5703,31,5,2.459613,560743093
2.422468,-58.5352,49.3945,49.3945,31,5,2.459613,560743093
2.424471,-58.5352,49.0430,49.0430,31,5,2.459613,560743093
2.426477,-58.5352,48.6914,48.6914,31,5,2.459613,560743093
2.428495,-58.3594,48.3398,48.3398,31,5,2.459613,560743093
2.430498,-58.3594,47.9883,47.9883,31,5,2.459613,560743093
2.432502,-58.3594,47.4609,47.4609,31,5,2.459613,560743093
2.434506,-58.1836,47.1094,47.1094,31,5,2.459613,560743093
2.436509,-58.1836,46.5820,46.5820,32,5,2.459613,560743093
2.438515,-58.0078,46.0547,46.0547,32,5,2.459613,560743093
2.440518,-57.8320,45.7031,45.7031,32,5,2.459613,560743093
2.442524,-57.8320,45.1758,45.1758,33,5,2.459613,560743093
2.444460,-57.6562,44.4727,44.4727,-55,5,2.459613,560743093
2.446456,-57.4805,43.9453,43.9453,-55,5,2.459613,560743093
2.448516,-57.3047,43.2422,43.2422,-55,5,2.459613,560743093
2.450497,-57.1289,42.5391,42.5391,-55,5,2.459613,560743093
2.452529,-56.9531,41.8359,41.8359,-55,5,2.459613,560743093
2.454505,-56.7773,41.1328,41.1328,-55,5,2.459613,560743093
2.459146,-56.2500,39.3750,39.3750,-55,5,2.718648,560985374
2.460331,-56.0742,38.8477,38.8477,-55,5,2.718648,560985374
2.460862,-55.8984,38.6719,38.6719,-55,5,2.718648,560985374
2.462499,-55.7227,37.9688,37.9688,-55,5,2.718648,560985374
2.464709,-55.3711,36.9141,36.9141,-55,5,2.718648,560985374
2.466534,-55.0195,36.0352,36.0352,-55,5,2.718648,560985374
2.468540,-54.8438,35.1562,35.1562,-55,5,2.718648,560985374
2.470514,-54.3164,34.1016,34.1016,-55,5,2.718648,560985374
2.472714,-53.9648,33.0469,33.0469,-55,5,2.718648,560985374
2.474503,-53.6133,31.9922,31.9922,-55,5,2.718648,560985374
2.476491,-53.2617,30.9375,30.9375,-55,5,2.718648,560985374
2.478455,-52.7344,29.8828,29.8828,-56,5,2.718648,560985374
2.480519,-52.2070,28.6523,28.6523,-56,5,2.718648,560985374
2.482506,-51.6797,27.4219,27.4219,-56,5,2.718648,560985374
2.484494,-51.1523,26.1914,26.1914,-56,5,2.718648,560985374
2.486483,-50.6250,24.9609,24.9609,-56,5,2.718648,560985374
2.488486,-50.0977,23.7305,23.7305,-56,5,2.718648,560985374
2.490473,-49.3945,22.3242,22.3242,-56,5,2.718648,560985374
2.492460,-48.8672,21.0938,21.0938,-56,5,2.718648,560985374
2.494533,-48.1641,19.5117,19.5117,-56,5,2.718648,560985374
2.496522,-47.4609,18.1055,18.1055,-56,5,2.718648,560985374
2.498508,-46.7578,16.6992,16.6992,-56,5,2.718648,560985374
2.500495,-46.0547,15.1172,15.1172,-56,5,2.718648,560985374
2.502483,-45.1758,13.7109,13.7109,-56,5,2.718648,560985374
2.504470,-44.4727,12.1289,12.1289,-57,5,2.718648,560985374
2.506457,-43.5938,10.5469,10.5469,-57,5,2.718648,560985374
2.508467,-42.7148,8.7891,8.7891,-57,5,2.718648,560985374
2.510525,-41.8359,7.2070,7.2070,-57,5,2.718648,560985374
2.512473,-40.9570,5.6250,5.6250,-57,5,2.718648,560985374
2.514460,-40.0781,3.8672,3.8672,-57,5,2.718648,560985374
2.516534,-39.1992,2.1094,2.1094,-57,5,2.718648,560985374
2.521862,-36.5625,-2.4609,-2.4609,-57,5,2.718648,560985374
2.522420,-36.3867,-2.9883,-2.9883,-58,5,2.718648,560985374
2.522782,-36.0352,-3.3398,-3.3398,-58,5,2.718648,560985374
2.524518,-35.3320,-4.7461,-4.7461,-58,5,2.718648,560985374
2.526506,-34.2773,-6.5039,-6.5039,-58,5,2.718648,560985374
2.528494,-33.3984,-8.2617,-8.2617,-58,5,2.718648,560985374
2.530505,-32.5195,-10.0195,-10.0195,-58,5,2.718648,560985374
2.532494,-31.4648,-11.6016,-11.6016,-58,5,2.718648,560985374
2.534483,-30.5859,-13.3594,-13.3594,-58,5,2.718648,560985374
2.536470,-29.7070,-14.9414,-14.9414,-58,5,2.718648,560985374
2.538460,-28.8281,-16.6992,-16.6992,-58,5,2.718648,560985374
2.540533,-27.9492,-18.2812,-18.2812,-58,5,2.718648,560985374
2.542522,-27.0703,-19.8633,-19.8633,-58,5,2.718648,560985374
2.544508,-26.1914,-21.4453,-21.4453,-58,5,2.718648,560985374
2.546494,-25.4883,-23.0273,-23.0273,-58,5,2.718648,560985374
2.548483,-24.6094,-24.6094,-24.6094,-59,5,2.718648,560985374
2.550470,-23.9062,-26.0156,-26.0156,-59,5,2.718648,560985374
2.552471,-23.2031,-27.5977,-27.5977,-59,5,2.718648,560985374
2.554460,-22.3242,-29.0039,-29.0039,-59,5,2.718648,560985374
2.556533,-21.6211,-30.4102,-30.4102,-59,5,2.718648,560985374
2.558522,-20.9180,-31.8164,-31.8164,-59,5,2.718648,560985374
2.560508,-20.2148,-33.2227,-33.2227,-59,5,2.718648,560985374
2.562494,-19.6875,-34.4531,-34.4531,-59,5,2.718648,560985374
2.564483,-18.9844,-35.8594,-35.8594,-59,5,2.718648,560985374
2.566470,-18.4570,-37.0898,-37.0898,-59,5,2.718648,560985374
2.568460,-17.7539,-38.3203,-38.3203,-59,5,2.718648,560985374
2.570532,-17.2266,-39.5508,-39.5508,-59,5,2.718648,560985374
2.572533,-16.5234,-40.7812,-40.7812,-59,5,2.718648,560985374
2.574521,-15.9961,-42.0117,-42.0117,-59,5,2.718648,560985374
2.576507,-15.4688,-43.0664,-43.0664,-59,5,2.718648,560985374
2.578494,-14.9414,-44.2969,-44.2969,-59,5,2.718648,560985374
2.580483,-14.5898,-45.3516,-45.3516,-59,5,2.718648,560985374
2.582525,-14.0625,-46.4062,-46.4062,-59,5,2.718648,560985374
2.584460,-13.5352,-47.4609,-47.4609,-59,5,2.718648,560985374
2.586470,-13.0078,-48.3398,-48.3398,-59,5,2.718648,560985374
2.588483,-12.6562,-49.3945,-49.3945,-59,5,2.718648,560985374
2.590494,-12.1289,-50.2734,-50.2734,-59,5,2.718648,560985374
2.592506,-11.6016,-51.1523,-51.1523,-59,5,2.718648,560985374
2.594533,-11.2500,-52.2070,-52.2070,-59,5,2.718648,560985374
2.596460,-10.7227,-53.0859,-53.0859,-59,5,2.718648,560985374
2.598471,-10.3711,-53.7891,-53.7891,-59,5,2.718648,560985374
2.600486,-10.0195,-54.6680,-54.6680,-59,5,2.718648,560985374
2.602498,-9.6680,-55.3711,-55.3711,-59,5,2.718648,560985374
2.604508,-9.1406,-56.2500,-56.2500,-59,5,2.718648,560985374
2.606522,-8.7891,-56.9531,-56.9531,-59,5,2.718648,560985374
2.608532,-8.4375,-57.6562,-57.6562,-59,5,2.718648,560985374
2.610468,-8.0859,-58.3594,-58.3594,-59,5,2.718648,560985374
2.612469,-7.7344,-59.0625,-59.0625,-59,5,2.718648,560985374
2.614483,-7.3828,-59.5898,-59.5898,-59,5,2.718648,560985374
2.616509,-7.0312,-60.2930,-60.2930,-59,5,2.718648,560985374
2.621194,-6.1523,-61.6992,-61.6992,-59,5,2.718648,560985374
2.621683,-6.1523,-61.6992,-61.6992,-59,5,2.718648,560985374
2.622515,-5.9766,-62.0508,-62.0508,-59,5,2.718648,560985374
2.624527,-5.6250,-62.5781,-62.5781,-59,5,2.718648,560985374
2.626538,-5.2734,-62.9297,-62.9297,-59,5,2.718648,560985374
2.628463,-4.9219,-63.4570,-63.4570,-59,5,2.718648,560985374
2.630477,-4.5703,-63.8086,-63.8086,-59,5,2.718648,560985374
2.632491,-4.3945,-64.3359,-64.3359,-59,5,2.718648,560985374
2.634505,-4.0430,-64.6875,-64.6875,-59,5,2.718648,560985374
2.636456,-3.6914,-65.0391,-65.0391,-59,5,2.718648,560985374
2.638468,-3.3398,-65.3906,-65.3906,-59,5,2.718648,560985374
2.640480,-2.9883,-65.7422,-65.7422,-59,5,2.718648,560985374
2.642494,-2.6367,-65.9180,-65.9180,-59,5,2.718648,560985374
2.644506,-2.2852,-66.2695,-66.2695,-59,5,2.718648,560985374
2.646518,-2.1094,-66.4453,-66.4453,-59,5,2.718648,560985374
2.648530,-1.7578,-66.6211,-66.6211,-59,5,2.718648,560985374
2.650456,-1.4062,-66.7969,-66.7969,-59,5,2.718648,560985374
2.652468,-1.0547,-66.9727,-66.9727,-59,5,2.718648,560985374
2.654480,-0.8789,-67.1484,-67.1484,-59,5,2.718648,560985374
2.656494,-0.5273,-67.3242,-67.3242,-59,5,2.718648,560985374
2.658522,-0.1758,-67.3242,-67.3242,-59,5,2.718648,560985374
2.660533,0.1758,-67.3242,-67.3242,-59,5,2.718648,560985374
2.662460,0.5273,-67.5000,-67.5000,-59,5,2.718648,560985374
2.664471,0.7031,-67.5000,-67.5000,-59,5,2.718648,560985374
2.666483,1.0547,-67.5000,-67.5000,-59,5,2.718648,560985374
2.668494,1.4062,-67.3242,-67.3242,-59,5,2.718648,560985374
2.670506,1.5820,-67.3242,-67.3242,-59,5,2.718648,560985374
2.672518,1.9336,-67.3242,-67.3242,-59,5,2.718648,560985374
2.674530,2.2852,-67.1484,-67.1484,-59,5,2.718648,560985374
2.676456,2.6367,-66.9727,-66.9727,-59,5,2.718648,560985374
2.678468,2.8125,-66.7969,-66.7969,-59,5,2.718648,560985374
2.680494,3.1641,-66.6211,-66.6211,-59,5,2.718648,560985374
2.682506,3.5156,-66.4453,-66.4453,-59,5,2.718648,560985374
2.684455,3.8672,-66.0938,-66.0938,-59,5,2.718648,560985374
2.686512,4.0430,-65.9180,-65.9180,-59,5,2.718648,560985374
2.688513,4.3945,-65.5664,-65.5664,-59,5,2.718648,560985374
2.690525,4.7461,-65.2148,-65.2148,-59,5,2.718648,560985374
2.692538,5.0977,-65.0391,-65.0391,-59,5,2.718648,560985374
2.694493,5.2734,-64.5117,-64.5117,-59,5,2.718648,560985374
2.696541,5.6250,-64.1602,-64.1602,-59,5,2.718648,560985374
2.701160,6.3281,-63.1055,-63.1055,-59,5,2.980407,561251757
2.702587,6.5039,-62.9297,-62.9297,59,5,2.980407,561251757
2.703220,6.5039,-62.5781,-62.5781,59,5,2.980407,561251757
2.704463,6.6797,-62.4023,-62.4023,59,5,2.980407,561251757
2.706491,7.0312,-61.8750,-61.8750,59,5,2.980407,561251757
2.708530,7.2070,-61.1719,-61.1719,59,5,2.980407,561251757
2.710455,7.5586,-60.6445,-60.6445,59,5,2.980407,561251757
2.712518,7.7344,-60.1172,-60.1172,59,5,2.980407,561251757
2.714487,8.0859,-59.4141,-59.4141,59,5,2.980407,561251757
2.716500,8.2617,-58.7109,-58.7109,59,5,2.980407,561251757
2.721748,8.7891,-56.7773,-56.7773,59,5,2.980407,561251757
2.722403,8.7891,-56.6016,-56.6016,59,5,2.980407,561251757
2.722789,8.7891,-56.4258,-56.4258,59,5,2.980407,561251757
2.724460,8.9648,-55.8984,-55.8984,59,5,2.980407,561251757
2.726471,9.1406,-54.8438,-54.8438,59,5,2.980407,561251757
2.728505,9.3164,-54.1406,-54.1406,59,5,2.980407,561251757
2.730480,9.4922,-53.2617,-53.2617,59,5,2.980407,561251757
2.732464,9.4922,-52.3828,-52.3828,59,5,2.980407,561251757
2.734461,9.6680,-51.3281,-51.3281,59,5,2.980407,561251757
2.736472,9.6680,-50.4492,-50.4492,59,5,2.980407,561251757
2.738515,9.6680,-49.2188,-49.2188,59,5,2.980407,561251757
2.740463,9.8438,-48.3398,-48.3398,59,5,2.980407,561251757
2.742477,9.8438,-47.1094,-47.1094,59,5,2.980407,561251757
2.744505,9.8438,-46.0547,-46.0547,59,5,2.980407,561251757
2.746519,9.8438,-45.0000,-45.0000,59,5,2.980407,561251757
2.748530,9.8438,-43.7695,-43.7695,59,5,2.980407,561251757
2.750468,9.6680,-42.5391,-42.5391,59,5,2.980407,561251757
2.752456,9.6680,-41.3086,-41.3086,59,5,2.980407,561251757
2.754530,9.4922,-39.9023,-39.9023,59,5,2.980407,561251757
2.756518,9.3164,-38.6719,-38.6719,59,5,2.980407,561251757
2.758506,9.3164,-37.2656,-37.2656,59,5,2.980407,561251757
2.760494,9.1406,-35.8594,-35.8594,59,5,2.980407,561251757
2.762483,8.9648,-34.4531,-34.4531,59,5,2.980407,561251757
2.764486,8.6133,-32.8711,-32.8711,59,5,2.980407,561251757
2.766473,8.2617,-31.4648,-31.4648,59,5,2.980407,561251757
2.768460,8.0859,-29.8828,-29.8828,59,5,2.980407,561251757
2.770533,7.7344,-28.1250,-28.1250,59,5,2.980407,561251757
2.772522,7.2070,-26.5430,-26.5430,59,5,2.980407,561251757
2.774508,6.8555,-24.7852,-24.7852,59,5,2.980407,561251757
2.776494,6.5039,-23.0273,-23.0273,59,5,2.980407,561251757
2.778483,5.9766,-21.4453,-21.4453,59,5,2.980407,561251757
2.780470,5.4492,-19.5117,-19.5117,59,5,2.980407,561251757
2.782457,4.9219,-17.5781,-17.5781,59,5,2.980407,561251757
2.784530,4.2188,-15.6445,-15.6445,59,5,2.980407,561251757
2.786533,3.6914,-13.7109,-13.7109,59,5,2.980407,561251757
2.788522,2.9883,-11.7773,-11.7773,59,5,2.980407,561251757
2.790508,2.4609,-9.6680,-9.6680,59,5,2.980407,561251757
2.792494,1.7578,-7.7344,-7.7344,59,5,2.980407,561251757
2.794483,0.8789,-5.6250,-5.6250,59,5,2.980407,561251757
2.796469,0.1758,-3.5156,-3.5156,59,5,2.980407,561251757
2.798457,-0.5273,-1.4062,-1.4062,59,5,2.980407,561251757
2.800530,-1.4062,0.8789,0.8789,59,5,2.980407,561251757
2.802518,-2.1094,2.9883,2.9883,59,5,2.980407,561251757
2.804506,-2.9883,5.0977,5.0977,59,5,2.980407,561251757
2.806494,-3.6914,7.2070,7.2070,59,5,2.980407,561251757
2.808495,-4.3945,9.3164,9.3164,59,5,2.980407,561251757
2.810483,-5.0977,11.4258,11.4258,59,5,2.980407,561251757
2.812518,-5.9766,13.5352,13.5352,59,5,2.980407,561251757
2.814506,-6.6797,15.4688,15.4688,59,5,2.980407,561251757
2.816460,-7.2070,17.5781,17.5781,59,5,2.980407,561251757
2.821236,-8.7891,22.1484,22.1484,59,5,2.980407,561251757
2.821716,-8.9648,22.6758,22.6758,59,5,2.980407,561251757
2.822517,-9.3164,23.3789,23.3789,59,5,2.980407,561251757
2.824506,-9.8438,25.3125,25.3125,59,5,2.980407,561251757
2.826494,-10.3711,27.2461,27.2461,59,5,2.980407,561251757
2.828506,-10.8984,29.0039,29.0039,59,5,2.980407,561251757
2.830494,-11.4258,30.7617,30.7617,59,5,2.980407,561251757
2.832483,-11.9531,32.5195,32.5195,59,5,2.980407,561251757
2.834470,-12.3047,34.2773,34.2773,59,5,2.980407,561251757
2.836460,-12.8320,35.8594,35.8594,59,5,2.980407,561251757
2.838533,-13.1836,37.6172,37.6172,59,5,2.980407,561251757
2.840522,-13.5352,39.1992,39.1992,59,5,2.980407,561251757
2.842508,-13.8867,40.7812,40.7812,59,5,2.980407,561251757
2.844495,-14.2383,42.3633,42.3633,59,5,2.980407,561251757
2.846483,-14.5898,43.7695,43.7695,59,5,2.980407,561251757
2.848470,-14.9414,45.3516,45.3516,59,5,2.980407,561251757
2.850494,-15.1172,46.7578,46.7578,59,5,2.980407,561251757
2.852502,-15.4688,48.1641,48.1641,59,5,2.980407,561251757
2.854506,-15.6445,49.5703,49.5703,59,5,2.980407,561251757
2.856508,-15.9961,50.9766,50.9766,59,5,2.980407,561251757
2.858510,-16.1719,52.2070,52.2070,59,5,2.980407,561251757
2.860516,-16.3477,53.6133,53.6133,59,5,2.980407,561251757
2.862522,-16.5234,54.8438,54.8438,59,5,2.980407,561251757
2.864525,-16.6992,56.0742,56.0742,59,5,2.980407,561251757
2.866530,-16.8750,57.3047,57.3047,59,5,2.980407,561251757
2.868533,-17.0508,58.5352,58.5352,59,5,2.980407,561251757
2.870466,-17.2266,59.5898,59.5898,59,5,2.980407,561251757
2.872469,-17.4023,60.6445,60.6445,59,5,2.980407,561251757
2.874472,-17.5781,61.8750,61.8750,59,5,2.980407,561251757
2.876477,-17.7539,62.9297,62.9297,59,5,2.980407,561251757
2.878480,-17.7539,63.9844,63.9844,59,5,2.980407,561251757
2.880484,-17.9297,64.8633,64.8633,59,5,2.980407,561251757
2.882487,-18.1055,65.9180,65.9180,59,5,2.980407,561251757
2.884491,-18.1055,66.7969,66.7969,59,5,2.980407,561251757
2.886494,-18.2812,67.8516,67.8516,59,5,2.980407,561251757
2.888498,-18.2812,68.7305,68.7305,59,5,2.980407,561251757
2.890502,-18.4570,69.6094,69.6094,59,5,2.980407,561251757
2.892525,-18.4570,70.4883,70.4883,59,5,2.980407,561251757
2.894530,-18.4570,71.1914,71.1914,59,5,2.980407,561251757
2.896533,-18.6328,72.0703,72.0703,59,5,2.980407,561251757
2.898537,-18.6328,72.7734,72.7734,59,5,2.980407,561251757
2.900456,-18.8086,73.4766,73.4766,59,5,2.980407,561251757
2.902460,-18.8086,74.1797,74.1797,59,5,2.980407,561251757
2.904464,-18.9844,74.8828,74.8828,59,5,2.980407,561251757
2.906468,-18.9844,75.5859,75.5859,59,5,2.980407,561251757
2.908471,-18.9844,76.1133,76.1133,59,5,2.980407,561251757
2.910477,-19.1602,76.8164,76.8164,59,5,2.980407,561251757
2.912486,-19.1602,77.3438,77.3438,59,5,2.980407,561251757
2.914506,-19.1602,77.8711,77.8711,59,5,2.980407,561251757
2.916508,-19.3359,78.3984,78.3984,59,5,2.980407,561251757
2.921113,-19.3359,79.4531,79.4531,59,5,2.980407,561251757
2.921590,-19.5117,79.4531,79.4531,59,5,2.980407,561251757
2.922495,-19.5117,79.6289,79.6289,59,5,2.980407,561251757
2.924499,-19.5117,80.1562,80.1562,59,5,2.980407,561251757
2.926523,-19.6875,80.5078,80.5078,59,5,2.980407,561251757
2.928464,-19.6875,80.8594,80.8594,59,5,2.980407,561251757
2.930530,-19.6875,81.2109,81.2109,59,5,2.980407,561251757
2.932533,-19.8633,81.5625,81.5625,59,5,2.980407,561251757
2.934472,-19.8633,81.7383,81.7383,59,5,2.980407,561251757
2.936477,-19.8633,81.9141,81.9141,59,5,2.980407,561251757
2.938484,-20.0391,82.2656,82.2656,59,5,2.980407,561251757
2.940487,-20.0391,82.4414,82.4414,59,5,2.980407,561251757
2.942491,-20.2148,82.4414,82.4414,59,5,2.980407,561251757
2.944494,-20.2148,82.6172,82.6172,59,5,2.980407,561251757
2.946504,-20.3906,82.7930,82.7930,59,5,2.980407,561251757
2.948529,-20.3906,82.7930,82.7930,59,5,2.980407,561251757
2.950504,-20.5664,82.9688,82.9688,59,5,2.980407,561251757
2.952506,-20.5664,82.9688,82.9688,59,5,2.980407,561251757
2.954508,-20.5664,82.9688,82.9688,59,5,2.980407,561251757
2.956457,-20.7422,82.9688,82.9688,59,5,2.980407,561251757
2.958492,-20.9180,82.7930,82.7930,59,5,2.980407,561251757
2.960495,-20.9180,82.7930,82.7930,59,5,2.980407,561251757
2.962481,-21.0938,82.6172,82.6172,59,5,2.980407,561251757
2.967784,-21.2695,82.2656,82.2656,59,5,3.236203,561508223
2.969053,-21.2695,82.0898,82.0898,59,5,3.236203,561508223
2.969629,-21.2695,81.9141,81.9141,59,5,3.236203,561508223
2.970496,-21.4453,81.9141,81.9141,59,5,3.236203,561508223
2.972529,-21.6211,81.5625,81.5625,59,5,3.236203,561508223
2.974525,-21.6211,81.3867,81.3867,59,5,3.236203,561508223
2.976529,-21.7969,81.0352,81.0352,14,5,3.236203,561508223
2.978534,-21.7969,80.6836,80.6836,14,5,3.236203,561508223
2.980480,-21.9727,80.3320,80.3320,14,5,3.236203,561508223
2.982494,-21.9727,79.9805,79.9805,13,5,3.236203,561508223
2.984505,-22.1484,79.6289,79.6289,13,5,3.236203,561508223
2.986522,-22.1484,79.1016,79.1016,13,5,3.236203,561508223
2.988525,-22.3242,78.5742,78.5742,13,5,3.236203,561508223
2.990494,-22.3242,78.2227,78.2227,12,5,3.236203,561508223
2.992538,-22.5000,77.5195,77.5195,12,5,3.236203,561508223
2.994499,-22.5000,76.9922,76.9922,12,5,3.236203,561508223
2.996515,-22.6758,76.4648,76.4648,12,5,3.236203,561508223
2.998530,-22.6758,75.9375,75.9375,-59,5,3.236203,561508223
3.000533,-22.6758,75.2344,75.2344,-59,5,3.236203,561508223
3.002537,-22.6758,74.5312,74.5312,-59,5,3.236203,561508223
3.004456,-22.8516,73.8281,73.8281,-59,5,3.236203,561508223
3.006475,-22.8516,73.1250,73.1250,-59,5,3.236203,561508223
3.008456,-22.8516,72.4219,72.4219,-59,5,3.236203,561508223
3.010460,-22.8516,71.5430,71.5430,-59,5,3.236203,561508223
3.012507,-22.8516,70.6641,70.6641,-59,5,3.236203,561508223
3.014517,-22.8516,69.7852,69.7852,-59,5,3.236203,561508223
3.016522,-22.8516,68.9062,68.9062,-59,5,3.236203,561508223
3.021892,-22.6758,66.4453,66.4453,-59,5,3.236203,561508223
3.022433,-22.6758,66.2695,66.2695,-59,5,3.236203,561508223
3.022815,-22.6758,66.0938,66.0938,-59,5,3.236203,561508223
3.024479,-22.6758,65.2148,65.2148,-59,5,3.236203,561508223
3.026486,-22.5000,64.1602,64.1602,-59,5,3.236203,561508223
3.028508,-22.5000,63.1055,63.1055,-59,5,3.236203,561508223
3.030510,-22.3242,62.0508,62.0508,-59,5,3.236203,561508223
3.032516,-22.1484,60.8203,60.8203,-59,5,3.236203,561508223
3.034522,-21.9727,59.7656,59.7656,-59,5,3.236203,561508223
3.036525,-21.7969,58.5352,58.5352,-59,5,3.236203,561508223
3.038466,-21.6211,57.3047,57.3047,-59,5,3.236203,561508223
3.040469,-21.4453,56.0742,56.0742,-59,5,3.236203,561508223
3.042472,-21.2695,54.6680,54.6680,-59,5,3.236203,561508223
3.044477,-20.9180,53.4375,53.4375,-59,5,3.236203,561508223
3.046479,-20.5664,52.0312,52.0312,-59,5,3.236203,561508223
3.048483,-20.3906,50.6250,50.6250,-59,5,3.236203,561508223
3.050487,-20.0391,49.2188,49.2188,-59,5,3.236203,561508223
3.052491,-19.6875,47.6367,47.6367,-59,5,3.236203,561508223
3.054494,-19.3359,46.0547,46.0547,-59,5,3.236203,561508223
3.056498,-18.8086,44.6484,44.6484,-59,5,3.236203,561508223
3.058515,-18.4570,43.0664,43.0664,-59,5,3.236203,561508223
3.060518,-17.9297,41.3086,41.3086,-59,5,3.236203,561508223
3.062506,-17.4023,39.7266,39.7266,-59,5,3.236203,561508223
3.064494,-16.8750,37.9688,37.9688,-59,5,3.236203,561508223
3.066483,-16.3477,36.2109,36.2109,-59,5,3.236203,561508223
3.068470,-15.6445,36.2109,36.2109,-59,5,3.236203,561508223
3.070460,-15.1172,36.2109,36.2109,-59,5,3.236203,561508223
3.072533,-14.2383,36.2109,36.2109,-59,5,3.236203,561508223
3.074522,-13.5352,36.3867,36.3867,-59,5,3.236203,561508223
3.076508,-12.8320,34.4531,34.4531,-59,5,3.236203,561508223
3.078495,-11.9531,32.3438,32.3438,-59,5,3.236203,561508223
3.080483,-11.0742,30.2344,30.2344,-59,5,3.236203,561508223
3.082486,-10.1953,28.1250,28.1250,-59,5,3.236203,561508223
3.084473,-9.1406,26.0156,26.0156,-59,5,3.236203,561508223
3.086460,-8.2617,23.7305,23.7305,-59,5,3.236203,561508223
3.088533,-7.0312,21.4453,21.4453,-59,5,3.236203,561508223
3.090522,-5.9766,18.9844,18.9844,-59,5,3.236203,561508223
3.092508,-4.9219,16.6992,16.6992,-59,5,3.236203,561508223
3.094494,-3.6914,14.2383,14.2383,-59,5,3.236203,561508223
3.096483,-2.4609,11.9531,11.9531,-59,5,3.236203,561508223
3.098469,-1.2305,9.4922,9.4922,-59,5,3.236203,561508223
3.100457,0.0000,7.0312,7.0312,-59,5,3.236203,561508223
3.102530,1.2305,4.3945,4.3945,-60,5,3.236203,561508223
3.104533,2.4609,1.9336,1.9336,-59,5,3.236203,561508223
3.106468,3.6914,-0.5273,-0.5273,-59,5,3.236203,561508223
3.108456,4.9219,-2.8125,-2.8125,-59,5,3.236203,561508223
3.110530,6.1523,-5.4492,-5.4492,-59,5,3.236203,561508223
3.112461,7.2070,-7.7344,-7.7344,-59,5,3.236203,561508223
3.114534,8.4375,-10.1953,-10.1953,-59,5,3.236203,561508223
3.116522,9.4922,-12.3047,-12.3047,-59,5,3.236203,561508223
3.121126,11.7773,-17.5781,-17.5781,-59,5,3.236203,561508223
3.121586,12.1289,-18.1055,-18.1055,-59,5,3.236203,561508223
3.122480,12.4805,-18.9844,-18.9844,-59,5,3.236203,561508223
3.124499,13.3594,-21.0938,-21.0938,-59,5,3.236203,561508223
3.126522,14.4141,-23.2031,-23.2031,-59,5,3.236203,561508223
3.128508,15.2930,-25.3125,-25.3125,-59,5,3.236203,561508223
3.130495,15.9961,-27.2461,-27.2461,-59,5,3.236203,561508223
3.132483,16.6992,-29.3555,-29.3555,-59,5,3.236203,561508223
3.134470,17.4023,-31.1133,-31.1133,-59,5,3.236203,561508223
3.136460,18.1055,-33.0469,-33.0469,-59,5,3.236203,561508223
3.138533,18.8086,-34.9805,-34.9805,-59,5,3.236203,561508223
3.140521,19.5117,-36.7383,-36.7383,-59,5,3.236203,561508223
3.142507,20.2148,-38.4961,-38.4961,-59,5,3.236203,561508223
3.144494,20.7422,-40.2539,-40.2539,-59,5,3.236203,561508223
3.146483,21.2695,-41.8359,-41.8359,-59,5,3.236203,561508223
3.148486,21.7969,-43.5938,-43.5938,-59,5,3.236203,561508223
3.150473,22.3242,-45.1758,-45.1758,-59,5,3.236203,561508223
3.152480,22.8516,-46.7578,-46.7578,-59,5,3.236203,561508223
3.154495,23.2031,-48.3398,-48.3398,-59,5,3.236203,561508223
3.156506,23.7305,-49.9219,-49.9219,-59,5,3.236203,561508223
3.158518,24.0820,-51.3281,-51.3281,-59,5,3.236203,561508223
3.160530,24.6094,-52.7344,-52.7344,-59,5,3.236203,561508223
3.162455,24.9609,-54.1406,-54.1406,-59,5,3.236203,561508223
3.164468,25.3125,-55.5469,-55.5469,-59,5,3.236203,561508223
3.166480,25.6641,-56.9531,-56.9531,-59,5,3.236203,561508223
3.168494,26.0156,-58.3594,-58.3594,-59,5,3.236203,561508223
3.170522,26.3672,-59.5898,-59.5898,-59,5,3.236203,561508223
3.172532,26.7188,-60.9961,-60.9961,-58,5,3.236203,561508223
3.174460,27.0703,-62.2266,-62.2266,-58,5,3.236203,561508223
3.176471,27.2461,-63.2812,-63.2812,-58,5,3.236203,561508223
3.178483,27.5977,-64.5117,-64.5117,-58,5,3.236203,561508223
3.180494,27.9492,-65.7422,-65.7422,-58,5,3.236203,561508223
3.182506,28.1250,-66.7969,-66.7969,-58,5,3.236203,561508223
3.184518,28.4766,-67.8516,-67.8516,-58,5,3.236203,561508223
3.186530,28.6523,-68.9062,-68.9062,-58,5,3.236203,561508223
3.188456,29.0039,-69.9609,-69.9609,-58,5,3.236203,561508223
3.190468,29.1797,-71.0156,-71.0156,-58,5,3.236203,561508223
3.192494,29.5312,-72.0703,-72.0703,-58,5,3.236203,561508223
3.194506,29.7070,-72.9492,-72.9492,-58,5,3.236203,561508223
3.196518,29.8828,-73.8281,-73.8281,-58,5,3.236203,561508223
3.198530,30.2344,-74.8828,-74.8828,-58,5,3.236203,561508223
3.200456,30.4102,-75.5859,-75.5859,-58,5,3.236203,561508223
3.202468,30.5859,-76.4648,-76.4648,-58,5,3.236203,561508223
3.204480,30.7617,-77.3438,-77.3438,-58,5,3.236203,561508223
3.206500,31.1133,-78.0469,-78.0469,-58,5,3.236203,561508223
3.208515,31.2891,-78.7500,-78.7500,-58,5,3.236203,561508223
3.210462,31.4648,-79.6289,-79.6289,-58,5,3.236203,561508223
3.212531,31.6406,-80.3320,-80.3320,-58,5,3.236203,561508223
3.214512,31.9922,-81.0352,-81.0352,-58,5,3.236203,561508223
3.216526,32.1680,-81.5625,-81.5625,-58,5,3.236203,561508223
3.225443,33.0469,-84.1992,-84.1992,-58,5,3.492747,561758766
3.227069,33.2227,-84.5508,-84.5508,-58,5,3.492747,561758766
3.227659,33.3984,-84.7266,-84.7266,-58,5,3.492747,561758766
3.228240,33.3984,-84.9023,-84.9023,-58,5,3.492747,561758766
3.228819,33.5742,-85.0781,-85.0781,-58,5,3.492747,561758766
3.229347,33.5742,-85.0781,-85.0781,-58,5,3.492747,561758766
3.230495,33.5742,-85.4297,-85.4297,-58,5,3.492747,561758766
3.232538,33.9258,-85.7812,-85.7812,-58,5,3.492747,561758766
3.234464,34.1016,-86.1328,-86.1328,-58,5,3.492747,561758766
3.236477,34.2773,-86.4844,-86.4844,-58,5,3.492747,561758766
3.238515,34.6289,-87.0117,-87.0117,-58,5,3.492747,561758766
3.240524,34.8047,-87.1875,-87.1875,-58,5,3.492747,561758766
3.242498,34.9805,-87.5391,-87.5391,-58,5,3.492747,561758766
3.244520,35.3320,-87.7148,-87.7148,-58,5,3.492747,561758766
3.246506,35.5078,-87.8906,-87.8906,-58,5,3.492747,561758766
3.248494,35.6836,-88.2422,-88.2422,-58,5,3.492747,561758766
3.250497,36.0352,-88.4180,-88.4180,-58,5,3.492747,561758766
3.252468,36.2109,-88.4180,-88.4180,-58,5,3.492747,561758766
3.254498,36.5625,-88.5938,-88.5938,-58,5,3.492747,561758766
3.256479,36.7383,-88.7695,-88.7695,-58,5,3.492747,561758766
3.258491,37.0898,-88.7695,-88.7695,-58,5,3.492747,561758766
3.260537,37.2656,-88.7695,-88.7695,-58,5,3.492747,561758766
3.262463,37.6172,-88.7695,-88.7695,-57,5,3.492747,561758766
3.264477,37.7930,-88.7695,-88.7695,-57,5,3.492747,561758766
3.266491,38.1445,-88.7695,-88.7695,-57,5,3.492747,561758766
3.268505,38.4961,-88.5938,-88.5938,-57,5,3.492747,561758766
3.270519,38.6719,-88.5938,-88.5938,-57,5,3.492747,561758766
3.272530,39.0234,-88.4180,-88.4180,-57,5,3.492747,561758766
3.274456,39.1992,-88.2422,-88.2422,-57,5,3.492747,561758766
3.276468,39.5508,-88.0664,-88.0664,-57,5,3.492747,561758766
3.278494,39.9023,-87.8906,-87.8906,-57,5,3.492747,561758766
3.280506,40.0781,-87.7148,-87.7148,-57,5,3.492747,561758766
3.282518,40.4297,-87.3633,-87.3633,-57,5,3.492747,561758766
3.284530,40.7812,-87.0117,-87.0117,-57,5,3.492747,561758766
3.286455,41.1328,-86.8359,-86.8359,-57,5,3.492747,561758766
3.288468,41.3086,-86.4844,-86.4844,-57,5,3.492747,561758766
3.290480,41.6602,-86.1328,-86.1328,-57,5,3.492747,561758766
3.292494,42.0117,-85.6055,-85.6055,-57,5,3.492747,561758766
3.294506,42.3633,-85.0781,-85.0781,-57,5,3.492747,561758766
3.296518,42.7148,-84.7266,-84.7266,-57,5,3.492747,561758766
3.298461,42.8906,-84.1992,-84.1992,57,5,3.492747,561758766
3.300472,43.2422,-83.6719,-83.6719,57,5,3.492747,561758766
3.302486,43.4180,-83.1445,-83.1445,57,5,3.492747,561758766
3.304498,43.7695,-82.6172,-82.6172,57,5,3.492747,561758766
3.306508,44.1211,-81.9141,-81.9141,57,5,3.492747,561758766
3.308522,44.2969,-81.3867,-81.3867,57,5,3.492747,561758766
3.310533,44.6484,-80.6836,-80.6836,57,5,3.492747,561758766
3.312538,44.8242,-79.9805,-79.9805,57,5,3.492747,561758766
3.314463,45.1758,-79.2773,-79.2773,57,5,3.492747,561758766
3.316477,45.3516,-78.5742,-78.5742,57,5,3.492747,561758766
3.321532,46.0547,-76.4648,-76.4648,57,5,3.492747,561758766
3.322093,46.0547,-76.2891,-76.2891,56,5,3.492747,561758766
3.322456,46.0547,-76.1133,-76.1133,56,5,3.492747,561758766
3.324471,46.2305,-75.2344,-75.2344,56,5,3.492747,561758766
3.326483,46.5820,-74.3555,-74.3555,56,5,3.492747,561758766
3.328532,46.7578,-73.4766,-73.4766,56,5,3.492747,561758766
3.330483,46.9336,-72.4219,-72.4219,56,5,3.492747,561758766
3.332512,47.1094,-71.5430,-71.5430,56,5,3.492747,561758766
3.334524,47.2852,-70.4883,-70.4883,56,5,3.492747,561758766
3.336537,47.4609,-69.4336,-69.4336,56,5,3.492747,561758766
3.338462,47.6367,-68.3789,-68.3789,56,5,3.492747,561758766
3.340477,47.6367,-67.3242,-67.3242,56,5,3.492747,561758766
3.342491,47.8125,-66.0938,-66.0938,56,5,3.492747,561758766
3.344518,47.9883,-65.0391,-65.0391,56,5,3.492747,561758766
3.346530,47.9883,-63.8086,-63.8086,56,5,3.492747,561758766
3.348456,47.9883,-62.5781,-62.5781,56,5,3.492747,561758766
3.350468,48.1641,-61.3477,-61.3477,56,5,3.492747,561758766
3.352480,48.1641,-60.1172,-60.1172,56,5,3.492747,561758766
3.354494,48.1641,-58.7109,-58.7109,56,5,3.492747,561758766
3.356506,48.1641,-57.4805,-57.4805,56,5,3.492747,561758766
3.358518,48.1641,-56.0742,-56.0742,56,5,3.492747,561758766
3.360530,48.1641,-54.6680,-54.6680,56,5,3.492747,561758766
3.362456,48.1641,-53.2617,-53.2617,56,5,3.492747,561758766
3.364468,47.9883,-51.6797,-51.6797,56,5,3.492747,561758766
3.366494,47.9883,-50.2734,-50.2734,56,5,3.492747,561758766
3.368506,47.8125,-48.6914,-48.6914,56,5,3.492747,561758766
3.370518,47.6367,-47.1094,-47.1094,56,5,3.492747,561758766
3.372530,47.4609,-45.3516,-45.3516,56,5,3.492747,561758766
3.374456,47.2852,-43.7695,-43.7695,56,5,3.492747,561758766
3.376479,47.1094,-42.0117,-42.0117,56,5,3.492747,561758766
3.378468,46.7578,-40.2539,-40.2539,56,5,3.492747,561758766
3.380456,46.4062,-38.4961,-38.4961,56,5,3.492747,561758766
3.382530,46.0547,-36.5625,-36.5625,56,5,3.492747,561758766
3.384518,45.7031,-34.8047,-34.8047,56,5,3.492747,561758766
3.386522,45.3516,-32.8711,-32.8711,57,5,3.492747,561758766
3.388509,44.8242,-30.7617,-30.7617,57,5,3.492747,561758766
3.390497,44.2969,-28.8281,-28.8281,57,5,3.492747,561758766
3.392486,43.7695,-26.7188,-26.7188,57,5,3.492747,561758766
3.394473,43.2422,-24.6094,-24.6094,57,5,3.492747,561758766
3.396460,42.5391,-22.5000,-22.5000,57,5,3.492747,561758766
3.398533,41.8359,-20.0391,-20.0391,57,5,3.492747,561758766
3.400522,41.1328,-17.7539,-17.7539,57,5,3.492747,561758766
3.402508,40.4297,-15.4688,-15.4688,57,5,3.492747,561758766
3.404494,39.5508,-13.0078,-13.0078,57,5,3.492747,561758766
3.406483,38.6719,-10.5469,-10.5469,57,5,3.492747,561758766
3.408486,37.6172,-8.0859,-8.0859,57,5,3.492747,561758766
3.410473,36.5625,-5.4492,-5.4492,57,5,3.492747,561758766
3.412468,35.6836,-2.8125,-2.8125,58,5,3.492747,561758766
3.414456,34.4531,-0.1758,-0.1758,58,5,3.492747,561758766
3.416530,33.3984,2.6367,2.6367,58,5,3.492747,561758766
3.421093,30.7617,8.9648,8.9648,58,5,3.492747,561758766
3.421574,30.4102,9.4922,9.4922,58,5,3.492747,561758766
3.422526,29.8828,10.8984,10.8984,58,5,3.492747,561758766
3.424516,28.6523,13.7109,13.7109,58,5,3.492747,561758766
3.426505,27.5977,16.3477,16.3477,58,5,3.492747,561758766
3.428525,26.3672,19.1602,19.1602,58,5,3.492747,561758766
3.430472,25.3125,21.6211,21.6211,58,5,3.492747,561758766
3.432460,24.2578,24.2578,24.2578,59,5,3.492747,561758766
3.434533,23.2031,26.8945,26.8945,59,5,3.492747,561758766
3.436522,22.3242,29.5312,29.5312,59,5,3.492747,561758766
3.438508,21.4453,31.9922,31.9922,59,5,3.492747,561758766
3.440495,20.5664,34.4531,34.4531,59,5,3.492747,561758766
3.442492,19.6875,36.7383,36.7383,59,5,3.492747,561758766
3.444463,18.9844,39.0234,39.0234,59,5,3.492747,561758766
3.446538,18.1055,41.4844,41.4844,59,5,3.492747,561758766
3.448455,17.5781,43.5938,43.5938,59,5,3.492747,561758766
3.450530,16.8750,45.8789,45.8789,59,5,3.492747,561758766
3.452538,16.1719,47.9883,47.9883,59,5,3.492747,561758766
3.454455,15.6445,50.0977,50.0977,59,5,3.492747,561758766
3.456460,15.1172,52.0312,52.0312,59,5,3.492747,561758766
3.458464,14.5898,54.1406,54.1406,59,5,3.492747,561758766
3.460468,14.2383,56.0742,56.0742,59,5,3.492747,561758766
3.462512,13.7109,58.0078,58.0078,59,5,3.492747,561758766
3.464514,13.3594,59.9414,59.9414,59,5,3.492747,561758766
3.466528,13.0078,61.8750,61.8750,59,5,3.492747,561758766
3.468486,12.6562,63.6328,63.6328,59,5,3.492747,561758766
3.471056,12.1289,66.0938,66.0938,59,5,3.492747,561758766
3.475550,11.4258,69.9609,69.9609,59,5,3.747872,562030831
3.476322,11.4258,70.4883,70.4883,59,5,3.747872,562030831
3.476910,11.2500,71.0156,71.0156,59,5,3.747872,562030831
3.478523,11.0742,72.4219,72.4219,59,5,3.747872,562030831
3.480497,10.8984,74.0039,74.0039,59,5,3.747872,562030831
3.482522,10.7227,75.5859,75.5859,59,5,3.747872,562030831
3.484534,10.3711,77.1680,77.1680,59,5,3.747872,562030831
3.486535,10.3711,78.7500,78.7500,59,5,3.747872,562030831
3.488522,10.0195,80.1562,80.1562,59,5,3.747872,562030831
3.490506,9.8438,81.5625,81.5625,59,5,3.747872,562030831
3.492508,9.8438,83.1445,83.1445,59,5,3.747872,562030831
3.494510,9.6680,84.5508,84.5508,59,5,3.747872,562030831
3.496516,9.4922,85.7812,85.7812,59,5,3.747872,562030831
3.498521,9.3164,87.1875,87.1875,59,5,3.747872,562030831
3.500525,9.3164,88.5938,88.5938,59,5,3.747872,562030831
3.502468,9.1406,89.8242,89.8242,59,5,3.747872,562030831
3.504496,8.9648,91.0547,91.0547,59,5,3.747872,562030831
3.506462,8.9648,92.2852,92.2852,59,5,3.747872,562030831
3.508456,8.9648,93.5156,93.5156,59,5,3.747872,562030831
3.510460,8.7891,94.7461,94.7461,59,5,3.747872,562030831
3.512491,8.7891,95.8008,95.8008,59,5,3.747872,562030831
3.514494,8.6133,97.0312,97.0312,59,5,3.747872,562030831
3.516498,8.6133,98.0859,98.0859,59,5,3.747872,562030831
3.522165,8.4375,101.0742,101.0742,59,5,3.747872,562030831
3.522741,8.4375,101.4258,101.4258,59,5,3.747872,562030831
3.523111,8.4375,101.6016,101.6016,59,5,3.747872,562030831
3.524508,8.2617,102.3047,102.3047,59,5,3.747872,562030831
3.526511,8.2617,103.1836,103.1836,59,5,3.747872,562030831
3.528516,8.2617,104.0625,104.0625,59,5,3.747872,562030831
3.530522,8.2617,104.9414,104.9414,59,5,3.747872,562030831
3.532461,8.0859,105.8203,105.8203,59,5,3.747872,562030831
3.534514,8.0859,106.6992,106.6992,59,5,3.747872,562030831
3.536543,7.9102,107.5781,107.5781,59,5,3.747872,562030831
3.538460,7.9102,108.2812,108.2812,59,5,3.747872,562030831
3.540463,7.9102,109.1602,109.1602,59,5,3.747872,562030831
3.542468,7.7344,109.8633,109.8633,59,5,3.747872,562030831
3.544471,7.7344,110.5664,110.5664,59,5,3.747872,562030831
3.546477,7.7344,111.2695,111.2695,59,5,3.747872,562030831
3.548479,7.5586,111.9727,111.9727,59,5,3.747872,562030831
3.550483,7.5586,112.5000,112.5000,59,5,3.747872,562030831
3.552487,7.3828,113.2031,113.2031,59,5,3.747872,562030831
3.554506,7.3828,113.7305,113.7305,59,5,3.747872,562030831
3.556508,7.2070,114.2578,114.2578,59,5,3.747872,562030831
3.558510,7.2070,114.7852,114.7852,59,5,3.747872,562030831
3.560515,7.0312,115.3125,115.3125,59,5,3.747872,562030831
3.562518,6.8555,115.6641,115.6641,59,5,3.747872,562030831
3.564525,6.8555,116.1914,116.1914,59,5,3.747872,562030831
3.566530,6.6797,116.5430,116.5430,59,5,3.747872,562030831
3.568533,6.5039,116.8945,116.8945,59,5,3.747872,562030831
3.570538,6.5039,117.2461,117.2461,59,5,3.747872,562030831
3.572456,6.3281,117.5977,117.5977,59,5,3.747872,562030831
3.574460,6.1523,117.7734,117.7734,59,5,3.747872,562030831
3.576480,5.9766,118.1250,118.1250,59,5,3.747872,562030831
3.578483,5.8008,118.3008,118.3008,59,5,3.747872,562030831
3.580487,5.6250,118.4766,118.4766,59,5,3.747872,562030831
3.582491,5.4492,118.6523,118.6523,59,5,3.747872,562030831
3.584494,5.4492,118.8281,118.8281,59,5,3.747872,562030831
3.586498,5.0977,119.0039,119.0039,59,5,3.747872,562030831
3.588502,4.9219,119.0039,119.0039,59,5,3.747872,562030831
3.590506,4.7461,119.1797,119.1797,59,5,3.747872,562030831
3.592509,4.5703,119.1797,119.1797,59,5,3.747872,562030831
3.594515,4.3945,119.1797,119.1797,59,5,3.747872,562030831
3.596532,4.2188,119.1797,119.1797,59,5,3.747872,562030831
3.598537,3.8672,119.0039,119.0039,59,5,3.747872,562030831
3.600456,3.6914,119.0039,119.0039,59,5,3.747872,562030831
3.602460,3.5156,118.8281,118.8281,59,5,3.747872,562030831
3.604464,3.1641,118.6523,118.6523,59,5,3.747872,562030831
3.606468,2.9883,118.4766,118.4766,59,5,3.747872,562030831
3.608471,2.6367,118.3008,118.3008,59,5,3.747872,562030831
3.610477,2.4609,118.1250,118.1250,59,5,3.747872,562030831
3.612525,2.1094,117.7734,117.7734,59,5,3.747872,562030831
3.614530,1.9336,117.5977,117.5977,59,5,3.747872,562030831
3.616461,1.5820,117.2461,117.2461,59,5,3.747872,562030831
3.621148,0.8789,116.3672,116.3672,59,5,3.747872,562030831
3.621645,0.8789,116.1914,116.1914,59,5,3.747872,562030831
3.622456,0.7031,116.1914,116.1914,59,5,3.747872,562030831
3.624460,0.3516,115.6641,115.6641,59,5,3.747872,562030831
3.626464,0.0000,115.3125,115.3125,59,5,3.747872,562030831
3.628468,-0.1758,114.7852,114.7852,60,5,3.747872,562030831
3.630471,-0.5273,114.2578,114.2578,59,5,3.747872,562030831
3.632477,-0.8789,113.5547,113.5547,59,5,3.747872,562030831
3.634489,-1.2305,113.0273,113.0273,59,5,3.747872,562030831
3.636479,-1.5820,112.5000,112.5000,59,5,3.747872,562030831
3.638468,-1.7578,111.7969,111.7969,-59,5,3.747872,562030831
3.640471,-2.1094,111.0938,111.0938,-59,5,3.747872,562030831
3.642477,-2.4609,110.5664,110.5664,-59,5,3.747872,562030831
3.644480,-2.8125,109.8633,109.8633,-59,5,3.747872,562030831
3.646483,-2.9883,108.9844,108.9844,-59,5,3.747872,562030831
3.648487,-3.3398,108.2812,108.2812,-59,5,3.747872,562030831
3.650491,-3.6914,107.5781,107.5781,-59,5,3.747872,562030831
3.652494,-3.8672,106.6992,106.6992,-59,5,3.747872,562030831
3.654498,-4.2188,105.8203,105.8203,-59,5,3.747872,562030831
3.656503,-4.3945,104.9414,104.9414,-59,5,3.747872,562030831
3.658521,-4.7461,104.0625,104.0625,-59,5,3.747872,562030831
3.660525,-4.9219,103.1836,103.1836,-59,5,3.747872,562030831
3.662530,-5.2734,102.3047,102.3047,-59,5,3.747872,562030831
3.664533,-5.4492,101.2500,101.2500,-59,5,3.747872,562030831
3.666538,-5.6250,100.1953,100.1953,-59,5,3.747872,562030831
3.668456,-5.8008,99.3164,99.3164,-59,5,3.747872,562030831
3.670460,-6.1523,98.2617,98.2617,-59,5,3.747872,562030831
3.672464,-6.3281,97.2070,97.2070,-59,5,3.747872,562030831
3.674468,-6.5039,95.9766,95.9766,-59,5,3.747872,562030831
3.676471,-6.6797,94.9219,94.9219,-59,5,3.747872,562030831
3.678477,-6.8555,93.6914,93.6914,-59,5,3.747872,562030831
3.680494,-7.0312,92.4609,92.4609,-59,5,3.747872,562030831
3.682498,-7.0312,91.4062,91.4062,-59,5,3.747872,562030831
3.684502,-7.2070,90.0000,90.0000,-59,5,3.747872,562030831
3.686506,-7.2070,88.7695,88.7695,-59,5,3.747872,562030831
3.688508,-7.3828,87.5391,87.5391,-59,5,3.747872,562030831
3.690515,-7.5586,86.1328,86.1328,-59,5,3.747872,562030831
3.692518,-7.5586,84.7266,84.7266,-59,5,3.747872,562030831
3.694524,-7.5586,83.3203,83.3203,-59,5,3.747872,562030831
3.696530,-7.5586,81.9141,81.9141,-59,5,3.747872,562030831
3.698533,-7.7344,80.5078,80.5078,-59,5,3.747872,562030831
3.700466,-7.7344,79.1016,79.1016,-59,5,3.747872,562030831
3.702468,-7.7344,77.5195,77.5195,-59,5,3.747872,562030831
3.704471,-7.5586,75.9375,75.9375,-59,5,3.747872,562030831
3.706477,-7.5586,74.3555,74.3555,-59,5,3.747872,562030831
3.708480,-7.3828,72.7734,72.7734,-59,5,3.747872,562030831
3.710509,-7.2070,71.0156,71.0156,-59,5,3.747872,562030831
3.712547,-7.2070,69.2578,69.2578,-59,5,3.747872,562030831
3.714479,-7.0312,67.6758,67.6758,-59,5,3.747872,562030831
3.716483,-6.8555,65.7422,65.7422,-59,5,3.747872,562030831
3.721271,-6.1523,61.3477,61.3477,-59,5,3.747872,562030831
3.721770,-6.1523,60.9961,60.9961,-59,5,3.747872,562030831
3.722494,-5.9766,60.2930,60.2930,-59,5,3.747872,562030831
3.724498,-5.6250,58.3594,58.3594,-59,5,3.747872,562030831
3.726502,-5.2734,56.2500,56.2500,-59,5,3.747872,562030831
3.728506,-4.9219,54.3164,54.3164,-59,5,3.747872,562030831
3.730456,-4.3945,52.2070,52.2070,-59,5,3.747872,562030831
3.732481,-3.8672,50.0977,50.0977,-59,5,3.747872,562030831
3.734461,-3.3398,47.9883,47.9883,-59,5,3.747872,562030831
3.736467,-2.8125,45.7031,45.7031,-59,5,3.747872,562030831
3.738528,-2.1094,43.4180,43.4180,-59,5,3.747872,562030831
3.740456,-1.4062,41.1328,41.1328,-59,5,3.747872,562030831
3.742500,-0.7031,38.6719,38.6719,-59,5,3.747872,562030831
3.746845,1.2305,33.2227,33.2227,-59,5,3.994645,562272240
3.748073,1.7578,31.6406,31.6406,-59,5,3.994645,562272240
3.748581,1.9336,30.9375,30.9375,-59,5,3.994645,562272240
3.750523,2.9883,28.3008,28.3008,-59,5,3.994645,562272240
3.752458,4.0430,25.8398,25.8398,-59,5,3.994645,562272240
3.754533,5.2734,22.8516,22.8516,-59,5,3.994645,562272240
3.756465,6.3281,20.2148,20.2148,-59,5,3.994645,562272240
3.758503,7.5586,17.2266,17.2266,-59,5,3.994645,562272240
3.760673,8.9648,14.0625,14.0625,-59,5,3.994645,562272240
3.762459,10.1953,11.4258,11.4258,-59,5,3.994645,562272240
3.764532,11.6016,8.4375,8.4375,-59,5,3.994645,562272240
3.766494,12.8320,5.4492,5.4492,-59,5,3.994645,562272240
3.768522,14.2383,2.2852,2.2852,-59,5,3.994645,562272240
3.770506,15.6445,-0.5273,-0.5273,-59,5,3.994645,562272240
3.772513,16.8750,-3.5156,-3.5156,-59,5,3.994645,562272240
3.774542,18.2812,-6.5039,-6.5039,-59,5,3.994645,562272240
3.776494,19.5117,-9.3164,-9.3164,-59,5,3.994645,562272240
3.778484,20.5664,-12.1289,-12.1289,-59,5,3.994645,562272240
3.780471,21.6211,-14.7656,-14.7656,-59,5,3.994645,562272240
3.782460,22.6758,-17.5781,-17.5781,-59,5,3.994645,562272240
3.784533,23.7305,-20.2148,-20.2148,-59,5,3.994645,562272240
3.786534,24.7852,-22.8516,-22.8516,-59,5,3.994645,562272240
3.788522,25.6641,-25.4883,-25.4883,-59,5,3.994645,562272240
3.790509,26.5430,-27.9492,-27.9492,-59,5,3.994645,562272240
3.792498,27.2461,-30.2344,-30.2344,-58,5,3.994645,562272240
3.794486,27.9492,-32.6953,-32.6953,-58,5,3.994645,562272240
3.796477,28.6523,-34.9805,-34.9805,-58,5,3.994645,562272240
3.798464,29.3555,-37.2656,-37.2656,-58,5,3.994645,562272240
3.800538,30.0586,-39.5508,-39.5508,-58,5,3.994645,562272240
3.802525,30.5859,-41.6602,-41.6602,-58,5,3.994645,562272240
3.804515,31.1133,-43.7695,-43.7695,-58,5,3.994645,562272240
3.806505,31.6406,-45.8789,-45.8789,-58,5,3.994645,562272240
3.808466,32.1680,-47.8125,-47.8125,-58,5,3.994645,562272240
3.810483,32.5195,-49.9219,-49.9219,-58,5,3.994645,562272240
3.812484,32.8711,-51.8555,-51.8555,-58,5,3.994645,562272240
3.814495,33.2227,-53.7891,-53.7891,-58,5,3.994645,562272240
3.816506,33.5742,-55.7227,-55.7227,-58,5,3.994645,562272240
3.821602,34.4531,-60.4688,-60.4688,-58,5,3.994645,562272240
3.822162,34.4531,-60.9961,-60.9961,-58,5,3.994645,562272240
3.822537,34.4531,-61.1719,-61.1719,-58,5,3.994645,562272240
3.824468,34.8047,-62.9297,-62.9297,-58,5,3.994645,562272240
3.826480,34.9805,-64.6875,-64.6875,-58,5,3.994645,562272240
3.828494,35.1562,-66.2695,-66.2695,-58,5,3.994645,562272240
3.830530,35.5078,-68.0273,-68.0273,-58,5,3.994645,562272240
3.832456,35.6836,-69.6094,-69.6094,-58,5,3.994645,562272240
3.834468,35.8594,-71.1914,-71.1914,-58,5,3.994645,562272240
3.836479,36.0352,-72.7734,-72.7734,-58,5,3.994645,562272240
3.838492,36.2109,-74.3555,-74.3555,-58,5,3.994645,562272240
3.840478,36.2109,-75.7617,-75.7617,-58,5,3.994645,562272240
3.842491,36.3867,-77.3438,-77.3438,-58,5,3.994645,562272240
3.844505,36.5625,-78.7500,-78.7500,-58,5,3.994645,562272240
3.846538,36.5625,-80.1562,-80.1562,-58,5,3.994645,562272240
3.848463,36.7383,-81.5625,-81.5625,-58,5,3.994645,562272240
3.850477,36.7383,-82.9688,-82.9688,-58,5,3.994645,562272240
3.852505,36.9141,-84.3750,-84.3750,-58,5,3.994645,562272240
3.854519,36.9141,-85.6055,-85.6055,-58,5,3.994645,562272240
3.856530,37.0898,-86.8359,-86.8359,-58,5,3.994645,562272240
3.858456,37.0898,-88.0664,-88.0664,-58,5,3.994645,562272240
3.860468,37.0898,-89.2969,-89.2969,-58,5,3.994645,562272240
3.862480,37.2656,-90.5273,-90.5273,-58,5,3.994645,562272240
3.864494,37.2656,-91.7578,-91.7578,-57,5,3.994645,562272240
3.866506,37.2656,-92.8125,-92.8125,-57,5,3.994645,562272240
3.868518,37.2656,-94.0430,-94.0430,-57,5,3.994645,562272240
3.870530,37.4414,-95.0977,-95.0977,-57,5,3.994645,562272240
3.872468,37.4414,-96.1523,-96.1523,-57,5,3.994645,562272240
3.874480,37.4414,-97.2070,-97.2070,-57,5,3.994645,562272240
3.876494,37.4414,-98.2617,-98.2617,-57,5,3.994645,562272240
3.878506,37.6172,-99.1406,-99.1406,-57,5,3.994645,562272240
3.880518,37.6172,-100.1953,-100.1953,-57,5,3.994645,562272240
3.882530,37.6172,-101.0742,-101.0742,-57,5,3.994645,562272240
3.884456,37.6172,-101.9531,-101.9531,-57,5,3.994645,562272240
3.886468,37.7930,-103.0078,-103.0078,-57,5,3.994645,562272240
3.888479,37.7930,-103.7109,-103.7109,-57,5,3.994645,562272240
3.890492,37.7930,-104.5898,-104.5898,-57,5,3.994645,562272240
3.892505,37.7930,-105.4688,-105.4688,-57,5,3.994645,562272240
3.894533,37.7930,-106.1719,-106.1719,-57,5,3.994645,562272240
3.896460,37.9688,-106.8750,-106.8750,-57,5,3.994645,562272240
3.898470,37.9688,-107.5781,-107.5781,-57,5,3.994645,562272240
3.900483,38.1445,-108.2812,-108.2812,-57,5,3.994645,562272240
3.902494,38.1445,-108.9844,-108.9844,-57,5,3.994645,562272240
3.904506,38.1445,-109.6875,-109.6875,-57,5,3.994645,562272240
3.906518,38.3203,-110.2148,-110.2148,-57,5,3.994645,562272240
3.908530,38.3203,-110.9180,-110.9180,-57,5,3.994645,562272240
3.910455,38.4961,-111.4453,-111.4453,-57,5,3.994645,562272240
3.912471,38.4961,-111.7969,-111.7969,-57,5,3.994645,562272240
3.914483,38.6719,-112.3242,-112.3242,-57,5,3.994645,562272240
3.916507,38.8477,-112.8516,-112.8516,-57,5,3.994645,562272240
3.921106,39.0234,-113.9062,-113.9062,-57,5,3.994645,562272240
3.921611,39.1992,-113.9062,-113.9062,-57,5,3.994645,562272240
3.922514,39.1992,-114.2578,-114.2578,-57,5,3.994645,562272240
3.924525,39.1992,-114.4336,-114.4336,-57,5,3.994645,562272240
3.926537,39.3750,-114.9609,-114.9609,-57,5,3.994645,562272240
3.928500,39.5508,-115.1367,-115.1367,-57,5,3.994645,562272240
3.930479,39.7266,-115.4883,-115.4883,-57,5,3.994645,562272240
3.932491,39.9023,-115.6641,-115.6641,-57,5,3.994645,562272240
3.934505,40.0781,-115.8398,-115.8398,-57,5,3.994645,562272240
3.936456,40.2539,-116.0156,-116.0156,-57,5,3.994645,562272240
3.938468,40.6055,-116.3672,-116.3672,-57,5,3.994645,562272240
3.940480,40.7812,-116.3672,-116.3672,-57,5,3.994645,562272240
3.942517,40.9570,-116.5430,-116.5430,-57,5,3.994645,562272240
3.944497,41.1328,-116.7188,-116.7188,-57,5,3.994645,562272240
3.946508,41.3086,-116.7188,-116.7188,-57,5,3.994645,562272240
3.948522,41.6602,-116.7188,-116.7188,-57,5,3.994645,562272240
3.950464,41.8359,-116.7188,-116.7188,-57,5,3.994645,562272240
3.952477,42.0117,-116.7188,-116.7188,-57,5,3.994645,562272240
3.954491,42.3633,-116.7188,-116.7188,-57,5,3.994645,562272240
3.956505,42.7148,-116.5430,-116.5430,-57,5,3.994645,562272240
3.958533,42.8906,-116.5430,-116.5430,-57,5,3.994645,562272240
3.960460,43.2422,-116.3672,-116.3672,-57,5,3.994645,562272240
3.962471,43.4180,-116.1914,-116.1914,-57,5,3.994645,562272240
3.964492,43.7695,-116.0156,-116.0156,-57,5,3.994645,562272240
3.966506,44.1211,-115.6641,-115.6641,-57,5,3.994645,562272240
3.968518,44.4727,-115.4883,-115.4883,-57,5,3.994645,562272240
3.970530,44.8242,-115.1367,-115.1367,-57,5,3.994645,562272240
3.972456,45.0000,-114.9609,-114.9609,-57,5,3.994645,562272240
3.974500,45.5273,-114.4336,-114.4336,-57,5,3.994645,562272240
3.976469,45.7031,-114.2578,-114.2578,-57,5,3.994645,562272240
3.978456,46.0547,-113.7305,-113.7305,-57,5,3.994645,562272240
3.980486,46.4062,-113.2031,-113.2031,56,5,3.994645,562272240
3.982482,46.7578,-112.8516,-112.8516,56,5,3.994645,562272240
3.984619,47.1094,-112.3242,-112.3242,56,5,4.233271,562516399
3.989185,47.9883,-111.0938,-111.0938,56,5,4.233271,562516399
3.989840,47.9883,-111.0938,-111.0938,56,5,4.233271,562516399
3.990536,48.1641,-110.9180,-110.9180,56,5,4.233271,562516399
3.992698,48.5156,-110.2148,-110.2148,56,5,4.233271,562516399
3.994494,48.8672,-109.6875,-109.6875,56,5,4.233271,562516399
3.996542,49.2188,-108.9844,-108.9844,56,5,4.233271,562516399
3.998499,49.5703,-108.4570,-108.4570,56,5,4.233271,562516399
4.000503,49.7461,-107.7539,-107.7539,56,5,4.233271,562516399
4.002534,50.0977,-107.0508,-107.0508,56,5,4.233271,562516399
4.004491,50.4492,-106.5234,-106.5234,56,5,4.233271,562516399
4.006517,50.8008,-105.6445,-105.6445,56,5,4.233271,562516399
4.008670,51.1523,-104.9414,-104.9414,56,5,4.233271,562516399
4.010465,51.3281,-104.2383,-104.2383,56,5,4.233271,562516399
4.012465,51.6797,-103.3594,-103.3594,56,5,4.233271,562516399
4.014512,52.0312,-102.4805,-102.4805,56,5,4.233271,562516399
4.016498,52.2070,-101.7773,-101.7773,56,5,4.233271,562516399
4.021560,52.9102,-99.4922,-99.4922,56,5,4.233271,562516399
4.022140,52.9102,-99.1406,-99.1406,56,5,4.233271,562516399
4.022510,53.0859,-98.9648,-98.9648,56,5,4.233271,562516399
4.024526,53.2617,-98.0859,-98.0859,56,5,4.233271,562516399
4.026538,53.4375,-97.0312,-97.0312,56,5,4.233271,562516399
4.028464,53.7891,-96.1523,-96.1523,56,5,4.233271,562516399
4.030477,53.9648,-95.0977,-95.0977,55,5,4.233271,562516399
4.032491,54.1406,-94.0430,-94.0430,55,5,4.233271,562516399
4.034505,54.3164,-92.9883,-92.9883,55,5,4.233271,562516399
4.036519,54.6680,-91.9336,-91.9336,55,5,4.233271,562516399
4.038530,54.6680,-90.7031,-90.7031,55,5,4.233271,562516399
4.040456,54.8438,-89.6484,-89.6484,55,5,4.233271,562516399
4.042468,55.0195,-88.4180,-88.4180,55,5,4.233271,562516399
4.044534,55.1953,-87.1875,-87.1875,55,5,4.233271,562516399
4.046466,55.3711,-86.1328,-86.1328,55,5,4.233271,562516399
4.048480,55.5469,-84.9023,-84.9023,55,5,4.233271,562516399
4.050515,55.5469,-83.4961,-83.4961,55,5,4.233271,562516399
4.052525,55.7227,-82.2656,-82.2656,55,5,4.233271,562516399
4.054537,55.8984,-80.8594,-80.8594,55,5,4.233271,562516399
4.056463,55.8984,-79.4531,-79.4531,55,5,4.233271,562516399
4.058477,55.8984,-78.2227,-78.2227,55,5,4.233271,562516399
4.060491,56.0742,-76.6406,-76.6406,55,5,4.233271,562516399
4.062505,56.0742,-75.2344,-75.2344,55,5,4.233271,562516399
4.064533,56.0742,-73.8281,-73.8281,55,5,4.233271,562516399
4.066460,56.0742,-72.2461,-72.2461,55,5,4.233271,562516399
4.068471,56.0742,-70.8398,-70.8398,55,5,4.233271,562516399
4.070483,56.0742,-69.2578,-69.2578,55,5,4.233271,562516399
4.072494,55.8984,-67.5000,-67.5000,55,5,4.233271,562516399
4.074506,55.7227,-65.9180,-65.9180,55,5,4.233271,562516399
4.076518,55.7227,-64.3359,-64.3359,55,5,4.233271,562516399
4.078530,55.5469,-62.5781,-62.5781,55,5,4.233271,562516399
4.080456,55.3711,-60.9961,-60.9961,55,5,4.233271,562516399
4.082468,55.1953,-59.0625,-59.0625,55,5,4.233271,562516399
4.084479,55.0195,-57.3047,-57.3047,55,5,4.233271,562516399
4.086506,54.6680,-55.3711,-55.3711,55,5,4.233271,562516399
4.088518,54.4922,-53.4375,-53.4375,55,5,4.233271,562516399
4.090530,54.1406,-51.6797,-51.6797,55,5,4.233271,562516399
4.092456,53.7891,-49.7461,-49.7461,55,5,4.233271,562516399
4.094468,53.4375,-47.6367,-47.6367,55,5,4.233271,562516399
4.096479,52.9102,-45.7031,-45.7031,56,5,4.233271,562516399
4.098491,52.5586,-43.5938,-43.5938,56,5,4.233271,562516399
4.100515,52.0312,-41.3086,-41.3086,56,5,4.233271,562516399
4.102505,51.5039,-39.1992,-39.1992,56,5,4.233271,562516399
4.104494,50.8008,-36.9141,-36.9141,56,5,4.233271,562516399
4.106497,50.0977,-34.6289,-34.6289,56,5,4.233271,562516399
4.108486,49.3945,-32.3438,-32.3438,56,5,4.233271,562516399
4.110473,48.6914,-29.8828,-29.8828,56,5,4.233271,562516399
4.112483,47.8125,-27.4219,-27.4219,56,5,4.233271,562516399
4.114470,46.9336,-24.9609,-24.9609,56,5,4.233271,562516399
4.116460,46.0547,-22.3242,-22.3242,56,5,4.233271,562516399
4.121129,43.5938,-15.9961,-15.9961,56,5,4.233271,562516399
4.121609,43.2422,-15.2930,-15.2930,57,5,4.233271,562516399
4.122486,42.7148,-14.0625,-14.0625,57,5,4.233271,562516399
4.124473,41.4844,-11.2500,-11.2500,57,5,4.233271,562516399
4.126460,40.2539,-8.2617,-8.2617,57,5,4.233271,562516399
4.128469,38.8477,-5.2734,-5.2734,57,5,4.233271,562516399
4.130457,37.4414,-2.2852,-2.2852,57,5,4.233271,562516399
4.132530,36.0352,1.0547,1.0547,57,5,4.233271,562516399
4.134518,34.4531,4.2188,4.2188,58,5,4.233271,562516399
4.136506,33.0469,7.2070,7.2070,58,5,4.233271,562516399
4.138494,31.4648,10.3711,10.3711,58,5,4.233271,562516399
4.140483,29.8828,13.5352,13.5352,58,5,4.233271,562516399
4.142470,28.4766,16.6992,16.6992,58,5,4.233271,562516399
4.144457,27.0703,19.6875,19.6875,58,5,4.233271,562516399
4.146477,25.6641,22.6758,22.6758,58,5,4.233271,562516399
4.148480,24.2578,25.6641,25.6641,59,5,4.233271,562516399
4.150484,23.0273,28.6523,28.6523,59,5,4.233271,562516399
4.152471,21.7969,31.4648,31.4648,59,5,4.233271,562516399
4.154460,20.5664,34.2773,34.2773,59,5,4.233271,562516399
4.156533,19.5117,37.2656,37.2656,59,5,4.233271,562516399
4.158522,18.4570,39.9023,39.9023,59,5,4.233271,562516399
4.160508,17.4023,42.5391,42.5391,59,5,4.233271,562516399
4.162495,16.5234,45.0000,45.0000,59,5,4.233271,562516399
4.164505,15.6445,47.4609,47.4609,59,5,4.233271,562516399
4.166507,14.9414,50.0977,50.0977,59,5,4.233271,562516399
4.168525,14.0625,52.3828,52.3828,59,5,4.233271,562516399
4.170530,13.3594,54.8438,54.8438,59,5,4.233271,562516399
4.172533,12.6562,57.1289,57.1289,59,5,4.233271,562516399
4.174537,12.1289,59.4141,59.4141,59,5,4.233271,562516399
4.176456,11.6016,61.5234,61.5234,59,5,4.233271,562516399
4.178460,11.0742,63.8086,63.8086,59,5,4.233271,562516399
4.180464,10.5469,65.9180,65.9180,59,5,4.233271,562516399
4.182468,10.0195,68.0273,68.0273,59,5,4.233271,562516399
4.184471,9.6680,70.1367,70.1367,59,5,4.233271,562516399
4.186477,9.1406,72.0703,72.0703,59,5,4.233271,562516399
4.188480,8.7891,74.1797,74.1797,59,5,4.233271,562516399
4.190498,8.4375,76.1133,76.1133,59,5,4.233271,562516399
4.192502,8.0859,78.0469,78.0469,59,5,4.233271,562516399
4.194506,7.7344,79.9805,79.9805,59,5,4.233271,562516399
4.196508,7.5586,81.7383,81.7383,59,5,4.233271,562516399
4.198511,7.2070,83.6719,83.6719,59,5,4.233271,562516399
4.200516,6.8555,85.4297,85.4297,59,5,4.233271,562516399
4.202521,6.6797,87.1875,87.1875,59,5,4.233271,562516399
4.204525,6.5039,88.9453,88.9453,59,5,4.233271,562516399
4.206530,6.3281,90.7031,90.7031,59,5,4.233271,562516399
4.208533,6.1523,92.2852,92.2852,0,5,4.233271,562516399
4.210467,5.8008,93.8672,93.8672,59,5,4.233271,562516399
4.212477,5.8008,95.6250,95.6250,59,5,4.233271,562516399
4.214480,5.6250,97.2070,97.2070,59,5,4.233271,562516399
4.216483,5.4492,98.7891,98.7891,59,5,4.233271,562516399
4.221243,5.0977,102.3047,102.3047,59,5,4.233271,562516399
4.222060,5.0977,103.0078,103.0078,59,5,4.233271,562516399
4.222577,5.0977,103.3594,103.3594,59,5,4.233271,562516399
4.224463,4.9219,104.7656,104.7656,59,5,4.233271,562516399
4.226536,4.9219,106.1719,106.1719,59,5,4.233271,562516399
4.228702,4.7461,107.7539,107.7539,59,5,4.233271,562516399
4.233338,4.5703,110.9180,110.9180,59,5,4.487869,562765340
4.234027,4.5703,111.2695,111.2695,59,5,4.487869,562765340
4.234606,4.5703,111.6211,111.6211,59,5,4.487869,562765340
4.236867,4.3945,113.2031,113.2031,59,5,4.487869,562765340
4.238468,4.3945,114.0820,114.0820,59,5,4.487869,562765340
4.240471,4.3945,115.3125,115.3125,59,5,4.487869,562765340
4.242526,4.2188,116.7188,116.7188,59,5,4.487869,562765340
4.244456,4.2188,117.7734,117.7734,59,5,4.487869,562765340
4.246504,4.2188,119.0039,119.0039,59,5,4.487869,562765340
4.248532,4.0430,120.2344,120.2344,59,5,4.487869,562765340
4.250468,4.0430,121.1133,121.1133,59,5,4.487869,562765340
4.252487,4.0430,122.3438,122.3438,59,5,4.487869,562765340
4.254519,4.0430,123.3984,123.3984,59,5,4.487869,562765340
4.256464,3.8672,124.4531,124.4531,59,5,4.487869,562765340
4.258474,3.8672,125.3320,125.3320,59,5,4.487869,562765340
4.260503,3.6914,126.3867,126.3867,59,5,4.487869,562765340
4.262533,3.6914,127.4414,127.4414,59,5,4.487869,562765340
4.264538,3.5156,128.3203,128.3203,59,5,4.487869,562765340
4.266456,3.5156,129.1992,129.1992,59,5,4.487869,562765340
4.268460,3.5156,130.0781,130.0781,59,5,4.487869,562765340
4.270464,3.3398,130.9570,130.9570,59,5,4.487869,562765340
4.272468,3.3398,131.6602,131.6602,59,5,4.487869,562765340
4.274486,3.1641,132.5391,132.5391,59,5,4.487869,562765340
4.276491,2.9883,133.2422,133.2422,59,5,4.487869,562765340
4.278494,2.9883,134.1211,134.1211,59,5,4.487869,562765340
4.280498,2.8125,134.8242,134.8242,59,5,4.487869,562765340
4.282502,2.6367,135.5273,135.5273,59,5,4.487869,562765340
4.284466,2.6367,136.0547,136.0547,59,5,4.487869,562765340
4.286491,2.4609,136.7578,136.7578,59,5,4.487869,562765340
4.288518,2.2852,137.4609,137.4609,59,5,4.487869,562765340
4.290456,2.1094,137.9883,137.9883,59,5,4.487869,562765340
4.292480,1.9336,138.5156,138.5156,59,5,4.487869,562765340
4.294518,1.7578,139.0430,139.0430,59,5,4.487869,562765340
4.296456,1.5820,139.5703,139.5703,59,5,4.487869,562765340
4.298480,1.2305,140.0977,140.0977,59,5,4.487869,562765340
4.300506,1.0547,140.4492,140.4492,59,5,4.487869,562765340
4.302530,0.8789,140.8008,140.8008,59,5,4.487869,562765340
4.304468,0.7031,141.3281,141.3281,59,5,4.487869,562765340
4.306494,0.3516,141.6797,141.6797,59,5,4.487869,562765340
4.308518,0.1758,142.0312,142.0312,59,5,4.487869,562765340
4.310456,-0.1758,142.2070,142.2070,59,5,4.487869,562765340
4.312537,-0.5273,142.5586,142.5586,59,5,4.487869,562765340
4.314491,-0.7031,142.7344,142.7344,59,5,4.487869,562765340
4.316518,-1.0547,142.9102,142.9102,59,5,4.487869,562765340
4.321637,-1.9336,143.4375,143.4375,59,5,4.487869,562765340
4.322213,-1.9336,143.4375,143.4375,59,5,4.487869,562765340
4.322600,-2.1094,143.4375,143.4375,59,5,4.487869,562765340
4.324456,-2.2852,143.4375,143.4375,59,5,4.487869,562765340
4.326479,-2.8125,143.6133,143.6133,59,5,4.487869,562765340
4.328505,-3.1641,143.6133,143.6133,59,5,4.487869,562765340
4.330530,-3.5156,143.6133,143.6133,59,5,4.487869,562765340
4.332468,-3.8672,143.6133,143.6133,59,5,4.487869,562765340
4.334494,-4.3945,143.6133,143.6133,59,5,4.487869,562765340
4.336456,-4.7461,143.4375,143.4375,59,5,4.487869,562765340
4.338480,-5.0977,143.4375,143.4375,59,5,4.487869,562765340
4.340505,-5.6250,143.0859,143.0859,59,5,4.487869,562765340
4.342530,-6.1523,143.0859,143.0859,59,5,4.487869,562765340
4.344468,-6.5039,142.7344,142.7344,59,5,4.487869,562765340
4.346494,-7.0312,142.5586,142.5586,59,5,4.487869,562765340
4.348518,-7.5586,142.3828,142.3828,59,5,4.487869,562765340
4.350455,-7.9102,142.0312,142.0312,59,5,4.487869,562765340
4.352534,-8.4375,141.6797,141.6797,59,5,4.487869,562765340
4.354473,-8.9648,141.3281,141.3281,59,5,4.487869,562765340
4.356518,-9.4922,140.9766,140.9766,59,5,4.487869,562765340
4.358477,-10.0195,140.6250,140.6250,-59,5,4.487869,562765340
4.360501,-10.5469,140.0977,140.0977,-59,5,4.487869,562765340
4.362525,-11.0742,139.7461,139.7461,-59,5,4.487869,562765340
4.364462,-11.6016,139.2188,139.2188,-59,5,4.487869,562765340
4.366486,-12.1289,138.6914,138.6914,-59,5,4.487869,562765340
4.368508,-12.6562,138.1641,138.1641,-59,5,4.487869,562765340
4.370532,-13.1836,137.6367,137.6367,-59,5,4.487869,562765340
4.372469,-13.5352,137.1094,137.1094,-59,5,4.487869,562765340
4.374494,-14.0625,136.5820,136.5820,-59,5,4.487869,562765340
4.376518,-14.5898,135.8789,135.8789,-59,5,4.487869,562765340
4.378469,-15.1172,135.3516,135.3516,-59,5,4.487869,562765340
4.380494,-15.6445,134.6484,134.6484,-59,5,4.487869,562765340
4.382508,-16.1719,134.1211,134.1211,-59,5,4.487869,562765340
4.384510,-16.5234,133.4180,133.4180,-59,5,4.487869,562765340
4.386515,-17.0508,132.7148,132.7148,-59,5,4.487869,562765340
4.388518,-17.5781,132.0117,132.0117,-59,5,4.487869,562765340
4.390522,-17.9297,131.3086,131.3086,-59,5,4.487869,562765340
4.392526,-18.4570,130.4297,130.4297,-59,5,4.487869,562765340
4.394530,-18.9844,129.7266,129.7266,-59,5,4.487869,562765340
4.396533,-19.3359,128.8477,128.8477,-59,5,4.487869,562765340
4.398466,-19.8633,128.1445,128.1445,-59,5,4.487869,562765340
4.400468,-20.2148,127.2656,127.2656,-59,5,4.487869,562765340
4.402470,-20.5664,126.3867,126.3867,-59,5,4.487869,562765340
4.404477,-21.0938,125.5078,125.5078,-59,5,4.487869,562765340
4.406479,-21.4453,124.6289,124.6289,-59,5,4.487869,562765340
4.408483,-21.7969,123.7500,123.7500,-59,5,4.487869,562765340
4.410487,-22.3242,122.6953,122.6953,-59,5,4.487869,562765340
4.412494,-22.6758,121.6406,121.6406,-59,5,4.487869,562765340
4.414498,-23.0273,120.7617,120.7617,-59,5,4.487869,562765340
4.416502,-23.3789,119.7070,119.7070,-59,5,4.487869,562765340
4.421132,-24.0820,117.2461,117.2461,-59,5,4.487869,562765340
4.421647,-24.2578,116.8945,116.8945,-59,5,4.487869,562765340
4.422534,-24.4336,116.5430,116.5430,-59,5,4.487869,562765340
4.424538,-24.7852,115.3125,115.3125,-59,5,4.487869,562765340
4.426456,-24.9609,114.2578,114.2578,-59,5,4.487869,562765340
4.428473,-25.3125,113.2031,113.2031,-59,5,4.487869,562765340
4.430479,-25.6641,111.9727,111.9727,-59,5,4.487869,562765340
4.432483,-25.8398,110.7422,110.7422,-59,5,4.487869,562765340
4.434487,-26.1914,109.5117,109.5117,-59,5,4.487869,562765340
4.436491,-26.3672,108.2812,108.2812,-58,5,4.487869,562765340
4.438494,-26.7188,107.0508,107.0508,-58,5,4.487869,562765340
4.440498,-26.8945,105.6445,105.6445,-58,5,4.487869,562765340
4.442502,-27.0703,104.4141,104.4141,-58,5,4.487869,562765340
4.444522,-27.2461,103.0078,103.0078,-58,5,4.487869,562765340
4.446525,-27.4219,101.6016,101.6016,-58,5,4.487869,562765340
4.448530,-27.5977,100.1953,100.1953,-58,5,4.487869,562765340
4.450533,-27.7734,98.7891,98.7891,-58,5,4.487869,562765340
4.452543,-27.9492,97.2070,97.2070,-58,5,4.487869,562765340
4.454482,-28.1250,95.8008,95.8008,-58,5,4.487869,562765340
4.456487,-28.1250,94.3945,94.3945,-58,5,4.487869,562765340
4.458491,-28.3008,92.8125,92.8125,-58,5,4.487869,562765340
4.460494,-28.3008,91.2305,91.2305,-58,5,4.487869,562765340
4.462498,-28.3008,89.6484,89.6484,-58,5,4.487869,562765340
4.464502,-28.3008,87.8906,87.8906,-58,5,4.487869,562765340
4.466522,-28.3008,86.3086,86.3086,-58,5,4.487869,562765340
4.468468,-28.3008,84.7266,84.7266,-58,5,4.487869,562765340
4.470471,-28.3008,82.9688,82.9688,-58,5,4.487869,562765340
4.472477,-28.3008,81.2109,81.2109,-58,5,4.487869,562765340
4.474517,-28.1250,79.2773,79.2773,-58,5,4.487869,562765340
4.477203,-28.1250,76.8164,76.8164,-58,5,4.487869,562765340
4.481397,-27.5977,72.7734,72.7734,-58,5,4.730276,563001664
4.482642,-27.5977,71.7188,71.7188,-58,5,4.730276,563001664
4.483232,-27.4219,71.0156,71.0156,-58,5,4.730276,563001664
4.484461,-27.2461,69.7852,69.7852,-58,5,4.730276,563001664
4.486573,-27.0703,67.6758,67.6758,-58,5,4.730276,563001664
4.488477,-26.7188,65.7422,65.7422,-58,5,4.730276,563001664
4.490466,-26.3672,63.6328,63.6328,-58,5,4.730276,563001664
4.492464,-26.0156,61.5234,61.5234,-58,5,4.730276,563001664
4.494474,-25.4883,59.4141,59.4141,-59,5,4.730276,563001664
4.496464,-25.1367,57.1289,57.1289,-59,5,4.730276,563001664
4.498463,-24.6094,54.8438,54.8438,-59,5,4.730276,563001664
4.500790,-23.9062,52.0312,52.0312,-59,5,4.730276,563001664
4.502463,-23.3789,50.0977,50.0977,-59,5,4.730276,563001664
4.504471,-22.6758,47.6367,47.6367,-59,5,4.730276,563001664
4.506522,-21.9727,45.0000,45.0000,-59,5,4.730276,563001664
4.508547,-21.0938,42.5391,42.5391,-59,5,4.730276,563001664
4.510549,-20.2148,39.7266,39.7266,-59,5,4.730276,563001664
4.512469,-19.3359,37.2656,37.2656,-59,5,4.730276,563001664
4.514457,-18.2812,34.4531,34.4531,-59,5,4.730276,563001664
4.516530,-17.2266,31.4648,31.4648,-59,5,4.730276,563001664
4.521837,-13.8867,23.5547,23.5547,-59,5,4.730276,563001664
4.522411,-13.5352,22.6758,22.6758,-59,5,4.730276,563001664
4.522762,-13.3594,22.1484,22.1484,-59,5,4.730276,563001664
4.524495,-12.1289,19.5117,19.5117,-59,5,4.730276,563001664
4.526483,-10.7227,16.3477,16.3477,-59,5,4.730276,563001664
4.528469,-9.3164,13.0078,13.0078,-59,5,4.730276,563001664
4.530457,-7.7344,9.8438,9.8438,-59,5,4.730276,563001664
4.532468,-6.1523,6.5039,6.5039,-59,5,4.730276,563001664
4.534456,-4.5703,3.1641,3.1641,-59,5,4.730276,563001664
4.536530,-2.9883,-0.1758,-0.1758,-59,5,4.730276,563001664
4.538518,-1.5820,-3.3398,-3.3398,-59,5,4.730276,563001664
4.540506,0.0000,-6.5039,-6.5039,-59,5,4.730276,563001664
4.542494,1.2305,-9.6680,-9.6680,-60,5,4.730276,563001664
4.544483,2.6367,-12.6562,-12.6562,-59,5,4.730276,563001664
4.546469,3.8672,-15.6445,-15.6445,-59,5,4.730276,563001664
4.548457,5.0977,-18.6328,-18.6328,-59,5,4.730276,563001664
4.550530,6.3281,-21.6211,-21.6211,-59,5,4.730276,563001664
4.552533,7.3828,-24.4336,-24.4336,-59,5,4.730276,563001664
4.554522,8.4375,-27.2461,-27.2461,-59,5,4.730276,563001664
4.556512,9.3164,-29.8828,-29.8828,-59,5,4.730276,563001664
4.558517,10.1953,-32.5195,-32.5195,-59,5,4.730276,563001664
4.560506,11.0742,-35.1562,-35.1562,-59,5,4.730276,563001664
4.562494,11.7773,-37.6172,-37.6172,-59,5,4.730276,563001664
4.564483,12.4805,-40.0781,-40.0781,-59,5,4.730276,563001664
4.566494,13.1836,-42.5391,-42.5391,-59,5,4.730276,563001664
4.568483,13.8867,-45.0000,-45.0000,-59,5,4.730276,563001664
4.570491,14.4141,-47.2852,-47.2852,-59,5,4.730276,563001664
4.572505,14.9414,-49.5703,-49.5703,-59,5,4.730276,563001664
4.574533,15.4688,-51.8555,-51.8555,-59,5,4.730276,563001664
4.576460,15.9961,-53.9648,-53.9648,-59,5,4.730276,563001664
4.578471,16.3477,-56.0742,-56.0742,-59,5,4.730276,563001664
4.580483,16.6992,-58.1836,-58.1836,-59,5,4.730276,563001664
4.582494,17.0508,-60.2930,-60.2930,-59,5,4.730276,563001664
4.584506,17.4023,-62.4023,-62.4023,-59,5,4.730276,563001664
4.586518,17.7539,-64.5117,-64.5117,-59,5,4.730276,563001664
4.588530,18.1055,-66.4453,-66.4453,-59,5,4.730276,563001664
4.590456,18.2812,-68.2031,-68.2031,-59,5,4.730276,563001664
4.592461,18.4570,-70.1367,-70.1367,0,5,4.730276,563001664
4.594462,18.8086,-72.0703,-72.0703,0,5,4.730276,563001664
4.596491,18.9844,-74.0039,-74.0039,-59,5,4.730276,563001664
4.598505,19.1602,-75.7617,-75.7617,-59,5,4.730276,563001664
4.600519,19.3359,-77.5195,-77.5195,-59,5,4.730276,563001664
4.602530,19.5117,-79.2773,-79.2773,-59,5,4.730276,563001664
4.604455,19.5117,-81.0352,-81.0352,-59,5,4.730276,563001664
4.606468,19.6875,-82.7930,-82.7930,-59,5,4.730276,563001664
4.608480,19.8633,-84.3750,-84.3750,-59,5,4.730276,563001664
4.610491,19.8633,-86.1328,-86.1328,-59,5,4.730276,563001664
4.612508,20.0391,-87.7148,-87.7148,-59,5,4.730276,563001664
4.614522,20.0391,-89.2969,-89.2969,-59,5,4.730276,563001664
4.616461,20.2148,-90.7031,-90.7031,-59,5,4.730276,563001664
4.621202,20.2148,-94.3945,-94.3945,-59,5,4.730276,563001664
4.621703,20.2148,-94.7461,-94.7461,-59,5,4.730276,563001664
4.622520,20.2148,-95.4492,-95.4492,-59,5,4.730276,563001664
4.624533,20.3906,-96.8555,-96.8555,-59,5,4.730276,563001664
4.626460,20.3906,-98.2617,-98.2617,-59,5,4.730276,563001664
4.628470,20.3906,-99.6680,-99.6680,-59,5,4.730276,563001664
4.630483,20.3906,-101.0742,-101.0742,-59,5,4.730276,563001664
4.632494,20.3906,-102.4805,-102.4805,-59,5,4.730276,563001664
4.634506,20.3906,-103.7109,-103.7109,-59,5,4.730276,563001664
4.636518,20.3906,-105.1172,-105.1172,-59,5,4.730276,563001664
4.638468,20.3906,-106.3477,-106.3477,-59,5,4.730276,563001664
4.640480,20.3906,-107.5781,-107.5781,-59,5,4.730276,563001664
4.642494,20.3906,-108.8086,-108.8086,-59,5,4.730276,563001664
4.644506,20.3906,-110.0391,-110.0391,-59,5,4.730276,563001664
4.646518,20.3906,-111.2695,-111.2695,-59,5,4.730276,563001664
4.648530,20.3906,-112.5000,-112.5000,-59,5,4.730276,563001664
4.650455,20.3906,-113.5547,-113.5547,-59,5,4.730276,563001664
4.652468,20.3906,-114.6094,-114.6094,-59,5,4.730276,563001664
4.654480,20.3906,-115.8398,-115.8398,-59,5,4.730276,563001664
4.656494,20.3906,-116.8945,-116.8945,-59,5,4.730276,563001664
4.658463,20.3906,-117.9492,-117.9492,-59,5,4.730276,563001664
4.660491,20.3906,-119.0039,-119.0039,-59,5,4.730276,563001664
4.662506,20.3906,-120.0586,-120.0586,-59,5,4.730276,563001664
4.664518,20.3906,-120.9375,-120.9375,-59,5,4.730276,563001664
4.666530,20.3906,-121.8164,-121.8164,-59,5,4.730276,563001664
4.668455,20.3906,-122.6953,-122.6953,-59,5,4.730276,563001664
4.670468,20.3906,-123.5742,-123.5742,-59,5,4.730276,563001664
4.672480,20.3906,-124.4531,-124.4531,-59,5,4.730276,563001664
4.674494,20.5664,-125.5078,-125.5078,-59,5,4.730276,563001664
4.676506,20.5664,-126.2109,-126.2109,-59,5,4.730276,563001664
4.678518,20.5664,-127.0898,-127.0898,-59,5,4.730276,563001664
4.680460,20.7422,-127.7930,-127.7930,-59,5,4.730276,563001664
4.682471,20.7422,-128.4961,-128.4961,-59,5,4.730276,563001664
4.684483,20.9180,-129.1992,-129.1992,-59,5,4.730276,563001664
4.686494,20.9180,-129.9023,-129.9023,-59,5,4.730276,563001664
4.688506,20.9180,-130.6055,-130.6055,-59,5,4.730276,563001664
4.690518,21.0938,-131.3086,-131.3086,-59,5,4.730276,563001664
4.692530,21.2695,-131.8359,-131.8359,-59,5,4.730276,563001664
4.694455,21.4453,-132.5391,-132.5391,-59,5,4.730276,563001664
4.696468,21.4453,-133.0664,-133.0664,-59,5,4.730276,563001664
4.698480,21.6211,-133.5938,-133.5938,-59,5,4.730276,563001664
4.700494,21.7969,-134.1211,-134.1211,-59,5,4.730276,563001664
4.702504,21.9727,-134.6484,-134.6484,-59,5,4.730276,563001664
4.704479,22.1484,-135.0000,-135.0000,-59,5,4.730276,563001664
4.706525,22.3242,-135.5273,-135.5273,-59,5,4.730276,563001664
4.708477,22.5000,-135.8789,-135.8789,-59,5,4.730276,563001664
4.710524,22.8516,-136.2305,-136.2305,-59,5,4.730276,563001664
4.712485,23.0273,-136.5820,-136.5820,-59,5,4.730276,563001664
4.717632,23.7305,-137.2852,-137.2852,-59,5,4.964085,563245126
4.723102,24.4336,-137.9883,-137.9883,-59,5,4.964085,563245126
4.723767,24.6094,-137.9883,-137.9883,-59,5,4.964085,563245126
4.724163,24.6094,-137.9883,-137.9883,-59,5,4.964085,563245126
4.724551,24.6094,-138.1641,-138.1641,-59,5,4.964085,563245126
4.724938,24.7852,-138.1641,-138.1641,-59,5,4.964085,563245126
4.726460,24.9609,-138.1641,-138.1641,-59,5,4.964085,563245126
4.728513,25.3125,-138.3398,-138.3398,-59,5,4.964085,563245126
4.730462,25.6641,-138.5156,-138.5156,-59,5,4.964085,563245126
4.732497,26.0156,-138.5156,-138.5156,-59,5,4.964085,563245126
4.734532,26.3672,-138.5156,-138.5156,-59,5,4.964085,563245126
4.736529,26.7188,-138.5156,-138.5156,-58,5,4.964085,563245126
4.738480,27.2461,-138.5156,-138.5156,-58,5,4.964085,563245126
4.740534,27.5977,-138.5156,-138.5156,-58,5,4.964085,563245126
4.742481,27.9492,-138.5156,-138.5156,-58,5,4.964085,563245126
4.744706,28.4766,-138.3398,-138.3398,-58,5,4.964085,563245126
4.746476,29.0039,-138.3398,-138.3398,-58,5,4.964085,563245126
4.748518,29.3555,-138.1641,-138.1641,-58,5,4.964085,563245126
4.750537,29.8828,-137.9883,-137.9883,-58,5,4.964085,563245126
4.752534,30.4102,-137.6367,-137.6367,-58,5,4.964085,563245126
4.754483,30.7617,-137.4609,-137.4609,-58,5,4.964085,563245126
4.756531,31.4648,-137.2852,-137.2852,-58,5,4.964085,563245126
4.758526,31.8164,-136.9336,-136.9336,-58,5,4.964085,563245126
4.760477,32.3438,-136.7578,-136.7578,-58,5,4.964085,563245126
4.762510,32.8711,-136.4062,-136.4062,-58,5,4.964085,563245126
4.764460,33.5742,-136.0547,-136.0547,-58,5,4.964085,563245126
4.766525,34.1016,-135.5273,-135.5273,-58,5,4.964085,563245126
4.768494,34.4531,-135.0000,-135.0000,58,5,4.964085,563245126
4.770530,35.1562,-134.6484,-134.6484,58,5,4.964085,563245126
4.772494,35.6836,-134.2969,-134.2969,58,5,4.964085,563245126
4.774506,36.2109,-133.7695,-133.7695,58,5,4.964085,563245126
4.776518,36.7383,-133.2422,-133.2422,58,5,4.964085,563245126
4.778530,37.2656,-132.7148,-132.7148,58,5,4.964085,563245126
4.780456,37.7930,-132.1875,-132.1875,57,5,4.964085,563245126
4.782468,38.4961,-131.6602,-131.6602,57,5,4.964085,563245126
4.784480,39.0234,-131.1328,-131.1328,57,5,4.964085,563245126
4.786494,39.5508,-130.6055,-130.6055,57,5,4.964085,563245126
4.788506,40.0781,-129.9023,-129.9023,57,5,4.964085,563245126
4.790533,40.6055,-129.3750,-129.3750,57,5,4.964085,563245126
4.792460,41.1328,-128.6719,-128.6719,57,5,4.964085,563245126
4.794471,41.6602,-127.9688,-127.9688,57,5,4.964085,563245126
4.796483,42.1875,-127.4414,-127.4414,57,5,4.964085,563245126
4.798494,42.7148,-126.7383,-126.7383,57,5,4.964085,563245126
4.800506,43.0664,-126.0352,-126.0352,57,5,4.964085,563245126
4.802518,43.5938,-125.3320,-125.3320,57,5,4.964085,563245126
4.804530,44.1211,-124.6289,-124.6289,57,5,4.964085,563245126
4.806456,44.6484,-123.7500,-123.7500,57,5,4.964085,563245126
4.808468,45.0000,-123.0469,-123.0469,57,5,4.964085,563245126
4.810480,45.5273,-122.3438,-122.3438,57,5,4.964085,563245126
4.812473,46.0547,-121.4648,-121.4648,57,5,4.964085,563245126
4.814486,46.4062,-120.5859,-120.5859,56,5,4.964085,563245126
4.816498,46.9336,-119.8828,-119.8828,56,5,4.964085,563245126
4.818508,47.4609,-118.8281,-118.8281,56,5,4.964085,563245126
4.822303,48.1641,-117.2461,-117.2461,56,5,4.964085,563245126
4.822816,48.3398,-117.0703,-117.0703,56,5,4.964085,563245126
4.824494,48.6914,-116.1914,-116.1914,56,5,4.964085,563245126
4.826506,49.0430,-115.3125,-115.3125,56,5,4.964085,563245126
4.828518,49.5703,-114.2578,-114.2578,56,5,4.964085,563245126
4.830530,49.9219,-113.2031,-113.2031,56,5,4.964085,563245126
4.832480,50.2734,-112.3242,-112.3242,56,5,4.964085,563245126
4.834494,50.6250,-111.2695,-111.2695,56,5,4.964085,563245126
4.836506,51.1523,-110.2148,-110.2148,56,5,4.964085,563245126
4.838518,51.5039,-109.1602,-109.1602,56,5,4.964085,563245126
4.840530,51.8555,-108.1055,-108.1055,56,5,4.964085,563245126
4.842456,52.0312,-106.8750,-106.8750,56,5,4.964085,563245126
4.844468,52.5586,-105.8203,-105.8203,56,5,4.964085,563245126
4.846479,52.7344,-104.5898,-104.5898,56,5,4.964085,563245126
4.848491,53.0859,-103.5352,-103.5352,56,5,4.964085,563245126
4.850505,53.4375,-102.3047,-102.3047,56,5,4.964085,563245126
4.852519,53.6133,-101.0742,-101.0742,56,5,4.964085,563245126
4.854460,53.9648,-99.8438,-99.8438,55,5,4.964085,563245126
4.856471,54.3164,-98.4375,-98.4375,55,5,4.964085,563245126
4.858483,54.4922,-97.2070,-97.2070,55,5,4.964085,563245126
4.860494,54.6680,-95.9766,-95.9766,55,5,4.964085,563245126
4.862506,55.0195,-94.5703,-94.5703,55,5,4.964085,563245126
4.864468,55.1953,-93.1641,-93.1641,55,5,4.964085,563245126
4.866480,55.3711,-91.9336,-91.9336,55,5,4.964085,563245126
4.868494,55.5469,-90.3516,-90.3516,55,5,4.964085,563245126
4.870507,55.7227,-88.9453,-88.9453,55,5,4.964085,563245126
4.872538,55.8984,-87.5391,-87.5391,55,5,4.964085,563245126
4.874479,56.0742,-86.1328,-86.1328,55,5,4.964085,563245126
4.876491,56.0742,-84.5508,-84.5508,55,5,4.964085,563245126
4.878505,56.2500,-82.9688,-82.9688,55,5,4.964085,563245126
4.880519,56.4258,-81.3867,-81.3867,55,5,4.964085,563245126
4.882530,56.4258,-79.8047,-79.8047,55,5,4.964085,563245126
4.884456,56.4258,-78.2227,-78.2227,55,5,4.964085,563245126
4.886468,56.4258,-76.6406,-76.6406,55,5,4.964085,563245126
4.888480,56.4258,-74.8828,-74.8828,55,5,4.964085,563245126
4.890494,56.4258,-73.1250,-73.1250,55,5,4.964085,563245126
4.892506,56.4258,-71.3672,-71.3672,55,5,4.964085,563245126
4.894518,56.4258,-69.6094,-69.6094,55,5,4.964085,563245126
4.896460,56.4258,-67.8516,-67.8516,55,5,4.964085,563245126
4.898471,56.2500,-66.0938,-66.0938,55,5,4.964085,563245126
4.900483,56.0742,-64.1602,-64.1602,55,5,4.964085,563245126
4.902494,56.0742,-62.2266,-62.2266,55,5,4.964085,563245126
4.904506,55.7227,-60.2930,-60.2930,55,5,4.964085,563245126
4.906518,55.5469,-58.1836,-58.1836,55,5,4.964085,563245126
4.908530,55.3711,-56.2500,-56.2500,55,5,4.964085,563245126
4.910456,55.0195,-54.1406,-54.1406,55,5,4.964085,563245126
4.912471,54.6680,-52.0312,-52.0312,55,5,4.964085,563245126
4.914483,54.3164,-49.9219,-49.9219,55,5,4.964085,563245126
4.916494,53.9648,-47.6367,-47.6367,55,5,4.964085,563245126
4.918522,53.4375,-45.5273,-45.5273,55,5,4.964085,563245126
4.922151,52.3828,-41.3086,-41.3086,56,5,4.964085,563245126
4.922655,52.2070,-40.6055,-40.6055,56,5,4.964085,563245126
4.924480,51.6797,-38.4961,-38.4961,56,5,4.964085,563245126
4.926468,51.1523,-36.0352,-36.0352,56,5,4.964085,563245126
4.928478,50.4492,-33.3984,-33.3984,56,5,4.964085,563245126
4.930524,49.5703,-30.7617,-30.7617,56,5,4.964085,563245126
4.932511,48.6914,-28.3008,-28.3008,56,5,4.964085,563245126
4.934498,47.8125,-25.6641,-25.6641,56,5,4.964085,563245126
4.936486,46.7578,-22.8516,-22.8516,56,5,4.964085,563245126
4.938477,45.7031,-20.0391,-20.0391,56,5,4.964085,563245126
4.940487,44.4727,-17.0508,-17.0508,57,5,4.964085,563245126
4.942477,43.4180,-14.0625,-14.0625,57,5,4.964085,563245126
4.944466,42.0117,-10.8984,-10.8984,57,5,4.964085,563245126
4.946455,40.6055,-7.7344,-7.7344,57,5,4.964085,563245126
4.948530,39.1992,-4.5703,-4.5703,57,5,4.964085,563245126
4.950520,37.6172,-1.2305,-1.2305,57,5,4.964085,563245126
4.952533,36.0352,2.1094,2.1094,57,5,4.964085,563245126
4.954487,34.6289,5.2734,5.2734,58,5,4.964085,563245126
4.956520,32.8711,8.7891,8.7891,58,5,4.964085,563245126
4.961073,29.1797,16.5234,16.5234,58,5,5.193752,563479817
4.962409,28.3008,18.6328,18.6328,58,5,5.193752,563479817
4.962958,27.7734,19.5117,19.5117,58,5,5.193752,563479817
4.964506,26.7188,21.9727,21.9727,58,5,5.193752,563479817
4.966513,25.3125,25.1367,25.1367,58,5,5.193752,563479817
4.968464,23.9062,28.3008,28.3008,59,5,5.193752,563479817
4.970477,22.6758,31.2891,31.2891,59,5,5.193752,563479817
4.972466,21.4453,34.2773,34.2773,59,5,5.193752,563479817
4.974496,20.2148,37.2656,37.2656,59,5,5.193752,563479817
4.976457,19.1602,40.0781,40.0781,59,5,5.193752,563479817
4.978462,18.2812,42.8906,42.8906,0,5,5.193752,563479817
4.980500,17.2266,45.7031,45.7031,0,5,5.193752,563479817
4.982532,16.3477,48.5156,48.5156,0,5,5.193752,563479817
4.984469,15.6445,50.9766,50.9766,0,5,5.193752,563479817
4.986504,14.7656,53.4375,53.4375,0,5,5.193752,563479817
4.988505,14.2383,55.8984,55.8984,0,5,5.193752,563479817
4.990506,13.5352,58.5352,58.5352,0,5,5.193752,563479817
4.992505,13.0078,60.8203,60.8203,0,5,5.193752,563479817
4.994506,12.4805,63.2812,63.2812,0,5,5.193752,563479817
4.996505,11.9531,65.5664,65.5664,0,5,5.193752,563479817
4.998460,11.4258,67.6758,67.6758,0,5,5.193752,563479817
5.000480,11.0742,69.9609,69.9609,0,5,5.193752,563479817
5.002483,10.7227,72.0703,72.0703,0,5,5.193752,563479817
5.004486,10.3711,74.1797,74.1797,0,5,5.193752,563479817
5.006502,10.0195,76.2891,76.2891,0,5,5.193752,563479817
5.008506,9.8438,78.3984,78.3984,0,5,5.193752,563479817
5.010507,9.4922,80.5078,80.5078,0,5,5.193752,563479817
5.012494,9.3164,82.4414,82.4414,0,5,5.193752,563479817
5.014498,9.1406,84.3750,84.3750,0,5,5.193752,563479817
5.016500,8.9648,86.3086,86.3086,0,5,5.193752,563479817
5.018505,8.7891,88.2422,88.2422,0,5,5.193752,563479817
5.022613,8.6133,91.9336,91.9336,0,5,5.193752,563479817
5.023163,8.4375,92.4609,92.4609,0,5,5.193752,563479817
5.024486,8.4375,93.6914,93.6914,0,5,5.193752,563479817
5.026533,8.4375,95.4492,95.4492,59,5,5.193752,563479817
5.028537,8.2617,97.2070,97.2070,59,5,5.193752,563479817
5.030456,8.2617,98.7891,98.7891,59,5,5.193752,563479817
5.032460,8.2617,100.5469,100.5469,59,5,5.193752,563479817
5.034464,8.2617,102.1289,102.1289,59,5,5.193752,563479817
5.036468,8.2617,103.7109,103.7109,59,5,5.193752,563479817
5.038471,8.2617,105.4688,105.4688,59,5,5.193752,563479817
5.040477,8.2617,107.0508,107.0508,59,5,5.193752,563479817
5.042479,8.2617,108.4570,108.4570,0,5,5.193752,563479817
5.044483,8.2617,110.0391,110.0391,0,5,5.193752,563479817
5.046486,8.4375,111.4453,111.4453,0,5,5.193752,563479817
5.048506,8.4375,113.0273,113.0273,59,5,5.193752,563479817
5.050508,8.4375,114.4336,114.4336,59,5,5.193752,563479817
5.052510,8.6133,116.0156,116.0156,59,5,5.193752,563479817
5.054515,8.6133,117.2461,117.2461,59,5,5.193752,563479817
5.056518,8.7891,118.6523,118.6523,59,5,5.193752,563479817
5.058525,8.7891,120.0586,120.0586,59,5,5.193752,563479817
5.060530,8.9648,121.2891,121.2891,59,5,5.193752,563479817
5.062533,8.9648,122.6953,122.6953,59,5,5.193752,563479817
5.064534,9.1406,123.9258,123.9258,0,5,5.193752,563479817
5.066537,9.3164,125.1562,125.1562,0,5,5.193752,563479817
5.068484,9.3164,126.3867,126.3867,59,5,5.193752,563479817
5.070472,9.4922,127.6172,127.6172,59,5,5.193752,563479817
5.072477,9.4922,128.8477,128.8477,59,5,5.193752,563479817
5.074483,9.6680,129.9023,129.9023,59,5,5.193752,563479817
5.076510,9.6680,131.1328,131.1328,59,5,5.193752,563479817
5.078516,9.8438,132.1875,132.1875,59,5,5.193752,563479817
5.080522,10.0195,133.2422,133.2422,59,5,5.193752,563479817
5.082525,10.0195,134.2969,134.2969,59,5,5.193752,563479817
5.084530,10.1953,135.3516,135.3516,59,5,5.193752,563479817
5.086491,10.1953,136.4062,136.4062,59,5,5.193752,563479817
5.088518,10.3711,137.2852,137.2852,59,5,5.193752,563479817
5.090469,10.3711,138.3398,138.3398,59,5,5.193752,563479817
5.092494,10.3711,139.2188,139.2188,59,5,5.193752,563479817
5.094518,10.5469,140.2734,140.2734,59,5,5.193752,563479817
5.096456,10.5469,140.9766,140.9766,59,5,5.193752,563479817
5.098480,10.5469,142.0312,142.0312,59,5,5.193752,563479817
5.100505,10.7227,142.7344,142.7344,59,5,5.193752,563479817
5.102530,10.7227,143.6133,143.6133,59,5,5.193752,563479817
5.104468,10.7227,144.3164,144.3164,59,5,5.193752,563479817
5.106525,10.7227,145.1953,145.1953,59,5,5.193752,563479817
5.108468,10.7227,145.8984,145.8984,59,5,5.193752,563479817
5.110494,10.7227,146.4258,146.4258,59,5,5.193752,563479817
5.112533,10.7227,147.1289,147.1289,59,5,5.193752,563479817
5.114470,10.7227,147.8320,147.8320,59,5,5.193752,563479817
5.116494,10.7227,148.5352,148.5352,59,5,5.193752,563479817
5.118518,10.7227,149.0625,149.0625,59,5,5.193752,563479817
5.122184,10.5469,150.1172,150.1172,59,5,5.193752,563479817
5.122701,10.5469,150.2930,150.2930,59,5,5.193752,563479817
5.124487,10.5469,150.6445,150.6445,59,5,5.193752,563479817
5.126509,10.3711,151.1719,151.1719,59,5,5.193752,563479817
5.128533,10.3711,151.6992,151.6992,59,5,5.193752,563479817
5.130470,10.1953,152.0508,152.0508,59,5,5.193752,563479817
5.132494,10.0195,152.5781,152.5781,59,5,5.193752,563479817
5.134455,9.8438,152.9297,152.9297,59,5,5.193752,563479817
5.136479,9.6680,153.2812,153.2812,59,5,5.193752,563479817
5.138505,9.4922,153.4570,153.4570,59,5,5.193752,563479817
5.140530,9.3164,153.8086,153.8086,59,5,5.193752,563479817
5.142468,9.1406,154.1602,154.1602,59,5,5.193752,563479817
5.144494,8.9648,154.3359,154.3359,59,5,5.193752,563479817
5.146518,8.6133,154.5117,154.5117,59,5,5.193752,563479817
5.148455,8.4375,154.6875,154.6875,59,5,5.193752,563479817
5.150479,8.2617,154.8633,154.8633,59,5,5.193752,563479817
5.152505,7.9102,155.0391,155.0391,59,5,5.193752,563479817
5.154457,7.7344,155.0391,155.0391,59,5,5.193752,563479817
5.156483,7.3828,155.2148,155.2148,59,5,5.193752,563479817
5.158506,7.0312,155.2148,155.2148,59,5,5.193752,563479817
5.160530,6.6797,155.2148,155.2148,59,5,5.193752,563479817
5.162468,6.3281,155.2148,155.2148,59,5,5.193752,563479817
5.164494,5.9766,155.2148,155.2148,59,5,5.193752,563479817
5.166518,5.6250,155.0391,155.0391,59,5,5.193752,563479817
5.168456,5.2734,155.0391,155.0391,59,5,5.193752,563479817
5.170520,4.9219,154.8633,154.8633,59,5,5.193752,563479817
5.172460,4.3945,154.6875,154.6875,59,5,5.193752,563479817
5.174493,4.0430,154.5117,154.5117,59,5,5.193752,563479817
5.176538,3.5156,154.3359,154.3359,59,5,5.193752,563479817
5.178477,3.1641,154.1602,154.1602,59,5,5.193752,563479817
5.180502,2.6367,153.8086,153.8086,59,5,5.193752,563479817
5.182518,2.2852,153.4570,153.4570,59,5,5.193752,563479817
5.184529,1.7578,153.2812,153.2812,59,5,5.193752,563479817
5.186530,1.2305,152.9297,152.9297,59,5,5.193752,563479817
5.188468,0.7031,152.5781,152.5781,59,5,5.193752,563479817
5.190548,0.1758,152.0508,152.0508,59,5,5.193752,563479817
5.195603,-1.2305,150.8203,150.8203,59,5,5.429624,563712335
5.197050,-1.5820,150.4688,150.4688,-59,5,5.429624,563712335
5.197706,-1.5820,150.4688,150.4688,-59,5,5.429624,563712335
5.198521,-1.9336,150.1172,150.1172,-59,5,5.429624,563712335
5.200519,-2.4609,149.5898,149.5898,-59,5,5.429624,563712335
5.202538,-2.9883,149.0625,149.0625,-59,5,5.429624,563712335
5.204472,-3.5156,148.5352,148.5352,-59,5,5.429624,563712335
5.206837,-4.2188,147.8320,147.8320,-59,5,5.429624,563712335
5.208494,-4.5703,147.3047,147.3047,-59,5,5.429624,563712335
5.210508,-5.0977,146.7773,146.7773,-59,5,5.429624,563712335
5.212518,-5.6250,146.2500,146.2500,-59,5,5.429624,563712335
5.214456,-6.1523,145.5469,145.5469,-59,5,5.429624,563712335
5.216502,-6.6797,144.8438,144.8438,-59,5,5.429624,563712335
5.218514,-7.2070,144.1406,144.1406,-59,5,5.429624,563712335
5.222733,-8.2617,142.7344,142.7344,-59,5,5.429624,563712335
5.223317,-8.4375,142.5586,142.5586,-59,5,5.429624,563712335
5.224491,-8.6133,142.0312,142.0312,-59,5,5.429624,563712335
5.226518,-9.1406,141.3281,141.3281,-59,5,5.429624,563712335
5.228456,-9.6680,140.6250,140.6250,-59,5,5.429624,563712335
5.230487,-10.0195,139.7461,139.7461,-59,5,5.429624,563712335
5.232509,-10.5469,139.0430,139.0430,-59,5,5.429624,563712335
5.234533,-11.0742,138.1641,138.1641,-59,5,5.429624,563712335
5.236470,-11.4258,137.2852,137.2852,-59,5,5.429624,563712335
5.238494,-11.9531,136.4062,136.4062,-59,5,5.429624,563712335
5.240455,-12.3047,135.7031,135.7031,-59,5,5.429624,563712335
5.242479,-12.8320,134.6484,134.6484,-59,5,5.429624,563712335
5.244524,-13.1836,133.7695,133.7695,-59,5,5.429624,563712335
5.246530,-13.5352,132.8906,132.8906,-59,5,5.429624,563712335
5.248533,-14.0625,131.8359,131.8359,-59,5,5.429624,563712335
5.250538,-14.4141,130.9570,130.9570,-59,5,5.429624,563712335
5.252456,-14.7656,130.0781,130.0781,-59,5,5.429624,563712335
5.254460,-15.2930,129.0234,129.0234,-59,5,5.429624,563712335
5.256464,-15.6445,127.9688,127.9688,-59,5,5.429624,563712335
5.258468,-15.9961,126.9141,126.9141,-59,5,5.429624,563712335
5.260471,-16.3477,125.8594,125.8594,-59,5,5.429624,563712335
5.262491,-16.6992,124.8047,124.8047,-59,5,5.429624,563712335
5.264494,-17.0508,123.7500,123.7500,-59,5,5.429624,563712335
5.266498,-17.4023,122.5195,122.5195,-59,5,5.429624,563712335
5.268502,-17.5781,121.4648,121.4648,-59,5,5.429624,563712335
5.270506,-17.9297,120.2344,120.2344,-59,5,5.429624,563712335
5.272509,-18.2812,119.0039,119.0039,-59,5,5.429624,563712335
5.274487,-18.4570,117.7734,117.7734,-59,5,5.429624,563712335
5.276494,-18.8086,116.7188,116.7188,-59,5,5.429624,563712335
5.278537,-18.9844,115.3125,115.3125,-59,5,5.429624,563712335
5.280456,-19.1602,114.0820,114.0820,-59,5,5.429624,563712335
5.282460,-19.5117,112.8516,112.8516,-59,5,5.429624,563712335
5.284479,-19.6875,111.4453,111.4453,-59,5,5.429624,563712335
5.286483,-19.8633,110.2148,110.2148,-59,5,5.429624,563712335
5.288487,-20.0391,108.8086,108.8086,-59,5,5.429624,563712335
5.290491,-20.2148,107.4023,107.4023,-59,5,5.429624,563712335
5.292494,-20.3906,105.9961,105.9961,-59,5,5.429624,563712335
5.294498,-20.5664,104.4141,104.4141,-59,5,5.429624,563712335
5.296502,-20.7422,103.0078,103.0078,-59,5,5.429624,563712335
5.298506,-20.9180,101.6016,101.6016,-59,5,5.429624,563712335
5.300508,-20.9180,100.0195,100.0195,-59,5,5.429624,563712335
5.302510,-21.0938,98.4375,98.4375,-59,5,5.429624,563712335
5.304530,-21.0938,96.8555,96.8555,-59,5,5.429624,563712335
5.306533,-21.0938,95.2734,95.2734,-59,5,5.429624,563712335
5.308538,-21.0938,93.6914,93.6914,-59,5,5.429624,563712335
5.310456,-21.0938,92.1094,92.1094,-59,5,5.429624,563712335
5.312483,-21.0938,90.3516,90.3516,-59,5,5.429624,563712335
5.314487,-21.0938,88.5938,88.5938,-59,5,5.429624,563712335
5.316491,-21.0938,86.8359,86.8359,-59,5,5.429624,563712335
5.318494,-20.9180,85.0781,85.0781,-59,5,5.429624,563712335
5.322171,-20.7422,81.7383,81.7383,-59,5,5.429624,563712335
5.322676,-20.7422,81.2109,81.2109,-59,5,5.429624,563712335
5.324456,-20.5664,79.6289,79.6289,-59,5,5.429624,563712335
5.326460,-20.3906,77.6953,77.6953,-59,5,5.429624,563712335
5.328464,-20.2148,75.7617,75.7617,-59,5,5.429624,563712335
5.330468,-19.8633,73.8281,73.8281,-59,5,5.429624,563712335
5.332471,-19.6875,71.7188,71.7188,-59,5,5.429624,563712335
5.334477,-19.3359,69.6094,69.6094,-59,5,5.429624,563712335
5.336480,-18.9844,67.5000,67.5000,-59,5,5.429624,563712335
5.338483,-18.4570,65.3906,65.3906,-59,5,5.429624,563712335
5.340487,-18.1055,63.2812,63.2812,-59,5,5.429624,563712335
5.342491,-17.5781,60.9961,60.9961,-59,5,5.429624,563712335
5.344494,-17.0508,58.7109,58.7109,-59,5,5.429624,563712335
5.346515,-16.5234,56.2500,56.2500,-59,5,5.429624,563712335
5.348518,-15.8203,53.9648,53.9648,-59,5,5.429624,563712335
5.350525,-15.1172,51.5039,51.5039,-59,5,5.429624,563712335
5.352530,-14.4141,48.8672,48.8672,-59,5,5.429624,563712335
5.354533,-13.5352,46.4062,46.4062,-59,5,5.429624,563712335
5.356538,-12.8320,43.7695,43.7695,-59,5,5.429624,563712335
5.358532,-11.7773,41.1328,41.1328,-59,5,5.429624,563712335
5.360522,-10.7227,38.3203,38.3203,-59,5,5.429624,563712335
5.362508,-9.6680,35.5078,35.5078,-59,5,5.429624,563712335
5.364494,-8.6133,32.6953,32.6953,-59,5,5.429624,563712335
5.366498,-7.2070,29.7070,29.7070,-59,5,5.429624,563712335
5.368486,-5.9766,26.5430,26.5430,-59,5,5.429624,563712335
5.370473,-4.5703,23.5547,23.5547,-59,5,5.429624,563712335
5.372460,-2.9883,20.3906,20.3906,-59,5,5.429624,563712335
5.374533,-1.5820,17.0508,17.0508,-59,5,5.429624,563712335
5.376469,0.0000,13.7109,13.7109,-59,5,5.429624,563712335
5.378456,1.7578,10.5469,10.5469,-60,5,5.429624,563712335
5.380530,3.3398,7.0312,7.0312,-59,5,5.429624,563712335
5.382530,5.0977,3.6914,3.6914,-59,5,5.429624,563712335
5.384518,6.8555,0.3516,0.3516,-59,5,5.429624,563712335
5.386522,8.4375,-2.9883,-2.9883,-59,5,5.429624,563712335
5.388508,10.0195,-6.3281,-6.3281,-59,5,5.429624,563712335
5.390498,11.4258,-9.4922,-9.4922,-59,5,5.429624,563712335
5.392486,12.8320,-12.6562,-12.6562,-59,5,5.429624,563712335
5.394477,14.2383,-15.6445,-15.6445,-59,5,5.429624,563712335
5.396464,15.4688,-18.6328,-18.6328,-59,5,5.429624,563712335
5.398538,16.8750,-21.7969,-21.7969,-59,5,5.429624,563712335
5.400526,18.1055,-24.6094,-24.6094,-59,5,5.429624,563712335
5.402515,19.1602,-27.4219,-27.4219,-59,5,5.429624,563712335
5.404502,20.2148,-30.2344,-30.2344,-59,5,5.429624,563712335
5.406491,21.0938,-32.8711,-32.8711,-59,5,5.429624,563712335
5.408494,21.9727,-35.5078,-35.5078,-59,5,5.429624,563712335
5.410483,22.8516,-38.1445,-38.1445,-59,5,5.429624,563712335
5.412477,23.7305,-40.6055,-40.6055,-59,5,5.429624,563712335
5.414472,24.4336,-43.0664,-43.0664,-59,5,5.429624,563712335
5.416483,25.1367,-45.5273,-45.5273,-59,5,5.429624,563712335
5.418510,25.6641,-47.9883,-47.9883,0,5,5.429624,563712335
5.422260,26.7188,-52.3828,-52.3828,0,5,5.429624,563712335
5.423695,27.0703,-53.9648,-53.9648,0,5,5.429624,563712335
5.424487,27.2461,-54.8438,-54.8438,0,5,5.429624,563712335
5.428520,28.3008,-59.2383,-59.2383,0,5,5.669385,563947050
5.429863,28.4766,-60.6445,-60.6445,-58,5,5.669385,563947050
5.430492,28.6523,-61.3477,-61.3477,-58,5,5.669385,563947050
5.432474,29.0039,-63.4570,-63.4570,-58,5,5.669385,563947050
5.434530,29.3555,-65.5664,-65.5664,-58,5,5.669385,563947050
5.436458,29.7070,-67.3242,-67.3242,-58,5,5.669385,563947050
5.438477,30.0586,-69.4336,-69.4336,-58,5,5.669385,563947050
5.440512,30.2344,-71.3672,-71.3672,-58,5,5.669385,563947050
5.442459,30.4102,-73.3008,-73.3008,-58,5,5.669385,563947050
5.444538,30.7617,-75.2344,-75.2344,0,5,5.669385,563947050
5.446468,30.9375,-76.9922,-76.9922,0,5,5.669385,563947050
5.448480,31.1133,-78.7500,-78.7500,0,5,5.669385,563947050
5.450507,31.2891,-80.6836,-80.6836,0,5,5.669385,563947050
5.452474,31.4648,-82.4414,-82.4414,-58,5,5.669385,563947050
5.454480,31.4648,-84.1992,-84.1992,-58,5,5.669385,563947050
5.456491,31.6406,-85.9570,-85.9570,-58,5,5.669385,563947050
5.458505,31.8164,-87.5391,-87.5391,-58,5,5.669385,563947050
5.460519,31.8164,-89.2969,-89.2969,-58,5,5.669385,563947050
5.462530,31.9922,-90.8789,-90.8789,-58,5,5.669385,563947050
5.464456,31.9922,-92.4609,-92.4609,-58,5,5.669385,563947050
5.466468,32.1680,-94.0430,-94.0430,-58,5,5.669385,563947050
5.468480,32.1680,-95.6250,-95.6250,-58,5,5.669385,563947050
5.470494,32.1680,-97.0312,-97.0312,-58,5,5.669385,563947050
5.472506,32.1680,-98.6133,-98.6133,-58,5,5.669385,563947050
5.474533,32.1680,-100.1953,-100.1953,-58,5,5.669385,563947050
5.476460,32.1680,-101.6016,-101.6016,-58,5,5.669385,563947050
5.478512,32.3438,-103.0078,-103.0078,-58,5,5.669385,563947050
5.480471,32.3438,-104.4141,-104.4141,-58,5,5.669385,563947050
5.482508,32.3438,-105.8203,-105.8203,-58,5,5.669385,563947050
5.484522,32.3438,-107.2266,-107.2266,-58,5,5.669385,563947050
5.486532,32.3438,-108.6328,-108.6328,-58,5,5.669385,563947050
5.488460,32.3438,-109.8633,-109.8633,-58,5,5.669385,563947050
5.490471,32.3438,-111.0938,-111.0938,-58,5,5.669385,563947050
5.492483,32.3438,-112.3242,-112.3242,-58,5,5.669385,563947050
5.494494,32.3438,-113.5547,-113.5547,-58,5,5.669385,563947050
5.496522,32.3438,-114.9609,-114.9609,-58,5,5.669385,563947050
5.498533,32.3438,-116.0156,-116.0156,-58,5,5.669385,563947050
5.500460,32.3438,-117.2461,-117.2461,-58,5,5.669385,563947050
5.502471,32.3438,-118.4766,-118.4766,-58,5,5.669385,563947050
5.504483,32.3438,-119.5312,-119.5312,-58,5,5.669385,563947050
5.506494,32.3438,-120.5859,-120.5859,-58,5,5.669385,563947050
5.508506,32.3438,-121.6406,-121.6406,-58,5,5.669385,563947050
5.510518,32.3438,-122.6953,-122.6953,-58,5,5.669385,563947050
5.512491,32.3438,-123.7500,-123.7500,-58,5,5.669385,563947050
5.514534,32.3438,-124.8047,-124.8047,-58,5,5.669385,563947050
5.516522,32.3438,-125.8594,-125.8594,-58,5,5.669385,563947050
5.518534,32.3438,-126.7383,-126.7383,-58,5,5.669385,563947050
5.522862,32.3438,-128.6719,-128.6719,-58,5,5.669385,563947050
5.523447,32.3438,-129.0234,-129.0234,-58,5,5.669385,563947050
5.524538,32.3438,-129.3750,-129.3750,-58,5,5.669385,563947050
5.526463,32.3438,-130.4297,-130.4297,-58,5,5.669385,563947050
5.528477,32.5195,-131.1328,-131.1328,-58,5,5.669385,563947050
5.530491,32.5195,-132.0117,-132.0117,-58,5,5.669385,563947050
5.532505,32.6953,-132.7148,-132.7148,-58,5,5.669385,563947050
5.534518,32.6953,-133.5938,-133.5938,-58,5,5.669385,563947050
5.536460,32.8711,-134.2969,-134.2969,-58,5,5.669385,563947050
5.538495,32.8711,-135.0000,-135.0000,-58,5,5.669385,563947050
5.540491,33.0469,-135.7031,-135.7031,-58,5,5.669385,563947050
5.542537,33.0469,-136.4062,-136.4062,-58,5,5.669385,563947050
5.544486,33.2227,-136.9336,-136.9336,-58,5,5.669385,563947050
5.546530,33.3984,-137.6367,-137.6367,-58,5,5.669385,563947050
5.548477,33.5742,-138.1641,-138.1641,-58,5,5.669385,563947050
5.550506,33.7500,-138.8672,-138.8672,-58,5,5.669385,563947050
5.552538,33.9258,-139.3945,-139.3945,-58,5,5.669385,563947050
5.554480,34.1016,-139.7461,-139.7461,-58,5,5.669385,563947050
5.556510,34.2773,-140.2734,-140.2734,-58,5,5.669385,563947050
5.558468,34.4531,-140.8008,-140.8008,-58,5,5.669385,563947050
5.560500,34.6289,-141.1523,-141.1523,-58,5,5.669385,563947050
5.562530,34.9805,-141.6797,-141.6797,-58,5,5.669385,563947050
5.564477,35.1562,-142.0312,-142.0312,-58,5,5.669385,563947050
5.566506,35.3320,-142.3828,-142.3828,-58,5,5.669385,563947050
5.568538,35.6836,-142.7344,-142.7344,-58,5,5.669385,563947050
5.570479,36.0352,-143.0859,-143.0859,-58,5,5.669385,563947050
5.572510,36.2109,-143.2617,-143.2617,-58,5,5.669385,563947050
5.574538,36.5625,-143.4375,-143.4375,-58,5,5.669385,563947050
5.576486,36.9141,-143.7891,-143.7891,-58,5,5.669385,563947050
5.578515,37.2656,-143.9648,-143.9648,-58,5,5.669385,563947050
5.580507,37.6172,-144.1406,-144.1406,-57,5,5.669385,563947050
5.582543,37.9688,-144.3164,-144.3164,-57,5,5.669385,563947050
5.584521,38.3203,-144.4922,-144.4922,-57,5,5.669385,563947050
5.586463,38.6719,-144.4922,-144.4922,-57,5,5.669385,563947050
5.588494,39.1992,-144.6680,-144.6680,-57,5,5.669385,563947050
5.590525,39.5508,-144.6680,-144.6680,-57,5,5.669385,563947050
5.592470,40.0781,-144.6680,-144.6680,-57,5,5.669385,563947050
5.594498,40.4297,-144.6680,-144.6680,-57,5,5.669385,563947050
5.596530,40.9570,-144.6680,-144.6680,-57,5,5.669385,563947050
5.598471,41.3086,-144.4922,-144.4922,-57,5,5.669385,563947050
5.600502,41.8359,-144.4922,-144.4922,-57,5,5.669385,563947050
5.602460,42.3633,-144.3164,-144.3164,-57,5,5.669385,563947050
5.604494,42.8906,-144.1406,-144.1406,-57,5,5.669385,563947050
5.606521,43.4180,-143.9648,-143.9648,-57,5,5.669385,563947050
5.608468,43.9453,-143.7891,-143.7891,-57,5,5.669385,563947050
5.610498,44.4727,-143.6133,-143.6133,-57,5,5.669385,563947050
5.612468,45.0000,-143.2617,-143.2617,-57,5,5.669385,563947050
5.614498,45.5273,-143.0859,-143.0859,-57,5,5.669385,563947050
5.616530,46.2305,-142.7344,-142.7344,-57,5,5.669385,563947050
5.618471,46.7578,-142.3828,-142.3828,-56,5,5.669385,563947050
5.622180,47.8125,-141.8555,-141.8555,-56,5,5.669385,563947050
5.622719,47.9883,-141.6797,-141.6797,56,5,5.669385,563947050
5.624522,48.5156,-141.3281,-141.3281,56,5,5.669385,563947050
5.626471,49.2188,-140.9766,-140.9766,56,5,5.669385,563947050
5.628506,49.7461,-140.4492,-140.4492,56,5,5.669385,563947050
5.630456,50.4492,-139.9219,-139.9219,56,5,5.669385,563947050
5.632494,50.9766,-139.5703,-139.5703,56,5,5.669385,563947050
5.634530,51.5039,-139.0430,-139.0430,56,5,5.669385,563947050
5.636480,52.2070,-138.5156,-138.5156,56,5,5.669385,563947050
5.638518,52.7344,-138.1641,-138.1641,56,5,5.669385,563947050
5.640468,53.2617,-137.6367,-137.6367,56,5,5.669385,563947050
5.642533,53.9648,-136.9336,-136.9336,56,5,5.669385,563947050
5.644533,54.4922,-136.4062,-136.4062,55,5,5.669385,563947050
5.646456,55.0195,-136.0547,-136.0547,55,5,5.669385,563947050
5.648494,55.7227,-135.3516,-135.3516,55,5,5.669385,563947050
5.650530,56.2500,-134.8242,-134.8242,55,5,5.669385,563947050
5.652463,56.7773,-134.1211,-134.1211,55,5,5.669385,563947050
5.654477,57.4805,-133.5938,-133.5938,55,5,5.669385,563947050
5.656524,57.8320,-132.8906,-132.8906,55,5,5.669385,563947050
5.658493,58.5352,-132.1875,-132.1875,55,5,5.669385,563947050
5.663343,59.7656,-130.6055,-130.6055,55,5,5.926204,564185182
5.664525,60.1172,-130.0781,-130.0781,55,5,5.926204,564185182
5.665153,60.2930,-129.9023,-129.9023,55,5,5.926204,564185182
5.666481,60.6445,-129.3750,-129.3750,55,5,5.926204,564185182
5.668537,61.1719,-128.6719,-128.6719,54,5,5.926204,564185182
5.670502,61.6992,-127.9688,-127.9688,54,5,5.926204,564185182
5.672515,62.2266,-127.0898,-127.0898,54,5,5.926204,564185182
5.674525,62.5781,-126.3867,-126.3867,54,5,5.926204,564185182
5.676486,63.1055,-125.5078,-125.5078,54,5,5.926204,564185182
5.678519,63.6328,-124.8047,-124.8047,54,5,5.926204,564185182
5.680541,64.1602,-123.7500,-123.7500,54,5,5.926204,564185182
5.682520,64.5117,-123.0469,-123.0469,54,5,5.926204,564185182
5.684493,65.0391,-122.1680,-122.1680,54,5,5.926204,564185182
5.686494,65.5664,-121.2891,-121.2891,54,5,5.926204,564185182
5.688506,65.9180,-120.2344,-120.2344,54,5,5.926204,564185182
5.690497,66.4453,-119.3555,-119.3555,54,5,5.926204,564185182
5.692534,66.7969,-118.4766,-118.4766,54,5,5.926204,564185182
5.694460,67.3242,-117.4219,-117.4219,53,5,5.926204,564185182
5.696471,67.6758,-116.5430,-116.5430,53,5,5.926204,564185182
5.698483,68.2031,-115.4883,-115.4883,53,5,5.926204,564185182
5.700494,68.5547,-114.4336,-114.4336,53,5,5.926204,564185182
5.702506,68.9062,-113.3789,-113.3789,53,5,5.926204,564185182
5.704518,69.4336,-112.3242,-112.3242,53,5,5.926204,564185182
5.706460,69.6094,-111.2695,-111.2695,53,5,5.926204,564185182
5.708471,70.1367,-110.2148,-110.2148,53,5,5.926204,564185182
5.710483,70.4883,-108.9844,-108.9844,53,5,5.926204,564185182
5.712480,70.8398,-107.9297,-107.9297,53,5,5.926204,564185182
5.714494,71.1914,-106.6992,-106.6992,53,5,5.926204,564185182
5.716506,71.5430,-105.4688,-105.4688,53,5,5.926204,564185182
5.718518,71.7188,-104.2383,-104.2383,53,5,5.926204,564185182
5.722646,72.4219,-101.6016,-101.6016,53,5,5.926204,564185182
5.723196,72.4219,-101.2500,-101.2500,53,5,5.926204,564185182
5.724455,72.5977,-100.5469,-100.5469,53,5,5.926204,564185182
5.726468,72.9492,-99.1406,-99.1406,53,5,5.926204,564185182
5.728505,73.1250,-97.7344,-97.7344,52,5,5.926204,564185182
5.730518,73.4766,-96.5039,-96.5039,52,5,5.926204,564185182
5.732530,73.6523,-95.0977,-95.0977,52,5,5.926204,564185182
5.734456,73.8281,-93.6914,-93.6914,52,5,5.926204,564185182
5.736468,74.0039,-92.2852,-92.2852,52,5,5.926204,564185182
5.738479,74.1797,-90.8789,-90.8789,52,5,5.926204,564185182
5.740491,74.3555,-89.2969,-89.2969,52,5,5.926204,564185182
5.742505,74.5312,-87.8906,-87.8906,52,5,5.926204,564185182
5.744518,74.7070,-86.3086,-86.3086,52,5,5.926204,564185182
5.746530,74.8828,-84.7266,-84.7266,52,5,5.926204,564185182
5.748469,74.8828,-83.3203,-83.3203,52,5,5.926204,564185182
5.750480,75.0586,-81.5625,-81.5625,52,5,5.926204,564185182
5.752494,75.0586,-79.9805,-79.9805,52,5,5.926204,564185182
5.754506,75.0586,-78.3984,-78.3984,52,5,5.926204,564185182
5.756518,75.0586,-76.6406,-76.6406,52,5,5.926204,564185182
5.758530,75.0586,-74.8828,-74.8828,52,5,5.926204,564185182
5.760456,75.0586,-73.1250,-73.1250,52,5,5.926204,564185182
5.762468,75.0586,-71.3672,-71.3672,52,5,5.926204,564185182
5.764479,75.0586,-69.6094,-69.6094,52,5,5.926204,564185182
5.766491,75.0586,-67.8516,-67.8516,52,5,5.926204,564185182
5.768505,74.8828,-65.9180,-65.9180,52,5,5.926204,564185182
5.770533,74.7070,-63.9844,-63.9844,52,5,5.926204,564185182
5.772460,74.5312,-62.0508,-62.0508,52,5,5.926204,564185182
5.774471,74.3555,-60.1172,-60.1172,52,5,5.926204,564185182
5.776483,74.1797,-58.0078,-58.0078,52,5,5.926204,564185182
5.778494,73.8281,-55.8984,-55.8984,52,5,5.926204,564185182
5.780506,73.6523,-53.7891,-53.7891,52,5,5.926204,564185182
5.782518,73.1250,-51.6797,-51.6797,52,5,5.926204,564185182
5.784530,72.9492,-49.5703,-49.5703,52,5,5.926204,564185182
5.786508,72.4219,-47.2852,-47.2852,52,5,5.926204,564185182
5.788522,71.8945,-45.0000,-45.0000,53,5,5.926204,564185182
5.790487,71.5430,-42.7148,-42.7148,53,5,5.926204,564185182
5.792508,70.8398,-40.2539,-40.2539,53,5,5.926204,564185182
5.794498,70.1367,-37.7930,-37.7930,53,5,5.926204,564185182
5.796486,69.6094,-35.3320,-35.3320,53,5,5.926204,564185182
5.798473,68.7305,-32.8711,-32.8711,53,5,5.926204,564185182
5.800460,68.0273,-30.2344,-30.2344,53,5,5.926204,564185182
5.802533,67.1484,-27.4219,-27.4219,53,5,5.926204,564185182
5.804522,66.0938,-24.6094,-24.6094,53,5,5.926204,564185182
5.806508,65.2148,-21.7969,-21.7969,54,5,5.926204,564185182
5.808494,63.9844,-18.9844,-18.9844,54,5,5.926204,564185182
5.810483,62.9297,-15.9961,-15.9961,54,5,5.926204,564185182
5.812491,61.6992,-13.0078,-13.0078,54,5,5.926204,564185182
5.814479,60.2930,-9.8438,-9.8438,54,5,5.926204,564185182
5.816468,58.8867,-6.6797,-6.6797,55,5,5.926204,564185182
5.818456,57.4805,-3.5156,-3.5156,55,5,5.926204,564185182
5.822164,54.6680,2.8125,2.8125,55,5,5.926204,564185182
5.822633,54.3164,3.5156,3.5156,55,5,5.926204,564185182
5.824471,52.7344,6.6797,6.6797,55,5,5.926204,564185182
5.826460,51.1523,10.0195,10.0195,56,5,5.926204,564185182
5.828533,49.5703,13.5352,13.5352,56,5,5.926204,564185182
5.830522,47.9883,16.8750,16.8750,56,5,5.926204,564185182
5.832533,46.4062,20.0391,20.0391,56,5,5.926204,564185182
5.834522,45.0000,23.3789,23.3789,56,5,5.926204,564185182
5.836508,43.5938,26.5430,26.5430,57,5,5.926204,564185182
5.838495,42.3633,29.5312,29.5312,57,5,5.926204,564185182
5.840483,41.1328,32.6953,32.6953,57,5,5.926204,564185182
5.842470,39.9023,35.5078,35.5078,57,5,5.926204,564185182
5.844460,38.8477,38.4961,38.4961,57,5,5.926204,564185182
5.846533,37.7930,41.4844,41.4844,57,5,5.926204,564185182
5.848521,36.7383,44.2969,44.2969,57,5,5.926204,564185182
5.850507,35.8594,47.1094,47.1094,58,5,5.926204,564185182
5.852515,34.9805,49.5703,49.5703,58,5,5.926204,564185182
5.854538,34.2773,52.3828,52.3828,0,5,5.926204,564185182
5.856455,33.5742,54.6680,54.6680,0,5,5.926204,564185182
5.858460,32.8711,57.3047,57.3047,0,5,5.926204,564185182
5.860461,32.1680,59.7656,59.7656,0,5,5.926204,564185182
5.862463,31.6406,62.0508,62.0508,0,5,5.926204,564185182
5.864466,31.1133,64.5117,64.5117,0,5,5.926204,564185182
5.866468,30.7617,66.7969,66.7969,0,5,5.926204,564185182
5.868469,30.2344,69.0820,69.0820,0,5,5.926204,564185182
5.870471,29.8828,71.1914,71.1914,0,5,5.926204,564185182
5.872472,29.5312,73.4766,73.4766,0,5,5.926204,564185182
5.874477,29.1797,75.5859,75.5859,0,5,5.926204,564185182
5.876494,28.8281,77.6953,77.6953,0,5,5.926204,564185182
5.878498,28.6523,79.8047,79.8047,0,5,5.926204,564185182
5.880500,28.3008,81.9141,81.9141,0,5,5.926204,564185182
5.882505,28.1250,83.8477,83.8477,0,5,5.926204,564185182
5.884506,27.9492,85.7812,85.7812,0,5,5.926204,564185182
5.886507,27.7734,87.7148,87.7148,0,5,5.926204,564185182
5.888469,27.5977,89.6484,89.6484,0,5,5.926204,564185182
5.890534,27.5977,91.5820,91.5820,0,5,5.926204,564185182
5.892455,27.4219,93.3398,93.3398,0,5,5.926204,564185182
5.894475,27.4219,95.0977,95.0977,0,5,5.926204,564185182
5.896460,27.4219,96.8555,96.8555,0,5,5.926204,564185182
5.901136,27.2461,101.0742,101.0742,58,5,6.163111,564446843
5.902376,27.2461,101.9531,101.9531,0,5,6.163111,564446843
5.902935,27.2461,102.4805,102.4805,0,5,6.163111,564446843
5.904533,27.2461,103.7109,103.7109,0,5,6.163111,564446843
5.906487,27.2461,105.4688,105.4688,0,5,6.163111,564446843
5.908506,27.2461,107.0508,107.0508,0,5,6.163111,564446843
5.910507,27.4219,108.6328,108.6328,0,5,6.163111,564446843
5.912476,27.4219,110.0391,110.0391,0,5,6.163111,564446843
5.914479,27.4219,111.7969,111.7969,0,5,6.163111,564446843
5.916514,27.5977,113.2031,113.2031,0,5,6.163111,564446843
5.918465,27.5977,114.7852,114.7852,58,5,6.163111,564446843
5.922590,27.9492,117.7734,117.7734,58,5,6.163111,564446843
5.923138,27.9492,118.1250,118.1250,58,5,6.163111,564446843
5.924462,27.9492,119.0039,119.0039,58,5,6.163111,564446843
5.926466,28.1250,120.4102,120.4102,58,5,6.163111,564446843
5.928496,28.3008,121.8164,121.8164,58,5,6.163111,564446843
5.930506,28.4766,123.2227,123.2227,58,5,6.163111,564446843
5.932508,28.4766,124.6289,124.6289,58,5,6.163111,564446843
5.934524,28.6523,125.8594,125.8594,58,5,6.163111,564446843
5.936497,28.8281,127.0898,127.0898,0,5,6.163111,564446843
5.938476,29.0039,128.3203,128.3203,0,5,6.163111,564446843
5.940518,29.1797,129.7266,129.7266,58,5,6.163111,564446843
5.942504,29.3555,130.7812,130.7812,58,5,6.163111,564446843
5.944461,29.3555,132.0117,132.0117,58,5,6.163111,564446843
5.946526,29.5312,133.2422,133.2422,58,5,6.163111,564446843
5.948474,29.7070,134.2969,134.2969,58,5,6.163111,564446843
5.950479,29.8828,135.3516,135.3516,58,5,6.163111,564446843
5.952533,30.0586,136.5820,136.5820,58,5,6.163111,564446843
5.954470,30.0586,137.6367,137.6367,58,5,6.163111,564446843
5.956494,30.2344,138.6914,138.6914,58,5,6.163111,564446843
5.958506,30.4102,139.7461,139.7461,0,5,6.163111,564446843
5.960532,30.4102,140.8008,140.8008,58,5,6.163111,564446843
5.962469,30.5859,141.6797,141.6797,58,5,6.163111,564446843
5.964494,30.7617,142.7344,142.7344,58,5,6.163111,564446843
5.966518,30.7617,143.6133,143.6133,58,5,6.163111,564446843
5.968456,30.9375,144.4922,144.4922,58,5,6.163111,564446843
5.970479,31.1133,145.3711,145.3711,58,5,6.163111,564446843
5.972505,31.1133,146.2500,146.2500,58,5,6.163111,564446843
5.974530,31.2891,146.9531,146.9531,58,5,6.163111,564446843
5.976468,31.2891,147.8320,147.8320,58,5,6.163111,564446843
5.978494,31.4648,148.5352,148.5352,58,5,6.163111,564446843
5.980518,31.4648,149.4141,149.4141,58,5,6.163111,564446843
5.982469,31.4648,150.1172,150.1172,58,5,6.163111,564446843
5.984494,31.4648,150.8203,150.8203,58,5,6.163111,564446843
5.986518,31.4648,151.5234,151.5234,58,5,6.163111,564446843
5.988455,31.4648,152.0508,152.0508,58,5,6.163111,564446843
5.990512,31.4648,152.7539,152.7539,58,5,6.163111,564446843
5.992494,31.4648,153.2812,153.2812,58,5,6.163111,564446843
5.994456,31.4648,153.9844,153.9844,58,5,6.163111,564446843
5.996480,31.4648,154.3359,154.3359,58,5,6.163111,564446843
5.998506,31.4648,155.0391,155.0391,58,5,6.163111,564446843
6.000530,31.2891,155.3906,155.3906,58,5,6.163111,564446843
6.002486,31.2891,155.9180,155.9180,58,5,6.163111,564446843
6.004508,31.1133,156.2695,156.2695,58,5,6.163111,564446843
6.006533,31.1133,156.7969,156.7969,58,5,6.163111,564446843
6.008470,30.9375,157.1484,157.1484,58,5,6.163111,564446843
6.010494,30.7617,157.5000,157.5000,58,5,6.163111,564446843
6.012480,30.7617,157.8516,157.8516,58,5,6.163111,564446843
6.014505,30.4102,158.0273,158.0273,58,5,6.163111,564446843
6.016530,30.2344,158.3789,158.3789,58,5,6.163111,564446843
6.018468,30.0586,158.5547,158.5547,58,5,6.163111,564446843
6.022211,29.7070,159.0820,159.0820,58,5,6.163111,564446843
6.022747,29.7070,159.0820,159.0820,58,5,6.163111,564446843
6.024533,29.3555,159.2578,159.2578,58,5,6.163111,564446843
6.026470,29.1797,159.2578,159.2578,58,5,6.163111,564446843
6.028494,29.0039,159.4336,159.4336,58,5,6.163111,564446843
6.030518,28.6523,159.6094,159.6094,58,5,6.163111,564446843
6.032456,28.3008,159.6094,159.6094,58,5,6.163111,564446843
6.034480,28.1250,159.6094,159.6094,58,5,6.163111,564446843
6.036506,27.7734,159.6094,159.6094,58,5,6.163111,564446843
6.038530,27.4219,159.6094,159.6094,58,5,6.163111,564446843
6.040468,27.0703,159.6094,159.6094,58,5,6.163111,564446843
6.042494,26.7188,159.4336,159.4336,58,5,6.163111,564446843
6.044532,26.3672,159.2578,159.2578,58,5,6.163111,564446843
6.046469,25.8398,159.2578,159.2578,58,5,6.163111,564446843
6.048494,25.4883,159.0820,159.0820,59,5,6.163111,564446843
6.050518,25.1367,158.9062,158.9062,59,5,6.163111,564446843
6.052455,24.6094,158.5547,158.5547,59,5,6.163111,564446843
6.054480,24.2578,158.3789,158.3789,59,5,6.163111,564446843
6.056506,23.7305,158.0273,158.0273,59,5,6.163111,564446843
6.058530,23.2031,157.8516,157.8516,59,5,6.163111,564446843
6.060468,22.8516,157.5000,157.5000,59,5,6.163111,564446843
6.062494,22.3242,157.1484,157.1484,59,5,6.163111,564446843
6.064537,21.7969,156.7969,156.7969,0,4,6.163111,564446843
6.066525,21.2695,156.2695,156.2695,16,4,6.163111,564446843
6.068477,20.7422,155.9180,155.9180,24,4,6.163111,564446843
6.070508,20.2148,155.5664,155.5664,16,4,6.163111,564446843
6.072455,19.6875,155.0391,155.0391,16,4,6.163111,564446843
6.074477,19.1602,154.5117,154.5117,24,4,6.163111,564446843
6.076497,18.6328,153.9844,153.9844,24,4,6.163111,564446843
6.078518,18.1055,153.4570,153.4570,24,4,6.163111,564446843
6.080538,17.5781,152.9297,152.9297,24,4,6.163111,564446843
6.082470,17.0508,152.4023,152.4023,24,4,6.163111,564446843
6.084491,16.3477,151.8750,151.8750,24,4,6.163111,564446843
6.086511,15.8203,151.1719,151.1719,24,4,6.163111,564446843
6.088533,15.2930,150.4688,150.4688,24,4,6.163111,564446843
6.090468,14.7656,149.9414,149.9414,24,4,6.163111,564446843
6.092534,14.2383,149.2383,149.2383,24,4,6.163111,564446843
6.094468,13.5352,148.5352,148.5352,24,4,6.163111,564446843
6.096491,13.0078,147.8320,147.8320,24,4,6.163111,564446843
6.098533,12.4805,146.9531,146.9531,24,4,6.163111,564446843
6.100468,11.9531,146.2500,146.2500,24,4,6.163111,564446843
6.102491,11.2500,145.5469,145.5469,24,4,6.163111,564446843
6.104510,10.7227,144.6680,144.6680,24,4,6.163111,564446843
6.106533,10.1953,143.7891,143.7891,24,4,6.163111,564446843
6.108468,9.6680,143.0859,143.0859,24,4,6.163111,564446843
6.110491,9.1406,142.2070,142.2070,24,4,6.163111,564446843
6.112522,8.4375,141.3281,141.3281,24,4,6.163111,564446843
6.114456,7.9102,140.2734,140.2734,24,4,6.163111,564446843
6.116477,7.3828,139.3945,139.3945,24,4,6.163111,564446843
6.118497,6.8555,138.5156,138.5156,24,4,6.163111,564446843
6.122403,5.8008,136.5820,136.5820,24,4,6.163111,564446843
6.122773,5.6250,136.4062,136.4062,24,4,6.163111,564446843
6.124537,5.0977,135.3516,135.3516,7,4,6.163111,564446843
6.126464,4.5703,134.4727,134.4727,24,4,6.163111,564446843
6.128468,4.0430,133.4180,133.4180,24,4,6.163111,564446843
6.130480,3.5156,132.3633,132.3633,24,4,6.163111,564446843
6.132486,2.9883,131.1328,131.1328,24,4,6.163111,564446843
6.134497,2.4609,130.0781,130.0781,24,4,6.163111,564446843
6.136503,1.9336,128.8477,128.8477,24,4,6.163111,564446843
6.138518,1.4062,127.6172,127.6172,24,4,6.163111,564446843
6.140525,0.8789,126.5625,126.5625,24,4,6.163111,564446843
6.142537,0.5273,125.3320,125.3320,24,4,6.163111,564446843
6.144456,0.0000,124.1016,124.1016,24,4,6.163111,564446843
6.146468,-0.5273,122.8711,122.8711,25,4,6.163111,564446843
6.148471,-0.8789,121.6406,121.6406,24,4,6.163111,564446843
6.150493,-1.4062,120.2344,120.2344,24,4,6.163111,564446843
6.152542,-1.9336,118.8281,118.8281,24,4,6.163111,564446843
6.154491,-2.2852,117.5977,117.5977,24,4,6.163111,564446843
6.156534,-2.8125,116.1914,116.1914,24,4,6.163111,564446843
6.159209,-3.3398,114.2578,114.2578,24,4,6.163111,564446843
6.163194,-4.2188,111.2695,111.2695,24,4,6.397686,564681299
6.163672,-4.2188,111.0938,111.0938,24,4,6.397686,564681299
6.164517,-4.3945,110.3906,110.3906,7,4,6.397686,564681299
6.166718,-4.7461,108.8086,108.8086,24,4,6.397686,564681299
6.168488,-5.0977,107.4023,107.4023,24,4,6.397686,564681299
6.170533,-5.4492,105.8203,105.8203,24,4,6.397686,564681299
6.172475,-5.8008,104.4141,104.4141,24,4,6.397686,564681299
6.174513,-6.1523,102.6562,102.6562,24,4,6.397686,564681299
6.176523,-6.5039,101.0742,101.0742,24,4,6.397686,564681299
6.178534,-6.6797,99.4922,99.4922,24,4,6.397686,564681299
6.180468,-7.0312,97.9102,97.9102,24,4,6.397686,564681299
6.182491,-7.2070,96.1523,96.1523,24,4,6.397686,564681299
6.184460,-7.5586,94.3945,94.3945,24,4,6.397686,564681299
6.186505,-7.7344,92.6367,92.6367,24,4,6.397686,564681299
6.188525,-7.9102,90.7031,90.7031,24,4,6.397686,564681299
6.190460,-8.0859,88.9453,88.9453,24,4,6.397686,564681299
6.192483,-8.2617,87.1875,87.1875,24,4,6.397686,564681299
6.194511,-8.4375,85.2539,85.2539,24,4,6.397686,564681299
6.196468,-8.6133,83.3203,83.3203,24,4,6.397686,564681299
6.198507,-8.6133,81.3867,81.3867,24,4,6.397686,564681299
6.200530,-8.6133,79.4531,79.4531,24,4,6.397686,564681299
6.202466,-8.7891,77.5195,77.5195,24,4,6.397686,564681299
6.204487,-8.7891,75.4102,75.4102,24,4,6.397686,564681299
6.206506,-8.7891,73.3008,73.3008,24,4,6.397686,564681299
6.208525,-8.7891,71.1914,71.1914,24,4,6.397686,564681299
6.210460,-8.6133,69.0820,69.0820,24,4,6.397686,564681299
6.212498,-8.6133,66.7969,66.7969,24,4,6.397686,564681299
6.214518,-8.4375,64.5117,64.5117,24,4,6.397686,564681299
6.216538,-8.2617,62.2266,62.2266,24,4,6.397686,564681299
6.218471,-8.0859,59.9414,59.9414,24,4,6.397686,564681299
6.222606,-7.5586,55.0195,55.0195,24,4,6.397686,564681299
6.222991,-7.5586,54.4922,54.4922,24,4,6.397686,564681299
6.224491,-7.2070,52.7344,52.7344,24,4,6.397686,564681299
6.226506,-6.8555,50.0977,50.0977,24,4,6.397686,564681299
6.228509,-6.3281,47.6367,47.6367,24,4,6.397686,564681299
6.230525,-5.8008,45.0000,45.0000,24,4,6.397686,564681299
6.232530,-5.2734,42.1875,42.1875,24,4,6.397686,564681299
6.234455,-4.7461,39.5508,39.5508,24,4,6.397686,564681299
6.236460,-4.0430,36.7383,36.7383,24,4,6.397686,564681299
6.238472,-3.3398,33.7500,33.7500,24,4,6.397686,564681299
6.240477,-2.4609,30.7617,30.7617,24,4,6.397686,564681299
6.242491,-1.5820,27.7734,27.7734,24,4,6.397686,564681299
6.244498,-0.7031,24.6094,24.6094,24,4,6.397686,564681299
6.246509,0.3516,21.4453,21.4453,24,4,6.397686,564681299
6.248515,1.4062,18.2812,18.2812,24,4,6.397686,564681299
6.250530,2.6367,14.9414,14.9414,24,4,6.397686,564681299
6.252533,3.6914,11.6016,11.6016,24,4,6.397686,564681299
6.254460,4.7461,8.4375,8.4375,24,4,6.397686,564681299
6.256464,5.9766,5.0977,5.0977,24,4,6.397686,564681299
6.258479,7.2070,1.7578,1.7578,24,4,6.397686,564681299
6.260483,8.2617,-1.4062,-1.4062,24,4,6.397686,564681299
6.262495,9.3164,-4.7461,-4.7461,24,4,6.397686,564681299
6.264499,10.3711,-7.9102,-7.9102,24,4,6.397686,564681299
6.266510,11.4258,-11.0742,-11.0742,24,4,6.397686,564681299
6.268515,12.3047,-14.0625,-14.0625,24,4,6.397686,564681299
6.270530,13.1836,-17.0508,-17.0508,24,4,6.397686,564681299
6.272534,13.8867,-20.0391,-20.0391,24,4,6.397686,564681299
6.274460,14.5898,-22.6758,-22.6758,24,4,6.397686,564681299
6.276464,15.2930,-25.4883,-25.4883,24,4,6.397686,564681299
6.278479,15.8203,-28.3008,-28.3008,24,4,6.397686,564681299
6.280483,16.3477,-30.9375,-30.9375,24,4,6.397686,564681299
6.282495,16.8750,-33.5742,-33.5742,24,4,6.397686,564681299
6.284499,17.2266,-36.0352,-36.0352,24,4,6.397686,564681299
6.286510,17.5781,-38.4961,-38.4961,24,4,6.397686,564681299
6.288515,17.9297,-40.9570,-40.9570,24,4,6.397686,564681299
6.290530,18.1055,-43.2422,-43.2422,24,4,6.397686,564681299
6.292534,18.2812,-45.7031,-45.7031,24,4,6.397686,564681299
6.294460,18.4570,-47.8125,-47.8125,24,4,6.397686,564681299
6.296464,18.6328,-50.0977,-50.0977,24,4,6.397686,564681299
6.298517,18.8086,-52.2070,-52.2070,24,4,6.397686,564681299
6.300537,18.8086,-54.4922,-54.4922,24,4,6.397686,564681299
6.302466,18.8086,-56.4258,-56.4258,24,4,6.397686,564681299
6.304469,18.8086,-58.5352,-58.5352,24,4,6.397686,564681299
6.306483,18.9844,-60.4688,-60.4688,24,4,6.397686,564681299
6.308487,18.9844,-62.5781,-62.5781,24,4,6.397686,564681299
6.310499,18.8086,-64.5117,-64.5117,24,4,6.397686,564681299
6.312507,18.8086,-66.4453,-66.4453,24,4,6.397686,564681299
6.314522,18.6328,-68.2031,-68.2031,24,4,6.397686,564681299
6.316526,18.4570,-70.1367,-70.1367,24,4,6.397686,564681299
6.318538,18.2812,-71.8945,-71.8945,24,4,6.397686,564681299
6.322042,18.1055,-75.0586,-75.0586,24,4,6.397686,564681299
6.322540,17.9297,-75.4102,-75.4102,24,4,6.397686,564681299
6.324487,17.7539,-77.1680,-77.1680,16,4,6.397686,564681299
6.326506,17.5781,-78.7500,-78.7500,24,4,6.397686,564681299
6.328526,17.2266,-80.5078,-80.5078,24,4,6.397686,564681299
6.330460,17.0508,-82.0898,-82.0898,24,4,6.397686,564681299
6.332483,16.6992,-83.6719,-83.6719,24,4,6.397686,564681299
6.334506,16.5234,-85.2539,-85.2539,24,4,6.397686,564681299
6.336526,16.1719,-86.8359,-86.8359,24,4,6.397686,564681299
6.338460,15.8203,-88.2422,-88.2422,24,4,6.397686,564681299
6.340483,15.4688,-89.8242,-89.8242,24,4,6.397686,564681299
6.342506,15.1172,-91.2305,-91.2305,24,4,6.397686,564681299
6.344526,14.7656,-92.8125,-92.8125,24,4,6.397686,564681299
6.346460,14.4141,-94.0430,-94.0430,24,4,6.397686,564681299
6.348483,14.0625,-95.6250,-95.6250,24,4,6.397686,564681299
6.350506,13.7109,-96.8555,-96.8555,24,4,6.397686,564681299
6.352526,13.1836,-98.2617,-98.2617,24,4,6.397686,564681299
6.354460,12.8320,-99.4922,-99.4922,24,4,6.397686,564681299
6.356483,12.4805,-100.8984,-100.8984,24,4,6.397686,564681299
6.358506,11.9531,-102.1289,-102.1289,24,4,6.397686,564681299
6.360526,11.6016,-103.3594,-103.3594,24,4,6.397686,564681299
6.362460,11.2500,-104.5898,-104.5898,24,4,6.397686,564681299
6.364483,10.7227,-105.8203,-105.8203,24,4,6.397686,564681299
6.366506,10.3711,-106.8750,-106.8750,24,4,6.397686,564681299
6.368526,9.8438,-108.1055,-108.1055,24,4,6.397686,564681299
6.370460,9.3164,-109.1602,-109.1602,24,4,6.397686,564681299
6.372483,8.9648,-110.3906,-110.3906,24,4,6.397686,564681299
6.374506,8.4375,-111.4453,-111.4453,24,4,6.397686,564681299
6.376526,7.9102,-112.5000,-112.5000,24,4,6.397686,564681299
6.378460,7.5586,-113.5547,-113.5547,24,4,6.397686,564681299
6.380483,7.0312,-114.4336,-114.4336,24,4,6.397686,564681299
6.382506,6.5039,-115.4883,-115.4883,24,4,6.397686,564681299
6.384468,5.9766,-116.3672,-116.3672,24,4,6.397686,564681299
6.386493,5.4492,-117.4219,-117.4219,24,4,6.397686,564681299
6.388515,4.9219,-118.3008,-118.3008,24,4,6.397686,564681299
6.390463,4.5703,-119.1797,-119.1797,24,4,6.397686,564681299
6.392529,4.0430,-120.0586,-120.0586,24,4,6.397686,564681299
6.397034,2.8125,-121.9922,-121.9922,24,4,6.643967,564929221
6.397857,2.6367,-122.1680,-122.1680,24,4,6.643967,564929221
6.398456,2.6367,-122.5195,-122.5195,7,4,6.643967,564929221
6.400500,1.9336,-123.2227,-123.2227,16,4,6.643967,564929221
6.402537,1.5820,-124.1016,-124.1016,24,4,6.643967,564929221
6.404526,1.0547,-124.8047,-124.8047,24,4,6.643967,564929221
6.406460,0.5273,-125.5078,-125.5078,24,4,6.643967,564929221
6.408467,0.0000,-126.2109,-126.2109,24,4,6.643967,564929221
6.410710,-0.5273,-126.9141,-126.9141,25,4,6.643967,564929221
6.412485,-0.8789,-127.2656,-127.2656,24,4,6.643967,564929221
6.414506,-1.4062,-127.9688,-127.9688,16,4,6.643967,564929221
6.416526,-1.9336,-128.4961,-128.4961,24,4,6.643967,564929221
6.418539,-2.2852,-129.0234,-129.0234,24,4,6.643967,564929221
6.422915,-3.3398,-130.2539,-130.2539,24,4,6.643967,564929221
6.423322,-3.5156,-130.4297,-130.4297,24,4,6.643967,564929221
6.424468,-3.6914,-130.6055,-130.6055,7,4,6.643967,564929221
6.426480,-4.2188,-131.1328,-131.1328,7,4,6.643967,564929221
6.428494,-4.7461,-131.4844,-131.4844,24,4,6.643967,564929221
6.430506,-5.0977,-132.0117,-132.0117,16,4,6.643967,564929221
6.432509,-5.6250,-132.1875,-132.1875,24,4,6.643967,564929221
6.434525,-5.9766,-132.7148,-132.7148,7,4,6.643967,564929221
6.436530,-6.5039,-132.8906,-132.8906,24,4,6.643967,564929221
6.438456,-6.8555,-133.2422,-133.2422,7,4,6.643967,564929221
6.440460,-7.2070,-133.5938,-133.5938,16,4,6.643967,564929221
6.442472,-7.7344,-133.9453,-133.9453,16,4,6.643967,564929221
6.444477,-8.0859,-134.1211,-134.1211,16,4,6.643967,564929221
6.446491,-8.4375,-134.2969,-134.2969,7,4,6.643967,564929221
6.448498,-8.7891,-134.4727,-134.4727,7,4,6.643967,564929221
6.450510,-9.1406,-134.6484,-134.6484,7,4,6.643967,564929221
6.452516,-9.4922,-134.8242,-134.8242,7,4,6.643967,564929221
6.454530,-9.8438,-134.8242,-134.8242,7,4,6.643967,564929221
6.456534,-10.1953,-135.0000,-135.0000,0,4,6.643967,564929221
6.458460,-10.5469,-135.0000,-135.0000,7,4,6.643967,564929221
6.460464,-10.8984,-135.0000,-135.0000,0,4,6.643967,564929221
6.462479,-11.2500,-135.0000,-135.0000,0,4,6.643967,564929221
6.464501,-11.6016,-135.0000,-135.0000,69,4,6.643967,564929221
6.466479,-11.9531,-135.0000,-135.0000,69,4,6.643967,564929221
6.468530,-12.1289,-135.0000,-135.0000,69,4,6.643967,564929221
6.470495,-12.4805,-134.8242,-134.8242,69,4,6.643967,564929221
6.472457,-12.8320,-134.8242,-134.8242,69,4,6.643967,564929221
6.474507,-13.1836,-134.6484,-134.6484,69,4,6.643967,564929221
6.476468,-13.3594,-134.6484,-134.6484,-47,4,6.643967,564929221
6.478521,-13.7109,-134.2969,-134.2969,69,4,6.643967,564929221
6.480483,-13.8867,-134.2969,-134.2969,-69,4,6.643967,564929221
6.482534,-14.2383,-133.9453,-133.9453,-69,4,6.643967,564929221
6.484495,-14.4141,-133.7695,-133.7695,-69,4,6.643967,564929221
6.486460,-14.7656,-133.4180,-133.4180,-69,4,6.643967,564929221
6.488506,-14.9414,-133.2422,-133.2422,-69,4,6.643967,564929221
6.490470,-15.1172,-132.7148,-132.7148,-69,4,6.643967,564929221
6.492533,-15.2930,-132.5391,-132.5391,-69,4,6.643967,564929221
6.494498,-15.4688,-132.0117,-132.0117,-69,4,6.643967,564929221
6.496477,-15.6445,-131.6602,-131.6602,-69,4,6.643967,564929221
6.498530,-15.8203,-131.1328,-131.1328,-69,4,6.643967,564929221
6.500506,-15.8203,-130.6055,-130.6055,-69,4,6.643967,564929221
6.502456,-15.9961,-130.0781,-130.0781,-69,4,6.643967,564929221
6.504533,-16.1719,-129.5508,-129.5508,-69,4,6.643967,564929221
6.506498,-16.1719,-129.0234,-129.0234,-69,4,6.643967,564929221
6.508477,-16.1719,-128.3203,-128.3203,-69,4,6.643967,564929221
6.510460,-16.3477,-127.7930,-127.7930,-69,4,6.643967,564929221
6.512460,-16.3477,-127.0898,-127.0898,-69,4,6.643967,564929221
6.514530,-16.3477,-126.3867,-126.3867,-69,4,6.643967,564929221
6.516506,-16.3477,-125.6836,-125.6836,-69,4,6.643967,564929221
6.518491,-16.3477,-124.8047,-124.8047,-69,4,6.643967,564929221
6.522384,-16.3477,-123.3984,-123.3984,-69,4,6.643967,564929221
6.522864,-16.3477,-123.0469,-123.0469,-69,4,6.643967,564929221
6.524521,-16.3477,-122.3438,-122.3438,-69,4,6.643967,564929221
6.526498,-16.3477,-121.6406,-121.6406,-69,4,6.643967,564929221
6.528480,-16.3477,-120.7617,-120.7617,-69,4,6.643967,564929221
6.530460,-16.3477,-119.8828,-119.8828,-69,4,6.643967,564929221
6.532530,-16.1719,-118.8281,-118.8281,-69,4,6.643967,564929221
6.534506,-16.1719,-117.9492,-117.9492,-69,4,6.643967,564929221
6.536491,-16.1719,-116.8945,-116.8945,-69,4,6.643967,564929221
6.538468,-15.9961,-115.8398,-115.8398,-69,4,6.643967,564929221
6.540537,-15.9961,-114.7852,-114.7852,-69,4,6.643967,564929221
6.542518,-15.8203,-113.7305,-113.7305,-69,4,6.643967,564929221
6.544498,-15.8203,-112.6758,-112.6758,-69,4,6.643967,564929221
6.546477,-15.6445,-111.4453,-111.4453,-69,4,6.643967,564929221
6.548460,-15.6445,-110.3906,-110.3906,-69,4,6.643967,564929221
6.550524,-15.4688,-109.1602,-109.1602,-69,4,6.643967,564929221
6.552506,-15.4688,-107.9297,-107.9297,-69,4,6.643967,564929221
6.554486,-15.2930,-106.6992,-106.6992,-69,4,6.643967,564929221
6.556468,-15.2930,-105.4688,-105.4688,-69,4,6.643967,564929221
6.558533,-15.1172,-104.2383,-104.2383,-69,4,6.643967,564929221
6.560518,-14.9414,-103.0078,-103.0078,-69,4,6.643967,564929221
6.562498,-14.9414,-101.6016,-101.6016,-69,4,6.643967,564929221
6.564480,-14.9414,-100.3711,-100.3711,-69,4,6.643967,564929221
6.566460,-14.7656,-98.9648,-98.9648,-69,4,6.643967,564929221
6.568530,-14.7656,-97.3828,-97.3828,-69,4,6.643967,564929221
6.570506,-14.5898,-95.9766,-95.9766,-69,4,6.643967,564929221
6.572491,-14.5898,-94.5703,-94.5703,-69,4,6.643967,564929221
6.574469,-14.4141,-93.1641,-93.1641,-69,4,6.643967,564929221
6.576537,-14.4141,-91.5820,-91.5820,-69,4,6.643967,564929221
6.578518,-14.2383,-90.0000,-90.0000,-69,4,6.643967,564929221
6.580499,-14.2383,-88.5938,-88.5938,-69,4,6.643967,564929221
6.582479,-14.2383,-87.0117,-87.0117,-69,4,6.643967,564929221
6.584461,-14.2383,-85.4297,-85.4297,-69,4,6.643967,564929221
6.586525,-14.2383,-83.6719,-83.6719,-69,4,6.643967,564929221
6.588506,-14.2383,-82.0898,-82.0898,-69,4,6.643967,564929221
6.590486,-14.2383,-80.3320,-80.3320,-69,4,6.643967,564929221
6.592468,-14.2383,-78.7500,-78.7500,-69,4,6.643967,564929221
6.594533,-14.2383,-76.9922,-76.9922,-69,4,6.643967,564929221
6.596518,-14.2383,-75.0586,-75.0586,-69,4,6.643967,564929221
6.598498,-14.2383,-73.3008,-73.3008,-69,4,6.643967,564929221
6.600480,-14.2383,-71.5430,-71.5430,-69,4,6.643967,564929221
6.602460,-14.4141,-69.6094,-69.6094,-69,4,6.643967,564929221
6.604530,-14.4141,-67.6758,-67.6758,-69,4,6.643967,564929221
6.606468,-14.5898,-65.9180,-65.9180,-69,4,6.643967,564929221
6.608538,-14.7656,-63.8086,-63.8086,-69,4,6.643967,564929221
6.610530,-14.9414,-61.8750,-61.8750,-69,4,6.643967,564929221
6.612518,-15.1172,-59.7656,-59.7656,-69,4,6.643967,564929221
6.614471,-15.2930,-57.6562,-57.6562,-69,4,6.643967,564929221
6.616458,-15.4688,-55.7227,-55.7227,-69,4,6.643967,564929221
6.618529,-15.6445,-53.4375,-53.4375,-69,4,6.643967,564929221
6.622162,-16.3477,-49.5703,-49.5703,-69,4,6.643967,564929221
6.622630,-16.3477,-49.0430,-49.0430,-69,4,6.643967,564929221
6.624456,-16.6992,-46.9336,-46.9336,-69,4,6.643967,564929221
6.626519,-17.0508,-44.6484,-44.6484,-69,4,6.643967,564929221
6.628456,-17.4023,-42.3633,-42.3633,-69,4,6.643967,564929221
6.630524,-17.9297,-39.9023,-39.9023,-69,4,6.643967,564929221
6.632506,-18.2812,-37.4414,-37.4414,-69,4,6.643967,564929221
6.634486,-18.8086,-34.9805,-34.9805,-69,4,6.643967,564929221
6.636468,-19.3359,-32.5195,-32.5195,-69,4,6.643967,564929221
6.638533,-20.0391,-29.8828,-29.8828,-69,4,6.643967,564929221
6.640518,-20.7422,-27.2461,-27.2461,-69,4,6.643967,564929221
6.645176,-22.5000,-20.9180,-20.9180,-69,4,6.886700,565162467
6.646166,-22.8516,-19.5117,-19.5117,-69,4,6.886700,565162467
6.646661,-23.0273,-18.9844,-18.9844,-69,4,6.886700,565162467
6.648498,-23.7305,-16.3477,-16.3477,-69,4,6.886700,565162467
6.650520,-24.7852,-13.3594,-13.3594,-69,4,6.886700,565162467
6.652455,-25.6641,-10.5469,-10.5469,-68,4,6.886700,565162467
6.654499,-26.7188,-7.5586,-7.5586,-68,4,6.886700,565162467
6.656517,-27.5977,-4.5703,-4.5703,-68,4,6.886700,565162467
6.658524,-28.8281,-1.4062,-1.4062,-68,4,6.886700,565162467
6.660494,-29.7070,1.5820,1.5820,-68,4,6.886700,565162467
6.662498,-30.9375,4.5703,4.5703,-68,4,6.886700,565162467
6.664518,-31.9922,7.7344,7.7344,-68,4,6.886700,565162467
6.666456,-32.8711,10.5469,10.5469,-68,4,6.886700,565162467
6.668462,-33.9258,13.7109,13.7109,-68,4,6.886700,565162467
6.670460,-34.9805,16.5234,16.5234,-68,4,6.886700,565162467
6.672460,-35.8594,19.3359,19.3359,-67,4,6.886700,565162467
6.674460,-36.7383,22.1484,22.1484,-67,4,6.886700,565162467
6.676460,-37.4414,24.9609,24.9609,-67,4,6.886700,565162467
6.678460,-38.1445,27.5977,27.5977,-67,4,6.886700,565162467
6.680460,-38.8477,30.2344,30.2344,-67,4,6.886700,565162467
6.682460,-39.3750,32.8711,32.8711,-67,4,6.886700,565162467
6.684460,-39.9023,35.3320,35.3320,-67,4,6.886700,565162467
6.686460,-40.4297,37.7930,37.7930,-67,4,6.886700,565162467
6.688460,-40.7812,40.0781,40.0781,-67,4,6.886700,565162467
6.690460,-41.1328,42.5391,42.5391,-67,4,6.886700,565162467
6.692460,-41.4844,44.6484,44.6484,-67,4,6.886700,565162467
6.694460,-41.6602,46.7578,46.7578,-67,4,6.886700,565162467
6.696460,-41.8359,48.8672,48.8672,-67,4,6.886700,565162467
6.698460,-42.0117,50.9766,50.9766,-67,4,6.886700,565162467
6.700460,-42.1875,53.0859,53.0859,-67,4,6.886700,565162467
6.702460,-42.1875,55.0195,55.0195,-67,4,6.886700,565162467
6.704460,-42.1875,56.9531,56.9531,-67,4,6.886700,565162467
6.706460,-42.1875,58.7109,58.7109,-67,4,6.886700,565162467
6.708530,-42.1875,60.6445,60.6445,-67,4,6.886700,565162467
6.710542,-42.1875,62.5781,62.5781,-67,4,6.886700,565162467
6.712464,-42.1875,64.1602,64.1602,-67,4,6.886700,565162467
6.714461,-42.0117,65.9180,65.9180,-67,4,6.886700,565162467
6.716460,-41.8359,67.5000,67.5000,-67,4,6.886700,565162467
6.718460,-41.6602,69.2578,69.2578,-67,4,6.886700,565162467
6.722663,-41.1328,72.4219,72.4219,-67,4,6.886700,565162467
6.723205,-41.1328,72.9492,72.9492,-67,4,6.886700,565162467
6.724537,-40.9570,73.8281,73.8281,-67,4,6.886700,565162467
6.726534,-40.7812,75.4102,75.4102,-67,4,6.886700,565162467
6.728533,-40.4297,76.8164,76.8164,-67,4,6.886700,565162467
6.730530,-40.0781,78.2227,78.2227,-67,4,6.886700,565162467
6.732530,-39.7266,79.6289,79.6289,-67,4,6.886700,565162467
6.734530,-39.5508,81.0352,81.0352,-67,4,6.886700,565162467
6.736530,-39.0234,82.4414,82.4414,-67,4,6.886700,565162467
6.738530,-38.6719,83.6719,83.6719,-67,4,6.886700,565162467
6.740530,-38.3203,84.9023,84.9023,-67,4,6.886700,565162467
6.742530,-37.9688,86.1328,86.1328,-67,4,6.886700,565162467
6.744530,-37.4414,87.3633,87.3633,-67,4,6.886700,565162467
6.746530,-37.0898,88.5938,88.5938,-67,4,6.886700,565162467
6.748530,-36.5625,89.6484,89.6484,-67,4,6.886700,565162467
6.750530,-36.2109,90.8789,90.8789,-67,4,6.886700,565162467
6.752530,-35.6836,91.9336,91.9336,-67,4,6.886700,565162467
6.754530,-35.1562,92.9883,92.9883,-67,4,6.886700,565162467
6.756530,-34.6289,94.0430,94.0430,-67,4,6.886700,565162467
6.758530,-34.2773,95.0977,95.0977,-67,4,6.886700,565162467
6.760530,-33.7500,95.9766,95.9766,-68,4,6.886700,565162467
6.762530,-33.2227,97.0312,97.0312,-68,4,6.886700,565162467
6.764530,-32.6953,97.9102,97.9102,-68,4,6.886700,565162467
6.766530,-32.1680,98.7891,98.7891,-68,4,6.886700,565162467
6.768530,-31.6406,99.6680,99.6680,-68,4,6.886700,565162467
6.770530,-31.1133,100.5469,100.5469,-68,4,6.886700,565162467
6.772530,-30.4102,101.4258,101.4258,-68,4,6.886700,565162467
6.774530,-29.8828,102.1289,102.1289,-68,4,6.886700,565162467
6.776530,-29.3555,102.8320,102.8320,-68,4,6.886700,565162467
6.778530,-28.6523,103.7109,103.7109,-68,4,6.886700,565162467
6.780530,-28.1250,104.4141,104.4141,-68,4,6.886700,565162467
6.782530,-27.5977,104.9414,104.9414,-68,4,6.886700,565162467
6.784530,-26.8945,105.6445,105.6445,-68,4,6.886700,565162467
6.786530,-26.1914,106.3477,106.3477,-68,4,6.886700,565162467
6.788530,-25.6641,106.8750,106.8750,-68,4,6.886700,565162467
6.790530,-24.9609,107.4023,107.4023,-68,4,6.886700,565162467
6.792530,-24.4336,107.9297,107.9297,-68,4,6.886700,565162467
6.794530,-23.7305,108.4570,108.4570,-68,4,6.886700,565162467
6.796530,-23.2031,108.9844,108.9844,-69,4,6.886700,565162467
6.798530,-22.5000,109.5117,109.5117,-69,4,6.886700,565162467
6.800530,-21.7969,109.8633,109.8633,-69,4,6.886700,565162467
6.802530,-21.0938,110.3906,110.3906,-69,4,6.886700,565162467
6.804530,-20.5664,110.5664,110.5664,-69,4,6.886700,565162467
6.806510,-19.8633,111.0938,111.0938,-69,4,6.886700,565162467
6.808506,-19.1602,111.2695,111.2695,-69,4,6.886700,565162467
6.810461,-18.4570,111.6211,111.6211,-69,4,6.886700,565162467
6.812534,-17.7539,111.9727,111.9727,-69,4,6.886700,565162467
6.814530,-17.0508,112.1484,112.1484,-69,4,6.886700,565162467
6.816511,-16.5234,112.3242,112.3242,-69,4,6.886700,565162467
6.818494,-15.9961,112.5000,112.5000,67,4,6.886700,565162467
6.822091,-14.7656,112.6758,112.6758,69,4,6.886700,565162467
6.822554,-14.5898,112.8516,112.8516,69,4,6.886700,565162467
6.824486,-13.8867,112.8516,112.8516,69,4,6.886700,565162467
6.826468,-13.3594,112.8516,112.8516,69,4,6.886700,565162467
6.828534,-12.6562,112.8516,112.8516,69,4,6.886700,565162467
6.830518,-11.9531,112.8516,112.8516,69,4,6.886700,565162467
6.832500,-11.4258,112.8516,112.8516,69,4,6.886700,565162467
6.834483,-10.7227,112.8516,112.8516,69,4,6.886700,565162467
6.836464,-10.1953,112.6758,112.6758,69,4,6.886700,565162467
6.838533,-9.6680,112.6758,112.6758,69,4,6.886700,565162467
6.840516,-8.9648,112.5000,112.5000,69,4,6.886700,565162467
6.842498,-8.4375,112.1484,112.1484,69,4,6.886700,565162467
6.844480,-7.9102,111.9727,111.9727,69,4,6.886700,565162467
6.846493,-7.3828,111.7969,111.7969,69,4,6.886700,565162467
6.848526,-6.8555,111.4453,111.4453,69,4,6.886700,565162467
6.850506,-6.3281,111.0938,111.0938,69,4,6.886700,565162467
6.852487,-5.8008,110.7422,110.7422,69,4,6.886700,565162467
6.854468,-5.2734,110.3906,110.3906,69,4,6.886700,565162467
6.856537,-4.7461,110.0391,110.0391,69,4,6.886700,565162467
6.858522,-4.2188,109.6875,109.6875,69,4,6.886700,565162467
6.860522,-3.6914,109.1602,109.1602,69,4,6.886700,565162467
6.862488,-3.1641,108.6328,108.6328,69,4,6.886700,565162467
6.864476,-2.8125,108.1055,108.1055,69,4,6.886700,565162467
6.866487,-2.2852,107.5781,107.5781,69,4,6.886700,565162467
6.868482,-1.7578,107.0508,107.0508,69,4,6.886700,565162467
6.870480,-1.4062,106.3477,106.3477,69,4,6.886700,565162467
6.872543,-0.8789,105.6445,105.6445,69,4,6.886700,565162467
6.874765,-0.3516,104.9414,104.9414,69,4,6.886700,565162467
6.878899,0.5273,103.3594,103.3594,69,4,7.144496,565419722
6.879726,0.7031,103.1836,103.1836,69,4,7.144496,565419722
6.880473,0.8789,102.8320,102.8320,69,4,7.144496,565419722
6.882810,1.4062,101.9531,101.9531,69,4,7.144496,565419722
6.884499,1.7578,101.2500,101.2500,69,4,7.144496,565419722
6.886498,2.1094,100.3711,100.3711,69,4,7.144496,565419722
6.888460,2.6367,99.4922,99.4922,69,4,7.144496,565419722
6.890461,2.9883,98.6133,98.6133,69,4,7.144496,565419722
6.892487,3.5156,97.7344,97.7344,69,4,7.144496,565419722
6.894486,3.8672,96.6797,96.6797,69,4,7.144496,565419722
6.896504,4.2188,95.8008,95.8008,69,4,7.144496,565419722
6.898502,4.7461,94.7461,94.7461,69,4,7.144496,565419722
6.900515,5.0977,93.6914,93.6914,69,4,7.144496,565419722
6.902687,5.6250,92.6367,92.6367,69,4,7.144496,565419722
6.904532,5.9766,91.5820,91.5820,69,4,7.144496,565419722
6.906516,6.3281,90.3516,90.3516,69,4,7.144496,565419722
6.908518,6.8555,89.2969,89.2969,69,4,7.144496,565419722
6.910527,7.2070,88.0664,88.0664,69,4,7.144496,565419722
6.912467,7.7344,87.0117,87.0117,69,4,7.144496,565419722
6.914498,8.0859,85.7812,85.7812,69,4,7.144496,565419722
6.916498,8.6133,84.5508,84.5508,69,4,7.144496,565419722
6.918498,8.9648,83.1445,83.1445,69,4,7.144496,565419722
6.922805,10.0195,80.3320,80.3320,69,4,7.144496,565419722
6.923369,10.1953,79.9805,79.9805,69,4,7.144496,565419722
6.924537,10.3711,79.1016,79.1016,69,4,7.144496,565419722
6.926534,10.8984,77.6953,77.6953,69,4,7.144496,565419722
6.928471,11.4258,76.2891,76.2891,69,4,7.144496,565419722
6.930506,11.7773,74.8828,74.8828,69,4,7.144496,565419722
6.932506,12.4805,73.4766,73.4766,69,4,7.144496,565419722
6.934506,12.8320,71.8945,71.8945,69,4,7.144496,565419722
6.936506,13.3594,70.3125,70.3125,69,4,7.144496,565419722
6.938506,13.8867,68.9062,68.9062,69,4,7.144496,565419722
6.940506,14.5898,67.1484,67.1484,69,4,7.144496,565419722
6.942506,15.1172,65.5664,65.5664,69,4,7.144496,565419722
6.944506,15.8203,63.9844,63.9844,69,4,7.144496,565419722
6.946506,16.3477,62.2266,62.2266,69,4,7.144496,565419722
6.948506,17.0508,60.4688,60.4688,69,4,7.144496,565419722
6.950506,17.7539,58.7109,58.7109,69,4,7.144496,565419722
6.952506,18.2812,56.9531,56.9531,69,4,7.144496,565419722
6.954506,18.9844,55.1953,55.1953,69,4,7.144496,565419722
6.956506,19.8633,53.4375,53.4375,69,4,7.144496,565419722
6.958506,20.5664,51.5039,51.5039,69,4,7.144496,565419722
6.960506,21.2695,49.5703,49.5703,69,4,7.144496,565419722
6.962506,22.1484,47.6367,47.6367,69,4,7.144496,565419722
6.964506,23.0273,45.7031,45.7031,69,4,7.144496,565419722
6.966506,23.9062,43.5938,43.5938,69,4,7.144496,565419722
6.968506,24.7852,41.4844,41.4844,69,4,7.144496,565419722
6.970506,25.8398,39.3750,39.3750,68,4,7.144496,565419722
6.972506,26.7188,37.2656,37.2656,68,4,7.144496,565419722
6.974506,27.7734,35.1562,35.1562,68,4,7.144496,565419722
6.976506,28.8281,33.0469,33.0469,68,4,7.144496,565419722
6.978506,29.8828,30.7617,30.7617,68,4,7.144496,565419722
6.980506,30.9375,28.4766,28.4766,68,4,7.144496,565419722
6.982506,32.1680,26.1914,26.1914,68,4,7.144496,565419722
6.984506,33.3984,23.9062,23.9062,68,4,7.144496,565419722
6.986506,34.4531,21.4453,21.4453,68,4,7.144496,565419722
6.988506,35.6836,19.1602,19.1602,67,4,7.144496,565419722
6.990506,37.0898,16.6992,16.6992,67,4,7.144496,565419722
6.992506,38.3203,14.2383,14.2383,67,4,7.144496,565419722
6.994506,39.5508,11.9531,11.9531,67,4,7.144496,565419722
6.996506,40.7812,9.4922,9.4922,67,4,7.144496,565419722
6.998506,42.0117,7.0312,7.0312,67,4,7.144496,565419722
7.000506,43.2422,4.7461,4.7461,67,4,7.144496,565419722
7.002506,44.4727,2.2852,2.2852,66,4,7.144496,565419722
7.004506,45.5273,0.0000,0.0000,66,4,7.144496,565419722
7.006506,46.7578,-2.2852,-2.2852,66,4,7.144496,565419722
7.008494,47.8125,-4.3945,-4.3945,66,4,7.144496,565419722
7.010480,48.8672,-6.6797,-6.6797,66,4,7.144496,565419722
7.012495,49.7461,-8.7891,-8.7891,66,4,7.144496,565419722
7.014505,50.8008,-10.8984,-10.8984,65,4,7.144496,565419722
7.016465,51.6797,-12.8320,-12.8320,62,4,7.144496,565419722
7.018470,52.5586,-14.7656,-14.7656,59,4,7.144496,565419722
7.022157,53.9648,-18.2812,-18.2812,57,4,7.144496,565419722
7.022640,54.1406,-18.8086,-18.8086,52,4,7.144496,565419722
7.024494,54.8438,-20.3906,-20.3906,51,4,7.144496,565419722
7.026486,55.3711,-22.1484,-22.1484,49,4,7.144496,565419722
7.028477,56.0742,-23.9062,-23.9062,47,4,7.144496,565419722
7.030468,56.6016,-25.6641,-25.6641,44,4,7.144496,565419722
7.032460,57.1289,-27.2461,-27.2461,42,4,7.144496,565419722
7.034537,57.6562,-28.8281,-28.8281,41,4,7.144496,565419722
7.036530,58.1836,-30.4102,-30.4102,39,4,7.144496,565419722
7.038522,58.7109,-31.9922,-31.9922,37,4,7.144496,565419722
7.040511,59.0625,-33.3984,-33.3984,35,4,7.144496,565419722
7.042501,59.5898,-34.8047,-34.8047,34,4,7.144496,565419722
7.044491,59.9414,-36.2109,-36.2109,33,4,7.144496,565419722
7.046483,60.2930,-37.6172,-37.6172,32,4,7.144496,565419722
7.048473,60.4688,-38.8477,-38.8477,30,4,7.144496,565419722
7.050462,60.8203,-40.0781,-40.0781,30,4,7.144496,565419722
7.052538,61.1719,-41.4844,-41.4844,29,4,7.144496,565419722
7.054530,61.3477,-42.7148,-42.7148,27,4,7.144496,565419722
7.056522,61.6992,-43.9453,-43.9453,27,4,7.144496,565419722
7.058510,61.8750,-45.0000,-45.0000,26,4,7.144496,565419722
7.060501,62.0508,-46.0547,-46.0547,25,4,7.144496,565419722
7.062491,62.2266,-47.1094,-47.1094,24,4,7.144496,565419722
7.064483,62.4023,-48.3398,-48.3398,24,4,7.144496,565419722
7.066473,62.5781,-49.2188,-49.2188,23,4,7.144496,565419722
7.068461,62.7539,-50.2734,-50.2734,22,4,7.144496,565419722
7.070538,62.9297,-51.3281,-51.3281,22,4,7.144496,565419722
7.072530,63.1055,-52.2070,-52.2070,21,4,7.144496,565419722
7.074522,63.1055,-53.0859,-53.0859,21,4,7.144496,565419722
7.076511,63.2812,-53.9648,-53.9648,21,4,7.144496,565419722
7.078501,63.2812,-54.8438,-54.8438,20,4,7.144496,565419722
7.080491,63.4570,-55.5469,-55.5469,20,4,7.144496,565419722
7.082483,63.4570,-56.4258,-56.4258,19,4,7.144496,565419722
7.084472,63.6328,-57.1289,-57.1289,19,4,7.144496,565419722
7.086461,63.6328,-57.8320,-57.8320,19,4,7.144496,565419722
7.088538,63.8086,-58.5352,-58.5352,19,4,7.144496,565419722
7.090530,63.8086,-59.2383,-59.2383,19,4,7.144496,565419722
7.092522,63.8086,-59.9414,-59.9414,19,4,7.144496,565419722
7.094511,63.8086,-60.4688,-60.4688,19,4,7.144496,565419722
7.096501,63.8086,-60.9961,-60.9961,19,4,7.144496,565419722
7.098491,63.8086,-61.6992,-61.6992,19,4,7.144496,565419722
7.100483,63.8086,-62.2266,-62.2266,19,4,7.144496,565419722
7.102472,63.8086,-62.5781,-62.5781,19,4,7.144496,565419722
7.104461,63.8086,-63.1055,-63.1055,-63,4,7.144496,565419722
7.106480,63.8086,-63.6328,-63.6328,19,4,7.144496,565419722
7.108468,63.8086,-63.9844,-63.9844,19,4,7.144496,565419722
7.110521,63.8086,-64.3359,-64.3359,-63,4,7.144496,565419722
7.112501,63.8086,-64.6875,-64.6875,-63,4,7.144496,565419722
7.114483,63.8086,-65.0391,-65.0391,-63,4,7.144496,565419722
7.116521,63.8086,-65.3906,-65.3906,-63,4,7.144496,565419722
7.118533,63.8086,-65.7422,-65.7422,-63,4,7.144496,565419722
7.122160,63.8086,-66.0938,-66.0938,-63,4,7.144496,565419722
7.122619,63.8086,-66.0938,-66.0938,-63,4,7.144496,565419722
7.124460,63.8086,-66.4453,-66.4453,-63,4,7.144496,565419722
7.126522,63.8086,-66.6211,-66.6211,-63,4,7.144496,565419722
7.128495,63.8086,-66.6211,-66.6211,-63,4,7.144496,565419722
7.130555,63.8086,-66.7969,-66.7969,-63,4,7.144496,565419722
7.135666,63.8086,-67.1484,-67.1484,-63,4,7.408385,565687931
7.136693,63.8086,-67.1484,-67.1484,-63,4,7.408385,565687931
7.137188,63.8086,-67.1484,-67.1484,-63,4,7.408385,565687931
7.138539,63.8086,-67.1484,-67.1484,-63,4,7.408385,565687931
7.140512,63.8086,-67.1484,-67.1484,-63,4,7.408385,565687931
7.142461,63.8086,-67.1484,-67.1484,-63,4,7.408385,565687931
7.144508,63.8086,-66.9727,-66.9727,-63,4,7.408385,565687931
7.146494,63.8086,-66.9727,-66.9727,-63,4,7.408385,565687931
7.148498,63.8086,-66.7969,-66.7969,-63,4,7.408385,565687931
7.150500,63.8086,-66.6211,-66.6211,-63,4,7.408385,565687931
7.152477,63.8086,-66.4453,-66.4453,-63,4,7.408385,565687931
7.154520,63.8086,-66.2695,-66.2695,-63,4,7.408385,565687931
7.156504,63.8086,-66.0938,-66.0938,-63,4,7.408385,565687931
7.158525,63.8086,-65.9180,-65.9180,-63,4,7.408385,565687931
7.160468,63.8086,-65.5664,-65.5664,-63,4,7.408385,565687931
7.162530,63.8086,-65.2148,-65.2148,-63,4,7.408385,565687931
7.164479,63.8086,-65.0391,-65.0391,-63,4,7.408385,565687931
7.166503,63.8086,-64.6875,-64.6875,-63,4,7.408385,565687931
7.168477,63.9844,-64.3359,-64.3359,-63,4,7.408385,565687931
7.170538,63.9844,-63.8086,-63.8086,-63,4,7.408385,565687931
7.172530,63.9844,-63.4570,-63.4570,-63,4,7.408385,565687931
7.174505,63.9844,-62.9297,-62.9297,-63,4,7.408385,565687931
7.176495,63.9844,-62.5781,-62.5781,-63,4,7.408385,565687931
7.178486,63.9844,-62.0508,-62.0508,-63,4,7.408385,565687931
7.180477,63.9844,-61.5234,-61.5234,-63,4,7.408385,565687931
7.182468,63.9844,-60.9961,-60.9961,-63,4,7.408385,565687931
7.184460,63.9844,-60.2930,-60.2930,-63,4,7.408385,565687931
7.186538,63.9844,-59.5898,-59.5898,-63,4,7.408385,565687931
7.188530,63.9844,-59.0625,-59.0625,-63,4,7.408385,565687931
7.190522,63.9844,-58.3594,-58.3594,-63,4,7.408385,565687931
7.192511,63.9844,-57.6562,-57.6562,-63,4,7.408385,565687931
7.194501,63.9844,-56.9531,-56.9531,-63,4,7.408385,565687931
7.196491,63.9844,-56.2500,-56.2500,-63,4,7.408385,565687931
7.198483,63.9844,-55.5469,-55.5469,-63,4,7.408385,565687931
7.200472,63.9844,-54.6680,-54.6680,-63,4,7.408385,565687931
7.202461,63.9844,-53.9648,-53.9648,-63,4,7.408385,565687931
7.204538,63.9844,-53.0859,-53.0859,-63,4,7.408385,565687931
7.206530,63.9844,-52.0312,-52.0312,-63,4,7.408385,565687931
7.208522,63.9844,-51.1523,-51.1523,-63,4,7.408385,565687931
7.210511,63.8086,-50.2734,-50.2734,-63,4,7.408385,565687931
7.212483,63.8086,-49.3945,-49.3945,-63,4,7.408385,565687931
7.214472,63.8086,-48.3398,-48.3398,-63,4,7.408385,565687931
7.216461,63.8086,-47.4609,-47.4609,-63,4,7.408385,565687931
7.218537,63.8086,-46.2305,-46.2305,-63,4,7.408385,565687931
7.222931,63.4570,-43.9453,-43.9453,-63,4,7.408385,565687931
7.223471,63.4570,-43.5938,-43.5938,-63,4,7.408385,565687931
7.224460,63.4570,-43.0664,-43.0664,-63,4,7.408385,565687931
7.226538,63.2812,-41.8359,-41.8359,-63,4,7.408385,565687931
7.228461,63.2812,-40.7812,-40.7812,-63,4,7.408385,565687931
7.230538,63.1055,-39.5508,-39.5508,-63,4,7.408385,565687931
7.232530,63.1055,-38.3203,-38.3203,-63,4,7.408385,565687931
7.234522,62.9297,-37.0898,-37.0898,-63,4,7.408385,565687931
7.236510,62.7539,-35.8594,-35.8594,-63,4,7.408385,565687931
7.238501,62.5781,-34.4531,-34.4531,-63,4,7.408385,565687931
7.240491,62.4023,-33.0469,-33.0469,-63,4,7.408385,565687931
7.242484,62.2266,-31.8164,-31.8164,-63,4,7.408385,565687931
7.244477,62.0508,-30.4102,-30.4102,-63,4,7.408385,565687931
7.246468,61.8750,-29.0039,-29.0039,-63,4,7.408385,565687931
7.248460,61.6992,-27.5977,-27.5977,-63,4,7.408385,565687931
7.250538,61.3477,-26.0156,-26.0156,-63,4,7.408385,565687931
7.252530,61.1719,-24.6094,-24.6094,-63,4,7.408385,565687931
7.254522,60.8203,-23.0273,-23.0273,-64,4,7.408385,565687931
7.256510,60.4688,-21.4453,-21.4453,-64,4,7.408385,565687931
7.258501,60.2930,-19.8633,-19.8633,-64,4,7.408385,565687931
7.260491,59.9414,-18.2812,-18.2812,-64,4,7.408385,565687931
7.262484,59.5898,-16.6992,-16.6992,-64,4,7.408385,565687931
7.264477,59.2383,-14.9414,-14.9414,-64,4,7.408385,565687931
7.266468,58.8867,-13.3594,-13.3594,-64,4,7.408385,565687931
7.268460,58.5352,-11.6016,-11.6016,-64,4,7.408385,565687931
7.270538,58.1836,-9.8438,-9.8438,-64,4,7.408385,565687931
7.272530,57.6562,-8.0859,-8.0859,-64,4,7.408385,565687931
7.274522,57.3047,-6.3281,-6.3281,-64,4,7.408385,565687931
7.276510,56.7773,-4.5703,-4.5703,-64,4,7.408385,565687931
7.278501,56.4258,-2.8125,-2.8125,-64,4,7.408385,565687931
7.280491,56.0742,-1.0547,-1.0547,-64,4,7.408385,565687931
7.282484,55.5469,0.8789,0.8789,-64,4,7.408385,565687931
7.284486,55.1953,2.6367,2.6367,-64,4,7.408385,565687931
7.286491,54.6680,4.3945,4.3945,-65,4,7.408385,565687931
7.288494,54.3164,6.3281,6.3281,-65,4,7.408385,565687931
7.290498,53.9648,8.0859,8.0859,-65,4,7.408385,565687931
7.292498,53.6133,9.8438,9.8438,-65,4,7.408385,565687931
7.294499,53.2617,11.6016,11.6016,-65,4,7.408385,565687931
7.296502,52.9102,13.1836,13.1836,-65,4,7.408385,565687931
7.298506,52.5586,14.9414,14.9414,-65,4,7.408385,565687931
7.300506,52.2070,16.5234,16.5234,-65,4,7.408385,565687931
7.302506,52.0312,18.2812,18.2812,-65,4,7.408385,565687931
7.304506,51.6797,19.8633,19.8633,-65,4,7.408385,565687931
7.306506,51.5039,21.4453,21.4453,-65,4,7.408385,565687931
7.308506,51.3281,22.8516,22.8516,-65,4,7.408385,565687931
7.310506,51.1523,24.4336,24.4336,-65,4,7.408385,565687931
7.312515,50.9766,26.0156,26.0156,-65,4,7.408385,565687931
7.314518,50.8008,27.4219,27.4219,-65,4,7.408385,565687931
7.316522,50.8008,28.8281,28.8281,-65,4,7.408385,565687931
7.318524,50.8008,30.0586,30.0586,-65,4,7.408385,565687931
7.322177,50.6250,32.5195,32.5195,-65,4,7.408385,565687931
7.322673,50.6250,32.8711,32.8711,-65,4,7.408385,565687931
7.324457,50.6250,33.9258,33.9258,-65,4,7.408385,565687931
7.326472,50.6250,35.1562,35.1562,-65,4,7.408385,565687931
7.328477,50.8008,36.3867,36.3867,-65,4,7.408385,565687931
7.330480,50.8008,37.4414,37.4414,-65,4,7.408385,565687931
7.332483,50.9766,38.6719,38.6719,-65,4,7.408385,565687931
7.334486,51.1523,39.7266,39.7266,-65,4,7.408385,565687931
7.336487,51.1523,40.7812,40.7812,-65,4,7.408385,565687931
7.338491,51.3281,41.8359,41.8359,-65,4,7.408385,565687931
7.340494,51.5039,42.8906,42.8906,-65,4,7.408385,565687931
7.342497,51.8555,43.7695,43.7695,-65,4,7.408385,565687931
7.344499,52.0312,44.6484,44.6484,-65,4,7.408385,565687931
7.346501,52.2070,45.7031,45.7031,-65,4,7.408385,565687931
7.348505,52.5586,46.5820,46.5820,-65,4,7.408385,565687931
7.350506,52.7344,47.2852,47.2852,-65,4,7.408385,565687931
7.352506,53.0859,48.1641,48.1641,-65,4,7.408385,565687931
7.354506,53.2617,48.8672,48.8672,-65,4,7.408385,565687931
7.356506,53.6133,49.7461,49.7461,-65,4,7.408385,565687931
7.358506,53.9648,50.4492,50.4492,-65,4,7.408385,565687931
7.360506,54.3164,51.1523,51.1523,-65,4,7.408385,565687931
7.362506,54.6680,51.8555,51.8555,-65,4,7.408385,565687931
7.364524,55.0195,52.3828,52.3828,-65,4,7.408385,565687931
7.366525,55.3711,53.0859,53.0859,-65,4,7.408385,565687931
7.368530,55.7227,53.6133,53.6133,-65,4,7.408385,565687931
7.370534,56.0742,54.3164,54.3164,-64,4,7.408385,565687931
7.372506,56.6016,54.8438,54.8438,-64,4,7.408385,565687931
7.374469,56.9531,55.1953,55.1953,-64,4,7.408385,565687931
7.376470,57.3047,55.7227,55.7227,41,4,7.408385,565687931
7.378486,57.8320,56.2500,56.2500,39,4,7.408385,565687931
7.380487,58.3594,56.6016,56.6016,-64,4,7.408385,565687931
7.382502,58.7109,57.1289,57.1289,36,4,7.408385,565687931
7.384482,59.0625,57.4805,57.4805,35,4,7.408385,565687931
7.386456,59.5898,57.8320,57.8320,34,4,7.408385,565687931
7.388518,59.9414,58.3594,58.3594,33,4,7.408385,565687931
7.390522,60.4688,58.5352,58.5352,32,4,7.408385,565687931
7.392506,60.9961,58.8867,58.8867,30,4,7.408385,565687931
7.394494,61.3477,59.2383,59.2383,28,4,7.408385,565687931
7.396480,61.8750,59.4141,59.4141,27,4,7.408385,565687931
7.398469,62.4023,59.7656,59.7656,25,4,7.408385,565687931
7.403840,63.6328,60.2930,60.2930,23,4,7.662648,565949348
7.404863,63.8086,60.4688,60.4688,19,4,7.662648,565949348
7.405371,63.9844,60.4688,60.4688,19,4,7.662648,565949348
7.406476,64.1602,60.4688,60.4688,19,4,7.662648,565949348
7.408531,64.6875,60.6445,60.6445,18,4,7.662648,565949348
7.410468,65.2148,60.6445,60.6445,16,4,7.662648,565949348
7.412530,65.7422,60.8203,60.8203,14,4,7.662648,565949348
7.414517,66.0938,60.8203,60.8203,12,4,7.662648,565949348
7.416501,66.6211,60.9961,60.9961,11,4,7.662648,565949348
7.418537,67.1484,60.9961,60.9961,9,4,7.662648,565949348
7.423478,68.3789,60.9961,60.9961,8,4,7.662648,565949348
7.424368,68.7305,60.8203,60.8203,8,4,7.662648,565949348
7.424889,68.7305,60.8203,60.8203,8,4,7.662648,565949348
7.426533,69.2578,60.8203,60.8203,8,4,7.662648,565949348
7.428527,69.6094,60.8203,60.8203,8,4,7.662648,565949348
7.430514,70.1367,60.6445,60.6445,8,4,7.662648,565949348
7.432508,70.8398,60.4688,60.4688,-62,4,7.662648,565949348
7.434491,71.3672,60.4688,60.4688,-62,4,7.662648,565949348
7.436525,71.8945,60.1172,60.1172,-62,4,7.662648,565949348
7.438536,72.4219,59.9414,59.9414,-61,4,7.662648,565949348
7.440494,72.9492,59.7656,59.7656,-61,4,7.662648,565949348
7.442477,73.6523,59.4141,59.4141,-61,4,7.662648,565949348
7.444460,74.1797,59.2383,59.2383,-61,4,7.662648,565949348
7.446530,74.7070,58.8867,58.8867,-61,4,7.662648,565949348
7.448510,75.4102,58.5352,58.5352,-61,4,7.662648,565949348
7.450494,75.9375,58.1836,58.1836,-61,4,7.662648,565949348
7.452477,76.4648,57.8320,57.8320,-61,4,7.662648,565949348
7.454460,77.1680,57.3047,57.3047,-61,4,7.662648,565949348
7.456460,77.8711,56.9531,56.9531,-60,4,7.662648,565949348
7.458530,78.5742,56.4258,56.4258,-60,4,7.662648,565949348
7.460530,79.2773,55.8984,55.8984,-60,4,7.662648,565949348
7.462530,79.8047,55.5469,55.5469,-60,4,7.662648,565949348
7.464530,80.5078,54.8438,54.8438,-60,4,7.662648,565949348
7.466530,81.2109,54.3164,54.3164,-60,4,7.662648,565949348
7.468530,81.9141,53.7891,53.7891,-60,4,7.662648,565949348
7.470530,82.7930,53.0859,53.0859,-59,4,7.662648,565949348
7.472530,83.4961,52.5586,52.5586,-59,4,7.662648,565949348
7.474530,84.1992,51.8555,51.8555,-59,4,7.662648,565949348
7.476530,84.9023,51.1523,51.1523,-59,4,7.662648,565949348
7.478530,85.7812,50.4492,50.4492,-59,4,7.662648,565949348
7.480533,86.4844,49.7461,49.7461,-59,4,7.662648,565949348
7.482533,87.3633,48.8672,48.8672,-58,4,7.662648,565949348
7.484533,88.2422,48.1641,48.1641,-58,4,7.662648,565949348
7.486533,89.1211,47.4609,47.4609,-58,4,7.662648,565949348
7.488533,89.8242,46.5820,46.5820,-58,4,7.662648,565949348
7.490533,90.8789,45.7031,45.7031,-58,4,7.662648,565949348
7.492533,91.7578,44.8242,44.8242,-58,4,7.662648,565949348
7.494530,92.6367,43.9453,43.9453,-57,4,7.662648,565949348
7.496530,93.5156,43.0664,43.0664,-57,4,7.662648,565949348
7.498530,94.3945,42.0117,42.0117,-57,4,7.662648,565949348
7.500530,95.4492,40.9570,40.9570,0,0,7.662648,565949348
7.502463,96.3281,40.0781,40.0781,0,0,7.662648,565949348
7.504455,97.3828,39.0234,39.0234,0,0,7.662648,565949348
7.506525,98.4375,37.9688,37.9688,0,0,7.662648,565949348
7.508516,99.4922,36.9141,36.9141,0,0,7.662648,565949348
7.510497,100.5469,35.8594,35.8594,0,0,7.662648,565949348
7.512506,101.6016,34.8047,34.8047,0,0,7.662648,565949348
7.514487,102.6562,33.7500,33.7500,0,0,7.662648,565949348
7.516477,103.7109,32.5195,32.5195,0,0,7.662648,565949348
7.518460,104.7656,31.2891,31.2891,0,0,7.662648,565949348
7.522333,107.0508,29.0039,29.0039,0,0,7.662648,565949348
7.522608,107.2266,28.8281,28.8281,0,0,7.662648,565949348
7.524537,108.2812,27.7734,27.7734,0,0,7.662648,565949348
7.526506,109.5117,26.5430,26.5430,0,0,7.662648,565949348
7.528504,110.7422,25.3125,25.3125,0,0,7.662648,565949348
7.530517,111.9727,24.0820,24.0820,0,0,7.662648,565949348
7.532516,113.2031,22.6758,22.6758,0,0,7.662648,565949348
7.534516,114.4336,21.4453,21.4453,0,0,7.662648,565949348
7.536516,115.6641,20.2148,20.2148,0,0,7.662648,565949348
7.538516,116.8945,18.9844,18.9844,0,0,7.662648,565949348
7.540516,118.1250,17.5781,17.5781,0,0,7.662648,565949348
7.542516,119.3555,16.1719,16.1719,0,0,7.662648,565949348
7.544516,120.7617,14.9414,14.9414,0,0,7.662648,565949348
7.546516,121.9922,13.5352,13.5352,0,0,7.662648,565949348
7.548516,123.2227,12.3047,12.3047,0,0,7.662648,565949348
7.550516,124.4531,10.8984,10.8984,0,0,7.662648,565949348
7.552516,125.8594,9.4922,9.4922,0,0,7.662648,565949348
7.554515,127.0898,8.2617,8.2617,0,0,7.662648,565949348
7.556515,128.3203,6.8555,6.8555,0,0,7.662648,565949348
7.558515,129.5508,5.6250,5.6250,0,0,7.662648,565949348
7.560510,130.9570,4.2188,4.2188,0,0,7.662648,565949348
7.562506,132.1875,2.9883,2.9883,0,0,7.662648,565949348
7.564505,133.4180,1.7578,1.7578,0,0,7.662648,565949348
7.566503,134.6484,0.3516,0.3516,0,0,7.662648,565949348
7.568500,135.7031,-0.3516,-0.3516,0,0,7.662648,565949348
7.570498,135.7031,0.0000,0.0000,0,0,7.662648,565949348
7.572495,135.0000,0.0000,0.0000,0,0,7.662648,565949348
7.574494,134.4727,0.1758,0.1758,0,0,7.662648,565949348
7.576494,134.1211,0.7031,0.7031,0,0,7.662648,565949348
7.578494,133.2422,1.4062,1.4062,0,0,7.662648,565949348
7.580494,132.7148,1.9336,1.9336,0,0,7.662648,565949348
7.582494,132.3633,2.2852,2.2852,0,0,7.662648,565949348
7.584494,131.6602,2.9883,2.9883,0,0,7.662648,565949348
7.586494,131.3086,3.5156,3.5156,0,0,7.662648,565949348
7.588494,130.9570,3.6914,3.6914,0,0,7.662648,565949348
7.590494,130.2539,4.3945,4.3945,0,0,7.662648,565949348
7.592494,129.9023,4.9219,4.9219,0,0,7.662648,565949348
7.594494,129.1992,5.6250,5.6250,0,0,7.662648,565949348
7.596494,128.6719,6.1523,6.1523,0,0,7.662648,565949348
7.598494,128.1445,6.8555,6.8555,0,0,7.662648,565949348
7.600494,127.6172,7.3828,7.3828,0,0,7.662648,565949348
7.602494,127.0898,8.0859,8.0859,0,0,7.662648,565949348
7.604494,126.3867,8.6133,8.6133,0,0,7.662648,565949348
7.606494,125.8594,9.3164,9.3164,0,0,7.662648,565949348
7.608494,125.3320,9.8438,9.8438,0,0,7.662648,565949348
7.610494,124.8047,10.5469,10.5469,0,0,7.662648,565949348
7.612505,124.2773,11.0742,11.0742,0,0,7.662648,565949348
7.614502,123.5742,11.6016,11.6016,0,0,7.662648,565949348
7.616499,123.0469,12.3047,12.3047,0,0,7.662648,565949348
7.618498,122.5195,12.8320,12.8320,0,0,7.662648,565949348
7.622015,121.4648,13.8867,13.8867,0,0,7.662648,565949348
7.622538,121.4648,14.0625,14.0625,0,0,7.662648,565949348
7.624524,120.7617,14.5898,14.5898,0,0,7.662648,565949348
7.626515,120.2344,15.1172,15.1172,0,0,7.662648,565949348
7.628522,119.7070,15.8203,15.8203,0,0,7.662648,565949348
7.630498,119.1797,16.3477,16.3477,0,0,7.662648,565949348
7.632480,118.6523,16.8750,16.8750,0,0,7.662648,565949348
7.634499,118.1250,17.4023,17.4023,0,0,7.662648,565949348
7.636471,117.5977,17.9297,17.9297,0,0,7.662648,565949348
7.638485,117.0703,18.4570,18.4570,0,0,7.662648,565949348
7.640461,116.5430,18.9844,18.9844,0,0,7.662648,565949348
7.642468,116.0156,19.5117,19.5117,0,0,7.662648,565949348
7.644534,115.4883,19.8633,19.8633,0,0,7.662648,565949348
7.646524,114.9609,20.3906,20.3906,0,0,7.662648,565949348
7.648506,114.4336,20.9180,20.9180,0,0,7.662648,565949348
7.650494,113.9062,21.2695,21.2695,0,0,7.662648,565949348
7.652477,113.5547,21.7969,21.7969,0,0,7.662648,565949348
7.654468,113.0273,22.1484,22.1484,0,0,7.662648,565949348
7.656534,112.5000,22.6758,22.6758,0,0,7.662648,565949348
7.658524,111.9727,23.2031,23.2031,0,0,7.662648,565949348
7.660506,111.6211,23.5547,23.5547,0,0,7.662648,565949348
7.665349,110.3906,24.4336,24.4336,0,0,7.900235,566185248
7.665831,110.3906,24.4336,24.4336,0,0,7.900235,566185248
7.666474,110.2148,24.6094,24.6094,0,0,7.900235,566185248
7.668534,109.6875,24.9609,24.9609,0,0,7.900235,566185248
7.670519,109.3359,25.3125,25.3125,0,0,7.900235,566185248
7.672484,108.9844,25.4883,25.4883,0,0,7.900235,566185248
7.674693,108.4570,25.8398,25.8398,0,0,7.900235,566185248
7.676510,108.1055,26.1914,26.1914,0,0,7.900235,566185248
7.678510,107.7539,26.3672,26.3672,0,0,7.900235,566185248
7.680473,107.4023,26.7188,26.7188,0,0,7.900235,566185248
7.682468,106.8750,26.8945,26.8945,0,0,7.900235,566185248
7.684469,106.5234,27.0703,27.0703,0,0,7.900235,566185248
7.686469,106.1719,27.2461,27.2461,0,0,7.900235,566185248
7.688469,105.8203,27.4219,27.4219,0,0,7.900235,566185248
7.690469,105.4688,27.5977,27.5977,0,0,7.900235,566185248
7.692469,105.1172,27.7734,27.7734,0,0,7.900235,566185248
7.694469,104.7656,27.9492,27.9492,0,0,7.900235,566185248
7.696469,104.4141,28.1250,28.1250,0,0,7.900235,566185248
7.698469,104.0625,28.1250,28.1250,0,0,7.900235,566185248
7.700469,103.7109,28.3008,28.3008,0,0,7.900235,566185248
7.702469,103.3594,28.3008,28.3008,0,0,7.900235,566185248
7.704469,103.0078,28.4766,28.4766,0,0,7.900235,566185248
7.706469,102.6562,28.4766,28.4766,0,0,7.900235,566185248
7.708469,102.4805,28.4766,28.4766,0,0,7.900235,566185248
7.710469,102.1289,28.4766,28.4766,0,0,7.900235,566185248
7.712480,101.9531,28.4766,28.4766,0,0,7.900235,566185248
7.714479,101.6016,28.4766,28.4766,0,0,7.900235,566185248
7.716477,101.2500,28.4766,28.4766,0,0,7.900235,566185248
7.718476,101.0742,28.4766,28.4766,0,0,7.900235,566185248
7.722505,100.5469,28.3008,28.3008,0,0,7.900235,566185248
7.722800,100.5469,28.3008,28.3008,0,0,7.900235,566185248
7.724455,100.3711,28.3008,28.3008,0,0,7.900235,566185248
7.726530,100.0195,28.1250,28.1250,0,0,7.900235,566185248
7.728510,99.8438,27.9492,27.9492,0,0,7.900235,566185248
7.730497,99.6680,27.7734,27.7734,0,0,7.900235,566185248
7.732460,99.3164,27.5977,27.5977,0,0,7.900235,566185248
7.734534,99.1406,27.4219,27.4219,0,0,7.900235,566185248
7.736515,98.9648,27.2461,27.2461,0,0,7.900235,566185248
7.738506,98.7891,27.0703,27.0703,0,0,7.900235,566185248
7.740487,98.6133,26.8945,26.8945,0,0,7.900235,566185248
7.742501,98.2617,26.7188,26.7188,0,0,7.900235,566185248
7.744483,98.2617,26.3672,26.3672,0,0,7.900235,566185248
7.746471,98.0859,26.1914,26.1914,0,0,7.900235,566185248
7.748538,97.7344,25.8398,25.8398,0,0,7.900235,566185248
7.750530,97.7344,25.4883,25.4883,0,0,7.900235,566185248
7.752509,97.5586,25.3125,25.3125,0,0,7.900235,566185248
7.754498,97.3828,24.9609,24.9609,0,0,7.900235,566185248
7.756479,97.2070,24.6094,24.6094,0,0,7.900235,566185248
7.758468,97.0312,24.2578,24.2578,0,0,7.900235,566185248
7.760537,97.0312,23.9062,23.9062,0,0,7.900235,566185248
7.762525,96.8555,23.3789,23.3789,0,0,7.900235,566185248
7.764506,96.6797,23.0273,23.0273,0,0,7.900235,566185248
7.766498,96.6797,22.6758,22.6758,0,0,7.900235,566185248
7.768479,96.5039,22.1484,22.1484,0,0,7.900235,566185248
7.770468,96.3281,21.7969,21.7969,0,0,7.900235,566185248
7.772534,96.3281,21.2695,21.2695,0,0,7.900235,566185248
7.774525,96.1523,20.9180,20.9180,0,0,7.900235,566185248
7.776506,96.1523,20.3906,20.3906,0,0,7.900235,566185248
7.778495,96.1523,19.8633,19.8633,0,0,7.900235,566185248
7.780477,95.9766,19.3359,19.3359,0,0,7.900235,566185248
7.782468,95.9766,18.9844,18.9844,0,0,7.900235,566185248
7.784534,95.8008,18.4570,18.4570,0,0,7.900235,566185248
7.786524,95.8008,17.9297,17.9297,0,0,7.900235,566185248
7.788506,95.8008,17.2266,17.2266,0,0,7.900235,566185248
7.790494,95.6250,16.8750,16.8750,0,0,7.900235,566185248
7.792477,95.6250,16.1719,16.1719,0,0,7.900235,566185248
7.794468,95.6250,15.6445,15.6445,0,0,7.900235,566185248
7.796534,95.6250,15.1172,15.1172,0,0,7.900235,566185248
7.798525,95.4492,14.4141,14.4141,0,0,7.900235,566185248
7.800506,95.4492,13.8867,13.8867,0,0,7.900235,566185248
7.802495,95.4492,13.3594,13.3594,0,0,7.900235,566185248
7.804477,95.4492,12.6562,12.6562,0,0,7.900235,566185248
7.806468,95.4492,12.1289,12.1289,0,0,7.900235,566185248
7.808534,95.4492,11.4258,11.4258,0,0,7.900235,566185248
7.810524,95.4492,10.7227,10.7227,0,0,7.900235,566185248
7.812510,95.4492,10.1953,10.1953,0,0,7.900235,566185248
7.814498,95.4492,9.4922,9.4922,0,0,7.900235,566185248
7.816479,95.4492,8.9648,8.9648,0,0,7.900235,566185248
7.818468,95.4492,8.2617,8.2617,0,0,7.900235,566185248
7.822050,95.4492,7.2070,7.2070,0,0,7.900235,566185248
7.822495,95.4492,7.0312,7.0312,0,0,7.900235,566185248
7.824498,95.4492,6.3281,6.3281,0,0,7.900235,566185248
7.826494,95.4492,5.8008,5.8008,0,0,7.900235,566185248
7.828491,95.4492,5.0977,5.0977,0,0,7.900235,566185248
7.830491,95.4492,4.3945,4.3945,0,0,7.900235,566185248
7.832492,95.4492,3.8672,3.8672,0,0,7.900235,566185248
7.834538,95.4492,3.1641,3.1641,0,0,7.900235,566185248
7.836464,95.4492,2.6367,2.6367,0,0,7.900235,566185248
7.838461,95.4492,1.9336,1.9336,0,0,7.900235,566185248
7.840460,95.4492,1.4062,1.4062,0,0,7.900235,566185248
7.842457,95.4492,0.7031,0.7031,0,0,7.900235,566185248
7.844456,95.4492,0.1758,0.1758,0,0,7.900235,566185248
7.846538,95.4492,-0.5273,-0.5273,0,0,7.900235,566185248
7.848534,95.4492,-1.0547,-1.0547,0,0,7.900235,566185248
7.850533,95.2734,-1.5820,-1.5820,0,0,7.900235,566185248
7.852530,95.2734,-2.1094,-2.1094,0,0,7.900235,566185248
7.854526,95.2734,-2.8125,-2.8125,0,0,7.900235,566185248
7.856524,95.2734,-3.3398,-3.3398,0,0,7.900235,566185248
7.858522,95.0977,-3.8672,-3.8672,0,0,7.900235,566185248
7.860518,95.0977,-4.3945,-4.3945,0,0,7.900235,566185248
7.862518,95.0977,-4.9219,-4.9219,0,0,7.900235,566185248
7.864515,94.9219,-5.4492,-5.4492,0,0,7.900235,566185248
7.866515,94.9219,-5.9766,-5.9766,0,0,7.900235,566185248
7.868510,94.9219,-6.3281,-6.3281,0,0,7.900235,566185248
7.870506,94.7461,-6.8555,-6.8555,0,0,7.900235,566185248
7.872505,94.7461,-7.3828,-7.3828,0,0,7.900235,566185248
7.874503,94.5703,-7.7344,-7.7344,0,0,7.900235,566185248
7.876500,94.5703,-8.2617,-8.2617,0,0,7.900235,566185248
7.878498,94.3945,-8.6133,-8.6133,0,0,7.900235,566185248
7.880551,94.3945,-8.9648,-8.9648,0,0,7.900235,566185248
7.882538,94.2188,-9.4922,-9.4922,0,0,7.900235,566185248
7.884514,94.0430,-9.8438,-9.8438,0,0,7.900235,566185248
7.886510,94.0430,-10.1953,-10.1953,0,0,7.900235,566185248
7.888460,93.8672,-10.5469,-10.5469,0,0,7.900235,566185248
7.890496,93.6914,-10.8984,-10.8984,0,0,7.900235,566185248
7.892495,93.6914,-11.2500,-11.2500,0,0,7.900235,566185248
7.894536,93.5156,-11.6016,-11.6016,0,0,7.900235,566185248
7.896461,93.3398,-11.7773,-11.7773,0,0,7.900235,566185248
7.900993,92.9883,-12.4805,-12.4805,0,0,8.175317,566463511
7.901604,92.8125,-12.4805,-12.4805,0,0,8.175317,566463511
7.902514,92.8125,-12.6562,-12.6562,0,0,8.175317,566463511
7.904884,92.6367,-12.8320,-12.8320,0,0,8.175317,566463511
7.906471,92.4609,-13.0078,-13.0078,0,0,8.175317,566463511
7.908489,92.2852,-13.1836,-13.1836,0,0,8.175317,566463511
7.910473,92.1094,-13.3594,-13.3594,0,0,8.175317,566463511
7.912483,91.9336,-13.7109,-13.7109,0,0,8.175317,566463511
7.914457,91.7578,-13.7109,-13.7109,0,0,8.175317,566463511
7.916506,91.4062,-13.8867,-13.8867,0,0,8.175317,566463511
7.918505,91.2305,-14.0625,-14.0625,0,0,8.175317,566463511
7.922548,90.8789,-14.2383,-14.2383,0,0,8.175317,566463511
7.922871,90.7031,-14.2383,-14.2383,0,0,8.175317,566463511
7.924515,90.5273,-14.4141,-14.4141,0,0,8.175317,566463511
7.926506,90.3516,-14.4141,-14.4141,0,0,8.175317,566463511
7.928540,90.0000,-14.4141,-14.4141,0,0,8.175317,566463511
7.930515,89.8242,-14.4141,-14.4141,0,0,8.175317,566463511
7.932497,89.6484,-14.4141,-14.4141,0,0,8.175317,566463511
7.934487,89.2969,-14.4141,-14.4141,0,0,8.175317,566463511
7.936533,89.1211,-14.4141,-14.4141,0,0,8.175317,566463511
7.938525,88.7695,-14.4141,-14.4141,0,0,8.175317,566463511
7.940507,88.4180,-14.4141,-14.4141,0,0,8.175317,566463511
7.942524,88.2422,-14.4141,-14.4141,0,0,8.175317,566463511
7.944506,87.8906,-14.2383,-14.2383,0,0,8.175317,566463511
7.946494,87.7148,-14.0625,-14.0625,0,0,8.175317,566463511
7.948477,87.3633,-14.0625,-14.0625,0,0,8.175317,566463511
7.950468,87.0117,-13.8867,-13.8867,0,0,8.175317,566463511
7.952537,86.6602,-13.8867,-13.8867,0,0,8.175317,566463511
7.954525,86.3086,-13.7109,-13.7109,0,0,8.175317,566463511
7.956506,85.9570,-13.3594,-13.3594,0,0,8.175317,566463511
7.958495,85.6055,-13.1836,-13.1836,0,0,8.175317,566463511
7.960477,85.4297,-13.0078,-13.0078,0,0,8.175317,566463511
7.962469,85.0781,-12.8320,-12.8320,0,0,8.175317,566463511
7.964537,84.7266,-12.6562,-12.6562,0,0,8.175317,566463511
7.966525,84.3750,-12.3047,-12.3047,0,0,8.175317,566463511
7.968506,83.8477,-12.1289,-12.1289,0,0,8.175317,566463511
7.970495,83.4961,-11.7773,-11.7773,0,0,8.175317,566463511
7.972477,83.1445,-11.6016,-11.6016,0,0,8.175317,566463511
7.974469,82.7930,-11.2500,-11.2500,0,0,8.175317,566463511
7.976537,82.4414,-10.8984,-10.8984,0,0,8.175317,566463511
7.978525,82.0898,-10.5469,-10.5469,0,0,8.175317,566463511
7.980506,81.5625,-10.1953,-10.1953,0,0,8.175317,566463511
7.982495,81.2109,-9.8438,-9.8438,0,0,8.175317,566463511
7.984477,80.8594,-9.4922,-9.4922,0,0,8.175317,566463511
7.986469,80.3320,-9.1406,-9.1406,0,0,8.175317,566463511
7.988537,79.9805,-8.7891,-8.7891,0,0,8.175317,566463511
7.990525,79.4531,-8.2617,-8.2617,0,0,8.175317,566463511
7.992506,79.1016,-7.9102,-7.9102,0,0,8.175317,566463511
7.994495,78.5742,-7.5586,-7.5586,0,0,8.175317,566463511
7.996477,78.2227,-7.0312,-7.0312,0,0,8.175317,566463511
7.998469,77.8711,-6.6797,-6.6797,0,0,8.175317,566463511
8.000537,77.3438,-6.1523,-6.1523,0,0,8.175317,566463511
8.002525,76.8164,-5.6250,-5.6250,0,0,8.175317,566463511
8.004506,76.4648,-5.0977,-5.0977,0,0,8.175317,566463511
8.006495,75.9375,-4.5703,-4.5703,0,0,8.175317,566463511
8.008477,75.4102,-4.0430,-4.0430,0,0,8.175317,566463511
8.010469,75.0586,-3.5156,-3.5156,0,0,8.175317,566463511
8.012463,74.5312,-3.1641,-3.1641,0,0,8.175317,566463511
8.014538,74.0039,-2.4609,-2.4609,0,0,8.175317,566463511
8.016522,73.4766,-1.9336,-1.9336,0,0,8.175317,566463511
8.018510,72.9492,-1.4062,-1.4062,0,0,8.175317,566463511
8.022019,72.0703,-0.3516,-0.3516,0,0,8.175317,566463511
8.022468,71.8945,-0.3516,-0.3516,0,0,8.175317,566463511
8.024466,71.5430,0.3516,0.3516,0,0,8.175317,566463511
8.026463,71.0156,0.8789,0.8789,0,0,8.175317,566463511
8.028460,70.4883,1.4062,1.4062,0,0,8.175317,566463511
8.030457,69.9609,2.1094,2.1094,0,0,8.175317,566463511
8.032456,69.4336,2.6367,2.6367,0,0,8.175317,566463511
8.034538,68.9062,3.1641,3.1641,0,0,8.175317,566463511
8.036534,68.3789,3.8672,3.8672,0,0,8.175317,566463511
8.038489,67.8516,4.3945,4.3945,0,0,8.175317,566463511
8.040486,67.3242,5.0977,5.0977,0,0,8.175317,566463511
8.042486,66.7969,5.6250,5.6250,0,0,8.175317,566463511
8.044498,66.2695,6.3281,6.3281,0,0,8.175317,566463511
8.046494,65.7422,6.8555,6.8555,0,0,8.175317,566463511
8.048494,65.2148,7.3828,7.3828,0,0,8.175317,566463511
8.050491,64.6875,8.0859,8.0859,0,0,8.175317,566463511
8.052491,64.1602,8.6133,8.6133,0,0,8.175317,566463511
8.054491,63.8086,9.1406,9.1406,0,0,8.175317,566463511
8.056491,63.2812,9.8438,9.8438,0,0,8.175317,566463511
8.058491,62.7539,10.3711,10.3711,0,0,8.175317,566463511
8.060491,62.2266,10.8984,10.8984,0,0,8.175317,566463511
8.062491,61.6992,11.6016,11.6016,0,0,8.175317,566463511
8.064491,61.3477,12.1289,12.1289,0,0,8.175317,566463511
8.066491,60.8203,12.6562,12.6562,0,0,8.175317,566463511
8.068491,60.2930,13.1836,13.1836,0,0,8.175317,566463511
8.070491,59.7656,13.7109,13.7109,0,0,8.175317,566463511
8.072491,59.4141,14.2383,14.2383,0,0,8.175317,566463511
8.074491,58.8867,14.7656,14.7656,0,0,8.175317,566463511
8.076491,58.5352,15.2930,15.2930,0,0,8.175317,566463511
8.078491,58.0078,15.8203,15.8203,0,0,8.175317,566463511
8.080491,57.6562,16.3477,16.3477,0,0,8.175317,566463511
8.082491,57.1289,16.8750,16.8750,0,0,8.175317,566463511
8.084491,56.7773,17.2266,17.2266,0,0,8.175317,566463511
8.086491,56.2500,17.7539,17.7539,0,0,8.175317,566463511
8.088491,55.8984,18.2812,18.2812,0,0,8.175317,566463511
8.090491,55.5469,18.6328,18.6328,0,0,8.175317,566463511
8.092491,55.0195,18.9844,18.9844,0,0,8.175317,566463511
8.094491,54.6680,19.5117,19.5117,0,0,8.175317,566463511
8.096491,54.3164,19.8633,19.8633,0,0,8.175317,566463511
8.098491,53.9648,20.2148,20.2148,0,0,8.175317,566463511
8.100491,53.6133,20.5664,20.5664,0,0,8.175317,566463511
8.102491,53.2617,20.9180,20.9180,0,0,8.175317,566463511
8.104491,52.9102,21.2695,21.2695,0,0,8.175317,566463511
8.106491,52.5586,21.6211,21.6211,0,0,8.175317,566463511
8.108491,52.2070,21.9727,21.9727,0,0,8.175317,566463511
8.110491,51.8555,22.1484,22.1484,0,0,8.175317,566463511
8.112502,51.5039,22.5000,22.5000,0,0,8.175317,566463511
8.114513,51.3281,22.8516,22.8516,0,0,8.175317,566463511
8.116534,50.9766,23.0273,23.0273,0,0,8.175317,566463511
8.118495,50.6250,23.3789,23.3789,0,0,8.175317,566463511
8.122015,50.0977,23.7305,23.7305,0,0,8.175317,566463511
8.122459,50.0977,23.7305,23.7305,0,0,8.175317,566463511
8.124525,49.7461,23.9062,23.9062,0,0,8.175317,566463511
8.126516,49.5703,24.0820,24.0820,0,0,8.175317,566463511
8.128497,49.2188,24.2578,24.2578,0,0,8.175317,566463511
8.130487,49.0430,24.4336,24.4336,0,0,8.175317,566463511
8.132468,48.8672,24.6094,24.6094,0,0,8.175317,566463511
8.134491,48.5156,24.7852,24.7852,0,0,8.175317,566463511
8.136483,48.3398,24.7852,24.7852,0,0,8.175317,566463511
8.138470,48.1641,24.9609,24.9609,0,0,8.175317,566463511
8.140457,47.9883,24.9609,24.9609,0,0,8.175317,566463511
8.142517,47.8125,24.9609,24.9609,0,0,8.175317,566463511
8.144512,47.6367,24.9609,24.9609,0,0,8.175317,566463511
8.146509,47.4609,25.1367,25.1367,0,0,8.175317,566463511
8.148524,47.1094,25.1367,25.1367,0,0,8.175317,566463511
8.150460,47.1094,25.1367,25.1367,0,0,8.175317,566463511
8.152456,46.9336,25.1367,25.1367,0,0,8.175317,566463511
8.154460,46.7578,24.9609,24.9609,0,0,8.175317,566463511
8.156530,46.5820,24.9609,24.9609,0,0,8.175317,566463511
8.158518,46.4062,24.9609,24.9609,0,0,8.175317,566463511
8.160498,46.2305,24.7852,24.7852,0,0,8.175317,566463511
8.162487,46.2305,24.7852,24.7852,0,0,8.175317,566463511
8.164468,46.0547,24.6094,24.6094,0,0,8.175317,566463511
8.166457,45.8789,24.4336,24.4336,0,0,8.175317,566463511
8.168524,45.8789,24.2578,24.2578,0,0,8.175317,566463511
8.170515,45.7031,24.0820,24.0820,0,0,8.175317,566463511
8.172498,45.7031,23.9062,23.9062,0,0,8.175317,566463511
8.174487,45.5273,23.7305,23.7305,0,0,8.175317,566463511
8.179445,45.5273,23.2031,23.2031,0,0,8.413846,566695025
8.179896,45.5273,23.2031,23.2031,0,0,8.413846,566695025
8.180514,45.5273,23.2031,23.2031,0,0,8.413846,566695025
8.182510,45.3516,22.8516,22.8516,0,0,8.413846,566695025
8.184473,45.3516,22.5000,22.5000,0,0,8.413846,566695025
8.186517,45.3516,22.3242,22.3242,0,0,8.413846,566695025
8.188464,45.3516,21.9727,21.9727,0,0,8.413846,566695025
8.190477,45.3516,21.6211,21.6211,0,0,8.413846,566695025
8.192486,45.3516,21.2695,21.2695,0,0,8.413846,566695025
8.194486,45.3516,21.0938,21.0938,0,0,8.413846,566695025
8.196491,45.3516,20.5664,20.5664,0,0,8.413846,566695025
8.198491,45.3516,20.2148,20.2148,0,0,8.413846,566695025
8.200491,45.3516,19.8633,19.8633,0,0,8.413846,566695025
8.202491,45.3516,19.5117,19.5117,0,0,8.413846,566695025
8.204491,45.3516,19.1602,19.1602,0,0,8.413846,566695025
8.206491,45.3516,18.6328,18.6328,0,0,8.413846,566695025
8.208491,45.5273,18.2812,18.2812,0,0,8.413846,566695025
8.210491,45.5273,17.7539,17.7539,0,0,8.413846,566695025
8.212509,45.5273,17.2266,17.2266,0,0,8.413846,566695025
8.214506,45.7031,16.8750,16.8750,0,0,8.413846,566695025
8.216505,45.7031,16.3477,16.3477,0,0,8.413846,566695025
8.218505,45.7031,15.8203,15.8203,0,0,8.413846,566695025
8.222520,45.8789,14.9414,14.9414,0,0,8.413846,566695025
8.222819,46.0547,14.7656,14.7656,0,0,8.413846,566695025
8.224468,46.0547,14.4141,14.4141,0,0,8.413846,566695025
8.226460,46.2305,13.8867,13.8867,0,0,8.413846,566695025
8.228530,46.2305,13.3594,13.3594,0,0,8.413846,566695025
8.230518,46.4062,12.8320,12.8320,0,0,8.413846,566695025
8.232498,46.4062,12.3047,12.3047,0,0,8.413846,566695025
8.234487,46.5820,11.7773,11.7773,0,0,8.413846,566695025
8.236468,46.7578,11.2500,11.2500,0,0,8.413846,566695025
8.238457,46.7578,10.7227,10.7227,0,0,8.413846,566695025
8.240524,46.9336,10.0195,10.0195,0,0,8.413846,566695025
8.242523,46.9336,9.4922,9.4922,0,0,8.413846,566695025
8.244494,47.1094,8.9648,8.9648,0,0,8.413846,566695025
8.246486,47.2852,8.4375,8.4375,0,0,8.413846,566695025
8.248491,47.4609,7.9102,7.9102,0,0,8.413846,566695025
8.250480,47.4609,7.2070,7.2070,0,0,8.413846,566695025
8.252460,47.6367,6.6797,6.6797,0,0,8.413846,566695025
8.254534,47.8125,6.1523,6.1523,0,0,8.413846,566695025
8.256518,47.8125,5.6250,5.6250,0,0,8.413846,566695025
8.258506,47.9883,5.0977,5.0977,0,0,8.413846,566695025
8.260491,48.1641,4.3945,4.3945,0,0,8.413846,566695025
8.262480,48.3398,3.8672,3.8672,0,0,8.413846,566695025
8.264461,48.3398,3.3398,3.3398,0,0,8.413846,566695025
8.266534,48.5156,2.8125,2.8125,0,0,8.413846,566695025
8.268516,48.6914,2.2852,2.2852,0,0,8.413846,566695025
8.270506,48.6914,1.7578,1.7578,0,0,8.413846,566695025
8.272487,48.8672,1.0547,1.0547,0,0,8.413846,566695025
8.274477,49.0430,0.7031,0.7031,0,0,8.413846,566695025
8.276460,49.0430,0.1758,0.1758,0,0,8.413846,566695025
8.278534,49.2188,-0.3516,-0.3516,0,0,8.413846,566695025
8.280515,49.2188,-0.8789,-0.8789,0,0,8.413846,566695025
8.282506,49.3945,-1.4062,-1.4062,0,0,8.413846,566695025
8.284487,49.3945,-1.9336,-1.9336,0,0,8.413846,566695025
8.286477,49.5703,-2.4609,-2.4609,0,0,8.413846,566695025
8.288460,49.7461,-2.8125,-2.8125,0,0,8.413846,566695025
8.290534,49.7461,-3.3398,-3.3398,0,0,8.413846,566695025
8.292515,49.7461,-3.8672,-3.8672,0,0,8.413846,566695025
8.294506,49.9219,-4.2188,-4.2188,0,0,8.413846,566695025
8.296487,49.9219,-4.7461,-4.7461,0,0,8.413846,566695025
8.298477,49.9219,-5.0977,-5.0977,0,0,8.413846,566695025
8.300460,50.0977,-5.4492,-5.4492,0,0,8.413846,566695025
8.302534,50.0977,-5.9766,-5.9766,0,0,8.413846,566695025
8.304515,50.0977,-6.3281,-6.3281,0,0,8.413846,566695025
8.306506,50.2734,-6.6797,-6.6797,0,0,8.413846,566695025
8.308487,50.2734,-7.0312,-7.0312,0,0,8.413846,566695025
8.310477,50.2734,-7.3828,-7.3828,0,0,8.413846,566695025
8.312479,50.2734,-7.7344,-7.7344,0,0,8.413846,566695025
8.314468,50.2734,-8.0859,-8.0859,0,0,8.413846,566695025
8.316537,50.2734,-8.2617,-8.2617,0,0,8.413846,566695025
8.318526,50.2734,-8.6133,-8.6133,0,0,8.413846,566695025
8.322051,50.2734,-9.1406,-9.1406,0,0,8.413846,566695025
8.322492,50.2734,-9.1406,-9.1406,0,0,8.413846,566695025
8.324498,50.2734,-9.4922,-9.4922,0,0,8.413846,566695025
8.326495,50.2734,-9.6680,-9.6680,0,0,8.413846,566695025
8.328494,50.2734,-9.8438,-9.8438,0,0,8.413846,566695025
8.330491,50.2734,-10.1953,-10.1953,0,0,8.413846,566695025
8.332491,50.2734,-10.3711,-10.3711,0,0,8.413846,566695025
8.334491,50.2734,-10.5469,-10.5469,0,0,8.413846,566695025
8.336491,50.0977,-10.7227,-10.7227,0,0,8.413846,566695025
8.338491,50.0977,-10.8984,-10.8984,0,0,8.413846,566695025
8.340491,50.0977,-11.0742,-11.0742,0,0,8.413846,566695025
8.342491,49.9219,-11.0742,-11.0742,0,0,8.413846,566695025
8.344491,49.9219,-11.2500,-11.2500,0,0,8.413846,566695025
8.346527,49.9219,-11.2500,-11.2500,0,0,8.413846,566695025
8.348524,49.7461,-11.4258,-11.4258,0,0,8.413846,566695025
8.350523,49.7461,-11.4258,-11.4258,0,0,8.413846,566695025
8.352537,49.5703,-11.6016,-11.6016,0,0,8.413846,566695025
8.354533,49.5703,-11.6016,-11.6016,0,0,8.413846,566695025
8.356530,49.3945,-11.6016,-11.6016,0,0,8.413846,566695025
8.358525,49.2188,-11.6016,-11.6016,0,0,8.413846,566695025
8.360525,49.2188,-11.6016,-11.6016,0,0,8.413846,566695025
8.362525,49.0430,-11.6016,-11.6016,0,0,8.413846,566695025
8.364525,49.0430,-11.6016,-11.6016,0,0,8.413846,566695025
8.366525,48.8672,-11.6016,-11.6016,0,0,8.413846,566695025
8.368525,48.6914,-11.6016,-11.6016,0,0,8.413846,566695025
8.370525,48.5156,-11.4258,-11.4258,0,0,8.413846,566695025
8.372525,48.3398,-11.2500,-11.2500,0,0,8.413846,566695025
8.374525,48.3398,-11.2500,-11.2500,0,0,8.413846,566695025
8.376525,48.1641,-11.0742,-11.0742,0,0,8.413846,566695025
8.378525,47.9883,-11.0742,-11.0742,0,0,8.413846,566695025
8.380525,47.8125,-10.8984,-10.8984,0,0,8.413846,566695025
8.382525,47.6367,-10.7227,-10.7227,0,0,8.413846,566695025
8.384538,47.4609,-10.5469,-10.5469,0,0,8.413846,566695025
8.386534,47.2852,-10.3711,-10.3711,0,0,8.413846,566695025
8.388533,47.1094,-10.1953,-10.1953,0,0,8.413846,566695025
8.390530,46.9336,-10.0195,-10.0195,0,0,8.413846,566695025
8.392536,46.7578,-9.8438,-9.8438,0,0,8.413846,566695025
8.394496,46.5820,-9.4922,-9.4922,0,0,8.413846,566695025
8.396518,46.4062,-9.3164,-9.3164,0,0,8.413846,566695025
8.398518,46.2305,-8.9648,-8.9648,0,0,8.413846,566695025
8.400515,45.8789,-8.7891,-8.7891,0,0,8.413846,566695025
8.402516,45.7031,-8.4375,-8.4375,0,0,8.413846,566695025
8.404472,45.5273,-8.0859,-8.0859,0,0,8.413846,566695025
8.406491,45.3516,-7.7344,-7.7344,0,0,8.413846,566695025
8.410989,44.8242,-7.0312,-7.0312,0,0,8.651034,566934807
8.411440,44.6484,-7.0312,-7.0312,0,0,8.651034,566934807
8.412507,44.6484,-6.8555,-6.8555,0,0,8.651034,566934807
8.414459,44.2969,-6.5039,-6.5039,0,0,8.651034,566934807
8.416523,44.1211,-6.1523,-6.1523,0,0,8.651034,566934807
8.418529,43.7695,-5.8008,-5.8008,0,0,8.651034,566934807
8.422629,43.2422,-4.9219,-4.9219,0,0,8.651034,566934807
8.423025,43.2422,-4.9219,-4.9219,0,0,8.651034,566934807
8.424482,43.0664,-4.5703,-4.5703,0,0,8.651034,566934807
8.426463,42.7148,-4.2188,-4.2188,0,0,8.651034,566934807
8.428493,42.5391,-3.6914,-3.6914,0,0,8.651034,566934807
8.430483,42.1875,-3.3398,-3.3398,0,0,8.651034,566934807
8.432464,42.0117,-2.8125,-2.8125,0,0,8.651034,566934807
8.434456,41.6602,-2.4609,-2.4609,0,0,8.651034,566934807
8.436498,41.3086,-1.9336,-1.9336,0,0,8.651034,566934807
8.438476,41.1328,-1.4062,-1.4062,0,0,8.651034,566934807
8.440510,40.7812,-1.0547,-1.0547,0,0,8.651034,566934807
8.442499,40.6055,-0.5273,-0.5273,0,0,8.651034,566934807
8.444458,40.2539,0.0000,0.0000,0,0,8.651034,566934807
8.446505,39.9023,0.5273,0.5273,0,0,8.651034,566934807
8.448460,39.5508,0.8789,0.8789,0,0,8.651034,566934807
8.450534,39.3750,1.4062,1.4062,0,0,8.651034,566934807
8.452518,39.0234,1.9336,1.9336,0,0,8.651034,566934807
8.454507,38.6719,2.4609,2.4609,0,0,8.651034,566934807
8.456510,38.4961,2.9883,2.9883,0,0,8.651034,566934807
8.458500,38.1445,3.5156,3.5156,0,0,8.651034,566934807
8.460484,37.7930,4.0430,4.0430,0,0,8.651034,566934807
8.462472,37.4414,4.5703,4.5703,0,0,8.651034,566934807
8.464456,37.2656,5.0977,5.0977,0,0,8.651034,566934807
8.466530,36.9141,5.6250,5.6250,0,0,8.651034,566934807
8.468510,36.5625,5.9766,5.9766,0,0,8.651034,566934807
8.470498,36.3867,6.6797,6.6797,0,0,8.651034,566934807
8.472479,36.0352,7.2070,7.2070,0,0,8.651034,566934807
8.474468,35.6836,7.5586,7.5586,0,0,8.651034,566934807
8.476534,35.5078,8.0859,8.0859,0,0,8.651034,566934807
8.478525,35.1562,8.6133,8.6133,0,0,8.651034,566934807
8.480506,34.8047,9.1406,9.1406,0,0,8.651034,566934807
8.482495,34.6289,9.6680,9.6680,0,0,8.651034,566934807
8.484477,34.2773,10.1953,10.1953,0,0,8.651034,566934807
8.486468,34.1016,10.5469,10.5469,0,0,8.651034,566934807
8.488534,33.7500,11.0742,11.0742,0,0,8.651034,566934807
8.490524,33.5742,11.6016,11.6016,0,0,8.651034,566934807
8.492506,33.2227,12.1289,12.1289,0,0,8.651034,566934807
8.494494,33.0469,12.4805,12.4805,0,0,8.651034,566934807
8.496477,32.6953,13.0078,13.0078,0,0,8.651034,566934807
8.498468,32.5195,13.3594,13.3594,0,0,8.651034,566934807
8.500534,32.1680,13.8867,13.8867,0,0,8.651034,566934807
8.502525,31.9922,14.2383,14.2383,0,0,8.651034,566934807
8.504506,31.8164,14.7656,14.7656,0,0,8.651034,566934807
8.506495,31.4648,15.1172,15.1172,0,0,8.651034,566934807
8.508477,31.2891,15.4688,15.4688,0,0,8.651034,566934807
8.510468,31.1133,15.8203,15.8203,0,0,8.651034,566934807
8.512462,30.9375,16.3477,16.3477,0,0,8.651034,566934807
8.514537,30.7617,16.6992,16.6992,0,0,8.651034,566934807
8.516518,30.5859,17.0508,17.0508,0,0,8.651034,566934807
8.518506,30.2344,17.4023,17.4023,0,0,8.651034,566934807
8.522290,30.0586,17.9297,17.9297,0,0,8.651034,566934807
8.522565,30.0586,18.1055,18.1055,0,0,8.651034,566934807
8.524494,29.8828,18.4570,18.4570,0,0,8.651034,566934807
8.526491,29.7070,18.6328,18.6328,0,0,8.651034,566934807
8.528491,29.5312,18.9844,18.9844,0,0,8.651034,566934807
8.530492,29.3555,19.1602,19.1602,0,0,8.651034,566934807
8.532491,29.1797,19.5117,19.5117,0,0,8.651034,566934807
8.534491,29.0039,19.6875,19.6875,0,0,8.651034,566934807
8.536491,29.0039,20.0391,20.0391,0,0,8.651034,566934807
8.538491,28.8281,20.2148,20.2148,0,0,8.651034,566934807
8.540491,28.6523,20.3906,20.3906,0,0,8.651034,566934807
8.542491,28.6523,20.5664,20.5664,0,0,8.651034,566934807
8.544491,28.6523,20.7422,20.7422,0,0,8.651034,566934807
8.546491,28.4766,20.9180,20.9180,0,0,8.651034,566934807
8.548491,28.3008,21.0938,21.0938,0,0,8.651034,566934807
8.550519,28.3008,21.2695,21.2695,0,0,8.651034,566934807
8.552527,28.3008,21.4453,21.4453,0,0,8.651034,566934807
8.554456,28.1250,21.4453,21.4453,0,0,8.651034,566934807
8.556538,28.1250,21.6211,21.6211,0,0,8.651034,566934807
8.558534,28.1250,21.7969,21.7969,0,0,8.651034,566934807
8.560533,28.1250,21.7969,21.7969,0,0,8.651034,566934807
8.562530,27.9492,21.7969,21.7969,0,0,8.651034,566934807
8.564526,27.9492,21.7969,21.7969,0,0,8.651034,566934807
8.566524,27.9492,21.9727,21.9727,0,0,8.651034,566934807
8.568522,27.9492,21.9727,21.9727,0,0,8.651034,566934807
8.570518,27.9492,21.9727,21.9727,0,0,8.651034,566934807
8.572518,27.9492,21.9727,21.9727,0,0,8.651034,566934807
8.574515,27.9492,21.9727,21.9727,0,0,8.651034,566934807
8.576515,27.9492,21.7969,21.7969,0,0,8.651034,566934807
8.578510,27.9492,21.7969,21.7969,0,0,8.651034,566934807
8.580506,27.9492,21.7969,21.7969,0,0,8.651034,566934807
8.582505,28.1250,21.6211,21.6211,0,0,8.651034,566934807
8.584503,28.1250,21.4453,21.4453,0,0,8.651034,566934807
8.586500,28.1250,21.4453,21.4453,0,0,8.651034,566934807
8.588498,28.3008,21.2695,21.2695,0,0,8.651034,566934807
8.590495,28.3008,21.2695,21.2695,0,0,8.651034,566934807
8.592494,28.4766,21.0938,21.0938,0,0,8.651034,566934807
8.594494,28.4766,20.9180,20.9180,0,0,8.651034,566934807
8.596494,28.6523,20.7422,20.7422,0,0,8.651034,566934807
8.598494,28.6523,20.5664,20.5664,0,0,8.651034,566934807
8.600494,28.8281,20.3906,20.3906,0,0,8.651034,566934807
8.602494,28.8281,20.0391,20.0391,0,0,8.651034,566934807
8.604494,29.0039,19.8633,19.8633,0,0,8.651034,566934807
8.606494,29.0039,19.6875,19.6875,0,0,8.651034,566934807
8.608494,29.1797,19.3359,19.3359,0,0,8.651034,566934807
8.610494,29.3555,19.1602,19.1602,0,0,8.651034,566934807
8.612505,29.5312,18.9844,18.9844,0,0,8.651034,566934807
8.614502,29.5312,18.6328,18.6328,0,0,8.651034,566934807
8.616499,29.7070,18.2812,18.2812,0,0,8.651034,566934807
8.618498,29.8828,17.9297,17.9297,0,0,8.651034,566934807
8.622015,30.2344,17.5781,17.5781,0,0,8.651034,566934807
8.622536,30.2344,17.4023,17.4023,0,0,8.651034,566934807
8.624521,30.4102,17.0508,17.0508,0,0,8.651034,566934807
8.626508,30.5859,16.6992,16.6992,0,0,8.651034,566934807
8.628491,30.7617,16.3477,16.3477,0,0,8.651034,566934807
8.630480,30.9375,15.9961,15.9961,0,0,8.651034,566934807
8.632460,31.1133,15.6445,15.6445,0,0,8.651034,566934807
8.634534,31.2891,15.2930,15.2930,0,0,8.651034,566934807
8.636518,31.4648,14.9414,14.9414,0,0,8.651034,566934807
8.638506,31.6406,14.4141,14.4141,0,0,8.651034,566934807
8.640528,31.9922,14.0625,14.0625,0,0,8.651034,566934807
8.642476,32.1680,13.7109,13.7109,0,0,8.651034,566934807
8.644528,32.3438,13.3594,13.3594,0,0,8.651034,566934807
8.646459,32.5195,12.8320,12.8320,0,0,8.651034,566934807
8.650567,33.0469,11.9531,11.9531,0,0,8.883934,567168859
8.651168,33.0469,11.9531,11.9531,0,0,8.883934,567168859
8.652527,33.2227,11.6016,11.6016,0,0,8.883934,567168859
8.654531,33.5742,11.0742,11.0742,0,0,8.883934,567168859
8.656527,33.7500,10.7227,10.7227,0,0,8.883934,567168859
8.658522,33.9258,10.1953,10.1953,0,0,8.883934,567168859
8.660532,34.2773,9.8438,9.8438,0,0,8.883934,567168859
8.662482,34.4531,9.3164,9.3164,0,0,8.883934,567168859
8.664513,34.6289,8.7891,8.7891,0,0,8.883934,567168859
8.666494,34.8047,8.4375,8.4375,0,0,8.883934,567168859
8.668494,35.1562,7.9102,7.9102,0,0,8.883934,567168859
8.670494,35.3320,7.5586,7.5586,0,0,8.883934,567168859
8.672532,35.6836,7.0312,7.0312,0,0,8.883934,567168859
8.674515,35.8594,6.5039,6.5039,0,0,8.883934,567168859
8.676515,36.0352,6.1523,6.1523,0,0,8.883934,567168859
8.678515,36.3867,5.6250,5.6250,0,0,8.883934,567168859
8.680510,36.5625,5.2734,5.2734,0,0,8.883934,567168859
8.682506,36.7383,4.7461,4.7461,0,0,8.883934,567168859
8.684503,37.0898,4.2188,4.2188,0,0,8.883934,567168859
8.686500,37.2656,3.8672,3.8672,0,0,8.883934,567168859
8.688497,37.4414,3.5156,3.5156,0,0,8.883934,567168859
8.690494,37.7930,2.9883,2.9883,0,0,8.883934,567168859
8.692491,37.9688,2.4609,2.4609,0,0,8.883934,567168859
8.694491,38.1445,2.1094,2.1094,0,0,8.883934,567168859
8.696491,38.4961,1.5820,1.5820,0,0,8.883934,567168859
8.698491,38.6719,1.2305,1.2305,0,0,8.883934,567168859
8.700491,38.8477,0.8789,0.8789,0,0,8.883934,567168859
8.702491,39.1992,0.3516,0.3516,0,0,8.883934,567168859
8.704491,39.3750,0.0000,0.0000,0,0,8.883934,567168859
8.706491,39.5508,-0.3516,-0.3516,0,0,8.883934,567168859
8.708491,39.7266,-0.7031,-0.7031,0,0,8.883934,567168859
8.710491,39.9023,-1.2305,-1.2305,0,0,8.883934,567168859
8.712506,40.0781,-1.4062,-1.4062,0,0,8.883934,567168859
8.714505,40.2539,-1.9336,-1.9336,0,0,8.883934,567168859
8.716502,40.6055,-2.2852,-2.2852,0,0,8.883934,567168859
8.718499,40.7812,-2.6367,-2.6367,0,0,8.883934,567168859
8.722545,41.1328,-3.1641,-3.1641,0,0,8.883934,567168859
8.722848,41.1328,-3.3398,-3.3398,0,0,8.883934,567168859
8.724487,41.3086,-3.5156,-3.5156,0,0,8.883934,567168859
8.726477,41.3086,-3.8672,-3.8672,0,0,8.883934,567168859
8.728460,41.4844,-4.0430,-4.0430,0,0,8.883934,567168859
8.730534,41.6602,-4.3945,-4.3945,0,0,8.883934,567168859
8.732515,41.8359,-4.7461,-4.7461,0,0,8.883934,567168859
8.734506,42.0117,-4.9219,-4.9219,0,0,8.883934,567168859
8.736487,42.1875,-5.2734,-5.2734,0,0,8.883934,567168859
8.738477,42.3633,-5.4492,-5.4492,0,0,8.883934,567168859
8.740460,42.3633,-5.6250,-5.6250,0,0,8.883934,567168859
8.742534,42.5391,-5.9766,-5.9766,0,0,8.883934,567168859
8.744515,42.7148,-6.1523,-6.1523,0,0,8.883934,567168859
8.746506,42.7148,-6.3281,-6.3281,0,0,8.883934,567168859
8.748487,42.8906,-6.3281,-6.3281,0,0,8.883934,567168859
8.750477,42.8906,-6.6797,-6.6797,0,0,8.883934,567168859
8.752460,43.0664,-6.6797,-6.6797,0,0,8.883934,567168859
8.754534,43.2422,-6.8555,-6.8555,0,0,8.883934,567168859
8.756486,43.2422,-7.0312,-7.0312,0,0,8.883934,567168859
8.758484,43.4180,-7.0312,-7.0312,0,0,8.883934,567168859
8.760530,43.4180,-7.2070,-7.2070,0,0,8.883934,567168859
8.762518,43.4180,-7.3828,-7.3828,0,0,8.883934,567168859
8.764499,43.5938,-7.3828,-7.3828,0,0,8.883934,567168859
8.766491,43.5938,-7.3828,-7.3828,0,0,8.883934,567168859
8.768472,43.5938,-7.5586,-7.5586,0,0,8.883934,567168859
8.770460,43.7695,-7.5586,-7.5586,0,0,8.883934,567168859
8.772530,43.7695,-7.5586,-7.5586,0,0,8.883934,567168859
8.774518,43.7695,-7.5586,-7.5586,0,0,8.883934,567168859
8.776499,43.7695,-7.5586,-7.5586,0,0,8.883934,567168859
8.778491,43.7695,-7.5586,-7.5586,0,0,8.883934,567168859
8.780472,43.7695,-7.5586,-7.5586,0,0,8.883934,567168859
8.782460,43.9453,-7.5586,-7.5586,0,0,8.883934,567168859
8.784530,43.9453,-7.3828,-7.3828,0,0,8.883934,567168859
8.786518,43.9453,-7.3828,-7.3828,0,0,8.883934,567168859
8.788499,43.9453,-7.3828,-7.3828,0,0,8.883934,567168859
8.790491,43.9453,-7.2070,-7.2070,0,0,8.883934,567168859
8.792472,43.9453,-7.0312,-7.0312,0,0,8.883934,567168859
8.794460,43.9453,-7.0312,-7.0312,0,0,8.883934,567168859
8.796530,43.7695,-6.8555,-6.8555,0,0,8.883934,567168859
8.798518,43.7695,-6.6797,-6.6797,0,0,8.883934,567168859
8.800499,43.7695,-6.5039,-6.5039,0,0,8.883934,567168859
8.802491,43.7695,-6.3281,-6.3281,0,0,8.883934,567168859
8.804472,43.7695,-6.1523,-6.1523,0,0,8.883934,567168859
8.806460,43.5938,-5.9766,-5.9766,0,0,8.883934,567168859
8.808530,43.5938,-5.8008,-5.8008,0,0,8.883934,567168859
8.810518,43.5938,-5.6250,-5.6250,0,0,8.883934,567168859
8.812506,43.4180,-5.4492,-5.4492,0,0,8.883934,567168859
8.814494,43.4180,-5.2734,-5.2734,0,0,8.883934,567168859
8.816477,43.4180,-4.9219,-4.9219,0,0,8.883934,567168859
8.818468,43.2422,-4.7461,-4.7461,0,0,8.883934,567168859
8.822067,43.0664,-4.2188,-4.2188,0,0,8.883934,567168859
8.822515,43.0664,-4.0430,-4.0430,0,0,8.883934,567168859
8.824510,43.0664,-3.8672,-3.8672,0,0,8.883934,567168859
8.826506,42.8906,-3.5156,-3.5156,0,0,8.883934,567168859
8.828505,42.8906,-3.3398,-3.3398,0,0,8.883934,567168859
8.830503,42.7148,-2.9883,-2.9883,0,0,8.883934,567168859
8.832500,42.7148,-2.6367,-2.6367,0,0,8.883934,567168859
8.834498,42.5391,-2.2852,-2.2852,0,0,8.883934,567168859
8.836495,42.3633,-1.9336,-1.9336,0,0,8.883934,567168859
8.838494,42.3633,-1.5820,-1.5820,0,0,8.883934,567168859
8.840494,42.1875,-1.2305,-1.2305,0,0,8.883934,567168859
8.842494,42.0117,-0.8789,-0.8789,0,0,8.883934,567168859
8.844494,42.0117,-0.5273,-0.5273,0,0,8.883934,567168859
8.846494,41.8359,-0.1758,-0.1758,0,0,8.883934,567168859
8.848494,41.6602,0.1758,0.1758,0,0,8.883934,567168859
8.850494,41.6602,0.5273,0.5273,0,0,8.883934,567168859
8.852494,41.4844,0.8789,0.8789,0,0,8.883934,567168859
8.854494,41.3086,1.4062,1.4062,0,0,8.883934,567168859
8.856494,41.3086,1.7578,1.7578,0,0,8.883934,567168859
8.858538,41.1328,2.1094,2.1094,0,0,8.883934,567168859
8.860537,40.9570,2.4609,2.4609,0,0,8.883934,567168859
8.862462,40.7812,2.9883,2.9883,0,0,8.883934,567168859
8.864460,40.6055,3.3398,3.3398,0,0,8.883934,567168859
8.866460,40.6055,3.6914,3.6914,0,0,8.883934,567168859
8.868460,40.4297,4.2188,4.2188,0,0,8.883934,567168859
8.870493,40.2539,4.5703,4.5703,0,0,8.883934,567168859
8.872512,40.0781,5.0977,5.0977,0,0,8.883934,567168859
8.874464,39.9023,5.4492,5.4492,0,0,8.883934,567168859
8.876461,39.9023,5.9766,5.9766,0,0,8.883934,567168859
8.878482,39.7266,6.3281,6.3281,0,0,8.883934,567168859
8.880540,39.5508,6.6797,6.6797,0,0,8.883934,567168859
8.884586,39.1992,7.7344,7.7344,0,0,9.119037,567399899
8.885178,39.1992,7.7344,7.7344,0,0,9.119037,567399899
8.886541,39.1992,8.0859,8.0859,0,0,9.119037,567399899
8.888532,39.0234,8.4375,8.4375,0,0,9.119037,567399899
8.890486,38.8477,8.7891,8.7891,0,0,9.119037,567399899
8.892498,38.8477,9.3164,9.3164,0,0,9.119037,567399899
8.894534,38.6719,9.6680,9.6680,0,0,9.119037,567399899
8.896496,38.4961,10.0195,10.0195,0,0,9.119037,567399899
8.898512,38.4961,10.5469,10.5469,0,0,9.119037,567399899
8.900511,38.3203,10.8984,10.8984,0,0,9.119037,567399899
8.902514,38.1445,11.2500,11.2500,0,0,9.119037,567399899
8.904469,38.1445,11.6016,11.6016,0,0,9.119037,567399899
8.906469,37.9688,11.9531,11.9531,0,0,9.119037,567399899
8.908469,37.7930,12.3047,12.3047,0,0,9.119037,567399899
8.910469,37.7930,12.6562,12.6562,0,0,9.119037,567399899
8.912480,37.6172,13.0078,13.0078,0,0,9.119037,567399899
8.914479,37.6172,13.5352,13.5352,0,0,9.119037,567399899
8.916477,37.4414,13.7109,13.7109,0,0,9.119037,567399899
8.918476,37.4414,14.0625,14.0625,0,0,9.119037,567399899
8.922505,37.2656,14.7656,14.7656,0,0,9.119037,567399899
8.922820,37.2656,14.9414,14.9414,0,0,9.119037,567399899
8.924461,37.2656,15.1172,15.1172,0,0,9.119037,567399899
8.926537,37.0898,15.4688,15.4688,0,0,9.119037,567399899
8.928458,37.0898,15.6445,15.6445,0,0,9.119037,567399899
8.930487,37.0898,15.9961,15.9961,0,0,9.119037,567399899
8.932468,37.0898,16.3477,16.3477,0,0,9.119037,567399899
8.934457,36.9141,16.5234,16.5234,0,0,9.119037,567399899
8.936524,36.9141,16.8750,16.8750,0,0,9.119037,567399899
8.938515,36.9141,17.0508,17.0508,0,0,9.119037,567399899
8.940498,36.9141,17.2266,17.2266,0,0,9.119037,567399899
8.942487,36.9141,17.5781,17.5781,0,0,9.119037,567399899
8.944468,36.9141,17.7539,17.7539,0,0,9.119037,567399899
8.946457,36.7383,17.9297,17.9297,0,0,9.119037,567399899
8.948524,36.7383,18.1055,18.1055,0,0,9.119037,567399899
8.950515,36.7383,18.2812,18.2812,0,0,9.119037,567399899
8.952498,36.7383,18.4570,18.4570,0,0,9.119037,567399899
8.954487,36.7383,18.6328,18.6328,0,0,9.119037,567399899
8.956468,36.7383,18.8086,18.8086,0,0,9.119037,567399899
8.958457,36.9141,18.9844,18.9844,0,0,9.119037,567399899
8.960498,36.9141,18.9844,18.9844,0,0,9.119037,567399899
8.962487,36.9141,19.1602,19.1602,0,0,9.119037,567399899
8.964468,36.9141,19.3359,19.3359,0,0,9.119037,567399899
8.966460,37.0898,19.3359,19.3359,0,0,9.119037,567399899
8.968469,37.0898,19.3359,19.3359,0,0,9.119037,567399899
8.970460,37.0898,19.5117,19.5117,0,0,9.119037,567399899
8.972530,37.0898,19.6875,19.6875,0,0,9.119037,567399899
8.974518,37.2656,19.6875,19.6875,0,0,9.119037,567399899
8.976498,37.2656,19.6875,19.6875,0,0,9.119037,567399899
8.978487,37.4414,19.6875,19.6875,0,0,9.119037,567399899
8.980468,37.4414,19.6875,19.6875,0,0,9.119037,567399899
8.982457,37.6172,19.6875,19.6875,0,0,9.119037,567399899
8.984524,37.6172,19.6875,19.6875,0,0,9.119037,567399899
8.986515,37.7930,19.6875,19.6875,0,0,9.119037,567399899
8.988497,37.7930,19.6875,19.6875,0,0,9.119037,567399899
8.990487,37.9688,19.6875,19.6875,0,0,9.119037,567399899
8.992468,38.1445,19.6875,19.6875,0,0,9.119037,567399899
8.994457,38.1445,19.5117,19.5117,0,0,9.119037,567399899
8.996524,38.3203,19.5117,19.5117,0,0,9.119037,567399899
8.998515,38.4961,19.3359,19.3359,0,0,9.119037,567399899
9.000497,38.6719,19.3359,19.3359,0,0,9.119037,567399899
9.002487,38.6719,19.1602,19.1602,0,0,9.119037,567399899
9.004468,38.8477,19.1602,19.1602,0,0,9.119037,567399899
9.006457,39.0234,18.9844,18.9844,0,0,9.119037,567399899
9.008524,39.1992,18.8086,18.8086,0,0,9.119037,567399899
9.010515,39.3750,18.6328,18.6328,0,0,9.119037,567399899
9.012508,39.5508,18.4570,18.4570,0,0,9.119037,567399899
9.014498,39.7266,18.4570,18.4570,0,0,9.119037,567399899
9.016479,39.9023,18.2812,18.2812,0,0,9.119037,567399899
9.018468,40.0781,17.9297,17.9297,0,0,9.119037,567399899
9.022050,40.4297,17.7539,17.7539,0,0,9.119037,567399899
9.022497,40.4297,17.5781,17.5781,0,0,9.119037,567399899
9.024494,40.6055,17.4023,17.4023,0,0,9.119037,567399899
9.026491,40.7812,17.2266,17.2266,0,0,9.119037,567399899
9.028491,41.1328,17.0508,17.0508,0,0,9.119037,567399899
9.030491,41.3086,16.6992,16.6992,0,0,9.119037,567399899
9.032491,41.4844,16.5234,16.5234,0,0,9.119037,567399899
9.034491,41.6602,16.1719,16.1719,0,0,9.119037,567399899
9.036491,41.8359,15.9961,15.9961,0,0,9.119037,567399899
9.038491,42.1875,15.6445,15.6445,0,0,9.119037,567399899
9.040491,42.3633,15.4688,15.4688,0,0,9.119037,567399899
9.042491,42.5391,15.1172,15.1172,0,0,9.119037,567399899
9.044491,42.7148,14.7656,14.7656,0,0,9.119037,567399899
9.046491,43.0664,14.5898,14.5898,0,0,9.119037,567399899
9.048491,43.2422,14.2383,14.2383,0,0,9.119037,567399899
9.050491,43.4180,13.8867,13.8867,0,0,9.119037,567399899
9.052491,43.7695,13.5352,13.5352,0,0,9.119037,567399899
9.054491,44.1211,13.3594,13.3594,0,0,9.119037,567399899
9.056491,44.2969,12.8320,12.8320,0,0,9.119037,567399899
9.058491,44.4727,12.6562,12.6562,0,0,9.119037,567399899
9.060491,44.8242,12.3047,12.3047,0,0,9.119037,567399899
9.062524,45.0000,11.9531,11.9531,0,0,9.119037,567399899
9.064522,45.3516,11.6016,11.6016,0,0,9.119037,567399899
9.066456,45.5273,11.2500,11.2500,0,0,9.119037,567399899
9.068537,45.8789,10.8984,10.8984,0,0,9.119037,567399899
9.070534,46.0547,10.5469,10.5469,0,0,9.119037,567399899
9.072533,46.4062,10.1953,10.1953,0,0,9.119037,567399899
9.074530,46.5820,9.8438,9.8438,0,0,9.119037,567399899
9.076525,46.9336,9.4922,9.4922,0,0,9.119037,567399899
9.078524,47.1094,9.1406,9.1406,0,0,9.119037,567399899
9.080522,47.4609,8.6133,8.6133,0,0,9.119037,567399899
9.082518,47.6367,8.2617,8.2617,0,0,9.119037,567399899
9.084518,47.9883,7.9102,7.9102,0,0,9.119037,567399899
9.086515,48.3398,7.5586,7.5586,0,0,9.119037,567399899
9.088515,48.5156,7.2070,7.2070,0,0,9.119037,567399899
9.090510,48.6914,6.8555,6.8555,0,0,9.119037,567399899
9.092506,49.0430,6.5039,6.5039,0,0,9.119037,567399899
9.094505,49.2188,6.1523,6.1523,0,0,9.119037,567399899
9.096503,49.5703,5.8008,5.8008,0,0,9.119037,567399899
9.098500,49.7461,5.4492,5.4492,0,0,9.119037,567399899
9.100495,50.0977,5.0977,5.0977,0,0,9.119037,567399899
9.102532,50.4492,4.7461,4.7461,0,0,9.119037,567399899
9.104506,50.6250,4.3945,4.3945,0,0,9.119037,567399899
9.106474,50.8008,4.0430,4.0430,0,0,9.119037,567399899
9.108489,51.1523,3.6914,3.6914,0,0,9.119037,567399899
9.110532,51.3281,3.3398,3.3398,0,0,9.119037,567399899
9.115639,52.0312,2.4609,2.4609,0,0,9.353592,567627555
9.116248,52.0312,2.4609,2.4609,0,0,9.353592,567627555
9.116491,52.2070,2.2852,2.2852,0,0,9.353592,567627555
9.118496,52.3828,2.1094,2.1094,0,0,9.353592,567627555
9.122899,52.9102,1.4062,1.4062,0,0,9.353592,567627555
9.123221,52.9102,1.4062,1.4062,0,0,9.353592,567627555
9.124457,53.0859,1.0547,1.0547,0,0,9.353592,567627555
9.126521,53.2617,0.8789,0.8789,0,0,9.353592,567627555
9.128501,53.6133,0.5273,0.5273,0,0,9.353592,567627555
9.130491,53.7891,0.1758,0.1758,0,0,9.353592,567627555
9.132513,53.9648,0.0000,0.0000,0,0,9.353592,567627555
9.134474,54.1406,-0.3516,-0.3516,0,0,9.353592,567627555
9.136464,54.4922,-0.5273,-0.5273,0,0,9.353592,567627555
9.138493,54.6680,-0.7031,-0.7031,0,0,9.353592,567627555
9.140475,54.8438,-1.0547,-1.0547,0,0,9.353592,567627555
9.142498,55.0195,-1.2305,-1.2305,0,0,9.353592,567627555
9.144511,55.1953,-1.4062,-1.4062,0,0,9.353592,567627555
9.146499,55.3711,-1.7578,-1.7578,0,0,9.353592,567627555
9.148508,55.5469,-1.9336,-1.9336,0,0,9.353592,567627555
9.150498,55.7227,-2.1094,-2.1094,0,0,9.353592,567627555
9.152521,55.8984,-2.2852,-2.2852,0,0,9.353592,567627555
9.154533,56.0742,-2.4609,-2.4609,0,0,9.353592,567627555
9.156516,56.2500,-2.6367,-2.6367,0,0,9.353592,567627555
9.158506,56.4258,-2.8125,-2.8125,0,0,9.353592,567627555
9.160487,56.6016,-2.8125,-2.8125,0,0,9.353592,567627555
9.162477,56.7773,-2.9883,-2.9883,0,0,9.353592,567627555
9.164505,56.7773,-3.1641,-3.1641,0,0,9.353592,567627555
9.166525,56.9531,-3.3398,-3.3398,0,0,9.353592,567627555
9.168514,57.1289,-3.3398,-3.3398,0,0,9.353592,567627555
9.170491,57.3047,-3.5156,-3.5156,0,0,9.353592,567627555
9.172472,57.4805,-3.5156,-3.5156,0,0,9.353592,567627555
9.174460,57.4805,-3.5156,-3.5156,0,0,9.353592,567627555
9.176530,57.6562,-3.6914,-3.6914,0,0,9.353592,567627555
9.178518,57.6562,-3.6914,-3.6914,0,0,9.353592,567627555
9.180498,57.8320,-3.6914,-3.6914,0,0,9.353592,567627555
9.182487,57.8320,-3.8672,-3.8672,0,0,9.353592,567627555
9.184468,58.0078,-3.8672,-3.8672,0,0,9.353592,567627555
9.186457,58.1836,-3.8672,-3.8672,0,0,9.353592,567627555
9.188524,58.1836,-3.8672,-3.8672,0,0,9.353592,567627555
9.190515,58.1836,-3.8672,-3.8672,0,0,9.353592,567627555
9.192498,58.3594,-3.8672,-3.8672,0,0,9.353592,567627555
9.194487,58.3594,-3.6914,-3.6914,0,0,9.353592,567627555
9.196468,58.5352,-3.6914,-3.6914,0,0,9.353592,567627555
9.198457,58.5352,-3.5156,-3.5156,0,0,9.353592,567627555
9.200524,58.5352,-3.5156,-3.5156,0,0,9.353592,567627555
9.202515,58.5352,-3.5156,-3.5156,0,0,9.353592,567627555
9.204498,58.7109,-3.3398,-3.3398,0,0,9.353592,567627555
9.206487,58.7109,-3.3398,-3.3398,0,0,9.353592,567627555
9.208468,58.7109,-3.1641,-3.1641,0,0,9.353592,567627555
9.210457,58.7109,-3.1641,-3.1641,0,0,9.353592,567627555
9.212533,58.8867,-2.8125,-2.8125,0,0,9.353592,567627555
9.214525,58.8867,-2.8125,-2.8125,0,0,9.353592,567627555
9.216506,58.8867,-2.6367,-2.6367,0,0,9.353592,567627555
9.218495,58.8867,-2.4609,-2.4609,0,0,9.353592,567627555
9.222128,58.8867,-2.1094,-2.1094,0,0,9.353592,567627555
9.222506,58.8867,-2.1094,-2.1094,0,0,9.353592,567627555
9.224503,58.8867,-1.9336,-1.9336,0,0,9.353592,567627555
9.226499,58.8867,-1.7578,-1.7578,0,0,9.353592,567627555
9.228498,58.8867,-1.4062,-1.4062,0,0,9.353592,567627555
9.230495,58.8867,-1.2305,-1.2305,0,0,9.353592,567627555
9.232494,58.8867,-1.0547,-1.0547,0,0,9.353592,567627555
9.234491,58.7109,-0.8789,-0.8789,0,0,9.353592,567627555
9.236491,58.7109,-0.5273,-0.5273,0,0,9.353592,567627555
9.238492,58.7109,-0.3516,-0.3516,0,0,9.353592,567627555
9.240491,58.7109,0.0000,0.0000,0,0,9.353592,567627555
9.242491,58.5352,0.1758,0.1758,0,0,9.353592,567627555
9.244491,58.5352,0.3516,0.3516,0,0,9.353592,567627555
9.246491,58.5352,0.7031,0.7031,0,0,9.353592,567627555
9.248491,58.5352,1.0547,1.0547,0,0,9.353592,567627555
9.250491,58.3594,1.2305,1.2305,0,0,9.353592,567627555
9.252491,58.3594,1.5820,1.5820,0,0,9.353592,567627555
9.254491,58.3594,1.7578,1.7578,0,0,9.353592,567627555
9.256491,58.1836,2.1094,2.1094,0,0,9.353592,567627555
9.258491,58.1836,2.4609,2.4609,0,0,9.353592,567627555
9.260491,58.1836,2.8125,2.8125,0,0,9.353592,567627555
9.262491,58.0078,3.1641,3.1641,0,0,9.353592,567627555
9.264491,58.0078,3.5156,3.5156,0,0,9.353592,567627555
9.266491,58.0078,3.6914,3.6914,0,0,9.353592,567627555
9.268533,57.8320,4.0430,4.0430,0,0,9.353592,567627555
9.270461,57.8320,4.3945,4.3945,0,0,9.353592,567627555
9.272460,57.6562,4.7461,4.7461,0,0,9.353592,567627555
9.274460,57.6562,5.0977,5.0977,0,0,9.353592,567627555
9.276457,57.6562,5.2734,5.2734,0,0,9.353592,567627555
9.278455,57.4805,5.8008,5.8008,0,0,9.353592,567627555
9.280538,57.4805,5.9766,5.9766,0,0,9.353592,567627555
9.282534,57.4805,6.5039,6.5039,0,0,9.353592,567627555
9.284533,57.3047,6.6797,6.6797,0,0,9.353592,567627555
9.286530,57.1289,7.0312,7.0312,0,0,9.353592,567627555
9.288526,57.1289,7.3828,7.3828,0,0,9.353592,567627555
9.290524,57.1289,7.7344,7.7344,0,0,9.353592,567627555
9.292522,56.9531,8.0859,8.0859,0,0,9.353592,567627555
9.294518,56.9531,8.4375,8.4375,0,0,9.353592,567627555
9.296518,56.7773,8.7891,8.7891,0,0,9.353592,567627555
9.298515,56.7773,9.1406,9.1406,0,0,9.353592,567627555
9.300515,56.7773,9.4922,9.4922,0,0,9.353592,567627555
9.302510,56.7773,9.8438,9.8438,0,0,9.353592,567627555
9.304506,56.6016,10.0195,10.0195,0,0,9.353592,567627555
9.306505,56.6016,10.3711,10.3711,0,0,9.353592,567627555
9.308503,56.4258,10.7227,10.7227,0,0,9.353592,567627555
9.310500,56.4258,11.0742,11.0742,0,0,9.353592,567627555
9.312506,56.4258,11.4258,11.4258,0,0,9.353592,567627555
9.314505,56.2500,11.6016,11.6016,0,0,9.353592,567627555
9.316505,56.2500,11.9531,11.9531,0,0,9.353592,567627555
9.318502,56.2500,12.3047,12.3047,0,0,9.353592,567627555
9.322026,56.0742,12.8320,12.8320,0,0,9.353592,567627555
9.322462,56.0742,12.8320,12.8320,0,0,9.353592,567627555
9.324532,56.0742,13.0078,13.0078,0,0,9.353592,567627555
9.326522,56.0742,13.3594,13.3594,0,0,9.353592,567627555
9.328503,56.0742,13.7109,13.7109,0,0,9.353592,567627555
9.330494,56.0742,13.8867,13.8867,0,0,9.353592,567627555
9.332508,56.0742,14.2383,14.2383,0,0,9.353592,567627555
9.334489,56.0742,14.4141,14.4141,0,0,9.353592,567627555
9.336524,56.0742,14.7656,14.7656,0,0,9.353592,567627555
9.338520,55.8984,14.9414,14.9414,0,0,9.353592,567627555
9.343459,55.8984,15.4688,15.4688,0,0,9.585360,567872085
9.343928,55.8984,15.4688,15.4688,0,0,9.585360,567872085
9.344467,55.8984,15.4688,15.4688,0,0,9.585360,567872085
9.346524,55.8984,15.8203,15.8203,0,0,9.585360,567872085
9.348528,55.8984,15.9961,15.9961,0,0,9.585360,567872085
9.350455,55.8984,16.1719,16.1719,0,0,9.585360,567872085
9.352486,55.8984,16.3477,16.3477,0,0,9.585360,567872085
9.354483,55.8984,16.5234,16.5234,0,0,9.585360,567872085
9.356480,55.8984,16.5234,16.5234,0,0,9.585360,567872085
9.358477,56.0742,16.8750,16.8750,0,0,9.585360,567872085
9.360476,56.0742,16.8750,16.8750,0,0,9.585360,567872085
9.362503,56.0742,17.0508,17.0508,0,0,9.585360,567872085
9.364460,56.0742,17.2266,17.2266,0,0,9.585360,567872085
9.366937,56.0742,17.2266,17.2266,0,0,9.585360,567872085
9.368475,56.2500,17.4023,17.4023,0,0,9.585360,567872085
9.370503,56.2500,17.5781,17.5781,0,0,9.585360,567872085
9.372497,56.2500,17.5781,17.5781,0,0,9.585360,567872085
9.374503,56.2500,17.7539,17.7539,0,0,9.585360,567872085
9.376469,56.4258,17.7539,17.7539,0,0,9.585360,567872085
9.378522,56.4258,17.7539,17.7539,0,0,9.585360,567872085
9.380518,56.6016,17.9297,17.9297,0,0,9.585360,567872085
9.382518,56.6016,17.9297,17.9297,0,0,9.585360,567872085
9.384515,56.7773,17.9297,17.9297,0,0,9.585360,567872085
9.386515,56.7773,17.9297,17.9297,0,0,9.585360,567872085
9.388510,56.7773,17.9297,17.9297,0,0,9.585360,567872085
9.390506,56.9531,17.9297,17.9297,0,0,9.585360,567872085
9.392503,56.9531,17.9297,17.9297,0,0,9.585360,567872085
9.394508,57.1289,17.9297,17.9297,0,0,9.585360,567872085
9.396506,57.3047,17.9297,17.9297,0,0,9.585360,567872085
9.398505,57.3047,17.9297,17.9297,0,0,9.585360,567872085
9.400502,57.4805,17.9297,17.9297,0,0,9.585360,567872085
9.402498,57.4805,17.9297,17.9297,0,0,9.585360,567872085
9.404495,57.6562,17.9297,17.9297,0,0,9.585360,567872085
9.406494,57.8320,17.7539,17.7539,0,0,9.585360,567872085
9.408491,57.8320,17.7539,17.7539,0,0,9.585360,567872085
9.410491,58.0078,17.7539,17.7539,0,0,9.585360,567872085
9.412507,58.1836,17.5781,17.5781,0,0,9.585360,567872085
9.414506,58.3594,17.5781,17.5781,0,0,9.585360,567872085
9.416503,58.3594,17.4023,17.4023,0,0,9.585360,567872085
9.418500,58.5352,17.2266,17.2266,0,0,9.585360,567872085
9.422517,58.8867,17.0508,17.0508,0,0,9.585360,567872085
9.422828,58.8867,17.0508,17.0508,0,0,9.585360,567872085
9.424479,59.0625,16.8750,16.8750,0,0,9.585360,567872085
9.426468,59.2383,16.8750,16.8750,0,0,9.585360,567872085
9.428462,59.4141,16.6992,16.6992,0,0,9.585360,567872085
9.430537,59.5898,16.5234,16.5234,0,0,9.585360,567872085
9.432518,59.5898,16.3477,16.3477,0,0,9.585360,567872085
9.434455,59.7656,16.1719,16.1719,0,0,9.585360,567872085
9.436525,59.9414,15.9961,15.9961,0,0,9.585360,567872085
9.438516,60.1172,15.8203,15.8203,0,0,9.585360,567872085
9.440497,60.2930,15.6445,15.6445,0,0,9.585360,567872085
9.442487,60.4688,15.4688,15.4688,0,0,9.585360,567872085
9.444468,60.6445,15.1172,15.1172,0,0,9.585360,567872085
9.446457,60.8203,14.9414,14.9414,0,0,9.585360,567872085
9.448524,60.9961,14.7656,14.7656,0,0,9.585360,567872085
9.450515,61.1719,14.5898,14.5898,0,0,9.585360,567872085
9.452498,61.5234,14.2383,14.2383,0,0,9.585360,567872085
9.454487,61.6992,14.0625,14.0625,0,0,9.585360,567872085
9.456468,61.8750,13.7109,13.7109,0,0,9.585360,567872085
9.458457,62.0508,13.5352,13.5352,0,0,9.585360,567872085
9.460524,62.2266,13.3594,13.3594,0,0,9.585360,567872085
9.462515,62.4023,13.0078,13.0078,0,0,9.585360,567872085
9.464498,62.5781,12.8320,12.8320,0,0,9.585360,567872085
9.466487,62.7539,12.6562,12.6562,0,0,9.585360,567872085
9.468468,63.1055,12.3047,12.3047,0,0,9.585360,567872085
9.470457,63.2812,11.9531,11.9531,0,0,9.585360,567872085
9.472477,63.4570,11.7773,11.7773,0,0,9.585360,567872085
9.474506,63.6328,11.4258,11.4258,0,0,9.585360,567872085
9.476500,63.8086,11.2500,11.2500,0,0,9.585360,567872085
9.478468,64.1602,10.8984,10.8984,0,0,9.585360,567872085
9.480537,64.3359,10.5469,10.5469,0,0,9.585360,567872085
9.482525,64.5117,10.3711,10.3711,0,0,9.585360,567872085
9.484506,64.6875,10.0195,10.0195,0,0,9.585360,567872085
9.486498,64.8633,9.8438,9.8438,0,0,9.585360,567872085
9.488479,65.2148,9.4922,9.4922,0,0,9.585360,567872085
9.490468,65.3906,9.1406,9.1406,0,0,9.585360,567872085
9.492534,65.5664,8.7891,8.7891,0,0,9.585360,567872085
9.494525,65.9180,8.6133,8.6133,0,0,9.585360,567872085
9.496506,66.0938,8.2617,8.2617,0,0,9.585360,567872085
9.498495,66.2695,8.0859,8.0859,0,0,9.585360,567872085
9.500477,66.4453,7.7344,7.7344,0,0,9.585360,567872085
9.502468,66.6211,7.3828,7.3828,0,0,9.585360,567872085
9.504534,66.7969,7.2070,7.2070,0,0,9.585360,567872085
9.506524,67.1484,6.8555,6.8555,0,0,9.585360,567872085
9.508506,67.3242,6.5039,6.5039,0,0,9.585360,567872085
9.510494,67.5000,6.3281,6.3281,0,0,9.585360,567872085
9.512495,67.6758,5.9766,5.9766,0,0,9.585360,567872085
9.514486,67.8516,5.8008,5.8008,0,0,9.585360,567872085
9.516468,68.0273,5.4492,5.4492,0,0,9.585360,567872085
9.518460,68.2031,5.2734,5.2734,0,0,9.585360,567872085
9.522235,68.7305,4.7461,4.7461,0,0,9.585360,567872085
9.522499,68.7305,4.5703,4.5703,0,0,9.585360,567872085
9.524510,68.9062,4.3945,4.3945,0,0,9.585360,567872085
9.526506,69.0820,4.2188,4.2188,0,0,9.585360,567872085
9.528505,69.2578,3.8672,3.8672,0,0,9.585360,567872085
9.530505,69.4336,3.6914,3.6914,0,0,9.585360,567872085
9.532502,69.6094,3.5156,3.5156,0,0,9.585360,567872085
9.534499,69.7852,3.1641,3.1641,0,0,9.585360,567872085
9.536498,69.9609,2.9883,2.9883,0,0,9.585360,567872085
9.538494,70.1367,2.8125,2.8125,0,0,9.585360,567872085
9.540491,70.3125,2.4609,2.4609,0,0,9.585360,567872085
9.542491,70.4883,2.2852,2.2852,0,0,9.585360,567872085
9.544491,70.6641,2.1094,2.1094,0,0,9.585360,567872085
9.546491,70.8398,1.9336,1.9336,0,0,9.585360,567872085
9.548491,70.8398,1.7578,1.7578,0,0,9.585360,567872085
9.550491,71.0156,1.5820,1.5820,0,0,9.585360,567872085
9.552491,71.1914,1.4062,1.4062,0,0,9.585360,567872085
9.554491,71.3672,1.0547,1.0547,0,0,9.585360,567872085
9.556491,71.5430,1.0547,1.0547,0,0,9.585360,567872085
9.558492,71.5430,0.8789,0.8789,0,0,9.585360,567872085
9.560491,71.7188,0.7031,0.7031,0,0,9.585360,567872085
9.562491,71.8945,0.5273,0.5273,0,0,9.585360,567872085
9.564491,71.8945,0.3516,0.3516,0,0,9.585360,567872085
9.566491,72.0703,0.3516,0.3516,0,0,9.585360,567872085
9.568463,72.2461,0.1758,0.1758,0,0,9.585360,567872085
9.570460,72.2461,0.0000,0.0000,0,0,9.585360,567872085
9.572494,72.4219,0.0000,0.0000,0,0,9.585360,567872085
9.574539,72.4219,-0.1758,-0.1758,0,0,9.585360,567872085
9.576538,72.5977,-0.1758,-0.1758,0,0,9.585360,567872085
9.578463,72.5977,-0.3516,-0.3516,0,0,9.585360,567872085
9.580456,72.7734,-0.3516,-0.3516,0,0,9.585360,567872085
9.582491,72.7734,-0.3516,-0.3516,0,0,9.585360,567872085
9.584483,72.9492,-0.5273,-0.5273,0,0,9.585360,567872085
9.588052,72.9492,-0.5273,-0.5273,0,0,9.815210,568094257
9.588477,72.9492,-0.5273,-0.5273,0,0,9.815210,568094257
9.590461,73.1250,-0.5273,-0.5273,0,0,9.815210,568094257
9.592500,73.1250,-0.5273,-0.5273,0,0,9.815210,568094257
9.594529,73.1250,-0.5273,-0.5273,0,0,9.815210,568094257
9.596526,73.3008,-0.5273,-0.5273,0,0,9.815210,568094257
9.598719,73.3008,-0.5273,-0.5273,0,0,9.815210,568094257
9.600532,73.3008,-0.5273,-0.5273,0,0,9.815210,568094257
9.602478,73.3008,-0.5273,-0.5273,0,0,9.815210,568094257
9.604477,73.3008,-0.5273,-0.5273,0,0,9.815210,568094257
9.606477,73.4766,-0.5273,-0.5273,0,0,9.815210,568094257
9.608502,73.4766,-0.3516,-0.3516,0,0,9.815210,568094257
9.610494,73.4766,-0.3516,-0.3516,0,0,9.815210,568094257
9.612515,73.4766,-0.3516,-0.3516,0,0,9.815210,568094257
9.614515,73.4766,-0.1758,-0.1758,0,0,9.815210,568094257
9.616510,73.4766,0.0000,0.0000,0,0,9.815210,568094257
9.618506,73.4766,0.0000,0.0000,0,0,9.815210,568094257
9.622520,73.4766,0.1758,0.1758,0,0,9.815210,568094257
9.622819,73.4766,0.1758,0.1758,0,0,9.815210,568094257
9.624468,73.4766,0.3516,0.3516,0,0,9.815210,568094257
9.626460,73.4766,0.3516,0.3516,0,0,9.815210,568094257
9.628530,73.4766,0.5273,0.5273,0,0,9.815210,568094257
9.630518,73.3008,0.7031,0.7031,0,0,9.815210,568094257
9.632499,73.3008,0.8789,0.8789,0,0,9.815210,568094257
9.634491,73.3008,1.0547,1.0547,0,0,9.815210,568094257
9.636472,73.3008,1.0547,1.0547,0,0,9.815210,568094257
9.638460,73.3008,1.4062,1.4062,0,0,9.815210,568094257
9.640530,73.1250,1.5820,1.5820,0,0,9.815210,568094257
9.642518,73.1250,1.5820,1.5820,0,0,9.815210,568094257
9.644499,73.1250,1.7578,1.7578,0,0,9.815210,568094257
9.646491,73.1250,2.1094,2.1094,0,0,9.815210,568094257
9.648472,72.9492,2.2852,2.2852,0,0,9.815210,568094257
9.650460,72.9492,2.4609,2.4609,0,0,9.815210,568094257
9.652530,72.9492,2.6367,2.6367,0,0,9.815210,568094257
9.654518,72.7734,2.8125,2.8125,0,0,9.815210,568094257
9.656499,72.7734,2.9883,2.9883,0,0,9.815210,568094257
9.658491,72.7734,3.1641,3.1641,0,0,9.815210,568094257
9.660472,72.5977,3.5156,3.5156,0,0,9.815210,568094257
9.662460,72.5977,3.6914,3.6914,0,0,9.815210,568094257
9.664530,72.4219,3.8672,3.8672,0,0,9.815210,568094257
9.666518,72.4219,4.2188,4.2188,0,0,9.815210,568094257
9.668499,72.4219,4.3945,4.3945,0,0,9.815210,568094257
9.670491,72.2461,4.5703,4.5703,0,0,9.815210,568094257
9.672472,72.2461,4.9219,4.9219,0,0,9.815210,568094257
9.674460,72.2461,5.0977,5.0977,0,0,9.815210,568094257
9.676542,72.0703,5.2734,5.2734,0,0,9.815210,568094257
9.678456,71.8945,5.6250,5.6250,0,0,9.815210,568094257
9.680535,71.8945,5.8008,5.8008,0,0,9.815210,568094257
9.682518,71.8945,6.1523,6.1523,0,0,9.815210,568094257
9.684498,71.7188,6.3281,6.3281,0,0,9.815210,568094257
9.686487,71.7188,6.6797,6.6797,0,0,9.815210,568094257
9.688468,71.5430,6.8555,6.8555,0,0,9.815210,568094257
9.690457,71.5430,7.2070,7.2070,0,0,9.815210,568094257
9.692524,71.5430,7.3828,7.3828,0,0,9.815210,568094257
9.694515,71.3672,7.7344,7.7344,0,0,9.815210,568094257
9.696498,71.1914,7.9102,7.9102,0,0,9.815210,568094257
9.698487,71.1914,8.0859,8.0859,0,0,9.815210,568094257
9.700468,71.0156,8.4375,8.4375,0,0,9.815210,568094257
9.702457,71.0156,8.6133,8.6133,0,0,9.815210,568094257
9.704524,71.0156,8.7891,8.7891,0,0,9.815210,568094257
9.706515,70.8398,9.1406,9.1406,0,0,9.815210,568094257
9.708498,70.8398,9.3164,9.3164,0,0,9.815210,568094257
9.710487,70.6641,9.6680,9.6680,0,0,9.815210,568094257
9.712483,70.6641,9.8438,9.8438,0,0,9.815210,568094257
9.714471,70.4883,10.0195,10.0195,0,0,9.815210,568094257
9.716538,70.4883,10.3711,10.3711,0,0,9.815210,568094257
9.718530,70.4883,10.5469,10.5469,0,0,9.815210,568094257
9.722025,70.3125,10.8984,10.8984,0,0,9.815210,568094257
9.722465,70.3125,11.0742,11.0742,0,0,9.815210,568094257
9.724468,70.1367,11.2500,11.2500,0,0,9.815210,568094257
9.726467,70.1367,11.4258,11.4258,0,0,9.815210,568094257
9.728464,70.1367,11.6016,11.6016,0,0,9.815210,568094257
9.730460,70.1367,11.9531,11.9531,0,0,9.815210,568094257
9.732460,69.9609,12.1289,12.1289,0,0,9.815210,568094257
9.734460,69.9609,12.3047,12.3047,0,0,9.815210,568094257
9.736460,69.9609,12.4805,12.4805,0,0,9.815210,568094257
9.738460,69.7852,12.6562,12.6562,0,0,9.815210,568094257
9.740460,69.7852,12.8320,12.8320,0,0,9.815210,568094257
9.742460,69.7852,13.0078,13.0078,0,0,9.815210,568094257
9.744460,69.7852,13.1836,13.1836,0,0,9.815210,568094257
9.746460,69.6094,13.3594,13.3594,0,0,9.815210,568094257
9.748460,69.6094,13.5352,13.5352,0,0,9.815210,568094257
9.750460,69.6094,13.7109,13.7109,0,0,9.815210,568094257
9.752460,69.6094,13.7109,13.7109,0,0,9.815210,568094257
9.754460,69.6094,14.0625,14.0625,0,0,9.815210,568094257
9.756460,69.6094,14.0625,14.0625,0,0,9.815210,568094257
9.758460,69.6094,14.2383,14.2383,0,0,9.815210,568094257
9.760460,69.4336,14.4141,14.4141,0,0,9.815210,568094257
9.762460,69.4336,14.4141,14.4141,0,0,9.815210,568094257
9.764460,69.4336,14.5898,14.5898,0,0,9.815210,568094257
9.766460,69.4336,14.7656,14.7656,0,0,9.815210,568094257
9.768460,69.4336,14.7656,14.7656,0,0,9.815210,568094257
9.770460,69.4336,14.9414,14.9414,0,0,9.815210,568094257
9.772460,69.4336,14.9414,14.9414,0,0,9.815210,568094257
9.774460,69.4336,15.1172,15.1172,0,0,9.815210,568094257
9.776460,69.4336,15.1172,15.1172,0,0,9.815210,568094257
9.778460,69.4336,15.1172,15.1172,0,0,9.815210,568094257
9.780494,69.4336,15.1172,15.1172,0,0,9.815210,568094257
9.782508,69.6094,15.2930,15.2930,0,0,9.815210,568094257
9.784506,69.6094,15.2930,15.2930,0,0,9.815210,568094257
9.786505,69.6094,15.4688,15.4688,0,0,9.815210,568094257
9.788503,69.6094,15.4688,15.4688,0,0,9.815210,568094257
9.790499,69.6094,15.4688,15.4688,0,0,9.815210,568094257
9.792498,69.6094,15.4688,15.4688,0,0,9.815210,568094257
9.794495,69.7852,15.4688,15.4688,0,0,9.815210,568094257
9.796494,69.7852,15.4688,15.4688,0,0,9.815210,568094257
9.798505,69.7852,15.4688,15.4688,0,0,9.815210,568094257
9.800496,69.7852,15.4688,15.4688,0,0,9.815210,568094257
9.802477,69.9609,15.4688,15.4688,0,0,9.815210,568094257
9.804531,69.9609,15.4688,15.4688,0,0,9.815210,568094257
9.806714,69.9609,15.4688,15.4688,0,0,9.815210,568094257
9.810214,70.1367,15.2930,15.2930,0,0,10.050481,568337898
9.810673,70.1367,15.2930,15.2930,0,0,10.050481,568337898
9.812464,70.1367,15.2930,15.2930,0,0,10.050481,568337898
9.814515,70.3125,15.1172,15.1172,0,0,10.050481,568337898
9.816529,70.3125,15.1172,15.1172,0,0,10.050481,568337898
9.818455,70.3125,15.1172,15.1172,0,0,10.050481,568337898
9.822535,70.4883,14.9414,14.9414,0,0,10.050481,568337898
9.822830,70.4883,14.9414,14.9414,0,0,10.050481,568337898
9.824524,70.6641,14.7656,14.7656,0,0,10.050481,568337898
9.826481,70.6641,14.7656,14.7656,0,0,10.050481,568337898
9.828490,70.8398,14.5898,14.5898,0,0,10.050481,568337898
9.830514,70.8398,14.4141,14.4141,0,0,10.050481,568337898
9.832499,70.8398,14.4141,14.4141,0,0,10.050481,568337898
9.834494,71.0156,14.2383,14.2383,0,0,10.050481,568337898
9.836477,71.0156,14.2383,14.2383,0,0,10.050481,568337898
9.838483,71.1914,14.0625,14.0625,0,0,10.050481,568337898
9.840510,71.3672,13.8867,13.8867,0,0,10.050481,568337898
9.842499,71.3672,13.7109,13.7109,0,0,10.050481,568337898
9.844480,71.5430,13.5352,13.5352,0,0,10.050481,568337898
9.846468,71.5430,13.5352,13.5352,0,0,10.050481,568337898
9.848537,71.7188,13.3594,13.3594,0,0,10.050481,568337898
9.850525,71.7188,13.1836,13.1836,0,0,10.050481,568337898
9.852506,71.8945,13.0078,13.0078,0,0,10.050481,568337898
9.854498,72.0703,12.8320,12.8320,0,0,10.050481,568337898
9.856479,72.0703,12.6562,12.6562,0,0,10.050481,568337898
9.858468,72.2461,12.4805,12.4805,0,0,10.050481,568337898
9.860534,72.2461,12.3047,12.3047,0,0,10.050481,568337898
9.862525,72.4219,12.1289,12.1289,0,0,10.050481,568337898
9.864506,72.5977,11.9531,11.9531,0,0,10.050481,568337898
9.866495,72.5977,11.7773,11.7773,0,0,10.050481,568337898
9.868477,72.7734,11.6016,11.6016,0,0,10.050481,568337898
9.870468,72.9492,11.4258,11.4258,0,0,10.050481,568337898
9.872534,72.9492,11.2500,11.2500,0,0,10.050481,568337898
9.874524,73.1250,10.8984,10.8984,0,0,10.050481,568337898
9.876506,73.3008,10.7227,10.7227,0,0,10.050481,568337898
9.878494,73.3008,10.5469,10.5469,0,0,10.050481,568337898
9.880477,73.4766,10.3711,10.3711,0,0,10.050481,568337898
9.882526,73.6523,10.1953,10.1953,0,0,10.050481,568337898
9.884507,73.6523,10.0195,10.0195,0,0,10.050481,568337898
9.886522,73.8281,9.8438,9.8438,0,0,10.050481,568337898
9.888503,74.0039,9.4922,9.4922,0,0,10.050481,568337898
9.890494,74.0039,9.3164,9.3164,0,0,10.050481,568337898
9.892477,74.1797,9.1406,9.1406,0,0,10.050481,568337898
9.894468,74.3555,8.9648,8.9648,0,0,10.050481,568337898
9.896534,74.3555,8.7891,8.7891,0,0,10.050481,568337898
9.898524,74.5312,8.6133,8.6133,0,0,10.050481,568337898
9.900506,74.7070,8.4375,8.4375,0,0,10.050481,568337898
9.902494,74.7070,8.0859,8.0859,0,0,10.050481,568337898
9.904477,74.8828,7.9102,7.9102,0,0,10.050481,568337898
9.906468,75.0586,7.7344,7.7344,0,0,10.050481,568337898
9.908534,75.0586,7.5586,7.5586,0,0,10.050481,568337898
9.910525,75.2344,7.3828,7.3828,0,0,10.050481,568337898
9.912530,75.2344,7.2070,7.2070,0,0,10.050481,568337898
9.914518,75.4102,6.8555,6.8555,0,0,10.050481,568337898
9.916498,75.5859,6.6797,6.6797,0,0,10.050481,568337898
9.918487,75.7617,6.5039,6.5039,0,0,10.050481,568337898
9.922078,75.7617,6.1523,6.1523,0,0,10.050481,568337898
9.922530,75.7617,6.1523,6.1523,0,0,10.050481,568337898
9.924534,75.9375,5.9766,5.9766,0,0,10.050481,568337898
9.926533,76.1133,5.8008,5.8008,0,0,10.050481,568337898
9.928475,76.1133,5.6250,5.6250,0,0,10.050481,568337898
9.930518,76.2891,5.4492,5.4492,0,0,10.050481,568337898
9.932515,76.2891,5.2734,5.2734,0,0,10.050481,568337898
9.934515,76.4648,5.0977,5.0977,0,0,10.050481,568337898
9.936510,76.4648,4.9219,4.9219,0,0,10.050481,568337898
9.938506,76.6406,4.7461,4.7461,0,0,10.050481,568337898
9.940505,76.6406,4.5703,4.5703,0,0,10.050481,568337898
9.942503,76.6406,4.3945,4.3945,0,0,10.050481,568337898
9.944500,76.8164,4.2188,4.2188,0,0,10.050481,568337898
9.946498,76.8164,4.0430,4.0430,0,0,10.050481,568337898
9.948495,76.9922,3.8672,3.8672,0,0,10.050481,568337898
9.950494,76.9922,3.8672,3.8672,0,0,10.050481,568337898
9.952494,77.1680,3.6914,3.6914,0,0,10.050481,568337898
9.954494,77.1680,3.5156,3.5156,0,0,10.050481,568337898
9.956494,77.1680,3.5156,3.5156,0,0,10.050481,568337898
9.958494,77.1680,3.3398,3.3398,0,0,10.050481,568337898
9.960494,77.3438,3.1641,3.1641,0,0,10.050481,568337898
9.962494,77.3438,3.1641,3.1641,0,0,10.050481,568337898
9.964494,77.3438,2.9883,2.9883,0,0,10.050481,568337898
9.966494,77.3438,2.9883,2.9883,0,0,10.050481,568337898
9.968494,77.5195,2.8125,2.8125,0,0,10.050481,568337898
9.970494,77.5195,2.8125,2.8125,0,0,10.050481,568337898
9.972494,77.5195,2.6367,2.6367,0,0,10.050481,568337898
9.974494,77.5195,2.4609,2.4609,0,0,10.050481,568337898
9.976494,77.5195,2.4609,2.4609,0,0,10.050481,568337898
9.978494,77.5195,2.4609,2.4609,0,0,10.050481,568337898
9.980494,77.6953,2.4609,2.4609,0,0,10.050481,568337898
9.982494,77.6953,2.2852,2.2852,0,0,10.050481,568337898
9.984530,77.6953,2.2852,2.2852,0,0,10.050481,568337898
9.986525,77.6953,2.2852,2.2852,0,0,10.050481,568337898
9.988524,77.6953,2.2852,2.2852,0,0,10.050481,568337898
9.990522,77.6953,2.2852,2.2852,0,0,10.050481,568337898
9.992518,77.6953,2.2852,2.2852,0,0,10.050481,568337898
9.994519,77.6953,2.2852,2.2852,0,0,10.050481,568337898
9.996533,77.6953,2.2852,2.2852,0,0,10.050481,568337898
9.998530,77.6953,2.2852,2.2852,0,0,10.050481,568337898
10.000525,77.6953,2.2852,2.2852,0,0,10.050481,568337898
10.002524,77.5195,2.2852,2.2852,0,0,10.050481,568337898
10.004522,77.5195,2.2852,2.2852,0,0,10.050481,568337898
10.006518,77.5195,2.2852,2.2852,0,0,10.050481,568337898
10.008518,77.5195,2.2852,2.2852,0,0,10.050481,568337898
10.010515,77.5195,2.2852,2.2852,0,0,10.050481,568337898
10.012522,77.5195,2.2852,2.2852,0,0,10.050481,568337898
10.014518,77.3438,2.4609,2.4609,0,0,10.050481,568337898
10.016518,77.3438,2.4609,2.4609,0,0,10.050481,568337898
10.018515,77.3438,2.4609,2.4609,0,0,10.050481,568337898
10.022031,77.3438,2.6367,2.6367,0,0,10.050481,568337898
10.022467,77.3438,2.6367,2.6367,0,0,10.050481,568337898
10.024538,77.1680,2.6367,2.6367,0,0,10.050481,568337898
10.026525,77.1680,2.8125,2.8125,0,0,10.050481,568337898
10.028506,77.1680,2.8125,2.8125,0,0,10.050481,568337898
10.030498,77.1680,2.9883,2.9883,0,0,10.050481,568337898
10.032498,76.9922,2.9883,2.9883,0,0,10.050481,568337898
10.034462,76.9922,3.1641,3.1641,0,0,10.050481,568337898
10.036533,76.8164,3.1641,3.1641,0,0,10.050481,568337898
10.038462,76.8164,3.3398,3.3398,0,0,10.050481,568337898
10.040505,76.8164,3.5156,3.5156,0,0,10.050481,568337898
10.042483,76.6406,3.5156,3.5156,0,0,10.050481,568337898
10.044466,76.6406,3.6914,3.6914,0,0,10.050481,568337898
10.046456,76.4648,3.6914,3.6914,0,0,10.050481,568337898
10.048505,76.4648,3.8672,3.8672,0,0,10.050481,568337898
10.053643,76.2891,4.2188,4.2188,0,0,10.305507,568585054
10.054241,76.2891,4.2188,4.2188,0,0,10.305507,568585054
10.054491,76.2891,4.2188,4.2188,0,0,10.305507,568585054
10.056476,76.1133,4.3945,4.3945,0,0,10.305507,568585054
10.058529,76.1133,4.5703,4.5703,0,0,10.305507,568585054
10.060485,75.9375,4.5703,4.5703,0,0,10.305507,568585054
10.062540,75.9375,4.9219,4.9219,0,0,10.305507,568585054
10.064463,75.7617,4.9219,4.9219,0,0,10.305507,568585054
10.066504,75.7617,5.0977,5.0977,0,0,10.305507,568585054
10.068521,75.7617,5.2734,5.2734,0,0,10.305507,568585054
10.070517,75.5859,5.2734,5.2734,0,0,10.305507,568585054
10.072514,75.4102,5.6250,5.6250,0,0,10.305507,568585054
10.074508,75.4102,5.8008,5.8008,0,0,10.305507,568585054
10.076505,75.2344,5.8008,5.8008,0,0,10.305507,568585054
10.078516,75.2344,5.9766,5.9766,0,0,10.305507,568585054
10.080484,75.0586,6.1523,6.1523,0,0,10.305507,568585054
10.082479,75.0586,6.3281,6.3281,0,0,10.305507,568585054
10.084477,75.0586,6.5039,6.5039,0,0,10.305507,568585054
10.086500,74.8828,6.6797,6.6797,0,0,10.305507,568585054
10.088517,74.7070,6.8555,6.8555,0,0,10.305507,568585054
10.090538,74.7070,7.0312,7.0312,0,0,10.305507,568585054
10.092534,74.5312,7.2070,7.2070,0,0,10.305507,568585054
10.094533,74.5312,7.2070,7.2070,0,0,10.305507,568585054
10.096530,74.3555,7.3828,7.3828,0,0,10.305507,568585054
10.098525,74.3555,7.5586,7.5586,0,0,10.305507,568585054
10.100524,74.1797,7.7344,7.7344,0,0,10.305507,568585054
10.102522,74.1797,7.9102,7.9102,0,0,10.305507,568585054
10.104518,74.0039,8.0859,8.0859,0,0,10.305507,568585054
10.106518,74.0039,8.2617,8.2617,0,0,10.305507,568585054
10.108515,73.8281,8.4375,8.4375,0,0,10.305507,568585054
10.110515,73.8281,8.6133,8.6133,0,0,10.305507,568585054
10.112533,73.6523,8.6133,8.6133,0,0,10.305507,568585054
10.114530,73.6523,8.7891,8.7891,0,0,10.305507,568585054
10.116525,73.4766,8.9648,8.9648,0,0,10.305507,568585054
10.118524,73.4766,9.1406,9.1406,0,0,10.305507,568585054
10.122539,73.3008,9.4922,9.4922,0,0,10.305507,568585054
10.122842,73.3008,9.4922,9.4922,0,0,10.305507,568585054
10.124486,73.1250,9.4922,9.4922,0,0,10.305507,568585054
10.126477,73.1250,9.8438,9.8438,0,0,10.305507,568585054
10.128460,72.9492,9.8438,9.8438,0,0,10.305507,568585054
10.130534,72.9492,10.0195,10.0195,0,0,10.305507,568585054
10.132518,72.9492,10.1953,10.1953,0,0,10.305507,568585054
10.134506,72.7734,10.1953,10.1953,0,0,10.305507,568585054
10.136487,72.7734,10.3711,10.3711,0,0,10.305507,568585054
10.138477,72.5977,10.5469,10.5469,0,0,10.305507,568585054
10.140460,72.5977,10.7227,10.7227,0,0,10.305507,568585054
10.142534,72.5977,10.7227,10.7227,0,0,10.305507,568585054
10.144515,72.4219,10.8984,10.8984,0,0,10.305507,568585054
10.146506,72.4219,10.8984,10.8984,0,0,10.305507,568585054
10.148487,72.4219,11.0742,11.0742,0,0,10.305507,568585054
10.150477,72.2461,11.2500,11.2500,0,0,10.305507,568585054
10.152460,72.2461,11.2500,11.2500,0,0,10.305507,568585054
10.154534,72.2461,11.4258,11.4258,0,0,10.305507,568585054
10.156515,72.2461,11.4258,11.4258,0,0,10.305507,568585054
10.158506,72.0703,11.6016,11.6016,0,0,10.305507,568585054
10.160487,72.0703,11.6016,11.6016,0,0,10.305507,568585054
10.162477,72.0703,11.6016,11.6016,0,0,10.305507,568585054
10.164460,71.8945,11.7773,11.7773,0,0,10.305507,568585054
10.166534,71.8945,11.7773,11.7773,0,0,10.305507,568585054
10.168515,71.8945,11.9531,11.9531,0,0,10.305507,568585054
10.170506,71.8945,11.9531,11.9531,0,0,10.305507,568585054
10.172487,71.8945,11.9531,11.9531,0,0,10.305507,568585054
10.174477,71.8945,12.1289,12.1289,0,0,10.305507,568585054
10.176460,71.7188,12.1289,12.1289,0,0,10.305507,568585054
10.178534,71.7188,12.1289,12.1289,0,0,10.305507,568585054
10.180515,71.7188,12.1289,12.1289,0,0,10.305507,568585054
10.182506,71.7188,12.1289,12.1289,0,0,10.305507,568585054
10.184487,71.7188,12.1289,12.1289,0,0,10.305507,568585054
10.186477,71.7188,12.1289,12.1289,0,0,10.305507,568585054
10.188495,71.7188,12.3047,12.3047,0,0,10.305507,568585054
10.190484,71.7188,12.3047,12.3047,0,0,10.305507,568585054
10.192475,71.7188,12.3047,12.3047,0,0,10.305507,568585054
10.194506,71.7188,12.3047,12.3047,0,0,10.305507,568585054
10.196487,71.7188,12.3047,12.3047,0,0,10.305507,568585054
10.198477,71.7188,12.3047,12.3047,0,0,10.305507,568585054
10.200460,71.7188,12.1289,12.1289,0,0,10.305507,568585054
10.202534,71.7188,12.1289,12.1289,0,0,10.305507,568585054
10.204515,71.7188,12.1289,12.1289,0,0,10.305507,568585054
10.206506,71.7188,12.1289,12.1289,0,0,10.305507,568585054
10.208487,71.7188,12.1289,12.1289,0,0,10.305507,568585054
10.210477,71.7188,12.1289,12.1289,0,0,10.305507,568585054
10.212480,71.7188,11.9531,11.9531,0,0,10.305507,568585054
10.214468,71.7188,11.9531,11.9531,0,0,10.305507,568585054
10.216534,71.7188,11.9531,11.9531,0,0,10.305507,568585054
10.218525,71.7188,11.9531,11.9531,0,0,10.305507,568585054
10.222018,71.7188,11.7773,11.7773,0,0,10.305507,568585054
10.222467,71.7188,11.7773,11.7773,0,0,10.305507,568585054
10.224463,71.8945,11.6016,11.6016,0,0,10.305507,568585054
10.226460,71.8945,11.6016,11.6016,0,0,10.305507,568585054
10.228460,71.8945,11.6016,11.6016,0,0,10.305507,568585054
10.230460,71.8945,11.4258,11.4258,0,0,10.305507,568585054
10.232460,71.8945,11.4258,11.4258,0,0,10.305507,568585054
10.234460,72.0703,11.4258,11.4258,0,0,10.305507,568585054
10.236460,72.0703,11.2500,11.2500,0,0,10.305507,568585054
10.238460,72.0703,11.2500,11.2500,0,0,10.305507,568585054
10.240460,72.0703,11.0742,11.0742,0,0,10.305507,568585054
10.242460,72.0703,10.8984,10.8984,0,0,10.305507,568585054
10.244460,72.2461,10.8984,10.8984,0,0,10.305507,568585054
10.246460,72.2461,10.7227,10.7227,0,0,10.305507,568585054
10.248460,72.2461,10.7227,10.7227,0,0,10.305507,568585054
10.250460,72.2461,10.5469,10.5469,0,0,10.305507,568585054
10.252460,72.2461,10.5469,10.5469,0,0,10.305507,568585054
10.254460,72.4219,10.3711,10.3711,0,0,10.305507,568585054
10.256460,72.4219,10.1953,10.1953,0,0,10.305507,568585054
10.258460,72.4219,10.1953,10.1953,0,0,10.305507,568585054
10.260460,72.4219,10.0195,10.0195,0,0,10.305507,568585054
10.262460,72.5977,9.8438,9.8438,0,0,10.305507,568585054
10.264460,72.5977,9.8438,9.8438,0,0,10.305507,568585054
10.266521,72.5977,9.6680,9.6680,0,0,10.305507,568585054
10.268516,72.5977,9.4922,9.4922,0,0,10.305507,568585054
10.270469,72.7734,9.4922,9.4922,0,0,10.305507,568585054
10.272468,72.7734,9.3164,9.3164,0,0,10.305507,568585054
10.274466,72.7734,9.1406,9.1406,0,0,10.305507,568585054
10.276463,72.9492,9.1406,9.1406,0,0,10.305507,568585054
10.278460,72.9492,8.9648,8.9648,0,0,10.305507,568585054
10.280460,72.9492,8.7891,8.7891,0,0,10.305507,568585054
10.282470,72.9492,8.6133,8.6133,0,0,10.305507,568585054
10.284470,73.1250,8.6133,8.6133,0,0,10.305507,568585054
10.286509,73.1250,8.4375,8.4375,0,0,10.305507,568585054
10.288518,73.1250,8.2617,8.2617,0,0,10.305507,568585054
10.290520,73.1250,8.0859,8.0859,0,0,10.305507,568585054
10.292461,73.3008,8.0859,8.0859,0,0,10.305507,568585054
10.294460,73.3008,7.9102,7.9102,0,0,10.305507,568585054
10.296502,73.3008,7.7344,7.7344,0,0,10.305507,568585054
10.300993,73.4766,7.5586,7.5586,0,0,10.564037,568849142
10.301447,73.4766,7.5586,7.5586,0,0,10.564037,568849142
10.302530,73.4766,7.3828,7.3828,0,0,10.564037,568849142
10.304703,73.4766,7.3828,7.3828,0,0,10.564037,568849142
10.306528,73.6523,7.2070,7.2070,0,0,10.564037,568849142
10.308506,73.6523,7.0312,7.0312,0,0,10.564037,568849142
10.310495,73.6523,7.0312,7.0312,0,0,10.564037,568849142
10.312498,73.6523,6.8555,6.8555,0,0,10.564037,568849142
10.314481,73.6523,6.6797,6.6797,0,0,10.564037,568849142
10.316457,73.8281,6.6797,6.6797,0,0,10.564037,568849142
10.318551,73.8281,6.5039,6.5039,0,0,10.564037,568849142
10.323120,73.8281,6.3281,6.3281,0,0,10.564037,568849142
10.323423,73.8281,6.3281,6.3281,0,0,10.564037,568849142
10.324487,73.8281,6.1523,6.1523,0,0,10.564037,568849142
10.326478,73.8281,5.9766,5.9766,0,0,10.564037,568849142
10.328509,74.0039,5.9766,5.9766,0,0,10.564037,568849142
10.330506,74.0039,5.8008,5.8008,0,0,10.564037,568849142
10.332487,74.0039,5.8008,5.8008,0,0,10.564037,568849142
10.334477,74.0039,5.6250,5.6250,0,0,10.564037,568849142
10.336460,74.0039,5.6250,5.6250,0,0,10.564037,568849142
10.338534,74.0039,5.4492,5.4492,0,0,10.564037,568849142
10.340515,74.1797,5.2734,5.2734,0,0,10.564037,568849142
10.342506,74.1797,5.2734,5.2734,0,0,10.564037,568849142
10.344487,74.1797,5.2734,5.2734,0,0,10.564037,568849142
10.346477,74.1797,5.0977,5.0977,0,0,10.564037,568849142
10.348460,74.1797,5.0977,5.0977,0,0,10.564037,568849142
10.350534,74.1797,4.9219,4.9219,0,0,10.564037,568849142
10.352515,74.1797,4.9219,4.9219,0,0,10.564037,568849142
10.354506,74.1797,4.9219,4.9219,0,0,10.564037,568849142
10.356487,74.1797,4.7461,4.7461,0,0,10.564037,568849142
10.358477,74.1797,4.7461,4.7461,0,0,10.564037,568849142
10.360460,74.1797,4.5703,4.5703,0,0,10.564037,568849142
10.362534,74.1797,4.5703,4.5703,0,0,10.564037,568849142
10.364515,74.1797,4.5703,4.5703,0,0,10.564037,568849142
10.366506,74.1797,4.3945,4.3945,0,0,10.564037,568849142
10.368487,74.1797,4.3945,4.3945,0,0,10.564037,568849142
10.370477,74.1797,4.3945,4.3945,0,0,10.564037,568849142
10.372460,74.1797,4.3945,4.3945,0,0,10.564037,568849142
10.374534,74.1797,4.3945,4.3945,0,0,10.564037,568849142
10.376515,74.1797,4.3945,4.3945,0,0,10.564037,568849142
10.378506,74.1797,4.2188,4.2188,0,0,10.564037,568849142
10.380487,74.1797,4.2188,4.2188,0,0,10.564037,568849142
10.382477,74.1797,4.2188,4.2188,0,0,10.564037,568849142
10.384460,74.1797,4.2188,4.2188,0,0,10.564037,568849142
10.386534,74.1797,4.2188,4.2188,0,0,10.564037,568849142
10.388515,74.1797,4.2188,4.2188,0,0,10.564037,568849142
10.390506,74.0039,4.2188,4.2188,0,0,10.564037,568849142
10.392487,74.0039,4.2188,4.2188,0,0,10.564037,568849142
10.394460,74.0039,4.2188,4.2188,0,0,10.564037,568849142
10.396530,74.0039,4.2188,4.2188,0,0,10.564037,568849142
10.398456,74.0039,4.2188,4.2188,0,0,10.564037,568849142
10.400524,74.0039,4.2188,4.2188,0,0,10.564037,568849142
10.402515,73.8281,4.2188,4.2188,0,0,10.564037,568849142
10.404498,73.8281,4.2188,4.2188,0,0,10.564037,568849142
10.406487,73.8281,4.2188,4.2188,0,0,10.564037,568849142
10.408468,73.8281,4.2188,4.2188,0,0,10.564037,568849142
10.410457,73.8281,4.2188,4.2188,0,0,10.564037,568849142
10.412533,73.8281,4.2188,4.2188,0,0,10.564037,568849142
10.414525,73.6523,4.2188,4.2188,0,0,10.564037,568849142
10.416506,73.6523,4.2188,4.2188,0,0,10.564037,568849142
10.418495,73.6523,4.3945,4.3945,0,0,10.564037,568849142
10.421996,73.6523,4.3945,4.3945,0,0,10.564037,568849142
10.422525,73.6523,4.3945,4.3945,0,0,10.564037,568849142
10.424525,73.6523,4.3945,4.3945,0,0,10.564037,568849142
10.426525,73.4766,4.3945,4.3945,0,0,10.564037,568849142
10.428534,73.4766,4.3945,4.3945,0,0,10.564037,568849142
10.430533,73.4766,4.5703,4.5703,0,0,10.564037,568849142
10.432530,73.3008,4.5703,4.5703,0,0,10.564037,568849142
10.434526,73.3008,4.5703,4.5703,0,0,10.564037,568849142
10.436524,73.3008,4.5703,4.5703,0,0,10.564037,568849142
10.438522,73.3008,4.7461,4.7461,0,0,10.564037,568849142
10.440518,73.1250,4.9219,4.9219,0,0,10.564037,568849142
10.442518,73.1250,4.9219,4.9219,0,0,10.564037,568849142
10.444515,73.1250,4.9219,4.9219,0,0,10.564037,568849142
10.446515,72.9492,4.9219,4.9219,0,0,10.564037,568849142
10.448510,72.9492,5.0977,5.0977,0,0,10.564037,568849142
10.450506,72.9492,5.0977,5.0977,0,0,10.564037,568849142
10.452505,72.9492,5.0977,5.0977,0,0,10.564037,568849142
10.454503,72.7734,5.2734,5.2734,0,0,10.564037,568849142
10.456500,72.7734,5.2734,5.2734,0,0,10.564037,568849142
10.458498,72.7734,5.4492,5.4492,0,0,10.564037,568849142
10.460495,72.5977,5.4492,5.4492,0,0,10.564037,568849142
10.462494,72.5977,5.6250,5.6250,0,0,10.564037,568849142
10.464494,72.5977,5.6250,5.6250,0,0,10.564037,568849142
10.466494,72.4219,5.8008,5.8008,0,0,10.564037,568849142
10.468494,72.4219,5.8008,5.8008,0,0,10.564037,568849142
10.470494,72.4219,5.8008,5.8008,0,0,10.564037,568849142
10.472494,72.2461,5.9766,5.9766,0,0,10.564037,568849142
10.474494,72.2461,5.9766,5.9766,0,0,10.564037,568849142
10.476494,72.2461,6.1523,6.1523,0,0,10.564037,568849142
10.478494,72.2461,6.3281,6.3281,0,0,10.564037,568849142
10.480494,72.0703,6.3281,6.3281,0,0,10.564037,568849142
10.482494,72.0703,6.3281,6.3281,0,0,10.564037,568849142
10.484494,71.8945,6.5039,6.5039,0,0,10.564037,568849142
10.486494,71.8945,6.5039,6.5039,0,0,10.564037,568849142
10.488494,71.8945,6.6797,6.6797,0,0,10.564037,568849142
10.490494,71.7188,6.6797,6.6797,0,0,10.564037,568849142
10.492494,71.7188,6.8555,6.8555,0,0,10.564037,568849142
10.494491,71.7188,6.8555,6.8555,0,0,10.564037,568849142
10.496531,71.7188,7.0312,7.0312,0,0,10.564037,568849142
10.498530,71.5430,7.0312,7.0312,0,0,10.564037,568849142
10.500526,71.5430,7.2070,7.2070,0,0,10.564037,568849142
10.502525,71.5430,7.2070,7.2070,0,0,10.564037,568849142
10.504524,71.5430,7.3828,7.3828,0,0,10.564037,568849142
10.506455,71.3672,7.3828,7.3828,0,0,10.564037,568849142
10.508538,71.3672,7.5586,7.5586,0,0,10.564037,568849142
10.510534,71.1914,7.5586,7.5586,0,0,10.564037,568849142
10.512455,71.1914,7.7344,7.7344,0,0,10.564037,568849142
10.514538,71.1914,7.7344,7.7344,0,0,10.564037,568849142
10.516534,71.1914,7.9102,7.9102,0,0,10.564037,568849142
10.518530,71.0156,7.9102,7.9102,0,0,10.564037,568849142
10.522246,71.0156,8.0859,8.0859,0,0,10.564037,568849142
10.522501,71.0156,8.0859,8.0859,0,0,10.564037,568849142
10.524498,70.8398,8.0859,8.0859,0,0,10.564037,568849142
10.526487,70.8398,8.2617,8.2617,0,0,10.564037,568849142
10.528468,70.8398,8.2617,8.2617,0,0,10.564037,568849142
10.530457,70.8398,8.4375,8.4375,0,0,10.564037,568849142
10.532501,70.8398,8.4375,8.4375,0,0,10.564037,568849142
10.534475,70.6641,8.4375,8.4375,0,0,10.564037,568849142
10.536495,70.6641,8.6133,8.6133,0,0,10.564037,568849142
10.538489,70.6641,8.6133,8.6133,0,0,10.564037,568849142
10.540524,70.6641,8.6133,8.6133,0,0,10.564037,568849142
10.542530,70.4883,8.7891,8.7891,0,0,10.564037,568849142
10.544510,70.4883,8.7891,8.7891,0,0,10.564037,568849142
10.546498,70.4883,8.7891,8.7891,0,0,10.564037,568849142
10.548479,70.4883,8.9648,8.9648,0,0,10.564037,568849142
10.550468,70.4883,8.9648,8.9648,0,0,10.564037,568849142
10.552537,70.3125,9.1406,9.1406,0,0,10.564037,568849142
10.554525,70.3125,9.1406,9.1406,0,0,10.564037,568849142
10.556506,70.3125,9.1406,9.1406,0,0,10.564037,568849142
10.558495,70.3125,9.1406,9.1406,0,0,10.564037,568849142
10.560477,70.3125,9.1406,9.1406,0,0,10.564037,568849142
10.565115,70.3125,9.3164,9.3164,0,0,10.815598,569086604
10.565567,70.3125,9.3164,9.3164,0,0,10.815598,569086604
10.566468,70.3125,9.3164,9.3164,0,0,10.815598,569086604
10.568822,70.1367,9.3164,9.3164,0,0,10.815598,569086604
10.570686,70.1367,9.3164,9.3164,0,0,10.815598,569086604
10.572534,70.1367,9.4922,9.4922,0,0,10.815598,569086604
10.574494,70.1367,9.4922,9.4922,0,0,10.815598,569086604
10.576463,70.1367,9.4922,9.4922,0,0,10.815598,569086604
10.578462,70.1367,9.4922,9.4922,0,0,10.815598,569086604
10.580491,70.1367,9.4922,9.4922,0,0,10.815598,569086604
10.582491,70.1367,9.4922,9.4922,0,0,10.815598,569086604
10.584491,70.1367,9.4922,9.4922,0,0,10.815598,569086604
10.586491,70.1367,9.4922,9.4922,0,0,10.815598,569086604
10.588491,70.1367,9.4922,9.4922,0,0,10.815598,569086604
10.590507,70.1367,9.4922,9.4922,0,0,10.815598,569086604
10.592519,70.1367,9.4922,9.4922,0,0,10.815598,569086604
10.594490,70.1367,9.4922,9.4922,0,0,10.815598,569086604
10.596530,70.1367,9.4922,9.4922,0,0,10.815598,569086604
10.598478,70.1367,9.4922,9.4922,0,0,10.815598,569086604
10.600493,70.1367,9.4922,9.4922,0,0,10.815598,569086604
10.602516,70.1367,9.4922,9.4922,0,0,10.815598,569086604
10.604516,70.1367,9.4922,9.4922,0,0,10.815598,569086604
10.606515,70.1367,9.4922,9.4922,0,0,10.815598,569086604
10.608515,70.1367,9.4922,9.4922,0,0,10.815598,569086604
10.610510,70.1367,9.4922,9.4922,0,0,10.815598,569086604
10.612532,70.1367,9.4922,9.4922,0,0,10.815598,569086604
10.614530,70.1367,9.4922,9.4922,0,0,10.815598,569086604
10.616527,70.1367,9.4922,9.4922,0,0,10.815598,569086604
10.618524,70.3125,9.3164,9.3164,0,0,10.815598,569086604
10.622548,70.3125,9.3164,9.3164,0,0,10.815598,569086604
10.622843,70.3125,9.3164,9.3164,0,0,10.815598,569086604
10.624494,70.3125,9.3164,9.3164,0,0,10.815598,569086604
10.626483,70.3125,9.3164,9.3164,0,0,10.815598,569086604
10.628466,70.3125,9.3164,9.3164,0,0,10.815598,569086604
10.630456,70.3125,9.3164,9.3164,0,0,10.815598,569086604
10.632524,70.3125,9.1406,9.1406,0,0,10.815598,569086604
10.634515,70.3125,9.1406,9.1406,0,0,10.815598,569086604
10.636497,70.3125,9.1406,9.1406,0,0,10.815598,569086604
10.638487,70.4883,9.1406,9.1406,0,0,10.815598,569086604
10.640468,70.4883,9.1406,9.1406,0,0,10.815598,569086604
10.642457,70.4883,8.9648,8.9648,0,0,10.815598,569086604
10.644524,70.4883,8.9648,8.9648,0,0,10.815598,569086604
10.646515,70.4883,8.9648,8.9648,0,0,10.815598,569086604
10.648497,70.4883,8.7891,8.7891,0,0,10.815598,569086604
10.650487,70.4883,8.7891,8.7891,0,0,10.815598,569086604
10.652468,70.4883,8.7891,8.7891,0,0,10.815598,569086604
10.654457,70.6641,8.7891,8.7891,0,0,10.815598,569086604
10.656524,70.6641,8.6133,8.6133,0,0,10.815598,569086604
10.658515,70.6641,8.6133,8.6133,0,0,10.815598,569086604
10.660497,70.6641,8.6133,8.6133,0,0,10.815598,569086604
10.662487,70.6641,8.6133,8.6133,0,0,10.815598,569086604
10.664468,70.6641,8.4375,8.4375,0,0,10.815598,569086604
10.666457,70.6641,8.4375,8.4375,0,0,10.815598,569086604
10.668524,70.8398,8.4375,8.4375,0,0,10.815598,569086604
10.670515,70.8398,8.4375,8.4375,0,0,10.815598,569086604
10.672497,70.8398,8.2617,8.2617,0,0,10.815598,569086604
10.674487,70.8398,8.2617,8.2617,0,0,10.815598,569086604
10.676468,70.8398,8.2617,8.2617,0,0,10.815598,569086604
10.678457,70.8398,8.0859,8.0859,0,0,10.815598,569086604
10.680524,70.8398,8.0859,8.0859,0,0,10.815598,569086604
10.682515,70.8398,8.0859,8.0859,0,0,10.815598,569086604
10.684497,70.8398,8.0859,8.0859,0,0,10.815598,569086604
10.686487,71.0156,7.9102,7.9102,0,0,10.815598,569086604
10.688468,71.0156,7.9102,7.9102,0,0,10.815598,569086604
10.690457,71.0156,7.9102,7.9102,0,0,10.815598,569086604
10.692524,71.0156,7.9102,7.9102,0,0,10.815598,569086604
10.694515,71.0156,7.7344,7.7344,0,0,10.815598,569086604
10.696497,71.0156,7.7344,7.7344,0,0,10.815598,569086604
10.698487,71.0156,7.7344,7.7344,0,0,10.815598,569086604
10.700492,71.0156,7.5586,7.5586,0,0,10.815598,569086604
10.702460,71.1914,7.5586,7.5586,0,0,10.815598,569086604
10.704530,71.1914,7.5586,7.5586,0,0,10.815598,569086604
10.706538,71.1914,7.3828,7.3828,0,0,10.815598,569086604
10.708518,71.1914,7.3828,7.3828,0,0,10.815598,569086604
10.710506,71.1914,7.3828,7.3828,0,0,10.815598,569086604
10.712499,71.1914,7.3828,7.3828,0,0,10.815598,569086604
10.714491,71.1914,7.2070,7.2070,0,0,10.815598,569086604
10.716472,71.1914,7.2070,7.2070,0,0,10.815598,569086604
10.718460,71.1914,7.2070,7.2070,0,0,10.815598,569086604
10.722050,71.3672,7.2070,7.2070,0,0,10.815598,569086604
10.722490,71.3672,7.2070,7.2070,0,0,10.815598,569086604
10.724495,71.3672,7.0312,7.0312,0,0,10.815598,569086604
10.726460,71.3672,7.0312,7.0312,0,0,10.815598,569086604
10.728466,71.3672,7.0312,7.0312,0,0,10.815598,569086604
10.730463,71.3672,7.0312,7.0312,0,0,10.815598,569086604
10.732460,71.3672,6.8555,6.8555,0,0,10.815598,569086604
10.734458,71.3672,6.8555,6.8555,0,0,10.815598,569086604
10.736471,71.3672,6.8555,6.8555,0,0,10.815598,569086604
10.738477,71.3672,6.8555,6.8555,0,0,10.815598,569086604
10.740477,71.3672,6.6797,6.6797,0,0,10.815598,569086604
10.742477,71.3672,6.6797,6.6797,0,0,10.815598,569086604
10.744476,71.3672,6.6797,6.6797,0,0,10.815598,569086604
10.746473,71.3672,6.6797,6.6797,0,0,10.815598,569086604
10.748468,71.5430,6.6797,6.6797,0,0,10.815598,569086604
10.750468,71.5430,6.6797,6.6797,0,0,10.815598,569086604
10.752483,71.5430,6.6797,6.6797,0,0,10.815598,569086604
10.754498,71.5430,6.5039,6.5039,0,0,10.815598,569086604
10.756506,71.5430,6.5039,6.5039,0,0,10.815598,569086604
10.758525,71.5430,6.5039,6.5039,0,0,10.815598,569086604
10.760525,71.5430,6.5039,6.5039,0,0,10.815598,569086604
10.762525,71.5430,6.5039,6.5039,0,0,10.815598,569086604
10.764524,71.5430,6.5039,6.5039,0,0,10.815598,569086604
10.766522,71.5430,6.5039,6.5039,0,0,10.815598,569086604
10.768518,71.5430,6.5039,6.5039,0,0,10.815598,569086604
10.770518,71.5430,6.5039,6.5039,0,0,10.815598,569086604
10.772515,71.5430,6.5039,6.5039,0,0,10.815598,569086604
10.774515,71.5430,6.5039,6.5039,0,0,10.815598,569086604
10.776515,71.5430,6.5039,6.5039,0,0,10.815598,569086604
10.778511,71.5430,6.5039,6.5039,0,0,10.815598,569086604
10.780506,71.5430,6.3281,6.3281,0,0,10.815598,569086604
10.782505,71.5430,6.3281,6.3281,0,0,10.815598,569086604
10.784487,71.5430,6.3281,6.3281,0,0,10.815598,569086604
10.786461,71.5430,6.3281,6.3281,0,0,10.815598,569086604
10.788477,71.5430,6.3281,6.3281,0,0,10.815598,569086604
10.790473,71.5430,6.3281,6.3281,0,0,10.815598,569086604
10.792468,71.3672,6.3281,6.3281,0,0,10.815598,569086604
10.794469,71.3672,6.3281,6.3281,0,0,10.815598,569086604
10.796510,71.3672,6.3281,6.3281,0,0,10.815598,569086604
10.799046,71.3672,6.3281,6.3281,0,0,10.815598,569086604
10.802569,71.3672,6.3281,6.3281,0,0,11.073785,569341698
10.802953,71.3672,6.3281,6.3281,0,0,11.073785,569341698
10.804530,71.3672,6.3281,6.3281,0,0,11.073785,569341698
10.806838,71.3672,6.3281,6.3281,0,0,11.073785,569341698
10.808516,71.3672,6.3281,6.3281,0,0,11.073785,569341698
10.810527,71.3672,6.3281,6.3281,0,0,11.073785,569341698
10.812460,71.3672,6.3281,6.3281,0,0,11.073785,569341698
10.814501,71.3672,6.3281,6.3281,0,0,11.073785,569341698
10.816497,71.3672,6.3281,6.3281,0,0,11.073785,569341698
10.818494,71.3672,6.3281,6.3281,0,0,11.073785,569341698
10.822501,71.3672,6.3281,6.3281,0,0,11.073785,569341698
10.822800,71.3672,6.3281,6.3281,0,0,11.073785,569341698
10.824534,71.3672,6.3281,6.3281,0,0,11.073785,569341698
10.826475,71.3672,6.3281,6.3281,0,0,11.073785,569341698
10.828529,71.3672,6.3281,6.3281,0,0,11.073785,569341698
10.830533,71.1914,6.3281,6.3281,0,0,11.073785,569341698
10.832483,71.1914,6.3281,6.3281,0,0,11.073785,569341698
10.834493,71.1914,6.3281,6.3281,0,0,11.073785,569341698
10.836477,71.1914,6.5039,6.5039,0,0,11.073785,569341698
10.838468,71.1914,6.5039,6.5039,0,0,11.073785,569341698
10.840469,71.1914,6.5039,6.5039,0,0,11.073785,569341698
10.842468,71.1914,6.5039,6.5039,0,0,11.073785,569341698
10.844534,71.1914,6.5039,6.5039,0,0,11.073785,569341698
10.846525,71.1914,6.5039,6.5039,0,0,11.073785,569341698
10.848470,71.1914,6.5039,6.5039,0,0,11.073785,569341698
10.850516,71.1914,6.5039,6.5039,0,0,11.073785,569341698
10.852498,71.1914,6.5039,6.5039,0,0,11.073785,569341698
10.854487,71.1914,6.5039,6.5039,0,0,11.073785,569341698
10.856468,71.1914,6.5039,6.5039,0,0,11.073785,569341698
10.858457,71.1914,6.5039,6.5039,0,0,11.073785,569341698
10.860524,71.1914,6.5039,6.5039,0,0,11.073785,569341698
10.862515,71.1914,6.5039,6.5039,0,0,11.073785,569341698
10.864498,71.1914,6.6797,6.6797,0,0,11.073785,569341698
10.866487,71.1914,6.6797,6.6797,0,0,11.073785,569341698
10.868468,71.1914,6.6797,6.6797,0,0,11.073785,569341698
10.870457,71.1914,6.6797,6.6797,0,0,11.073785,569341698
10.872524,71.1914,6.6797,6.6797,0,0,11.073785,569341698
10.874515,71.1914,6.6797,6.6797,0,0,11.073785,569341698
10.876498,71.1914,6.6797,6.6797,0,0,11.073785,569341698
10.878487,71.0156,6.6797,6.6797,0,0,11.073785,569341698
10.880468,71.0156,6.6797,6.6797,0,0,11.073785,569341698
10.882457,71.0156,6.6797,6.6797,0,0,11.073785,569341698
10.884524,71.0156,6.6797,6.6797,0,0,11.073785,569341698
10.886515,71.0156,6.8555,6.8555,0,0,11.073785,569341698
10.888498,71.0156,6.8555,6.8555,0,0,11.073785,569341698
10.890487,71.0156,6.8555,6.8555,0,0,11.073785,569341698
10.892468,71.0156,6.8555,6.8555,0,0,11.073785,569341698
10.894457,71.0156,6.8555,6.8555,0,0,11.073785,569341698
10.896524,71.0156,6.8555,6.8555,0,0,11.073785,569341698
10.898515,71.0156,7.0312,7.0312,0,0,11.073785,569341698
10.900498,71.0156,7.0312,7.0312,0,0,11.073785,569341698
10.902487,71.0156,7.0312,7.0312,0,0,11.073785,569341698
10.904468,71.0156,7.0312,7.0312,0,0,11.073785,569341698
10.906506,71.0156,7.0312,7.0312,0,0,11.073785,569341698
10.908491,71.0156,7.0312,7.0312,0,0,11.073785,569341698
10.910506,71.0156,7.0312,7.0312,0,0,11.073785,569341698
10.912506,71.0156,7.0312,7.0312,0,0,11.073785,569341698
10.914494,71.0156,7.0312,7.0312,0,0,11.073785,569341698
10.916477,71.0156,7.0312,7.0312,0,0,11.073785,569341698
10.918468,71.0156,7.0312,7.0312,0,0,11.073785,569341698
10.922154,71.0156,7.2070,7.2070,0,0,11.073785,569341698
10.922523,71.0156,7.2070,7.2070,0,0,11.073785,569341698
10.924530,71.0156,7.2070,7.2070,0,0,11.073785,569341698
10.926525,71.0156,7.2070,7.2070,0,0,11.073785,569341698
10.928462,71.0156,7.2070,7.2070,0,0,11.073785,569341698
10.930515,71.0156,7.2070,7.2070,0,0,11.073785,569341698
10.932515,71.0156,7.2070,7.2070,0,0,11.073785,569341698
10.934510,71.0156,7.2070,7.2070,0,0,11.073785,569341698
10.936506,71.0156,7.2070,7.2070,0,0,11.073785,569341698
10.938505,71.0156,7.2070,7.2070,0,0,11.073785,569341698
10.940503,71.0156,7.2070,7.2070,0,0,11.073785,569341698
10.942500,71.0156,7.3828,7.3828,0,0,11.073785,569341698
10.944498,71.0156,7.3828,7.3828,0,0,11.073785,569341698
10.946495,71.0156,7.3828,7.3828,0,0,11.073785,569341698
10.948494,71.0156,7.3828,7.3828,0,0,11.073785,569341698
10.950494,71.0156,7.3828,7.3828,0,0,11.073785,569341698
10.952494,71.0156,7.3828,7.3828,0,0,11.073785,569341698
10.954494,71.0156,7.3828,7.3828,0,0,11.073785,569341698
10.956494,71.0156,7.3828,7.3828,0,0,11.073785,569341698
10.958494,71.0156,7.3828,7.3828,0,0,11.073785,569341698
10.960494,71.0156,7.3828,7.3828,0,0,11.073785,569341698
10.962494,71.0156,7.5586,7.5586,0,0,11.073785,569341698
10.964494,71.0156,7.5586,7.5586,0,0,11.073785,569341698
10.966494,71.0156,7.5586,7.5586,0,0,11.073785,569341698
10.968494,71.0156,7.5586,7.5586,0,0,11.073785,569341698
10.970494,71.0156,7.5586,7.5586,0,0,11.073785,569341698
10.972494,71.0156,7.5586,7.5586,0,0,11.073785,569341698
10.974494,71.0156,7.7344,7.7344,0,0,11.073785,569341698
10.976494,71.0156,7.7344,7.7344,0,0,11.073785,569341698
10.978494,71.0156,7.7344,7.7344,0,0,11.073785,569341698
10.980494,71.0156,7.7344,7.7344,0,0,11.073785,569341698
10.982494,71.0156,7.7344,7.7344,0,0,11.073785,569341698
10.984494,71.0156,7.7344,7.7344,0,0,11.073785,569341698
10.986494,71.0156,7.7344,7.7344,0,0,11.073785,569341698
10.988494,71.0156,7.7344,7.7344,0,0,11.073785,569341698
10.990494,71.0156,7.7344,7.7344,0,0,11.073785,569341698
10.992494,71.0156,7.9102,7.9102,0,0,11.073785,569341698
10.994494,71.0156,7.9102,7.9102,0,0,11.073785,569341698
10.996491,71.0156,7.9102,7.9102,0,0,11.073785,569341698
10.998491,71.0156,7.9102,7.9102,0,0,11.073785,569341698
11.000492,71.0156,7.9102,7.9102,0,0,11.073785,569341698
11.002491,71.0156,7.9102,7.9102,0,0,11.073785,569341698
11.004491,71.0156,7.9102,7.9102,0,0,11.073785,569341698
11.006491,71.0156,7.9102,7.9102,0,0,11.073785,569341698
11.008538,71.0156,7.9102,7.9102,0,0,11.073785,569341698
11.010537,71.0156,7.9102,7.9102,0,0,11.073785,569341698
11.012477,71.0156,7.9102,7.9102,0,0,11.073785,569341698
11.014473,71.0156,8.0859,8.0859,0,0,11.073785,569341698
11.016468,71.0156,8.0859,8.0859,0,0,11.073785,569341698
11.018469,71.0156,8.0859,8.0859,0,0,11.073785,569341698
11.021993,71.0156,8.0859,8.0859,0,0,11.073785,569341698
11.022514,71.0156,8.0859,8.0859,0,0,11.073785,569341698
11.024498,71.0156,8.0859,8.0859,0,0,11.073785,569341698
11.026487,71.0156,8.0859,8.0859,0,0,11.073785,569341698
11.028468,71.0156,8.0859,8.0859,0,0,11.073785,569341698
11.030464,71.0156,8.0859,8.0859,0,0,11.073785,569341698
11.032537,71.0156,8.0859,8.0859,0,0,11.073785,569341698
11.034495,71.0156,8.0859,8.0859,0,0,11.073785,569341698
11.036487,71.0156,8.0859,8.0859,0,0,11.073785,569341698
11.038477,71.0156,8.0859,8.0859,0,0,11.073785,569341698
11.040460,71.0156,8.0859,8.0859,0,0,11.073785,569341698
11.042542,71.0156,8.2617,8.2617,0,0,11.073785,569341698
11.044504,71.0156,8.2617,8.2617,0,0,11.073785,569341698
11.046519,71.0156,8.2617,8.2617,0,0,11.073785,569341698
11.048501,71.0156,8.2617,8.2617,0,0,11.073785,569341698
11.050456,71.0156,8.2617,8.2617,0,0,11.073785,569341698
11.052538,71.0156,8.2617,8.2617,0,0,11.073785,569341698
11.057586,71.0156,8.2617,8.2617,0,0,11.294753,569581793
11.058074,71.0156,8.2617,8.2617,0,0,11.294753,569581793
11.058485,71.0156,8.2617,8.2617,0,0,11.294753,569581793
11.060538,71.0156,8.2617,8.2617,0,0,11.294753,569581793
11.062459,71.0156,8.2617,8.2617,0,0,11.294753,569581793
11.064484,71.0156,8.4375,8.4375,0,0,11.294753,569581793
11.066477,71.0156,8.4375,8.4375,0,0,11.294753,569581793
11.068458,71.0156,8.4375,8.4375,0,0,11.294753,569581793
11.070640,71.0156,8.4375,8.4375,0,0,11.294753,569581793
11.072458,71.0156,8.4375,8.4375,0,0,11.294753,569581793
11.074522,71.0156,8.4375,8.4375,0,0,11.294753,569581793
11.076525,71.0156,8.4375,8.4375,0,0,11.294753,569581793
11.078525,71.0156,8.4375,8.4375,0,0,11.294753,569581793
11.080505,71.0156,8.4375,8.4375,0,0,11.294753,569581793
11.082490,71.0156,8.4375,8.4375,0,0,11.294753,569581793
11.084504,71.0156,8.4375,8.4375,0,0,11.294753,569581793
11.086537,71.0156,8.4375,8.4375,0,0,11.294753,569581793
11.088469,71.0156,8.4375,8.4375,0,0,11.294753,569581793
11.090468,71.0156,8.4375,8.4375,0,0,11.294753,569581793
11.092469,71.0156,8.4375,8.4375,0,0,11.294753,569581793
11.094469,71.0156,8.4375,8.4375,0,0,11.294753,569581793
11.096469,71.0156,8.4375,8.4375,0,0,11.294753,569581793
11.098469,71.0156,8.4375,8.4375,0,0,11.294753,569581793
11.100522,71.0156,8.4375,8.4375,0,0,11.294753,569581793
11.102511,71.0156,8.4375,8.4375,0,0,11.294753,569581793
11.104506,71.0156,8.4375,8.4375,0,0,11.294753,569581793
11.106456,71.0156,8.4375,8.4375,0,0,11.294753,569581793
11.108456,71.0156,8.4375,8.4375,0,0,11.294753,569581793
11.110507,71.0156,8.4375,8.4375,0,0,11.294753,569581793
11.112538,71.0156,8.4375,8.4375,0,0,11.294753,569581793
11.114534,71.0156,8.4375,8.4375,0,0,11.294753,569581793
11.116530,71.0156,8.4375,8.4375,0,0,11.294753,569581793
11.118466,71.0156,8.4375,8.4375,0,0,11.294753,569581793
11.122495,71.0156,8.4375,8.4375,0,0,11.294753,569581793
11.122790,71.0156,8.4375,8.4375,0,0,11.294753,569581793
11.124530,71.0156,8.4375,8.4375,0,0,11.294753,569581793
11.126518,71.0156,8.4375,8.4375,0,0,11.294753,569581793
11.128498,71.0156,8.4375,8.4375,0,0,11.294753,569581793
11.130487,71.0156,8.4375,8.4375,0,0,11.294753,569581793
11.132468,71.0156,8.4375,8.4375,0,0,11.294753,569581793
11.134457,71.0156,8.4375,8.4375,0,0,11.294753,569581793
11.136524,71.0156,8.4375,8.4375,0,0,11.294753,569581793
11.138515,71.0156,8.4375,8.4375,0,0,11.294753,569581793
11.140498,71.0156,8.4375,8.4375,0,0,11.294753,569581793
11.142487,71.0156,8.4375,8.4375,0,0,11.294753,569581793
11.144468,71.0156,8.4375,8.4375,0,0,11.294753,569581793
11.146457,71.0156,8.2617,8.2617,0,0,11.294753,569581793
11.148524,71.0156,8.2617,8.2617,0,0,11.294753,569581793
11.150515,71.0156,8.2617,8.2617,0,0,11.294753,569581793
11.152498,71.0156,8.2617,8.2617,0,0,11.294753,569581793
11.154487,71.0156,8.2617,8.2617,0,0,11.294753,569581793
11.156468,71.0156,8.2617,8.2617,0,0,11.294753,569581793
11.158457,71.0156,8.2617,8.2617,0,0,11.294753,569581793
11.160524,71.0156,8.2617,8.2617,0,0,11.294753,569581793
11.162515,71.0156,8.2617,8.2617,0,0,11.294753,569581793
11.164498,71.0156,8.2617,8.2617,0,0,11.294753,569581793
11.166487,71.1914,8.2617,8.2617,0,0,11.294753,569581793
11.168468,71.1914,8.2617,8.2617,0,0,11.294753,569581793
11.170457,71.1914,8.0859,8.0859,0,0,11.294753,569581793
11.172524,71.1914,8.0859,8.0859,0,0,11.294753,569581793
11.174515,71.1914,8.0859,8.0859,0,0,11.294753,569581793
11.176498,71.1914,8.0859,8.0859,0,0,11.294753,569581793
11.178487,71.1914,8.0859,8.0859,0,0,11.294753,569581793
11.180468,71.1914,8.0859,8.0859,0,0,11.294753,569581793
11.182457,71.1914,8.0859,8.0859,0,0,11.294753,569581793
11.184524,71.1914,8.0859,8.0859,0,0,11.294753,569581793
11.186515,71.1914,8.0859,8.0859,0,0,11.294753,569581793
11.188498,71.1914,8.0859,8.0859,0,0,11.294753,569581793
11.190487,71.1914,8.0859,8.0859,0,0,11.294753,569581793
11.192468,71.1914,8.0859,8.0859,0,0,11.294753,569581793
11.194457,71.1914,8.0859,8.0859,0,0,11.294753,569581793
11.196524,71.1914,8.0859,8.0859,0,0,11.294753,569581793
11.198515,71.1914,8.0859,8.0859,0,0,11.294753,569581793
11.200498,71.1914,7.9102,7.9102,0,0,11.294753,569581793
11.202487,71.1914,7.9102,7.9102,0,0,11.294753,569581793
11.204468,71.1914,7.9102,7.9102,0,0,11.294753,569581793
11.206457,71.1914,7.9102,7.9102,0,0,11.294753,569581793
11.208524,71.1914,7.9102,7.9102,0,0,11.294753,569581793
11.210515,71.1914,7.9102,7.9102,0,0,11.294753,569581793
11.212510,71.1914,7.9102,7.9102,0,0,11.294753,569581793
11.214463,71.1914,7.9102,7.9102,0,0,11.294753,569581793
11.216530,71.1914,7.9102,7.9102,0,0,11.294753,569581793
11.218519,71.1914,7.9102,7.9102,0,0,11.294753,569581793
11.222014,71.1914,7.9102,7.9102,0,0,11.294753,569581793
11.222460,71.1914,7.9102,7.9102,0,0,11.294753,569581793
11.224460,71.1914,7.9102,7.9102,0,0,11.294753,569581793
11.226457,71.1914,7.7344,7.7344,0,0,11.294753,569581793
11.228456,71.1914,7.7344,7.7344,0,0,11.294753,569581793
11.230500,71.1914,7.7344,7.7344,0,0,11.294753,569581793
11.232513,71.1914,7.7344,7.7344,0,0,11.294753,569581793
11.234521,71.1914,7.7344,7.7344,0,0,11.294753,569581793
11.236518,71.1914,7.7344,7.7344,0,0,11.294753,569581793
11.238518,71.1914,7.7344,7.7344,0,0,11.294753,569581793
11.240515,71.1914,7.7344,7.7344,0,0,11.294753,569581793
11.242515,71.1914,7.7344,7.7344,0,0,11.294753,569581793
11.244516,71.1914,7.7344,7.7344,0,0,11.294753,569581793
11.246530,71.1914,7.7344,7.7344,0,0,11.294753,569581793
11.248538,71.1914,7.5586,7.5586,0,0,11.294753,569581793
11.250538,71.1914,7.5586,7.5586,0,0,11.294753,569581793
11.252460,71.1914,7.5586,7.5586,0,0,11.294753,569581793
11.254460,71.1914,7.5586,7.5586,0,0,11.294753,569581793
11.256460,71.1914,7.5586,7.5586,0,0,11.294753,569581793
11.258468,71.1914,7.5586,7.5586,0,0,11.294753,569581793
11.260462,71.1914,7.5586,7.5586,0,0,11.294753,569581793
11.262460,71.1914,7.3828,7.3828,0,0,11.294753,569581793
11.264460,71.1914,7.3828,7.3828,0,0,11.294753,569581793
11.266460,71.1914,7.3828,7.3828,0,0,11.294753,569581793
11.268460,71.1914,7.3828,7.3828,0,0,11.294753,569581793
11.270460,71.1914,7.3828,7.3828,0,0,11.294753,569581793
11.272460,71.1914,7.3828,7.3828,0,0,11.294753,569581793
11.274460,71.1914,7.3828,7.3828,0,0,11.294753,569581793
11.276460,71.1914,7.3828,7.3828,0,0,11.294753,569581793
11.278460,71.1914,7.3828,7.3828,0,0,11.294753,569581793
11.280460,71.1914,7.3828,7.3828,0,0,11.294753,569581793
11.282460,71.1914,7.3828,7.3828,0,0,11.294753,569581793
11.284460,71.1914,7.3828,7.3828,0,0,11.294753,569581793
11.286508,71.1914,7.2070,7.2070,0,0,11.294753,569581793
11.288492,71.1914,7.2070,7.2070,0,0,11.294753,569581793
11.290468,71.1914,7.2070,7.2070,0,0,11.294753,569581793
11.292455,71.1914,7.2070,7.2070,0,0,11.294753,569581793
11.297560,71.1914,7.2070,7.2070,0,0,11.530744,569817882
11.298163,71.1914,7.2070,7.2070,0,0,11.530744,569817882
11.298502,71.1914,7.2070,7.2070,0,0,11.530744,569817882
11.300482,71.1914,7.2070,7.2070,0,0,11.530744,569817882
11.302473,71.1914,7.2070,7.2070,0,0,11.530744,569817882
11.304503,71.1914,7.2070,7.2070,0,0,11.530744,569817882
11.306519,71.1914,7.2070,7.2070,0,0,11.530744,569817882
11.308523,71.1914,7.2070,7.2070,0,0,11.530744,569817882
11.310506,71.1914,7.2070,7.2070,0,0,11.530744,569817882
11.312544,71.1914,7.0312,7.0312,0,0,11.530744,569817882
11.314458,71.1914,7.0312,7.0312,0,0,11.530744,569817882
11.316513,71.1914,7.0312,7.0312,0,0,11.530744,569817882
11.318508,71.1914,7.0312,7.0312,0,0,11.530744,569817882
11.322744,71.1914,7.0312,7.0312,0,0,11.530744,569817882
11.323069,71.1914,7.0312,7.0312,0,0,11.530744,569817882
11.324530,71.1914,7.0312,7.0312,0,0,11.530744,569817882
11.326518,71.1914,7.0312,7.0312,0,0,11.530744,569817882
11.328498,71.1914,7.0312,7.0312,0,0,11.530744,569817882
11.330487,71.1914,7.0312,7.0312,0,0,11.530744,569817882
11.332468,71.1914,7.0312,7.0312,0,0,11.530744,569817882
11.334457,71.1914,7.0312,7.0312,0,0,11.530744,569817882
11.336524,71.1914,7.0312,7.0312,0,0,11.530744,569817882
11.338515,71.1914,7.0312,7.0312,0,0,11.530744,569817882
11.340498,71.1914,7.0312,7.0312,0,0,11.530744,569817882
11.342487,71.1914,7.0312,7.0312,0,0,11.530744,569817882
11.344468,71.1914,7.0312,7.0312,0,0,11.530744,569817882
11.346457,71.1914,7.0312,7.0312,0,0,11.530744,569817882
11.348524,71.1914,6.8555,6.8555,0,0,11.530744,569817882
11.350515,71.1914,6.8555,6.8555,0,0,11.530744,569817882
11.352498,71.1914,6.8555,6.8555,0,0,11.530744,569817882
11.354487,71.1914,6.8555,6.8555,0,0,11.530744,569817882
11.356468,71.1914,6.8555,6.8555,0,0,11.530744,569817882
11.358457,71.1914,6.8555,6.8555,0,0,11.530744,569817882
11.360524,71.1914,6.8555,6.8555,0,0,11.530744,569817882
11.362515,71.1914,6.8555,6.8555,0,0,11.530744,569817882
11.364498,71.1914,6.8555,6.8555,0,0,11.530744,569817882
11.366487,71.1914,6.8555,6.8555,0,0,11.530744,569817882
11.368468,71.1914,6.8555,6.8555,0,0,11.530744,569817882
11.370457,71.1914,6.8555,6.8555,0,0,11.530744,569817882
11.372524,71.1914,6.8555,6.8555,0,0,11.530744,569817882
11.374515,71.1914,6.8555,6.8555,0,0,11.530744,569817882
11.376498,71.1914,6.8555,6.8555,0,0,11.530744,569817882
11.378487,71.1914,6.8555,6.8555,0,0,11.530744,569817882
11.380468,71.1914,6.8555,6.8555,0,0,11.530744,569817882
11.382457,71.1914,6.8555,6.8555,0,0,11.530744,569817882
11.384524,71.1914,6.8555,6.8555,0,0,11.530744,569817882
11.386515,71.1914,6.8555,6.8555,0,0,11.530744,569817882
11.388498,71.1914,6.8555,6.8555,0,0,11.530744,569817882
11.390487,71.1914,6.8555,6.8555,0,0,11.530744,569817882
11.392468,71.1914,6.8555,6.8555,0,0,11.530744,569817882
11.394457,71.1914,6.8555,6.8555,0,0,11.530744,569817882
11.396524,71.1914,6.8555,6.8555,0,0,11.530744,569817882
11.398515,71.1914,6.8555,6.8555,0,0,11.530744,569817882
11.400498,71.1914,6.8555,6.8555,0,0,11.530744,569817882
11.402487,71.1914,6.8555,6.8555,0,0,11.530744,569817882
11.404468,71.1914,6.8555,6.8555,0,0,11.530744,569817882
11.406457,71.1914,6.8555,6.8555,0,0,11.530744,569817882
11.408524,71.1914,6.8555,6.8555,0,0,11.530744,569817882
11.410515,71.1914,6.8555,6.8555,0,0,11.530744,569817882
11.412515,71.1914,6.8555,6.8555,0,0,11.530744,569817882
11.414506,71.1914,6.8555,6.8555,0,0,11.530744,569817882
11.416487,71.1914,6.8555,6.8555,0,0,11.530744,569817882
11.418522,71.1914,6.8555,6.8555,0,0,11.530744,569817882
11.422016,71.1914,6.8555,6.8555,0,0,11.530744,569817882
11.422464,71.1914,6.8555,6.8555,0,0,11.530744,569817882
11.424477,71.1914,6.8555,6.8555,0,0,11.530744,569817882
11.426476,71.1914,6.8555,6.8555,0,0,11.530744,569817882
11.428490,71.1914,6.8555,6.8555,0,0,11.530744,569817882
11.430487,71.1914,6.8555,6.8555,0,0,11.530744,569817882
11.432486,71.1914,6.8555,6.8555,0,0,11.530744,569817882
11.434483,71.1914,6.8555,6.8555,0,0,11.530744,569817882
11.436480,71.1914,6.8555,6.8555,0,0,11.530744,569817882
11.438479,71.1914,6.8555,6.8555,0,0,11.530744,569817882
11.440477,71.1914,6.8555,6.8555,0,0,11.530744,569817882
11.442477,71.1914,6.8555,6.8555,0,0,11.530744,569817882
11.444476,71.1914,6.8555,6.8555,0,0,11.530744,569817882
11.446473,71.1914,7.0312,7.0312,0,0,11.530744,569817882
11.448469,71.1914,7.0312,7.0312,0,0,11.530744,569817882
11.450468,71.1914,7.0312,7.0312,0,0,11.530744,569817882
11.452469,71.1914,7.0312,7.0312,0,0,11.530744,569817882
11.454469,71.1914,7.0312,7.0312,0,0,11.530744,569817882
11.456469,71.1914,7.0312,7.0312,0,0,11.530744,569817882
11.458469,71.1914,7.0312,7.0312,0,0,11.530744,569817882
11.460469,71.1914,7.0312,7.0312,0,0,11.530744,569817882
11.462469,71.1914,7.0312,7.0312,0,0,11.530744,569817882
11.464469,71.1914,7.0312,7.0312,0,0,11.530744,569817882
11.466469,71.1914,7.0312,7.0312,0,0,11.530744,569817882
11.468469,71.1914,7.0312,7.0312,0,0,11.530744,569817882
11.470469,71.1914,7.0312,7.0312,0,0,11.530744,569817882
11.472469,71.1914,7.0312,7.0312,0,0,11.530744,569817882
11.474469,71.1914,7.0312,7.0312,0,0,11.530744,569817882
11.476469,71.1914,7.0312,7.0312,0,0,11.530744,569817882
11.478469,71.1914,7.0312,7.0312,0,0,11.530744,569817882
11.480469,71.1914,7.0312,7.0312,0,0,11.530744,569817882
11.482469,71.1914,7.0312,7.0312,0,0,11.530744,569817882
11.484469,71.1914,7.2070,7.2070,0,0,11.530744,569817882
11.486469,71.1914,7.2070,7.2070,0,0,11.530744,569817882
11.488469,71.1914,7.2070,7.2070,0,0,11.530744,569817882
11.490469,71.1914,7.2070,7.2070,0,0,11.530744,569817882
11.492469,71.1914,7.2070,7.2070,0,0,11.530744,569817882
11.494469,71.1914,7.2070,7.2070,0,0,11.530744,569817882
11.496469,71.1914,7.2070,7.2070,0,0,11.530744,569817882
11.498469,71.1914,7.2070,7.2070,0,0,11.530744,569817882
11.500469,71.1914,7.2070,7.2070,0,0,11.530744,569817882
11.502469,71.1914,7.2070,7.2070,0,0,11.530744,569817882
11.504469,71.1914,7.2070,7.2070,0,0,11.530744,569817882
11.506469,71.1914,7.2070,7.2070,0,0,11.530744,569817882
11.508469,71.1914,7.2070,7.2070,0,0,11.530744,569817882
11.510469,71.1914,7.3828,7.3828,0,0,11.530744,569817882
11.512480,71.1914,7.3828,7.3828,0,0,11.530744,569817882
11.514479,71.1914,7.3828,7.3828,0,0,11.530744,569817882
11.516477,71.1914,7.3828,7.3828,0,0,11.530744,569817882
11.518518,71.1914,7.3828,7.3828,0,0,11.530744,569817882
11.522392,71.1914,7.3828,7.3828,0,0,11.530744,569817882
11.522660,71.1914,7.3828,7.3828,0,0,11.530744,569817882
11.524477,71.1914,7.3828,7.3828,0,0,11.530744,569817882
11.526487,71.1914,7.3828,7.3828,0,0,11.530744,569817882
11.528455,71.1914,7.3828,7.3828,0,0,11.530744,569817882
11.533643,71.1914,7.3828,7.3828,0,0,11.778049,570050624
11.534219,71.1914,7.5586,7.5586,0,0,11.778049,570050624
11.534492,71.1914,7.5586,7.5586,0,0,11.778049,570050624
11.536480,71.1914,7.5586,7.5586,0,0,11.778049,570050624
11.538496,71.1914,7.5586,7.5586,0,0,11.778049,570050624
11.540461,71.1914,7.5586,7.5586,0,0,11.778049,570050624
11.542644,71.1914,7.5586,7.5586,0,0,11.778049,570050624
11.544481,71.1914,7.5586,7.5586,0,0,11.778049,570050624
11.546493,71.1914,7.5586,7.5586,0,0,11.778049,570050624
11.548493,71.1914,7.5586,7.5586,0,0,11.778049,570050624
11.550491,71.1914,7.7344,7.7344,0,0,11.778049,570050624
11.552491,71.1914,7.7344,7.7344,0,0,11.778049,570050624
11.554491,71.1914,7.7344,7.7344,0,0,11.778049,570050624
11.556491,71.1914,7.7344,7.7344,0,0,11.778049,570050624
11.558491,71.1914,7.7344,7.7344,0,0,11.778049,570050624
11.560491,71.1914,7.7344,7.7344,0,0,11.778049,570050624
11.562491,71.1914,7.7344,7.7344,0,0,11.778049,570050624
11.564491,71.1914,7.7344,7.7344,0,0,11.778049,570050624
11.566491,71.1914,7.7344,7.7344,0,0,11.778049,570050624
11.568491,71.1914,7.7344,7.7344,0,0,11.778049,570050624
11.570491,71.1914,7.7344,7.7344,0,0,11.778049,570050624
11.572491,71.1914,7.7344,7.7344,0,0,11.778049,570050624
11.574491,71.1914,7.7344,7.7344,0,0,11.778049,570050624
11.576491,71.1914,7.9102,7.9102,0,0,11.778049,570050624
11.578491,71.1914,7.9102,7.9102,0,0,11.778049,570050624
11.580491,71.1914,7.9102,7.9102,0,0,11.778049,570050624
11.582491,71.1914,7.9102,7.9102,0,0,11.778049,570050624
11.584491,71.1914,7.9102,7.9102,0,0,11.778049,570050624
11.586491,71.1914,7.9102,7.9102,0,0,11.778049,570050624
11.588491,71.1914,7.9102,7.9102,0,0,11.778049,570050624
11.590491,71.1914,7.9102,7.9102,0,0,11.778049,570050624
11.592491,71.1914,7.9102,7.9102,0,0,11.778049,570050624
11.594491,71.1914,7.9102,7.9102,0,0,11.778049,570050624
11.596491,71.1914,7.9102,7.9102,0,0,11.778049,570050624
11.598491,71.1914,7.9102,7.9102,0,0,11.778049,570050624
11.600491,71.1914,7.9102,7.9102,0,0,11.778049,570050624
11.602491,71.1914,7.9102,7.9102,0,0,11.778049,570050624
11.604491,71.1914,7.9102,7.9102,0,0,11.778049,570050624
11.606491,71.1914,8.0859,8.0859,0,0,11.778049,570050624
11.608491,71.1914,8.0859,8.0859,0,0,11.778049,570050624
11.610491,71.1914,8.0859,8.0859,0,0,11.778049,570050624
11.612506,71.1914,8.0859,8.0859,0,0,11.778049,570050624
11.614505,71.1914,8.0859,8.0859,0,0,11.778049,570050624
11.616502,71.1914,8.0859,8.0859,0,0,11.778049,570050624
11.618499,71.1914,8.0859,8.0859,0,0,11.778049,570050624
11.622556,71.1914,8.0859,8.0859,0,0,11.778049,570050624
11.623017,71.1914,8.0859,8.0859,0,0,11.778049,570050624
11.624479,71.1914,8.0859,8.0859,0,0,11.778049,570050624
11.626468,71.1914,8.0859,8.0859,0,0,11.778049,570050624
11.628537,71.1914,8.0859,8.0859,0,0,11.778049,570050624
11.630462,71.1914,8.0859,8.0859,0,0,11.778049,570050624
11.632530,71.1914,8.0859,8.0859,0,0,11.778049,570050624
11.634518,71.1914,8.0859,8.0859,0,0,11.778049,570050624
11.636498,71.1914,8.0859,8.0859,0,0,11.778049,570050624
11.638487,71.1914,8.0859,8.0859,0,0,11.778049,570050624
11.640468,71.1914,8.0859,8.0859,0,0,11.778049,570050624
11.642457,71.1914,8.0859,8.0859,0,0,11.778049,570050624
11.644524,71.1914,8.0859,8.0859,0,0,11.778049,570050624
11.646515,71.1914,8.0859,8.0859,0,0,11.778049,570050624
11.648498,71.1914,8.0859,8.0859,0,0,11.778049,570050624
11.650487,71.1914,8.2617,8.2617,0,0,11.778049,570050624
11.652468,71.1914,8.2617,8.2617,0,0,11.778049,570050624
11.654457,71.1914,8.2617,8.2617,0,0,11.778049,570050624
11.656524,71.1914,8.2617,8.2617,0,0,11.778049,570050624
11.658515,71.1914,8.2617,8.2617,0,0,11.778049,570050624
11.660498,71.1914,8.2617,8.2617,0,0,11.778049,570050624
11.662487,71.1914,8.2617,8.2617,0,0,11.778049,570050624
11.664468,71.1914,8.2617,8.2617,0,0,11.778049,570050624
11.666457,71.1914,8.2617,8.2617,0,0,11.778049,570050624
11.668524,71.1914,8.2617,8.2617,0,0,11.778049,570050624
11.670515,71.1914,8.2617,8.2617,0,0,11.778049,570050624
11.672498,71.1914,8.2617,8.2617,0,0,11.778049,570050624
11.674487,71.1914,8.2617,8.2617,0,0,11.778049,570050624
11.676468,71.1914,8.2617,8.2617,0,0,11.778049,570050624
11.678457,71.1914,8.2617,8.2617,0,0,11.778049,570050624
11.680524,71.1914,8.2617,8.2617,0,0,11.778049,570050624
11.682515,71.1914,8.2617,8.2617,0,0,11.778049,570050624
11.684498,71.1914,8.2617,8.2617,0,0,11.778049,570050624
11.686487,71.1914,8.2617,8.2617,0,0,11.778049,570050624
11.688468,71.1914,8.2617,8.2617,0,0,11.778049,570050624
11.690457,71.1914,8.2617,8.2617,0,0,11.778049,570050624
11.692524,71.1914,8.2617,8.2617,0,0,11.778049,570050624
11.694515,71.1914,8.2617,8.2617,0,0,11.778049,570050624
11.696498,71.1914,8.2617,8.2617,0,0,11.778049,570050624
11.698487,71.1914,8.2617,8.2617,0,0,11.778049,570050624
11.700468,71.1914,8.2617,8.2617,0,0,11.778049,570050624
11.702457,71.1914,8.2617,8.2617,0,0,11.778049,570050624
11.704524,71.1914,8.2617,8.2617,0,0,11.778049,570050624
11.706515,71.1914,8.2617,8.2617,0,0,11.778049,570050624
11.708498,71.1914,8.2617,8.2617,0,0,11.778049,570050624
11.710487,71.1914,8.2617,8.2617,0,0,11.778049,570050624
11.712483,71.1914,8.2617,8.2617,0,0,11.778049,570050624
11.714471,71.1914,8.2617,8.2617,0,0,11.778049,570050624
11.716538,71.1914,8.2617,8.2617,0,0,11.778049,570050624
11.718530,71.1914,8.2617,8.2617,0,0,11.778049,570050624
11.722025,71.1914,8.0859,8.0859,0,0,11.778049,570050624
11.722470,71.1914,8.0859,8.0859,0,0,11.778049,570050624
11.724514,71.1914,8.0859,8.0859,0,0,11.778049,570050624
11.726510,71.1914,8.0859,8.0859,0,0,11.778049,570050624
11.728533,71.1914,8.0859,8.0859,0,0,11.778049,570050624
11.730530,71.1914,8.0859,8.0859,0,0,11.778049,570050624
11.732530,71.1914,8.0859,8.0859,0,0,11.778049,570050624
11.734526,71.1914,8.0859,8.0859,0,0,11.778049,570050624
11.736524,71.1914,8.0859,8.0859,0,0,11.778049,570050624
11.738522,71.1914,8.0859,8.0859,0,0,11.778049,570050624
11.740518,71.1914,8.0859,8.0859,0,0,11.778049,570050624
11.742518,71.1914,8.0859,8.0859,0,0,11.778049,570050624
11.744515,71.1914,8.0859,8.0859,0,0,11.778049,570050624
11.746515,71.1914,8.0859,8.0859,0,0,11.778049,570050624
11.748469,71.1914,8.0859,8.0859,0,0,11.778049,570050624
11.750476,71.1914,8.0859,8.0859,0,0,11.778049,570050624
11.752472,71.1914,8.0859,8.0859,0,0,11.778049,570050624
11.754524,71.1914,8.0859,8.0859,0,0,11.778049,570050624
11.756518,71.1914,8.0859,8.0859,0,0,11.778049,570050624
11.758518,71.1914,8.0859,8.0859,0,0,11.778049,570050624
11.760467,71.1914,8.0859,8.0859,0,0,11.778049,570050624
11.763020,71.1914,8.0859,8.0859,0,0,11.778049,570050624
11.766485,71.1914,7.9102,7.9102,0,0,12.052106,570294781
11.766995,71.1914,7.9102,7.9102,0,0,12.052106,570294781
11.768517,71.1914,7.9102,7.9102,0,0,12.052106,570294781
11.770702,71.1914,7.9102,7.9102,0,0,12.052106,570294781
11.772460,71.1914,7.9102,7.9102,0,0,12.052106,570294781
11.774468,71.1914,7.9102,7.9102,0,0,12.052106,570294781
11.776477,71.1914,7.9102,7.9102,0,0,12.052106,570294781
11.778477,71.1914,7.9102,7.9102,0,0,12.052106,570294781
11.780491,71.1914,7.9102,7.9102,0,0,12.052106,570294781
11.782476,71.1914,7.9102,7.9102,0,0,12.052106,570294781
11.784507,71.1914,7.9102,7.9102,0,0,12.052106,570294781
11.786468,71.1914,7.9102,7.9102,0,0,12.052106,570294781
11.788480,71.1914,7.9102,7.9102,0,0,12.052106,570294781
11.790460,71.1914,7.9102,7.9102,0,0,12.052106,570294781
11.792521,71.1914,7.9102,7.9102,0,0,12.052106,570294781
11.794671,71.1914,7.7344,7.7344,0,0,12.052106,570294781
11.796506,71.1914,7.7344,7.7344,0,0,12.052106,570294781
11.798505,71.1914,7.7344,7.7344,0,0,12.052106,570294781
11.800503,71.1914,7.7344,7.7344,0,0,12.052106,570294781
11.802459,71.1914,7.7344,7.7344,0,0,12.052106,570294781
11.804516,71.1914,7.7344,7.7344,0,0,12.052106,570294781
11.806515,71.1914,7.7344,7.7344,0,0,12.052106,570294781
11.808515,71.1914,7.7344,7.7344,0,0,12.052106,570294781
11.810510,71.1914,7.7344,7.7344,0,0,12.052106,570294781
11.812524,71.1914,7.7344,7.7344,0,0,12.052106,570294781
11.814522,71.1914,7.7344,7.7344,0,0,12.052106,570294781
11.816518,71.1914,7.7344,7.7344,0,0,12.052106,570294781
11.818518,71.1914,7.7344,7.7344,0,0,12.052106,570294781
11.822545,71.1914,7.5586,7.5586,0,0,12.052106,570294781
11.822861,71.1914,7.5586,7.5586,0,0,12.052106,570294781
11.824506,71.1914,7.5586,7.5586,0,0,12.052106,570294781
11.826517,71.1914,7.5586,7.5586,0,0,12.052106,570294781
11.828504,71.1914,7.5586,7.5586,0,0,12.052106,570294781
11.830494,71.1914,7.5586,7.5586,0,0,12.052106,570294781
11.832506,71.1914,7.5586,7.5586,0,0,12.052106,570294781
11.834495,71.1914,7.5586,7.5586,0,0,12.052106,570294781
11.836477,71.1914,7.5586,7.5586,0,0,12.052106,570294781
11.838468,71.1914,7.3828,7.3828,0,0,12.052106,570294781
11.840534,71.1914,7.3828,7.3828,0,0,12.052106,570294781
11.842525,71.1914,7.3828,7.3828,0,0,12.052106,570294781
11.844506,71.1914,7.3828,7.3828,0,0,12.052106,570294781
11.846495,71.1914,7.3828,7.3828,0,0,12.052106,570294781
11.848477,71.1914,7.3828,7.3828,0,0,12.052106,570294781
11.850468,71.1914,7.3828,7.3828,0,0,12.052106,570294781
11.852534,71.1914,7.3828,7.3828,0,0,12.052106,570294781
11.854524,71.1914,7.3828,7.3828,0,0,12.052106,570294781
11.856506,71.1914,7.3828,7.3828,0,0,12.052106,570294781
11.858494,71.1914,7.3828,7.3828,0,0,12.052106,570294781
11.860477,71.1914,7.3828,7.3828,0,0,12.052106,570294781
11.862468,71.1914,7.3828,7.3828,0,0,12.052106,570294781
11.864534,71.1914,7.3828,7.3828,0,0,12.052106,570294781
11.866525,71.1914,7.2070,7.2070,0,0,12.052106,570294781
11.868506,71.1914,7.2070,7.2070,0,0,12.052106,570294781
11.870495,71.1914,7.2070,7.2070,0,0,12.052106,570294781
11.872477,71.1914,7.2070,7.2070,0,0,12.052106,570294781
11.874468,71.1914,7.2070,7.2070,0,0,12.052106,570294781
11.876534,71.1914,7.2070,7.2070,0,0,12.052106,570294781
11.878524,71.1914,7.2070,7.2070,0,0,12.052106,570294781
11.880506,71.1914,7.2070,7.2070,0,0,12.052106,570294781
11.882494,71.1914,7.2070,7.2070,0,0,12.052106,570294781
11.884477,71.1914,7.2070,7.2070,0,0,12.052106,570294781
11.886468,71.1914,7.2070,7.2070,0,0,12.052106,570294781
11.888534,71.1914,7.2070,7.2070,0,0,12.052106,570294781
11.890525,71.1914,7.2070,7.2070,0,0,12.052106,570294781
11.892506,71.1914,7.2070,7.2070,0,0,12.052106,570294781
11.894495,71.1914,7.2070,7.2070,0,0,12.052106,570294781
11.896477,71.1914,7.2070,7.2070,0,0,12.052106,570294781
11.898468,71.1914,7.0312,7.0312,0,0,12.052106,570294781
11.900534,71.1914,7.0312,7.0312,0,0,12.052106,570294781
11.902524,71.1914,7.0312,7.0312,0,0,12.052106,570294781
11.904506,71.1914,7.0312,7.0312,0,0,12.052106,570294781
11.906494,71.1914,7.0312,7.0312,0,0,12.052106,570294781
11.908477,71.1914,7.0312,7.0312,0,0,12.052106,570294781
11.910468,71.1914,7.0312,7.0312,0,0,12.052106,570294781
11.912460,71.1914,7.0312,7.0312,0,0,12.052106,570294781
11.914534,71.1914,7.0312,7.0312,0,0,12.052106,570294781
11.916518,71.1914,7.0312,7.0312,0,0,12.052106,570294781
11.918506,71.1914,7.0312,7.0312,0,0,12.052106,570294781
11.922003,71.1914,7.0312,7.0312,0,0,12.052106,570294781
11.922532,71.1914,7.0312,7.0312,0,0,12.052106,570294781
11.924533,71.1914,7.0312,7.0312,0,0,12.052106,570294781
11.926530,71.1914,7.0312,7.0312,0,0,12.052106,570294781
11.928464,71.1914,7.0312,7.0312,0,0,12.052106,570294781
11.930486,71.1914,7.0312,7.0312,0,0,12.052106,570294781
11.932502,71.1914,7.0312,7.0312,0,0,12.052106,570294781
11.934497,71.1914,7.0312,7.0312,0,0,12.052106,570294781
11.936494,71.1914,7.0312,7.0312,0,0,12.052106,570294781
11.938491,71.1914,7.0312,7.0312,0,0,12.052106,570294781
11.940491,71.1914,7.0312,7.0312,0,0,12.052106,570294781
11.942492,71.1914,7.0312,7.0312,0,0,12.052106,570294781
11.944491,71.1914,7.0312,7.0312,0,0,12.052106,570294781
11.946491,71.1914,7.0312,7.0312,0,0,12.052106,570294781
11.948491,71.1914,7.0312,7.0312,0,0,12.052106,570294781
11.950491,71.1914,7.0312,7.0312,0,0,12.052106,570294781
11.952491,71.1914,7.0312,7.0312,0,0,12.052106,570294781
11.954491,71.1914,7.0312,7.0312,0,0,12.052106,570294781
11.956491,71.1914,7.0312,7.0312,0,0,12.052106,570294781
11.958491,71.1914,7.0312,7.0312,0,0,12.052106,570294781
11.960491,71.1914,7.0312,7.0312,0,0,12.052106,570294781
11.962491,71.1914,7.0312,7.0312,0,0,12.052106,570294781
11.964491,71.1914,7.0312,7.0312,0,0,12.052106,570294781
11.966491,71.1914,7.0312,7.0312,0,0,12.052106,570294781
11.968491,71.1914,7.0312,7.0312,0,0,12.052106,570294781
11.970491,71.1914,7.0312,7.0312,0,0,12.052106,570294781
11.972491,71.1914,7.0312,7.0312,0,0,12.052106,570294781
11.974491,71.1914,7.0312,7.0312,0,0,12.052106,570294781
11.976491,71.1914,7.0312,7.0312,0,0,12.052106,570294781
11.978491,71.1914,7.0312,7.0312,0,0,12.052106,570294781
11.980491,71.1914,7.0312,7.0312,0,0,12.052106,570294781
11.982491,71.1914,7.0312,7.0312,0,0,12.052106,570294781
11.984491,71.1914,7.0312,7.0312,0,0,12.052106,570294781
11.986491,71.1914,7.0312,7.0312,0,0,12.052106,570294781
11.988491,71.1914,7.0312,7.0312,0,0,12.052106,570294781
11.990491,71.1914,7.0312,7.0312,0,0,12.052106,570294781
11.992498,71.1914,7.0312,7.0312,0,0,12.052106,570294781
11.994477,71.1914,7.0312,7.0312,0,0,12.052106,570294781
11.996477,71.1914,7.0312,7.0312,0,0,12.052106,570294781
11.998476,71.1914,7.0312,7.0312,0,0,12.052106,570294781
12.000473,71.1914,7.0312,7.0312,0,0,12.052106,570294781
12.002469,71.1914,7.0312,7.0312,0,0,12.052106,570294781
12.004483,71.1914,7.0312,7.0312,0,0,12.052106,570294781
12.006492,71.1914,7.0312,7.0312,0,0,12.052106,570294781
12.010615,71.1914,7.0312,7.0312,0,0,12.287214,570568190
12.011190,71.1914,7.0312,7.0312,0,0,12.287214,570568190
12.012514,71.1914,7.0312,7.0312,0,0,12.287214,570568190
12.014623,71.1914,7.0312,7.0312,0,0,12.287214,570568190
12.016466,71.1914,7.0312,7.0312,0,0,12.287214,570568190
12.018462,71.1914,7.0312,7.0312,0,0,12.287214,570568190
12.022666,71.1914,7.0312,7.0312,0,0,12.287214,570568190
12.022953,71.1914,7.0312,7.0312,0,0,12.287214,570568190
12.024515,71.1914,7.0312,7.0312,0,0,12.287214,570568190
12.026518,71.1914,7.0312,7.0312,0,0,12.287214,570568190
12.028469,71.1914,7.0312,7.0312,0,0,12.287214,570568190
12.030460,71.1914,7.0312,7.0312,0,0,12.287214,570568190
12.032495,71.1914,7.0312,7.0312,0,0,12.287214,570568190
12.034529,71.1914,7.0312,7.0312,0,0,12.287214,570568190
12.036508,71.1914,7.0312,7.0312,0,0,12.287214,570568190
12.038517,71.1914,7.0312,7.0312,0,0,12.287214,570568190
12.040505,71.1914,7.0312,7.0312,0,0,12.287214,570568190
12.042481,71.1914,7.0312,7.0312,0,0,12.287214,570568190
12.044529,71.1914,7.2070,7.2070,0,0,12.287214,570568190
12.046502,71.1914,7.2070,7.2070,0,0,12.287214,570568190
12.048466,71.1914,7.2070,7.2070,0,0,12.287214,570568190
12.050521,71.1914,7.2070,7.2070,0,0,12.287214,570568190
12.052489,71.1914,7.2070,7.2070,0,0,12.287214,570568190
12.054460,71.1914,7.2070,7.2070,0,0,12.287214,570568190
12.056509,71.1914,7.2070,7.2070,0,0,12.287214,570568190
12.058483,71.1914,7.2070,7.2070,0,0,12.287214,570568190
12.060530,71.1914,7.2070,7.2070,0,0,12.287214,570568190
12.062502,71.1914,7.2070,7.2070,0,0,12.287214,570568190
12.064487,71.1914,7.2070,7.2070,0,0,12.287214,570568190
12.066517,71.1914,7.2070,7.2070,0,0,12.287214,570568190
12.068522,71.1914,7.2070,7.2070,0,0,12.287214,570568190
12.070455,71.1914,7.2070,7.2070,0,0,12.287214,570568190
12.072497,71.1914,7.2070,7.2070,0,0,12.287214,570568190
12.074495,71.1914,7.2070,7.2070,0,0,12.287214,570568190
12.076477,71.1914,7.3828,7.3828,0,0,12.287214,570568190
12.078469,71.1914,7.3828,7.3828,0,0,12.287214,570568190
12.080537,71.1914,7.3828,7.3828,0,0,12.287214,570568190
12.082525,71.1914,7.3828,7.3828,0,0,12.287214,570568190
12.084506,71.1914,7.3828,7.3828,0,0,12.287214,570568190
12.086498,71.1914,7.3828,7.3828,0,0,12.287214,570568190
12.088479,71.1914,7.3828,7.3828,0,0,12.287214,570568190
12.090468,71.1914,7.3828,7.3828,0,0,12.287214,570568190
12.092534,71.1914,7.3828,7.3828,0,0,12.287214,570568190
12.094525,71.1914,7.3828,7.3828,0,0,12.287214,570568190
12.096506,71.1914,7.3828,7.3828,0,0,12.287214,570568190
12.098495,71.1914,7.3828,7.3828,0,0,12.287214,570568190
12.100477,71.1914,7.3828,7.3828,0,0,12.287214,570568190
12.102468,71.1914,7.3828,7.3828,0,0,12.287214,570568190
12.104534,71.1914,7.3828,7.3828,0,0,12.287214,570568190
12.106524,71.1914,7.5586,7.5586,0,0,12.287214,570568190
12.108506,71.1914,7.5586,7.5586,0,0,12.287214,570568190
12.110494,71.1914,7.5586,7.5586,0,0,12.287214,570568190
12.112494,71.1914,7.5586,7.5586,0,0,12.287214,570568190
12.114483,71.1914,7.5586,7.5586,0,0,12.287214,570568190
12.116466,71.1914,7.5586,7.5586,0,0,12.287214,570568190
12.118456,71.1914,7.5586,7.5586,0,0,12.287214,570568190
12.122138,71.1914,7.5586,7.5586,0,0,12.287214,570568190
12.122503,71.1914,7.5586,7.5586,0,0,12.287214,570568190
12.124506,71.1914,7.7344,7.7344,0,0,12.287214,570568190
12.126505,71.1914,7.7344,7.7344,0,0,12.287214,570568190
12.128503,71.1914,7.7344,7.7344,0,0,12.287214,570568190
12.130499,71.1914,7.7344,7.7344,0,0,12.287214,570568190
12.132498,71.1914,7.7344,7.7344,0,0,12.287214,570568190
12.134530,71.1914,7.7344,7.7344,0,0,12.287214,570568190
12.136456,71.1914,7.7344,7.7344,0,0,12.287214,570568190
12.138456,71.1914,7.7344,7.7344,0,0,12.287214,570568190
12.140472,71.1914,7.7344,7.7344,0,0,12.287214,570568190
12.142468,71.1914,7.7344,7.7344,0,0,12.287214,570568190
12.144466,71.1914,7.7344,7.7344,0,0,12.287214,570568190
12.146463,71.1914,7.7344,7.7344,0,0,12.287214,570568190
12.148460,71.1914,7.7344,7.7344,0,0,12.287214,570568190
12.150460,71.1914,7.7344,7.7344,0,0,12.287214,570568190
12.152460,71.1914,7.7344,7.7344,0,0,12.287214,570568190
12.154460,71.1914,7.7344,7.7344,0,0,12.287214,570568190
12.156460,71.1914,7.9102,7.9102,0,0,12.287214,570568190
12.158460,71.1914,7.9102,7.9102,0,0,12.287214,570568190
12.160460,71.1914,7.9102,7.9102,0,0,12.287214,570568190
12.162460,71.1914,7.9102,7.9102,0,0,12.287214,570568190
12.164460,71.1914,7.9102,7.9102,0,0,12.287214,570568190
12.166460,71.1914,7.9102,7.9102,0,0,12.287214,570568190
12.168460,71.1914,7.9102,7.9102,0,0,12.287214,570568190
12.170460,71.1914,7.9102,7.9102,0,0,12.287214,570568190
12.172460,71.1914,7.9102,7.9102,0,0,12.287214,570568190
12.174460,71.1914,7.9102,7.9102,0,0,12.287214,570568190
12.176460,71.1914,7.9102,7.9102,0,0,12.287214,570568190
12.178460,71.1914,7.9102,7.9102,0,0,12.287214,570568190
12.180460,71.1914,7.9102,7.9102,0,0,12.287214,570568190
12.182460,71.1914,7.9102,7.9102,0,0,12.287214,570568190
12.184460,71.1914,7.9102,7.9102,0,0,12.287214,570568190
12.186460,71.1914,7.9102,7.9102,0,0,12.287214,570568190
12.188460,71.1914,7.9102,7.9102,0,0,12.287214,570568190
12.190460,71.1914,7.9102,7.9102,0,0,12.287214,570568190
12.192460,71.1914,8.0859,8.0859,0,0,12.287214,570568190
12.194460,71.1914,8.0859,8.0859,0,0,12.287214,570568190
12.196460,71.1914,8.0859,8.0859,0,0,12.287214,570568190
12.198460,71.1914,8.0859,8.0859,0,0,12.287214,570568190
12.200460,71.1914,8.0859,8.0859,0,0,12.287214,570568190
12.202460,71.1914,8.0859,8.0859,0,0,12.287214,570568190
12.204460,71.1914,8.0859,8.0859,0,0,12.287214,570568190
12.206460,71.1914,8.0859,8.0859,0,0,12.287214,570568190
12.208460,71.1914,8.0859,8.0859,0,0,12.287214,570568190
12.210460,71.1914,8.0859,8.0859,0,0,12.287214,570568190
12.212468,71.1914,8.0859,8.0859,0,0,12.287214,570568190
12.214467,71.1914,8.0859,8.0859,0,0,12.287214,570568190
12.216466,71.1914,8.0859,8.0859,0,0,12.287214,570568190
12.218463,71.1914,8.0859,8.0859,0,0,12.287214,570568190
12.221983,71.1914,8.0859,8.0859,0,0,12.287214,570568190
12.222508,71.1914,8.0859,8.0859,0,0,12.287214,570568190
12.224491,71.1914,8.0859,8.0859,0,0,12.287214,570568190
12.226480,71.1914,8.0859,8.0859,0,0,12.287214,570568190
12.228460,71.1914,8.0859,8.0859,0,0,12.287214,570568190
12.230534,71.1914,8.0859,8.0859,0,0,12.287214,570568190
12.232518,71.1914,8.0859,8.0859,0,0,12.287214,570568190
12.234506,71.1914,8.0859,8.0859,0,0,12.287214,570568190
12.236525,71.1914,8.0859,8.0859,0,0,12.287214,570568190
12.238527,71.1914,8.0859,8.0859,0,0,12.287214,570568190
12.240506,71.1914,8.0859,8.0859,0,0,12.287214,570568190
12.242495,71.1914,8.0859,8.0859,0,0,12.287214,570568190
12.244477,71.1914,8.0859,8.0859,0,0,12.287214,570568190
12.246468,71.1914,8.0859,8.0859,0,0,12.287214,570568190
12.248534,71.1914,8.0859,8.0859,0,0,12.287214,570568190
12.250524,71.1914,8.0859,8.0859,0,0,12.287214,570568190
12.252506,71.1914,8.0859,8.0859,0,0,12.287214,570568190
12.254494,71.1914,8.0859,8.0859,0,0,12.287214,570568190
12.256477,71.1914,8.0859,8.0859,0,0,12.287214,570568190
12.258468,71.1914,8.0859,8.0859,0,0,12.287214,570568190
12.260534,71.1914,8.0859,8.0859,0,0,12.287214,570568190
12.262525,71.1914,8.0859,8.0859,0,0,12.287214,570568190
12.264506,71.1914,8.0859,8.0859,0,0,12.287214,570568190
12.266495,71.1914,8.0859,8.0859,0,0,12.287214,570568190
12.268477,71.1914,8.0859,8.0859,0,0,12.287214,570568190
12.270539,71.1914,8.0859,8.0859,0,0,12.287214,570568190
12.272508,71.1914,8.0859,8.0859,0,0,12.287214,570568190
12.274460,71.1914,8.0859,8.0859,0,0,12.287214,570568190
12.276530,71.1914,8.0859,8.0859,0,0,12.287214,570568190
12.278499,71.1914,8.0859,8.0859,0,0,12.287214,570568190
12.280564,71.1914,8.0859,8.0859,0,0,12.287214,570568190
12.284024,71.1914,8.0859,8.0859,0,0,12.548575,570824417
12.284529,71.1914,8.0859,8.0859,0,0,12.548575,570824417
12.286504,71.1914,8.0859,8.0859,0,0,12.548575,570824417
12.288486,71.1914,8.0859,8.0859,0,0,12.548575,570824417
12.290520,71.1914,8.0859,8.0859,0,0,12.548575,570824417
12.292470,71.1914,8.0859,8.0859,0,0,12.548575,570824417
12.294512,71.1914,8.0859,8.0859,0,0,12.548575,570824417
12.296535,71.1914,8.0859,8.0859,0,0,12.548575,570824417
12.298529,71.1914,8.0859,8.0859,0,0,12.548575,570824417
12.300512,71.1914,8.0859,8.0859,0,0,12.548575,570824417
12.302457,71.1914,8.0859,8.0859,0,0,12.548575,570824417
12.304532,71.1914,8.0859,8.0859,0,0,12.548575,570824417
12.306534,71.1914,8.0859,8.0859,0,0,12.548575,570824417
12.308533,71.1914,8.0859,8.0859,0,0,12.548575,570824417
12.310530,71.1914,8.0859,8.0859,0,0,12.548575,570824417
12.312460,71.1914,8.0859,8.0859,0,0,12.548575,570824417
12.314460,71.1914,8.0859,8.0859,0,0,12.548575,570824417
12.316460,71.1914,8.0859,8.0859,0,0,12.548575,570824417
12.318460,71.1914,8.0859,8.0859,0,0,12.548575,570824417
12.322475,71.1914,8.0859,8.0859,0,0,12.548575,570824417
12.322782,71.1914,7.9102,7.9102,0,0,12.548575,570824417
12.324518,71.1914,7.9102,7.9102,0,0,12.548575,570824417
12.326506,71.1914,7.9102,7.9102,0,0,12.548575,570824417
12.328487,71.1914,7.9102,7.9102,0,0,12.548575,570824417
12.330477,71.1914,7.9102,7.9102,0,0,12.548575,570824417
12.332460,71.1914,7.9102,7.9102,0,0,12.548575,570824417
12.334534,71.1914,7.9102,7.9102,0,0,12.548575,570824417
12.336515,71.1914,7.9102,7.9102,0,0,12.548575,570824417
12.338525,71.1914,7.9102,7.9102,0,0,12.548575,570824417
12.340522,71.1914,7.9102,7.9102,0,0,12.548575,570824417
12.342512,71.1914,7.9102,7.9102,0,0,12.548575,570824417
12.344518,71.1914,7.9102,7.9102,0,0,12.548575,570824417
12.346506,71.1914,7.9102,7.9102,0,0,12.548575,570824417
12.348487,71.1914,7.9102,7.9102,0,0,12.548575,570824417
12.350477,71.1914,7.9102,7.9102,0,0,12.548575,570824417
12.352460,71.1914,7.9102,7.9102,0,0,12.548575,570824417
12.354534,71.1914,7.9102,7.9102,0,0,12.548575,570824417
12.356515,71.1914,7.9102,7.9102,0,0,12.548575,570824417
12.358506,71.1914,7.9102,7.9102,0,0,12.548575,570824417
12.360487,71.1914,7.7344,7.7344,0,0,12.548575,570824417
12.362477,71.1914,7.7344,7.7344,0,0,12.548575,570824417
12.364460,71.1914,7.7344,7.7344,0,0,12.548575,570824417
12.366534,71.1914,7.7344,7.7344,0,0,12.548575,570824417
12.368515,71.1914,7.7344,7.7344,0,0,12.548575,570824417
12.370506,71.1914,7.7344,7.7344,0,0,12.548575,570824417
12.372487,71.1914,7.7344,7.7344,0,0,12.548575,570824417
12.374477,71.1914,7.7344,7.7344,0,0,12.548575,570824417
12.376460,71.1914,7.7344,7.7344,0,0,12.548575,570824417
12.378534,71.1914,7.7344,7.7344,0,0,12.548575,570824417
12.380515,71.1914,7.7344,7.7344,0,0,12.548575,570824417
12.382506,71.1914,7.7344,7.7344,0,0,12.548575,570824417
12.384487,71.1914,7.7344,7.7344,0,0,12.548575,570824417
12.386477,71.1914,7.7344,7.7344,0,0,12.548575,570824417
12.388460,71.1914,7.7344,7.7344,0,0,12.548575,570824417
12.390534,71.1914,7.7344,7.7344,0,0,12.548575,570824417
12.392515,71.1914,7.5586,7.5586,0,0,12.548575,570824417
12.394506,71.1914,7.5586,7.5586,0,0,12.548575,570824417
12.396487,71.1914,7.5586,7.5586,0,0,12.548575,570824417
12.398477,71.1914,7.5586,7.5586,0,0,12.548575,570824417
12.400460,71.1914,7.5586,7.5586,0,0,12.548575,570824417
12.402534,71.1914,7.5586,7.5586,0,0,12.548575,570824417
12.404515,71.1914,7.5586,7.5586,0,0,12.548575,570824417
12.406506,71.1914,7.5586,7.5586,0,0,12.548575,570824417
12.408487,71.1914,7.5586,7.5586,0,0,12.548575,570824417
12.410477,71.1914,7.5586,7.5586,0,0,12.548575,570824417
12.412480,71.1914,7.5586,7.5586,0,0,12.548575,570824417
12.414468,71.1914,7.3828,7.3828,0,0,12.548575,570824417
12.416534,71.1914,7.3828,7.3828,0,0,12.548575,570824417
12.418525,71.1914,7.3828,7.3828,0,0,12.548575,570824417
12.422017,71.1914,7.3828,7.3828,0,0,12.548575,570824417
12.422465,71.1914,7.3828,7.3828,0,0,12.548575,570824417
12.424461,71.1914,7.3828,7.3828,0,0,12.548575,570824417
12.426460,71.1914,7.3828,7.3828,0,0,12.548575,570824417
12.428471,71.1914,7.3828,7.3828,0,0,12.548575,570824417
12.430468,71.1914,7.3828,7.3828,0,0,12.548575,570824417
12.432467,71.1914,7.3828,7.3828,0,0,12.548575,570824417
12.434464,71.1914,7.3828,7.3828,0,0,12.548575,570824417
12.436460,71.1914,7.3828,7.3828,0,0,12.548575,570824417
12.438457,71.1914,7.3828,7.3828,0,0,12.548575,570824417
12.440456,71.1914,7.3828,7.3828,0,0,12.548575,570824417
12.442492,71.1914,7.3828,7.3828,0,0,12.548575,570824417
12.444491,71.1914,7.3828,7.3828,0,0,12.548575,570824417
12.446491,71.1914,7.2070,7.2070,0,0,12.548575,570824417
12.448500,71.1914,7.2070,7.2070,0,0,12.548575,570824417
12.450498,71.1914,7.2070,7.2070,0,0,12.548575,570824417
12.452494,71.1914,7.2070,7.2070,0,0,12.548575,570824417
12.454491,71.1914,7.2070,7.2070,0,0,12.548575,570824417
12.456491,71.1914,7.2070,7.2070,0,0,12.548575,570824417
12.458491,71.1914,7.2070,7.2070,0,0,12.548575,570824417
12.460491,71.1914,7.2070,7.2070,0,0,12.548575,570824417
12.462491,71.1914,7.2070,7.2070,0,0,12.548575,570824417
12.464491,71.1914,7.2070,7.2070,0,0,12.548575,570824417
12.466491,71.1914,7.2070,7.2070,0,0,12.548575,570824417
12.468491,71.1914,7.2070,7.2070,0,0,12.548575,570824417
12.470491,71.1914,7.2070,7.2070,0,0,12.548575,570824417
12.472491,71.1914,7.2070,7.2070,0,0,12.548575,570824417
12.474491,71.1914,7.2070,7.2070,0,0,12.548575,570824417
12.476491,71.1914,7.2070,7.2070,0,0,12.548575,570824417
12.478491,71.1914,7.2070,7.2070,0,0,12.548575,570824417
12.480491,71.1914,7.2070,7.2070,0,0,12.548575,570824417
12.482491,71.1914,7.2070,7.2070,0,0,12.548575,570824417
12.484491,71.1914,7.2070,7.2070,0,0,12.548575,570824417
12.486491,71.1914,7.2070,7.2070,0,0,12.548575,570824417
12.488491,71.1914,7.2070,7.2070,0,0,12.548575,570824417
12.490491,71.1914,7.0312,7.0312,0,0,12.548575,570824417
12.492491,71.1914,7.0312,7.0312,0,0,12.548575,570824417
12.494491,71.1914,7.0312,7.0312,0,0,12.548575,570824417
12.496491,71.1914,7.0312,7.0312,0,0,12.548575,570824417
12.498491,71.1914,7.0312,7.0312,0,0,12.548575,570824417
12.500491,71.1914,7.0312,7.0312,0,0,12.548575,570824417
12.502491,71.1914,7.0312,7.0312,0,0,12.548575,570824417
12.504491,71.1914,7.0312,7.0312,0,0,12.548575,570824417
12.506491,71.1914,7.0312,7.0312,0,0,12.548575,570824417
12.508491,71.1914,7.0312,7.0312,0,0,12.548575,570824417
12.510491,71.1914,7.0312,7.0312,0,0,12.548575,570824417
12.512505,71.1914,7.0312,7.0312,0,0,12.548575,570824417
12.514480,71.1914,7.0312,7.0312,0,0,12.548575,570824417
12.516501,71.1914,7.0312,7.0312,0,0,12.548575,570824417
12.518517,71.1914,7.0312,7.0312,0,0,12.548575,570824417
12.522259,71.1914,7.0312,7.0312,0,0,12.548575,570824417
12.522533,71.1914,7.0312,7.0312,0,0,12.548575,570824417
12.524526,71.1914,7.0312,7.0312,0,0,12.548575,570824417
12.526515,71.1914,7.0312,7.0312,0,0,12.548575,570824417
12.528498,71.1914,7.0312,7.0312,0,0,12.548575,570824417
12.530487,71.1914,7.0312,7.0312,0,0,12.548575,570824417
12.532468,71.1914,7.0312,7.0312,0,0,12.548575,570824417
12.534493,71.1914,7.0312,7.0312,0,0,12.548575,570824417
12.536870,71.1914,7.0312,7.0312,0,0,12.548575,570824417
12.540394,71.1914,7.0312,7.0312,0,0,12.786847,571072199
12.540838,71.1914,7.0312,7.0312,0,0,12.786847,571072199
12.542472,71.1914,7.0312,7.0312,0,0,12.786847,571072199
12.544555,71.1914,7.0312,7.0312,0,0,12.786847,571072199
12.546534,71.1914,7.0312,7.0312,0,0,12.786847,571072199
12.548459,71.1914,7.0312,7.0312,0,0,12.786847,571072199
12.550483,71.1914,7.0312,7.0312,0,0,12.786847,571072199
12.552479,71.1914,7.0312,7.0312,0,0,12.786847,571072199
12.554498,71.1914,7.0312,7.0312,0,0,12.786847,571072199
12.556514,71.1914,7.0312,7.0312,0,0,12.786847,571072199
12.558483,71.1914,7.0312,7.0312,0,0,12.786847,571072199
12.560464,71.1914,7.0312,7.0312,0,0,12.786847,571072199
12.562462,71.1914,7.0312,7.0312,0,0,12.786847,571072199
12.564485,71.1914,7.0312,7.0312,0,0,12.786847,571072199
12.566466,71.1914,7.0312,7.0312,0,0,12.786847,571072199
12.568456,71.1914,7.0312,7.0312,0,0,12.786847,571072199
12.570538,71.1914,7.0312,7.0312,0,0,12.786847,571072199
12.572494,71.1914,7.0312,7.0312,0,0,12.786847,571072199
12.574494,71.1914,7.0312,7.0312,0,0,12.786847,571072199
12.576494,71.1914,7.0312,7.0312,0,0,12.786847,571072199
12.578494,71.1914,7.0312,7.0312,0,0,12.786847,571072199
12.580494,71.1914,7.0312,7.0312,0,0,12.786847,571072199
12.582491,71.1914,7.0312,7.0312,0,0,12.786847,571072199
12.584491,71.1914,7.0312,7.0312,0,0,12.786847,571072199
12.586491,71.1914,7.0312,7.0312,0,0,12.786847,571072199
12.588491,71.1914,7.0312,7.0312,0,0,12.786847,571072199
12.590491,71.1914,7.0312,7.0312,0,0,12.786847,571072199
12.592491,71.1914,7.0312,7.0312,0,0,12.786847,571072199
12.594491,71.1914,7.0312,7.0312,0,0,12.786847,571072199
12.596491,71.1914,7.0312,7.0312,0,0,12.786847,571072199
12.598491,71.1914,7.0312,7.0312,0,0,12.786847,571072199
12.600491,71.1914,7.0312,7.0312,0,0,12.786847,571072199
12.602491,71.1914,7.2070,7.2070,0,0,12.786847,571072199
12.604491,71.1914,7.2070,7.2070,0,0,12.786847,571072199
12.606491,71.1914,7.2070,7.2070,0,0,12.786847,571072199
12.608491,71.1914,7.2070,7.2070,0,0,12.786847,571072199
12.610491,71.1914,7.2070,7.2070,0,0,12.786847,571072199
12.612506,71.1914,7.2070,7.2070,0,0,12.786847,571072199
12.614505,71.1914,7.2070,7.2070,0,0,12.786847,571072199
12.616502,71.1914,7.2070,7.2070,0,0,12.786847,571072199
12.618499,71.1914,7.2070,7.2070,0,0,12.786847,571072199
12.622507,71.1914,7.2070,7.2070,0,0,12.786847,571072199
12.622802,71.1914,7.2070,7.2070,0,0,12.786847,571072199
12.624538,71.1914,7.2070,7.2070,0,0,12.786847,571072199
12.626526,71.1914,7.2070,7.2070,0,0,12.786847,571072199
12.628506,71.1914,7.2070,7.2070,0,0,12.786847,571072199
12.630494,71.1914,7.2070,7.2070,0,0,12.786847,571072199
12.632477,71.1914,7.2070,7.2070,0,0,12.786847,571072199
12.634468,71.1914,7.2070,7.2070,0,0,12.786847,571072199
12.636534,71.1914,7.2070,7.2070,0,0,12.786847,571072199
12.638525,71.1914,7.2070,7.2070,0,0,12.786847,571072199
12.640506,71.1914,7.2070,7.2070,0,0,12.786847,571072199
12.642495,71.1914,7.2070,7.2070,0,0,12.786847,571072199
12.644477,71.1914,7.2070,7.2070,0,0,12.786847,571072199
12.646527,71.1914,7.3828,7.3828,0,0,12.786847,571072199
12.648507,71.1914,7.3828,7.3828,0,0,12.786847,571072199
12.650498,71.1914,7.3828,7.3828,0,0,12.786847,571072199
12.652480,71.1914,7.3828,7.3828,0,0,12.786847,571072199
12.654494,71.1914,7.3828,7.3828,0,0,12.786847,571072199
12.656477,71.1914,7.3828,7.3828,0,0,12.786847,571072199
12.658468,71.1914,7.3828,7.3828,0,0,12.786847,571072199
12.660534,71.1914,7.3828,7.3828,0,0,12.786847,571072199
12.662525,71.1914,7.3828,7.3828,0,0,12.786847,571072199
12.664506,71.1914,7.3828,7.3828,0,0,12.786847,571072199
12.666495,71.1914,7.3828,7.3828,0,0,12.786847,571072199
12.668477,71.1914,7.3828,7.3828,0,0,12.786847,571072199
12.670468,71.1914,7.3828,7.3828,0,0,12.786847,571072199
12.672534,71.1914,7.3828,7.3828,0,0,12.786847,571072199
12.674524,71.1914,7.3828,7.3828,0,0,12.786847,571072199
12.676506,71.1914,7.3828,7.3828,0,0,12.786847,571072199
12.678494,71.1914,7.3828,7.3828,0,0,12.786847,571072199
12.680477,71.1914,7.3828,7.3828,0,0,12.786847,571072199
12.682468,71.1914,7.5586,7.5586,0,0,12.786847,571072199
12.684534,71.1914,7.5586,7.5586,0,0,12.786847,571072199
12.686525,71.1914,7.5586,7.5586,0,0,12.786847,571072199
12.688506,71.1914,7.5586,7.5586,0,0,12.786847,571072199
12.690495,71.1914,7.5586,7.5586,0,0,12.786847,571072199
12.692477,71.1914,7.5586,7.5586,0,0,12.786847,571072199
12.694469,71.1914,7.5586,7.5586,0,0,12.786847,571072199
12.696537,71.1914,7.5586,7.5586,0,0,12.786847,571072199
12.698526,71.1914,7.5586,7.5586,0,0,12.786847,571072199
12.700506,71.1914,7.5586,7.5586,0,0,12.786847,571072199
12.702495,71.1914,7.5586,7.5586,0,0,12.786847,571072199
12.704477,71.1914,7.7344,7.7344,0,0,12.786847,571072199
12.706468,71.1914,7.7344,7.7344,0,0,12.786847,571072199
12.708534,71.1914,7.7344,7.7344,0,0,12.786847,571072199
12.710525,71.1914,7.7344,7.7344,0,0,12.786847,571072199
12.712511,71.1914,7.7344,7.7344,0,0,12.786847,571072199
12.714499,71.1914,7.7344,7.7344,0,0,12.786847,571072199
12.716480,71.1914,7.7344,7.7344,0,0,12.786847,571072199
12.718468,71.1914,7.7344,7.7344,0,0,12.786847,571072199
12.722058,71.1914,7.7344,7.7344,0,0,12.786847,571072199
12.722498,71.1914,7.7344,7.7344,0,0,12.786847,571072199
12.724505,71.1914,7.7344,7.7344,0,0,12.786847,571072199
12.726503,71.1914,7.7344,7.7344,0,0,12.786847,571072199
12.728500,71.1914,7.7344,7.7344,0,0,12.786847,571072199
12.730497,71.1914,7.7344,7.7344,0,0,12.786847,571072199
12.732494,71.1914,7.7344,7.7344,0,0,12.786847,571072199
12.734491,71.1914,7.7344,7.7344,0,0,12.786847,571072199
12.736491,71.1914,7.7344,7.7344,0,0,12.786847,571072199
12.738491,71.1914,7.7344,7.7344,0,0,12.786847,571072199
12.740491,71.1914,7.9102,7.9102,0,0,12.786847,571072199
12.742491,71.1914,7.9102,7.9102,0,0,12.786847,571072199
12.744491,71.1914,7.9102,7.9102,0,0,12.786847,571072199
12.746491,71.1914,7.9102,7.9102,0,0,12.786847,571072199
12.748524,71.1914,7.9102,7.9102,0,0,12.786847,571072199
12.750522,71.1914,7.9102,7.9102,0,0,12.786847,571072199
12.752518,71.1914,7.9102,7.9102,0,0,12.786847,571072199
12.754519,71.1914,7.9102,7.9102,0,0,12.786847,571072199
12.756537,71.1914,7.9102,7.9102,0,0,12.786847,571072199
12.758534,71.1914,7.9102,7.9102,0,0,12.786847,571072199
12.760530,71.1914,7.9102,7.9102,0,0,12.786847,571072199
12.762525,71.1914,7.9102,7.9102,0,0,12.786847,571072199
12.764524,71.1914,7.9102,7.9102,0,0,12.786847,571072199
12.766522,71.1914,7.9102,7.9102,0,0,12.786847,571072199
12.768518,71.1914,7.9102,7.9102,0,0,12.786847,571072199
12.770518,71.1914,7.9102,7.9102,0,0,12.786847,571072199
12.772527,71.1914,7.9102,7.9102,0,0,12.786847,571072199
12.774526,71.1914,7.9102,7.9102,0,0,12.786847,571072199
12.776523,71.1914,7.9102,7.9102,0,0,12.786847,571072199
12.778461,71.1914,7.9102,7.9102,0,0,12.786847,571072199
12.780509,71.1914,7.9102,7.9102,0,0,12.786847,571072199
12.782494,71.1914,7.9102,7.9102,0,0,12.786847,571072199
12.784582,71.1914,7.9102,7.9102,0,0,12.786847,571072199
12.788071,71.1914,7.9102,7.9102,0,0,13.039095,571320770
12.788566,71.1914,8.0859,8.0859,0,0,13.039095,571320770
12.790465,71.1914,8.0859,8.0859,0,0,13.039095,571320770
12.792532,71.1914,8.0859,8.0859,0,0,13.039095,571320770
12.794502,71.1914,8.0859,8.0859,0,0,13.039095,571320770
12.796528,71.1914,8.0859,8.0859,0,0,13.039095,571320770
12.798546,71.1914,8.0859,8.0859,0,0,13.039095,571320770
12.800466,71.1914,8.0859,8.0859,0,0,13.039095,571320770
12.802457,71.1914,8.0859,8.0859,0,0,13.039095,571320770
12.804456,71.1914,8.0859,8.0859,0,0,13.039095,571320770
12.806477,71.1914,8.0859,8.0859,0,0,13.039095,571320770
12.808494,71.1914,8.0859,8.0859,0,0,13.039095,571320770
12.810460,71.1914,8.0859,8.0859,0,0,13.039095,571320770
12.812538,71.1914,8.0859,8.0859,0,0,13.039095,571320770
12.814534,71.1914,8.0859,8.0859,0,0,13.039095,571320770
12.816530,71.1914,8.0859,8.0859,0,0,13.039095,571320770
12.818527,71.1914,8.0859,8.0859,0,0,13.039095,571320770
12.822538,71.1914,8.0859,8.0859,0,0,13.039095,571320770
12.822849,71.1914,8.0859,8.0859,0,0,13.039095,571320770
12.824494,71.1914,8.0859,8.0859,0,0,13.039095,571320770
12.826484,71.1914,8.0859,8.0859,0,0,13.039095,571320770
12.828464,71.1914,8.0859,8.0859,0,0,13.039095,571320770
12.830456,71.1914,8.0859,8.0859,0,0,13.039095,571320770
12.832524,71.1914,8.0859,8.0859,0,0,13.039095,571320770
12.834515,71.1914,8.0859,8.0859,0,0,13.039095,571320770
12.836498,71.1914,8.0859,8.0859,0,0,13.039095,571320770
12.838487,71.1914,8.0859,8.0859,0,0,13.039095,571320770
12.840468,71.1914,8.0859,8.0859,0,0,13.039095,571320770
12.842457,71.1914,8.0859,8.0859,0,0,13.039095,571320770
12.844524,71.1914,8.0859,8.0859,0,0,13.039095,571320770
12.846515,71.1914,8.0859,8.0859,0,0,13.039095,571320770
12.848522,71.1914,8.0859,8.0859,0,0,13.039095,571320770
12.850498,71.1914,8.0859,8.0859,0,0,13.039095,571320770
12.852524,71.1914,8.0859,8.0859,0,0,13.039095,571320770
12.854515,71.1914,8.0859,8.0859,0,0,13.039095,571320770
12.856498,71.1914,8.0859,8.0859,0,0,13.039095,571320770
12.858487,71.1914,8.0859,8.0859,0,0,13.039095,571320770
12.860468,71.1914,8.0859,8.0859,0,0,13.039095,571320770
12.862457,71.1914,8.0859,8.0859,0,0,13.039095,571320770
12.864524,71.1914,8.0859,8.0859,0,0,13.039095,571320770
12.866515,71.1914,8.0859,8.0859,0,0,13.039095,571320770
12.868498,71.1914,8.0859,8.0859,0,0,13.039095,571320770
12.870487,71.1914,8.0859,8.0859,0,0,13.039095,571320770
12.872491,71.1914,8.0859,8.0859,0,0,13.039095,571320770
12.874492,71.1914,8.0859,8.0859,0,0,13.039095,571320770
12.876476,71.1914,8.0859,8.0859,0,0,13.039095,571320770
12.878480,71.1914,8.0859,8.0859,0,0,13.039095,571320770
12.880470,71.1914,8.0859,8.0859,0,0,13.039095,571320770
12.882483,71.1914,7.9102,7.9102,0,0,13.039095,571320770
12.884487,71.1914,7.9102,7.9102,0,0,13.039095,571320770
12.886477,71.1914,7.9102,7.9102,0,0,13.039095,571320770
12.888460,71.1914,7.9102,7.9102,0,0,13.039095,571320770
12.890534,71.1914,7.9102,7.9102,0,0,13.039095,571320770
12.892518,71.1914,7.9102,7.9102,0,0,13.039095,571320770
12.894506,71.1914,7.9102,7.9102,0,0,13.039095,571320770
12.896487,71.1914,7.9102,7.9102,0,0,13.039095,571320770
12.898477,71.1914,7.9102,7.9102,0,0,13.039095,571320770
12.900460,71.1914,7.9102,7.9102,0,0,13.039095,571320770
12.902534,71.1914,7.9102,7.9102,0,0,13.039095,571320770
12.904515,71.1914,7.9102,7.9102,0,0,13.039095,571320770
12.906506,71.1914,7.9102,7.9102,0,0,13.039095,571320770
12.908487,71.1914,7.9102,7.9102,0,0,13.039095,571320770
12.910477,71.1914,7.9102,7.9102,0,0,13.039095,571320770
12.912469,71.1914,7.9102,7.9102,0,0,13.039095,571320770
12.914460,71.1914,7.9102,7.9102,0,0,13.039095,571320770
12.916530,71.1914,7.9102,7.9102,0,0,13.039095,571320770
12.918518,71.1914,7.9102,7.9102,0,0,13.039095,571320770
12.922015,71.1914,7.9102,7.9102,0,0,13.039095,571320770
12.922459,71.1914,7.9102,7.9102,0,0,13.039095,571320770
12.924460,71.1914,7.9102,7.9102,0,0,13.039095,571320770
12.926460,71.1914,7.9102,7.9102,0,0,13.039095,571320770
12.928478,71.1914,7.9102,7.9102,0,0,13.039095,571320770
12.930462,71.1914,7.9102,7.9102,0,0,13.039095,571320770
12.932460,71.1914,7.7344,7.7344,0,0,13.039095,571320770
12.934460,71.1914,7.7344,7.7344,0,0,13.039095,571320770
12.936460,71.1914,7.7344,7.7344,0,0,13.039095,571320770
12.938460,71.1914,7.7344,7.7344,0,0,13.039095,571320770
12.940460,71.1914,7.7344,7.7344,0,0,13.039095,571320770
12.942460,71.1914,7.7344,7.7344,0,0,13.039095,571320770
12.944460,71.1914,7.7344,7.7344,0,0,13.039095,571320770
12.946460,71.1914,7.7344,7.7344,0,0,13.039095,571320770
12.948460,71.1914,7.7344,7.7344,0,0,13.039095,571320770
12.950460,71.1914,7.7344,7.7344,0,0,13.039095,571320770
12.952460,71.1914,7.7344,7.7344,0,0,13.039095,571320770
12.954507,71.1914,7.7344,7.7344,0,0,13.039095,571320770
12.956520,71.1914,7.7344,7.7344,0,0,13.039095,571320770
12.958518,71.1914,7.7344,7.7344,0,0,13.039095,571320770
12.960515,71.1914,7.7344,7.7344,0,0,13.039095,571320770
12.962515,71.1914,7.7344,7.7344,0,0,13.039095,571320770
12.964510,71.1914,7.7344,7.7344,0,0,13.039095,571320770
12.966506,71.1914,7.7344,7.7344,0,0,13.039095,571320770
12.968505,71.1914,7.7344,7.7344,0,0,13.039095,571320770
12.970503,71.1914,7.5586,7.5586,0,0,13.039095,571320770
12.972500,71.1914,7.5586,7.5586,0,0,13.039095,571320770
12.974498,71.1914,7.5586,7.5586,0,0,13.039095,571320770
12.976495,71.1914,7.5586,7.5586,0,0,13.039095,571320770
12.978494,71.1914,7.5586,7.5586,0,0,13.039095,571320770
12.980494,71.1914,7.5586,7.5586,0,0,13.039095,571320770
12.982494,71.1914,7.5586,7.5586,0,0,13.039095,571320770
12.984494,71.1914,7.5586,7.5586,0,0,13.039095,571320770
12.986494,71.1914,7.5586,7.5586,0,0,13.039095,571320770
12.988494,71.1914,7.5586,7.5586,0,0,13.039095,571320770
12.990494,71.1914,7.5586,7.5586,0,0,13.039095,571320770
12.992494,71.1914,7.3828,7.3828,0,0,13.039095,571320770
12.994494,71.1914,7.3828,7.3828,0,0,13.039095,571320770
12.996494,71.1914,7.3828,7.3828,0,0,13.039095,571320770
12.998494,71.1914,7.3828,7.3828,0,0,13.039095,571320770
13.000491,71.1914,7.3828,7.3828,0,0,13.039095,571320770
13.002491,71.1914,7.3828,7.3828,0,0,13.039095,571320770
13.004491,71.1914,7.3828,7.3828,0,0,13.039095,571320770
13.006491,71.1914,7.3828,7.3828,0,0,13.039095,571320770
13.008491,71.1914,7.3828,7.3828,0,0,13.039095,571320770
13.010491,71.1914,7.3828,7.3828,0,0,13.039095,571320770
13.012498,71.1914,7.3828,7.3828,0,0,13.039095,571320770
13.014520,71.1914,7.3828,7.3828,0,0,13.039095,571320770
13.016465,71.1914,7.3828,7.3828,0,0,13.039095,571320770
13.018471,71.1914,7.3828,7.3828,0,0,13.039095,571320770
13.021996,71.1914,7.3828,7.3828,0,0,13.039095,571320770
13.022530,71.1914,7.3828,7.3828,0,0,13.039095,571320770
13.024498,71.1914,7.3828,7.3828,0,0,13.039095,571320770
13.026528,71.1914,7.3828,7.3828,0,0,13.039095,571320770
13.028507,71.1914,7.3828,7.3828,0,0,13.039095,571320770
13.030529,71.1914,7.3828,7.3828,0,0,13.039095,571320770
13.033135,71.1914,7.2070,7.2070,0,0,13.039095,571320770
13.036616,71.1914,7.2070,7.2070,0,0,13.281737,571565023
13.037120,71.1914,7.2070,7.2070,0,0,13.281737,571565023
13.038521,71.1914,7.2070,7.2070,0,0,13.281737,571565023
13.040536,71.1914,7.2070,7.2070,0,0,13.281737,571565023
13.042462,71.1914,7.2070,7.2070,0,0,13.281737,571565023
13.044460,71.1914,7.2070,7.2070,0,0,13.281737,571565023
13.046494,71.1914,7.2070,7.2070,0,0,13.281737,571565023
13.048507,71.1914,7.2070,7.2070,0,0,13.281737,571565023
13.050529,71.1914,7.2070,7.2070,0,0,13.281737,571565023
13.052526,71.1914,7.2070,7.2070,0,0,13.281737,571565023
13.054509,71.1914,7.2070,7.2070,0,0,13.281737,571565023
13.056463,71.1914,7.2070,7.2070,0,0,13.281737,571565023
13.058460,71.1914,7.2070,7.2070,0,0,13.281737,571565023
13.060463,71.1914,7.2070,7.2070,0,0,13.281737,571565023
13.062455,71.1914,7.2070,7.2070,0,0,13.281737,571565023
13.064537,71.1914,7.2070,7.2070,0,0,13.281737,571565023
13.066501,71.1914,7.2070,7.2070,0,0,13.281737,571565023
13.068460,71.1914,7.2070,7.2070,0,0,13.281737,571565023
13.070460,71.1914,7.2070,7.2070,0,0,13.281737,571565023
13.072460,71.1914,7.2070,7.2070,0,0,13.281737,571565023
13.074460,71.1914,7.2070,7.2070,0,0,13.281737,571565023
13.076460,71.1914,7.2070,7.2070,0,0,13.281737,571565023
13.078460,71.1914,7.2070,7.2070,0,0,13.281737,571565023
13.080460,71.1914,7.2070,7.2070,0,0,13.281737,571565023
13.082460,71.1914,7.2070,7.2070,0,0,13.281737,571565023
13.084460,71.1914,7.2070,7.2070,0,0,13.281737,571565023
13.086460,71.1914,7.2070,7.2070,0,0,13.281737,571565023
13.088460,71.1914,7.2070,7.2070,0,0,13.281737,571565023
13.090460,71.1914,7.2070,7.2070,0,0,13.281737,571565023
13.092457,71.1914,7.2070,7.2070,0,0,13.281737,571565023
13.094456,71.1914,7.0312,7.0312,0,0,13.281737,571565023
13.096538,71.1914,7.0312,7.0312,0,0,13.281737,571565023
13.098534,71.1914,7.0312,7.0312,0,0,13.281737,571565023
13.100530,71.1914,7.0312,7.0312,0,0,13.281737,571565023
13.102530,71.1914,7.0312,7.0312,0,0,13.281737,571565023
13.104525,71.1914,7.0312,7.0312,0,0,13.281737,571565023
13.106469,71.1914,7.0312,7.0312,0,0,13.281737,571565023
13.108468,71.1914,7.0312,7.0312,0,0,13.281737,571565023
13.110466,71.1914,7.0312,7.0312,0,0,13.281737,571565023
13.112471,71.1914,7.0312,7.0312,0,0,13.281737,571565023
13.114468,71.1914,7.0312,7.0312,0,0,13.281737,571565023
13.116467,71.1914,7.0312,7.0312,0,0,13.281737,571565023
13.118464,71.1914,7.0312,7.0312,0,0,13.281737,571565023
13.122478,71.1914,7.0312,7.0312,0,0,13.281737,571565023
13.122773,71.1914,7.0312,7.0312,0,0,13.281737,571565023
13.124507,71.1914,7.0312,7.0312,0,0,13.281737,571565023
13.126498,71.1914,7.0312,7.0312,0,0,13.281737,571565023
13.128479,71.1914,7.0312,7.0312,0,0,13.281737,571565023
13.130468,71.1914,7.0312,7.0312,0,0,13.281737,571565023
13.132534,71.1914,7.0312,7.0312,0,0,13.281737,571565023
13.134525,71.1914,7.0312,7.0312,0,0,13.281737,571565023
13.136506,71.1914,7.0312,7.0312,0,0,13.281737,571565023
13.138495,71.1914,7.0312,7.0312,0,0,13.281737,571565023
13.140477,71.1914,7.0312,7.0312,0,0,13.281737,571565023
13.142468,71.1914,7.0312,7.0312,0,0,13.281737,571565023
13.144534,71.1914,7.0312,7.0312,0,0,13.281737,571565023
13.146524,71.1914,7.0312,7.0312,0,0,13.281737,571565023
13.148506,71.1914,7.0312,7.0312,0,0,13.281737,571565023
13.150494,71.1914,7.0312,7.0312,0,0,13.281737,571565023
13.152477,71.1914,7.0312,7.0312,0,0,13.281737,571565023
13.154468,71.1914,7.0312,7.0312,0,0,13.281737,571565023
13.156534,71.1914,7.0312,7.0312,0,0,13.281737,571565023
13.158494,71.1914,7.0312,7.0312,0,0,13.281737,571565023
13.160477,71.1914,7.2070,7.2070,0,0,13.281737,571565023
13.162468,71.1914,7.2070,7.2070,0,0,13.281737,571565023
13.164468,71.1914,7.2070,7.2070,0,0,13.281737,571565023
13.166457,71.1914,7.2070,7.2070,0,0,13.281737,571565023
13.168524,71.1914,7.2070,7.2070,0,0,13.281737,571565023
13.170515,71.1914,7.2070,7.2070,0,0,13.281737,571565023
13.172498,71.1914,7.2070,7.2070,0,0,13.281737,571565023
13.174487,71.1914,7.2070,7.2070,0,0,13.281737,571565023
13.176468,71.1914,7.2070,7.2070,0,0,13.281737,571565023
13.178457,71.1914,7.2070,7.2070,0,0,13.281737,571565023
13.180524,71.1914,7.2070,7.2070,0,0,13.281737,571565023
13.182515,71.1914,7.2070,7.2070,0,0,13.281737,571565023
13.184498,71.1914,7.2070,7.2070,0,0,13.281737,571565023
13.186487,71.1914,7.2070,7.2070,0,0,13.281737,571565023
13.188468,71.1914,7.2070,7.2070,0,0,13.281737,571565023
13.190457,71.1914,7.2070,7.2070,0,0,13.281737,571565023
13.192524,71.1914,7.2070,7.2070,0,0,13.281737,571565023
13.194515,71.1914,7.2070,7.2070,0,0,13.281737,571565023
13.196498,71.1914,7.2070,7.2070,0,0,13.281737,571565023
13.198487,71.1914,7.2070,7.2070,0,0,13.281737,571565023
13.200468,71.1914,7.2070,7.2070,0,0,13.281737,571565023
13.202457,71.1914,7.2070,7.2070,0,0,13.281737,571565023
13.204524,71.1914,7.2070,7.2070,0,0,13.281737,571565023
13.206515,71.1914,7.2070,7.2070,0,0,13.281737,571565023
13.208498,71.1914,7.2070,7.2070,0,0,13.281737,571565023
13.210487,71.1914,7.2070,7.2070,0,0,13.281737,571565023
13.212483,71.1914,7.2070,7.2070,0,0,13.281737,571565023
13.214471,71.1914,7.2070,7.2070,0,0,13.281737,571565023
13.216538,71.1914,7.2070,7.2070,0,0,13.281737,571565023
13.218530,71.1914,7.2070,7.2070,0,0,13.281737,571565023
13.222022,71.1914,7.3828,7.3828,0,0,13.281737,571565023
13.222471,71.1914,7.3828,7.3828,0,0,13.281737,571565023
13.224468,71.1914,7.3828,7.3828,0,0,13.281737,571565023
13.226467,71.1914,7.3828,7.3828,0,0,13.281737,571565023
13.228464,71.1914,7.3828,7.3828,0,0,13.281737,571565023
13.230460,71.1914,7.3828,7.3828,0,0,13.281737,571565023
13.232457,71.1914,7.3828,7.3828,0,0,13.281737,571565023
13.234456,71.1914,7.3828,7.3828,0,0,13.281737,571565023
13.236538,71.1914,7.3828,7.3828,0,0,13.281737,571565023
13.238534,71.1914,7.3828,7.3828,0,0,13.281737,571565023
13.240533,71.1914,7.3828,7.3828,0,0,13.281737,571565023
13.242530,71.1914,7.3828,7.3828,0,0,13.281737,571565023
13.244526,71.1914,7.3828,7.3828,0,0,13.281737,571565023
13.246524,71.1914,7.3828,7.3828,0,0,13.281737,571565023
13.248522,71.1914,7.3828,7.3828,0,0,13.281737,571565023
13.250518,71.1914,7.3828,7.3828,0,0,13.281737,571565023
13.252518,71.1914,7.3828,7.3828,0,0,13.281737,571565023
13.254515,71.1914,7.3828,7.3828,0,0,13.281737,571565023
13.256541,71.1914,7.3828,7.3828,0,0,13.281737,571565023
13.258537,71.1914,7.5586,7.5586,0,0,13.281737,571565023
13.260537,71.1914,7.5586,7.5586,0,0,13.281737,571565023
13.262507,71.1914,7.5586,7.5586,0,0,13.281737,571565023
13.264507,71.1914,7.5586,7.5586,0,0,13.281737,571565023
13.266525,71.1914,7.5586,7.5586,0,0,13.281737,571565023
13.268524,71.1914,7.5586,7.5586,0,0,13.281737,571565023
13.270522,71.1914,7.5586,7.5586,0,0,13.281737,571565023
13.272518,71.1914,7.5586,7.5586,0,0,13.281737,571565023
13.274460,71.1914,7.5586,7.5586,0,0,13.281737,571565023
13.277120,71.1914,7.5586,7.5586,0,0,13.281737,571565023
13.280943,71.1914,7.5586,7.5586,0,0,13.509290,571795350
13.281409,71.1914,7.5586,7.5586,0,0,13.509290,571795350
13.282495,71.1914,7.7344,7.7344,0,0,13.509290,571795350
13.284750,71.1914,7.7344,7.7344,0,0,13.509290,571795350
13.286508,71.1914,7.7344,7.7344,0,0,13.509290,571795350
13.288460,71.1914,7.7344,7.7344,0,0,13.509290,571795350
13.290463,71.1914,7.7344,7.7344,0,0,13.509290,571795350
13.292456,71.1914,7.7344,7.7344,0,0,13.509290,571795350
13.294538,71.1914,7.7344,7.7344,0,0,13.509290,571795350
13.296546,71.1914,7.7344,7.7344,0,0,13.509290,571795350
13.298694,71.1914,7.7344,7.7344,0,0,13.509290,571795350
13.300504,71.1914,7.7344,7.7344,0,0,13.509290,571795350
13.302545,71.1914,7.7344,7.7344,0,0,13.509290,571795350
13.304528,71.1914,7.7344,7.7344,0,0,13.509290,571795350
13.306525,71.1914,7.7344,7.7344,0,0,13.509290,571795350
13.308525,71.1914,7.7344,7.7344,0,0,13.509290,571795350
13.310525,71.1914,7.7344,7.7344,0,0,13.509290,571795350
13.312534,71.1914,7.7344,7.7344,0,0,13.509290,571795350
13.314530,71.1914,7.7344,7.7344,0,0,13.509290,571795350
13.316530,71.1914,7.7344,7.7344,0,0,13.509290,571795350
13.318525,71.1914,7.7344,7.7344,0,0,13.509290,571795350
13.322552,71.1914,7.7344,7.7344,0,0,13.509290,571795350
13.322855,71.1914,7.7344,7.7344,0,0,13.509290,571795350
13.324507,71.1914,7.9102,7.9102,0,0,13.509290,571795350
13.326498,71.1914,7.9102,7.9102,0,0,13.509290,571795350
13.328479,71.1914,7.9102,7.9102,0,0,13.509290,571795350
13.330468,71.1914,7.9102,7.9102,0,0,13.509290,571795350
13.332534,71.1914,7.9102,7.9102,0,0,13.509290,571795350
13.334525,71.1914,7.9102,7.9102,0,0,13.509290,571795350
13.336506,71.1914,7.9102,7.9102,0,0,13.509290,571795350
13.338495,71.1914,7.9102,7.9102,0,0,13.509290,571795350
13.340477,71.1914,7.9102,7.9102,0,0,13.509290,571795350
13.342468,71.1914,7.9102,7.9102,0,0,13.509290,571795350
13.344534,71.1914,7.9102,7.9102,0,0,13.509290,571795350
13.346524,71.1914,7.9102,7.9102,0,0,13.509290,571795350
13.348506,71.1914,7.9102,7.9102,0,0,13.509290,571795350
13.350494,71.1914,7.9102,7.9102,0,0,13.509290,571795350
13.352477,71.1914,7.9102,7.9102,0,0,13.509290,571795350
13.354468,71.1914,7.9102,7.9102,0,0,13.509290,571795350
13.356534,71.1914,7.9102,7.9102,0,0,13.509290,571795350
13.358525,71.1914,7.9102,7.9102,0,0,13.509290,571795350
13.360506,71.1914,7.9102,7.9102,0,0,13.509290,571795350
13.362495,71.1914,7.9102,7.9102,0,0,13.509290,571795350
13.364530,71.1914,7.9102,7.9102,0,0,13.509290,571795350
13.366518,71.1914,7.9102,7.9102,0,0,13.509290,571795350
13.368500,71.1914,7.9102,7.9102,0,0,13.509290,571795350
13.370521,71.1914,7.9102,7.9102,0,0,13.509290,571795350
13.372503,71.1914,7.9102,7.9102,0,0,13.509290,571795350
13.374494,71.1914,7.9102,7.9102,0,0,13.509290,571795350
13.376477,71.1914,7.9102,7.9102,0,0,13.509290,571795350
13.378468,71.1914,7.9102,7.9102,0,0,13.509290,571795350
13.380534,71.1914,7.9102,7.9102,0,0,13.509290,571795350
13.382525,71.1914,7.9102,7.9102,0,0,13.509290,571795350
13.384506,71.1914,7.9102,7.9102,0,0,13.509290,571795350
13.386495,71.1914,7.9102,7.9102,0,0,13.509290,571795350
13.388477,71.1914,7.9102,7.9102,0,0,13.509290,571795350
13.390468,71.1914,7.9102,7.9102,0,0,13.509290,571795350
13.392534,71.1914,7.9102,7.9102,0,0,13.509290,571795350
13.394524,71.1914,7.9102,7.9102,0,0,13.509290,571795350
13.396506,71.1914,7.9102,7.9102,0,0,13.509290,571795350
13.398494,71.1914,7.9102,7.9102,0,0,13.509290,571795350
13.400477,71.1914,7.9102,7.9102,0,0,13.509290,571795350
13.402468,71.1914,7.9102,7.9102,0,0,13.509290,571795350
13.404534,71.1914,7.9102,7.9102,0,0,13.509290,571795350
13.406525,71.1914,7.9102,7.9102,0,0,13.509290,571795350
13.408506,71.1914,7.9102,7.9102,0,0,13.509290,571795350
13.410495,71.1914,7.9102,7.9102,0,0,13.509290,571795350
13.412491,71.1914,7.9102,7.9102,0,0,13.509290,571795350
13.414480,71.1914,7.9102,7.9102,0,0,13.509290,571795350
13.416460,71.1914,7.9102,7.9102,0,0,13.509290,571795350
13.418534,71.1914,7.9102,7.9102,0,0,13.509290,571795350
13.422025,71.1914,7.9102,7.9102,0,0,13.509290,571795350
13.422470,71.1914,7.9102,7.9102,0,0,13.509290,571795350
13.424470,71.1914,7.9102,7.9102,0,0,13.509290,571795350
13.426468,71.1914,7.9102,7.9102,0,0,13.509290,571795350
13.428484,71.1914,7.9102,7.9102,0,0,13.509290,571795350
13.430484,71.1914,7.9102,7.9102,0,0,13.509290,571795350
13.432483,71.1914,7.9102,7.9102,0,0,13.509290,571795350
13.434480,71.1914,7.9102,7.9102,0,0,13.509290,571795350
13.436479,71.1914,7.9102,7.9102,0,0,13.509290,571795350
13.438477,71.1914,7.9102,7.9102,0,0,13.509290,571795350
13.440477,71.1914,7.9102,7.9102,0,0,13.509290,571795350
13.442473,71.1914,7.9102,7.9102,0,0,13.509290,571795350
13.444468,71.1914,7.9102,7.9102,0,0,13.509290,571795350
13.446469,71.1914,7.9102,7.9102,0,0,13.509290,571795350
13.448469,71.1914,7.9102,7.9102,0,0,13.509290,571795350
13.450469,71.1914,7.9102,7.9102,0,0,13.509290,571795350
13.452469,71.1914,7.9102,7.9102,0,0,13.509290,571795350
13.454469,71.1914,7.9102,7.9102,0,0,13.509290,571795350
13.456469,71.1914,7.9102,7.9102,0,0,13.509290,571795350
13.458469,71.1914,7.9102,7.9102,0,0,13.509290,571795350
13.460469,71.1914,7.9102,7.9102,0,0,13.509290,571795350
13.462469,71.1914,7.9102,7.9102,0,0,13.509290,571795350
13.464469,71.1914,7.9102,7.9102,0,0,13.509290,571795350
13.466510,71.1914,7.9102,7.9102,0,0,13.509290,571795350
13.468507,71.1914,7.9102,7.9102,0,0,13.509290,571795350
13.470520,71.1914,7.9102,7.9102,0,0,13.509290,571795350
13.472518,71.1914,7.9102,7.9102,0,0,13.509290,571795350
13.474518,71.1914,7.9102,7.9102,0,0,13.509290,571795350
13.476515,71.1914,7.9102,7.9102,0,0,13.509290,571795350
13.478515,71.1914,7.9102,7.9102,0,0,13.509290,571795350
13.480510,71.1914,7.9102,7.9102,0,0,13.509290,571795350
13.482506,71.1914,7.9102,7.9102,0,0,13.509290,571795350
13.484505,71.1914,7.9102,7.9102,0,0,13.509290,571795350
13.486503,71.1914,7.9102,7.9102,0,0,13.509290,571795350
13.488500,71.1914,7.9102,7.9102,0,0,13.509290,571795350
13.490498,71.1914,7.9102,7.9102,0,0,13.509290,571795350
13.492495,71.1914,7.9102,7.9102,0,0,13.509290,571795350
13.494494,71.1914,7.9102,7.9102,0,0,13.509290,571795350
13.496494,71.1914,7.9102,7.9102,0,0,13.509290,571795350
13.498528,71.1914,7.9102,7.9102,0,0,13.509290,571795350
13.500539,71.1914,7.7344,7.7344,0,0,13.509290,571795350
13.502491,71.1914,7.7344,7.7344,0,0,13.509290,571795350
13.504506,71.1914,7.7344,7.7344,0,0,13.509290,571795350
13.506507,71.1914,7.7344,7.7344,0,0,13.509290,571795350
13.511263,71.1914,7.7344,7.7344,0,0,13.757031,572034093
13.511735,71.1914,7.7344,7.7344,0,0,13.757031,572034093
13.512466,71.1914,7.7344,7.7344,0,0,13.757031,572034093
13.514536,71.1914,7.7344,7.7344,0,0,13.757031,572034093
13.516525,71.1914,7.7344,7.7344,0,0,13.757031,572034093
13.518494,71.1914,7.7344,7.7344,0,0,13.757031,572034093
13.522681,71.1914,7.7344,7.7344,0,0,13.757031,572034093
13.522968,71.1914,7.7344,7.7344,0,0,13.757031,572034093
13.524520,71.1914,7.7344,7.7344,0,0,13.757031,572034093
13.526460,71.1914,7.7344,7.7344,0,0,13.757031,572034093
13.528458,71.1914,7.7344,7.7344,0,0,13.757031,572034093
13.530538,71.1914,7.7344,7.7344,0,0,13.757031,572034093
13.532467,71.1914,7.7344,7.7344,0,0,13.757031,572034093
13.534468,71.1914,7.7344,7.7344,0,0,13.757031,572034093
13.536534,71.1914,7.7344,7.7344,0,0,13.757031,572034093
13.538524,71.1914,7.7344,7.7344,0,0,13.757031,572034093
13.540506,71.1914,7.5586,7.5586,0,0,13.757031,572034093
13.542495,71.1914,7.5586,7.5586,0,0,13.757031,572034093
13.544477,71.1914,7.5586,7.5586,0,0,13.757031,572034093
13.546468,71.1914,7.5586,7.5586,0,0,13.757031,572034093
13.548534,71.1914,7.5586,7.5586,0,0,13.757031,572034093
13.550525,71.1914,7.5586,7.5586,0,0,13.757031,572034093
13.552506,71.1914,7.5586,7.5586,0,0,13.757031,572034093
13.554495,71.1914,7.5586,7.5586,0,0,13.757031,572034093
13.556477,71.1914,7.5586,7.5586,0,0,13.757031,572034093
13.558468,71.1914,7.5586,7.5586,0,0,13.757031,572034093
13.560534,71.1914,7.5586,7.5586,0,0,13.757031,572034093
13.562524,71.1914,7.5586,7.5586,0,0,13.757031,572034093
13.564506,71.1914,7.5586,7.5586,0,0,13.757031,572034093
13.566494,71.1914,7.5586,7.5586,0,0,13.757031,572034093
13.568529,71.1914,7.3828,7.3828,0,0,13.757031,572034093
13.570518,71.1914,7.3828,7.3828,0,0,13.757031,572034093
13.572499,71.1914,7.3828,7.3828,0,0,13.757031,572034093
13.574497,71.1914,7.3828,7.3828,0,0,13.757031,572034093
13.576470,71.1914,7.3828,7.3828,0,0,13.757031,572034093
13.578460,71.1914,7.3828,7.3828,0,0,13.757031,572034093
13.580530,71.1914,7.3828,7.3828,0,0,13.757031,572034093
13.582518,71.1914,7.3828,7.3828,0,0,13.757031,572034093
13.584499,71.1914,7.3828,7.3828,0,0,13.757031,572034093
13.586491,71.1914,7.3828,7.3828,0,0,13.757031,572034093
13.588472,71.1914,7.3828,7.3828,0,0,13.757031,572034093
13.590460,71.1914,7.3828,7.3828,0,0,13.757031,572034093
13.592530,71.1914,7.3828,7.3828,0,0,13.757031,572034093
13.594518,71.1914,7.3828,7.3828,0,0,13.757031,572034093
13.596499,71.1914,7.3828,7.3828,0,0,13.757031,572034093
13.598491,71.1914,7.3828,7.3828,0,0,13.757031,572034093
13.600472,71.1914,7.3828,7.3828,0,0,13.757031,572034093
13.602460,71.1914,7.3828,7.3828,0,0,13.757031,572034093
13.604530,71.1914,7.3828,7.3828,0,0,13.757031,572034093
13.606518,71.1914,7.3828,7.3828,0,0,13.757031,572034093
13.608499,71.1914,7.3828,7.3828,0,0,13.757031,572034093
13.610491,71.1914,7.2070,7.2070,0,0,13.757031,572034093
13.612484,71.1914,7.2070,7.2070,0,0,13.757031,572034093
13.614472,71.1914,7.2070,7.2070,0,0,13.757031,572034093
13.616456,71.1914,7.2070,7.2070,0,0,13.757031,572034093
13.618530,71.1914,7.2070,7.2070,0,0,13.757031,572034093
13.622115,71.1914,7.2070,7.2070,0,0,13.757031,572034093
13.622484,71.1914,7.2070,7.2070,0,0,13.757031,572034093
13.624486,71.1914,7.2070,7.2070,0,0,13.757031,572034093
13.626483,71.1914,7.2070,7.2070,0,0,13.757031,572034093
13.628480,71.1914,7.2070,7.2070,0,0,13.757031,572034093
13.630479,71.1914,7.2070,7.2070,0,0,13.757031,572034093
13.632477,71.1914,7.2070,7.2070,0,0,13.757031,572034093
13.634477,71.1914,7.2070,7.2070,0,0,13.757031,572034093
13.636476,71.1914,7.2070,7.2070,0,0,13.757031,572034093
13.638473,71.1914,7.2070,7.2070,0,0,13.757031,572034093
13.640469,71.1914,7.2070,7.2070,0,0,13.757031,572034093
13.642468,71.1914,7.2070,7.2070,0,0,13.757031,572034093
13.644469,71.1914,7.2070,7.2070,0,0,13.757031,572034093
13.646469,71.1914,7.2070,7.2070,0,0,13.757031,572034093
13.648469,71.1914,7.2070,7.2070,0,0,13.757031,572034093
13.650469,71.1914,7.2070,7.2070,0,0,13.757031,572034093
13.652469,71.1914,7.2070,7.2070,0,0,13.757031,572034093
13.654469,71.1914,7.2070,7.2070,0,0,13.757031,572034093
13.656469,71.1914,7.2070,7.2070,0,0,13.757031,572034093
13.658469,71.1914,7.2070,7.2070,0,0,13.757031,572034093
13.660469,71.1914,7.2070,7.2070,0,0,13.757031,572034093
13.662469,71.1914,7.2070,7.2070,0,0,13.757031,572034093
13.664469,71.1914,7.2070,7.2070,0,0,13.757031,572034093
13.666469,71.1914,7.2070,7.2070,0,0,13.757031,572034093
13.668469,71.1914,7.2070,7.2070,0,0,13.757031,572034093
13.670499,71.1914,7.2070,7.2070,0,0,13.757031,572034093
13.672498,71.1914,7.2070,7.2070,0,0,13.757031,572034093
13.674498,71.1914,7.2070,7.2070,0,0,13.757031,572034093
13.676515,71.1914,7.2070,7.2070,0,0,13.757031,572034093
13.678515,71.1914,7.2070,7.2070,0,0,13.757031,572034093
13.680510,71.1914,7.2070,7.2070,0,0,13.757031,572034093
13.682506,71.1914,7.2070,7.2070,0,0,13.757031,572034093
13.684505,71.1914,7.2070,7.2070,0,0,13.757031,572034093
13.686503,71.1914,7.2070,7.2070,0,0,13.757031,572034093
13.688500,71.1914,7.2070,7.2070,0,0,13.757031,572034093
13.690498,71.1914,7.2070,7.2070,0,0,13.757031,572034093
13.692495,71.1914,7.2070,7.2070,0,0,13.757031,572034093
13.694494,71.1914,7.2070,7.2070,0,0,13.757031,572034093
13.696494,71.1914,7.2070,7.2070,0,0,13.757031,572034093
13.698494,71.1914,7.2070,7.2070,0,0,13.757031,572034093
13.700494,71.1914,7.2070,7.2070,0,0,13.757031,572034093
13.702494,71.1914,7.2070,7.2070,0,0,13.757031,572034093
13.704494,71.1914,7.2070,7.2070,0,0,13.757031,572034093
13.706494,71.1914,7.2070,7.2070,0,0,13.757031,572034093
13.708494,71.1914,7.2070,7.2070,0,0,13.757031,572034093
13.710494,71.1914,7.2070,7.2070,0,0,13.757031,572034093
13.712505,71.1914,7.2070,7.2070,0,0,13.757031,572034093
13.714502,71.1914,7.2070,7.2070,0,0,13.757031,572034093
13.716499,71.1914,7.2070,7.2070,0,0,13.757031,572034093
13.718498,71.1914,7.2070,7.2070,0,0,13.757031,572034093
13.722018,71.1914,7.2070,7.2070,0,0,13.757031,572034093
13.722535,71.1914,7.2070,7.2070,0,0,13.757031,572034093
13.724525,71.1914,7.2070,7.2070,0,0,13.757031,572034093
13.726516,71.1914,7.2070,7.2070,0,0,13.757031,572034093
13.728497,71.1914,7.2070,7.2070,0,0,13.757031,572034093
13.730529,71.1914,7.2070,7.2070,0,0,13.757031,572034093
13.732464,71.1914,7.2070,7.2070,0,0,13.757031,572034093
13.734487,71.1914,7.2070,7.2070,0,0,13.757031,572034093
13.736496,71.1914,7.2070,7.2070,0,0,13.757031,572034093
13.738486,71.1914,7.2070,7.2070,0,0,13.757031,572034093
13.740468,71.1914,7.2070,7.2070,0,0,13.757031,572034093
13.742460,71.1914,7.2070,7.2070,0,0,13.757031,572034093
13.744474,71.1914,7.2070,7.2070,0,0,13.757031,572034093
13.746486,71.1914,7.2070,7.2070,0,0,13.757031,572034093
13.749870,71.1914,7.2070,7.2070,0,0,13.994948,572279573
13.750513,71.1914,7.2070,7.2070,0,0,13.994948,572279573
13.752502,71.1914,7.2070,7.2070,0,0,13.994948,572279573
13.754538,71.1914,7.2070,7.2070,0,0,13.994948,572279573
13.756534,71.1914,7.2070,7.2070,0,0,13.994948,572279573
13.758513,71.1914,7.2070,7.2070,0,0,13.994948,572279573
13.760494,71.1914,7.2070,7.2070,0,0,13.994948,572279573
13.762517,71.1914,7.2070,7.2070,0,0,13.994948,572279573
13.764537,71.1914,7.2070,7.2070,0,0,13.994948,572279573
13.766484,71.1914,7.2070,7.2070,0,0,13.994948,572279573
13.768500,71.1914,7.2070,7.2070,0,0,13.994948,572279573
13.770519,71.1914,7.2070,7.2070,0,0,13.994948,572279573
13.772459,71.1914,7.2070,7.2070,0,0,13.994948,572279573
13.774507,71.1914,7.2070,7.2070,0,0,13.994948,572279573
13.776506,71.1914,7.2070,7.2070,0,0,13.994948,572279573
13.778472,71.1914,7.2070,7.2070,0,0,13.994948,572279573
13.780486,71.1914,7.2070,7.2070,0,0,13.994948,572279573
13.782456,71.1914,7.2070,7.2070,0,0,13.994948,572279573
13.784538,71.1914,7.2070,7.2070,0,0,13.994948,572279573
13.786534,71.1914,7.2070,7.2070,0,0,13.994948,572279573
13.788533,71.1914,7.2070,7.2070,0,0,13.994948,572279573
13.790530,71.1914,7.2070,7.2070,0,0,13.994948,572279573
13.792525,71.1914,7.3828,7.3828,0,0,13.994948,572279573
13.794524,71.1914,7.3828,7.3828,0,0,13.994948,572279573
13.796522,71.1914,7.3828,7.3828,0,0,13.994948,572279573
13.798518,71.1914,7.3828,7.3828,0,0,13.994948,572279573
13.800518,71.1914,7.3828,7.3828,0,0,13.994948,572279573
13.802515,71.1914,7.3828,7.3828,0,0,13.994948,572279573
13.804515,71.1914,7.3828,7.3828,0,0,13.994948,572279573
13.806510,71.1914,7.3828,7.3828,0,0,13.994948,572279573
13.808506,71.1914,7.3828,7.3828,0,0,13.994948,572279573
13.810505,71.1914,7.3828,7.3828,0,0,13.994948,572279573
13.812518,71.1914,7.3828,7.3828,0,0,13.994948,572279573
13.814518,71.1914,7.3828,7.3828,0,0,13.994948,572279573
13.816515,71.1914,7.3828,7.3828,0,0,13.994948,572279573
13.818515,71.1914,7.3828,7.3828,0,0,13.994948,572279573
13.822528,71.1914,7.3828,7.3828,0,0,13.994948,572279573
13.822851,71.1914,7.3828,7.3828,0,0,13.994948,572279573
13.824487,71.1914,7.3828,7.3828,0,0,13.994948,572279573
13.826477,71.1914,7.3828,7.3828,0,0,13.994948,572279573
13.828460,71.1914,7.3828,7.3828,0,0,13.994948,572279573
13.830534,71.1914,7.3828,7.3828,0,0,13.994948,572279573
13.832515,71.1914,7.3828,7.3828,0,0,13.994948,572279573
13.834506,71.1914,7.3828,7.3828,0,0,13.994948,572279573
13.836487,71.1914,7.3828,7.3828,0,0,13.994948,572279573
13.838477,71.1914,7.5586,7.5586,0,0,13.994948,572279573
13.840460,71.1914,7.5586,7.5586,0,0,13.994948,572279573
13.842534,71.1914,7.5586,7.5586,0,0,13.994948,572279573
13.844515,71.1914,7.5586,7.5586,0,0,13.994948,572279573
13.846506,71.1914,7.5586,7.5586,0,0,13.994948,572279573
13.848487,71.1914,7.5586,7.5586,0,0,13.994948,572279573
13.850477,71.1914,7.5586,7.5586,0,0,13.994948,572279573
13.852460,71.1914,7.5586,7.5586,0,0,13.994948,572279573
13.854534,71.1914,7.5586,7.5586,0,0,13.994948,572279573
13.856515,71.1914,7.5586,7.5586,0,0,13.994948,572279573
13.858506,71.1914,7.5586,7.5586,0,0,13.994948,572279573
13.860487,71.1914,7.5586,7.5586,0,0,13.994948,572279573
13.862477,71.1914,7.5586,7.5586,0,0,13.994948,572279573
13.864460,71.1914,7.5586,7.5586,0,0,13.994948,572279573
13.866534,71.1914,7.7344,7.7344,0,0,13.994948,572279573
13.868515,71.1914,7.7344,7.7344,0,0,13.994948,572279573
13.870506,71.1914,7.7344,7.7344,0,0,13.994948,572279573
13.872487,71.1914,7.7344,7.7344,0,0,13.994948,572279573
13.874477,71.1914,7.7344,7.7344,0,0,13.994948,572279573
13.876530,71.1914,7.7344,7.7344,0,0,13.994948,572279573
13.878519,71.1914,7.7344,7.7344,0,0,13.994948,572279573
13.880521,71.1914,7.7344,7.7344,0,0,13.994948,572279573
13.882508,71.1914,7.7344,7.7344,0,0,13.994948,572279573
13.884491,71.1914,7.7344,7.7344,0,0,13.994948,572279573
13.886480,71.1914,7.7344,7.7344,0,0,13.994948,572279573
13.888460,71.1914,7.7344,7.7344,0,0,13.994948,572279573
13.890534,71.1914,7.7344,7.7344,0,0,13.994948,572279573
13.892518,71.1914,7.7344,7.7344,0,0,13.994948,572279573
13.894506,71.1914,7.7344,7.7344,0,0,13.994948,572279573
13.896487,71.1914,7.7344,7.7344,0,0,13.994948,572279573
13.898477,71.1914,7.7344,7.7344,0,0,13.994948,572279573
13.900460,71.1914,7.7344,7.7344,0,0,13.994948,572279573
13.902534,71.1914,7.7344,7.7344,0,0,13.994948,572279573
13.904515,71.1914,7.7344,7.7344,0,0,13.994948,572279573
13.906506,71.1914,7.7344,7.7344,0,0,13.994948,572279573
13.908487,71.1914,7.7344,7.7344,0,0,13.994948,572279573
13.910477,71.1914,7.7344,7.7344,0,0,13.994948,572279573
13.912480,71.1914,7.7344,7.7344,0,0,13.994948,572279573
13.914468,71.1914,7.7344,7.7344,0,0,13.994948,572279573
13.916534,71.1914,7.7344,7.7344,0,0,13.994948,572279573
13.918525,71.1914,7.9102,7.9102,0,0,13.994948,572279573
13.922022,71.1914,7.9102,7.9102,0,0,13.994948,572279573
13.922467,71.1914,7.9102,7.9102,0,0,13.994948,572279573
13.924468,71.1914,7.9102,7.9102,0,0,13.994948,572279573
13.926466,71.1914,7.9102,7.9102,0,0,13.994948,572279573
13.928500,71.1914,7.9102,7.9102,0,0,13.994948,572279573
13.930460,71.1914,7.9102,7.9102,0,0,13.994948,572279573
13.932460,71.1914,7.9102,7.9102,0,0,13.994948,572279573
13.934457,71.1914,7.9102,7.9102,0,0,13.994948,572279573
13.936455,71.1914,7.9102,7.9102,0,0,13.994948,572279573
13.938538,71.1914,7.9102,7.9102,0,0,13.994948,572279573
13.940534,71.1914,7.9102,7.9102,0,0,13.994948,572279573
13.942533,71.1914,7.9102,7.9102,0,0,13.994948,572279573
13.944530,71.1914,7.9102,7.9102,0,0,13.994948,572279573
13.946526,71.1914,7.9102,7.9102,0,0,13.994948,572279573
13.948524,71.1914,7.9102,7.9102,0,0,13.994948,572279573
13.950522,71.1914,7.9102,7.9102,0,0,13.994948,572279573
13.952518,71.1914,7.9102,7.9102,0,0,13.994948,572279573
13.954518,71.1914,7.9102,7.9102,0,0,13.994948,572279573
13.956515,71.1914,7.9102,7.9102,0,0,13.994948,572279573
13.958515,71.1914,7.9102,7.9102,0,0,13.994948,572279573
13.960510,71.1914,7.9102,7.9102,0,0,13.994948,572279573
13.962506,71.1914,7.9102,7.9102,0,0,13.994948,572279573
13.964505,71.1914,7.9102,7.9102,0,0,13.994948,572279573
13.966503,71.1914,7.9102,7.9102,0,0,13.994948,572279573
13.968500,71.1914,7.9102,7.9102,0,0,13.994948,572279573
13.970498,71.1914,7.9102,7.9102,0,0,13.994948,572279573
13.972495,71.1914,7.9102,7.9102,0,0,13.994948,572279573
13.974516,71.1914,7.9102,7.9102,0,0,13.994948,572279573
13.976500,71.1914,7.9102,7.9102,0,0,13.994948,572279573
13.978462,71.1914,7.9102,7.9102,0,0,13.994948,572279573
13.980460,71.1914,7.9102,7.9102,0,0,13.994948,572279573
13.982460,71.1914,7.9102,7.9102,0,0,13.994948,572279573
13.984460,71.1914,7.9102,7.9102,0,0,13.994948,572279573
13.986477,71.1914,7.9102,7.9102,0,0,13.994948,572279573
13.988476,71.1914,7.9102,7.9102,0,0,13.994948,572279573
13.990515,71.1914,7.9102,7.9102,0,0,13.994948,572279573
13.995573,71.1914,7.9102,7.9102,0,0,14.248077,572527788
13.996030,71.1914,7.9102,7.9102,0,0,14.248077,572527788
13.996471,71.1914,7.9102,7.9102,0,0,14.248077,572527788
13.998520,71.1914,7.9102,7.9102,0,0,14.248077,572527788
14.000537,71.1914,7.9102,7.9102,0,0,14.248077,572527788
14.002495,71.1914,7.9102,7.9102,0,0,14.248077,572527788
14.004528,71.1914,7.9102,7.9102,0,0,14.248077,572527788
14.006457,71.1914,7.9102,7.9102,0,0,14.248077,572527788
14.008456,71.1914,7.9102,7.9102,0,0,14.248077,572527788
14.010538,71.1914,7.9102,7.9102,0,0,14.248077,572527788
14.012468,71.1914,7.9102,7.9102,0,0,14.248077,572527788
14.014524,71.1914,7.9102,7.9102,0,0,14.248077,572527788
14.016518,71.1914,7.9102,7.9102,0,0,14.248077,572527788
14.018518,71.1914,7.9102,7.9102,0,0,14.248077,572527788
14.022535,71.1914,7.9102,7.9102,0,0,14.248077,572527788
14.022838,71.1914,7.9102,7.9102,0,0,14.248077,572527788
14.024486,71.1914,7.9102,7.9102,0,0,14.248077,572527788
14.026477,71.1914,7.9102,7.9102,0,0,14.248077,572527788
14.028460,71.1914,7.9102,7.9102,0,0,14.248077,572527788
14.030537,71.1914,7.9102,7.9102,0,0,14.248077,572527788
14.032518,71.1914,7.9102,7.9102,0,0,14.248077,572527788
14.034506,71.1914,7.9102,7.9102,0,0,14.248077,572527788
14.036487,71.1914,7.9102,7.9102,0,0,14.248077,572527788
14.038477,71.1914,7.9102,7.9102,0,0,14.248077,572527788
14.040460,71.1914,7.9102,7.9102,0,0,14.248077,572527788
14.042534,71.1914,7.9102,7.9102,0,0,14.248077,572527788
14.044515,71.1914,7.9102,7.9102,0,0,14.248077,572527788
14.046506,71.1914,7.9102,7.9102,0,0,14.248077,572527788
14.048487,71.1914,7.9102,7.9102,0,0,14.248077,572527788
14.050477,71.1914,7.9102,7.9102,0,0,14.248077,572527788
14.052460,71.1914,7.9102,7.9102,0,0,14.248077,572527788
14.054534,71.1914,7.9102,7.9102,0,0,14.248077,572527788
14.056515,71.1914,7.9102,7.9102,0,0,14.248077,572527788
14.058506,71.1914,7.9102,7.9102,0,0,14.248077,572527788
14.060487,71.1914,7.9102,7.9102,0,0,14.248077,572527788
14.062477,71.1914,7.7344,7.7344,0,0,14.248077,572527788
14.064460,71.1914,7.7344,7.7344,0,0,14.248077,572527788
14.066534,71.1914,7.7344,7.7344,0,0,14.248077,572527788
14.068515,71.1914,7.7344,7.7344,0,0,14.248077,572527788
14.070506,71.1914,7.7344,7.7344,0,0,14.248077,572527788
14.072487,71.1914,7.7344,7.7344,0,0,14.248077,572527788
14.074477,71.1914,7.7344,7.7344,0,0,14.248077,572527788
14.076460,71.1914,7.7344,7.7344,0,0,14.248077,572527788
14.078534,71.1914,7.7344,7.7344,0,0,14.248077,572527788
14.080491,71.1914,7.7344,7.7344,0,0,14.248077,572527788
14.082480,71.1914,7.7344,7.7344,0,0,14.248077,572527788
14.084460,71.1914,7.7344,7.7344,0,0,14.248077,572527788
14.086534,71.1914,7.7344,7.7344,0,0,14.248077,572527788
14.088515,71.1914,7.7344,7.7344,0,0,14.248077,572527788
14.090506,71.1914,7.7344,7.7344,0,0,14.248077,572527788
14.092508,71.1914,7.7344,7.7344,0,0,14.248077,572527788
14.094497,71.1914,7.7344,7.7344,0,0,14.248077,572527788
14.096479,71.1914,7.7344,7.7344,0,0,14.248077,572527788
14.098468,71.1914,7.7344,7.7344,0,0,14.248077,572527788
14.100534,71.1914,7.7344,7.7344,0,0,14.248077,572527788
14.102524,71.1914,7.7344,7.7344,0,0,14.248077,572527788
14.104506,71.1914,7.7344,7.7344,0,0,14.248077,572527788
14.106494,71.1914,7.7344,7.7344,0,0,14.248077,572527788
14.108477,71.1914,7.7344,7.7344,0,0,14.248077,572527788
14.110468,71.1914,7.7344,7.7344,0,0,14.248077,572527788
14.112463,71.1914,7.5586,7.5586,0,0,14.248077,572527788
14.114538,71.1914,7.5586,7.5586,0,0,14.248077,572527788
14.116522,71.1914,7.5586,7.5586,0,0,14.248077,572527788
14.118509,71.1914,7.5586,7.5586,0,0,14.248077,572527788
14.122003,71.1914,7.5586,7.5586,0,0,14.248077,572527788
14.122528,71.1914,7.5586,7.5586,0,0,14.248077,572527788
14.124533,71.1914,7.5586,7.5586,0,0,14.248077,572527788
14.126530,71.1914,7.5586,7.5586,0,0,14.248077,572527788
14.128526,71.1914,7.5586,7.5586,0,0,14.248077,572527788
14.130524,71.1914,7.5586,7.5586,0,0,14.248077,572527788
14.132522,71.1914,7.5586,7.5586,0,0,14.248077,572527788
14.134518,71.1914,7.5586,7.5586,0,0,14.248077,572527788
14.136518,71.1914,7.5586,7.5586,0,0,14.248077,572527788
14.138515,71.1914,7.5586,7.5586,0,0,14.248077,572527788
14.140515,71.1914,7.5586,7.5586,0,0,14.248077,572527788
14.142510,71.1914,7.3828,7.3828,0,0,14.248077,572527788
14.144506,71.1914,7.3828,7.3828,0,0,14.248077,572527788
14.146505,71.1914,7.3828,7.3828,0,0,14.248077,572527788
14.148503,71.1914,7.3828,7.3828,0,0,14.248077,572527788
14.150500,71.1914,7.3828,7.3828,0,0,14.248077,572527788
14.152498,71.1914,7.3828,7.3828,0,0,14.248077,572527788
14.154495,71.1914,7.3828,7.3828,0,0,14.248077,572527788
14.156494,71.1914,7.3828,7.3828,0,0,14.248077,572527788
14.158491,71.1914,7.3828,7.3828,0,0,14.248077,572527788
14.160491,71.1914,7.3828,7.3828,0,0,14.248077,572527788
14.162492,71.1914,7.3828,7.3828,0,0,14.248077,572527788
14.164491,71.1914,7.3828,7.3828,0,0,14.248077,572527788
14.166491,71.1914,7.3828,7.3828,0,0,14.248077,572527788
14.168491,71.1914,7.3828,7.3828,0,0,14.248077,572527788
14.170491,71.1914,7.3828,7.3828,0,0,14.248077,572527788
14.172491,71.1914,7.3828,7.3828,0,0,14.248077,572527788
14.174491,71.1914,7.3828,7.3828,0,0,14.248077,572527788
14.176491,71.1914,7.3828,7.3828,0,0,14.248077,572527788
14.178491,71.1914,7.3828,7.3828,0,0,14.248077,572527788
14.180491,71.1914,7.3828,7.3828,0,0,14.248077,572527788
14.182536,71.1914,7.3828,7.3828,0,0,14.248077,572527788
14.184533,71.1914,7.3828,7.3828,0,0,14.248077,572527788
14.186530,71.1914,7.3828,7.3828,0,0,14.248077,572527788
14.188527,71.1914,7.3828,7.3828,0,0,14.248077,572527788
14.190455,71.1914,7.3828,7.3828,0,0,14.248077,572527788
14.192538,71.1914,7.2070,7.2070,0,0,14.248077,572527788
14.194534,71.1914,7.2070,7.2070,0,0,14.248077,572527788
14.196530,71.1914,7.2070,7.2070,0,0,14.248077,572527788
14.198525,71.1914,7.2070,7.2070,0,0,14.248077,572527788
14.200524,71.1914,7.2070,7.2070,0,0,14.248077,572527788
14.202522,71.1914,7.2070,7.2070,0,0,14.248077,572527788
14.204518,71.1914,7.2070,7.2070,0,0,14.248077,572527788
14.206518,71.1914,7.2070,7.2070,0,0,14.248077,572527788
14.208524,71.1914,7.2070,7.2070,0,0,14.248077,572527788
14.210485,71.1914,7.2070,7.2070,0,0,14.248077,572527788
14.212491,71.1914,7.2070,7.2070,0,0,14.248077,572527788
14.214491,71.1914,7.2070,7.2070,0,0,14.248077,572527788
14.216491,71.1914,7.2070,7.2070,0,0,14.248077,572527788
14.218471,71.1914,7.2070,7.2070,0,0,14.248077,572527788
14.222782,71.1914,7.2070,7.2070,0,0,14.248077,572527788
14.223074,71.1914,7.2070,7.2070,0,0,14.248077,572527788
14.224481,71.1914,7.2070,7.2070,0,0,14.248077,572527788
14.226468,71.1914,7.2070,7.2070,0,0,14.248077,572527788
14.228537,71.1914,7.2070,7.2070,0,0,14.248077,572527788
14.230525,71.1914,7.2070,7.2070,0,0,14.248077,572527788
14.232506,71.1914,7.2070,7.2070,0,0,14.248077,572527788
14.234498,71.1914,7.2070,7.2070,0,0,14.248077,572527788
14.236479,71.1914,7.2070,7.2070,0,0,14.248077,572527788
14.238468,71.1914,7.2070,7.2070,0,0,14.248077,572527788
14.243621,71.1914,7.2070,7.2070,0,0,14.488561,572767766
14.244126,71.1914,7.2070,7.2070,0,0,14.488561,572767766
14.244473,71.1914,7.2070,7.2070,0,0,14.488561,572767766
14.246482,71.1914,7.2070,7.2070,0,0,14.488561,572767766
14.248487,71.1914,7.2070,7.2070,0,0,14.488561,572767766
14.250499,71.1914,7.2070,7.2070,0,0,14.488561,572767766
14.252531,71.1914,7.2070,7.2070,0,0,14.488561,572767766
14.254529,71.1914,7.2070,7.2070,0,0,14.488561,572767766
14.256525,71.1914,7.2070,7.2070,0,0,14.488561,572767766
14.258489,71.1914,7.2070,7.2070,0,0,14.488561,572767766
14.260496,71.1914,7.2070,7.2070,0,0,14.488561,572767766
14.262477,71.1914,7.2070,7.2070,0,0,14.488561,572767766
14.264518,71.1914,7.2070,7.2070,0,0,14.488561,572767766
14.266515,71.1914,7.2070,7.2070,0,0,14.488561,572767766
14.268515,71.1914,7.2070,7.2070,0,0,14.488561,572767766
14.270532,71.1914,7.2070,7.2070,0,0,14.488561,572767766
14.272476,71.1914,7.2070,7.2070,0,0,14.488561,572767766
14.274487,71.1914,7.2070,7.2070,0,0,14.488561,572767766
14.276486,71.1914,7.2070,7.2070,0,0,14.488561,572767766
14.278483,71.1914,7.2070,7.2070,0,0,14.488561,572767766
14.280480,71.1914,7.2070,7.2070,0,0,14.488561,572767766
14.282479,71.1914,7.2070,7.2070,0,0,14.488561,572767766
14.284500,71.1914,7.2070,7.2070,0,0,14.488561,572767766
14.286515,71.1914,7.2070,7.2070,0,0,14.488561,572767766
14.288515,71.1914,7.2070,7.2070,0,0,14.488561,572767766
14.290516,71.1914,7.2070,7.2070,0,0,14.488561,572767766
14.292534,71.1914,7.2070,7.2070,0,0,14.488561,572767766
14.294533,71.1914,7.2070,7.2070,0,0,14.488561,572767766
14.296530,71.1914,7.2070,7.2070,0,0,14.488561,572767766
14.298525,71.1914,7.2070,7.2070,0,0,14.488561,572767766
14.300524,71.1914,7.2070,7.2070,0,0,14.488561,572767766
14.302522,71.1914,7.2070,7.2070,0,0,14.488561,572767766
14.304518,71.1914,7.2070,7.2070,0,0,14.488561,572767766
14.306518,71.1914,7.2070,7.2070,0,0,14.488561,572767766
14.308515,71.1914,7.2070,7.2070,0,0,14.488561,572767766
14.310515,71.1914,7.2070,7.2070,0,0,14.488561,572767766
14.312533,71.1914,7.2070,7.2070,0,0,14.488561,572767766
14.314530,71.1914,7.2070,7.2070,0,0,14.488561,572767766
14.316525,71.1914,7.2070,7.2070,0,0,14.488561,572767766
14.318524,71.1914,7.2070,7.2070,0,0,14.488561,572767766
14.322506,71.1914,7.2070,7.2070,0,0,14.488561,572767766
14.322813,71.1914,7.2070,7.2070,0,0,14.488561,572767766
14.324462,71.1914,7.2070,7.2070,0,0,14.488561,572767766
14.326537,71.1914,7.2070,7.2070,0,0,14.488561,572767766
14.328518,71.1914,7.2070,7.2070,0,0,14.488561,572767766
14.330506,71.1914,7.2070,7.2070,0,0,14.488561,572767766
14.332487,71.1914,7.2070,7.2070,0,0,14.488561,572767766
14.334477,71.1914,7.2070,7.2070,0,0,14.488561,572767766
14.336460,71.1914,7.2070,7.2070,0,0,14.488561,572767766
14.338534,71.1914,7.2070,7.2070,0,0,14.488561,572767766
14.340515,71.1914,7.2070,7.2070,0,0,14.488561,572767766
14.342506,71.1914,7.2070,7.2070,0,0,14.488561,572767766
14.344487,71.1914,7.2070,7.2070,0,0,14.488561,572767766
14.346477,71.1914,7.2070,7.2070,0,0,14.488561,572767766
14.348460,71.1914,7.2070,7.2070,0,0,14.488561,572767766
14.350534,71.1914,7.2070,7.2070,0,0,14.488561,572767766
14.352515,71.1914,7.2070,7.2070,0,0,14.488561,572767766
14.354506,71.1914,7.2070,7.2070,0,0,14.488561,572767766
14.356487,71.1914,7.2070,7.2070,0,0,14.488561,572767766
14.358477,71.1914,7.2070,7.2070,0,0,14.488561,572767766
14.360460,71.1914,7.2070,7.2070,0,0,14.488561,572767766
14.362534,71.1914,7.2070,7.2070,0,0,14.488561,572767766
14.364515,71.1914,7.3828,7.3828,0,0,14.488561,572767766
14.366506,71.1914,7.3828,7.3828,0,0,14.488561,572767766
14.368487,71.1914,7.3828,7.3828,0,0,14.488561,572767766
14.370477,71.1914,7.3828,7.3828,0,0,14.488561,572767766
14.372460,71.1914,7.3828,7.3828,0,0,14.488561,572767766
14.374534,71.1914,7.3828,7.3828,0,0,14.488561,572767766
14.376515,71.1914,7.3828,7.3828,0,0,14.488561,572767766
14.378506,71.1914,7.3828,7.3828,0,0,14.488561,572767766
14.380487,71.1914,7.3828,7.3828,0,0,14.488561,572767766
14.382477,71.1914,7.3828,7.3828,0,0,14.488561,572767766
14.384460,71.1914,7.3828,7.3828,0,0,14.488561,572767766
14.386549,71.1914,7.3828,7.3828,0,0,14.488561,572767766
14.388524,71.1914,7.3828,7.3828,0,0,14.488561,572767766
14.390516,71.1914,7.3828,7.3828,0,0,14.488561,572767766
14.392516,71.1914,7.3828,7.3828,0,0,14.488561,572767766
14.394506,71.1914,7.3828,7.3828,0,0,14.488561,572767766
14.396487,71.1914,7.3828,7.3828,0,0,14.488561,572767766
14.398477,71.1914,7.3828,7.3828,0,0,14.488561,572767766
14.400460,71.1914,7.3828,7.3828,0,0,14.488561,572767766
14.402534,71.1914,7.3828,7.3828,0,0,14.488561,572767766
14.404515,71.1914,7.3828,7.3828,0,0,14.488561,572767766
14.406506,71.1914,7.3828,7.3828,0,0,14.488561,572767766
14.408487,71.1914,7.3828,7.3828,0,0,14.488561,572767766
14.410477,71.1914,7.3828,7.3828,0,0,14.488561,572767766
14.412480,71.1914,7.3828,7.3828,0,0,14.488561,572767766
14.414468,71.1914,7.3828,7.3828,0,0,14.488561,572767766
14.416534,71.1914,7.3828,7.3828,0,0,14.488561,572767766
14.418525,71.1914,7.3828,7.3828,0,0,14.488561,572767766
14.422017,71.1914,7.3828,7.3828,0,0,14.488561,572767766
14.422465,71.1914,7.3828,7.3828,0,0,14.488561,572767766
14.424461,71.1914,7.3828,7.3828,0,0,14.488561,572767766
14.426460,71.1914,7.5586,7.5586,0,0,14.488561,572767766
14.428471,71.1914,7.5586,7.5586,0,0,14.488561,572767766
14.430468,71.1914,7.5586,7.5586,0,0,14.488561,572767766
14.432467,71.1914,7.5586,7.5586,0,0,14.488561,572767766
14.434464,71.1914,7.5586,7.5586,0,0,14.488561,572767766
14.436460,71.1914,7.5586,7.5586,0,0,14.488561,572767766
14.438457,71.1914,7.5586,7.5586,0,0,14.488561,572767766
14.440456,71.1914,7.5586,7.5586,0,0,14.488561,572767766
14.442538,71.1914,7.5586,7.5586,0,0,14.488561,572767766
14.444534,71.1914,7.5586,7.5586,0,0,14.488561,572767766
14.446533,71.1914,7.5586,7.5586,0,0,14.488561,572767766
14.448530,71.1914,7.5586,7.5586,0,0,14.488561,572767766
14.450526,71.1914,7.5586,7.5586,0,0,14.488561,572767766
14.452524,71.1914,7.5586,7.5586,0,0,14.488561,572767766
14.454522,71.1914,7.5586,7.5586,0,0,14.488561,572767766
14.456518,71.1914,7.5586,7.5586,0,0,14.488561,572767766
14.458518,71.1914,7.5586,7.5586,0,0,14.488561,572767766
14.460515,71.1914,7.5586,7.5586,0,0,14.488561,572767766
14.462515,71.1914,7.5586,7.5586,0,0,14.488561,572767766
14.464510,71.1914,7.7344,7.7344,0,0,14.488561,572767766
14.466506,71.1914,7.7344,7.7344,0,0,14.488561,572767766
14.468505,71.1914,7.7344,7.7344,0,0,14.488561,572767766
14.470503,71.1914,7.7344,7.7344,0,0,14.488561,572767766
14.472541,71.1914,7.7344,7.7344,0,0,14.488561,572767766
14.474490,71.1914,7.7344,7.7344,0,0,14.488561,572767766
14.476456,71.1914,7.7344,7.7344,0,0,14.488561,572767766
14.478526,71.1914,7.7344,7.7344,0,0,14.488561,572767766
14.483683,71.1914,7.7344,7.7344,0,0,14.717752,573004936
14.484169,71.1914,7.7344,7.7344,0,0,14.717752,573004936
14.484535,71.1914,7.7344,7.7344,0,0,14.717752,573004936
14.486493,71.1914,7.7344,7.7344,0,0,14.717752,573004936
14.488468,71.1914,7.7344,7.7344,0,0,14.717752,573004936
14.490461,71.1914,7.7344,7.7344,0,0,14.717752,573004936
14.492460,71.1914,7.7344,7.7344,0,0,14.717752,573004936
14.494457,71.1914,7.7344,7.7344,0,0,14.717752,573004936
14.496456,71.1914,7.7344,7.7344,0,0,14.717752,573004936
14.498487,71.1914,7.7344,7.7344,0,0,14.717752,573004936
14.500510,71.1914,7.7344,7.7344,0,0,14.717752,573004936
14.502485,71.1914,7.7344,7.7344,0,0,14.717752,573004936
14.504460,71.1914,7.7344,7.7344,0,0,14.717752,573004936
14.506460,71.1914,7.7344,7.7344,0,0,14.717752,573004936
14.508460,71.1914,7.7344,7.7344,0,0,14.717752,573004936
14.510525,71.1914,7.7344,7.7344,0,0,14.717752,573004936
14.512460,71.1914,7.7344,7.7344,0,0,14.717752,573004936
14.514460,71.1914,7.7344,7.7344,0,0,14.717752,573004936
14.516460,71.1914,7.7344,7.7344,0,0,14.717752,573004936
14.518460,71.1914,7.7344,7.7344,0,0,14.717752,573004936
14.522676,71.1914,7.7344,7.7344,0,0,14.717752,573004936
14.522972,71.1914,7.7344,7.7344,0,0,14.717752,573004936
14.524538,71.1914,7.7344,7.7344,0,0,14.717752,573004936
14.526525,71.1914,7.7344,7.7344,0,0,14.717752,573004936
14.528506,71.1914,7.7344,7.7344,0,0,14.717752,573004936
14.530498,71.1914,7.7344,7.7344,0,0,14.717752,573004936
14.532479,71.1914,7.7344,7.7344,0,0,14.717752,573004936
14.534468,71.1914,7.7344,7.7344,0,0,14.717752,573004936
14.536534,71.1914,7.7344,7.7344,0,0,14.717752,573004936
14.538525,71.1914,7.7344,7.7344,0,0,14.717752,573004936
14.540506,71.1914,7.7344,7.7344,0,0,14.717752,573004936
14.542495,71.1914,7.7344,7.7344,0,0,14.717752,573004936
14.544477,71.1914,7.7344,7.7344,0,0,14.717752,573004936
14.546468,71.1914,7.7344,7.7344,0,0,14.717752,573004936
14.548534,71.1914,7.7344,7.7344,0,0,14.717752,573004936
14.550524,71.1914,7.7344,7.7344,0,0,14.717752,573004936
14.552506,71.1914,7.7344,7.7344,0,0,14.717752,573004936
14.554494,71.1914,7.7344,7.7344,0,0,14.717752,573004936
14.556477,71.1914,7.7344,7.7344,0,0,14.717752,573004936
14.558468,71.1914,7.7344,7.7344,0,0,14.717752,573004936
14.560534,71.1914,7.7344,7.7344,0,0,14.717752,573004936
14.562525,71.1914,7.7344,7.7344,0,0,14.717752,573004936
14.564506,71.1914,7.7344,7.7344,0,0,14.717752,573004936
14.566495,71.1914,7.7344,7.7344,0,0,14.717752,573004936
14.568477,71.1914,7.7344,7.7344,0,0,14.717752,573004936
14.570468,71.1914,7.7344,7.7344,0,0,14.717752,573004936
14.572534,71.1914,7.7344,7.7344,0,0,14.717752,573004936
14.574524,71.1914,7.7344,7.7344,0,0,14.717752,573004936
14.576506,71.1914,7.7344,7.7344,0,0,14.717752,573004936
14.578494,71.1914,7.7344,7.7344,0,0,14.717752,573004936
14.580477,71.1914,7.7344,7.7344,0,0,14.717752,573004936
14.582468,71.1914,7.7344,7.7344,0,0,14.717752,573004936
14.584534,71.1914,7.7344,7.7344,0,0,14.717752,573004936
14.586525,71.1914,7.7344,7.7344,0,0,14.717752,573004936
14.588506,71.1914,7.7344,7.7344,0,0,14.717752,573004936
14.590495,71.1914,7.7344,7.7344,0,0,14.717752,573004936
14.592532,71.1914,7.7344,7.7344,0,0,14.717752,573004936
14.594522,71.1914,7.7344,7.7344,0,0,14.717752,573004936
14.596505,71.1914,7.7344,7.7344,0,0,14.717752,573004936
14.598521,71.1914,7.7344,7.7344,0,0,14.717752,573004936
14.600505,71.1914,7.7344,7.7344,0,0,14.717752,573004936
14.602494,71.1914,7.7344,7.7344,0,0,14.717752,573004936
14.604477,71.1914,7.7344,7.7344,0,0,14.717752,573004936
14.606468,71.1914,7.7344,7.7344,0,0,14.717752,573004936
14.608534,71.1914,7.7344,7.7344,0,0,14.717752,573004936
14.610524,71.1914,7.7344,7.7344,0,0,14.717752,573004936
14.612511,71.1914,7.7344,7.7344,0,0,14.717752,573004936
14.614500,71.1914,7.7344,7.7344,0,0,14.717752,573004936
14.616484,71.1914,7.7344,7.7344,0,0,14.717752,573004936
14.618472,71.1914,7.7344,7.7344,0,0,14.717752,573004936
14.622058,71.1914,7.7344,7.7344,0,0,14.717752,573004936
14.622501,71.1914,7.7344,7.7344,0,0,14.717752,573004936
14.624503,71.1914,7.7344,7.7344,0,0,14.717752,573004936
14.626499,71.1914,7.7344,7.7344,0,0,14.717752,573004936
14.628498,71.1914,7.7344,7.7344,0,0,14.717752,573004936
14.630495,71.1914,7.7344,7.7344,0,0,14.717752,573004936
14.632494,71.1914,7.7344,7.7344,0,0,14.717752,573004936
14.634491,71.1914,7.7344,7.7344,0,0,14.717752,573004936
14.636491,71.1914,7.7344,7.7344,0,0,14.717752,573004936
14.638492,71.1914,7.7344,7.7344,0,0,14.717752,573004936
14.640491,71.1914,7.7344,7.7344,0,0,14.717752,573004936
14.642491,71.1914,7.7344,7.7344,0,0,14.717752,573004936
14.644491,71.1914,7.7344,7.7344,0,0,14.717752,573004936
14.646491,71.1914,7.7344,7.7344,0,0,14.717752,573004936
14.648491,71.1914,7.7344,7.7344,0,0,14.717752,573004936
14.650491,71.1914,7.7344,7.7344,0,0,14.717752,573004936
14.652491,71.1914,7.7344,7.7344,0,0,14.717752,573004936
14.654491,71.1914,7.7344,7.7344,0,0,14.717752,573004936
14.656491,71.1914,7.7344,7.7344,0,0,14.717752,573004936
14.658491,71.1914,7.7344,7.7344,0,0,14.717752,573004936
14.660491,71.1914,7.7344,7.7344,0,0,14.717752,573004936
14.662491,71.1914,7.7344,7.7344,0,0,14.717752,573004936
14.664491,71.1914,7.7344,7.7344,0,0,14.717752,573004936
14.666491,71.1914,7.7344,7.7344,0,0,14.717752,573004936
14.668491,71.1914,7.7344,7.7344,0,0,14.717752,573004936
14.670491,71.1914,7.7344,7.7344,0,0,14.717752,573004936
14.672491,71.1914,7.7344,7.7344,0,0,14.717752,573004936
14.674491,71.1914,7.5586,7.5586,0,0,14.717752,573004936
14.676492,71.1914,7.5586,7.5586,0,0,14.717752,573004936
14.678491,71.1914,7.5586,7.5586,0,0,14.717752,573004936
14.680491,71.1914,7.5586,7.5586,0,0,14.717752,573004936
14.682491,71.1914,7.5586,7.5586,0,0,14.717752,573004936
14.684491,71.1914,7.5586,7.5586,0,0,14.717752,573004936
14.686491,71.1914,7.5586,7.5586,0,0,14.717752,573004936
14.688491,71.1914,7.5586,7.5586,0,0,14.717752,573004936
14.690491,71.1914,7.5586,7.5586,0,0,14.717752,573004936
14.692491,71.1914,7.5586,7.5586,0,0,14.717752,573004936
14.694522,71.1914,7.5586,7.5586,0,0,14.717752,573004936
14.696519,71.1914,7.5586,7.5586,0,0,14.717752,573004936
14.698538,71.1914,7.5586,7.5586,0,0,14.717752,573004936
14.700534,71.1914,7.5586,7.5586,0,0,14.717752,573004936
14.702530,71.1914,7.5586,7.5586,0,0,14.717752,573004936
14.704525,71.1914,7.5586,7.5586,0,0,14.717752,573004936
14.706497,71.1914,7.5586,7.5586,0,0,14.717752,573004936
14.708491,71.1914,7.5586,7.5586,0,0,14.717752,573004936
14.710522,71.1914,7.5586,7.5586,0,0,14.717752,573004936
14.712537,71.1914,7.5586,7.5586,0,0,14.717752,573004936
14.714479,71.1914,7.5586,7.5586,0,0,14.717752,573004936
14.716517,71.1914,7.5586,7.5586,0,0,14.717752,573004936
14.725147,71.1914,7.3828,7.3828,0,0,14.948577,573236635
14.726106,71.1914,7.3828,7.3828,0,0,14.948577,573236635
14.726308,71.1914,7.3828,7.3828,0,0,14.948577,573236635
14.726485,71.1914,7.3828,7.3828,0,0,14.948577,573236635
14.726714,71.1914,7.3828,7.3828,0,0,14.948577,573236635
14.728535,71.1914,7.3828,7.3828,0,0,14.948577,573236635
14.730675,71.1914,7.3828,7.3828,0,0,14.948577,573236635
14.732508,71.1914,7.3828,7.3828,0,0,14.948577,573236635
14.734506,71.1914,7.3828,7.3828,0,0,14.948577,573236635
14.736470,71.1914,7.3828,7.3828,0,0,14.948577,573236635
14.738529,71.1914,7.3828,7.3828,0,0,14.948577,573236635
14.740526,71.1914,7.3828,7.3828,0,0,14.948577,573236635
14.742524,71.1914,7.3828,7.3828,0,0,14.948577,573236635
14.744522,71.1914,7.3828,7.3828,0,0,14.948577,573236635
14.746518,71.1914,7.3828,7.3828,0,0,14.948577,573236635
14.748518,71.1914,7.3828,7.3828,0,0,14.948577,573236635
14.750515,71.1914,7.3828,7.3828,0,0,14.948577,573236635
14.752515,71.1914,7.3828,7.3828,0,0,14.948577,573236635
14.754515,71.1914,7.3828,7.3828,0,0,14.948577,573236635
14.756510,71.1914,7.3828,7.3828,0,0,14.948577,573236635
14.758506,71.1914,7.3828,7.3828,0,0,14.948577,573236635
14.760505,71.1914,7.3828,7.3828,0,0,14.948577,573236635
14.762503,71.1914,7.3828,7.3828,0,0,14.948577,573236635
14.764500,71.1914,7.3828,7.3828,0,0,14.948577,573236635
14.766498,71.1914,7.3828,7.3828,0,0,14.948577,573236635
14.768495,71.1914,7.3828,7.3828,0,0,14.948577,573236635
14.770494,71.1914,7.3828,7.3828,0,0,14.948577,573236635
14.772494,71.1914,7.3828,7.3828,0,0,14.948577,573236635
14.774494,71.1914,7.3828,7.3828,0,0,14.948577,573236635
14.776494,71.1914,7.3828,7.3828,0,0,14.948577,573236635
14.778494,71.1914,7.3828,7.3828,0,0,14.948577,573236635
14.780494,71.1914,7.3828,7.3828,0,0,14.948577,573236635
14.782494,71.1914,7.3828,7.3828,0,0,14.948577,573236635
14.784494,71.1914,7.3828,7.3828,0,0,14.948577,573236635
14.786494,71.1914,7.3828,7.3828,0,0,14.948577,573236635
14.788494,71.1914,7.3828,7.3828,0,0,14.948577,573236635
14.790494,71.1914,7.3828,7.3828,0,0,14.948577,573236635
14.792494,71.1914,7.3828,7.3828,0,0,14.948577,573236635
14.794494,71.1914,7.3828,7.3828,0,0,14.948577,573236635
14.796509,71.1914,7.3828,7.3828,0,0,14.948577,573236635
14.798539,71.1914,7.3828,7.3828,0,0,14.948577,573236635
14.800463,71.1914,7.3828,7.3828,0,0,14.948577,573236635
14.802530,71.1914,7.3828,7.3828,0,0,14.948577,573236635
14.804530,71.1914,7.3828,7.3828,0,0,14.948577,573236635
14.806526,71.1914,7.3828,7.3828,0,0,14.948577,573236635
14.808525,71.1914,7.3828,7.3828,0,0,14.948577,573236635
14.810525,71.1914,7.3828,7.3828,0,0,14.948577,573236635
14.812533,71.1914,7.3828,7.3828,0,0,14.948577,573236635
14.814530,71.1914,7.3828,7.3828,0,0,14.948577,573236635
14.816525,71.1914,7.3828,7.3828,0,0,14.948577,573236635
14.818524,71.1914,7.3828,7.3828,0,0,14.948577,573236635
14.823199,71.1914,7.3828,7.3828,0,0,14.948577,573236635
14.823474,71.1914,7.3828,7.3828,0,0,14.948577,573236635
14.824506,71.1914,7.3828,7.3828,0,0,14.948577,573236635
14.826495,71.1914,7.3828,7.3828,0,0,14.948577,573236635
14.828477,71.1914,7.3828,7.3828,0,0,14.948577,573236635
14.830468,71.1914,7.3828,7.3828,0,0,14.948577,573236635
14.832534,71.1914,7.3828,7.3828,0,0,14.948577,573236635
14.834525,71.1914,7.3828,7.3828,0,0,14.948577,573236635
14.836506,71.1914,7.3828,7.3828,0,0,14.948577,573236635
14.838495,71.1914,7.3828,7.3828,0,0,14.948577,573236635
14.840477,71.1914,7.3828,7.3828,0,0,14.948577,573236635
14.842468,71.1914,7.3828,7.3828,0,0,14.948577,573236635
14.844534,71.1914,7.3828,7.3828,0,0,14.948577,573236635
14.846524,71.1914,7.3828,7.3828,0,0,14.948577,573236635
14.848506,71.1914,7.3828,7.3828,0,0,14.948577,573236635
14.850494,71.1914,7.2070,7.2070,0,0,14.948577,573236635
14.852477,71.1914,7.2070,7.2070,0,0,14.948577,573236635
14.854468,71.1914,7.2070,7.2070,0,0,14.948577,573236635
14.856534,71.1914,7.2070,7.2070,0,0,14.948577,573236635
14.858525,71.1914,7.2070,7.2070,0,0,14.948577,573236635
14.860506,71.1914,7.2070,7.2070,0,0,14.948577,573236635
14.862495,71.1914,7.2070,7.2070,0,0,14.948577,573236635
14.864477,71.1914,7.2070,7.2070,0,0,14.948577,573236635
14.866468,71.1914,7.2070,7.2070,0,0,14.948577,573236635
14.868534,71.1914,7.2070,7.2070,0,0,14.948577,573236635
14.870524,71.1914,7.2070,7.2070,0,0,14.948577,573236635
14.872506,71.1914,7.2070,7.2070,0,0,14.948577,573236635
14.874494,71.1914,7.2070,7.2070,0,0,14.948577,573236635
14.876477,71.1914,7.2070,7.2070,0,0,14.948577,573236635
14.878468,71.1914,7.2070,7.2070,0,0,14.948577,573236635
14.880534,71.1914,7.2070,7.2070,0,0,14.948577,573236635
14.882525,71.1914,7.2070,7.2070,0,0,14.948577,573236635
14.884506,71.1914,7.2070,7.2070,0,0,14.948577,573236635
14.886495,71.1914,7.2070,7.2070,0,0,14.948577,573236635
14.888477,71.1914,7.2070,7.2070,0,0,14.948577,573236635
14.890468,71.1914,7.2070,7.2070,0,0,14.948577,573236635
14.892534,71.1914,7.2070,7.2070,0,0,14.948577,573236635
14.894524,71.1914,7.2070,7.2070,0,0,14.948577,573236635
14.896506,71.1914,7.3828,7.3828,0,0,14.948577,573236635
14.898501,71.1914,7.3828,7.3828,0,0,14.948577,573236635
14.900524,71.1914,7.3828,7.3828,0,0,14.948577,573236635
14.902515,71.1914,7.3828,7.3828,0,0,14.948577,573236635
14.904518,71.1914,7.3828,7.3828,0,0,14.948577,573236635
14.906506,71.1914,7.3828,7.3828,0,0,14.948577,573236635
14.908487,71.1914,7.3828,7.3828,0,0,14.948577,573236635
14.910477,71.1914,7.3828,7.3828,0,0,14.948577,573236635
14.912479,71.1914,7.3828,7.3828,0,0,14.948577,573236635
14.914468,71.1914,7.3828,7.3828,0,0,14.948577,573236635
14.916534,71.1914,7.3828,7.3828,0,0,14.948577,573236635
14.918524,71.1914,7.3828,7.3828,0,0,14.948577,573236635
14.922972,71.1914,7.3828,7.3828,0,0,14.948577,573236635
14.923248,71.1914,7.3828,7.3828,0,0,14.948577,573236635
14.924471,71.1914,7.3828,7.3828,0,0,14.948577,573236635
14.926468,71.1914,7.3828,7.3828,0,0,14.948577,573236635
14.928526,71.1914,7.3828,7.3828,0,0,14.948577,573236635
14.930468,71.1914,7.3828,7.3828,0,0,14.948577,573236635
14.932466,71.1914,7.3828,7.3828,0,0,14.948577,573236635
14.934463,71.1914,7.3828,7.3828,0,0,14.948577,573236635
14.936460,71.1914,7.3828,7.3828,0,0,14.948577,573236635
14.938460,71.1914,7.3828,7.3828,0,0,14.948577,573236635
14.940504,71.1914,7.3828,7.3828,0,0,14.948577,573236635
14.942465,71.1914,7.3828,7.3828,0,0,14.948577,573236635
14.944506,71.1914,7.3828,7.3828,0,0,14.948577,573236635
14.946534,71.1914,7.3828,7.3828,0,0,14.948577,573236635
14.949067,71.1914,7.3828,7.3828,0,0,14.948577,573236635
14.952595,71.1914,7.3828,7.3828,0,0,15.190671,573470390
14.953045,71.1914,7.3828,7.3828,0,0,15.190671,573470390
14.954500,71.1914,7.3828,7.3828,0,0,15.190671,573470390
14.956497,71.1914,7.3828,7.3828,0,0,15.190671,573470390
14.958484,71.1914,7.3828,7.3828,0,0,15.190671,573470390
14.960457,71.1914,7.3828,7.3828,0,0,15.190671,573470390
14.962480,71.1914,7.3828,7.3828,0,0,15.190671,573470390
14.964486,71.1914,7.3828,7.3828,0,0,15.190671,573470390
14.966483,71.1914,7.3828,7.3828,0,0,15.190671,573470390
14.968496,71.1914,7.3828,7.3828,0,0,15.190671,573470390
14.970479,71.1914,7.3828,7.3828,0,0,15.190671,573470390
14.972473,71.1914,7.3828,7.3828,0,0,15.190671,573470390
14.974468,71.1914,7.3828,7.3828,0,0,15.190671,573470390
14.976477,71.1914,7.3828,7.3828,0,0,15.190671,573470390
14.978476,71.1914,7.3828,7.3828,0,0,15.190671,573470390
14.980473,71.1914,7.3828,7.3828,0,0,15.190671,573470390
14.982468,71.1914,7.3828,7.3828,0,0,15.190671,573470390
14.984469,71.1914,7.3828,7.3828,0,0,15.190671,573470390
14.986469,71.1914,7.3828,7.3828,0,0,15.190671,573470390
14.988469,71.1914,7.3828,7.3828,0,0,15.190671,573470390
14.990469,71.1914,7.3828,7.3828,0,0,15.190671,573470390
14.992469,71.1914,7.3828,7.3828,0,0,15.190671,573470390
14.994469,71.1914,7.3828,7.3828,0,0,15.190671,573470390
14.996469,71.1914,7.3828,7.3828,0,0,15.190671,573470390
14.998469,71.1914,7.3828,7.3828,0,0,15.190671,573470390
15.000469,71.1914,7.3828,7.3828,0,0,15.190671,573470390
15.002516,71.1914,7.3828,7.3828,0,0,15.190671,573470390
15.004516,71.1914,7.3828,7.3828,0,0,15.190671,573470390
15.006538,71.1914,7.3828,7.3828,0,0,15.190671,573470390
15.008534,71.1914,7.3828,7.3828,0,0,15.190671,573470390
15.010530,71.1914,7.5586,7.5586,0,0,15.190671,573470390
15.012537,71.1914,7.5586,7.5586,0,0,15.190671,573470390
15.014534,71.1914,7.5586,7.5586,0,0,15.190671,573470390
15.016533,71.1914,7.5586,7.5586,0,0,15.190671,573470390
15.018530,71.1914,7.5586,7.5586,0,0,15.190671,573470390
15.023495,71.1914,7.5586,7.5586,0,0,15.190671,573470390
15.023798,71.1914,7.5586,7.5586,0,0,15.190671,573470390
15.024498,71.1914,7.5586,7.5586,0,0,15.190671,573470390
15.026487,71.1914,7.5586,7.5586,0,0,15.190671,573470390
15.028468,71.1914,7.5586,7.5586,0,0,15.190671,573470390
15.030457,71.1914,7.5586,7.5586,0,0,15.190671,573470390
15.032524,71.1914,7.5586,7.5586,0,0,15.190671,573470390
15.034515,71.1914,7.5586,7.5586,0,0,15.190671,573470390
15.036498,71.1914,7.5586,7.5586,0,0,15.190671,573470390
15.038487,71.1914,7.5586,7.5586,0,0,15.190671,573470390
15.040468,71.1914,7.5586,7.5586,0,0,15.190671,573470390
15.042457,71.1914,7.5586,7.5586,0,0,15.190671,573470390
15.044524,71.1914,7.5586,7.5586,0,0,15.190671,573470390
15.046515,71.1914,7.5586,7.5586,0,0,15.190671,573470390
15.048498,71.1914,7.5586,7.5586,0,0,15.190671,573470390
15.050487,71.1914,7.5586,7.5586,0,0,15.190671,573470390
15.052468,71.1914,7.5586,7.5586,0,0,15.190671,573470390
15.054457,71.1914,7.5586,7.5586,0,0,15.190671,573470390
15.056524,71.1914,7.5586,7.5586,0,0,15.190671,573470390
15.058515,71.1914,7.5586,7.5586,0,0,15.190671,573470390
15.060498,71.1914,7.5586,7.5586,0,0,15.190671,573470390
15.062487,71.1914,7.5586,7.5586,0,0,15.190671,573470390
15.064468,71.1914,7.5586,7.5586,0,0,15.190671,573470390
15.066457,71.1914,7.5586,7.5586,0,0,15.190671,573470390
15.068524,71.1914,7.5586,7.5586,0,0,15.190671,573470390
15.070515,71.1914,7.5586,7.5586,0,0,15.190671,573470390
15.072498,71.1914,7.5586,7.5586,0,0,15.190671,573470390
15.074487,71.1914,7.5586,7.5586,0,0,15.190671,573470390
15.076468,71.1914,7.7344,7.7344,0,0,15.190671,573470390
15.078457,71.1914,7.7344,7.7344,0,0,15.190671,573470390
15.080524,71.1914,7.7344,7.7344,0,0,15.190671,573470390
15.082515,71.1914,7.7344,7.7344,0,0,15.190671,573470390
15.084498,71.1914,7.7344,7.7344,0,0,15.190671,573470390
15.086487,71.1914,7.7344,7.7344,0,0,15.190671,573470390
15.088468,71.1914,7.7344,7.7344,0,0,15.190671,573470390
15.090457,71.1914,7.7344,7.7344,0,0,15.190671,573470390
15.092524,71.1914,7.7344,7.7344,0,0,15.190671,573470390
15.094515,71.1914,7.7344,7.7344,0,0,15.190671,573470390
15.096498,71.1914,7.7344,7.7344,0,0,15.190671,573470390
15.098487,71.1914,7.7344,7.7344,0,0,15.190671,573470390
15.100468,71.1914,7.7344,7.7344,0,0,15.190671,573470390
15.102457,71.1914,7.7344,7.7344,0,0,15.190671,573470390
15.104480,71.1914,7.7344,7.7344,0,0,15.190671,573470390
15.106491,71.1914,7.7344,7.7344,0,0,15.190671,573470390
15.108473,71.1914,7.7344,7.7344,0,0,15.190671,573470390
15.110486,71.1914,7.7344,7.7344,0,0,15.190671,573470390
15.112480,71.1914,7.7344,7.7344,0,0,15.190671,573470390
15.114468,71.1914,7.7344,7.7344,0,0,15.190671,573470390
15.116534,71.1914,7.7344,7.7344,0,0,15.190671,573470390
15.118525,71.1914,7.7344,7.7344,0,0,15.190671,573470390
15.122972,71.1914,7.7344,7.7344,0,0,15.190671,573470390
15.123234,71.1914,7.7344,7.7344,0,0,15.190671,573470390
15.124469,71.1914,7.7344,7.7344,0,0,15.190671,573470390
15.126469,71.1914,7.7344,7.7344,0,0,15.190671,573470390
15.128469,71.1914,7.7344,7.7344,0,0,15.190671,573470390
15.130469,71.1914,7.7344,7.7344,0,0,15.190671,573470390
15.132469,71.1914,7.7344,7.7344,0,0,15.190671,573470390
15.134469,71.1914,7.7344,7.7344,0,0,15.190671,573470390
15.136469,71.1914,7.7344,7.7344,0,0,15.190671,573470390
15.138469,71.1914,7.7344,7.7344,0,0,15.190671,573470390
15.140469,71.1914,7.7344,7.7344,0,0,15.190671,573470390
15.142469,71.1914,7.7344,7.7344,0,0,15.190671,573470390
15.144469,71.1914,7.7344,7.7344,0,0,15.190671,573470390
15.146469,71.1914,7.7344,7.7344,0,0,15.190671,573470390
15.148469,71.1914,7.7344,7.7344,0,0,15.190671,573470390
15.150469,71.1914,7.7344,7.7344,0,0,15.190671,573470390
15.152469,71.1914,7.7344,7.7344,0,0,15.190671,573470390
15.154469,71.1914,7.7344,7.7344,0,0,15.190671,573470390
15.156469,71.1914,7.7344,7.7344,0,0,15.190671,573470390
15.158469,71.1914,7.7344,7.7344,0,0,15.190671,573470390
15.160469,71.1914,7.7344,7.7344,0,0,15.190671,573470390
15.162469,71.1914,7.7344,7.7344,0,0,15.190671,573470390
15.164469,71.1914,7.7344,7.7344,0,0,15.190671,573470390
15.166469,71.1914,7.7344,7.7344,0,0,15.190671,573470390
15.168469,71.1914,7.7344,7.7344,0,0,15.190671,573470390
15.170469,71.1914,7.7344,7.7344,0,0,15.190671,573470390
15.172540,71.1914,7.7344,7.7344,0,0,15.190671,573470390
15.174534,71.1914,7.7344,7.7344,0,0,15.190671,573470390
15.176486,71.1914,7.7344,7.7344,0,0,15.190671,573470390
15.178483,71.1914,7.7344,7.7344,0,0,15.190671,573470390
15.180532,71.1914,7.7344,7.7344,0,0,15.190671,573470390
15.182755,71.1914,7.7344,7.7344,0,0,15.190671,573470390
15.186168,71.1914,7.7344,7.7344,0,0,15.438756,573725151
15.186698,71.1914,7.7344,7.7344,0,0,15.438756,573725151
15.188506,71.1914,7.7344,7.7344,0,0,15.438756,573725151
15.190480,71.1914,7.7344,7.7344,0,0,15.438756,573725151
15.192494,71.1914,7.7344,7.7344,0,0,15.438756,573725151
15.194491,71.1914,7.7344,7.7344,0,0,15.438756,573725151
15.196491,71.1914,7.7344,7.7344,0,0,15.438756,573725151
15.198502,71.1914,7.7344,7.7344,0,0,15.438756,573725151
15.200540,71.1914,7.7344,7.7344,0,0,15.438756,573725151
15.202455,71.1914,7.7344,7.7344,0,0,15.438756,573725151
15.204538,71.1914,7.7344,7.7344,0,0,15.438756,573725151
15.206467,71.1914,7.7344,7.7344,0,0,15.438756,573725151
15.208466,71.1914,7.7344,7.7344,0,0,15.438756,573725151
15.210492,71.1914,7.7344,7.7344,0,0,15.438756,573725151
15.212506,71.1914,7.5586,7.5586,0,0,15.438756,573725151
15.214532,71.1914,7.5586,7.5586,0,0,15.438756,573725151
15.216536,71.1914,7.5586,7.5586,0,0,15.438756,573725151
15.218484,71.1914,7.5586,7.5586,0,0,15.438756,573725151
15.223537,71.1914,7.5586,7.5586,0,0,15.438756,573725151
15.223844,71.1914,7.5586,7.5586,0,0,15.438756,573725151
15.224530,71.1914,7.5586,7.5586,0,0,15.438756,573725151
15.226522,71.1914,7.5586,7.5586,0,0,15.438756,573725151
15.228503,71.1914,7.5586,7.5586,0,0,15.438756,573725151
15.230494,71.1914,7.5586,7.5586,0,0,15.438756,573725151
15.232477,71.1914,7.5586,7.5586,0,0,15.438756,573725151
15.234468,71.1914,7.5586,7.5586,0,0,15.438756,573725151
15.236534,71.1914,7.5586,7.5586,0,0,15.438756,573725151
15.238525,71.1914,7.5586,7.5586,0,0,15.438756,573725151
15.240506,71.1914,7.5586,7.5586,0,0,15.438756,573725151
15.242495,71.1914,7.5586,7.5586,0,0,15.438756,573725151
15.244477,71.1914,7.5586,7.5586,0,0,15.438756,573725151
15.246468,71.1914,7.5586,7.5586,0,0,15.438756,573725151
15.248534,71.1914,7.5586,7.5586,0,0,15.438756,573725151
15.250524,71.1914,7.5586,7.5586,0,0,15.438756,573725151
15.252506,71.1914,7.5586,7.5586,0,0,15.438756,573725151
15.254494,71.1914,7.5586,7.5586,0,0,15.438756,573725151
15.256477,71.1914,7.5586,7.5586,0,0,15.438756,573725151
15.258468,71.1914,7.5586,7.5586,0,0,15.438756,573725151
15.260534,71.1914,7.5586,7.5586,0,0,15.438756,573725151
15.262525,71.1914,7.5586,7.5586,0,0,15.438756,573725151
15.264506,71.1914,7.5586,7.5586,0,0,15.438756,573725151
15.266495,71.1914,7.5586,7.5586,0,0,15.438756,573725151
15.268477,71.1914,7.5586,7.5586,0,0,15.438756,573725151
15.270469,71.1914,7.5586,7.5586,0,0,15.438756,573725151
15.272537,71.1914,7.5586,7.5586,0,0,15.438756,573725151
15.274526,71.1914,7.5586,7.5586,0,0,15.438756,573725151
15.276506,71.1914,7.5586,7.5586,0,0,15.438756,573725151
15.278495,71.1914,7.5586,7.5586,0,0,15.438756,573725151
15.280477,71.1914,7.5586,7.5586,0,0,15.438756,573725151
15.282468,71.1914,7.5586,7.5586,0,0,15.438756,573725151
15.284534,71.1914,7.5586,7.5586,0,0,15.438756,573725151
15.286525,71.1914,7.5586,7.5586,0,0,15.438756,573725151
15.288506,71.1914,7.5586,7.5586,0,0,15.438756,573725151
15.290495,71.1914,7.5586,7.5586,0,0,15.438756,573725151
15.292477,71.1914,7.5586,7.5586,0,0,15.438756,573725151
15.294468,71.1914,7.5586,7.5586,0,0,15.438756,573725151
15.296534,71.1914,7.5586,7.5586,0,0,15.438756,573725151
15.298524,71.1914,7.3828,7.3828,0,0,15.438756,573725151
15.300506,71.1914,7.3828,7.3828,0,0,15.438756,573725151
15.302494,71.1914,7.3828,7.3828,0,0,15.438756,573725151
15.304477,71.1914,7.3828,7.3828,0,0,15.438756,573725151
15.306468,71.1914,7.3828,7.3828,0,0,15.438756,573725151
15.308475,71.1914,7.3828,7.3828,0,0,15.438756,573725151
15.310470,71.1914,7.3828,7.3828,0,0,15.438756,573725151
15.312478,71.1914,7.3828,7.3828,0,0,15.438756,573725151
15.314468,71.1914,7.3828,7.3828,0,0,15.438756,573725151
15.316534,71.1914,7.3828,7.3828,0,0,15.438756,573725151
15.318524,71.1914,7.3828,7.3828,0,0,15.438756,573725151
15.322972,71.1914,7.3828,7.3828,0,0,15.438756,573725151
15.323245,71.1914,7.3828,7.3828,0,0,15.438756,573725151
15.324468,71.1914,7.3828,7.3828,0,0,15.438756,573725151
15.326467,71.1914,7.3828,7.3828,0,0,15.438756,573725151
15.328463,71.1914,7.3828,7.3828,0,0,15.438756,573725151
15.330460,71.1914,7.3828,7.3828,0,0,15.438756,573725151
15.332460,71.1914,7.3828,7.3828,0,0,15.438756,573725151
15.334460,71.1914,7.3828,7.3828,0,0,15.438756,573725151
15.336460,71.1914,7.3828,7.3828,0,0,15.438756,573725151
15.338460,71.1914,7.3828,7.3828,0,0,15.438756,573725151
15.340460,71.1914,7.3828,7.3828,0,0,15.438756,573725151
15.342460,71.1914,7.3828,7.3828,0,0,15.438756,573725151
15.344460,71.1914,7.3828,7.3828,0,0,15.438756,573725151
15.346460,71.1914,7.3828,7.3828,0,0,15.438756,573725151
15.348460,71.1914,7.3828,7.3828,0,0,15.438756,573725151
15.350460,71.1914,7.3828,7.3828,0,0,15.438756,573725151
15.352460,71.1914,7.3828,7.3828,0,0,15.438756,573725151
15.354460,71.1914,7.3828,7.3828,0,0,15.438756,573725151
15.356460,71.1914,7.3828,7.3828,0,0,15.438756,573725151
15.358460,71.1914,7.3828,7.3828,0,0,15.438756,573725151
15.360460,71.1914,7.3828,7.3828,0,0,15.438756,573725151
15.362460,71.1914,7.3828,7.3828,0,0,15.438756,573725151
15.364460,71.1914,7.3828,7.3828,0,0,15.438756,573725151
15.366460,71.1914,7.3828,7.3828,0,0,15.438756,573725151
15.368460,71.1914,7.3828,7.3828,0,0,15.438756,573725151
15.370460,71.1914,7.3828,7.3828,0,0,15.438756,573725151
15.372460,71.1914,7.3828,7.3828,0,0,15.438756,573725151
15.374460,71.1914,7.3828,7.3828,0,0,15.438756,573725151
15.376460,71.1914,7.3828,7.3828,0,0,15.438756,573725151
15.378460,71.1914,7.3828,7.3828,0,0,15.438756,573725151
15.380460,71.1914,7.3828,7.3828,0,0,15.438756,573725151
15.382460,71.1914,7.3828,7.3828,0,0,15.438756,573725151
15.384460,71.1914,7.3828,7.3828,0,0,15.438756,573725151
15.386460,71.1914,7.3828,7.3828,0,0,15.438756,573725151
15.388460,71.1914,7.3828,7.3828,0,0,15.438756,573725151
15.390460,71.1914,7.3828,7.3828,0,0,15.438756,573725151
15.392460,71.1914,7.3828,7.3828,0,0,15.438756,573725151
15.394460,71.1914,7.3828,7.3828,0,0,15.438756,573725151
15.396460,71.1914,7.3828,7.3828,0,0,15.438756,573725151
15.398460,71.1914,7.3828,7.3828,0,0,15.438756,573725151
15.400460,71.1914,7.3828,7.3828,0,0,15.438756,573725151
15.402460,71.1914,7.3828,7.3828,0,0,15.438756,573725151
15.404460,71.1914,7.3828,7.3828,0,0,15.438756,573725151
15.406488,71.1914,7.3828,7.3828,0,0,15.438756,573725151
15.408501,71.1914,7.3828,7.3828,0,0,15.438756,573725151
15.410471,71.1914,7.3828,7.3828,0,0,15.438756,573725151
15.412505,71.1914,7.3828,7.3828,0,0,15.438756,573725151
15.414502,71.1914,7.3828,7.3828,0,0,15.438756,573725151
15.416520,71.1914,7.3828,7.3828,0,0,15.438756,573725151
15.418457,71.1914,7.3828,7.3828,0,0,15.438756,573725151
15.423053,71.1914,7.3828,7.3828,0,0,15.438756,573725151
15.423318,71.1914,7.3828,7.3828,0,0,15.438756,573725151
15.424522,71.1914,7.3828,7.3828,0,0,15.438756,573725151
15.426509,71.1914,7.3828,7.3828,0,0,15.438756,573725151
15.428502,71.1914,7.3828,7.3828,0,0,15.438756,573725151
15.430495,71.1914,7.3828,7.3828,0,0,15.438756,573725151
15.432491,71.1914,7.3828,7.3828,0,0,15.438756,573725151
15.434502,71.1914,7.3828,7.3828,0,0,15.438756,573725151
15.436503,71.1914,7.3828,7.3828,0,0,15.438756,573725151
15.441115,71.1914,7.3828,7.3828,0,0,15.665839,573948573
15.441567,71.1914,7.3828,7.3828,0,0,15.665839,573948573
15.442490,71.1914,7.3828,7.3828,0,0,15.665839,573948573
15.444623,71.1914,7.3828,7.3828,0,0,15.665839,573948573
15.446506,71.1914,7.3828,7.3828,0,0,15.665839,573948573
15.448471,71.1914,7.3828,7.3828,0,0,15.665839,573948573
15.450500,71.1914,7.3828,7.3828,0,0,15.665839,573948573
15.452497,71.1914,7.3828,7.3828,0,0,15.665839,573948573
15.454468,71.1914,7.3828,7.3828,0,0,15.665839,573948573
15.456481,71.1914,7.3828,7.3828,0,0,15.665839,573948573
15.458463,71.1914,7.3828,7.3828,0,0,15.665839,573948573
15.460530,71.1914,7.3828,7.3828,0,0,15.665839,573948573
15.462525,71.1914,7.3828,7.3828,0,0,15.665839,573948573
15.464524,71.1914,7.3828,7.3828,0,0,15.665839,573948573
15.466522,71.1914,7.3828,7.3828,0,0,15.665839,573948573
15.468518,71.1914,7.3828,7.3828,0,0,15.665839,573948573
15.470518,71.1914,7.3828,7.3828,0,0,15.665839,573948573
15.472515,71.1914,7.3828,7.3828,0,0,15.665839,573948573
15.474515,71.1914,7.3828,7.3828,0,0,15.665839,573948573
15.476510,71.1914,7.3828,7.3828,0,0,15.665839,573948573
15.478506,71.1914,7.3828,7.3828,0,0,15.665839,573948573
15.480505,71.1914,7.3828,7.3828,0,0,15.665839,573948573
15.482505,71.1914,7.3828,7.3828,0,0,15.665839,573948573
15.484502,71.1914,7.3828,7.3828,0,0,15.665839,573948573
15.486499,71.1914,7.3828,7.3828,0,0,15.665839,573948573
15.488498,71.1914,7.3828,7.3828,0,0,15.665839,573948573
15.490494,71.1914,7.3828,7.3828,0,0,15.665839,573948573
15.492491,71.1914,7.3828,7.3828,0,0,15.665839,573948573
15.494492,71.1914,7.3828,7.3828,0,0,15.665839,573948573
15.496491,71.1914,7.3828,7.3828,0,0,15.665839,573948573
15.498491,71.1914,7.3828,7.3828,0,0,15.665839,573948573
15.500491,71.1914,7.3828,7.3828,0,0,15.665839,573948573
15.502491,71.1914,7.3828,7.3828,0,0,15.665839,573948573
15.504491,71.1914,7.3828,7.3828,0,0,15.665839,573948573
15.506491,71.1914,7.3828,7.3828,0,0,15.665839,573948573
15.508491,71.1914,7.3828,7.3828,0,0,15.665839,573948573
15.510491,71.1914,7.3828,7.3828,0,0,15.665839,573948573
15.512506,71.1914,7.3828,7.3828,0,0,15.665839,573948573
15.514468,71.1914,7.3828,7.3828,0,0,15.665839,573948573
15.516464,71.1914,7.3828,7.3828,0,0,15.665839,573948573
15.518469,71.1914,7.3828,7.3828,0,0,15.665839,573948573
15.523729,71.1914,7.3828,7.3828,0,0,15.665839,573948573
15.524044,71.1914,7.3828,7.3828,0,0,15.665839,573948573
15.524486,71.1914,7.3828,7.3828,0,0,15.665839,573948573
15.526477,71.1914,7.3828,7.3828,0,0,15.665839,573948573
15.528460,71.1914,7.3828,7.3828,0,0,15.665839,573948573
15.530534,71.1914,7.3828,7.3828,0,0,15.665839,573948573
15.532518,71.1914,7.3828,7.3828,0,0,15.665839,573948573
15.534506,71.1914,7.3828,7.3828,0,0,15.665839,573948573
15.536487,71.1914,7.3828,7.3828,0,0,15.665839,573948573
15.538477,71.1914,7.3828,7.3828,0,0,15.665839,573948573
15.540460,71.1914,7.3828,7.3828,0,0,15.665839,573948573
15.542534,71.1914,7.3828,7.3828,0,0,15.665839,573948573
15.544515,71.1914,7.3828,7.3828,0,0,15.665839,573948573
15.546506,71.1914,7.3828,7.3828,0,0,15.665839,573948573
15.548487,71.1914,7.3828,7.3828,0,0,15.665839,573948573
15.550477,71.1914,7.3828,7.3828,0,0,15.665839,573948573
15.552460,71.1914,7.3828,7.3828,0,0,15.665839,573948573
15.554534,71.1914,7.3828,7.3828,0,0,15.665839,573948573
15.556515,71.1914,7.3828,7.3828,0,0,15.665839,573948573
15.558506,71.1914,7.3828,7.3828,0,0,15.665839,573948573
15.560487,71.1914,7.3828,7.3828,0,0,15.665839,573948573
15.562477,71.1914,7.3828,7.3828,0,0,15.665839,573948573
15.564460,71.1914,7.3828,7.3828,0,0,15.665839,573948573
15.566534,71.1914,7.3828,7.3828,0,0,15.665839,573948573
15.568515,71.1914,7.3828,7.3828,0,0,15.665839,573948573
15.570506,71.1914,7.3828,7.3828,0,0,15.665839,573948573
15.572487,71.1914,7.3828,7.3828,0,0,15.665839,573948573
15.574477,71.1914,7.3828,7.3828,0,0,15.665839,573948573
15.576460,71.1914,7.3828,7.3828,0,0,15.665839,573948573
15.578534,71.1914,7.3828,7.3828,0,0,15.665839,573948573
15.580515,71.1914,7.3828,7.3828,0,0,15.665839,573948573
15.582506,71.1914,7.3828,7.3828,0,0,15.665839,573948573
15.584487,71.1914,7.3828,7.3828,0,0,15.665839,573948573
15.586477,71.1914,7.3828,7.3828,0,0,15.665839,573948573
15.588460,71.1914,7.3828,7.3828,0,0,15.665839,573948573
15.590534,71.1914,7.3828,7.3828,0,0,15.665839,573948573
15.592515,71.1914,7.3828,7.3828,0,0,15.665839,573948573
15.594506,71.1914,7.3828,7.3828,0,0,15.665839,573948573
15.596487,71.1914,7.3828,7.3828,0,0,15.665839,573948573
15.598477,71.1914,7.5586,7.5586,0,0,15.665839,573948573
15.600460,71.1914,7.5586,7.5586,0,0,15.665839,573948573
15.602534,71.1914,7.5586,7.5586,0,0,15.665839,573948573
15.604515,71.1914,7.5586,7.5586,0,0,15.665839,573948573
15.606506,71.1914,7.5586,7.5586,0,0,15.665839,573948573
15.608487,71.1914,7.5586,7.5586,0,0,15.665839,573948573
15.610477,71.1914,7.5586,7.5586,0,0,15.665839,573948573
15.612480,71.1914,7.5586,7.5586,0,0,15.665839,573948573
15.614468,71.1914,7.5586,7.5586,0,0,15.665839,573948573
15.616496,71.1914,7.5586,7.5586,0,0,15.665839,573948573
15.618486,71.1914,7.5586,7.5586,0,0,15.665839,573948573
15.623058,71.1914,7.5586,7.5586,0,0,15.665839,573948573
15.623319,71.1914,7.5586,7.5586,0,0,15.665839,573948573
15.624467,71.1914,7.5586,7.5586,0,0,15.665839,573948573
15.626466,71.1914,7.5586,7.5586,0,0,15.665839,573948573
15.628463,71.1914,7.5586,7.5586,0,0,15.665839,573948573
15.630460,71.1914,7.5586,7.5586,0,0,15.665839,573948573
15.632460,71.1914,7.5586,7.5586,0,0,15.665839,573948573
15.634460,71.1914,7.5586,7.5586,0,0,15.665839,573948573
15.636460,71.1914,7.5586,7.5586,0,0,15.665839,573948573
15.638460,71.1914,7.5586,7.5586,0,0,15.665839,573948573
15.640460,71.1914,7.5586,7.5586,0,0,15.665839,573948573
15.642460,71.1914,7.5586,7.5586,0,0,15.665839,573948573
15.644460,71.1914,7.5586,7.5586,0,0,15.665839,573948573
15.646460,71.1914,7.5586,7.5586,0,0,15.665839,573948573
15.648460,71.1914,7.5586,7.5586,0,0,15.665839,573948573
15.650460,71.1914,7.5586,7.5586,0,0,15.665839,573948573
15.652519,71.1914,7.5586,7.5586,0,0,15.665839,573948573
15.654522,71.1914,7.5586,7.5586,0,0,15.665839,573948573
15.656456,71.1914,7.5586,7.5586,0,0,15.665839,573948573
15.658495,71.1914,7.5586,7.5586,0,0,15.665839,573948573
15.661034,71.1914,7.5586,7.5586,0,0,15.665839,573948573
15.664541,71.1914,7.5586,7.5586,0,0,15.915622,574177567
15.664998,71.1914,7.5586,7.5586,0,0,15.915622,574177567
15.666535,71.1914,7.5586,7.5586,0,0,15.915622,574177567
15.668535,71.1914,7.5586,7.5586,0,0,15.915622,574177567
15.670539,71.1914,7.5586,7.5586,0,0,15.915622,574177567
15.672468,71.1914,7.5586,7.5586,0,0,15.915622,574177567
15.674472,71.1914,7.5586,7.5586,0,0,15.915622,574177567
15.676493,71.1914,7.5586,7.5586,0,0,15.915622,574177567
15.678646,71.1914,7.5586,7.5586,0,0,15.915622,574177567
15.680539,71.1914,7.5586,7.5586,0,0,15.915622,574177567
15.682483,71.1914,7.5586,7.5586,0,0,15.915622,574177567
15.684489,71.1914,7.5586,7.5586,0,0,15.915622,574177567
15.686487,71.1914,7.5586,7.5586,0,0,15.915622,574177567
15.688483,71.1914,7.5586,7.5586,0,0,15.915622,574177567
15.690479,71.1914,7.5586,7.5586,0,0,15.915622,574177567
15.692477,71.1914,7.5586,7.5586,0,0,15.915622,574177567
15.694476,71.1914,7.5586,7.5586,0,0,15.915622,574177567
15.696473,71.1914,7.5586,7.5586,0,0,15.915622,574177567
15.698468,71.1914,7.5586,7.5586,0,0,15.915622,574177567
15.700469,71.1914,7.5586,7.5586,0,0,15.915622,574177567
15.702469,71.1914,7.5586,7.5586,0,0,15.915622,574177567
15.704469,71.1914,7.5586,7.5586,0,0,15.915622,574177567
15.706469,71.1914,7.5586,7.5586,0,0,15.915622,574177567
15.708469,71.1914,7.5586,7.5586,0,0,15.915622,574177567
15.710469,71.1914,7.5586,7.5586,0,0,15.915622,574177567
15.712480,71.1914,7.5586,7.5586,0,0,15.915622,574177567
15.714479,71.1914,7.5586,7.5586,0,0,15.915622,574177567
15.716477,71.1914,7.5586,7.5586,0,0,15.915622,574177567
15.718506,71.1914,7.5586,7.5586,0,0,15.915622,574177567
15.723509,71.1914,7.5586,7.5586,0,0,15.915622,574177567
15.723800,71.1914,7.5586,7.5586,0,0,15.915622,574177567
15.724505,71.1914,7.5586,7.5586,0,0,15.915622,574177567
15.726494,71.1914,7.5586,7.5586,0,0,15.915622,574177567
15.728477,71.1914,7.5586,7.5586,0,0,15.915622,574177567
15.730468,71.1914,7.5586,7.5586,0,0,15.915622,574177567
15.732534,71.1914,7.5586,7.5586,0,0,15.915622,574177567
15.734525,71.1914,7.5586,7.5586,0,0,15.915622,574177567
15.736506,71.1914,7.5586,7.5586,0,0,15.915622,574177567
15.738495,71.1914,7.5586,7.5586,0,0,15.915622,574177567
15.740477,71.1914,7.5586,7.5586,0,0,15.915622,574177567
15.742468,71.1914,7.5586,7.5586,0,0,15.915622,574177567
15.744534,71.1914,7.5586,7.5586,0,0,15.915622,574177567
15.746524,71.1914,7.5586,7.5586,0,0,15.915622,574177567
15.748506,71.1914,7.5586,7.5586,0,0,15.915622,574177567
15.750494,71.1914,7.5586,7.5586,0,0,15.915622,574177567
15.752477,71.1914,7.5586,7.5586,0,0,15.915622,574177567
15.754468,71.1914,7.5586,7.5586,0,0,15.915622,574177567
15.756534,71.1914,7.5586,7.5586,0,0,15.915622,574177567
15.758525,71.1914,7.5586,7.5586,0,0,15.915622,574177567
15.760506,71.1914,7.5586,7.5586,0,0,15.915622,574177567
15.762495,71.1914,7.5586,7.5586,0,0,15.915622,574177567
15.764477,71.1914,7.5586,7.5586,0,0,15.915622,574177567
15.766468,71.1914,7.5586,7.5586,0,0,15.915622,574177567
15.768534,71.1914,7.5586,7.5586,0,0,15.915622,574177567
15.770524,71.1914,7.5586,7.5586,0,0,15.915622,574177567
15.772506,71.1914,7.5586,7.5586,0,0,15.915622,574177567
15.774494,71.1914,7.5586,7.5586,0,0,15.915622,574177567
15.776477,71.1914,7.5586,7.5586,0,0,15.915622,574177567
15.778468,71.1914,7.5586,7.5586,0,0,15.915622,574177567
15.780534,71.1914,7.5586,7.5586,0,0,15.915622,574177567
15.782525,71.1914,7.5586,7.5586,0,0,15.915622,574177567
15.784506,71.1914,7.5586,7.5586,0,0,15.915622,574177567
15.786495,71.1914,7.5586,7.5586,0,0,15.915622,574177567
15.788477,71.1914,7.5586,7.5586,0,0,15.915622,574177567
15.790468,71.1914,7.5586,7.5586,0,0,15.915622,574177567
15.792534,71.1914,7.5586,7.5586,0,0,15.915622,574177567
15.794524,71.1914,7.5586,7.5586,0,0,15.915622,574177567
15.796506,71.1914,7.5586,7.5586,0,0,15.915622,574177567
15.798494,71.1914,7.5586,7.5586,0,0,15.915622,574177567
15.800477,71.1914,7.5586,7.5586,0,0,15.915622,574177567
15.802468,71.1914,7.5586,7.5586,0,0,15.915622,574177567
15.804534,71.1914,7.5586,7.5586,0,0,15.915622,574177567
15.806525,71.1914,7.5586,7.5586,0,0,15.915622,574177567
15.808506,71.1914,7.5586,7.5586,0,0,15.915622,574177567
15.810495,71.1914,7.5586,7.5586,0,0,15.915622,574177567
15.812491,71.1914,7.5586,7.5586,0,0,15.915622,574177567
15.814480,71.1914,7.5586,7.5586,0,0,15.915622,574177567
15.816460,71.1914,7.5586,7.5586,0,0,15.915622,574177567
15.818534,71.1914,7.5586,7.5586,0,0,15.915622,574177567
15.823001,71.1914,7.5586,7.5586,0,0,15.915622,574177567
15.823261,71.1914,7.5586,7.5586,0,0,15.915622,574177567
15.824514,71.1914,7.5586,7.5586,0,0,15.915622,574177567
15.826510,71.1914,7.5586,7.5586,0,0,15.915622,574177567
15.828506,71.1914,7.5586,7.5586,0,0,15.915622,574177567
15.830505,71.1914,7.5586,7.5586,0,0,15.915622,574177567
15.832503,71.1914,7.5586,7.5586,0,0,15.915622,574177567
15.834500,71.1914,7.5586,7.5586,0,0,15.915622,574177567
15.836498,71.1914,7.5586,7.5586,0,0,15.915622,574177567
15.838495,71.1914,7.5586,7.5586,0,0,15.915622,574177567
15.840494,71.1914,7.5586,7.5586,0,0,15.915622,574177567
15.842494,71.1914,7.5586,7.5586,0,0,15.915622,574177567
15.844494,71.1914,7.5586,7.5586,0,0,15.915622,574177567
15.846494,71.1914,7.5586,7.5586,0,0,15.915622,574177567
15.848494,71.1914,7.5586,7.5586,0,0,15.915622,574177567
15.850494,71.1914,7.5586,7.5586,0,0,15.915622,574177567
15.852494,71.1914,7.3828,7.3828,0,0,15.915622,574177567
15.854494,71.1914,7.3828,7.3828,0,0,15.915622,574177567
15.856494,71.1914,7.3828,7.3828,0,0,15.915622,574177567
15.858494,71.1914,7.3828,7.3828,0,0,15.915622,574177567
15.860494,71.1914,7.3828,7.3828,0,0,15.915622,574177567
15.862494,71.1914,7.3828,7.3828,0,0,15.915622,574177567
15.864494,71.1914,7.3828,7.3828,0,0,15.915622,574177567
15.866494,71.1914,7.3828,7.3828,0,0,15.915622,574177567
15.868494,71.1914,7.3828,7.3828,0,0,15.915622,574177567
15.870494,71.1914,7.3828,7.3828,0,0,15.915622,574177567
15.872494,71.1914,7.3828,7.3828,0,0,15.915622,574177567
15.874494,71.1914,7.3828,7.3828,0,0,15.915622,574177567
15.876494,71.1914,7.3828,7.3828,0,0,15.915622,574177567
15.878494,71.1914,7.3828,7.3828,0,0,15.915622,574177567
15.880494,71.1914,7.3828,7.3828,0,0,15.915622,574177567
15.882562,71.1914,7.3828,7.3828,0,0,15.915622,574177567
15.884464,71.1914,7.3828,7.3828,0,0,15.915622,574177567
15.886518,71.1914,7.3828,7.3828,0,0,15.915622,574177567
15.888521,71.1914,7.3828,7.3828,0,0,15.915622,574177567
15.893309,71.1914,7.3828,7.3828,0,0,16.162741,574440729
15.893914,71.1914,7.3828,7.3828,0,0,16.162741,574440729
15.894468,71.1914,7.3828,7.3828,0,0,16.162741,574440729
15.896521,71.1914,7.3828,7.3828,0,0,16.162741,574440729
15.898537,71.1914,7.3828,7.3828,0,0,16.162741,574440729
15.900494,71.1914,7.3828,7.3828,0,0,16.162741,574440729
15.902492,71.1914,7.3828,7.3828,0,0,16.162741,574440729
15.904491,71.1914,7.3828,7.3828,0,0,16.162741,574440729
15.906486,71.1914,7.3828,7.3828,0,0,16.162741,574440729
15.908503,71.1914,7.3828,7.3828,0,0,16.162741,574440729
15.910497,71.1914,7.3828,7.3828,0,0,16.162741,574440729
15.912514,71.1914,7.3828,7.3828,0,0,16.162741,574440729
15.914508,71.1914,7.3828,7.3828,0,0,16.162741,574440729
15.916505,71.1914,7.3828,7.3828,0,0,16.162741,574440729
15.918501,71.1914,7.3828,7.3828,0,0,16.162741,574440729
15.923770,71.1914,7.3828,7.3828,0,0,16.162741,574440729
15.924076,71.1914,7.3828,7.3828,0,0,16.162741,574440729
15.924503,71.1914,7.3828,7.3828,0,0,16.162741,574440729
15.926531,71.1914,7.3828,7.3828,0,0,16.162741,574440729
15.928470,71.1914,7.3828,7.3828,0,0,16.162741,574440729
15.930483,71.1914,7.3828,7.3828,0,0,16.162741,574440729
15.932481,71.1914,7.3828,7.3828,0,0,16.162741,574440729
15.934487,71.1914,7.3828,7.3828,0,0,16.162741,574440729
15.936527,71.1914,7.3828,7.3828,0,0,16.162741,574440729
15.938533,71.1914,7.3828,7.3828,0,0,16.162741,574440729
15.940516,71.1914,7.3828,7.3828,0,0,16.162741,574440729
15.942506,71.1914,7.3828,7.3828,0,0,16.162741,574440729
15.944487,71.1914,7.3828,7.3828,0,0,16.162741,574440729
15.946477,71.1914,7.3828,7.3828,0,0,16.162741,574440729
15.948460,71.1914,7.3828,7.3828,0,0,16.162741,574440729
15.950534,71.1914,7.3828,7.3828,0,0,16.162741,574440729
15.952515,71.1914,7.3828,7.3828,0,0,16.162741,574440729
15.954506,71.1914,7.3828,7.3828,0,0,16.162741,574440729
15.956487,71.1914,7.3828,7.3828,0,0,16.162741,574440729
15.958477,71.1914,7.3828,7.3828,0,0,16.162741,574440729
15.960460,71.1914,7.3828,7.3828,0,0,16.162741,574440729
15.962534,71.1914,7.3828,7.3828,0,0,16.162741,574440729
15.964515,71.1914,7.3828,7.3828,0,0,16.162741,574440729
15.966506,71.1914,7.3828,7.3828,0,0,16.162741,574440729
15.968487,71.1914,7.3828,7.3828,0,0,16.162741,574440729
15.970477,71.1914,7.3828,7.3828,0,0,16.162741,574440729
15.972460,71.1914,7.3828,7.3828,0,0,16.162741,574440729
15.974534,71.1914,7.3828,7.3828,0,0,16.162741,574440729
15.976515,71.1914,7.3828,7.3828,0,0,16.162741,574440729
15.978506,71.1914,7.3828,7.3828,0,0,16.162741,574440729
15.980487,71.1914,7.3828,7.3828,0,0,16.162741,574440729
15.982477,71.1914,7.3828,7.3828,0,0,16.162741,574440729
15.984460,71.1914,7.3828,7.3828,0,0,16.162741,574440729
15.986534,71.1914,7.3828,7.3828,0,0,16.162741,574440729
15.988515,71.1914,7.3828,7.3828,0,0,16.162741,574440729
15.990506,71.1914,7.3828,7.3828,0,0,16.162741,574440729
15.992487,71.1914,7.3828,7.3828,0,0,16.162741,574440729
15.994477,71.1914,7.3828,7.3828,0,0,16.162741,574440729
15.996460,71.1914,7.3828,7.3828,0,0,16.162741,574440729
15.998534,71.1914,7.3828,7.3828,0,0,16.162741,574440729
16.000515,71.1914,7.3828,7.3828,0,0,16.162741,574440729
16.002506,71.1914,7.3828,7.3828,0,0,16.162741,574440729
16.004487,71.1914,7.3828,7.3828,0,0,16.162741,574440729
16.006477,71.1914,7.3828,7.3828,0,0,16.162741,574440729
16.008460,71.1914,7.3828,7.3828,0,0,16.162741,574440729
16.010534,71.1914,7.3828,7.3828,0,0,16.162741,574440729
16.012533,71.1914,7.3828,7.3828,0,0,16.162741,574440729
16.014525,71.1914,7.3828,7.3828,0,0,16.162741,574440729
16.016506,71.1914,7.3828,7.3828,0,0,16.162741,574440729
16.018497,71.1914,7.3828,7.3828,0,0,16.162741,574440729
16.023130,71.1914,7.3828,7.3828,0,0,16.162741,574440729
16.023414,71.1914,7.3828,7.3828,0,0,16.162741,574440729
16.024462,71.1914,7.3828,7.3828,0,0,16.162741,574440729
16.026520,71.1914,7.3828,7.3828,0,0,16.162741,574440729
16.028518,71.1914,7.3828,7.3828,0,0,16.162741,574440729
16.030527,71.1914,7.3828,7.3828,0,0,16.162741,574440729
16.032516,71.1914,7.3828,7.3828,0,0,16.162741,574440729
16.034516,71.1914,7.3828,7.3828,0,0,16.162741,574440729
16.036516,71.1914,7.3828,7.3828,0,0,16.162741,574440729
16.038516,71.1914,7.3828,7.3828,0,0,16.162741,574440729
16.040516,71.1914,7.3828,7.3828,0,0,16.162741,574440729
16.042516,71.1914,7.3828,7.3828,0,0,16.162741,574440729
16.044516,71.1914,7.3828,7.3828,0,0,16.162741,574440729
16.046516,71.1914,7.3828,7.3828,0,0,16.162741,574440729
16.048516,71.1914,7.3828,7.3828,0,0,16.162741,574440729
16.050516,71.1914,7.3828,7.3828,0,0,16.162741,574440729
16.052516,71.1914,7.3828,7.3828,0,0,16.162741,574440729
16.054516,71.1914,7.3828,7.3828,0,0,16.162741,574440729
16.056516,71.1914,7.3828,7.3828,0,0,16.162741,574440729
16.058516,71.1914,7.3828,7.3828,0,0,16.162741,574440729
16.060516,71.1914,7.3828,7.3828,0,0,16.162741,574440729
16.062516,71.1914,7.3828,7.3828,0,0,16.162741,574440729
16.064516,71.1914,7.3828,7.3828,0,0,16.162741,574440729
16.066516,71.1914,7.3828,7.3828,0,0,16.162741,574440729
16.068516,71.1914,7.3828,7.3828,0,0,16.162741,574440729
16.070516,71.1914,7.3828,7.3828,0,0,16.162741,574440729
16.072516,71.1914,7.3828,7.3828,0,0,16.162741,574440729
16.074516,71.1914,7.3828,7.3828,0,0,16.162741,574440729
16.076516,71.1914,7.3828,7.3828,0,0,16.162741,574440729
16.078516,71.1914,7.3828,7.3828,0,0,16.162741,574440729
16.080516,71.1914,7.3828,7.3828,0,0,16.162741,574440729
16.082516,71.1914,7.3828,7.3828,0,0,16.162741,574440729
16.084515,71.1914,7.3828,7.3828,0,0,16.162741,574440729
16.086515,71.1914,7.3828,7.3828,0,0,16.162741,574440729
16.088515,71.1914,7.3828,7.3828,0,0,16.162741,574440729
16.090510,71.1914,7.3828,7.3828,0,0,16.162741,574440729
16.092506,71.1914,7.3828,7.3828,0,0,16.162741,574440729
16.094505,71.1914,7.3828,7.3828,0,0,16.162741,574440729
16.096503,71.1914,7.3828,7.3828,0,0,16.162741,574440729
16.098500,71.1914,7.3828,7.3828,0,0,16.162741,574440729
16.100498,71.1914,7.3828,7.3828,0,0,16.162741,574440729
16.102495,71.1914,7.3828,7.3828,0,0,16.162741,574440729
16.104494,71.1914,7.3828,7.3828,0,0,16.162741,574440729
16.106494,71.1914,7.3828,7.3828,0,0,16.162741,574440729
16.108494,71.1914,7.3828,7.3828,0,0,16.162741,574440729
16.110494,71.1914,7.3828,7.3828,0,0,16.162741,574440729
16.112505,71.1914,7.3828,7.3828,0,0,16.162741,574440729
16.114502,71.1914,7.3828,7.3828,0,0,16.162741,574440729
16.116499,71.1914,7.3828,7.3828,0,0,16.162741,574440729
16.118498,71.1914,7.3828,7.3828,0,0,16.162741,574440729
16.123064,71.1914,7.3828,7.3828,0,0,16.162741,574440729
16.123324,71.1914,7.3828,7.3828,0,0,16.162741,574440729
16.124532,71.1914,7.3828,7.3828,0,0,16.162741,574440729
16.126521,71.1914,7.3828,7.3828,0,0,16.162741,574440729
16.128455,71.1914,7.3828,7.3828,0,0,16.162741,574440729
16.130530,71.1914,7.3828,7.3828,0,0,16.162741,574440729
16.132510,71.1914,7.3828,7.3828,0,0,16.162741,574440729
16.134521,71.1914,7.3828,7.3828,0,0,16.162741,574440729
16.136514,71.1914,7.3828,7.3828,0,0,16.162741,574440729
16.138533,71.1914,7.3828,7.3828,0,0,16.162741,574440729
16.140483,71.1914,7.3828,7.3828,0,0,16.162741,574440729
16.142471,71.1914,7.3828,7.3828,0,0,16.162741,574440729
16.144538,71.1914,7.3828,7.3828,0,0,16.162741,574440729
16.146530,71.1914,7.3828,7.3828,0,0,16.162741,574440729
16.148510,71.1914,7.3828,7.3828,0,0,16.162741,574440729
16.150457,71.1914,7.3828,7.3828,0,0,16.162741,574440729
16.152488,71.1914,7.3828,7.3828,0,0,16.162741,574440729
16.156660,71.1914,7.3828,7.3828,0,0,16.393200,574670971
16.157092,71.1914,7.3828,7.3828,0,0,16.393200,574670971
16.158459,71.1914,7.3828,7.3828,0,0,16.393200,574670971
16.160523,71.1914,7.3828,7.3828,0,0,16.393200,574670971
16.162537,71.1914,7.5586,7.5586,0,0,16.393200,574670971
16.164533,71.1914,7.5586,7.5586,0,0,16.393200,574670971
16.166530,71.1914,7.5586,7.5586,0,0,16.393200,574670971
16.168537,71.1914,7.5586,7.5586,0,0,16.393200,574670971
16.170464,71.1914,7.5586,7.5586,0,0,16.393200,574670971
16.172693,71.1914,7.5586,7.5586,0,0,16.393200,574670971
16.174525,71.1914,7.5586,7.5586,0,0,16.393200,574670971
16.176481,71.1914,7.5586,7.5586,0,0,16.393200,574670971
16.178486,71.1914,7.5586,7.5586,0,0,16.393200,574670971
16.180502,71.1914,7.5586,7.5586,0,0,16.393200,574670971
16.182491,71.1914,7.5586,7.5586,0,0,16.393200,574670971
16.184491,71.1914,7.5586,7.5586,0,0,16.393200,574670971
16.186530,71.1914,7.5586,7.5586,0,0,16.393200,574670971
16.188516,71.1914,7.5586,7.5586,0,0,16.393200,574670971
16.190515,71.1914,7.5586,7.5586,0,0,16.393200,574670971
16.192515,71.1914,7.5586,7.5586,0,0,16.393200,574670971
16.194515,71.1914,7.5586,7.5586,0,0,16.393200,574670971
16.196510,71.1914,7.5586,7.5586,0,0,16.393200,574670971
16.198506,71.1914,7.5586,7.5586,0,0,16.393200,574670971
16.200505,71.1914,7.5586,7.5586,0,0,16.393200,574670971
16.202505,71.1914,7.5586,7.5586,0,0,16.393200,574670971
16.204502,71.1914,7.5586,7.5586,0,0,16.393200,574670971
16.206499,71.1914,7.5586,7.5586,0,0,16.393200,574670971
16.208498,71.1914,7.5586,7.5586,0,0,16.393200,574670971
16.210494,71.1914,7.5586,7.5586,0,0,16.393200,574670971
16.212515,71.1914,7.5586,7.5586,0,0,16.393200,574670971
16.214515,71.1914,7.5586,7.5586,0,0,16.393200,574670971
16.216510,71.1914,7.5586,7.5586,0,0,16.393200,574670971
16.218506,71.1914,7.5586,7.5586,0,0,16.393200,574670971
16.223482,71.1914,7.5586,7.5586,0,0,16.393200,574670971
16.223773,71.1914,7.5586,7.5586,0,0,16.393200,574670971
16.224477,71.1914,7.5586,7.5586,0,0,16.393200,574670971
16.226468,71.1914,7.5586,7.5586,0,0,16.393200,574670971
16.228534,71.1914,7.5586,7.5586,0,0,16.393200,574670971
16.230477,71.1914,7.5586,7.5586,0,0,16.393200,574670971
16.232534,71.1914,7.5586,7.5586,0,0,16.393200,574670971
16.234541,71.1914,7.5586,7.5586,0,0,16.393200,574670971
16.236460,71.1914,7.5586,7.5586,0,0,16.393200,574670971
16.238534,71.1914,7.5586,7.5586,0,0,16.393200,574670971
16.240515,71.1914,7.5586,7.5586,0,0,16.393200,574670971
16.242506,71.1914,7.5586,7.5586,0,0,16.393200,574670971
16.244487,71.1914,7.5586,7.5586,0,0,16.393200,574670971
16.246477,71.1914,7.5586,7.5586,0,0,16.393200,574670971
16.248460,71.1914,7.5586,7.5586,0,0,16.393200,574670971
16.250534,71.1914,7.5586,7.5586,0,0,16.393200,574670971
16.252515,71.1914,7.5586,7.5586,0,0,16.393200,574670971
16.254506,71.1914,7.5586,7.5586,0,0,16.393200,574670971
16.256487,71.1914,7.5586,7.5586,0,0,16.393200,574670971
16.258477,71.1914,7.5586,7.5586,0,0,16.393200,574670971
16.260460,71.1914,7.5586,7.5586,0,0,16.393200,574670971
16.262534,71.1914,7.5586,7.5586,0,0,16.393200,574670971
16.264515,71.1914,7.5586,7.5586,0,0,16.393200,574670971
16.266506,71.1914,7.5586,7.5586,0,0,16.393200,574670971
16.268487,71.1914,7.5586,7.5586,0,0,16.393200,574670971
16.270477,71.1914,7.5586,7.5586,0,0,16.393200,574670971
16.272460,71.1914,7.5586,7.5586,0,0,16.393200,574670971
16.274534,71.1914,7.7344,7.7344,0,0,16.393200,574670971
16.276515,71.1914,7.7344,7.7344,0,0,16.393200,574670971
16.278506,71.1914,7.7344,7.7344,0,0,16.393200,574670971
16.280487,71.1914,7.7344,7.7344,0,0,16.393200,574670971
16.282477,71.1914,7.7344,7.7344,0,0,16.393200,574670971
16.284460,71.1914,7.7344,7.7344,0,0,16.393200,574670971
16.286534,71.1914,7.7344,7.7344,0,0,16.393200,574670971
16.288515,71.1914,7.7344,7.7344,0,0,16.393200,574670971
16.290506,71.1914,7.7344,7.7344,0,0,16.393200,574670971
16.292487,71.1914,7.7344,7.7344,0,0,16.393200,574670971
16.294477,71.1914,7.7344,7.7344,0,0,16.393200,574670971
16.296460,71.1914,7.7344,7.7344,0,0,16.393200,574670971
16.298534,71.1914,7.7344,7.7344,0,0,16.393200,574670971
16.300515,71.1914,7.7344,7.7344,0,0,16.393200,574670971
16.302506,71.1914,7.7344,7.7344,0,0,16.393200,574670971
16.304487,71.1914,7.7344,7.7344,0,0,16.393200,574670971
16.306477,71.1914,7.7344,7.7344,0,0,16.393200,574670971
16.308460,71.1914,7.7344,7.7344,0,0,16.393200,574670971
16.310534,71.1914,7.7344,7.7344,0,0,16.393200,574670971
16.312521,71.1914,7.7344,7.7344,0,0,16.393200,574670971
16.314508,71.1914,7.7344,7.7344,0,0,16.393200,574670971
16.316491,71.1914,7.7344,7.7344,0,0,16.393200,574670971
16.318480,71.1914,7.7344,7.7344,0,0,16.393200,574670971
16.323014,71.1914,7.7344,7.7344,0,0,16.393200,574670971
16.323270,71.1914,7.7344,7.7344,0,0,16.393200,574670971
16.324505,71.1914,7.7344,7.7344,0,0,16.393200,574670971
16.326505,71.1914,7.7344,7.7344,0,0,16.393200,574670971
16.328503,71.1914,7.7344,7.7344,0,0,16.393200,574670971
16.330500,71.1914,7.5586,7.5586,0,0,16.393200,574670971
16.332501,71.1914,7.5586,7.5586,0,0,16.393200,574670971
16.334460,71.1914,7.5586,7.5586,0,0,16.393200,574670971
16.336469,71.1914,7.5586,7.5586,0,0,16.393200,574670971
16.338468,71.1914,7.5586,7.5586,0,0,16.393200,574670971
16.340469,71.1914,7.5586,7.5586,0,0,16.393200,574670971
16.342469,71.1914,7.5586,7.5586,0,0,16.393200,574670971
16.344469,71.1914,7.5586,7.5586,0,0,16.393200,574670971
16.346469,71.1914,7.5586,7.5586,0,0,16.393200,574670971
16.348469,71.1914,7.5586,7.5586,0,0,16.393200,574670971
16.350469,71.1914,7.5586,7.5586,0,0,16.393200,574670971
16.352469,71.1914,7.5586,7.5586,0,0,16.393200,574670971
16.354469,71.1914,7.5586,7.5586,0,0,16.393200,574670971
16.356469,71.1914,7.5586,7.5586,0,0,16.393200,574670971
16.358469,71.1914,7.5586,7.5586,0,0,16.393200,574670971
16.360469,71.1914,7.5586,7.5586,0,0,16.393200,574670971
16.362469,71.1914,7.5586,7.5586,0,0,16.393200,574670971
16.364469,71.1914,7.5586,7.5586,0,0,16.393200,574670971
16.366469,71.1914,7.5586,7.5586,0,0,16.393200,574670971
16.368469,71.1914,7.5586,7.5586,0,0,16.393200,574670971
16.370469,71.1914,7.5586,7.5586,0,0,16.393200,574670971
16.372469,71.1914,7.5586,7.5586,0,0,16.393200,574670971
16.374469,71.1914,7.5586,7.5586,0,0,16.393200,574670971
16.376494,71.1914,7.5586,7.5586,0,0,16.393200,574670971
16.378504,71.1914,7.5586,7.5586,0,0,16.393200,574670971
16.380479,71.1914,7.5586,7.5586,0,0,16.393200,574670971
16.382496,71.1914,7.5586,7.5586,0,0,16.393200,574670971
16.386703,71.1914,7.5586,7.5586,0,0,16.635902,574922500
16.387286,71.1914,7.5586,7.5586,0,0,16.635902,574922500
16.388474,71.1914,7.5586,7.5586,0,0,16.635902,574922500
16.390469,71.1914,7.5586,7.5586,0,0,16.635902,574922500
16.392479,71.1914,7.5586,7.5586,0,0,16.635902,574922500
16.394493,71.1914,7.5586,7.5586,0,0,16.635902,574922500
16.396491,71.1914,7.5586,7.5586,0,0,16.635902,574922500
16.398521,71.1914,7.5586,7.5586,0,0,16.635902,574922500
16.400516,71.1914,7.5586,7.5586,0,0,16.635902,574922500
16.402545,71.1914,7.5586,7.5586,0,0,16.635902,574922500
16.404471,71.1914,7.5586,7.5586,0,0,16.635902,574922500
16.406459,71.1914,7.5586,7.5586,0,0,16.635902,574922500
16.408460,71.1914,7.5586,7.5586,0,0,16.635902,574922500
16.410513,71.1914,7.5586,7.5586,0,0,16.635902,574922500
16.412494,71.1914,7.5586,7.5586,0,0,16.635902,574922500
16.414494,71.1914,7.5586,7.5586,0,0,16.635902,574922500
16.416491,71.1914,7.5586,7.5586,0,0,16.635902,574922500
16.418491,71.1914,7.5586,7.5586,0,0,16.635902,574922500
16.423546,71.1914,7.5586,7.5586,0,0,16.635902,574922500
16.423865,71.1914,7.5586,7.5586,0,0,16.635902,574922500
16.424468,71.1914,7.5586,7.5586,0,0,16.635902,574922500
16.426457,71.1914,7.5586,7.5586,0,0,16.635902,574922500
16.428538,71.1914,7.5586,7.5586,0,0,16.635902,574922500
16.430530,71.1914,7.5586,7.5586,0,0,16.635902,574922500
16.432509,71.1914,7.5586,7.5586,0,0,16.635902,574922500
16.434498,71.1914,7.5586,7.5586,0,0,16.635902,574922500
16.436455,71.1914,7.5586,7.5586,0,0,16.635902,574922500
16.438469,71.1914,7.5586,7.5586,0,0,16.635902,574922500
16.440537,71.1914,7.5586,7.5586,0,0,16.635902,574922500
16.442525,71.1914,7.5586,7.5586,0,0,16.635902,574922500
16.444506,71.1914,7.5586,7.5586,0,0,16.635902,574922500
16.446498,71.1914,7.5586,7.5586,0,0,16.635902,574922500
16.448479,71.1914,7.5586,7.5586,0,0,16.635902,574922500
16.450468,71.1914,7.5586,7.5586,0,0,16.635902,574922500
16.452534,71.1914,7.5586,7.5586,0,0,16.635902,574922500
16.454525,71.1914,7.5586,7.5586,0,0,16.635902,574922500
16.456506,71.1914,7.5586,7.5586,0,0,16.635902,574922500
16.458495,71.1914,7.3828,7.3828,0,0,16.635902,574922500
16.460477,71.1914,7.3828,7.3828,0,0,16.635902,574922500
16.462468,71.1914,7.3828,7.3828,0,0,16.635902,574922500
16.464534,71.1914,7.3828,7.3828,0,0,16.635902,574922500
16.466524,71.1914,7.3828,7.3828,0,0,16.635902,574922500
16.468506,71.1914,7.3828,7.3828,0,0,16.635902,574922500
16.470494,71.1914,7.3828,7.3828,0,0,16.635902,574922500
16.472477,71.1914,7.3828,7.3828,0,0,16.635902,574922500
16.474468,71.1914,7.3828,7.3828,0,0,16.635902,574922500
16.476534,71.1914,7.3828,7.3828,0,0,16.635902,574922500
16.478525,71.1914,7.3828,7.3828,0,0,16.635902,574922500
16.480506,71.1914,7.3828,7.3828,0,0,16.635902,574922500
16.482495,71.1914,7.3828,7.3828,0,0,16.635902,574922500
16.484477,71.1914,7.3828,7.3828,0,0,16.635902,574922500
16.486468,71.1914,7.3828,7.3828,0,0,16.635902,574922500
16.488534,71.1914,7.3828,7.3828,0,0,16.635902,574922500
16.490524,71.1914,7.3828,7.3828,0,0,16.635902,574922500
16.492506,71.1914,7.3828,7.3828,0,0,16.635902,574922500
16.494494,71.1914,7.3828,7.3828,0,0,16.635902,574922500
16.496477,71.1914,7.3828,7.3828,0,0,16.635902,574922500
16.498468,71.1914,7.3828,7.3828,0,0,16.635902,574922500
16.500534,71.1914,7.3828,7.3828,0,0,16.635902,574922500
16.502525,71.1914,7.3828,7.3828,0,0,16.635902,574922500
16.504506,71.1914,7.3828,7.3828,0,0,16.635902,574922500
16.506495,71.1914,7.3828,7.3828,0,0,16.635902,574922500
16.508477,71.1914,7.3828,7.3828,0,0,16.635902,574922500
16.510468,71.1914,7.3828,7.3828,0,0,16.635902,574922500
16.512460,71.1914,7.3828,7.3828,0,0,16.635902,574922500
16.514534,71.1914,7.3828,7.3828,0,0,16.635902,574922500
16.516518,71.1914,7.3828,7.3828,0,0,16.635902,574922500
16.518506,71.1914,7.3828,7.3828,0,0,16.635902,574922500
16.523233,71.1914,7.3828,7.3828,0,0,16.635902,574922500
16.523505,71.1914,7.3828,7.3828,0,0,16.635902,574922500
16.524470,71.1914,7.3828,7.3828,0,0,16.635902,574922500
16.526468,71.1914,7.3828,7.3828,0,0,16.635902,574922500
16.528464,71.1914,7.3828,7.3828,0,0,16.635902,574922500
16.530460,71.1914,7.3828,7.3828,0,0,16.635902,574922500
16.532460,71.1914,7.3828,7.3828,0,0,16.635902,574922500
16.534460,71.1914,7.3828,7.3828,0,0,16.635902,574922500
16.536460,71.1914,7.3828,7.3828,0,0,16.635902,574922500
16.538501,71.1914,7.3828,7.3828,0,0,16.635902,574922500
16.540498,71.1914,7.3828,7.3828,0,0,16.635902,574922500
16.542509,71.1914,7.3828,7.3828,0,0,16.635902,574922500
16.544506,71.1914,7.3828,7.3828,0,0,16.635902,574922500
16.546505,71.1914,7.3828,7.3828,0,0,16.635902,574922500
16.548505,71.1914,7.3828,7.3828,0,0,16.635902,574922500
16.550502,71.1914,7.3828,7.3828,0,0,16.635902,574922500
16.552498,71.1914,7.3828,7.3828,0,0,16.635902,574922500
16.554495,71.1914,7.3828,7.3828,0,0,16.635902,574922500
16.556494,71.1914,7.3828,7.3828,0,0,16.635902,574922500
16.558491,71.1914,7.3828,7.3828,0,0,16.635902,574922500
16.560491,71.1914,7.3828,7.3828,0,0,16.635902,574922500
16.562492,71.1914,7.3828,7.3828,0,0,16.635902,574922500
16.564491,71.1914,7.3828,7.3828,0,0,16.635902,574922500
16.566491,71.1914,7.3828,7.3828,0,0,16.635902,574922500
16.568491,71.1914,7.3828,7.3828,0,0,16.635902,574922500
16.570491,71.1914,7.3828,7.3828,0,0,16.635902,574922500
16.572491,71.1914,7.3828,7.3828,0,0,16.635902,574922500
16.574491,71.1914,7.3828,7.3828,0,0,16.635902,574922500
16.576491,71.1914,7.3828,7.3828,0,0,16.635902,574922500
16.578491,71.1914,7.3828,7.3828,0,0,16.635902,574922500
16.580491,71.1914,7.3828,7.3828,0,0,16.635902,574922500
16.582491,71.1914,7.3828,7.3828,0,0,16.635902,574922500
16.584491,71.1914,7.3828,7.3828,0,0,16.635902,574922500
16.586491,71.1914,7.3828,7.3828,0,0,16.635902,574922500
16.588491,71.1914,7.3828,7.3828,0,0,16.635902,574922500
16.590491,71.1914,7.3828,7.3828,0,0,16.635902,574922500
16.592491,71.1914,7.3828,7.3828,0,0,16.635902,574922500
16.594491,71.1914,7.3828,7.3828,0,0,16.635902,574922500
16.596491,71.1914,7.3828,7.3828,0,0,16.635902,574922500
16.598491,71.1914,7.3828,7.3828,0,0,16.635902,574922500
16.600491,71.1914,7.3828,7.3828,0,0,16.635902,574922500
16.602491,71.1914,7.3828,7.3828,0,0,16.635902,574922500
16.604492,71.1914,7.3828,7.3828,0,0,16.635902,574922500
16.606491,71.1914,7.3828,7.3828,0,0,16.635902,574922500
16.608491,71.1914,7.3828,7.3828,0,0,16.635902,574922500
16.610512,71.1914,7.3828,7.3828,0,0,16.635902,574922500
16.612508,71.1914,7.3828,7.3828,0,0,16.635902,574922500
16.614500,71.1914,7.3828,7.3828,0,0,16.635902,574922500
16.616497,71.1914,7.3828,7.3828,0,0,16.635902,574922500
16.618494,71.1914,7.3828,7.3828,0,0,16.635902,574922500
16.623058,71.1914,7.3828,7.3828,0,0,16.635902,574922500
16.623323,71.1914,7.3828,7.3828,0,0,16.635902,574922500
16.624526,71.1914,7.3828,7.3828,0,0,16.635902,574922500
16.626518,71.1914,7.3828,7.3828,0,0,16.635902,574922500
16.628498,71.1914,7.3828,7.3828,0,0,16.635902,574922500
16.630487,71.1914,7.3828,7.3828,0,0,16.635902,574922500
16.632506,71.1914,7.3828,7.3828,0,0,16.635902,574922500
16.634919,71.1914,7.3828,7.3828,0,0,16.635902,574922500
16.638448,71.1914,7.3828,7.3828,0,0,16.872700,575158117
16.638879,71.1914,7.3828,7.3828,0,0,16.872700,575158117
16.640507,71.1914,7.3828,7.3828,0,0,16.872700,575158117
16.642513,71.1914,7.3828,7.3828,0,0,16.872700,575158117
16.644495,71.1914,7.3828,7.3828,0,0,16.872700,575158117
16.646489,71.1914,7.3828,7.3828,0,0,16.872700,575158117
16.648522,71.1914,7.3828,7.3828,0,0,16.872700,575158117
16.650473,71.1914,7.3828,7.3828,0,0,16.872700,575158117
16.652492,71.1914,7.3828,7.3828,0,0,16.872700,575158117
16.654466,71.1914,7.3828,7.3828,0,0,16.872700,575158117
16.656479,71.1914,7.3828,7.3828,0,0,16.872700,575158117
16.658477,71.1914,7.3828,7.3828,0,0,16.872700,575158117
16.660476,71.1914,7.3828,7.3828,0,0,16.872700,575158117
16.662473,71.1914,7.3828,7.3828,0,0,16.872700,575158117
16.664468,71.1914,7.3828,7.3828,0,0,16.872700,575158117
16.666469,71.1914,7.3828,7.3828,0,0,16.872700,575158117
16.668469,71.1914,7.5586,7.5586,0,0,16.872700,575158117
16.670469,71.1914,7.5586,7.5586,0,0,16.872700,575158117
16.672469,71.1914,7.5586,7.5586,0,0,16.872700,575158117
16.674469,71.1914,7.5586,7.5586,0,0,16.872700,575158117
16.676469,71.1914,7.5586,7.5586,0,0,16.872700,575158117
16.678469,71.1914,7.5586,7.5586,0,0,16.872700,575158117
16.680469,71.1914,7.5586,7.5586,0,0,16.872700,575158117
16.682469,71.1914,7.5586,7.5586,0,0,16.872700,575158117
16.684469,71.1914,7.5586,7.5586,0,0,16.872700,575158117
16.686469,71.1914,7.5586,7.5586,0,0,16.872700,575158117
16.688469,71.1914,7.5586,7.5586,0,0,16.872700,575158117
16.690469,71.1914,7.5586,7.5586,0,0,16.872700,575158117
16.692469,71.1914,7.5586,7.5586,0,0,16.872700,575158117
16.694469,71.1914,7.5586,7.5586,0,0,16.872700,575158117
16.696469,71.1914,7.5586,7.5586,0,0,16.872700,575158117
16.698469,71.1914,7.5586,7.5586,0,0,16.872700,575158117
16.700469,71.1914,7.5586,7.5586,0,0,16.872700,575158117
16.702469,71.1914,7.5586,7.5586,0,0,16.872700,575158117
16.704469,71.1914,7.5586,7.5586,0,0,16.872700,575158117
16.706469,71.1914,7.5586,7.5586,0,0,16.872700,575158117
16.708469,71.1914,7.5586,7.5586,0,0,16.872700,575158117
16.710469,71.1914,7.5586,7.5586,0,0,16.872700,575158117
16.712480,71.1914,7.5586,7.5586,0,0,16.872700,575158117
16.714479,71.1914,7.5586,7.5586,0,0,16.872700,575158117
16.716477,71.1914,7.5586,7.5586,0,0,16.872700,575158117
16.718477,71.1914,7.5586,7.5586,0,0,16.872700,575158117
16.723531,71.1914,7.5586,7.5586,0,0,16.872700,575158117
16.723818,71.1914,7.5586,7.5586,0,0,16.872700,575158117
16.724522,71.1914,7.5586,7.5586,0,0,16.872700,575158117
16.726510,71.1914,7.5586,7.5586,0,0,16.872700,575158117
16.728494,71.1914,7.5586,7.5586,0,0,16.872700,575158117
16.730483,71.1914,7.5586,7.5586,0,0,16.872700,575158117
16.732464,71.1914,7.5586,7.5586,0,0,16.872700,575158117
16.734456,71.1914,7.5586,7.5586,0,0,16.872700,575158117
16.736524,71.1914,7.5586,7.5586,0,0,16.872700,575158117
16.738515,71.1914,7.5586,7.5586,0,0,16.872700,575158117
16.740498,71.1914,7.5586,7.5586,0,0,16.872700,575158117
16.742462,71.1914,7.5586,7.5586,0,0,16.872700,575158117
16.744530,71.1914,7.5586,7.5586,0,0,16.872700,575158117
16.746461,71.1914,7.5586,7.5586,0,0,16.872700,575158117
16.748530,71.1914,7.5586,7.5586,0,0,16.872700,575158117
16.750518,71.1914,7.5586,7.5586,0,0,16.872700,575158117
16.752499,71.1914,7.5586,7.5586,0,0,16.872700,575158117
16.754491,71.1914,7.5586,7.5586,0,0,16.872700,575158117
16.756472,71.1914,7.5586,7.5586,0,0,16.872700,575158117
16.758460,71.1914,7.5586,7.5586,0,0,16.872700,575158117
16.760530,71.1914,7.5586,7.5586,0,0,16.872700,575158117
16.762518,71.1914,7.5586,7.5586,0,0,16.872700,575158117
16.764498,71.1914,7.5586,7.5586,0,0,16.872700,575158117
16.766487,71.1914,7.5586,7.5586,0,0,16.872700,575158117
16.768468,71.1914,7.5586,7.5586,0,0,16.872700,575158117
16.770457,71.1914,7.5586,7.5586,0,0,16.872700,575158117
16.772524,71.1914,7.5586,7.5586,0,0,16.872700,575158117
16.774515,71.1914,7.5586,7.5586,0,0,16.872700,575158117
16.776498,71.1914,7.5586,7.5586,0,0,16.872700,575158117
16.778487,71.1914,7.5586,7.5586,0,0,16.872700,575158117
16.780468,71.1914,7.5586,7.5586,0,0,16.872700,575158117
16.782457,71.1914,7.5586,7.5586,0,0,16.872700,575158117
16.784524,71.1914,7.5586,7.5586,0,0,16.872700,575158117
16.786515,71.1914,7.5586,7.5586,0,0,16.872700,575158117
16.788498,71.1914,7.5586,7.5586,0,0,16.872700,575158117
16.790487,71.1914,7.5586,7.5586,0,0,16.872700,575158117
16.792468,71.1914,7.5586,7.5586,0,0,16.872700,575158117
16.794457,71.1914,7.5586,7.5586,0,0,16.872700,575158117
16.796524,71.1914,7.5586,7.5586,0,0,16.872700,575158117
16.798515,71.1914,7.5586,7.5586,0,0,16.872700,575158117
16.800498,71.1914,7.5586,7.5586,0,0,16.872700,575158117
16.802487,71.1914,7.5586,7.5586,0,0,16.872700,575158117
16.804468,71.1914,7.5586,7.5586,0,0,16.872700,575158117
16.806457,71.1914,7.5586,7.5586,0,0,16.872700,575158117
16.808524,71.1914,7.5586,7.5586,0,0,16.872700,575158117
16.810515,71.1914,7.5586,7.5586,0,0,16.872700,575158117
16.812506,71.1914,7.5586,7.5586,0,0,16.872700,575158117
16.814495,71.1914,7.5586,7.5586,0,0,16.872700,575158117
16.816477,71.1914,7.5586,7.5586,0,0,16.872700,575158117
16.818468,71.1914,7.5586,7.5586,0,0,16.872700,575158117
16.823000,71.1914,7.5586,7.5586,0,0,16.872700,575158117
16.823260,71.1914,7.5586,7.5586,0,0,16.872700,575158117
16.824492,71.1914,7.5586,7.5586,0,0,16.872700,575158117
16.826491,71.1914,7.5586,7.5586,0,0,16.872700,575158117
16.828491,71.1914,7.5586,7.5586,0,0,16.872700,575158117
16.830491,71.1914,7.5586,7.5586,0,0,16.872700,575158117
16.832491,71.1914,7.5586,7.5586,0,0,16.872700,575158117
16.834491,71.1914,7.5586,7.5586,0,0,16.872700,575158117
16.836491,71.1914,7.5586,7.5586,0,0,16.872700,575158117
16.838491,71.1914,7.5586,7.5586,0,0,16.872700,575158117
16.840491,71.1914,7.5586,7.5586,0,0,16.872700,575158117
16.842491,71.1914,7.5586,7.5586,0,0,16.872700,575158117
16.844524,71.1914,7.5586,7.5586,0,0,16.872700,575158117
16.846522,71.1914,7.5586,7.5586,0,0,16.872700,575158117
16.848518,71.1914,7.5586,7.5586,0,0,16.872700,575158117
16.850519,71.1914,7.5586,7.5586,0,0,16.872700,575158117
16.852534,71.1914,7.5586,7.5586,0,0,16.872700,575158117
16.854533,71.1914,7.5586,7.5586,0,0,16.872700,575158117
16.856530,71.1914,7.5586,7.5586,0,0,16.872700,575158117
16.858525,71.1914,7.5586,7.5586,0,0,16.872700,575158117
16.860471,71.1914,7.5586,7.5586,0,0,16.872700,575158117
16.862488,71.1914,7.5586,7.5586,0,0,16.872700,575158117
16.864466,71.1914,7.5586,7.5586,0,0,16.872700,575158117
16.866463,71.1914,7.5586,7.5586,0,0,16.872700,575158117
16.868535,71.1914,7.5586,7.5586,0,0,16.872700,575158117
16.870633,71.1914,7.5586,7.5586,0,0,16.872700,575158117
16.874132,71.1914,7.5586,7.5586,0,0,17.130612,575411419
16.874580,71.1914,7.5586,7.5586,0,0,17.130612,575411419
16.876487,71.1914,7.5586,7.5586,0,0,17.130612,575411419
16.878829,71.1914,7.5586,7.5586,0,0,17.130612,575411419
16.880502,71.1914,7.5586,7.5586,0,0,17.130612,575411419
16.882461,71.1914,7.5586,7.5586,0,0,17.130612,575411419
16.884520,71.1914,7.5586,7.5586,0,0,17.130612,575411419
16.886522,71.1914,7.5586,7.5586,0,0,17.130612,575411419
16.888496,71.1914,7.5586,7.5586,0,0,17.130612,575411419
16.890491,71.1914,7.5586,7.5586,0,0,17.130612,575411419
16.892498,71.1914,7.5586,7.5586,0,0,17.130612,575411419
16.894495,71.1914,7.5586,7.5586,0,0,17.130612,575411419
16.896494,71.1914,7.5586,7.5586,0,0,17.130612,575411419
16.898491,71.1914,7.5586,7.5586,0,0,17.130612,575411419
16.900491,71.1914,7.5586,7.5586,0,0,17.130612,575411419
16.902491,71.1914,7.5586,7.5586,0,0,17.130612,575411419
16.904491,71.1914,7.5586,7.5586,0,0,17.130612,575411419
16.906491,71.1914,7.5586,7.5586,0,0,17.130612,575411419
16.908491,71.1914,7.5586,7.5586,0,0,17.130612,575411419
16.910491,71.1914,7.5586,7.5586,0,0,17.130612,575411419
16.912509,71.1914,7.5586,7.5586,0,0,17.130612,575411419
16.914506,71.1914,7.5586,7.5586,0,0,17.130612,575411419
16.916505,71.1914,7.5586,7.5586,0,0,17.130612,575411419
16.918505,71.1914,7.5586,7.5586,0,0,17.130612,575411419
16.923475,71.1914,7.5586,7.5586,0,0,17.130612,575411419
16.923778,71.1914,7.5586,7.5586,0,0,17.130612,575411419
16.924479,71.1914,7.5586,7.5586,0,0,17.130612,575411419
16.926468,71.1914,7.5586,7.5586,0,0,17.130612,575411419
16.928469,71.1914,7.5586,7.5586,0,0,17.130612,575411419
16.930486,71.1914,7.5586,7.5586,0,0,17.130612,575411419
16.932468,71.1914,7.5586,7.5586,0,0,17.130612,575411419
16.934457,71.1914,7.5586,7.5586,0,0,17.130612,575411419
16.936524,71.1914,7.5586,7.5586,0,0,17.130612,575411419
16.938515,71.1914,7.5586,7.5586,0,0,17.130612,575411419
16.940498,71.1914,7.5586,7.5586,0,0,17.130612,575411419
16.942487,71.1914,7.5586,7.5586,0,0,17.130612,575411419
16.944468,71.1914,7.5586,7.5586,0,0,17.130612,575411419
16.946481,71.1914,7.5586,7.5586,0,0,17.130612,575411419
16.948464,71.1914,7.5586,7.5586,0,0,17.130612,575411419
16.950464,71.1914,7.5586,7.5586,0,0,17.130612,575411419
16.952515,71.1914,7.5586,7.5586,0,0,17.130612,575411419
16.954506,71.1914,7.5586,7.5586,0,0,17.130612,575411419
16.956487,71.1914,7.5586,7.5586,0,0,17.130612,575411419
16.958477,71.1914,7.5586,7.5586,0,0,17.130612,575411419
16.960460,71.1914,7.5586,7.5586,0,0,17.130612,575411419
16.962534,71.1914,7.5586,7.5586,0,0,17.130612,575411419
16.964515,71.1914,7.5586,7.5586,0,0,17.130612,575411419
16.966506,71.1914,7.5586,7.5586,0,0,17.130612,575411419
16.968487,71.1914,7.5586,7.5586,0,0,17.130612,575411419
16.970477,71.1914,7.5586,7.5586,0,0,17.130612,575411419
16.972460,71.1914,7.5586,7.5586,0,0,17.130612,575411419
16.974534,71.1914,7.5586,7.5586,0,0,17.130612,575411419
16.976515,71.1914,7.5586,7.5586,0,0,17.130612,575411419
16.978506,71.1914,7.5586,7.5586,0,0,17.130612,575411419
16.980487,71.1914,7.5586,7.5586,0,0,17.130612,575411419
16.982477,71.1914,7.5586,7.5586,0,0,17.130612,575411419
16.984460,71.1914,7.5586,7.5586,0,0,17.130612,575411419
16.986534,71.1914,7.5586,7.5586,0,0,17.130612,575411419
16.988515,71.1914,7.5586,7.5586,0,0,17.130612,575411419
16.990506,71.1914,7.5586,7.5586,0,0,17.130612,575411419
16.992487,71.1914,7.5586,7.5586,0,0,17.130612,575411419
16.994477,71.1914,7.5586,7.5586,0,0,17.130612,575411419
16.996460,71.1914,7.5586,7.5586,0,0,17.130612,575411419
16.998534,71.1914,7.5586,7.5586,0,0,17.130612,575411419
17.000515,71.1914,7.5586,7.5586,0,0,17.130612,575411419
17.002506,71.1914,7.5586,7.5586,0,0,17.130612,575411419
17.004487,71.1914,7.5586,7.5586,0,0,17.130612,575411419
17.006477,71.1914,7.5586,7.5586,0,0,17.130612,575411419
17.008460,71.1914,7.5586,7.5586,0,0,17.130612,575411419
17.010534,71.1914,7.5586,7.5586,0,0,17.130612,575411419
17.012525,71.1914,7.5586,7.5586,0,0,17.130612,575411419
17.014515,71.1914,7.5586,7.5586,0,0,17.130612,575411419
17.016497,71.1914,7.5586,7.5586,0,0,17.130612,575411419
17.018487,71.1914,7.5586,7.5586,0,0,17.130612,575411419
17.023018,71.1914,7.5586,7.5586,0,0,17.130612,575411419
17.023284,71.1914,7.5586,7.5586,0,0,17.130612,575411419
17.024510,71.1914,7.5586,7.5586,0,0,17.130612,575411419
17.026506,71.1914,7.5586,7.5586,0,0,17.130612,575411419
17.028505,71.1914,7.5586,7.5586,0,0,17.130612,575411419
17.030505,71.1914,7.5586,7.5586,0,0,17.130612,575411419
17.032502,71.1914,7.5586,7.5586,0,0,17.130612,575411419
17.034499,71.1914,7.5586,7.5586,0,0,17.130612,575411419
17.036497,71.1914,7.5586,7.5586,0,0,17.130612,575411419
17.038494,71.1914,7.5586,7.5586,0,0,17.130612,575411419
17.040491,71.1914,7.5586,7.5586,0,0,17.130612,575411419
17.042491,71.1914,7.5586,7.5586,0,0,17.130612,575411419
17.044491,71.1914,7.5586,7.5586,0,0,17.130612,575411419
17.046491,71.1914,7.5586,7.5586,0,0,17.130612,575411419
17.048491,71.1914,7.5586,7.5586,0,0,17.130612,575411419
17.050525,71.1914,7.5586,7.5586,0,0,17.130612,575411419
17.052525,71.1914,7.5586,7.5586,0,0,17.130612,575411419
17.054525,71.1914,7.5586,7.5586,0,0,17.130612,575411419
17.056460,71.1914,7.5586,7.5586,0,0,17.130612,575411419
17.058460,71.1914,7.5586,7.5586,0,0,17.130612,575411419
17.060460,71.1914,7.5586,7.5586,0,0,17.130612,575411419
17.062460,71.1914,7.5586,7.5586,0,0,17.130612,575411419
17.064460,71.1914,7.5586,7.5586,0,0,17.130612,575411419
17.066460,71.1914,7.5586,7.5586,0,0,17.130612,575411419
17.068460,71.1914,7.5586,7.5586,0,0,17.130612,575411419
17.070460,71.1914,7.5586,7.5586,0,0,17.130612,575411419
17.072460,71.1914,7.5586,7.5586,0,0,17.130612,575411419
17.074460,71.1914,7.5586,7.5586,0,0,17.130612,575411419
17.076460,71.1914,7.5586,7.5586,0,0,17.130612,575411419
17.078460,71.1914,7.5586,7.5586,0,0,17.130612,575411419
17.080460,71.1914,7.5586,7.5586,0,0,17.130612,575411419
17.082460,71.1914,7.5586,7.5586,0,0,17.130612,575411419
17.084460,71.1914,7.5586,7.5586,0,0,17.130612,575411419
17.086460,71.1914,7.5586,7.5586,0,0,17.130612,575411419
17.088460,71.1914,7.5586,7.5586,0,0,17.130612,575411419
17.090460,71.1914,7.5586,7.5586,0,0,17.130612,575411419
17.092460,71.1914,7.5586,7.5586,0,0,17.130612,575411419
17.094461,71.1914,7.5586,7.5586,0,0,17.130612,575411419
17.096515,71.1914,7.5586,7.5586,0,0,17.130612,575411419
17.098524,71.1914,7.5586,7.5586,0,0,17.130612,575411419
17.100458,71.1914,7.5586,7.5586,0,0,17.130612,575411419
17.102469,71.1914,7.5586,7.5586,0,0,17.130612,575411419
17.104468,71.1914,7.5586,7.5586,0,0,17.130612,575411419
17.106494,71.1914,7.5586,7.5586,0,0,17.130612,575411419
17.108494,71.1914,7.5586,7.5586,0,0,17.130612,575411419
17.110491,71.1914,7.5586,7.5586,0,0,17.130612,575411419
17.112506,71.1914,7.5586,7.5586,0,0,17.130612,575411419
17.114527,71.1914,7.5586,7.5586,0,0,17.130612,575411419
17.116524,71.1914,7.5586,7.5586,0,0,17.130612,575411419
17.118522,71.1914,7.5586,7.5586,0,0,17.130612,575411419
17.123198,71.1914,7.5586,7.5586,0,0,17.130612,575411419
17.123559,71.1914,7.5586,7.5586,0,0,17.130612,575411419
17.127376,71.1914,7.5586,7.5586,0,0,17.390734,575676325
17.127804,71.1914,7.5586,7.5586,0,0,17.390734,575676325
17.128536,71.1914,7.5586,7.5586,0,0,17.390734,575676325
17.130518,71.1914,7.5586,7.5586,0,0,17.390734,575676325
17.132530,71.1914,7.5586,7.5586,0,0,17.390734,575676325
17.134472,71.1914,7.5586,7.5586,0,0,17.390734,575676325
17.136472,71.1914,7.5586,7.5586,0,0,17.390734,575676325
17.138468,71.1914,7.5586,7.5586,0,0,17.390734,575676325
17.140515,71.1914,7.5586,7.5586,0,0,17.390734,575676325
17.142459,71.1914,7.5586,7.5586,0,0,17.390734,575676325
17.144509,71.1914,7.5586,7.5586,0,0,17.390734,575676325
17.146505,71.1914,7.5586,7.5586,0,0,17.390734,575676325
17.148455,71.1914,7.5586,7.5586,0,0,17.390734,575676325
17.150499,71.1914,7.5586,7.5586,0,0,17.390734,575676325
17.152477,71.1914,7.5586,7.5586,0,0,17.390734,575676325
17.154477,71.1914,7.5586,7.5586,0,0,17.390734,575676325
17.156495,71.1914,7.5586,7.5586,0,0,17.390734,575676325
17.158494,71.1914,7.5586,7.5586,0,0,17.390734,575676325
17.160491,71.1914,7.5586,7.5586,0,0,17.390734,575676325
17.162491,71.1914,7.5586,7.5586,0,0,17.390734,575676325
17.164491,71.1914,7.5586,7.5586,0,0,17.390734,575676325
17.166491,71.1914,7.5586,7.5586,0,0,17.390734,575676325
17.168491,71.1914,7.5586,7.5586,0,0,17.390734,575676325
17.170491,71.1914,7.5586,7.5586,0,0,17.390734,575676325
17.172491,71.1914,7.5586,7.5586,0,0,17.390734,575676325
17.174491,71.1914,7.5586,7.5586,0,0,17.390734,575676325
17.176491,71.1914,7.5586,7.5586,0,0,17.390734,575676325
17.178491,71.1914,7.5586,7.5586,0,0,17.390734,575676325
17.180491,71.1914,7.5586,7.5586,0,0,17.390734,575676325
17.182491,71.1914,7.5586,7.5586,0,0,17.390734,575676325
17.184491,71.1914,7.5586,7.5586,0,0,17.390734,575676325
17.186491,71.1914,7.5586,7.5586,0,0,17.390734,575676325
17.188491,71.1914,7.5586,7.5586,0,0,17.390734,575676325
17.190491,71.1914,7.5586,7.5586,0,0,17.390734,575676325
17.192491,71.1914,7.5586,7.5586,0,0,17.390734,575676325
17.194491,71.1914,7.5586,7.5586,0,0,17.390734,575676325
17.196491,71.1914,7.5586,7.5586,0,0,17.390734,575676325
17.198491,71.1914,7.5586,7.5586,0,0,17.390734,575676325
17.200491,71.1914,7.5586,7.5586,0,0,17.390734,575676325
17.202491,71.1914,7.5586,7.5586,0,0,17.390734,575676325
17.204491,71.1914,7.5586,7.5586,0,0,17.390734,575676325
17.206491,71.1914,7.5586,7.5586,0,0,17.390734,575676325
17.208491,71.1914,7.5586,7.5586,0,0,17.390734,575676325
17.210491,71.1914,7.5586,7.5586,0,0,17.390734,575676325
17.212505,71.1914,7.5586,7.5586,0,0,17.390734,575676325
17.214502,71.1914,7.5586,7.5586,0,0,17.390734,575676325
17.216499,71.1914,7.5586,7.5586,0,0,17.390734,575676325
17.218497,71.1914,7.5586,7.5586,0,0,17.390734,575676325
17.223517,71.1914,7.5586,7.5586,0,0,17.390734,575676325
17.223816,71.1914,7.5586,7.5586,0,0,17.390734,575676325
17.224516,71.1914,7.5586,7.5586,0,0,17.390734,575676325
17.226506,71.1914,7.5586,7.5586,0,0,17.390734,575676325
17.228487,71.1914,7.5586,7.5586,0,0,17.390734,575676325
17.230477,71.1914,7.5586,7.5586,0,0,17.390734,575676325
17.232460,71.1914,7.5586,7.5586,0,0,17.390734,575676325
17.234534,71.1914,7.5586,7.5586,0,0,17.390734,575676325
17.236515,71.1914,7.5586,7.5586,0,0,17.390734,575676325
17.238506,71.1914,7.5586,7.5586,0,0,17.390734,575676325
17.240487,71.1914,7.5586,7.5586,0,0,17.390734,575676325
17.242477,71.1914,7.5586,7.5586,0,0,17.390734,575676325
17.244460,71.1914,7.5586,7.5586,0,0,17.390734,575676325
17.246534,71.1914,7.5586,7.5586,0,0,17.390734,575676325
17.248515,71.1914,7.5586,7.5586,0,0,17.390734,575676325
17.250506,71.1914,7.5586,7.5586,0,0,17.390734,575676325
17.252487,71.1914,7.5586,7.5586,0,0,17.390734,575676325
17.254513,71.1914,7.5586,7.5586,0,0,17.390734,575676325
17.256495,71.1914,7.5586,7.5586,0,0,17.390734,575676325
17.258500,71.1914,7.5586,7.5586,0,0,17.390734,575676325
17.260484,71.1914,7.5586,7.5586,0,0,17.390734,575676325
17.262472,71.1914,7.5586,7.5586,0,0,17.390734,575676325
17.264456,71.1914,7.5586,7.5586,0,0,17.390734,575676325
17.266533,71.1914,7.5586,7.5586,0,0,17.390734,575676325
17.268516,71.1914,7.5586,7.5586,0,0,17.390734,575676325
17.270506,71.1914,7.5586,7.5586,0,0,17.390734,575676325
17.272487,71.1914,7.5586,7.5586,0,0,17.390734,575676325
17.274477,71.1914,7.5586,7.5586,0,0,17.390734,575676325
17.276460,71.1914,7.5586,7.5586,0,0,17.390734,575676325
17.278534,71.1914,7.5586,7.5586,0,0,17.390734,575676325
17.280515,71.1914,7.5586,7.5586,0,0,17.390734,575676325
17.282506,71.1914,7.5586,7.5586,0,0,17.390734,575676325
17.284487,71.1914,7.5586,7.5586,0,0,17.390734,575676325
17.286477,71.1914,7.5586,7.5586,0,0,17.390734,575676325
17.288460,71.1914,7.5586,7.5586,0,0,17.390734,575676325
17.290534,71.1914,7.5586,7.5586,0,0,17.390734,575676325
17.292515,71.1914,7.5586,7.5586,0,0,17.390734,575676325
17.294506,71.1914,7.5586,7.5586,0,0,17.390734,575676325
17.296487,71.1914,7.5586,7.5586,0,0,17.390734,575676325
17.298477,71.1914,7.5586,7.5586,0,0,17.390734,575676325
17.300460,71.1914,7.5586,7.5586,0,0,17.390734,575676325
17.302534,71.1914,7.5586,7.5586,0,0,17.390734,575676325
17.304515,71.1914,7.5586,7.5586,0,0,17.390734,575676325
17.306506,71.1914,7.5586,7.5586,0,0,17.390734,575676325
17.308487,71.1914,7.5586,7.5586,0,0,17.390734,575676325
17.310477,71.1914,7.5586,7.5586,0,0,17.390734,575676325
17.312480,71.1914,7.5586,7.5586,0,0,17.390734,575676325
17.314468,71.1914,7.5586,7.5586,0,0,17.390734,575676325
17.316534,71.1914,7.5586,7.5586,0,0,17.390734,575676325
17.318525,71.1914,7.5586,7.5586,0,0,17.390734,575676325
17.322972,71.1914,7.5586,7.5586,0,0,17.390734,575676325
17.323234,71.1914,7.5586,7.5586,0,0,17.390734,575676325
17.324468,71.1914,7.5586,7.5586,0,0,17.390734,575676325
17.326469,71.1914,7.5586,7.5586,0,0,17.390734,575676325
17.328469,71.1914,7.5586,7.5586,0,0,17.390734,575676325
17.330469,71.1914,7.5586,7.5586,0,0,17.390734,575676325
17.332469,71.1914,7.5586,7.5586,0,0,17.390734,575676325
17.334469,71.1914,7.5586,7.5586,0,0,17.390734,575676325
17.336469,71.1914,7.5586,7.5586,0,0,17.390734,575676325
17.338469,71.1914,7.5586,7.5586,0,0,17.390734,575676325
17.340469,71.1914,7.5586,7.5586,0,0,17.390734,575676325
17.342469,71.1914,7.5586,7.5586,0,0,17.390734,575676325
17.344469,71.1914,7.5586,7.5586,0,0,17.390734,575676325
17.346469,71.1914,7.5586,7.5586,0,0,17.390734,575676325
17.348469,71.1914,7.5586,7.5586,0,0,17.390734,575676325
17.350469,71.1914,7.5586,7.5586,0,0,17.390734,575676325
17.352469,71.1914,7.5586,7.5586,0,0,17.390734,575676325
17.354469,71.1914,7.5586,7.5586,0,0,17.390734,575676325
17.356498,71.1914,7.5586,7.5586,0,0,17.390734,575676325
17.358506,71.1914,7.5586,7.5586,0,0,17.390734,575676325
17.360540,71.1914,7.5586,7.5586,0,0,17.390734,575676325
17.362471,71.1914,7.5586,7.5586,0,0,17.390734,575676325
17.364477,71.1914,7.5586,7.5586,0,0,17.390734,575676325
17.366493,71.1914,7.5586,7.5586,0,0,17.390734,575676325
17.368532,71.1914,7.5586,7.5586,0,0,17.390734,575676325
17.370460,71.1914,7.5586,7.5586,0,0,17.390734,575676325
17.372460,71.1914,7.5586,7.5586,0,0,17.390734,575676325
17.374460,71.1914,7.5586,7.5586,0,0,17.390734,575676325
17.376460,71.1914,7.5586,7.5586,0,0,17.390734,575676325
17.378460,71.1914,7.5586,7.5586,0,0,17.390734,575676325
17.380460,71.1914,7.5586,7.5586,0,0,17.390734,575676325
17.382460,71.1914,7.5586,7.5586,0,0,17.390734,575676325
17.384460,71.1914,7.5586,7.5586,0,0,17.390734,575676325
17.386460,71.1914,7.5586,7.5586,0,0,17.390734,575676325
17.388512,71.1914,7.5586,7.5586,0,0,17.390734,575676325
17.392270,71.1914,7.5586,7.5586,0,0,17.647978,575922821
17.392735,71.1914,7.5586,7.5586,0,0,17.647978,575922821
17.394460,71.1914,7.5586,7.5586,0,0,17.647978,575922821
17.396513,71.1914,7.5586,7.5586,0,0,17.647978,575922821
17.398476,71.1914,7.5586,7.5586,0,0,17.647978,575922821
17.400494,71.1914,7.5586,7.5586,0,0,17.647978,575922821
17.402522,71.1914,7.5586,7.5586,0,0,17.647978,575922821
17.404508,71.1914,7.5586,7.5586,0,0,17.647978,575922821
17.406477,71.1914,7.5586,7.5586,0,0,17.647978,575922821
17.408520,71.1914,7.5586,7.5586,0,0,17.647978,575922821
17.410496,71.1914,7.5586,7.5586,0,0,17.647978,575922821
17.412516,71.1914,7.5586,7.5586,0,0,17.647978,575922821
17.414515,71.1914,7.5586,7.5586,0,0,17.647978,575922821
17.416515,71.1914,7.5586,7.5586,0,0,17.647978,575922821
17.418510,71.1914,7.5586,7.5586,0,0,17.647978,575922821
17.423475,71.1914,7.5586,7.5586,0,0,17.647978,575922821
17.423778,71.1914,7.5586,7.5586,0,0,17.647978,575922821
17.424479,71.1914,7.5586,7.5586,0,0,17.647978,575922821
17.426468,71.1914,7.5586,7.5586,0,0,17.647978,575922821
17.428484,71.1914,7.5586,7.5586,0,0,17.647978,575922821
17.430472,71.1914,7.5586,7.5586,0,0,17.647978,575922821
17.432456,71.1914,7.5586,7.5586,0,0,17.647978,575922821
17.434533,71.1914,7.5586,7.5586,0,0,17.647978,575922821
17.436516,71.1914,7.5586,7.5586,0,0,17.647978,575922821
17.438506,71.1914,7.5586,7.5586,0,0,17.647978,575922821
17.440487,71.1914,7.5586,7.5586,0,0,17.647978,575922821
17.442477,71.1914,7.5586,7.5586,0,0,17.647978,575922821
17.444460,71.1914,7.5586,7.5586,0,0,17.647978,575922821
17.446534,71.1914,7.5586,7.5586,0,0,17.647978,575922821
17.448515,71.1914,7.5586,7.5586,0,0,17.647978,575922821
17.450506,71.1914,7.5586,7.5586,0,0,17.647978,575922821
17.452487,71.1914,7.5586,7.5586,0,0,17.647978,575922821
17.454477,71.1914,7.5586,7.5586,0,0,17.647978,575922821
17.456460,71.1914,7.5586,7.5586,0,0,17.647978,575922821
17.458534,71.1914,7.5586,7.5586,0,0,17.647978,575922821
17.460486,71.1914,7.5586,7.5586,0,0,17.647978,575922821
17.462477,71.1914,7.5586,7.5586,0,0,17.647978,575922821
17.464460,71.1914,7.5586,7.5586,0,0,17.647978,575922821
17.466472,71.1914,7.5586,7.5586,0,0,17.647978,575922821
17.468538,71.1914,7.5586,7.5586,0,0,17.647978,575922821
17.470525,71.1914,7.5586,7.5586,0,0,17.647978,575922821
17.472506,71.1914,7.5586,7.5586,0,0,17.647978,575922821
17.474495,71.1914,7.5586,7.5586,0,0,17.647978,575922821
17.476477,71.1914,7.5586,7.5586,0,0,17.647978,575922821
17.478468,71.1914,7.5586,7.5586,0,0,17.647978,575922821
17.480537,71.1914,7.5586,7.5586,0,0,17.647978,575922821
17.482525,71.1914,7.5586,7.5586,0,0,17.647978,575922821
17.484506,71.1914,7.5586,7.5586,0,0,17.647978,575922821
17.486495,71.1914,7.5586,7.5586,0,0,17.647978,575922821
17.488477,71.1914,7.5586,7.5586,0,0,17.647978,575922821
17.490469,71.1914,7.5586,7.5586,0,0,17.647978,575922821
17.492537,71.1914,7.5586,7.5586,0,0,17.647978,575922821
17.494525,71.1914,7.5586,7.5586,0,0,17.647978,575922821
17.496506,71.1914,7.5586,7.5586,0,0,17.647978,575922821
17.498495,71.1914,7.5586,7.5586,0,0,17.647978,575922821
17.500477,71.1914,7.5586,7.5586,0,0,17.647978,575922821
17.502469,71.1914,7.5586,7.5586,0,0,17.647978,575922821
17.504537,71.1914,7.5586,7.5586,0,0,17.647978,575922821
17.506525,71.1914,7.5586,7.5586,0,0,17.647978,575922821
17.508506,71.1914,7.5586,7.5586,0,0,17.647978,575922821
17.510495,71.1914,7.5586,7.5586,0,0,17.647978,575922821
17.512494,71.1914,7.5586,7.5586,0,0,17.647978,575922821
17.514483,71.1914,7.5586,7.5586,0,0,17.647978,575922821
17.516464,71.1914,7.5586,7.5586,0,0,17.647978,575922821
17.518456,71.1914,7.5586,7.5586,0,0,17.647978,575922821
17.523190,71.1914,7.5586,7.5586,0,0,17.647978,575922821
17.523449,71.1914,7.5586,7.5586,0,0,17.647978,575922821
17.524513,71.1914,7.5586,7.5586,0,0,17.647978,575922821
17.526509,71.1914,7.5586,7.5586,0,0,17.647978,575922821
17.528506,71.1914,7.5586,7.5586,0,0,17.647978,575922821
17.530505,71.1914,7.5586,7.5586,0,0,17.647978,575922821
17.532502,71.1914,7.5586,7.5586,0,0,17.647978,575922821
17.534499,71.1914,7.5586,7.5586,0,0,17.647978,575922821
17.536497,71.1914,7.5586,7.5586,0,0,17.647978,575922821
17.538494,71.1914,7.5586,7.5586,0,0,17.647978,575922821
17.540491,71.1914,7.5586,7.5586,0,0,17.647978,575922821
17.542491,71.1914,7.5586,7.5586,0,0,17.647978,575922821
17.544491,71.1914,7.5586,7.5586,0,0,17.647978,575922821
17.546491,71.1914,7.5586,7.5586,0,0,17.647978,575922821
17.548491,71.1914,7.5586,7.5586,0,0,17.647978,575922821
17.550491,71.1914,7.5586,7.5586,0,0,17.647978,575922821
17.552491,71.1914,7.5586,7.5586,0,0,17.647978,575922821
17.554491,71.1914,7.5586,7.5586,0,0,17.647978,575922821
17.556491,71.1914,7.5586,7.5586,0,0,17.647978,575922821
17.558491,71.1914,7.5586,7.5586,0,0,17.647978,575922821
17.560491,71.1914,7.5586,7.5586,0,0,17.647978,575922821
17.562537,71.1914,7.5586,7.5586,0,0,17.647978,575922821
17.564463,71.1914,7.5586,7.5586,0,0,17.647978,575922821
17.566460,71.1914,7.5586,7.5586,0,0,17.647978,575922821
17.568457,71.1914,7.5586,7.5586,0,0,17.647978,575922821
17.570456,71.1914,7.5586,7.5586,0,0,17.647978,575922821
17.572538,71.1914,7.5586,7.5586,0,0,17.647978,575922821
17.574534,71.1914,7.5586,7.5586,0,0,17.647978,575922821
17.576530,71.1914,7.5586,7.5586,0,0,17.647978,575922821
17.578530,71.1914,7.5586,7.5586,0,0,17.647978,575922821
17.580525,71.1914,7.5586,7.5586,0,0,17.647978,575922821
17.582525,71.1914,7.5586,7.5586,0,0,17.647978,575922821
17.584525,71.1914,7.5586,7.5586,0,0,17.647978,575922821
17.586525,71.1914,7.5586,7.5586,0,0,17.647978,575922821
17.588525,71.1914,7.5586,7.5586,0,0,17.647978,575922821
17.590525,71.1914,7.5586,7.5586,0,0,17.647978,575922821
17.592525,71.1914,7.5586,7.5586,0,0,17.647978,575922821
17.594525,71.1914,7.5586,7.5586,0,0,17.647978,575922821
17.596525,71.1914,7.5586,7.5586,0,0,17.647978,575922821
17.598525,71.1914,7.5586,7.5586,0,0,17.647978,575922821
17.600525,71.1914,7.5586,7.5586,0,0,17.647978,575922821
17.602525,71.1914,7.5586,7.5586,0,0,17.647978,575922821
17.604525,71.1914,7.5586,7.5586,0,0,17.647978,575922821
17.606461,71.1914,7.5586,7.5586,0,0,17.647978,575922821
17.608455,71.1914,7.5586,7.5586,0,0,17.647978,575922821
17.610460,71.1914,7.5586,7.5586,0,0,17.647978,575922821
17.612532,71.1914,7.5586,7.5586,0,0,17.647978,575922821
17.614485,71.1914,7.5586,7.5586,0,0,17.647978,575922821
17.616498,71.1914,7.5586,7.5586,0,0,17.647978,575922821
17.618495,71.1914,7.5586,7.5586,0,0,17.647978,575922821
17.623231,71.1914,7.5586,7.5586,0,0,17.647978,575922821
17.623486,71.1914,7.5586,7.5586,0,0,17.647978,575922821
17.624530,71.1914,7.5586,7.5586,0,0,17.647978,575922821
17.626518,71.1914,7.5586,7.5586,0,0,17.647978,575922821
17.628499,71.1914,7.5586,7.5586,0,0,17.647978,575922821
17.630491,71.1914,7.5586,7.5586,0,0,17.647978,575922821
17.632472,71.1914,7.5586,7.5586,0,0,17.647978,575922821
17.634476,71.1914,7.5586,7.5586,0,0,17.647978,575922821
17.638588,71.1914,7.5586,7.5586,0,0,17.883904,576168600
17.639159,71.1914,7.5586,7.5586,0,0,17.883904,576168600
17.640521,71.1914,7.5586,7.5586,0,0,17.883904,576168600
17.642504,71.1914,7.5586,7.5586,0,0,17.883904,576168600
17.644477,71.1914,7.5586,7.5586,0,0,17.883904,576168600
17.646491,71.1914,7.5586,7.5586,0,0,17.883904,576168600
17.648491,71.1914,7.5586,7.5586,0,0,17.883904,576168600
17.650491,71.1914,7.5586,7.5586,0,0,17.883904,576168600
17.652491,71.1914,7.5586,7.5586,0,0,17.883904,576168600
17.654525,71.1914,7.5586,7.5586,0,0,17.883904,576168600
17.656525,71.1914,7.5586,7.5586,0,0,17.883904,576168600
17.658517,71.1914,7.5586,7.5586,0,0,17.883904,576168600
17.660793,71.1914,7.5586,7.5586,0,0,17.883904,576168600
17.662491,71.1914,7.5586,7.5586,0,0,17.883904,576168600
17.664494,71.1914,7.5586,7.5586,0,0,17.883904,576168600
17.666495,71.1914,7.5586,7.5586,0,0,17.883904,576168600
17.668526,71.1914,7.5586,7.5586,0,0,17.883904,576168600
17.670494,71.1914,7.5586,7.5586,0,0,17.883904,576168600
17.672513,71.1914,7.5586,7.5586,0,0,17.883904,576168600
17.674509,71.1914,7.5586,7.5586,0,0,17.883904,576168600
17.676506,71.1914,7.5586,7.5586,0,0,17.883904,576168600
17.678505,71.1914,7.5586,7.5586,0,0,17.883904,576168600
17.680503,71.1914,7.5586,7.5586,0,0,17.883904,576168600
17.682499,71.1914,7.5586,7.5586,0,0,17.883904,576168600
17.684498,71.1914,7.5586,7.5586,0,0,17.883904,576168600
17.686494,71.1914,7.5586,7.5586,0,0,17.883904,576168600
17.688491,71.1914,7.5586,7.5586,0,0,17.883904,576168600
17.690491,71.1914,7.5586,7.5586,0,0,17.883904,576168600
17.692491,71.1914,7.5586,7.5586,0,0,17.883904,576168600
17.694491,71.1914,7.5586,7.5586,0,0,17.883904,576168600
17.696491,71.1914,7.5586,7.5586,0,0,17.883904,576168600
17.698491,71.1914,7.5586,7.5586,0,0,17.883904,576168600
17.700491,71.1914,7.5586,7.5586,0,0,17.883904,576168600
17.702491,71.1914,7.5586,7.5586,0,0,17.883904,576168600
17.704491,71.1914,7.5586,7.5586,0,0,17.883904,576168600
17.706491,71.1914,7.5586,7.5586,0,0,17.883904,576168600
17.708491,71.1914,7.5586,7.5586,0,0,17.883904,576168600
17.710491,71.1914,7.5586,7.5586,0,0,17.883904,576168600
17.712507,71.1914,7.5586,7.5586,0,0,17.883904,576168600
17.714506,71.1914,7.5586,7.5586,0,0,17.883904,576168600
17.716505,71.1914,7.5586,7.5586,0,0,17.883904,576168600
17.718503,71.1914,7.5586,7.5586,0,0,17.883904,576168600
17.723523,71.1914,7.5586,7.5586,0,0,17.883904,576168600
17.723823,71.1914,7.5586,7.5586,0,0,17.883904,576168600
17.724516,71.1914,7.5586,7.5586,0,0,17.883904,576168600
17.726506,71.1914,7.5586,7.5586,0,0,17.883904,576168600
17.728487,71.1914,7.5586,7.5586,0,0,17.883904,576168600
17.730477,71.1914,7.5586,7.5586,0,0,17.883904,576168600
17.732460,71.1914,7.5586,7.5586,0,0,17.883904,576168600
17.734534,71.1914,7.5586,7.5586,0,0,17.883904,576168600
17.736515,71.1914,7.5586,7.5586,0,0,17.883904,576168600
17.738506,71.1914,7.5586,7.5586,0,0,17.883904,576168600
17.740487,71.1914,7.5586,7.5586,0,0,17.883904,576168600
17.742477,71.1914,7.5586,7.5586,0,0,17.883904,576168600
17.744460,71.1914,7.5586,7.5586,0,0,17.883904,576168600
17.746534,71.1914,7.5586,7.5586,0,0,17.883904,576168600
17.748515,71.1914,7.5586,7.5586,0,0,17.883904,576168600
17.750506,71.1914,7.5586,7.5586,0,0,17.883904,576168600
17.752487,71.1914,7.5586,7.5586,0,0,17.883904,576168600
17.754477,71.1914,7.5586,7.5586,0,0,17.883904,576168600
17.756460,71.1914,7.5586,7.5586,0,0,17.883904,576168600
17.758534,71.1914,7.5586,7.5586,0,0,17.883904,576168600
17.760515,71.1914,7.5586,7.5586,0,0,17.883904,576168600
17.762506,71.1914,7.5586,7.5586,0,0,17.883904,576168600
17.764487,71.1914,7.5586,7.5586,0,0,17.883904,576168600
17.766499,71.1914,7.5586,7.5586,0,0,17.883904,576168600
17.768486,71.1914,7.5586,7.5586,0,0,17.883904,576168600
17.770496,71.1914,7.5586,7.5586,0,0,17.883904,576168600
17.772479,71.1914,7.5586,7.5586,0,0,17.883904,576168600
17.774468,71.1914,7.5586,7.5586,0,0,17.883904,576168600
17.776534,71.1914,7.5586,7.5586,0,0,17.883904,576168600
17.778525,71.1914,7.5586,7.5586,0,0,17.883904,576168600
17.780506,71.1914,7.5586,7.5586,0,0,17.883904,576168600
17.782495,71.1914,7.5586,7.5586,0,0,17.883904,576168600
17.784477,71.1914,7.5586,7.5586,0,0,17.883904,576168600
17.786468,71.1914,7.5586,7.5586,0,0,17.883904,576168600
17.788534,71.1914,7.5586,7.5586,0,0,17.883904,576168600
17.790524,71.1914,7.5586,7.5586,0,0,17.883904,576168600
17.792506,71.1914,7.5586,7.5586,0,0,17.883904,576168600
17.794494,71.1914,7.5586,7.5586,0,0,17.883904,576168600
17.796477,71.1914,7.5586,7.5586,0,0,17.883904,576168600
17.798468,71.1914,7.5586,7.5586,0,0,17.883904,576168600
17.800534,71.1914,7.5586,7.5586,0,0,17.883904,576168600
17.802525,71.1914,7.5586,7.5586,0,0,17.883904,576168600
17.804506,71.1914,7.5586,7.5586,0,0,17.883904,576168600
17.806495,71.1914,7.5586,7.5586,0,0,17.883904,576168600
17.808477,71.1914,7.5586,7.5586,0,0,17.883904,576168600
17.810468,71.1914,7.5586,7.5586,0,0,17.883904,576168600
17.812460,71.1914,7.5586,7.5586,0,0,17.883904,576168600
17.814534,71.1914,7.5586,7.5586,0,0,17.883904,576168600
17.816518,71.1914,7.5586,7.5586,0,0,17.883904,576168600
17.818506,71.1914,7.5586,7.5586,0,0,17.883904,576168600
17.823044,71.1914,7.5586,7.5586,0,0,17.883904,576168600
17.823317,71.1914,7.5586,7.5586,0,0,17.883904,576168600
17.824538,71.1914,7.5586,7.5586,0,0,17.883904,576168600
17.826534,71.1914,7.5586,7.5586,0,0,17.883904,576168600
17.828530,71.1914,7.5586,7.5586,0,0,17.883904,576168600
17.830525,71.1914,7.5586,7.5586,0,0,17.883904,576168600
17.832524,71.1914,7.5586,7.5586,0,0,17.883904,576168600
17.834522,71.1914,7.5586,7.5586,0,0,17.883904,576168600
17.836518,71.1914,7.5586,7.5586,0,0,17.883904,576168600
17.838518,71.1914,7.5586,7.5586,0,0,17.883904,576168600
17.840515,71.1914,7.5586,7.5586,0,0,17.883904,576168600
17.842515,71.1914,7.5586,7.5586,0,0,17.883904,576168600
17.844510,71.1914,7.5586,7.5586,0,0,17.883904,576168600
17.846506,71.1914,7.5586,7.5586,0,0,17.883904,576168600
17.848505,71.1914,7.5586,7.5586,0,0,17.883904,576168600
17.850503,71.1914,7.5586,7.5586,0,0,17.883904,576168600
17.852500,71.1914,7.5586,7.5586,0,0,17.883904,576168600
17.854498,71.1914,7.5586,7.5586,0,0,17.883904,576168600
17.856495,71.1914,7.5586,7.5586,0,0,17.883904,576168600
17.858494,71.1914,7.5586,7.5586,0,0,17.883904,576168600
17.860494,71.1914,7.5586,7.5586,0,0,17.883904,576168600
17.862494,71.1914,7.5586,7.5586,0,0,17.883904,576168600
17.864499,71.1914,7.5586,7.5586,0,0,17.883904,576168600
17.866498,71.1914,7.5586,7.5586,0,0,17.883904,576168600
17.868538,71.1914,7.5586,7.5586,0,0,17.883904,576168600
17.870472,71.1914,7.5586,7.5586,0,0,17.883904,576168600
17.872476,71.1914,7.5586,7.5586,0,0,17.883904,576168600
17.874501,71.1914,7.5586,7.5586,0,0,17.883904,576168600
17.876498,71.1914,7.5586,7.5586,0,0,17.883904,576168600
17.878533,71.1914,7.5586,7.5586,0,0,17.883904,576168600
17.881080,71.1914,7.5586,7.5586,0,0,17.883904,576168600
17.884562,71.1914,7.5586,7.5586,0,0,18.109094,576396661
17.885017,71.1914,7.5586,7.5586,0,0,18.109094,576396661
17.886464,71.1914,7.5586,7.5586,0,0,18.109094,576396661
17.888525,71.1914,7.5586,7.5586,0,0,18.109094,576396661
17.890483,71.1914,7.5586,7.5586,0,0,18.109094,576396661
17.892510,71.1914,7.5586,7.5586,0,0,18.109094,576396661
17.894474,71.1914,7.5586,7.5586,0,0,18.109094,576396661
17.896500,71.1914,7.5586,7.5586,0,0,18.109094,576396661
17.898498,71.1914,7.5586,7.5586,0,0,18.109094,576396661
17.900534,71.1914,7.5586,7.5586,0,0,18.109094,576396661
17.902485,71.1914,7.5586,7.5586,0,0,18.109094,576396661
17.904530,71.1914,7.5586,7.5586,0,0,18.109094,576396661
17.906527,71.1914,7.5586,7.5586,0,0,18.109094,576396661
17.908524,71.1914,7.5586,7.5586,0,0,18.109094,576396661
17.910522,71.1914,7.5586,7.5586,0,0,18.109094,576396661
17.912533,71.1914,7.5586,7.5586,0,0,18.109094,576396661
17.914530,71.1914,7.5586,7.5586,0,0,18.109094,576396661
17.916525,71.1914,7.5586,7.5586,0,0,18.109094,576396661
17.918524,71.1914,7.5586,7.5586,0,0,18.109094,576396661
17.923495,71.1914,7.5586,7.5586,0,0,18.109094,576396661
17.923794,71.1914,7.5586,7.5586,0,0,18.109094,576396661
17.924498,71.1914,7.5586,7.5586,0,0,18.109094,576396661
17.926487,71.1914,7.5586,7.5586,0,0,18.109094,576396661
17.928511,71.1914,7.5586,7.5586,0,0,18.109094,576396661
17.930518,71.1914,7.5586,7.5586,0,0,18.109094,576396661
17.932500,71.1914,7.5586,7.5586,0,0,18.109094,576396661
17.934491,71.1914,7.5586,7.5586,0,0,18.109094,576396661
17.936472,71.1914,7.5586,7.5586,0,0,18.109094,576396661
17.938460,71.1914,7.5586,7.5586,0,0,18.109094,576396661
17.940530,71.1914,7.5586,7.5586,0,0,18.109094,576396661
17.942518,71.1914,7.5586,7.5586,0,0,18.109094,576396661
17.944498,71.1914,7.5586,7.5586,0,0,18.109094,576396661
17.946487,71.1914,7.5586,7.5586,0,0,18.109094,576396661
17.948468,71.1914,7.5586,7.5586,0,0,18.109094,576396661
17.950457,71.1914,7.5586,7.5586,0,0,18.109094,576396661
17.952524,71.1914,7.5586,7.5586,0,0,18.109094,576396661
17.954515,71.1914,7.5586,7.5586,0,0,18.109094,576396661
17.956498,71.1914,7.5586,7.5586,0,0,18.109094,576396661
17.958487,71.1914,7.5586,7.5586,0,0,18.109094,576396661
17.960468,71.1914,7.5586,7.5586,0,0,18.109094,576396661
17.962457,71.1914,7.5586,7.5586,0,0,18.109094,576396661
17.964524,71.1914,7.5586,7.5586,0,0,18.109094,576396661
17.966515,71.1914,7.5586,7.5586,0,0,18.109094,576396661
17.968498,71.1914,7.5586,7.5586,0,0,18.109094,576396661
17.970492,71.1914,7.5586,7.5586,0,0,18.109094,576396661
17.972479,71.1914,7.5586,7.5586,0,0,18.109094,576396661
17.974468,71.1914,7.5586,7.5586,0,0,18.109094,576396661
17.976534,71.1914,7.5586,7.5586,0,0,18.109094,576396661
17.978531,71.1914,7.5586,7.5586,0,0,18.109094,576396661
17.980505,71.1914,7.5586,7.5586,0,0,18.109094,576396661
17.982494,71.1914,7.5586,7.5586,0,0,18.109094,576396661
17.984477,71.1914,7.5586,7.5586,0,0,18.109094,576396661
17.986468,71.1914,7.5586,7.5586,0,0,18.109094,576396661
17.988537,71.1914,7.5586,7.5586,0,0,18.109094,576396661
17.990525,71.1914,7.5586,7.5586,0,0,18.109094,576396661
17.992506,71.1914,7.5586,7.5586,0,0,18.109094,576396661
17.994498,71.1914,7.5586,7.5586,0,0,18.109094,576396661
17.996479,71.1914,7.5586,7.5586,0,0,18.109094,576396661
17.998468,71.1914,7.5586,7.5586,0,0,18.109094,576396661
18.000534,71.1914,7.5586,7.5586,0,0,18.109094,576396661
18.002525,71.1914,7.5586,7.5586,0,0,18.109094,576396661
18.004506,71.1914,7.5586,7.5586,0,0,18.109094,576396661
18.006495,71.1914,7.5586,7.5586,0,0,18.109094,576396661
18.008477,71.1914,7.5586,7.5586,0,0,18.109094,576396661
18.010468,71.1914,7.5586,7.5586,0,0,18.109094,576396661
18.012460,71.1914,7.5586,7.5586,0,0,18.109094,576396661
18.014534,71.1914,7.5586,7.5586,0,0,18.109094,576396661
18.016515,71.1914,7.5586,7.5586,0,0,18.109094,576396661
18.018506,71.1914,7.5586,7.5586,0,0,18.109094,576396661
18.023044,71.1914,7.5586,7.5586,0,0,18.109094,576396661
18.023305,71.1914,7.5586,7.5586,0,0,18.109094,576396661
18.024538,71.1914,7.5586,7.5586,0,0,18.109094,576396661
18.026534,71.1914,7.5586,7.5586,0,0,18.109094,576396661
18.028530,71.1914,7.5586,7.5586,0,0,18.109094,576396661
18.030525,71.1914,7.5586,7.5586,0,0,18.109094,576396661
18.032524,71.1914,7.5586,7.5586,0,0,18.109094,576396661
18.034522,71.1914,7.5586,7.5586,0,0,18.109094,576396661
18.036518,71.1914,7.5586,7.5586,0,0,18.109094,576396661
18.038518,71.1914,7.5586,7.5586,0,0,18.109094,576396661
18.040515,71.1914,7.5586,7.5586,0,0,18.109094,576396661
18.042515,71.1914,7.5586,7.5586,0,0,18.109094,576396661
18.044510,71.1914,7.5586,7.5586,0,0,18.109094,576396661
18.046506,71.1914,7.5586,7.5586,0,0,18.109094,576396661
18.048505,71.1914,7.5586,7.5586,0,0,18.109094,576396661
18.050503,71.1914,7.5586,7.5586,0,0,18.109094,576396661
18.052500,71.1914,7.5586,7.5586,0,0,18.109094,576396661
18.054498,71.1914,7.5586,7.5586,0,0,18.109094,576396661
18.056495,71.1914,7.5586,7.5586,0,0,18.109094,576396661
18.058494,71.1914,7.5586,7.5586,0,0,18.109094,576396661
18.060494,71.1914,7.5586,7.5586,0,0,18.109094,576396661
18.062494,71.1914,7.5586,7.5586,0,0,18.109094,576396661
18.064494,71.1914,7.5586,7.5586,0,0,18.109094,576396661
18.066494,71.1914,7.5586,7.5586,0,0,18.109094,576396661
18.068494,71.1914,7.5586,7.5586,0,0,18.109094,576396661
18.070494,71.1914,7.5586,7.5586,0,0,18.109094,576396661
18.072494,71.1914,7.5586,7.5586,0,0,18.109094,576396661
18.074538,71.1914,7.5586,7.5586,0,0,18.109094,576396661
18.076537,71.1914,7.5586,7.5586,0,0,18.109094,576396661
18.078469,71.1914,7.5586,7.5586,0,0,18.109094,576396661
18.080469,71.1914,7.5586,7.5586,0,0,18.109094,576396661
18.082469,71.1914,7.5586,7.5586,0,0,18.109094,576396661
18.084469,71.1914,7.5586,7.5586,0,0,18.109094,576396661
18.086469,71.1914,7.5586,7.5586,0,0,18.109094,576396661
18.088469,71.1914,7.5586,7.5586,0,0,18.109094,576396661
18.090469,71.1914,7.5586,7.5586,0,0,18.109094,576396661
18.092469,71.1914,7.5586,7.5586,0,0,18.109094,576396661
18.094469,71.1914,7.5586,7.5586,0,0,18.109094,576396661
18.096469,71.1914,7.5586,7.5586,0,0,18.109094,576396661
18.098469,71.1914,7.5586,7.5586,0,0,18.109094,576396661
18.100457,71.1914,7.5586,7.5586,0,0,18.109094,576396661
18.102529,71.1914,7.5586,7.5586,0,0,18.109094,576396661
18.104477,71.1914,7.5586,7.5586,0,0,18.109094,576396661
18.106541,71.1914,7.5586,7.5586,0,0,18.109094,576396661
18.108990,71.1914,7.5586,7.5586,0,0,18.109094,576396661
18.112403,71.1914,7.5586,7.5586,0,0,18.338079,576621334
18.112988,71.1914,7.5586,7.5586,0,0,18.338079,576621334
18.114515,71.1914,7.5586,7.5586,0,0,18.338079,576621334
18.116532,71.1914,7.5586,7.5586,0,0,18.338079,576621334
18.118513,71.1914,7.5586,7.5586,0,0,18.338079,576621334
18.124613,71.1914,7.5586,7.5586,0,0,18.338079,576621334
18.124962,71.1914,7.5586,7.5586,0,0,18.338079,576621334
18.125145,71.1914,7.5586,7.5586,0,0,18.338079,576621334
18.126467,71.1914,7.5586,7.5586,0,0,18.338079,576621334
18.128533,71.1914,7.5586,7.5586,0,0,18.338079,576621334
18.130525,71.1914,7.5586,7.5586,0,0,18.338079,576621334
18.132506,71.1914,7.5586,7.5586,0,0,18.338079,576621334
18.134519,71.1914,7.5586,7.5586,0,0,18.338079,576621334
18.136460,71.1914,7.5586,7.5586,0,0,18.338079,576621334
18.138534,71.1914,7.5586,7.5586,0,0,18.338079,576621334
18.140515,71.1914,7.5586,7.5586,0,0,18.338079,576621334
18.142506,71.1914,7.5586,7.5586,0,0,18.338079,576621334
18.144487,71.1914,7.5586,7.5586,0,0,18.338079,576621334
18.146477,71.1914,7.5586,7.5586,0,0,18.338079,576621334
18.148460,71.1914,7.5586,7.5586,0,0,18.338079,576621334
18.150534,71.1914,7.5586,7.5586,0,0,18.338079,576621334
18.152515,71.1914,7.5586,7.5586,0,0,18.338079,576621334
18.154506,71.1914,7.5586,7.5586,0,0,18.338079,576621334
18.156487,71.1914,7.5586,7.5586,0,0,18.338079,576621334
18.158477,71.1914,7.5586,7.5586,0,0,18.338079,576621334
18.160460,71.1914,7.5586,7.5586,0,0,18.338079,576621334
18.162534,71.1914,7.5586,7.5586,0,0,18.338079,576621334
18.164515,71.1914,7.5586,7.5586,0,0,18.338079,576621334
18.166506,71.1914,7.5586,7.5586,0,0,18.338079,576621334
18.168487,71.1914,7.5586,7.5586,0,0,18.338079,576621334
18.170477,71.1914,7.5586,7.5586,0,0,18.338079,576621334
18.172460,71.1914,7.5586,7.5586,0,0,18.338079,576621334
18.174534,71.1914,7.5586,7.5586,0,0,18.338079,576621334
18.176480,71.1914,7.5586,7.5586,0,0,18.338079,576621334
18.178468,71.1914,7.5586,7.5586,0,0,18.338079,576621334
18.180537,71.1914,7.5586,7.5586,0,0,18.338079,576621334
18.182464,71.1914,7.5586,7.5586,0,0,18.338079,576621334
18.184533,71.1914,7.5586,7.5586,0,0,18.338079,576621334
18.186525,71.1914,7.5586,7.5586,0,0,18.338079,576621334
18.188506,71.1914,7.5586,7.5586,0,0,18.338079,576621334
18.190495,71.1914,7.5586,7.5586,0,0,18.338079,576621334
18.192477,71.1914,7.5586,7.5586,0,0,18.338079,576621334
18.194468,71.1914,7.5586,7.5586,0,0,18.338079,576621334
18.196534,71.1914,7.5586,7.5586,0,0,18.338079,576621334
18.198525,71.1914,7.5586,7.5586,0,0,18.338079,576621334
18.200506,71.1914,7.5586,7.5586,0,0,18.338079,576621334
18.202495,71.1914,7.5586,7.5586,0,0,18.338079,576621334
18.204477,71.1914,7.5586,7.5586,0,0,18.338079,576621334
18.206468,71.1914,7.5586,7.5586,0,0,18.338079,576621334
18.208534,71.1914,7.5586,7.5586,0,0,18.338079,576621334
18.210524,71.1914,7.5586,7.5586,0,0,18.338079,576621334
18.212530,71.1914,7.5586,7.5586,0,0,18.338079,576621334
18.214518,71.1914,7.5586,7.5586,0,0,18.338079,576621334
18.216498,71.1914,7.5586,7.5586,0,0,18.338079,576621334
18.218487,71.1914,7.5586,7.5586,0,0,18.338079,576621334
18.223029,71.1914,7.5586,7.5586,0,0,18.338079,576621334
18.223302,71.1914,7.5586,7.5586,0,0,18.338079,576621334
18.224521,71.1914,7.5586,7.5586,0,0,18.338079,576621334
18.226518,71.1914,7.5586,7.5586,0,0,18.338079,576621334
18.228518,71.1914,7.5586,7.5586,0,0,18.338079,576621334
18.230515,71.1914,7.5586,7.5586,0,0,18.338079,576621334
18.232515,71.1914,7.5586,7.5586,0,0,18.338079,576621334
18.234510,71.1914,7.5586,7.5586,0,0,18.338079,576621334
18.236506,71.1914,7.5586,7.5586,0,0,18.338079,576621334
18.238505,71.1914,7.5586,7.5586,0,0,18.338079,576621334
18.240503,71.1914,7.5586,7.5586,0,0,18.338079,576621334
18.242500,71.1914,7.5586,7.5586,0,0,18.338079,576621334
18.244498,71.1914,7.5586,7.5586,0,0,18.338079,576621334
18.246495,71.1914,7.5586,7.5586,0,0,18.338079,576621334
18.248494,71.1914,7.5586,7.5586,0,0,18.338079,576621334
18.250494,71.1914,7.5586,7.5586,0,0,18.338079,576621334
18.252494,71.1914,7.5586,7.5586,0,0,18.338079,576621334
18.254494,71.1914,7.5586,7.5586,0,0,18.338079,576621334
18.256494,71.1914,7.5586,7.5586,0,0,18.338079,576621334
18.258494,71.1914,7.5586,7.5586,0,0,18.338079,576621334
18.260494,71.1914,7.5586,7.5586,0,0,18.338079,576621334
18.262494,71.1914,7.5586,7.5586,0,0,18.338079,576621334
18.264494,71.1914,7.5586,7.5586,0,0,18.338079,576621334
18.266494,71.1914,7.5586,7.5586,0,0,18.338079,576621334
18.268494,71.1914,7.5586,7.5586,0,0,18.338079,576621334
18.270494,71.1914,7.5586,7.5586,0,0,18.338079,576621334
18.272494,71.1914,7.5586,7.5586,0,0,18.338079,576621334
18.274494,71.1914,7.5586,7.5586,0,0,18.338079,576621334
18.276494,71.1914,7.5586,7.5586,0,0,18.338079,576621334
18.278539,71.1914,7.5586,7.5586,0,0,18.338079,576621334
18.280537,71.1914,7.5586,7.5586,0,0,18.338079,576621334
18.282537,71.1914,7.5586,7.5586,0,0,18.338079,576621334
18.284471,71.1914,7.5586,7.5586,0,0,18.338079,576621334
18.286468,71.1914,7.5586,7.5586,0,0,18.338079,576621334
18.288467,71.1914,7.5586,7.5586,0,0,18.338079,576621334
18.290464,71.1914,7.5586,7.5586,0,0,18.338079,576621334
18.292460,71.1914,7.5586,7.5586,0,0,18.338079,576621334
18.294457,71.1914,7.5586,7.5586,0,0,18.338079,576621334
18.296456,71.1914,7.5586,7.5586,0,0,18.338079,576621334
18.298538,71.1914,7.5586,7.5586,0,0,18.338079,576621334
18.300534,71.1914,7.5586,7.5586,0,0,18.338079,576621334
18.302533,71.1914,7.5586,7.5586,0,0,18.338079,576621334
18.304530,71.1914,7.5586,7.5586,0,0,18.338079,576621334
18.306526,71.1914,7.5586,7.5586,0,0,18.338079,576621334
18.308524,71.1914,7.5586,7.5586,0,0,18.338079,576621334
18.310522,71.1914,7.5586,7.5586,0,0,18.338079,576621334
18.312524,71.1914,7.5586,7.5586,0,0,18.338079,576621334
18.314522,71.1914,7.5586,7.5586,0,0,18.338079,576621334
18.316518,71.1914,7.5586,7.5586,0,0,18.338079,576621334
18.318518,71.1914,7.5586,7.5586,0,0,18.338079,576621334
18.322996,71.1914,7.5586,7.5586,0,0,18.338079,576621334
18.323255,71.1914,7.5586,7.5586,0,0,18.338079,576621334
18.324464,71.1914,7.5586,7.5586,0,0,18.338079,576621334
18.326516,71.1914,7.5586,7.5586,0,0,18.338079,576621334
18.328481,71.1914,7.5586,7.5586,0,0,18.338079,576621334
18.330508,71.1914,7.5586,7.5586,0,0,18.338079,576621334
18.332506,71.1914,7.5586,7.5586,0,0,18.338079,576621334
18.337247,71.1914,7.5586,7.5586,0,0,18.569434,576855282
18.337709,71.1914,7.5586,7.5586,0,0,18.569434,576855282
18.338538,71.1914,7.5586,7.5586,0,0,18.569434,576855282
18.340891,71.1914,7.5586,7.5586,0,0,18.569434,576855282
18.342477,71.1914,7.5586,7.5586,0,0,18.569434,576855282
18.344506,71.1914,7.5586,7.5586,0,0,18.569434,576855282
18.346500,71.1914,7.5586,7.5586,0,0,18.569434,576855282
18.348519,71.1914,7.5586,7.5586,0,0,18.569434,576855282
18.350640,71.1914,7.5586,7.5586,0,0,18.569434,576855282
18.352475,71.1914,7.5586,7.5586,0,0,18.569434,576855282
18.354515,71.1914,7.5586,7.5586,0,0,18.569434,576855282
18.356461,71.1914,7.5586,7.5586,0,0,18.569434,576855282
18.358539,71.1914,7.5586,7.5586,0,0,18.569434,576855282
18.360466,71.1914,7.5586,7.5586,0,0,18.569434,576855282
18.362463,71.1914,7.5586,7.5586,0,0,18.569434,576855282
18.364460,71.1914,7.5586,7.5586,0,0,18.569434,576855282
18.366460,71.1914,7.5586,7.5586,0,0,18.569434,576855282
18.368460,71.1914,7.5586,7.5586,0,0,18.569434,576855282
18.370460,71.1914,7.5586,7.5586,0,0,18.569434,576855282
18.372460,71.1914,7.5586,7.5586,0,0,18.569434,576855282
18.374468,71.1914,7.5586,7.5586,0,0,18.569434,576855282
18.376469,71.1914,7.5586,7.5586,0,0,18.569434,576855282
18.378469,71.1914,7.5586,7.5586,0,0,18.569434,576855282
18.380505,71.1914,7.5586,7.5586,0,0,18.569434,576855282
18.382483,71.1914,7.5586,7.5586,0,0,18.569434,576855282
18.384480,71.1914,7.5586,7.5586,0,0,18.569434,576855282
18.386479,71.1914,7.5586,7.5586,0,0,18.569434,576855282
18.388477,71.1914,7.5586,7.5586,0,0,18.569434,576855282
18.390501,71.1914,7.5586,7.5586,0,0,18.569434,576855282
18.392498,71.1914,7.5586,7.5586,0,0,18.569434,576855282
18.394494,71.1914,7.5586,7.5586,0,0,18.569434,576855282
18.396494,71.1914,7.5586,7.5586,0,0,18.569434,576855282
18.398491,71.1914,7.5586,7.5586,0,0,18.569434,576855282
18.400491,71.1914,7.5586,7.5586,0,0,18.569434,576855282
18.402491,71.1914,7.5586,7.5586,0,0,18.569434,576855282
18.404491,71.1914,7.5586,7.5586,0,0,18.569434,576855282
18.406491,71.1914,7.5586,7.5586,0,0,18.569434,576855282
18.408491,71.1914,7.5586,7.5586,0,0,18.569434,576855282
18.410491,71.1914,7.5586,7.5586,0,0,18.569434,576855282
18.412505,71.1914,7.5586,7.5586,0,0,18.569434,576855282
18.414505,71.1914,7.5586,7.5586,0,0,18.569434,576855282
18.416502,71.1914,7.5586,7.5586,0,0,18.569434,576855282
18.418498,71.1914,7.5586,7.5586,0,0,18.569434,576855282
18.423548,71.1914,7.5586,7.5586,0,0,18.569434,576855282
18.423855,71.1914,7.5586,7.5586,0,0,18.569434,576855282
18.424470,71.1914,7.5586,7.5586,0,0,18.569434,576855282
18.426460,71.1914,7.5586,7.5586,0,0,18.569434,576855282
18.428540,71.1914,7.5586,7.5586,0,0,18.569434,576855282
18.430530,71.1914,7.5586,7.5586,0,0,18.569434,576855282
18.432510,71.1914,7.5586,7.5586,0,0,18.569434,576855282
18.434497,71.1914,7.5586,7.5586,0,0,18.569434,576855282
18.436480,71.1914,7.5586,7.5586,0,0,18.569434,576855282
18.438468,71.1914,7.5586,7.5586,0,0,18.569434,576855282
18.440534,71.1914,7.5586,7.5586,0,0,18.569434,576855282
18.442525,71.1914,7.5586,7.5586,0,0,18.569434,576855282
18.444506,71.1914,7.5586,7.5586,0,0,18.569434,576855282
18.446495,71.1914,7.5586,7.5586,0,0,18.569434,576855282
18.448477,71.1914,7.5586,7.5586,0,0,18.569434,576855282
18.450468,71.1914,7.5586,7.5586,0,0,18.569434,576855282
18.452534,71.1914,7.5586,7.5586,0,0,18.569434,576855282
18.454524,71.1914,7.5586,7.5586,0,0,18.569434,576855282
18.456506,71.1914,7.5586,7.5586,0,0,18.569434,576855282
18.458495,71.1914,7.5586,7.5586,0,0,18.569434,576855282
18.460477,71.1914,7.5586,7.5586,0,0,18.569434,576855282
18.462468,71.1914,7.5586,7.5586,0,0,18.569434,576855282
18.464537,71.1914,7.5586,7.5586,0,0,18.569434,576855282
18.466525,71.1914,7.5586,7.5586,0,0,18.569434,576855282
18.468506,71.1914,7.5586,7.5586,0,0,18.569434,576855282
18.470495,71.1914,7.5586,7.5586,0,0,18.569434,576855282
18.472477,71.1914,7.5586,7.5586,0,0,18.569434,576855282
18.474469,71.1914,7.5586,7.5586,0,0,18.569434,576855282
18.476537,71.1914,7.5586,7.5586,0,0,18.569434,576855282
18.478525,71.1914,7.5586,7.5586,0,0,18.569434,576855282
18.480506,71.1914,7.5586,7.5586,0,0,18.569434,576855282
18.482511,71.1914,7.5586,7.5586,0,0,18.569434,576855282
18.484469,71.1914,7.5586,7.5586,0,0,18.569434,576855282
18.486460,71.1914,7.5586,7.5586,0,0,18.569434,576855282
18.488530,71.1914,7.5586,7.5586,0,0,18.569434,576855282
18.490534,71.1914,7.5586,7.5586,0,0,18.569434,576855282
18.492515,71.1914,7.5586,7.5586,0,0,18.569434,576855282
18.494506,71.1914,7.5586,7.5586,0,0,18.569434,576855282
18.496487,71.1914,7.5586,7.5586,0,0,18.569434,576855282
18.498477,71.1914,7.5586,7.5586,0,0,18.569434,576855282
18.500460,71.1914,7.5586,7.5586,0,0,18.569434,576855282
18.502534,71.1914,7.5586,7.5586,0,0,18.569434,576855282
18.504515,71.1914,7.5586,7.5586,0,0,18.569434,576855282
18.506506,71.1914,7.5586,7.5586,0,0,18.569434,576855282
18.508487,71.1914,7.5586,7.5586,0,0,18.569434,576855282
18.510477,71.1914,7.5586,7.5586,0,0,18.569434,576855282
18.512472,71.1914,7.5586,7.5586,0,0,18.569434,576855282
18.514460,71.1914,7.5586,7.5586,0,0,18.569434,576855282
18.516530,71.1914,7.5586,7.5586,0,0,18.569434,576855282
18.518518,71.1914,7.5586,7.5586,0,0,18.569434,576855282
18.523242,71.1914,7.5586,7.5586,0,0,18.569434,576855282
18.523501,71.1914,7.5586,7.5586,0,0,18.569434,576855282
18.524480,71.1914,7.5586,7.5586,0,0,18.569434,576855282
18.526477,71.1914,7.5586,7.5586,0,0,18.569434,576855282
18.528477,71.1914,7.5586,7.5586,0,0,18.569434,576855282
18.530476,71.1914,7.5586,7.5586,0,0,18.569434,576855282
18.532473,71.1914,7.5586,7.5586,0,0,18.569434,576855282
18.534468,71.1914,7.5586,7.5586,0,0,18.569434,576855282
18.536469,71.1914,7.5586,7.5586,0,0,18.569434,576855282
18.538469,71.1914,7.5586,7.5586,0,0,18.569434,576855282
18.540469,71.1914,7.5586,7.5586,0,0,18.569434,576855282
18.542469,71.1914,7.5586,7.5586,0,0,18.569434,576855282
18.544469,71.1914,7.5586,7.5586,0,0,18.569434,576855282
18.546469,71.1914,7.5586,7.5586,0,0,18.569434,576855282
18.548469,71.1914,7.5586,7.5586,0,0,18.569434,576855282
18.550469,71.1914,7.5586,7.5586,0,0,18.569434,576855282
18.552469,71.1914,7.5586,7.5586,0,0,18.569434,576855282
18.554469,71.1914,7.5586,7.5586,0,0,18.569434,576855282
18.556469,71.1914,7.5586,7.5586,0,0,18.569434,576855282
18.558488,71.1914,7.5586,7.5586,0,0,18.569434,576855282
18.560477,71.1914,7.5586,7.5586,0,0,18.569434,576855282
18.562504,71.1914,7.5586,7.5586,0,0,18.569434,576855282
18.564531,71.1914,7.5586,7.5586,0,0,18.569434,576855282
18.566536,71.1914,7.5586,7.5586,0,0,18.569434,576855282
18.571216,71.1914,7.5586,7.5586,0,0,18.819325,577104567
18.571682,71.1914,7.5586,7.5586,0,0,18.819325,577104567
18.572531,71.1914,7.5586,7.5586,0,0,18.819325,577104567
18.574872,71.1914,7.5586,7.5586,0,0,18.819325,577104567
18.576466,71.1914,7.5586,7.5586,0,0,18.819325,577104567
18.578519,71.1914,7.5586,7.5586,0,0,18.819325,577104567
18.580525,71.1914,7.5586,7.5586,0,0,18.819325,577104567
18.582548,71.1914,7.5586,7.5586,0,0,18.819325,577104567
18.584494,71.1914,7.5586,7.5586,0,0,18.819325,577104567
18.586538,71.1914,7.5586,7.5586,0,0,18.819325,577104567
18.588537,71.1914,7.5586,7.5586,0,0,18.819325,577104567
18.590499,71.1914,7.5586,7.5586,0,0,18.819325,577104567
18.592461,71.1914,7.5586,7.5586,0,0,18.819325,577104567
18.594477,71.1914,7.5586,7.5586,0,0,18.819325,577104567
18.596477,71.1914,7.5586,7.5586,0,0,18.819325,577104567
18.598473,71.1914,7.5586,7.5586,0,0,18.819325,577104567
18.600468,71.1914,7.5586,7.5586,0,0,18.819325,577104567
18.602469,71.1914,7.5586,7.5586,0,0,18.819325,577104567
18.604469,71.1914,7.5586,7.5586,0,0,18.819325,577104567
18.606469,71.1914,7.5586,7.5586,0,0,18.819325,577104567
18.608469,71.1914,7.5586,7.5586,0,0,18.819325,577104567
18.610469,71.1914,7.5586,7.5586,0,0,18.819325,577104567
18.612480,71.1914,7.5586,7.5586,0,0,18.819325,577104567
18.614479,71.1914,7.5586,7.5586,0,0,18.819325,577104567
18.616477,71.1914,7.5586,7.5586,0,0,18.819325,577104567
18.618477,71.1914,7.5586,7.5586,0,0,18.819325,577104567
18.623528,71.1914,7.5586,7.5586,0,0,18.819325,577104567
18.623823,71.1914,7.5586,7.5586,0,0,18.819325,577104567
18.624524,71.1914,7.5586,7.5586,0,0,18.819325,577104567
18.626515,71.1914,7.5586,7.5586,0,0,18.819325,577104567
18.628498,71.1914,7.5586,7.5586,0,0,18.819325,577104567
18.630487,71.1914,7.5586,7.5586,0,0,18.819325,577104567
18.632468,71.1914,7.5586,7.5586,0,0,18.819325,577104567
18.634457,71.1914,7.5586,7.5586,0,0,18.819325,577104567
18.636524,71.1914,7.5586,7.5586,0,0,18.819325,577104567
18.638515,71.1914,7.5586,7.5586,0,0,18.819325,577104567
18.640498,71.1914,7.5586,7.5586,0,0,18.819325,577104567
18.642487,71.1914,7.5586,7.5586,0,0,18.819325,577104567
18.644468,71.1914,7.5586,7.5586,0,0,18.819325,577104567
18.646457,71.1914,7.5586,7.5586,0,0,18.819325,577104567
18.648524,71.1914,7.5586,7.5586,0,0,18.819325,577104567
18.650515,71.1914,7.5586,7.5586,0,0,18.819325,577104567
18.652498,71.1914,7.5586,7.5586,0,0,18.819325,577104567
18.654487,71.1914,7.5586,7.5586,0,0,18.819325,577104567
18.656468,71.1914,7.5586,7.5586,0,0,18.819325,577104567
18.658457,71.1914,7.5586,7.5586,0,0,18.819325,577104567
18.660524,71.1914,7.5586,7.5586,0,0,18.819325,577104567
18.662515,71.1914,7.5586,7.5586,0,0,18.819325,577104567
18.664498,71.1914,7.5586,7.5586,0,0,18.819325,577104567
18.666487,71.1914,7.5586,7.5586,0,0,18.819325,577104567
18.668468,71.1914,7.5586,7.5586,0,0,18.819325,577104567
18.670457,71.1914,7.5586,7.5586,0,0,18.819325,577104567
18.672524,71.1914,7.5586,7.5586,0,0,18.819325,577104567
18.674515,71.1914,7.5586,7.5586,0,0,18.819325,577104567
18.676498,71.1914,7.5586,7.5586,0,0,18.819325,577104567
18.678487,71.1914,7.5586,7.5586,0,0,18.819325,577104567
18.680468,71.1914,7.5586,7.5586,0,0,18.819325,577104567
18.682457,71.1914,7.5586,7.5586,0,0,18.819325,577104567
18.684524,71.1914,7.5586,7.5586,0,0,18.819325,577104567
18.686515,71.1914,7.5586,7.5586,0,0,18.819325,577104567
18.688460,71.1914,7.5586,7.5586,0,0,18.819325,577104567
18.690534,71.1914,7.5586,7.5586,0,0,18.819325,577104567
18.692528,71.1914,7.5586,7.5586,0,0,18.819325,577104567
18.694505,71.1914,7.5586,7.5586,0,0,18.819325,577104567
18.696486,71.1914,7.5586,7.5586,0,0,18.819325,577104567
18.698477,71.1914,7.5586,7.5586,0,0,18.819325,577104567
18.700460,71.1914,7.5586,7.5586,0,0,18.819325,577104567
18.702534,71.1914,7.5586,7.5586,0,0,18.819325,577104567
18.704515,71.1914,7.5586,7.5586,0,0,18.819325,577104567
18.706506,71.1914,7.5586,7.5586,0,0,18.819325,577104567
18.708487,71.1914,7.5586,7.5586,0,0,18.819325,577104567
18.710477,71.1914,7.5586,7.5586,0,0,18.819325,577104567
18.712480,71.1914,7.5586,7.5586,0,0,18.819325,577104567
18.714468,71.1914,7.5586,7.5586,0,0,18.819325,577104567
18.716534,71.1914,7.5586,7.5586,0,0,18.819325,577104567
18.718525,71.1914,7.5586,7.5586,0,0,18.819325,577104567
18.722972,71.1914,7.5586,7.5586,0,0,18.819325,577104567
18.723234,71.1914,7.5586,7.5586,0,0,18.819325,577104567
18.724469,71.1914,7.5586,7.5586,0,0,18.819325,577104567
18.726469,71.1914,7.5586,7.5586,0,0,18.819325,577104567
18.728469,71.1914,7.5586,7.5586,0,0,18.819325,577104567
18.730469,71.1914,7.5586,7.5586,0,0,18.819325,577104567
18.732469,71.1914,7.5586,7.5586,0,0,18.819325,577104567
18.734469,71.1914,7.5586,7.5586,0,0,18.819325,577104567
18.736469,71.1914,7.5586,7.5586,0,0,18.819325,577104567
18.738469,71.1914,7.5586,7.5586,0,0,18.819325,577104567
18.740469,71.1914,7.5586,7.5586,0,0,18.819325,577104567
18.742469,71.1914,7.5586,7.5586,0,0,18.819325,577104567
18.744469,71.1914,7.5586,7.5586,0,0,18.819325,577104567
18.746469,71.1914,7.5586,7.5586,0,0,18.819325,577104567
18.748469,71.1914,7.5586,7.5586,0,0,18.819325,577104567
18.750469,71.1914,7.5586,7.5586,0,0,18.819325,577104567
18.752469,71.1914,7.5586,7.5586,0,0,18.819325,577104567
18.754469,71.1914,7.5586,7.5586,0,0,18.819325,577104567
18.756469,71.1914,7.5586,7.5586,0,0,18.819325,577104567
18.758469,71.1914,7.5586,7.5586,0,0,18.819325,577104567
18.760469,71.1914,7.5586,7.5586,0,0,18.819325,577104567
18.762469,71.1914,7.5586,7.5586,0,0,18.819325,577104567
18.764469,71.1914,7.5586,7.5586,0,0,18.819325,577104567
18.766469,71.1914,7.5586,7.5586,0,0,18.819325,577104567
18.768469,71.1914,7.5586,7.5586,0,0,18.819325,577104567
18.770469,71.1914,7.5586,7.5586,0,0,18.819325,577104567
18.772469,71.1914,7.5586,7.5586,0,0,18.819325,577104567
18.774469,71.1914,7.5586,7.5586,0,0,18.819325,577104567
18.776469,71.1914,7.5586,7.5586,0,0,18.819325,577104567
18.778469,71.1914,7.5586,7.5586,0,0,18.819325,577104567
18.780469,71.1914,7.5586,7.5586,0,0,18.819325,577104567
18.782469,71.1914,7.5586,7.5586,0,0,18.819325,577104567
18.784469,71.1914,7.5586,7.5586,0,0,18.819325,577104567
18.786527,71.1914,7.5586,7.5586,0,0,18.819325,577104567
18.788518,71.1914,7.5586,7.5586,0,0,18.819325,577104567
18.790498,71.1914,7.5586,7.5586,0,0,18.819325,577104567
18.792494,71.1914,7.5586,7.5586,0,0,18.819325,577104567
18.794494,71.1914,7.5586,7.5586,0,0,18.819325,577104567
18.796456,71.1914,7.5586,7.5586,0,0,18.819325,577104567
18.798538,71.1914,7.5586,7.5586,0,0,18.819325,577104567
18.800534,71.1914,7.5586,7.5586,0,0,18.819325,577104567
18.803053,71.1914,7.5586,7.5586,0,0,18.819325,577104567
18.804477,71.1914,7.5586,7.5586,0,0,18.819325,577104567
18.806477,71.1914,7.5586,7.5586,0,0,18.819325,577104567
18.808473,71.1914,7.5586,7.5586,0,0,18.819325,577104567
18.810513,71.1914,7.5586,7.5586,0,0,18.819325,577104567
18.812524,71.1914,7.5586,7.5586,0,0,18.819325,577104567
18.814522,71.1914,7.5586,7.5586,0,0,18.819325,577104567
18.816456,71.1914,7.5586,7.5586,0,0,18.819325,577104567
18.825167,71.1914,7.5586,7.5586,0,0,19.048781,577331055
18.825540,71.1914,7.5586,7.5586,0,0,19.048781,577331055
18.825709,71.1914,7.5586,7.5586,0,0,19.048781,577331055
18.825882,71.1914,7.5586,7.5586,0,0,19.048781,577331055
18.826492,71.1914,7.5586,7.5586,0,0,19.048781,577331055
18.828525,71.1914,7.5586,7.5586,0,0,19.048781,577331055
18.830545,71.1914,7.5586,7.5586,0,0,19.048781,577331055
18.832577,71.1914,7.5586,7.5586,0,0,19.048781,577331055
18.834480,71.1914,7.5586,7.5586,0,0,19.048781,577331055
18.836537,71.1914,7.5586,7.5586,0,0,19.048781,577331055
18.838515,71.1914,7.5586,7.5586,0,0,19.048781,577331055
18.840506,71.1914,7.5586,7.5586,0,0,19.048781,577331055
18.842495,71.1914,7.5586,7.5586,0,0,19.048781,577331055
18.844491,71.1914,7.5586,7.5586,0,0,19.048781,577331055
18.846480,71.1914,7.5586,7.5586,0,0,19.048781,577331055
18.848472,71.1914,7.5586,7.5586,0,0,19.048781,577331055
18.850460,71.1914,7.5586,7.5586,0,0,19.048781,577331055
18.852456,71.1914,7.5586,7.5586,0,0,19.048781,577331055
18.854533,71.1914,7.5586,7.5586,0,0,19.048781,577331055
18.856526,71.1914,7.5586,7.5586,0,0,19.048781,577331055
18.858515,71.1914,7.5586,7.5586,0,0,19.048781,577331055
18.860506,71.1914,7.5586,7.5586,0,0,19.048781,577331055
18.862495,71.1914,7.5586,7.5586,0,0,19.048781,577331055
18.864491,71.1914,7.5586,7.5586,0,0,19.048781,577331055
18.866480,71.1914,7.5586,7.5586,0,0,19.048781,577331055
18.868472,71.1914,7.5586,7.5586,0,0,19.048781,577331055
18.870460,71.1914,7.5586,7.5586,0,0,19.048781,577331055
18.872456,71.1914,7.5586,7.5586,0,0,19.048781,577331055
18.874533,71.1914,7.5586,7.5586,0,0,19.048781,577331055
18.876526,71.1914,7.5586,7.5586,0,0,19.048781,577331055
18.878515,71.1914,7.5586,7.5586,0,0,19.048781,577331055
18.880506,71.1914,7.5586,7.5586,0,0,19.048781,577331055
18.882495,71.1914,7.5586,7.5586,0,0,19.048781,577331055
18.884491,71.1914,7.5586,7.5586,0,0,19.048781,577331055
18.886480,71.1914,7.5586,7.5586,0,0,19.048781,577331055
18.888472,71.1914,7.5586,7.5586,0,0,19.048781,577331055
18.890460,71.1914,7.5586,7.5586,0,0,19.048781,577331055
18.892488,71.1914,7.5586,7.5586,0,0,19.048781,577331055
18.894480,71.1914,7.5586,7.5586,0,0,19.048781,577331055
18.896472,71.1914,7.5586,7.5586,0,0,19.048781,577331055
18.898461,71.1914,7.5586,7.5586,0,0,19.048781,577331055
18.900476,71.1914,7.5586,7.5586,0,0,19.048781,577331055
18.902469,71.1914,7.5586,7.5586,0,0,19.048781,577331055
18.904461,71.1914,7.5586,7.5586,0,0,19.048781,577331055
18.906537,71.1914,7.5586,7.5586,0,0,19.048781,577331055
18.908530,71.1914,7.5586,7.5586,0,0,19.048781,577331055
18.910518,71.1914,7.5586,7.5586,0,0,19.048781,577331055
18.912533,71.1914,7.5586,7.5586,0,0,19.048781,577331055
18.914525,71.1914,7.5586,7.5586,0,0,19.048781,577331055
18.916518,71.1914,7.5586,7.5586,0,0,19.048781,577331055
18.918506,71.1914,7.5586,7.5586,0,0,19.048781,577331055
18.923236,71.1914,7.5586,7.5586,0,0,19.048781,577331055
18.923511,71.1914,7.5586,7.5586,0,0,19.048781,577331055
18.924469,71.1914,7.5586,7.5586,0,0,19.048781,577331055
18.926461,71.1914,7.5586,7.5586,0,0,19.048781,577331055
18.928472,71.1914,7.5586,7.5586,0,0,19.048781,577331055
18.930502,71.1914,7.5586,7.5586,0,0,19.048781,577331055
18.932494,71.1914,7.5586,7.5586,0,0,19.048781,577331055
18.934487,71.1914,7.5586,7.5586,0,0,19.048781,577331055
18.936477,71.1914,7.5586,7.5586,0,0,19.048781,577331055
18.938468,71.1914,7.5586,7.5586,0,0,19.048781,577331055
18.940457,71.1914,7.5586,7.5586,0,0,19.048781,577331055
18.942538,71.1914,7.5586,7.5586,0,0,19.048781,577331055
18.944525,71.1914,7.5586,7.5586,0,0,19.048781,577331055
18.946518,71.1914,7.5586,7.5586,0,0,19.048781,577331055
18.948506,71.1914,7.5586,7.5586,0,0,19.048781,577331055
18.950498,71.1914,7.5586,7.5586,0,0,19.048781,577331055
18.952487,71.1914,7.5586,7.5586,0,0,19.048781,577331055
18.954479,71.1914,7.5586,7.5586,0,0,19.048781,577331055
18.956468,71.1914,7.5586,7.5586,0,0,19.048781,577331055
18.958460,71.1914,7.5586,7.5586,0,0,19.048781,577331055
18.960534,71.1914,7.5586,7.5586,0,0,19.048781,577331055
18.962525,71.1914,7.5586,7.5586,0,0,19.048781,577331055
18.964516,71.1914,7.5586,7.5586,0,0,19.048781,577331055
18.966507,71.1914,7.5586,7.5586,0,0,19.048781,577331055
18.968498,71.1914,7.5586,7.5586,0,0,19.048781,577331055
18.970491,71.1914,7.5586,7.5586,0,0,19.048781,577331055
18.972480,71.1914,7.5586,7.5586,0,0,19.048781,577331055
18.974472,71.1914,7.5586,7.5586,0,0,19.048781,577331055
18.976460,71.1914,7.5586,7.5586,0,0,19.048781,577331055
18.978456,71.1914,7.5586,7.5586,0,0,19.048781,577331055
18.980530,71.1914,7.5586,7.5586,0,0,19.048781,577331055
18.982524,71.1914,7.5586,7.5586,0,0,19.048781,577331055
18.984515,71.1914,7.5586,7.5586,0,0,19.048781,577331055
18.986506,71.1914,7.5586,7.5586,0,0,19.048781,577331055
18.988495,71.1914,7.5586,7.5586,0,0,19.048781,577331055
18.990491,71.1914,7.5586,7.5586,0,0,19.048781,577331055
18.992480,71.1914,7.5586,7.5586,0,0,19.048781,577331055
18.994522,71.1914,7.5586,7.5586,0,0,19.048781,577331055
18.996515,71.1914,7.5586,7.5586,0,0,19.048781,577331055
18.998506,71.1914,7.5586,7.5586,0,0,19.048781,577331055
19.000496,71.1914,7.5586,7.5586,0,0,19.048781,577331055
19.002505,71.1914,7.5586,7.5586,0,0,19.048781,577331055
19.004494,71.1914,7.5586,7.5586,0,0,19.048781,577331055
19.006487,71.1914,7.5586,7.5586,0,0,19.048781,577331055
19.008477,71.1914,7.5586,7.5586,0,0,19.048781,577331055
19.010468,71.1914,7.5586,7.5586,0,0,19.048781,577331055
19.012468,71.1914,7.5586,7.5586,0,0,19.048781,577331055
19.014460,71.1914,7.5586,7.5586,0,0,19.048781,577331055
19.016534,71.1914,7.5586,7.5586,0,0,19.048781,577331055
19.018525,71.1914,7.5586,7.5586,0,0,19.048781,577331055
19.022994,71.1914,7.5586,7.5586,0,0,19.048781,577331055
19.023265,71.1914,7.5586,7.5586,0,0,19.048781,577331055
19.024473,71.1914,7.5586,7.5586,0,0,19.048781,577331055
19.026469,71.1914,7.5586,7.5586,0,0,19.048781,577331055
19.028460,71.1914,7.5586,7.5586,0,0,19.048781,577331055
19.030456,71.1914,7.5586,7.5586,0,0,19.048781,577331055
19.032530,71.1914,7.5586,7.5586,0,0,19.048781,577331055
19.034532,71.1914,7.5586,7.5586,0,0,19.048781,577331055
19.036510,71.1914,7.5586,7.5586,0,0,19.048781,577331055
19.038506,71.1914,7.5586,7.5586,0,0,19.048781,577331055
19.040524,71.1914,7.5586,7.5586,0,0,19.048781,577331055
19.042456,71.1914,7.5586,7.5586,0,0,19.048781,577331055
19.046999,71.1914,7.5586,7.5586,0,0,19.288594,577560253
19.047456,71.1914,7.5586,7.5586,0,0,19.288594,577560253
19.048457,71.1914,7.5586,7.5586,0,0,19.288594,577560253
19.050638,71.1914,7.5586,7.5586,0,0,19.288594,577560253
19.052507,71.1914,7.5586,7.5586,0,0,19.288594,577560253
19.054521,71.1914,7.5586,7.5586,0,0,19.288594,577560253
19.056517,71.1914,7.5586,7.5586,0,0,19.288594,577560253
19.058479,71.1914,7.5586,7.5586,0,0,19.288594,577560253
19.060568,71.1914,7.5586,7.5586,0,0,19.288594,577560253
19.062492,71.1914,7.5586,7.5586,0,0,19.288594,577560253
19.064485,71.1914,7.5586,7.5586,0,0,19.288594,577560253
19.066467,71.1914,7.5586,7.5586,0,0,19.288594,577560253
19.068477,71.1914,7.5586,7.5586,0,0,19.288594,577560253
19.070476,71.1914,7.5586,7.5586,0,0,19.288594,577560253
19.072473,71.1914,7.5586,7.5586,0,0,19.288594,577560253
19.074468,71.1914,7.5586,7.5586,0,0,19.288594,577560253
19.076469,71.1914,7.5586,7.5586,0,0,19.288594,577560253
19.078469,71.1914,7.5586,7.5586,0,0,19.288594,577560253
19.080469,71.1914,7.5586,7.5586,0,0,19.288594,577560253
19.082469,71.1914,7.5586,7.5586,0,0,19.288594,577560253
19.084469,71.1914,7.5586,7.5586,0,0,19.288594,577560253
19.086469,71.1914,7.5586,7.5586,0,0,19.288594,577560253
19.088469,71.1914,7.5586,7.5586,0,0,19.288594,577560253
19.090469,71.1914,7.5586,7.5586,0,0,19.288594,577560253
19.092469,71.1914,7.5586,7.5586,0,0,19.288594,577560253
19.094469,71.1914,7.5586,7.5586,0,0,19.288594,577560253
19.096469,71.1914,7.5586,7.5586,0,0,19.288594,577560253
19.098528,71.1914,7.5586,7.5586,0,0,19.288594,577560253
19.100526,71.1914,7.5586,7.5586,0,0,19.288594,577560253
19.102468,71.1914,7.5586,7.5586,0,0,19.288594,577560253
19.104466,71.1914,7.5586,7.5586,0,0,19.288594,577560253
19.106491,71.1914,7.5586,7.5586,0,0,19.288594,577560253
19.108491,71.1914,7.5586,7.5586,0,0,19.288594,577560253
19.110491,71.1914,7.5586,7.5586,0,0,19.288594,577560253
19.112506,71.1914,7.5586,7.5586,0,0,19.288594,577560253
19.114503,71.1914,7.5586,7.5586,0,0,19.288594,577560253
19.116500,71.1914,7.5586,7.5586,0,0,19.288594,577560253
19.118498,71.1914,7.5586,7.5586,0,0,19.288594,577560253
19.123565,71.1914,7.5586,7.5586,0,0,19.288594,577560253
19.123864,71.1914,7.5586,7.5586,0,0,19.288594,577560253
19.124480,71.1914,7.5586,7.5586,0,0,19.288594,577560253
19.126468,71.1914,7.5586,7.5586,0,0,19.288594,577560253
19.128534,71.1914,7.5586,7.5586,0,0,19.288594,577560253
19.130525,71.1914,7.5586,7.5586,0,0,19.288594,577560253
19.132506,71.1914,7.5586,7.5586,0,0,19.288594,577560253
19.134495,71.1914,7.5586,7.5586,0,0,19.288594,577560253
19.136477,71.1914,7.5586,7.5586,0,0,19.288594,577560253
19.138468,71.1914,7.5586,7.5586,0,0,19.288594,577560253
19.140534,71.1914,7.5586,7.5586,0,0,19.288594,577560253
19.142524,71.1914,7.5586,7.5586,0,0,19.288594,577560253
19.144506,71.1914,7.5586,7.5586,0,0,19.288594,577560253
19.146495,71.1914,7.5586,7.5586,0,0,19.288594,577560253
19.148477,71.1914,7.5586,7.5586,0,0,19.288594,577560253
19.150468,71.1914,7.5586,7.5586,0,0,19.288594,577560253
19.152537,71.1914,7.5586,7.5586,0,0,19.288594,577560253
19.154525,71.1914,7.5586,7.5586,0,0,19.288594,577560253
19.156506,71.1914,7.5586,7.5586,0,0,19.288594,577560253
19.158495,71.1914,7.5586,7.5586,0,0,19.288594,577560253
19.160477,71.1914,7.5586,7.5586,0,0,19.288594,577560253
19.162469,71.1914,7.5586,7.5586,0,0,19.288594,577560253
19.164537,71.1914,7.5586,7.5586,0,0,19.288594,577560253
19.166525,71.1914,7.5586,7.5586,0,0,19.288594,577560253
19.168506,71.1914,7.5586,7.5586,0,0,19.288594,577560253
19.170495,71.1914,7.5586,7.5586,0,0,19.288594,577560253
19.172477,71.1914,7.5586,7.5586,0,0,19.288594,577560253
19.174469,71.1914,7.5586,7.5586,0,0,19.288594,577560253
19.176537,71.1914,7.5586,7.5586,0,0,19.288594,577560253
19.178525,71.1914,7.5586,7.5586,0,0,19.288594,577560253
19.180506,71.1914,7.5586,7.5586,0,0,19.288594,577560253
19.182495,71.1914,7.5586,7.5586,0,0,19.288594,577560253
19.184477,71.1914,7.5586,7.5586,0,0,19.288594,577560253
19.186469,71.1914,7.5586,7.5586,0,0,19.288594,577560253
19.188537,71.1914,7.5586,7.5586,0,0,19.288594,577560253
19.190525,71.1914,7.5586,7.5586,0,0,19.288594,577560253
19.192506,71.1914,7.5586,7.5586,0,0,19.288594,577560253
19.194495,71.1914,7.5586,7.5586,0,0,19.288594,577560253
19.196477,71.1914,7.5586,7.5586,0,0,19.288594,577560253
19.198469,71.1914,7.5586,7.5586,0,0,19.288594,577560253
19.200491,71.1914,7.5586,7.5586,0,0,19.288594,577560253
19.202480,71.1914,7.5586,7.5586,0,0,19.288594,577560253
19.204461,71.1914,7.5586,7.5586,0,0,19.288594,577560253
19.206468,71.1914,7.5586,7.5586,0,0,19.288594,577560253
19.208534,71.1914,7.5586,7.5586,0,0,19.288594,577560253
19.210525,71.1914,7.5586,7.5586,0,0,19.288594,577560253
19.212510,71.1914,7.5586,7.5586,0,0,19.288594,577560253
19.214498,71.1914,7.5586,7.5586,0,0,19.288594,577560253
19.216479,71.1914,7.5586,7.5586,0,0,19.288594,577560253
19.218468,71.1914,7.5586,7.5586,0,0,19.288594,577560253
19.223000,71.1914,7.5586,7.5586,0,0,19.288594,577560253
19.223264,71.1914,7.5586,7.5586,0,0,19.288594,577560253
19.224491,71.1914,7.5586,7.5586,0,0,19.288594,577560253
19.226491,71.1914,7.5586,7.5586,0,0,19.288594,577560253
19.228491,71.1914,7.5586,7.5586,0,0,19.288594,577560253
19.230491,71.1914,7.5586,7.5586,0,0,19.288594,577560253
19.232491,71.1914,7.5586,7.5586,0,0,19.288594,577560253
19.234491,71.1914,7.5586,7.5586,0,0,19.288594,577560253
19.236491,71.1914,7.5586,7.5586,0,0,19.288594,577560253
19.238491,71.1914,7.5586,7.5586,0,0,19.288594,577560253
19.240491,71.1914,7.5586,7.5586,0,0,19.288594,577560253
19.242491,71.1914,7.5586,7.5586,0,0,19.288594,577560253
19.244491,71.1914,7.5586,7.5586,0,0,19.288594,577560253
19.246491,71.1914,7.5586,7.5586,0,0,19.288594,577560253
19.248491,71.1914,7.5586,7.5586,0,0,19.288594,577560253
19.250491,71.1914,7.5586,7.5586,0,0,19.288594,577560253
19.252491,71.1914,7.5586,7.5586,0,0,19.288594,577560253
19.254491,71.1914,7.5586,7.5586,0,0,19.288594,577560253
19.256491,71.1914,7.5586,7.5586,0,0,19.288594,577560253
19.258491,71.1914,7.5586,7.5586,0,0,19.288594,577560253
19.260491,71.1914,7.5586,7.5586,0,0,19.288594,577560253
19.262491,71.1914,7.5586,7.5586,0,0,19.288594,577560253
19.264465,71.1914,7.5586,7.5586,0,0,19.288594,577560253
19.266460,71.1914,7.5586,7.5586,0,0,19.288594,577560253
19.268480,71.1914,7.5586,7.5586,0,0,19.288594,577560253
19.270540,71.1914,7.5586,7.5586,0,0,19.288594,577560253
19.272719,71.1914,7.5586,7.5586,0,0,19.288594,577560253
19.276215,71.1914,7.5586,7.5586,0,0,19.543261,577829821
19.276661,71.1914,7.5586,7.5586,0,0,19.543261,577829821
19.278478,71.1914,7.5586,7.5586,0,0,19.543261,577829821
19.280464,71.1914,7.5586,7.5586,0,0,19.543261,577829821
19.282476,71.1914,7.5586,7.5586,0,0,19.543261,577829821
19.284470,71.1914,7.5586,7.5586,0,0,19.543261,577829821
19.286502,71.1914,7.5586,7.5586,0,0,19.543261,577829821
19.288496,71.1914,7.5586,7.5586,0,0,19.543261,577829821
19.290494,71.1914,7.5586,7.5586,0,0,19.543261,577829821
19.292492,71.1914,7.5586,7.5586,0,0,19.543261,577829821
19.294460,71.1914,7.5586,7.5586,0,0,19.543261,577829821
19.296455,71.1914,7.5586,7.5586,0,0,19.543261,577829821
19.298482,71.1914,7.5586,7.5586,0,0,19.543261,577829821
19.300509,71.1914,7.5586,7.5586,0,0,19.543261,577829821
19.302515,71.1914,7.5586,7.5586,0,0,19.543261,577829821
19.304479,71.1914,7.5586,7.5586,0,0,19.543261,577829821
19.306477,71.1914,7.5586,7.5586,0,0,19.543261,577829821
19.308473,71.1914,7.5586,7.5586,0,0,19.543261,577829821
19.310493,71.1914,7.5586,7.5586,0,0,19.543261,577829821
19.312525,71.1914,7.5586,7.5586,0,0,19.543261,577829821
19.314530,71.1914,7.5586,7.5586,0,0,19.543261,577829821
19.316486,71.1914,7.5586,7.5586,0,0,19.543261,577829821
19.318466,71.1914,7.5586,7.5586,0,0,19.543261,577829821
19.323520,71.1914,7.5586,7.5586,0,0,19.543261,577829821
19.323815,71.1914,7.5586,7.5586,0,0,19.543261,577829821
19.324516,71.1914,7.5586,7.5586,0,0,19.543261,577829821
19.326506,71.1914,7.5586,7.5586,0,0,19.543261,577829821
19.328487,71.1914,7.5586,7.5586,0,0,19.543261,577829821
19.330477,71.1914,7.5586,7.5586,0,0,19.543261,577829821
19.332460,71.1914,7.5586,7.5586,0,0,19.543261,577829821
19.334534,71.1914,7.5586,7.5586,0,0,19.543261,577829821
19.336515,71.1914,7.5586,7.5586,0,0,19.543261,577829821
19.338506,71.1914,7.5586,7.5586,0,0,19.543261,577829821
19.340487,71.1914,7.5586,7.5586,0,0,19.543261,577829821
19.342477,71.1914,7.5586,7.5586,0,0,19.543261,577829821
19.344460,71.1914,7.5586,7.5586,0,0,19.543261,577829821
19.346534,71.1914,7.5586,7.5586,0,0,19.543261,577829821
19.348515,71.1914,7.5586,7.5586,0,0,19.543261,577829821
19.350506,71.1914,7.5586,7.5586,0,0,19.543261,577829821
19.352487,71.1914,7.5586,7.5586,0,0,19.543261,577829821
19.354477,71.1914,7.5586,7.5586,0,0,19.543261,577829821
19.356460,71.1914,7.5586,7.5586,0,0,19.543261,577829821
19.358534,71.1914,7.5586,7.5586,0,0,19.543261,577829821
19.360515,71.1914,7.5586,7.5586,0,0,19.543261,577829821
19.362506,71.1914,7.5586,7.5586,0,0,19.543261,577829821
19.364487,71.1914,7.5586,7.5586,0,0,19.543261,577829821
19.366477,71.1914,7.5586,7.5586,0,0,19.543261,577829821
19.368460,71.1914,7.5586,7.5586,0,0,19.543261,577829821
19.370534,71.1914,7.5586,7.5586,0,0,19.543261,577829821
19.372515,71.1914,7.5586,7.5586,0,0,19.543261,577829821
19.374506,71.1914,7.5586,7.5586,0,0,19.543261,577829821
19.376487,71.1914,7.5586,7.5586,0,0,19.543261,577829821
19.378477,71.1914,7.5586,7.5586,0,0,19.543261,577829821
19.380460,71.1914,7.5586,7.5586,0,0,19.543261,577829821
19.382534,71.1914,7.5586,7.5586,0,0,19.543261,577829821
19.384515,71.1914,7.5586,7.5586,0,0,19.543261,577829821
19.386506,71.1914,7.5586,7.5586,0,0,19.543261,577829821
19.388487,71.1914,7.5586,7.5586,0,0,19.543261,577829821
19.390477,71.1914,7.5586,7.5586,0,0,19.543261,577829821
19.392460,71.1914,7.5586,7.5586,0,0,19.543261,577829821
19.394534,71.1914,7.5586,7.5586,0,0,19.543261,577829821
19.396515,71.1914,7.5586,7.5586,0,0,19.543261,577829821
19.398506,71.1914,7.5586,7.5586,0,0,19.543261,577829821
19.400487,71.1914,7.5586,7.5586,0,0,19.543261,577829821
19.402477,71.1914,7.5586,7.5586,0,0,19.543261,577829821
19.404464,71.1914,7.5586,7.5586,0,0,19.543261,577829821
19.406473,71.1914,7.5586,7.5586,0,0,19.543261,577829821
19.408456,71.1914,7.5586,7.5586,0,0,19.543261,577829821
19.410468,71.1914,7.5586,7.5586,0,0,19.543261,577829821
19.412460,71.1914,7.5586,7.5586,0,0,19.543261,577829821
19.414534,71.1914,7.5586,7.5586,0,0,19.543261,577829821
19.416515,71.1914,7.5586,7.5586,0,0,19.543261,577829821
19.418506,71.1914,7.5586,7.5586,0,0,19.543261,577829821
19.423044,71.1914,7.5586,7.5586,0,0,19.543261,577829821
19.423310,71.1914,7.5586,7.5586,0,0,19.543261,577829821
19.424538,71.1914,7.5586,7.5586,0,0,19.543261,577829821
19.426534,71.1914,7.5586,7.5586,0,0,19.543261,577829821
19.428455,71.1914,7.5586,7.5586,0,0,19.543261,577829821
19.430538,71.1914,7.5586,7.5586,0,0,19.543261,577829821
19.432534,71.1914,7.5586,7.5586,0,0,19.543261,577829821
19.434530,71.1914,7.5586,7.5586,0,0,19.543261,577829821
19.436530,71.1914,7.5586,7.5586,0,0,19.543261,577829821
19.438525,71.1914,7.5586,7.5586,0,0,19.543261,577829821
19.440525,71.1914,7.5586,7.5586,0,0,19.543261,577829821
19.442525,71.1914,7.5586,7.5586,0,0,19.543261,577829821
19.444525,71.1914,7.5586,7.5586,0,0,19.543261,577829821
19.446525,71.1914,7.5586,7.5586,0,0,19.543261,577829821
19.448525,71.1914,7.5586,7.5586,0,0,19.543261,577829821
19.450525,71.1914,7.5586,7.5586,0,0,19.543261,577829821
19.452524,71.1914,7.5586,7.5586,0,0,19.543261,577829821
19.454522,71.1914,7.5586,7.5586,0,0,19.543261,577829821
19.456518,71.1914,7.5586,7.5586,0,0,19.543261,577829821
19.458518,71.1914,7.5586,7.5586,0,0,19.543261,577829821
19.460515,71.1914,7.5586,7.5586,0,0,19.543261,577829821
19.462515,71.1914,7.5586,7.5586,0,0,19.543261,577829821
19.464515,71.1914,7.5586,7.5586,0,0,19.543261,577829821
19.466510,71.1914,7.5586,7.5586,0,0,19.543261,577829821
19.468506,71.1914,7.5586,7.5586,0,0,19.543261,577829821
19.470505,71.1914,7.5586,7.5586,0,0,19.543261,577829821
19.472505,71.1914,7.5586,7.5586,0,0,19.543261,577829821
19.474502,71.1914,7.5586,7.5586,0,0,19.543261,577829821
19.476499,71.1914,7.5586,7.5586,0,0,19.543261,577829821
19.478497,71.1914,7.5586,7.5586,0,0,19.543261,577829821
19.480494,71.1914,7.5586,7.5586,0,0,19.543261,577829821
19.482491,71.1914,7.5586,7.5586,0,0,19.543261,577829821
19.484491,71.1914,7.5586,7.5586,0,0,19.543261,577829821
19.486491,71.1914,7.5586,7.5586,0,0,19.543261,577829821
19.488491,71.1914,7.5586,7.5586,0,0,19.543261,577829821
19.490491,71.1914,7.5586,7.5586,0,0,19.543261,577829821
19.492491,71.1914,7.5586,7.5586,0,0,19.543261,577829821
19.494491,71.1914,7.5586,7.5586,0,0,19.543261,577829821
19.496491,71.1914,7.5586,7.5586,0,0,19.543261,577829821
19.498491,71.1914,7.5586,7.5586,0,0,19.543261,577829821
19.500491,71.1914,7.5586,7.5586,0,0,19.543261,577829821
19.502491,71.1914,7.5586,7.5586,0,0,19.543261,577829821
19.504491,71.1914,7.5586,7.5586,0,0,19.543261,577829821
19.506491,71.1914,7.5586,7.5586,0,0,19.543261,577829821
19.508525,71.1914,7.5586,7.5586,0,0,19.543261,577829821
19.510525,71.1914,7.5586,7.5586,0,0,19.543261,577829821
19.512526,71.1914,7.5586,7.5586,0,0,19.543261,577829821
19.514465,71.1914,7.5586,7.5586,0,0,19.543261,577829821
19.516477,71.1914,7.5586,7.5586,0,0,19.543261,577829821
19.518515,71.1914,7.5586,7.5586,0,0,19.543261,577829821
19.523211,71.1914,7.5586,7.5586,0,0,19.543261,577829821
19.523466,71.1914,7.5586,7.5586,0,0,19.543261,577829821
19.524509,71.1914,7.5586,7.5586,0,0,19.543261,577829821
19.526497,71.1914,7.5586,7.5586,0,0,19.543261,577829821
19.528480,71.1914,7.5586,7.5586,0,0,19.543261,577829821
19.530502,71.1914,7.5586,7.5586,0,0,19.543261,577829821
19.533095,71.1914,7.5586,7.5586,0,0,19.543261,577829821
19.534514,71.1914,7.5586,7.5586,0,0,19.543261,577829821
19.536494,71.1914,7.5586,7.5586,0,0,19.543261,577829821
19.538483,71.1914,7.5586,7.5586,0,0,19.543261,577829821
19.540466,71.1914,7.5586,7.5586,0,0,19.543261,577829821
19.545793,71.1914,7.5586,7.5586,0,0,19.798376,578067239
19.546258,71.1914,7.5586,7.5586,0,0,19.798376,578067239
19.546509,71.1914,7.5586,7.5586,0,0,19.798376,578067239
19.548480,71.1914,7.5586,7.5586,0,0,19.798376,578067239
19.550521,71.1914,7.5586,7.5586,0,0,19.798376,578067239
19.552505,71.1914,7.5586,7.5586,0,0,19.798376,578067239
19.554469,71.1914,7.5586,7.5586,0,0,19.798376,578067239
19.556496,71.1914,7.5586,7.5586,0,0,19.798376,578067239
19.558468,71.1914,7.5586,7.5586,0,0,19.798376,578067239
19.560487,71.1914,7.5586,7.5586,0,0,19.798376,578067239
19.562514,71.1914,7.5586,7.5586,0,0,19.798376,578067239
19.564537,71.1914,7.5586,7.5586,0,0,19.798376,578067239
19.566485,71.1914,7.5586,7.5586,0,0,19.798376,578067239
19.568483,71.1914,7.5586,7.5586,0,0,19.798376,578067239
19.570468,71.1914,7.5586,7.5586,0,0,19.798376,578067239
19.572466,71.1914,7.5586,7.5586,0,0,19.798376,578067239
19.574463,71.1914,7.5586,7.5586,0,0,19.798376,578067239
19.576460,71.1914,7.5586,7.5586,0,0,19.798376,578067239
19.578460,71.1914,7.5586,7.5586,0,0,19.798376,578067239
19.580460,71.1914,7.5586,7.5586,0,0,19.798376,578067239
19.582460,71.1914,7.5586,7.5586,0,0,19.798376,578067239
19.584460,71.1914,7.5586,7.5586,0,0,19.798376,578067239
19.586460,71.1914,7.5586,7.5586,0,0,19.798376,578067239
19.588460,71.1914,7.5586,7.5586,0,0,19.798376,578067239
19.590460,71.1914,7.5586,7.5586,0,0,19.798376,578067239
19.592460,71.1914,7.5586,7.5586,0,0,19.798376,578067239
19.594460,71.1914,7.5586,7.5586,0,0,19.798376,578067239
19.596460,71.1914,7.5586,7.5586,0,0,19.798376,578067239
19.598460,71.1914,7.5586,7.5586,0,0,19.798376,578067239
19.600460,71.1914,7.5586,7.5586,0,0,19.798376,578067239
19.602460,71.1914,7.5586,7.5586,0,0,19.798376,578067239
19.604460,71.1914,7.5586,7.5586,0,0,19.798376,578067239
19.606460,71.1914,7.5586,7.5586,0,0,19.798376,578067239
19.608460,71.1914,7.5586,7.5586,0,0,19.798376,578067239
19.610502,71.1914,7.5586,7.5586,0,0,19.798376,578067239
19.612519,71.1914,7.5586,7.5586,0,0,19.798376,578067239
19.614537,71.1914,7.5586,7.5586,0,0,19.798376,578067239
19.616533,71.1914,7.5586,7.5586,0,0,19.798376,578067239
19.618530,71.1914,7.5586,7.5586,0,0,19.798376,578067239
19.623495,71.1914,7.5586,7.5586,0,0,19.798376,578067239
19.623798,71.1914,7.5586,7.5586,0,0,19.798376,578067239
19.624494,71.1914,7.5586,7.5586,0,0,19.798376,578067239
19.626486,71.1914,7.5586,7.5586,0,0,19.798376,578067239
19.628468,71.1914,7.5586,7.5586,0,0,19.798376,578067239
19.630460,71.1914,7.5586,7.5586,0,0,19.798376,578067239
19.632530,71.1914,7.5586,7.5586,0,0,19.798376,578067239
19.634518,71.1914,7.5586,7.5586,0,0,19.798376,578067239
19.636498,71.1914,7.5586,7.5586,0,0,19.798376,578067239
19.638487,71.1914,7.5586,7.5586,0,0,19.798376,578067239
19.640468,71.1914,7.5586,7.5586,0,0,19.798376,578067239
19.642457,71.1914,7.5586,7.5586,0,0,19.798376,578067239
19.644524,71.1914,7.5586,7.5586,0,0,19.798376,578067239
19.646515,71.1914,7.5586,7.5586,0,0,19.798376,578067239
19.648497,71.1914,7.5586,7.5586,0,0,19.798376,578067239
19.650487,71.1914,7.5586,7.5586,0,0,19.798376,578067239
19.652468,71.1914,7.5586,7.5586,0,0,19.798376,578067239
19.654457,71.1914,7.5586,7.5586,0,0,19.798376,578067239
19.656524,71.1914,7.5586,7.5586,0,0,19.798376,578067239
19.658515,71.1914,7.5586,7.5586,0,0,19.798376,578067239
19.660497,71.1914,7.5586,7.5586,0,0,19.798376,578067239
19.662487,71.1914,7.5586,7.5586,0,0,19.798376,578067239
19.664468,71.1914,7.5586,7.5586,0,0,19.798376,578067239
19.666457,71.1914,7.5586,7.5586,0,0,19.798376,578067239
19.668524,71.1914,7.5586,7.5586,0,0,19.798376,578067239
19.670515,71.1914,7.5586,7.5586,0,0,19.798376,578067239
19.672497,71.1914,7.5586,7.5586,0,0,19.798376,578067239
19.674487,71.1914,7.5586,7.5586,0,0,19.798376,578067239
19.676468,71.1914,7.5586,7.5586,0,0,19.798376,578067239
19.678457,71.1914,7.5586,7.5586,0,0,19.798376,578067239
19.680524,71.1914,7.5586,7.5586,0,0,19.798376,578067239
19.682515,71.1914,7.5586,7.5586,0,0,19.798376,578067239
19.684497,71.1914,7.5586,7.5586,0,0,19.798376,578067239
19.686487,71.1914,7.5586,7.5586,0,0,19.798376,578067239
19.688468,71.1914,7.5586,7.5586,0,0,19.798376,578067239
19.690457,71.1914,7.5586,7.5586,0,0,19.798376,578067239
19.692524,71.1914,7.5586,7.5586,0,0,19.798376,578067239
19.694515,71.1914,7.5586,7.5586,0,0,19.798376,578067239
19.696497,71.1914,7.5586,7.5586,0,0,19.798376,578067239
19.698487,71.1914,7.5586,7.5586,0,0,19.798376,578067239
19.700468,71.1914,7.5586,7.5586,0,0,19.798376,578067239
19.702457,71.1914,7.5586,7.5586,0,0,19.798376,578067239
19.704524,71.1914,7.5586,7.5586,0,0,19.798376,578067239
19.706515,71.1914,7.5586,7.5586,0,0,19.798376,578067239
19.708497,71.1914,7.5586,7.5586,0,0,19.798376,578067239
19.710487,71.1914,7.5586,7.5586,0,0,19.798376,578067239
19.712519,71.1914,7.5586,7.5586,0,0,19.798376,578067239
19.714508,71.1914,7.5586,7.5586,0,0,19.798376,578067239
19.716506,71.1914,7.5586,7.5586,0,0,19.798376,578067239
19.718495,71.1914,7.5586,7.5586,0,0,19.798376,578067239
19.723028,71.1914,7.5586,7.5586,0,0,19.798376,578067239
19.723288,71.1914,7.5586,7.5586,0,0,19.798376,578067239
19.724519,71.1914,7.5586,7.5586,0,0,19.798376,578067239
19.726518,71.1914,7.5586,7.5586,0,0,19.798376,578067239
19.728518,71.1914,7.5586,7.5586,0,0,19.798376,578067239
19.730515,71.1914,7.5586,7.5586,0,0,19.798376,578067239
19.732515,71.1914,7.5586,7.5586,0,0,19.798376,578067239
19.734510,71.1914,7.5586,7.5586,0,0,19.798376,578067239
19.736506,71.1914,7.5586,7.5586,0,0,19.798376,578067239
19.738505,71.1914,7.5586,7.5586,0,0,19.798376,578067239
19.740505,71.1914,7.5586,7.5586,0,0,19.798376,578067239
19.742502,71.1914,7.5586,7.5586,0,0,19.798376,578067239
19.744498,71.1914,7.5586,7.5586,0,0,19.798376,578067239
19.746495,71.1914,7.5586,7.5586,0,0,19.798376,578067239
19.748494,71.1914,7.5586,7.5586,0,0,19.798376,578067239
19.750491,71.1914,7.5586,7.5586,0,0,19.798376,578067239
19.752491,71.1914,7.5586,7.5586,0,0,19.798376,578067239
19.754491,71.1914,7.5586,7.5586,0,0,19.798376,578067239
19.756491,71.1914,7.5586,7.5586,0,0,19.798376,578067239
19.758491,71.1914,7.5586,7.5586,0,0,19.798376,578067239
19.760491,71.1914,7.5586,7.5586,0,0,19.798376,578067239
19.762532,71.1914,7.5586,7.5586,0,0,19.798376,578067239
19.764484,71.1914,7.5586,7.5586,0,0,19.798376,578067239
19.766520,71.1914,7.5586,7.5586,0,0,19.798376,578067239
19.768455,71.1914,7.5586,7.5586,0,0,19.798376,578067239
19.770512,71.1914,7.5586,7.5586,0,0,19.798376,578067239
19.772466,71.1914,7.5586,7.5586,0,0,19.798376,578067239
19.774463,71.1914,7.5586,7.5586,0,0,19.798376,578067239
19.776460,71.1914,7.5586,7.5586,0,0,19.798376,578067239
19.778470,71.1914,7.5586,7.5586,0,0,19.798376,578067239
19.783186,71.1914,7.5586,7.5586,0,0,20.041969,578321171
19.783626,71.1914,7.5586,7.5586,0,0,20.041969,578321171
19.784529,71.1914,7.5586,7.5586,0,0,20.041969,578321171
19.786862,71.1914,7.5586,7.5586,0,0,20.041969,578321171
19.788537,71.1914,7.5586,7.5586,0,0,20.041969,578321171
19.790533,71.1914,7.5586,7.5586,0,0,20.041969,578321171
19.792468,71.1914,7.5586,7.5586,0,0,20.041969,578321171
19.794494,71.1914,7.5586,7.5586,0,0,20.041969,578321171
19.796494,71.1914,7.5586,7.5586,0,0,20.041969,578321171
19.798509,71.1914,7.5586,7.5586,0,0,20.041969,578321171
19.800506,71.1914,7.5586,7.5586,0,0,20.041969,578321171
19.802505,71.1914,7.5586,7.5586,0,0,20.041969,578321171
19.804502,71.1914,7.5586,7.5586,0,0,20.041969,578321171
19.806499,71.1914,7.5586,7.5586,0,0,20.041969,578321171
19.808539,71.1914,7.5586,7.5586,0,0,20.041969,578321171
19.810471,71.1914,7.5586,7.5586,0,0,20.041969,578321171
19.812468,71.1914,7.5586,7.5586,0,0,20.041969,578321171
19.814475,71.1914,7.5586,7.5586,0,0,20.041969,578321171
19.816470,71.1914,7.5586,7.5586,0,0,20.041969,578321171
19.818468,71.1914,7.5586,7.5586,0,0,20.041969,578321171
19.823566,71.1914,7.5586,7.5586,0,0,20.041969,578321171
19.823865,71.1914,7.5586,7.5586,0,0,20.041969,578321171
19.824480,71.1914,7.5586,7.5586,0,0,20.041969,578321171
19.826478,71.1914,7.5586,7.5586,0,0,20.041969,578321171
19.828501,71.1914,7.5586,7.5586,0,0,20.041969,578321171
19.830486,71.1914,7.5586,7.5586,0,0,20.041969,578321171
19.832468,71.1914,7.5586,7.5586,0,0,20.041969,578321171
19.834460,71.1914,7.5586,7.5586,0,0,20.041969,578321171
19.836530,71.1914,7.5586,7.5586,0,0,20.041969,578321171
19.838518,71.1914,7.5586,7.5586,0,0,20.041969,578321171
19.840499,71.1914,7.5586,7.5586,0,0,20.041969,578321171
19.842491,71.1914,7.5586,7.5586,0,0,20.041969,578321171
19.844472,71.1914,7.5586,7.5586,0,0,20.041969,578321171
19.846460,71.1914,7.5586,7.5586,0,0,20.041969,578321171
19.848530,71.1914,7.5586,7.5586,0,0,20.041969,578321171
19.850518,71.1914,7.5586,7.5586,0,0,20.041969,578321171
19.852499,71.1914,7.5586,7.5586,0,0,20.041969,578321171
19.854491,71.1914,7.5586,7.5586,0,0,20.041969,578321171
19.856472,71.1914,7.5586,7.5586,0,0,20.041969,578321171
19.858460,71.1914,7.5586,7.5586,0,0,20.041969,578321171
19.860530,71.1914,7.5586,7.5586,0,0,20.041969,578321171
19.862518,71.1914,7.5586,7.5586,0,0,20.041969,578321171
19.864499,71.1914,7.5586,7.5586,0,0,20.041969,578321171
19.866491,71.1914,7.5586,7.5586,0,0,20.041969,578321171
19.868472,71.1914,7.5586,7.5586,0,0,20.041969,578321171
19.870460,71.1914,7.5586,7.5586,0,0,20.041969,578321171
19.872530,71.1914,7.5586,7.5586,0,0,20.041969,578321171
19.874518,71.1914,7.5586,7.5586,0,0,20.041969,578321171
19.876499,71.1914,7.5586,7.5586,0,0,20.041969,578321171
19.878491,71.1914,7.5586,7.5586,0,0,20.041969,578321171
19.880472,71.1914,7.5586,7.5586,0,0,20.041969,578321171
19.882460,71.1914,7.5586,7.5586,0,0,20.041969,578321171
19.884530,71.1914,7.5586,7.5586,0,0,20.041969,578321171
19.886518,71.1914,7.5586,7.5586,0,0,20.041969,578321171
19.888499,71.1914,7.5586,7.5586,0,0,20.041969,578321171
19.890491,71.1914,7.5586,7.5586,0,0,20.041969,578321171
19.892472,71.1914,7.5586,7.5586,0,0,20.041969,578321171
19.894460,71.1914,7.5586,7.5586,0,0,20.041969,578321171
19.896530,71.1914,7.5586,7.5586,0,0,20.041969,578321171
19.898518,71.1914,7.5586,7.5586,0,0,20.041969,578321171
19.900499,71.1914,7.5586,7.5586,0,0,20.041969,578321171
19.902491,71.1914,7.5586,7.5586,0,0,20.041969,578321171
19.904472,71.1914,7.5586,7.5586,0,0,20.041969,578321171
19.906460,71.1914,7.5586,7.5586,0,0,20.041969,578321171
19.908530,71.1914,7.5586,7.5586,0,0,20.041969,578321171
19.910518,71.1914,7.5586,7.5586,0,0,20.041969,578321171
19.912516,71.1914,7.5586,7.5586,0,0,20.041969,578321171
19.914506,71.1914,7.5586,7.5586,0,0,20.041969,578321171
19.916526,71.1914,7.5586,7.5586,0,0,20.041969,578321171
19.918518,71.1914,7.5586,7.5586,0,0,20.041969,578321171
19.923061,71.1914,7.5586,7.5586,0,0,20.041969,578321171
19.923322,71.1914,7.5586,7.5586,0,0,20.041969,578321171
19.924468,71.1914,7.5586,7.5586,0,0,20.041969,578321171
19.926486,71.1914,7.5586,7.5586,0,0,20.041969,578321171
19.928512,71.1914,7.5586,7.5586,0,0,20.041969,578321171
19.930533,71.1914,7.5586,7.5586,0,0,20.041969,578321171
19.932530,71.1914,7.5586,7.5586,0,0,20.041969,578321171
19.934525,71.1914,7.5586,7.5586,0,0,20.041969,578321171
19.936524,71.1914,7.5586,7.5586,0,0,20.041969,578321171
19.938522,71.1914,7.5586,7.5586,0,0,20.041969,578321171
19.940518,71.1914,7.5586,7.5586,0,0,20.041969,578321171
19.942518,71.1914,7.5586,7.5586,0,0,20.041969,578321171
19.944515,71.1914,7.5586,7.5586,0,0,20.041969,578321171
19.946515,71.1914,7.5586,7.5586,0,0,20.041969,578321171
19.948510,71.1914,7.5586,7.5586,0,0,20.041969,578321171
19.950506,71.1914,7.5586,7.5586,0,0,20.041969,578321171
19.952505,71.1914,7.5586,7.5586,0,0,20.041969,578321171
19.954503,71.1914,7.5586,7.5586,0,0,20.041969,578321171
19.956500,71.1914,7.5586,7.5586,0,0,20.041969,578321171
19.958498,71.1914,7.5586,7.5586,0,0,20.041969,578321171
19.960495,71.1914,7.5586,7.5586,0,0,20.041969,578321171
19.962494,71.1914,7.5586,7.5586,0,0,20.041969,578321171
19.964494,71.1914,7.5586,7.5586,0,0,20.041969,578321171
19.966494,71.1914,7.5586,7.5586,0,0,20.041969,578321171
19.968494,71.1914,7.5586,7.5586,0,0,20.041969,578321171
19.970494,71.1914,7.5586,7.5586,0,0,20.041969,578321171
19.972494,71.1914,7.5586,7.5586,0,0,20.041969,578321171
19.974494,71.1914,7.5586,7.5586,0,0,20.041969,578321171
19.976494,71.1914,7.5586,7.5586,0,0,20.041969,578321171
19.978494,71.1914,7.5586,7.5586,0,0,20.041969,578321171
19.980494,71.1914,7.5586,7.5586,0,0,20.041969,578321171
19.982494,71.1914,7.5586,7.5586,0,0,20.041969,578321171
19.984494,71.1914,7.5586,7.5586,0,0,20.041969,578321171
19.986494,71.1914,7.5586,7.5586,0,0,20.041969,578321171
19.988494,71.1914,7.5586,7.5586,0,0,20.041969,578321171
19.990491,71.1914,7.5586,7.5586,0,0,20.041969,578321171
19.992491,71.1914,7.5586,7.5586,0,0,20.041969,578321171
19.994491,71.1914,7.5586,7.5586,0,0,20.041969,578321171
19.996492,71.1914,7.5586,7.5586,0,0,20.041969,578321171
19.998491,71.1914,7.5586,7.5586,0,0,20.041969,578321171
20.000491,71.1914,7.5586,7.5586,0,0,20.041969,578321171
20.002491,71.1914,7.5586,7.5586,0,0,20.041969,578321171
20.004491,71.1914,7.5586,7.5586,0,0,20.041969,578321171
20.006491,71.1914,7.5586,7.5586,0,0,20.041969,578321171
20.008491,71.1914,7.5586,7.5586,0,0,20.041969,578321171
20.010491,71.1914,7.5586,7.5586,0,0,20.041969,578321171
20.012498,71.1914,7.5586,7.5586,0,0,20.041969,578321171
20.014495,71.1914,7.5586,7.5586,0,0,20.041969,578321171
20.016494,71.1914,7.5586,7.5586,0,0,20.041969,578321171
20.018494,71.1914,7.5586,7.5586,0,0,20.041969,578321171
20.023066,71.1914,7.5586,7.5586,0,0,20.041969,578321171
20.023410,71.1914,7.5586,7.5586,0,0,20.041969,578321171
20.024476,71.1914,7.5586,7.5586,0,0,20.041969,578321171
20.026459,71.1914,7.5586,7.5586,0,0,20.041969,578321171
20.028480,71.1914,7.5586,7.5586,0,0,20.041969,578321171
20.030468,71.1914,7.5586,7.5586,0,0,20.041969,578321171
20.032476,71.1914,7.5586,7.5586,0,0,20.041969,578321171
20.036891,71.1914,7.5586,7.5586,0,0,20.273000,578554779
20.037504,71.1914,7.5586,7.5586,0,0,20.273000,578554779
20.038517,71.1914,7.5586,7.5586,0,0,20.273000,578554779
20.040813,71.1914,7.5586,7.5586,0,0,20.273000,578554779
20.042470,71.1914,7.5586,7.5586,0,0,20.273000,578554779
20.044534,71.1914,7.5586,7.5586,0,0,20.273000,578554779
20.046463,71.1914,7.5586,7.5586,0,0,20.273000,578554779
20.048460,71.1914,7.5586,7.5586,0,0,20.273000,578554779
20.050456,71.1914,7.5586,7.5586,0,0,20.273000,578554779
20.052514,71.1914,7.5586,7.5586,0,0,20.273000,578554779
20.055066,71.1914,7.5586,7.5586,0,0,20.273000,578554779
20.056548,71.1914,7.5586,7.5586,0,0,20.273000,578554779
20.058538,71.1914,7.5586,7.5586,0,0,20.273000,578554779
20.060534,71.1914,7.5586,7.5586,0,0,20.273000,578554779
20.062489,71.1914,7.5586,7.5586,0,0,20.273000,578554779
20.064522,71.1914,7.5586,7.5586,0,0,20.273000,578554779
20.066518,71.1914,7.5586,7.5586,0,0,20.273000,578554779
20.068518,71.1914,7.5586,7.5586,0,0,20.273000,578554779
20.070515,71.1914,7.5586,7.5586,0,0,20.273000,578554779
20.072515,71.1914,7.5586,7.5586,0,0,20.273000,578554779
20.074515,71.1914,7.5586,7.5586,0,0,20.273000,578554779
20.076510,71.1914,7.5586,7.5586,0,0,20.273000,578554779
20.078506,71.1914,7.5586,7.5586,0,0,20.273000,578554779
20.080505,71.1914,7.5586,7.5586,0,0,20.273000,578554779
20.082502,71.1914,7.5586,7.5586,0,0,20.273000,578554779
20.084499,71.1914,7.5586,7.5586,0,0,20.273000,578554779
20.086498,71.1914,7.5586,7.5586,0,0,20.273000,578554779
20.088494,71.1914,7.5586,7.5586,0,0,20.273000,578554779
20.090491,71.1914,7.5586,7.5586,0,0,20.273000,578554779
20.092491,71.1914,7.5586,7.5586,0,0,20.273000,578554779
20.094491,71.1914,7.5586,7.5586,0,0,20.273000,578554779
20.096491,71.1914,7.5586,7.5586,0,0,20.273000,578554779
20.098491,71.1914,7.5586,7.5586,0,0,20.273000,578554779
20.100491,71.1914,7.5586,7.5586,0,0,20.273000,578554779
20.102491,71.1914,7.5586,7.5586,0,0,20.273000,578554779
20.104491,71.1914,7.5586,7.5586,0,0,20.273000,578554779
20.106491,71.1914,7.5586,7.5586,0,0,20.273000,578554779
20.108491,71.1914,7.5586,7.5586,0,0,20.273000,578554779
20.110491,71.1914,7.5586,7.5586,0,0,20.273000,578554779
20.112509,71.1914,7.5586,7.5586,0,0,20.273000,578554779
20.114506,71.1914,7.5586,7.5586,0,0,20.273000,578554779
20.116505,71.1914,7.5586,7.5586,0,0,20.273000,578554779
20.118502,71.1914,7.5586,7.5586,0,0,20.273000,578554779
20.123591,71.1914,7.5586,7.5586,0,0,20.273000,578554779
20.123902,71.1914,7.5586,7.5586,0,0,20.273000,578554779
20.124502,71.1914,7.5586,7.5586,0,0,20.273000,578554779
20.126514,71.1914,7.5586,7.5586,0,0,20.273000,578554779
20.128494,71.1914,7.5586,7.5586,0,0,20.273000,578554779
20.130483,71.1914,7.5586,7.5586,0,0,20.273000,578554779
20.132466,71.1914,7.5586,7.5586,0,0,20.273000,578554779
20.134456,71.1914,7.5586,7.5586,0,0,20.273000,578554779
20.136524,71.1914,7.5586,7.5586,0,0,20.273000,578554779
20.138515,71.1914,7.5586,7.5586,0,0,20.273000,578554779
20.140497,71.1914,7.5586,7.5586,0,0,20.273000,578554779
20.142487,71.1914,7.5586,7.5586,0,0,20.273000,578554779
20.144468,71.1914,7.5586,7.5586,0,0,20.273000,578554779
20.146457,71.1914,7.5586,7.5586,0,0,20.273000,578554779
20.148524,71.1914,7.5586,7.5586,0,0,20.273000,578554779
20.150515,71.1914,7.5586,7.5586,0,0,20.273000,578554779
20.152497,71.1914,7.5586,7.5586,0,0,20.273000,578554779
20.154487,71.1914,7.5586,7.5586,0,0,20.273000,578554779
20.156468,71.1914,7.5586,7.5586,0,0,20.273000,578554779
20.158457,71.1914,7.5586,7.5586,0,0,20.273000,578554779
20.160524,71.1914,7.5586,7.5586,0,0,20.273000,578554779
20.162515,71.1914,7.5586,7.5586,0,0,20.273000,578554779
20.164497,71.1914,7.5586,7.5586,0,0,20.273000,578554779
20.166487,71.1914,7.5586,7.5586,0,0,20.273000,578554779
20.168468,71.1914,7.5586,7.5586,0,0,20.273000,578554779
20.170457,71.1914,7.5586,7.5586,0,0,20.273000,578554779
20.172524,71.1914,7.5586,7.5586,0,0,20.273000,578554779
20.174515,71.1914,7.5586,7.5586,0,0,20.273000,578554779
20.176497,71.1914,7.5586,7.5586,0,0,20.273000,578554779
20.178487,71.1914,7.5586,7.5586,0,0,20.273000,578554779
20.180468,71.1914,7.5586,7.5586,0,0,20.273000,578554779
20.182457,71.1914,7.5586,7.5586,0,0,20.273000,578554779
20.184524,71.1914,7.5586,7.5586,0,0,20.273000,578554779
20.186515,71.1914,7.5586,7.5586,0,0,20.273000,578554779
20.188497,71.1914,7.5586,7.5586,0,0,20.273000,578554779
20.190487,71.1914,7.5586,7.5586,0,0,20.273000,578554779
20.192468,71.1914,7.5586,7.5586,0,0,20.273000,578554779
20.194457,71.1914,7.5586,7.5586,0,0,20.273000,578554779
20.196524,71.1914,7.5586,7.5586,0,0,20.273000,578554779
20.198515,71.1914,7.5586,7.5586,0,0,20.273000,578554779
20.200497,71.1914,7.5586,7.5586,0,0,20.273000,578554779
20.202487,71.1914,7.5586,7.5586,0,0,20.273000,578554779
20.204468,71.1914,7.5586,7.5586,0,0,20.273000,578554779
20.206457,71.1914,7.5586,7.5586,0,0,20.273000,578554779
20.208524,71.1914,7.5586,7.5586,0,0,20.273000,578554779
20.210515,71.1914,7.5586,7.5586,0,0,20.273000,578554779
20.212506,71.1914,7.5586,7.5586,0,0,20.273000,578554779
20.214494,71.1914,7.5586,7.5586,0,0,20.273000,578554779
20.216477,71.1914,7.5586,7.5586,0,0,20.273000,578554779
20.218468,71.1914,7.5586,7.5586,0,0,20.273000,578554779
20.223000,71.1914,7.5586,7.5586,0,0,20.273000,578554779
20.223277,71.1914,7.5586,7.5586,0,0,20.273000,578554779
20.224528,71.1914,7.5586,7.5586,0,0,20.273000,578554779
20.226526,71.1914,7.5586,7.5586,0,0,20.273000,578554779
20.228537,71.1914,7.5586,7.5586,0,0,20.273000,578554779
20.230534,71.1914,7.5586,7.5586,0,0,20.273000,578554779
20.232533,71.1914,7.5586,7.5586,0,0,20.273000,578554779
20.234530,71.1914,7.5586,7.5586,0,0,20.273000,578554779
20.236527,71.1914,7.5586,7.5586,0,0,20.273000,578554779
20.238524,71.1914,7.5586,7.5586,0,0,20.273000,578554779
20.240522,71.1914,7.5586,7.5586,0,0,20.273000,578554779
20.242518,71.1914,7.5586,7.5586,0,0,20.273000,578554779
20.244518,71.1914,7.5586,7.5586,0,0,20.273000,578554779
20.246515,71.1914,7.5586,7.5586,0,0,20.273000,578554779
20.248515,71.1914,7.5586,7.5586,0,0,20.273000,578554779
20.250515,71.1914,7.5586,7.5586,0,0,20.273000,578554779
20.252510,71.1914,7.5586,7.5586,0,0,20.273000,578554779
20.254506,71.1914,7.5586,7.5586,0,0,20.273000,578554779
20.256485,71.1914,7.5586,7.5586,0,0,20.273000,578554779
20.258542,71.1914,7.5586,7.5586,0,0,20.273000,578554779
20.260479,71.1914,7.5586,7.5586,0,0,20.273000,578554779
20.262477,71.1914,7.5586,7.5586,0,0,20.273000,578554779
20.264508,71.1914,7.5586,7.5586,0,0,20.273000,578554779
20.266543,71.1914,7.5586,7.5586,0,0,20.273000,578554779
20.270744,71.1914,7.5586,7.5586,0,0,20.497123,578783126
20.271192,71.1914,7.5586,7.5586,0,0,20.497123,578783126
20.272539,71.1914,7.5586,7.5586,0,0,20.497123,578783126
20.274884,71.1914,7.5586,7.5586,0,0,20.497123,578783126
20.276472,71.1914,7.5586,7.5586,0,0,20.497123,578783126
20.278468,71.1914,7.5586,7.5586,0,0,20.497123,578783126
20.280467,71.1914,7.5586,7.5586,0,0,20.497123,578783126
20.282537,71.1914,7.5586,7.5586,0,0,20.497123,578783126
20.284592,71.1914,7.5586,7.5586,0,0,20.497123,578783126
20.286492,71.1914,7.5586,7.5586,0,0,20.497123,578783126
20.288494,71.1914,7.5586,7.5586,0,0,20.497123,578783126
20.290506,71.1914,7.5586,7.5586,0,0,20.497123,578783126
20.292505,71.1914,7.5586,7.5586,0,0,20.497123,578783126
20.294505,71.1914,7.5586,7.5586,0,0,20.497123,578783126
20.296502,71.1914,7.5586,7.5586,0,0,20.497123,578783126
20.298499,71.1914,7.5586,7.5586,0,0,20.497123,578783126
20.300498,71.1914,7.5586,7.5586,0,0,20.497123,578783126
20.302494,71.1914,7.5586,7.5586,0,0,20.497123,578783126
20.304491,71.1914,7.5586,7.5586,0,0,20.497123,578783126
20.306492,71.1914,7.5586,7.5586,0,0,20.497123,578783126
20.308491,71.1914,7.5586,7.5586,0,0,20.497123,578783126
20.310491,71.1914,7.5586,7.5586,0,0,20.497123,578783126
20.312514,71.1914,7.5586,7.5586,0,0,20.497123,578783126
20.314510,71.1914,7.5586,7.5586,0,0,20.497123,578783126
20.316506,71.1914,7.5586,7.5586,0,0,20.497123,578783126
20.318505,71.1914,7.5586,7.5586,0,0,20.497123,578783126
20.323475,71.1914,7.5586,7.5586,0,0,20.497123,578783126
20.323774,71.1914,7.5586,7.5586,0,0,20.497123,578783126
20.324470,71.1914,7.5586,7.5586,0,0,20.497123,578783126
20.326512,71.1914,7.5586,7.5586,0,0,20.497123,578783126
20.328495,71.1914,7.5586,7.5586,0,0,20.497123,578783126
20.330505,71.1914,7.5586,7.5586,0,0,20.497123,578783126
20.332486,71.1914,7.5586,7.5586,0,0,20.497123,578783126
20.334477,71.1914,7.5586,7.5586,0,0,20.497123,578783126
20.336460,71.1914,7.5586,7.5586,0,0,20.497123,578783126
20.338534,71.1914,7.5586,7.5586,0,0,20.497123,578783126
20.340515,71.1914,7.5586,7.5586,0,0,20.497123,578783126
20.342506,71.1914,7.5586,7.5586,0,0,20.497123,578783126
20.344487,71.1914,7.5586,7.5586,0,0,20.497123,578783126
20.346477,71.1914,7.5586,7.5586,0,0,20.497123,578783126
20.348460,71.1914,7.5586,7.5586,0,0,20.497123,578783126
20.350534,71.1914,7.5586,7.5586,0,0,20.497123,578783126
20.352515,71.1914,7.5586,7.5586,0,0,20.497123,578783126
20.354506,71.1914,7.5586,7.5586,0,0,20.497123,578783126
20.356487,71.1914,7.5586,7.5586,0,0,20.497123,578783126
20.358477,71.1914,7.5586,7.5586,0,0,20.497123,578783126
20.360460,71.1914,7.5586,7.5586,0,0,20.497123,578783126
20.362534,71.1914,7.5586,7.5586,0,0,20.497123,578783126
20.364515,71.1914,7.5586,7.5586,0,0,20.497123,578783126
20.366506,71.1914,7.5586,7.5586,0,0,20.497123,578783126
20.368487,71.1914,7.5586,7.5586,0,0,20.497123,578783126
20.370477,71.1914,7.5586,7.5586,0,0,20.497123,578783126
20.372460,71.1914,7.5586,7.5586,0,0,20.497123,578783126
20.374534,71.1914,7.5586,7.5586,0,0,20.497123,578783126
20.376515,71.1914,7.5586,7.5586,0,0,20.497123,578783126
20.378506,71.1914,7.5586,7.5586,0,0,20.497123,578783126
20.380487,71.1914,7.5586,7.5586,0,0,20.497123,578783126
20.382477,71.1914,7.5586,7.5586,0,0,20.497123,578783126
20.384460,71.1914,7.5586,7.5586,0,0,20.497123,578783126
20.386534,71.1914,7.5586,7.5586,0,0,20.497123,578783126
20.388515,71.1914,7.5586,7.5586,0,0,20.497123,578783126
20.390506,71.1914,7.5586,7.5586,0,0,20.497123,578783126
20.392487,71.1914,7.5586,7.5586,0,0,20.497123,578783126
20.394477,71.1914,7.5586,7.5586,0,0,20.497123,578783126
20.396460,71.1914,7.5586,7.5586,0,0,20.497123,578783126
20.398534,71.1914,7.5586,7.5586,0,0,20.497123,578783126
20.400515,71.1914,7.5586,7.5586,0,0,20.497123,578783126
20.402506,71.1914,7.5586,7.5586,0,0,20.497123,578783126
20.404487,71.1914,7.5586,7.5586,0,0,20.497123,578783126
20.406477,71.1914,7.5586,7.5586,0,0,20.497123,578783126
20.408460,71.1914,7.5586,7.5586,0,0,20.497123,578783126
20.410534,71.1914,7.5586,7.5586,0,0,20.497123,578783126
20.412521,71.1914,7.5586,7.5586,0,0,20.497123,578783126
20.414508,71.1914,7.5586,7.5586,0,0,20.497123,578783126
20.416491,71.1914,7.5586,7.5586,0,0,20.497123,578783126
20.418480,71.1914,7.5586,7.5586,0,0,20.497123,578783126
20.423010,71.1914,7.5586,7.5586,0,0,20.497123,578783126
20.423282,71.1914,7.5586,7.5586,0,0,20.497123,578783126
20.424505,71.1914,7.5586,7.5586,0,0,20.497123,578783126
20.426505,71.1914,7.5586,7.5586,0,0,20.497123,578783126
20.428540,71.1914,7.5586,7.5586,0,0,20.497123,578783126
20.430522,71.1914,7.5586,7.5586,0,0,20.497123,578783126
20.432518,71.1914,7.5586,7.5586,0,0,20.497123,578783126
20.434519,71.1914,7.5586,7.5586,0,0,20.497123,578783126
20.436538,71.1914,7.5586,7.5586,0,0,20.497123,578783126
20.438534,71.1914,7.5586,7.5586,0,0,20.497123,578783126
20.440530,71.1914,7.5586,7.5586,0,0,20.497123,578783126
20.442525,71.1914,7.5586,7.5586,0,0,20.497123,578783126
20.444524,71.1914,7.5586,7.5586,0,0,20.497123,578783126
20.446522,71.1914,7.5586,7.5586,0,0,20.497123,578783126
20.448518,71.1914,7.5586,7.5586,0,0,20.497123,578783126
20.450518,71.1914,7.5586,7.5586,0,0,20.497123,578783126
20.452515,71.1914,7.5586,7.5586,0,0,20.497123,578783126
20.454515,71.1914,7.5586,7.5586,0,0,20.497123,578783126
20.456510,71.1914,7.5586,7.5586,0,0,20.497123,578783126
20.458506,71.1914,7.5586,7.5586,0,0,20.497123,578783126
20.460505,71.1914,7.5586,7.5586,0,0,20.497123,578783126
20.462503,71.1914,7.5586,7.5586,0,0,20.497123,578783126
20.464500,71.1914,7.5586,7.5586,0,0,20.497123,578783126
20.466498,71.1914,7.5586,7.5586,0,0,20.497123,578783126
20.468495,71.1914,7.5586,7.5586,0,0,20.497123,578783126
20.470494,71.1914,7.5586,7.5586,0,0,20.497123,578783126
20.472494,71.1914,7.5586,7.5586,0,0,20.497123,578783126
20.474494,71.1914,7.5586,7.5586,0,0,20.497123,578783126
20.476494,71.1914,7.5586,7.5586,0,0,20.497123,578783126
20.478494,71.1914,7.5586,7.5586,0,0,20.497123,578783126
20.480494,71.1914,7.5586,7.5586,0,0,20.497123,578783126
20.482494,71.1914,7.5586,7.5586,0,0,20.497123,578783126
20.484494,71.1914,7.5586,7.5586,0,0,20.497123,578783126
20.486494,71.1914,7.5586,7.5586,0,0,20.497123,578783126
20.488498,71.1914,7.5586,7.5586,0,0,20.497123,578783126
20.490455,71.1914,7.5586,7.5586,0,0,20.497123,578783126
20.492542,71.1914,7.5586,7.5586,0,0,20.497123,578783126
20.494478,71.1914,7.5586,7.5586,0,0,20.497123,578783126
20.499082,71.1914,7.5586,7.5586,0,0,20.645178,578932115
20.499553,71.1914,7.5586,7.5586,0,0,20.645178,578932115
20.500484,71.1914,7.5586,7.5586,0,0,20.645178,578932115
20.502727,71.1914,7.5586,7.5586,0,0,20.645178,578932115
20.504486,71.1914,7.5586,7.5586,0,0,20.645178,578932115
20.506533,71.1914,7.5586,7.5586,0,0,20.645178,578932115
20.508456,71.1914,7.5586,7.5586,0,0,20.645178,578932115
20.510474,71.1914,7.5586,7.5586,0,0,20.645178,578932115
20.512460,71.1914,7.5586,7.5586,0,0,20.645178,578932115
20.514457,71.1914,7.5586,7.5586,0,0,20.645178,578932115
20.516455,71.1914,7.5586,7.5586,0,0,20.645178,578932115
20.518538,71.1914,7.5586,7.5586,0,0,20.645178,578932115
20.523760,71.1914,7.5586,7.5586,0,0,20.645178,578932115
20.524069,71.1914,7.5586,7.5586,0,0,20.645178,578932115
20.524504,71.1914,7.5586,7.5586,0,0,20.645178,578932115
20.526508,71.1914,7.5586,7.5586,0,0,20.645178,578932115
20.528491,71.1914,7.5586,7.5586,0,0,20.645178,578932115
20.530480,71.1914,7.5586,7.5586,0,0,20.645178,578932115
20.532460,71.1914,7.5586,7.5586,0,0,20.645178,578932115
20.534476,71.1914,7.5586,7.5586,0,0,20.645178,578932115
20.536466,71.1914,7.5586,7.5586,0,0,20.645178,578932115
20.538523,71.1914,7.5586,7.5586,0,0,20.645178,578932115
20.540506,71.1914,7.5586,7.5586,0,0,20.645178,578932115
20.542494,71.1914,7.5586,7.5586,0,0,20.645178,578932115
20.544477,71.1914,7.5586,7.5586,0,0,20.645178,578932115
20.546468,71.1914,7.5586,7.5586,0,0,20.645178,578932115
20.548534,71.1914,7.5586,7.5586,0,0,20.645178,578932115
20.550524,71.1914,7.5586,7.5586,0,0,20.645178,578932115
20.552506,71.1914,7.5586,7.5586,0,0,20.645178,578932115
20.554495,71.1914,7.5586,7.5586,0,0,20.645178,578932115
20.556477,71.1914,7.5586,7.5586,0,0,20.645178,578932115
20.558468,71.1914,7.5586,7.5586,0,0,20.645178,578932115
20.560534,71.1914,7.5586,7.5586,0,0,20.645178,578932115
20.562524,71.1914,7.5586,7.5586,0,0,20.645178,578932115
20.564506,71.1914,7.5586,7.5586,0,0,20.645178,578932115
20.566475,71.1914,7.5586,7.5586,0,0,20.645178,578932115
20.568530,71.1914,7.5586,7.5586,0,0,20.645178,578932115
20.570469,71.1914,7.5586,7.5586,0,0,20.645178,578932115
20.572528,71.1914,7.5586,7.5586,0,0,20.645178,578932115
20.574527,71.1914,7.5586,7.5586,0,0,20.645178,578932115
20.576522,71.1914,7.5586,7.5586,0,0,20.645178,578932115
20.578509,71.1914,7.5586,7.5586,0,0,20.645178,578932115
20.580491,71.1914,7.5586,7.5586,0,0,20.645178,578932115
20.582480,71.1914,7.5586,7.5586,0,0,20.645178,578932115
20.584460,71.1914,7.5586,7.5586,0,0,20.645178,578932115
20.586534,71.1914,7.5586,7.5586,0,0,20.645178,578932115
20.588515,71.1914,7.5586,7.5586,0,0,20.645178,578932115
20.590506,71.1914,7.5586,7.5586,0,0,20.645178,578932115
20.592513,71.1914,7.5586,7.5586,0,0,20.645178,578932115
20.606146,71.1914,7.5586,7.5586,0,0,20.645178,578932115
20.608200,71.1914,7.5586,7.5586,0,0,20.645178,578932115
20.610181,71.1914,7.5586,7.5586,0,0,20.645178,578932115
20.612153,71.1914,7.5586,7.5586,0,0,20.645178,578932115
20.614210,71.1914,7.5586,7.5586,0,0,20.645178,578932115
20.616174,71.1914,7.5586,7.5586,0,0,20.645178,578932115
20.618211,71.1914,7.5586,7.5586,0,0,20.645178,578932115
20.624148,71.1914,7.5586,7.5586,0,0,20.645178,578932115
20.624451,71.1914,7.5586,7.5586,0,0,20.645178,578932115
20.624628,71.1914,7.5586,7.5586,0,0,20.645178,578932115
20.626208,71.1914,7.5586,7.5586,0,0,20.645178,578932115
20.628168,71.1914,7.5586,7.5586,0,0,20.645178,578932115
20.630226,71.1914,7.5586,7.5586,0,0,20.645178,578932115
20.632209,71.1914,7.5586,7.5586,0,0,20.645178,578932115
20.634160,71.1914,7.5586,7.5586,0,0,20.645178,578932115
20.636229,71.1914,7.5586,7.5586,0,0,20.645178,578932115
20.638167,71.1914,7.5586,7.5586,0,0,20.645178,578932115
20.640211,71.1914,7.5586,7.5586,0,0,20.645178,578932115
20.642209,71.1914,7.5586,7.5586,0,0,20.645178,578932115
20.644415,71.1914,7.5586,7.5586,0,0,20.645178,578932115
20.648266,71.1914,7.5586,7.5586,0,0,20.672564,578962438
20.648751,71.1914,7.5586,7.5586,0,0,20.672564,578962438
20.650214,71.1914,7.5586,7.5586,0,0,20.672564,578962438
20.652215,71.1914,7.5586,7.5586,0,0,20.672564,578962438
20.654154,71.1914,7.5586,7.5586,0,0,20.672564,578962438
20.656211,71.1914,7.5586,7.5586,0,0,20.672564,578962438
20.658612,71.1914,7.5586,7.5586,0,0,20.672564,578962438
20.660200,71.1914,7.5586,7.5586,0,0,20.672564,578962438
20.662213,71.1914,7.5586,7.5586,0,0,20.672564,578962438
20.664192,71.1914,7.5586,7.5586,0,0,20.672564,578962438
20.666205,71.1914,7.5586,7.5586,0,0,20.672564,578962438
20.668203,71.1914,7.5586,7.5586,0,0,20.672564,578962438
20.670203,71.1914,7.5586,7.5586,0,0,20.672564,578962438
20.672240,71.1914,7.5586,7.5586,0,0,20.672564,578962438
20.674166,71.1914,7.5586,7.5586,0,0,20.672564,578962438
20.678122,71.1914,7.5586,7.5586,0,0,20.721171,579001091
20.678629,71.1914,7.5586,7.5586,0,0,20.721171,579001091
20.680185,71.1914,7.5586,7.5586,0,0,20.721171,579001091
20.682203,71.1914,7.5586,7.5586,0,0,20.721171,579001091
20.684179,71.1914,7.5586,7.5586,0,0,20.721171,579001091
20.686209,71.1914,7.5586,7.5586,0,0,20.721171,579001091
20.688206,71.1914,7.5586,7.5586,0,0,20.721171,579001091
20.690197,71.1914,7.5586,7.5586,0,0,20.721171,579001091
20.692150,71.1914,7.5586,7.5586,0,0,20.721171,579001091
20.694178,71.1914,7.5586,7.5586,0,0,20.721171,579001091
20.696172,71.1914,7.5586,7.5586,0,0,20.721171,579001091
20.698164,71.1914,7.5586,7.5586,0,0,20.721171,579001091
20.700159,71.1914,7.5586,7.5586,0,0,20.721171,579001091
20.702153,71.1914,7.5586,7.5586,0,0,20.721171,579001091
20.704148,71.1914,7.5586,7.5586,0,0,20.721171,579001091
20.706229,71.1914,7.5586,7.5586,0,0,20.721171,579001091
20.708222,71.1914,7.5586,7.5586,0,0,20.721171,579001091
20.710219,71.1914,7.5586,7.5586,0,0,20.721171,579001091
20.712181,71.1914,7.5586,7.5586,0,0,20.721171,579001091
20.716716,71.1914,7.5586,7.5586,0,0,20.750950,579040248
20.717233,71.1914,7.5586,7.5586,0,0,20.750950,579040248
20.718151,71.1914,7.5586,7.5586,0,0,20.750950,579040248
20.723480,71.1914,7.5586,7.5586,0,0,20.750950,579040248
20.723759,71.1914,7.5586,7.5586,0,0,20.750950,579040248
20.724213,71.1914,7.5586,7.5586,0,0,20.750950,579040248
20.726229,71.1914,7.5586,7.5586,0,0,20.750950,579040248
20.728226,71.1914,7.5586,7.5586,0,0,20.750950,579040248
20.730175,71.1914,7.5586,7.5586,0,0,20.750950,579040248
20.732148,71.1914,7.5586,7.5586,0,0,20.750950,579040248
20.734571,71.1914,7.5586,7.5586,0,0,20.750950,579040248
20.736189,71.1914,7.5586,7.5586,0,0,20.750950,579040248
20.738149,71.1914,7.5586,7.5586,0,0,20.750950,579040248
20.740163,71.1914,7.5586,7.5586,0,0,20.750950,579040248
20.742159,71.1914,7.5586,7.5586,0,0,20.750950,579040248
20.744199,71.1914,7.5586,7.5586,0,0,20.750950,579040248
20.746178,71.1914,7.5586,7.5586,0,0,20.750950,579040248
20.748219,71.1914,7.5586,7.5586,0,0,20.750950,579040248
20.750158,71.1914,7.5586,7.5586,0,0,20.750950,579040248
20.752582,71.1914,7.5586,7.5586,0,0,20.750950,579040248
20.756242,71.1914,7.5586,7.5586,0,0,20.781227,579064867
20.756703,71.1914,7.5586,7.5586,0,0,20.781227,579064867
20.758166,71.1914,7.5586,7.5586,0,0,20.781227,579064867
20.760211,71.1914,7.5586,7.5586,0,0,20.781227,579064867
20.762155,71.1914,7.5586,7.5586,0,0,20.781227,579064867
20.764161,71.1914,7.5586,7.5586,0,0,20.781227,579064867
20.766183,71.1914,7.5586,7.5586,0,0,20.781227,579064867
20.768163,71.1914,7.5586,7.5586,0,0,20.781227,579064867
20.770237,71.1914,7.5586,7.5586,0,0,20.781227,579064867
20.772147,71.1914,7.5586,7.5586,0,0,20.781227,579064867
20.774222,71.1914,7.5586,7.5586,0,0,20.781227,579064867
20.776216,71.1914,7.5586,7.5586,0,0,20.781227,579064867
20.780458,71.1914,7.5586,7.5586,0,0,20.821090,579096212
20.780991,71.1914,7.5586,7.5586,0,0,20.821090,579096212
20.782176,71.1914,7.5586,7.5586,0,0,20.821090,579096212
20.784155,71.1914,7.5586,7.5586,0,0,20.821090,579096212
20.786149,71.1914,7.5586,7.5586,0,0,20.821090,579096212
20.788212,71.1914,7.5586,7.5586,0,0,20.821090,579096212
20.790225,71.1914,7.5586,7.5586,0,0,20.821090,579096212
20.792205,71.1914,7.5586,7.5586,0,0,20.821090,579096212
20.794233,71.1914,7.5586,7.5586,0,0,20.821090,579096212
20.796363,71.1914,7.5586,7.5586,0,0,20.821090,579096212
20.798219,71.1914,7.5586,7.5586,0,0,20.821090,579096212
20.800154,71.1914,7.5586,7.5586,0,0,20.821090,579096212
20.802188,71.1914,7.5586,7.5586,0,0,20.821090,579096212
20.804219,71.1914,7.5586,7.5586,0,0,20.821090,579096212
20.806173,71.1914,7.5586,7.5586,0,0,20.821090,579096212
20.808178,71.1914,7.5586,7.5586,0,0,20.821090,579096212
20.812093,71.1914,7.5586,7.5586,0,0,20.851009,579140608
20.812465,71.1914,7.5586,7.5586,0,0,20.851009,579140608
20.814326,71.1914,7.5586,7.5586,0,0,20.851009,579140608
20.816219,71.1914,7.5586,7.5586,0,0,20.851009,579140608
20.818226,71.1914,7.5586,7.5586,0,0,20.851009,579140608
20.823531,71.1914,7.5586,7.5586,0,0,20.851009,579140608
20.823810,71.1914,7.5586,7.5586,0,0,20.851009,579140608
20.824165,71.1914,7.5586,7.5586,0,0,20.851009,579140608
20.826154,71.1914,7.5586,7.5586,0,0,20.851009,579140608
20.828223,71.1914,7.5586,7.5586,0,0,20.851009,579140608
20.830151,71.1914,7.5586,7.5586,0,0,20.851009,579140608
20.832209,71.1914,7.5586,7.5586,0,0,20.851009,579140608
20.834438,71.1914,7.5586,7.5586,0,0,20.851009,579140608
20.836212,71.1914,7.5586,7.5586,0,0,20.851009,579140608
20.838240,71.1914,7.5586,7.5586,0,0,20.851009,579140608
20.840160,71.1914,7.5586,7.5586,0,0,20.851009,579140608
20.842149,71.1914,7.5586,7.5586,0,0,20.851009,579140608
20.844174,71.1914,7.5586,7.5586,0,0,20.851009,579140608
20.846226,71.1914,7.5586,7.5586,0,0,20.851009,579140608
20.848162,71.1914,7.5586,7.5586,0,0,20.851009,579140608
20.850192,71.1914,7.5586,7.5586,0,0,20.851009,579140608
20.852194,71.1914,7.5586,7.5586,0,0,20.851009,579140608
20.856473,71.1914,7.5586,7.5586,0,0,20.895782,579184411
20.857034,71.1914,7.5586,7.5586,0,0,20.895782,579184411
20.858209,71.1914,7.5586,7.5586,0,0,20.895782,579184411
20.860148,71.1914,7.5586,7.5586,0,0,20.895782,579184411
20.862227,71.1914,7.5586,7.5586,0,0,20.895782,579184411
20.864235,71.1914,7.5586,7.5586,0,0,20.895782,579184411
20.866208,71.1914,7.5586,7.5586,0,0,20.895782,579184411
20.868211,71.1914,7.5586,7.5586,0,0,20.895782,579184411
20.870182,71.1914,7.5586,7.5586,0,0,20.895782,579184411
20.872192,71.1914,7.5586,7.5586,0,0,20.895782,579184411
20.874156,71.1914,7.5586,7.5586,0,0,20.895782,579184411
20.876542,71.1914,7.5586,7.5586,0,0,20.895782,579184411
20.878211,71.1914,7.5586,7.5586,0,0,20.895782,579184411
20.880211,71.1914,7.5586,7.5586,0,0,20.895782,579184411
20.882211,71.1914,7.5586,7.5586,0,0,20.895782,579184411
20.884211,71.1914,7.5586,7.5586,0,0,20.895782,579184411
20.886211,71.1914,7.5586,7.5586,0,0,20.895782,579184411
20.888211,71.1914,7.5586,7.5586,0,0,20.895782,579184411
20.890211,71.1914,7.5586,7.5586,0,0,20.895782,579184411
20.892211,71.1914,7.5586,7.5586,0,0,20.895782,579184411
20.894211,71.1914,7.5586,7.5586,0,0,20.895782,579184411
20.896220,71.1914,7.5586,7.5586,0,0,20.895782,579184411
20.899994,71.1914,7.5586,7.5586,0,0,20.939294,579224811
20.900513,71.1914,7.5586,7.5586,0,0,20.939294,579224811
20.902171,71.1914,7.5586,7.5586,0,0,20.939294,579224811
20.904154,71.1914,7.5586,7.5586,0,0,20.939294,579224811
20.906183,71.1914,7.5586,7.5586,0,0,20.939294,579224811
20.908205,71.1914,7.5586,7.5586,0,0,20.939294,579224811
20.910198,71.1914,7.5586,7.5586,0,0,20.939294,579224811
20.912226,71.1914,7.5586,7.5586,0,0,20.939294,579224811
20.914179,71.1914,7.5586,7.5586,0,0,20.939294,579224811
20.916163,71.1914,7.5586,7.5586,0,0,20.939294,579224811
20.918149,71.1914,7.5586,7.5586,0,0,20.939294,579224811
20.923566,71.1914,7.5586,7.5586,0,0,20.939294,579224811
20.923846,71.1914,7.5586,7.5586,0,0,20.939294,579224811
20.924199,71.1914,7.5586,7.5586,0,0,20.939294,579224811
20.926188,71.1914,7.5586,7.5586,0,0,20.939294,579224811
20.928204,71.1914,7.5586,7.5586,0,0,20.939294,579224811
20.930181,71.1914,7.5586,7.5586,0,0,20.939294,579224811
20.932161,71.1914,7.5586,7.5586,0,0,20.939294,579224811
20.934175,71.1914,7.5586,7.5586,0,0,20.939294,579224811
20.936208,71.1914,7.5586,7.5586,0,0,20.939294,579224811
20.940965,71.1914,7.5586,7.5586,0,0,20.973430,579261232
20.941492,71.1914,7.5586,7.5586,0,0,20.973430,579261232
20.942194,71.1914,7.5586,7.5586,0,0,20.973430,579261232
20.944162,71.1914,7.5586,7.5586,0,0,20.973430,579261232
20.946203,71.1914,7.5586,7.5586,0,0,20.973430,579261232
20.948213,71.1914,7.5586,7.5586,0,0,20.973430,579261232
20.950212,71.1914,7.5586,7.5586,0,0,20.973430,579261232
20.952155,71.1914,7.5586,7.5586,0,0,20.973430,579261232
20.954175,71.1914,7.5586,7.5586,0,0,20.973430,579261232
20.956225,71.1914,7.5586,7.5586,0,0,20.973430,579261232
20.958161,71.1914,7.5586,7.5586,0,0,20.973430,579261232
20.960197,71.1914,7.5586,7.5586,0,0,20.973430,579261232
20.962155,71.1914,7.5586,7.5586,0,0,20.973430,579261232
20.964150,71.1914,7.5586,7.5586,0,0,20.973430,579261232
20.966234,71.1914,7.5586,7.5586,0,0,20.973430,579261232
20.968170,71.1914,7.5586,7.5586,0,0,20.973430,579261232
20.970163,71.1914,7.5586,7.5586,0,0,20.973430,579261232
20.972192,71.1914,7.5586,7.5586,0,0,20.973430,579261232
20.976964,71.1914,7.5586,7.5586,0,0,21.000438,579289994
20.977428,71.1914,7.5586,7.5586,0,0,21.000438,579289994
20.978164,71.1914,7.5586,7.5586,0,0,21.000438,579289994
20.980174,71.1914,7.5586,7.5586,0,0,21.000438,579289994
20.982215,71.1914,7.5586,7.5586,0,0,21.000438,579289994
20.984165,71.1914,7.5586,7.5586,0,0,21.000438,579289994
20.986568,71.1914,7.5586,7.5586,0,0,21.000438,579289994
20.988204,71.1914,7.5586,7.5586,0,0,21.000438,579289994
20.990214,71.1914,7.5586,7.5586,0,0,21.000438,579289994
20.992228,71.1914,7.5586,7.5586,0,0,21.000438,579289994
20.994166,71.1914,7.5586,7.5586,0,0,21.000438,579289994
20.996177,71.1914,7.5586,7.5586,0,0,21.000438,579289994
20.998204,71.1914,7.5586,7.5586,0,0,21.000438,579289994
21.000155,71.1914,7.5586,7.5586,0,0,21.000438,579289994
21.002173,71.1914,7.5586,7.5586,0,0,21.000438,579289994
21.005760,71.1914,7.5586,7.5586,0,0,21.048420,579324427
21.006207,71.1914,7.5586,7.5586,0,0,21.048420,579324427
21.008440,71.1914,7.5586,7.5586,0,0,21.048420,579324427
21.010237,71.1914,7.5586,7.5586,0,0,21.048420,579324427
21.012407,71.1914,7.5586,7.5586,0,0,21.048420,579324427
21.014229,71.1914,7.5586,7.5586,0,0,21.048420,579324427
21.016172,71.1914,7.5586,7.5586,0,0,21.048420,579324427
21.018200,71.1914,7.5586,7.5586,0,0,21.048420,579324427
21.023729,71.1914,7.5586,7.5586,0,0,21.048420,579324427
21.024015,71.1914,7.5586,7.5586,0,0,21.048420,579324427
21.024197,71.1914,7.5586,7.5586,0,0,21.048420,579324427
21.026185,71.1914,7.5586,7.5586,0,0,21.048420,579324427
21.028163,71.1914,7.5586,7.5586,0,0,21.048420,579324427
21.030150,71.1914,7.5586,7.5586,0,0,21.048420,579324427
21.032219,71.1914,7.5586,7.5586,0,0,21.048420,579324427
21.034167,71.1914,7.5586,7.5586,0,0,21.048420,579324427
21.036213,71.1914,7.5586,7.5586,0,0,21.048420,579324427
21.040147,71.1914,7.5586,7.5586,0,0,21.085404,579372757
21.040820,71.1914,7.5586,7.5586,0,0,21.085404,579372757
21.042208,71.1914,7.5586,7.5586,0,0,21.085404,579372757
21.044182,71.1914,7.5586,7.5586,0,0,21.085404,579372757
21.046192,71.1914,7.5586,7.5586,0,0,21.085404,579372757
21.048187,71.1914,7.5586,7.5586,0,0,21.085404,579372757
21.050185,71.1914,7.5586,7.5586,0,0,21.085404,579372757
21.052213,71.1914,7.5586,7.5586,0,0,21.085404,579372757
21.054211,71.1914,7.5586,7.5586,0,0,21.085404,579372757
21.056231,71.1914,7.5586,7.5586,0,0,21.085404,579372757
21.058161,71.1914,7.5586,7.5586,0,0,21.085404,579372757
21.060161,71.1914,7.5586,7.5586,0,0,21.085404,579372757
21.062195,71.1914,7.5586,7.5586,0,0,21.085404,579372757
21.064216,71.1914,7.5586,7.5586,0,0,21.085404,579372757
21.066191,71.1914,7.5586,7.5586,0,0,21.085404,579372757
21.068188,71.1914,7.5586,7.5586,0,0,21.085404,579372757
21.070189,71.1914,7.5586,7.5586,0,0,21.085404,579372757
21.072205,71.1914,7.5586,7.5586,0,0,21.085404,579372757
21.074230,71.1914,7.5586,7.5586,0,0,21.085404,579372757
21.076177,71.1914,7.5586,7.5586,0,0,21.085404,579372757
21.078173,71.1914,7.5586,7.5586,0,0,21.085404,579372757
21.080170,71.1914,7.5586,7.5586,0,0,21.085404,579372757
21.082165,71.1914,7.5586,7.5586,0,0,21.085404,579372757
21.084164,71.1914,7.5586,7.5586,0,0,21.085404,579372757
21.088486,71.1914,7.5586,7.5586,0,0,21.125803,579404835
21.088950,71.1914,7.5586,7.5586,0,0,21.125803,579404835
21.090230,71.1914,7.5586,7.5586,0,0,21.125803,579404835
21.092225,71.1914,7.5586,7.5586,0,0,21.125803,579404835
21.094161,71.1914,7.5586,7.5586,0,0,21.125803,579404835
21.096148,71.1914,7.5586,7.5586,0,0,21.125803,579404835
21.098168,71.1914,7.5586,7.5586,0,0,21.125803,579404835
21.100209,71.1914,7.5586,7.5586,0,0,21.125803,579404835
21.102175,71.1914,7.5586,7.5586,0,0,21.125803,579404835
21.104148,71.1914,7.5586,7.5586,0,0,21.125803,579404835
21.106203,71.1914,7.5586,7.5586,0,0,21.125803,579404835
21.108199,71.1914,7.5586,7.5586,0,0,21.125803,579404835
21.110231,71.1914,7.5586,7.5586,0,0,21.125803,579404835
21.112173,71.1914,7.5586,7.5586,0,0,21.125803,579404835
21.114222,71.1914,7.5586,7.5586,0,0,21.125803,579404835
21.116182,71.1914,7.5586,7.5586,0,0,21.125803,579404835
21.124930,71.1914,7.5586,7.5586,0,0,21.158138,579444465
21.125261,71.1914,7.5586,7.5586,0,0,21.158138,579444465
21.125438,71.1914,7.5586,7.5586,0,0,21.158138,579444465
21.125611,71.1914,7.5586,7.5586,0,0,21.158138,579444465
21.126219,71.1914,7.5586,7.5586,0,0,21.158138,579444465
21.128211,71.1914,7.5586,7.5586,0,0,21.158138,579444465
21.130199,71.1914,7.5586,7.5586,0,0,21.158138,579444465
21.132189,71.1914,7.5586,7.5586,0,0,21.158138,579444465
21.134212,71.1914,7.5586,7.5586,0,0,21.158138,579444465
21.136151,71.1914,7.5586,7.5586,0,0,21.158138,579444465
21.138579,71.1914,7.5586,7.5586,0,0,21.158138,579444465
21.140158,71.1914,7.5586,7.5586,0,0,21.158138,579444465
21.142214,71.1914,7.5586,7.5586,0,0,21.158138,579444465
21.144165,71.1914,7.5586,7.5586,0,0,21.158138,579444465
21.146211,71.1914,7.5586,7.5586,0,0,21.158138,579444465
21.148204,71.1914,7.5586,7.5586,0,0,21.158138,579444465
21.150230,71.1914,7.5586,7.5586,0,0,21.158138,579444465
21.152196,71.1914,7.5586,7.5586,0,0,21.158138,579444465
21.154213,71.1914,7.5586,7.5586,0,0,21.158138,579444465
21.156225,71.1914,7.5586,7.5586,0,0,21.158138,579444465
21.160406,71.1914,7.5586,7.5586,0,0,21.186302,579472650
21.160926,71.1914,7.5586,7.5586,0,0,21.186302,579472650
21.162203,71.1914,7.5586,7.5586,0,0,21.186302,579472650
21.164222,71.1914,7.5586,7.5586,0,0,21.186302,579472650
21.166181,71.1914,7.5586,7.5586,0,0,21.186302,579472650
21.168194,71.1914,7.5586,7.5586,0,0,21.186302,579472650
21.170166,71.1914,7.5586,7.5586,0,0,21.186302,579472650
21.172179,71.1914,7.5586,7.5586,0,0,21.186302,579472650
21.174172,71.1914,7.5586,7.5586,0,0,21.186302,579472650
21.176158,71.1914,7.5586,7.5586,0,0,21.186302,579472650
21.178180,71.1914,7.5586,7.5586,0,0,21.186302,579472650
21.180177,71.1914,7.5586,7.5586,0,0,21.186302,579472650
21.182211,71.1914,7.5586,7.5586,0,0,21.186302,579472650
21.184175,71.1914,7.5586,7.5586,0,0,21.186302,579472650
