t_s,theta_deg,alpha_deg,alpha_raw_deg,pwm,mode,t_pc_block_s,t_now_us
0.000000,6.5039,24.6094,-335.3906,0,0,0.233323,371707106
0.000533,6.5039,24.6094,-335.3906,0,0,0.233323,371707106
0.000784,6.5039,24.6094,-335.3906,0,0,0.233323,371707106
0.001413,6.5039,24.6094,-335.3906,0,0,0.233323,371707106
0.003421,6.5039,24.6094,-335.3906,0,0,0.233323,371707106
0.005460,6.5039,24.6094,-335.3906,0,0,0.233323,371707106
0.007420,6.5039,24.7852,-335.2148,0,0,0.233323,371707106
0.009447,6.5039,24.7852,-335.2148,0,0,0.233323,371707106
0.011408,6.5039,24.7852,-335.2148,0,0,0.233323,371707106
0.013470,6.5039,24.7852,-335.2148,0,0,0.233323,371707106
0.015443,6.6797,24.7852,-335.2148,0,0,0.233323,371707106
0.017440,6.6797,24.7852,-335.2148,0,0,0.233323,371707106
0.019439,6.6797,24.7852,-335.2148,0,0,0.233323,371707106
0.021437,6.6797,24.7852,-335.2148,0,0,0.233323,371707106
0.023446,6.6797,24.7852,-335.2148,0,0,0.233323,371707106
0.025443,6.6797,24.9609,-335.0391,0,0,0.233323,371707106
0.027440,6.6797,24.9609,-335.0391,0,0,0.233323,371707106
0.029439,6.6797,24.9609,-335.0391,0,0,0.233323,371707106
0.031437,6.6797,24.9609,-335.0391,0,0,0.233323,371707106
0.033437,6.6797,24.9609,-335.0391,0,0,0.233323,371707106
0.035437,6.6797,24.9609,-335.0391,0,0,0.233323,371707106
0.037437,6.8555,24.9609,-335.0391,0,0,0.233323,371707106
0.039437,6.8555,25.1367,-334.8633,0,0,0.233323,371707106
0.041437,6.8555,25.1367,-334.8633,0,0,0.233323,371707106
0.043437,6.8555,25.1367,-334.8633,0,0,0.233323,371707106
0.045443,6.8555,25.1367,-334.8633,0,0,0.233323,371707106
0.047440,6.8555,25.1367,-334.8633,0,0,0.233323,371707106
0.049439,6.8555,25.1367,-334.8633,0,0,0.233323,371707106
0.051437,6.8555,25.1367,-334.8633,0,0,0.233323,371707106
0.053437,6.8555,25.1367,-334.8633,0,0,0.233323,371707106
0.055437,6.8555,25.1367,-334.8633,0,0,0.233323,371707106
0.057437,6.8555,25.1367,-334.8633,0,0,0.233323,371707106
0.059437,6.8555,25.1367,-334.8633,0,0,0.233323,371707106
0.064196,7.0312,25.1367,-334.8633,0,0,0.233323,371707106
0.064540,7.0312,25.1367,-334.8633,0,0,0.233323,371707106
0.065406,7.0312,25.1367,-334.8633,0,0,0.233323,371707106
0.067395,7.0312,25.1367,-334.8633,0,0,0.233323,371707106
0.069465,7.0312,25.1367,-334.8633,0,0,0.233323,371707106
0.071454,7.0312,25.1367,-334.8633,0,0,0.233323,371707106
0.073437,7.0312,25.1367,-334.8633,0,0,0.233323,371707106
0.075428,7.0312,25.1367,-334.8633,0,0,0.233323,371707106
0.077408,7.0312,25.3125,-334.6875,0,0,0.233323,371707106
0.079398,7.0312,25.3125,-334.6875,0,0,0.233323,371707106
0.081466,7.0312,25.3125,-334.6875,0,0,0.233323,371707106
0.083453,7.0312,25.3125,-334.6875,0,0,0.233323,371707106
0.085406,7.2070,25.3125,-334.6875,0,0,0.233323,371707106
0.087395,7.2070,25.3125,-334.6875,0,0,0.233323,371707106
0.089444,7.2070,25.3125,-334.6875,0,0,0.233323,371707106
0.091432,7.2070,25.3125,-334.6875,0,0,0.233323,371707106
0.093415,7.2070,25.3125,-334.6875,0,0,0.233323,371707106
0.095403,7.2070,25.3125,-334.6875,0,0,0.233323,371707106
0.097467,7.2070,25.3125,-334.6875,0,0,0.233323,371707106
0.099454,7.2070,25.3125,-334.6875,0,0,0.233323,371707106
0.101437,7.2070,25.3125,-334.6875,0,0,0.233323,371707106
0.103428,7.2070,25.3125,-334.6875,0,0,0.233323,371707106
0.105408,7.3828,25.3125,-334.6875,0,0,0.233323,371707106
0.107398,7.3828,25.3125,-334.6875,0,0,0.233323,371707106
0.109466,7.3828,25.3125,-334.6875,0,0,0.233323,371707106
0.111454,7.3828,25.1367,-334.8633,0,0,0.233323,371707106
0.113437,7.3828,25.1367,-334.8633,0,0,0.233323,371707106
0.115428,7.3828,25.1367,-334.8633,0,0,0.233323,371707106
0.117408,7.3828,25.1367,-334.8633,0,0,0.233323,371707106
0.119398,7.5586,25.1367,-334.8633,0,0,0.233323,371707106
0.121466,7.5586,25.1367,-334.8633,0,0,0.233323,371707106
0.123462,7.5586,25.1367,-334.8633,0,0,0.233323,371707106
0.125446,7.5586,25.1367,-334.8633,0,0,0.233323,371707106
0.127437,7.5586,25.1367,-334.8633,0,0,0.233323,371707106
0.129420,7.5586,25.1367,-334.8633,0,0,0.233323,371707106
0.131408,7.5586,25.1367,-334.8633,0,0,0.233323,371707106
0.133390,7.5586,25.1367,-334.8633,0,0,0.233323,371707106
0.135466,7.5586,25.1367,-334.8633,0,0,0.233323,371707106
0.137447,7.5586,25.1367,-334.8633,0,0,0.233323,371707106
0.139437,7.7344,25.1367,-334.8633,0,0,0.233323,371707106
0.141420,7.7344,25.1367,-334.8633,0,0,0.233323,371707106
0.143408,7.7344,25.1367,-334.8633,0,0,0.233323,371707106
0.145389,7.7344,25.1367,-334.8633,0,0,0.233323,371707106
0.147466,7.7344,24.9609,-335.0391,0,0,0.233323,371707106
0.149447,7.7344,24.9609,-335.0391,0,0,0.233323,371707106
0.151437,7.7344,24.9609,-335.0391,0,0,0.233323,371707106
0.153420,7.7344,24.9609,-335.0391,0,0,0.233323,371707106
0.155408,7.9102,24.9609,-335.0391,0,0,0.233323,371707106
0.157390,7.9102,24.9609,-335.0391,0,0,0.233323,371707106
0.159466,7.9102,24.9609,-335.0391,0,0,0.233323,371707106
0.163430,7.9102,24.7852,-335.2148,0,0,0.233323,371707106
0.163702,7.9102,24.7852,-335.2148,0,0,0.233323,371707106
0.165447,7.9102,24.7852,-335.2148,0,0,0.233323,371707106
0.167446,7.9102,24.7852,-335.2148,0,0,0.233323,371707106
0.169443,7.9102,24.7852,-335.2148,0,0,0.233323,371707106
0.171440,8.0859,24.7852,-335.2148,0,0,0.233323,371707106
0.173439,8.0859,24.7852,-335.2148,0,0,0.233323,371707106
0.175437,8.0859,24.7852,-335.2148,0,0,0.233323,371707106
0.177437,8.0859,24.7852,-335.2148,0,0,0.233323,371707106
0.179437,8.0859,24.7852,-335.2148,0,0,0.233323,371707106
0.181437,8.0859,24.6094,-335.3906,0,0,0.233323,371707106
0.183437,8.0859,24.6094,-335.3906,0,0,0.233323,371707106
0.185437,8.0859,24.6094,-335.3906,0,0,0.233323,371707106
0.187395,8.2617,24.6094,-335.3906,0,0,0.233323,371707106
0.189393,8.2617,24.6094,-335.3906,0,0,0.233323,371707106
0.191410,8.2617,24.6094,-335.3906,0,0,0.233323,371707106
0.193404,8.2617,24.6094,-335.3906,0,0,0.233323,371707106
0.195400,8.2617,24.6094,-335.3906,0,0,0.233323,371707106
0.197398,8.2617,24.6094,-335.3906,0,0,0.233323,371707106
0.199395,8.2617,24.6094,-335.3906,0,0,0.233323,371707106
0.201392,8.2617,24.4336,-335.5664,0,0,0.233323,371707106
0.203390,8.2617,24.4336,-335.5664,0,0,0.233323,371707106
0.205390,8.2617,24.4336,-335.5664,0,0,0.233323,371707106
0.207390,8.2617,24.4336,-335.5664,0,0,0.233323,371707106
0.209390,8.4375,24.4336,-335.5664,0,0,0.233323,371707106
0.211390,8.4375,24.4336,-335.5664,0,0,0.233323,371707106
0.213390,8.4375,24.4336,-335.5664,0,0,0.233323,371707106
0.215390,8.4375,24.4336,-335.5664,0,0,0.233323,371707106
0.217390,8.4375,24.4336,-335.5664,0,0,0.233323,371707106
0.219390,8.4375,24.4336,-335.5664,0,0,0.233323,371707106
0.221390,8.4375,24.2578,-335.7422,0,0,0.233323,371707106
0.223431,8.4375,24.2578,-335.7422,0,0,0.233323,371707106
0.225432,8.4375,24.2578,-335.7422,0,0,0.233323,371707106
0.227458,8.4375,24.2578,-335.7422,0,0,0.233323,371707106
0.229477,8.6133,24.2578,-335.7422,0,0,0.233323,371707106
0.234305,8.6133,24.2578,-335.7422,0,0,0.498050,371937106
0.234882,8.6133,24.2578,-335.7422,0,0,0.498050,371937106
0.235427,8.6133,24.0820,-335.9180,0,0,0.498050,371937106
0.237401,8.6133,24.0820,-335.9180,0,0,0.498050,371937106
0.239431,8.6133,24.0820,-335.9180,0,0,0.498050,371937106
0.241412,8.6133,24.0820,-335.9180,0,0,0.498050,371937106
0.243408,8.6133,24.0820,-335.9180,0,0,0.498050,371937106
0.245466,8.6133,24.0820,-335.9180,0,0,0.498050,371937106
0.247431,8.6133,24.0820,-335.9180,0,0,0.498050,371937106
0.249453,8.6133,24.0820,-335.9180,0,0,0.498050,371937106
0.251433,8.6133,24.0820,-335.9180,0,0,0.498050,371937106
0.253439,8.7891,24.0820,-335.9180,0,0,0.498050,371937106
0.255437,8.7891,24.0820,-335.9180,0,0,0.498050,371937106
0.257437,8.7891,24.0820,-335.9180,0,0,0.498050,371937106
0.259437,8.7891,24.0820,-335.9180,0,0,0.498050,371937106
0.263949,8.7891,24.0820,-335.9180,0,0,0.498050,371937106
0.264288,8.7891,24.0820,-335.9180,0,0,0.498050,371937106
0.265411,8.7891,24.0820,-335.9180,0,0,0.498050,371937106
0.267399,8.7891,24.0820,-335.9180,0,0,0.498050,371937106
0.269466,8.7891,23.9062,-336.0938,0,0,0.498050,371937106
0.271454,8.7891,23.9062,-336.0938,0,0,0.498050,371937106
0.273436,8.7891,23.9062,-336.0938,0,0,0.498050,371937106
0.275428,8.7891,23.9062,-336.0938,0,0,0.498050,371937106
0.277408,8.7891,23.9062,-336.0938,0,0,0.498050,371937106
0.279398,8.7891,23.9062,-336.0938,0,0,0.498050,371937106
0.281466,8.7891,23.9062,-336.0938,0,0,0.498050,371937106
0.283453,8.7891,23.9062,-336.0938,0,0,0.498050,371937106
0.285437,8.7891,23.9062,-336.0938,0,0,0.498050,371937106
0.287427,8.7891,23.9062,-336.0938,0,0,0.498050,371937106
0.289443,8.7891,23.9062,-336.0938,0,0,0.498050,371937106
0.291439,8.9648,23.9062,-336.0938,0,0,0.498050,371937106
0.293420,8.9648,23.9062,-336.0938,0,0,0.498050,371937106
0.295428,8.9648,23.9062,-336.0938,0,0,0.498050,371937106
0.297411,8.9648,23.9062,-336.0938,0,0,0.498050,371937106
0.299399,8.9648,23.9062,-336.0938,0,0,0.498050,371937106
0.301466,8.9648,23.9062,-336.0938,0,0,0.498050,371937106
0.303454,8.9648,23.9062,-336.0938,0,0,0.498050,371937106
0.305436,8.9648,23.9062,-336.0938,0,0,0.498050,371937106
0.307428,8.9648,23.9062,-336.0938,0,0,0.498050,371937106
0.309408,8.9648,23.9062,-336.0938,0,0,0.498050,371937106
0.311398,8.9648,23.9062,-336.0938,0,0,0.498050,371937106
0.313466,8.9648,23.9062,-336.0938,0,0,0.498050,371937106
0.315453,8.9648,23.9062,-336.0938,0,0,0.498050,371937106
0.317437,8.9648,23.9062,-336.0938,0,0,0.498050,371937106
0.319427,8.9648,23.9062,-336.0938,0,0,0.498050,371937106
0.321408,8.9648,23.9062,-336.0938,0,0,0.498050,371937106
0.323407,8.9648,23.9062,-336.0938,0,0,0.498050,371937106
0.325389,8.9648,24.0820,-335.9180,0,0,0.498050,371937106
0.327466,8.9648,24.0820,-335.9180,0,0,0.498050,371937106
0.329447,8.9648,24.0820,-335.9180,0,0,0.498050,371937106
0.331437,8.9648,24.0820,-335.9180,0,0,0.498050,371937106
0.333420,8.9648,24.0820,-335.9180,0,0,0.498050,371937106
0.335408,8.9648,24.0820,-335.9180,0,0,0.498050,371937106
0.337390,8.9648,24.0820,-335.9180,0,0,0.498050,371937106
0.339466,8.9648,24.0820,-335.9180,0,0,0.498050,371937106
0.341447,8.9648,24.0820,-335.9180,0,0,0.498050,371937106
0.343437,8.9648,24.0820,-335.9180,0,0,0.498050,371937106
0.345420,8.9648,24.0820,-335.9180,0,0,0.498050,371937106
0.347408,8.9648,24.0820,-335.9180,0,0,0.498050,371937106
0.349389,8.9648,24.0820,-335.9180,0,0,0.498050,371937106
0.351466,8.9648,24.0820,-335.9180,0,0,0.498050,371937106
0.353447,8.9648,24.0820,-335.9180,0,0,0.498050,371937106
0.355437,8.9648,24.0820,-335.9180,0,0,0.498050,371937106
0.357420,8.9648,24.0820,-335.9180,0,0,0.498050,371937106
0.359408,8.9648,24.0820,-335.9180,0,0,0.498050,371937106
0.363371,8.9648,24.0820,-335.9180,0,0,0.498050,371937106
0.363652,8.9648,24.0820,-335.9180,0,0,0.498050,371937106
0.365390,8.9648,24.0820,-335.9180,0,0,0.498050,371937106
0.367390,8.9648,24.0820,-335.9180,0,0,0.498050,371937106
0.369390,8.9648,24.0820,-335.9180,0,0,0.498050,371937106
0.371390,8.9648,24.0820,-335.9180,0,0,0.498050,371937106
0.373390,8.9648,24.0820,-335.9180,0,0,0.498050,371937106
0.375390,8.9648,24.0820,-335.9180,0,0,0.498050,371937106
0.377390,8.9648,24.0820,-335.9180,0,0,0.498050,371937106
0.379390,8.9648,24.0820,-335.9180,0,0,0.498050,371937106
0.381390,8.9648,24.0820,-335.9180,0,0,0.498050,371937106
0.383390,8.9648,24.0820,-335.9180,0,0,0.498050,371937106
0.385390,8.9648,24.0820,-335.9180,0,0,0.498050,371937106
0.387390,8.9648,24.0820,-335.9180,0,0,0.498050,371937106
0.389390,8.9648,24.2578,-335.7422,0,0,0.498050,371937106
0.391412,8.9648,24.2578,-335.7422,0,0,0.498050,371937106
0.393400,8.9648,24.2578,-335.7422,0,0,0.498050,371937106
0.395399,8.9648,24.2578,-335.7422,0,0,0.498050,371937106
0.397398,8.9648,24.2578,-335.7422,0,0,0.498050,371937106
0.399411,8.9648,24.2578,-335.7422,0,0,0.498050,371937106
0.401407,8.9648,24.2578,-335.7422,0,0,0.498050,371937106
0.403402,8.9648,24.2578,-335.7422,0,0,0.498050,371937106
0.405398,8.9648,24.2578,-335.7422,0,0,0.498050,371937106
0.407395,8.9648,24.2578,-335.7422,0,0,0.498050,371937106
0.409392,8.9648,24.2578,-335.7422,0,0,0.498050,371937106
0.411390,8.9648,24.2578,-335.7422,0,0,0.498050,371937106
0.413390,8.9648,24.2578,-335.7422,0,0,0.498050,371937106
0.415390,8.9648,24.2578,-335.7422,0,0,0.498050,371937106
0.417390,8.9648,24.2578,-335.7422,0,0,0.498050,371937106
0.419390,8.9648,24.2578,-335.7422,0,0,0.498050,371937106
0.421390,8.9648,24.2578,-335.7422,0,0,0.498050,371937106
0.423406,8.9648,24.4336,-335.5664,0,0,0.498050,371937106
0.425400,8.9648,24.4336,-335.5664,0,0,0.498050,371937106
0.427398,8.9648,24.4336,-335.5664,0,0,0.498050,371937106
0.429395,8.9648,24.4336,-335.5664,0,0,0.498050,371937106
0.431392,8.9648,24.4336,-335.5664,0,0,0.498050,371937106
0.433390,8.9648,24.4336,-335.5664,0,0,0.498050,371937106
0.435390,8.9648,24.4336,-335.5664,0,0,0.498050,371937106
0.437390,8.9648,24.4336,-335.5664,0,0,0.498050,371937106
0.439390,8.9648,24.4336,-335.5664,0,0,0.498050,371937106
0.441390,8.9648,24.4336,-335.5664,0,0,0.498050,371937106
0.443390,8.9648,24.4336,-335.5664,0,0,0.498050,371937106
0.445390,8.9648,24.4336,-335.5664,0,0,0.498050,371937106
0.447390,8.9648,24.4336,-335.5664,0,0,0.498050,371937106
0.449390,8.9648,24.4336,-335.5664,0,0,0.498050,371937106
0.451390,8.9648,24.4336,-335.5664,0,0,0.498050,371937106
0.453477,8.9648,24.4336,-335.5664,0,0,0.498050,371937106
0.455429,8.9648,24.4336,-335.5664,0,0,0.498050,371937106
0.457432,8.9648,24.4336,-335.5664,0,0,0.498050,371937106
0.459423,8.9648,24.4336,-335.5664,0,0,0.498050,371937106
0.467592,8.9648,24.4336,-335.5664,0,0,0.731690,372200206
0.468536,8.9648,24.4336,-335.5664,0,0,0.731690,372200206
0.468740,8.9648,24.4336,-335.5664,0,0,0.731690,372200206
0.468917,8.9648,24.4336,-335.5664,0,0,0.731690,372200206
0.469457,8.9648,24.4336,-335.5664,0,0,0.731690,372200206
0.471461,8.9648,24.4336,-335.5664,0,0,0.731690,372200206
0.473453,8.9648,24.4336,-335.5664,0,0,0.731690,372200206
0.475404,8.9648,24.4336,-335.5664,0,0,0.731690,372200206
0.477389,8.9648,24.4336,-335.5664,0,0,0.731690,372200206
0.479468,8.9648,24.4336,-335.5664,0,0,0.731690,372200206
0.481463,8.9648,24.4336,-335.5664,0,0,0.731690,372200206
0.483455,8.9648,24.4336,-335.5664,0,0,0.731690,372200206
0.485450,8.9648,24.4336,-335.5664,0,0,0.731690,372200206
0.487444,8.9648,24.4336,-335.5664,0,0,0.731690,372200206
0.489442,8.9648,24.4336,-335.5664,0,0,0.731690,372200206
0.491454,8.9648,24.4336,-335.5664,0,0,0.731690,372200206
0.493450,8.9648,24.4336,-335.5664,0,0,0.731690,372200206
0.495410,8.9648,24.4336,-335.5664,0,0,0.731690,372200206
0.497403,8.9648,24.4336,-335.5664,0,0,0.731690,372200206
0.499405,8.9648,24.4336,-335.5664,0,0,0.731690,372200206
0.501389,8.9648,24.4336,-335.5664,0,0,0.731690,372200206
0.503398,8.9648,24.4336,-335.5664,0,0,0.731690,372200206
0.505438,8.9648,24.4336,-335.5664,0,0,0.731690,372200206
0.507437,8.9648,24.4336,-335.5664,0,0,0.731690,372200206
0.509472,8.9648,24.4336,-335.5664,0,0,0.731690,372200206
0.511408,8.9648,24.4336,-335.5664,0,0,0.731690,372200206
0.513429,8.9648,24.6094,-335.3906,0,0,0.731690,372200206
0.515473,8.9648,24.6094,-335.3906,0,0,0.731690,372200206
0.517468,8.9648,24.6094,-335.3906,0,0,0.731690,372200206
0.519419,8.9648,24.6094,-335.3906,0,0,0.731690,372200206
0.521439,8.9648,24.6094,-335.3906,0,0,0.731690,372200206
0.523447,8.9648,24.6094,-335.3906,0,0,0.731690,372200206
0.525387,8.9648,24.6094,-335.3906,0,0,0.731690,372200206
0.527427,8.9648,24.6094,-335.3906,0,0,0.731690,372200206
0.529968,8.9648,24.6094,-335.3906,0,0,0.731690,372200206
0.542956,8.9648,24.6094,-335.3906,0,5,0.731690,372200206
0.544997,8.9648,24.6094,-335.3906,0,5,0.731690,372200206
0.547014,8.9648,24.6094,-335.3906,0,5,0.731690,372200206
0.548958,8.9648,24.6094,-335.3906,0,5,0.731690,372200206
0.550985,8.9648,24.6094,-335.3906,0,5,0.731690,372200206
0.552968,8.9648,24.6094,-335.3906,0,5,0.731690,372200206
0.555028,8.9648,24.6094,-335.3906,0,5,0.731690,372200206
0.556961,8.9648,24.6094,-335.3906,0,5,0.731690,372200206
0.558991,8.9648,24.6094,-335.3906,0,5,0.731690,372200206
0.564230,8.9648,24.6094,-335.3906,0,5,0.731690,372200206
0.564601,8.9648,24.6094,-335.3906,0,5,0.731690,372200206
0.564996,8.9648,24.6094,-335.3906,0,5,0.731690,372200206
0.567017,8.9648,24.6094,-335.3906,0,5,0.731690,372200206
0.568961,8.9648,24.6094,-335.3906,0,5,0.731690,372200206
0.570992,8.9648,24.6094,-335.3906,0,5,0.731690,372200206
0.573030,8.9648,24.6094,-335.3906,0,5,0.731690,372200206
0.575032,8.9648,24.6094,-335.3906,0,5,0.731690,372200206
0.576970,8.9648,24.6094,-335.3906,0,5,0.731690,372200206
0.578993,8.9648,24.6094,-335.3906,0,5,0.731690,372200206
0.581010,8.9648,24.6094,-335.3906,0,5,0.731690,372200206
0.583032,8.9648,24.6094,-335.3906,0,5,0.731690,372200206
0.584962,8.9648,24.4336,-335.5664,0,5,0.731690,372200206
0.586985,8.9648,24.4336,-335.5664,0,5,0.731690,372200206
0.589003,8.9648,24.4336,-335.5664,0,5,0.731690,372200206
0.591028,8.9648,24.4336,-335.5664,0,5,0.731690,372200206
0.592959,8.9648,24.4336,-335.5664,0,5,0.731690,372200206
0.594984,8.9648,24.4336,-335.5664,0,5,0.731690,372200206
0.597025,8.9648,24.4336,-335.5664,0,5,0.731690,372200206
0.599000,8.9648,24.4336,-335.5664,0,5,0.731690,372200206
0.601035,8.9648,24.4336,-335.5664,0,5,0.731690,372200206
0.602971,8.9648,24.4336,-335.5664,0,5,0.731690,372200206
0.604987,8.9648,24.4336,-335.5664,0,5,0.731690,372200206
0.607011,8.9648,24.4336,-335.5664,0,5,0.731690,372200206
0.609026,8.9648,24.4336,-335.5664,0,5,0.731690,372200206
0.610963,8.9648,24.4336,-335.5664,0,5,0.731690,372200206
0.612979,8.9648,24.4336,-335.5664,0,5,0.731690,372200206
0.615003,8.9648,24.4336,-335.5664,0,5,0.731690,372200206
0.617018,8.9648,24.4336,-335.5664,0,5,0.731690,372200206
0.618956,8.9648,24.4336,-335.5664,0,5,0.731690,372200206
0.620971,8.9648,24.4336,-335.5664,0,5,0.731690,372200206
0.623011,8.9648,24.4336,-335.5664,0,5,0.731690,372200206
0.625026,8.9648,24.4336,-335.5664,0,5,0.731690,372200206
0.626964,8.9648,24.4336,-335.5664,0,5,0.731690,372200206
0.628979,8.9648,24.4336,-335.5664,0,5,0.731690,372200206
0.631003,8.9648,24.4336,-335.5664,0,5,0.731690,372200206
0.633018,8.9648,24.4336,-335.5664,0,5,0.731690,372200206
0.634956,8.9648,24.4336,-335.5664,0,5,0.731690,372200206
0.636971,8.9648,24.4336,-335.5664,0,5,0.731690,372200206
0.638993,8.9648,24.4336,-335.5664,0,5,0.731690,372200206
0.641009,8.9648,24.4336,-335.5664,0,5,0.731690,372200206
0.643031,8.9648,24.4336,-335.5664,0,5,0.731690,372200206
0.644962,8.9648,24.4336,-335.5664,0,5,0.731690,372200206
0.646985,8.9648,24.4336,-335.5664,0,5,0.731690,372200206
0.649003,8.9648,24.4336,-335.5664,0,5,0.731690,372200206
0.651029,8.9648,24.4336,-335.5664,0,5,0.731690,372200206
0.652959,8.9648,24.4336,-335.5664,0,5,0.731690,372200206
0.654984,8.9648,24.4336,-335.5664,0,5,0.731690,372200206
0.657001,8.9648,24.4336,-335.5664,0,5,0.731690,372200206
0.659025,8.9648,24.4336,-335.5664,0,5,0.731690,372200206
0.663384,8.9648,24.4336,-335.5664,0,5,0.731690,372200206
0.663688,8.9648,24.4336,-335.5664,0,5,0.731690,372200206
0.664965,8.9648,24.4336,-335.5664,0,5,0.731690,372200206
0.666996,8.9648,24.4336,-335.5664,0,5,0.731690,372200206
0.669030,8.9648,24.2578,-335.7422,0,5,0.731690,372200206
0.670975,8.9648,24.2578,-335.7422,0,5,0.731690,372200206
0.673007,8.9648,24.2578,-335.7422,0,5,0.731690,372200206
0.675039,8.9648,24.2578,-335.7422,0,5,0.731690,372200206
0.676984,8.9648,24.2578,-335.7422,0,5,0.731690,372200206
0.679017,8.9648,24.2578,-335.7422,0,5,0.731690,372200206
0.680963,8.9648,24.2578,-335.7422,0,5,0.731690,372200206
0.682994,8.9648,24.2578,-335.7422,0,5,0.731690,372200206
0.685026,8.9648,24.2578,-335.7422,0,5,0.731690,372200206
0.686971,8.9648,24.2578,-335.7422,0,5,0.731690,372200206
0.689003,8.9648,24.2578,-335.7422,0,5,0.731690,372200206
0.691033,8.9648,24.2578,-335.7422,0,5,0.731690,372200206
0.692979,8.9648,24.2578,-335.7422,0,5,0.731690,372200206
0.695011,8.9648,24.2578,-335.7422,0,5,0.731690,372200206
0.697041,8.9648,24.2578,-335.7422,0,5,0.731690,372200206
0.699026,8.9648,24.2578,-335.7422,0,5,0.731690,372200206
0.700971,8.9648,24.2578,-335.7422,0,5,0.731690,372200206
0.703003,8.9648,24.2578,-335.7422,0,5,0.731690,372200206
0.704963,8.9648,24.2578,-335.7422,0,5,0.731690,372200206
0.706993,8.9648,24.2578,-335.7422,0,5,0.731690,372200206
0.709026,8.9648,24.2578,-335.7422,0,5,0.731690,372200206
0.710971,8.9648,24.2578,-335.7422,0,5,0.731690,372200206
0.713003,8.9648,24.0820,-335.9180,0,5,0.731690,372200206
0.715002,8.9648,24.0820,-335.9180,0,5,0.731690,372200206
0.716959,8.9648,24.0820,-335.9180,0,5,0.731690,372200206
0.719040,8.9648,24.0820,-335.9180,0,5,0.731690,372200206
0.721037,8.9648,24.0820,-335.9180,0,5,0.731690,372200206
0.723666,8.9648,24.0820,-335.9180,0,5,0.731690,372200206
0.728417,8.9648,24.0820,-335.9180,0,5,0.985837,372450144
0.728866,8.9648,24.0820,-335.9180,0,5,0.985837,372450144
0.729164,8.9648,24.0820,-335.9180,0,5,0.985837,372450144
0.730973,8.9648,24.0820,-335.9180,0,5,0.985837,372450144
0.733003,8.9648,24.0820,-335.9180,0,5,0.985837,372450144
0.734997,8.9648,24.0820,-335.9180,0,5,0.985837,372450144
0.737013,8.9648,24.0820,-335.9180,0,5,0.985837,372450144
0.738964,8.9648,24.0820,-335.9180,0,5,0.985837,372450144
0.740994,8.9648,24.0820,-335.9180,0,5,0.985837,372450144
0.743018,8.9648,24.0820,-335.9180,0,5,0.985837,372450144
0.744982,8.9648,24.0820,-335.9180,0,5,0.985837,372450144
0.747021,8.9648,24.0820,-335.9180,0,5,0.985837,372450144
0.748992,8.9648,24.0820,-335.9180,0,5,0.985837,372450144
0.751022,8.9648,24.0820,-335.9180,0,5,0.985837,372450144
0.752968,8.9648,24.0820,-335.9180,0,5,0.985837,372450144
0.755001,8.9648,24.0820,-335.9180,0,5,0.985837,372450144
0.757030,8.9648,24.0820,-335.9180,0,5,0.985837,372450144
0.758975,8.9648,24.0820,-335.9180,0,5,0.985837,372450144
0.763961,8.9648,24.0820,-335.9180,0,5,0.985837,372450144
0.764302,8.9648,24.0820,-335.9180,0,5,0.985837,372450144
0.764958,8.9648,24.0820,-335.9180,0,5,0.985837,372450144
0.766984,8.9648,24.0820,-335.9180,0,5,0.985837,372450144
0.769001,8.9648,24.0820,-335.9180,0,5,0.985837,372450144
0.771025,8.9648,24.0820,-335.9180,0,5,0.985837,372450144
0.772956,8.9648,24.0820,-335.9180,0,5,0.985837,372450144
0.774979,8.9648,24.0820,-335.9180,0,5,0.985837,372450144
0.776994,8.9648,24.0820,-335.9180,0,5,0.985837,372450144
0.779017,8.9648,24.0820,-335.9180,0,5,0.985837,372450144
0.781031,8.9648,24.0820,-335.9180,0,5,0.985837,372450144
0.782971,8.9648,24.0820,-335.9180,0,5,0.985837,372450144
0.784986,8.9648,24.0820,-335.9180,0,5,0.985837,372450144
0.787010,8.9648,24.0820,-335.9180,0,5,0.985837,372450144
0.789028,8.9648,24.0820,-335.9180,0,5,0.985837,372450144
0.790968,8.9648,24.0820,-335.9180,0,5,0.985837,372450144
0.792984,8.9648,24.0820,-335.9180,0,5,0.985837,372450144
0.795007,8.9648,24.0820,-335.9180,0,5,0.985837,372450144
0.797022,8.9648,24.0820,-335.9180,0,5,0.985837,372450144
0.798962,8.9648,24.0820,-335.9180,0,5,0.985837,372450144
0.800984,8.9648,24.0820,-335.9180,0,5,0.985837,372450144
0.803021,8.9648,24.0820,-335.9180,0,5,0.985837,372450144
0.804976,8.9648,24.0820,-335.9180,0,5,0.985837,372450144
0.807001,8.9648,24.0820,-335.9180,0,5,0.985837,372450144
0.809017,8.9648,24.0820,-335.9180,0,5,0.985837,372450144
0.810956,8.9648,24.0820,-335.9180,0,5,0.985837,372450144
0.812970,8.9648,24.0820,-335.9180,0,5,0.985837,372450144
0.814993,8.9648,24.0820,-335.9180,0,5,0.985837,372450144
0.817010,8.9648,24.0820,-335.9180,0,5,0.985837,372450144
0.819032,8.9648,24.0820,-335.9180,0,5,0.985837,372450144
0.820962,8.9648,24.0820,-335.9180,0,5,0.985837,372450144
0.822996,8.9648,24.0820,-335.9180,0,5,0.985837,372450144
0.825015,8.9648,24.0820,-335.9180,0,5,0.985837,372450144
0.826956,8.9648,24.0820,-335.9180,0,5,0.985837,372450144
0.828970,8.9648,24.0820,-335.9180,0,5,0.985837,372450144
0.830993,8.9648,24.0820,-335.9180,0,5,0.985837,372450144
0.833010,8.9648,24.0820,-335.9180,0,5,0.985837,372450144
0.835032,8.9648,24.0820,-335.9180,0,5,0.985837,372450144
0.836962,8.9648,24.0820,-335.9180,0,5,0.985837,372450144
0.838985,8.9648,24.0820,-335.9180,0,5,0.985837,372450144
0.841003,8.9648,24.0820,-335.9180,0,5,0.985837,372450144
0.843028,8.9648,24.0820,-335.9180,0,5,0.985837,372450144
0.844959,8.9648,24.0820,-335.9180,0,5,0.985837,372450144
0.846984,8.9648,24.0820,-335.9180,0,5,0.985837,372450144
0.849001,8.9648,24.0820,-335.9180,0,5,0.985837,372450144
0.851025,8.9648,24.0820,-335.9180,0,5,0.985837,372450144
0.852956,8.9648,24.0820,-335.9180,0,5,0.985837,372450144
0.854979,8.9648,24.0820,-335.9180,0,5,0.985837,372450144
0.856994,8.9648,24.0820,-335.9180,0,5,0.985837,372450144
0.859017,8.9648,24.0820,-335.9180,0,5,0.985837,372450144
0.863383,8.9648,24.0820,-335.9180,0,5,0.985837,372450144
0.863691,8.9648,24.0820,-335.9180,0,5,0.985837,372450144
0.864965,8.9648,24.0820,-335.9180,0,5,0.985837,372450144
0.866996,8.9648,24.0820,-335.9180,0,5,0.985837,372450144
0.869029,8.9648,24.0820,-335.9180,0,5,0.985837,372450144
0.870975,8.9648,24.0820,-335.9180,0,5,0.985837,372450144
0.873007,8.9648,24.0820,-335.9180,0,5,0.985837,372450144
0.875039,8.9648,24.0820,-335.9180,0,5,0.985837,372450144
0.876984,8.9648,24.0820,-335.9180,0,5,0.985837,372450144
0.879017,8.9648,24.0820,-335.9180,0,5,0.985837,372450144
0.880963,8.9648,24.0820,-335.9180,0,5,0.985837,372450144
0.882994,8.9648,24.0820,-335.9180,0,5,0.985837,372450144
0.885026,8.9648,24.0820,-335.9180,0,5,0.985837,372450144
0.886971,8.9648,24.0820,-335.9180,0,5,0.985837,372450144
0.889003,8.9648,24.0820,-335.9180,0,5,0.985837,372450144
0.891033,8.9648,24.0820,-335.9180,0,5,0.985837,372450144
0.892979,8.9648,24.0820,-335.9180,0,5,0.985837,372450144
0.895011,8.9648,24.0820,-335.9180,0,5,0.985837,372450144
0.897041,8.9648,24.0820,-335.9180,0,5,0.985837,372450144
0.898986,8.9648,24.0820,-335.9180,0,5,0.985837,372450144
0.901017,8.9648,24.0820,-335.9180,0,5,0.985837,372450144
0.902963,8.9648,24.0820,-335.9180,0,5,0.985837,372450144
0.904956,8.9648,24.0820,-335.9180,0,5,0.985837,372450144
0.906988,8.9648,24.0820,-335.9180,0,5,0.985837,372450144
0.909023,8.9648,24.0820,-335.9180,0,5,0.985837,372450144
0.910987,8.9648,24.0820,-335.9180,0,5,0.985837,372450144
0.913018,8.9648,24.0820,-335.9180,0,5,0.985837,372450144
0.914963,8.9648,24.0820,-335.9180,0,5,0.985837,372450144
0.916994,8.9648,24.0820,-335.9180,0,5,0.985837,372450144
0.919028,8.9648,24.0820,-335.9180,0,5,0.985837,372450144
0.920975,8.9648,24.0820,-335.9180,0,5,0.985837,372450144
0.923015,8.9648,24.0820,-335.9180,0,5,0.985837,372450144
0.924962,8.9648,24.0820,-335.9180,0,5,0.985837,372450144
0.926992,8.9648,24.0820,-335.9180,0,5,0.985837,372450144
0.929024,8.9648,24.0820,-335.9180,0,5,0.985837,372450144
0.930971,8.9648,24.0820,-335.9180,0,5,0.985837,372450144
0.933003,8.9648,24.0820,-335.9180,0,5,0.985837,372450144
0.935033,8.9648,24.0820,-335.9180,0,5,0.985837,372450144
0.936979,8.9648,24.0820,-335.9180,0,5,0.985837,372450144
0.939011,8.9648,24.0820,-335.9180,0,5,0.985837,372450144
0.941041,8.9648,24.0820,-335.9180,0,5,0.985837,372450144
0.942986,8.9648,24.0820,-335.9180,0,5,0.985837,372450144
0.945029,8.9648,24.0820,-335.9180,0,5,0.985837,372450144
0.946992,8.9648,24.0820,-335.9180,0,5,0.985837,372450144
0.949033,8.9648,24.0820,-335.9180,0,5,0.985837,372450144
0.951044,8.9648,24.0820,-335.9180,0,5,0.985837,372450144
0.952956,8.9648,24.2578,-335.7422,0,5,0.985837,372450144
0.954987,8.9648,24.2578,-335.7422,0,5,0.985837,372450144
0.957017,8.9648,24.2578,-335.7422,0,5,0.985837,372450144
0.958963,8.9648,24.2578,-335.7422,0,5,0.985837,372450144
0.963607,8.9648,24.2578,-335.7422,0,5,0.985837,372450144
0.963909,8.9648,24.2578,-335.7422,0,5,0.985837,372450144
0.964995,8.9648,24.2578,-335.7422,0,5,0.985837,372450144
0.967017,8.9648,24.2578,-335.7422,0,5,0.985837,372450144
0.969031,8.9648,24.2578,-335.7422,0,5,0.985837,372450144
0.970971,8.9648,24.2578,-335.7422,0,5,0.985837,372450144
0.972993,8.9648,24.2578,-335.7422,0,5,0.985837,372450144
0.977806,8.9648,24.2578,-335.7422,0,5,1.227315,372689459
0.978513,8.9648,24.2578,-335.7422,0,5,1.227315,372689459
0.979009,8.9648,24.2578,-335.7422,0,5,1.227315,372689459
0.981036,8.9648,24.2578,-335.7422,0,5,1.227315,372689459
0.983354,8.9648,24.2578,-335.7422,0,5,1.227315,372689459
0.984965,8.9648,24.2578,-335.7422,0,5,1.227315,372689459
0.986996,8.9648,24.2578,-335.7422,0,5,1.227315,372689459
0.988959,8.9648,24.2578,-335.7422,0,5,1.227315,372689459
0.991010,8.9648,24.2578,-335.7422,0,5,1.227315,372689459
0.993030,8.9648,24.2578,-335.7422,0,5,1.227315,372689459
0.995010,8.9648,24.2578,-335.7422,0,5,1.227315,372689459
0.996983,8.9648,24.2578,-335.7422,0,5,1.227315,372689459
0.999025,8.9648,24.2578,-335.7422,0,5,1.227315,372689459
1.000962,8.9648,24.2578,-335.7422,0,5,1.227315,372689459
1.002983,8.9648,24.2578,-335.7422,0,5,1.227315,372689459
1.004963,8.9648,24.2578,-335.7422,0,5,1.227315,372689459
1.006961,8.9648,24.4336,-335.5664,0,5,1.227315,372689459
1.008992,8.9648,24.4336,-335.5664,0,5,1.227315,372689459
1.011022,8.9648,24.4336,-335.5664,0,5,1.227315,372689459
1.012968,8.9648,24.4336,-335.5664,0,5,1.227315,372689459
1.015001,8.9648,24.4336,-335.5664,0,5,1.227315,372689459
1.016973,8.9648,24.4336,-335.5664,0,5,1.227315,372689459
1.019007,8.9648,24.4336,-335.5664,0,5,1.227315,372689459
1.021039,8.9648,24.4336,-335.5664,0,5,1.227315,372689459
1.022994,8.9648,24.4336,-335.5664,0,5,1.227315,372689459
1.025028,8.9648,24.4336,-335.5664,0,5,1.227315,372689459
1.026975,8.9648,24.4336,-335.5664,0,5,1.227315,372689459
1.029007,8.9648,24.4336,-335.5664,0,5,1.227315,372689459
1.031039,8.9648,24.4336,-335.5664,0,5,1.227315,372689459
1.032984,8.9648,24.4336,-335.5664,0,5,1.227315,372689459
1.035018,8.9648,24.4336,-335.5664,0,5,1.227315,372689459
1.036963,8.9648,24.4336,-335.5664,0,5,1.227315,372689459
1.038994,8.9648,24.4336,-335.5664,0,5,1.227315,372689459
1.041028,8.9648,24.4336,-335.5664,0,5,1.227315,372689459
1.042975,8.9648,24.4336,-335.5664,0,5,1.227315,372689459
1.045010,8.9648,24.4336,-335.5664,0,5,1.227315,372689459
1.046956,8.9648,24.4336,-335.5664,0,5,1.227315,372689459
1.048986,8.9648,24.4336,-335.5664,0,5,1.227315,372689459
1.051017,8.9648,24.4336,-335.5664,0,5,1.227315,372689459
1.052963,8.9648,24.4336,-335.5664,0,5,1.227315,372689459
1.054994,8.9648,24.4336,-335.5664,0,5,1.227315,372689459
1.057026,8.9648,24.4336,-335.5664,0,5,1.227315,372689459
1.058971,8.9648,24.4336,-335.5664,0,5,1.227315,372689459
1.064117,8.9648,24.4336,-335.5664,0,5,1.227315,372689459
1.064481,8.9648,24.4336,-335.5664,0,5,1.227315,372689459
1.064958,8.9648,24.4336,-335.5664,0,5,1.227315,372689459
1.066984,8.9648,24.4336,-335.5664,0,5,1.227315,372689459
1.069001,8.9648,24.4336,-335.5664,0,5,1.227315,372689459
1.071025,8.9648,24.4336,-335.5664,0,5,1.227315,372689459
1.072956,8.9648,24.4336,-335.5664,0,5,1.227315,372689459
1.074979,8.9648,24.4336,-335.5664,0,5,1.227315,372689459
1.076994,8.9648,24.4336,-335.5664,0,5,1.227315,372689459
1.079017,8.9648,24.4336,-335.5664,0,5,1.227315,372689459
1.081032,8.9648,24.4336,-335.5664,0,5,1.227315,372689459
1.082971,8.9648,24.4336,-335.5664,0,5,1.227315,372689459
1.084986,8.9648,24.4336,-335.5664,0,5,1.227315,372689459
1.087010,8.9648,24.4336,-335.5664,0,5,1.227315,372689459
1.089026,8.9648,24.4336,-335.5664,0,5,1.227315,372689459
1.090964,8.9648,24.4336,-335.5664,0,5,1.227315,372689459
1.092979,8.9648,24.4336,-335.5664,0,5,1.227315,372689459
1.095003,8.9648,24.4336,-335.5664,0,5,1.227315,372689459
1.097017,8.9648,24.4336,-335.5664,0,5,1.227315,372689459
1.098956,8.9648,24.4336,-335.5664,0,5,1.227315,372689459
1.100971,8.9648,24.4336,-335.5664,0,5,1.227315,372689459
1.102993,8.9648,24.4336,-335.5664,0,5,1.227315,372689459
1.105009,8.9648,24.4336,-335.5664,0,5,1.227315,372689459
1.107031,8.9648,24.4336,-335.5664,0,5,1.227315,372689459
1.108988,8.9648,24.4336,-335.5664,0,5,1.227315,372689459
1.111022,8.9648,24.4336,-335.5664,0,5,1.227315,372689459
1.113039,8.9648,24.4336,-335.5664,0,5,1.227315,372689459
1.114979,8.9648,24.4336,-335.5664,0,5,1.227315,372689459
1.117011,8.9648,24.4336,-335.5664,0,5,1.227315,372689459
1.119033,8.9648,24.4336,-335.5664,0,5,1.227315,372689459
1.120963,8.9648,24.4336,-335.5664,0,5,1.227315,372689459
1.122995,8.9648,24.4336,-335.5664,0,5,1.227315,372689459
1.125015,8.9648,24.4336,-335.5664,0,5,1.227315,372689459
1.126956,8.9648,24.4336,-335.5664,0,5,1.227315,372689459
1.128971,8.9648,24.4336,-335.5664,0,5,1.227315,372689459
1.130993,8.9648,24.4336,-335.5664,0,5,1.227315,372689459
1.133009,8.9648,24.4336,-335.5664,0,5,1.227315,372689459
1.135031,8.9648,24.4336,-335.5664,0,5,1.227315,372689459
1.136962,8.9648,24.4336,-335.5664,0,5,1.227315,372689459
1.138985,8.9648,24.4336,-335.5664,0,5,1.227315,372689459
1.141003,8.9648,24.4336,-335.5664,0,5,1.227315,372689459
1.143028,8.9648,24.4336,-335.5664,0,5,1.227315,372689459
1.144959,8.9648,24.4336,-335.5664,0,5,1.227315,372689459
1.146984,8.9648,24.4336,-335.5664,0,5,1.227315,372689459
1.149001,8.9648,24.4336,-335.5664,0,5,1.227315,372689459
1.151025,8.9648,24.4336,-335.5664,0,5,1.227315,372689459
1.152956,8.9648,24.4336,-335.5664,0,5,1.227315,372689459
1.154979,8.9648,24.4336,-335.5664,0,5,1.227315,372689459
1.156994,8.9648,24.4336,-335.5664,0,5,1.227315,372689459
1.159018,8.9648,24.4336,-335.5664,0,5,1.227315,372689459
1.163376,8.9648,24.4336,-335.5664,0,5,1.227315,372689459
1.163684,8.9648,24.4336,-335.5664,0,5,1.227315,372689459
1.164957,8.9648,24.4336,-335.5664,0,5,1.227315,372689459
1.166990,8.9648,24.4336,-335.5664,0,5,1.227315,372689459
1.169022,8.9648,24.4336,-335.5664,0,5,1.227315,372689459
1.170968,8.9648,24.4336,-335.5664,0,5,1.227315,372689459
1.173000,8.9648,24.4336,-335.5664,0,5,1.227315,372689459
1.175030,8.9648,24.4336,-335.5664,0,5,1.227315,372689459
1.176975,8.9648,24.4336,-335.5664,0,5,1.227315,372689459
1.179007,8.9648,24.4336,-335.5664,0,5,1.227315,372689459
1.180956,8.9648,24.4336,-335.5664,0,5,1.227315,372689459
1.182986,8.9648,24.4336,-335.5664,0,5,1.227315,372689459
1.185017,8.9648,24.4336,-335.5664,0,5,1.227315,372689459
1.186963,8.9648,24.4336,-335.5664,0,5,1.227315,372689459
1.188994,8.9648,24.4336,-335.5664,0,5,1.227315,372689459
1.191026,8.9648,24.4336,-335.5664,0,5,1.227315,372689459
1.192971,8.9648,24.4336,-335.5664,0,5,1.227315,372689459
1.195003,8.9648,24.4336,-335.5664,0,5,1.227315,372689459
1.197033,8.9648,24.4336,-335.5664,0,5,1.227315,372689459
1.198979,8.9648,24.4336,-335.5664,0,5,1.227315,372689459
1.201011,8.9648,24.4336,-335.5664,0,5,1.227315,372689459
1.202956,8.9648,24.4336,-335.5664,0,5,1.227315,372689459
1.204997,8.9648,24.4336,-335.5664,0,5,1.227315,372689459
1.207014,8.9648,24.4336,-335.5664,0,5,1.227315,372689459
1.209021,8.9648,24.4336,-335.5664,0,5,1.227315,372689459
1.211003,8.9648,24.4336,-335.5664,0,5,1.227315,372689459
1.213078,8.9648,24.4336,-335.5664,0,5,1.227315,372689459
1.216830,8.9648,24.4336,-335.5664,0,5,1.451432,372923209
1.217470,8.9648,24.4336,-335.5664,0,5,1.451432,372923209
1.218972,8.9648,24.4336,-335.5664,0,5,1.451432,372923209
1.221015,8.9648,24.4336,-335.5664,0,5,1.451432,372923209
1.223031,8.9648,24.4336,-335.5664,0,5,1.451432,372923209
1.224957,8.9648,24.4336,-335.5664,0,5,1.451432,372923209
1.227005,8.9648,24.4336,-335.5664,0,5,1.451432,372923209
1.229056,8.9648,24.2578,-335.7422,0,5,1.451432,372923209
1.230988,8.9648,24.2578,-335.7422,0,5,1.451432,372923209
1.232999,8.9648,24.2578,-335.7422,0,5,1.451432,372923209
1.234990,8.9648,24.2578,-335.7422,0,5,1.451432,372923209
1.236989,8.9648,24.2578,-335.7422,0,5,1.451432,372923209
1.238978,8.9648,24.2578,-335.7422,0,5,1.451432,372923209
1.240990,8.9648,24.2578,-335.7422,0,5,1.451432,372923209
1.242963,8.9648,24.2578,-335.7422,0,5,1.451432,372923209
1.245020,8.9648,24.2578,-335.7422,0,5,1.451432,372923209
1.247026,8.9648,24.2578,-335.7422,0,5,1.451432,372923209
1.248978,8.9648,24.2578,-335.7422,0,5,1.451432,372923209
1.251010,8.9648,24.2578,-335.7422,0,5,1.451432,372923209
1.252956,8.9648,24.2578,-335.7422,0,5,1.451432,372923209
1.254988,8.9648,24.2578,-335.7422,0,5,1.451432,372923209
1.257018,8.9648,24.2578,-335.7422,0,5,1.451432,372923209
1.258964,8.9648,24.2578,-335.7422,0,5,1.451432,372923209
1.263961,8.9648,24.2578,-335.7422,0,5,1.451432,372923209
1.264302,8.9648,24.2578,-335.7422,0,5,1.451432,372923209
1.264957,8.9648,24.2578,-335.7422,0,5,1.451432,372923209
1.266980,8.9648,24.2578,-335.7422,0,5,1.451432,372923209
1.268994,8.9648,24.2578,-335.7422,0,5,1.451432,372923209
1.271018,8.9648,24.2578,-335.7422,0,5,1.451432,372923209
1.273032,8.9648,24.2578,-335.7422,0,5,1.451432,372923209
1.274971,8.9648,24.2578,-335.7422,0,5,1.451432,372923209
1.276986,8.9648,24.2578,-335.7422,0,5,1.451432,372923209
1.279010,8.9648,24.2578,-335.7422,0,5,1.451432,372923209
1.281026,8.9648,24.2578,-335.7422,0,5,1.451432,372923209
1.282964,8.9648,24.2578,-335.7422,0,5,1.451432,372923209
1.284979,8.9648,24.2578,-335.7422,0,5,1.451432,372923209
1.287003,8.9648,24.2578,-335.7422,0,5,1.451432,372923209
1.289017,8.9648,24.2578,-335.7422,0,5,1.451432,372923209
1.290956,8.9648,24.2578,-335.7422,0,5,1.451432,372923209
1.292971,8.9648,24.2578,-335.7422,0,5,1.451432,372923209
1.294993,8.9648,24.2578,-335.7422,0,5,1.451432,372923209
1.297009,8.9648,24.2578,-335.7422,0,5,1.451432,372923209
1.299031,8.9648,24.2578,-335.7422,0,5,1.451432,372923209
1.300962,8.9648,24.0820,-335.9180,0,5,1.451432,372923209
1.302985,8.9648,24.0820,-335.9180,0,5,1.451432,372923209
1.305003,8.9648,24.0820,-335.9180,0,5,1.451432,372923209
1.307028,8.9648,24.0820,-335.9180,0,5,1.451432,372923209
1.308959,8.9648,24.0820,-335.9180,0,5,1.451432,372923209
1.310984,8.9648,24.0820,-335.9180,0,5,1.451432,372923209
1.313001,8.9648,24.0820,-335.9180,0,5,1.451432,372923209
1.314993,8.9648,24.0820,-335.9180,0,5,1.451432,372923209
1.317009,8.9648,24.0820,-335.9180,0,5,1.451432,372923209
1.319032,8.9648,24.0820,-335.9180,0,5,1.451432,372923209
1.320983,8.9648,24.0820,-335.9180,0,5,1.451432,372923209
1.323017,8.9648,24.0820,-335.9180,0,5,1.451432,372923209
1.325031,8.9648,24.0820,-335.9180,0,5,1.451432,372923209
1.326971,8.9648,24.0820,-335.9180,0,5,1.451432,372923209
1.328986,8.9648,24.0820,-335.9180,0,5,1.451432,372923209
1.331010,8.9648,24.0820,-335.9180,0,5,1.451432,372923209
1.333026,8.9648,24.0820,-335.9180,0,5,1.451432,372923209
1.334964,8.9648,24.0820,-335.9180,0,5,1.451432,372923209
1.336979,8.9648,24.0820,-335.9180,0,5,1.451432,372923209
1.339003,8.9648,24.0820,-335.9180,0,5,1.451432,372923209
1.341017,8.9648,24.0820,-335.9180,0,5,1.451432,372923209
1.342956,8.9648,24.0820,-335.9180,0,5,1.451432,372923209
1.344971,8.9648,24.0820,-335.9180,0,5,1.451432,372923209
1.346993,8.9648,24.0820,-335.9180,0,5,1.451432,372923209
1.349009,8.9648,24.0820,-335.9180,0,5,1.451432,372923209
1.351031,8.9648,24.0820,-335.9180,0,5,1.451432,372923209
1.352962,8.9648,24.0820,-335.9180,0,5,1.451432,372923209
1.354985,8.9648,24.0820,-335.9180,0,5,1.451432,372923209
1.357003,8.9648,24.0820,-335.9180,0,5,1.451432,372923209
1.359028,8.9648,24.0820,-335.9180,0,5,1.451432,372923209
1.363387,8.9648,24.0820,-335.9180,0,5,1.451432,372923209
1.363695,8.9648,24.0820,-335.9180,0,5,1.451432,372923209
1.364968,8.9648,24.0820,-335.9180,0,5,1.451432,372923209
1.367001,8.9648,24.0820,-335.9180,0,5,1.451432,372923209
1.369031,8.9648,24.0820,-335.9180,0,5,1.451432,372923209
1.370975,8.9648,24.0820,-335.9180,0,5,1.451432,372923209
1.373007,8.9648,24.0820,-335.9180,0,5,1.451432,372923209
1.375039,8.9648,24.0820,-335.9180,0,5,1.451432,372923209
1.376984,8.9648,24.0820,-335.9180,0,5,1.451432,372923209
1.379018,8.9648,24.0820,-335.9180,0,5,1.451432,372923209
1.380963,8.9648,24.0820,-335.9180,0,5,1.451432,372923209
1.382994,8.9648,24.0820,-335.9180,0,5,1.451432,372923209
1.385026,8.9648,24.0820,-335.9180,0,5,1.451432,372923209
1.386971,8.9648,24.0820,-335.9180,0,5,1.451432,372923209
1.389003,8.9648,24.0820,-335.9180,0,5,1.451432,372923209
1.391033,8.9648,24.0820,-335.9180,0,5,1.451432,372923209
1.392979,8.9648,24.0820,-335.9180,0,5,1.451432,372923209
1.395011,8.9648,24.0820,-335.9180,0,5,1.451432,372923209
1.396956,8.9648,24.0820,-335.9180,0,5,1.451432,372923209
1.398987,8.9648,24.0820,-335.9180,0,5,1.451432,372923209
1.401018,8.9648,24.0820,-335.9180,0,5,1.451432,372923209
1.402964,8.9648,24.0820,-335.9180,0,5,1.451432,372923209
1.404995,8.9648,24.0820,-335.9180,0,5,1.451432,372923209
1.407026,8.9648,24.0820,-335.9180,0,5,1.451432,372923209
1.408971,8.9648,24.0820,-335.9180,0,5,1.451432,372923209
1.411003,8.9648,24.0820,-335.9180,0,5,1.451432,372923209
1.413033,8.9648,24.0820,-335.9180,0,5,1.451432,372923209
1.414979,8.9648,24.0820,-335.9180,0,5,1.451432,372923209
1.416967,8.9648,24.0820,-335.9180,0,5,1.451432,372923209
1.419000,8.9648,24.0820,-335.9180,0,5,1.451432,372923209
1.420972,8.9648,24.0820,-335.9180,0,5,1.451432,372923209
1.423011,8.9648,24.0820,-335.9180,0,5,1.451432,372923209
1.424956,8.9648,24.0820,-335.9180,0,5,1.451432,372923209
1.426988,8.9648,24.0820,-335.9180,0,5,1.451432,372923209
1.429018,8.9648,24.0820,-335.9180,0,5,1.451432,372923209
1.430963,8.9648,24.0820,-335.9180,0,5,1.451432,372923209
1.432994,8.9648,24.0820,-335.9180,0,5,1.451432,372923209
1.435028,8.9648,24.0820,-335.9180,0,5,1.451432,372923209
1.437000,8.9648,24.0820,-335.9180,0,5,1.451432,372923209
1.438967,8.9648,24.0820,-335.9180,0,5,1.451432,372923209
1.441037,8.9648,24.0820,-335.9180,0,5,1.451432,372923209
1.442984,8.9648,24.0820,-335.9180,0,5,1.451432,372923209
1.445000,8.9648,24.0820,-335.9180,0,5,1.451432,372923209
1.447043,8.9648,24.0820,-335.9180,0,5,1.678127,373148043
1.450939,8.9648,24.0820,-335.9180,0,5,1.678127,373148043
1.451391,8.9648,24.0820,-335.9180,0,5,1.678127,373148043
1.452981,8.9648,24.0820,-335.9180,0,5,1.678127,373148043
1.454994,8.9648,24.0820,-335.9180,0,5,1.678127,373148043
1.456991,8.9648,24.0820,-335.9180,0,5,1.678127,373148043
1.459003,8.9648,24.0820,-335.9180,0,5,1.678127,373148043
1.464483,8.9648,24.0820,-335.9180,0,5,1.678127,373148043
1.464886,8.9648,24.0820,-335.9180,0,5,1.678127,373148043
1.465109,8.9648,24.0820,-335.9180,0,5,1.678127,373148043
1.467030,8.9648,24.0820,-335.9180,0,5,1.678127,373148043
1.468971,8.9648,24.0820,-335.9180,0,5,1.678127,373148043
1.470994,8.9648,24.0820,-335.9180,0,5,1.678127,373148043
1.473010,8.9648,24.0820,-335.9180,0,5,1.678127,373148043
1.475032,8.9648,24.0820,-335.9180,0,5,1.678127,373148043
1.476962,8.9648,24.0820,-335.9180,0,5,1.678127,373148043
1.478995,8.9648,24.0820,-335.9180,0,5,1.678127,373148043
1.481011,8.9648,24.0820,-335.9180,0,5,1.678127,373148043
1.483033,8.9648,24.0820,-335.9180,0,5,1.678127,373148043
1.484963,8.9648,24.0820,-335.9180,0,5,1.678127,373148043
1.486986,8.9648,24.0820,-335.9180,0,5,1.678127,373148043
1.489003,8.9648,24.0820,-335.9180,0,5,1.678127,373148043
1.491028,8.9648,24.0820,-335.9180,0,5,1.678127,373148043
1.492959,8.9648,24.0820,-335.9180,0,5,1.678127,373148043
1.494984,8.9648,24.0820,-335.9180,0,5,1.678127,373148043
1.497001,8.9648,24.0820,-335.9180,0,5,1.678127,373148043
1.499025,8.9648,24.0820,-335.9180,0,5,1.678127,373148043
1.500956,8.9648,24.0820,-335.9180,0,5,1.678127,373148043
1.502979,8.9648,24.0820,-335.9180,0,5,1.678127,373148043
1.504994,8.9648,24.0820,-335.9180,0,5,1.678127,373148043
1.507018,8.9648,24.0820,-335.9180,0,5,1.678127,373148043
1.509032,8.9648,24.0820,-335.9180,0,5,1.678127,373148043
1.510971,8.9648,24.0820,-335.9180,0,5,1.678127,373148043
1.512986,8.9648,24.2578,-335.7422,0,5,1.678127,373148043
1.515010,8.9648,24.2578,-335.7422,0,5,1.678127,373148043
1.517026,8.9648,24.2578,-335.7422,0,5,1.678127,373148043
1.519005,8.9648,24.2578,-335.7422,0,5,1.678127,373148043
1.520984,8.9648,24.2578,-335.7422,0,5,1.678127,373148043
1.523018,8.9648,24.2578,-335.7422,0,5,1.678127,373148043
1.525032,8.9648,24.2578,-335.7422,0,5,1.678127,373148043
1.526991,8.9648,24.2578,-335.7422,0,5,1.678127,373148043
1.529010,8.9648,24.2578,-335.7422,0,5,1.678127,373148043
1.531032,8.9648,24.2578,-335.7422,0,5,1.678127,373148043
1.532962,8.9648,24.2578,-335.7422,0,5,1.678127,373148043
1.534985,8.9648,24.2578,-335.7422,0,5,1.678127,373148043
1.537003,8.9648,24.2578,-335.7422,0,5,1.678127,373148043
1.539029,8.9648,24.2578,-335.7422,0,5,1.678127,373148043
1.540959,8.9648,24.2578,-335.7422,0,5,1.678127,373148043
1.542984,8.9648,24.2578,-335.7422,0,5,1.678127,373148043
1.545000,8.9648,24.2578,-335.7422,0,5,1.678127,373148043
1.547023,8.9648,24.2578,-335.7422,0,5,1.678127,373148043
1.548956,8.9648,24.2578,-335.7422,0,5,1.678127,373148043
1.550979,8.9648,24.2578,-335.7422,0,5,1.678127,373148043
1.552994,8.9648,24.2578,-335.7422,0,5,1.678127,373148043
1.555017,8.9648,24.2578,-335.7422,0,5,1.678127,373148043
1.557032,8.9648,24.2578,-335.7422,0,5,1.678127,373148043
1.558971,8.9648,24.2578,-335.7422,0,5,1.678127,373148043
1.563415,8.9648,24.2578,-335.7422,0,5,1.678127,373148043
1.563725,8.9648,24.2578,-335.7422,0,5,1.678127,373148043
1.564994,8.9648,24.2578,-335.7422,0,5,1.678127,373148043
1.567028,8.9648,24.2578,-335.7422,0,5,1.678127,373148043
1.568975,8.9648,24.2578,-335.7422,0,5,1.678127,373148043
1.571010,8.9648,24.2578,-335.7422,0,5,1.678127,373148043
1.572956,8.9648,24.2578,-335.7422,0,5,1.678127,373148043
1.574986,8.9648,24.2578,-335.7422,0,5,1.678127,373148043
1.577017,8.9648,24.2578,-335.7422,0,5,1.678127,373148043
1.578963,8.9648,24.2578,-335.7422,0,5,1.678127,373148043
1.580994,8.9648,24.2578,-335.7422,0,5,1.678127,373148043
1.583026,8.9648,24.2578,-335.7422,0,5,1.678127,373148043
1.584971,8.9648,24.2578,-335.7422,0,5,1.678127,373148043
1.587003,8.9648,24.2578,-335.7422,0,5,1.678127,373148043
1.589033,8.9648,24.2578,-335.7422,0,5,1.678127,373148043
1.590979,8.9648,24.2578,-335.7422,0,5,1.678127,373148043
1.593011,8.9648,24.2578,-335.7422,0,5,1.678127,373148043
1.594956,8.9648,24.2578,-335.7422,0,5,1.678127,373148043
1.596987,8.9648,24.2578,-335.7422,0,5,1.678127,373148043
1.599018,8.9648,24.2578,-335.7422,0,5,1.678127,373148043
1.600964,8.9648,24.2578,-335.7422,0,5,1.678127,373148043
1.602995,8.9648,24.4336,-335.5664,0,5,1.678127,373148043
1.605026,8.9648,24.4336,-335.5664,0,5,1.678127,373148043
1.606971,8.9648,24.4336,-335.5664,0,5,1.678127,373148043
1.609003,8.9648,24.4336,-335.5664,0,5,1.678127,373148043
1.611033,8.9648,24.4336,-335.5664,0,5,1.678127,373148043
1.612979,8.9648,24.4336,-335.5664,0,5,1.678127,373148043
1.615011,8.9648,24.4336,-335.5664,0,5,1.678127,373148043
1.616956,8.9648,24.4336,-335.5664,0,5,1.678127,373148043
1.618987,8.9648,24.4336,-335.5664,0,5,1.678127,373148043
1.620972,8.9648,24.4336,-335.5664,0,5,1.678127,373148043
1.623015,8.9648,24.4336,-335.5664,0,5,1.678127,373148043
1.624979,8.9648,24.4336,-335.5664,0,5,1.678127,373148043
1.627011,8.9648,24.4336,-335.5664,0,5,1.678127,373148043
1.628956,8.9648,24.4336,-335.5664,0,5,1.678127,373148043
1.630987,8.9648,24.4336,-335.5664,0,5,1.678127,373148043
1.633018,8.9648,24.4336,-335.5664,0,5,1.678127,373148043
1.634964,8.9648,24.4336,-335.5664,0,5,1.678127,373148043
1.636995,8.9648,24.4336,-335.5664,0,5,1.678127,373148043
1.639026,8.9648,24.4336,-335.5664,0,5,1.678127,373148043
1.640971,8.9648,24.4336,-335.5664,0,5,1.678127,373148043
1.643003,8.9648,24.4336,-335.5664,0,5,1.678127,373148043
1.645033,8.9648,24.4336,-335.5664,0,5,1.678127,373148043
1.646979,8.9648,24.4336,-335.5664,0,5,1.678127,373148043
1.649011,8.9648,24.4336,-335.5664,0,5,1.678127,373148043
1.650956,8.9648,24.4336,-335.5664,0,5,1.678127,373148043
1.652987,8.9648,24.4336,-335.5664,0,5,1.678127,373148043
1.655018,8.9648,24.4336,-335.5664,0,5,1.678127,373148043
1.656964,8.9648,24.4336,-335.5664,0,5,1.678127,373148043
1.658995,8.9648,24.4336,-335.5664,0,5,1.678127,373148043
1.663385,8.9648,24.4336,-335.5664,0,5,1.678127,373148043
1.663689,8.9648,24.4336,-335.5664,0,5,1.678127,373148043
1.665010,8.9648,24.4336,-335.5664,0,5,1.678127,373148043
1.667022,8.9648,24.4336,-335.5664,0,5,1.678127,373148043
1.669016,8.9648,24.4336,-335.5664,0,5,1.678127,373148043
1.670963,8.9648,24.4336,-335.5664,0,5,1.678127,373148043
1.675346,8.9648,24.4336,-335.5664,0,5,1.909575,373378798
1.676013,8.9648,24.4336,-335.5664,0,5,1.909575,373378798
1.677004,8.9648,24.4336,-335.5664,0,5,1.909575,373378798
1.679038,8.9648,24.4336,-335.5664,0,5,1.909575,373378798
1.681015,8.9648,24.4336,-335.5664,0,5,1.909575,373378798
1.683005,8.9648,24.4336,-335.5664,0,5,1.909575,373378798
1.685007,8.9648,24.4336,-335.5664,0,5,1.909575,373378798
1.687460,8.9648,24.4336,-335.5664,0,5,1.909575,373378798
1.689024,8.9648,24.4336,-335.5664,0,5,1.909575,373378798
1.690992,8.9648,24.4336,-335.5664,0,5,1.909575,373378798
1.693023,8.9648,24.4336,-335.5664,0,5,1.909575,373378798
1.695005,8.9648,24.4336,-335.5664,0,5,1.909575,373378798
1.697027,8.9648,24.4336,-335.5664,0,5,1.909575,373378798
1.698972,8.9648,24.4336,-335.5664,0,5,1.909575,373378798
1.701004,8.9648,24.4336,-335.5664,0,5,1.909575,373378798
1.703034,8.9648,24.4336,-335.5664,0,5,1.909575,373378798
1.704979,8.9648,24.4336,-335.5664,0,5,1.909575,373378798
1.707011,8.9648,24.4336,-335.5664,0,5,1.909575,373378798
1.708956,8.9648,24.4336,-335.5664,0,5,1.909575,373378798
1.710988,8.9648,24.4336,-335.5664,0,5,1.909575,373378798
1.713018,8.9648,24.4336,-335.5664,0,5,1.909575,373378798
1.714964,8.9648,24.4336,-335.5664,0,5,1.909575,373378798
1.717039,8.9648,0.0000,0.0000,0,5,1.909575,373378798
1.718961,8.9648,0.0000,0.0000,-59,5,1.909575,373378798
1.721039,8.9648,0.0000,0.0000,-59,5,1.909575,373378798
1.722963,8.9648,-0.1758,-0.1758,-59,5,1.909575,373378798
1.725036,8.9648,-0.1758,-0.1758,-59,5,1.909575,373378798
1.727036,8.9648,-0.1758,-0.1758,-59,5,1.909575,373378798
1.728967,8.9648,-0.3516,-0.3516,-59,5,1.909575,373378798
1.730966,9.1406,-0.3516,-0.3516,-59,5,1.909575,373378798
1.732962,9.1406,-0.3516,-0.3516,-59,5,1.909575,373378798
1.734962,9.1406,-0.5273,-0.5273,-59,5,1.909575,373378798
1.736959,9.3164,-0.5273,-0.5273,-59,5,1.909575,373378798
1.739040,9.4922,-0.7031,-0.7031,-59,5,1.909575,373378798
1.740994,9.4922,-0.7031,-0.7031,-59,5,1.909575,373378798
1.742975,9.6680,-0.8789,-0.8789,-59,5,1.909575,373378798
1.744959,9.6680,-1.0547,-1.0547,-59,5,1.909575,373378798
1.747026,9.8438,-1.0547,-1.0547,-59,5,1.909575,373378798
1.749009,10.0195,-1.2305,-1.2305,-59,5,1.909575,373378798
1.750990,10.1953,-1.4062,-1.4062,-59,5,1.909575,373378798
1.752975,10.3711,-1.5820,-1.5820,-59,5,1.909575,373378798
1.754956,10.3711,-1.7578,-1.7578,-59,5,1.909575,373378798
1.757026,10.5469,-1.9336,-1.9336,-59,5,1.909575,373378798
1.759003,10.7227,-2.1094,-2.1094,-59,5,1.909575,373378798
1.763888,11.2500,-2.6367,-2.6367,-59,5,1.909575,373378798
1.764391,11.2500,-2.6367,-2.6367,-59,5,1.909575,373378798
1.765015,11.4258,-2.6367,-2.6367,-59,5,1.909575,373378798
1.766993,11.6016,-2.8125,-2.8125,-59,5,1.909575,373378798
1.768979,11.7773,-3.1641,-3.1641,-59,5,1.909575,373378798
1.770959,11.9531,-3.3398,-3.3398,-59,5,1.909575,373378798
1.773030,12.3047,-3.5156,-3.5156,-59,5,1.909575,373378798
1.775010,12.4805,-3.8672,-3.8672,-59,5,1.909575,373378798
1.776992,12.8320,-4.0430,-4.0430,-59,5,1.909575,373378798
1.778968,13.0078,-4.2188,-4.2188,-59,5,1.909575,373378798
1.781039,13.1836,-4.5703,-4.5703,-59,5,1.909575,373378798
1.783017,13.5352,-4.7461,-4.7461,-59,5,1.909575,373378798
1.785000,13.8867,-5.0977,-5.0977,-59,5,1.909575,373378798
1.786993,14.0625,-5.2734,-5.2734,-59,5,1.909575,373378798
1.788975,14.4141,-5.6250,-5.6250,-59,5,1.909575,373378798
1.790956,14.5898,-5.8008,-5.8008,-59,5,1.909575,373378798
1.793026,14.9414,-6.1523,-6.1523,-59,5,1.909575,373378798
1.795007,15.2930,-6.3281,-6.3281,-59,5,1.909575,373378798
1.796988,15.6445,-6.6797,-6.6797,-59,5,1.909575,373378798
1.798968,15.9961,-7.0312,-7.0312,-59,5,1.909575,373378798
1.801039,16.1719,-7.2070,-7.2070,-59,5,1.909575,373378798
1.803017,16.5234,-7.5586,-7.5586,-59,5,1.909575,373378798
1.805000,16.8750,-7.7344,-7.7344,-59,5,1.909575,373378798
1.806993,17.2266,-8.0859,-8.0859,-59,5,1.909575,373378798
1.808979,17.5781,-8.4375,-8.4375,-59,5,1.909575,373378798
1.810959,17.9297,-8.7891,-8.7891,-59,5,1.909575,373378798
1.813030,18.2812,-8.9648,-8.9648,-59,5,1.909575,373378798
1.815010,18.6328,-9.3164,-9.3164,-59,5,1.909575,373378798
1.816992,18.9844,-9.6680,-9.6680,-59,5,1.909575,373378798
1.818968,19.3359,-9.8438,-9.8438,-59,5,1.909575,373378798
1.821039,19.6875,-10.1953,-10.1953,-59,5,1.909575,373378798
1.823027,20.0391,-10.5469,-10.5469,-59,5,1.909575,373378798
1.825040,20.3906,-10.8984,-10.8984,-59,5,1.909575,373378798
1.826990,20.7422,-11.0742,-11.0742,-59,5,1.909575,373378798
1.828990,21.0938,-11.4258,-11.4258,-59,5,1.909575,373378798
1.830968,21.6211,-11.6016,-11.6016,-59,5,1.909575,373378798
1.833039,21.9727,-11.9531,-11.9531,-59,5,1.909575,373378798
1.835017,22.3242,-12.3047,-12.3047,-59,5,1.909575,373378798
1.837000,22.6758,-12.4805,-12.4805,-59,5,1.909575,373378798
1.838979,23.0273,-12.6562,-12.6562,-59,5,1.909575,373378798
1.840963,23.3789,-13.0078,-13.0078,-59,5,1.909575,373378798
1.843030,23.9062,-13.3594,-13.3594,-59,5,1.909575,373378798
1.845011,24.2578,-13.5352,-13.5352,-59,5,1.909575,373378798
1.846988,24.6094,-13.8867,-13.8867,-59,5,1.909575,373378798
1.848984,25.1367,-14.0625,-14.0625,-59,5,1.909575,373378798
1.850963,25.4883,-14.4141,-14.4141,-59,5,1.909575,373378798
1.853031,25.8398,-14.5898,-14.5898,-59,5,1.909575,373378798
1.855010,26.1914,-14.7656,-14.7656,-59,5,1.909575,373378798
1.856992,26.5430,-15.1172,-15.1172,-58,5,1.909575,373378798
1.858968,27.0703,-15.2930,-15.2930,-58,5,1.909575,373378798
1.863452,27.9492,-15.8203,-15.8203,-58,5,1.909575,373378798
1.863896,27.9492,-15.8203,-15.8203,-58,5,1.909575,373378798
1.864958,28.3008,-15.8203,-15.8203,-58,5,1.909575,373378798
1.867023,28.6523,-15.9961,-15.9961,-58,5,1.909575,373378798
1.869030,29.0039,-16.1719,-16.1719,-58,5,1.909575,373378798
1.871010,29.3555,-16.5234,-16.5234,-58,5,1.909575,373378798
1.872992,29.8828,-16.6992,-16.6992,-58,5,1.909575,373378798
1.874968,30.2344,-16.8750,-16.8750,-58,5,1.909575,373378798
1.877039,30.7617,-17.0508,-17.0508,-58,5,1.909575,373378798
1.879018,31.1133,-17.2266,-17.2266,-58,5,1.909575,373378798
1.881000,31.4648,-17.4023,-17.4023,-58,5,1.909575,373378798
1.882979,31.8164,-17.4023,-17.4023,-58,5,1.909575,373378798
1.884963,32.3438,-17.5781,-17.5781,-58,5,1.909575,373378798
1.887030,32.6953,-17.7539,-17.7539,-58,5,1.909575,373378798
1.889029,33.0469,-17.9297,-17.9297,-58,5,1.909575,373378798
1.891010,33.5742,-17.9297,-17.9297,-58,5,1.909575,373378798
1.892993,33.9258,-18.1055,-18.1055,-58,5,1.909575,373378798
1.894995,34.2773,-18.1055,-18.1055,-58,5,1.909575,373378798
1.897007,34.6289,-18.2812,-18.2812,-58,5,1.909575,373378798
1.899016,35.1562,-18.2812,-18.2812,-58,5,1.909575,373378798
1.900978,35.5078,-18.4570,-18.4570,-58,5,1.909575,373378798
1.905951,36.5625,-18.6328,-18.6328,-58,5,2.165927,373623612
1.907211,36.7383,-18.6328,-18.6328,-58,5,2.165927,373623612
1.907878,36.9141,-18.6328,-18.6328,-58,5,2.165927,373623612
1.909003,37.0898,-18.6328,-18.6328,-58,5,2.165927,373623612
1.910993,37.6172,-18.6328,-18.6328,-58,5,2.165927,373623612
1.912965,37.9688,-18.6328,-18.6328,-57,5,2.165927,373623612
1.915011,38.3203,-18.8086,-18.8086,-57,5,2.165927,373623612
1.917034,38.8477,-18.8086,-18.8086,-57,5,2.165927,373623612
1.919570,39.1992,-18.8086,-18.8086,-57,5,2.165927,373623612
1.920959,39.5508,-18.8086,-18.8086,-57,5,2.165927,373623612
1.923015,39.9023,-18.8086,-18.8086,-57,5,2.165927,373623612
1.924967,40.4297,-18.8086,-18.8086,-57,5,2.165927,373623612
1.926975,40.7812,-18.6328,-18.6328,-57,5,2.165927,373623612
1.929034,41.3086,-18.6328,-18.6328,-57,5,2.165927,373623612
1.931033,41.6602,-18.6328,-18.6328,-57,5,2.165927,373623612
1.933023,42.0117,-18.6328,-18.6328,-57,5,2.165927,373623612
1.934966,42.3633,-18.4570,-18.4570,-57,5,2.165927,373623612
1.936956,42.7148,-18.4570,-18.4570,-57,5,2.165927,373623612
1.939030,43.2422,-18.2812,-18.2812,-57,5,2.165927,373623612
1.941018,43.5938,-18.2812,-18.2812,-57,5,2.165927,373623612
1.943003,44.1211,-18.1055,-18.1055,-57,5,2.165927,373623612
1.944992,44.4727,-18.1055,-18.1055,-57,5,2.165927,373623612
1.946976,44.8242,-17.9297,-17.9297,-57,5,2.165927,373623612
1.948963,45.1758,-17.9297,-17.9297,-57,5,2.165927,373623612
1.951039,45.7031,-17.7539,-17.7539,-57,5,2.165927,373623612
1.952956,45.8789,-17.5781,-17.5781,57,5,2.165927,373623612
1.955030,46.4062,-17.4023,-17.4023,57,5,2.165927,373623612
1.957018,46.7578,-17.2266,-17.2266,56,5,2.165927,373623612
1.959003,47.1094,-17.0508,-17.0508,56,5,2.165927,373623612
1.963980,47.8125,-16.3477,-16.3477,56,5,2.165927,373623612
1.964532,47.9883,-16.3477,-16.3477,56,5,2.165927,373623612
1.964988,47.9883,-16.1719,-16.1719,56,5,2.165927,373623612
1.966976,48.3398,-15.9961,-15.9961,56,5,2.165927,373623612
1.968963,48.5156,-15.6445,-15.6445,56,5,2.165927,373623612
1.971039,48.8672,-15.2930,-15.2930,56,5,2.165927,373623612
1.972962,49.0430,-14.9414,-14.9414,56,5,2.165927,373623612
1.975039,49.2188,-14.5898,-14.5898,56,5,2.165927,373623612
1.977026,49.5703,-14.0625,-14.0625,56,5,2.165927,373623612
1.979015,49.7461,-13.7109,-13.7109,56,5,2.165927,373623612
1.981000,49.9219,-13.1836,-13.1836,56,5,2.165927,373623612
1.982990,49.9219,-12.6562,-12.6562,56,5,2.165927,373623612
1.984976,50.0977,-12.3047,-12.3047,56,5,2.165927,373623612
1.986963,50.2734,-11.6016,-11.6016,56,5,2.165927,373623612
1.989039,50.4492,-11.0742,-11.0742,56,5,2.165927,373623612
1.991026,50.4492,-10.5469,-10.5469,56,5,2.165927,373623612
1.993015,50.4492,-9.8438,-9.8438,56,5,2.165927,373623612
1.995018,50.6250,-9.3164,-9.3164,56,5,2.165927,373623612
1.997003,50.6250,-8.6133,-8.6133,56,5,2.165927,373623612
1.998992,50.6250,-8.0859,-8.0859,56,5,2.165927,373623612
2.000976,50.6250,-7.3828,-7.3828,56,5,2.165927,373623612
2.002963,50.6250,-6.6797,-6.6797,56,5,2.165927,373623612
2.005039,50.6250,-5.9766,-5.9766,56,5,2.165927,373623612
2.007026,50.6250,-5.0977,-5.0977,56,5,2.165927,373623612
2.009015,50.6250,-4.3945,-4.3945,56,5,2.165927,373623612
2.011000,50.6250,-3.5156,-3.5156,56,5,2.165927,373623612
2.012990,50.4492,-2.8125,-2.8125,56,5,2.165927,373623612
2.014976,50.4492,-2.1094,-2.1094,56,5,2.165927,373623612
2.016976,50.2734,-1.2305,-1.2305,56,5,2.165927,373623612
2.018963,50.2734,-0.3516,-0.3516,56,5,2.165927,373623612
2.021039,50.0977,0.3516,0.3516,56,5,2.165927,373623612
2.023037,49.9219,1.2305,1.2305,56,5,2.165927,373623612
2.025025,49.7461,2.1094,2.1094,56,5,2.165927,373623612
2.027015,49.7461,2.9883,2.9883,56,5,2.165927,373623612
2.029000,49.5703,3.8672,3.8672,56,5,2.165927,373623612
2.031029,49.3945,4.7461,4.7461,56,5,2.165927,373623612
2.033031,49.2188,5.6250,5.6250,56,5,2.165927,373623612
2.035018,49.0430,6.5039,6.5039,56,5,2.165927,373623612
2.037021,48.8672,7.3828,7.3828,56,5,2.165927,373623612
2.039010,48.6914,8.2617,8.2617,56,5,2.165927,373623612
2.040995,48.5156,9.1406,9.1406,56,5,2.165927,373623612
2.042979,48.3398,10.0195,10.0195,56,5,2.165927,373623612
2.044968,48.1641,10.8984,10.8984,56,5,2.165927,373623612
2.046956,47.8125,11.6016,11.6016,56,5,2.165927,373623612
2.049030,47.6367,12.6562,12.6562,56,5,2.165927,373623612
2.051018,47.6367,13.5352,13.5352,56,5,2.165927,373623612
2.053003,47.2852,14.2383,14.2383,56,5,2.165927,373623612
2.054992,47.1094,15.1172,15.1172,56,5,2.165927,373623612
2.056975,46.9336,15.9961,15.9961,56,5,2.165927,373623612
2.058976,46.7578,16.8750,16.8750,56,5,2.165927,373623612
2.063664,46.2305,18.6328,18.6328,56,5,2.165927,373623612
2.064145,46.2305,18.9844,18.9844,56,5,2.165927,373623612
2.065029,46.2305,19.3359,19.3359,56,5,2.165927,373623612
2.067017,46.0547,20.0391,20.0391,56,5,2.165927,373623612
2.069003,45.8789,20.7422,20.7422,56,5,2.165927,373623612
2.070992,45.7031,21.6211,21.6211,57,5,2.165927,373623612
2.072979,45.5273,22.3242,22.3242,57,5,2.165927,373623612
2.074967,45.3516,23.0273,23.0273,57,5,2.165927,373623612
2.076956,45.1758,23.9062,23.9062,57,5,2.165927,373623612
2.079029,45.0000,24.6094,24.6094,57,5,2.165927,373623612
2.081033,44.8242,25.3125,25.3125,57,5,2.165927,373623612
2.083022,44.6484,26.0156,26.0156,57,5,2.165927,373623612
2.085010,44.4727,26.5430,26.5430,57,5,2.165927,373623612
2.086996,44.2969,27.2461,27.2461,57,5,2.165927,373623612
2.088979,44.1211,27.7734,27.7734,57,5,2.165927,373623612
2.090967,44.1211,28.4766,28.4766,57,5,2.165927,373623612
2.092956,43.9453,29.0039,29.0039,57,5,2.165927,373623612
2.095029,43.7695,29.7070,29.7070,57,5,2.165927,373623612
2.097017,43.5938,30.2344,30.2344,57,5,2.165927,373623612
2.099003,43.4180,30.7617,30.7617,57,5,2.165927,373623612
2.100992,43.4180,31.2891,31.2891,57,5,2.165927,373623612
2.102992,43.2422,31.8164,31.8164,57,5,2.165927,373623612
2.104979,43.0664,32.3438,32.3438,57,5,2.165927,373623612
2.106968,42.8906,32.8711,32.8711,57,5,2.165927,373623612
2.108956,42.8906,33.3984,33.3984,57,5,2.165927,373623612
2.111030,42.7148,33.7500,33.7500,57,5,2.165927,373623612
2.113018,42.5391,34.2773,34.2773,57,5,2.165927,373623612
2.115003,42.5391,34.6289,34.6289,57,5,2.165927,373623612
2.116992,42.3633,35.1562,35.1562,57,5,2.165927,373623612
2.118976,42.1875,35.5078,35.5078,57,5,2.165927,373623612
2.120963,42.1875,35.8594,35.8594,57,5,2.165927,373623612
2.122968,42.0117,36.2109,36.2109,57,5,2.165927,373623612
2.124995,42.0117,36.5625,36.5625,57,5,2.165927,373623612
2.127028,41.8359,36.7383,36.7383,57,5,2.165927,373623612
2.128969,41.8359,37.0898,37.0898,57,5,2.165927,373623612
2.130959,41.6602,37.4414,37.4414,57,5,2.165927,373623612
2.132963,41.4844,37.6172,37.6172,57,5,2.165927,373623612
2.135008,41.4844,37.9688,37.9688,57,5,2.165927,373623612
2.137014,41.3086,38.1445,38.1445,57,5,2.165927,373623612
2.139025,41.3086,38.3203,38.3203,57,5,2.165927,373623612
2.141015,41.3086,38.4961,38.4961,57,5,2.165927,373623612
2.143027,41.1328,38.6719,38.6719,57,5,2.165927,373623612
2.144980,41.1328,38.8477,38.8477,57,5,2.165927,373623612
2.147323,40.9570,38.8477,38.8477,57,5,2.417566,373882467
2.151854,40.7812,39.0234,39.0234,57,5,2.417566,373882467
2.152459,40.7812,39.0234,39.0234,57,5,2.417566,373882467
2.153002,40.7812,39.1992,39.1992,57,5,2.417566,373882467
2.155418,40.6055,39.1992,39.1992,57,5,2.417566,373882467
2.157007,40.6055,39.1992,39.1992,57,5,2.417566,373882467
2.158994,40.6055,39.3750,39.3750,57,5,2.417566,373882467
2.164273,40.2539,39.1992,39.1992,57,5,2.417566,373882467
2.164936,40.2539,39.1992,39.1992,57,5,2.417566,373882467
2.165294,40.2539,39.1992,39.1992,57,5,2.417566,373882467
2.167021,40.2539,39.1992,39.1992,57,5,2.417566,373882467
2.169028,40.0781,39.0234,39.0234,57,5,2.417566,373882467
2.171017,40.0781,39.0234,39.0234,57,5,2.417566,373882467
2.173037,40.0781,38.8477,38.8477,57,5,2.417566,373882467
2.174964,39.9023,38.6719,38.6719,57,5,2.417566,373882467
2.177009,39.9023,38.6719,38.6719,57,5,2.417566,373882467
2.178994,39.9023,38.3203,38.3203,57,5,2.417566,373882467
2.181008,39.7266,38.1445,38.1445,57,5,2.417566,373882467
2.182994,39.7266,37.9688,37.9688,57,5,2.417566,373882467
2.185062,39.7266,37.7930,37.7930,57,5,2.417566,373882467
2.187004,39.5508,37.4414,37.4414,-11,5,2.417566,373882467
2.188992,39.5508,37.2656,37.2656,-11,5,2.417566,373882467
2.190976,39.5508,36.9141,36.9141,-11,5,2.417566,373882467
2.192963,39.5508,36.7383,36.7383,-11,5,2.417566,373882467
2.195039,39.5508,36.2109,36.2109,-11,5,2.417566,373882467
2.197028,39.5508,36.0352,36.0352,-11,5,2.417566,373882467
2.199017,39.3750,35.5078,35.5078,-11,5,2.417566,373882467
2.201004,39.3750,35.1562,35.1562,-12,5,2.417566,373882467
2.202992,39.3750,34.8047,34.8047,-12,5,2.417566,373882467
2.204976,39.3750,34.2773,34.2773,-12,5,2.417566,373882467
2.206963,39.3750,33.7500,33.7500,-12,5,2.417566,373882467
2.208965,39.5508,33.2227,33.2227,-57,5,2.417566,373882467
2.211039,39.5508,32.6953,32.6953,-57,5,2.417566,373882467
2.213028,39.7266,32.1680,32.1680,-57,5,2.417566,373882467
2.215018,39.7266,31.6406,31.6406,-57,5,2.417566,373882467
2.217004,39.9023,30.9375,30.9375,-57,5,2.417566,373882467
2.218992,39.9023,30.4102,30.4102,-57,5,2.417566,373882467
2.220975,40.0781,29.7070,29.7070,-57,5,2.417566,373882467
2.222979,40.2539,29.0039,29.0039,-57,5,2.417566,373882467
2.224968,40.4297,28.3008,28.3008,-57,5,2.417566,373882467
2.226956,40.6055,27.5977,27.5977,-57,5,2.417566,373882467
2.229030,40.7812,26.7188,26.7188,-57,5,2.417566,373882467
2.231030,40.9570,26.0156,26.0156,-57,5,2.417566,373882467
2.233017,41.3086,25.1367,25.1367,-57,5,2.417566,373882467
2.234956,41.4844,24.2578,24.2578,-57,5,2.417566,373882467
2.236971,41.8359,23.3789,23.3789,-57,5,2.417566,373882467
2.238959,42.0117,22.5000,22.5000,-57,5,2.417566,373882467
2.240963,42.3633,21.4453,21.4453,-57,5,2.417566,373882467
2.243039,42.7148,20.3906,20.3906,-57,5,2.417566,373882467
2.244961,43.0664,19.5117,19.5117,-57,5,2.417566,373882467
2.247033,43.4180,18.4570,18.4570,-57,5,2.417566,373882467
2.249021,43.7695,17.4023,17.4023,-57,5,2.417566,373882467
2.251010,44.1211,16.3477,16.3477,-57,5,2.417566,373882467
2.253010,44.6484,15.1172,15.1172,-57,5,2.417566,373882467
2.254994,45.0000,14.0625,14.0625,-57,5,2.417566,373882467
2.256979,45.5273,12.8320,12.8320,-57,5,2.417566,373882467
2.258968,45.8789,11.7773,11.7773,-57,5,2.417566,373882467
2.263565,47.1094,8.9648,8.9648,-57,5,2.417566,373882467
2.264050,47.2852,8.6133,8.6133,-56,5,2.417566,373882467
2.265022,47.6367,8.0859,8.0859,-56,5,2.417566,373882467
2.267010,47.9883,6.6797,6.6797,-56,5,2.417566,373882467
2.268994,48.6914,5.4492,5.4492,-56,5,2.417566,373882467
2.270979,49.2188,4.2188,4.2188,-56,5,2.417566,373882467
2.272968,49.7461,2.8125,2.8125,-56,5,2.417566,373882467
2.274976,50.4492,1.5820,1.5820,-56,5,2.417566,373882467
2.276963,50.9766,0.1758,0.1758,-54,5,2.417566,373882467
2.279039,51.6797,-1.2305,-1.2305,-53,5,2.417566,373882467
2.281028,52.2070,-2.4609,-2.4609,-50,5,2.417566,373882467
2.283017,52.9102,-3.8672,-3.8672,-49,5,2.417566,373882467
2.285004,53.4375,-5.2734,-5.2734,-47,5,2.417566,373882467
2.286992,53.9648,-6.5039,-6.5039,-45,5,2.417566,373882467
2.288976,54.6680,-7.9102,-7.9102,-44,5,2.417566,373882467
2.290963,55.1953,-9.1406,-9.1406,-41,5,2.417566,373882467
2.293039,55.8984,-10.5469,-10.5469,-40,5,2.417566,373882467
2.295039,56.4258,-11.7773,-11.7773,-38,5,2.417566,373882467
2.297028,56.9531,-13.1836,-13.1836,-37,5,2.417566,373882467
2.299017,57.4805,-14.4141,-14.4141,-36,5,2.417566,373882467
2.301004,58.1836,-15.6445,-15.6445,-34,5,2.417566,373882467
2.302992,58.7109,-16.8750,-16.8750,-32,5,2.417566,373882467
2.304975,59.0625,-17.9297,-17.9297,-30,5,2.417566,373882467
2.306963,59.5898,-19.1602,-19.1602,-29,5,2.417566,373882467
2.309039,60.1172,-20.3906,-20.3906,-28,5,2.417566,373882467
2.311028,60.6445,-21.4453,-21.4453,-26,5,2.417566,373882467
2.313018,60.9961,-22.5000,-22.5000,-25,5,2.417566,373882467
2.315004,61.5234,-23.7305,-23.7305,-24,5,2.417566,373882467
2.317004,61.8750,-24.6094,-24.6094,-22,5,2.417566,373882467
2.318992,62.2266,-25.6641,-25.6641,-21,5,2.417566,373882467
2.320976,62.5781,-26.7188,-26.7188,-20,5,2.417566,373882467
2.322972,63.1055,-27.7734,-27.7734,-20,5,2.417566,373882467
2.324959,63.2812,-28.6523,-28.6523,-18,5,2.417566,373882467
2.327030,63.8086,-29.5312,-29.5312,-18,5,2.417566,373882467
2.329017,63.9844,-30.4102,-30.4102,-16,5,2.417566,373882467
2.331004,64.3359,-31.2891,-31.2891,-16,5,2.417566,373882467
2.332992,64.6875,-32.1680,-32.1680,-14,5,2.417566,373882467
2.334976,64.8633,-32.8711,-32.8711,-13,5,2.417566,373882467
2.336970,65.2148,-33.7500,-33.7500,-13,5,2.417566,373882467
2.339039,65.3906,-34.4531,-34.4531,-12,5,2.417566,373882467
2.341028,65.7422,-35.1562,-35.1562,-11,5,2.417566,373882467
2.343018,65.9180,-35.8594,-35.8594,-10,5,2.417566,373882467
2.345004,66.0938,-36.5625,-36.5625,-10,5,2.417566,373882467
2.346993,66.2695,-37.2656,-37.2656,-9,5,2.417566,373882467
2.348992,66.4453,-37.7930,-37.7930,-9,5,2.417566,373882467
2.350979,66.6211,-38.4961,-38.4961,-9,5,2.417566,373882467
2.352968,66.7969,-39.0234,-39.0234,-9,5,2.417566,373882467
2.354956,66.9727,-39.5508,-39.5508,-8,5,2.417566,373882467
2.357030,67.1484,-40.0781,-40.0781,-8,5,2.417566,373882467
2.359030,67.3242,-40.6055,-40.6055,-7,5,2.417566,373882467
2.363522,67.5000,-41.6602,-41.6602,-7,5,2.417566,373882467
2.363978,67.5000,-41.8359,-41.8359,-6,5,2.417566,373882467
2.364961,67.6758,-42.0117,-42.0117,-6,5,2.417566,373882467
2.367033,67.6758,-42.3633,-42.3633,-5,5,2.417566,373882467
2.369022,67.8516,-42.7148,-42.7148,-5,5,2.417566,373882467
2.371010,67.8516,-43.0664,-43.0664,-5,5,2.417566,373882467
2.372994,68.0273,-43.4180,-43.4180,-5,5,2.417566,373882467
2.374979,68.0273,-43.5938,-43.5938,-4,5,2.417566,373882467
2.376968,68.0273,-43.9453,-43.9453,-4,5,2.417566,373882467
2.378956,68.0273,-44.1211,-44.1211,-4,5,2.417566,373882467
2.380968,68.0273,-44.2969,-44.2969,-4,5,2.417566,373882467
2.382956,68.2031,-44.6484,-44.6484,-4,5,2.417566,373882467
2.385030,68.2031,-44.6484,-44.6484,-4,5,2.417566,373882467
2.386988,68.2031,-44.8242,-44.8242,-4,5,2.417566,373882467
2.388999,68.2031,-45.0000,-45.0000,-4,5,2.417566,373882467
2.391001,68.2031,-45.0000,-45.0000,-4,5,2.417566,373882467
2.392965,68.2031,-45.1758,-45.1758,-4,5,2.417566,373882467
2.395007,68.2031,-45.1758,-45.1758,-4,5,2.417566,373882467
2.397022,68.2031,-45.1758,-45.1758,-4,5,2.417566,373882467
2.399030,68.2031,-45.1758,-45.1758,-4,5,2.417566,373882467
2.400971,68.0273,-45.1758,-45.1758,-4,5,2.417566,373882467
2.403015,68.0273,-45.0000,-45.0000,-4,5,2.417566,373882467
2.404987,68.0273,-45.0000,-45.0000,-4,5,2.417566,373882467
2.409671,67.8516,-44.6484,-44.6484,-4,5,2.665162,374129718
2.410943,67.8516,-44.6484,-44.6484,-5,5,2.665162,374129718
2.411459,67.6758,-44.4727,-44.4727,-5,5,2.665162,374129718
2.412990,67.6758,-44.2969,-44.2969,-5,5,2.665162,374129718
2.415075,67.5000,-44.1211,-44.1211,-5,5,2.665162,374129718
2.417010,67.5000,-43.9453,-43.9453,-6,5,2.665162,374129718
2.418975,67.3242,-43.5938,-43.5938,-6,5,2.665162,374129718
2.421026,67.3242,-43.4180,-43.4180,-7,5,2.665162,374129718
2.423006,67.1484,-43.0664,-43.0664,53,5,2.665162,374129718
2.425040,66.9727,-42.7148,-42.7148,53,5,2.665162,374129718
2.427030,66.7969,-42.1875,-42.1875,53,5,2.665162,374129718
2.429023,66.6211,-41.8359,-41.8359,53,5,2.665162,374129718
2.430967,66.4453,-41.4844,-41.4844,54,5,2.665162,374129718
2.433040,66.2695,-40.9570,-40.9570,54,5,2.665162,374129718
2.435023,66.0938,-40.6055,-40.6055,54,5,2.665162,374129718
2.437029,65.9180,-39.9023,-39.9023,54,5,2.665162,374129718
2.439026,65.5664,-39.3750,-39.3750,54,5,2.665162,374129718
2.441007,65.3906,-38.8477,-38.8477,54,5,2.665162,374129718
2.442992,65.2148,-38.3203,-38.3203,54,5,2.665162,374129718
2.444992,64.8633,-37.6172,-37.6172,54,5,2.665162,374129718
2.446980,64.5117,-36.9141,-36.9141,54,5,2.665162,374129718
2.448985,64.1602,-36.3867,-36.3867,54,5,2.665162,374129718
2.450971,63.8086,-35.5078,-35.5078,54,5,2.665162,374129718
2.452959,63.6328,-34.8047,-34.8047,54,5,2.665162,374129718
2.455031,63.1055,-34.1016,-34.1016,54,5,2.665162,374129718
2.457018,62.7539,-33.2227,-33.2227,54,5,2.665162,374129718
2.459003,62.4023,-32.3438,-32.3438,54,5,2.665162,374129718
2.463980,61.3477,-30.0586,-30.0586,54,5,2.665162,374129718
2.464543,61.1719,-29.8828,-29.8828,54,5,2.665162,374129718
2.464995,60.9961,-29.5312,-29.5312,54,5,2.665162,374129718
2.466979,60.4688,-28.6523,-28.6523,54,5,2.665162,374129718
2.468968,60.1172,-27.7734,-27.7734,54,5,2.665162,374129718
2.470956,59.5898,-26.7188,-26.7188,55,5,2.665162,374129718
2.473030,58.8867,-25.6641,-25.6641,55,5,2.665162,374129718
2.475018,58.3594,-24.4336,-24.4336,55,5,2.665162,374129718
2.477003,57.8320,-23.3789,-23.3789,55,5,2.665162,374129718
2.478992,57.1289,-22.1484,-22.1484,55,5,2.665162,374129718
2.480976,56.4258,-20.9180,-20.9180,55,5,2.665162,374129718
2.482963,55.7227,-19.6875,-19.6875,55,5,2.665162,374129718
2.485039,55.0195,-18.4570,-18.4570,55,5,2.665162,374129718
2.487039,54.3164,-17.2266,-17.2266,55,5,2.665162,374129718
2.489026,53.6133,-15.8203,-15.8203,55,5,2.665162,374129718
2.491015,52.9102,-14.5898,-14.5898,55,5,2.665162,374129718
2.493000,52.0312,-13.1836,-13.1836,56,5,2.665162,374129718
2.494990,51.1523,-11.7773,-11.7773,56,5,2.665162,374129718
2.496976,50.4492,-10.3711,-10.3711,56,5,2.665162,374129718
2.498963,49.5703,-8.9648,-8.9648,56,5,2.665162,374129718
2.501039,48.5156,-7.3828,-7.3828,56,5,2.665162,374129718
2.503026,47.6367,-5.9766,-5.9766,56,5,2.665162,374129718
2.505015,46.7578,-4.3945,-4.3945,56,5,2.665162,374129718
2.507000,45.8789,-2.9883,-2.9883,56,5,2.665162,374129718
2.509000,45.0000,-1.4062,-1.4062,57,5,2.665162,374129718
2.510990,44.1211,0.1758,0.1758,57,5,2.665162,374129718
2.512976,43.0664,1.5820,1.5820,57,5,2.665162,374129718
2.514963,42.1875,3.1641,3.1641,57,5,2.665162,374129718
2.517039,41.1328,4.7461,4.7461,57,5,2.665162,374129718
2.519026,40.2539,6.3281,6.3281,57,5,2.665162,374129718
2.521015,39.1992,7.9102,7.9102,57,5,2.665162,374129718
2.523015,38.3203,9.4922,9.4922,57,5,2.665162,374129718
2.525000,37.4414,10.8984,10.8984,57,5,2.665162,374129718
2.526990,36.5625,12.3047,12.3047,57,5,2.665162,374129718
2.528976,35.6836,13.8867,13.8867,58,5,2.665162,374129718
2.530976,34.6289,15.4688,15.4688,58,5,2.665162,374129718
2.532963,33.7500,16.8750,16.8750,58,5,2.665162,374129718
2.535039,32.8711,18.2812,18.2812,58,5,2.665162,374129718
2.537026,31.9922,19.6875,19.6875,58,5,2.665162,374129718
2.539015,31.1133,21.0938,21.0938,58,5,2.665162,374129718
2.541000,30.4102,22.5000,22.5000,58,5,2.665162,374129718
2.543025,29.5312,23.9062,23.9062,58,5,2.665162,374129718
2.545031,28.8281,25.1367,25.1367,58,5,2.665162,374129718
2.547017,27.9492,26.5430,26.5430,58,5,2.665162,374129718
2.549003,27.2461,27.7734,27.7734,58,5,2.665162,374129718
2.551003,26.5430,29.0039,29.0039,58,5,2.665162,374129718
2.552992,25.8398,30.2344,30.2344,58,5,2.665162,374129718
2.554976,25.1367,31.4648,31.4648,59,5,2.665162,374129718
2.556963,24.4336,32.5195,32.5195,59,5,2.665162,374129718
2.559039,23.7305,33.7500,33.7500,59,5,2.665162,374129718
2.563427,22.3242,36.2109,36.2109,59,5,2.665162,374129718
2.563891,22.1484,36.5625,36.5625,59,5,2.665162,374129718
2.565039,21.7969,37.0898,37.0898,59,5,2.665162,374129718
2.567026,21.2695,38.1445,38.1445,59,5,2.665162,374129718
2.569015,20.5664,39.1992,39.1992,59,5,2.665162,374129718
2.571025,20.0391,40.2539,40.2539,59,5,2.665162,374129718
2.573015,19.5117,41.1328,41.1328,59,5,2.665162,374129718
2.575000,18.8086,42.1875,42.1875,59,5,2.665162,374129718
2.576990,18.2812,43.0664,43.0664,59,5,2.665162,374129718
2.578976,17.7539,43.9453,43.9453,59,5,2.665162,374129718
2.580963,17.2266,45.0000,45.0000,59,5,2.665162,374129718
2.583003,16.6992,45.8789,45.8789,59,5,2.665162,374129718
2.585011,16.1719,46.5820,46.5820,59,5,2.665162,374129718
2.587011,15.6445,47.4609,47.4609,59,5,2.665162,374129718
2.589017,15.2930,48.1641,48.1641,59,5,2.665162,374129718
2.591033,14.7656,49.0430,49.0430,59,5,2.665162,374129718
2.593033,14.2383,49.7461,49.7461,59,5,2.665162,374129718
2.595033,13.7109,50.4492,50.4492,59,5,2.665162,374129718
2.597033,13.3594,51.1523,51.1523,59,5,2.665162,374129718
2.599033,12.8320,51.8555,51.8555,59,5,2.665162,374129718
2.601033,12.4805,52.5586,52.5586,59,5,2.665162,374129718
2.603033,11.9531,53.0859,53.0859,59,5,2.665162,374129718
2.605033,11.4258,53.7891,53.7891,59,5,2.665162,374129718
2.607033,11.0742,54.3164,54.3164,59,5,2.665162,374129718
2.609033,10.5469,54.8438,54.8438,59,5,2.665162,374129718
2.610962,10.1953,55.3711,55.3711,59,5,2.665162,374129718
2.612968,9.8438,55.8984,55.8984,59,5,2.665162,374129718
2.614971,9.3164,56.4258,56.4258,59,5,2.665162,374129718
2.616975,8.9648,56.9531,56.9531,59,5,2.665162,374129718
2.618976,8.4375,57.3047,57.3047,59,5,2.665162,374129718
2.620976,8.0859,57.6562,57.6562,59,5,2.665162,374129718
2.622992,7.7344,58.0078,58.0078,59,5,2.665162,374129718
2.624994,7.2070,58.5352,58.5352,59,5,2.665162,374129718
2.626996,6.8555,58.7109,58.7109,59,5,2.665162,374129718
2.629000,6.5039,59.0625,59.0625,59,5,2.665162,374129718
2.631007,6.1523,59.4141,59.4141,59,5,2.665162,374129718
2.633025,5.6250,59.7656,59.7656,59,5,2.665162,374129718
2.635001,5.2734,59.9414,59.9414,59,5,2.665162,374129718
2.636960,4.9219,60.1172,60.1172,59,5,2.665162,374129718
2.639018,4.3945,60.2930,60.2930,59,5,2.665162,374129718
2.641022,4.0430,60.4688,60.4688,59,5,2.665162,374129718
2.643022,3.6914,60.6445,60.6445,59,5,2.665162,374129718
2.644985,3.3398,60.8203,60.8203,59,5,2.665162,374129718
2.646993,2.9883,60.8203,60.8203,59,5,2.665162,374129718
2.649021,2.6367,60.9961,60.9961,59,5,2.665162,374129718
2.650993,2.1094,60.9961,60.9961,59,5,2.665162,374129718
2.653456,1.7578,60.9961,60.9961,59,5,2.929612,374376867
2.658095,0.7031,60.9961,60.9961,59,5,2.929612,374376867
2.658740,0.7031,60.9961,60.9961,59,5,2.929612,374376867
2.659319,0.5273,60.9961,60.9961,59,5,2.929612,374376867
2.664314,-0.3516,60.8203,60.8203,59,5,2.929612,374376867
2.665302,-0.5273,60.6445,60.6445,59,5,2.929612,374376867
2.665821,-0.7031,60.6445,60.6445,59,5,2.929612,374376867
2.666959,-0.8789,60.6445,60.6445,59,5,2.929612,374376867
2.668961,-1.2305,60.4688,60.4688,59,5,2.929612,374376867
2.670980,-1.5820,60.2930,60.2930,59,5,2.929612,374376867
2.672976,-2.1094,60.1172,60.1172,59,5,2.929612,374376867
2.675493,-2.4609,59.7656,59.7656,59,5,2.929612,374376867
2.677044,-2.8125,59.5898,59.5898,59,5,2.929612,374376867
2.678960,-3.1641,59.2383,59.2383,59,5,2.929612,374376867
2.681002,-3.5156,59.0625,59.0625,59,5,2.929612,374376867
2.683039,-3.8672,58.7109,58.7109,59,5,2.929612,374376867
2.685038,-4.2188,58.3594,58.3594,59,5,2.929612,374376867
2.687038,-4.5703,58.0078,58.0078,59,5,2.929612,374376867
2.689038,-4.9219,57.6562,57.6562,59,5,2.929612,374376867
2.691038,-5.4492,57.1289,57.1289,59,5,2.929612,374376867
2.693038,-5.8008,56.6016,56.6016,59,5,2.929612,374376867
2.695038,-6.1523,56.2500,56.2500,59,5,2.929612,374376867
2.697038,-6.5039,55.7227,55.7227,59,5,2.929612,374376867
2.698971,-6.6797,55.1953,55.1953,-59,5,2.929612,374376867
2.700975,-7.0312,54.6680,54.6680,-59,5,2.929612,374376867
2.702976,-7.3828,54.1406,54.1406,-59,5,2.929612,374376867
2.704976,-7.7344,53.6133,53.6133,-59,5,2.929612,374376867
2.706979,-8.0859,52.9102,52.9102,-59,5,2.929612,374376867
2.708979,-8.2617,52.2070,52.2070,-59,5,2.929612,374376867
2.710979,-8.6133,51.5039,51.5039,-59,5,2.929612,374376867
2.712979,-8.9648,50.8008,50.8008,-59,5,2.929612,374376867
2.714979,-9.1406,50.0977,50.0977,-59,5,2.929612,374376867
2.716979,-9.3164,49.3945,49.3945,-59,5,2.929612,374376867
2.718979,-9.6680,48.5156,48.5156,-59,5,2.929612,374376867
2.720996,-9.8438,47.6367,47.6367,-59,5,2.929612,374376867
2.723010,-10.0195,46.7578,46.7578,-59,5,2.929612,374376867
2.725011,-10.1953,45.8789,45.8789,-59,5,2.929612,374376867
2.727011,-10.3711,45.0000,45.0000,-59,5,2.929612,374376867
2.729011,-10.5469,43.9453,43.9453,-59,5,2.929612,374376867
2.731026,-10.7227,43.0664,43.0664,-59,5,2.929612,374376867
2.733015,-10.7227,42.0117,42.0117,-59,5,2.929612,374376867
2.735000,-10.8984,40.9570,40.9570,-59,5,2.929612,374376867
2.736988,-10.8984,39.9023,39.9023,-59,5,2.929612,374376867
2.738976,-10.8984,38.8477,38.8477,-59,5,2.929612,374376867
2.741001,-11.0742,37.6172,37.6172,-59,5,2.929612,374376867
2.743000,-11.0742,36.3867,36.3867,-59,5,2.929612,374376867
2.744988,-11.0742,35.1562,35.1562,-59,5,2.929612,374376867
2.746986,-11.0742,33.9258,33.9258,-59,5,2.929612,374376867
2.749018,-10.8984,32.5195,32.5195,-59,5,2.929612,374376867
2.751004,-10.8984,31.2891,31.2891,-59,5,2.929612,374376867
2.753011,-10.7227,29.8828,29.8828,-59,5,2.929612,374376867
2.755000,-10.5469,28.4766,28.4766,-59,5,2.929612,374376867
2.756990,-10.5469,27.0703,27.0703,-59,5,2.929612,374376867
2.758976,-10.1953,25.4883,25.4883,-59,5,2.929612,374376867
2.763611,-9.6680,21.9727,21.9727,-59,5,2.929612,374376867
2.764098,-9.6680,21.4453,21.4453,-59,5,2.929612,374376867
2.764980,-9.4922,20.7422,20.7422,-59,5,2.929612,374376867
2.766968,-9.1406,19.1602,19.1602,-59,5,2.929612,374376867
2.768956,-8.7891,17.5781,17.5781,-59,5,2.929612,374376867
2.771030,-8.4375,15.6445,15.6445,-59,5,2.929612,374376867
2.773018,-7.9102,14.0625,14.0625,-59,5,2.929612,374376867
2.775003,-7.5586,12.1289,12.1289,-59,5,2.929612,374376867
2.776992,-7.2070,10.3711,10.3711,-59,5,2.929612,374376867
2.778976,-6.6797,8.6133,8.6133,-59,5,2.929612,374376867
2.780963,-6.1523,6.6797,6.6797,-59,5,2.929612,374376867
2.783039,-5.6250,4.5703,4.5703,-59,5,2.929612,374376867
2.785026,-5.0977,2.8125,2.8125,-59,5,2.929612,374376867
2.787026,-4.3945,0.8789,0.8789,-59,5,2.929612,374376867
2.789015,-3.8672,-1.0547,-1.0547,-59,5,2.929612,374376867
2.791000,-3.1641,-3.1641,-3.1641,-59,5,2.929612,374376867
2.792990,-2.6367,-5.0977,-5.0977,-59,5,2.929612,374376867
2.794976,-2.1094,-7.0312,-7.0312,-59,5,2.929612,374376867
2.796963,-1.4062,-8.9648,-8.9648,-59,5,2.929612,374376867
2.799039,-0.8789,-11.0742,-11.0742,-59,5,2.929612,374376867
2.801026,-0.1758,-13.0078,-13.0078,-59,5,2.929612,374376867
2.803015,0.3516,-14.7656,-14.7656,-59,5,2.929612,374376867
2.805000,0.8789,-16.6992,-16.6992,-59,5,2.929612,374376867
2.806990,1.4062,-18.6328,-18.6328,-59,5,2.929612,374376867
2.808992,1.9336,-20.3906,-20.3906,-59,5,2.929612,374376867
2.810979,2.4609,-22.3242,-22.3242,-59,5,2.929612,374376867
2.812968,2.8125,-24.0820,-24.0820,-59,5,2.929612,374376867
2.814956,3.3398,-25.8398,-25.8398,-59,5,2.929612,374376867
2.817030,3.6914,-27.5977,-27.5977,-59,5,2.929612,374376867
2.819018,4.0430,-29.3555,-29.3555,-59,5,2.929612,374376867
2.821003,4.5703,-30.9375,-30.9375,-59,5,2.929612,374376867
2.823001,4.9219,-32.5195,-32.5195,-59,5,2.929612,374376867
2.824990,5.2734,-34.1016,-34.1016,-59,5,2.929612,374376867
2.826976,5.4492,-35.6836,-35.6836,-59,5,2.929612,374376867
2.828963,5.8008,-37.2656,-37.2656,-59,5,2.929612,374376867
2.830967,6.1523,-38.6719,-38.6719,-59,5,2.929612,374376867
2.832956,6.3281,-40.2539,-40.2539,-59,5,2.929612,374376867
2.835030,6.6797,-41.6602,-41.6602,-59,5,2.929612,374376867
2.837018,6.8555,-43.0664,-43.0664,-59,5,2.929612,374376867
2.839003,7.0312,-44.4727,-44.4727,-59,5,2.929612,374376867
2.840992,7.2070,-45.7031,-45.7031,-59,5,2.929612,374376867
2.843000,7.5586,-47.1094,-47.1094,-59,5,2.929612,374376867
2.845011,7.7344,-48.5156,-48.5156,-59,5,2.929612,374376867
2.847022,7.9102,-49.7461,-49.7461,-59,5,2.929612,374376867
2.848993,7.9102,-50.9766,-50.9766,-59,5,2.929612,374376867
2.851018,8.0859,-52.2070,-52.2070,-59,5,2.929612,374376867
2.853041,8.2617,-53.2617,-53.2617,-59,5,2.929612,374376867
2.854967,8.2617,-54.4922,-54.4922,-59,5,2.929612,374376867
2.856976,8.4375,-55.5469,-55.5469,-59,5,2.929612,374376867
2.858988,8.6133,-56.6016,-56.6016,-59,5,2.929612,374376867
2.863544,8.7891,-59.0625,-59.0625,-59,5,2.929612,374376867
2.864032,8.7891,-59.2383,-59.2383,-59,5,2.929612,374376867
2.865029,8.7891,-59.7656,-59.7656,-59,5,2.929612,374376867
2.867038,8.9648,-60.8203,-60.8203,-59,5,2.929612,374376867
2.868964,8.9648,-61.6992,-61.6992,-59,5,2.929612,374376867
2.870976,8.9648,-62.5781,-62.5781,-59,5,2.929612,374376867
2.873010,8.9648,-63.4570,-63.4570,-59,5,2.929612,374376867
2.875022,9.1406,-64.3359,-64.3359,-59,5,2.929612,374376867
2.876963,9.1406,-65.2148,-65.2148,-59,5,2.929612,374376867
2.879024,9.1406,-66.0938,-66.0938,-59,5,2.929612,374376867
2.881017,9.1406,-66.7969,-66.7969,-59,5,2.929612,374376867
2.882975,9.3164,-67.5000,-67.5000,-59,5,2.929612,374376867
2.885021,9.3164,-68.2031,-68.2031,-59,5,2.929612,374376867
2.886965,9.3164,-68.9062,-68.9062,-59,5,2.929612,374376867
2.888976,9.3164,-69.6094,-69.6094,-59,5,2.929612,374376867
2.890990,9.3164,-70.3125,-70.3125,-59,5,2.929612,374376867
2.893018,9.3164,-71.0156,-71.0156,-59,5,2.929612,374376867
2.895028,9.3164,-71.5430,-71.5430,-59,5,2.929612,374376867
2.897038,9.3164,-72.0703,-72.0703,-59,5,2.929612,374376867
2.899042,9.3164,-72.7734,-72.7734,-59,5,2.929612,374376867
2.904278,9.4922,-74.0039,-74.0039,-59,5,3.177866,374646797
2.905521,9.4922,-74.1797,-74.1797,-59,5,3.177866,374646797
2.906130,9.4922,-74.3555,-74.3555,-59,5,3.177866,374646797
2.907011,9.4922,-74.5312,-74.5312,-59,5,3.177866,374646797
2.908997,9.4922,-75.0586,-75.0586,-59,5,3.177866,374646797
2.910963,9.4922,-75.4102,-75.4102,-59,5,3.177866,374646797
2.912975,9.4922,-75.7617,-75.7617,-59,5,3.177866,374646797
2.915025,9.4922,-76.1133,-76.1133,-59,5,3.177866,374646797
2.917003,9.4922,-76.2891,-76.2891,-59,5,3.177866,374646797
2.919014,9.4922,-76.6406,-76.6406,-59,5,3.177866,374646797
2.921023,9.4922,-76.9922,-76.9922,-59,5,3.177866,374646797
2.922957,9.4922,-77.1680,-77.1680,-59,5,3.177866,374646797
2.924967,9.4922,-77.3438,-77.3438,-59,5,3.177866,374646797
2.927000,9.4922,-77.5195,-77.5195,-59,5,3.177866,374646797
2.929015,9.6680,-77.6953,-77.6953,-59,5,3.177866,374646797
2.931026,9.6680,-77.6953,-77.6953,-59,5,3.177866,374646797
2.933033,9.6680,-77.8711,-77.8711,-59,5,3.177866,374646797
2.934972,9.6680,-77.8711,-77.8711,-59,5,3.177866,374646797
2.936972,9.6680,-77.8711,-77.8711,-59,5,3.177866,374646797
2.939375,9.6680,-77.8711,-77.8711,-59,5,3.177866,374646797
2.940958,9.6680,-77.8711,-77.8711,-59,5,3.177866,374646797
2.943025,9.6680,-77.8711,-77.8711,-59,5,3.177866,374646797
2.945015,9.6680,-77.8711,-77.8711,-59,5,3.177866,374646797
2.946972,9.8438,-77.6953,-77.6953,-59,5,3.177866,374646797
2.948979,9.8438,-77.6953,-77.6953,-59,5,3.177866,374646797
2.950992,9.8438,-77.3438,-77.3438,-59,5,3.177866,374646797
2.952966,9.8438,-77.3438,-77.3438,-59,5,3.177866,374646797
2.954976,10.0195,-77.1680,-77.1680,-59,5,3.177866,374646797
2.957003,10.0195,-76.8164,-76.8164,-59,5,3.177866,374646797
2.959037,10.0195,-76.6406,-76.6406,-59,5,3.177866,374646797
2.963979,10.1953,-75.7617,-75.7617,-59,5,3.177866,374646797
2.964551,10.1953,-75.7617,-75.7617,-59,5,3.177866,374646797
2.965031,10.1953,-75.5859,-75.5859,-59,5,3.177866,374646797
2.967039,10.1953,-75.2344,-75.2344,-59,5,3.177866,374646797
2.968962,10.1953,-74.8828,-74.8828,-59,5,3.177866,374646797
2.970975,10.3711,-74.5312,-74.5312,-59,5,3.177866,374646797
2.972984,10.3711,-74.0039,-74.0039,-59,5,3.177866,374646797
2.974994,10.3711,-73.6523,-73.6523,-59,5,3.177866,374646797
2.977030,10.3711,-72.9492,-72.9492,59,5,3.177866,374646797
2.979039,10.3711,-72.4219,-72.4219,59,5,3.177866,374646797
2.980962,10.3711,-71.8945,-71.8945,59,5,3.177866,374646797
2.982975,10.3711,-71.3672,-71.3672,59,5,3.177866,374646797
2.984984,10.3711,-70.6641,-70.6641,59,5,3.177866,374646797
2.986994,10.3711,-70.1367,-70.1367,59,5,3.177866,374646797
2.989007,10.3711,-69.4336,-69.4336,59,5,3.177866,374646797
2.991015,10.3711,-68.7305,-68.7305,59,5,3.177866,374646797
2.993026,10.3711,-68.0273,-68.0273,59,5,3.177866,374646797
2.995033,10.3711,-67.1484,-67.1484,59,5,3.177866,374646797
2.996972,10.3711,-66.4453,-66.4453,59,5,3.177866,374646797
2.998979,10.1953,-65.5664,-65.5664,59,5,3.177866,374646797
3.000992,10.0195,-64.6875,-64.6875,59,5,3.177866,374646797
3.003003,10.0195,-63.8086,-63.8086,59,5,3.177866,374646797
3.005015,9.8438,-62.9297,-62.9297,59,5,3.177866,374646797
3.007026,9.8438,-61.8750,-61.8750,59,5,3.177866,374646797
3.009033,9.6680,-60.9961,-60.9961,59,5,3.177866,374646797
3.010959,9.4922,-60.1172,-60.1172,59,5,3.177866,374646797
3.012970,9.3164,-58.8867,-58.8867,59,5,3.177866,374646797
3.014979,9.1406,-58.0078,-58.0078,59,5,3.177866,374646797
3.016992,8.9648,-56.7773,-56.7773,59,5,3.177866,374646797
3.019015,8.6133,-55.5469,-55.5469,59,5,3.177866,374646797
3.021026,8.4375,-54.4922,-54.4922,59,5,3.177866,374646797
3.022959,8.2617,-53.2617,-53.2617,59,5,3.177866,374646797
3.024970,7.9102,-52.0312,-52.0312,59,5,3.177866,374646797
3.026979,7.5586,-50.6250,-50.6250,59,5,3.177866,374646797
3.028992,7.2070,-49.3945,-49.3945,59,5,3.177866,374646797
3.031003,6.8555,-48.1641,-48.1641,59,5,3.177866,374646797
3.033015,6.5039,-46.7578,-46.7578,59,5,3.177866,374646797
3.035026,6.1523,-45.1758,-45.1758,59,5,3.177866,374646797
3.037033,5.6250,-43.7695,-43.7695,59,5,3.177866,374646797
3.038984,5.2734,-42.1875,-42.1875,59,5,3.177866,374646797
3.040971,4.7461,-40.7812,-40.7812,59,5,3.177866,374646797
3.042959,4.2188,-39.1992,-39.1992,59,5,3.177866,374646797
3.045031,3.6914,-37.4414,-37.4414,59,5,3.177866,374646797
3.047018,2.9883,-35.8594,-35.8594,59,5,3.177866,374646797
3.049004,2.4609,-34.1016,-34.1016,59,5,3.177866,374646797
3.050992,1.7578,-32.3438,-32.3438,59,5,3.177866,374646797
3.052976,1.0547,-30.5859,-30.5859,59,5,3.177866,374646797
3.055009,0.3516,-28.6523,-28.6523,59,5,3.177866,374646797
3.056995,-0.5273,-26.7188,-26.7188,59,5,3.177866,374646797
3.058994,-1.2305,-24.9609,-24.9609,59,5,3.177866,374646797
3.063744,-3.5156,-20.0391,-20.0391,59,5,3.177866,374646797
3.064220,-3.6914,-19.5117,-19.5117,59,5,3.177866,374646797
3.065028,-4.0430,-18.8086,-18.8086,59,5,3.177866,374646797
3.067018,-5.0977,-16.6992,-16.6992,59,5,3.177866,374646797
3.069004,-6.1523,-14.4141,-14.4141,59,5,3.177866,374646797
3.070992,-7.2070,-12.3047,-12.3047,59,5,3.177866,374646797
3.072975,-8.2617,-10.0195,-10.0195,59,5,3.177866,374646797
3.074963,-9.3164,-7.7344,-7.7344,59,5,3.177866,374646797
3.077039,-10.5469,-5.4492,-5.4492,59,5,3.177866,374646797
3.079028,-11.7773,-2.9883,-2.9883,59,5,3.177866,374646797
3.081033,-13.0078,-0.7031,-0.7031,59,5,3.177866,374646797
3.083022,-14.2383,1.5820,1.5820,59,5,3.177866,374646797
3.085010,-15.4688,4.0430,4.0430,59,5,3.177866,374646797
3.086994,-16.5234,6.3281,6.3281,59,5,3.177866,374646797
3.088979,-17.7539,8.6133,8.6133,59,5,3.177866,374646797
3.090968,-18.9844,10.8984,10.8984,59,5,3.177866,374646797
3.092956,-20.0391,13.0078,13.0078,59,5,3.177866,374646797
3.095030,-21.2695,15.4688,15.4688,59,5,3.177866,374646797
3.097017,-22.3242,17.5781,17.5781,59,5,3.177866,374646797
3.099004,-23.2031,19.6875,19.6875,59,5,3.177866,374646797
3.100992,-24.2578,21.7969,21.7969,59,5,3.177866,374646797
3.102993,-25.3125,23.9062,23.9062,59,5,3.177866,374646797
3.104979,-26.1914,26.0156,26.0156,59,5,3.177866,374646797
3.106968,-27.0703,27.9492,27.9492,58,5,3.177866,374646797
3.108956,-27.9492,29.8828,29.8828,58,5,3.177866,374646797
3.111029,-28.6523,31.9922,31.9922,58,5,3.177866,374646797
3.113017,-29.5312,33.7500,33.7500,58,5,3.177866,374646797
3.115004,-30.2344,35.6836,35.6836,58,5,3.177866,374646797
3.116992,-30.9375,37.4414,37.4414,58,5,3.177866,374646797
3.118976,-31.6406,39.1992,39.1992,58,5,3.177866,374646797
3.120963,-32.3438,40.9570,40.9570,58,5,3.177866,374646797
3.122970,-32.8711,42.5391,42.5391,58,5,3.177866,374646797
3.124971,-33.3984,44.2969,44.2969,58,5,3.177866,374646797
3.126959,-33.9258,45.8789,45.8789,58,5,3.177866,374646797
3.128968,-34.6289,47.4609,47.4609,58,5,3.177866,374646797
3.130971,-35.1562,49.0430,49.0430,58,5,3.177866,374646797
3.132975,-35.6836,50.6250,50.6250,58,5,3.177866,374646797
3.134976,-36.0352,52.0312,52.0312,58,5,3.177866,374646797
3.136976,-36.5625,53.4375,53.4375,58,5,3.177866,374646797
3.138976,-36.9141,54.8438,54.8438,58,5,3.177866,374646797
3.140979,-37.4414,56.2500,56.2500,58,5,3.177866,374646797
3.142979,-37.7930,57.6562,57.6562,57,5,3.177866,374646797
3.144996,-38.1445,59.0625,59.0625,57,5,3.177866,374646797
3.147001,-38.4961,60.2930,60.2930,57,5,3.177866,374646797
3.149004,-38.8477,61.5234,61.5234,57,5,3.177866,374646797
3.151035,-39.1992,62.7539,62.7539,57,5,3.177866,374646797
3.153042,-39.5508,63.9844,63.9844,57,5,3.177866,374646797
3.154967,-39.9023,65.0391,65.0391,57,5,3.177866,374646797
3.157026,-40.2539,66.2695,66.2695,57,5,3.177866,374646797
3.159029,-40.6055,67.5000,67.5000,57,5,3.177866,374646797
3.163498,-41.1328,69.7852,69.7852,57,5,3.177866,374646797
3.163989,-41.3086,69.9609,69.9609,57,5,3.177866,374646797
3.165004,-41.3086,70.4883,70.4883,57,5,3.177866,374646797
3.167028,-41.6602,71.5430,71.5430,57,5,3.177866,374646797
3.168979,-41.8359,72.5977,72.5977,57,5,3.177866,374646797
3.174182,-42.5391,74.8828,74.8828,57,5,3.416270,374884531
3.175426,-42.7148,75.4102,75.4102,57,5,3.416270,374884531
3.176004,-42.7148,75.7617,75.7617,57,5,3.416270,374884531
3.177039,-42.8906,76.1133,76.1133,57,5,3.416270,374884531
3.179011,-43.0664,76.9922,76.9922,57,5,3.416270,374884531
3.180975,-43.4180,77.6953,77.6953,57,5,3.416270,374884531
3.182962,-43.5938,78.3984,78.3984,57,5,3.416270,374884531
3.184975,-43.7695,79.2773,79.2773,57,5,3.416270,374884531
3.187494,-44.1211,80.1562,80.1562,57,5,3.416270,374884531
3.188984,-44.1211,80.6836,80.6836,57,5,3.416270,374884531
3.190979,-44.4727,81.2109,81.2109,57,5,3.416270,374884531
3.193011,-44.6484,81.9141,81.9141,57,5,3.416270,374884531
3.195011,-44.8242,82.6172,82.6172,57,5,3.416270,374884531
3.196999,-45.0000,83.1445,83.1445,57,5,3.416270,374884531
3.198992,-45.1758,83.6719,83.6719,57,5,3.416270,374884531
3.200994,-45.5273,84.1992,84.1992,57,5,3.416270,374884531
3.202996,-45.7031,84.7266,84.7266,57,5,3.416270,374884531
3.205001,-45.8789,85.2539,85.2539,57,5,3.416270,374884531
3.207018,-46.0547,85.6055,85.6055,57,5,3.416270,374884531
3.209022,-46.2305,85.9570,85.9570,56,5,3.416270,374884531
3.211022,-46.4062,86.4844,86.4844,56,5,3.416270,374884531
3.213022,-46.5820,86.6602,86.6602,56,5,3.416270,374884531
3.215022,-46.9336,87.1875,87.1875,56,5,3.416270,374884531
3.217022,-47.1094,87.3633,87.3633,56,5,3.416270,374884531
3.219022,-47.2852,87.7148,87.7148,56,5,3.416270,374884531
3.221022,-47.4609,87.8906,87.8906,56,5,3.416270,374884531
3.223039,-47.6367,88.0664,88.0664,56,5,3.416270,374884531
3.225039,-47.8125,88.2422,88.2422,56,5,3.416270,374884531
3.226970,-47.9883,88.4180,88.4180,56,5,3.416270,374884531
3.228975,-48.3398,88.5938,88.5938,56,5,3.416270,374884531
3.230976,-48.5156,88.7695,88.7695,56,5,3.416270,374884531
3.232976,-48.6914,88.7695,88.7695,56,5,3.416270,374884531
3.234979,-48.8672,88.7695,88.7695,56,5,3.416270,374884531
3.236979,-49.2188,88.7695,88.7695,56,5,3.416270,374884531
3.238979,-49.3945,88.7695,88.7695,56,5,3.416270,374884531
3.240992,-49.5703,88.7695,88.7695,56,5,3.416270,374884531
3.242994,-49.9219,88.7695,88.7695,56,5,3.416270,374884531
3.244996,-50.0977,88.7695,88.7695,56,5,3.416270,374884531
3.247001,-50.2734,88.5938,88.5938,55,5,3.416270,374884531
3.249018,-50.4492,88.4180,88.4180,55,5,3.416270,374884531
3.251021,-50.8008,88.2422,88.2422,54,5,3.416270,374884531
3.253022,-50.9766,88.0664,88.0664,53,5,3.416270,374884531
3.255022,-51.1523,87.8906,87.8906,53,5,3.416270,374884531
3.257022,-51.5039,87.5391,87.5391,52,5,3.416270,374884531
3.259022,-51.6797,87.3633,87.3633,51,5,3.416270,374884531
3.264020,-52.2070,86.4844,86.4844,50,5,3.416270,374884531
3.264580,-52.2070,86.4844,86.4844,49,5,3.416270,374884531
3.264959,-52.3828,86.3086,86.3086,49,5,3.416270,374884531
3.266968,-52.5586,85.9570,85.9570,48,5,3.416270,374884531
3.268979,-52.7344,85.4297,85.4297,48,5,3.416270,374884531
3.270956,-52.9102,85.0781,85.0781,-56,5,3.416270,374884531
3.272962,-53.2617,84.5508,84.5508,-56,5,3.416270,374884531
3.274968,-53.4375,84.0234,84.0234,-56,5,3.416270,374884531
3.276971,-53.6133,83.4961,83.4961,-56,5,3.416270,374884531
3.278975,-53.7891,82.9688,82.9688,-55,5,3.416270,374884531
3.280976,-53.9648,82.4414,82.4414,-55,5,3.416270,374884531
3.282976,-54.1406,81.7383,81.7383,-55,5,3.416270,374884531
3.284976,-54.3164,81.0352,81.0352,-55,5,3.416270,374884531
3.286979,-54.4922,80.3320,80.3320,-55,5,3.416270,374884531
3.288979,-54.6680,79.6289,79.6289,-55,5,3.416270,374884531
3.290995,-54.8438,78.9258,78.9258,-55,5,3.416270,374884531
3.293000,-55.0195,78.2227,78.2227,-55,5,3.416270,374884531
3.295003,-55.0195,77.5195,77.5195,-55,5,3.416270,374884531
3.297010,-55.1953,76.6406,76.6406,-55,5,3.416270,374884531
3.299011,-55.3711,75.7617,75.7617,-55,5,3.416270,374884531
3.301011,-55.3711,74.8828,74.8828,-55,5,3.416270,374884531
3.303011,-55.5469,74.0039,74.0039,-55,5,3.416270,374884531
3.305011,-55.5469,73.1250,73.1250,-55,5,3.416270,374884531
3.307011,-55.5469,72.0703,72.0703,-55,5,3.416270,374884531
3.309011,-55.7227,71.0156,71.0156,-55,5,3.416270,374884531
3.311028,-55.7227,69.9609,69.9609,-55,5,3.416270,374884531
3.313030,-55.7227,68.9062,68.9062,-55,5,3.416270,374884531
3.315030,-55.7227,67.8516,67.8516,-55,5,3.416270,374884531
3.317030,-55.7227,66.7969,66.7969,-55,5,3.416270,374884531
3.319030,-55.7227,65.5664,65.5664,-55,5,3.416270,374884531
3.321030,-55.7227,64.3359,64.3359,-55,5,3.416270,374884531
3.322956,-55.5469,63.2812,63.2812,-55,5,3.416270,374884531
3.324963,-55.5469,62.0508,62.0508,-55,5,3.416270,374884531
3.326968,-55.3711,60.6445,60.6445,-55,5,3.416270,374884531
3.328971,-55.1953,59.4141,59.4141,-55,5,3.416270,374884531
3.330975,-55.0195,58.0078,58.0078,-55,5,3.416270,374884531
3.332992,-55.0195,56.6016,56.6016,-55,5,3.416270,374884531
3.334994,-54.8438,55.1953,55.1953,-55,5,3.416270,374884531
3.336996,-54.4922,53.6133,53.6133,-55,5,3.416270,374884531
3.339000,-54.3164,52.2070,52.2070,-55,5,3.416270,374884531
3.341003,-54.1406,50.6250,50.6250,-55,5,3.416270,374884531
3.343010,-53.7891,49.0430,49.0430,-55,5,3.416270,374884531
3.345011,-53.4375,47.4609,47.4609,-55,5,3.416270,374884531
3.347011,-53.0859,45.7031,45.7031,-56,5,3.416270,374884531
3.349011,-52.7344,44.1211,44.1211,-56,5,3.416270,374884531
3.351026,-52.2070,42.3633,42.3633,-56,5,3.416270,374884531
3.353026,-51.8555,40.4297,40.4297,-56,5,3.416270,374884531
3.355015,-51.3281,38.6719,38.6719,-56,5,3.416270,374884531
3.357000,-50.8008,36.7383,36.7383,-56,5,3.416270,374884531
3.358990,-50.2734,34.9805,34.9805,-56,5,3.416270,374884531
3.363530,-48.6914,30.2344,30.2344,-56,5,3.416270,374884531
3.364041,-48.5156,29.8828,29.8828,-56,5,3.416270,374884531
3.365017,-48.1641,28.8281,28.8281,-56,5,3.416270,374884531
3.367003,-47.4609,26.7188,26.7188,-56,5,3.416270,374884531
3.368992,-46.5820,24.6094,24.6094,-56,5,3.416270,374884531
3.370976,-45.8789,22.3242,22.3242,-56,5,3.416270,374884531
3.372963,-45.0000,20.0391,20.0391,-57,5,3.416270,374884531
3.374971,-43.9453,17.5781,17.5781,-57,5,3.416270,374884531
3.376959,-43.0664,15.2930,15.2930,-57,5,3.416270,374884531
3.379031,-41.8359,12.6562,12.6562,-57,5,3.416270,374884531
3.381018,-40.7812,10.1953,10.1953,-57,5,3.416270,374884531
3.383003,-39.5508,7.7344,7.7344,-57,5,3.416270,374884531
3.384992,-38.4961,5.2734,5.2734,-57,5,3.416270,374884531
3.386976,-37.2656,2.6367,2.6367,-57,5,3.416270,374884531
3.388963,-36.0352,0.0000,0.0000,-57,5,3.416270,374884531
3.391025,-34.8047,-2.6367,-2.6367,-58,5,3.416270,374884531
3.393015,-33.5742,-5.2734,-5.2734,-58,5,3.416270,374884531
3.395023,-32.3438,-7.9102,-7.9102,-58,5,3.416270,374884531
3.397020,-31.1133,-10.5469,-10.5469,-58,5,3.416270,374884531
3.399017,-30.0586,-13.0078,-13.0078,-58,5,3.416270,374884531
3.401003,-28.8281,-15.4688,-15.4688,-58,5,3.416270,374884531
3.403018,-27.7734,-18.1055,-18.1055,-58,5,3.416270,374884531
3.404971,-26.7188,-20.3906,-20.3906,-58,5,3.416270,374884531
3.406974,-25.6641,-22.8516,-22.8516,-58,5,3.416270,374884531
3.411684,-23.3789,-28.4766,-28.4766,-59,5,3.659090,375114608
3.412941,-22.8516,-29.8828,-29.8828,-59,5,3.659090,375114608
3.413471,-22.6758,-30.4102,-30.4102,-59,5,3.659090,375114608
3.415031,-21.9727,-32.1680,-32.1680,-59,5,3.659090,375114608
3.417260,-21.0938,-34.4531,-34.4531,-59,5,3.659090,375114608
3.419007,-20.5664,-36.3867,-36.3867,-59,5,3.659090,375114608
3.421024,-19.8633,-38.3203,-38.3203,-59,5,3.659090,375114608
3.422975,-19.1602,-40.4297,-40.4297,-59,5,3.659090,375114608
3.425032,-18.4570,-42.5391,-42.5391,-59,5,3.659090,375114608
3.427358,-17.7539,-44.8242,-44.8242,-59,5,3.659090,375114608
3.429026,-17.2266,-46.4062,-46.4062,-59,5,3.659090,375114608
3.431028,-16.6992,-48.1641,-48.1641,-59,5,3.659090,375114608
3.432962,-16.1719,-49.9219,-49.9219,-59,5,3.659090,375114608
3.434976,-15.6445,-51.8555,-51.8555,-59,5,3.659090,375114608
3.437018,-15.1172,-53.6133,-53.6133,-59,5,3.659090,375114608
3.438961,-14.7656,-55.1953,-55.1953,-59,5,3.659090,375114608
3.441008,-14.2383,-56.9531,-56.9531,-59,5,3.659090,375114608
3.443018,-13.8867,-58.7109,-58.7109,-59,5,3.659090,375114608
3.445029,-13.5352,-60.2930,-60.2930,-59,5,3.659090,375114608
3.447039,-13.1836,-61.8750,-61.8750,-59,5,3.659090,375114608
3.448962,-12.8320,-63.2812,-63.2812,-59,5,3.659090,375114608
3.450975,-12.4805,-64.8633,-64.8633,-59,5,3.659090,375114608
3.452984,-12.1289,-66.4453,-66.4453,-59,5,3.659090,375114608
3.454994,-11.9531,-67.8516,-67.8516,-59,5,3.659090,375114608
3.457018,-11.6016,-69.2578,-69.2578,-59,5,3.659090,375114608
3.459026,-11.4258,-70.6641,-70.6641,-59,5,3.659090,375114608
3.464027,-10.7227,-74.1797,-74.1797,-59,5,3.659090,375114608
3.464950,-10.5469,-74.5312,-74.5312,-59,5,3.659090,375114608
3.465347,-10.5469,-74.8828,-74.8828,-59,5,3.659090,375114608
3.467015,-10.3711,-75.9375,-75.9375,-59,5,3.659090,375114608
3.469026,-10.1953,-77.1680,-77.1680,-59,5,3.659090,375114608
3.471034,-10.0195,-78.3984,-78.3984,-59,5,3.659090,375114608
3.472983,-9.8438,-79.6289,-79.6289,-59,5,3.659090,375114608
3.474994,-9.4922,-80.6836,-80.6836,-59,5,3.659090,375114608
3.477026,-9.3164,-81.9141,-81.9141,-59,5,3.659090,375114608
3.479033,-9.1406,-82.9688,-82.9688,-59,5,3.659090,375114608
3.480959,-8.9648,-84.0234,-84.0234,-59,5,3.659090,375114608
3.482970,-8.7891,-85.0781,-85.0781,-59,5,3.659090,375114608
3.484979,-8.6133,-86.1328,-86.1328,-59,5,3.659090,375114608
3.486992,-8.6133,-87.1875,-87.1875,-59,5,3.659090,375114608
3.489003,-8.4375,-88.0664,-88.0664,-59,5,3.659090,375114608
3.491015,-8.2617,-89.1211,-89.1211,-59,5,3.659090,375114608
3.493026,-8.0859,-90.0000,-90.0000,-59,5,3.659090,375114608
3.495039,-7.9102,-90.8789,-90.8789,-59,5,3.659090,375114608
3.496975,-7.7344,-91.7578,-91.7578,-59,5,3.659090,375114608
3.498984,-7.5586,-92.4609,-92.4609,-59,5,3.659090,375114608
3.500994,-7.5586,-93.3398,-93.3398,-59,5,3.659090,375114608
3.503007,-7.2070,-94.0430,-94.0430,-59,5,3.659090,375114608
3.505015,-7.2070,-94.7461,-94.7461,-59,5,3.659090,375114608
3.507026,-7.0312,-95.4492,-95.4492,-59,5,3.659090,375114608
3.509033,-6.8555,-96.1523,-96.1523,-59,5,3.659090,375114608
3.510959,-6.6797,-96.8555,-96.8555,-59,5,3.659090,375114608
3.512970,-6.5039,-97.5586,-97.5586,-59,5,3.659090,375114608
3.514979,-6.3281,-98.0859,-98.0859,-59,5,3.659090,375114608
3.516992,-6.3281,-98.6133,-98.6133,-59,5,3.659090,375114608
3.519015,-6.1523,-99.1406,-99.1406,-59,5,3.659090,375114608
3.521026,-5.9766,-99.6680,-99.6680,-59,5,3.659090,375114608
3.522959,-5.8008,-100.1953,-100.1953,-59,5,3.659090,375114608
3.524970,-5.6250,-100.7227,-100.7227,-59,5,3.659090,375114608
3.526979,-5.4492,-101.0742,-101.0742,-59,5,3.659090,375114608
3.528992,-5.2734,-101.6016,-101.6016,-59,5,3.659090,375114608
3.531003,-5.0977,-101.9531,-101.9531,-59,5,3.659090,375114608
3.533015,-4.9219,-102.3047,-102.3047,-59,5,3.659090,375114608
3.535026,-4.7461,-102.6562,-102.6562,-59,5,3.659090,375114608
3.537033,-4.3945,-102.8320,-102.8320,-59,5,3.659090,375114608
3.538972,-4.2188,-103.1836,-103.1836,-59,5,3.659090,375114608
3.540979,-4.0430,-103.3594,-103.3594,-59,5,3.659090,375114608
3.542992,-3.8672,-103.7109,-103.7109,-59,5,3.659090,375114608
3.545003,-3.6914,-103.7109,-103.7109,-59,5,3.659090,375114608
3.547015,-3.3398,-103.8867,-103.8867,-59,5,3.659090,375114608
3.549026,-3.1641,-104.0625,-104.0625,-59,5,3.659090,375114608
3.551033,-2.9883,-104.0625,-104.0625,-59,5,3.659090,375114608
3.552959,-2.6367,-104.2383,-104.2383,-59,5,3.659090,375114608
3.554970,-2.4609,-104.2383,-104.2383,-59,5,3.659090,375114608
3.556979,-2.2852,-104.2383,-104.2383,-59,5,3.659090,375114608
3.558992,-1.9336,-104.2383,-104.2383,-59,5,3.659090,375114608
3.563553,-1.4062,-104.0625,-104.0625,-59,5,3.659090,375114608
3.564046,-1.2305,-104.0625,-104.0625,-59,5,3.659090,375114608
3.564965,-1.2305,-104.0625,-104.0625,-59,5,3.659090,375114608
3.567015,-0.8789,-103.8867,-103.8867,-59,5,3.659090,375114608
3.569026,-0.5273,-103.7109,-103.7109,-59,5,3.659090,375114608
3.571034,-0.3516,-103.5352,-103.5352,-59,5,3.659090,375114608
3.572975,0.0000,-103.3594,-103.3594,-59,5,3.659090,375114608
3.574984,0.1758,-103.1836,-103.1836,-60,5,3.659090,375114608
3.576994,0.5273,-102.8320,-102.8320,-59,5,3.659090,375114608
3.579007,0.8789,-102.4805,-102.4805,-59,5,3.659090,375114608
3.580976,1.0547,-102.3047,-102.3047,19,5,3.659090,375114608
3.582992,1.4062,-101.7773,-101.7773,16,5,3.659090,375114608
3.584992,1.7578,-101.4258,-101.4258,15,5,3.659090,375114608
3.586996,2.1094,-101.0742,-101.0742,13,5,3.659090,375114608
3.588996,2.2852,-100.5469,-100.5469,11,5,3.659090,375114608
3.591000,2.6367,-100.1953,-100.1953,9,5,3.659090,375114608
3.592984,2.9883,-99.6680,-99.6680,6,5,3.659090,375114608
3.594972,3.3398,-99.1406,-99.1406,4,5,3.659090,375114608
3.596956,3.5156,-98.6133,-98.6133,3,5,3.659090,375114608
3.599025,3.8672,-98.0859,-98.0859,0,5,3.659090,375114608
3.601033,4.0430,-97.3828,-97.3828,59,5,3.659090,375114608
3.602962,4.3945,-96.8555,-96.8555,59,5,3.659090,375114608
3.604975,4.7461,-96.1523,-96.1523,59,5,3.659090,375114608
3.606984,4.9219,-95.4492,-95.4492,59,5,3.659090,375114608
3.608994,5.2734,-94.7461,-94.7461,59,5,3.659090,375114608
3.611007,5.4492,-94.0430,-94.0430,59,5,3.659090,375114608
3.613015,5.8008,-93.3398,-93.3398,59,5,3.659090,375114608
3.615026,6.1523,-92.4609,-92.4609,59,5,3.659090,375114608
3.617033,6.3281,-91.5820,-91.5820,59,5,3.659090,375114608
3.618959,6.5039,-90.7031,-90.7031,59,5,3.659090,375114608
3.620970,6.8555,-89.8242,-89.8242,59,5,3.659090,375114608
3.623003,7.0312,-88.9453,-88.9453,59,5,3.659090,375114608
3.625015,7.2070,-88.0664,-88.0664,59,5,3.659090,375114608
3.627024,7.3828,-87.0117,-87.0117,59,5,3.659090,375114608
3.629038,7.5586,-86.1328,-86.1328,59,5,3.659090,375114608
3.630971,7.7344,-85.0781,-85.0781,59,5,3.659090,375114608
3.632979,7.9102,-84.0234,-84.0234,59,5,3.659090,375114608
3.635014,8.0859,-82.9688,-82.9688,59,5,3.659090,375114608
3.637025,8.2617,-81.9141,-81.9141,59,5,3.659090,375114608
3.641963,8.4375,-79.1016,-79.1016,59,5,3.896896,375362871
3.643349,8.6133,-78.2227,-78.2227,59,5,3.896896,375362871
3.643998,8.6133,-77.6953,-77.6953,59,5,3.896896,375362871
3.644957,8.6133,-77.1680,-77.1680,59,5,3.896896,375362871
3.647035,8.7891,-75.9375,-75.9375,59,5,3.896896,375362871
3.648983,8.7891,-74.7070,-74.7070,59,5,3.896896,375362871
3.651024,8.7891,-73.3008,-73.3008,59,5,3.896896,375362871
3.653032,8.7891,-72.0703,-72.0703,59,5,3.896896,375362871
3.654958,8.7891,-70.6641,-70.6641,59,5,3.896896,375362871
3.656969,8.7891,-69.2578,-69.2578,59,5,3.896896,375362871
3.659003,8.7891,-67.8516,-67.8516,59,5,3.896896,375362871
3.664001,8.6133,-63.9844,-63.9844,59,5,3.896896,375362871
3.664539,8.6133,-63.6328,-63.6328,59,5,3.896896,375362871
3.665023,8.6133,-63.2812,-63.2812,59,5,3.896896,375362871
3.667038,8.4375,-61.6992,-61.6992,59,5,3.896896,375362871
3.668997,8.2617,-60.1172,-60.1172,59,5,3.896896,375362871
3.670996,8.2617,-58.3594,-58.3594,59,5,3.896896,375362871
3.672975,7.9102,-56.7773,-56.7773,59,5,3.896896,375362871
3.674988,7.7344,-55.0195,-55.0195,59,5,3.896896,375362871
3.677000,7.5586,-53.2617,-53.2617,59,5,3.896896,375362871
3.678978,7.2070,-51.3281,-51.3281,59,5,3.896896,375362871
3.681025,6.8555,-49.5703,-49.5703,59,5,3.896896,375362871
3.683015,6.5039,-47.6367,-47.6367,59,5,3.896896,375362871
3.685028,6.1523,-45.7031,-45.7031,59,5,3.896896,375362871
3.686968,5.6250,-43.7695,-43.7695,59,5,3.896896,375362871
3.688992,5.0977,-41.6602,-41.6602,59,5,3.896896,375362871
3.690979,4.5703,-39.5508,-39.5508,59,5,3.896896,375362871
3.692968,4.0430,-37.4414,-37.4414,59,5,3.896896,375362871
3.694956,3.5156,-35.1562,-35.1562,59,5,3.896896,375362871
3.697029,2.8125,-32.8711,-32.8711,59,5,3.896896,375362871
3.699017,1.9336,-30.5859,-30.5859,59,5,3.896896,375362871
3.701003,1.2305,-28.1250,-28.1250,59,5,3.896896,375362871
3.702992,0.3516,-25.8398,-25.8398,59,5,3.896896,375362871
3.704976,-0.5273,-23.3789,-23.3789,59,5,3.896896,375362871
3.706963,-1.5820,-20.7422,-20.7422,59,5,3.896896,375362871
3.708968,-2.4609,-18.1055,-18.1055,59,5,3.896896,375362871
3.710956,-3.5156,-15.4688,-15.4688,59,5,3.896896,375362871
3.713030,-4.7461,-12.6562,-12.6562,59,5,3.896896,375362871
3.715018,-5.9766,-9.8438,-9.8438,59,5,3.896896,375362871
3.717003,-7.2070,-7.0312,-7.0312,59,5,3.896896,375362871
3.718992,-8.4375,-4.2188,-4.2188,59,5,3.896896,375362871
3.720976,-9.6680,-1.4062,-1.4062,59,5,3.896896,375362871
3.722979,-10.8984,1.4062,1.4062,59,5,3.896896,375362871
3.724968,-12.3047,4.3945,4.3945,59,5,3.896896,375362871
3.726956,-13.5352,7.2070,7.2070,59,5,3.896896,375362871
3.729030,-14.7656,10.1953,10.1953,59,5,3.896896,375362871
3.731030,-15.9961,13.0078,13.0078,59,5,3.896896,375362871
3.733018,-17.0508,15.6445,15.6445,59,5,3.896896,375362871
3.735003,-18.2812,18.2812,18.2812,59,5,3.896896,375362871
3.736992,-19.3359,20.9180,20.9180,59,5,3.896896,375362871
3.738976,-20.2148,23.5547,23.5547,59,5,3.896896,375362871
3.741000,-21.2695,26.1914,26.1914,59,5,3.896896,375362871
3.742990,-22.1484,28.6523,28.6523,59,5,3.896896,375362871
3.744976,-23.0273,31.1133,31.1133,59,5,3.896896,375362871
3.746963,-23.9062,33.3984,33.3984,59,5,3.896896,375362871
3.749039,-24.6094,35.8594,35.8594,59,5,3.896896,375362871
3.751039,-25.3125,38.1445,38.1445,59,5,3.896896,375362871
3.753026,-26.0156,40.4297,40.4297,59,5,3.896896,375362871
3.755015,-26.5430,42.5391,42.5391,59,5,3.896896,375362871
3.757000,-27.2461,44.8242,44.8242,58,5,3.896896,375362871
3.758990,-27.7734,46.7578,46.7578,58,5,3.896896,375362871
3.763605,-28.8281,51.6797,51.6797,58,5,3.896896,375362871
3.764097,-29.0039,52.0312,52.0312,58,5,3.896896,375362871
3.765011,-29.1797,52.9102,52.9102,58,5,3.896896,375362871
3.767011,-29.5312,54.8438,54.8438,58,5,3.896896,375362871
3.769011,-30.0586,56.7773,56.7773,58,5,3.896896,375362871
3.770959,-30.4102,58.7109,58.7109,58,5,3.896896,375362871
3.773010,-30.7617,60.4688,60.4688,58,5,3.896896,375362871
3.775012,-30.9375,62.4023,62.4023,58,5,3.896896,375362871
3.777041,-31.2891,64.1602,64.1602,58,5,3.896896,375362871
3.778959,-31.6406,65.7422,65.7422,58,5,3.896896,375362871
3.780963,-31.8164,67.5000,67.5000,58,5,3.896896,375362871
3.782968,-31.9922,69.0820,69.0820,58,5,3.896896,375362871
3.784971,-32.3438,70.8398,70.8398,58,5,3.896896,375362871
3.786975,-32.5195,72.4219,72.4219,58,5,3.896896,375362871
3.788976,-32.6953,74.0039,74.0039,58,5,3.896896,375362871
3.790976,-32.8711,75.5859,75.5859,58,5,3.896896,375362871
3.792992,-33.0469,76.9922,76.9922,58,5,3.896896,375362871
3.794994,-33.2227,78.3984,78.3984,58,5,3.896896,375362871
3.796996,-33.2227,79.9805,79.9805,58,5,3.896896,375362871
3.799001,-33.3984,81.3867,81.3867,58,5,3.896896,375362871
3.801003,-33.5742,82.7930,82.7930,58,5,3.896896,375362871
3.803010,-33.5742,84.1992,84.1992,58,5,3.896896,375362871
3.805011,-33.7500,85.4297,85.4297,58,5,3.896896,375362871
3.807011,-33.7500,86.8359,86.8359,58,5,3.896896,375362871
3.809011,-33.9258,88.0664,88.0664,58,5,3.896896,375362871
3.811011,-33.9258,89.2969,89.2969,58,5,3.896896,375362871
3.813025,-33.9258,90.5273,90.5273,58,5,3.896896,375362871
3.815028,-34.1016,91.7578,91.7578,58,5,3.896896,375362871
3.817030,-34.1016,92.9883,92.9883,58,5,3.896896,375362871
3.819030,-34.1016,94.0430,94.0430,58,5,3.896896,375362871
3.821030,-34.2773,95.0977,95.0977,58,5,3.896896,375362871
3.823040,-34.2773,96.3281,96.3281,58,5,3.896896,375362871
3.824959,-34.2773,97.2070,97.2070,58,5,3.896896,375362871
3.826963,-34.4531,98.2617,98.2617,58,5,3.896896,375362871
3.828967,-34.4531,99.3164,99.3164,58,5,3.896896,375362871
3.830970,-34.4531,100.1953,100.1953,58,5,3.896896,375362871
3.832975,-34.4531,101.2500,101.2500,58,5,3.896896,375362871
3.834992,-34.4531,102.1289,102.1289,58,5,3.896896,375362871
3.836994,-34.6289,103.0078,103.0078,58,5,3.896896,375362871
3.838996,-34.6289,103.8867,103.8867,58,5,3.896896,375362871
3.841001,-34.6289,104.7656,104.7656,58,5,3.896896,375362871
3.843003,-34.6289,105.4688,105.4688,58,5,3.896896,375362871
3.845010,-34.6289,106.3477,106.3477,58,5,3.896896,375362871
3.847018,-34.6289,107.0508,107.0508,58,5,3.896896,375362871
3.849022,-34.8047,107.7539,107.7539,58,5,3.896896,375362871
3.851022,-34.8047,108.4570,108.4570,58,5,3.896896,375362871
3.853022,-34.8047,109.1602,109.1602,58,5,3.896896,375362871
3.855039,-34.9805,109.8633,109.8633,58,5,3.896896,375362871
3.857038,-34.9805,110.3906,110.3906,58,5,3.896896,375362871
3.859038,-35.1562,111.0938,111.0938,58,5,3.896896,375362871
3.863452,-35.1562,112.1484,112.1484,58,5,3.896896,375362871
3.863917,-35.1562,112.3242,112.3242,58,5,3.896896,375362871
3.865011,-35.3320,112.6758,112.6758,58,5,3.896896,375362871
3.867011,-35.3320,113.2031,113.2031,58,5,3.896896,375362871
3.869011,-35.5078,113.5547,113.5547,58,5,3.896896,375362871
3.871011,-35.5078,113.9062,113.9062,58,5,3.896896,375362871
3.873041,-35.6836,114.4336,114.4336,58,5,3.896896,375362871
3.875040,-35.8594,114.7852,114.7852,58,5,3.896896,375362871
3.876959,-35.8594,114.9609,114.9609,58,5,3.896896,375362871
3.879037,-36.0352,115.4883,115.4883,58,5,3.896896,375362871
3.881038,-36.0352,115.6641,115.6641,58,5,3.896896,375362871
3.882992,-36.2109,116.0156,116.0156,58,5,3.896896,375362871
3.884964,-36.3867,116.1914,116.1914,58,5,3.896896,375362871
3.890237,-36.7383,116.7188,116.7188,58,5,4.138030,375606892
3.891486,-36.9141,116.7188,116.7188,58,5,4.138030,375606892
3.892076,-36.9141,116.7188,116.7188,58,5,4.138030,375606892
3.893020,-37.0898,116.7188,116.7188,58,5,4.138030,375606892
3.894983,-37.2656,116.8945,116.8945,58,5,4.138030,375606892
3.896993,-37.4414,116.8945,116.8945,57,5,4.138030,375606892
3.899002,-37.6172,116.8945,116.8945,57,5,4.138030,375606892
3.900988,-37.7930,116.8945,116.8945,57,5,4.138030,375606892
3.902975,-37.9688,116.8945,116.8945,57,5,4.138030,375606892
3.904958,-38.1445,116.8945,116.8945,57,5,4.138030,375606892
3.907031,-38.4961,116.8945,116.8945,57,5,4.138030,375606892
3.909016,-38.6719,116.7188,116.7188,57,5,4.138030,375606892
3.911026,-38.8477,116.5430,116.5430,57,5,4.138030,375606892
3.913077,-39.1992,116.3672,116.3672,57,5,4.138030,375606892
3.915013,-39.3750,116.1914,116.1914,57,5,4.138030,375606892
3.916986,-39.5508,116.0156,116.0156,57,5,4.138030,375606892
3.919044,-39.9023,115.6641,115.6641,57,5,4.138030,375606892
3.921005,-40.2539,115.4883,115.4883,57,5,4.138030,375606892
3.923019,-40.4297,115.1367,115.1367,57,5,4.138030,375606892
3.925022,-40.7812,114.7852,114.7852,57,5,4.138030,375606892
3.927022,-40.9570,114.4336,114.4336,57,5,4.138030,375606892
3.929022,-41.3086,114.0820,114.0820,57,5,4.138030,375606892
3.931022,-41.6602,113.5547,113.5547,57,5,4.138030,375606892
3.933022,-41.8359,113.2031,113.2031,57,5,4.138030,375606892
3.935022,-42.1875,112.6758,112.6758,57,5,4.138030,375606892
3.936959,-42.3633,112.1484,112.1484,-57,5,4.138030,375606892
3.938963,-42.7148,111.6211,111.6211,-57,5,4.138030,375606892
3.940968,-43.0664,111.0938,111.0938,-57,5,4.138030,375606892
3.942971,-43.2422,110.5664,110.5664,-57,5,4.138030,375606892
3.944975,-43.5938,109.8633,109.8633,-57,5,4.138030,375606892
3.946976,-43.7695,109.3359,109.3359,-57,5,4.138030,375606892
3.948976,-44.1211,108.6328,108.6328,-57,5,4.138030,375606892
3.950979,-44.4727,107.9297,107.9297,-57,5,4.138030,375606892
3.952979,-44.6484,107.2266,107.2266,-57,5,4.138030,375606892
3.954979,-45.0000,106.5234,106.5234,-57,5,4.138030,375606892
3.956979,-45.1758,105.8203,105.8203,-57,5,4.138030,375606892
3.958996,-45.3516,104.9414,104.9414,-57,5,4.138030,375606892
3.964001,-45.8789,102.8320,102.8320,-57,5,4.138030,375606892
3.964555,-46.0547,102.6562,102.6562,-57,5,4.138030,375606892
3.965027,-46.0547,102.4805,102.4805,-56,5,4.138030,375606892
3.967028,-46.2305,101.6016,101.6016,-56,5,4.138030,375606892
3.969030,-46.5820,100.7227,100.7227,-56,5,4.138030,375606892
3.971030,-46.7578,99.8438,99.8438,-56,5,4.138030,375606892
3.973030,-46.9336,98.7891,98.7891,-56,5,4.138030,375606892
3.975030,-47.1094,97.9102,97.9102,-56,5,4.138030,375606892
3.977001,-47.2852,96.8555,96.8555,-56,5,4.138030,375606892
3.979025,-47.4609,95.8008,95.8008,-56,5,4.138030,375606892
3.981029,-47.6367,94.7461,94.7461,-56,5,4.138030,375606892
3.982963,-47.6367,93.6914,93.6914,-56,5,4.138030,375606892
3.984968,-47.8125,92.6367,92.6367,-56,5,4.138030,375606892
3.986971,-47.9883,91.5820,91.5820,-56,5,4.138030,375606892
3.988975,-47.9883,90.3516,90.3516,-56,5,4.138030,375606892
3.990976,-48.1641,89.1211,89.1211,-56,5,4.138030,375606892
3.992976,-48.1641,87.8906,87.8906,-56,5,4.138030,375606892
3.994979,-48.3398,86.6602,86.6602,-56,5,4.138030,375606892
3.996979,-48.3398,85.4297,85.4297,-56,5,4.138030,375606892
3.998979,-48.3398,84.0234,84.0234,-56,5,4.138030,375606892
4.000996,-48.3398,82.7930,82.7930,-56,5,4.138030,375606892
4.003001,-48.5156,81.3867,81.3867,-56,5,4.138030,375606892
4.005003,-48.5156,79.9805,79.9805,-56,5,4.138030,375606892
4.007010,-48.5156,78.5742,78.5742,-56,5,4.138030,375606892
4.009011,-48.3398,77.1680,77.1680,-56,5,4.138030,375606892
4.011011,-48.3398,75.5859,75.5859,-56,5,4.138030,375606892
4.013011,-48.3398,74.1797,74.1797,-56,5,4.138030,375606892
4.015011,-48.1641,72.5977,72.5977,-56,5,4.138030,375606892
4.017011,-47.9883,71.0156,71.0156,-56,5,4.138030,375606892
4.019011,-47.9883,69.4336,69.4336,-56,5,4.138030,375606892
4.021025,-47.8125,67.6758,67.6758,-56,5,4.138030,375606892
4.022963,-47.6367,66.0938,66.0938,-56,5,4.138030,375606892
4.024968,-47.2852,64.3359,64.3359,-56,5,4.138030,375606892
4.026971,-47.1094,62.5781,62.5781,-56,5,4.138030,375606892
4.028975,-46.7578,60.8203,60.8203,-56,5,4.138030,375606892
4.030976,-46.5820,59.0625,59.0625,-56,5,4.138030,375606892
4.032976,-46.2305,57.1289,57.1289,-56,5,4.138030,375606892
4.034976,-45.8789,55.1953,55.1953,-56,5,4.138030,375606892
4.036979,-45.3516,53.2617,53.2617,-57,5,4.138030,375606892
4.038979,-45.0000,51.3281,51.3281,-57,5,4.138030,375606892
4.040979,-44.4727,49.2188,49.2188,-57,5,4.138030,375606892
4.042995,-43.9453,47.1094,47.1094,-57,5,4.138030,375606892
4.045000,-43.4180,45.0000,45.0000,-57,5,4.138030,375606892
4.047003,-42.7148,42.7148,42.7148,-57,5,4.138030,375606892
4.049018,-42.1875,40.4297,40.4297,-57,5,4.138030,375606892
4.051003,-41.3086,38.1445,38.1445,-57,5,4.138030,375606892
4.052992,-40.6055,35.8594,35.8594,-57,5,4.138030,375606892
4.054976,-39.7266,33.3984,33.3984,-57,5,4.138030,375606892
4.056963,-38.8477,31.1133,31.1133,-57,5,4.138030,375606892
4.059039,-37.9688,28.4766,28.4766,-57,5,4.138030,375606892
4.063697,-35.3320,22.1484,22.1484,-57,5,4.138030,375606892
4.064192,-35.1562,21.6211,21.6211,-58,5,4.138030,375606892
4.064995,-34.6289,20.3906,20.3906,-58,5,4.138030,375606892
4.066979,-33.3984,17.7539,17.7539,-58,5,4.138030,375606892
4.068968,-32.1680,14.9414,14.9414,-58,5,4.138030,375606892
4.070956,-30.7617,11.9531,11.9531,-58,5,4.138030,375606892
4.073030,-29.3555,8.9648,8.9648,-58,5,4.138030,375606892
4.075018,-27.9492,5.9766,5.9766,-58,5,4.138030,375606892
4.077003,-26.3672,5.2734,5.2734,-58,5,4.138030,375606892
4.079023,-24.9609,5.2734,5.2734,-58,5,4.138030,375606892
4.081029,-23.3789,5.2734,5.2734,-59,5,4.138030,375606892
4.083017,-21.9727,5.2734,5.2734,-59,5,4.138030,375606892
4.085003,-20.3906,5.2734,5.2734,-59,5,4.138030,375606892
4.087003,-18.9844,5.2734,5.2734,-59,5,4.138030,375606892
4.088992,-17.5781,3.6914,3.6914,-59,5,4.138030,375606892
4.090976,-16.1719,0.8789,0.8789,-59,5,4.138030,375606892
4.092963,-14.9414,-1.9336,-1.9336,-59,5,4.138030,375606892
4.095039,-13.5352,-4.9219,-4.9219,-59,5,4.138030,375606892
4.097026,-12.4805,-7.5586,-7.5586,-59,5,4.138030,375606892
4.099015,-11.2500,-10.3711,-10.3711,-59,5,4.138030,375606892
4.101000,-10.1953,-13.0078,-13.0078,-59,5,4.138030,375606892
4.102990,-9.3164,-15.4688,-15.4688,-59,5,4.138030,375606892
4.104976,-8.2617,-18.1055,-18.1055,-59,5,4.138030,375606892
4.106963,-7.3828,-20.3906,-20.3906,-59,5,4.138030,375606892
4.108967,-6.5039,-22.8516,-22.8516,-59,5,4.138030,375606892
4.110956,-5.8008,-25.3125,-25.3125,-59,5,4.138030,375606892
4.113029,-5.0977,-27.5977,-27.5977,-59,5,4.138030,375606892
4.115017,-4.3945,-29.8828,-29.8828,-59,5,4.138030,375606892
4.117003,-3.6914,-31.9922,-31.9922,-59,5,4.138030,375606892
4.118964,-2.9883,-34.2773,-34.2773,-59,5,4.138030,375606892
4.120964,-2.4609,-36.3867,-36.3867,-59,5,4.138030,375606892
4.123007,-1.9336,-38.4961,-38.4961,-59,5,4.138030,375606892
4.124992,-1.4062,-40.4297,-40.4297,-59,5,4.138030,375606892
4.126985,-0.8789,-42.5391,-42.5391,-59,5,4.138030,375606892
4.129031,-0.5273,-44.4727,-44.4727,-59,5,4.138030,375606892
4.134244,0.5273,-49.5703,-49.5703,-59,5,4.370584,375836748
4.135506,0.7031,-50.6250,-50.6250,-59,5,4.370584,375836748
4.136115,0.8789,-51.1523,-51.1523,-59,5,4.370584,375836748
4.136990,1.0547,-52.0312,-52.0312,-59,5,4.370584,375836748
4.138986,1.4062,-53.7891,-53.7891,-59,5,4.370584,375836748
4.141017,1.7578,-55.5469,-55.5469,-59,5,4.370584,375836748
4.143015,1.9336,-57.3047,-57.3047,-59,5,4.370584,375836748
4.144957,2.2852,-58.8867,-58.8867,-59,5,4.370584,375836748
4.146965,2.4609,-60.4688,-60.4688,-59,5,4.370584,375836748
4.148989,2.8125,-62.2266,-62.2266,-59,5,4.370584,375836748
4.150993,2.9883,-63.8086,-63.8086,-59,5,4.370584,375836748
4.153031,3.1641,-65.3906,-65.3906,-59,5,4.370584,375836748
4.155039,3.3398,-66.9727,-66.9727,-59,5,4.370584,375836748
4.156962,3.6914,-68.5547,-68.5547,-59,5,4.370584,375836748
4.159043,3.8672,-70.1367,-70.1367,-59,5,4.370584,375836748
4.163997,4.2188,-73.6523,-73.6523,-59,5,4.370584,375836748
4.164543,4.2188,-74.0039,-74.0039,-59,5,4.370584,375836748
4.165023,4.2188,-74.3555,-74.3555,-59,5,4.370584,375836748
4.167030,4.3945,-75.7617,-75.7617,-59,5,4.370584,375836748
4.168966,4.5703,-76.9922,-76.9922,-59,5,4.370584,375836748
4.170976,4.7461,-78.3984,-78.3984,-59,5,4.370584,375836748
4.173010,4.9219,-79.6289,-79.6289,-59,5,4.370584,375836748
4.175022,4.9219,-80.8594,-80.8594,-59,5,4.370584,375836748
4.177030,5.0977,-82.0898,-82.0898,-59,5,4.370584,375836748
4.179039,5.2734,-83.4961,-83.4961,-59,5,4.370584,375836748
4.180985,5.4492,-84.5508,-84.5508,-59,5,4.370584,375836748
4.183000,5.4492,-85.7812,-85.7812,-59,5,4.370584,375836748
4.185015,5.6250,-86.8359,-86.8359,-59,5,4.370584,375836748
4.187026,5.6250,-88.0664,-88.0664,-59,5,4.370584,375836748
4.189033,5.8008,-89.1211,-89.1211,-59,5,4.370584,375836748
4.190960,5.8008,-90.1758,-90.1758,-59,5,4.370584,375836748
4.193004,5.9766,-91.2305,-91.2305,-59,5,4.370584,375836748
4.195029,6.1523,-92.2852,-92.2852,-59,5,4.370584,375836748
4.197039,6.1523,-93.1641,-93.1641,-59,5,4.370584,375836748
4.198962,6.3281,-94.0430,-94.0430,-59,5,4.370584,375836748
4.200975,6.3281,-95.0977,-95.0977,-59,5,4.370584,375836748
4.202984,6.5039,-95.9766,-95.9766,-59,5,4.370584,375836748
4.204994,6.6797,-96.8555,-96.8555,-59,5,4.370584,375836748
4.207007,6.8555,-97.7344,-97.7344,-59,5,4.370584,375836748
4.209015,6.8555,-98.4375,-98.4375,-59,5,4.370584,375836748
4.211026,7.0312,-99.3164,-99.3164,-59,5,4.370584,375836748
4.213033,7.2070,-100.1953,-100.1953,-59,5,4.370584,375836748
4.214971,7.2070,-100.8984,-100.8984,-59,5,4.370584,375836748
4.216979,7.3828,-101.6016,-101.6016,-59,5,4.370584,375836748
4.218992,7.5586,-102.3047,-102.3047,-59,5,4.370584,375836748
4.221003,7.7344,-103.0078,-103.0078,-59,5,4.370584,375836748
4.223032,7.9102,-103.5352,-103.5352,-59,5,4.370584,375836748
4.224959,8.0859,-104.0625,-104.0625,-59,5,4.370584,375836748
4.226970,8.2617,-104.7656,-104.7656,-59,5,4.370584,375836748
4.228979,8.4375,-105.2930,-105.2930,-59,5,4.370584,375836748
4.230992,8.6133,-105.8203,-105.8203,-59,5,4.370584,375836748
4.233003,8.7891,-106.3477,-106.3477,-59,5,4.370584,375836748
4.235015,8.9648,-106.6992,-106.6992,-59,5,4.370584,375836748
4.237039,9.3164,-107.2266,-107.2266,-59,5,4.370584,375836748
4.238962,9.4922,-107.5781,-107.5781,-59,5,4.370584,375836748
4.240992,9.6680,-108.1055,-108.1055,-59,5,4.370584,375836748
4.243003,10.0195,-108.2812,-108.2812,-59,5,4.370584,375836748
4.245015,10.1953,-108.8086,-108.8086,-59,5,4.370584,375836748
4.247026,10.5469,-108.9844,-108.9844,-59,5,4.370584,375836748
4.249033,10.7227,-109.3359,-109.3359,-59,5,4.370584,375836748
4.250959,11.0742,-109.5117,-109.5117,-59,5,4.370584,375836748
4.252970,11.2500,-109.6875,-109.6875,-59,5,4.370584,375836748
4.254979,11.6016,-109.8633,-109.8633,-59,5,4.370584,375836748
4.256992,11.9531,-110.0391,-110.0391,-59,5,4.370584,375836748
4.259018,12.3047,-110.2148,-110.2148,-59,5,4.370584,375836748
4.263455,13.0078,-110.3906,-110.3906,-59,5,4.370584,375836748
4.263944,13.1836,-110.3906,-110.3906,-59,5,4.370584,375836748
4.265030,13.1836,-110.3906,-110.3906,-59,5,4.370584,375836748
4.267039,13.7109,-110.3906,-110.3906,-59,5,4.370584,375836748
4.268962,13.8867,-110.3906,-110.3906,-59,5,4.370584,375836748
4.270975,14.4141,-110.3906,-110.3906,-59,5,4.370584,375836748
4.272984,14.7656,-110.2148,-110.2148,-59,5,4.370584,375836748
4.274994,15.1172,-110.2148,-110.2148,-59,5,4.370584,375836748
4.277007,15.6445,-110.0391,-110.0391,-59,5,4.370584,375836748
4.279039,15.9961,-109.8633,-109.8633,-59,5,4.370584,375836748
4.280962,16.3477,-109.6875,-109.6875,-59,5,4.370584,375836748
4.283011,16.8750,-109.5117,-109.5117,-59,5,4.370584,375836748
4.285023,17.4023,-109.3359,-109.3359,-59,5,4.370584,375836748
4.286957,17.7539,-108.9844,-108.9844,-59,5,4.370584,375836748
4.288968,18.2812,-108.6328,-108.6328,-59,5,4.370584,375836748
4.290976,18.6328,-108.2812,-108.2812,-59,5,4.370584,375836748
4.292984,19.1602,-107.9297,-107.9297,-59,5,4.370584,375836748
4.294994,19.6875,-107.5781,-107.5781,-59,5,4.370584,375836748
4.297007,20.2148,-107.2266,-107.2266,-59,5,4.370584,375836748
4.299033,20.5664,-106.6992,-106.6992,59,5,4.370584,375836748
4.300959,21.0938,-106.1719,-106.1719,59,5,4.370584,375836748
4.302970,21.6211,-105.6445,-105.6445,59,5,4.370584,375836748
4.304979,22.1484,-105.1172,-105.1172,59,5,4.370584,375836748
4.306992,22.5000,-104.5898,-104.5898,59,5,4.370584,375836748
4.309003,23.0273,-104.0625,-104.0625,59,5,4.370584,375836748
4.311015,23.5547,-103.3594,-103.3594,59,5,4.370584,375836748
4.313026,23.9062,-102.8320,-102.8320,59,5,4.370584,375836748
4.315033,24.4336,-102.3047,-102.3047,59,5,4.370584,375836748
4.316959,24.9609,-101.6016,-101.6016,59,5,4.370584,375836748
4.318970,25.3125,-100.8984,-100.8984,59,5,4.370584,375836748
4.320994,25.8398,-100.1953,-100.1953,59,5,4.370584,375836748
4.323015,26.1914,-99.4922,-99.4922,59,5,4.370584,375836748
4.325026,26.7188,-98.7891,-98.7891,58,5,4.370584,375836748
4.327033,27.0703,-97.9102,-97.9102,58,5,4.370584,375836748
4.328959,27.4219,-97.2070,-97.2070,58,5,4.370584,375836748
4.330970,27.9492,-96.3281,-96.3281,58,5,4.370584,375836748
4.332979,28.3008,-95.4492,-95.4492,58,5,4.370584,375836748
4.334992,28.8281,-94.7461,-94.7461,58,5,4.370584,375836748
4.337003,29.1797,-93.8672,-93.8672,58,5,4.370584,375836748
4.339015,29.5312,-92.8125,-92.8125,58,5,4.370584,375836748
4.341039,29.8828,-91.9336,-91.9336,58,5,4.370584,375836748
4.342962,30.2344,-91.0547,-91.0547,58,5,4.370584,375836748
4.344975,30.7617,-90.0000,-90.0000,58,5,4.370584,375836748
4.346984,30.9375,-88.9453,-88.9453,58,5,4.370584,375836748
4.348966,31.4648,-87.8906,-87.8906,58,5,4.370584,375836748
4.351032,31.6406,-86.8359,-86.8359,58,5,4.370584,375836748
4.353017,31.9922,-85.7812,-85.7812,58,5,4.370584,375836748
4.355026,32.3438,-84.7266,-84.7266,58,5,4.370584,375836748
4.356967,32.6953,-83.6719,-83.6719,58,5,4.370584,375836748
4.359010,33.0469,-82.4414,-82.4414,58,5,4.370584,375836748
4.368247,34.2773,-76.8164,-76.8164,58,5,4.619818,376086905
4.369188,34.2773,-76.2891,-76.2891,58,5,4.619818,376086905
4.369577,34.2773,-75.9375,-75.9375,58,5,4.619818,376086905
4.369940,34.2773,-75.7617,-75.7617,58,5,4.619818,376086905
4.370303,34.4531,-75.5859,-75.5859,58,5,4.619818,376086905
4.371020,34.4531,-75.0586,-75.0586,58,5,4.619818,376086905
4.373028,34.6289,-73.6523,-73.6523,58,5,4.619818,376086905
4.375037,34.9805,-72.4219,-72.4219,58,5,4.619818,376086905
4.377015,34.9805,-71.0156,-71.0156,58,5,4.619818,376086905
4.378976,35.1562,-69.6094,-69.6094,58,5,4.619818,376086905
4.381026,35.3320,-68.2031,-68.2031,58,5,4.619818,376086905
4.383000,35.5078,-66.6211,-66.6211,58,5,4.619818,376086905
4.385015,35.6836,-65.2148,-65.2148,58,5,4.619818,376086905
4.386993,35.6836,-63.6328,-63.6328,58,5,4.619818,376086905
4.389030,35.8594,-62.0508,-62.0508,58,5,4.619818,376086905
4.390971,35.8594,-60.4688,-60.4688,58,5,4.619818,376086905
4.393009,35.8594,-58.8867,-58.8867,58,5,4.619818,376086905
4.395051,35.8594,-57.3047,-57.3047,58,5,4.619818,376086905
4.396975,35.8594,-55.5469,-55.5469,58,5,4.619818,376086905
4.398984,35.8594,-53.9648,-53.9648,58,5,4.619818,376086905
4.400994,35.8594,-52.2070,-52.2070,58,5,4.619818,376086905
4.403007,35.8594,-50.4492,-50.4492,58,5,4.619818,376086905
4.405015,35.6836,-48.5156,-48.5156,58,5,4.619818,376086905
4.407026,35.5078,-46.7578,-46.7578,58,5,4.619818,376086905
4.409033,35.3320,-44.8242,-44.8242,58,5,4.619818,376086905
4.410984,35.1562,-42.8906,-42.8906,58,5,4.619818,376086905
4.412971,34.9805,-40.9570,-40.9570,58,5,4.619818,376086905
4.414959,34.6289,-39.0234,-39.0234,58,5,4.619818,376086905
4.417031,34.2773,-36.9141,-36.9141,58,5,4.619818,376086905
4.419018,34.1016,-34.8047,-34.8047,58,5,4.619818,376086905
4.421004,33.5742,-32.6953,-32.6953,58,5,4.619818,376086905
4.423003,33.2227,-30.4102,-30.4102,58,5,4.619818,376086905
4.424992,32.8711,-28.1250,-28.1250,58,5,4.619818,376086905
4.426980,32.1680,-25.8398,-25.8398,58,5,4.619818,376086905
4.428968,31.6406,-23.5547,-23.5547,58,5,4.619818,376086905
4.430956,30.9375,-21.0938,-21.0938,58,5,4.619818,376086905
4.432959,30.4102,-18.6328,-18.6328,58,5,4.619818,376086905
4.435031,29.5312,-15.9961,-15.9961,58,5,4.619818,376086905
4.437018,28.8281,-13.3594,-13.3594,58,5,4.619818,376086905
4.439004,27.9492,-10.7227,-10.7227,58,5,4.619818,376086905
4.440992,26.8945,-8.0859,-8.0859,58,5,4.619818,376086905
4.442976,25.8398,-5.2734,-5.2734,58,5,4.619818,376086905
4.444963,24.7852,-2.4609,-2.4609,59,5,4.619818,376086905
4.447039,23.5547,0.7031,0.7031,59,5,4.619818,376086905
4.449028,22.3242,3.6914,3.6914,59,5,4.619818,376086905
4.451018,21.0938,6.6797,6.6797,59,5,4.619818,376086905
4.453022,19.6875,9.8438,9.8438,59,5,4.619818,376086905
4.455010,18.2812,13.0078,13.0078,59,5,4.619818,376086905
4.456994,16.8750,16.1719,16.1719,59,5,4.619818,376086905
4.458979,15.4688,19.5117,19.5117,59,5,4.619818,376086905
4.463691,11.9531,27.0703,27.0703,59,5,4.619818,376086905
4.464192,11.7773,27.7734,27.7734,59,5,4.619818,376086905
4.464975,11.0742,29.0039,29.0039,59,5,4.619818,376086905
4.466963,9.8438,32.1680,32.1680,59,5,4.619818,376086905
4.469039,8.4375,35.3320,35.3320,59,5,4.619818,376086905
4.471028,7.2070,38.3203,38.3203,59,5,4.619818,376086905
4.473033,5.9766,41.3086,41.3086,59,5,4.619818,376086905
4.475021,4.9219,44.2969,44.2969,59,5,4.619818,376086905
4.477010,3.8672,47.1094,47.1094,59,5,4.619818,376086905
4.479018,2.8125,49.9219,49.9219,59,5,4.619818,376086905
4.481022,1.9336,52.7344,52.7344,59,5,4.619818,376086905
4.483026,1.0547,55.3711,55.3711,59,5,4.619818,376086905
4.485028,0.1758,58.0078,58.0078,59,5,4.619818,376086905
4.487030,-0.5273,60.4688,60.4688,59,5,4.619818,376086905
4.488995,-1.2305,62.9297,62.9297,59,5,4.619818,376086905
4.491000,-1.9336,65.3906,65.3906,59,5,4.619818,376086905
4.493003,-2.4609,67.8516,67.8516,0,5,4.619818,376086905
4.495018,-2.9883,70.1367,70.1367,0,5,4.619818,376086905
4.497022,-3.5156,72.4219,72.4219,0,5,4.619818,376086905
4.499024,-4.0430,74.7070,74.7070,0,5,4.619818,376086905
4.501044,-4.3945,76.9922,76.9922,0,5,4.619818,376086905
4.502959,-4.7461,78.9258,78.9258,0,5,4.619818,376086905
4.504962,-5.0977,81.0352,81.0352,0,5,4.619818,376086905
4.506964,-5.4492,83.1445,83.1445,0,5,4.619818,376086905
4.508968,-5.8008,85.2539,85.2539,0,5,4.619818,376086905
4.510971,-5.9766,87.1875,87.1875,0,5,4.619818,376086905
4.512971,-6.3281,89.2969,89.2969,0,5,4.619818,376086905
4.514975,-6.5039,91.0547,91.0547,0,5,4.619818,376086905
4.516992,-6.6797,93.1641,93.1641,0,5,4.619818,376086905
4.518993,-6.8555,94.9219,94.9219,0,5,4.619818,376086905
4.520994,-6.8555,96.6797,96.6797,0,5,4.619818,376086905
4.523003,-7.0312,98.6133,98.6133,0,5,4.619818,376086905
4.525007,-7.0312,100.3711,100.3711,0,5,4.619818,376086905
4.527009,-7.2070,102.1289,102.1289,0,5,4.619818,376086905
4.529015,-7.2070,103.8867,103.8867,0,5,4.619818,376086905
4.531015,-7.2070,105.4688,105.4688,0,5,4.619818,376086905
4.533015,-7.2070,107.2266,107.2266,0,5,4.619818,376086905
4.535015,-7.2070,108.8086,108.8086,0,5,4.619818,376086905
4.537030,-7.2070,110.3906,110.3906,59,5,4.619818,376086905
4.539030,-7.2070,111.9727,111.9727,59,5,4.619818,376086905
4.541030,-7.2070,113.5547,113.5547,59,5,4.619818,376086905
4.543030,-7.2070,114.9609,114.9609,59,5,4.619818,376086905
4.545030,-7.2070,116.3672,116.3672,59,5,4.619818,376086905
4.547030,-7.0312,117.9492,117.9492,59,5,4.619818,376086905
4.549030,-7.0312,119.3555,119.3555,0,5,4.619818,376086905
4.551030,-6.8555,120.7617,120.7617,0,5,4.619818,376086905
4.553030,-6.8555,122.1680,122.1680,0,5,4.619818,376086905
4.555030,-6.6797,123.3984,123.3984,0,5,4.619818,376086905
4.556967,-6.6797,124.8047,124.8047,59,5,4.619818,376086905
4.558970,-6.5039,126.0352,126.0352,59,5,4.619818,376086905
4.563494,-6.3281,129.0234,129.0234,59,5,4.619818,376086905
4.563987,-6.3281,129.3750,129.3750,59,5,4.619818,376086905
4.564967,-6.1523,129.9023,129.9023,59,5,4.619818,376086905
4.566970,-5.9766,131.1328,131.1328,59,5,4.619818,376086905
4.568975,-5.9766,132.1875,132.1875,59,5,4.619818,376086905
4.570976,-5.8008,133.4180,133.4180,59,5,4.619818,376086905
4.572976,-5.6250,134.4727,134.4727,59,5,4.619818,376086905
4.574979,-5.6250,135.7031,135.7031,59,5,4.619818,376086905
4.577022,-5.4492,136.7578,136.7578,59,5,4.619818,376086905
4.578979,-5.2734,137.8125,137.8125,59,5,4.619818,376086905
4.581000,-5.0977,138.8672,138.8672,59,5,4.619818,376086905
4.583024,-5.0977,139.9219,139.9219,59,5,4.619818,376086905
4.584962,-4.9219,140.8008,140.8008,59,5,4.619818,376086905
4.586986,-4.9219,141.6797,141.6797,59,5,4.619818,376086905
4.589011,-4.7461,142.7344,142.7344,59,5,4.619818,376086905
4.590984,-4.7461,143.6133,143.6133,59,5,4.619818,376086905
4.593026,-4.5703,144.4922,144.4922,59,5,4.619818,376086905
4.595024,-4.3945,145.1953,145.1953,59,5,4.619818,376086905
4.597024,-4.3945,146.0742,146.0742,59,5,4.619818,376086905
4.598996,-4.3945,146.9531,146.9531,59,5,4.619818,376086905
4.600975,-4.2188,147.6562,147.6562,59,5,4.619818,376086905
4.603001,-4.2188,148.3594,148.3594,59,5,4.619818,376086905
4.605025,-4.2188,149.0625,149.0625,59,5,4.619818,376086905
4.606994,-4.0430,149.7656,149.7656,59,5,4.619818,376086905
4.608998,-4.0430,150.4688,150.4688,59,5,4.619818,376086905
4.614067,-4.0430,152.0508,152.0508,59,5,4.851941,376322776
4.615457,-4.0430,152.4023,152.4023,59,5,4.851941,376322776
4.616049,-4.0430,152.5781,152.5781,59,5,4.851941,376322776
4.617037,-4.0430,152.9297,152.9297,59,5,4.851941,376322776
4.619039,-4.0430,153.4570,153.4570,59,5,4.851941,376322776
4.621015,-4.0430,153.8086,153.8086,59,5,4.851941,376322776
4.622974,-4.0430,154.3359,154.3359,59,5,4.851941,376322776
4.625003,-4.2188,154.6875,154.6875,59,5,4.851941,376322776
4.627015,-4.2188,155.2148,155.2148,59,5,4.851941,376322776
4.628993,-4.2188,155.5664,155.5664,59,5,4.851941,376322776
4.631045,-4.3945,155.9180,155.9180,59,5,4.851941,376322776
4.632985,-4.3945,156.2695,156.2695,59,5,4.851941,376322776
4.635003,-4.5703,156.4453,156.4453,59,5,4.851941,376322776
4.637029,-4.7461,156.7969,156.7969,59,5,4.851941,376322776
4.638964,-4.7461,156.9727,156.9727,59,5,4.851941,376322776
4.641022,-4.9219,157.1484,157.1484,59,5,4.851941,376322776
4.642976,-5.0977,157.5000,157.5000,59,5,4.851941,376322776
4.644956,-5.2734,157.5000,157.5000,59,5,4.851941,376322776
4.646979,-5.4492,157.6758,157.6758,59,5,4.851941,376322776
4.649003,-5.6250,157.8516,157.8516,59,5,4.851941,376322776
4.651029,-5.8008,157.8516,157.8516,59,5,4.851941,376322776
4.652964,-5.9766,157.8516,157.8516,59,5,4.851941,376322776
4.654990,-6.3281,157.8516,157.8516,59,5,4.851941,376322776
4.657015,-6.5039,157.8516,157.8516,59,5,4.851941,376322776
4.659033,-6.6797,157.8516,157.8516,59,5,4.851941,376322776
4.663984,-7.3828,157.6758,157.6758,59,5,4.851941,376322776
4.664578,-7.5586,157.6758,157.6758,59,5,4.851941,376322776
4.664961,-7.5586,157.5000,157.5000,59,5,4.851941,376322776
4.666990,-7.9102,157.5000,157.5000,59,5,4.851941,376322776
4.669015,-8.2617,157.1484,157.1484,59,5,4.851941,376322776
4.671033,-8.6133,156.9727,156.9727,59,5,4.851941,376322776
4.672971,-8.7891,156.7969,156.7969,59,5,4.851941,376322776
4.674994,-9.1406,156.4453,156.4453,59,5,4.851941,376322776
4.677017,-9.4922,156.2695,156.2695,59,5,4.851941,376322776
4.679039,-10.0195,155.9180,155.9180,59,5,4.851941,376322776
4.681004,-10.1953,155.5664,155.5664,-59,5,4.851941,376322776
4.683029,-10.7227,155.2148,155.2148,-59,5,4.851941,376322776
4.684964,-10.8984,154.8633,154.8633,-59,5,4.851941,376322776
4.686990,-11.4258,154.3359,154.3359,-59,5,4.851941,376322776
4.689015,-11.7773,153.9844,153.9844,-59,5,4.851941,376322776
4.691033,-12.1289,153.4570,153.4570,-59,5,4.851941,376322776
4.692995,-12.4805,152.9297,152.9297,-59,5,4.851941,376322776
4.695010,-12.8320,152.5781,152.5781,-59,5,4.851941,376322776
4.697030,-13.1836,152.0508,152.0508,-59,5,4.851941,376322776
4.698987,-13.5352,151.5234,151.5234,-59,5,4.851941,376322776
4.701010,-13.8867,150.9961,150.9961,-59,5,4.851941,376322776
4.702962,-14.2383,150.4688,150.4688,-59,5,4.851941,376322776
4.704984,-14.5898,149.7656,149.7656,-59,5,4.851941,376322776
4.707003,-14.9414,149.2383,149.2383,-59,5,4.851941,376322776
4.709029,-15.2930,148.5352,148.5352,-59,5,4.851941,376322776
4.710964,-15.6445,148.0078,148.0078,-59,5,4.851941,376322776
4.712988,-15.9961,147.3047,147.3047,-59,5,4.851941,376322776
4.715010,-16.3477,146.6016,146.6016,-59,5,4.851941,376322776
4.717030,-16.5234,145.8984,145.8984,-59,5,4.851941,376322776
4.718964,-16.8750,145.1953,145.1953,-59,5,4.851941,376322776
4.720990,-17.2266,144.4922,144.4922,-59,5,4.851941,376322776
4.723032,-17.5781,143.6133,143.6133,-59,5,4.851941,376322776
4.724984,-17.7539,142.9102,142.9102,-59,5,4.851941,376322776
4.727003,-18.1055,142.0312,142.0312,-59,5,4.851941,376322776
4.729029,-18.4570,141.3281,141.3281,-59,5,4.851941,376322776
4.730964,-18.6328,140.4492,140.4492,-59,5,4.851941,376322776
4.732990,-18.9844,139.5703,139.5703,-59,5,4.851941,376322776
4.735015,-19.1602,138.6914,138.6914,-59,5,4.851941,376322776
4.737033,-19.5117,137.8125,137.8125,-59,5,4.851941,376322776
4.738971,-19.8633,136.7578,136.7578,-59,5,4.851941,376322776
4.741030,-20.0391,135.8789,135.8789,-59,5,4.851941,376322776
4.742964,-20.2148,135.0000,135.0000,-59,5,4.851941,376322776
4.744984,-20.5664,133.9453,133.9453,-59,5,4.851941,376322776
4.747038,-20.7422,132.8906,132.8906,-59,5,4.851941,376322776
4.749038,-20.9180,131.8359,131.8359,-59,5,4.851941,376322776
4.751038,-21.0938,130.7812,130.7812,-59,5,4.851941,376322776
4.753038,-21.2695,129.7266,129.7266,-59,5,4.851941,376322776
4.755038,-21.6211,128.6719,128.6719,-59,5,4.851941,376322776
4.757038,-21.7969,127.6172,127.6172,-59,5,4.851941,376322776
4.759038,-21.9727,126.3867,126.3867,-59,5,4.851941,376322776
4.763500,-22.3242,123.7500,123.7500,-59,5,4.851941,376322776
4.763997,-22.3242,123.3984,123.3984,-59,5,4.851941,376322776
4.764972,-22.3242,122.8711,122.8711,-59,5,4.851941,376322776
4.766976,-22.5000,121.6406,121.6406,-59,5,4.851941,376322776
4.769003,-22.6758,120.4102,120.4102,-59,5,4.851941,376322776
4.771010,-22.6758,119.0039,119.0039,-59,5,4.851941,376322776
4.773011,-22.8516,117.7734,117.7734,-59,5,4.851941,376322776
4.775011,-22.8516,116.3672,116.3672,-59,5,4.851941,376322776
4.777011,-23.0273,114.9609,114.9609,-59,5,4.851941,376322776
4.779011,-23.0273,113.5547,113.5547,-59,5,4.851941,376322776
4.781011,-23.0273,112.3242,112.3242,-59,5,4.851941,376322776
4.783011,-23.0273,110.7422,110.7422,-59,5,4.851941,376322776
4.785011,-23.0273,109.3359,109.3359,-59,5,4.851941,376322776
4.787011,-23.0273,107.7539,107.7539,-59,5,4.851941,376322776
4.789028,-23.0273,106.3477,106.3477,-59,5,4.851941,376322776
4.791030,-23.0273,104.7656,104.7656,-59,5,4.851941,376322776
4.793030,-22.8516,103.1836,103.1836,-59,5,4.851941,376322776
4.795030,-22.8516,101.6016,101.6016,-59,5,4.851941,376322776
4.797019,-22.6758,100.0195,100.0195,-59,5,4.851941,376322776
4.799023,-22.6758,98.2617,98.2617,-59,5,4.851941,376322776
4.800957,-22.5000,96.6797,96.6797,-59,5,4.851941,376322776
4.802962,-22.3242,94.9219,94.9219,-59,5,4.851941,376322776
4.804968,-21.9727,93.1641,93.1641,-59,5,4.851941,376322776
4.806970,-21.7969,91.4062,91.4062,-59,5,4.851941,376322776
4.808975,-21.6211,89.4727,89.4727,-59,5,4.851941,376322776
4.810992,-21.2695,87.5391,87.5391,-59,5,4.851941,376322776
4.812994,-21.0938,85.7812,85.7812,-59,5,4.851941,376322776
4.814996,-20.5664,83.8477,83.8477,-59,5,4.851941,376322776
4.817000,-20.2148,81.7383,81.7383,-59,5,4.851941,376322776
4.819003,-19.8633,79.8047,79.8047,-59,5,4.851941,376322776
4.821010,-19.3359,77.6953,77.6953,-59,5,4.851941,376322776
4.823017,-18.9844,75.5859,75.5859,-59,5,4.851941,376322776
4.825022,-18.4570,73.4766,73.4766,-59,5,4.851941,376322776
4.827026,-17.7539,71.3672,71.3672,-59,5,4.851941,376322776
4.829028,-17.2266,69.0820,69.0820,-59,5,4.851941,376322776
4.830959,-16.5234,66.7969,66.7969,-59,5,4.851941,376322776
4.832963,-15.8203,64.5117,64.5117,-59,5,4.851941,376322776
4.834967,-15.1172,62.0508,62.0508,-59,5,4.851941,376322776
4.836970,-14.2383,59.5898,59.5898,-59,5,4.851941,376322776
4.839035,-13.3594,57.1289,57.1289,-59,5,4.851941,376322776
4.840984,-12.4805,54.4922,54.4922,-59,5,4.851941,376322776
4.843021,-11.4258,51.8555,51.8555,-59,5,4.851941,376322776
4.845015,-10.3711,49.2188,49.2188,-59,5,4.851941,376322776
4.850370,-6.8555,42.1875,42.1875,-59,5,5.092137,376558148
4.851888,-5.9766,40.0781,40.0781,-59,5,5.092137,376558148
4.852462,-5.6250,39.1992,39.1992,-59,5,5.092137,376558148
4.853086,-5.0977,38.3203,38.3203,-59,5,5.092137,376558148
4.854980,-3.6914,35.3320,35.3320,-59,5,5.092137,376558148
4.857028,-2.1094,32.1680,32.1680,-59,5,5.092137,376558148
4.859024,-0.5273,29.0039,29.0039,-59,5,5.092137,376558148
4.864880,4.3945,19.5117,19.5117,-59,5,5.092137,376558148
4.865492,4.9219,18.6328,18.6328,-59,5,5.092137,376558148
4.865843,5.2734,17.9297,17.9297,-59,5,5.092137,376558148
4.866967,6.3281,16.1719,16.1719,-59,5,5.092137,376558148
4.868956,7.9102,12.8320,12.8320,-59,5,5.092137,376558148
4.871030,9.6680,9.4922,9.4922,-59,5,5.092137,376558148
4.873039,11.4258,6.3281,6.3281,-59,5,5.092137,376558148
4.874982,12.8320,3.3398,3.3398,-59,5,5.092137,376558148
4.876956,14.4141,0.1758,0.1758,-59,5,5.092137,376558148
4.879030,15.9961,-2.8125,-2.8125,-59,5,5.092137,376558148
4.881017,17.4023,-5.8008,-5.8008,-59,5,5.092137,376558148
4.883004,18.6328,-8.7891,-8.7891,-59,5,5.092137,376558148
4.884992,19.8633,-11.6016,-11.6016,-59,5,5.092137,376558148
4.886976,21.0938,-14.4141,-14.4141,-59,5,5.092137,376558148
4.888963,22.3242,-17.0508,-17.0508,-59,5,5.092137,376558148
4.891039,23.3789,-19.6875,-19.6875,-59,5,5.092137,376558148
4.893039,24.2578,-22.3242,-22.3242,-59,5,5.092137,376558148
4.895028,25.1367,-24.9609,-24.9609,-59,5,5.092137,376558148
4.897018,26.0156,-27.2461,-27.2461,-59,5,5.092137,376558148
4.898979,26.8945,-29.7070,-29.7070,-59,5,5.092137,376558148
4.900968,27.5977,-32.1680,-32.1680,-58,5,5.092137,376558148
4.902979,28.3008,-34.4531,-34.4531,-58,5,5.092137,376558148
4.904968,29.0039,-36.7383,-36.7383,-58,5,5.092137,376558148
4.906956,29.7070,-39.0234,-39.0234,-58,5,5.092137,376558148
4.909029,30.4102,-41.3086,-41.3086,-58,5,5.092137,376558148
4.911018,30.9375,-43.4180,-43.4180,-58,5,5.092137,376558148
4.913004,31.4648,-45.5273,-45.5273,-58,5,5.092137,376558148
4.914964,31.9922,-47.6367,-47.6367,-58,5,5.092137,376558148
4.916979,32.3438,-49.5703,-49.5703,-58,5,5.092137,376558148
4.918992,32.8711,-51.6797,-51.6797,-58,5,5.092137,376558148
4.921003,33.2227,-53.6133,-53.6133,-58,5,5.092137,376558148
4.923032,33.7500,-55.5469,-55.5469,-58,5,5.092137,376558148
4.924959,34.1016,-57.4805,-57.4805,-58,5,5.092137,376558148
4.926970,34.4531,-59.4141,-59.4141,-58,5,5.092137,376558148
4.928979,34.8047,-61.1719,-61.1719,-58,5,5.092137,376558148
4.930992,34.9805,-63.1055,-63.1055,-58,5,5.092137,376558148
4.933003,35.3320,-64.8633,-64.8633,-58,5,5.092137,376558148
4.935015,35.6836,-66.6211,-66.6211,-58,5,5.092137,376558148
4.937039,35.8594,-68.3789,-68.3789,-58,5,5.092137,376558148
4.938962,36.0352,-69.9609,-69.9609,-58,5,5.092137,376558148
4.940975,36.3867,-71.7188,-71.7188,-58,5,5.092137,376558148
4.942984,36.5625,-73.4766,-73.4766,-58,5,5.092137,376558148
4.944994,36.7383,-75.0586,-75.0586,-58,5,5.092137,376558148
4.947007,37.0898,-76.6406,-76.6406,-58,5,5.092137,376558148
4.949015,37.0898,-78.0469,-78.0469,-58,5,5.092137,376558148
4.951026,37.2656,-79.6289,-79.6289,-58,5,5.092137,376558148
4.953033,37.4414,-81.2109,-81.2109,-57,5,5.092137,376558148
4.954959,37.6172,-82.6172,-82.6172,-57,5,5.092137,376558148
4.956970,37.7930,-84.1992,-84.1992,-57,5,5.092137,376558148
4.958994,37.9688,-85.6055,-85.6055,-57,5,5.092137,376558148
4.963532,38.3203,-88.7695,-88.7695,-57,5,5.092137,376558148
4.964037,38.3203,-89.1211,-89.1211,-57,5,5.092137,376558148
4.965022,38.3203,-89.8242,-89.8242,-57,5,5.092137,376558148
4.967030,38.4961,-91.0547,-91.0547,-57,5,5.092137,376558148
4.969039,38.6719,-92.4609,-92.4609,-57,5,5.092137,376558148
4.970962,38.6719,-93.6914,-93.6914,-57,5,5.092137,376558148
4.972975,38.8477,-94.9219,-94.9219,-57,5,5.092137,376558148
4.974984,39.0234,-96.1523,-96.1523,-57,5,5.092137,376558148
4.976994,39.1992,-97.3828,-97.3828,-57,5,5.092137,376558148
4.979029,39.1992,-98.6133,-98.6133,-57,5,5.092137,376558148
4.981039,39.3750,-99.8438,-99.8438,-57,5,5.092137,376558148
4.982962,39.3750,-100.8984,-100.8984,-57,5,5.092137,376558148
4.984975,39.5508,-101.9531,-101.9531,-57,5,5.092137,376558148
4.986984,39.7266,-103.1836,-103.1836,-57,5,5.092137,376558148
4.988994,39.9023,-104.0625,-104.0625,-57,5,5.092137,376558148
4.991007,39.9023,-105.2930,-105.2930,-57,5,5.092137,376558148
4.993015,40.0781,-106.1719,-106.1719,-57,5,5.092137,376558148
4.995026,40.0781,-107.2266,-107.2266,-57,5,5.092137,376558148
4.997033,40.2539,-108.2812,-108.2812,-57,5,5.092137,376558148
4.998971,40.4297,-109.1602,-109.1602,-57,5,5.092137,376558148
5.001018,40.6055,-110.0391,-110.0391,-57,5,5.092137,376558148
5.003026,40.7812,-110.9180,-110.9180,-57,5,5.092137,376558148
5.004960,40.9570,-111.7969,-111.7969,-57,5,5.092137,376558148
5.006971,40.9570,-112.6758,-112.6758,-57,5,5.092137,376558148
5.008979,41.3086,-113.5547,-113.5547,-57,5,5.092137,376558148
5.010992,41.3086,-114.2578,-114.2578,-57,5,5.092137,376558148
5.013003,41.4844,-114.9609,-114.9609,-57,5,5.092137,376558148
5.015015,41.8359,-115.8398,-115.8398,-57,5,5.092137,376558148
5.017026,42.0117,-116.5430,-116.5430,-57,5,5.092137,376558148
5.019033,42.1875,-117.2461,-117.2461,-57,5,5.092137,376558148
5.020971,42.3633,-117.7734,-117.7734,-57,5,5.092137,376558148
5.022992,42.5391,-118.4766,-118.4766,-57,5,5.092137,376558148
5.025004,42.8906,-119.1797,-119.1797,-57,5,5.092137,376558148
5.027015,43.0664,-119.7070,-119.7070,-57,5,5.092137,376558148
5.029026,43.4180,-120.2344,-120.2344,-57,5,5.092137,376558148
5.031033,43.5938,-120.7617,-120.7617,-57,5,5.092137,376558148
5.032959,43.7695,-121.2891,-121.2891,-57,5,5.092137,376558148
5.034970,44.1211,-121.6406,-121.6406,-57,5,5.092137,376558148
5.036979,44.4727,-122.1680,-122.1680,-57,5,5.092137,376558148
5.038992,44.8242,-122.6953,-122.6953,-57,5,5.092137,376558148
5.041003,45.0000,-123.0469,-123.0469,-57,5,5.092137,376558148
5.043030,45.3516,-123.3984,-123.3984,-57,5,5.092137,376558148
5.045039,45.7031,-123.7500,-123.7500,-57,5,5.092137,376558148
5.046962,46.0547,-124.1016,-124.1016,-57,5,5.092137,376558148
5.048975,46.4062,-124.2773,-124.2773,-56,5,5.092137,376558148
5.050984,46.9336,-124.4531,-124.4531,-56,5,5.092137,376558148
5.052994,47.2852,-124.8047,-124.8047,-56,5,5.092137,376558148
5.055007,47.6367,-124.9805,-124.9805,-56,5,5.092137,376558148
5.057015,48.1641,-125.1562,-125.1562,-56,5,5.092137,376558148
5.059026,48.5156,-125.1562,-125.1562,-56,5,5.092137,376558148
5.063654,49.5703,-125.5078,-125.5078,-56,5,5.092137,376558148
5.064181,49.7461,-125.5078,-125.5078,-56,5,5.092137,376558148
5.064999,49.9219,-125.5078,-125.5078,-56,5,5.092137,376558148
5.067011,50.4492,-125.5078,-125.5078,-56,5,5.092137,376558148
5.069021,50.8008,-125.5078,-125.5078,-54,5,5.092137,376558148
5.071030,51.3281,-125.5078,-125.5078,-53,5,5.092137,376558148
5.072959,51.8555,-125.5078,-125.5078,-52,5,5.092137,376558148
5.074976,52.3828,-125.5078,-125.5078,-50,5,5.092137,376558148
5.076987,52.9102,-125.3320,-125.3320,-48,5,5.092137,376558148
5.078958,53.4375,-125.1562,-125.1562,-47,5,5.092137,376558148
5.080996,53.9648,-124.9805,-124.9805,-45,5,5.092137,376558148
5.085824,55.3711,-124.4531,-124.4531,-44,5,5.339835,376795334
5.086992,55.7227,-124.4531,-124.4531,-39,5,5.339835,376795334
5.087624,55.8984,-124.2773,-124.2773,-38,5,5.339835,376795334
5.089034,56.2500,-124.1016,-124.1016,-38,5,5.339835,376795334
5.091003,56.9531,-123.9258,-123.9258,-37,5,5.339835,376795334
5.093033,57.4805,-123.5742,-123.5742,-36,5,5.339835,376795334
5.094974,58.1836,-123.2227,-123.2227,-34,5,5.339835,376795334
5.096980,58.7109,-122.8711,-122.8711,-32,5,5.339835,376795334
5.099000,59.4141,-122.5195,-122.5195,-30,5,5.339835,376795334
5.101002,59.9414,-121.9922,-121.9922,-28,5,5.339835,376795334
5.103231,60.6445,-121.6406,-121.6406,-27,5,5.339835,376795334
5.104980,61.1719,-121.2891,-121.2891,-25,5,5.339835,376795334
5.107001,61.8750,-120.7617,-120.7617,-23,5,5.339835,376795334
5.109030,62.4023,-120.0586,-120.0586,54,5,5.339835,376795334
5.110980,63.1055,-119.5312,-119.5312,54,5,5.339835,376795334
5.112992,63.8086,-119.1797,-119.1797,54,5,5.339835,376795334
5.115047,64.3359,-118.4766,-118.4766,54,5,5.339835,376795334
5.117018,65.0391,-117.9492,-117.9492,54,5,5.339835,376795334
5.119028,65.5664,-117.2461,-117.2461,54,5,5.339835,376795334
5.121038,66.2695,-116.7188,-116.7188,54,5,5.339835,376795334
5.122979,66.7969,-116.0156,-116.0156,54,5,5.339835,376795334
5.124992,67.3242,-115.3125,-115.3125,53,5,5.339835,376795334
5.127004,68.0273,-114.6094,-114.6094,53,5,5.339835,376795334
5.129025,68.7305,-113.9062,-113.9062,53,5,5.339835,376795334
5.131033,69.2578,-113.2031,-113.2031,53,5,5.339835,376795334
5.132959,69.7852,-112.5000,-112.5000,53,5,5.339835,376795334
5.134970,70.3125,-111.7969,-111.7969,53,5,5.339835,376795334
5.136979,70.8398,-111.0938,-111.0938,53,5,5.339835,376795334
5.138992,71.5430,-110.2148,-110.2148,53,5,5.339835,376795334
5.141003,72.0703,-109.5117,-109.5117,53,5,5.339835,376795334
5.143011,72.5977,-108.6328,-108.6328,53,5,5.339835,376795334
5.145022,73.1250,-107.7539,-107.7539,53,5,5.339835,376795334
5.147030,73.6523,-106.8750,-106.8750,52,5,5.339835,376795334
5.148971,74.1797,-105.9961,-105.9961,52,5,5.339835,376795334
5.150979,74.7070,-105.1172,-105.1172,52,5,5.339835,376795334
5.152992,75.2344,-104.0625,-104.0625,52,5,5.339835,376795334
5.155004,75.7617,-103.1836,-103.1836,52,5,5.339835,376795334
5.157011,76.2891,-102.3047,-102.3047,52,5,5.339835,376795334
5.159022,76.8164,-101.2500,-101.2500,52,5,5.339835,376795334
5.163926,77.8711,-98.7891,-98.7891,52,5,5.339835,376795334
5.164479,78.0469,-98.4375,-98.4375,52,5,5.339835,376795334
5.164956,78.2227,-98.0859,-98.0859,52,5,5.339835,376795334
5.166968,78.5742,-97.0312,-97.0312,52,5,5.339835,376795334
5.168975,79.1016,-95.9766,-95.9766,51,5,5.339835,376795334
5.171009,79.4531,-94.7461,-94.7461,51,5,5.339835,376795334
5.173022,79.9805,-93.6914,-93.6914,51,5,5.339835,376795334
5.175030,80.3320,-92.4609,-92.4609,51,5,5.339835,376795334
5.177038,80.6836,-91.4062,-91.4062,51,5,5.339835,376795334
5.178964,81.2109,-90.1758,-90.1758,51,5,5.339835,376795334
5.180976,81.5625,-88.9453,-88.9453,51,5,5.339835,376795334
5.182990,81.9141,-87.7148,-87.7148,51,5,5.339835,376795334
5.185004,82.2656,-86.3086,-86.3086,51,5,5.339835,376795334
5.187011,82.6172,-85.0781,-85.0781,51,5,5.339835,376795334
5.189022,82.9688,-83.6719,-83.6719,51,5,5.339835,376795334
5.190962,83.3203,-82.4414,-82.4414,51,5,5.339835,376795334
5.192975,83.4961,-81.0352,-81.0352,51,5,5.339835,376795334
5.194988,83.8477,-79.6289,-79.6289,51,5,5.339835,376795334
5.197001,84.1992,-78.2227,-78.2227,51,5,5.339835,376795334
5.199011,84.3750,-76.6406,-76.6406,50,5,5.339835,376795334
5.201022,84.5508,-75.2344,-75.2344,50,5,5.339835,376795334
5.203030,84.9023,-73.8281,-73.8281,50,5,5.339835,376795334
5.205021,85.0781,-72.2461,-72.2461,50,5,5.339835,376795334
5.207030,85.2539,-70.6641,-70.6641,50,5,5.339835,376795334
5.209040,85.4297,-69.0820,-69.0820,50,5,5.339835,376795334
5.211003,85.6055,-67.5000,-67.5000,50,5,5.339835,376795334
5.213011,85.6055,-65.9180,-65.9180,50,5,5.339835,376795334
5.215022,85.7812,-64.1602,-64.1602,50,5,5.339835,376795334
5.217030,85.9570,-62.4023,-62.4023,50,5,5.339835,376795334
5.219038,85.9570,-60.8203,-60.8203,50,5,5.339835,376795334
5.220964,85.9570,-59.0625,-59.0625,50,5,5.339835,376795334
5.222988,85.9570,-57.3047,-57.3047,50,5,5.339835,376795334
5.225001,86.1328,-55.3711,-55.3711,50,5,5.339835,376795334
5.227011,86.1328,-53.6133,-53.6133,50,5,5.339835,376795334
5.229022,85.9570,-51.6797,-51.6797,50,5,5.339835,376795334
5.231030,85.9570,-49.7461,-49.7461,50,5,5.339835,376795334
5.232971,85.7812,-47.8125,-47.8125,50,5,5.339835,376795334
5.234979,85.7812,-45.7031,-45.7031,50,5,5.339835,376795334
5.236992,85.6055,-43.7695,-43.7695,50,5,5.339835,376795334
5.239018,85.2539,-41.6602,-41.6602,50,5,5.339835,376795334
5.241015,85.0781,-39.5508,-39.5508,50,5,5.339835,376795334
5.243000,84.9023,-37.4414,-37.4414,50,5,5.339835,376795334
5.244990,84.5508,-35.1562,-35.1562,50,5,5.339835,376795334
5.246975,84.1992,-32.8711,-32.8711,50,5,5.339835,376795334
5.248963,83.6719,-30.5859,-30.5859,50,5,5.339835,376795334
5.251039,83.3203,-28.1250,-28.1250,51,5,5.339835,376795334
5.253039,82.7930,-25.8398,-25.8398,51,5,5.339835,376795334
5.255026,82.0898,-23.3789,-23.3789,51,5,5.339835,376795334
5.257015,81.5625,-20.7422,-20.7422,51,5,5.339835,376795334
5.259000,80.8594,-18.2812,-18.2812,51,5,5.339835,376795334
5.263494,79.1016,-12.1289,-12.1289,51,5,5.339835,376795334
5.263959,78.9258,-11.6016,-11.6016,51,5,5.339835,376795334
5.265017,78.3984,-10.0195,-10.0195,51,5,5.339835,376795334
5.267003,77.5195,-7.2070,-7.2070,52,5,5.339835,376795334
5.268992,76.4648,-4.2188,-4.2188,52,5,5.339835,376795334
5.270976,75.2344,-1.2305,-1.2305,52,5,5.339835,376795334
5.272963,74.1797,1.7578,1.7578,52,5,5.339835,376795334
5.274972,72.9492,4.9219,4.9219,52,5,5.339835,376795334
5.276959,71.5430,8.2617,8.2617,52,5,5.339835,376795334
5.279031,70.1367,11.6016,11.6016,53,5,5.339835,376795334
5.281017,68.7305,14.9414,14.9414,53,5,5.339835,376795334
5.283003,67.3242,18.2812,18.2812,53,5,5.339835,376795334
5.284992,65.9180,21.6211,21.6211,53,5,5.339835,376795334
5.286976,64.5117,24.9609,24.9609,54,5,5.339835,376795334
5.288963,63.1055,28.1250,28.1250,54,5,5.339835,376795334
5.291039,61.5234,31.6406,31.6406,54,5,5.339835,376795334
5.293026,60.2930,34.8047,34.8047,54,5,5.339835,376795334
5.295029,59.0625,37.9688,37.9688,55,5,5.339835,376795334
5.297018,57.8320,40.9570,40.9570,55,5,5.339835,376795334
5.299003,56.7773,43.9453,43.9453,55,5,5.339835,376795334
5.300992,55.5469,46.9336,46.9336,55,5,5.339835,376795334
5.303000,54.6680,49.9219,49.9219,55,5,5.339835,376795334
5.304974,53.6133,52.7344,52.7344,55,5,5.339835,376795334
5.307041,52.7344,55.7227,55.7227,55,5,5.339835,376795334
5.309036,52.0312,58.3594,58.3594,0,5,5.339835,376795334
5.311041,51.3281,60.9961,60.9961,0,5,5.339835,376795334
5.312961,50.6250,63.4570,63.4570,0,5,5.339835,376795334
5.314987,49.9219,66.0938,66.0938,0,5,5.339835,376795334
5.316963,49.3945,68.5547,68.5547,0,5,5.339835,376795334
5.319037,48.8672,71.0156,71.0156,0,5,5.339835,376795334
5.323593,47.8125,76.4648,76.4648,0,5,5.598624,377057406
5.324262,47.8125,77.1680,77.1680,0,5,5.598624,377057406
5.325031,47.6367,78.0469,78.0469,0,5,5.598624,377057406
5.327171,47.2852,80.3320,80.3320,0,5,5.598624,377057406
5.329021,46.9336,82.4414,82.4414,0,5,5.598624,377057406
5.331023,46.7578,84.5508,84.5508,0,5,5.598624,377057406
5.333025,46.4062,86.6602,86.6602,0,5,5.598624,377057406
5.335026,46.2305,88.7695,88.7695,0,5,5.598624,377057406
5.336994,46.2305,90.8789,90.8789,0,5,5.598624,377057406
5.339022,45.8789,92.8125,92.8125,0,5,5.598624,377057406
5.340971,45.8789,94.7461,94.7461,0,5,5.598624,377057406
5.342990,45.7031,96.6797,96.6797,0,5,5.598624,377057406
5.344998,45.7031,98.6133,98.6133,0,5,5.598624,377057406
5.346987,45.7031,100.5469,100.5469,0,5,5.598624,377057406
5.349190,45.5273,102.6562,102.6562,0,5,5.598624,377057406
5.350969,45.5273,104.2383,104.2383,0,5,5.598624,377057406
5.353031,45.5273,105.9961,105.9961,0,5,5.598624,377057406
5.354969,45.5273,107.7539,107.7539,0,5,5.598624,377057406
5.357023,45.7031,109.5117,109.5117,0,5,5.598624,377057406
5.359035,45.7031,111.2695,111.2695,0,5,5.598624,377057406
5.363895,45.8789,115.3125,115.3125,0,5,5.598624,377057406
5.364421,46.0547,115.6641,115.6641,0,5,5.598624,377057406
5.365040,46.0547,116.1914,116.1914,0,5,5.598624,377057406
5.367039,46.2305,117.7734,117.7734,0,5,5.598624,377057406
5.369039,46.2305,119.1797,119.1797,0,5,5.598624,377057406
5.371039,46.4062,120.7617,120.7617,0,5,5.598624,377057406
5.373039,46.5820,122.3438,122.3438,0,5,5.598624,377057406
5.375039,46.7578,123.9258,123.9258,0,5,5.598624,377057406
5.377039,46.9336,125.3320,125.3320,0,5,5.598624,377057406
5.379018,47.1094,126.7383,126.7383,56,5,5.598624,377057406
5.381022,47.2852,128.1445,128.1445,56,5,5.598624,377057406
5.383022,47.6367,129.5508,129.5508,56,5,5.598624,377057406
5.385024,47.8125,130.9570,130.9570,0,5,5.598624,377057406
5.387026,47.9883,132.3633,132.3633,0,5,5.598624,377057406
5.389026,48.3398,133.5938,133.5938,0,5,5.598624,377057406
5.391026,48.5156,135.0000,135.0000,0,5,5.598624,377057406
5.392990,48.6914,136.2305,136.2305,0,5,5.598624,377057406
5.395000,49.0430,137.4609,137.4609,0,5,5.598624,377057406
5.397010,49.2188,138.6914,138.6914,0,5,5.598624,377057406
5.399021,49.3945,139.9219,139.9219,0,5,5.598624,377057406
5.400964,49.7461,140.9766,140.9766,56,5,5.598624,377057406
5.402979,49.9219,142.2070,142.2070,56,5,5.598624,377057406
5.404992,50.2734,143.4375,143.4375,0,5,5.598624,377057406
5.407003,50.4492,144.4922,144.4922,0,5,5.598624,377057406
5.409015,50.8008,145.7227,145.7227,0,5,5.598624,377057406
5.411023,51.1523,146.7773,146.7773,0,5,5.598624,377057406
5.413030,51.3281,147.8320,147.8320,0,5,5.598624,377057406
5.415039,51.6797,148.7109,148.7109,0,5,5.598624,377057406
5.416963,52.0312,149.7656,149.7656,0,5,5.598624,377057406
5.418996,52.2070,150.8203,150.8203,0,5,5.598624,377057406
5.421004,52.5586,151.8750,151.8750,0,5,5.598624,377057406
5.422956,52.7344,152.7539,152.7539,56,5,5.598624,377057406
5.424976,53.0859,153.6328,153.6328,56,5,5.598624,377057406
5.426992,53.2617,154.6875,154.6875,56,5,5.598624,377057406
5.429010,53.6133,155.3906,155.3906,56,5,5.598624,377057406
5.431026,53.9648,156.2695,156.2695,55,5,5.598624,377057406
5.432959,54.1406,157.1484,157.1484,55,5,5.598624,377057406
5.434976,54.3164,157.8516,157.8516,55,5,5.598624,377057406
5.436994,54.6680,158.7305,158.7305,55,5,5.598624,377057406
5.439010,54.8438,159.6094,159.6094,55,5,5.598624,377057406
5.441029,55.0195,160.3125,160.3125,55,5,5.598624,377057406
5.442971,55.3711,160.8398,160.8398,55,5,5.598624,377057406
5.444994,55.3711,161.5430,161.5430,55,5,5.598624,377057406
5.447010,55.7227,162.2461,162.2461,55,5,5.598624,377057406
5.449029,55.8984,162.7734,162.7734,55,5,5.598624,377057406
5.450959,56.0742,163.4766,163.4766,55,5,5.598624,377057406
5.452976,56.0742,164.0039,164.0039,55,5,5.598624,377057406
5.454992,56.2500,164.5312,164.5312,55,5,5.598624,377057406
5.457010,56.4258,165.0586,165.0586,55,5,5.598624,377057406
5.459024,56.6016,165.5859,165.5859,-55,5,5.598624,377057406
5.463470,56.7773,166.6406,166.6406,-55,5,5.598624,377057406
5.463980,56.9531,166.6406,166.6406,-55,5,5.598624,377057406
5.464963,56.9531,166.9922,166.9922,-55,5,5.598624,377057406
5.466975,57.1289,167.3438,167.3438,-55,5,5.598624,377057406
5.468984,57.1289,167.6953,167.6953,-55,5,5.598624,377057406
5.470994,57.3047,168.2227,168.2227,-55,5,5.598624,377057406
5.473004,57.4805,168.5742,168.5742,-55,5,5.598624,377057406
5.475015,57.4805,168.9258,168.9258,-55,5,5.598624,377057406
5.477026,57.6562,169.2773,169.2773,-55,5,5.598624,377057406
5.479033,57.6562,169.6289,169.6289,-55,5,5.598624,377057406
5.480959,57.8320,169.8047,169.8047,-55,5,5.598624,377057406
5.482970,58.0078,170.1562,170.1562,-55,5,5.598624,377057406
5.484979,58.0078,170.3320,170.3320,-55,5,5.598624,377057406
5.487004,58.1836,170.6836,170.6836,-55,5,5.598624,377057406
5.489015,58.1836,170.8594,170.8594,-55,5,5.598624,377057406
5.491026,58.3594,171.2109,171.2109,-55,5,5.598624,377057406
5.493033,58.3594,171.3867,171.3867,-55,5,5.598624,377057406
5.494959,58.5352,171.5625,171.5625,-55,5,5.598624,377057406
5.496970,58.5352,171.7383,171.7383,-55,5,5.598624,377057406
5.498979,58.7109,171.9141,171.9141,-55,5,5.598624,377057406
5.500992,58.8867,172.0898,172.0898,-55,5,5.598624,377057406
5.503003,58.8867,172.2656,172.2656,-55,5,5.598624,377057406
5.505015,58.8867,172.4414,172.4414,-55,5,5.598624,377057406
5.507039,59.0625,172.4414,172.4414,-55,5,5.598624,377057406
5.508962,59.0625,172.6172,172.6172,-55,5,5.598624,377057406
5.510971,59.0625,172.6172,172.6172,-55,5,5.598624,377057406
5.513018,59.2383,172.7930,172.7930,-55,5,5.598624,377057406
5.515030,59.2383,172.7930,172.7930,-55,5,5.598624,377057406
5.517039,59.4141,172.7930,172.7930,-55,5,5.598624,377057406
5.518962,59.4141,172.9688,172.9688,-55,5,5.598624,377057406
5.520972,59.5898,172.9688,172.9688,-55,5,5.598624,377057406
5.523000,59.5898,172.9688,172.9688,-55,5,5.598624,377057406
5.525010,59.5898,172.9688,172.9688,-55,5,5.598624,377057406
5.527022,59.5898,172.7930,172.7930,-55,5,5.598624,377057406
5.528956,59.7656,172.7930,172.7930,-55,5,5.598624,377057406
5.530967,59.7656,172.6172,172.6172,-55,5,5.598624,377057406
5.532976,59.7656,172.6172,172.6172,-55,5,5.598624,377057406
5.534984,59.7656,172.6172,172.6172,-55,5,5.598624,377057406
5.536994,59.9414,172.4414,172.4414,-55,5,5.598624,377057406
5.539004,59.9414,172.2656,172.2656,-55,5,5.598624,377057406
5.541015,59.9414,172.2656,172.2656,-55,5,5.598624,377057406
5.543026,59.9414,172.0898,172.0898,-55,5,5.598624,377057406
5.545033,60.1172,171.9141,171.9141,-55,5,5.598624,377057406
5.546959,60.1172,171.7383,171.7383,-55,5,5.598624,377057406
5.548970,60.1172,171.5625,171.5625,-55,5,5.598624,377057406
5.550994,60.1172,171.2109,171.2109,11,5,5.598624,377057406
5.553004,60.1172,171.0352,171.0352,11,5,5.598624,377057406
5.555015,60.1172,170.8594,170.8594,11,5,5.598624,377057406
5.557026,60.1172,170.5078,170.5078,11,5,5.598624,377057406
5.559033,60.1172,170.1562,170.1562,10,5,5.598624,377057406
5.563425,60.1172,169.4531,169.4531,10,5,5.598624,377057406
5.563905,60.1172,169.4531,169.4531,9,5,5.598624,377057406
5.564997,60.1172,169.1016,169.1016,9,5,5.598624,377057406
5.566968,60.1172,168.9258,168.9258,9,5,5.598624,377057406
5.568963,60.1172,168.3984,168.3984,9,5,5.598624,377057406
5.570996,59.9414,168.0469,168.0469,8,5,5.598624,377057406
5.573030,59.9414,167.5195,167.5195,55,5,5.598624,377057406
5.574979,59.7656,167.1680,167.1680,55,5,5.598624,377057406
5.576992,59.7656,166.6406,166.6406,55,5,5.598624,377057406
5.578956,59.5898,166.1133,166.1133,55,5,5.598624,377057406
5.581117,59.5898,165.4102,165.4102,55,5,5.821215,377292104
5.585727,59.2383,164.1797,164.1797,55,5,5.821215,377292104
5.586412,59.2383,164.0039,164.0039,-29,5,5.821215,377292104
5.587031,59.2383,163.6523,163.6523,-29,5,5.821215,377292104
5.589308,59.0625,162.9492,162.9492,-29,5,5.821215,377292104
5.591019,58.8867,162.4219,162.4219,-29,5,5.821215,377292104
5.592961,58.8867,161.7188,161.7188,-30,5,5.821215,377292104
5.594979,58.7109,161.0156,161.0156,-30,5,5.821215,377292104
5.597015,58.5352,160.3125,160.3125,-30,5,5.821215,377292104
5.598979,58.3594,159.6094,159.6094,-31,5,5.821215,377292104
5.600994,58.1836,158.9062,158.9062,-31,5,5.821215,377292104
5.603015,58.0078,158.0273,158.0273,-32,5,5.821215,377292104
5.604977,57.8320,157.3242,157.3242,-32,5,5.821215,377292104
5.607038,57.6562,156.4453,156.4453,-33,5,5.821215,377292104
5.609024,57.4805,155.5664,155.5664,-34,5,5.821215,377292104
5.610992,57.3047,154.6875,154.6875,-34,5,5.821215,377292104
5.613010,57.1289,153.8086,153.8086,-35,5,5.821215,377292104
5.615009,56.9531,152.9297,152.9297,-35,5,5.821215,377292104
5.617026,56.7773,152.0508,152.0508,-36,5,5.821215,377292104
5.618960,56.7773,151.1719,151.1719,-36,5,5.821215,377292104
5.621028,56.6016,150.1172,150.1172,-36,5,5.821215,377292104
5.622963,56.4258,149.2383,149.2383,-37,5,5.821215,377292104
5.625039,56.2500,148.1836,148.1836,-37,5,5.821215,377292104
5.626972,56.0742,147.1289,147.1289,-37,5,5.821215,377292104
5.628984,55.8984,146.2500,146.2500,-38,5,5.821215,377292104
5.631004,55.7227,145.1953,145.1953,-38,5,5.821215,377292104
5.633021,55.7227,143.9648,143.9648,-38,5,5.821215,377292104
5.634971,55.5469,142.9102,142.9102,-38,5,5.821215,377292104
5.636984,55.3711,141.8555,141.8555,-39,5,5.821215,377292104
5.639004,55.3711,140.6250,140.6250,-39,5,5.821215,377292104
5.641021,55.1953,139.5703,139.5703,-39,5,5.821215,377292104
5.643039,55.0195,138.3398,138.3398,-40,5,5.821215,377292104
5.644964,54.8438,137.1094,137.1094,-40,5,5.821215,377292104
5.646984,54.8438,135.8789,135.8789,-41,5,5.821215,377292104
5.649000,54.6680,134.6484,134.6484,-41,5,5.821215,377292104
5.650959,54.6680,133.4180,133.4180,-41,5,5.821215,377292104
5.652963,54.6680,132.1875,132.1875,-41,5,5.821215,377292104
5.654968,54.4922,130.9570,130.9570,-41,5,5.821215,377292104
5.656986,54.4922,129.5508,129.5508,-42,5,5.821215,377292104
5.658992,54.3164,128.1445,128.1445,-42,5,5.821215,377292104
5.663987,54.3164,124.6289,124.6289,-43,5,5.821215,377292104
5.664539,54.3164,124.2773,124.2773,-43,5,5.821215,377292104
5.665004,54.3164,123.9258,123.9258,-43,5,5.821215,377292104
5.667010,54.3164,122.5195,122.5195,-43,5,5.821215,377292104
5.669011,54.3164,121.1133,121.1133,-43,5,5.821215,377292104
5.671011,54.3164,119.5312,119.5312,-43,5,5.821215,377292104
5.673011,54.3164,118.1250,118.1250,-43,5,5.821215,377292104
5.675011,54.3164,116.5430,116.5430,-43,5,5.821215,377292104
5.677033,54.3164,114.9609,114.9609,-43,5,5.821215,377292104
5.679033,54.4922,113.3789,113.3789,-43,5,5.821215,377292104
5.681033,54.4922,111.7969,111.7969,-42,5,5.821215,377292104
5.683033,54.6680,110.0391,110.0391,-42,5,5.821215,377292104
5.685033,54.6680,108.4570,108.4570,-41,5,5.821215,377292104
5.687033,54.8438,106.6992,106.6992,-41,5,5.821215,377292104
5.689033,55.0195,104.9414,104.9414,-41,5,5.821215,377292104
5.691033,55.1953,103.1836,103.1836,-40,5,5.821215,377292104
5.693033,55.3711,101.4258,101.4258,-40,5,5.821215,377292104
5.695033,55.5469,99.6680,99.6680,-39,5,5.821215,377292104
5.696962,55.8984,97.9102,97.9102,-39,5,5.821215,377292104
5.698968,56.0742,95.9766,95.9766,-38,5,5.821215,377292104
5.700971,56.4258,94.0430,94.0430,-38,5,5.821215,377292104
5.702975,56.7773,92.1094,92.1094,-37,5,5.821215,377292104
5.704976,56.9531,90.1758,90.1758,-36,5,5.821215,377292104
5.706976,57.4805,88.0664,88.0664,-36,5,5.821215,377292104
5.708979,57.8320,85.9570,85.9570,-34,5,5.821215,377292104
5.710979,58.1836,84.0234,84.0234,-33,5,5.821215,377292104
5.712979,58.7109,81.7383,81.7383,-32,5,5.821215,377292104
5.714979,59.2383,79.6289,79.6289,-30,5,5.821215,377292104
5.717037,59.7656,77.3438,77.3438,-29,5,5.821215,377292104
5.718968,60.2930,75.2344,75.2344,-27,5,5.821215,377292104
5.720971,60.9961,72.9492,72.9492,-26,5,5.821215,377292104
5.722990,61.5234,70.4883,70.4883,-24,5,5.821215,377292104
5.724992,62.2266,68.2031,68.2031,-22,5,5.821215,377292104
5.727001,63.1055,65.7422,65.7422,-20,5,5.821215,377292104
5.729017,63.8086,63.2812,63.2812,-18,5,5.821215,377292104
5.731022,64.6875,60.6445,60.6445,-16,5,5.821215,377292104
5.733022,65.5664,58.0078,58.0078,-13,5,5.821215,377292104
5.735022,66.6211,55.3711,55.3711,-11,5,5.821215,377292104
5.737022,67.6758,52.7344,52.7344,-9,5,5.821215,377292104
5.739022,68.9062,49.9219,49.9219,-5,5,5.821215,377292104
5.740992,70.1367,47.1094,47.1094,-2,5,5.821215,377292104
5.742992,71.3672,44.1211,44.1211,0,5,5.821215,377292104
5.744992,72.5977,41.1328,41.1328,3,5,5.821215,377292104
5.746976,74.0039,38.1445,38.1445,6,5,5.821215,377292104
5.748963,75.5859,35.1562,35.1562,10,5,5.821215,377292104
5.751039,77.1680,31.8164,31.8164,14,5,5.821215,377292104
5.753026,78.7500,28.6523,28.6523,18,5,5.821215,377292104
5.755015,80.5078,25.3125,25.3125,22,5,5.821215,377292104
5.757000,82.0898,22.1484,22.1484,26,5,5.821215,377292104
5.758990,83.8477,18.8086,18.8086,30,5,5.821215,377292104
5.763453,87.5391,11.4258,11.4258,34,5,5.821215,377292104
5.763928,87.8906,10.7227,10.7227,43,5,5.821215,377292104
5.764979,88.7695,9.1406,9.1406,44,5,5.821215,377292104
5.766968,90.1758,5.9766,5.9766,46,5,5.821215,377292104
5.769022,91.7578,2.8125,2.8125,-58,5,5.821215,377292104
5.770959,93.1641,-0.1758,-0.1758,-57,5,5.821215,377292104
5.772979,94.5703,-3.1641,-3.1641,-57,5,5.821215,377292104
5.775000,95.8008,-6.1523,-6.1523,0,0,5.821215,377292104
5.777023,97.0312,-8.9648,-8.9648,0,0,5.821215,377292104
5.779022,98.2617,-11.7773,-11.7773,0,0,5.821215,377292104
5.781018,99.3164,-14.4141,-14.4141,0,0,5.821215,377292104
5.783015,100.3711,-17.0508,-17.0508,0,0,5.821215,377292104
5.785015,101.2500,-19.6875,-19.6875,0,0,5.821215,377292104
5.787015,102.1289,-22.1484,-22.1484,0,0,5.821215,377292104
5.789015,103.0078,-24.6094,-24.6094,0,0,5.821215,377292104
5.791015,103.7109,-27.0703,-27.0703,0,0,5.821215,377292104
5.793015,104.4141,-29.3555,-29.3555,0,0,5.821215,377292104
5.795015,105.1172,-31.6406,-31.6406,0,0,5.821215,377292104
5.797015,105.6445,-33.9258,-33.9258,0,0,5.821215,377292104
5.799015,106.1719,-36.0352,-36.0352,0,0,5.821215,377292104
5.801015,106.6992,-38.1445,-38.1445,0,0,5.821215,377292104
5.803015,107.2266,-40.2539,-40.2539,0,0,5.821215,377292104
5.805015,107.7539,-42.3633,-42.3633,0,0,5.821215,377292104
5.807015,108.1055,-44.2969,-44.2969,0,0,5.821215,377292104
5.808963,108.4570,-46.2305,-46.2305,0,0,5.821215,377292104
5.811017,108.8086,-48.3398,-48.3398,0,0,5.821215,377292104
5.813001,109.1602,-50.2734,-50.2734,0,0,5.821215,377292104
5.815396,109.5117,-52.5586,-52.5586,0,0,5.821215,377292104
5.819764,110.0391,-56.4258,-56.4258,0,0,6.072184,377542084
5.820303,110.0391,-56.9531,-56.9531,0,0,6.072184,377542084
5.821021,110.2148,-57.4805,-57.4805,0,0,6.072184,377542084
5.822968,110.3906,-59.2383,-59.2383,0,0,6.072184,377542084
5.824991,110.5664,-60.9961,-60.9961,0,0,6.072184,377542084
5.827024,110.7422,-62.5781,-62.5781,0,0,6.072184,377542084
5.828984,110.9180,-64.3359,-64.3359,0,0,6.072184,377542084
5.831349,110.9180,-66.0938,-66.0938,0,0,6.072184,377542084
5.833000,111.0938,-67.5000,-67.5000,0,0,6.072184,377542084
5.834962,111.0938,-68.9062,-68.9062,0,0,6.072184,377542084
5.836964,111.0938,-70.4883,-70.4883,0,0,6.072184,377542084
5.838985,111.2695,-72.0703,-72.0703,0,0,6.072184,377542084
5.840979,111.2695,-73.4766,-73.4766,0,0,6.072184,377542084
5.843006,111.2695,-75.0586,-75.0586,0,0,6.072184,377542084
5.845011,111.2695,-76.2891,-76.2891,0,0,6.072184,377542084
5.847010,111.2695,-77.6953,-77.6953,0,0,6.072184,377542084
5.849007,111.2695,-79.1016,-79.1016,0,0,6.072184,377542084
5.851003,111.2695,-80.5078,-80.5078,0,0,6.072184,377542084
5.853000,111.2695,-81.7383,-81.7383,0,0,6.072184,377542084
5.855009,111.2695,-83.1445,-83.1445,0,0,6.072184,377542084
5.857007,111.2695,-84.3750,-84.3750,0,0,6.072184,377542084
5.859004,111.2695,-85.6055,-85.6055,0,0,6.072184,377542084
5.863962,111.0938,-88.5938,-88.5938,0,0,6.072184,377542084
5.864273,111.0938,-88.7695,-88.7695,0,0,6.072184,377542084
5.864972,110.9180,-89.1211,-89.1211,0,0,6.072184,377542084
5.866962,110.9180,-90.3516,-90.3516,0,0,6.072184,377542084
5.869030,110.9180,-91.4062,-91.4062,0,0,6.072184,377542084
5.871018,110.7422,-92.4609,-92.4609,0,0,6.072184,377542084
5.873001,110.5664,-93.5156,-93.5156,0,0,6.072184,377542084
5.874992,110.5664,-94.5703,-94.5703,0,0,6.072184,377542084
5.876972,110.3906,-95.6250,-95.6250,0,0,6.072184,377542084
5.878962,110.3906,-96.6797,-96.6797,0,0,6.072184,377542084
5.881029,110.2148,-97.5586,-97.5586,0,0,6.072184,377542084
5.883017,110.0391,-98.6133,-98.6133,0,0,6.072184,377542084
5.885001,110.0391,-99.4922,-99.4922,0,0,6.072184,377542084
5.886992,109.8633,-100.3711,-100.3711,0,0,6.072184,377542084
5.888972,109.6875,-101.2500,-101.2500,0,0,6.072184,377542084
5.890962,109.6875,-102.1289,-102.1289,0,0,6.072184,377542084
5.893029,109.5117,-103.0078,-103.0078,0,0,6.072184,377542084
5.895017,109.3359,-103.7109,-103.7109,0,0,6.072184,377542084
5.897001,109.1602,-104.5898,-104.5898,0,0,6.072184,377542084
5.898992,109.1602,-105.2930,-105.2930,0,0,6.072184,377542084
5.900972,108.9844,-105.9961,-105.9961,0,0,6.072184,377542084
5.902962,108.8086,-106.6992,-106.6992,0,0,6.072184,377542084
5.905029,108.8086,-107.5781,-107.5781,0,0,6.072184,377542084
5.907017,108.6328,-108.1055,-108.1055,0,0,6.072184,377542084
5.909001,108.4570,-108.8086,-108.8086,0,0,6.072184,377542084
5.910992,108.4570,-109.5117,-109.5117,0,0,6.072184,377542084
5.912972,108.2812,-110.0391,-110.0391,0,0,6.072184,377542084
5.914962,108.1055,-110.5664,-110.5664,0,0,6.072184,377542084
5.917043,108.1055,-111.0938,-111.0938,0,0,6.072184,377542084
5.919018,107.9297,-111.6211,-111.6211,0,0,6.072184,377542084
5.921001,107.9297,-112.1484,-112.1484,0,0,6.072184,377542084
5.922958,107.7539,-112.6758,-112.6758,0,0,6.072184,377542084
5.925025,107.5781,-113.2031,-113.2031,0,0,6.072184,377542084
5.927018,107.5781,-113.5547,-113.5547,0,0,6.072184,377542084
5.929018,107.4023,-113.9062,-113.9062,0,0,6.072184,377542084
5.931007,107.4023,-114.4336,-114.4336,0,0,6.072184,377542084
5.932990,107.4023,-114.7852,-114.7852,0,0,6.072184,377542084
5.934980,107.2266,-115.1367,-115.1367,0,0,6.072184,377542084
5.936962,107.2266,-115.3125,-115.3125,0,0,6.072184,377542084
5.939039,107.2266,-115.6641,-115.6641,0,0,6.072184,377542084
5.941021,107.0508,-116.0156,-116.0156,0,0,6.072184,377542084
5.943010,107.0508,-116.1914,-116.1914,0,0,6.072184,377542084
5.944991,107.0508,-116.3672,-116.3672,0,0,6.072184,377542084
5.946980,106.8750,-116.5430,-116.5430,0,0,6.072184,377542084
5.948962,106.8750,-116.7188,-116.7188,0,0,6.072184,377542084
5.951039,106.8750,-117.0703,-117.0703,0,0,6.072184,377542084
5.953021,106.8750,-117.0703,-117.0703,0,0,6.072184,377542084
5.955011,106.8750,-117.2461,-117.2461,0,0,6.072184,377542084
5.956991,106.8750,-117.2461,-117.2461,0,0,6.072184,377542084
5.958980,106.8750,-117.4219,-117.4219,0,0,6.072184,377542084
5.963363,106.8750,-117.4219,-117.4219,0,0,6.072184,377542084
5.963627,106.8750,-117.4219,-117.4219,0,0,6.072184,377542084
5.965026,106.8750,-117.4219,-117.4219,0,0,6.072184,377542084
5.967023,106.8750,-117.4219,-117.4219,0,0,6.072184,377542084
5.969021,106.8750,-117.2461,-117.2461,0,0,6.072184,377542084
5.971017,106.8750,-117.2461,-117.2461,0,0,6.072184,377542084
5.973015,106.8750,-117.0703,-117.0703,0,0,6.072184,377542084
5.975015,106.8750,-117.0703,-117.0703,0,0,6.072184,377542084
5.977015,107.0508,-116.8945,-116.8945,0,0,6.072184,377542084
5.979015,107.0508,-116.7188,-116.7188,0,0,6.072184,377542084
5.981015,107.0508,-116.5430,-116.5430,0,0,6.072184,377542084
5.983015,107.2266,-116.3672,-116.3672,0,0,6.072184,377542084
5.985015,107.2266,-116.0156,-116.0156,0,0,6.072184,377542084
5.987015,107.2266,-115.8398,-115.8398,0,0,6.072184,377542084
5.989015,107.4023,-115.4883,-115.4883,0,0,6.072184,377542084
5.991015,107.4023,-115.1367,-115.1367,0,0,6.072184,377542084
5.993015,107.4023,-114.7852,-114.7852,0,0,6.072184,377542084
5.995015,107.5781,-114.4336,-114.4336,0,0,6.072184,377542084
5.997015,107.7539,-114.0820,-114.0820,0,0,6.072184,377542084
5.999015,107.7539,-113.7305,-113.7305,0,0,6.072184,377542084
6.001015,107.9297,-113.2031,-113.2031,0,0,6.072184,377542084
6.003015,107.9297,-112.8516,-112.8516,0,0,6.072184,377542084
6.005015,108.1055,-112.3242,-112.3242,0,0,6.072184,377542084
6.007015,108.1055,-111.7969,-111.7969,0,0,6.072184,377542084
6.009015,108.2812,-111.4453,-111.4453,0,0,6.072184,377542084
6.011015,108.4570,-110.7422,-110.7422,0,0,6.072184,377542084
6.013015,108.4570,-110.2148,-110.2148,0,0,6.072184,377542084
6.015015,108.6328,-109.6875,-109.6875,0,0,6.072184,377542084
6.017015,108.8086,-108.9844,-108.9844,0,0,6.072184,377542084
6.019015,108.8086,-108.4570,-108.4570,0,0,6.072184,377542084
6.021015,108.9844,-107.7539,-107.7539,0,0,6.072184,377542084
6.023027,109.1602,-107.2266,-107.2266,0,0,6.072184,377542084
6.024975,109.3359,-106.5234,-106.5234,0,0,6.072184,377542084
6.026972,109.3359,-105.6445,-105.6445,0,0,6.072184,377542084
6.028990,109.5117,-104.9414,-104.9414,0,0,6.072184,377542084
6.030986,109.6875,-104.0625,-104.0625,0,0,6.072184,377542084
6.032984,109.6875,-103.3594,-103.3594,0,0,6.072184,377542084
6.034984,109.8633,-102.4805,-102.4805,0,0,6.072184,377542084
6.036980,110.0391,-101.7773,-101.7773,0,0,6.072184,377542084
6.038979,110.2148,-100.8984,-100.8984,0,0,6.072184,377542084
6.040975,110.2148,-100.0195,-100.0195,0,0,6.072184,377542084
6.042988,110.3906,-98.9648,-98.9648,0,0,6.072184,377542084
6.044992,110.3906,-98.0859,-98.0859,0,0,6.072184,377542084
6.046981,110.5664,-97.2070,-97.2070,0,0,6.072184,377542084
6.049015,110.7422,-96.1523,-96.1523,0,0,6.072184,377542084
6.051015,110.9180,-95.0977,-95.0977,0,0,6.072184,377542084
6.053015,110.9180,-94.2188,-94.2188,0,0,6.072184,377542084
6.055015,110.9180,-93.1641,-93.1641,0,0,6.072184,377542084
6.057015,111.0938,-92.1094,-92.1094,0,0,6.072184,377542084
6.059015,111.2695,-91.0547,-91.0547,0,0,6.072184,377542084
6.063654,111.4453,-88.2422,-88.2422,0,0,6.072184,377542084
6.064067,111.4453,-88.0664,-88.0664,0,0,6.072184,377542084
6.065002,111.4453,-87.5391,-87.5391,0,0,6.072184,377542084
6.069184,111.6211,-84.9023,-84.9023,0,0,6.316075,377777839
6.069784,111.6211,-84.5508,-84.5508,0,0,6.316075,377777839
6.071042,111.6211,-83.8477,-83.8477,0,0,6.316075,377777839
6.073110,111.6211,-82.6172,-82.6172,0,0,6.316075,377777839
6.074985,111.6211,-81.3867,-81.3867,0,0,6.316075,377777839
6.077003,111.6211,-79.9805,-79.9805,0,0,6.316075,377777839
6.079000,111.6211,-78.5742,-78.5742,0,0,6.316075,377777839
6.081000,111.6211,-77.3438,-77.3438,0,0,6.316075,377777839
6.082996,111.6211,-75.9375,-75.9375,0,0,6.316075,377777839
6.085005,111.6211,-74.5312,-74.5312,0,0,6.316075,377777839
6.086958,111.6211,-73.1250,-73.1250,0,0,6.316075,377777839
6.088956,111.6211,-71.5430,-71.5430,0,0,6.316075,377777839
6.090992,111.6211,-69.9609,-69.9609,0,0,6.316075,377777839
6.093036,111.4453,-68.5547,-68.5547,0,0,6.316075,377777839
6.095031,111.4453,-66.9727,-66.9727,0,0,6.316075,377777839
6.097030,111.2695,-65.3906,-65.3906,0,0,6.316075,377777839
6.099029,111.0938,-63.6328,-63.6328,0,0,6.316075,377777839
6.101028,111.0938,-62.0508,-62.0508,0,0,6.316075,377777839
6.103026,110.9180,-60.4688,-60.4688,0,0,6.316075,377777839
6.105023,110.7422,-58.7109,-58.7109,0,0,6.316075,377777839
6.107022,110.5664,-56.9531,-56.9531,0,0,6.316075,377777839
6.109018,110.3906,-55.1953,-55.1953,0,0,6.316075,377777839
6.111018,110.0391,-53.4375,-53.4375,0,0,6.316075,377777839
6.113015,109.8633,-51.6797,-51.6797,0,0,6.316075,377777839
6.115015,109.5117,-49.7461,-49.7461,0,0,6.316075,377777839
6.117015,109.1602,-47.8125,-47.8125,0,0,6.316075,377777839
6.119015,108.8086,-45.8789,-45.8789,0,0,6.316075,377777839
6.121015,108.4570,-43.9453,-43.9453,0,0,6.316075,377777839
6.123030,108.1055,-41.8359,-41.8359,0,0,6.316075,377777839
6.125029,107.5781,-39.9023,-39.9023,0,0,6.316075,377777839
6.127004,107.2266,-37.7930,-37.7930,0,0,6.316075,377777839
6.129003,106.6992,-35.6836,-35.6836,0,0,6.316075,377777839
6.131000,106.1719,-33.3984,-33.3984,0,0,6.316075,377777839
6.133000,105.6445,-31.2891,-31.2891,0,0,6.316075,377777839
6.135000,104.9414,-29.0039,-29.0039,0,0,6.316075,377777839
6.137015,104.2383,-26.5430,-26.5430,0,0,6.316075,377777839
6.139015,103.5352,-24.2578,-24.2578,0,0,6.316075,377777839
6.141015,102.6562,-21.7969,-21.7969,0,0,6.316075,377777839
6.143015,101.9531,-19.3359,-19.3359,0,0,6.316075,377777839
6.145015,101.0742,-16.8750,-16.8750,0,0,6.316075,377777839
6.147015,100.0195,-14.2383,-14.2383,0,0,6.316075,377777839
6.149015,98.9648,-11.6016,-11.6016,0,0,6.316075,377777839
6.151015,97.9102,-8.7891,-8.7891,0,0,6.316075,377777839
6.153015,96.8555,-5.9766,-5.9766,0,0,6.316075,377777839
6.155015,95.6250,-3.1641,-3.1641,0,0,6.316075,377777839
6.157015,94.2188,-0.1758,-0.1758,0,0,6.316075,377777839
6.159015,92.9883,2.8125,2.8125,0,0,6.316075,377777839
6.163900,89.2969,10.3711,10.3711,0,0,6.316075,377777839
6.164223,89.1211,10.7227,10.7227,0,0,6.316075,377777839
6.164993,88.5938,11.9531,11.9531,0,0,6.316075,377777839
6.166984,87.0117,15.1172,15.1172,0,0,6.316075,377777839
6.168967,85.4297,18.2812,18.2812,0,0,6.316075,377777839
6.170956,83.8477,21.4453,21.4453,0,0,6.316075,377777839
6.173023,82.2656,24.7852,24.7852,0,0,6.316075,377777839
6.175015,80.6836,27.7734,27.7734,0,0,6.316075,377777839
6.176996,79.2773,30.9375,30.9375,0,0,6.316075,377777839
6.178984,77.8711,33.9258,33.9258,0,0,6.316075,377777839
6.180968,76.4648,36.9141,36.9141,0,0,6.316075,377777839
6.182956,75.2344,39.7266,39.7266,0,0,6.316075,377777839
6.185023,74.0039,42.7148,42.7148,0,0,6.316075,377777839
6.187015,72.7734,45.5273,45.5273,0,0,6.316075,377777839
6.188996,71.7188,48.1641,48.1641,0,0,6.316075,377777839
6.190984,70.6641,50.9766,50.9766,0,0,6.316075,377777839
6.192968,69.6094,53.4375,53.4375,0,0,6.316075,377777839
6.194956,68.7305,56.0742,56.0742,0,0,6.316075,377777839
6.197023,68.0273,58.5352,58.5352,0,0,6.316075,377777839
6.199015,67.1484,60.9961,60.9961,0,0,6.316075,377777839
6.200996,66.4453,63.2812,63.2812,0,0,6.316075,377777839
6.202984,65.7422,65.5664,65.5664,0,0,6.316075,377777839
6.204968,65.2148,67.8516,67.8516,0,0,6.316075,377777839
6.206956,64.5117,70.1367,70.1367,0,0,6.316075,377777839
6.209023,63.9844,72.4219,72.4219,0,0,6.316075,377777839
6.211015,63.4570,74.5312,74.5312,0,0,6.316075,377777839
6.212996,63.1055,76.6406,76.6406,0,0,6.316075,377777839
6.214984,62.5781,78.5742,78.5742,0,0,6.316075,377777839
6.216968,62.2266,80.5078,80.5078,0,0,6.316075,377777839
6.218956,61.8750,82.4414,82.4414,0,0,6.316075,377777839
6.221023,61.5234,84.5508,84.5508,0,0,6.316075,377777839
6.223027,61.1719,86.4844,86.4844,0,0,6.316075,377777839
6.225010,60.9961,88.2422,88.2422,0,0,6.316075,377777839
6.227001,60.6445,90.0000,90.0000,0,0,6.316075,377777839
6.229040,60.4688,91.7578,91.7578,0,0,6.316075,377777839
6.230962,60.2930,93.5156,93.5156,0,0,6.316075,377777839
6.233029,60.1172,95.2734,95.2734,0,0,6.316075,377777839
6.235017,59.9414,97.0312,97.0312,0,0,6.316075,377777839
6.237001,59.7656,98.6133,98.6133,0,0,6.316075,377777839
6.238992,59.5898,100.1953,100.1953,0,0,6.316075,377777839
6.240988,59.5898,101.9531,101.9531,0,0,6.316075,377777839
6.242979,59.4141,103.3594,103.3594,0,0,6.316075,377777839
6.244962,59.4141,104.9414,104.9414,0,0,6.316075,377777839
6.247039,59.2383,106.5234,106.5234,0,0,6.316075,377777839
6.249021,59.2383,107.9297,107.9297,0,0,6.316075,377777839
6.251011,59.2383,109.3359,109.3359,0,0,6.316075,377777839
6.252991,59.0625,110.7422,110.7422,0,0,6.316075,377777839
6.254980,59.0625,112.1484,112.1484,0,0,6.316075,377777839
6.256962,59.0625,113.5547,113.5547,0,0,6.316075,377777839
6.259039,59.0625,114.9609,114.9609,0,0,6.316075,377777839
6.263413,59.0625,117.7734,117.7734,0,0,6.316075,377777839
6.263685,59.0625,117.9492,117.9492,0,0,6.316075,377777839
6.264992,59.0625,118.8281,118.8281,0,0,6.316075,377777839
6.266990,59.2383,120.0586,120.0586,0,0,6.316075,377777839
6.268988,59.2383,121.2891,121.2891,0,0,6.316075,377777839
6.270984,59.2383,122.3438,122.3438,0,0,6.316075,377777839
6.272984,59.4141,123.5742,123.5742,0,0,6.316075,377777839
6.274980,59.4141,124.6289,124.6289,0,0,6.316075,377777839
6.276979,59.4141,125.8594,125.8594,0,0,6.316075,377777839
6.278975,59.5898,126.9141,126.9141,0,0,6.316075,377777839
6.280971,59.5898,127.9688,127.9688,0,0,6.316075,377777839
6.282971,59.7656,129.0234,129.0234,0,0,6.316075,377777839
6.284967,59.7656,129.9023,129.9023,0,0,6.316075,377777839
6.286963,59.9414,130.9570,130.9570,0,0,6.316075,377777839
6.288990,59.9414,131.8359,131.8359,0,0,6.316075,377777839
6.290997,60.1172,132.8906,132.8906,0,0,6.316075,377777839
6.293039,60.1172,133.7695,133.7695,0,0,6.316075,377777839
6.294971,60.2930,134.6484,134.6484,0,0,6.316075,377777839
6.296974,60.2930,135.5273,135.5273,0,0,6.316075,377777839
6.298984,60.4688,136.4062,136.4062,0,0,6.316075,377777839
6.301649,60.6445,137.4609,137.4609,0,0,6.316075,377777839
6.305123,60.8203,138.6914,138.6914,0,0,6.577248,378037527
6.305572,60.8203,138.8672,138.8672,0,0,6.577248,378037527
6.307021,60.8203,139.3945,139.3945,0,0,6.577248,378037527
6.309021,60.9961,140.0977,140.0977,0,0,6.577248,378037527
6.311033,60.9961,140.8008,140.8008,0,0,6.577248,378037527
6.312969,61.1719,141.5039,141.5039,0,0,6.577248,378037527
6.314990,61.1719,142.0312,142.0312,0,0,6.577248,378037527
6.316986,61.3477,142.7344,142.7344,0,0,6.577248,378037527
6.318984,61.3477,143.2617,143.2617,0,0,6.577248,378037527
6.320985,61.5234,143.7891,143.7891,0,0,6.577248,378037527
6.323043,61.5234,144.3164,144.3164,0,0,6.577248,378037527
6.324984,61.6992,144.8438,144.8438,0,0,6.577248,378037527
6.326967,61.6992,145.3711,145.3711,0,0,6.577248,378037527
6.328957,61.6992,145.7227,145.7227,0,0,6.577248,378037527
6.331017,61.8750,146.2500,146.2500,0,0,6.577248,378037527
6.333015,61.8750,146.6016,146.6016,0,0,6.577248,378037527
6.335015,61.8750,146.9531,146.9531,0,0,6.577248,378037527
6.337015,61.8750,147.3047,147.3047,0,0,6.577248,378037527
6.339034,62.0508,147.6562,147.6562,0,0,6.577248,378037527
6.341038,62.0508,148.0078,148.0078,0,0,6.577248,378037527
6.342982,62.0508,148.3594,148.3594,0,0,6.577248,378037527
6.345032,62.0508,148.5352,148.5352,0,0,6.577248,378037527
6.347030,62.0508,148.7109,148.7109,0,0,6.577248,378037527
6.349029,62.2266,149.0625,149.0625,0,0,6.577248,378037527
6.351026,62.2266,149.2383,149.2383,0,0,6.577248,378037527
6.353023,62.2266,149.4141,149.4141,0,0,6.577248,378037527
6.355022,62.2266,149.4141,149.4141,0,0,6.577248,378037527
6.357018,62.2266,149.5898,149.5898,0,0,6.577248,378037527
6.359018,62.2266,149.5898,149.5898,0,0,6.577248,378037527
6.363897,62.2266,149.7656,149.7656,0,0,6.577248,378037527
6.364204,62.2266,149.7656,149.7656,0,0,6.577248,378037527
6.364990,62.0508,149.7656,149.7656,0,0,6.577248,378037527
6.366979,62.0508,149.7656,149.7656,0,0,6.577248,378037527
6.368962,62.0508,149.7656,149.7656,0,0,6.577248,378037527
6.371039,62.0508,149.5898,149.5898,0,0,6.577248,378037527
6.373021,61.8750,149.4141,149.4141,0,0,6.577248,378037527
6.375011,61.8750,149.4141,149.4141,0,0,6.577248,378037527
6.376991,61.8750,149.2383,149.2383,0,0,6.577248,378037527
6.378980,61.6992,149.0625,149.0625,0,0,6.577248,378037527
6.380962,61.6992,148.8867,148.8867,0,0,6.577248,378037527
6.383039,61.6992,148.5352,148.5352,0,0,6.577248,378037527
6.385021,61.5234,148.3594,148.3594,0,0,6.577248,378037527
6.387011,61.5234,148.0078,148.0078,0,0,6.577248,378037527
6.388991,61.3477,147.8320,147.8320,0,0,6.577248,378037527
6.390980,61.1719,147.4805,147.4805,0,0,6.577248,378037527
6.392962,61.1719,147.1289,147.1289,0,0,6.577248,378037527
6.395039,60.9961,146.7773,146.7773,0,0,6.577248,378037527
6.397021,60.9961,146.4258,146.4258,0,0,6.577248,378037527
6.399011,60.8203,145.8984,145.8984,0,0,6.577248,378037527
6.400991,60.6445,145.5469,145.5469,0,0,6.577248,378037527
6.402980,60.6445,145.0195,145.0195,0,0,6.577248,378037527
6.404962,60.4688,144.4922,144.4922,0,0,6.577248,378037527
6.407039,60.2930,144.1406,144.1406,0,0,6.577248,378037527
6.409021,60.2930,143.4375,143.4375,0,0,6.577248,378037527
6.411011,60.1172,142.9102,142.9102,0,0,6.577248,378037527
6.412991,59.9414,142.3828,142.3828,0,0,6.577248,378037527
6.414980,59.7656,141.6797,141.6797,0,0,6.577248,378037527
6.416962,59.5898,140.9766,140.9766,0,0,6.577248,378037527
6.419039,59.5898,140.2734,140.2734,0,0,6.577248,378037527
6.421021,59.4141,139.7461,139.7461,0,0,6.577248,378037527
6.423021,59.2383,138.8672,138.8672,0,0,6.577248,378037527
6.425003,59.0625,138.1641,138.1641,0,0,6.577248,378037527
6.426992,58.8867,137.4609,137.4609,0,0,6.577248,378037527
6.428971,58.8867,136.7578,136.7578,0,0,6.577248,378037527
6.430962,58.7109,135.8789,135.8789,0,0,6.577248,378037527
6.432965,58.5352,135.0000,135.0000,0,0,6.577248,378037527
6.434975,58.3594,134.1211,134.1211,0,0,6.577248,378037527
6.436959,58.1836,133.2422,133.2422,0,0,6.577248,378037527
6.438975,58.1836,132.3633,132.3633,0,0,6.577248,378037527
6.440956,58.0078,131.4844,131.4844,0,0,6.577248,378037527
6.443030,57.8320,130.4297,130.4297,0,0,6.577248,378037527
6.445011,57.6562,129.5508,129.5508,0,0,6.577248,378037527
6.447000,57.6562,128.4961,128.4961,0,0,6.577248,378037527
6.448984,57.4805,127.4414,127.4414,0,0,6.577248,378037527
6.450971,57.4805,126.3867,126.3867,0,0,6.577248,378037527
6.453039,57.3047,125.3320,125.3320,0,0,6.577248,378037527
6.455030,57.1289,124.1016,124.1016,0,0,6.577248,378037527
6.457011,57.1289,123.0469,123.0469,0,0,6.577248,378037527
6.459000,56.9531,121.8164,121.8164,0,0,6.577248,378037527
6.463367,56.7773,119.1797,119.1797,0,0,6.577248,378037527
6.463627,56.7773,119.0039,119.0039,0,0,6.577248,378037527
6.465029,56.7773,118.1250,118.1250,0,0,6.577248,378037527
6.467029,56.7773,116.8945,116.8945,0,0,6.577248,378037527
6.469026,56.6016,115.6641,115.6641,0,0,6.577248,378037527
6.471023,56.6016,114.2578,114.2578,0,0,6.577248,378037527
6.473022,56.6016,113.0273,113.0273,0,0,6.577248,378037527
6.475018,56.4258,111.6211,111.6211,0,0,6.577248,378037527
6.477017,56.4258,110.2148,110.2148,0,0,6.577248,378037527
6.479015,56.4258,108.8086,108.8086,0,0,6.577248,378037527
6.481015,56.4258,107.4023,107.4023,0,0,6.577248,378037527
6.483015,56.4258,105.8203,105.8203,0,0,6.577248,378037527
6.485015,56.4258,104.4141,104.4141,0,0,6.577248,378037527
6.487015,56.6016,102.8320,102.8320,0,0,6.577248,378037527
6.489015,56.6016,101.2500,101.2500,0,0,6.577248,378037527
6.491015,56.7773,99.6680,99.6680,0,0,6.577248,378037527
6.493015,56.7773,98.0859,98.0859,0,0,6.577248,378037527
6.495015,56.9531,96.3281,96.3281,0,0,6.577248,378037527
6.497015,56.9531,94.5703,94.5703,0,0,6.577248,378037527
6.499015,57.1289,92.9883,92.9883,0,0,6.577248,378037527
6.501015,57.3047,91.2305,91.2305,0,0,6.577248,378037527
6.503015,57.4805,89.4727,89.4727,0,0,6.577248,378037527
6.505015,57.8320,87.5391,87.5391,0,0,6.577248,378037527
6.507015,58.0078,85.7812,85.7812,0,0,6.577248,378037527
6.509015,58.1836,83.8477,83.8477,0,0,6.577248,378037527
6.511015,58.5352,81.9141,81.9141,0,0,6.577248,378037527
6.513015,58.8867,79.9805,79.9805,0,0,6.577248,378037527
6.515015,59.2383,78.0469,78.0469,0,0,6.577248,378037527
6.517015,59.5898,75.9375,75.9375,0,0,6.577248,378037527
6.519015,60.1172,73.8281,73.8281,0,0,6.577248,378037527
6.521015,60.4688,71.7188,71.7188,0,0,6.577248,378037527
6.523026,60.9961,69.6094,69.6094,0,0,6.577248,378037527
6.525023,61.5234,67.3242,67.3242,0,0,6.577248,378037527
6.527022,62.0508,65.0391,65.0391,0,0,6.577248,378037527
6.529045,62.7539,62.7539,62.7539,0,0,6.577248,378037527
6.530974,63.4570,60.4688,60.4688,0,0,6.577248,378037527
6.532994,64.1602,58.0078,58.0078,0,0,6.577248,378037527
6.534992,64.8633,55.5469,55.5469,0,0,6.577248,378037527
6.537031,65.7422,52.9102,52.9102,0,0,6.577248,378037527
6.539030,66.6211,50.4492,50.4492,0,0,6.577248,378037527
6.541029,67.6758,47.8125,47.8125,0,0,6.577248,378037527
6.543026,68.7305,45.0000,45.0000,0,0,6.577248,378037527
6.544956,69.6094,42.3633,42.3633,0,0,6.577248,378037527
6.546956,70.8398,39.5508,39.5508,0,0,6.577248,378037527
6.549039,72.0703,36.5625,36.5625,0,0,6.577248,378037527
6.551038,73.4766,33.5742,33.5742,0,0,6.577248,378037527
6.553034,74.7070,30.5859,30.5859,0,0,6.577248,378037527
6.555031,76.1133,27.5977,27.5977,0,0,6.577248,378037527
6.556961,77.5195,24.6094,24.6094,0,0,6.577248,378037527
6.558995,78.9258,21.4453,21.4453,0,0,6.577248,378037527
6.567305,84.9023,8.4375,8.4375,0,0,6.818893,378287318
6.568086,85.2539,7.3828,7.3828,0,0,6.818893,378287318
6.568327,85.4297,7.0312,7.0312,0,0,6.818893,378287318
6.568573,85.6055,6.6797,6.6797,0,0,6.818893,378287318
6.569041,85.9570,5.9766,5.9766,0,0,6.818893,378287318
6.570975,87.1875,3.1641,3.1641,0,0,6.818893,378287318
6.572971,88.4180,0.3516,0.3516,0,0,6.818893,378287318
6.574967,89.4727,-2.6367,-2.6367,0,0,6.818893,378287318
6.576983,90.7031,-5.2734,-5.2734,0,0,6.818893,378287318
6.578989,91.7578,-8.0859,-8.0859,0,0,6.818893,378287318
6.580969,92.6367,-10.7227,-10.7227,0,0,6.818893,378287318
6.582977,93.5156,-13.1836,-13.1836,0,0,6.818893,378287318
6.585033,94.3945,-15.8203,-15.8203,0,0,6.818893,378287318
6.587030,95.2734,-18.2812,-18.2812,0,0,6.818893,378287318
6.588974,95.9766,-20.5664,-20.5664,0,0,6.818893,378287318
6.590970,96.5039,-22.8516,-22.8516,0,0,6.818893,378287318
6.593003,97.2070,-25.3125,-25.3125,0,0,6.818893,378287318
6.595009,97.7344,-27.4219,-27.4219,0,0,6.818893,378287318
6.596963,98.2617,-29.5312,-29.5312,0,0,6.818893,378287318
6.598989,98.7891,-31.8164,-31.8164,0,0,6.818893,378287318
6.600960,99.3164,-33.7500,-33.7500,0,0,6.818893,378287318
6.602959,99.6680,-35.8594,-35.8594,0,0,6.818893,378287318
6.604956,100.0195,-37.7930,-37.7930,0,0,6.818893,378287318
6.606956,100.3711,-39.7266,-39.7266,0,0,6.818893,378287318
6.609039,100.7227,-41.8359,-41.8359,0,0,6.818893,378287318
6.611038,101.0742,-43.5938,-43.5938,0,0,6.818893,378287318
6.613034,101.2500,-45.5273,-45.5273,0,0,6.818893,378287318
6.615030,101.4258,-47.2852,-47.2852,0,0,6.818893,378287318
6.617029,101.7773,-49.0430,-49.0430,0,0,6.818893,378287318
6.619028,101.7773,-50.8008,-50.8008,0,0,6.818893,378287318
6.621026,101.9531,-52.5586,-52.5586,0,0,6.818893,378287318
6.623039,102.1289,-54.1406,-54.1406,0,0,6.818893,378287318
6.625039,102.3047,-55.8984,-55.8984,0,0,6.818893,378287318
6.627038,102.4805,-57.4805,-57.4805,0,0,6.818893,378287318
6.629034,102.4805,-58.8867,-58.8867,0,0,6.818893,378287318
6.631030,102.4805,-60.4688,-60.4688,0,0,6.818893,378287318
6.633029,102.4805,-62.0508,-62.0508,0,0,6.818893,378287318
6.635028,102.4805,-63.4570,-63.4570,0,0,6.818893,378287318
6.637026,102.6562,-65.0391,-65.0391,0,0,6.818893,378287318
6.638993,102.6562,-66.2695,-66.2695,0,0,6.818893,378287318
6.641015,102.6562,-67.8516,-67.8516,0,0,6.818893,378287318
6.643015,102.6562,-69.0820,-69.0820,0,0,6.818893,378287318
6.645015,102.6562,-70.4883,-70.4883,0,0,6.818893,378287318
6.647015,102.4805,-71.7188,-71.7188,0,0,6.818893,378287318
6.649015,102.4805,-72.9492,-72.9492,0,0,6.818893,378287318
6.651015,102.4805,-74.3555,-74.3555,0,0,6.818893,378287318
6.653015,102.3047,-75.5859,-75.5859,0,0,6.818893,378287318
6.655015,102.3047,-76.6406,-76.6406,0,0,6.818893,378287318
6.657015,102.1289,-77.8711,-77.8711,0,0,6.818893,378287318
6.659015,102.1289,-79.1016,-79.1016,0,0,6.818893,378287318
6.663704,101.7773,-81.5625,-81.5625,0,0,6.818893,378287318
6.663991,101.7773,-81.7383,-81.7383,0,0,6.818893,378287318
6.665022,101.7773,-82.2656,-82.2656,0,0,6.818893,378287318
6.667011,101.7773,-83.3203,-83.3203,0,0,6.818893,378287318
6.668992,101.6016,-84.3750,-84.3750,0,0,6.818893,378287318
6.670980,101.4258,-85.4297,-85.4297,0,0,6.818893,378287318
6.672962,101.2500,-86.3086,-86.3086,0,0,6.818893,378287318
6.675039,101.0742,-87.1875,-87.1875,0,0,6.818893,378287318
6.677021,101.0742,-88.2422,-88.2422,0,0,6.818893,378287318
6.679011,100.8984,-89.1211,-89.1211,0,0,6.818893,378287318
6.680991,100.7227,-89.8242,-89.8242,0,0,6.818893,378287318
6.682980,100.5469,-90.7031,-90.7031,0,0,6.818893,378287318
6.684962,100.3711,-91.5820,-91.5820,0,0,6.818893,378287318
6.687039,100.3711,-92.2852,-92.2852,0,0,6.818893,378287318
6.689021,100.1953,-93.1641,-93.1641,0,0,6.818893,378287318
6.691011,100.0195,-93.8672,-93.8672,0,0,6.818893,378287318
6.692991,99.8438,-94.5703,-94.5703,0,0,6.818893,378287318
6.694980,99.6680,-95.0977,-95.0977,0,0,6.818893,378287318
6.696962,99.4922,-95.8008,-95.8008,0,0,6.818893,378287318
6.699039,99.3164,-96.5039,-96.5039,0,0,6.818893,378287318
6.701021,99.1406,-97.0312,-97.0312,0,0,6.818893,378287318
6.703011,98.9648,-97.7344,-97.7344,0,0,6.818893,378287318
6.704991,98.9648,-98.2617,-98.2617,0,0,6.818893,378287318
6.706980,98.7891,-98.7891,-98.7891,0,0,6.818893,378287318
6.708962,98.6133,-99.1406,-99.1406,0,0,6.818893,378287318
6.711039,98.4375,-99.6680,-99.6680,0,0,6.818893,378287318
6.713021,98.2617,-100.1953,-100.1953,0,0,6.818893,378287318
6.715011,98.2617,-100.5469,-100.5469,0,0,6.818893,378287318
6.716991,98.0859,-101.0742,-101.0742,0,0,6.818893,378287318
6.718980,97.9102,-101.2500,-101.2500,0,0,6.818893,378287318
6.720962,97.7344,-101.7773,-101.7773,0,0,6.818893,378287318
6.722970,97.7344,-101.9531,-101.9531,0,0,6.818893,378287318
6.725039,97.5586,-102.3047,-102.3047,0,0,6.818893,378287318
6.727030,97.5586,-102.6562,-102.6562,0,0,6.818893,378287318
6.729011,97.3828,-102.8320,-102.8320,0,0,6.818893,378287318
6.731000,97.2070,-103.0078,-103.0078,0,0,6.818893,378287318
6.732984,97.2070,-103.1836,-103.1836,0,0,6.818893,378287318
6.734971,97.0312,-103.3594,-103.3594,0,0,6.818893,378287318
6.737039,96.8555,-103.5352,-103.5352,0,0,6.818893,378287318
6.739030,96.8555,-103.7109,-103.7109,0,0,6.818893,378287318
6.741010,96.8555,-103.7109,-103.7109,0,0,6.818893,378287318
6.743015,96.6797,-103.8867,-103.8867,0,0,6.818893,378287318
6.744996,96.6797,-103.8867,-103.8867,0,0,6.818893,378287318
6.746984,96.5039,-103.8867,-103.8867,0,0,6.818893,378287318
6.748967,96.5039,-103.8867,-103.8867,0,0,6.818893,378287318
6.750956,96.5039,-103.8867,-103.8867,0,0,6.818893,378287318
6.753022,96.3281,-103.7109,-103.7109,0,0,6.818893,378287318
6.755011,96.3281,-103.7109,-103.7109,0,0,6.818893,378287318
6.756992,96.3281,-103.5352,-103.5352,0,0,6.818893,378287318
6.758980,96.1523,-103.3594,-103.3594,0,0,6.818893,378287318
6.763363,96.1523,-103.0078,-103.0078,0,0,6.818893,378287318
6.763640,96.1523,-103.0078,-103.0078,0,0,6.818893,378287318
6.765026,96.1523,-102.8320,-102.8320,0,0,6.818893,378287318
6.767023,96.1523,-102.4805,-102.4805,0,0,6.818893,378287318
6.769022,96.1523,-102.3047,-102.3047,0,0,6.818893,378287318
6.771018,96.1523,-101.9531,-101.9531,0,0,6.818893,378287318
6.773017,96.1523,-101.6016,-101.6016,0,0,6.818893,378287318
6.775015,96.1523,-101.2500,-101.2500,0,0,6.818893,378287318
6.777015,96.1523,-100.8984,-100.8984,0,0,6.818893,378287318
6.779015,96.1523,-100.5469,-100.5469,0,0,6.818893,378287318
6.781015,96.1523,-100.0195,-100.0195,0,0,6.818893,378287318
6.783015,96.1523,-99.6680,-99.6680,0,0,6.818893,378287318
6.785015,96.1523,-99.1406,-99.1406,0,0,6.818893,378287318
6.787015,96.1523,-98.6133,-98.6133,0,0,6.818893,378287318
6.789015,96.1523,-98.0859,-98.0859,0,0,6.818893,378287318
6.791015,96.1523,-97.5586,-97.5586,0,0,6.818893,378287318
6.793005,96.1523,-96.8555,-96.8555,0,0,6.818893,378287318
6.795038,96.1523,-96.3281,-96.3281,0,0,6.818893,378287318
6.797014,96.1523,-95.6250,-95.6250,0,0,6.818893,378287318
6.799023,96.1523,-94.9219,-94.9219,0,0,6.818893,378287318
6.801038,96.1523,-94.2188,-94.2188,0,0,6.818893,378287318
6.802973,96.1523,-93.6914,-93.6914,0,0,6.818893,378287318
6.804970,96.1523,-92.8125,-92.8125,0,0,6.818893,378287318
6.806968,96.3281,-92.1094,-92.1094,0,0,6.818893,378287318
6.809006,96.3281,-91.4062,-91.4062,0,0,6.818893,378287318
6.811050,96.3281,-90.5273,-90.5273,0,0,6.818893,378287318
6.814403,96.3281,-89.1211,-89.1211,0,0,7.067895,378524380
6.814992,96.3281,-88.7695,-88.7695,0,0,7.067895,378524380
6.816972,96.3281,-87.8906,-87.8906,0,0,7.067895,378524380
6.819028,96.3281,-87.0117,-87.0117,0,0,7.067895,378524380
6.820970,96.3281,-86.1328,-86.1328,0,0,7.067895,378524380
6.823012,96.3281,-85.0781,-85.0781,0,0,7.067895,378524380
6.825006,96.3281,-84.0234,-84.0234,0,0,7.067895,378524380
6.827004,96.3281,-82.9688,-82.9688,0,0,7.067895,378524380
6.829031,96.3281,-82.0898,-82.0898,0,0,7.067895,378524380
6.830964,96.3281,-81.0352,-81.0352,0,0,7.067895,378524380
6.833019,96.3281,-79.8047,-79.8047,0,0,7.067895,378524380
6.834970,96.3281,-78.7500,-78.7500,0,0,7.067895,378524380
6.837014,96.3281,-77.6953,-77.6953,0,0,7.067895,378524380
6.838958,96.3281,-76.4648,-76.4648,0,0,7.067895,378524380
6.840968,96.3281,-75.2344,-75.2344,0,0,7.067895,378524380
6.842969,96.3281,-74.0039,-74.0039,0,0,7.067895,378524380
6.844965,96.1523,-72.7734,-72.7734,0,0,7.067895,378524380
6.846963,96.1523,-71.5430,-71.5430,0,0,7.067895,378524380
6.848984,96.1523,-70.1367,-70.1367,0,0,7.067895,378524380
6.850984,95.9766,-68.9062,-68.9062,0,0,7.067895,378524380
6.852984,95.8008,-67.5000,-67.5000,0,0,7.067895,378524380
6.854980,95.8008,-66.0938,-66.0938,0,0,7.067895,378524380
6.856971,95.6250,-64.6875,-64.6875,0,0,7.067895,378524380
6.858968,95.4492,-63.1055,-63.1055,0,0,7.067895,378524380
6.863883,95.0977,-59.4141,-59.4141,0,0,7.067895,378524380
6.864206,95.0977,-59.2383,-59.2383,0,0,7.067895,378524380
6.864980,94.9219,-58.7109,-58.7109,0,0,7.067895,378524380
6.866971,94.7461,-57.1289,-57.1289,0,0,7.067895,378524380
6.869039,94.5703,-55.3711,-55.3711,0,0,7.067895,378524380
6.871030,94.3945,-53.7891,-53.7891,0,0,7.067895,378524380
6.873011,94.2188,-52.2070,-52.2070,0,0,7.067895,378524380
6.875000,93.8672,-50.4492,-50.4492,0,0,7.067895,378524380
6.876984,93.5156,-48.8672,-48.8672,0,0,7.067895,378524380
6.878971,93.3398,-47.1094,-47.1094,0,0,7.067895,378524380
6.881039,92.9883,-45.1758,-45.1758,0,0,7.067895,378524380
6.883030,92.6367,-43.4180,-43.4180,0,0,7.067895,378524380
6.885011,92.1094,-41.4844,-41.4844,0,0,7.067895,378524380
6.887000,91.7578,-39.5508,-39.5508,0,0,7.067895,378524380
6.888984,91.4062,-37.6172,-37.6172,0,0,7.067895,378524380
6.890971,90.8789,-35.6836,-35.6836,0,0,7.067895,378524380
6.893039,90.3516,-33.5742,-33.5742,0,0,7.067895,378524380
6.895030,89.8242,-31.4648,-31.4648,0,0,7.067895,378524380
6.897011,89.1211,-29.3555,-29.3555,0,0,7.067895,378524380
6.899000,88.5938,-27.2461,-27.2461,0,0,7.067895,378524380
6.900984,87.8906,-25.1367,-25.1367,0,0,7.067895,378524380
6.902972,87.1875,-22.8516,-22.8516,0,0,7.067895,378524380
6.904956,86.3086,-20.5664,-20.5664,0,0,7.067895,378524380
6.907030,85.6055,-18.1055,-18.1055,0,0,7.067895,378524380
6.909011,84.7266,-15.8203,-15.8203,0,0,7.067895,378524380
6.911000,83.6719,-13.1836,-13.1836,0,0,7.067895,378524380
6.912984,82.7930,-10.7227,-10.7227,0,0,7.067895,378524380
6.914971,81.7383,-8.2617,-8.2617,0,0,7.067895,378524380
6.917039,80.6836,-5.4492,-5.4492,0,0,7.067895,378524380
6.919030,79.4531,-2.8125,-2.8125,0,0,7.067895,378524380
6.920989,78.2227,0.0000,0.0000,0,0,7.067895,378524380
6.922991,76.8164,2.8125,2.8125,0,0,7.067895,378524380
6.924971,75.5859,5.6250,5.6250,0,0,7.067895,378524380
6.926964,74.1797,8.6133,8.6133,0,0,7.067895,378524380
6.928961,72.7734,11.6016,11.6016,0,0,7.067895,378524380
6.931025,71.1914,14.5898,14.5898,0,0,7.067895,378524380
6.933007,69.7852,17.5781,17.5781,0,0,7.067895,378524380
6.934996,68.2031,20.5664,20.5664,0,0,7.067895,378524380
6.936994,66.7969,23.5547,23.5547,0,0,7.067895,378524380
6.938984,65.3906,26.5430,26.5430,0,0,7.067895,378524380
6.940968,63.9844,29.5312,29.5312,0,0,7.067895,378524380
6.943009,62.5781,32.3438,32.3438,0,0,7.067895,378524380
6.944992,61.1719,35.1562,35.1562,0,0,7.067895,378524380
6.947025,59.9414,37.9688,37.9688,0,0,7.067895,378524380
6.949008,58.8867,40.7812,40.7812,0,0,7.067895,378524380
6.951014,57.6562,43.4180,43.4180,0,0,7.067895,378524380
6.953014,56.6016,46.0547,46.0547,0,0,7.067895,378524380
6.955007,55.5469,48.6914,48.6914,0,0,7.067895,378524380
6.956990,54.4922,51.1523,51.1523,0,0,7.067895,378524380
6.958980,53.6133,53.6133,53.6133,0,0,7.067895,378524380
6.963345,51.8555,58.7109,58.7109,0,0,7.067895,378524380
6.963621,51.8555,59.0625,59.0625,0,0,7.067895,378524380
6.965009,51.3281,60.4688,60.4688,0,0,7.067895,378524380
6.967008,50.6250,62.7539,62.7539,0,0,7.067895,378524380
6.969018,49.9219,64.8633,64.8633,0,0,7.067895,378524380
6.971015,49.3945,66.9727,66.9727,0,0,7.067895,378524380
6.973015,48.6914,69.0820,69.0820,0,0,7.067895,378524380
6.975027,48.3398,71.1914,71.1914,0,0,7.067895,378524380
6.977022,47.8125,73.1250,73.1250,0,0,7.067895,378524380
6.979013,47.2852,75.0586,75.0586,0,0,7.067895,378524380
6.980973,46.9336,76.9922,76.9922,0,0,7.067895,378524380
6.982971,46.5820,78.9258,78.9258,0,0,7.067895,378524380
6.984968,46.2305,80.6836,80.6836,0,0,7.067895,378524380
6.986976,45.8789,82.4414,82.4414,0,0,7.067895,378524380
6.988992,45.5273,84.1992,84.1992,0,0,7.067895,378524380
6.991003,45.3516,85.9570,85.9570,0,0,7.067895,378524380
6.993003,45.0000,87.5391,87.5391,0,0,7.067895,378524380
6.995000,44.8242,89.2969,89.2969,0,0,7.067895,378524380
6.997000,44.6484,90.8789,90.8789,0,0,7.067895,378524380
6.998996,44.4727,92.4609,92.4609,0,0,7.067895,378524380
7.000992,44.2969,94.0430,94.0430,0,0,7.067895,378524380
7.002990,44.1211,95.6250,95.6250,0,0,7.067895,378524380
7.004988,43.9453,97.0312,97.0312,0,0,7.067895,378524380
7.006984,43.7695,98.6133,98.6133,0,0,7.067895,378524380
7.008984,43.5938,100.0195,100.0195,0,0,7.067895,378524380
7.010980,43.5938,101.4258,101.4258,0,0,7.067895,378524380
7.012979,43.4180,102.8320,102.8320,0,0,7.067895,378524380
7.014975,43.4180,104.0625,104.0625,0,0,7.067895,378524380
7.016971,43.4180,105.4688,105.4688,0,0,7.067895,378524380
7.018971,43.4180,106.6992,106.6992,0,0,7.067895,378524380
7.020967,43.2422,107.9297,107.9297,0,0,7.067895,378524380
7.022975,43.2422,109.1602,109.1602,0,0,7.067895,378524380
7.024971,43.2422,110.3906,110.3906,0,0,7.067895,378524380
7.026967,43.2422,111.6211,111.6211,0,0,7.067895,378524380
7.028963,43.2422,112.6758,112.6758,0,0,7.067895,378524380
7.030962,43.2422,113.9062,113.9062,0,0,7.067895,378524380
7.032959,43.2422,114.9609,114.9609,0,0,7.067895,378524380
7.034956,43.2422,116.0156,116.0156,0,0,7.067895,378524380
7.036956,43.2422,117.0703,117.0703,0,0,7.067895,378524380
7.039014,43.2422,118.1250,118.1250,0,0,7.067895,378524380
7.040986,43.4180,119.0039,119.0039,0,0,7.067895,378524380
7.042979,43.4180,119.8828,119.8828,0,0,7.067895,378524380
7.044963,43.4180,120.9375,120.9375,0,0,7.067895,378524380
7.047022,43.4180,121.8164,121.8164,0,0,7.067895,378524380
7.051888,43.5938,123.9258,123.9258,0,0,7.324190,378789934
7.052338,43.5938,124.1016,124.1016,0,0,7.324190,378789934
7.053048,43.5938,124.4531,124.4531,0,0,7.324190,378789934
7.055027,43.5938,125.1562,125.1562,0,0,7.324190,378789934
7.056975,43.7695,125.8594,125.8594,0,0,7.324190,378789934
7.058971,43.7695,126.7383,126.7383,0,0,7.324190,378789934
7.064237,43.9453,128.4961,128.4961,0,0,7.324190,378789934
7.064538,43.9453,128.6719,128.6719,0,0,7.324190,378789934
7.065013,43.9453,128.8477,128.8477,0,0,7.324190,378789934
7.066986,44.1211,129.3750,129.3750,0,0,7.324190,378789934
7.068966,44.1211,130.0781,130.0781,0,0,7.324190,378789934
7.070966,44.1211,130.6055,130.6055,0,0,7.324190,378789934
7.073018,44.1211,131.1328,131.1328,0,0,7.324190,378789934
7.074980,44.2969,131.6602,131.6602,0,0,7.324190,378789934
7.077462,44.2969,132.3633,132.3633,0,0,7.324190,378789934
7.079031,44.2969,132.7148,132.7148,0,0,7.324190,378789934
7.081006,44.4727,133.2422,133.2422,0,0,7.324190,378789934
7.083014,44.4727,133.5938,133.5938,0,0,7.324190,378789934
7.084996,44.4727,133.9453,133.9453,0,0,7.324190,378789934
7.086968,44.4727,134.2969,134.2969,0,0,7.324190,378789934
7.089033,44.6484,134.6484,134.6484,0,0,7.324190,378789934
7.091022,44.6484,135.0000,135.0000,0,0,7.324190,378789934
7.093003,44.6484,135.3516,135.3516,0,0,7.324190,378789934
7.094992,44.6484,135.7031,135.7031,0,0,7.324190,378789934
7.097017,44.8242,135.8789,135.8789,0,0,7.324190,378789934
7.099007,44.8242,136.0547,136.0547,0,0,7.324190,378789934
7.100990,44.8242,136.2305,136.2305,0,0,7.324190,378789934
7.102980,44.8242,136.4062,136.4062,0,0,7.324190,378789934
7.104962,44.8242,136.5820,136.5820,0,0,7.324190,378789934
7.107039,44.8242,136.7578,136.7578,0,0,7.324190,378789934
7.109021,44.8242,136.7578,136.7578,0,0,7.324190,378789934
7.111010,44.8242,136.7578,136.7578,0,0,7.324190,378789934
7.112991,44.8242,136.7578,136.7578,0,0,7.324190,378789934
7.114980,44.8242,136.7578,136.7578,0,0,7.324190,378789934
7.116962,44.8242,136.7578,136.7578,0,0,7.324190,378789934
7.119039,44.8242,136.7578,136.7578,0,0,7.324190,378789934
7.121021,44.8242,136.7578,136.7578,0,0,7.324190,378789934
7.123021,44.8242,136.5820,136.5820,0,0,7.324190,378789934
7.125003,44.8242,136.5820,136.5820,0,0,7.324190,378789934
7.126992,44.8242,136.4062,136.4062,0,0,7.324190,378789934
7.128971,44.8242,136.2305,136.2305,0,0,7.324190,378789934
7.130962,44.8242,136.0547,136.0547,0,0,7.324190,378789934
7.133030,44.6484,135.7031,135.7031,0,0,7.324190,378789934
7.135019,44.6484,135.5273,135.5273,0,0,7.324190,378789934
7.137000,44.6484,135.1758,135.1758,0,0,7.324190,378789934
7.138992,44.4727,135.0000,135.0000,0,0,7.324190,378789934
7.140972,44.4727,134.4727,134.4727,0,0,7.324190,378789934
7.142962,44.4727,134.2969,134.2969,0,0,7.324190,378789934
7.145029,44.2969,133.7695,133.7695,0,0,7.324190,378789934
7.147017,44.2969,133.4180,133.4180,0,0,7.324190,378789934
7.149001,44.2969,132.8906,132.8906,0,0,7.324190,378789934
7.151030,44.2969,132.5391,132.5391,0,0,7.324190,378789934
7.152971,44.1211,132.0117,132.0117,0,0,7.324190,378789934
7.155029,44.1211,131.4844,131.4844,0,0,7.324190,378789934
7.156996,44.1211,130.9570,130.9570,0,0,7.324190,378789934
7.158985,43.9453,130.2539,130.2539,0,0,7.324190,378789934
7.163462,43.7695,129.0234,129.0234,0,0,7.324190,378789934
7.163737,43.7695,128.8477,128.8477,0,0,7.324190,378789934
7.164965,43.7695,128.4961,128.4961,0,0,7.324190,378789934
7.166962,43.7695,127.7930,127.7930,0,0,7.324190,378789934
7.168959,43.5938,127.0898,127.0898,0,0,7.324190,378789934
7.170956,43.5938,126.3867,126.3867,0,0,7.324190,378789934
7.172956,43.5938,125.5078,125.5078,0,0,7.324190,378789934
7.175039,43.4180,124.8047,124.8047,0,0,7.324190,378789934
7.176961,43.4180,123.9258,123.9258,0,0,7.324190,378789934
7.178973,43.4180,123.2227,123.2227,0,0,7.324190,378789934
7.180980,43.2422,122.3438,122.3438,0,0,7.324190,378789934
7.182994,43.2422,121.4648,121.4648,0,0,7.324190,378789934
7.184992,43.2422,120.4102,120.4102,0,0,7.324190,378789934
7.186990,43.2422,119.5312,119.5312,0,0,7.324190,378789934
7.188986,43.0664,118.4766,118.4766,0,0,7.324190,378789934
7.190984,43.0664,117.5977,117.5977,0,0,7.324190,378789934
7.192984,43.0664,116.5430,116.5430,0,0,7.324190,378789934
7.194984,43.0664,115.4883,115.4883,0,0,7.324190,378789934
7.196984,43.0664,114.4336,114.4336,0,0,7.324190,378789934
7.198984,43.0664,113.3789,113.3789,0,0,7.324190,378789934
7.200984,43.0664,112.3242,112.3242,0,0,7.324190,378789934
7.202984,43.0664,111.0938,111.0938,0,0,7.324190,378789934
7.204984,43.0664,109.8633,109.8633,0,0,7.324190,378789934
7.206984,43.0664,108.6328,108.6328,0,0,7.324190,378789934
7.208984,43.0664,107.5781,107.5781,0,0,7.324190,378789934
7.210984,43.0664,106.1719,106.1719,0,0,7.324190,378789934
7.212984,43.0664,104.9414,104.9414,0,0,7.324190,378789934
7.214984,43.2422,103.5352,103.5352,0,0,7.324190,378789934
7.216984,43.2422,102.3047,102.3047,0,0,7.324190,378789934
7.218984,43.4180,100.8984,100.8984,0,0,7.324190,378789934
7.220984,43.4180,99.4922,99.4922,0,0,7.324190,378789934
7.222996,43.5938,98.0859,98.0859,0,0,7.324190,378789934
7.224992,43.5938,96.5039,96.5039,0,0,7.324190,378789934
7.226992,43.7695,95.0977,95.0977,0,0,7.324190,378789934
7.228992,43.9453,93.5156,93.5156,0,0,7.324190,378789934
7.230992,44.1211,91.9336,91.9336,0,0,7.324190,378789934
7.232992,44.2969,90.3516,90.3516,0,0,7.324190,378789934
7.234992,44.4727,88.7695,88.7695,0,0,7.324190,378789934
7.236992,44.8242,87.1875,87.1875,0,0,7.324190,378789934
7.238992,45.0000,85.4297,85.4297,0,0,7.324190,378789934
7.241010,45.3516,83.6719,83.6719,0,0,7.324190,378789934
7.243007,45.5273,81.9141,81.9141,0,0,7.324190,378789934
7.245004,45.8789,80.1562,80.1562,0,0,7.324190,378789934
7.247003,46.2305,78.2227,78.2227,0,0,7.324190,378789934
7.249000,46.5820,76.4648,76.4648,0,0,7.324190,378789934
7.251000,46.9336,74.5312,74.5312,0,0,7.324190,378789934
7.253038,47.4609,72.5977,72.5977,0,0,7.324190,378789934
7.255034,47.9883,70.4883,70.4883,0,0,7.324190,378789934
7.257030,48.5156,68.5547,68.5547,0,0,7.324190,378789934
7.258958,49.0430,66.4453,66.4453,0,0,7.324190,378789934
7.263355,50.2734,61.8750,61.8750,0,0,7.324190,378789934
7.263607,50.4492,61.5234,61.5234,0,0,7.324190,378789934
7.264994,50.8008,59.9414,59.9414,0,0,7.324190,378789934
7.266984,51.6797,57.8320,57.8320,0,0,7.324190,378789934
7.268968,52.3828,55.5469,55.5469,0,0,7.324190,378789934
7.270956,53.2617,53.0859,53.0859,0,0,7.324190,378789934
7.273023,54.1406,50.6250,50.6250,0,0,7.324190,378789934
7.275015,55.0195,48.1641,48.1641,0,0,7.324190,378789934
7.276996,56.0742,45.7031,45.7031,0,0,7.324190,378789934
7.278984,56.9531,43.0664,43.0664,0,0,7.324190,378789934
7.280968,58.1836,40.4297,40.4297,0,0,7.324190,378789934
7.282976,59.2383,37.7930,37.7930,0,0,7.324190,378789934
7.285020,60.4688,34.8047,34.8047,0,0,7.324190,378789934
7.286978,61.6992,32.1680,32.1680,0,0,7.324190,378789934
7.288974,63.1055,29.3555,29.3555,0,0,7.324190,378789934
7.290965,64.3359,26.5430,26.5430,0,0,7.324190,378789934
7.293026,65.9180,23.3789,23.3789,0,0,7.324190,378789934
7.295030,67.3242,20.5664,20.5664,0,0,7.324190,378789934
7.297006,68.5547,17.5781,17.5781,0,0,7.324190,378789934
7.298994,69.9609,14.7656,14.7656,0,0,7.324190,378789934
7.300975,71.3672,11.7773,11.7773,0,0,7.324190,378789934
7.302963,72.5977,8.9648,8.9648,0,0,7.324190,378789934
7.305030,74.0039,5.9766,5.9766,0,0,7.324190,378789934
7.307018,75.2344,3.3398,3.3398,0,0,7.324190,378789934
7.309000,76.4648,0.5273,0.5273,0,0,7.324190,378789934
7.310992,77.5195,-2.1094,-2.1094,0,0,7.324190,378789934
7.312995,78.7500,-4.7461,-4.7461,0,0,7.324190,378789934
7.317202,80.8594,-10.1953,-10.1953,0,0,7.579607,379051643
7.317670,81.0352,-10.5469,-10.5469,0,0,7.579607,379051643
7.319010,81.5625,-12.3047,-12.3047,0,0,7.579607,379051643
7.321024,82.4414,-14.7656,-14.7656,0,0,7.579607,379051643
7.322965,83.3203,-16.8750,-16.8750,0,0,7.579607,379051643
7.324961,84.0234,-19.1602,-19.1602,0,0,7.579607,379051643
7.326981,84.7266,-21.4453,-21.4453,0,0,7.579607,379051643
7.329029,85.4297,-23.7305,-23.7305,0,0,7.579607,379051643
7.330965,85.9570,-25.6641,-25.6641,0,0,7.579607,379051643
7.333144,86.4844,-27.9492,-27.9492,0,0,7.579607,379051643
7.334973,87.0117,-29.8828,-29.8828,0,0,7.579607,379051643
7.337018,87.5391,-31.8164,-31.8164,0,0,7.579607,379051643
7.339018,88.0664,-33.7500,-33.7500,0,0,7.579607,379051643
7.341035,88.4180,-35.6836,-35.6836,0,0,7.579607,379051643
7.342992,88.7695,-37.4414,-37.4414,0,0,7.579607,379051643
7.344999,89.1211,-39.3750,-39.3750,0,0,7.579607,379051643
7.346992,89.4727,-41.1328,-41.1328,0,0,7.579607,379051643
7.348992,89.8242,-42.8906,-42.8906,0,0,7.579607,379051643
7.350992,90.0000,-44.4727,-44.4727,0,0,7.579607,379051643
7.352992,90.3516,-46.2305,-46.2305,0,0,7.579607,379051643
7.354997,90.5273,-47.8125,-47.8125,0,0,7.579607,379051643
7.356984,90.7031,-49.3945,-49.3945,0,0,7.579607,379051643
7.358980,91.0547,-50.9766,-50.9766,0,0,7.579607,379051643
7.363925,91.4062,-54.6680,-54.6680,0,0,7.579607,379051643
7.364233,91.4062,-54.8438,-54.8438,0,0,7.579607,379051643
7.365018,91.4062,-55.5469,-55.5469,0,0,7.579607,379051643
7.367010,91.5820,-56.9531,-56.9531,0,0,7.579607,379051643
7.368992,91.5820,-58.3594,-58.3594,0,0,7.579607,379051643
7.370984,91.7578,-59.5898,-59.5898,0,0,7.579607,379051643
7.372967,91.7578,-60.9961,-60.9961,0,0,7.579607,379051643
7.374956,91.9336,-62.2266,-62.2266,0,0,7.579607,379051643
7.377023,91.9336,-63.6328,-63.6328,0,0,7.579607,379051643
7.379015,91.9336,-64.8633,-64.8633,0,0,7.579607,379051643
7.380996,91.9336,-66.0938,-66.0938,0,0,7.579607,379051643
7.382984,92.1094,-67.3242,-67.3242,0,0,7.579607,379051643
7.384968,92.1094,-68.5547,-68.5547,0,0,7.579607,379051643
7.386956,92.1094,-69.6094,-69.6094,0,0,7.579607,379051643
7.389023,92.1094,-70.8398,-70.8398,0,0,7.579607,379051643
7.391015,92.1094,-71.8945,-71.8945,0,0,7.579607,379051643
7.392996,92.1094,-72.9492,-72.9492,0,0,7.579607,379051643
7.394984,92.1094,-74.0039,-74.0039,0,0,7.579607,379051643
7.396968,92.1094,-74.8828,-74.8828,0,0,7.579607,379051643
7.398956,91.9336,-75.9375,-75.9375,0,0,7.579607,379051643
7.401023,91.9336,-76.8164,-76.8164,0,0,7.579607,379051643
7.403015,91.9336,-77.8711,-77.8711,0,0,7.579607,379051643
7.404996,91.9336,-78.7500,-78.7500,0,0,7.579607,379051643
7.406984,91.9336,-79.4531,-79.4531,0,0,7.579607,379051643
7.408968,91.7578,-80.3320,-80.3320,0,0,7.579607,379051643
7.410956,91.7578,-81.2109,-81.2109,0,0,7.579607,379051643
7.413023,91.5820,-82.0898,-82.0898,0,0,7.579607,379051643
7.415015,91.5820,-82.7930,-82.7930,0,0,7.579607,379051643
7.416996,91.5820,-83.4961,-83.4961,0,0,7.579607,379051643
7.418984,91.4062,-84.1992,-84.1992,0,0,7.579607,379051643
7.420968,91.4062,-84.9023,-84.9023,0,0,7.579607,379051643
7.422965,91.4062,-85.6055,-85.6055,0,0,7.579607,379051643
7.425031,91.2305,-86.1328,-86.1328,0,0,7.579607,379051643
7.427022,91.2305,-86.8359,-86.8359,0,0,7.579607,379051643
7.429003,91.2305,-87.3633,-87.3633,0,0,7.579607,379051643
7.430992,91.0547,-87.8906,-87.8906,0,0,7.579607,379051643
7.432971,91.0547,-88.4180,-88.4180,0,0,7.579607,379051643
7.434962,90.8789,-88.9453,-88.9453,0,0,7.579607,379051643
7.437030,90.8789,-89.4727,-89.4727,0,0,7.579607,379051643
7.439019,90.8789,-89.8242,-89.8242,0,0,7.579607,379051643
7.441000,90.7031,-90.3516,-90.3516,0,0,7.579607,379051643
7.442992,90.7031,-90.7031,-90.7031,0,0,7.579607,379051643
7.444972,90.5273,-91.0547,-91.0547,0,0,7.579607,379051643
7.446962,90.5273,-91.4062,-91.4062,0,0,7.579607,379051643
7.449029,90.5273,-91.7578,-91.7578,0,0,7.579607,379051643
7.451017,90.5273,-91.9336,-91.9336,0,0,7.579607,379051643
7.453001,90.3516,-92.2852,-92.2852,0,0,7.579607,379051643
7.454992,90.3516,-92.4609,-92.4609,0,0,7.579607,379051643
7.457013,90.3516,-92.6367,-92.6367,0,0,7.579607,379051643
7.459003,90.3516,-92.8125,-92.8125,0,0,7.579607,379051643
7.463398,90.1758,-93.1641,-93.1641,0,0,7.579607,379051643
7.463659,90.1758,-93.1641,-93.1641,0,0,7.579607,379051643
7.464979,90.1758,-93.1641,-93.1641,0,0,7.579607,379051643
7.466976,90.1758,-93.3398,-93.3398,0,0,7.579607,379051643
7.468971,90.1758,-93.3398,-93.3398,0,0,7.579607,379051643
7.470971,90.1758,-93.3398,-93.3398,0,0,7.579607,379051643
7.472967,90.0000,-93.3398,-93.3398,0,0,7.579607,379051643
7.474963,90.0000,-93.3398,-93.3398,0,0,7.579607,379051643
7.476962,90.0000,-93.1641,-93.1641,0,0,7.579607,379051643
7.478959,90.0000,-93.1641,-93.1641,0,0,7.579607,379051643
7.480956,90.0000,-92.9883,-92.9883,0,0,7.579607,379051643
7.482956,90.0000,-92.8125,-92.8125,0,0,7.579607,379051643
7.485039,90.0000,-92.6367,-92.6367,0,0,7.579607,379051643
7.487038,90.0000,-92.4609,-92.4609,0,0,7.579607,379051643
7.489034,90.0000,-92.2852,-92.2852,0,0,7.579607,379051643
7.491030,90.0000,-91.9336,-91.9336,0,0,7.579607,379051643
7.493029,90.0000,-91.7578,-91.7578,0,0,7.579607,379051643
7.495028,90.0000,-91.4062,-91.4062,0,0,7.579607,379051643
7.497026,90.0000,-91.0547,-91.0547,0,0,7.579607,379051643
7.499023,90.0000,-90.7031,-90.7031,0,0,7.579607,379051643
7.501021,90.0000,-90.3516,-90.3516,0,0,7.579607,379051643
7.503017,90.1758,-89.8242,-89.8242,0,0,7.579607,379051643
7.505015,90.1758,-89.4727,-89.4727,0,0,7.579607,379051643
7.507015,90.1758,-88.9453,-88.9453,0,0,7.579607,379051643
7.509015,90.1758,-88.4180,-88.4180,0,0,7.579607,379051643
7.511015,90.1758,-87.8906,-87.8906,0,0,7.579607,379051643
7.513015,90.1758,-87.5391,-87.5391,0,0,7.579607,379051643
7.515015,90.1758,-86.8359,-86.8359,0,0,7.579607,379051643
7.517015,90.3516,-86.3086,-86.3086,0,0,7.579607,379051643
7.519015,90.3516,-85.6055,-85.6055,0,0,7.579607,379051643
7.521015,90.3516,-84.9023,-84.9023,0,0,7.579607,379051643
7.523026,90.3516,-84.1992,-84.1992,0,0,7.579607,379051643
7.525023,90.3516,-83.4961,-83.4961,0,0,7.579607,379051643
7.527022,90.3516,-82.7930,-82.7930,0,0,7.579607,379051643
7.529018,90.3516,-82.0898,-82.0898,0,0,7.579607,379051643
7.531018,90.3516,-81.3867,-81.3867,0,0,7.579607,379051643
7.533015,90.5273,-80.5078,-80.5078,0,0,7.579607,379051643
7.535015,90.5273,-79.6289,-79.6289,0,0,7.579607,379051643
7.537015,90.5273,-78.7500,-78.7500,0,0,7.579607,379051643
7.539015,90.5273,-77.8711,-77.8711,0,0,7.579607,379051643
7.541015,90.5273,-76.9922,-76.9922,0,0,7.579607,379051643
7.543015,90.5273,-75.9375,-75.9375,0,0,7.579607,379051643
7.545015,90.5273,-75.0586,-75.0586,0,0,7.579607,379051643
7.547030,90.5273,-74.1797,-74.1797,0,0,7.579607,379051643
7.548977,90.5273,-73.1250,-73.1250,0,0,7.579607,379051643
7.550993,90.5273,-72.0703,-72.0703,0,0,7.579607,379051643
7.553018,90.3516,-70.8398,-70.8398,0,0,7.579607,379051643
7.555018,90.3516,-69.7852,-69.7852,0,0,7.579607,379051643
7.557015,90.3516,-68.7305,-68.7305,0,0,7.579607,379051643
7.558989,90.1758,-67.5000,-67.5000,0,0,7.579607,379051643
7.563941,90.0000,-64.5117,-64.5117,0,0,7.579607,379051643
7.564226,90.0000,-64.3359,-64.3359,0,0,7.579607,379051643
7.565033,90.0000,-63.8086,-63.8086,0,0,7.579607,379051643
7.566980,90.0000,-62.5781,-62.5781,0,0,7.579607,379051643
7.568962,89.8242,-61.1719,-61.1719,0,0,7.579607,379051643
7.571039,89.8242,-59.7656,-59.7656,0,0,7.579607,379051643
7.573021,89.6484,-58.5352,-58.5352,0,0,7.579607,379051643
7.574960,89.4727,-57.1289,-57.1289,0,0,7.579607,379051643
7.578772,89.1211,-54.3164,-54.3164,0,0,7.814563,379279491
7.579343,89.1211,-53.9648,-53.9648,0,0,7.814563,379279491
7.580970,88.9453,-52.7344,-52.7344,0,0,7.814563,379279491
7.582960,88.7695,-51.3281,-51.3281,0,0,7.814563,379279491
7.584986,88.5938,-49.7461,-49.7461,0,0,7.814563,379279491
7.586970,88.4180,-48.1641,-48.1641,0,0,7.814563,379279491
7.589006,88.0664,-46.4062,-46.4062,0,0,7.814563,379279491
7.591000,87.7148,-44.8242,-44.8242,0,0,7.814563,379279491
7.593030,87.5391,-43.2422,-43.2422,0,0,7.814563,379279491
7.594978,87.1875,-41.4844,-41.4844,0,0,7.814563,379279491
7.596967,86.8359,-39.7266,-39.7266,0,0,7.814563,379279491
7.598963,86.4844,-37.9688,-37.9688,0,0,7.814563,379279491
7.600962,85.9570,-36.2109,-36.2109,0,0,7.814563,379279491
7.602959,85.6055,-34.2773,-34.2773,0,0,7.814563,379279491
7.604956,85.0781,-32.3438,-32.3438,0,0,7.814563,379279491
7.606956,84.5508,-30.4102,-30.4102,0,0,7.814563,379279491
7.609039,84.0234,-28.3008,-28.3008,0,0,7.814563,379279491
7.611038,83.4961,-26.3672,-26.3672,0,0,7.814563,379279491
7.613034,82.7930,-24.2578,-24.2578,0,0,7.814563,379279491
7.615030,82.2656,-22.1484,-22.1484,0,0,7.814563,379279491
7.617029,81.5625,-19.8633,-19.8633,0,0,7.814563,379279491
7.619028,80.8594,-17.5781,-17.5781,0,0,7.814563,379279491
7.621026,79.9805,-15.4688,-15.4688,0,0,7.814563,379279491
7.623040,79.1016,-13.0078,-13.0078,0,0,7.814563,379279491
7.625039,78.2227,-10.5469,-10.5469,0,0,7.814563,379279491
7.627038,77.3438,-8.2617,-8.2617,0,0,7.814563,379279491
7.629034,76.2891,-5.6250,-5.6250,0,0,7.814563,379279491
7.631030,75.2344,-3.1641,-3.1641,0,0,7.814563,379279491
7.633029,74.1797,-0.5273,-0.5273,0,0,7.814563,379279491
7.635028,72.9492,2.1094,2.1094,0,0,7.814563,379279491
7.637026,71.7188,4.7461,4.7461,0,0,7.814563,379279491
7.639023,70.4883,7.5586,7.5586,0,0,7.814563,379279491
7.641022,69.2578,10.3711,10.3711,0,0,7.814563,379279491
7.643018,67.8516,13.1836,13.1836,0,0,7.814563,379279491
7.645018,66.6211,15.9961,15.9961,0,0,7.814563,379279491
7.647015,65.2148,18.9844,18.9844,0,0,7.814563,379279491
7.649015,63.8086,21.7969,21.7969,0,0,7.814563,379279491
7.651015,62.4023,24.6094,24.6094,0,0,7.814563,379279491
7.653015,61.1719,27.4219,27.4219,0,0,7.814563,379279491
7.655015,59.7656,30.2344,30.2344,0,0,7.814563,379279491
7.657015,58.5352,32.8711,32.8711,0,0,7.814563,379279491
7.659015,57.4805,35.5078,35.5078,0,0,7.814563,379279491
7.663924,54.6680,42.0117,42.0117,0,0,7.814563,379279491
7.664247,54.4922,42.3633,42.3633,0,0,7.814563,379279491
7.665021,54.1406,43.2422,43.2422,0,0,7.814563,379279491
7.667011,53.2617,45.8789,45.8789,0,0,7.814563,379279491
7.668991,52.2070,48.1641,48.1641,0,0,7.814563,379279491
7.670984,51.3281,50.6250,50.6250,0,0,7.814563,379279491
7.672991,50.4492,52.9102,52.9102,0,0,7.814563,379279491
7.674980,49.7461,55.1953,55.1953,0,0,7.814563,379279491
7.676962,49.0430,57.3047,57.3047,0,0,7.814563,379279491
7.679039,48.3398,59.4141,59.4141,0,0,7.814563,379279491
7.681021,47.8125,61.5234,61.5234,0,0,7.814563,379279491
7.683011,47.1094,63.6328,63.6328,0,0,7.814563,379279491
7.684991,46.5820,65.5664,65.5664,0,0,7.814563,379279491
7.686980,46.2305,67.5000,67.5000,0,0,7.814563,379279491
7.688962,45.7031,69.4336,69.4336,0,0,7.814563,379279491
7.691039,45.1758,71.3672,71.3672,0,0,7.814563,379279491
7.693021,44.8242,73.3008,73.3008,0,0,7.814563,379279491
7.695011,44.4727,75.0586,75.0586,0,0,7.814563,379279491
7.696991,44.1211,76.8164,76.8164,0,0,7.814563,379279491
7.698980,43.7695,78.3984,78.3984,0,0,7.814563,379279491
7.700962,43.4180,80.1562,80.1562,0,0,7.814563,379279491
7.703039,43.2422,81.9141,81.9141,0,0,7.814563,379279491
7.705021,42.8906,83.4961,83.4961,0,0,7.814563,379279491
7.707011,42.7148,85.0781,85.0781,0,0,7.814563,379279491
7.708991,42.5391,86.4844,86.4844,0,0,7.814563,379279491
7.710980,42.3633,88.0664,88.0664,0,0,7.814563,379279491
7.712962,42.1875,89.4727,89.4727,0,0,7.814563,379279491
7.715039,42.0117,91.0547,91.0547,0,0,7.814563,379279491
7.717021,42.0117,92.4609,92.4609,0,0,7.814563,379279491
7.719011,41.8359,93.8672,93.8672,0,0,7.814563,379279491
7.720991,41.6602,95.0977,95.0977,0,0,7.814563,379279491
7.722992,41.6602,96.5039,96.5039,0,0,7.814563,379279491
7.724971,41.4844,97.7344,97.7344,0,0,7.814563,379279491
7.726962,41.4844,99.1406,99.1406,0,0,7.814563,379279491
7.729030,41.3086,100.3711,100.3711,0,0,7.814563,379279491
7.731019,41.3086,101.6016,101.6016,0,0,7.814563,379279491
7.733000,41.3086,102.6562,102.6562,0,0,7.814563,379279491
7.734992,41.3086,103.8867,103.8867,0,0,7.814563,379279491
7.736972,41.3086,104.9414,104.9414,0,0,7.814563,379279491
7.738962,41.3086,105.9961,105.9961,0,0,7.814563,379279491
7.741007,41.3086,107.0508,107.0508,0,0,7.814563,379279491
7.742994,41.3086,108.1055,108.1055,0,0,7.814563,379279491
7.744975,41.3086,109.1602,109.1602,0,0,7.814563,379279491
7.746964,41.3086,110.0391,110.0391,0,0,7.814563,379279491
7.749030,41.3086,111.0938,111.0938,0,0,7.814563,379279491
7.751018,41.3086,111.9727,111.9727,0,0,7.814563,379279491
7.753000,41.3086,112.8516,112.8516,0,0,7.814563,379279491
7.754992,41.3086,113.9062,113.9062,0,0,7.814563,379279491
7.756975,41.4844,114.6094,114.6094,0,0,7.814563,379279491
7.758963,41.4844,115.4883,115.4883,0,0,7.814563,379279491
7.763322,41.4844,117.0703,117.0703,0,0,7.814563,379279491
7.763601,41.6602,117.2461,117.2461,0,0,7.814563,379279491
7.765031,41.6602,117.7734,117.7734,0,0,7.814563,379279491
7.767030,41.6602,118.4766,118.4766,0,0,7.814563,379279491
7.769030,41.6602,119.1797,119.1797,0,0,7.814563,379279491
7.770958,41.8359,119.7070,119.7070,0,0,7.814563,379279491
7.772956,41.8359,120.4102,120.4102,0,0,7.814563,379279491
7.775039,42.0117,120.9375,120.9375,0,0,7.814563,379279491
7.777038,42.0117,121.6406,121.6406,0,0,7.814563,379279491
7.779034,42.0117,121.9922,121.9922,0,0,7.814563,379279491
7.781030,42.0117,122.5195,122.5195,0,0,7.814563,379279491
7.783029,42.1875,123.0469,123.0469,0,0,7.814563,379279491
7.785028,42.1875,123.5742,123.5742,0,0,7.814563,379279491
7.787026,42.1875,123.9258,123.9258,0,0,7.814563,379279491
7.789023,42.3633,124.4531,124.4531,0,0,7.814563,379279491
7.791024,42.3633,124.8047,124.8047,0,0,7.814563,379279491
7.792988,42.5391,125.1562,125.1562,0,0,7.814563,379279491
7.794984,42.5391,125.5078,125.5078,0,0,7.814563,379279491
7.797011,42.5391,125.8594,125.8594,0,0,7.814563,379279491
7.798962,42.7148,126.0352,126.0352,0,0,7.814563,379279491
7.801011,42.7148,126.2109,126.2109,0,0,7.814563,379279491
7.803310,42.7148,126.5625,126.5625,0,0,7.814563,379279491
7.806812,42.7148,126.7383,126.7383,0,0,8.050230,379522209
7.807257,42.8906,126.9141,126.9141,0,0,8.050230,379522209
7.808964,42.8906,126.9141,126.9141,0,0,8.050230,379522209
7.810967,42.8906,127.0898,127.0898,0,0,8.050230,379522209
7.812980,42.8906,127.2656,127.2656,0,0,8.050230,379522209
7.815011,42.8906,127.2656,127.2656,0,0,8.050230,379522209
7.817024,43.0664,127.2656,127.2656,0,0,8.050230,379522209
7.819020,43.0664,127.2656,127.2656,0,0,8.050230,379522209
7.821017,43.0664,127.2656,127.2656,0,0,8.050230,379522209
7.823029,43.0664,127.2656,127.2656,0,0,8.050230,379522209
7.825025,43.0664,127.0898,127.0898,0,0,8.050230,379522209
7.826985,43.0664,126.9141,126.9141,0,0,8.050230,379522209
7.829430,43.2422,126.7383,126.7383,0,0,8.050230,379522209
7.830969,43.2422,126.7383,126.7383,0,0,8.050230,379522209
7.833019,43.2422,126.5625,126.5625,0,0,8.050230,379522209
7.835017,43.2422,126.2109,126.2109,0,0,8.050230,379522209
7.837042,43.2422,126.0352,126.0352,0,0,8.050230,379522209
7.839027,43.2422,125.6836,125.6836,0,0,8.050230,379522209
7.841034,43.2422,125.3320,125.3320,0,0,8.050230,379522209
7.843030,43.2422,125.1562,125.1562,0,0,8.050230,379522209
7.845029,43.2422,124.8047,124.8047,0,0,8.050230,379522209
7.847028,43.2422,124.4531,124.4531,0,0,8.050230,379522209
7.849026,43.2422,123.9258,123.9258,0,0,8.050230,379522209
7.851023,43.2422,123.3984,123.3984,0,0,8.050230,379522209
7.853022,43.2422,123.0469,123.0469,0,0,8.050230,379522209
7.855018,43.2422,122.5195,122.5195,0,0,8.050230,379522209
7.857018,43.2422,121.9922,121.9922,0,0,8.050230,379522209
7.859015,43.2422,121.4648,121.4648,0,0,8.050230,379522209
7.863900,43.2422,120.0586,120.0586,0,0,8.050230,379522209
7.864199,43.2422,119.8828,119.8828,0,0,8.050230,379522209
7.864987,43.2422,119.7070,119.7070,0,0,8.050230,379522209
7.867000,43.2422,119.0039,119.0039,0,0,8.050230,379522209
7.868992,43.2422,118.3008,118.3008,0,0,8.050230,379522209
7.870980,43.2422,117.5977,117.5977,0,0,8.050230,379522209
7.872963,43.2422,116.8945,116.8945,0,0,8.050230,379522209
7.874984,43.2422,116.1914,116.1914,0,0,8.050230,379522209
7.876967,43.2422,115.3125,115.3125,0,0,8.050230,379522209
7.878956,43.2422,114.6094,114.6094,0,0,8.050230,379522209
7.881023,43.2422,113.7305,113.7305,0,0,8.050230,379522209
7.883015,43.2422,112.8516,112.8516,0,0,8.050230,379522209
7.884996,43.2422,111.9727,111.9727,0,0,8.050230,379522209
7.886984,43.4180,111.0938,111.0938,0,0,8.050230,379522209
7.888968,43.4180,110.0391,110.0391,0,0,8.050230,379522209
7.890956,43.4180,109.1602,109.1602,0,0,8.050230,379522209
7.893023,43.4180,108.1055,108.1055,0,0,8.050230,379522209
7.895015,43.4180,107.0508,107.0508,0,0,8.050230,379522209
7.896996,43.5938,105.9961,105.9961,0,0,8.050230,379522209
7.898984,43.5938,104.9414,104.9414,0,0,8.050230,379522209
7.900968,43.5938,103.7109,103.7109,0,0,8.050230,379522209
7.902956,43.7695,102.6562,102.6562,0,0,8.050230,379522209
7.905023,43.7695,101.4258,101.4258,0,0,8.050230,379522209
7.907015,43.9453,100.1953,100.1953,0,0,8.050230,379522209
7.908996,44.1211,98.9648,98.9648,0,0,8.050230,379522209
7.910984,44.1211,97.7344,97.7344,0,0,8.050230,379522209
7.912968,44.2969,96.5039,96.5039,0,0,8.050230,379522209
7.914956,44.4727,95.0977,95.0977,0,0,8.050230,379522209
7.917039,44.6484,93.6914,93.6914,0,0,8.050230,379522209
7.918979,44.8242,92.4609,92.4609,0,0,8.050230,379522209
7.920962,45.0000,91.0547,91.0547,0,0,8.050230,379522209
7.922962,45.1758,89.4727,89.4727,0,0,8.050230,379522209
7.925030,45.3516,88.0664,88.0664,0,0,8.050230,379522209
7.927018,45.5273,86.4844,86.4844,0,0,8.050230,379522209
7.929001,45.8789,85.0781,85.0781,0,0,8.050230,379522209
7.930992,46.2305,83.3203,83.3203,0,0,8.050230,379522209
7.932972,46.4062,81.7383,81.7383,0,0,8.050230,379522209
7.934962,46.7578,80.1562,80.1562,0,0,8.050230,379522209
7.937029,47.1094,78.3984,78.3984,0,0,8.050230,379522209
7.939017,47.4609,76.8164,76.8164,0,0,8.050230,379522209
7.941001,47.8125,75.0586,75.0586,0,0,8.050230,379522209
7.942992,48.3398,73.3008,73.3008,0,0,8.050230,379522209
7.944972,48.6914,71.3672,71.3672,0,0,8.050230,379522209
7.946962,49.2188,69.6094,69.6094,0,0,8.050230,379522209
7.949029,49.7461,67.6758,67.6758,0,0,8.050230,379522209
7.951017,50.2734,65.7422,65.7422,0,0,8.050230,379522209
7.953001,50.8008,63.8086,63.8086,0,0,8.050230,379522209
7.954992,51.5039,61.6992,61.6992,0,0,8.050230,379522209
7.956972,52.2070,59.7656,59.7656,0,0,8.050230,379522209
7.958962,52.9102,57.6562,57.6562,0,0,8.050230,379522209
7.963322,54.4922,52.7344,52.7344,0,0,8.050230,379522209
7.963592,54.6680,52.3828,52.3828,0,0,8.050230,379522209
7.964992,55.1953,50.8008,50.8008,0,0,8.050230,379522209
7.966990,56.0742,48.5156,48.5156,0,0,8.050230,379522209
7.968986,57.1289,46.2305,46.2305,0,0,8.050230,379522209
7.971023,58.0078,43.7695,43.7695,0,0,8.050230,379522209
7.973040,59.0625,41.1328,41.1328,0,0,8.050230,379522209
7.975039,60.2930,38.6719,38.6719,0,0,8.050230,379522209
7.977038,61.3477,36.0352,36.0352,0,0,8.050230,379522209
7.979034,62.5781,33.3984,33.3984,0,0,8.050230,379522209
7.981030,63.8086,30.7617,30.7617,0,0,8.050230,379522209
7.983029,65.0391,28.1250,28.1250,0,0,8.050230,379522209
7.985028,66.4453,25.3125,25.3125,0,0,8.050230,379522209
7.987026,67.6758,22.5000,22.5000,0,0,8.050230,379522209
7.989023,69.0820,19.8633,19.8633,0,0,8.050230,379522209
7.991021,70.4883,17.0508,17.0508,0,0,8.050230,379522209
7.993017,71.7188,14.2383,14.2383,0,0,8.050230,379522209
7.995015,73.1250,11.4258,11.4258,0,0,8.050230,379522209
7.997015,74.3555,8.7891,8.7891,0,0,8.050230,379522209
7.999015,75.7617,6.1523,6.1523,0,0,8.050230,379522209
8.001015,76.8164,3.5156,3.5156,0,0,8.050230,379522209
8.003015,78.0469,0.8789,0.8789,0,0,8.050230,379522209
8.005015,79.1016,-1.5820,-1.5820,0,0,8.050230,379522209
8.007015,80.1562,-4.0430,-4.0430,0,0,8.050230,379522209
8.009015,81.2109,-6.5039,-6.5039,0,0,8.050230,379522209
8.011015,82.0898,-8.9648,-8.9648,0,0,8.050230,379522209
8.013015,82.9688,-11.2500,-11.2500,0,0,8.050230,379522209
8.015015,83.8477,-13.5352,-13.5352,0,0,8.050230,379522209
8.017015,84.7266,-15.6445,-15.6445,0,0,8.050230,379522209
8.019015,85.4297,-17.7539,-17.7539,0,0,8.050230,379522209
8.021015,86.1328,-19.8633,-19.8633,0,0,8.050230,379522209
8.023026,86.8359,-21.9727,-21.9727,0,0,8.050230,379522209
8.025023,87.3633,-23.9062,-23.9062,0,0,8.050230,379522209
8.027022,87.8906,-26.0156,-26.0156,0,0,8.050230,379522209
8.029018,88.5938,-27.9492,-27.9492,0,0,8.050230,379522209
8.031018,89.1211,-29.7070,-29.7070,0,0,8.050230,379522209
8.033015,89.4727,-31.6406,-31.6406,0,0,8.050230,379522209
8.035015,90.0000,-33.3984,-33.3984,0,0,8.050230,379522209
8.037023,90.3516,-35.1562,-35.1562,0,0,8.050230,379522209
8.038997,90.7031,-36.9141,-36.9141,0,0,8.050230,379522209
8.040959,91.0547,-38.4961,-38.4961,0,0,8.050230,379522209
8.042971,91.4062,-40.0781,-40.0781,0,0,8.050230,379522209
8.044982,91.7578,-41.6602,-41.6602,0,0,8.050230,379522209
8.049967,92.4609,-45.7031,-45.7031,0,0,8.292622,379758195
8.050487,92.4609,-45.8789,-45.8789,0,0,8.292622,379758195
8.051017,92.4609,-46.2305,-46.2305,0,0,8.292622,379758195
8.052984,92.6367,-47.8125,-47.8125,0,0,8.292622,379758195
8.054997,92.9883,-49.2188,-49.2188,0,0,8.292622,379758195
8.057011,93.1641,-50.6250,-50.6250,0,0,8.292622,379758195
8.058993,93.3398,-52.0312,-52.0312,0,0,8.292622,379758195
8.065014,93.6914,-55.8984,-55.8984,0,0,8.292622,379758195
8.065381,93.6914,-56.0742,-56.0742,0,0,8.292622,379758195
8.065563,93.6914,-56.2500,-56.2500,0,0,8.292622,379758195
8.067036,93.8672,-57.1289,-57.1289,0,0,8.292622,379758195
8.069026,93.8672,-58.3594,-58.3594,0,0,8.292622,379758195
8.070994,94.0430,-59.4141,-59.4141,0,0,8.292622,379758195
8.073024,94.0430,-60.6445,-60.6445,0,0,8.292622,379758195
8.075015,94.2188,-61.6992,-61.6992,0,0,8.292622,379758195
8.076996,94.2188,-62.9297,-62.9297,0,0,8.292622,379758195
8.078989,94.2188,-63.9844,-63.9844,0,0,8.292622,379758195
8.080956,94.3945,-65.0391,-65.0391,0,0,8.292622,379758195
8.083030,94.3945,-65.9180,-65.9180,0,0,8.292622,379758195
8.085011,94.3945,-66.9727,-66.9727,0,0,8.292622,379758195
8.087000,94.3945,-67.8516,-67.8516,0,0,8.292622,379758195
8.088984,94.3945,-68.9062,-68.9062,0,0,8.292622,379758195
8.090971,94.3945,-69.7852,-69.7852,0,0,8.292622,379758195
8.093039,94.3945,-70.6641,-70.6641,0,0,8.292622,379758195
8.095030,94.3945,-71.5430,-71.5430,0,0,8.292622,379758195
8.097011,94.3945,-72.2461,-72.2461,0,0,8.292622,379758195
8.099000,94.3945,-73.1250,-73.1250,0,0,8.292622,379758195
8.100984,94.3945,-73.8281,-73.8281,0,0,8.292622,379758195
8.102971,94.3945,-74.5312,-74.5312,0,0,8.292622,379758195
8.105039,94.3945,-75.2344,-75.2344,0,0,8.292622,379758195
8.107030,94.3945,-75.9375,-75.9375,0,0,8.292622,379758195
8.109011,94.3945,-76.6406,-76.6406,0,0,8.292622,379758195
8.111000,94.3945,-77.1680,-77.1680,0,0,8.292622,379758195
8.112984,94.3945,-77.8711,-77.8711,0,0,8.292622,379758195
8.114971,94.3945,-78.3984,-78.3984,0,0,8.292622,379758195
8.117039,94.2188,-78.9258,-78.9258,0,0,8.292622,379758195
8.119030,94.2188,-79.4531,-79.4531,0,0,8.292622,379758195
8.121011,94.2188,-79.9805,-79.9805,0,0,8.292622,379758195
8.123016,94.2188,-80.3320,-80.3320,0,0,8.292622,379758195
8.124996,94.2188,-80.8594,-80.8594,0,0,8.292622,379758195
8.126985,94.2188,-81.2109,-81.2109,0,0,8.292622,379758195
8.128968,94.0430,-81.5625,-81.5625,0,0,8.292622,379758195
8.130956,94.0430,-81.9141,-81.9141,0,0,8.292622,379758195
8.133023,94.0430,-82.2656,-82.2656,0,0,8.292622,379758195
8.135015,94.0430,-82.6172,-82.6172,0,0,8.292622,379758195
8.136996,94.0430,-82.7930,-82.7930,0,0,8.292622,379758195
8.138984,94.0430,-82.9688,-82.9688,0,0,8.292622,379758195
8.140968,94.0430,-83.3203,-83.3203,0,0,8.292622,379758195
8.142956,94.0430,-83.4961,-83.4961,0,0,8.292622,379758195
8.145023,94.0430,-83.6719,-83.6719,0,0,8.292622,379758195
8.147015,93.8672,-83.6719,-83.6719,0,0,8.292622,379758195
8.148996,93.8672,-83.8477,-83.8477,0,0,8.292622,379758195
8.150984,93.8672,-84.0234,-84.0234,0,0,8.292622,379758195
8.152968,93.8672,-84.0234,-84.0234,0,0,8.292622,379758195
8.154956,93.8672,-84.0234,-84.0234,0,0,8.292622,379758195
8.157023,93.8672,-84.0234,-84.0234,0,0,8.292622,379758195
8.159015,93.8672,-84.0234,-84.0234,0,0,8.292622,379758195
8.163395,93.8672,-83.8477,-83.8477,0,0,8.292622,379758195
8.163660,93.8672,-83.6719,-83.6719,0,0,8.292622,379758195
8.164975,93.8672,-83.6719,-83.6719,0,0,8.292622,379758195
8.166971,93.8672,-83.4961,-83.4961,0,0,8.292622,379758195
8.168968,93.8672,-83.3203,-83.3203,0,0,8.292622,379758195
8.170965,93.8672,-83.3203,-83.3203,0,0,8.292622,379758195
8.172962,93.8672,-82.9688,-82.9688,0,0,8.292622,379758195
8.174998,93.8672,-82.7930,-82.7930,0,0,8.292622,379758195
8.177006,93.8672,-82.4414,-82.4414,0,0,8.292622,379758195
8.179021,93.8672,-82.0898,-82.0898,0,0,8.292622,379758195
8.181017,93.8672,-81.7383,-81.7383,0,0,8.292622,379758195
8.183015,93.8672,-81.3867,-81.3867,0,0,8.292622,379758195
8.185015,93.8672,-81.0352,-81.0352,0,0,8.292622,379758195
8.187015,93.8672,-80.6836,-80.6836,0,0,8.292622,379758195
8.189015,93.8672,-80.1562,-80.1562,0,0,8.292622,379758195
8.191015,93.8672,-79.8047,-79.8047,0,0,8.292622,379758195
8.193015,93.8672,-79.2773,-79.2773,0,0,8.292622,379758195
8.195015,93.8672,-78.7500,-78.7500,0,0,8.292622,379758195
8.197015,93.8672,-78.0469,-78.0469,0,0,8.292622,379758195
8.199015,93.8672,-77.5195,-77.5195,0,0,8.292622,379758195
8.201015,93.8672,-76.9922,-76.9922,0,0,8.292622,379758195
8.203015,93.8672,-76.2891,-76.2891,0,0,8.292622,379758195
8.205015,93.8672,-75.5859,-75.5859,0,0,8.292622,379758195
8.207015,93.8672,-75.0586,-75.0586,0,0,8.292622,379758195
8.209015,93.8672,-74.3555,-74.3555,0,0,8.292622,379758195
8.211015,93.8672,-73.4766,-73.4766,0,0,8.292622,379758195
8.213015,93.8672,-72.7734,-72.7734,0,0,8.292622,379758195
8.215015,93.8672,-71.8945,-71.8945,0,0,8.292622,379758195
8.217015,93.6914,-71.0156,-71.0156,0,0,8.292622,379758195
8.219015,93.6914,-70.3125,-70.3125,0,0,8.292622,379758195
8.221015,93.6914,-69.4336,-69.4336,0,0,8.292622,379758195
8.223026,93.6914,-68.5547,-68.5547,0,0,8.292622,379758195
8.225023,93.6914,-67.5000,-67.5000,0,0,8.292622,379758195
8.227022,93.5156,-66.6211,-66.6211,0,0,8.292622,379758195
8.229018,93.5156,-65.5664,-65.5664,0,0,8.292622,379758195
8.231018,93.5156,-64.5117,-64.5117,0,0,8.292622,379758195
8.233015,93.3398,-63.4570,-63.4570,0,0,8.292622,379758195
8.235015,93.3398,-62.4023,-62.4023,0,0,8.292622,379758195
8.237015,93.3398,-61.3477,-61.3477,0,0,8.292622,379758195
8.239015,93.1641,-60.1172,-60.1172,0,0,8.292622,379758195
8.241039,92.9883,-59.0625,-59.0625,0,0,8.292622,379758195
8.243039,92.9883,-57.8320,-57.8320,0,0,8.292622,379758195
8.245038,92.8125,-56.6016,-56.6016,0,0,8.292622,379758195
8.247034,92.6367,-55.3711,-55.3711,0,0,8.292622,379758195
8.249030,92.4609,-54.1406,-54.1406,0,0,8.292622,379758195
8.251029,92.2852,-52.7344,-52.7344,0,0,8.292622,379758195
8.253028,92.1094,-51.3281,-51.3281,0,0,8.292622,379758195
8.255026,91.9336,-50.0977,-50.0977,0,0,8.292622,379758195
8.257023,91.7578,-48.6914,-48.6914,0,0,8.292622,379758195
8.259021,91.5820,-47.2852,-47.2852,0,0,8.292622,379758195
8.263433,91.0547,-43.9453,-43.9453,0,0,8.292622,379758195
8.263684,91.0547,-43.7695,-43.7695,0,0,8.292622,379758195
8.264987,90.8789,-42.7148,-42.7148,0,0,8.292622,379758195
8.266975,90.5273,-41.1328,-41.1328,0,0,8.292622,379758195
8.268956,90.1758,-39.5508,-39.5508,0,0,8.292622,379758195
8.271030,89.8242,-37.9688,-37.9688,0,0,8.292622,379758195
8.273018,89.4727,-36.2109,-36.2109,0,0,8.292622,379758195
8.275000,89.1211,-34.4531,-34.4531,0,0,8.292622,379758195
8.277004,88.5938,-32.8711,-32.8711,0,0,8.292622,379758195
8.279029,88.2422,-30.9375,-30.9375,0,0,8.292622,379758195
8.281505,87.7148,-28.6523,-28.6523,0,0,8.292622,379758195
8.285544,86.4844,-24.7852,-24.7852,0,0,8.521376,379987014
8.285992,86.4844,-24.4336,-24.4336,0,0,8.521376,379987014
8.286991,86.1328,-23.5547,-23.5547,0,0,8.521376,379987014
8.289160,85.4297,-21.2695,-21.2695,0,0,8.521376,379987014
8.291010,84.9023,-19.3359,-19.3359,0,0,8.521376,379987014
8.293007,84.1992,-17.4023,-17.4023,0,0,8.521376,379987014
8.295041,83.4961,-15.1172,-15.1172,0,0,8.521376,379987014
8.296967,82.6172,-13.0078,-13.0078,0,0,8.521376,379987014
8.298983,81.7383,-10.8984,-10.8984,0,0,8.521376,379987014
8.301018,80.8594,-8.4375,-8.4375,0,0,8.521376,379987014
8.302984,79.9805,-6.1523,-6.1523,0,0,8.521376,379987014
8.305033,78.9258,-3.6914,-3.6914,0,0,8.521376,379987014
8.306968,78.0469,-1.4062,-1.4062,0,0,8.521376,379987014
8.309016,76.8164,1.2305,1.2305,0,0,8.521376,379987014
8.310986,75.7617,3.6914,3.6914,0,0,8.521376,379987014
8.312980,74.5312,6.3281,6.3281,0,0,8.521376,379987014
8.314992,73.4766,8.9648,8.9648,0,0,8.521376,379987014
8.316992,72.2461,11.6016,11.6016,0,0,8.521376,379987014
8.318992,70.8398,14.2383,14.2383,0,0,8.521376,379987014
8.320992,69.6094,17.0508,17.0508,0,0,8.521376,379987014
8.323000,68.3789,19.6875,19.6875,0,0,8.521376,379987014
8.325000,67.1484,22.3242,22.3242,0,0,8.521376,379987014
8.326996,65.7422,24.9609,24.9609,0,0,8.521376,379987014
8.328992,64.5117,27.7734,27.7734,0,0,8.521376,379987014
8.330990,63.2812,30.2344,30.2344,0,0,8.521376,379987014
8.332987,62.2266,32.8711,32.8711,0,0,8.521376,379987014
8.334984,60.9961,35.3320,35.3320,0,0,8.521376,379987014
8.336984,59.9414,37.9688,37.9688,0,0,8.521376,379987014
8.338984,59.0625,40.2539,40.2539,0,0,8.521376,379987014
8.340984,58.0078,42.7148,42.7148,0,0,8.521376,379987014
8.342984,56.9531,45.0000,45.0000,0,0,8.521376,379987014
8.344984,56.0742,47.2852,47.2852,0,0,8.521376,379987014
8.346984,55.3711,49.5703,49.5703,0,0,8.521376,379987014
8.348984,54.4922,51.6797,51.6797,0,0,8.521376,379987014
8.350984,53.7891,53.7891,53.7891,0,0,8.521376,379987014
8.352984,53.0859,55.8984,55.8984,0,0,8.521376,379987014
8.354984,52.5586,58.0078,58.0078,0,0,8.521376,379987014
8.356984,51.8555,59.9414,59.9414,0,0,8.521376,379987014
8.358984,51.3281,61.8750,61.8750,0,0,8.521376,379987014
8.363880,50.0977,66.4453,66.4453,0,0,8.521376,379987014
8.364192,49.9219,66.7969,66.7969,0,0,8.521376,379987014
8.364968,49.7461,67.5000,67.5000,0,0,8.521376,379987014
8.366960,49.3945,69.2578,69.2578,0,0,8.521376,379987014
8.369029,49.0430,71.0156,71.0156,0,0,8.521376,379987014
8.371017,48.5156,72.7734,72.7734,0,0,8.521376,379987014
8.373001,48.3398,74.3555,74.3555,0,0,8.521376,379987014
8.374992,47.9883,75.9375,75.9375,0,0,8.521376,379987014
8.376975,47.6367,77.5195,77.5195,0,0,8.521376,379987014
8.378997,47.4609,79.1016,79.1016,0,0,8.521376,379987014
8.380980,47.1094,80.6836,80.6836,0,0,8.521376,379987014
8.382991,46.9336,82.0898,82.0898,0,0,8.521376,379987014
8.384971,46.7578,83.4961,83.4961,0,0,8.521376,379987014
8.386962,46.4062,84.9023,84.9023,0,0,8.521376,379987014
8.389030,46.2305,86.4844,86.4844,0,0,8.521376,379987014
8.391018,46.2305,87.7148,87.7148,0,0,8.521376,379987014
8.393000,46.0547,88.9453,88.9453,0,0,8.521376,379987014
8.394992,45.8789,90.3516,90.3516,0,0,8.521376,379987014
8.396972,45.7031,91.5820,91.5820,0,0,8.521376,379987014
8.398962,45.7031,92.8125,92.8125,0,0,8.521376,379987014
8.401030,45.5273,94.0430,94.0430,0,0,8.521376,379987014
8.403018,45.5273,95.0977,95.0977,0,0,8.521376,379987014
8.405001,45.3516,96.3281,96.3281,0,0,8.521376,379987014
8.406992,45.3516,97.3828,97.3828,0,0,8.521376,379987014
8.408972,45.1758,98.4375,98.4375,0,0,8.521376,379987014
8.410962,45.1758,99.4922,99.4922,0,0,8.521376,379987014
8.413030,45.1758,100.5469,100.5469,0,0,8.521376,379987014
8.415018,45.1758,101.6016,101.6016,0,0,8.521376,379987014
8.417001,45.1758,102.4805,102.4805,0,0,8.521376,379987014
8.418992,45.1758,103.5352,103.5352,0,0,8.521376,379987014
8.420972,45.1758,104.4141,104.4141,0,0,8.521376,379987014
8.422975,45.1758,105.1172,105.1172,0,0,8.521376,379987014
8.424956,45.1758,106.1719,106.1719,0,0,8.521376,379987014
8.427030,45.1758,106.8750,106.8750,0,0,8.521376,379987014
8.429011,45.1758,107.7539,107.7539,0,0,8.521376,379987014
8.431000,45.1758,108.4570,108.4570,0,0,8.521376,379987014
8.432984,45.1758,109.1602,109.1602,0,0,8.521376,379987014
8.434971,45.1758,109.8633,109.8633,0,0,8.521376,379987014
8.437039,45.1758,110.5664,110.5664,0,0,8.521376,379987014
8.439030,45.1758,111.2695,111.2695,0,0,8.521376,379987014
8.441011,45.1758,111.9727,111.9727,0,0,8.521376,379987014
8.443000,45.3516,112.5000,112.5000,0,0,8.521376,379987014
8.444984,45.3516,113.0273,113.0273,0,0,8.521376,379987014
8.446971,45.3516,113.5547,113.5547,0,0,8.521376,379987014
8.449039,45.3516,114.0820,114.0820,0,0,8.521376,379987014
8.451030,45.5273,114.6094,114.6094,0,0,8.521376,379987014
8.453011,45.5273,114.9609,114.9609,0,0,8.521376,379987014
8.455000,45.5273,115.4883,115.4883,0,0,8.521376,379987014
8.456984,45.5273,115.8398,115.8398,0,0,8.521376,379987014
8.458971,45.5273,116.1914,116.1914,0,0,8.521376,379987014
8.463335,45.7031,116.8945,116.8945,0,0,8.521376,379987014
8.463598,45.7031,117.0703,117.0703,0,0,8.521376,379987014
8.465000,45.7031,117.2461,117.2461,0,0,8.521376,379987014
8.467000,45.7031,117.4219,117.4219,0,0,8.521376,379987014
8.469000,45.8789,117.7734,117.7734,0,0,8.521376,379987014
8.470996,45.8789,117.9492,117.9492,0,0,8.521376,379987014
8.472992,45.8789,118.1250,118.1250,0,0,8.521376,379987014
8.474990,45.8789,118.3008,118.3008,0,0,8.521376,379987014
8.476987,46.0547,118.4766,118.4766,0,0,8.521376,379987014
8.478984,46.0547,118.4766,118.4766,0,0,8.521376,379987014
8.480984,46.0547,118.6523,118.6523,0,0,8.521376,379987014
8.483025,46.0547,118.6523,118.6523,0,0,8.521376,379987014
8.485023,46.2305,118.6523,118.6523,0,0,8.521376,379987014
8.487036,46.2305,118.6523,118.6523,0,0,8.521376,379987014
8.489032,46.2305,118.6523,118.6523,0,0,8.521376,379987014
8.491030,46.2305,118.4766,118.4766,0,0,8.521376,379987014
8.493029,46.2305,118.4766,118.4766,0,0,8.521376,379987014
8.495026,46.2305,118.3008,118.3008,0,0,8.521376,379987014
8.497023,46.2305,118.3008,118.3008,0,0,8.521376,379987014
8.499021,46.4062,118.1250,118.1250,0,0,8.521376,379987014
8.501017,46.4062,117.7734,117.7734,0,0,8.521376,379987014
8.503043,46.4062,117.5977,117.5977,0,0,8.521376,379987014
8.504975,46.4062,117.4219,117.4219,0,0,8.521376,379987014
8.507022,46.4062,117.0703,117.0703,0,0,8.521376,379987014
8.508995,46.4062,116.7188,116.7188,0,0,8.521376,379987014
8.510978,46.4062,115.8398,115.8398,0,0,8.753172,380224278
8.514711,46.5820,115.6641,115.6641,0,0,8.753172,380224278
8.514961,46.5820,115.6641,115.6641,0,0,8.753172,380224278
8.516959,46.5820,115.3125,115.3125,0,0,8.753172,380224278
8.518958,46.5820,114.7852,114.7852,0,0,8.753172,380224278
8.520968,46.5820,114.2578,114.2578,0,0,8.753172,380224278
8.523018,46.5820,113.9062,113.9062,0,0,8.753172,380224278
8.525015,46.5820,113.2031,113.2031,0,0,8.753172,380224278
8.527009,46.7578,112.6758,112.6758,0,0,8.753172,380224278
8.528995,46.7578,112.1484,112.1484,0,0,8.753172,380224278
8.531170,46.7578,111.4453,111.4453,0,0,8.753172,380224278
8.532984,46.7578,110.9180,110.9180,0,0,8.753172,380224278
8.534985,46.7578,110.2148,110.2148,0,0,8.753172,380224278
8.537010,46.9336,109.5117,109.5117,0,0,8.753172,380224278
8.539007,46.9336,108.8086,108.8086,0,0,8.753172,380224278
8.541004,46.9336,107.9297,107.9297,0,0,8.753172,380224278
8.543022,46.9336,107.2266,107.2266,0,0,8.753172,380224278
8.544997,46.9336,106.5234,106.5234,0,0,8.753172,380224278
8.546993,47.1094,105.6445,105.6445,0,0,8.753172,380224278
8.548992,47.1094,104.7656,104.7656,0,0,8.753172,380224278
8.550990,47.1094,103.8867,103.8867,0,0,8.753172,380224278
8.552993,47.2852,103.0078,103.0078,0,0,8.753172,380224278
8.554992,47.2852,101.9531,101.9531,0,0,8.753172,380224278
8.556992,47.4609,100.8984,100.8984,0,0,8.753172,380224278
8.558992,47.4609,100.0195,100.0195,0,0,8.753172,380224278
8.563874,47.8125,97.3828,97.3828,0,0,8.753172,380224278
8.564205,47.8125,97.2070,97.2070,0,0,8.753172,380224278
8.564972,47.8125,96.8555,96.8555,0,0,8.753172,380224278
8.566962,47.9883,95.8008,95.8008,0,0,8.753172,380224278
8.569029,48.1641,94.5703,94.5703,0,0,8.753172,380224278
8.571017,48.3398,93.3398,93.3398,0,0,8.753172,380224278
8.573000,48.3398,92.1094,92.1094,0,0,8.753172,380224278
8.574992,48.5156,90.8789,90.8789,0,0,8.753172,380224278
8.576972,48.6914,89.6484,89.6484,0,0,8.753172,380224278
8.578962,48.8672,88.4180,88.4180,0,0,8.753172,380224278
8.581030,49.0430,87.0117,87.0117,0,0,8.753172,380224278
8.583018,49.3945,85.6055,85.6055,0,0,8.753172,380224278
8.584960,49.5703,84.3750,84.3750,0,0,8.753172,380224278
8.587035,49.9219,82.7930,82.7930,0,0,8.753172,380224278
8.589033,50.0977,81.3867,81.3867,0,0,8.753172,380224278
8.590959,50.4492,79.9805,79.9805,0,0,8.753172,380224278
8.593026,50.8008,78.3984,78.3984,0,0,8.753172,380224278
8.595018,51.1523,76.8164,76.8164,0,0,8.753172,380224278
8.597001,51.5039,75.2344,75.2344,0,0,8.753172,380224278
8.598992,51.8555,73.6523,73.6523,0,0,8.753172,380224278
8.600972,52.2070,71.8945,71.8945,0,0,8.753172,380224278
8.602962,52.5586,70.3125,70.3125,0,0,8.753172,380224278
8.605030,53.0859,68.3789,68.3789,0,0,8.753172,380224278
8.607018,53.6133,66.6211,66.6211,0,0,8.753172,380224278
8.609001,54.1406,64.8633,64.8633,0,0,8.753172,380224278
8.610992,54.6680,63.1055,63.1055,0,0,8.753172,380224278
8.612972,55.1953,61.1719,61.1719,0,0,8.753172,380224278
8.614962,55.8984,59.2383,59.2383,0,0,8.753172,380224278
8.617030,56.6016,57.1289,57.1289,0,0,8.753172,380224278
8.619018,57.3047,55.1953,55.1953,0,0,8.753172,380224278
8.621001,58.0078,53.0859,53.0859,0,0,8.753172,380224278
8.623003,58.8867,50.9766,50.9766,0,0,8.753172,380224278
8.624984,59.5898,48.8672,48.8672,0,0,8.753172,380224278
8.626971,60.4688,46.5820,46.5820,0,0,8.753172,380224278
8.629039,61.3477,44.2969,44.2969,0,0,8.753172,380224278
8.631030,62.4023,42.0117,42.0117,0,0,8.753172,380224278
8.633011,63.4570,39.7266,39.7266,0,0,8.753172,380224278
8.635000,64.5117,37.2656,37.2656,0,0,8.753172,380224278
8.636984,65.5664,34.8047,34.8047,0,0,8.753172,380224278
8.638971,66.6211,32.3438,32.3438,0,0,8.753172,380224278
8.641039,68.0273,29.7070,29.7070,0,0,8.753172,380224278
8.643030,69.0820,27.2461,27.2461,0,0,8.753172,380224278
8.645011,70.3125,24.6094,24.6094,0,0,8.753172,380224278
8.647000,71.7188,21.9727,21.9727,0,0,8.753172,380224278
8.648984,72.9492,19.3359,19.3359,0,0,8.753172,380224278
8.650971,74.1797,16.8750,16.8750,0,0,8.753172,380224278
8.653039,75.4102,14.0625,14.0625,0,0,8.753172,380224278
8.655030,76.8164,11.4258,11.4258,0,0,8.753172,380224278
8.657011,77.8711,8.9648,8.9648,0,0,8.753172,380224278
8.659000,79.1016,6.5039,6.5039,0,0,8.753172,380224278
8.663366,81.5625,1.0547,1.0547,0,0,8.753172,380224278
8.663638,81.7383,0.7031,0.7031,0,0,8.753172,380224278
8.665029,82.4414,-0.8789,-0.8789,0,0,8.753172,380224278
8.667028,83.4961,-3.1641,-3.1641,0,0,8.753172,380224278
8.669026,84.3750,-5.6250,-5.6250,0,0,8.753172,380224278
8.671023,85.2539,-7.7344,-7.7344,0,0,8.753172,380224278
8.673021,86.1328,-10.0195,-10.0195,0,0,8.753172,380224278
8.675017,87.0117,-12.1289,-12.1289,0,0,8.753172,380224278
8.677015,87.7148,-14.2383,-14.2383,0,0,8.753172,380224278
8.679015,88.4180,-16.1719,-16.1719,0,0,8.753172,380224278
8.681015,89.1211,-18.1055,-18.1055,0,0,8.753172,380224278
8.683015,89.8242,-20.0391,-20.0391,0,0,8.753172,380224278
8.685015,90.3516,-22.1484,-22.1484,0,0,8.753172,380224278
8.686979,90.8789,-23.9062,-23.9062,0,0,8.753172,380224278
8.688976,91.4062,-25.6641,-25.6641,0,0,8.753172,380224278
8.690975,91.9336,-27.4219,-27.4219,0,0,8.753172,380224278
8.692992,92.4609,-29.1797,-29.1797,0,0,8.753172,380224278
8.694990,92.8125,-30.9375,-30.9375,0,0,8.753172,380224278
8.696986,93.3398,-32.5195,-32.5195,0,0,8.753172,380224278
8.698984,93.6914,-34.1016,-34.1016,0,0,8.753172,380224278
8.700984,94.0430,-35.6836,-35.6836,0,0,8.753172,380224278
8.702984,94.3945,-37.2656,-37.2656,0,0,8.753172,380224278
8.704984,94.7461,-38.6719,-38.6719,0,0,8.753172,380224278
8.706984,94.9219,-40.2539,-40.2539,0,0,8.753172,380224278
8.708984,95.2734,-41.6602,-41.6602,0,0,8.753172,380224278
8.710984,95.4492,-43.0664,-43.0664,0,0,8.753172,380224278
8.712984,95.8008,-44.2969,-44.2969,0,0,8.753172,380224278
8.714984,95.9766,-45.7031,-45.7031,0,0,8.753172,380224278
8.716984,96.1523,-47.1094,-47.1094,0,0,8.753172,380224278
8.718984,96.3281,-48.3398,-48.3398,0,0,8.753172,380224278
8.720984,96.5039,-49.5703,-49.5703,0,0,8.753172,380224278
8.722992,96.6797,-50.8008,-50.8008,0,0,8.753172,380224278
8.724990,96.8555,-51.8555,-51.8555,0,0,8.753172,380224278
8.726986,96.8555,-53.0859,-53.0859,0,0,8.753172,380224278
8.728984,97.0312,-54.1406,-54.1406,0,0,8.753172,380224278
8.730984,97.2070,-55.1953,-55.1953,0,0,8.753172,380224278
8.732984,97.2070,-56.2500,-56.2500,0,0,8.753172,380224278
8.734979,97.3828,-57.3047,-57.3047,0,0,8.753172,380224278
8.737028,97.3828,-58.3594,-58.3594,0,0,8.753172,380224278
8.739022,97.5586,-59.4141,-59.4141,0,0,8.753172,380224278
8.741001,97.5586,-60.2930,-60.2930,0,0,8.753172,380224278
8.743000,97.5586,-61.1719,-61.1719,0,0,8.753172,380224278
8.745011,97.5586,-62.0508,-62.0508,0,0,8.753172,380224278
8.747028,97.7344,-62.9297,-62.9297,0,0,8.753172,380224278
8.751353,97.7344,-64.6875,-64.6875,0,0,8.996409,380451358
8.751945,97.7344,-65.0391,-65.0391,0,0,8.996409,380451358
8.753033,97.7344,-65.3906,-65.3906,0,0,8.996409,380451358
8.754974,97.7344,-66.0938,-66.0938,0,0,8.996409,380451358
8.757025,97.7344,-66.7969,-66.7969,0,0,8.996409,380451358
8.758966,97.7344,-67.5000,-67.5000,0,0,8.996409,380451358
8.764742,97.7344,-69.2578,-69.2578,0,0,8.996409,380451358
8.765371,97.7344,-69.4336,-69.4336,0,0,8.996409,380451358
8.765581,97.7344,-69.4336,-69.4336,0,0,8.996409,380451358
8.766960,97.7344,-69.9609,-69.9609,0,0,8.996409,380451358
8.769028,97.7344,-70.4883,-70.4883,0,0,8.996409,380451358
8.770958,97.7344,-71.0156,-71.0156,0,0,8.996409,380451358
8.772985,97.7344,-71.5430,-71.5430,0,0,8.996409,380451358
8.774975,97.7344,-71.8945,-71.8945,0,0,8.996409,380451358
8.776956,97.7344,-72.4219,-72.4219,0,0,8.996409,380451358
8.778985,97.7344,-72.7734,-72.7734,0,0,8.996409,380451358
8.780986,97.7344,-73.1250,-73.1250,0,0,8.996409,380451358
8.782976,97.7344,-73.4766,-73.4766,0,0,8.996409,380451358
8.784960,97.7344,-73.8281,-73.8281,0,0,8.996409,380451358
8.787033,97.7344,-74.1797,-74.1797,0,0,8.996409,380451358
8.788962,97.5586,-74.3555,-74.3555,0,0,8.996409,380451358
8.791030,97.5586,-74.7070,-74.7070,0,0,8.996409,380451358
8.792959,97.5586,-74.8828,-74.8828,0,0,8.996409,380451358
8.795032,97.5586,-75.0586,-75.0586,0,0,8.996409,380451358
8.797015,97.5586,-75.2344,-75.2344,0,0,8.996409,380451358
8.799004,97.5586,-75.2344,-75.2344,0,0,8.996409,380451358
8.800984,97.5586,-75.4102,-75.4102,0,0,8.996409,380451358
8.802972,97.5586,-75.5859,-75.5859,0,0,8.996409,380451358
8.804956,97.5586,-75.5859,-75.5859,0,0,8.996409,380451358
8.807030,97.5586,-75.5859,-75.5859,0,0,8.996409,380451358
8.809011,97.3828,-75.5859,-75.5859,0,0,8.996409,380451358
8.811000,97.3828,-75.5859,-75.5859,0,0,8.996409,380451358
8.812984,97.3828,-75.5859,-75.5859,0,0,8.996409,380451358
8.814971,97.3828,-75.4102,-75.4102,0,0,8.996409,380451358
8.817039,97.3828,-75.2344,-75.2344,0,0,8.996409,380451358
8.819030,97.3828,-75.0586,-75.0586,0,0,8.996409,380451358
8.821011,97.2070,-75.0586,-75.0586,0,0,8.996409,380451358
8.823016,97.2070,-74.8828,-74.8828,0,0,8.996409,380451358
8.824996,97.2070,-74.5312,-74.5312,0,0,8.996409,380451358
8.826985,97.2070,-74.3555,-74.3555,0,0,8.996409,380451358
8.828968,97.2070,-74.0039,-74.0039,0,0,8.996409,380451358
8.830956,97.2070,-73.6523,-73.6523,0,0,8.996409,380451358
8.833023,97.2070,-73.4766,-73.4766,0,0,8.996409,380451358
8.835015,97.2070,-72.9492,-72.9492,0,0,8.996409,380451358
8.836996,97.0312,-72.5977,-72.5977,0,0,8.996409,380451358
8.838984,97.0312,-72.2461,-72.2461,0,0,8.996409,380451358
8.840968,97.0312,-71.7188,-71.7188,0,0,8.996409,380451358
8.842956,97.0312,-71.3672,-71.3672,0,0,8.996409,380451358
8.845023,97.0312,-70.6641,-70.6641,0,0,8.996409,380451358
8.847015,97.0312,-70.1367,-70.1367,0,0,8.996409,380451358
8.848996,97.0312,-69.6094,-69.6094,0,0,8.996409,380451358
8.850984,96.8555,-69.0820,-69.0820,0,0,8.996409,380451358
8.852968,96.8555,-68.5547,-68.5547,0,0,8.996409,380451358
8.854956,96.8555,-67.8516,-67.8516,0,0,8.996409,380451358
8.857023,96.8555,-67.1484,-67.1484,0,0,8.996409,380451358
8.859015,96.8555,-66.4453,-66.4453,0,0,8.996409,380451358
8.863427,96.6797,-64.6875,-64.6875,0,0,8.996409,380451358
8.863699,96.6797,-64.6875,-64.6875,0,0,8.996409,380451358
8.865007,96.5039,-64.1602,-64.1602,0,0,8.996409,380451358
8.867003,96.5039,-63.2812,-63.2812,0,0,8.996409,380451358
8.869003,96.5039,-62.5781,-62.5781,0,0,8.996409,380451358
8.871000,96.3281,-61.6992,-61.6992,0,0,8.996409,380451358
8.873000,96.3281,-60.8203,-60.8203,0,0,8.996409,380451358
8.874996,96.1523,-59.7656,-59.7656,0,0,8.996409,380451358
8.876992,96.1523,-58.8867,-58.8867,0,0,8.996409,380451358
8.878990,95.9766,-58.0078,-58.0078,0,0,8.996409,380451358
8.880988,95.8008,-56.9531,-56.9531,0,0,8.996409,380451358
8.882984,95.8008,-55.8984,-55.8984,0,0,8.996409,380451358
8.884984,95.6250,-54.8438,-54.8438,0,0,8.996409,380451358
8.886980,95.4492,-53.7891,-53.7891,0,0,8.996409,380451358
8.888979,95.2734,-52.5586,-52.5586,0,0,8.996409,380451358
8.891019,95.0977,-51.3281,-51.3281,0,0,8.996409,380451358
8.893017,94.9219,-50.2734,-50.2734,0,0,8.996409,380451358
8.895016,94.7461,-49.0430,-49.0430,0,0,8.996409,380451358
8.897037,94.5703,-47.8125,-47.8125,0,0,8.996409,380451358
8.899032,94.3945,-46.4062,-46.4062,0,0,8.996409,380451358
8.901030,94.2188,-45.1758,-45.1758,0,0,8.996409,380451358
8.903029,93.8672,-43.9453,-43.9453,0,0,8.996409,380451358
8.905028,93.6914,-42.5391,-42.5391,0,0,8.996409,380451358
8.907026,93.3398,-41.1328,-41.1328,0,0,8.996409,380451358
8.909023,92.9883,-39.7266,-39.7266,0,0,8.996409,380451358
8.911021,92.8125,-38.1445,-38.1445,0,0,8.996409,380451358
8.913017,92.4609,-36.5625,-36.5625,0,0,8.996409,380451358
8.915015,92.1094,-35.1562,-35.1562,0,0,8.996409,380451358
8.917015,91.5820,-33.5742,-33.5742,0,0,8.996409,380451358
8.919015,91.2305,-31.9922,-31.9922,0,0,8.996409,380451358
8.921015,90.8789,-30.2344,-30.2344,0,0,8.996409,380451358
8.923026,90.3516,-28.6523,-28.6523,0,0,8.996409,380451358
8.925023,89.8242,-26.8945,-26.8945,0,0,8.996409,380451358
8.927022,89.2969,-25.1367,-25.1367,0,0,8.996409,380451358
8.929018,88.7695,-23.2031,-23.2031,0,0,8.996409,380451358
8.931018,88.2422,-21.4453,-21.4453,0,0,8.996409,380451358
8.933015,87.5391,-19.5117,-19.5117,0,0,8.996409,380451358
8.935015,87.0117,-17.5781,-17.5781,0,0,8.996409,380451358
8.937015,86.3086,-15.6445,-15.6445,0,0,8.996409,380451358
8.939015,85.6055,-13.7109,-13.7109,0,0,8.996409,380451358
8.941015,84.7266,-11.6016,-11.6016,0,0,8.996409,380451358
8.943015,83.8477,-9.4922,-9.4922,0,0,8.996409,380451358
8.945015,83.1445,-7.3828,-7.3828,0,0,8.996409,380451358
8.947015,82.0898,-5.0977,-5.0977,0,0,8.996409,380451358
8.949015,81.2109,-2.8125,-2.8125,0,0,8.996409,380451358
8.951015,80.1562,-0.5273,-0.5273,0,0,8.996409,380451358
8.953015,79.2773,1.7578,1.7578,0,0,8.996409,380451358
8.955015,78.0469,4.2188,4.2188,0,0,8.996409,380451358
8.957015,76.9922,6.6797,6.6797,0,0,8.996409,380451358
8.959015,75.9375,9.1406,9.1406,0,0,8.996409,380451358
8.963410,73.3008,14.5898,14.5898,0,0,8.996409,380451358
8.963677,73.1250,14.9414,14.9414,0,0,8.996409,380451358
8.964962,72.2461,16.5234,16.5234,0,0,8.996409,380451358
8.967044,71.0156,19.3359,19.3359,0,0,8.996409,380451358
8.969004,69.7852,21.7969,21.7969,0,0,8.996409,380451358
8.970980,68.7305,24.2578,24.2578,0,0,8.996409,380451358
8.973029,67.5000,26.8945,26.8945,0,0,8.996409,380451358
8.975056,66.2695,29.3555,29.3555,0,0,8.996409,380451358
8.978433,64.3359,33.3984,33.3984,0,0,9.228082,380693540
8.979035,63.9844,34.1016,34.1016,0,0,9.228082,380693540
8.981007,63.1055,36.3867,36.3867,0,0,9.228082,380693540
8.982980,62.0508,38.6719,38.6719,0,0,9.228082,380693540
8.985037,60.9961,40.9570,40.9570,0,0,9.228082,380693540
8.987030,60.1172,43.2422,43.2422,0,0,9.228082,380693540
8.988969,59.2383,45.3516,45.3516,0,0,9.228082,380693540
8.990965,58.5352,47.4609,47.4609,0,0,9.228082,380693540
8.992960,57.6562,49.5703,49.5703,0,0,9.228082,380693540
8.995009,56.9531,51.6797,51.6797,0,0,9.228082,380693540
8.997002,56.2500,53.6133,53.6133,0,0,9.228082,380693540
8.998996,55.5469,55.5469,55.5469,0,0,9.228082,380693540
9.001017,55.0195,57.4805,57.4805,0,0,9.228082,380693540
9.003039,54.3164,59.4141,59.4141,0,0,9.228082,380693540
9.004957,53.7891,61.1719,61.1719,0,0,9.228082,380693540
9.006971,53.2617,62.9297,62.9297,0,0,9.228082,380693540
9.009033,52.7344,64.6875,64.6875,0,0,9.228082,380693540
9.011030,52.3828,66.2695,66.2695,0,0,9.228082,380693540
9.013038,52.0312,67.8516,67.8516,0,0,9.228082,380693540
9.014956,51.5039,69.4336,69.4336,0,0,9.228082,380693540
9.016956,51.1523,71.0156,71.0156,0,0,9.228082,380693540
9.019039,50.8008,72.5977,72.5977,0,0,9.228082,380693540
9.021039,50.4492,74.1797,74.1797,0,0,9.228082,380693540
9.022967,50.2734,75.5859,75.5859,0,0,9.228082,380693540
9.024963,49.9219,76.9922,76.9922,0,0,9.228082,380693540
9.027037,49.7461,78.3984,78.3984,0,0,9.228082,380693540
9.028988,49.3945,79.8047,79.8047,0,0,9.228082,380693540
9.030984,49.2188,81.0352,81.0352,0,0,9.228082,380693540
9.032980,49.0430,82.4414,82.4414,0,0,9.228082,380693540
9.034979,48.8672,83.6719,83.6719,0,0,9.228082,380693540
9.036975,48.6914,84.9023,84.9023,0,0,9.228082,380693540
9.038971,48.5156,86.1328,86.1328,0,0,9.228082,380693540
9.040968,48.3398,87.1875,87.1875,0,0,9.228082,380693540
9.042968,48.1641,88.4180,88.4180,0,0,9.228082,380693540
9.044968,47.9883,89.4727,89.4727,0,0,9.228082,380693540
9.046965,47.9883,90.5273,90.5273,0,0,9.228082,380693540
9.048962,47.8125,91.5820,91.5820,0,0,9.228082,380693540
9.050959,47.8125,92.6367,92.6367,0,0,9.228082,380693540
9.052956,47.6367,93.6914,93.6914,0,0,9.228082,380693540
9.054956,47.6367,94.5703,94.5703,0,0,9.228082,380693540
9.057039,47.6367,95.6250,95.6250,0,0,9.228082,380693540
9.059039,47.4609,96.5039,96.5039,0,0,9.228082,380693540
9.064031,47.4609,98.6133,98.6133,0,0,9.228082,380693540
9.064369,47.4609,98.7891,98.7891,0,0,9.228082,380693540
9.064964,47.2852,98.9648,98.9648,0,0,9.228082,380693540
9.066956,47.2852,99.8438,99.8438,0,0,9.228082,380693540
9.069022,47.2852,100.5469,100.5469,0,0,9.228082,380693540
9.071011,47.2852,101.2500,101.2500,0,0,9.228082,380693540
9.072992,47.2852,101.9531,101.9531,0,0,9.228082,380693540
9.074980,47.2852,102.6562,102.6562,0,0,9.228082,380693540
9.076962,47.2852,103.3594,103.3594,0,0,9.228082,380693540
9.079039,47.2852,104.0625,104.0625,0,0,9.228082,380693540
9.081021,47.2852,104.5898,104.5898,0,0,9.228082,380693540
9.083011,47.2852,105.1172,105.1172,0,0,9.228082,380693540
9.084991,47.2852,105.6445,105.6445,0,0,9.228082,380693540
9.086980,47.2852,106.1719,106.1719,0,0,9.228082,380693540
9.088962,47.2852,106.5234,106.5234,0,0,9.228082,380693540
9.091039,47.2852,107.0508,107.0508,0,0,9.228082,380693540
9.093021,47.2852,107.5781,107.5781,0,0,9.228082,380693540
9.095011,47.2852,107.9297,107.9297,0,0,9.228082,380693540
9.096963,47.2852,108.2812,108.2812,0,0,9.228082,380693540
9.099040,47.2852,108.6328,108.6328,0,0,9.228082,380693540
9.100956,47.2852,108.9844,108.9844,0,0,9.228082,380693540
9.103030,47.4609,109.1602,109.1602,0,0,9.228082,380693540
9.105011,47.4609,109.5117,109.5117,0,0,9.228082,380693540
9.107000,47.4609,109.6875,109.6875,0,0,9.228082,380693540
9.108984,47.4609,109.8633,109.8633,0,0,9.228082,380693540
9.110971,47.4609,110.0391,110.0391,0,0,9.228082,380693540
9.113039,47.4609,110.2148,110.2148,0,0,9.228082,380693540
9.115030,47.4609,110.3906,110.3906,0,0,9.228082,380693540
9.117011,47.6367,110.3906,110.3906,0,0,9.228082,380693540
9.119000,47.6367,110.5664,110.5664,0,0,9.228082,380693540
9.120984,47.6367,110.5664,110.5664,0,0,9.228082,380693540
9.122984,47.6367,110.5664,110.5664,0,0,9.228082,380693540
9.124968,47.6367,110.5664,110.5664,0,0,9.228082,380693540
9.126956,47.6367,110.5664,110.5664,0,0,9.228082,380693540
9.129023,47.6367,110.3906,110.3906,0,0,9.228082,380693540
9.131015,47.6367,110.3906,110.3906,0,0,9.228082,380693540
9.132996,47.8125,110.2148,110.2148,0,0,9.228082,380693540
9.134984,47.8125,110.0391,110.0391,0,0,9.228082,380693540
9.136968,47.8125,109.8633,109.8633,0,0,9.228082,380693540
9.138956,47.8125,109.6875,109.6875,0,0,9.228082,380693540
9.141023,47.8125,109.3359,109.3359,0,0,9.228082,380693540
9.143015,47.8125,109.1602,109.1602,0,0,9.228082,380693540
9.144996,47.9883,108.8086,108.8086,0,0,9.228082,380693540
9.146984,47.9883,108.4570,108.4570,0,0,9.228082,380693540
9.148968,47.9883,108.2812,108.2812,0,0,9.228082,380693540
9.150956,47.9883,107.7539,107.7539,0,0,9.228082,380693540
9.153023,47.9883,107.4023,107.4023,0,0,9.228082,380693540
9.155015,48.1641,107.0508,107.0508,0,0,9.228082,380693540
9.156996,48.1641,106.5234,106.5234,0,0,9.228082,380693540
9.158984,48.1641,105.9961,105.9961,0,0,9.228082,380693540
9.163348,48.3398,104.9414,104.9414,0,0,9.228082,380693540
9.163624,48.3398,104.7656,104.7656,0,0,9.228082,380693540
9.165011,48.3398,104.4141,104.4141,0,0,9.228082,380693540
9.167009,48.3398,103.7109,103.7109,0,0,9.228082,380693540
9.169007,48.3398,103.1836,103.1836,0,0,9.228082,380693540
9.171003,48.5156,102.4805,102.4805,0,0,9.228082,380693540
9.173000,48.5156,101.7773,101.7773,0,0,9.228082,380693540
9.175000,48.5156,101.0742,101.0742,0,0,9.228082,380693540
9.176996,48.6914,100.3711,100.3711,0,0,9.228082,380693540
9.178992,48.6914,99.4922,99.4922,0,0,9.228082,380693540
9.180990,48.8672,98.7891,98.7891,0,0,9.228082,380693540
9.182987,48.8672,97.9102,97.9102,0,0,9.228082,380693540
9.184984,49.0430,97.2070,97.2070,0,0,9.228082,380693540
9.186980,49.0430,96.3281,96.3281,0,0,9.228082,380693540
9.188979,49.2188,95.2734,95.2734,0,0,9.228082,380693540
9.190975,49.2188,94.3945,94.3945,0,0,9.228082,380693540
9.192971,49.3945,93.5156,93.5156,0,0,9.228082,380693540
9.194971,49.5703,92.4609,92.4609,0,0,9.228082,380693540
9.196967,49.7461,91.4062,91.4062,0,0,9.228082,380693540
9.199007,49.7461,90.3516,90.3516,0,0,9.228082,380693540
9.201007,49.9219,89.2969,89.2969,0,0,9.228082,380693540
9.203018,50.0977,88.0664,88.0664,0,0,9.228082,380693540
9.205018,50.4492,87.0117,87.0117,0,0,9.228082,380693540
9.207015,50.4492,85.7812,85.7812,0,0,9.228082,380693540
9.209015,50.8008,84.5508,84.5508,0,0,9.228082,380693540
9.210994,50.9766,83.3203,83.3203,0,0,9.228082,380693540
9.213043,51.1523,82.0898,82.0898,0,0,9.228082,380693540
9.215022,51.5039,80.8594,80.8594,0,0,9.228082,380693540
9.217247,51.8555,79.2773,79.2773,0,0,9.228082,380693540
9.220713,52.2070,76.9922,76.9922,0,0,9.471648,380944706
9.221246,52.3828,76.6406,76.6406,0,0,9.471648,380944706
9.222962,52.5586,75.4102,75.4102,0,0,9.471648,380944706
9.225033,52.9102,73.8281,73.8281,0,0,9.471648,380944706
9.226962,53.2617,72.4219,72.4219,0,0,9.471648,380944706
9.228959,53.6133,70.8398,70.8398,0,0,9.471648,380944706
9.230989,54.1406,69.2578,69.2578,0,0,9.471648,380944706
9.232992,54.4922,67.6758,67.6758,0,0,9.471648,380944706
9.234988,55.0195,66.0938,66.0938,0,0,9.471648,380944706
9.237015,55.3711,64.3359,64.3359,0,0,9.471648,380944706
9.239001,56.0742,62.5781,62.5781,0,0,9.471648,380944706
9.241039,56.6016,60.8203,60.8203,0,0,9.471648,380944706
9.242986,57.1289,59.0625,59.0625,0,0,9.471648,380944706
9.244993,57.6562,57.3047,57.3047,0,0,9.471648,380944706
9.246992,58.3594,55.3711,55.3711,0,0,9.471648,380944706
9.248992,59.0625,53.4375,53.4375,0,0,9.471648,380944706
9.250992,59.7656,51.5039,51.5039,0,0,9.471648,380944706
9.252992,60.4688,49.5703,49.5703,0,0,9.471648,380944706
9.254992,61.3477,47.4609,47.4609,0,0,9.471648,380944706
9.256992,62.0508,45.3516,45.3516,0,0,9.471648,380944706
9.258992,63.1055,43.2422,43.2422,0,0,9.471648,380944706
9.263889,65.3906,37.7930,37.7930,0,0,9.471648,380944706
9.264204,65.5664,37.4414,37.4414,0,0,9.471648,380944706
9.264979,65.9180,36.5625,36.5625,0,0,9.471648,380944706
9.266968,66.9727,34.2773,34.2773,0,0,9.471648,380944706
9.269033,68.0273,31.8164,31.8164,0,0,9.471648,380944706
9.271021,69.0820,29.5312,29.5312,0,0,9.471648,380944706
9.273003,70.3125,27.0703,27.0703,0,0,9.471648,380944706
9.274992,71.5430,24.7852,24.7852,0,0,9.471648,380944706
9.276972,72.5977,22.3242,22.3242,0,0,9.471648,380944706
9.278962,73.8281,19.8633,19.8633,0,0,9.471648,380944706
9.281029,75.0586,17.2266,17.2266,0,0,9.471648,380944706
9.283017,76.2891,14.7656,14.7656,0,0,9.471648,380944706
9.285001,77.3438,12.3047,12.3047,0,0,9.471648,380944706
9.286992,78.5742,10.0195,10.0195,0,0,9.471648,380944706
9.288972,79.6289,7.7344,7.7344,0,0,9.471648,380944706
9.290962,80.6836,5.2734,5.2734,0,0,9.471648,380944706
9.293029,81.7383,2.9883,2.9883,0,0,9.471648,380944706
9.295017,82.7930,0.7031,0.7031,0,0,9.471648,380944706
9.297001,83.8477,-1.5820,-1.5820,0,0,9.471648,380944706
9.298992,84.7266,-3.6914,-3.6914,0,0,9.471648,380944706
9.300994,85.6055,-5.8008,-5.8008,0,0,9.471648,380944706
9.302994,86.4844,-7.9102,-7.9102,0,0,9.471648,380944706
9.304975,87.1875,-10.0195,-10.0195,0,0,9.471648,380944706
9.306964,87.8906,-11.9531,-11.9531,0,0,9.471648,380944706
9.308971,88.5938,-13.8867,-13.8867,0,0,9.471648,380944706
9.310963,89.2969,-15.8203,-15.8203,0,0,9.471648,380944706
9.313030,90.0000,-17.5781,-17.5781,0,0,9.471648,380944706
9.315019,90.5273,-19.3359,-19.3359,0,0,9.471648,380944706
9.317000,91.2305,-21.0938,-21.0938,0,0,9.471648,380944706
9.318992,91.5820,-22.8516,-22.8516,0,0,9.471648,380944706
9.320972,92.1094,-24.6094,-24.6094,0,0,9.471648,380944706
9.322971,92.6367,-26.1914,-26.1914,0,0,9.471648,380944706
9.325039,93.1641,-27.7734,-27.7734,0,0,9.471648,380944706
9.327030,93.5156,-29.3555,-29.3555,0,0,9.471648,380944706
9.329011,93.8672,-30.9375,-30.9375,0,0,9.471648,380944706
9.331000,94.2188,-32.3438,-32.3438,0,0,9.471648,380944706
9.332984,94.5703,-33.7500,-33.7500,0,0,9.471648,380944706
9.334971,94.9219,-35.1562,-35.1562,0,0,9.471648,380944706
9.337039,95.2734,-36.7383,-36.7383,0,0,9.471648,380944706
9.339030,95.4492,-37.9688,-37.9688,0,0,9.471648,380944706
9.341011,95.8008,-39.3750,-39.3750,0,0,9.471648,380944706
9.343000,95.9766,-40.6055,-40.6055,0,0,9.471648,380944706
9.344984,96.1523,-41.8359,-41.8359,0,0,9.471648,380944706
9.346971,96.5039,-43.0664,-43.0664,0,0,9.471648,380944706
9.349039,96.6797,-44.2969,-44.2969,0,0,9.471648,380944706
9.351030,96.8555,-45.3516,-45.3516,0,0,9.471648,380944706
9.353011,97.0312,-46.5820,-46.5820,0,0,9.471648,380944706
9.355000,97.2070,-47.6367,-47.6367,0,0,9.471648,380944706
9.356984,97.2070,-48.6914,-48.6914,0,0,9.471648,380944706
9.358971,97.3828,-49.7461,-49.7461,0,0,9.471648,380944706
9.363366,97.5586,-51.8555,-51.8555,0,0,9.471648,380944706
9.363643,97.7344,-52.0312,-52.0312,0,0,9.471648,380944706
9.365030,97.7344,-52.5586,-52.5586,0,0,9.471648,380944706
9.367029,97.7344,-53.4375,-53.4375,0,0,9.471648,380944706
9.369026,97.9102,-54.4922,-54.4922,0,0,9.471648,380944706
9.371023,97.9102,-55.1953,-55.1953,0,0,9.471648,380944706
9.373021,98.0859,-56.0742,-56.0742,0,0,9.471648,380944706
9.375017,98.0859,-56.9531,-56.9531,0,0,9.471648,380944706
9.377015,98.2617,-57.6562,-57.6562,0,0,9.471648,380944706
9.379015,98.2617,-58.3594,-58.3594,0,0,9.471648,380944706
9.381015,98.2617,-59.0625,-59.0625,0,0,9.471648,380944706
9.383015,98.2617,-59.7656,-59.7656,0,0,9.471648,380944706
9.385015,98.2617,-60.4688,-60.4688,0,0,9.471648,380944706
9.387015,98.2617,-60.9961,-60.9961,0,0,9.471648,380944706
9.389015,98.2617,-61.6992,-61.6992,0,0,9.471648,380944706
9.391015,98.4375,-62.2266,-62.2266,0,0,9.471648,380944706
9.393015,98.4375,-62.7539,-62.7539,0,0,9.471648,380944706
9.395015,98.4375,-63.2812,-63.2812,0,0,9.471648,380944706
9.397015,98.4375,-63.8086,-63.8086,0,0,9.471648,380944706
9.399015,98.4375,-64.3359,-64.3359,0,0,9.471648,380944706
9.401015,98.4375,-64.6875,-64.6875,0,0,9.471648,380944706
9.403036,98.4375,-65.0391,-65.0391,0,0,9.471648,380944706
9.405022,98.4375,-65.3906,-65.3906,0,0,9.471648,380944706
9.407033,98.4375,-65.9180,-65.9180,0,0,9.471648,380944706
9.409030,98.4375,-66.0938,-66.0938,0,0,9.471648,380944706
9.411029,98.4375,-66.4453,-66.4453,0,0,9.471648,380944706
9.413026,98.4375,-66.6211,-66.6211,0,0,9.471648,380944706
9.415023,98.4375,-66.9727,-66.9727,0,0,9.471648,380944706
9.417022,98.2617,-67.1484,-67.1484,0,0,9.471648,380944706
9.419018,98.2617,-67.3242,-67.3242,0,0,9.471648,380944706
9.421015,98.2617,-67.5000,-67.5000,0,0,9.471648,380944706
9.423026,98.2617,-67.5000,-67.5000,0,0,9.471648,380944706
9.425023,98.2617,-67.6758,-67.6758,0,0,9.471648,380944706
9.427022,98.2617,-67.8516,-67.8516,0,0,9.471648,380944706
9.429018,98.2617,-67.8516,-67.8516,0,0,9.471648,380944706
9.431018,98.2617,-67.8516,-67.8516,0,0,9.471648,380944706
9.433015,98.2617,-67.8516,-67.8516,0,0,9.471648,380944706
9.435015,98.0859,-67.8516,-67.8516,0,0,9.471648,380944706
9.437015,98.0859,-67.6758,-67.6758,0,0,9.471648,380944706
9.439024,98.0859,-67.5000,-67.5000,0,0,9.471648,380944706
9.441033,98.0859,-67.5000,-67.5000,0,0,9.471648,380944706
9.442985,98.0859,-67.3242,-67.3242,0,0,9.471648,380944706
9.445323,97.9102,-67.1484,-67.1484,0,0,9.471648,380944706
9.446994,97.9102,-66.9727,-66.9727,0,0,9.471648,380944706
9.448992,97.9102,-66.7969,-66.7969,0,0,9.471648,380944706
9.450990,97.9102,-66.4453,-66.4453,0,0,9.471648,380944706
9.452986,97.9102,-66.0938,-66.0938,0,0,9.471648,380944706
9.454984,97.7344,-65.9180,-65.9180,0,0,9.471648,380944706
9.456984,97.7344,-65.5664,-65.5664,0,0,9.471648,380944706
9.458984,97.7344,-65.2148,-65.2148,0,0,9.471648,380944706
9.463573,97.5586,-64.1602,-64.1602,0,0,9.471648,380944706
9.463840,97.5586,-63.9844,-63.9844,0,0,9.471648,380944706
9.464958,97.5586,-63.8086,-63.8086,0,0,9.471648,380944706
9.467031,97.5586,-63.2812,-63.2812,0,0,9.471648,380944706
9.472006,97.3828,-62.0508,-62.0508,0,0,9.729383,381194620
9.472485,97.3828,-61.8750,-61.8750,0,0,9.729383,381194620
9.473024,97.3828,-61.6992,-61.6992,0,0,9.729383,381194620
9.475013,97.2070,-61.1719,-61.1719,0,0,9.729383,381194620
9.477037,97.2070,-60.4688,-60.4688,0,0,9.729383,381194620
9.479036,97.0312,-59.7656,-59.7656,0,0,9.729383,381194620
9.480974,97.0312,-59.0625,-59.0625,0,0,9.729383,381194620
9.483040,96.8555,-58.3594,-58.3594,0,0,9.729383,381194620
9.484980,96.8555,-57.6562,-57.6562,0,0,9.729383,381194620
9.487001,96.8555,-56.9531,-56.9531,0,0,9.729383,381194620
9.489046,96.6797,-56.0742,-56.0742,0,0,9.729383,381194620
9.491000,96.5039,-55.3711,-55.3711,0,0,9.729383,381194620
9.493000,96.5039,-54.4922,-54.4922,0,0,9.729383,381194620
9.494996,96.3281,-53.6133,-53.6133,0,0,9.729383,381194620
9.496992,96.1523,-52.7344,-52.7344,0,0,9.729383,381194620
9.498990,95.9766,-51.8555,-51.8555,0,0,9.729383,381194620
9.500988,95.8008,-50.8008,-50.8008,0,0,9.729383,381194620
9.502984,95.6250,-49.9219,-49.9219,0,0,9.729383,381194620
9.504980,95.6250,-48.8672,-48.8672,0,0,9.729383,381194620
9.507000,95.4492,-47.8125,-47.8125,0,0,9.729383,381194620
9.509017,95.0977,-46.7578,-46.7578,0,0,9.729383,381194620
9.511015,94.9219,-45.5273,-45.5273,0,0,9.729383,381194620
9.513015,94.7461,-44.2969,-44.2969,0,0,9.729383,381194620
9.515015,94.5703,-43.2422,-43.2422,0,0,9.729383,381194620
9.517015,94.2188,-42.0117,-42.0117,0,0,9.729383,381194620
9.519015,94.0430,-40.7812,-40.7812,0,0,9.729383,381194620
9.521015,93.6914,-39.5508,-39.5508,0,0,9.729383,381194620
9.523032,93.5156,-38.3203,-38.3203,0,0,9.729383,381194620
9.525030,93.1641,-36.9141,-36.9141,0,0,9.729383,381194620
9.527029,92.8125,-35.5078,-35.5078,0,0,9.729383,381194620
9.529028,92.4609,-34.1016,-34.1016,0,0,9.729383,381194620
9.531026,92.1094,-32.6953,-32.6953,0,0,9.729383,381194620
9.533023,91.7578,-31.2891,-31.2891,0,0,9.729383,381194620
9.535022,91.4062,-29.7070,-29.7070,0,0,9.729383,381194620
9.537018,90.8789,-28.1250,-28.1250,0,0,9.729383,381194620
9.539018,90.5273,-26.5430,-26.5430,0,0,9.729383,381194620
9.541015,90.0000,-24.9609,-24.9609,0,0,9.729383,381194620
9.543015,89.4727,-23.3789,-23.3789,0,0,9.729383,381194620
9.545015,88.9453,-21.6211,-21.6211,0,0,9.729383,381194620
9.547015,88.4180,-20.0391,-20.0391,0,0,9.729383,381194620
9.549015,87.7148,-18.1055,-18.1055,0,0,9.729383,381194620
9.551015,87.0117,-16.3477,-16.3477,0,0,9.729383,381194620
9.553015,86.4844,-14.5898,-14.5898,0,0,9.729383,381194620
9.555015,85.7812,-12.6562,-12.6562,0,0,9.729383,381194620
9.557015,84.9023,-10.7227,-10.7227,0,0,9.729383,381194620
9.559015,84.1992,-8.7891,-8.7891,0,0,9.729383,381194620
9.563891,82.0898,-3.6914,-3.6914,0,0,9.729383,381194620
9.564206,82.0898,-3.3398,-3.3398,0,0,9.729383,381194620
9.564992,81.5625,-2.6367,-2.6367,0,0,9.729383,381194620
9.566984,80.6836,-0.3516,-0.3516,0,0,9.729383,381194620
9.568967,79.8047,1.7578,1.7578,0,0,9.729383,381194620
9.570956,78.7500,4.0430,4.0430,0,0,9.729383,381194620
9.573023,77.6953,6.3281,6.3281,0,0,9.729383,381194620
9.575015,76.6406,8.6133,8.6133,0,0,9.729383,381194620
9.576996,75.4102,10.8984,10.8984,0,0,9.729383,381194620
9.578984,74.3555,13.1836,13.1836,0,0,9.729383,381194620
9.580968,73.3008,15.6445,15.6445,0,0,9.729383,381194620
9.582956,72.0703,17.9297,17.9297,0,0,9.729383,381194620
9.585023,70.8398,20.3906,20.3906,0,0,9.729383,381194620
9.587015,69.7852,22.8516,22.8516,0,0,9.729383,381194620
9.588996,68.7305,25.1367,25.1367,0,0,9.729383,381194620
9.590984,67.5000,27.4219,27.4219,0,0,9.729383,381194620
9.592968,66.4453,29.7070,29.7070,0,0,9.729383,381194620
9.594956,65.3906,31.9922,31.9922,0,0,9.729383,381194620
9.597023,64.3359,34.2773,34.2773,0,0,9.729383,381194620
9.599015,63.4570,36.5625,36.5625,0,0,9.729383,381194620
9.600996,62.4023,38.6719,38.6719,0,0,9.729383,381194620
9.602984,61.5234,40.7812,40.7812,0,0,9.729383,381194620
9.604968,60.6445,42.8906,42.8906,0,0,9.729383,381194620
9.606956,59.9414,44.8242,44.8242,0,0,9.729383,381194620
9.608972,59.0625,46.7578,46.7578,0,0,9.729383,381194620
9.610984,58.3594,48.6914,48.6914,0,0,9.729383,381194620
9.612968,57.6562,50.6250,50.6250,0,0,9.729383,381194620
9.614956,56.9531,52.3828,52.3828,0,0,9.729383,381194620
9.617023,56.2500,54.3164,54.3164,0,0,9.729383,381194620
9.619015,55.7227,56.0742,56.0742,0,0,9.729383,381194620
9.620996,55.1953,57.8320,57.8320,0,0,9.729383,381194620
9.622994,54.6680,59.4141,59.4141,0,0,9.729383,381194620
9.624976,54.1406,61.1719,61.1719,0,0,9.729383,381194620
9.626967,53.6133,62.7539,62.7539,0,0,9.729383,381194620
9.629033,53.2617,64.3359,64.3359,0,0,9.729383,381194620
9.631021,52.7344,65.7422,65.7422,0,0,9.729383,381194620
9.633003,52.5586,67.3242,67.3242,0,0,9.729383,381194620
9.634992,52.0312,68.7305,68.7305,0,0,9.729383,381194620
9.636971,51.8555,70.1367,70.1367,0,0,9.729383,381194620
9.638962,51.3281,71.5430,71.5430,0,0,9.729383,381194620
9.641030,51.1523,72.9492,72.9492,0,0,9.729383,381194620
9.643019,50.8008,74.1797,74.1797,0,0,9.729383,381194620
9.645000,50.6250,75.5859,75.5859,0,0,9.729383,381194620
9.646992,50.2734,76.8164,76.8164,0,0,9.729383,381194620
9.648972,50.0977,78.0469,78.0469,0,0,9.729383,381194620
9.650962,49.9219,79.1016,79.1016,0,0,9.729383,381194620
9.653029,49.7461,80.3320,80.3320,0,0,9.729383,381194620
9.655017,49.3945,81.5625,81.5625,0,0,9.729383,381194620
9.657001,49.2188,82.6172,82.6172,0,0,9.729383,381194620
9.658992,49.0430,83.6719,83.6719,0,0,9.729383,381194620
9.663355,48.8672,85.9570,85.9570,0,0,9.729383,381194620
9.663615,48.8672,85.9570,85.9570,0,0,9.729383,381194620
9.665017,48.6914,86.6602,86.6602,0,0,9.729383,381194620
9.667015,48.5156,87.5391,87.5391,0,0,9.729383,381194620
9.669015,48.5156,88.5938,88.5938,0,0,9.729383,381194620
9.671015,48.3398,89.4727,89.4727,0,0,9.729383,381194620
9.673015,48.3398,90.3516,90.3516,0,0,9.729383,381194620
9.675015,48.3398,91.0547,91.0547,0,0,9.729383,381194620
9.677015,48.1641,91.9336,91.9336,0,0,9.729383,381194620
9.679015,47.9883,92.8125,92.8125,0,0,9.729383,381194620
9.681015,47.9883,93.5156,93.5156,0,0,9.729383,381194620
9.683015,47.9883,94.2188,94.2188,0,0,9.729383,381194620
9.685015,47.9883,94.9219,94.9219,0,0,9.729383,381194620
9.687020,47.8125,95.6250,95.6250,0,0,9.729383,381194620
9.689013,47.8125,96.1523,96.1523,0,0,9.729383,381194620
9.691011,47.8125,96.6797,96.6797,0,0,9.729383,381194620
9.693043,47.8125,97.3828,97.3828,0,0,9.729383,381194620
9.695022,47.8125,97.9102,97.9102,0,0,9.729383,381194620
9.697021,47.8125,98.4375,98.4375,0,0,9.729383,381194620
9.698956,47.8125,98.7891,98.7891,0,0,9.729383,381194620
9.701472,47.8125,99.4922,99.4922,0,0,9.729383,381194620
9.702988,47.6367,99.8438,99.8438,0,0,9.729383,381194620
9.704984,47.6367,100.1953,100.1953,0,0,9.729383,381194620
9.706984,47.6367,100.5469,100.5469,0,0,9.729383,381194620
9.708980,47.6367,100.8984,100.8984,0,0,9.729383,381194620
9.711033,47.6367,101.2500,101.2500,0,0,9.729383,381194620
9.713030,47.6367,101.6016,101.6016,0,0,9.729383,381194620
9.714968,47.6367,101.7773,101.7773,0,0,9.729383,381194620
9.716968,47.6367,102.1289,102.1289,0,0,9.729383,381194620
9.721796,47.8125,102.6562,102.6562,0,0,9.987108,381459855
9.722340,47.8125,102.6562,102.6562,0,0,9.987108,381459855
9.723040,47.8125,102.6562,102.6562,0,0,9.987108,381459855
9.724990,47.8125,102.8320,102.8320,0,0,9.987108,381459855
9.727015,47.8125,102.8320,102.8320,0,0,9.987108,381459855
9.729030,47.8125,103.0078,103.0078,0,0,9.987108,381459855
9.731029,47.8125,103.0078,103.0078,0,0,9.987108,381459855
9.732984,47.8125,103.0078,103.0078,0,0,9.987108,381459855
9.734984,47.8125,103.0078,103.0078,0,0,9.987108,381459855
9.737030,47.8125,103.0078,103.0078,0,0,9.987108,381459855
9.738986,47.9883,102.8320,102.8320,0,0,9.987108,381459855
9.741022,47.9883,102.8320,102.8320,0,0,9.987108,381459855
9.742956,47.9883,102.6562,102.6562,0,0,9.987108,381459855
9.745001,47.9883,102.6562,102.6562,0,0,9.987108,381459855
9.746973,47.9883,102.3047,102.3047,0,0,9.987108,381459855
9.748988,48.1641,102.1289,102.1289,0,0,9.987108,381459855
9.750984,48.1641,101.9531,101.9531,0,0,9.987108,381459855
9.752984,48.1641,101.6016,101.6016,0,0,9.987108,381459855
9.754980,48.1641,101.4258,101.4258,0,0,9.987108,381459855
9.756979,48.3398,101.0742,101.0742,0,0,9.987108,381459855
9.758975,48.3398,100.7227,100.7227,0,0,9.987108,381459855
9.763855,48.3398,99.8438,99.8438,0,0,9.987108,381459855
9.764166,48.3398,99.6680,99.6680,0,0,9.987108,381459855
9.765030,48.3398,99.4922,99.4922,0,0,9.987108,381459855
9.767018,48.5156,99.1406,99.1406,0,0,9.987108,381459855
9.769000,48.5156,98.6133,98.6133,0,0,9.987108,381459855
9.770992,48.5156,98.0859,98.0859,0,0,9.987108,381459855
9.772975,48.6914,97.5586,97.5586,0,0,9.987108,381459855
9.774963,48.6914,97.0312,97.0312,0,0,9.987108,381459855
9.777030,48.8672,96.3281,96.3281,0,0,9.987108,381459855
9.779018,48.8672,95.8008,95.8008,0,0,9.987108,381459855
9.781001,49.0430,95.0977,95.0977,0,0,9.987108,381459855
9.782992,49.0430,94.3945,94.3945,0,0,9.987108,381459855
9.784972,49.2188,93.6914,93.6914,0,0,9.987108,381459855
9.786962,49.2188,92.9883,92.9883,0,0,9.987108,381459855
9.789029,49.3945,92.2852,92.2852,0,0,9.987108,381459855
9.791017,49.3945,91.4062,91.4062,0,0,9.987108,381459855
9.793001,49.5703,90.7031,90.7031,0,0,9.987108,381459855
9.794992,49.7461,89.8242,89.8242,0,0,9.987108,381459855
9.796972,49.9219,88.9453,88.9453,0,0,9.987108,381459855
9.798962,49.9219,88.0664,88.0664,0,0,9.987108,381459855
9.801029,50.0977,87.0117,87.0117,0,0,9.987108,381459855
9.803017,50.2734,86.1328,86.1328,0,0,9.987108,381459855
9.805001,50.4492,85.0781,85.0781,0,0,9.987108,381459855
9.806992,50.6250,84.0234,84.0234,0,0,9.987108,381459855
9.808972,50.8008,83.1445,83.1445,0,0,9.987108,381459855
9.810962,51.1523,81.9141,81.9141,0,0,9.987108,381459855
9.812968,51.3281,80.8594,80.8594,0,0,9.987108,381459855
9.814967,51.5039,79.8047,79.8047,0,0,9.987108,381459855
9.817033,51.8555,78.5742,78.5742,0,0,9.987108,381459855
9.818956,52.0312,77.3438,77.3438,0,0,9.987108,381459855
9.821022,52.2070,76.1133,76.1133,0,0,9.987108,381459855
9.823021,52.5586,74.8828,74.8828,0,0,9.987108,381459855
9.825003,52.9102,73.4766,73.4766,0,0,9.987108,381459855
9.826992,53.2617,72.2461,72.2461,0,0,9.987108,381459855
9.828971,53.6133,70.8398,70.8398,0,0,9.987108,381459855
9.830962,53.9648,69.6094,69.6094,0,0,9.987108,381459855
9.833029,54.3164,68.0273,68.0273,0,0,9.987108,381459855
9.835017,54.6680,66.6211,66.6211,0,0,9.987108,381459855
9.837001,55.1953,65.0391,65.0391,0,0,9.987108,381459855
9.838992,55.5469,63.6328,63.6328,0,0,9.987108,381459855
9.840972,56.0742,62.0508,62.0508,0,0,9.987108,381459855
9.842962,56.6016,60.4688,60.4688,0,0,9.987108,381459855
9.845030,57.1289,58.7109,58.7109,0,0,9.987108,381459855
9.847018,57.6562,57.1289,57.1289,0,0,9.987108,381459855
9.849001,58.1836,55.3711,55.3711,0,0,9.987108,381459855
9.850992,58.8867,53.6133,53.6133,0,0,9.987108,381459855
9.852972,59.5898,51.8555,51.8555,0,0,9.987108,381459855
9.854962,60.2930,49.9219,49.9219,0,0,9.987108,381459855
9.857029,60.9961,47.9883,47.9883,0,0,9.987108,381459855
9.859017,61.6992,46.0547,46.0547,0,0,9.987108,381459855
9.863379,63.4570,41.8359,41.8359,0,0,9.987108,381459855
9.863645,63.6328,41.4844,41.4844,0,0,9.987108,381459855
9.864957,64.1602,40.2539,40.2539,0,0,9.987108,381459855
9.866956,65.2148,38.1445,38.1445,0,0,9.987108,381459855
9.868956,66.0938,36.0352,36.0352,0,0,9.987108,381459855
9.871039,67.1484,33.7500,33.7500,0,0,9.987108,381459855
9.873038,68.2031,31.4648,31.4648,0,0,9.987108,381459855
9.875034,69.0820,29.3555,29.3555,0,0,9.987108,381459855
9.877030,70.1367,27.0703,27.0703,0,0,9.987108,381459855
9.879029,71.3672,24.7852,24.7852,0,0,9.987108,381459855
9.881028,72.4219,22.5000,22.5000,0,0,9.987108,381459855
9.883026,73.6523,20.2148,20.2148,0,0,9.987108,381459855
9.885023,74.7070,17.9297,17.9297,0,0,9.987108,381459855
9.887021,75.7617,15.6445,15.6445,0,0,9.987108,381459855
9.889017,76.8164,13.3594,13.3594,0,0,9.987108,381459855
9.891015,77.8711,11.0742,11.0742,0,0,9.987108,381459855
9.893015,79.1016,8.7891,8.7891,0,0,9.987108,381459855
9.895015,79.9805,6.5039,6.5039,0,0,9.987108,381459855
9.897015,81.0352,4.3945,4.3945,0,0,9.987108,381459855
9.899015,82.0898,2.2852,2.2852,0,0,9.987108,381459855
9.901015,82.9688,0.1758,0.1758,0,0,9.987108,381459855
9.903015,83.8477,-1.9336,-1.9336,0,0,9.987108,381459855
9.905015,84.7266,-3.8672,-3.8672,0,0,9.987108,381459855
9.907015,85.6055,-5.8008,-5.8008,0,0,9.987108,381459855
9.909015,86.3086,-7.7344,-7.7344,0,0,9.987108,381459855
9.911015,87.0117,-9.6680,-9.6680,0,0,9.987108,381459855
9.913015,87.7148,-11.6016,-11.6016,0,0,9.987108,381459855
9.914974,88.4180,-13.1836,-13.1836,0,0,9.987108,381459855
9.916988,89.1211,-15.1172,-15.1172,0,0,9.987108,381459855
9.918987,89.6484,-16.6992,-16.6992,0,0,9.987108,381459855
9.920984,90.1758,-18.2812,-18.2812,0,0,9.987108,381459855
9.922992,90.7031,-20.0391,-20.0391,0,0,9.987108,381459855
9.924990,91.2305,-21.6211,-21.6211,0,0,9.987108,381459855
9.926987,91.7578,-23.2031,-23.2031,0,0,9.987108,381459855
9.928984,92.1094,-24.6094,-24.6094,0,0,9.987108,381459855
9.930984,92.6367,-26.1914,-26.1914,0,0,9.987108,381459855
9.932984,92.9883,-27.5977,-27.5977,0,0,9.987108,381459855
9.934984,93.3398,-29.0039,-29.0039,0,0,9.987108,381459855
9.936984,93.6914,-30.4102,-30.4102,0,0,9.987108,381459855
9.938984,94.0430,-31.6406,-31.6406,0,0,9.987108,381459855
9.940984,94.3945,-33.0469,-33.0469,0,0,9.987108,381459855
9.942984,94.5703,-34.2773,-34.2773,0,0,9.987108,381459855
9.944984,94.9219,-35.5078,-35.5078,0,0,9.987108,381459855
9.946984,95.0977,-36.7383,-36.7383,0,0,9.987108,381459855
9.948984,95.4492,-37.7930,-37.7930,0,0,9.987108,381459855
9.950984,95.6250,-39.0234,-39.0234,0,0,9.987108,381459855
9.953009,95.8008,-40.0781,-40.0781,0,0,9.987108,381459855
9.955019,95.9766,-41.1328,-41.1328,0,0,9.987108,381459855
9.957023,96.1523,-42.1875,-42.1875,0,0,9.987108,381459855
9.958971,96.3281,-43.2422,-43.2422,0,0,9.987108,381459855
9.964150,96.8555,-45.7031,-45.7031,0,0,9.987108,381459855
9.964446,96.8555,-45.8789,-45.8789,0,0,9.987108,381459855
9.964963,96.8555,-46.0547,-46.0547,0,0,9.987108,381459855
9.967038,97.0312,-46.9336,-46.9336,0,0,9.987108,381459855
9.969021,97.0312,-47.8125,-47.8125,0,0,9.987108,381459855
9.971011,97.2070,-48.6914,-48.6914,0,0,9.987108,381459855
9.972991,97.2070,-49.5703,-49.5703,0,0,9.987108,381459855
9.974980,97.3828,-50.2734,-50.2734,0,0,9.987108,381459855
9.976962,97.5586,-50.9766,-50.9766,0,0,9.987108,381459855
9.979039,97.5586,-51.6797,-51.6797,0,0,9.987108,381459855
9.981021,97.5586,-52.3828,-52.3828,0,0,9.987108,381459855
9.983038,97.5586,-53.0859,-53.0859,0,0,9.987108,381459855
9.986961,97.7344,-54.3164,-54.3164,0,0,10.232311,381692596
9.987526,97.7344,-54.4922,-54.4922,0,0,10.232311,381692596
9.989041,97.7344,-54.8438,-54.8438,0,0,10.232311,381692596
9.991213,97.9102,-55.5469,-55.5469,0,0,10.232311,381692596
9.993009,97.9102,-55.8984,-55.8984,0,0,10.232311,381692596
9.995020,97.9102,-56.4258,-56.4258,0,0,10.232311,381692596
9.997209,97.9102,-56.9531,-56.9531,0,0,10.232311,381692596
9.998961,97.9102,-57.3047,-57.3047,0,0,10.232311,381692596
10.000957,97.9102,-57.6562,-57.6562,0,0,10.232311,381692596
10.002992,97.9102,-58.1836,-58.1836,0,0,10.232311,381692596
10.004988,97.9102,-58.3594,-58.3594,0,0,10.232311,381692596
10.006984,97.9102,-58.7109,-58.7109,0,0,10.232311,381692596
10.008963,97.9102,-59.0625,-59.0625,0,0,10.232311,381692596
10.011037,97.9102,-59.4141,-59.4141,0,0,10.232311,381692596
10.013032,97.9102,-59.5898,-59.5898,0,0,10.232311,381692596
10.015030,97.9102,-59.7656,-59.7656,0,0,10.232311,381692596
10.017029,97.9102,-60.1172,-60.1172,0,0,10.232311,381692596
10.018991,97.9102,-60.1172,-60.1172,0,0,10.232311,381692596
10.020990,97.9102,-60.2930,-60.2930,0,0,10.232311,381692596
10.023017,97.9102,-60.2930,-60.2930,0,0,10.232311,381692596
10.024996,97.9102,-60.4688,-60.4688,0,0,10.232311,381692596
10.026992,97.9102,-60.4688,-60.4688,0,0,10.232311,381692596
10.028990,97.9102,-60.4688,-60.4688,0,0,10.232311,381692596
10.030987,97.9102,-60.4688,-60.4688,0,0,10.232311,381692596
10.032984,97.9102,-60.4688,-60.4688,0,0,10.232311,381692596
10.034980,97.7344,-60.4688,-60.4688,0,0,10.232311,381692596
10.036979,97.7344,-60.2930,-60.2930,0,0,10.232311,381692596
10.038975,97.7344,-60.2930,-60.2930,0,0,10.232311,381692596
10.040971,97.7344,-60.1172,-60.1172,0,0,10.232311,381692596
10.042968,97.7344,-59.9414,-59.9414,0,0,10.232311,381692596
10.044968,97.5586,-59.7656,-59.7656,0,0,10.232311,381692596
10.046968,97.5586,-59.4141,-59.4141,0,0,10.232311,381692596
10.048965,97.5586,-59.2383,-59.2383,0,0,10.232311,381692596
10.050962,97.5586,-58.8867,-58.8867,0,0,10.232311,381692596
10.052959,97.3828,-58.7109,-58.7109,0,0,10.232311,381692596
10.054956,97.3828,-58.1836,-58.1836,0,0,10.232311,381692596
10.056956,97.3828,-58.0078,-58.0078,0,0,10.232311,381692596
10.059039,97.2070,-57.4805,-57.4805,0,0,10.232311,381692596
10.064031,97.0312,-56.4258,-56.4258,0,0,10.232311,381692596
10.064370,97.0312,-56.2500,-56.2500,0,0,10.232311,381692596
10.064965,97.0312,-56.0742,-56.0742,0,0,10.232311,381692596
10.066956,97.0312,-55.5469,-55.5469,0,0,10.232311,381692596
10.069023,96.8555,-55.1953,-55.1953,0,0,10.232311,381692596
10.071015,96.8555,-54.4922,-54.4922,0,0,10.232311,381692596
10.072996,96.6797,-53.9648,-53.9648,0,0,10.232311,381692596
10.074984,96.6797,-53.2617,-53.2617,0,0,10.232311,381692596
10.076968,96.5039,-52.7344,-52.7344,0,0,10.232311,381692596
10.078956,96.3281,-52.0312,-52.0312,0,0,10.232311,381692596
10.081023,96.3281,-51.3281,-51.3281,0,0,10.232311,381692596
10.083015,96.1523,-50.6250,-50.6250,0,0,10.232311,381692596
10.084996,96.1523,-49.9219,-49.9219,0,0,10.232311,381692596
10.086984,95.9766,-49.0430,-49.0430,0,0,10.232311,381692596
10.088968,95.8008,-48.1641,-48.1641,0,0,10.232311,381692596
10.090956,95.6250,-47.4609,-47.4609,0,0,10.232311,381692596
10.093023,95.4492,-46.4062,-46.4062,0,0,10.232311,381692596
10.095015,95.2734,-45.5273,-45.5273,0,0,10.232311,381692596
10.096996,95.0977,-44.6484,-44.6484,0,0,10.232311,381692596
10.098984,94.9219,-43.5938,-43.5938,0,0,10.232311,381692596
10.100968,94.7461,-42.7148,-42.7148,0,0,10.232311,381692596
10.103021,94.5703,-41.6602,-41.6602,0,0,10.232311,381692596
10.104994,94.2188,-40.6055,-40.6055,0,0,10.232311,381692596
10.106984,94.0430,-39.5508,-39.5508,0,0,10.232311,381692596
10.108968,93.8672,-38.4961,-38.4961,0,0,10.232311,381692596
10.110974,93.5156,-37.2656,-37.2656,0,0,10.232311,381692596
10.112956,93.3398,-36.2109,-36.2109,0,0,10.232311,381692596
10.115030,92.9883,-34.9805,-34.9805,0,0,10.232311,381692596
10.117011,92.6367,-33.7500,-33.7500,0,0,10.232311,381692596
10.119000,92.2852,-32.3438,-32.3438,0,0,10.232311,381692596
10.121039,91.9336,-31.1133,-31.1133,0,0,10.232311,381692596
10.122968,91.5820,-29.8828,-29.8828,0,0,10.232311,381692596
10.124959,91.2305,-28.4766,-28.4766,0,0,10.232311,381692596
10.126957,90.8789,-27.0703,-27.0703,0,0,10.232311,381692596
10.128958,90.3516,-25.6641,-25.6641,0,0,10.232311,381692596
10.130965,90.0000,-24.0820,-24.0820,0,0,10.232311,381692596
10.133030,89.4727,-22.5000,-22.5000,0,0,10.232311,381692596
10.135021,88.9453,-21.0938,-21.0938,0,0,10.232311,381692596
10.137003,88.4180,-19.5117,-19.5117,0,0,10.232311,381692596
10.138992,87.8906,-17.9297,-17.9297,0,0,10.232311,381692596
10.140972,87.3633,-16.1719,-16.1719,0,0,10.232311,381692596
10.142962,86.6602,-14.5898,-14.5898,0,0,10.232311,381692596
10.145029,85.9570,-12.6562,-12.6562,0,0,10.232311,381692596
10.147017,85.2539,-10.8984,-10.8984,0,0,10.232311,381692596
10.149001,84.5508,-9.1406,-9.1406,0,0,10.232311,381692596
10.150992,83.8477,-7.3828,-7.3828,0,0,10.232311,381692596
10.152972,83.1445,-5.4492,-5.4492,0,0,10.232311,381692596
10.154962,82.2656,-3.5156,-3.5156,0,0,10.232311,381692596
10.157029,81.3867,-1.4062,-1.4062,0,0,10.232311,381692596
10.159017,80.5078,0.5273,0.5273,0,0,10.232311,381692596
10.163377,78.5742,5.0977,5.0977,0,0,10.232311,381692596
10.163654,78.3984,5.2734,5.2734,0,0,10.232311,381692596
10.165040,77.6953,6.6797,6.6797,0,0,10.232311,381692596
10.167039,76.6406,8.9648,8.9648,0,0,10.232311,381692596
10.169038,75.7617,11.0742,11.0742,0,0,10.232311,381692596
10.171034,74.5312,13.3594,13.3594,0,0,10.232311,381692596
10.173030,73.6523,15.4688,15.4688,0,0,10.232311,381692596
10.175029,72.4219,17.7539,17.7539,0,0,10.232311,381692596
10.177028,71.3672,19.8633,19.8633,0,0,10.232311,381692596
10.179026,70.3125,22.1484,22.1484,0,0,10.232311,381692596
10.181023,69.2578,24.2578,24.2578,0,0,10.232311,381692596
10.183021,68.2031,26.5430,26.5430,0,0,10.232311,381692596
10.185017,67.3242,28.6523,28.6523,0,0,10.232311,381692596
10.187015,66.2695,30.7617,30.7617,0,0,10.232311,381692596
10.189015,65.2148,32.8711,32.8711,0,0,10.232311,381692596
10.191015,64.3359,34.9805,34.9805,0,0,10.232311,381692596
10.193015,63.4570,36.9141,36.9141,0,0,10.232311,381692596
10.195015,62.5781,39.0234,39.0234,0,0,10.232311,381692596
10.197015,61.6992,40.9570,40.9570,0,0,10.232311,381692596
10.199015,60.9961,42.8906,42.8906,0,0,10.232311,381692596
10.200996,60.2930,44.6484,44.6484,0,0,10.232311,381692596
10.202972,59.5898,46.5820,46.5820,0,0,10.232311,381692596
10.205023,58.8867,48.3398,48.3398,0,0,10.232311,381692596
10.206956,58.1836,50.0977,50.0977,0,0,10.232311,381692596
10.208956,57.4805,51.6797,51.6797,0,0,10.232311,381692596
10.211039,56.9531,53.4375,53.4375,0,0,10.232311,381692596
10.212979,56.4258,55.0195,55.0195,0,0,10.232311,381692596
10.214956,55.8984,56.6016,56.6016,0,0,10.232311,381692596
10.219805,54.6680,60.4688,60.4688,0,0,10.480906,381954268
10.220326,54.6680,60.6445,60.6445,0,0,10.480906,381954268
10.221026,54.4922,61.1719,61.1719,0,0,10.480906,381954268
10.223023,53.9648,62.7539,62.7539,0,0,10.480906,381954268
10.225029,53.6133,64.1602,64.1602,0,0,10.480906,381954268
10.227042,53.2617,65.3906,65.3906,0,0,10.480906,381954268
10.228969,52.9102,66.7969,66.7969,0,0,10.480906,381954268
10.230959,52.5586,68.0273,68.0273,0,0,10.480906,381954268
10.233041,52.2070,69.2578,69.2578,0,0,10.480906,381954268
10.234989,52.0312,70.4883,70.4883,0,0,10.480906,381954268
10.236984,51.6797,71.7188,71.7188,0,0,10.480906,381954268
10.239008,51.5039,72.9492,72.9492,0,0,10.480906,381954268
10.241215,51.1523,74.1797,74.1797,0,0,10.480906,381954268
10.242990,50.9766,75.2344,75.2344,0,0,10.480906,381954268
10.244965,50.8008,76.2891,76.2891,0,0,10.480906,381954268
10.246961,50.6250,77.3438,77.3438,0,0,10.480906,381954268
10.248964,50.4492,78.3984,78.3984,0,0,10.480906,381954268
10.250956,50.2734,79.2773,79.2773,0,0,10.480906,381954268
10.252968,50.0977,80.3320,80.3320,0,0,10.480906,381954268
10.254968,49.9219,81.2109,81.2109,0,0,10.480906,381954268
10.256968,49.7461,82.0898,82.0898,0,0,10.480906,381954268
10.258965,49.7461,82.9688,82.9688,0,0,10.480906,381954268
10.263860,49.3945,85.0781,85.0781,0,0,10.480906,381954268
10.264163,49.3945,85.0781,85.0781,0,0,10.480906,381954268
10.265030,49.2188,85.4297,85.4297,0,0,10.480906,381954268
10.267022,49.2188,86.1328,86.1328,0,0,10.480906,381954268
10.269003,49.0430,86.8359,86.8359,0,0,10.480906,381954268
10.270992,49.0430,87.5391,87.5391,0,0,10.480906,381954268
10.272971,49.0430,88.2422,88.2422,0,0,10.480906,381954268
10.274962,48.8672,88.9453,88.9453,0,0,10.480906,381954268
10.277030,48.8672,89.4727,89.4727,0,0,10.480906,381954268
10.279019,48.8672,90.1758,90.1758,0,0,10.480906,381954268
10.281000,48.6914,90.7031,90.7031,0,0,10.480906,381954268
10.282992,48.6914,91.0547,91.0547,0,0,10.480906,381954268
10.284972,48.6914,91.5820,91.5820,0,0,10.480906,381954268
10.286962,48.6914,92.1094,92.1094,0,0,10.480906,381954268
10.289029,48.6914,92.6367,92.6367,0,0,10.480906,381954268
10.291017,48.5156,92.9883,92.9883,0,0,10.480906,381954268
10.293001,48.5156,93.3398,93.3398,0,0,10.480906,381954268
10.294992,48.5156,93.6914,93.6914,0,0,10.480906,381954268
10.296972,48.5156,94.0430,94.0430,0,0,10.480906,381954268
10.298962,48.5156,94.3945,94.3945,0,0,10.480906,381954268
10.301029,48.5156,94.5703,94.5703,0,0,10.480906,381954268
10.303012,48.5156,94.9219,94.9219,0,0,10.480906,381954268
10.304984,48.5156,95.0977,95.0977,0,0,10.480906,381954268
10.306972,48.5156,95.2734,95.2734,0,0,10.480906,381954268
10.308956,48.5156,95.4492,95.4492,0,0,10.480906,381954268
10.311040,48.5156,95.6250,95.6250,0,0,10.480906,381954268
10.312976,48.5156,95.8008,95.8008,0,0,10.480906,381954268
10.314968,48.5156,95.8008,95.8008,0,0,10.480906,381954268
10.317033,48.6914,95.8008,95.8008,0,0,10.480906,381954268
10.319022,48.6914,95.9766,95.9766,0,0,10.480906,381954268
10.321018,48.6914,95.9766,95.9766,0,0,10.480906,381954268
10.323038,48.6914,95.9766,95.9766,0,0,10.480906,381954268
10.324979,48.6914,95.8008,95.8008,0,0,10.480906,381954268
10.326971,48.6914,95.8008,95.8008,0,0,10.480906,381954268
10.328971,48.8672,95.6250,95.6250,0,0,10.480906,381954268
10.330963,48.8672,95.6250,95.6250,0,0,10.480906,381954268
10.333043,48.8672,95.2734,95.2734,0,0,10.480906,381954268
10.334962,48.8672,95.0977,95.0977,0,0,10.480906,381954268
10.337030,49.0430,94.9219,94.9219,0,0,10.480906,381954268
10.339020,49.0430,94.5703,94.5703,0,0,10.480906,381954268
10.341010,49.0430,94.3945,94.3945,0,0,10.480906,381954268
10.343009,49.0430,94.0430,94.0430,0,0,10.480906,381954268
10.344992,49.2188,93.6914,93.6914,0,0,10.480906,381954268
10.346984,49.2188,93.5156,93.5156,0,0,10.480906,381954268
10.348984,49.2188,92.9883,92.9883,0,0,10.480906,381954268
10.350996,49.3945,92.6367,92.6367,0,0,10.480906,381954268
10.352993,49.3945,92.1094,92.1094,0,0,10.480906,381954268
10.354984,49.5703,91.7578,91.7578,0,0,10.480906,381954268
10.356968,49.5703,91.2305,91.2305,0,0,10.480906,381954268
10.358956,49.7461,90.7031,90.7031,0,0,10.480906,381954268
10.363410,49.9219,89.4727,89.4727,0,0,10.480906,381954268
10.363677,49.9219,89.2969,89.2969,0,0,10.480906,381954268
10.364988,49.9219,88.9453,88.9453,0,0,10.480906,381954268
10.366984,50.0977,88.2422,88.2422,0,0,10.480906,381954268
10.368984,50.2734,87.5391,87.5391,0,0,10.480906,381954268
10.370980,50.4492,86.8359,86.8359,0,0,10.480906,381954268
10.372979,50.4492,86.1328,86.1328,0,0,10.480906,381954268
10.374975,50.6250,85.4297,85.4297,0,0,10.480906,381954268
10.376971,50.8008,84.7266,84.7266,0,0,10.480906,381954268
10.378971,50.9766,83.8477,83.8477,0,0,10.480906,381954268
10.380967,51.1523,83.1445,83.1445,0,0,10.480906,381954268
10.382963,51.1523,82.2656,82.2656,0,0,10.480906,381954268
10.384962,51.5039,81.3867,81.3867,0,0,10.480906,381954268
10.386959,51.6797,80.3320,80.3320,0,0,10.480906,381954268
10.388956,51.8555,79.4531,79.4531,0,0,10.480906,381954268
10.390956,52.0312,78.3984,78.3984,0,0,10.480906,381954268
10.393039,52.2070,77.5195,77.5195,0,0,10.480906,381954268
10.395038,52.5586,76.2891,76.2891,0,0,10.480906,381954268
10.397034,52.7344,75.2344,75.2344,0,0,10.480906,381954268
10.399030,53.0859,74.1797,74.1797,0,0,10.480906,381954268
10.401029,53.2617,73.1250,73.1250,0,0,10.480906,381954268
10.403028,53.6133,71.8945,71.8945,0,0,10.480906,381954268
10.405026,53.9648,70.6641,70.6641,0,0,10.480906,381954268
10.407023,54.1406,69.6094,69.6094,0,0,10.480906,381954268
10.409021,54.4922,68.2031,68.2031,0,0,10.480906,381954268
10.411017,54.8438,66.9727,66.9727,0,0,10.480906,381954268
10.413015,55.3711,65.7422,65.7422,0,0,10.480906,381954268
10.415015,55.7227,64.3359,64.3359,0,0,10.480906,381954268
10.417015,56.0742,62.9297,62.9297,0,0,10.480906,381954268
10.419015,56.6016,61.5234,61.5234,0,0,10.480906,381954268
10.421015,56.9531,60.1172,60.1172,0,0,10.480906,381954268
10.423026,57.4805,58.5352,58.5352,0,0,10.480906,381954268
10.425023,58.0078,57.1289,57.1289,0,0,10.480906,381954268
10.426972,58.5352,55.5469,55.5469,0,0,10.480906,381954268
10.428971,59.0625,53.9648,53.9648,0,0,10.480906,381954268
10.430968,59.7656,52.2070,52.2070,0,0,10.480906,381954268
10.432968,60.2930,50.6250,50.6250,0,0,10.480906,381954268
10.434984,60.9961,48.8672,48.8672,0,0,10.480906,381954268
10.436980,61.6992,47.1094,47.1094,0,0,10.480906,381954268
10.438979,62.4023,45.3516,45.3516,0,0,10.480906,381954268
10.440975,63.1055,43.5938,43.5938,0,0,10.480906,381954268
10.442971,63.9844,41.6602,41.6602,0,0,10.480906,381954268
10.444967,64.8633,39.7266,39.7266,0,0,10.480906,381954268
10.447002,65.7422,37.7930,37.7930,0,0,10.480906,381954268
10.449019,66.6211,35.8594,35.8594,0,0,10.480906,381954268
10.451017,67.5000,33.9258,33.9258,0,0,10.480906,381954268
10.453015,68.3789,31.8164,31.8164,0,0,10.480906,381954268
10.455015,69.4336,29.7070,29.7070,0,0,10.480906,381954268
10.457015,70.3125,27.5977,27.5977,0,0,10.480906,381954268
10.458956,71.3672,25.6641,25.6641,0,0,10.480906,381954268
10.463362,73.6523,20.9180,20.9180,0,0,10.480906,381954268
10.463617,73.8281,20.5664,20.5664,0,0,10.480906,381954268
10.465016,74.5312,19.1602,19.1602,0,0,10.480906,381954268
10.467007,75.5859,17.0508,17.0508,0,0,10.480906,381954268
10.468991,76.6406,14.9414,14.9414,0,0,10.480906,381954268
10.471004,77.5195,12.8320,12.8320,0,0,10.480906,381954268
10.472984,78.5742,10.7227,10.7227,0,0,10.480906,381954268
10.475004,79.6289,8.6133,8.6133,0,0,10.480906,381954268
10.476999,80.5078,6.5039,6.5039,0,0,10.480906,381954268
10.481588,82.6172,1.9336,1.9336,0,0,10.740251,382203014
10.482049,82.7930,1.5820,1.5820,0,0,10.740251,382203014
10.482961,83.3203,0.7031,0.7031,0,0,10.740251,382203014
10.485035,84.1992,-1.4062,-1.4062,0,0,10.740251,382203014
10.487001,84.9023,-3.1641,-3.1641,0,0,10.740251,382203014
10.489038,85.6055,-5.0977,-5.0977,0,0,10.740251,382203014
10.490992,86.3086,-6.8555,-6.8555,0,0,10.740251,382203014
10.493036,87.1875,-8.6133,-8.6133,0,0,10.740251,382203014
10.495031,87.7148,-10.1953,-10.1953,0,0,10.740251,382203014
10.497030,88.4180,-11.9531,-11.9531,0,0,10.740251,382203014
10.499029,88.9453,-13.5352,-13.5352,0,0,10.740251,382203014
10.500967,89.6484,-15.1172,-15.1172,0,0,10.740251,382203014
10.503001,90.1758,-16.6992,-16.6992,0,0,10.740251,382203014
10.504979,90.5273,-18.1055,-18.1055,0,0,10.740251,382203014
10.506975,91.0547,-19.6875,-19.6875,0,0,10.740251,382203014
10.508971,91.5820,-21.0938,-21.0938,0,0,10.740251,382203014
10.510968,91.9336,-22.5000,-22.5000,0,0,10.740251,382203014
10.512968,92.4609,-23.9062,-23.9062,0,0,10.740251,382203014
10.514968,92.8125,-25.1367,-25.1367,0,0,10.740251,382203014
10.516965,93.1641,-26.5430,-26.5430,0,0,10.740251,382203014
10.518962,93.5156,-27.7734,-27.7734,0,0,10.740251,382203014
10.520959,93.8672,-29.0039,-29.0039,0,0,10.740251,382203014
10.522965,94.2188,-30.0586,-30.0586,0,0,10.740251,382203014
10.524963,94.3945,-31.2891,-31.2891,0,0,10.740251,382203014
10.526963,94.7461,-32.3438,-32.3438,0,0,10.740251,382203014
10.528963,94.9219,-33.5742,-33.5742,0,0,10.740251,382203014
10.531010,95.2734,-34.6289,-34.6289,0,0,10.740251,382203014
10.533030,95.4492,-35.6836,-35.6836,0,0,10.740251,382203014
10.535029,95.6250,-36.7383,-36.7383,0,0,10.740251,382203014
10.537026,95.8008,-37.6172,-37.6172,0,0,10.740251,382203014
10.539023,96.1523,-38.6719,-38.6719,0,0,10.740251,382203014
10.541021,96.3281,-39.5508,-39.5508,0,0,10.740251,382203014
10.543017,96.5039,-40.4297,-40.4297,0,0,10.740251,382203014
10.545015,96.5039,-41.3086,-41.3086,0,0,10.740251,382203014
10.547015,96.6797,-42.0117,-42.0117,0,0,10.740251,382203014
10.549015,96.8555,-42.8906,-42.8906,0,0,10.740251,382203014
10.551015,97.0312,-43.5938,-43.5938,0,0,10.740251,382203014
10.553015,97.0312,-44.2969,-44.2969,0,0,10.740251,382203014
10.555015,97.2070,-45.0000,-45.0000,0,0,10.740251,382203014
10.557015,97.3828,-45.7031,-45.7031,0,0,10.740251,382203014
10.559015,97.3828,-46.4062,-46.4062,0,0,10.740251,382203014
10.563924,97.5586,-47.8125,-47.8125,0,0,10.740251,382203014
10.564239,97.5586,-47.9883,-47.9883,0,0,10.740251,382203014
10.565021,97.5586,-48.1641,-48.1641,0,0,10.740251,382203014
10.567011,97.7344,-48.6914,-48.6914,0,0,10.740251,382203014
10.568992,97.7344,-49.2188,-49.2188,0,0,10.740251,382203014
10.570980,97.7344,-49.7461,-49.7461,0,0,10.740251,382203014
10.572962,97.7344,-50.2734,-50.2734,0,0,10.740251,382203014
10.575039,97.9102,-50.6250,-50.6250,0,0,10.740251,382203014
10.577021,97.9102,-50.9766,-50.9766,0,0,10.740251,382203014
10.579011,97.9102,-51.3281,-51.3281,0,0,10.740251,382203014
10.580991,97.9102,-51.6797,-51.6797,0,0,10.740251,382203014
10.582980,97.9102,-52.0312,-52.0312,0,0,10.740251,382203014
10.584962,97.9102,-52.3828,-52.3828,0,0,10.740251,382203014
10.587039,97.9102,-52.5586,-52.5586,0,0,10.740251,382203014
10.589021,98.0859,-52.7344,-52.7344,0,0,10.740251,382203014
10.591011,98.0859,-53.0859,-53.0859,0,0,10.740251,382203014
10.592991,98.0859,-53.2617,-53.2617,0,0,10.740251,382203014
10.594980,98.0859,-53.2617,-53.2617,0,0,10.740251,382203014
10.596962,98.0859,-53.4375,-53.4375,0,0,10.740251,382203014
10.599039,98.0859,-53.4375,-53.4375,0,0,10.740251,382203014
10.601021,98.0859,-53.6133,-53.6133,0,0,10.740251,382203014
10.603011,97.9102,-53.6133,-53.6133,0,0,10.740251,382203014
10.604991,97.9102,-53.6133,-53.6133,0,0,10.740251,382203014
10.606980,97.9102,-53.6133,-53.6133,0,0,10.740251,382203014
10.608962,97.9102,-53.6133,-53.6133,0,0,10.740251,382203014
10.611039,97.9102,-53.6133,-53.6133,0,0,10.740251,382203014
10.613021,97.9102,-53.4375,-53.4375,0,0,10.740251,382203014
10.615011,97.7344,-53.2617,-53.2617,0,0,10.740251,382203014
10.616991,97.7344,-53.2617,-53.2617,0,0,10.740251,382203014
10.618980,97.7344,-53.0859,-53.0859,0,0,10.740251,382203014
10.620962,97.7344,-52.7344,-52.7344,0,0,10.740251,382203014
10.622970,97.5586,-52.5586,-52.5586,0,0,10.740251,382203014
10.625039,97.5586,-52.3828,-52.3828,0,0,10.740251,382203014
10.627030,97.5586,-52.0312,-52.0312,0,0,10.740251,382203014
10.629011,97.5586,-51.6797,-51.6797,0,0,10.740251,382203014
10.631000,97.3828,-51.3281,-51.3281,0,0,10.740251,382203014
10.633030,97.3828,-50.9766,-50.9766,0,0,10.740251,382203014
10.635020,97.2070,-50.6250,-50.6250,0,0,10.740251,382203014
10.637018,97.2070,-50.0977,-50.0977,0,0,10.740251,382203014
10.639007,97.0312,-49.7461,-49.7461,0,0,10.740251,382203014
10.640990,97.0312,-49.2188,-49.2188,0,0,10.740251,382203014
10.642980,96.8555,-48.6914,-48.6914,0,0,10.740251,382203014
10.644962,96.8555,-48.1641,-48.1641,0,0,10.740251,382203014
10.647039,96.6797,-47.6367,-47.6367,0,0,10.740251,382203014
10.649021,96.5039,-46.9336,-46.9336,0,0,10.740251,382203014
10.651010,96.5039,-46.4062,-46.4062,0,0,10.740251,382203014
10.652991,96.3281,-45.7031,-45.7031,0,0,10.740251,382203014
10.654980,96.1523,-45.0000,-45.0000,0,0,10.740251,382203014
10.656962,95.9766,-44.2969,-44.2969,0,0,10.740251,382203014
10.659039,95.8008,-43.5938,-43.5938,0,0,10.740251,382203014
10.663429,95.4492,-41.8359,-41.8359,0,0,10.740251,382203014
10.663691,95.4492,-41.8359,-41.8359,0,0,10.740251,382203014
10.665009,95.4492,-41.1328,-41.1328,0,0,10.740251,382203014
10.667007,95.0977,-40.4297,-40.4297,0,0,10.740251,382203014
10.669003,94.9219,-39.3750,-39.3750,0,0,10.740251,382203014
10.671000,94.7461,-38.4961,-38.4961,0,0,10.740251,382203014
10.673000,94.5703,-37.6172,-37.6172,0,0,10.740251,382203014
10.674996,94.3945,-36.7383,-36.7383,0,0,10.740251,382203014
10.676992,94.0430,-35.6836,-35.6836,0,0,10.740251,382203014
10.678990,93.8672,-34.6289,-34.6289,0,0,10.740251,382203014
10.680987,93.5156,-33.5742,-33.5742,0,0,10.740251,382203014
10.682984,93.3398,-32.5195,-32.5195,0,0,10.740251,382203014
10.684980,92.9883,-31.4648,-31.4648,0,0,10.740251,382203014
10.686979,92.6367,-30.2344,-30.2344,0,0,10.740251,382203014
10.688975,92.2852,-29.1797,-29.1797,0,0,10.740251,382203014
10.690971,91.9336,-27.7734,-27.7734,0,0,10.740251,382203014
10.692971,91.5820,-26.5430,-26.5430,0,0,10.740251,382203014
10.694967,91.2305,-25.3125,-25.3125,0,0,10.740251,382203014
10.696994,90.8789,-23.9062,-23.9062,0,0,10.740251,382203014
10.699014,90.3516,-22.6758,-22.6758,0,0,10.740251,382203014
10.700965,90.0000,-21.2695,-21.2695,0,0,10.740251,382203014
10.702987,89.4727,-19.8633,-19.8633,0,0,10.740251,382203014
10.705003,88.9453,-18.4570,-18.4570,0,0,10.740251,382203014
10.707003,88.4180,-16.8750,-16.8750,0,0,10.740251,382203014
10.709001,87.8906,-15.4688,-15.4688,0,0,10.740251,382203014
10.711014,87.3633,-13.8867,-13.8867,0,0,10.740251,382203014
10.713034,86.6602,-12.3047,-12.3047,0,0,10.740251,382203014
10.714962,86.1328,-10.7227,-10.7227,0,0,10.740251,382203014
10.716959,85.4297,-8.9648,-8.9648,0,0,10.740251,382203014
10.718956,84.9023,-7.3828,-7.3828,0,0,10.740251,382203014
10.720956,84.0234,-5.6250,-5.6250,0,0,10.740251,382203014
10.722969,83.3203,-3.8672,-3.8672,0,0,10.740251,382203014
10.724967,82.6172,-2.1094,-2.1094,0,0,10.740251,382203014
10.730196,80.3320,2.9883,2.9883,0,0,10.988002,382452529
10.730706,80.1562,3.3398,3.3398,0,0,10.988002,382452529
10.731043,79.9805,3.6914,3.6914,0,0,10.988002,382452529
10.733028,79.1016,5.6250,5.6250,0,0,10.988002,382452529
10.734997,78.2227,7.5586,7.5586,0,0,10.988002,382452529
10.737011,77.3438,9.4922,9.4922,0,0,10.988002,382452529
10.739031,76.2891,11.6016,11.6016,0,0,10.988002,382452529
10.741030,75.4102,13.7109,13.7109,0,0,10.988002,382452529
10.742986,74.3555,15.6445,15.6445,0,0,10.988002,382452529
10.744992,73.3008,17.7539,17.7539,0,0,10.988002,382452529
10.747012,72.4219,19.8633,19.8633,0,0,10.988002,382452529
10.749017,71.3672,21.7969,21.7969,0,0,10.988002,382452529
10.750975,70.3125,23.9062,23.9062,0,0,10.988002,382452529
10.753010,69.4336,26.0156,26.0156,0,0,10.988002,382452529
10.755012,68.5547,27.9492,27.9492,0,0,10.988002,382452529
10.756990,67.5000,29.8828,29.8828,0,0,10.988002,382452529
10.759011,66.6211,31.8164,31.8164,0,0,10.988002,382452529
10.763889,64.5117,36.5625,36.5625,0,0,10.988002,382452529
10.764196,64.5117,36.7383,36.7383,0,0,10.988002,382452529
10.764972,64.1602,37.4414,37.4414,0,0,10.988002,382452529
10.766962,63.2812,39.3750,39.3750,0,0,10.988002,382452529
10.769030,62.5781,41.1328,41.1328,0,0,10.988002,382452529
10.771018,61.8750,42.8906,42.8906,0,0,10.988002,382452529
10.773001,61.1719,44.6484,44.6484,0,0,10.988002,382452529
10.774992,60.4688,46.2305,46.2305,0,0,10.988002,382452529
10.776972,59.9414,47.8125,47.8125,0,0,10.988002,382452529
10.778962,59.2383,49.3945,49.3945,0,0,10.988002,382452529
10.781029,58.7109,50.9766,50.9766,0,0,10.988002,382452529
10.783017,58.1836,52.5586,52.5586,0,0,10.988002,382452529
10.785001,57.6562,54.1406,54.1406,0,0,10.988002,382452529
10.786992,57.1289,55.5469,55.5469,0,0,10.988002,382452529
10.788972,56.7773,56.9531,56.9531,0,0,10.988002,382452529
10.790962,56.2500,58.3594,58.3594,0,0,10.988002,382452529
10.793029,55.8984,59.7656,59.7656,0,0,10.988002,382452529
10.795017,55.5469,60.9961,60.9961,0,0,10.988002,382452529
10.797001,55.0195,62.2266,62.2266,0,0,10.988002,382452529
10.798992,54.6680,63.4570,63.4570,0,0,10.988002,382452529
10.800972,54.4922,64.6875,64.6875,0,0,10.988002,382452529
10.802962,54.1406,65.9180,65.9180,0,0,10.988002,382452529
10.805029,53.7891,67.1484,67.1484,0,0,10.988002,382452529
10.807017,53.4375,68.2031,68.2031,0,0,10.988002,382452529
10.809001,53.2617,69.2578,69.2578,0,0,10.988002,382452529
10.810979,53.0859,70.3125,70.3125,0,0,10.988002,382452529
10.812984,52.7344,71.3672,71.3672,0,0,10.988002,382452529
10.815004,52.5586,72.4219,72.4219,0,0,10.988002,382452529
10.816984,52.3828,73.3008,73.3008,0,0,10.988002,382452529
10.818975,52.2070,74.1797,74.1797,0,0,10.988002,382452529
10.820956,52.0312,75.2344,75.2344,0,0,10.988002,382452529
10.822965,51.8555,76.1133,76.1133,0,0,10.988002,382452529
10.825030,51.6797,76.9922,76.9922,0,0,10.988002,382452529
10.827021,51.5039,77.6953,77.6953,0,0,10.988002,382452529
10.829003,51.3281,78.3984,78.3984,0,0,10.988002,382452529
10.830992,51.3281,79.2773,79.2773,0,0,10.988002,382452529
10.832971,51.1523,79.9805,79.9805,0,0,10.988002,382452529
10.834962,51.1523,80.6836,80.6836,0,0,10.988002,382452529
10.837000,50.9766,81.3867,81.3867,0,0,10.988002,382452529
10.838992,50.8008,81.9141,81.9141,0,0,10.988002,382452529
10.840972,50.8008,82.6172,82.6172,0,0,10.988002,382452529
10.842962,50.6250,83.1445,83.1445,0,0,10.988002,382452529
10.845030,50.6250,83.8477,83.8477,0,0,10.988002,382452529
10.846956,50.6250,84.3750,84.3750,0,0,10.988002,382452529
10.849022,50.4492,84.7266,84.7266,0,0,10.988002,382452529
10.851011,50.4492,85.2539,85.2539,0,0,10.988002,382452529
10.852992,50.4492,85.7812,85.7812,0,0,10.988002,382452529
10.854980,50.4492,86.1328,86.1328,0,0,10.988002,382452529
10.856962,50.4492,86.6602,86.6602,0,0,10.988002,382452529
10.859039,50.2734,86.8359,86.8359,0,0,10.988002,382452529
10.863413,50.2734,87.5391,87.5391,0,0,10.988002,382452529
10.863677,50.2734,87.7148,87.7148,0,0,10.988002,382452529
10.864992,50.2734,87.8906,87.8906,0,0,10.988002,382452529
10.866992,50.2734,88.0664,88.0664,0,0,10.988002,382452529
10.868992,50.2734,88.2422,88.2422,0,0,10.988002,382452529
10.870992,50.2734,88.5938,88.5938,0,0,10.988002,382452529
10.872992,50.2734,88.7695,88.7695,0,0,10.988002,382452529
10.874992,50.2734,88.9453,88.9453,0,0,10.988002,382452529
10.876992,50.2734,88.9453,88.9453,0,0,10.988002,382452529
10.878992,50.2734,89.1211,89.1211,0,0,10.988002,382452529
10.880992,50.2734,89.1211,89.1211,0,0,10.988002,382452529
10.882992,50.2734,89.2969,89.2969,0,0,10.988002,382452529
10.884992,50.2734,89.2969,89.2969,0,0,10.988002,382452529
10.886992,50.2734,89.2969,89.2969,0,0,10.988002,382452529
10.888992,50.4492,89.1211,89.1211,0,0,10.988002,382452529
10.890992,50.4492,89.1211,89.1211,0,0,10.988002,382452529
10.892992,50.4492,88.9453,88.9453,0,0,10.988002,382452529
10.894992,50.4492,88.9453,88.9453,0,0,10.988002,382452529
10.896992,50.4492,88.7695,88.7695,0,0,10.988002,382452529
10.898992,50.6250,88.5938,88.5938,0,0,10.988002,382452529
10.900992,50.6250,88.2422,88.2422,0,0,10.988002,382452529
10.902992,50.6250,88.0664,88.0664,0,0,10.988002,382452529
10.904992,50.8008,87.8906,87.8906,0,0,10.988002,382452529
10.906992,50.8008,87.5391,87.5391,0,0,10.988002,382452529
10.908992,50.9766,87.1875,87.1875,0,0,10.988002,382452529
10.910992,50.9766,86.8359,86.8359,0,0,10.988002,382452529
10.912992,51.1523,86.4844,86.4844,0,0,10.988002,382452529
10.914992,51.1523,86.1328,86.1328,0,0,10.988002,382452529
10.916992,51.1523,85.7812,85.7812,0,0,10.988002,382452529
10.918992,51.3281,85.2539,85.2539,0,0,10.988002,382452529
10.920992,51.5039,84.7266,84.7266,0,0,10.988002,382452529
10.923000,51.5039,84.3750,84.3750,0,0,10.988002,382452529
10.925000,51.6797,83.6719,83.6719,0,0,10.988002,382452529
10.926996,51.8555,83.1445,83.1445,0,0,10.988002,382452529
10.928992,51.8555,82.6172,82.6172,0,0,10.988002,382452529
10.930992,52.0312,81.9141,81.9141,0,0,10.988002,382452529
10.932992,52.2070,81.2109,81.2109,0,0,10.988002,382452529
10.934992,52.3828,80.6836,80.6836,0,0,10.988002,382452529
10.936992,52.5586,79.9805,79.9805,0,0,10.988002,382452529
10.939029,52.5586,79.1016,79.1016,0,0,10.988002,382452529
10.941035,52.7344,78.3984,78.3984,0,0,10.988002,382452529
10.942984,52.9102,77.6953,77.6953,0,0,10.988002,382452529
10.944984,53.2617,76.8164,76.8164,0,0,10.988002,382452529
10.946984,53.4375,76.1133,76.1133,0,0,10.988002,382452529
10.948984,53.6133,75.2344,75.2344,0,0,10.988002,382452529
10.950984,53.7891,74.1797,74.1797,0,0,10.988002,382452529
10.952984,53.9648,73.3008,73.3008,0,0,10.988002,382452529
10.954984,54.3164,72.4219,72.4219,0,0,10.988002,382452529
10.956984,54.4922,71.3672,71.3672,0,0,10.988002,382452529
10.958984,54.8438,70.3125,70.3125,0,0,10.988002,382452529
10.963392,55.3711,67.8516,67.8516,0,0,10.988002,382452529
10.963749,55.5469,67.8516,67.8516,0,0,10.988002,382452529
10.964985,55.7227,67.1484,67.1484,0,0,10.988002,382452529
10.966957,56.0742,65.9180,65.9180,0,0,10.988002,382452529
10.968968,56.4258,64.8633,64.8633,0,0,10.988002,382452529
10.970959,56.7773,63.6328,63.6328,0,0,10.988002,382452529
10.973026,57.1289,62.4023,62.4023,0,0,10.988002,382452529
10.975003,57.4805,61.1719,61.1719,0,0,10.988002,382452529
10.979734,58.5352,57.8320,57.8320,0,0,11.252590,382718830
10.980244,58.7109,57.6562,57.6562,0,0,11.252590,382718830
10.980968,58.8867,57.1289,57.1289,0,0,11.252590,382718830
10.983041,59.4141,55.7227,55.7227,0,0,11.252590,382718830
10.985015,59.9414,54.3164,54.3164,0,0,11.252590,382718830
10.987030,60.4688,52.7344,52.7344,0,0,11.252590,382718830
10.988965,60.9961,51.3281,51.3281,0,0,11.252590,382718830
10.991017,61.6992,49.7461,49.7461,0,0,11.252590,382718830
10.993048,62.2266,48.1641,48.1641,0,0,11.252590,382718830
10.994971,62.7539,46.5820,46.5820,0,0,11.252590,382718830
10.997035,63.4570,45.0000,45.0000,0,0,11.252590,382718830
10.999006,64.1602,43.2422,43.2422,0,0,11.252590,382718830
11.001027,65.0391,41.4844,41.4844,0,0,11.252590,382718830
11.003033,65.7422,39.7266,39.7266,0,0,11.252590,382718830
11.005030,66.6211,37.9688,37.9688,0,0,11.252590,382718830
11.006983,67.3242,36.2109,36.2109,0,0,11.252590,382718830
11.009034,68.2031,34.4531,34.4531,0,0,11.252590,382718830
11.011030,69.0820,32.5195,32.5195,0,0,11.252590,382718830
11.013029,69.9609,30.5859,30.5859,0,0,11.252590,382718830
11.015028,70.8398,28.8281,28.8281,0,0,11.252590,382718830
11.017026,71.7188,26.8945,26.8945,0,0,11.252590,382718830
11.019023,72.7734,24.7852,24.7852,0,0,11.252590,382718830
11.021022,73.6523,22.8516,22.8516,0,0,11.252590,382718830
11.023039,74.7070,20.9180,20.9180,0,0,11.252590,382718830
11.025039,75.5859,18.9844,18.9844,0,0,11.252590,382718830
11.027039,76.6406,16.8750,16.8750,0,0,11.252590,382718830
11.029039,77.5195,14.9414,14.9414,0,0,11.252590,382718830
11.031039,78.5742,13.0078,13.0078,0,0,11.252590,382718830
11.033039,79.4531,11.0742,11.0742,0,0,11.252590,382718830
11.035039,80.3320,9.1406,9.1406,0,0,11.252590,382718830
11.037039,81.2109,7.2070,7.2070,0,0,11.252590,382718830
11.039039,82.0898,5.2734,5.2734,0,0,11.252590,382718830
11.041039,82.9688,3.5156,3.5156,0,0,11.252590,382718830
11.043036,83.6719,1.7578,1.7578,0,0,11.252590,382718830
11.045032,84.5508,0.0000,0.0000,0,0,11.252590,382718830
11.047043,85.2539,-1.7578,-1.7578,0,0,11.252590,382718830
11.049029,85.9570,-3.5156,-3.5156,0,0,11.252590,382718830
11.051028,86.6602,-5.0977,-5.0977,0,0,11.252590,382718830
11.053026,87.3633,-6.6797,-6.6797,0,0,11.252590,382718830
11.055023,88.0664,-8.2617,-8.2617,0,0,11.252590,382718830
11.057022,88.5938,-9.8438,-9.8438,0,0,11.252590,382718830
11.059018,89.2969,-11.4258,-11.4258,0,0,11.252590,382718830
11.064128,90.5273,-15.1172,-15.1172,0,0,11.252590,382718830
11.064459,90.7031,-15.2930,-15.2930,0,0,11.252590,382718830
11.064976,90.8789,-15.6445,-15.6445,0,0,11.252590,382718830
11.066967,91.2305,-17.0508,-17.0508,0,0,11.252590,382718830
11.069033,91.7578,-18.4570,-18.4570,0,0,11.252590,382718830
11.071021,92.1094,-19.6875,-19.6875,0,0,11.252590,382718830
11.073003,92.6367,-20.9180,-20.9180,0,0,11.252590,382718830
11.074992,92.9883,-22.1484,-22.1484,0,0,11.252590,382718830
11.076971,93.3398,-23.3789,-23.3789,0,0,11.252590,382718830
11.078962,93.6914,-24.6094,-24.6094,0,0,11.252590,382718830
11.081030,94.0430,-25.6641,-25.6641,0,0,11.252590,382718830
11.083019,94.2188,-26.8945,-26.8945,0,0,11.252590,382718830
11.085000,94.5703,-27.9492,-27.9492,0,0,11.252590,382718830
11.086992,94.9219,-29.0039,-29.0039,0,0,11.252590,382718830
11.088972,95.0977,-29.8828,-29.8828,0,0,11.252590,382718830
11.090962,95.4492,-30.9375,-30.9375,0,0,11.252590,382718830
11.093029,95.6250,-31.9922,-31.9922,0,0,11.252590,382718830
11.095017,95.8008,-32.8711,-32.8711,0,0,11.252590,382718830
11.097001,96.1523,-33.7500,-33.7500,0,0,11.252590,382718830
11.098992,96.1523,-34.4531,-34.4531,0,0,11.252590,382718830
11.100972,96.3281,-35.3320,-35.3320,0,0,11.252590,382718830
11.102962,96.6797,-36.2109,-36.2109,0,0,11.252590,382718830
11.105029,96.8555,-36.9141,-36.9141,0,0,11.252590,382718830
11.107017,96.8555,-37.7930,-37.7930,0,0,11.252590,382718830
11.109001,97.0312,-38.4961,-38.4961,0,0,11.252590,382718830
11.110992,97.2070,-39.0234,-39.0234,0,0,11.252590,382718830
11.112972,97.2070,-39.7266,-39.7266,0,0,11.252590,382718830
11.114962,97.3828,-40.4297,-40.4297,0,0,11.252590,382718830
11.117029,97.5586,-40.9570,-40.9570,0,0,11.252590,382718830
11.119017,97.5586,-41.4844,-41.4844,0,0,11.252590,382718830
11.121001,97.7344,-42.0117,-42.0117,0,0,11.252590,382718830
11.123000,97.7344,-42.5391,-42.5391,0,0,11.252590,382718830
11.124984,97.9102,-43.0664,-43.0664,0,0,11.252590,382718830
11.126972,97.9102,-43.5938,-43.5938,0,0,11.252590,382718830
11.128956,97.9102,-43.9453,-43.9453,0,0,11.252590,382718830
11.131030,98.0859,-44.2969,-44.2969,0,0,11.252590,382718830
11.133011,98.0859,-44.8242,-44.8242,0,0,11.252590,382718830
11.135000,98.0859,-45.0000,-45.0000,0,0,11.252590,382718830
11.136984,98.0859,-45.3516,-45.3516,0,0,11.252590,382718830
11.138971,98.2617,-45.7031,-45.7031,0,0,11.252590,382718830
11.141039,98.2617,-46.0547,-46.0547,0,0,11.252590,382718830
11.143030,98.2617,-46.2305,-46.2305,0,0,11.252590,382718830
11.144971,98.2617,-46.4062,-46.4062,0,0,11.252590,382718830
11.146963,98.2617,-46.5820,-46.5820,0,0,11.252590,382718830
11.149030,98.2617,-46.7578,-46.7578,0,0,11.252590,382718830
11.151039,98.2617,-46.9336,-46.9336,0,0,11.252590,382718830
11.153022,98.2617,-46.9336,-46.9336,0,0,11.252590,382718830
11.155011,98.2617,-47.1094,-47.1094,0,0,11.252590,382718830
11.156992,98.2617,-47.1094,-47.1094,0,0,11.252590,382718830
11.158980,98.2617,-47.1094,-47.1094,0,0,11.252590,382718830
11.163362,98.2617,-47.1094,-47.1094,0,0,11.252590,382718830
11.163632,98.2617,-47.1094,-47.1094,0,0,11.252590,382718830
11.165027,98.2617,-47.1094,-47.1094,0,0,11.252590,382718830
11.167024,98.0859,-46.9336,-46.9336,0,0,11.252590,382718830
11.169021,98.0859,-46.7578,-46.7578,0,0,11.252590,382718830
11.171017,98.0859,-46.7578,-46.7578,0,0,11.252590,382718830
11.173015,97.9102,-46.5820,-46.5820,0,0,11.252590,382718830
11.175015,97.9102,-46.2305,-46.2305,0,0,11.252590,382718830
11.177015,97.9102,-46.0547,-46.0547,0,0,11.252590,382718830
11.179015,97.7344,-45.8789,-45.8789,0,0,11.252590,382718830
11.181015,97.7344,-45.5273,-45.5273,0,0,11.252590,382718830
11.183015,97.7344,-45.3516,-45.3516,0,0,11.252590,382718830
11.185015,97.5586,-44.8242,-44.8242,0,0,11.252590,382718830
11.187015,97.5586,-44.6484,-44.6484,0,0,11.252590,382718830
11.189015,97.3828,-44.1211,-44.1211,0,0,11.252590,382718830
11.191015,97.3828,-43.7695,-43.7695,0,0,11.252590,382718830
11.193015,97.2070,-43.2422,-43.2422,0,0,11.252590,382718830
11.195015,97.0312,-42.8906,-42.8906,0,0,11.252590,382718830
11.197015,97.0312,-42.3633,-42.3633,0,0,11.252590,382718830
11.199015,96.8555,-41.8359,-41.8359,0,0,11.252590,382718830
11.201015,96.8555,-41.3086,-41.3086,0,0,11.252590,382718830
11.203015,96.6797,-40.6055,-40.6055,0,0,11.252590,382718830
11.205015,96.5039,-40.0781,-40.0781,0,0,11.252590,382718830
11.207015,96.3281,-39.3750,-39.3750,0,0,11.252590,382718830
11.209015,96.1523,-38.6719,-38.6719,0,0,11.252590,382718830
11.211015,95.9766,-37.9688,-37.9688,0,0,11.252590,382718830
11.213004,95.8008,-37.2656,-37.2656,0,0,11.252590,382718830
11.214999,95.6250,-36.5625,-36.5625,0,0,11.252590,382718830
11.217018,95.4492,-35.8594,-35.8594,0,0,11.252590,382718830
11.218973,95.2734,-34.9805,-34.9805,0,0,11.252590,382718830
11.221196,94.9219,-34.1016,-34.1016,0,0,11.252590,382718830
11.222971,94.7461,-33.3984,-33.3984,0,0,11.252590,382718830
11.224968,94.5703,-32.3438,-32.3438,0,0,11.252590,382718830
11.226965,94.2188,-31.4648,-31.4648,0,0,11.252590,382718830
11.228962,94.0430,-30.5859,-30.5859,0,0,11.252590,382718830
11.230959,93.6914,-29.5312,-29.5312,0,0,11.252590,382718830
11.232956,93.5156,-28.4766,-28.4766,0,0,11.252590,382718830
11.234956,93.1641,-27.4219,-27.4219,0,0,11.252590,382718830
11.237039,92.8125,-26.3672,-26.3672,0,0,11.252590,382718830
11.239039,92.4609,-25.3125,-25.3125,0,0,11.252590,382718830
11.240963,92.1094,-24.2578,-24.2578,0,0,11.252590,382718830
11.246439,91.0547,-20.9180,-20.9180,0,0,11.497517,382965389
11.246888,91.0547,-20.7422,-20.7422,0,0,11.497517,382965389
11.247135,90.8789,-20.3906,-20.3906,0,0,11.497517,382965389
11.249225,90.5273,-19.1602,-19.1602,0,0,11.497517,382965389
11.250985,90.0000,-18.1055,-18.1055,0,0,11.497517,382965389
11.252984,89.6484,-16.6992,-16.6992,0,0,11.497517,382965389
11.255011,89.1211,-15.2930,-15.2930,0,0,11.497517,382965389
11.257010,88.5938,-13.8867,-13.8867,0,0,11.497517,382965389
11.258981,88.0664,-12.4805,-12.4805,0,0,11.497517,382965389
11.264946,86.3086,-8.0859,-8.0859,0,0,11.497517,382965389
11.265298,86.3086,-7.7344,-7.7344,0,0,11.497517,382965389
11.265483,86.1328,-7.7344,-7.7344,0,0,11.497517,382965389
11.267032,85.6055,-6.5039,-6.5039,0,0,11.497517,382965389
11.268959,85.0781,-4.9219,-4.9219,0,0,11.497517,382965389
11.271029,84.3750,-3.3398,-3.3398,0,0,11.497517,382965389
11.273033,83.4961,-1.5820,-1.5820,0,0,11.497517,382965389
11.275022,82.7930,0.0000,0.0000,0,0,11.497517,382965389
11.277003,82.0898,1.7578,1.7578,0,0,11.497517,382965389
11.278992,81.3867,3.5156,3.5156,0,0,11.497517,382965389
11.280971,80.5078,5.2734,5.2734,0,0,11.497517,382965389
11.282962,79.6289,7.0312,7.0312,0,0,11.497517,382965389
11.285030,78.7500,8.9648,8.9648,0,0,11.497517,382965389
11.287018,77.8711,10.8984,10.8984,0,0,11.497517,382965389
11.289000,76.9922,12.6562,12.6562,0,0,11.497517,382965389
11.290992,76.1133,14.5898,14.5898,0,0,11.497517,382965389
11.292972,75.2344,16.3477,16.3477,0,0,11.497517,382965389
11.294962,74.3555,18.2812,18.2812,0,0,11.497517,382965389
11.297030,73.3008,20.2148,20.2148,0,0,11.497517,382965389
11.299018,72.4219,22.1484,22.1484,0,0,11.497517,382965389
11.301001,71.5430,24.0820,24.0820,0,0,11.497517,382965389
11.302992,70.6641,25.8398,25.8398,0,0,11.497517,382965389
11.304972,69.7852,27.7734,27.7734,0,0,11.497517,382965389
11.306962,68.9062,29.5312,29.5312,0,0,11.497517,382965389
11.309030,68.0273,31.2891,31.2891,0,0,11.497517,382965389
11.311018,67.3242,33.0469,33.0469,0,0,11.497517,382965389
11.313001,66.4453,34.8047,34.8047,0,0,11.497517,382965389
11.314992,65.7422,36.5625,36.5625,0,0,11.497517,382965389
11.316972,65.0391,38.1445,38.1445,0,0,11.497517,382965389
11.318962,64.3359,39.9023,39.9023,0,0,11.497517,382965389
11.321030,63.6328,41.4844,41.4844,0,0,11.497517,382965389
11.323039,62.9297,43.0664,43.0664,0,0,11.497517,382965389
11.325022,62.4023,44.6484,44.6484,0,0,11.497517,382965389
11.327011,61.6992,46.2305,46.2305,0,0,11.497517,382965389
11.328992,61.1719,47.6367,47.6367,0,0,11.497517,382965389
11.330980,60.6445,49.0430,49.0430,0,0,11.497517,382965389
11.332962,60.1172,50.4492,50.4492,0,0,11.497517,382965389
11.335039,59.5898,52.0312,52.0312,0,0,11.497517,382965389
11.337021,59.0625,53.2617,53.2617,0,0,11.497517,382965389
11.339010,58.7109,54.4922,54.4922,0,0,11.497517,382965389
11.340992,58.1836,55.8984,55.8984,0,0,11.497517,382965389
11.342980,57.8320,57.1289,57.1289,0,0,11.497517,382965389
11.344962,57.4805,58.3594,58.3594,0,0,11.497517,382965389
11.347039,57.1289,59.4141,59.4141,0,0,11.497517,382965389
11.348971,56.7773,60.6445,60.6445,0,0,11.497517,382965389
11.350963,56.4258,61.6992,61.6992,0,0,11.497517,382965389
11.353030,56.0742,62.7539,62.7539,0,0,11.497517,382965389
11.355019,55.8984,63.9844,63.9844,0,0,11.497517,382965389
11.357017,55.5469,64.8633,64.8633,0,0,11.497517,382965389
11.359007,55.3711,65.9180,65.9180,0,0,11.497517,382965389
11.363377,54.8438,67.8516,67.8516,0,0,11.497517,382965389
11.363641,54.8438,68.0273,68.0273,0,0,11.497517,382965389
11.365039,54.6680,68.7305,68.7305,0,0,11.497517,382965389
11.367039,54.4922,69.6094,69.6094,0,0,11.497517,382965389
11.369039,54.1406,70.4883,70.4883,0,0,11.497517,382965389
11.371034,53.9648,71.1914,71.1914,0,0,11.497517,382965389
11.373030,53.9648,72.0703,72.0703,0,0,11.497517,382965389
11.375029,53.7891,72.7734,72.7734,0,0,11.497517,382965389
11.377028,53.6133,73.4766,73.4766,0,0,11.497517,382965389
11.379026,53.4375,74.1797,74.1797,0,0,11.497517,382965389
11.381023,53.2617,74.8828,74.8828,0,0,11.497517,382965389
11.383022,53.2617,75.5859,75.5859,0,0,11.497517,382965389
11.385018,53.0859,76.1133,76.1133,0,0,11.497517,382965389
11.387018,52.9102,76.8164,76.8164,0,0,11.497517,382965389
11.389015,52.9102,77.3438,77.3438,0,0,11.497517,382965389
11.391015,52.7344,77.8711,77.8711,0,0,11.497517,382965389
11.393015,52.7344,78.3984,78.3984,0,0,11.497517,382965389
11.395015,52.7344,78.9258,78.9258,0,0,11.497517,382965389
11.397015,52.5586,79.2773,79.2773,0,0,11.497517,382965389
11.399015,52.5586,79.6289,79.6289,0,0,11.497517,382965389
11.401015,52.5586,80.1562,80.1562,0,0,11.497517,382965389
11.403015,52.5586,80.5078,80.5078,0,0,11.497517,382965389
11.405015,52.3828,80.8594,80.8594,0,0,11.497517,382965389
11.407015,52.3828,81.2109,81.2109,0,0,11.497517,382965389
11.409015,52.3828,81.3867,81.3867,0,0,11.497517,382965389
11.411015,52.3828,81.7383,81.7383,0,0,11.497517,382965389
11.413015,52.3828,81.9141,81.9141,0,0,11.497517,382965389
11.415015,52.3828,82.0898,82.0898,0,0,11.497517,382965389
11.417015,52.2070,82.2656,82.2656,0,0,11.497517,382965389
11.419015,52.2070,82.4414,82.4414,0,0,11.497517,382965389
11.421015,52.2070,82.6172,82.6172,0,0,11.497517,382965389
11.423027,52.2070,82.6172,82.6172,0,0,11.497517,382965389
11.425022,52.2070,82.6172,82.6172,0,0,11.497517,382965389
11.427022,52.2070,82.7930,82.7930,0,0,11.497517,382965389
11.429019,52.3828,82.7930,82.7930,0,0,11.497517,382965389
11.431017,52.3828,82.7930,82.7930,0,0,11.497517,382965389
11.433015,52.3828,82.7930,82.7930,0,0,11.497517,382965389
11.435015,52.3828,82.6172,82.6172,0,0,11.497517,382965389
11.437015,52.5586,82.6172,82.6172,0,0,11.497517,382965389
11.439015,52.5586,82.4414,82.4414,0,0,11.497517,382965389
11.441015,52.5586,82.4414,82.4414,0,0,11.497517,382965389
11.443015,52.5586,82.2656,82.2656,0,0,11.497517,382965389
11.445015,52.7344,81.9141,81.9141,0,0,11.497517,382965389
11.447015,52.7344,81.7383,81.7383,0,0,11.497517,382965389
11.449015,52.7344,81.5625,81.5625,0,0,11.497517,382965389
11.451022,52.9102,81.2109,81.2109,0,0,11.497517,382965389
11.453003,52.9102,81.0352,81.0352,0,0,11.497517,382965389
11.455000,53.0859,80.6836,80.6836,0,0,11.497517,382965389
11.457000,53.0859,80.3320,80.3320,0,0,11.497517,382965389
11.459011,53.2617,79.8047,79.8047,0,0,11.497517,382965389
11.463404,53.4375,78.9258,78.9258,0,0,11.497517,382965389
11.463658,53.4375,78.9258,78.9258,0,0,11.497517,382965389
11.464959,53.6133,78.5742,78.5742,0,0,11.497517,382965389
11.467032,53.6133,78.0469,78.0469,0,0,11.497517,382965389
11.469015,53.7891,77.5195,77.5195,0,0,11.497517,382965389
11.471003,53.9648,76.9922,76.9922,0,0,11.497517,382965389
11.472984,54.1406,76.4648,76.4648,0,0,11.497517,382965389
11.474982,54.3164,75.9375,75.9375,0,0,11.497517,382965389
11.477024,54.4922,75.2344,75.2344,0,0,11.497517,382965389
11.478987,54.6680,74.5312,74.5312,0,0,11.497517,382965389
11.480992,54.6680,73.8281,73.8281,0,0,11.497517,382965389
11.483003,55.0195,73.1250,73.1250,0,0,11.497517,382965389
11.484984,55.1953,72.4219,72.4219,0,0,11.497517,382965389
11.486989,55.3711,71.7188,71.7188,0,0,11.497517,382965389
11.489156,55.5469,70.6641,70.6641,0,0,11.497517,382965389
11.492655,56.0742,69.2578,69.2578,0,0,11.747918,383210433
11.493100,56.0742,69.0820,69.0820,0,0,11.747918,383210433
11.495000,56.2500,68.2031,68.2031,0,0,11.747918,383210433
11.496959,56.6016,67.3242,67.3242,0,0,11.747918,383210433
11.498986,56.7773,66.4453,66.4453,0,0,11.747918,383210433
11.500964,57.1289,65.5664,65.5664,0,0,11.747918,383210433
11.503036,57.4805,64.5117,64.5117,0,0,11.747918,383210433
11.504959,57.6562,63.4570,63.4570,0,0,11.747918,383210433
11.507355,58.1836,62.2266,62.2266,0,0,11.747918,383210433
11.508978,58.3594,61.3477,61.3477,0,0,11.747918,383210433
11.511015,58.8867,60.1172,60.1172,0,0,11.747918,383210433
11.513016,59.2383,59.0625,59.0625,0,0,11.747918,383210433
11.514967,59.5898,57.8320,57.8320,0,0,11.747918,383210433
11.516995,59.9414,56.6016,56.6016,0,0,11.747918,383210433
11.518971,60.4688,55.3711,55.3711,0,0,11.747918,383210433
11.520967,60.8203,54.1406,54.1406,0,0,11.747918,383210433
11.522979,61.3477,52.9102,52.9102,0,0,11.747918,383210433
11.524975,61.8750,51.5039,51.5039,0,0,11.747918,383210433
11.526971,62.4023,50.0977,50.0977,0,0,11.747918,383210433
11.528968,62.9297,48.6914,48.6914,0,0,11.747918,383210433
11.530967,63.4570,47.2852,47.2852,0,0,11.747918,383210433
11.532963,64.1602,45.8789,45.8789,0,0,11.747918,383210433
11.534962,64.6875,44.4727,44.4727,0,0,11.747918,383210433
11.536959,65.3906,42.8906,42.8906,0,0,11.747918,383210433
11.538956,66.0938,41.3086,41.3086,0,0,11.747918,383210433
11.540956,66.6211,39.7266,39.7266,0,0,11.747918,383210433
11.543038,67.5000,37.9688,37.9688,0,0,11.747918,383210433
11.545034,68.2031,36.3867,36.3867,0,0,11.747918,383210433
11.547030,68.9062,34.6289,34.6289,0,0,11.747918,383210433
11.549029,69.7852,33.0469,33.0469,0,0,11.747918,383210433
11.551028,70.4883,31.2891,31.2891,0,0,11.747918,383210433
11.553026,71.3672,29.5312,29.5312,0,0,11.747918,383210433
11.555039,72.2461,27.7734,27.7734,0,0,11.747918,383210433
11.556975,73.1250,26.0156,26.0156,0,0,11.747918,383210433
11.558971,74.0039,24.2578,24.2578,0,0,11.747918,383210433
11.563857,76.1133,19.8633,19.8633,0,0,11.747918,383210433
11.564176,76.2891,19.5117,19.5117,0,0,11.747918,383210433
11.564958,76.6406,18.8086,18.8086,0,0,11.747918,383210433
11.567031,77.5195,16.8750,16.8750,0,0,11.747918,383210433
11.569015,78.3984,15.1172,15.1172,0,0,11.747918,383210433
11.571003,79.2773,13.3594,13.3594,0,0,11.747918,383210433
11.572984,80.1562,11.6016,11.6016,0,0,11.747918,383210433
11.574972,81.0352,9.8438,9.8438,0,0,11.747918,383210433
11.576956,81.7383,8.0859,8.0859,0,0,11.747918,383210433
11.579030,82.6172,6.3281,6.3281,0,0,11.747918,383210433
11.581011,83.4961,4.5703,4.5703,0,0,11.747918,383210433
11.583000,84.1992,2.9883,2.9883,0,0,11.747918,383210433
11.584984,84.9023,1.4062,1.4062,0,0,11.747918,383210433
11.586971,85.6055,-0.1758,-0.1758,0,0,11.747918,383210433
11.589039,86.3086,-1.9336,-1.9336,0,0,11.747918,383210433
11.591030,87.0117,-3.3398,-3.3398,0,0,11.747918,383210433
11.593011,87.5391,-4.9219,-4.9219,0,0,11.747918,383210433
11.595000,88.2422,-6.3281,-6.3281,0,0,11.747918,383210433
11.596984,88.7695,-7.7344,-7.7344,0,0,11.747918,383210433
11.598971,89.2969,-9.1406,-9.1406,0,0,11.747918,383210433
11.601039,89.8242,-10.5469,-10.5469,0,0,11.747918,383210433
11.603030,90.3516,-11.9531,-11.9531,0,0,11.747918,383210433
11.605011,90.8789,-13.1836,-13.1836,0,0,11.747918,383210433
11.607000,91.2305,-14.4141,-14.4141,0,0,11.747918,383210433
11.608984,91.7578,-15.6445,-15.6445,0,0,11.747918,383210433
11.610971,92.1094,-16.8750,-16.8750,0,0,11.747918,383210433
11.613039,92.6367,-18.1055,-18.1055,0,0,11.747918,383210433
11.615030,92.9883,-19.1602,-19.1602,0,0,11.747918,383210433
11.617011,93.3398,-20.2148,-20.2148,0,0,11.747918,383210433
11.619000,93.6914,-21.4453,-21.4453,0,0,11.747918,383210433
11.620984,94.0430,-22.5000,-22.5000,0,0,11.747918,383210433
11.622985,94.2188,-23.5547,-23.5547,0,0,11.747918,383210433
11.624968,94.5703,-24.4336,-24.4336,0,0,11.747918,383210433
11.626956,94.7461,-25.3125,-25.3125,0,0,11.747918,383210433
11.629022,95.0977,-26.3672,-26.3672,0,0,11.747918,383210433
11.631011,95.2734,-27.2461,-27.2461,0,0,11.747918,383210433
11.632991,95.4492,-28.1250,-28.1250,0,0,11.747918,383210433
11.634980,95.8008,-28.8281,-28.8281,0,0,11.747918,383210433
11.636962,95.9766,-29.7070,-29.7070,0,0,11.747918,383210433
11.639039,96.1523,-30.5859,-30.5859,0,0,11.747918,383210433
11.641021,96.3281,-31.2891,-31.2891,0,0,11.747918,383210433
11.643010,96.5039,-31.9922,-31.9922,0,0,11.747918,383210433
11.644992,96.6797,-32.6953,-32.6953,0,0,11.747918,383210433
11.646980,96.8555,-33.2227,-33.2227,0,0,11.747918,383210433
11.648962,97.0312,-33.9258,-33.9258,0,0,11.747918,383210433
11.651039,97.0312,-34.4531,-34.4531,0,0,11.747918,383210433
11.653021,97.2070,-35.1562,-35.1562,0,0,11.747918,383210433
11.655010,97.3828,-35.6836,-35.6836,0,0,11.747918,383210433
11.657037,97.3828,-36.2109,-36.2109,0,0,11.747918,383210433
11.659028,97.5586,-36.7383,-36.7383,0,0,11.747918,383210433
11.663429,97.7344,-37.6172,-37.6172,0,0,11.747918,383210433
11.663691,97.7344,-37.7930,-37.7930,0,0,11.747918,383210433
11.665009,97.7344,-37.9688,-37.9688,0,0,11.747918,383210433
11.667007,97.7344,-38.3203,-38.3203,0,0,11.747918,383210433
11.669003,97.9102,-38.6719,-38.6719,0,0,11.747918,383210433
11.671003,97.9102,-39.0234,-39.0234,0,0,11.747918,383210433
11.673000,97.9102,-39.3750,-39.3750,0,0,11.747918,383210433
11.675000,98.0859,-39.5508,-39.5508,0,0,11.747918,383210433
11.677000,98.0859,-39.9023,-39.9023,0,0,11.747918,383210433
11.678996,98.0859,-40.0781,-40.0781,0,0,11.747918,383210433
11.680992,98.0859,-40.2539,-40.2539,0,0,11.747918,383210433
11.682990,98.0859,-40.4297,-40.4297,0,0,11.747918,383210433
11.684987,98.0859,-40.6055,-40.6055,0,0,11.747918,383210433
11.686984,98.0859,-40.6055,-40.6055,0,0,11.747918,383210433
11.688984,98.0859,-40.7812,-40.7812,0,0,11.747918,383210433
11.690984,98.0859,-40.7812,-40.7812,0,0,11.747918,383210433
11.692984,98.0859,-40.7812,-40.7812,0,0,11.747918,383210433
11.694984,98.0859,-40.7812,-40.7812,0,0,11.747918,383210433
11.696984,98.0859,-40.7812,-40.7812,0,0,11.747918,383210433
11.698984,98.0859,-40.7812,-40.7812,0,0,11.747918,383210433
11.700984,97.9102,-40.7812,-40.7812,0,0,11.747918,383210433
11.702984,97.9102,-40.6055,-40.6055,0,0,11.747918,383210433
11.704984,97.9102,-40.4297,-40.4297,0,0,11.747918,383210433
11.706984,97.9102,-40.4297,-40.4297,0,0,11.747918,383210433
11.708984,97.7344,-40.0781,-40.0781,0,0,11.747918,383210433
11.710984,97.7344,-39.9023,-39.9023,0,0,11.747918,383210433
11.712984,97.5586,-39.7266,-39.7266,0,0,11.747918,383210433
11.714984,97.5586,-39.3750,-39.3750,0,0,11.747918,383210433
11.716984,97.5586,-39.1992,-39.1992,0,0,11.747918,383210433
11.718984,97.3828,-38.8477,-38.8477,0,0,11.747918,383210433
11.721010,97.3828,-38.4961,-38.4961,0,0,11.747918,383210433
11.723027,97.2070,-38.1445,-38.1445,0,0,11.747918,383210433
11.724975,97.0312,-37.7930,-37.7930,0,0,11.747918,383210433
11.727011,97.0312,-37.2656,-37.2656,0,0,11.747918,383210433
11.729007,96.8555,-36.9141,-36.9141,0,0,11.747918,383210433
11.731003,96.6797,-36.3867,-36.3867,0,0,11.747918,383210433
11.733009,96.6797,-35.8594,-35.8594,0,0,11.747918,383210433
11.737553,96.1523,-34.4531,-34.4531,0,0,11.982519,383453210
11.738133,96.1523,-34.4531,-34.4531,0,0,11.982519,383453210
11.739037,96.1523,-34.1016,-34.1016,0,0,11.982519,383453210
11.741172,95.9766,-33.3984,-33.3984,0,0,11.982519,383453210
11.743036,95.8008,-32.8711,-32.8711,0,0,11.982519,383453210
11.745031,95.6250,-32.1680,-32.1680,0,0,11.982519,383453210
11.747030,95.4492,-31.4648,-31.4648,0,0,11.982519,383453210
11.749035,95.0977,-30.7617,-30.7617,0,0,11.982519,383453210
11.751000,94.9219,-30.0586,-30.0586,0,0,11.982519,383453210
11.752996,94.7461,-29.1797,-29.1797,0,0,11.982519,383453210
11.754961,94.3945,-28.4766,-28.4766,0,0,11.982519,383453210
11.756976,94.2188,-27.5977,-27.5977,0,0,11.982519,383453210
11.758985,94.0430,-26.7188,-26.7188,0,0,11.982519,383453210
11.763986,93.3398,-24.4336,-24.4336,0,0,11.982519,383453210
11.764386,93.1641,-24.2578,-24.2578,0,0,11.982519,383453210
11.765037,93.1641,-23.9062,-23.9062,0,0,11.982519,383453210
11.767028,92.8125,-23.0273,-23.0273,0,0,11.982519,383453210
11.768986,92.4609,-21.9727,-21.9727,0,0,11.982519,383453210
11.771018,92.1094,-20.9180,-20.9180,0,0,11.982519,383453210
11.773000,91.7578,-19.8633,-19.8633,0,0,11.982519,383453210
11.774992,91.4062,-18.6328,-18.6328,0,0,11.982519,383453210
11.776975,90.8789,-17.5781,-17.5781,0,0,11.982519,383453210
11.778963,90.5273,-16.5234,-16.5234,0,0,11.982519,383453210
11.781030,90.0000,-15.2930,-15.2930,0,0,11.982519,383453210
11.783018,89.6484,-14.0625,-14.0625,0,0,11.982519,383453210
11.785001,89.1211,-12.6562,-12.6562,0,0,11.982519,383453210
11.786992,88.5938,-11.4258,-11.4258,0,0,11.982519,383453210
11.788972,88.0664,-10.1953,-10.1953,0,0,11.982519,383453210
11.790962,87.5391,-8.7891,-8.7891,0,0,11.982519,383453210
11.793029,87.0117,-7.3828,-7.3828,0,0,11.982519,383453210
11.795017,86.4844,-5.9766,-5.9766,0,0,11.982519,383453210
11.797001,85.7812,-4.5703,-4.5703,0,0,11.982519,383453210
11.798992,85.2539,-3.1641,-3.1641,0,0,11.982519,383453210
11.800972,84.5508,-1.5820,-1.5820,0,0,11.982519,383453210
11.802962,83.8477,0.0000,0.0000,0,0,11.982519,383453210
11.805029,83.1445,1.5820,1.5820,0,0,11.982519,383453210
11.807017,82.4414,3.1641,3.1641,0,0,11.982519,383453210
11.809001,81.7383,4.7461,4.7461,0,0,11.982519,383453210
11.810992,80.8594,6.3281,6.3281,0,0,11.982519,383453210
11.812972,80.1562,7.9102,7.9102,0,0,11.982519,383453210
11.814962,79.4531,9.6680,9.6680,0,0,11.982519,383453210
11.817029,78.5742,11.4258,11.4258,0,0,11.982519,383453210
11.819017,77.6953,13.0078,13.0078,0,0,11.982519,383453210
11.821001,76.8164,14.7656,14.7656,0,0,11.982519,383453210
11.823001,76.1133,16.5234,16.5234,0,0,11.982519,383453210
11.824984,75.2344,18.2812,18.2812,0,0,11.982519,383453210
11.826972,74.3555,20.0391,20.0391,0,0,11.982519,383453210
11.828956,73.6523,21.7969,21.7969,0,0,11.982519,383453210
11.831030,72.7734,23.5547,23.5547,0,0,11.982519,383453210
11.833011,71.8945,25.1367,25.1367,0,0,11.982519,383453210
11.835000,71.0156,26.8945,26.8945,0,0,11.982519,383453210
11.836984,70.3125,28.4766,28.4766,0,0,11.982519,383453210
11.838971,69.6094,30.2344,30.2344,0,0,11.982519,383453210
11.841039,68.7305,31.8164,31.8164,0,0,11.982519,383453210
11.843030,68.0273,33.3984,33.3984,0,0,11.982519,383453210
11.845011,67.3242,34.9805,34.9805,0,0,11.982519,383453210
11.847000,66.6211,36.5625,36.5625,0,0,11.982519,383453210
11.848984,65.9180,38.1445,38.1445,0,0,11.982519,383453210
11.850971,65.3906,39.5508,39.5508,0,0,11.982519,383453210
11.853039,64.6875,41.1328,41.1328,0,0,11.982519,383453210
11.855030,64.1602,42.5391,42.5391,0,0,11.982519,383453210
11.857011,63.4570,43.9453,43.9453,0,0,11.982519,383453210
11.859000,62.9297,45.3516,45.3516,0,0,11.982519,383453210
11.863393,61.8750,48.1641,48.1641,0,0,11.982519,383453210
11.863666,61.8750,48.3398,48.3398,0,0,11.982519,383453210
11.864971,61.5234,49.2188,49.2188,0,0,11.982519,383453210
11.866992,60.9961,50.4492,50.4492,0,0,11.982519,383453210
11.868992,60.6445,51.6797,51.6797,0,0,11.982519,383453210
11.870992,60.1172,52.9102,52.9102,0,0,11.982519,383453210
11.872992,59.7656,53.9648,53.9648,0,0,11.982519,383453210
11.874992,59.4141,55.1953,55.1953,0,0,11.982519,383453210
11.876992,59.0625,56.2500,56.2500,0,0,11.982519,383453210
11.878992,58.7109,57.3047,57.3047,0,0,11.982519,383453210
11.880992,58.3594,58.3594,58.3594,0,0,11.982519,383453210
11.882992,58.1836,59.2383,59.2383,0,0,11.982519,383453210
11.884992,57.8320,60.2930,60.2930,0,0,11.982519,383453210
11.886992,57.4805,61.1719,61.1719,0,0,11.982519,383453210
11.888992,57.3047,62.0508,62.0508,0,0,11.982519,383453210
11.890992,56.9531,62.9297,62.9297,0,0,11.982519,383453210
11.892992,56.7773,63.9844,63.9844,0,0,11.982519,383453210
11.894992,56.6016,64.6875,64.6875,0,0,11.982519,383453210
11.896992,56.4258,65.5664,65.5664,0,0,11.982519,383453210
11.898992,56.2500,66.2695,66.2695,0,0,11.982519,383453210
11.900992,56.0742,66.9727,66.9727,0,0,11.982519,383453210
11.902992,55.7227,67.6758,67.6758,0,0,11.982519,383453210
11.904992,55.7227,68.3789,68.3789,0,0,11.982519,383453210
11.906992,55.5469,69.0820,69.0820,0,0,11.982519,383453210
11.908992,55.3711,69.6094,69.6094,0,0,11.982519,383453210
11.910992,55.1953,70.3125,70.3125,0,0,11.982519,383453210
11.912992,55.0195,70.8398,70.8398,0,0,11.982519,383453210
11.914992,55.0195,71.3672,71.3672,0,0,11.982519,383453210
11.917011,54.8438,71.8945,71.8945,0,0,11.982519,383453210
11.918979,54.8438,72.4219,72.4219,0,0,11.982519,383453210
11.920975,54.6680,72.7734,72.7734,0,0,11.982519,383453210
11.922984,54.6680,73.3008,73.3008,0,0,11.982519,383453210
11.924984,54.6680,73.8281,73.8281,0,0,11.982519,383453210
11.926984,54.4922,74.1797,74.1797,0,0,11.982519,383453210
11.928984,54.4922,74.5312,74.5312,0,0,11.982519,383453210
11.930984,54.3164,74.8828,74.8828,0,0,11.982519,383453210
11.932984,54.3164,75.0586,75.0586,0,0,11.982519,383453210
11.934984,54.3164,75.4102,75.4102,0,0,11.982519,383453210
11.936984,54.3164,75.5859,75.5859,0,0,11.982519,383453210
11.938984,54.3164,75.9375,75.9375,0,0,11.982519,383453210
11.940984,54.3164,76.1133,76.1133,0,0,11.982519,383453210
11.942984,54.3164,76.2891,76.2891,0,0,11.982519,383453210
11.944984,54.1406,76.2891,76.2891,0,0,11.982519,383453210
11.946984,54.1406,76.4648,76.4648,0,0,11.982519,383453210
11.948984,54.1406,76.6406,76.6406,0,0,11.982519,383453210
11.950984,54.1406,76.6406,76.6406,0,0,11.982519,383453210
11.952984,54.1406,76.6406,76.6406,0,0,11.982519,383453210
11.954984,54.3164,76.6406,76.6406,0,0,11.982519,383453210
11.956984,54.3164,76.6406,76.6406,0,0,11.982519,383453210
11.958984,54.3164,76.6406,76.6406,0,0,11.982519,383453210
11.963415,54.3164,76.4648,76.4648,0,0,11.982519,383453210
11.963683,54.3164,76.4648,76.4648,0,0,11.982519,383453210
11.964968,54.4922,76.2891,76.2891,0,0,11.982519,383453210
11.966961,54.4922,76.2891,76.2891,0,0,11.982519,383453210
11.968986,54.4922,76.1133,76.1133,0,0,11.982519,383453210
11.971019,54.6680,75.9375,75.9375,0,0,11.982519,383453210
11.973027,54.6680,75.5859,75.5859,0,0,11.982519,383453210
11.974995,54.6680,75.4102,75.4102,0,0,11.982519,383453210
11.976973,54.8438,75.0586,75.0586,0,0,11.982519,383453210
11.980483,55.0195,74.5312,74.5312,0,0,12.215643,383687094
11.981021,55.0195,74.5312,74.5312,0,0,12.215643,383687094
11.983004,55.1953,74.1797,74.1797,0,0,12.215643,383687094
11.984959,55.1953,73.8281,73.8281,0,0,12.215643,383687094
11.986975,55.3711,73.3008,73.3008,0,0,12.215643,383687094
11.988977,55.5469,72.9492,72.9492,0,0,12.215643,383687094
11.990975,55.5469,72.4219,72.4219,0,0,12.215643,383687094
11.992997,55.7227,71.8945,71.8945,0,0,12.215643,383687094
11.994971,55.8984,71.3672,71.3672,0,0,12.215643,383687094
11.997013,56.0742,70.8398,70.8398,0,0,12.215643,383687094
11.999022,56.2500,70.3125,70.3125,0,0,12.215643,383687094
12.001030,56.4258,69.7852,69.7852,0,0,12.215643,383687094
12.003008,56.6016,69.0820,69.0820,0,0,12.215643,383687094
12.005033,56.7773,68.3789,68.3789,0,0,12.215643,383687094
12.007030,56.9531,67.6758,67.6758,0,0,12.215643,383687094
12.009029,57.1289,66.9727,66.9727,0,0,12.215643,383687094
12.011028,57.4805,66.2695,66.2695,0,0,12.215643,383687094
12.013026,57.6562,65.5664,65.5664,0,0,12.215643,383687094
12.015023,57.8320,64.8633,64.8633,0,0,12.215643,383687094
12.017022,58.1836,63.9844,63.9844,0,0,12.215643,383687094
12.019018,58.3594,63.1055,63.1055,0,0,12.215643,383687094
12.021018,58.7109,62.2266,62.2266,0,0,12.215643,383687094
12.023030,59.0625,61.3477,61.3477,0,0,12.215643,383687094
12.025029,59.2383,60.4688,60.4688,0,0,12.215643,383687094
12.027028,59.5898,59.4141,59.4141,0,0,12.215643,383687094
12.029026,59.9414,58.5352,58.5352,0,0,12.215643,383687094
12.031023,60.2930,57.4805,57.4805,0,0,12.215643,383687094
12.033022,60.6445,56.4258,56.4258,0,0,12.215643,383687094
12.035018,60.9961,55.3711,55.3711,0,0,12.215643,383687094
12.037018,61.5234,54.3164,54.3164,0,0,12.215643,383687094
12.039015,61.8750,53.0859,53.0859,0,0,12.215643,383687094
12.041015,62.4023,52.0312,52.0312,0,0,12.215643,383687094
12.043015,62.7539,50.8008,50.8008,0,0,12.215643,383687094
12.045015,63.2812,49.5703,49.5703,0,0,12.215643,383687094
12.047015,63.8086,48.3398,48.3398,0,0,12.215643,383687094
12.049015,64.1602,47.1094,47.1094,0,0,12.215643,383687094
12.051015,64.6875,45.7031,45.7031,0,0,12.215643,383687094
12.053015,65.3906,44.4727,44.4727,0,0,12.215643,383687094
12.055015,65.9180,43.0664,43.0664,0,0,12.215643,383687094
12.057015,66.4453,41.6602,41.6602,0,0,12.215643,383687094
12.059015,67.1484,40.2539,40.2539,0,0,12.215643,383687094
12.064089,68.7305,36.5625,36.5625,0,0,12.215643,383687094
12.064413,68.9062,36.2109,36.2109,0,0,12.215643,383687094
12.065043,69.0820,35.8594,35.8594,0,0,12.215643,383687094
12.066959,69.7852,34.2773,34.2773,0,0,12.215643,383687094
12.068965,70.4883,32.6953,32.6953,0,0,12.215643,383687094
12.070956,71.1914,31.2891,31.2891,0,0,12.215643,383687094
12.073022,72.0703,29.5312,29.5312,0,0,12.215643,383687094
12.075011,72.7734,27.9492,27.9492,0,0,12.215643,383687094
12.076992,73.6523,26.3672,26.3672,0,0,12.215643,383687094
12.078980,74.3555,24.7852,24.7852,0,0,12.215643,383687094
12.080962,75.2344,23.2031,23.2031,0,0,12.215643,383687094
12.083039,75.9375,21.4453,21.4453,0,0,12.215643,383687094
12.085021,76.8164,19.6875,19.6875,0,0,12.215643,383687094
12.087011,77.5195,18.1055,18.1055,0,0,12.215643,383687094
12.088991,78.3984,16.5234,16.5234,0,0,12.215643,383687094
12.090980,79.2773,14.7656,14.7656,0,0,12.215643,383687094
12.092962,79.9805,13.1836,13.1836,0,0,12.215643,383687094
12.095039,80.8594,11.4258,11.4258,0,0,12.215643,383687094
12.097021,81.5625,9.8438,9.8438,0,0,12.215643,383687094
12.099011,82.2656,8.4375,8.4375,0,0,12.215643,383687094
12.100991,82.9688,6.6797,6.6797,0,0,12.215643,383687094
12.102980,83.6719,5.2734,5.2734,0,0,12.215643,383687094
12.104962,84.3750,3.6914,3.6914,0,0,12.215643,383687094
12.107039,85.0781,2.1094,2.1094,0,0,12.215643,383687094
12.109021,85.7812,0.7031,0.7031,0,0,12.215643,383687094
12.111011,86.4844,-0.7031,-0.7031,0,0,12.215643,383687094
12.112992,87.0117,-2.1094,-2.1094,0,0,12.215643,383687094
12.114980,87.5391,-3.5156,-3.5156,0,0,12.215643,383687094
12.116962,88.2422,-4.7461,-4.7461,0,0,12.215643,383687094
12.119039,88.7695,-6.1523,-6.1523,0,0,12.215643,383687094
12.121021,89.2969,-7.3828,-7.3828,0,0,12.215643,383687094
12.123017,89.8242,-8.6133,-8.6133,0,0,12.215643,383687094
12.125001,90.1758,-9.8438,-9.8438,0,0,12.215643,383687094
12.126992,90.7031,-11.0742,-11.0742,0,0,12.215643,383687094
12.128972,91.0547,-12.1289,-12.1289,0,0,12.215643,383687094
12.130962,91.4062,-13.3594,-13.3594,0,0,12.215643,383687094
12.133030,91.9336,-14.4141,-14.4141,0,0,12.215643,383687094
12.135019,92.2852,-15.4688,-15.4688,0,0,12.215643,383687094
12.137000,92.6367,-16.5234,-16.5234,0,0,12.215643,383687094
12.138992,92.9883,-17.5781,-17.5781,0,0,12.215643,383687094
12.140972,93.3398,-18.4570,-18.4570,0,0,12.215643,383687094
12.142962,93.5156,-19.3359,-19.3359,0,0,12.215643,383687094
12.145029,93.8672,-20.3906,-20.3906,0,0,12.215643,383687094
12.147017,94.2188,-21.2695,-21.2695,0,0,12.215643,383687094
12.149001,94.3945,-22.1484,-22.1484,0,0,12.215643,383687094
12.150992,94.7461,-22.8516,-22.8516,0,0,12.215643,383687094
12.152972,94.9219,-23.7305,-23.7305,0,0,12.215643,383687094
12.154962,95.0977,-24.4336,-24.4336,0,0,12.215643,383687094
12.157029,95.4492,-25.1367,-25.1367,0,0,12.215643,383687094
12.159017,95.4492,-25.8398,-25.8398,0,0,12.215643,383687094
12.163406,95.9766,-27.4219,-27.4219,0,0,12.215643,383687094
12.163671,95.9766,-27.4219,-27.4219,0,0,12.215643,383687094
12.164985,96.1523,-27.9492,-27.9492,0,0,12.215643,383687094
12.166984,96.1523,-28.4766,-28.4766,0,0,12.215643,383687094
12.169031,96.3281,-29.1797,-29.1797,0,0,12.215643,383687094
12.170960,96.5039,-29.5312,-29.5312,0,0,12.215643,383687094
12.172959,96.6797,-30.0586,-30.0586,0,0,12.215643,383687094
12.175041,96.6797,-30.5859,-30.5859,0,0,12.215643,383687094
12.177039,96.8555,-31.1133,-31.1133,0,0,12.215643,383687094
12.179039,96.8555,-31.4648,-31.4648,0,0,12.215643,383687094
12.181034,97.0312,-31.9922,-31.9922,0,0,12.215643,383687094
12.183030,97.0312,-32.3438,-32.3438,0,0,12.215643,383687094
12.185029,97.2070,-32.6953,-32.6953,0,0,12.215643,383687094
12.187028,97.2070,-33.0469,-33.0469,0,0,12.215643,383687094
12.189026,97.2070,-33.3984,-33.3984,0,0,12.215643,383687094
12.191023,97.3828,-33.5742,-33.5742,0,0,12.215643,383687094
12.193021,97.3828,-33.9258,-33.9258,0,0,12.215643,383687094
12.195017,97.3828,-34.1016,-34.1016,0,0,12.215643,383687094
12.197015,97.3828,-34.2773,-34.2773,0,0,12.215643,383687094
12.199015,97.3828,-34.4531,-34.4531,0,0,12.215643,383687094
12.201015,97.5586,-34.6289,-34.6289,0,0,12.215643,383687094
12.202964,97.5586,-34.8047,-34.8047,0,0,12.215643,383687094
12.205007,97.5586,-34.8047,-34.8047,0,0,12.215643,383687094
12.207004,97.5586,-34.8047,-34.8047,0,0,12.215643,383687094
12.208956,97.5586,-34.9805,-34.9805,0,0,12.215643,383687094
12.211032,97.5586,-34.9805,-34.9805,0,0,12.443636,383917306
12.214765,97.3828,-34.8047,-34.8047,0,0,12.443636,383917306
12.215020,97.3828,-34.8047,-34.8047,0,0,12.443636,383917306
12.217011,97.3828,-34.8047,-34.8047,0,0,12.443636,383917306
12.219036,97.3828,-34.8047,-34.8047,0,0,12.443636,383917306
12.220996,97.2070,-34.6289,-34.6289,0,0,12.443636,383917306
12.222986,97.2070,-34.4531,-34.4531,0,0,12.443636,383917306
12.225019,97.2070,-34.2773,-34.2773,0,0,12.443636,383917306
12.227003,97.0312,-34.1016,-34.1016,0,0,12.443636,383917306
12.228985,97.0312,-33.7500,-33.7500,0,0,12.443636,383917306
12.230979,96.8555,-33.5742,-33.5742,0,0,12.443636,383917306
12.233035,96.8555,-33.3984,-33.3984,0,0,12.443636,383917306
12.235010,96.6797,-33.0469,-33.0469,0,0,12.443636,383917306
12.237007,96.6797,-32.6953,-32.6953,0,0,12.443636,383917306
12.239003,96.5039,-32.3438,-32.3438,0,0,12.443636,383917306
12.241015,96.3281,-31.9922,-31.9922,0,0,12.443636,383917306
12.243015,96.3281,-31.4648,-31.4648,0,0,12.443636,383917306
12.245015,96.1523,-31.1133,-31.1133,0,0,12.443636,383917306
12.247026,95.9766,-30.5859,-30.5859,0,0,12.443636,383917306
12.249023,95.8008,-30.0586,-30.0586,0,0,12.443636,383917306
12.251022,95.6250,-29.5312,-29.5312,0,0,12.443636,383917306
12.253018,95.4492,-29.0039,-29.0039,0,0,12.443636,383917306
12.255017,95.4492,-28.4766,-28.4766,0,0,12.443636,383917306
12.257015,95.0977,-27.9492,-27.9492,0,0,12.443636,383917306
12.259015,94.9219,-27.2461,-27.2461,0,0,12.443636,383917306
12.263934,94.3945,-25.6641,-25.6641,0,0,12.443636,383917306
12.264254,94.3945,-25.4883,-25.4883,0,0,12.443636,383917306
12.265026,94.2188,-25.1367,-25.1367,0,0,12.443636,383917306
12.267018,94.0430,-24.4336,-24.4336,0,0,12.443636,383917306
12.269001,93.8672,-23.7305,-23.7305,0,0,12.443636,383917306
12.270957,93.5156,-23.0273,-23.0273,0,0,12.443636,383917306
12.273024,93.3398,-22.1484,-22.1484,0,0,12.443636,383917306
12.275016,92.9883,-21.2695,-21.2695,0,0,12.443636,383917306
12.277021,92.6367,-20.3906,-20.3906,0,0,12.443636,383917306
12.279010,92.4609,-19.5117,-19.5117,0,0,12.443636,383917306
12.280992,92.1094,-18.6328,-18.6328,0,0,12.443636,383917306
12.282984,91.7578,-17.5781,-17.5781,0,0,12.443636,383917306
12.284968,91.4062,-16.6992,-16.6992,0,0,12.443636,383917306
12.286956,91.0547,-15.6445,-15.6445,0,0,12.443636,383917306
12.289023,90.5273,-14.5898,-14.5898,0,0,12.443636,383917306
12.291015,90.1758,-13.5352,-13.5352,0,0,12.443636,383917306
12.292996,89.8242,-12.4805,-12.4805,0,0,12.443636,383917306
12.294984,89.2969,-11.2500,-11.2500,0,0,12.443636,383917306
12.296968,88.9453,-10.1953,-10.1953,0,0,12.443636,383917306
12.298956,88.4180,-8.9648,-8.9648,0,0,12.443636,383917306
12.301023,87.8906,-7.7344,-7.7344,0,0,12.443636,383917306
12.303015,87.3633,-6.5039,-6.5039,0,0,12.443636,383917306
12.304996,86.8359,-5.2734,-5.2734,0,0,12.443636,383917306
12.306984,86.3086,-4.0430,-4.0430,0,0,12.443636,383917306
12.308968,85.7812,-2.6367,-2.6367,0,0,12.443636,383917306
12.310956,85.0781,-1.4062,-1.4062,0,0,12.443636,383917306
12.313023,84.5508,0.1758,0.1758,0,0,12.443636,383917306
12.315015,83.8477,1.4062,1.4062,0,0,12.443636,383917306
12.316996,83.1445,2.8125,2.8125,0,0,12.443636,383917306
12.318984,82.6172,4.3945,4.3945,0,0,12.443636,383917306
12.320968,81.9141,5.8008,5.8008,0,0,12.443636,383917306
12.322965,81.2109,7.2070,7.2070,0,0,12.443636,383917306
12.325030,80.5078,8.7891,8.7891,0,0,12.443636,383917306
12.327021,79.6289,10.3711,10.3711,0,0,12.443636,383917306
12.329003,78.9258,11.9531,11.9531,0,0,12.443636,383917306
12.330992,78.2227,13.5352,13.5352,0,0,12.443636,383917306
12.332972,77.5195,14.9414,14.9414,0,0,12.443636,383917306
12.334962,76.6406,16.5234,16.5234,0,0,12.443636,383917306
12.337029,75.9375,18.2812,18.2812,0,0,12.443636,383917306
12.339017,75.2344,19.8633,19.8633,0,0,12.443636,383917306
12.341001,74.3555,21.2695,21.2695,0,0,12.443636,383917306
12.342992,73.6523,22.8516,22.8516,0,0,12.443636,383917306
12.344972,72.9492,24.4336,24.4336,0,0,12.443636,383917306
12.346962,72.2461,26.0156,26.0156,0,0,12.443636,383917306
12.349029,71.5430,27.5977,27.5977,0,0,12.443636,383917306
12.351017,70.8398,29.0039,29.0039,0,0,12.443636,383917306
12.353001,70.1367,30.5859,30.5859,0,0,12.443636,383917306
12.354992,69.4336,31.9922,31.9922,0,0,12.443636,383917306
12.356972,68.7305,33.3984,33.3984,0,0,12.443636,383917306
12.358962,68.0273,34.8047,34.8047,0,0,12.443636,383917306
12.363322,66.7969,37.9688,37.9688,0,0,12.443636,383917306
12.363601,66.6211,38.1445,38.1445,0,0,12.443636,383917306
12.364990,66.2695,39.0234,39.0234,0,0,12.443636,383917306
12.366986,65.7422,40.2539,40.2539,0,0,12.443636,383917306
12.368984,65.2148,41.6602,41.6602,0,0,12.443636,383917306
12.370984,64.6875,42.8906,42.8906,0,0,12.443636,383917306
12.373030,64.1602,44.1211,44.1211,0,0,12.443636,383917306
12.375029,63.6328,45.3516,45.3516,0,0,12.443636,383917306
12.377026,63.2812,46.5820,46.5820,0,0,12.443636,383917306
12.379023,62.7539,47.6367,47.6367,0,0,12.443636,383917306
12.381022,62.4023,48.8672,48.8672,0,0,12.443636,383917306
12.382958,61.8750,49.9219,49.9219,0,0,12.443636,383917306
12.384956,61.5234,50.9766,50.9766,0,0,12.443636,383917306
12.387039,61.1719,52.0312,52.0312,0,0,12.443636,383917306
12.389039,60.8203,52.9102,52.9102,0,0,12.443636,383917306
12.391038,60.4688,53.9648,53.9648,0,0,12.443636,383917306
12.393034,60.2930,54.8438,54.8438,0,0,12.443636,383917306
12.395030,59.9414,55.7227,55.7227,0,0,12.443636,383917306
12.397029,59.5898,56.6016,56.6016,0,0,12.443636,383917306
12.399028,59.4141,57.6562,57.6562,0,0,12.443636,383917306
12.401026,59.0625,58.3594,58.3594,0,0,12.443636,383917306
12.403023,58.8867,59.2383,59.2383,0,0,12.443636,383917306
12.405021,58.7109,59.9414,59.9414,0,0,12.443636,383917306
12.407017,58.3594,60.6445,60.6445,0,0,12.443636,383917306
12.409015,58.1836,61.3477,61.3477,0,0,12.443636,383917306
12.411015,58.0078,62.0508,62.0508,0,0,12.443636,383917306
12.413015,57.8320,62.7539,62.7539,0,0,12.443636,383917306
12.415015,57.6562,63.4570,63.4570,0,0,12.443636,383917306
12.417015,57.4805,63.9844,63.9844,0,0,12.443636,383917306
12.419015,57.4805,64.6875,64.6875,0,0,12.443636,383917306
12.421015,57.3047,65.2148,65.2148,0,0,12.443636,383917306
12.423026,57.1289,65.7422,65.7422,0,0,12.443636,383917306
12.425040,56.9531,66.2695,66.2695,0,0,12.443636,383917306
12.427039,56.7773,66.7969,66.7969,0,0,12.443636,383917306
12.429024,56.7773,67.1484,67.1484,0,0,12.443636,383917306
12.431022,56.7773,67.5000,67.5000,0,0,12.443636,383917306
12.433018,56.6016,67.8516,67.8516,0,0,12.443636,383917306
12.434956,56.6016,68.3789,68.3789,0,0,12.443636,383917306
12.437003,56.4258,68.7305,68.7305,0,0,12.443636,383917306
12.439039,56.4258,69.0820,69.0820,0,0,12.443636,383917306
12.441044,56.2500,69.2578,69.2578,0,0,12.443636,383917306
12.444531,56.2500,69.7852,69.7852,0,0,12.668738,384136477
12.445017,56.2500,69.7852,69.7852,0,0,12.668738,384136477
12.446990,56.2500,69.9609,69.9609,0,0,12.668738,384136477
12.448977,56.2500,70.3125,70.3125,0,0,12.668738,384136477
12.450977,56.2500,70.4883,70.4883,0,0,12.668738,384136477
12.453002,56.0742,70.4883,70.4883,0,0,12.668738,384136477
12.454963,56.0742,70.6641,70.6641,0,0,12.668738,384136477
12.457024,56.0742,70.6641,70.6641,0,0,12.668738,384136477
12.458971,56.0742,70.8398,70.8398,0,0,12.668738,384136477
12.463855,56.0742,70.8398,70.8398,0,0,12.668738,384136477
12.464174,56.0742,70.8398,70.8398,0,0,12.668738,384136477
12.464956,56.2500,70.8398,70.8398,0,0,12.668738,384136477
12.467030,56.2500,70.8398,70.8398,0,0,12.668738,384136477
12.468973,56.2500,70.6641,70.6641,0,0,12.668738,384136477
12.470990,56.2500,70.6641,70.6641,0,0,12.668738,384136477
12.472971,56.4258,70.4883,70.4883,0,0,12.668738,384136477
12.474976,56.4258,70.3125,70.3125,0,0,12.668738,384136477
12.476968,56.4258,70.3125,70.3125,0,0,12.668738,384136477
12.478957,56.6016,69.9609,69.9609,0,0,12.668738,384136477
12.480958,56.6016,69.7852,69.7852,0,0,12.668738,384136477
12.483032,56.7773,69.6094,69.6094,0,0,12.668738,384136477
12.485015,56.7773,69.2578,69.2578,0,0,12.668738,384136477
12.487004,56.9531,68.9062,68.9062,0,0,12.668738,384136477
12.488984,56.9531,68.5547,68.5547,0,0,12.668738,384136477
12.490972,57.1289,68.3789,68.3789,0,0,12.668738,384136477
12.492956,57.3047,67.8516,67.8516,0,0,12.668738,384136477
12.495030,57.4805,67.5000,67.5000,0,0,12.668738,384136477
12.497011,57.4805,67.1484,67.1484,0,0,12.668738,384136477
12.499000,57.6562,66.6211,66.6211,0,0,12.668738,384136477
12.500984,57.8320,66.2695,66.2695,0,0,12.668738,384136477
12.502971,58.0078,65.7422,65.7422,0,0,12.668738,384136477
12.505039,58.1836,65.0391,65.0391,0,0,12.668738,384136477
12.507030,58.3594,64.6875,64.6875,0,0,12.668738,384136477
12.509011,58.5352,63.9844,63.9844,0,0,12.668738,384136477
12.511000,58.7109,63.4570,63.4570,0,0,12.668738,384136477
12.512984,58.8867,62.7539,62.7539,0,0,12.668738,384136477
12.514971,59.2383,62.0508,62.0508,0,0,12.668738,384136477
12.517039,59.4141,61.3477,61.3477,0,0,12.668738,384136477
12.519030,59.5898,60.6445,60.6445,0,0,12.668738,384136477
12.521011,59.9414,59.9414,59.9414,0,0,12.668738,384136477
12.523016,60.1172,59.2383,59.2383,0,0,12.668738,384136477
12.524996,60.4688,58.3594,58.3594,0,0,12.668738,384136477
12.526985,60.6445,57.6562,57.6562,0,0,12.668738,384136477
12.528968,60.9961,56.7773,56.7773,0,0,12.668738,384136477
12.530956,61.3477,55.8984,55.8984,0,0,12.668738,384136477
12.533023,61.6992,55.0195,55.0195,0,0,12.668738,384136477
12.535015,62.0508,53.9648,53.9648,0,0,12.668738,384136477
12.536996,62.4023,53.0859,53.0859,0,0,12.668738,384136477
12.538984,62.7539,52.0312,52.0312,0,0,12.668738,384136477
12.540968,63.1055,50.9766,50.9766,0,0,12.668738,384136477
12.542956,63.4570,50.0977,50.0977,0,0,12.668738,384136477
12.545023,63.9844,48.8672,48.8672,0,0,12.668738,384136477
12.547015,64.3359,47.8125,47.8125,0,0,12.668738,384136477
12.548996,64.8633,46.7578,46.7578,0,0,12.668738,384136477
12.550984,65.2148,45.7031,45.7031,0,0,12.668738,384136477
12.552968,65.9180,44.4727,44.4727,0,0,12.668738,384136477
12.554956,66.2695,43.2422,43.2422,0,0,12.668738,384136477
12.557023,66.7969,42.0117,42.0117,0,0,12.668738,384136477
12.559015,67.3242,40.7812,40.7812,0,0,12.668738,384136477
12.563374,68.7305,37.9688,37.9688,0,0,12.668738,384136477
12.563643,68.7305,37.7930,37.7930,0,0,12.668738,384136477
12.565038,69.0820,36.7383,36.7383,0,0,12.668738,384136477
12.567034,69.7852,35.5078,35.5078,0,0,12.668738,384136477
12.569030,70.3125,34.1016,34.1016,0,0,12.668738,384136477
12.571029,71.0156,32.6953,32.6953,0,0,12.668738,384136477
12.573026,71.7188,31.2891,31.2891,0,0,12.668738,384136477
12.575023,72.4219,29.8828,29.8828,0,0,12.668738,384136477
12.576966,73.1250,28.4766,28.4766,0,0,12.668738,384136477
12.578975,73.8281,27.0703,27.0703,0,0,12.668738,384136477
12.580971,74.5312,25.4883,25.4883,0,0,12.668738,384136477
12.582971,75.2344,24.0820,24.0820,0,0,12.668738,384136477
12.584984,75.9375,22.5000,22.5000,0,0,12.668738,384136477
12.586984,76.6406,21.0938,21.0938,0,0,12.668738,384136477
12.588984,77.3438,19.5117,19.5117,0,0,12.668738,384136477
12.590980,78.2227,17.9297,17.9297,0,0,12.668738,384136477
12.592979,78.9258,16.5234,16.5234,0,0,12.668738,384136477
12.594975,79.6289,14.9414,14.9414,0,0,12.668738,384136477
12.596971,80.3320,13.5352,13.5352,0,0,12.668738,384136477
12.598971,81.0352,12.1289,12.1289,0,0,12.668738,384136477
12.600967,81.7383,10.5469,10.5469,0,0,12.668738,384136477
12.602963,82.4414,9.1406,9.1406,0,0,12.668738,384136477
12.604962,83.1445,7.7344,7.7344,0,0,12.668738,384136477
12.606959,83.6719,6.3281,6.3281,0,0,12.668738,384136477
12.608956,84.3750,4.9219,4.9219,0,0,12.668738,384136477
12.610956,84.9023,3.6914,3.6914,0,0,12.668738,384136477
12.613039,85.6055,2.2852,2.2852,0,0,12.668738,384136477
12.615038,86.3086,0.8789,0.8789,0,0,12.668738,384136477
12.617034,86.8359,-0.3516,-0.3516,0,0,12.668738,384136477
12.619030,87.3633,-1.5820,-1.5820,0,0,12.668738,384136477
12.621029,87.8906,-2.8125,-2.8125,0,0,12.668738,384136477
12.622963,88.4180,-4.0430,-4.0430,0,0,12.668738,384136477
12.624962,88.7695,-5.0977,-5.0977,0,0,12.668738,384136477
12.626962,89.2969,-6.3281,-6.3281,0,0,12.668738,384136477
12.628963,89.8242,-7.3828,-7.3828,0,0,12.668738,384136477
12.630962,90.1758,-8.4375,-8.4375,0,0,12.668738,384136477
12.632959,90.5273,-9.4922,-9.4922,0,0,12.668738,384136477
12.634956,90.8789,-10.5469,-10.5469,0,0,12.668738,384136477
12.636956,91.4062,-11.6016,-11.6016,0,0,12.668738,384136477
12.639039,91.7578,-12.4805,-12.4805,0,0,12.668738,384136477
12.641038,92.1094,-13.5352,-13.5352,0,0,12.668738,384136477
12.643034,92.4609,-14.4141,-14.4141,0,0,12.668738,384136477
12.645030,92.6367,-15.2930,-15.2930,0,0,12.668738,384136477
12.647029,92.9883,-16.1719,-16.1719,0,0,12.668738,384136477
12.649028,93.3398,-16.8750,-16.8750,0,0,12.668738,384136477
12.651026,93.5156,-17.7539,-17.7539,0,0,12.668738,384136477
12.652960,93.6914,-18.4570,-18.4570,0,0,12.668738,384136477
12.654988,94.0430,-19.1602,-19.1602,0,0,12.668738,384136477
12.656966,94.2188,-20.0391,-20.0391,0,0,12.668738,384136477
12.658957,94.3945,-20.5664,-20.5664,0,0,12.668738,384136477
12.666923,95.0977,-23.2031,-23.2031,0,0,12.920823,384388470
12.667927,95.2734,-23.3789,-23.3789,0,0,12.920823,384388470
12.668128,95.2734,-23.5547,-23.5547,0,0,12.920823,384388470
12.668305,95.2734,-23.5547,-23.5547,0,0,12.920823,384388470
12.669006,95.2734,-23.7305,-23.7305,0,0,12.920823,384388470
12.671035,95.4492,-24.2578,-24.2578,0,0,12.920823,384388470
12.672969,95.6250,-24.6094,-24.6094,0,0,12.920823,384388470
12.674967,95.8008,-25.1367,-25.1367,0,0,12.920823,384388470
12.677010,95.8008,-25.6641,-25.6641,0,0,12.920823,384388470
12.679010,95.9766,-26.0156,-26.0156,0,0,12.920823,384388470
12.681038,96.1523,-26.3672,-26.3672,0,0,12.920823,384388470
12.682996,96.1523,-26.7188,-26.7188,0,0,12.920823,384388470
12.685018,96.1523,-27.0703,-27.0703,0,0,12.920823,384388470
12.687017,96.3281,-27.4219,-27.4219,0,0,12.920823,384388470
12.688987,96.3281,-27.7734,-27.7734,0,0,12.920823,384388470
12.690968,96.3281,-27.9492,-27.9492,0,0,12.920823,384388470
12.692967,96.5039,-28.1250,-28.1250,0,0,12.920823,384388470
12.694963,96.5039,-28.4766,-28.4766,0,0,12.920823,384388470
12.696962,96.5039,-28.6523,-28.6523,0,0,12.920823,384388470
12.698959,96.5039,-28.8281,-28.8281,0,0,12.920823,384388470
12.700956,96.5039,-28.8281,-28.8281,0,0,12.920823,384388470
12.702956,96.5039,-29.0039,-29.0039,0,0,12.920823,384388470
12.705039,96.5039,-29.1797,-29.1797,0,0,12.920823,384388470
12.707038,96.5039,-29.1797,-29.1797,0,0,12.920823,384388470
12.709034,96.5039,-29.1797,-29.1797,0,0,12.920823,384388470
12.711030,96.5039,-29.1797,-29.1797,0,0,12.920823,384388470
12.713029,96.5039,-29.1797,-29.1797,0,0,12.920823,384388470
12.715028,96.5039,-29.1797,-29.1797,0,0,12.920823,384388470
12.717026,96.5039,-29.1797,-29.1797,0,0,12.920823,384388470
12.719023,96.5039,-29.0039,-29.0039,0,0,12.920823,384388470
12.721021,96.3281,-28.8281,-28.8281,0,0,12.920823,384388470
12.723029,96.3281,-28.6523,-28.6523,0,0,12.920823,384388470
12.725026,96.1523,-28.4766,-28.4766,0,0,12.920823,384388470
12.727023,96.1523,-28.3008,-28.3008,0,0,12.920823,384388470
12.729021,96.1523,-28.1250,-28.1250,0,0,12.920823,384388470
12.731017,95.9766,-27.7734,-27.7734,0,0,12.920823,384388470
12.733015,95.8008,-27.5977,-27.5977,0,0,12.920823,384388470
12.735015,95.8008,-27.2461,-27.2461,0,0,12.920823,384388470
12.737015,95.6250,-26.8945,-26.8945,0,0,12.920823,384388470
12.739015,95.4492,-26.5430,-26.5430,0,0,12.920823,384388470
12.740971,95.4492,-26.1914,-26.1914,0,0,12.920823,384388470
12.742967,95.2734,-25.8398,-25.8398,0,0,12.920823,384388470
12.744963,95.0977,-25.3125,-25.3125,0,0,12.920823,384388470
12.746962,94.9219,-24.9609,-24.9609,0,0,12.920823,384388470
12.748959,94.7461,-24.4336,-24.4336,0,0,12.920823,384388470
12.750956,94.5703,-23.9062,-23.9062,0,0,12.920823,384388470
12.752956,94.3945,-23.3789,-23.3789,0,0,12.920823,384388470
12.755039,94.2188,-22.8516,-22.8516,0,0,12.920823,384388470
12.757038,94.0430,-22.1484,-22.1484,0,0,12.920823,384388470
12.759034,93.8672,-21.6211,-21.6211,0,0,12.920823,384388470
12.763628,93.3398,-20.0391,-20.0391,0,0,12.920823,384388470
12.763916,93.3398,-20.0391,-20.0391,0,0,12.920823,384388470
12.765029,93.1641,-19.5117,-19.5117,0,0,12.920823,384388470
12.767017,92.8125,-18.8086,-18.8086,0,0,12.920823,384388470
12.769001,92.6367,-18.1055,-18.1055,0,0,12.920823,384388470
12.770992,92.2852,-17.4023,-17.4023,0,0,12.920823,384388470
12.772972,91.9336,-16.5234,-16.5234,0,0,12.920823,384388470
12.774962,91.7578,-15.8203,-15.8203,0,0,12.920823,384388470
12.777029,91.4062,-14.9414,-14.9414,0,0,12.920823,384388470
12.779017,91.0547,-14.0625,-14.0625,0,0,12.920823,384388470
12.781001,90.7031,-13.1836,-13.1836,0,0,12.920823,384388470
12.783030,90.3516,-12.1289,-12.1289,0,0,12.920823,384388470
12.784984,90.0000,-11.2500,-11.2500,0,0,12.920823,384388470
12.786976,89.4727,-10.1953,-10.1953,0,0,12.920823,384388470
12.789030,89.1211,-9.1406,-9.1406,0,0,12.920823,384388470
12.791019,88.7695,-8.2617,-8.2617,0,0,12.920823,384388470
12.793000,88.2422,-7.0312,-7.0312,0,0,12.920823,384388470
12.794992,87.8906,-6.1523,-6.1523,0,0,12.920823,384388470
12.796972,87.3633,-4.9219,-4.9219,0,0,12.920823,384388470
12.798962,86.8359,-3.8672,-3.8672,0,0,12.920823,384388470
12.801029,86.3086,-2.6367,-2.6367,0,0,12.920823,384388470
12.803017,85.7812,-1.4062,-1.4062,0,0,12.920823,384388470
12.805001,85.2539,-0.1758,-0.1758,0,0,12.920823,384388470
12.806992,84.7266,1.0547,1.0547,0,0,12.920823,384388470
12.808975,84.1992,2.2852,2.2852,0,0,12.920823,384388470
12.810963,83.4961,3.5156,3.5156,0,0,12.920823,384388470
12.813030,82.9688,4.9219,4.9219,0,0,12.920823,384388470
12.815022,82.2656,6.1523,6.1523,0,0,12.920823,384388470
12.817003,81.7383,7.5586,7.5586,0,0,12.920823,384388470
12.818992,81.0352,8.7891,8.7891,0,0,12.920823,384388470
12.820971,80.3320,10.1953,10.1953,0,0,12.920823,384388470
12.822976,79.8047,11.6016,11.6016,0,0,12.920823,384388470
12.824959,79.1016,13.0078,13.0078,0,0,12.920823,384388470
12.827032,78.3984,14.4141,14.4141,0,0,12.920823,384388470
12.829015,77.6953,15.8203,15.8203,0,0,12.920823,384388470
12.831004,76.9922,17.2266,17.2266,0,0,12.920823,384388470
12.832984,76.2891,18.6328,18.6328,0,0,12.920823,384388470
12.834972,75.5859,20.0391,20.0391,0,0,12.920823,384388470
12.836956,75.0586,21.4453,21.4453,0,0,12.920823,384388470
12.839030,74.1797,23.0273,23.0273,0,0,12.920823,384388470
12.841011,73.6523,24.4336,24.4336,0,0,12.920823,384388470
12.843000,72.9492,25.6641,25.6641,0,0,12.920823,384388470
12.844984,72.2461,27.0703,27.0703,0,0,12.920823,384388470
12.846971,71.7188,28.4766,28.4766,0,0,12.920823,384388470
12.849039,71.0156,29.8828,29.8828,0,0,12.920823,384388470
12.851030,70.3125,31.1133,31.1133,0,0,12.920823,384388470
12.853011,69.7852,32.5195,32.5195,0,0,12.920823,384388470
12.855000,69.2578,33.7500,33.7500,0,0,12.920823,384388470
12.856984,68.7305,34.9805,34.9805,0,0,12.920823,384388470
12.858971,68.0273,36.2109,36.2109,0,0,12.920823,384388470
12.863335,66.9727,38.8477,38.8477,0,0,12.920823,384388470
12.863606,66.7969,39.0234,39.0234,0,0,12.920823,384388470
12.865000,66.6211,39.7266,39.7266,0,0,12.920823,384388470
12.866996,66.0938,40.9570,40.9570,0,0,12.920823,384388470
12.868992,65.5664,42.1875,42.1875,0,0,12.920823,384388470
12.870990,65.2148,43.2422,43.2422,0,0,12.920823,384388470
12.872988,64.6875,44.2969,44.2969,0,0,12.920823,384388470
12.874984,64.3359,45.3516,45.3516,0,0,12.920823,384388470
12.876984,63.9844,46.4062,46.4062,0,0,12.920823,384388470
12.878980,63.6328,47.2852,47.2852,0,0,12.920823,384388470
12.880979,63.1055,48.1641,48.1641,0,0,12.920823,384388470
12.882986,62.9297,49.2188,49.2188,0,0,12.920823,384388470
12.884983,62.5781,50.0977,50.0977,0,0,12.920823,384388470
12.886979,62.2266,50.9766,50.9766,0,0,12.920823,384388470
12.888984,61.8750,51.8555,51.8555,0,0,12.920823,384388470
12.891005,61.6992,52.7344,52.7344,0,0,12.920823,384388470
12.893003,61.3477,53.4375,53.4375,0,0,12.920823,384388470
12.894971,61.1719,54.1406,54.1406,0,0,12.920823,384388470
12.896981,60.9961,55.0195,55.0195,0,0,12.920823,384388470
12.898992,60.6445,55.7227,55.7227,0,0,12.920823,384388470
12.900990,60.4688,56.4258,56.4258,0,0,12.920823,384388470
12.902986,60.2930,56.9531,56.9531,0,0,12.920823,384388470
12.904984,60.1172,57.6562,57.6562,0,0,12.920823,384388470
12.906984,59.7656,58.3594,58.3594,0,0,12.920823,384388470
12.908984,59.7656,58.8867,58.8867,0,0,12.920823,384388470
12.910984,59.5898,59.4141,59.4141,0,0,12.920823,384388470
12.915752,59.2383,60.6445,60.6445,0,0,13.202001,384650018
12.916219,59.0625,60.8203,60.8203,0,0,13.202001,384650018
12.917032,59.0625,60.9961,60.9961,0,0,13.202001,384650018
12.919020,59.0625,61.3477,61.3477,0,0,13.202001,384650018
12.921031,58.8867,61.8750,61.8750,0,0,13.202001,384650018
12.922959,58.8867,62.2266,62.2266,0,0,13.202001,384650018
12.925025,58.7109,62.5781,62.5781,0,0,13.202001,384650018
12.926982,58.5352,62.9297,62.9297,0,0,13.202001,384650018
12.928996,58.5352,63.2812,63.2812,0,0,13.202001,384650018
12.931168,58.3594,63.6328,63.6328,0,0,13.202001,384650018
12.932961,58.3594,63.9844,63.9844,0,0,13.202001,384650018
12.935032,58.3594,64.1602,64.1602,0,0,13.202001,384650018
12.936975,58.3594,64.3359,64.3359,0,0,13.202001,384650018
12.939014,58.1836,64.5117,64.5117,0,0,13.202001,384650018
12.940971,58.1836,64.6875,64.6875,0,0,13.202001,384650018
12.942971,58.1836,64.8633,64.8633,0,0,13.202001,384650018
12.944968,58.1836,65.0391,65.0391,0,0,13.202001,384650018
12.946968,58.1836,65.0391,65.0391,0,0,13.202001,384650018
12.948965,58.1836,65.2148,65.2148,0,0,13.202001,384650018
12.950962,58.1836,65.2148,65.2148,0,0,13.202001,384650018
12.952959,58.1836,65.2148,65.2148,0,0,13.202001,384650018
12.954956,58.1836,65.2148,65.2148,0,0,13.202001,384650018
12.956956,58.1836,65.2148,65.2148,0,0,13.202001,384650018
12.959039,58.1836,65.2148,65.2148,0,0,13.202001,384650018
12.963841,58.3594,65.0391,65.0391,0,0,13.202001,384650018
12.964160,58.3594,65.0391,65.0391,0,0,13.202001,384650018
12.965028,58.3594,64.8633,64.8633,0,0,13.202001,384650018
12.967018,58.5352,64.8633,64.8633,0,0,13.202001,384650018
12.969000,58.5352,64.6875,64.6875,0,0,13.202001,384650018
12.970992,58.7109,64.3359,64.3359,0,0,13.202001,384650018
12.972972,58.7109,64.1602,64.1602,0,0,13.202001,384650018
12.974962,58.8867,63.9844,63.9844,0,0,13.202001,384650018
12.977029,58.8867,63.6328,63.6328,0,0,13.202001,384650018
12.979017,59.0625,63.4570,63.4570,0,0,13.202001,384650018
12.981001,59.2383,62.9297,62.9297,0,0,13.202001,384650018
12.982992,59.2383,62.7539,62.7539,0,0,13.202001,384650018
12.984972,59.4141,62.2266,62.2266,0,0,13.202001,384650018
12.986994,59.5898,61.8750,61.8750,0,0,13.202001,384650018
12.988968,59.7656,61.5234,61.5234,0,0,13.202001,384650018
12.990979,59.9414,61.1719,61.1719,0,0,13.202001,384650018
12.992962,60.1172,60.6445,60.6445,0,0,13.202001,384650018
12.995039,60.2930,60.1172,60.1172,0,0,13.202001,384650018
12.997021,60.4688,59.5898,59.5898,0,0,13.202001,384650018
12.999011,60.6445,59.0625,59.0625,0,0,13.202001,384650018
13.000991,60.8203,58.5352,58.5352,0,0,13.202001,384650018
13.002980,60.9961,57.8320,57.8320,0,0,13.202001,384650018
13.004962,61.1719,57.3047,57.3047,0,0,13.202001,384650018
13.007039,61.5234,56.6016,56.6016,0,0,13.202001,384650018
13.009021,61.6992,55.8984,55.8984,0,0,13.202001,384650018
13.011011,62.0508,55.1953,55.1953,0,0,13.202001,384650018
13.012991,62.2266,54.4922,54.4922,0,0,13.202001,384650018
13.014980,62.5781,53.7891,53.7891,0,0,13.202001,384650018
13.016962,62.7539,52.9102,52.9102,0,0,13.202001,384650018
13.019039,63.1055,52.2070,52.2070,0,0,13.202001,384650018
13.021021,63.4570,51.3281,51.3281,0,0,13.202001,384650018
13.023020,63.8086,50.4492,50.4492,0,0,13.202001,384650018
13.025003,64.1602,49.5703,49.5703,0,0,13.202001,384650018
13.026992,64.5117,48.6914,48.6914,0,0,13.202001,384650018
13.028972,64.8633,47.8125,47.8125,0,0,13.202001,384650018
13.030962,65.2148,46.9336,46.9336,0,0,13.202001,384650018
13.033029,65.7422,45.8789,45.8789,0,0,13.202001,384650018
13.035017,66.0938,44.8242,44.8242,0,0,13.202001,384650018
13.037001,66.6211,43.7695,43.7695,0,0,13.202001,384650018
13.038992,66.9727,42.8906,42.8906,0,0,13.202001,384650018
13.040972,67.5000,41.6602,41.6602,0,0,13.202001,384650018
13.042962,68.0273,40.6055,40.6055,0,0,13.202001,384650018
13.045029,68.3789,39.5508,39.5508,0,0,13.202001,384650018
13.047017,68.9062,38.3203,38.3203,0,0,13.202001,384650018
13.049001,69.4336,37.2656,37.2656,0,0,13.202001,384650018
13.050992,69.9609,36.0352,36.0352,0,0,13.202001,384650018
13.052972,70.4883,34.8047,34.8047,0,0,13.202001,384650018
13.054962,71.1914,33.5742,33.5742,0,0,13.202001,384650018
13.057029,71.7188,32.3438,32.3438,0,0,13.202001,384650018
13.059017,72.4219,31.1133,31.1133,0,0,13.202001,384650018
13.063570,73.8281,28.1250,28.1250,0,0,13.202001,384650018
13.063834,73.8281,27.9492,27.9492,0,0,13.202001,384650018
13.064979,74.1797,27.2461,27.2461,0,0,13.202001,384650018
13.066975,74.8828,25.8398,25.8398,0,0,13.202001,384650018
13.068972,75.4102,24.6094,24.6094,0,0,13.202001,384650018
13.070971,76.1133,23.2031,23.2031,0,0,13.202001,384650018
13.072968,76.8164,21.7969,21.7969,0,0,13.202001,384650018
13.074968,77.5195,20.5664,20.5664,0,0,13.202001,384650018
13.076968,78.0469,19.1602,19.1602,0,0,13.202001,384650018
13.078968,78.7500,17.7539,17.7539,0,0,13.202001,384650018
13.080968,79.4531,16.5234,16.5234,0,0,13.202001,384650018
13.082968,79.9805,15.1172,15.1172,0,0,13.202001,384650018
13.084968,80.6836,13.7109,13.7109,0,0,13.202001,384650018
13.086968,81.3867,12.4805,12.4805,0,0,13.202001,384650018
13.088984,82.0898,11.2500,11.2500,0,0,13.202001,384650018
13.090992,82.6172,9.8438,9.8438,0,0,13.202001,384650018
13.092992,83.1445,8.6133,8.6133,0,0,13.202001,384650018
13.095000,83.8477,7.3828,7.3828,0,0,13.202001,384650018
13.097022,84.3750,5.9766,5.9766,0,0,13.202001,384650018
13.099019,84.9023,4.9219,4.9219,0,0,13.202001,384650018
13.101017,85.6055,3.6914,3.6914,0,0,13.202001,384650018
13.103015,85.9570,2.4609,2.4609,0,0,13.202001,384650018
13.105015,86.4844,1.4062,1.4062,0,0,13.202001,384650018
13.107015,87.0117,0.1758,0.1758,0,0,13.202001,384650018
13.109015,87.5391,-0.8789,-0.8789,0,0,13.202001,384650018
13.111015,88.0664,-1.9336,-1.9336,0,0,13.202001,384650018
13.113015,88.4180,-2.9883,-2.9883,0,0,13.202001,384650018
13.115015,88.9453,-4.0430,-4.0430,0,0,13.202001,384650018
13.117015,89.2969,-5.0977,-5.0977,0,0,13.202001,384650018
13.119015,89.6484,-5.9766,-5.9766,0,0,13.202001,384650018
13.121015,90.0000,-6.8555,-6.8555,0,0,13.202001,384650018
13.123026,90.5273,-7.9102,-7.9102,0,0,13.202001,384650018
13.125023,90.8789,-8.7891,-8.7891,0,0,13.202001,384650018
13.127022,91.2305,-9.6680,-9.6680,0,0,13.202001,384650018
13.129018,91.4062,-10.5469,-10.5469,0,0,13.202001,384650018
13.131018,91.7578,-11.2500,-11.2500,0,0,13.202001,384650018
13.133015,92.1094,-12.1289,-12.1289,0,0,13.202001,384650018
13.135015,92.2852,-12.8320,-12.8320,0,0,13.202001,384650018
13.137015,92.6367,-13.5352,-13.5352,0,0,13.202001,384650018
13.139015,92.8125,-14.4141,-14.4141,0,0,13.202001,384650018
13.141015,93.1641,-14.9414,-14.9414,0,0,13.202001,384650018
13.142969,93.3398,-15.6445,-15.6445,0,0,13.202001,384650018
13.145023,93.5156,-16.1719,-16.1719,0,0,13.202001,384650018
13.146981,93.6914,-16.8750,-16.8750,0,0,13.202001,384650018
13.149012,93.8672,-17.4023,-17.4023,0,0,13.202001,384650018
13.150974,94.0430,-17.9297,-17.9297,0,0,13.202001,384650018
13.152962,94.2188,-18.4570,-18.4570,0,0,13.202001,384650018
13.154975,94.3945,-18.9844,-18.9844,0,0,13.202001,384650018
13.156971,94.5703,-19.5117,-19.5117,0,0,13.202001,384650018
13.158971,94.7461,-20.0391,-20.0391,0,0,13.202001,384650018
13.163562,94.9219,-20.9180,-20.9180,0,0,13.202001,384650018
13.163825,94.9219,-20.9180,-20.9180,0,0,13.202001,384650018
13.165037,94.9219,-21.0938,-21.0938,0,0,13.202001,384650018
13.167028,95.0977,-21.4453,-21.4453,0,0,13.202001,384650018
13.169010,95.2734,-21.7969,-21.7969,0,0,13.202001,384650018
13.171000,95.2734,-22.1484,-22.1484,0,0,13.202001,384650018
13.172989,95.4492,-22.3242,-22.3242,0,0,13.202001,384650018
13.177504,95.4492,-23.0273,-23.0273,0,0,13.435635,384903605
13.177968,95.4492,-23.0273,-23.0273,0,0,13.435635,384903605
13.179036,95.4492,-23.0273,-23.0273,0,0,13.435635,384903605
13.180996,95.4492,-23.2031,-23.2031,0,0,13.435635,384903605
13.182988,95.6250,-23.3789,-23.3789,0,0,13.435635,384903605
13.184983,95.6250,-23.5547,-23.5547,0,0,13.435635,384903605
13.186962,95.6250,-23.5547,-23.5547,0,0,13.435635,384903605
13.189027,95.6250,-23.7305,-23.7305,0,0,13.435635,384903605
13.191012,95.6250,-23.7305,-23.7305,0,0,13.435635,384903605
13.193014,95.6250,-23.7305,-23.7305,0,0,13.435635,384903605
13.194996,95.6250,-23.7305,-23.7305,0,0,13.435635,384903605
13.196976,95.6250,-23.7305,-23.7305,0,0,13.435635,384903605
13.198973,95.4492,-23.7305,-23.7305,0,0,13.435635,384903605
13.201005,95.4492,-23.5547,-23.5547,0,0,13.435635,384903605
13.202986,95.4492,-23.5547,-23.5547,0,0,13.435635,384903605
13.204991,95.4492,-23.3789,-23.3789,0,0,13.435635,384903605
13.206971,95.2734,-23.2031,-23.2031,0,0,13.435635,384903605
13.209014,95.2734,-23.0273,-23.0273,0,0,13.435635,384903605
13.211049,95.0977,-22.8516,-22.8516,0,0,13.435635,384903605
13.212961,95.0977,-22.5000,-22.5000,0,0,13.435635,384903605
13.215007,94.9219,-22.3242,-22.3242,0,0,13.435635,384903605
13.217003,94.7461,-22.1484,-22.1484,0,0,13.435635,384903605
13.219029,94.7461,-21.7969,-21.7969,0,0,13.435635,384903605
13.221027,94.5703,-21.4453,-21.4453,0,0,13.435635,384903605
13.222991,94.3945,-21.0938,-21.0938,0,0,13.435635,384903605
13.224990,94.3945,-20.7422,-20.7422,0,0,13.435635,384903605
13.226986,94.2188,-20.3906,-20.3906,0,0,13.435635,384903605
13.228984,94.0430,-19.8633,-19.8633,0,0,13.435635,384903605
13.230984,93.8672,-19.5117,-19.5117,0,0,13.435635,384903605
13.232984,93.6914,-18.9844,-18.9844,0,0,13.435635,384903605
13.234984,93.5156,-18.4570,-18.4570,0,0,13.435635,384903605
13.236984,93.3398,-17.9297,-17.9297,0,0,13.435635,384903605
13.238984,93.1641,-17.4023,-17.4023,0,0,13.435635,384903605
13.240992,92.8125,-16.8750,-16.8750,0,0,13.435635,384903605
13.242990,92.6367,-16.1719,-16.1719,0,0,13.435635,384903605
13.244986,92.4609,-15.6445,-15.6445,0,0,13.435635,384903605
13.246984,92.1094,-15.1172,-15.1172,0,0,13.435635,384903605
13.248984,91.9336,-14.4141,-14.4141,0,0,13.435635,384903605
13.250984,91.5820,-13.7109,-13.7109,0,0,13.435635,384903605
13.252984,91.4062,-13.0078,-13.0078,0,0,13.435635,384903605
13.254984,91.0547,-12.1289,-12.1289,0,0,13.435635,384903605
13.256984,90.7031,-11.4258,-11.4258,0,0,13.435635,384903605
13.258984,90.3516,-10.5469,-10.5469,0,0,13.435635,384903605
13.263880,89.4727,-8.4375,-8.4375,0,0,13.435635,384903605
13.264187,89.4727,-8.4375,-8.4375,0,0,13.435635,384903605
13.264972,89.2969,-8.0859,-8.0859,0,0,13.435635,384903605
13.266962,88.9453,-7.2070,-7.2070,0,0,13.435635,384903605
13.269030,88.5938,-6.1523,-6.1523,0,0,13.435635,384903605
13.271018,88.2422,-5.2734,-5.2734,0,0,13.435635,384903605
13.273001,87.7148,-4.3945,-4.3945,0,0,13.435635,384903605
13.274992,87.3633,-3.3398,-3.3398,0,0,13.435635,384903605
13.276972,87.0117,-2.4609,-2.4609,0,0,13.435635,384903605
13.278962,86.4844,-1.2305,-1.2305,0,0,13.435635,384903605
13.281029,85.9570,-0.1758,-0.1758,0,0,13.435635,384903605
13.283017,85.4297,0.8789,0.8789,0,0,13.435635,384903605
13.285001,84.9023,1.9336,1.9336,0,0,13.435635,384903605
13.286992,84.3750,2.9883,2.9883,0,0,13.435635,384903605
13.288972,83.8477,4.2188,4.2188,0,0,13.435635,384903605
13.290962,83.4961,5.2734,5.2734,0,0,13.435635,384903605
13.293030,82.7930,6.5039,6.5039,0,0,13.435635,384903605
13.294987,82.2656,7.7344,7.7344,0,0,13.435635,384903605
13.296968,81.7383,8.9648,8.9648,0,0,13.435635,384903605
13.298969,81.0352,10.1953,10.1953,0,0,13.435635,384903605
13.301018,80.5078,11.4258,11.4258,0,0,13.435635,384903605
13.303007,79.9805,12.6562,12.6562,0,0,13.435635,384903605
13.304988,79.2773,13.8867,13.8867,0,0,13.435635,384903605
13.306979,78.7500,15.1172,15.1172,0,0,13.435635,384903605
13.308962,78.0469,16.3477,16.3477,0,0,13.435635,384903605
13.311039,77.5195,17.7539,17.7539,0,0,13.435635,384903605
13.313021,76.8164,18.9844,18.9844,0,0,13.435635,384903605
13.315010,76.2891,20.2148,20.2148,0,0,13.435635,384903605
13.316991,75.7617,21.4453,21.4453,0,0,13.435635,384903605
13.318980,75.0586,22.6758,22.6758,0,0,13.435635,384903605
13.320962,74.3555,23.9062,23.9062,0,0,13.435635,384903605
13.322972,73.8281,25.3125,25.3125,0,0,13.435635,384903605
13.325039,73.3008,26.5430,26.5430,0,0,13.435635,384903605
13.327030,72.5977,27.7734,27.7734,0,0,13.435635,384903605
13.329011,72.0703,29.0039,29.0039,0,0,13.435635,384903605
13.331000,71.5430,30.0586,30.0586,0,0,13.435635,384903605
13.332984,71.0156,31.2891,31.2891,0,0,13.435635,384903605
13.334971,70.4883,32.3438,32.3438,0,0,13.435635,384903605
13.337039,69.9609,33.5742,33.5742,0,0,13.435635,384903605
13.339030,69.4336,34.6289,34.6289,0,0,13.435635,384903605
13.341011,68.9062,35.8594,35.8594,0,0,13.435635,384903605
13.343000,68.5547,36.7383,36.7383,0,0,13.435635,384903605
13.344984,68.0273,37.9688,37.9688,0,0,13.435635,384903605
13.346971,67.6758,38.8477,38.8477,0,0,13.435635,384903605
13.349039,67.1484,39.9023,39.9023,0,0,13.435635,384903605
13.351030,66.7969,40.9570,40.9570,0,0,13.435635,384903605
13.353011,66.4453,41.8359,41.8359,0,0,13.435635,384903605
13.355000,66.0938,42.7148,42.7148,0,0,13.435635,384903605
13.356984,65.7422,43.7695,43.7695,0,0,13.435635,384903605
13.358971,65.3906,44.4727,44.4727,0,0,13.435635,384903605
13.363335,64.5117,46.4062,46.4062,0,0,13.435635,384903605
13.363598,64.5117,46.5820,46.5820,0,0,13.435635,384903605
13.365000,64.3359,47.1094,47.1094,0,0,13.435635,384903605
13.367000,63.9844,47.8125,47.8125,0,0,13.435635,384903605
13.368996,63.8086,48.6914,48.6914,0,0,13.435635,384903605
13.370992,63.4570,49.3945,49.3945,0,0,13.435635,384903605
13.372990,63.2812,50.0977,50.0977,0,0,13.435635,384903605
13.374988,63.1055,50.8008,50.8008,0,0,13.435635,384903605
13.376984,62.7539,51.3281,51.3281,0,0,13.435635,384903605
13.378984,62.5781,52.0312,52.0312,0,0,13.435635,384903605
13.380980,62.4023,52.7344,52.7344,0,0,13.435635,384903605
13.382979,62.2266,53.2617,53.2617,0,0,13.435635,384903605
13.384975,62.0508,53.7891,53.7891,0,0,13.435635,384903605
13.386971,61.8750,54.3164,54.3164,0,0,13.435635,384903605
13.388971,61.6992,54.8438,54.8438,0,0,13.435635,384903605
13.390967,61.5234,55.3711,55.3711,0,0,13.435635,384903605
13.392963,61.3477,55.7227,55.7227,0,0,13.435635,384903605
13.394962,61.1719,56.2500,56.2500,0,0,13.435635,384903605
13.397015,61.1719,56.6016,56.6016,0,0,13.435635,384903605
13.399015,60.9961,56.9531,56.9531,0,0,13.435635,384903605
13.401016,60.9961,57.3047,57.3047,0,0,13.435635,384903605
13.403032,60.8203,57.8320,57.8320,0,0,13.435635,384903605
13.405030,60.8203,58.0078,58.0078,0,0,13.435635,384903605
13.407029,60.6445,58.3594,58.3594,0,0,13.435635,384903605
13.409028,60.6445,58.5352,58.5352,0,0,13.435635,384903605
13.411026,60.4688,58.8867,58.8867,0,0,13.435635,384903605
13.413023,60.4688,59.0625,59.0625,0,0,13.435635,384903605
13.415022,60.4688,59.2383,59.2383,0,0,13.435635,384903605
13.417018,60.4688,59.4141,59.4141,0,0,13.435635,384903605
13.419017,60.4688,59.5898,59.5898,0,0,13.435635,384903605
13.421011,60.4688,59.7656,59.7656,0,0,13.435635,384903605
13.423004,60.4688,59.7656,59.7656,0,0,13.435635,384903605
13.424994,60.4688,59.9414,59.9414,0,0,13.435635,384903605
13.427189,60.4688,59.9414,59.9414,0,0,13.435635,384903605
13.431363,60.4688,59.9414,59.9414,0,0,13.668948,385133698
13.431778,60.4688,59.9414,59.9414,0,0,13.668948,385133698
13.433033,60.4688,59.9414,59.9414,0,0,13.668948,385133698
13.434992,60.4688,59.9414,59.9414,0,0,13.668948,385133698
13.436958,60.4688,59.7656,59.7656,0,0,13.668948,385133698
13.439041,60.6445,59.7656,59.7656,0,0,13.668948,385133698
13.441040,60.6445,59.5898,59.5898,0,0,13.668948,385133698
13.443003,60.6445,59.4141,59.4141,0,0,13.668948,385133698
13.445063,60.8203,59.2383,59.2383,0,0,13.668948,385133698
13.446992,60.9961,59.0625,59.0625,0,0,13.668948,385133698
13.449039,60.9961,58.8867,58.8867,0,0,13.668948,385133698
13.451008,60.9961,58.5352,58.5352,0,0,13.668948,385133698
13.452965,61.1719,58.3594,58.3594,0,0,13.668948,385133698
13.454963,61.3477,58.0078,58.0078,0,0,13.668948,385133698
13.456963,61.3477,57.8320,57.8320,0,0,13.668948,385133698
13.458963,61.5234,57.4805,57.4805,0,0,13.668948,385133698
13.463855,61.8750,56.6016,56.6016,0,0,13.668948,385133698
13.464162,61.8750,56.4258,56.4258,0,0,13.668948,385133698
13.465033,62.0508,56.2500,56.2500,0,0,13.668948,385133698
13.467022,62.2266,55.8984,55.8984,0,0,13.668948,385133698
13.469003,62.4023,55.3711,55.3711,0,0,13.668948,385133698
13.470992,62.5781,55.0195,55.0195,0,0,13.668948,385133698
13.472971,62.7539,54.4922,54.4922,0,0,13.668948,385133698
13.474962,62.9297,53.9648,53.9648,0,0,13.668948,385133698
13.477030,63.1055,53.4375,53.4375,0,0,13.668948,385133698
13.479019,63.4570,52.7344,52.7344,0,0,13.668948,385133698
13.481000,63.6328,52.2070,52.2070,0,0,13.668948,385133698
13.482992,63.8086,51.5039,51.5039,0,0,13.668948,385133698
13.484972,64.1602,50.9766,50.9766,0,0,13.668948,385133698
13.486962,64.3359,50.2734,50.2734,0,0,13.668948,385133698
13.489029,64.6875,49.5703,49.5703,0,0,13.668948,385133698
13.491017,65.0391,48.8672,48.8672,0,0,13.668948,385133698
13.493001,65.2148,48.1641,48.1641,0,0,13.668948,385133698
13.494992,65.5664,47.2852,47.2852,0,0,13.668948,385133698
13.496972,65.9180,46.5820,46.5820,0,0,13.668948,385133698
13.498981,66.2695,45.8789,45.8789,0,0,13.668948,385133698
13.500979,66.6211,45.0000,45.0000,0,0,13.668948,385133698
13.502971,66.9727,44.1211,44.1211,0,0,13.668948,385133698
13.505039,67.3242,43.2422,43.2422,0,0,13.668948,385133698
13.506965,67.6758,42.3633,42.3633,0,0,13.668948,385133698
13.509030,68.2031,41.4844,41.4844,0,0,13.668948,385133698
13.511021,68.5547,40.4297,40.4297,0,0,13.668948,385133698
13.513003,68.9062,39.5508,39.5508,0,0,13.668948,385133698
13.514992,69.4336,38.4961,38.4961,0,0,13.668948,385133698
13.516972,69.9609,37.4414,37.4414,0,0,13.668948,385133698
13.518962,70.3125,36.5625,36.5625,0,0,13.668948,385133698
13.521029,70.8398,35.3320,35.3320,0,0,13.668948,385133698
13.523030,71.3672,34.4531,34.4531,0,0,13.668948,385133698
13.525011,71.8945,33.2227,33.2227,0,0,13.668948,385133698
13.527000,72.4219,32.1680,32.1680,0,0,13.668948,385133698
13.528984,72.9492,31.1133,31.1133,0,0,13.668948,385133698
13.530971,73.4766,29.8828,29.8828,0,0,13.668948,385133698
13.533039,74.0039,28.8281,28.8281,0,0,13.668948,385133698
13.535030,74.5312,27.5977,27.5977,0,0,13.668948,385133698
13.537011,75.0586,26.5430,26.5430,0,0,13.668948,385133698
13.539000,75.7617,25.3125,25.3125,0,0,13.668948,385133698
13.540984,76.2891,24.0820,24.0820,0,0,13.668948,385133698
13.542971,76.8164,23.0273,23.0273,0,0,13.668948,385133698
13.545039,77.5195,21.7969,21.7969,0,0,13.668948,385133698
13.547030,78.0469,20.5664,20.5664,0,0,13.668948,385133698
13.549011,78.5742,19.3359,19.3359,0,0,13.668948,385133698
13.551000,79.2773,18.2812,18.2812,0,0,13.668948,385133698
13.552984,79.8047,17.0508,17.0508,0,0,13.668948,385133698
13.554971,80.3320,15.8203,15.8203,0,0,13.668948,385133698
13.557039,81.0352,14.5898,14.5898,0,0,13.668948,385133698
13.559030,81.5625,13.3594,13.3594,0,0,13.668948,385133698
13.563396,82.7930,10.8984,10.8984,0,0,13.668948,385133698
13.563662,82.7930,10.7227,10.7227,0,0,13.668948,385133698
13.564975,83.1445,10.0195,10.0195,0,0,13.668948,385133698
13.566971,83.6719,8.7891,8.7891,0,0,13.668948,385133698
13.568967,84.1992,7.7344,7.7344,0,0,13.668948,385133698
13.570963,84.7266,6.6797,6.6797,0,0,13.668948,385133698
13.572962,85.2539,5.6250,5.6250,0,0,13.668948,385133698
13.574959,85.7812,4.5703,4.5703,0,0,13.668948,385133698
13.576956,86.3086,3.5156,3.5156,0,0,13.668948,385133698
13.578956,86.6602,2.4609,2.4609,0,0,13.668948,385133698
13.581039,87.1875,1.4062,1.4062,0,0,13.668948,385133698
13.583038,87.5391,0.5273,0.5273,0,0,13.668948,385133698
13.585034,87.8906,-0.3516,-0.3516,0,0,13.668948,385133698
13.587030,88.4180,-1.4062,-1.4062,0,0,13.668948,385133698
13.589029,88.7695,-2.2852,-2.2852,0,0,13.668948,385133698
13.591028,89.1211,-3.1641,-3.1641,0,0,13.668948,385133698
13.593026,89.4727,-4.0430,-4.0430,0,0,13.668948,385133698
13.595023,89.8242,-4.7461,-4.7461,0,0,13.668948,385133698
13.597021,90.1758,-5.6250,-5.6250,0,0,13.668948,385133698
13.599017,90.5273,-6.3281,-6.3281,0,0,13.668948,385133698
13.600965,90.7031,-7.0312,-7.0312,0,0,13.668948,385133698
13.602962,91.0547,-7.9102,-7.9102,0,0,13.668948,385133698
13.604959,91.2305,-8.6133,-8.6133,0,0,13.668948,385133698
13.606957,91.5820,-9.3164,-9.3164,0,0,13.668948,385133698
13.608971,91.9336,-9.8438,-9.8438,0,0,13.668948,385133698
13.610968,92.1094,-10.5469,-10.5469,0,0,13.668948,385133698
13.612968,92.2852,-11.0742,-11.0742,0,0,13.668948,385133698
13.614968,92.4609,-11.7773,-11.7773,0,0,13.668948,385133698
13.616968,92.6367,-12.3047,-12.3047,0,0,13.668948,385133698
13.618968,92.8125,-12.8320,-12.8320,0,0,13.668948,385133698
13.620968,93.1641,-13.3594,-13.3594,0,0,13.668948,385133698
13.622975,93.3398,-13.8867,-13.8867,0,0,13.668948,385133698
13.624971,93.3398,-14.4141,-14.4141,0,0,13.668948,385133698
13.626967,93.5156,-14.7656,-14.7656,0,0,13.668948,385133698
13.628963,93.6914,-15.1172,-15.1172,0,0,13.668948,385133698
13.630962,93.8672,-15.4688,-15.4688,0,0,13.668948,385133698
13.632959,94.0430,-15.9961,-15.9961,0,0,13.668948,385133698
13.634956,94.0430,-16.1719,-16.1719,0,0,13.668948,385133698
13.636956,94.0430,-16.5234,-16.5234,0,0,13.668948,385133698
13.639039,94.2188,-16.8750,-16.8750,0,0,13.668948,385133698
13.641038,94.2188,-17.2266,-17.2266,0,0,13.668948,385133698
13.643034,94.3945,-17.4023,-17.4023,0,0,13.668948,385133698
13.645030,94.3945,-17.5781,-17.5781,0,0,13.668948,385133698
13.647029,94.3945,-17.7539,-17.7539,0,0,13.668948,385133698
13.649028,94.5703,-17.9297,-17.9297,0,0,13.668948,385133698
13.651015,94.5703,-18.1055,-18.1055,0,0,13.668948,385133698
13.653015,94.5703,-18.2812,-18.2812,0,0,13.668948,385133698
13.654973,94.5703,-18.2812,-18.2812,0,0,13.668948,385133698
13.657561,94.5703,-18.4570,-18.4570,0,0,13.668948,385133698
13.665727,94.5703,-18.4570,-18.4570,0,0,13.930463,385390013
13.666103,94.5703,-18.4570,-18.4570,0,0,13.930463,385390013
13.666280,94.5703,-18.4570,-18.4570,0,0,13.930463,385390013
13.666459,94.5703,-18.4570,-18.4570,0,0,13.930463,385390013
13.666973,94.5703,-18.4570,-18.4570,0,0,13.930463,385390013
13.668977,94.5703,-18.2812,-18.2812,0,0,13.930463,385390013
13.670965,94.3945,-18.2812,-18.2812,0,0,13.930463,385390013
13.672958,94.3945,-18.1055,-18.1055,0,0,13.930463,385390013
13.675041,94.3945,-18.1055,-18.1055,0,0,13.930463,385390013
13.676986,94.2188,-17.9297,-17.9297,0,0,13.930463,385390013
13.678969,94.2188,-17.7539,-17.7539,0,0,13.930463,385390013
13.681027,94.0430,-17.4023,-17.4023,0,0,13.930463,385390013
13.682960,94.0430,-17.2266,-17.2266,0,0,13.930463,385390013
13.684963,93.8672,-17.0508,-17.0508,0,0,13.930463,385390013
13.687039,93.6914,-16.6992,-16.6992,0,0,13.930463,385390013
13.689030,93.6914,-16.5234,-16.5234,0,0,13.930463,385390013
13.691021,93.5156,-16.1719,-16.1719,0,0,13.930463,385390013
13.693015,93.3398,-15.8203,-15.8203,0,0,13.930463,385390013
13.695003,93.1641,-15.4688,-15.4688,0,0,13.930463,385390013
13.696995,92.9883,-15.1172,-15.1172,0,0,13.930463,385390013
13.698984,92.8125,-14.5898,-14.5898,0,0,13.930463,385390013
13.700979,92.6367,-14.0625,-14.0625,0,0,13.930463,385390013
13.702971,92.4609,-13.7109,-13.7109,0,0,13.930463,385390013
13.704969,92.2852,-13.1836,-13.1836,0,0,13.930463,385390013
13.706959,92.1094,-12.6562,-12.6562,0,0,13.930463,385390013
13.709040,91.9336,-12.1289,-12.1289,0,0,13.930463,385390013
13.710967,91.5820,-11.6016,-11.6016,0,0,13.930463,385390013
13.712963,91.4062,-11.0742,-11.0742,0,0,13.930463,385390013
13.715039,91.2305,-10.3711,-10.3711,0,0,13.930463,385390013
13.717030,90.8789,-9.6680,-9.6680,0,0,13.930463,385390013
13.719019,90.5273,-9.1406,-9.1406,0,0,13.930463,385390013
13.721015,90.3516,-8.4375,-8.4375,0,0,13.930463,385390013
13.723015,90.0000,-7.7344,-7.7344,0,0,13.930463,385390013
13.725009,89.8242,-7.0312,-7.0312,0,0,13.930463,385390013
13.727000,89.4727,-6.3281,-6.3281,0,0,13.930463,385390013
13.728992,89.1211,-5.4492,-5.4492,0,0,13.930463,385390013
13.730980,88.7695,-4.7461,-4.7461,0,0,13.930463,385390013
13.732975,88.4180,-3.8672,-3.8672,0,0,13.930463,385390013
13.734963,88.0664,-3.1641,-3.1641,0,0,13.930463,385390013
13.736956,87.7148,-2.2852,-2.2852,0,0,13.930463,385390013
13.739030,87.1875,-1.2305,-1.2305,0,0,13.930463,385390013
13.741021,86.8359,-0.3516,-0.3516,0,0,13.930463,385390013
13.743010,86.4844,0.5273,0.5273,0,0,13.930463,385390013
13.745003,85.9570,1.4062,1.4062,0,0,13.930463,385390013
13.746992,85.6055,2.2852,2.2852,0,0,13.930463,385390013
13.748984,85.0781,3.3398,3.3398,0,0,13.930463,385390013
13.750971,84.7266,4.3945,4.3945,0,0,13.930463,385390013
13.752963,84.1992,5.2734,5.2734,0,0,13.930463,385390013
13.755039,83.6719,6.3281,6.3281,0,0,13.930463,385390013
13.757030,83.1445,7.3828,7.3828,0,0,13.930463,385390013
13.759019,82.7930,8.4375,8.4375,0,0,13.930463,385390013
13.763587,81.5625,10.8984,10.8984,0,0,13.930463,385390013
13.763866,81.3867,11.0742,11.0742,0,0,13.930463,385390013
13.764992,81.2109,11.6016,11.6016,0,0,13.930463,385390013
13.766984,80.6836,12.8320,12.8320,0,0,13.930463,385390013
13.768971,80.1562,13.8867,13.8867,0,0,13.930463,385390013
13.770963,79.6289,14.9414,14.9414,0,0,13.930463,385390013
13.773039,78.9258,16.1719,16.1719,0,0,13.930463,385390013
13.775030,78.5742,17.2266,17.2266,0,0,13.930463,385390013
13.777022,77.8711,18.4570,18.4570,0,0,13.930463,385390013
13.779015,77.3438,19.5117,19.5117,0,0,13.930463,385390013
13.781003,76.8164,20.5664,20.5664,0,0,13.930463,385390013
13.782996,76.2891,21.7969,21.7969,0,0,13.930463,385390013
13.784984,75.7617,22.8516,22.8516,0,0,13.930463,385390013
13.786979,75.2344,23.9062,23.9062,0,0,13.930463,385390013
13.788968,74.7070,24.9609,24.9609,0,0,13.930463,385390013
13.790962,74.1797,26.0156,26.0156,0,0,13.930463,385390013
13.793039,73.6523,27.2461,27.2461,0,0,13.930463,385390013
13.795030,73.1250,28.3008,28.3008,0,0,13.930463,385390013
13.797018,72.7734,29.3555,29.3555,0,0,13.930463,385390013
13.799015,72.2461,30.4102,30.4102,0,0,13.930463,385390013
13.801003,71.7188,31.2891,31.2891,0,0,13.930463,385390013
13.802995,71.3672,32.3438,32.3438,0,0,13.930463,385390013
13.804984,70.8398,33.2227,33.2227,0,0,13.930463,385390013
13.807019,70.4883,34.2773,34.2773,0,0,13.930463,385390013
13.809009,69.9609,35.1562,35.1562,0,0,13.930463,385390013
13.811003,69.6094,36.2109,36.2109,0,0,13.930463,385390013
13.812992,69.2578,37.0898,37.0898,0,0,13.930463,385390013
13.815032,68.7305,37.9688,37.9688,0,0,13.930463,385390013
13.817022,68.3789,38.8477,38.8477,0,0,13.930463,385390013
13.819018,68.0273,39.7266,39.7266,0,0,13.930463,385390013
13.821007,67.6758,40.4297,40.4297,0,0,13.930463,385390013
13.823007,67.5000,41.3086,41.3086,0,0,13.930463,385390013
13.824994,67.1484,42.0117,42.0117,0,0,13.930463,385390013
13.826986,66.7969,42.8906,42.8906,0,0,13.930463,385390013
13.828975,66.6211,43.5938,43.5938,0,0,13.930463,385390013
13.830968,66.2695,44.2969,44.2969,0,0,13.930463,385390013
13.832959,65.9180,45.0000,45.0000,0,0,13.930463,385390013
13.835039,65.7422,45.7031,45.7031,0,0,13.930463,385390013
13.837030,65.3906,46.2305,46.2305,0,0,13.930463,385390013
13.839023,65.2148,46.9336,46.9336,0,0,13.930463,385390013
13.841015,65.0391,47.4609,47.4609,0,0,13.930463,385390013
13.843010,64.8633,47.9883,47.9883,0,0,13.930463,385390013
13.845001,64.6875,48.6914,48.6914,0,0,13.930463,385390013
13.846993,64.5117,49.2188,49.2188,0,0,13.930463,385390013
13.848984,64.3359,49.5703,49.5703,0,0,13.930463,385390013
13.850979,64.1602,50.0977,50.0977,0,0,13.930463,385390013
13.852968,63.9844,50.6250,50.6250,0,0,13.930463,385390013
13.854962,63.8086,50.9766,50.9766,0,0,13.930463,385390013
13.857039,63.6328,51.3281,51.3281,0,0,13.930463,385390013
13.859030,63.6328,51.6797,51.6797,0,0,13.930463,385390013
13.863412,63.2812,52.5586,52.5586,0,0,13.930463,385390013
13.863677,63.2812,52.5586,52.5586,0,0,13.930463,385390013
13.864980,63.2812,52.7344,52.7344,0,0,13.930463,385390013
13.866971,63.1055,53.0859,53.0859,0,0,13.930463,385390013
13.868962,63.1055,53.4375,53.4375,0,0,13.930463,385390013
13.870956,63.1055,53.6133,53.6133,0,0,13.930463,385390013
13.873030,62.9297,53.7891,53.7891,0,0,13.930463,385390013
13.875023,62.9297,54.1406,54.1406,0,0,13.930463,385390013
13.877015,62.9297,54.3164,54.3164,0,0,13.930463,385390013
13.879010,62.9297,54.3164,54.3164,0,0,13.930463,385390013
13.881001,62.7539,54.4922,54.4922,0,0,13.930463,385390013
13.882998,62.7539,54.6680,54.6680,0,0,13.930463,385390013
13.884971,62.7539,54.8438,54.8438,0,0,13.930463,385390013
13.887039,62.7539,54.8438,54.8438,0,0,13.930463,385390013
13.889030,62.7539,54.8438,54.8438,0,0,13.930463,385390013
13.890961,62.7539,54.8438,54.8438,0,0,13.930463,385390013
13.892971,62.7539,54.8438,54.8438,0,0,13.930463,385390013
13.894964,62.7539,54.8438,54.8438,0,0,13.930463,385390013
13.896956,62.9297,54.8438,54.8438,0,0,13.930463,385390013
13.898980,62.9297,54.6680,54.6680,0,0,13.930463,385390013
13.901170,63.1055,54.4922,54.4922,0,0,13.930463,385390013
13.903010,63.1055,54.4922,54.4922,0,0,13.930463,385390013
13.905001,63.1055,54.3164,54.3164,0,0,13.930463,385390013
13.906993,63.2812,54.1406,54.1406,0,0,13.930463,385390013
13.909031,63.2812,53.9648,53.9648,0,0,13.930463,385390013
13.910972,63.4570,53.7891,53.7891,0,0,13.930463,385390013
13.913006,63.4570,53.6133,53.6133,0,0,13.930463,385390013
13.917378,63.8086,52.9102,52.9102,0,0,14.167154,385637749
13.917815,63.8086,52.9102,52.9102,0,0,14.167154,385637749
13.918987,63.8086,52.7344,52.7344,0,0,14.167154,385637749
13.921014,63.9844,52.3828,52.3828,0,0,14.167154,385637749
13.923013,64.1602,52.0312,52.0312,0,0,14.167154,385637749
13.925017,64.3359,51.6797,51.6797,0,0,14.167154,385637749
13.926999,64.5117,51.3281,51.3281,0,0,14.167154,385637749
13.928980,64.6875,50.9766,50.9766,0,0,14.167154,385637749
13.930998,64.8633,50.4492,50.4492,0,0,14.167154,385637749
13.932980,65.0391,50.0977,50.0977,0,0,14.167154,385637749
13.934972,65.2148,49.5703,49.5703,0,0,14.167154,385637749
13.937018,65.3906,49.0430,49.0430,0,0,14.167154,385637749
13.939022,65.7422,48.5156,48.5156,0,0,14.167154,385637749
13.941033,65.9180,47.9883,47.9883,0,0,14.167154,385637749
13.943034,66.0938,47.4609,47.4609,0,0,14.167154,385637749
13.945012,66.4453,46.7578,46.7578,0,0,14.167154,385637749
13.947015,66.6211,46.2305,46.2305,0,0,14.167154,385637749
13.949015,66.9727,45.7031,45.7031,0,0,14.167154,385637749
13.951015,67.1484,45.0000,45.0000,0,0,14.167154,385637749
13.953015,67.5000,44.2969,44.2969,0,0,14.167154,385637749
13.955015,67.8516,43.5938,43.5938,0,0,14.167154,385637749
13.957015,68.0273,42.8906,42.8906,0,0,14.167154,385637749
13.959015,68.3789,42.1875,42.1875,0,0,14.167154,385637749
13.963897,69.2578,40.2539,40.2539,0,0,14.167154,385637749
13.964208,69.4336,40.0781,40.0781,0,0,14.167154,385637749
13.964995,69.4336,39.7266,39.7266,0,0,14.167154,385637749
13.966984,69.7852,39.0234,39.0234,0,0,14.167154,385637749
13.968968,70.1367,38.1445,38.1445,0,0,14.167154,385637749
13.970956,70.6641,37.2656,37.2656,0,0,14.167154,385637749
13.973023,71.0156,36.3867,36.3867,0,0,14.167154,385637749
13.975015,71.5430,35.5078,35.5078,0,0,14.167154,385637749
13.976996,71.8945,34.6289,34.6289,0,0,14.167154,385637749
13.978984,72.2461,33.7500,33.7500,0,0,14.167154,385637749
13.980968,72.7734,32.6953,32.6953,0,0,14.167154,385637749
13.982956,73.3008,31.8164,31.8164,0,0,14.167154,385637749
13.985023,73.6523,30.9375,30.9375,0,0,14.167154,385637749
13.987015,74.1797,29.8828,29.8828,0,0,14.167154,385637749
13.988996,74.7070,28.8281,28.8281,0,0,14.167154,385637749
13.990984,75.0586,27.9492,27.9492,0,0,14.167154,385637749
13.992968,75.5859,26.8945,26.8945,0,0,14.167154,385637749
13.994956,76.1133,25.8398,25.8398,0,0,14.167154,385637749
13.997023,76.6406,24.7852,24.7852,0,0,14.167154,385637749
13.999015,77.1680,23.7305,23.7305,0,0,14.167154,385637749
14.000996,77.6953,22.6758,22.6758,0,0,14.167154,385637749
14.002984,78.2227,21.6211,21.6211,0,0,14.167154,385637749
14.004968,78.7500,20.5664,20.5664,0,0,14.167154,385637749
14.006956,79.2773,19.6875,19.6875,0,0,14.167154,385637749
14.009023,79.8047,18.4570,18.4570,0,0,14.167154,385637749
14.011046,80.3320,17.4023,17.4023,0,0,14.167154,385637749
14.013031,80.6836,16.3477,16.3477,0,0,14.167154,385637749
14.015021,81.2109,15.4688,15.4688,0,0,14.167154,385637749
14.017003,81.7383,14.4141,14.4141,0,0,14.167154,385637749
14.019018,82.2656,13.3594,13.3594,0,0,14.167154,385637749
14.021000,82.7930,12.3047,12.3047,0,0,14.167154,385637749
14.023004,83.3203,11.2500,11.2500,0,0,14.167154,385637749
14.024984,83.6719,10.3711,10.3711,0,0,14.167154,385637749
14.026971,84.1992,9.3164,9.3164,0,0,14.167154,385637749
14.029039,84.7266,8.4375,8.4375,0,0,14.167154,385637749
14.031030,85.0781,7.3828,7.3828,0,0,14.167154,385637749
14.033011,85.6055,6.5039,6.5039,0,0,14.167154,385637749
14.035000,85.9570,5.6250,5.6250,0,0,14.167154,385637749
14.036984,86.3086,4.7461,4.7461,0,0,14.167154,385637749
14.038971,86.8359,3.8672,3.8672,0,0,14.167154,385637749
14.041039,87.1875,2.9883,2.9883,0,0,14.167154,385637749
14.043030,87.5391,2.1094,2.1094,0,0,14.167154,385637749
14.045011,87.8906,1.2305,1.2305,0,0,14.167154,385637749
14.047000,88.2422,0.5273,0.5273,0,0,14.167154,385637749
14.048984,88.5938,-0.3516,-0.3516,0,0,14.167154,385637749
14.050971,88.9453,-1.0547,-1.0547,0,0,14.167154,385637749
14.053039,89.2969,-1.7578,-1.7578,0,0,14.167154,385637749
14.055030,89.4727,-2.4609,-2.4609,0,0,14.167154,385637749
14.057011,89.8242,-3.1641,-3.1641,0,0,14.167154,385637749
14.059000,90.1758,-3.8672,-3.8672,0,0,14.167154,385637749
14.063580,90.7031,-5.2734,-5.2734,0,0,14.167154,385637749
14.063844,90.7031,-5.4492,-5.4492,0,0,14.167154,385637749
14.064993,90.8789,-5.8008,-5.8008,0,0,14.167154,385637749
14.066992,91.0547,-6.3281,-6.3281,0,0,14.167154,385637749
14.068990,91.2305,-6.8555,-6.8555,0,0,14.167154,385637749
14.070986,91.5820,-7.3828,-7.3828,0,0,14.167154,385637749
14.072984,91.7578,-7.9102,-7.9102,0,0,14.167154,385637749
14.074984,91.9336,-8.4375,-8.4375,0,0,14.167154,385637749
14.076980,92.1094,-8.9648,-8.9648,0,0,14.167154,385637749
14.078979,92.2852,-9.4922,-9.4922,0,0,14.167154,385637749
14.080975,92.4609,-9.8438,-9.8438,0,0,14.167154,385637749
14.082971,92.6367,-10.1953,-10.1953,0,0,14.167154,385637749
14.084971,92.6367,-10.5469,-10.5469,0,0,14.167154,385637749
14.086967,92.8125,-10.8984,-10.8984,0,0,14.167154,385637749
14.088963,92.9883,-11.2500,-11.2500,0,0,14.167154,385637749
14.090962,92.9883,-11.6016,-11.6016,0,0,14.167154,385637749
14.092959,93.1641,-11.7773,-11.7773,0,0,14.167154,385637749
14.094956,93.1641,-12.1289,-12.1289,0,0,14.167154,385637749
14.096956,93.3398,-12.3047,-12.3047,0,0,14.167154,385637749
14.099039,93.3398,-12.6562,-12.6562,0,0,14.167154,385637749
14.101038,93.3398,-12.8320,-12.8320,0,0,14.167154,385637749
14.103034,93.5156,-13.0078,-13.0078,0,0,14.167154,385637749
14.105030,93.5156,-13.1836,-13.1836,0,0,14.167154,385637749
14.107029,93.5156,-13.1836,-13.1836,0,0,14.167154,385637749
14.109028,93.5156,-13.3594,-13.3594,0,0,14.167154,385637749
14.111026,93.5156,-13.3594,-13.3594,0,0,14.167154,385637749
14.113023,93.5156,-13.5352,-13.5352,0,0,14.167154,385637749
14.114979,93.5156,-13.5352,-13.5352,0,0,14.167154,385637749
14.116976,93.5156,-13.5352,-13.5352,0,0,14.167154,385637749
14.118991,93.5156,-13.5352,-13.5352,0,0,14.167154,385637749
14.120988,93.5156,-13.5352,-13.5352,0,0,14.167154,385637749
14.122994,93.5156,-13.3594,-13.3594,0,0,14.167154,385637749
14.124992,93.5156,-13.3594,-13.3594,0,0,14.167154,385637749
14.126990,93.3398,-13.3594,-13.3594,0,0,14.167154,385637749
14.128986,93.3398,-13.1836,-13.1836,0,0,14.167154,385637749
14.130984,93.3398,-13.0078,-13.0078,0,0,14.167154,385637749
14.132984,93.1641,-12.8320,-12.8320,0,0,14.167154,385637749
14.134980,93.1641,-12.6562,-12.6562,0,0,14.167154,385637749
14.136979,92.9883,-12.4805,-12.4805,0,0,14.167154,385637749
14.138975,92.8125,-12.3047,-12.3047,0,0,14.167154,385637749
14.140971,92.8125,-11.9531,-11.9531,0,0,14.167154,385637749
14.142971,92.6367,-11.7773,-11.7773,0,0,14.167154,385637749
14.144967,92.6367,-11.4258,-11.4258,0,0,14.167154,385637749
14.146963,92.4609,-11.0742,-11.0742,0,0,14.167154,385637749
14.148978,92.2852,-10.7227,-10.7227,0,0,14.167154,385637749
14.150999,92.1094,-10.3711,-10.3711,0,0,14.167154,385637749
14.152995,91.9336,-10.0195,-10.0195,0,0,14.167154,385637749
14.154992,91.7578,-9.6680,-9.6680,0,0,14.167154,385637749
14.156990,91.5820,-9.1406,-9.1406,0,0,14.167154,385637749
14.159025,91.4062,-8.7891,-8.7891,0,0,14.167154,385637749
14.167630,90.3516,-6.5039,-6.5039,0,0,14.421566,385876726
14.168410,90.3516,-6.3281,-6.3281,0,0,14.421566,385876726
14.168660,90.1758,-6.1523,-6.1523,0,0,14.421566,385876726
14.169265,90.1758,-6.1523,-6.1523,0,0,14.421566,385876726
14.169463,90.1758,-5.9766,-5.9766,0,0,14.421566,385876726
14.170964,90.0000,-5.6250,-5.6250,0,0,14.421566,385876726
14.173013,89.6484,-4.9219,-4.9219,0,0,14.421566,385876726
14.175032,89.4727,-4.3945,-4.3945,0,0,14.421566,385876726
14.176956,89.1211,-3.6914,-3.6914,0,0,14.421566,385876726
14.178983,88.7695,-3.1641,-3.1641,0,0,14.421566,385876726
14.181003,88.5938,-2.4609,-2.4609,0,0,14.421566,385876726
14.182988,88.2422,-1.7578,-1.7578,0,0,14.421566,385876726
14.184975,87.8906,-1.0547,-1.0547,0,0,14.421566,385876726
14.186971,87.5391,-0.1758,-0.1758,0,0,14.421566,385876726
14.188971,87.1875,0.5273,0.5273,0,0,14.421566,385876726
14.190968,86.8359,1.4062,1.4062,0,0,14.421566,385876726
14.192968,86.4844,2.1094,2.1094,0,0,14.421566,385876726
14.194968,86.1328,2.9883,2.9883,0,0,14.421566,385876726
14.196968,85.7812,3.6914,3.6914,0,0,14.421566,385876726
14.198968,85.2539,4.5703,4.5703,0,0,14.421566,385876726
14.200968,84.9023,5.4492,5.4492,0,0,14.421566,385876726
14.202968,84.5508,6.3281,6.3281,0,0,14.421566,385876726
14.204968,84.1992,7.2070,7.2070,0,0,14.421566,385876726
14.206968,83.6719,8.0859,8.0859,0,0,14.421566,385876726
14.208968,83.1445,8.9648,8.9648,0,0,14.421566,385876726
14.210968,82.7930,9.8438,9.8438,0,0,14.421566,385876726
14.212968,82.2656,10.8984,10.8984,0,0,14.421566,385876726
14.214968,81.9141,11.7773,11.7773,0,0,14.421566,385876726
14.217030,81.3867,12.8320,12.8320,0,0,14.421566,385876726
14.219028,80.8594,13.7109,13.7109,0,0,14.421566,385876726
14.221028,80.5078,14.7656,14.7656,0,0,14.421566,385876726
14.223015,79.9805,15.6445,15.6445,0,0,14.421566,385876726
14.225015,79.4531,16.6992,16.6992,0,0,14.421566,385876726
14.227015,79.1016,17.5781,17.5781,0,0,14.421566,385876726
14.229015,78.5742,18.6328,18.6328,0,0,14.421566,385876726
14.231015,78.0469,19.6875,19.6875,0,0,14.421566,385876726
14.233015,77.5195,20.5664,20.5664,0,0,14.421566,385876726
14.235015,77.1680,21.4453,21.4453,0,0,14.421566,385876726
14.237015,76.6406,22.5000,22.5000,0,0,14.421566,385876726
14.239015,76.2891,23.5547,23.5547,0,0,14.421566,385876726
14.241039,75.7617,24.4336,24.4336,0,0,14.421566,385876726
14.243039,75.2344,25.3125,25.3125,0,0,14.421566,385876726
14.245034,74.8828,26.3672,26.3672,0,0,14.421566,385876726
14.247030,74.3555,27.2461,27.2461,0,0,14.421566,385876726
14.249029,74.0039,28.1250,28.1250,0,0,14.421566,385876726
14.251028,73.6523,29.0039,29.0039,0,0,14.421566,385876726
14.253026,73.1250,29.8828,29.8828,0,0,14.421566,385876726
14.255023,72.7734,30.9375,30.9375,0,0,14.421566,385876726
14.257021,72.4219,31.6406,31.6406,0,0,14.421566,385876726
14.259017,71.8945,32.5195,32.5195,0,0,14.421566,385876726
14.263674,71.1914,34.4531,34.4531,0,0,14.421566,385876726
14.263961,71.0156,34.6289,34.6289,0,0,14.421566,385876726
14.264993,70.8398,34.9805,34.9805,0,0,14.421566,385876726
14.266984,70.4883,35.6836,35.6836,0,0,14.421566,385876726
14.268968,70.1367,36.5625,36.5625,0,0,14.421566,385876726
14.270956,69.9609,37.2656,37.2656,0,0,14.421566,385876726
14.273023,69.6094,37.9688,37.9688,0,0,14.421566,385876726
14.275015,69.2578,38.6719,38.6719,0,0,14.421566,385876726
14.276996,69.0820,39.3750,39.3750,0,0,14.421566,385876726
14.278984,68.7305,40.0781,40.0781,0,0,14.421566,385876726
14.280968,68.5547,40.6055,40.6055,0,0,14.421566,385876726
14.282956,68.2031,41.1328,41.1328,0,0,14.421566,385876726
14.285023,68.0273,41.8359,41.8359,0,0,14.421566,385876726
14.287015,67.6758,42.3633,42.3633,0,0,14.421566,385876726
14.288996,67.5000,43.0664,43.0664,0,0,14.421566,385876726
14.290984,67.3242,43.5938,43.5938,0,0,14.421566,385876726
14.292968,67.1484,43.9453,43.9453,0,0,14.421566,385876726
14.294956,66.9727,44.4727,44.4727,0,0,14.421566,385876726
14.297023,66.7969,45.0000,45.0000,0,0,14.421566,385876726
14.299015,66.6211,45.5273,45.5273,0,0,14.421566,385876726
14.300996,66.4453,45.8789,45.8789,0,0,14.421566,385876726
14.302984,66.2695,46.4062,46.4062,0,0,14.421566,385876726
14.304968,66.0938,46.7578,46.7578,0,0,14.421566,385876726
14.306956,66.0938,47.1094,47.1094,0,0,14.421566,385876726
14.309023,65.9180,47.4609,47.4609,0,0,14.421566,385876726
14.311015,65.9180,47.8125,47.8125,0,0,14.421566,385876726
14.312996,65.7422,47.9883,47.9883,0,0,14.421566,385876726
14.314984,65.5664,48.3398,48.3398,0,0,14.421566,385876726
14.316968,65.5664,48.5156,48.5156,0,0,14.421566,385876726
14.319009,65.3906,48.8672,48.8672,0,0,14.421566,385876726
14.320992,65.3906,49.0430,49.0430,0,0,14.421566,385876726
14.322965,65.3906,49.2188,49.2188,0,0,14.421566,385876726
14.325031,65.2148,49.3945,49.3945,0,0,14.421566,385876726
14.327022,65.2148,49.5703,49.5703,0,0,14.421566,385876726
14.329003,65.2148,49.7461,49.7461,0,0,14.421566,385876726
14.330992,65.2148,49.7461,49.7461,0,0,14.421566,385876726
14.332971,65.2148,49.9219,49.9219,0,0,14.421566,385876726
14.334962,65.2148,49.9219,49.9219,0,0,14.421566,385876726
14.337030,65.2148,49.9219,49.9219,0,0,14.421566,385876726
14.339019,65.2148,50.0977,50.0977,0,0,14.421566,385876726
14.341000,65.2148,50.0977,50.0977,0,0,14.421566,385876726
14.342992,65.2148,50.0977,50.0977,0,0,14.421566,385876726
14.344972,65.2148,49.9219,49.9219,0,0,14.421566,385876726
14.346962,65.2148,49.9219,49.9219,0,0,14.421566,385876726
14.349029,65.3906,49.9219,49.9219,0,0,14.421566,385876726
14.351017,65.3906,49.7461,49.7461,0,0,14.421566,385876726
14.353001,65.5664,49.5703,49.5703,0,0,14.421566,385876726
14.354992,65.5664,49.3945,49.3945,0,0,14.421566,385876726
14.356972,65.7422,49.2188,49.2188,0,0,14.421566,385876726
14.358962,65.7422,49.0430,49.0430,0,0,14.421566,385876726
14.363322,65.9180,48.6914,48.6914,0,0,14.421566,385876726
14.363601,65.9180,48.5156,48.5156,0,0,14.421566,385876726
14.364990,66.0938,48.3398,48.3398,0,0,14.421566,385876726
14.366986,66.2695,48.1641,48.1641,0,0,14.421566,385876726
14.368984,66.2695,47.8125,47.8125,0,0,14.421566,385876726
14.370984,66.4453,47.4609,47.4609,0,0,14.421566,385876726
14.372980,66.6211,47.1094,47.1094,0,0,14.421566,385876726
14.374979,66.7969,46.7578,46.7578,0,0,14.421566,385876726
14.376975,66.9727,46.4062,46.4062,0,0,14.421566,385876726
14.378971,67.1484,46.0547,46.0547,0,0,14.421566,385876726
14.380971,67.3242,45.7031,45.7031,0,0,14.421566,385876726
14.382967,67.5000,45.1758,45.1758,0,0,14.421566,385876726
14.384963,67.6758,44.6484,44.6484,0,0,14.421566,385876726
14.386962,68.0273,44.2969,44.2969,0,0,14.421566,385876726
14.388959,68.2031,43.7695,43.7695,0,0,14.421566,385876726
14.390961,68.3789,43.2422,43.2422,0,0,14.421566,385876726
14.392957,68.7305,42.7148,42.7148,0,0,14.421566,385876726
14.394957,68.9062,42.1875,42.1875,0,0,14.421566,385876726
14.396957,69.0820,41.6602,41.6602,0,0,14.421566,385876726
14.399013,69.4336,40.9570,40.9570,0,0,14.421566,385876726
14.403792,70.1367,39.3750,39.3750,0,0,14.654733,386125616
14.404392,70.1367,39.3750,39.3750,0,0,14.654733,386125616
14.405018,70.3125,39.0234,39.0234,0,0,14.654733,386125616
14.406997,70.6641,38.3203,38.3203,0,0,14.654733,386125616
14.409004,70.8398,37.7930,37.7930,0,0,14.654733,386125616
14.411018,71.1914,37.0898,37.0898,0,0,14.654733,386125616
14.413015,71.5430,36.2109,36.2109,0,0,14.654733,386125616
14.415015,71.8945,35.5078,35.5078,0,0,14.654733,386125616
14.417015,72.2461,34.8047,34.8047,0,0,14.654733,386125616
14.419015,72.5977,34.1016,34.1016,0,0,14.654733,386125616
14.420991,72.9492,33.2227,33.2227,0,0,14.654733,386125616
14.423018,73.4766,32.5195,32.5195,0,0,14.654733,386125616
14.425032,73.8281,31.6406,31.6406,0,0,14.654733,386125616
14.427030,74.1797,30.9375,30.9375,0,0,14.654733,386125616
14.429001,74.5312,30.0586,30.0586,0,0,14.654733,386125616
14.431554,75.0586,29.0039,29.0039,0,0,14.654733,386125616
14.433031,75.4102,28.3008,28.3008,0,0,14.654733,386125616
14.434967,75.9375,27.4219,27.4219,0,0,14.654733,386125616
14.436963,76.2891,26.5430,26.5430,0,0,14.654733,386125616
14.438962,76.6406,25.6641,25.6641,0,0,14.654733,386125616
14.440959,77.1680,24.7852,24.7852,0,0,14.654733,386125616
14.442984,77.5195,23.9062,23.9062,0,0,14.654733,386125616
14.444965,78.0469,23.0273,23.0273,0,0,14.654733,386125616
14.446980,78.5742,22.1484,22.1484,0,0,14.654733,386125616
14.448979,78.9258,21.2695,21.2695,0,0,14.654733,386125616
14.450975,79.4531,20.2148,20.2148,0,0,14.654733,386125616
14.452971,79.8047,19.3359,19.3359,0,0,14.654733,386125616
14.454968,80.3320,18.4570,18.4570,0,0,14.654733,386125616
14.456968,80.6836,17.5781,17.5781,0,0,14.654733,386125616
14.458968,81.2109,16.6992,16.6992,0,0,14.654733,386125616
14.463849,82.2656,14.4141,14.4141,0,0,14.654733,386125616
14.464168,82.2656,14.4141,14.4141,0,0,14.654733,386125616
14.465028,82.4414,14.0625,14.0625,0,0,14.654733,386125616
14.467018,82.9688,13.0078,13.0078,0,0,14.654733,386125616
14.469000,83.3203,12.3047,12.3047,0,0,14.654733,386125616
14.470992,83.6719,11.4258,11.4258,0,0,14.654733,386125616
14.472972,84.1992,10.5469,10.5469,0,0,14.654733,386125616
14.474962,84.5508,9.6680,9.6680,0,0,14.654733,386125616
14.477029,84.9023,8.7891,8.7891,0,0,14.654733,386125616
14.479017,85.2539,8.0859,8.0859,0,0,14.654733,386125616
14.481001,85.6055,7.2070,7.2070,0,0,14.654733,386125616
14.482992,86.1328,6.5039,6.5039,0,0,14.654733,386125616
14.484972,86.3086,5.8008,5.8008,0,0,14.654733,386125616
14.486962,86.6602,4.9219,4.9219,0,0,14.654733,386125616
14.489029,87.0117,4.2188,4.2188,0,0,14.654733,386125616
14.491017,87.3633,3.5156,3.5156,0,0,14.654733,386125616
14.493001,87.7148,2.8125,2.8125,0,0,14.654733,386125616
14.494992,88.0664,2.1094,2.1094,0,0,14.654733,386125616
14.496972,88.4180,1.5820,1.5820,0,0,14.654733,386125616
14.498962,88.5938,0.8789,0.8789,0,0,14.654733,386125616
14.501029,88.9453,0.1758,0.1758,0,0,14.654733,386125616
14.503017,89.1211,-0.3516,-0.3516,0,0,14.654733,386125616
14.505001,89.2969,-0.8789,-0.8789,0,0,14.654733,386125616
14.506992,89.6484,-1.4062,-1.4062,0,0,14.654733,386125616
14.508972,89.8242,-2.1094,-2.1094,0,0,14.654733,386125616
14.510962,90.0000,-2.6367,-2.6367,0,0,14.654733,386125616
14.513029,90.1758,-3.1641,-3.1641,0,0,14.654733,386125616
14.515017,90.5273,-3.5156,-3.5156,0,0,14.654733,386125616
14.517001,90.5273,-4.0430,-4.0430,0,0,14.654733,386125616
14.518992,90.8789,-4.3945,-4.3945,0,0,14.654733,386125616
14.520972,91.0547,-4.9219,-4.9219,0,0,14.654733,386125616
14.522979,91.2305,-5.2734,-5.2734,0,0,14.654733,386125616
14.524958,91.2305,-5.6250,-5.6250,0,0,14.654733,386125616
14.527032,91.4062,-5.9766,-5.9766,0,0,14.654733,386125616
14.529015,91.5820,-6.3281,-6.3281,0,0,14.654733,386125616
14.530979,91.5820,-6.6797,-6.6797,0,0,14.654733,386125616
14.532962,91.7578,-6.8555,-6.8555,0,0,14.654733,386125616
14.535039,91.9336,-7.2070,-7.2070,0,0,14.654733,386125616
14.537021,91.9336,-7.5586,-7.5586,0,0,14.654733,386125616
14.539011,91.9336,-7.7344,-7.7344,0,0,14.654733,386125616
14.540991,92.1094,-7.9102,-7.9102,0,0,14.654733,386125616
14.542980,92.1094,-8.0859,-8.0859,0,0,14.654733,386125616
14.544962,92.1094,-8.2617,-8.2617,0,0,14.654733,386125616
14.547039,92.2852,-8.4375,-8.4375,0,0,14.654733,386125616
14.549021,92.2852,-8.4375,-8.4375,0,0,14.654733,386125616
14.551011,92.2852,-8.6133,-8.6133,0,0,14.654733,386125616
14.552991,92.2852,-8.7891,-8.7891,0,0,14.654733,386125616
14.554980,92.2852,-8.7891,-8.7891,0,0,14.654733,386125616
14.556962,92.2852,-8.7891,-8.7891,0,0,14.654733,386125616
14.559039,92.2852,-8.7891,-8.7891,0,0,14.654733,386125616
14.563438,92.2852,-8.7891,-8.7891,0,0,14.654733,386125616
14.563722,92.2852,-8.7891,-8.7891,0,0,14.654733,386125616
14.565023,92.2852,-8.7891,-8.7891,0,0,14.654733,386125616
14.567021,92.1094,-8.7891,-8.7891,0,0,14.654733,386125616
14.569017,92.1094,-8.6133,-8.6133,0,0,14.654733,386125616
14.571015,92.1094,-8.4375,-8.4375,0,0,14.654733,386125616
14.573015,91.9336,-8.4375,-8.4375,0,0,14.654733,386125616
14.575015,91.9336,-8.2617,-8.2617,0,0,14.654733,386125616
14.577015,91.9336,-8.0859,-8.0859,0,0,14.654733,386125616
14.579015,91.7578,-7.9102,-7.9102,0,0,14.654733,386125616
14.581015,91.5820,-7.7344,-7.7344,0,0,14.654733,386125616
14.583015,91.5820,-7.3828,-7.3828,0,0,14.654733,386125616
14.585015,91.4062,-7.2070,-7.2070,0,0,14.654733,386125616
14.587015,91.2305,-6.8555,-6.8555,0,0,14.654733,386125616
14.589015,91.2305,-6.6797,-6.6797,0,0,14.654733,386125616
14.591015,91.0547,-6.3281,-6.3281,0,0,14.654733,386125616
14.593015,90.8789,-5.9766,-5.9766,0,0,14.654733,386125616
14.595015,90.7031,-5.6250,-5.6250,0,0,14.654733,386125616
14.597015,90.5273,-5.2734,-5.2734,0,0,14.654733,386125616
14.599015,90.3516,-4.9219,-4.9219,0,0,14.654733,386125616
14.601015,90.1758,-4.5703,-4.5703,0,0,14.654733,386125616
14.603015,90.0000,-4.0430,-4.0430,0,0,14.654733,386125616
14.605015,89.8242,-3.5156,-3.5156,0,0,14.654733,386125616
14.607015,89.4727,-3.1641,-3.1641,0,0,14.654733,386125616
14.609015,89.2969,-2.6367,-2.6367,0,0,14.654733,386125616
14.611015,89.1211,-2.1094,-2.1094,0,0,14.654733,386125616
14.613015,88.7695,-1.7578,-1.7578,0,0,14.654733,386125616
14.615015,88.5938,-1.0547,-1.0547,0,0,14.654733,386125616
14.617015,88.4180,-0.5273,-0.5273,0,0,14.654733,386125616
14.619015,88.0664,0.0000,0.0000,0,0,14.654733,386125616
14.621015,87.7148,0.7031,0.7031,0,0,14.654733,386125616
14.623026,87.5391,1.2305,1.2305,0,0,14.654733,386125616
14.625023,87.1875,1.7578,1.7578,0,0,14.654733,386125616
14.626984,86.8359,2.4609,2.4609,0,0,14.654733,386125616
14.628984,86.4844,3.1641,3.1641,0,0,14.654733,386125616
14.630985,86.3086,3.8672,3.8672,0,0,14.654733,386125616
14.632996,85.9570,4.5703,4.5703,0,0,14.654733,386125616
14.634992,85.6055,5.2734,5.2734,0,0,14.654733,386125616
14.636990,85.2539,5.9766,5.9766,0,0,14.654733,386125616
14.638974,84.9023,6.6797,6.6797,0,0,14.654733,386125616
14.640985,84.5508,7.3828,7.3828,0,0,14.654733,386125616
14.642990,84.1992,8.2617,8.2617,0,0,14.654733,386125616
14.644988,83.8477,8.9648,8.9648,0,0,14.654733,386125616
14.647029,83.4961,9.8438,9.8438,0,0,14.654733,386125616
14.649497,82.9688,10.7227,10.7227,0,0,14.654733,386125616
14.652986,82.2656,12.3047,12.3047,0,0,14.877878,386351085
14.653445,82.0898,12.3047,12.3047,0,0,14.877878,386351085
14.654973,81.9141,13.0078,13.0078,0,0,14.877878,386351085
14.656978,81.3867,13.7109,13.7109,0,0,14.877878,386351085
14.659024,81.0352,14.7656,14.7656,0,0,14.877878,386351085
14.664253,79.9805,16.8750,16.8750,0,0,14.877878,386351085
14.665270,79.8047,17.2266,17.2266,0,0,14.877878,386351085
14.665546,79.6289,17.4023,17.4023,0,0,14.877878,386351085
14.667027,79.4531,17.9297,17.9297,0,0,14.877878,386351085
14.669007,78.9258,18.8086,18.8086,0,0,14.877878,386351085
14.670971,78.5742,19.6875,19.6875,0,0,14.877878,386351085
14.673024,78.2227,20.5664,20.5664,0,0,14.877878,386351085
14.675019,77.6953,21.2695,21.2695,0,0,14.877878,386351085
14.677000,77.3438,22.1484,22.1484,0,0,14.877878,386351085
14.678992,76.9922,23.0273,23.0273,0,0,14.877878,386351085
14.680972,76.6406,23.9062,23.9062,0,0,14.877878,386351085
14.682971,76.1133,24.6094,24.6094,0,0,14.877878,386351085
14.685039,75.7617,25.4883,25.4883,0,0,14.877878,386351085
14.687030,75.4102,26.1914,26.1914,0,0,14.877878,386351085
14.689011,75.0586,27.0703,27.0703,0,0,14.877878,386351085
14.691000,74.7070,27.7734,27.7734,0,0,14.877878,386351085
14.692984,74.3555,28.4766,28.4766,0,0,14.877878,386351085
14.694971,74.0039,29.1797,29.1797,0,0,14.877878,386351085
14.697039,73.6523,30.0586,30.0586,0,0,14.877878,386351085
14.699030,73.3008,30.7617,30.7617,0,0,14.877878,386351085
14.701011,72.9492,31.4648,31.4648,0,0,14.877878,386351085
14.703000,72.5977,32.1680,32.1680,0,0,14.877878,386351085
14.704984,72.2461,32.8711,32.8711,0,0,14.877878,386351085
14.706971,72.0703,33.5742,33.5742,0,0,14.877878,386351085
14.709039,71.7188,34.1016,34.1016,0,0,14.877878,386351085
14.711030,71.5430,34.8047,34.8047,0,0,14.877878,386351085
14.713011,71.1914,35.5078,35.5078,0,0,14.877878,386351085
14.715000,70.8398,36.0352,36.0352,0,0,14.877878,386351085
14.716984,70.6641,36.5625,36.5625,0,0,14.877878,386351085
14.718971,70.4883,37.2656,37.2656,0,0,14.877878,386351085
14.721039,70.1367,37.7930,37.7930,0,0,14.877878,386351085
14.722965,69.9609,38.3203,38.3203,0,0,14.877878,386351085
14.725030,69.7852,38.8477,38.8477,0,0,14.877878,386351085
14.727021,69.6094,39.3750,39.3750,0,0,14.877878,386351085
14.728976,69.4336,39.7266,39.7266,0,0,14.877878,386351085
14.730973,69.0820,40.2539,40.2539,0,0,14.877878,386351085
14.733021,68.9062,40.7812,40.7812,0,0,14.877878,386351085
14.735010,68.9062,41.1328,41.1328,0,0,14.877878,386351085
14.736992,68.7305,41.4844,41.4844,0,0,14.877878,386351085
14.738980,68.5547,41.8359,41.8359,0,0,14.877878,386351085
14.741003,68.3789,42.1875,42.1875,0,0,14.877878,386351085
14.742992,68.2031,42.5391,42.5391,0,0,14.877878,386351085
14.744971,68.2031,42.8906,42.8906,0,0,14.877878,386351085
14.746962,68.0273,43.2422,43.2422,0,0,14.877878,386351085
14.749030,68.0273,43.5938,43.5938,0,0,14.877878,386351085
14.751019,67.8516,43.7695,43.7695,0,0,14.877878,386351085
14.753000,67.6758,43.9453,43.9453,0,0,14.877878,386351085
14.754992,67.6758,44.2969,44.2969,0,0,14.877878,386351085
14.756972,67.6758,44.4727,44.4727,0,0,14.877878,386351085
14.758962,67.5000,44.6484,44.6484,0,0,14.877878,386351085
14.763391,67.5000,45.0000,45.0000,0,0,14.877878,386351085
14.763664,67.5000,45.0000,45.0000,0,0,14.877878,386351085
14.764979,67.5000,45.1758,45.1758,0,0,14.877878,386351085
14.766975,67.3242,45.1758,45.1758,0,0,14.877878,386351085
14.768971,67.3242,45.3516,45.3516,0,0,14.877878,386351085
14.770967,67.3242,45.3516,45.3516,0,0,14.877878,386351085
14.772963,67.3242,45.3516,45.3516,0,0,14.877878,386351085
14.774962,67.3242,45.3516,45.3516,0,0,14.877878,386351085
14.776959,67.3242,45.3516,45.3516,0,0,14.877878,386351085
14.778956,67.3242,45.3516,45.3516,0,0,14.877878,386351085
14.780956,67.3242,45.3516,45.3516,0,0,14.877878,386351085
14.783039,67.5000,45.3516,45.3516,0,0,14.877878,386351085
14.785038,67.5000,45.3516,45.3516,0,0,14.877878,386351085
14.787034,67.5000,45.1758,45.1758,0,0,14.877878,386351085
14.789030,67.6758,45.1758,45.1758,0,0,14.877878,386351085
14.791029,67.6758,45.0000,45.0000,0,0,14.877878,386351085
14.793028,67.8516,44.8242,44.8242,0,0,14.877878,386351085
14.795026,67.8516,44.6484,44.6484,0,0,14.877878,386351085
14.797023,68.0273,44.4727,44.4727,0,0,14.877878,386351085
14.799021,68.0273,44.2969,44.2969,0,0,14.877878,386351085
14.801017,68.2031,44.1211,44.1211,0,0,14.877878,386351085
14.803015,68.3789,43.7695,43.7695,0,0,14.877878,386351085
14.805015,68.3789,43.5938,43.5938,0,0,14.877878,386351085
14.807015,68.5547,43.2422,43.2422,0,0,14.877878,386351085
14.809015,68.7305,43.0664,43.0664,0,0,14.877878,386351085
14.811015,68.9062,42.7148,42.7148,0,0,14.877878,386351085
14.813015,69.0820,42.3633,42.3633,0,0,14.877878,386351085
14.815015,69.2578,42.0117,42.0117,0,0,14.877878,386351085
14.817015,69.4336,41.6602,41.6602,0,0,14.877878,386351085
14.819015,69.6094,41.1328,41.1328,0,0,14.877878,386351085
14.821015,69.7852,40.7812,40.7812,0,0,14.877878,386351085
14.823026,69.9609,40.4297,40.4297,0,0,14.877878,386351085
14.825023,70.1367,39.9023,39.9023,0,0,14.877878,386351085
14.827022,70.3125,39.5508,39.5508,0,0,14.877878,386351085
14.829018,70.6641,39.0234,39.0234,0,0,14.877878,386351085
14.830977,70.8398,38.4961,38.4961,0,0,14.877878,386351085
14.832975,71.0156,37.9688,37.9688,0,0,14.877878,386351085
14.834975,71.3672,37.4414,37.4414,0,0,14.877878,386351085
14.836988,71.5430,36.9141,36.9141,0,0,14.877878,386351085
14.838984,71.8945,36.3867,36.3867,0,0,14.877878,386351085
14.840984,72.0703,35.8594,35.8594,0,0,14.877878,386351085
14.842980,72.4219,35.1562,35.1562,0,0,14.877878,386351085
14.844979,72.5977,34.6289,34.6289,0,0,14.877878,386351085
14.846975,72.9492,33.9258,33.9258,0,0,14.877878,386351085
14.848971,73.3008,33.3984,33.3984,0,0,14.877878,386351085
14.850971,73.6523,32.6953,32.6953,0,0,14.877878,386351085
14.852967,73.8281,31.9922,31.9922,0,0,14.877878,386351085
14.854963,74.1797,31.2891,31.2891,0,0,14.877878,386351085
14.856962,74.5312,30.7617,30.7617,0,0,14.877878,386351085
14.858959,74.8828,30.0586,30.0586,0,0,14.877878,386351085
14.863348,75.7617,28.4766,28.4766,0,0,14.877878,386351085
14.863599,75.7617,28.3008,28.3008,0,0,14.877878,386351085
14.864988,75.9375,27.7734,27.7734,0,0,14.877878,386351085
14.867047,76.2891,27.0703,27.0703,0,0,14.877878,386351085
14.869022,76.6406,26.3672,26.3672,0,0,14.877878,386351085
14.870979,76.9922,25.6641,25.6641,0,0,14.877878,386351085
14.873038,77.3438,24.7852,24.7852,0,0,14.877878,386351085
14.874975,77.8711,24.0820,24.0820,0,0,14.877878,386351085
14.878480,78.5742,22.6758,22.6758,0,0,15.123733,386594221
14.878994,78.5742,22.5000,22.5000,0,0,15.123733,386594221
14.880963,78.9258,21.7969,21.7969,0,0,15.123733,386594221
14.882966,79.2773,21.0938,21.0938,0,0,15.123733,386594221
14.885005,79.6289,20.2148,20.2148,0,0,15.123733,386594221
14.886986,79.9805,19.5117,19.5117,0,0,15.123733,386594221
14.888964,80.5078,18.6328,18.6328,0,0,15.123733,386594221
14.890960,80.8594,17.9297,17.9297,0,0,15.123733,386594221
14.893010,81.2109,17.2266,17.2266,0,0,15.123733,386594221
14.895038,81.5625,16.3477,16.3477,0,0,15.123733,386594221
14.897034,81.9141,15.6445,15.6445,0,0,15.123733,386594221
14.898980,82.2656,14.9414,14.9414,0,0,15.123733,386594221
14.900968,82.7930,14.2383,14.2383,0,0,15.123733,386594221
14.902968,82.9688,13.3594,13.3594,0,0,15.123733,386594221
14.904968,83.4961,12.6562,12.6562,0,0,15.123733,386594221
14.906965,83.6719,11.9531,11.9531,0,0,15.123733,386594221
14.908962,84.1992,11.2500,11.2500,0,0,15.123733,386594221
14.910959,84.3750,10.5469,10.5469,0,0,15.123733,386594221
14.912956,84.7266,9.8438,9.8438,0,0,15.123733,386594221
14.914956,85.0781,9.1406,9.1406,0,0,15.123733,386594221
14.917039,85.4297,8.4375,8.4375,0,0,15.123733,386594221
14.919039,85.6055,7.7344,7.7344,0,0,15.123733,386594221
14.921039,85.9570,7.2070,7.2070,0,0,15.123733,386594221
14.922967,86.3086,6.5039,6.5039,0,0,15.123733,386594221
14.924963,86.4844,5.9766,5.9766,0,0,15.123733,386594221
14.926962,86.8359,5.2734,5.2734,0,0,15.123733,386594221
14.928959,87.0117,4.7461,4.7461,0,0,15.123733,386594221
14.930956,87.3633,4.2188,4.2188,0,0,15.123733,386594221
14.933012,87.7148,3.6914,3.6914,0,0,15.123733,386594221
14.935011,87.8906,3.1641,3.1641,0,0,15.123733,386594221
14.937030,88.0664,2.6367,2.6367,0,0,15.123733,386594221
14.939029,88.2422,2.1094,2.1094,0,0,15.123733,386594221
14.941028,88.4180,1.5820,1.5820,0,0,15.123733,386594221
14.943026,88.7695,1.0547,1.0547,0,0,15.123733,386594221
14.945023,88.9453,0.7031,0.7031,0,0,15.123733,386594221
14.947022,89.1211,0.1758,0.1758,0,0,15.123733,386594221
14.949018,89.2969,-0.1758,-0.1758,0,0,15.123733,386594221
14.951017,89.4727,-0.5273,-0.5273,0,0,15.123733,386594221
14.953015,89.6484,-0.8789,-0.8789,0,0,15.123733,386594221
14.955015,89.8242,-1.2305,-1.2305,0,0,15.123733,386594221
14.957015,89.8242,-1.5820,-1.5820,0,0,15.123733,386594221
14.959015,90.0000,-1.9336,-1.9336,0,0,15.123733,386594221
14.963924,90.1758,-2.6367,-2.6367,0,0,15.123733,386594221
14.964231,90.1758,-2.6367,-2.6367,0,0,15.123733,386594221
14.965011,90.3516,-2.8125,-2.8125,0,0,15.123733,386594221
14.967000,90.3516,-2.9883,-2.9883,0,0,15.123733,386594221
14.968984,90.5273,-3.3398,-3.3398,0,0,15.123733,386594221
14.970971,90.5273,-3.5156,-3.5156,0,0,15.123733,386594221
14.973039,90.5273,-3.6914,-3.6914,0,0,15.123733,386594221
14.975030,90.7031,-3.8672,-3.8672,0,0,15.123733,386594221
14.977011,90.7031,-3.8672,-3.8672,0,0,15.123733,386594221
14.979000,90.7031,-4.0430,-4.0430,0,0,15.123733,386594221
14.980984,90.7031,-4.2188,-4.2188,0,0,15.123733,386594221
14.982971,90.8789,-4.2188,-4.2188,0,0,15.123733,386594221
14.985039,90.8789,-4.3945,-4.3945,0,0,15.123733,386594221
14.987030,90.8789,-4.3945,-4.3945,0,0,15.123733,386594221
14.989011,90.8789,-4.3945,-4.3945,0,0,15.123733,386594221
14.991000,90.8789,-4.3945,-4.3945,0,0,15.123733,386594221
14.992984,90.8789,-4.3945,-4.3945,0,0,15.123733,386594221
14.994971,90.7031,-4.3945,-4.3945,0,0,15.123733,386594221
14.997039,90.7031,-4.3945,-4.3945,0,0,15.123733,386594221
14.999030,90.7031,-4.2188,-4.2188,0,0,15.123733,386594221
15.001011,90.7031,-4.2188,-4.2188,0,0,15.123733,386594221
15.003000,90.5273,-4.0430,-4.0430,0,0,15.123733,386594221
15.004984,90.5273,-4.0430,-4.0430,0,0,15.123733,386594221
15.006971,90.5273,-3.8672,-3.8672,0,0,15.123733,386594221
15.009039,90.3516,-3.6914,-3.6914,0,0,15.123733,386594221
15.011030,90.1758,-3.5156,-3.5156,0,0,15.123733,386594221
15.013011,90.1758,-3.3398,-3.3398,0,0,15.123733,386594221
15.015000,90.0000,-3.1641,-3.1641,0,0,15.123733,386594221
15.016984,90.0000,-2.8125,-2.8125,0,0,15.123733,386594221
15.018971,89.8242,-2.6367,-2.6367,0,0,15.123733,386594221
15.021039,89.6484,-2.4609,-2.4609,0,0,15.123733,386594221
15.022963,89.4727,-2.1094,-2.1094,0,0,15.123733,386594221
15.025030,89.2969,-1.7578,-1.7578,0,0,15.123733,386594221
15.027019,89.2969,-1.4062,-1.4062,0,0,15.123733,386594221
15.029000,89.1211,-1.2305,-1.2305,0,0,15.123733,386594221
15.030992,88.9453,-0.7031,-0.7031,0,0,15.123733,386594221
15.032972,88.7695,-0.3516,-0.3516,0,0,15.123733,386594221
15.035002,88.5938,0.0000,0.0000,0,0,15.123733,386594221
15.036984,88.4180,0.3516,0.3516,0,0,15.123733,386594221
15.038972,88.0664,0.7031,0.7031,0,0,15.123733,386594221
15.040971,87.8906,1.2305,1.2305,0,0,15.123733,386594221
15.042963,87.7148,1.5820,1.5820,0,0,15.123733,386594221
15.045030,87.5391,2.1094,2.1094,0,0,15.123733,386594221
15.047019,87.1875,2.6367,2.6367,0,0,15.123733,386594221
15.049000,87.0117,3.1641,3.1641,0,0,15.123733,386594221
15.050992,86.6602,3.6914,3.6914,0,0,15.123733,386594221
15.052975,86.4844,4.2188,4.2188,0,0,15.123733,386594221
15.054963,86.3086,4.7461,4.7461,0,0,15.123733,386594221
15.057030,85.9570,5.2734,5.2734,0,0,15.123733,386594221
15.059018,85.6055,5.8008,5.8008,0,0,15.123733,386594221
15.063570,85.0781,7.2070,7.2070,0,0,15.123733,386594221
15.063842,84.9023,7.2070,7.2070,0,0,15.123733,386594221
15.064979,84.9023,7.5586,7.5586,0,0,15.123733,386594221
15.066975,84.5508,8.2617,8.2617,0,0,15.123733,386594221
15.068972,84.1992,8.7891,8.7891,0,0,15.123733,386594221
15.070971,83.8477,9.4922,9.4922,0,0,15.123733,386594221
15.072968,83.4961,10.1953,10.1953,0,0,15.123733,386594221
15.074968,83.3203,10.7227,10.7227,0,0,15.123733,386594221
15.076968,82.9688,11.4258,11.4258,0,0,15.123733,386594221
15.078968,82.6172,12.1289,12.1289,0,0,15.123733,386594221
15.080968,82.2656,12.8320,12.8320,0,0,15.123733,386594221
15.082968,81.9141,13.5352,13.5352,0,0,15.123733,386594221
15.084968,81.5625,14.2383,14.2383,0,0,15.123733,386594221
15.086968,81.2109,14.9414,14.9414,0,0,15.123733,386594221
15.088968,80.8594,15.6445,15.6445,0,0,15.123733,386594221
15.090968,80.5078,16.3477,16.3477,0,0,15.123733,386594221
15.092968,80.1562,17.0508,17.0508,0,0,15.123733,386594221
15.094968,79.8047,17.7539,17.7539,0,0,15.123733,386594221
15.096968,79.4531,18.4570,18.4570,0,0,15.123733,386594221
15.098968,79.1016,19.1602,19.1602,0,0,15.123733,386594221
15.101037,78.7500,19.8633,19.8633,0,0,15.123733,386594221
15.103037,78.3984,20.5664,20.5664,0,0,15.123733,386594221
15.105032,78.0469,21.2695,21.2695,0,0,15.123733,386594221
15.107030,77.8711,21.9727,21.9727,0,0,15.123733,386594221
15.109043,77.3438,22.6758,22.6758,0,0,15.123733,386594221
15.110963,77.1680,23.3789,23.3789,0,0,15.123733,386594221
15.112963,76.8164,24.0820,24.0820,0,0,15.123733,386594221
15.114969,76.4648,24.7852,24.7852,0,0,15.123733,386594221
15.117606,76.1133,25.6641,25.6641,0,0,15.123733,386594221
15.121670,75.4102,26.8945,26.8945,0,0,15.366329,386838054
15.122113,75.4102,27.0703,27.0703,0,0,15.366329,386838054
15.123005,75.2344,27.4219,27.4219,0,0,15.366329,386838054
15.124975,74.8828,27.9492,27.9492,0,0,15.366329,386838054
15.126990,74.5312,28.6523,28.6523,0,0,15.366329,386838054
15.129025,74.3555,29.1797,29.1797,0,0,15.366329,386838054
15.131007,74.0039,29.8828,29.8828,0,0,15.366329,386838054
15.133434,73.6523,30.5859,30.5859,0,0,15.366329,386838054
15.134981,73.4766,30.9375,30.9375,0,0,15.366329,386838054
15.137043,73.3008,31.6406,31.6406,0,0,15.366329,386838054
15.139039,72.9492,32.1680,32.1680,0,0,15.366329,386838054
15.141038,72.7734,32.6953,32.6953,0,0,15.366329,386838054
15.142979,72.5977,33.2227,33.2227,0,0,15.366329,386838054
15.144979,72.2461,33.7500,33.7500,0,0,15.366329,386838054
15.146972,72.0703,34.1016,34.1016,0,0,15.366329,386838054
15.148986,71.8945,34.6289,34.6289,0,0,15.366329,386838054
15.150984,71.7188,35.1562,35.1562,0,0,15.366329,386838054
15.152984,71.5430,35.5078,35.5078,0,0,15.366329,386838054
15.154984,71.3672,36.0352,36.0352,0,0,15.366329,386838054
15.156984,71.1914,36.3867,36.3867,0,0,15.366329,386838054
15.158984,71.0156,36.7383,36.7383,0,0,15.366329,386838054
15.163872,70.6641,37.6172,37.6172,0,0,15.366329,386838054
15.164187,70.6641,37.6172,37.6172,0,0,15.366329,386838054
15.164968,70.4883,37.9688,37.9688,0,0,15.366329,386838054
15.166959,70.3125,38.1445,38.1445,0,0,15.366329,386838054
15.169026,70.3125,38.4961,38.4961,0,0,15.366329,386838054
15.171018,70.1367,38.8477,38.8477,0,0,15.366329,386838054
15.173001,70.1367,39.0234,39.0234,0,0,15.366329,386838054
15.174992,69.9609,39.3750,39.3750,0,0,15.366329,386838054
15.176975,69.7852,39.5508,39.5508,0,0,15.366329,386838054
15.178963,69.7852,39.7266,39.7266,0,0,15.366329,386838054
15.181030,69.6094,40.0781,40.0781,0,0,15.366329,386838054
15.183018,69.6094,40.2539,40.2539,0,0,15.366329,386838054
15.185001,69.6094,40.4297,40.4297,0,0,15.366329,386838054
15.186992,69.6094,40.6055,40.6055,0,0,15.366329,386838054
15.188972,69.4336,40.7812,40.7812,0,0,15.366329,386838054
15.190962,69.4336,40.7812,40.7812,0,0,15.366329,386838054
15.193029,69.4336,40.9570,40.9570,0,0,15.366329,386838054
15.195017,69.4336,40.9570,40.9570,0,0,15.366329,386838054
15.197001,69.4336,41.1328,41.1328,0,0,15.366329,386838054
15.198992,69.4336,41.1328,41.1328,0,0,15.366329,386838054
15.200972,69.4336,41.1328,41.1328,0,0,15.366329,386838054
15.202962,69.4336,41.1328,41.1328,0,0,15.366329,386838054
15.205029,69.4336,41.1328,41.1328,0,0,15.366329,386838054
15.207017,69.4336,41.1328,41.1328,0,0,15.366329,386838054
15.209001,69.4336,41.1328,41.1328,0,0,15.366329,386838054
15.210992,69.4336,41.1328,41.1328,0,0,15.366329,386838054
15.212972,69.6094,40.9570,40.9570,0,0,15.366329,386838054
15.214962,69.6094,40.9570,40.9570,0,0,15.366329,386838054
15.217029,69.6094,40.7812,40.7812,0,0,15.366329,386838054
15.219017,69.7852,40.6055,40.6055,0,0,15.366329,386838054
15.221001,69.7852,40.4297,40.4297,0,0,15.366329,386838054
15.223001,69.9609,40.4297,40.4297,0,0,15.366329,386838054
15.224984,69.9609,40.2539,40.2539,0,0,15.366329,386838054
15.226971,70.1367,40.0781,40.0781,0,0,15.366329,386838054
15.229039,70.1367,39.7266,39.7266,0,0,15.366329,386838054
15.231030,70.3125,39.5508,39.5508,0,0,15.366329,386838054
15.233011,70.4883,39.3750,39.3750,0,0,15.366329,386838054
15.235000,70.6641,39.0234,39.0234,0,0,15.366329,386838054
15.236984,70.8398,38.8477,38.8477,0,0,15.366329,386838054
15.238971,70.8398,38.4961,38.4961,0,0,15.366329,386838054
15.241028,71.0156,38.1445,38.1445,0,0,15.366329,386838054
15.243018,71.1914,37.7930,37.7930,0,0,15.366329,386838054
15.245000,71.3672,37.4414,37.4414,0,0,15.366329,386838054
15.247015,71.5430,37.2656,37.2656,0,0,15.366329,386838054
15.248996,71.7188,36.7383,36.7383,0,0,15.366329,386838054
15.250984,71.8945,36.3867,36.3867,0,0,15.366329,386838054
15.252968,72.0703,36.0352,36.0352,0,0,15.366329,386838054
15.254956,72.2461,35.5078,35.5078,0,0,15.366329,386838054
15.257023,72.5977,35.1562,35.1562,0,0,15.366329,386838054
15.259015,72.7734,34.6289,34.6289,0,0,15.366329,386838054
15.263378,73.3008,33.7500,33.7500,0,0,15.366329,386838054
15.263639,73.3008,33.7500,33.7500,0,0,15.366329,386838054
15.264956,73.4766,33.3984,33.3984,0,0,15.366329,386838054
15.267039,73.6523,32.8711,32.8711,0,0,15.366329,386838054
15.269039,74.0039,32.3438,32.3438,0,0,15.366329,386838054
15.271038,74.1797,31.8164,31.8164,0,0,15.366329,386838054
15.273034,74.3555,31.2891,31.2891,0,0,15.366329,386838054
15.275030,74.7070,30.7617,30.7617,0,0,15.366329,386838054
15.277029,75.0586,30.2344,30.2344,0,0,15.366329,386838054
15.279028,75.2344,29.5312,29.5312,0,0,15.366329,386838054
15.281026,75.5859,29.0039,29.0039,0,0,15.366329,386838054
15.283023,75.7617,28.4766,28.4766,0,0,15.366329,386838054
15.285021,76.1133,27.7734,27.7734,0,0,15.366329,386838054
15.287017,76.4648,27.2461,27.2461,0,0,15.366329,386838054
15.289015,76.6406,26.7188,26.7188,0,0,15.366329,386838054
15.291015,76.9922,26.0156,26.0156,0,0,15.366329,386838054
15.293015,77.3438,25.4883,25.4883,0,0,15.366329,386838054
15.295015,77.6953,24.7852,24.7852,0,0,15.366329,386838054
15.297015,77.8711,24.0820,24.0820,0,0,15.366329,386838054
15.299015,78.2227,23.5547,23.5547,0,0,15.366329,386838054
15.301015,78.5742,22.8516,22.8516,0,0,15.366329,386838054
15.303015,78.9258,22.1484,22.1484,0,0,15.366329,386838054
15.305015,79.2773,21.6211,21.6211,0,0,15.366329,386838054
15.307015,79.6289,20.9180,20.9180,0,0,15.366329,386838054
15.309015,79.9805,20.2148,20.2148,0,0,15.366329,386838054
15.311015,80.1562,19.6875,19.6875,0,0,15.366329,386838054
15.313015,80.5078,18.9844,18.9844,0,0,15.366329,386838054
15.315015,80.8594,18.2812,18.2812,0,0,15.366329,386838054
15.317015,81.2109,17.7539,17.7539,0,0,15.366329,386838054
15.319015,81.3867,17.0508,17.0508,0,0,15.366329,386838054
15.321015,81.7383,16.3477,16.3477,0,0,15.366329,386838054
15.323026,82.0898,15.8203,15.8203,0,0,15.366329,386838054
15.325023,82.4414,15.1172,15.1172,0,0,15.366329,386838054
15.327022,82.7930,14.5898,14.5898,0,0,15.366329,386838054
15.329018,82.9688,13.8867,13.8867,0,0,15.366329,386838054
15.331018,83.3203,13.3594,13.3594,0,0,15.366329,386838054
15.333015,83.4961,12.6562,12.6562,0,0,15.366329,386838054
15.335015,83.8477,12.1289,12.1289,0,0,15.366329,386838054
15.337015,84.1992,11.6016,11.6016,0,0,15.366329,386838054
15.339015,84.3750,10.8984,10.8984,0,0,15.366329,386838054
15.341015,84.7266,10.3711,10.3711,0,0,15.366329,386838054
15.342966,84.9023,9.8438,9.8438,0,0,15.366329,386838054
15.344980,85.2539,9.3164,9.3164,0,0,15.366329,386838054
15.346979,85.4297,8.7891,8.7891,0,0,15.366329,386838054
15.348970,85.6055,8.2617,8.2617,0,0,15.366329,386838054
15.351028,85.9570,7.7344,7.7344,0,0,15.366329,386838054
15.353022,86.1328,7.2070,7.2070,0,0,15.366329,386838054
15.355018,86.3086,6.6797,6.6797,0,0,15.366329,386838054
15.357015,86.6602,6.3281,6.3281,0,0,15.366329,386838054
15.359030,86.8359,5.8008,5.8008,0,0,15.366329,386838054
15.367214,87.5391,4.2188,4.2188,0,0,15.602238,387073527
15.368040,87.7148,4.0430,4.0430,0,0,15.602238,387073527
15.368290,87.7148,4.0430,4.0430,0,0,15.602238,387073527
15.368540,87.7148,3.8672,3.8672,0,0,15.602238,387073527
15.369200,87.7148,3.6914,3.6914,0,0,15.602238,387073527
15.371014,87.8906,3.5156,3.5156,0,0,15.602238,387073527
15.373011,88.0664,3.1641,3.1641,0,0,15.602238,387073527
15.375146,88.0664,2.8125,2.8125,0,0,15.602238,387073527
15.377006,88.2422,2.4609,2.4609,0,0,15.602238,387073527
15.378979,88.4180,2.1094,2.1094,0,0,15.602238,387073527
15.380975,88.4180,1.9336,1.9336,0,0,15.602238,387073527
15.382971,88.5938,1.5820,1.5820,0,0,15.602238,387073527
15.385013,88.7695,1.4062,1.4062,0,0,15.602238,387073527
15.386959,88.7695,1.2305,1.2305,0,0,15.602238,387073527
15.388956,88.9453,0.8789,0.8789,0,0,15.602238,387073527
15.390956,88.9453,0.7031,0.7031,0,0,15.602238,387073527
15.392956,89.1211,0.5273,0.5273,0,0,15.602238,387073527
15.395039,89.1211,0.3516,0.3516,0,0,15.602238,387073527
15.397038,89.1211,0.1758,0.1758,0,0,15.602238,387073527
15.399034,89.1211,0.1758,0.1758,0,0,15.602238,387073527
15.401030,89.2969,0.0000,0.0000,0,0,15.602238,387073527
15.403029,89.2969,0.0000,0.0000,0,0,15.602238,387073527
15.405028,89.2969,-0.1758,-0.1758,0,0,15.602238,387073527
15.407026,89.2969,-0.1758,-0.1758,0,0,15.602238,387073527
15.409023,89.2969,-0.3516,-0.3516,0,0,15.602238,387073527
15.411021,89.2969,-0.3516,-0.3516,0,0,15.602238,387073527
15.413017,89.2969,-0.3516,-0.3516,0,0,15.602238,387073527
15.415015,89.2969,-0.3516,-0.3516,0,0,15.602238,387073527
15.417015,89.2969,-0.3516,-0.3516,0,0,15.602238,387073527
15.419015,89.2969,-0.3516,-0.3516,0,0,15.602238,387073527
15.421015,89.1211,-0.1758,-0.1758,0,0,15.602238,387073527
15.423030,89.1211,-0.1758,-0.1758,0,0,15.602238,387073527
15.425029,89.1211,0.0000,0.0000,0,0,15.602238,387073527
15.427028,89.1211,0.0000,0.0000,0,0,15.602238,387073527
15.429026,88.9453,0.1758,0.1758,0,0,15.602238,387073527
15.431023,88.9453,0.3516,0.3516,0,0,15.602238,387073527
15.433021,88.7695,0.5273,0.5273,0,0,15.602238,387073527
15.435017,88.7695,0.7031,0.7031,0,0,15.602238,387073527
15.437015,88.5938,0.8789,0.8789,0,0,15.602238,387073527
15.439015,88.4180,1.0547,1.0547,0,0,15.602238,387073527
15.441015,88.4180,1.2305,1.2305,0,0,15.602238,387073527
15.443015,88.2422,1.4062,1.4062,0,0,15.602238,387073527
15.445042,88.0664,1.7578,1.7578,0,0,15.602238,387073527
15.446975,88.0664,1.9336,1.9336,0,0,15.602238,387073527
15.448984,87.8906,2.2852,2.2852,0,0,15.602238,387073527
15.450980,87.7148,2.4609,2.4609,0,0,15.602238,387073527
15.452979,87.5391,2.8125,2.8125,0,0,15.602238,387073527
15.454975,87.3633,3.1641,3.1641,0,0,15.602238,387073527
15.456971,87.1875,3.5156,3.5156,0,0,15.602238,387073527
15.458971,87.0117,3.8672,3.8672,0,0,15.602238,387073527
15.463632,86.6602,4.7461,4.7461,0,0,15.602238,387073527
15.463919,86.6602,4.7461,4.7461,0,0,15.602238,387073527
15.465037,86.4844,5.0977,5.0977,0,0,15.602238,387073527
15.467026,86.3086,5.4492,5.4492,0,0,15.602238,387073527
15.469010,86.1328,5.8008,5.8008,0,0,15.602238,387073527
15.471001,85.7812,6.3281,6.3281,0,0,15.602238,387073527
15.472984,85.6055,6.6797,6.6797,0,0,15.602238,387073527
15.474975,85.4297,7.2070,7.2070,0,0,15.602238,387073527
15.476956,85.2539,7.5586,7.5586,0,0,15.602238,387073527
15.479030,84.9023,8.0859,8.0859,0,0,15.602238,387073527
15.481011,84.7266,8.6133,8.6133,0,0,15.602238,387073527
15.483000,84.3750,9.1406,9.1406,0,0,15.602238,387073527
15.484984,84.1992,9.4922,9.4922,0,0,15.602238,387073527
15.486971,84.0234,10.0195,10.0195,0,0,15.602238,387073527
15.489039,83.6719,10.5469,10.5469,0,0,15.602238,387073527
15.491030,83.4961,11.2500,11.2500,0,0,15.602238,387073527
15.493011,83.1445,11.6016,11.6016,0,0,15.602238,387073527
15.495000,82.9688,12.3047,12.3047,0,0,15.602238,387073527
15.496984,82.6172,12.8320,12.8320,0,0,15.602238,387073527
15.498971,82.2656,13.3594,13.3594,0,0,15.602238,387073527
15.501039,82.0898,13.8867,13.8867,0,0,15.602238,387073527
15.503030,81.7383,14.4141,14.4141,0,0,15.602238,387073527
15.505011,81.5625,15.1172,15.1172,0,0,15.602238,387073527
15.507000,81.2109,15.6445,15.6445,0,0,15.602238,387073527
15.508984,80.8594,16.1719,16.1719,0,0,15.602238,387073527
15.510971,80.6836,16.8750,16.8750,0,0,15.602238,387073527
15.513039,80.3320,17.4023,17.4023,0,0,15.602238,387073527
15.515030,79.9805,17.9297,17.9297,0,0,15.602238,387073527
15.517011,79.8047,18.6328,18.6328,0,0,15.602238,387073527
15.519000,79.4531,19.1602,19.1602,0,0,15.602238,387073527
15.520984,79.2773,19.6875,19.6875,0,0,15.602238,387073527
15.522985,78.9258,20.3906,20.3906,0,0,15.602238,387073527
15.524968,78.5742,20.9180,20.9180,0,0,15.602238,387073527
15.526956,78.3984,21.4453,21.4453,0,0,15.602238,387073527
15.529023,78.0469,21.9727,21.9727,0,0,15.602238,387073527
15.531015,77.8711,22.6758,22.6758,0,0,15.602238,387073527
15.532996,77.5195,23.2031,23.2031,0,0,15.602238,387073527
15.534984,77.1680,23.7305,23.7305,0,0,15.602238,387073527
15.536968,76.9922,24.2578,24.2578,0,0,15.602238,387073527
15.538956,76.6406,24.7852,24.7852,0,0,15.602238,387073527
15.541023,76.4648,25.3125,25.3125,0,0,15.602238,387073527
15.543015,76.2891,26.0156,26.0156,0,0,15.602238,387073527
15.544996,75.9375,26.3672,26.3672,0,0,15.602238,387073527
15.546984,75.7617,26.8945,26.8945,0,0,15.602238,387073527
15.549003,75.4102,27.4219,27.4219,0,0,15.602238,387073527
15.550992,75.2344,27.9492,27.9492,0,0,15.602238,387073527
15.552971,75.0586,28.4766,28.4766,0,0,15.602238,387073527
15.554963,74.8828,29.0039,29.0039,0,0,15.602238,387073527
15.556959,74.5312,29.3555,29.3555,0,0,15.602238,387073527
15.559032,74.3555,29.8828,29.8828,0,0,15.602238,387073527
15.563401,74.0039,30.9375,30.9375,0,0,15.602238,387073527
15.563677,73.8281,30.9375,30.9375,0,0,15.602238,387073527
15.564980,73.8281,31.1133,31.1133,0,0,15.602238,387073527
15.566979,73.6523,31.6406,31.6406,0,0,15.602238,387073527
15.568976,73.4766,31.9922,31.9922,0,0,15.602238,387073527
15.570972,73.3008,32.3438,32.3438,0,0,15.602238,387073527
15.572971,73.1250,32.6953,32.6953,0,0,15.602238,387073527
15.574968,72.9492,33.0469,33.0469,0,0,15.602238,387073527
15.576964,72.7734,33.3984,33.3984,0,0,15.602238,387073527
15.578962,72.5977,33.7500,33.7500,0,0,15.602238,387073527
15.580959,72.5977,34.1016,34.1016,0,0,15.602238,387073527
15.583017,72.4219,34.4531,34.4531,0,0,15.602238,387073527
15.585036,72.2461,34.6289,34.6289,0,0,15.602238,387073527
15.586979,72.2461,34.8047,34.8047,0,0,15.602238,387073527
15.589010,72.0703,35.1562,35.1562,0,0,15.602238,387073527
15.591010,72.0703,35.3320,35.3320,0,0,15.602238,387073527
15.593007,71.8945,35.5078,35.5078,0,0,15.602238,387073527
15.595030,71.8945,35.8594,35.8594,0,0,15.602238,387073527
15.597230,71.7188,36.0352,36.0352,0,0,15.602238,387073527
15.600644,71.5430,36.3867,36.3867,0,0,15.842213,387298652
15.601201,71.5430,36.3867,36.3867,0,0,15.842213,387298652
15.603011,71.5430,36.5625,36.5625,0,0,15.842213,387298652
15.605033,71.5430,36.7383,36.7383,0,0,15.842213,387298652
15.606999,71.5430,36.7383,36.7383,0,0,15.842213,387298652
15.608967,71.5430,36.9141,36.9141,0,0,15.842213,387298652
15.610996,71.5430,36.9141,36.9141,0,0,15.842213,387298652
15.612988,71.5430,37.0898,37.0898,0,0,15.842213,387298652
15.615033,71.3672,37.0898,37.0898,0,0,15.842213,387298652
15.617030,71.3672,37.0898,37.0898,0,0,15.842213,387298652
15.619029,71.3672,37.2656,37.2656,0,0,15.842213,387298652
15.620971,71.3672,37.2656,37.2656,0,0,15.842213,387298652
15.622972,71.3672,37.2656,37.2656,0,0,15.842213,387298652
15.624975,71.5430,37.2656,37.2656,0,0,15.842213,387298652
15.626971,71.5430,37.0898,37.0898,0,0,15.842213,387298652
15.628968,71.5430,37.0898,37.0898,0,0,15.842213,387298652
15.630968,71.5430,37.0898,37.0898,0,0,15.842213,387298652
15.632968,71.5430,36.9141,36.9141,0,0,15.842213,387298652
15.634965,71.7188,36.9141,36.9141,0,0,15.842213,387298652
15.636962,71.7188,36.7383,36.7383,0,0,15.842213,387298652
15.638959,71.7188,36.5625,36.5625,0,0,15.842213,387298652
15.640956,71.8945,36.5625,36.5625,0,0,15.842213,387298652
15.642956,71.8945,36.2109,36.2109,0,0,15.842213,387298652
15.645039,72.0703,36.2109,36.2109,0,0,15.842213,387298652
15.647039,72.2461,36.0352,36.0352,0,0,15.842213,387298652
15.648957,72.2461,35.8594,35.8594,0,0,15.842213,387298652
15.650956,72.4219,35.5078,35.5078,0,0,15.842213,387298652
15.652979,72.4219,35.3320,35.3320,0,0,15.842213,387298652
15.654976,72.5977,35.1562,35.1562,0,0,15.842213,387298652
15.656972,72.7734,34.8047,34.8047,0,0,15.842213,387298652
15.658971,72.9492,34.6289,34.6289,0,0,15.842213,387298652
15.663857,73.3008,33.9258,33.9258,0,0,15.842213,387298652
15.664176,73.3008,33.9258,33.9258,0,0,15.842213,387298652
15.665036,73.3008,33.7500,33.7500,0,0,15.842213,387298652
15.667026,73.4766,33.3984,33.3984,0,0,15.842213,387298652
15.669007,73.6523,33.0469,33.0469,0,0,15.842213,387298652
15.670994,73.8281,32.6953,32.6953,0,0,15.842213,387298652
15.672975,74.0039,32.3438,32.3438,0,0,15.842213,387298652
15.674964,74.1797,31.9922,31.9922,0,0,15.842213,387298652
15.677030,74.3555,31.6406,31.6406,0,0,15.842213,387298652
15.679018,74.5312,31.2891,31.2891,0,0,15.842213,387298652
15.681000,74.8828,30.9375,30.9375,0,0,15.842213,387298652
15.682992,75.0586,30.4102,30.4102,0,0,15.842213,387298652
15.684975,75.2344,30.0586,30.0586,0,0,15.842213,387298652
15.686963,75.4102,29.7070,29.7070,0,0,15.842213,387298652
15.689030,75.7617,29.1797,29.1797,0,0,15.842213,387298652
15.691018,75.9375,28.8281,28.8281,0,0,15.842213,387298652
15.693001,76.1133,28.3008,28.3008,0,0,15.842213,387298652
15.694992,76.4648,27.7734,27.7734,0,0,15.842213,387298652
15.696972,76.6406,27.4219,27.4219,0,0,15.842213,387298652
15.698962,76.8164,26.8945,26.8945,0,0,15.842213,387298652
15.701029,77.1680,26.3672,26.3672,0,0,15.842213,387298652
15.703017,77.3438,25.8398,25.8398,0,0,15.842213,387298652
15.705001,77.5195,25.3125,25.3125,0,0,15.842213,387298652
15.706992,77.8711,24.7852,24.7852,0,0,15.842213,387298652
15.708972,78.0469,24.2578,24.2578,0,0,15.842213,387298652
15.710962,78.3984,23.9062,23.9062,0,0,15.842213,387298652
15.713029,78.5742,23.3789,23.3789,0,0,15.842213,387298652
15.715017,78.9258,22.8516,22.8516,0,0,15.842213,387298652
15.717001,79.1016,22.3242,22.3242,0,0,15.842213,387298652
15.718992,79.4531,21.7969,21.7969,0,0,15.842213,387298652
15.720972,79.6289,21.2695,21.2695,0,0,15.842213,387298652
15.722975,79.9805,20.7422,20.7422,0,0,15.842213,387298652
15.724956,80.1562,20.2148,20.2148,0,0,15.842213,387298652
15.727030,80.5078,19.6875,19.6875,0,0,15.842213,387298652
15.729011,80.6836,19.1602,19.1602,0,0,15.842213,387298652
15.731000,81.0352,18.6328,18.6328,0,0,15.842213,387298652
15.732984,81.2109,18.1055,18.1055,0,0,15.842213,387298652
15.734971,81.3867,17.5781,17.5781,0,0,15.842213,387298652
15.737039,81.7383,17.0508,17.0508,0,0,15.842213,387298652
15.739030,82.0898,16.5234,16.5234,0,0,15.842213,387298652
15.740985,82.2656,15.9961,15.9961,0,0,15.842213,387298652
15.742975,82.4414,15.4688,15.4688,0,0,15.842213,387298652
15.744956,82.7930,14.9414,14.9414,0,0,15.842213,387298652
15.747030,82.9688,14.4141,14.4141,0,0,15.842213,387298652
15.749011,83.1445,14.0625,14.0625,0,0,15.842213,387298652
15.751000,83.4961,13.5352,13.5352,0,0,15.842213,387298652
15.753024,83.6719,13.0078,13.0078,0,0,15.842213,387298652
15.755025,83.8477,12.6562,12.6562,0,0,15.842213,387298652
15.756962,84.1992,12.1289,12.1289,0,0,15.842213,387298652
15.759039,84.3750,11.6016,11.6016,0,0,15.842213,387298652
15.763410,84.7266,10.7227,10.7227,0,0,15.842213,387298652
15.763685,84.9023,10.7227,10.7227,0,0,15.842213,387298652
15.764990,84.9023,10.3711,10.3711,0,0,15.842213,387298652
15.766986,85.0781,10.0195,10.0195,0,0,15.842213,387298652
15.768984,85.2539,9.4922,9.4922,0,0,15.842213,387298652
15.770984,85.6055,9.1406,9.1406,0,0,15.842213,387298652
15.772980,85.6055,8.7891,8.7891,0,0,15.842213,387298652
15.774979,85.7812,8.4375,8.4375,0,0,15.842213,387298652
15.776975,85.9570,8.0859,8.0859,0,0,15.842213,387298652
15.778971,86.1328,7.7344,7.7344,0,0,15.842213,387298652
15.780971,86.3086,7.3828,7.3828,0,0,15.842213,387298652
15.782967,86.4844,7.0312,7.0312,0,0,15.842213,387298652
15.784963,86.6602,6.6797,6.6797,0,0,15.842213,387298652
15.786962,86.6602,6.5039,6.5039,0,0,15.842213,387298652
15.788959,86.8359,6.1523,6.1523,0,0,15.842213,387298652
15.790956,87.0117,5.9766,5.9766,0,0,15.842213,387298652
15.792956,87.0117,5.6250,5.6250,0,0,15.842213,387298652
15.795039,87.1875,5.4492,5.4492,0,0,15.842213,387298652
15.797038,87.3633,5.0977,5.0977,0,0,15.842213,387298652
15.799034,87.3633,4.9219,4.9219,0,0,15.842213,387298652
15.801030,87.5391,4.7461,4.7461,0,0,15.842213,387298652
15.803029,87.5391,4.5703,4.5703,0,0,15.842213,387298652
15.805028,87.5391,4.3945,4.3945,0,0,15.842213,387298652
15.807026,87.7148,4.2188,4.2188,0,0,15.842213,387298652
15.809023,87.7148,4.2188,4.2188,0,0,15.842213,387298652
15.811022,87.7148,4.0430,4.0430,0,0,15.842213,387298652
15.812995,87.7148,3.8672,3.8672,0,0,15.842213,387298652
15.815003,87.8906,3.8672,3.8672,0,0,15.842213,387298652
15.817031,87.8906,3.6914,3.6914,0,0,15.842213,387298652
15.819031,87.8906,3.6914,3.6914,0,0,15.842213,387298652
15.821012,87.8906,3.6914,3.6914,0,0,15.842213,387298652
15.825950,87.8906,3.5156,3.5156,0,0,16.087782,387558142
15.826445,87.8906,3.5156,3.5156,0,0,16.087782,387558142
15.826989,87.8906,3.5156,3.5156,0,0,16.087782,387558142
15.828956,87.8906,3.5156,3.5156,0,0,16.087782,387558142
15.831032,87.8906,3.5156,3.5156,0,0,16.087782,387558142
15.833027,87.8906,3.5156,3.5156,0,0,16.087782,387558142
15.835041,87.7148,3.6914,3.6914,0,0,16.087782,387558142
15.837020,87.7148,3.6914,3.6914,0,0,16.087782,387558142
15.839018,87.7148,3.6914,3.6914,0,0,16.087782,387558142
15.841013,87.7148,3.8672,3.8672,0,0,16.087782,387558142
15.842991,87.5391,3.8672,3.8672,0,0,16.087782,387558142
15.844971,87.5391,4.0430,4.0430,0,0,16.087782,387558142
15.847035,87.3633,4.2188,4.2188,0,0,16.087782,387558142
15.848970,87.3633,4.3945,4.3945,0,0,16.087782,387558142
15.851012,87.1875,4.5703,4.5703,0,0,16.087782,387558142
15.853016,87.1875,4.5703,4.5703,0,0,16.087782,387558142
15.855033,87.0117,4.9219,4.9219,0,0,16.087782,387558142
15.857030,87.0117,5.0977,5.0977,0,0,16.087782,387558142
15.858971,86.8359,5.2734,5.2734,0,0,16.087782,387558142
15.863903,86.4844,5.8008,5.8008,0,0,16.087782,387558142
15.864215,86.4844,5.8008,5.8008,0,0,16.087782,387558142
15.865004,86.4844,5.9766,5.9766,0,0,16.087782,387558142
15.866992,86.3086,6.1523,6.1523,0,0,16.087782,387558142
15.869002,86.3086,6.5039,6.5039,0,0,16.087782,387558142
15.870992,86.1328,6.6797,6.6797,0,0,16.087782,387558142
15.872972,85.9570,7.0312,7.0312,0,0,16.087782,387558142
15.874962,85.7812,7.3828,7.3828,0,0,16.087782,387558142
15.877029,85.6055,7.7344,7.7344,0,0,16.087782,387558142
15.879017,85.4297,7.9102,7.9102,0,0,16.087782,387558142
15.881001,85.2539,8.4375,8.4375,0,0,16.087782,387558142
15.882992,85.0781,8.6133,8.6133,0,0,16.087782,387558142
15.884972,84.9023,8.9648,8.9648,0,0,16.087782,387558142
15.886962,84.7266,9.3164,9.3164,0,0,16.087782,387558142
15.889029,84.5508,9.8438,9.8438,0,0,16.087782,387558142
15.891017,84.3750,10.1953,10.1953,0,0,16.087782,387558142
15.893001,84.1992,10.5469,10.5469,0,0,16.087782,387558142
15.894992,83.8477,10.8984,10.8984,0,0,16.087782,387558142
15.896972,83.6719,11.4258,11.4258,0,0,16.087782,387558142
15.898962,83.4961,11.7773,11.7773,0,0,16.087782,387558142
15.901029,83.3203,12.1289,12.1289,0,0,16.087782,387558142
15.903017,83.1445,12.6562,12.6562,0,0,16.087782,387558142
15.905001,82.7930,13.0078,13.0078,0,0,16.087782,387558142
15.906992,82.6172,13.5352,13.5352,0,0,16.087782,387558142
15.908972,82.4414,13.8867,13.8867,0,0,16.087782,387558142
15.910962,82.2656,14.4141,14.4141,0,0,16.087782,387558142
15.913029,81.9141,14.9414,14.9414,0,0,16.087782,387558142
15.915017,81.7383,15.2930,15.2930,0,0,16.087782,387558142
15.917015,81.5625,15.8203,15.8203,0,0,16.087782,387558142
15.918976,81.3867,16.1719,16.1719,0,0,16.087782,387558142
15.920960,81.0352,16.6992,16.6992,0,0,16.087782,387558142
15.922960,80.8594,17.2266,17.2266,0,0,16.087782,387558142
15.925029,80.6836,17.7539,17.7539,0,0,16.087782,387558142
15.927017,80.3320,18.1055,18.1055,0,0,16.087782,387558142
15.929001,80.1562,18.6328,18.6328,0,0,16.087782,387558142
15.930992,79.9805,19.1602,19.1602,0,0,16.087782,387558142
15.932972,79.6289,19.5117,19.5117,0,0,16.087782,387558142
15.934962,79.4531,20.0391,20.0391,0,0,16.087782,387558142
15.937030,79.2773,20.3906,20.3906,0,0,16.087782,387558142
15.939019,78.9258,20.9180,20.9180,0,0,16.087782,387558142
15.941000,78.7500,21.4453,21.4453,0,0,16.087782,387558142
15.942992,78.5742,21.7969,21.7969,0,0,16.087782,387558142
15.944972,78.2227,22.3242,22.3242,0,0,16.087782,387558142
15.946962,78.0469,22.6758,22.6758,0,0,16.087782,387558142
15.949029,77.8711,23.2031,23.2031,0,0,16.087782,387558142
15.951017,77.6953,23.5547,23.5547,0,0,16.087782,387558142
15.953001,77.3438,24.0820,24.0820,0,0,16.087782,387558142
15.954992,77.1680,24.6094,24.6094,0,0,16.087782,387558142
15.957006,76.9922,24.9609,24.9609,0,0,16.087782,387558142
15.958962,76.8164,25.3125,25.3125,0,0,16.087782,387558142
15.963371,76.4648,26.1914,26.1914,0,0,16.087782,387558142
15.963636,76.4648,26.3672,26.3672,0,0,16.087782,387558142
15.965034,76.2891,26.5430,26.5430,0,0,16.087782,387558142
15.967030,76.1133,26.8945,26.8945,0,0,16.087782,387558142
15.969029,75.9375,27.4219,27.4219,0,0,16.087782,387558142
15.971028,75.7617,27.7734,27.7734,0,0,16.087782,387558142
15.973026,75.5859,28.1250,28.1250,0,0,16.087782,387558142
15.975023,75.4102,28.4766,28.4766,0,0,16.087782,387558142
15.977021,75.2344,28.8281,28.8281,0,0,16.087782,387558142
15.979017,75.0586,29.0039,29.0039,0,0,16.087782,387558142
15.981015,75.0586,29.3555,29.3555,0,0,16.087782,387558142
15.983015,74.8828,29.7070,29.7070,0,0,16.087782,387558142
15.985015,74.7070,30.0586,30.0586,0,0,16.087782,387558142
15.987015,74.5312,30.2344,30.2344,0,0,16.087782,387558142
15.989015,74.5312,30.5859,30.5859,0,0,16.087782,387558142
15.991015,74.3555,30.9375,30.9375,0,0,16.087782,387558142
15.993015,74.3555,31.1133,31.1133,0,0,16.087782,387558142
15.995015,74.1797,31.2891,31.2891,0,0,16.087782,387558142
15.997015,74.0039,31.6406,31.6406,0,0,16.087782,387558142
15.999015,74.0039,31.8164,31.8164,0,0,16.087782,387558142
16.001015,73.8281,31.9922,31.9922,0,0,16.087782,387558142
16.003015,73.8281,32.1680,32.1680,0,0,16.087782,387558142
16.005015,73.6523,32.3438,32.3438,0,0,16.087782,387558142
16.007015,73.6523,32.5195,32.5195,0,0,16.087782,387558142
16.009015,73.6523,32.6953,32.6953,0,0,16.087782,387558142
16.011015,73.6523,32.6953,32.6953,0,0,16.087782,387558142
16.013015,73.4766,33.0469,33.0469,0,0,16.087782,387558142
16.015015,73.4766,33.0469,33.0469,0,0,16.087782,387558142
16.017015,73.4766,33.2227,33.2227,0,0,16.087782,387558142
16.019015,73.4766,33.2227,33.2227,0,0,16.087782,387558142
16.021015,73.4766,33.3984,33.3984,0,0,16.087782,387558142
16.023026,73.4766,33.3984,33.3984,0,0,16.087782,387558142
16.025023,73.3008,33.3984,33.3984,0,0,16.087782,387558142
16.027022,73.3008,33.3984,33.3984,0,0,16.087782,387558142
16.029018,73.3008,33.3984,33.3984,0,0,16.087782,387558142
16.031018,73.3008,33.3984,33.3984,0,0,16.087782,387558142
16.033015,73.3008,33.3984,33.3984,0,0,16.087782,387558142
16.035015,73.4766,33.3984,33.3984,0,0,16.087782,387558142
16.037015,73.4766,33.3984,33.3984,0,0,16.087782,387558142
16.039015,73.4766,33.3984,33.3984,0,0,16.087782,387558142
16.041015,73.4766,33.3984,33.3984,0,0,16.087782,387558142
16.043015,73.6523,33.3984,33.3984,0,0,16.087782,387558142
16.045015,73.6523,33.2227,33.2227,0,0,16.087782,387558142
16.047015,73.6523,33.2227,33.2227,0,0,16.087782,387558142
16.049015,73.6523,33.0469,33.0469,0,0,16.087782,387558142
16.051015,73.8281,33.0469,33.0469,0,0,16.087782,387558142
16.053015,73.8281,32.8711,32.8711,0,0,16.087782,387558142
16.055015,74.0039,32.6953,32.6953,0,0,16.087782,387558142
16.057015,74.0039,32.5195,32.5195,0,0,16.087782,387558142
16.059055,74.1797,32.3438,32.3438,0,0,16.087782,387558142
16.063568,74.3555,31.9922,31.9922,0,0,16.087782,387558142
16.063972,74.3555,31.9922,31.9922,0,0,16.087782,387558142
16.065018,74.3555,31.8164,31.8164,0,0,16.087782,387558142
16.067008,74.5312,31.6406,31.6406,0,0,16.087782,387558142
16.069018,74.7070,31.4648,31.4648,0,0,16.087782,387558142
16.071008,74.7070,31.1133,31.1133,0,0,16.087782,387558142
16.073018,74.8828,30.9375,30.9375,0,0,16.087782,387558142
16.075007,75.0586,30.7617,30.7617,0,0,16.087782,387558142
16.076990,75.2344,30.4102,30.4102,0,0,16.087782,387558142
16.079010,75.2344,30.2344,30.2344,0,0,16.087782,387558142
16.080999,75.4102,29.8828,29.8828,0,0,16.087782,387558142
16.085247,75.7617,29.1797,29.1797,0,0,16.320933,387790920
16.085850,75.7617,29.1797,29.1797,0,0,16.320933,387790920
16.087028,75.9375,29.0039,29.0039,0,0,16.320933,387790920
16.089111,76.1133,28.6523,28.6523,0,0,16.320933,387790920
16.090963,76.2891,28.4766,28.4766,0,0,16.320933,387790920
16.092970,76.4648,28.1250,28.1250,0,0,16.320933,387790920
16.095016,76.6406,27.7734,27.7734,0,0,16.320933,387790920
16.097011,76.8164,27.4219,27.4219,0,0,16.320933,387790920
16.099014,76.9922,27.0703,27.0703,0,0,16.320933,387790920
16.100985,77.1680,26.7188,26.7188,0,0,16.320933,387790920
16.103037,77.3438,26.3672,26.3672,0,0,16.320933,387790920
16.105009,77.5195,26.0156,26.0156,0,0,16.320933,387790920
16.107007,77.6953,25.4883,25.4883,0,0,16.320933,387790920
16.109003,77.8711,25.1367,25.1367,0,0,16.320933,387790920
16.111000,78.0469,24.7852,24.7852,0,0,16.320933,387790920
16.113000,78.2227,24.4336,24.4336,0,0,16.320933,387790920
16.114996,78.5742,23.9062,23.9062,0,0,16.320933,387790920
16.116992,78.7500,23.5547,23.5547,0,0,16.320933,387790920
16.118990,78.9258,23.2031,23.2031,0,0,16.320933,387790920
16.120988,79.1016,22.8516,22.8516,0,0,16.320933,387790920
16.122992,79.2773,22.3242,22.3242,0,0,16.320933,387790920
16.124992,79.4531,21.9727,21.9727,0,0,16.320933,387790920
16.126992,79.8047,21.4453,21.4453,0,0,16.320933,387790920
16.128992,79.9805,21.0938,21.0938,0,0,16.320933,387790920
16.130992,80.1562,20.7422,20.7422,0,0,16.320933,387790920
16.132992,80.3320,20.2148,20.2148,0,0,16.320933,387790920
16.134992,80.6836,19.8633,19.8633,0,0,16.320933,387790920
16.136992,80.8594,19.5117,19.5117,0,0,16.320933,387790920
16.138992,81.0352,18.9844,18.9844,0,0,16.320933,387790920
16.140992,81.2109,18.6328,18.6328,0,0,16.320933,387790920
16.142992,81.3867,18.2812,18.2812,0,0,16.320933,387790920
16.144992,81.5625,17.7539,17.7539,0,0,16.320933,387790920
16.146992,81.7383,17.4023,17.4023,0,0,16.320933,387790920
16.148992,82.0898,17.0508,17.0508,0,0,16.320933,387790920
16.150992,82.2656,16.5234,16.5234,0,0,16.320933,387790920
16.152992,82.4414,16.1719,16.1719,0,0,16.320933,387790920
16.154992,82.6172,15.8203,15.8203,0,0,16.320933,387790920
16.156992,82.7930,15.4688,15.4688,0,0,16.320933,387790920
16.158992,82.9688,14.9414,14.9414,0,0,16.320933,387790920
16.163954,83.4961,14.0625,14.0625,0,0,16.320933,387790920
16.164277,83.4961,14.0625,14.0625,0,0,16.320933,387790920
16.164960,83.4961,13.8867,13.8867,0,0,16.320933,387790920
16.167033,83.6719,13.5352,13.5352,0,0,16.320933,387790920
16.169026,83.8477,13.1836,13.1836,0,0,16.320933,387790920
16.171003,84.0234,12.8320,12.8320,0,0,16.320933,387790920
16.172984,84.1992,12.4805,12.4805,0,0,16.320933,387790920
16.174972,84.3750,12.1289,12.1289,0,0,16.320933,387790920
16.176956,84.5508,11.9531,11.9531,0,0,16.320933,387790920
16.179030,84.7266,11.6016,11.6016,0,0,16.320933,387790920
16.181011,84.9023,11.2500,11.2500,0,0,16.320933,387790920
16.183000,84.9023,10.8984,10.8984,0,0,16.320933,387790920
16.184984,85.0781,10.7227,10.7227,0,0,16.320933,387790920
16.186971,85.2539,10.3711,10.3711,0,0,16.320933,387790920
16.189039,85.2539,10.0195,10.0195,0,0,16.320933,387790920
16.191030,85.4297,9.8438,9.8438,0,0,16.320933,387790920
16.193011,85.6055,9.4922,9.4922,0,0,16.320933,387790920
16.195000,85.6055,9.3164,9.3164,0,0,16.320933,387790920
16.196984,85.7812,9.1406,9.1406,0,0,16.320933,387790920
16.198971,85.7812,8.9648,8.9648,0,0,16.320933,387790920
16.201039,85.9570,8.7891,8.7891,0,0,16.320933,387790920
16.203030,85.9570,8.6133,8.6133,0,0,16.320933,387790920
16.205011,86.1328,8.4375,8.4375,0,0,16.320933,387790920
16.207000,86.1328,8.0859,8.0859,0,0,16.320933,387790920
16.208984,86.3086,8.0859,8.0859,0,0,16.320933,387790920
16.210971,86.3086,7.9102,7.9102,0,0,16.320933,387790920
16.213039,86.3086,7.7344,7.7344,0,0,16.320933,387790920
16.215030,86.3086,7.5586,7.5586,0,0,16.320933,387790920
16.217011,86.4844,7.3828,7.3828,0,0,16.320933,387790920
16.219000,86.4844,7.3828,7.3828,0,0,16.320933,387790920
16.220984,86.4844,7.2070,7.2070,0,0,16.320933,387790920
16.222985,86.4844,7.2070,7.2070,0,0,16.320933,387790920
16.224968,86.4844,7.2070,7.2070,0,0,16.320933,387790920
16.226956,86.4844,7.0312,7.0312,0,0,16.320933,387790920
16.229023,86.4844,7.0312,7.0312,0,0,16.320933,387790920
16.231015,86.4844,7.0312,7.0312,0,0,16.320933,387790920
16.232996,86.4844,7.0312,7.0312,0,0,16.320933,387790920
16.234984,86.4844,7.0312,7.0312,0,0,16.320933,387790920
16.236968,86.4844,7.0312,7.0312,0,0,16.320933,387790920
16.238956,86.4844,7.0312,7.0312,0,0,16.320933,387790920
16.241039,86.4844,7.0312,7.0312,0,0,16.320933,387790920
16.243030,86.4844,7.0312,7.0312,0,0,16.320933,387790920
16.245011,86.4844,7.2070,7.2070,0,0,16.320933,387790920
16.247000,86.4844,7.2070,7.2070,0,0,16.320933,387790920
16.248984,86.3086,7.2070,7.2070,0,0,16.320933,387790920
16.250971,86.3086,7.3828,7.3828,0,0,16.320933,387790920
16.253039,86.3086,7.3828,7.3828,0,0,16.320933,387790920
16.255030,86.1328,7.5586,7.5586,0,0,16.320933,387790920
16.257011,86.1328,7.7344,7.7344,0,0,16.320933,387790920
16.259000,85.9570,7.9102,7.9102,0,0,16.320933,387790920
16.263388,85.7812,8.0859,8.0859,0,0,16.320933,387790920
16.263765,85.7812,8.0859,8.0859,0,0,16.320933,387790920
16.264985,85.7812,8.2617,8.2617,0,0,16.320933,387790920
16.266984,85.6055,8.4375,8.4375,0,0,16.320933,387790920
16.268984,85.6055,8.6133,8.6133,0,0,16.320933,387790920
16.270996,85.4297,8.7891,8.7891,0,0,16.320933,387790920
16.272992,85.4297,8.9648,8.9648,0,0,16.320933,387790920
16.274990,85.2539,9.3164,9.3164,0,0,16.320933,387790920
16.276988,85.0781,9.4922,9.4922,0,0,16.320933,387790920
16.278984,85.0781,9.6680,9.6680,0,0,16.320933,387790920
16.280984,84.9023,9.8438,9.8438,0,0,16.320933,387790920
16.282980,84.7266,10.1953,10.1953,0,0,16.320933,387790920
16.284979,84.7266,10.3711,10.3711,0,0,16.320933,387790920
16.286975,84.5508,10.7227,10.7227,0,0,16.320933,387790920
16.288971,84.3750,10.8984,10.8984,0,0,16.320933,387790920
16.290971,84.1992,11.2500,11.2500,0,0,16.320933,387790920
16.292967,84.1992,11.4258,11.4258,0,0,16.320933,387790920
16.294963,84.0234,11.7773,11.7773,0,0,16.320933,387790920
16.296962,83.8477,12.1289,12.1289,0,0,16.320933,387790920
16.298959,83.6719,12.3047,12.3047,0,0,16.320933,387790920
16.300956,83.4961,12.6562,12.6562,0,0,16.320933,387790920
16.302956,83.3203,13.0078,13.0078,0,0,16.320933,387790920
16.305039,83.1445,13.3594,13.3594,0,0,16.320933,387790920
16.306983,82.9688,13.7109,13.7109,0,0,16.320933,387790920
16.309000,82.7930,14.0625,14.0625,0,0,16.320933,387790920
16.310989,82.6172,14.4141,14.4141,0,0,16.320933,387790920
16.312957,82.4414,14.7656,14.7656,0,0,16.320933,387790920
16.318205,82.0898,15.6445,15.6445,0,0,16.572798,388031877
16.318727,81.9141,15.6445,15.6445,0,0,16.572798,388031877
16.318976,81.9141,15.6445,15.6445,0,0,16.572798,388031877
16.320984,81.7383,16.1719,16.1719,0,0,16.572798,388031877
16.323035,81.5625,16.5234,16.5234,0,0,16.572798,388031877
16.325031,81.3867,16.8750,16.8750,0,0,16.572798,388031877
16.327014,81.2109,17.2266,17.2266,0,0,16.572798,388031877
16.329170,81.0352,17.5781,17.5781,0,0,16.572798,388031877
16.331010,80.8594,17.9297,17.9297,0,0,16.572798,388031877
16.332978,80.6836,18.2812,18.2812,0,0,16.572798,388031877
16.335010,80.5078,18.6328,18.6328,0,0,16.572798,388031877
16.337006,80.3320,18.9844,18.9844,0,0,16.572798,388031877
16.339039,80.1562,19.3359,19.3359,0,0,16.572798,388031877
16.341019,79.9805,19.6875,19.6875,0,0,16.572798,388031877
16.343017,79.8047,20.0391,20.0391,0,0,16.572798,388031877
16.345015,79.6289,20.3906,20.3906,0,0,16.572798,388031877
16.347015,79.4531,20.7422,20.7422,0,0,16.572798,388031877
16.349015,79.2773,21.0938,21.0938,0,0,16.572798,388031877
16.351015,79.1016,21.4453,21.4453,0,0,16.572798,388031877
16.353015,78.9258,21.7969,21.7969,0,0,16.572798,388031877
16.355015,78.7500,22.1484,22.1484,0,0,16.572798,388031877
16.357015,78.5742,22.5000,22.5000,0,0,16.572798,388031877
16.359015,78.3984,22.8516,22.8516,0,0,16.572798,388031877
16.363897,78.0469,23.7305,23.7305,0,0,16.572798,388031877
16.364217,78.0469,23.7305,23.7305,0,0,16.572798,388031877
16.364995,78.0469,23.9062,23.9062,0,0,16.572798,388031877
16.367038,77.8711,24.2578,24.2578,0,0,16.572798,388031877
16.369036,77.6953,24.6094,24.6094,0,0,16.572798,388031877
16.370996,77.5195,24.7852,24.7852,0,0,16.572798,388031877
16.372979,77.3438,25.1367,25.1367,0,0,16.572798,388031877
16.374968,77.1680,25.4883,25.4883,0,0,16.572798,388031877
16.377033,77.1680,25.6641,25.6641,0,0,16.572798,388031877
16.379022,76.9922,26.0156,26.0156,0,0,16.572798,388031877
16.381003,76.8164,26.1914,26.1914,0,0,16.572798,388031877
16.382992,76.8164,26.5430,26.5430,0,0,16.572798,388031877
16.384971,76.6406,26.7188,26.7188,0,0,16.572798,388031877
16.386962,76.4648,27.0703,27.0703,0,0,16.572798,388031877
16.389030,76.4648,27.2461,27.2461,0,0,16.572798,388031877
16.391019,76.2891,27.5977,27.5977,0,0,16.572798,388031877
16.393000,76.2891,27.7734,27.7734,0,0,16.572798,388031877
16.394992,76.1133,27.9492,27.9492,0,0,16.572798,388031877
16.396972,76.1133,28.1250,28.1250,0,0,16.572798,388031877
16.398962,75.9375,28.3008,28.3008,0,0,16.572798,388031877
16.401029,75.9375,28.4766,28.4766,0,0,16.572798,388031877
16.403017,75.7617,28.8281,28.8281,0,0,16.572798,388031877
16.405001,75.7617,28.8281,28.8281,0,0,16.572798,388031877
16.406992,75.7617,29.0039,29.0039,0,0,16.572798,388031877
16.408972,75.5859,29.1797,29.1797,0,0,16.572798,388031877
16.410962,75.5859,29.3555,29.3555,0,0,16.572798,388031877
16.413029,75.5859,29.5312,29.5312,0,0,16.572798,388031877
16.415017,75.4102,29.5312,29.5312,0,0,16.572798,388031877
16.417001,75.4102,29.7070,29.7070,0,0,16.572798,388031877
16.418992,75.4102,29.7070,29.7070,0,0,16.572798,388031877
16.420972,75.4102,29.8828,29.8828,0,0,16.572798,388031877
16.422971,75.4102,29.8828,29.8828,0,0,16.572798,388031877
16.425039,75.4102,30.0586,30.0586,0,0,16.572798,388031877
16.427030,75.4102,30.0586,30.0586,0,0,16.572798,388031877
16.429011,75.2344,30.2344,30.2344,0,0,16.572798,388031877
16.431000,75.2344,30.2344,30.2344,0,0,16.572798,388031877
16.432984,75.2344,30.2344,30.2344,0,0,16.572798,388031877
16.434971,75.2344,30.2344,30.2344,0,0,16.572798,388031877
16.437039,75.2344,30.2344,30.2344,0,0,16.572798,388031877
16.439030,75.2344,30.2344,30.2344,0,0,16.572798,388031877
16.441011,75.4102,30.2344,30.2344,0,0,16.572798,388031877
16.443000,75.4102,30.2344,30.2344,0,0,16.572798,388031877
16.444984,75.4102,30.2344,30.2344,0,0,16.572798,388031877
16.446971,75.4102,30.0586,30.0586,0,0,16.572798,388031877
16.449039,75.5859,30.0586,30.0586,0,0,16.572798,388031877
16.451030,75.5859,29.8828,29.8828,0,0,16.572798,388031877
16.453011,75.5859,29.8828,29.8828,0,0,16.572798,388031877
16.455000,75.7617,29.7070,29.7070,0,0,16.572798,388031877
16.456984,75.7617,29.7070,29.7070,0,0,16.572798,388031877
16.458971,75.7617,29.5312,29.5312,0,0,16.572798,388031877
16.463335,75.9375,29.3555,29.3555,0,0,16.572798,388031877
16.463598,75.9375,29.3555,29.3555,0,0,16.572798,388031877
16.465000,75.9375,29.1797,29.1797,0,0,16.572798,388031877
16.467000,76.1133,29.0039,29.0039,0,0,16.572798,388031877
16.469035,76.1133,29.0039,29.0039,0,0,16.572798,388031877
16.471031,76.2891,28.8281,28.8281,0,0,16.572798,388031877
16.473030,76.4648,28.6523,28.6523,0,0,16.572798,388031877
16.475029,76.4648,28.4766,28.4766,0,0,16.572798,388031877
16.476956,76.6406,28.3008,28.3008,0,0,16.572798,388031877
16.478956,76.6406,28.1250,28.1250,0,0,16.572798,388031877
16.481039,76.8164,27.9492,27.9492,0,0,16.572798,388031877
16.483039,76.8164,27.5977,27.5977,0,0,16.572798,388031877
16.485038,76.9922,27.4219,27.4219,0,0,16.572798,388031877
16.487034,77.1680,27.2461,27.2461,0,0,16.572798,388031877
16.489030,77.1680,27.0703,27.0703,0,0,16.572798,388031877
16.491029,77.3438,26.7188,26.7188,0,0,16.572798,388031877
16.493028,77.5195,26.5430,26.5430,0,0,16.572798,388031877
16.495026,77.6953,26.3672,26.3672,0,0,16.572798,388031877
16.497023,77.8711,26.0156,26.0156,0,0,16.572798,388031877
16.499022,77.8711,25.6641,25.6641,0,0,16.572798,388031877
16.501018,78.0469,25.4883,25.4883,0,0,16.572798,388031877
16.503017,78.2227,25.3125,25.3125,0,0,16.572798,388031877
16.505015,78.3984,24.9609,24.9609,0,0,16.572798,388031877
16.507015,78.5742,24.6094,24.6094,0,0,16.572798,388031877
16.509015,78.5742,24.4336,24.4336,0,0,16.572798,388031877
16.511015,78.7500,24.0820,24.0820,0,0,16.572798,388031877
16.513015,78.9258,23.9062,23.9062,0,0,16.572798,388031877
16.515015,79.1016,23.5547,23.5547,0,0,16.572798,388031877
16.517015,79.2773,23.2031,23.2031,0,0,16.572798,388031877
16.519015,79.4531,22.8516,22.8516,0,0,16.572798,388031877
16.521015,79.4531,22.6758,22.6758,0,0,16.572798,388031877
16.523026,79.6289,22.3242,22.3242,0,0,16.572798,388031877
16.525023,79.8047,21.9727,21.9727,0,0,16.572798,388031877
16.527022,79.9805,21.7969,21.7969,0,0,16.572798,388031877
16.529018,80.1562,21.4453,21.4453,0,0,16.572798,388031877
16.531018,80.3320,21.0938,21.0938,0,0,16.572798,388031877
16.533015,80.5078,20.7422,20.7422,0,0,16.572798,388031877
16.535015,80.6836,20.3906,20.3906,0,0,16.572798,388031877
16.537015,80.8594,20.0391,20.0391,0,0,16.572798,388031877
16.539015,81.0352,19.8633,19.8633,0,0,16.572798,388031877
16.541033,81.2109,19.5117,19.5117,0,0,16.572798,388031877
16.543036,81.3867,19.1602,19.1602,0,0,16.572798,388031877
16.544975,81.3867,18.9844,18.9844,0,0,16.572798,388031877
16.546993,81.5625,18.6328,18.6328,0,0,16.572798,388031877
16.548992,81.7383,18.2812,18.2812,0,0,16.572798,388031877
16.550990,81.9141,17.9297,17.9297,0,0,16.572798,388031877
16.552986,82.0898,17.5781,17.5781,0,0,16.572798,388031877
16.555604,82.2656,17.2266,17.2266,0,0,16.572798,388031877
16.559027,82.4414,16.6992,16.6992,0,0,16.805014,388267340
16.559569,82.6172,16.5234,16.5234,0,0,16.805014,388267340
16.564175,82.7930,15.9961,15.9961,0,0,16.805014,388267340
16.564512,82.9688,15.8203,15.8203,0,0,16.805014,388267340
16.565032,82.9688,15.8203,15.8203,0,0,16.805014,388267340
16.567037,83.1445,15.6445,15.6445,0,0,16.805014,388267340
16.568993,83.1445,15.2930,15.2930,0,0,16.805014,388267340
16.570992,83.3203,14.9414,14.9414,0,0,16.805014,388267340
16.573037,83.4961,14.7656,14.7656,0,0,16.805014,388267340
16.574961,83.4961,14.4141,14.4141,0,0,16.805014,388267340
16.576959,83.6719,14.2383,14.2383,0,0,16.805014,388267340
16.578984,83.8477,14.0625,14.0625,0,0,16.805014,388267340
16.580959,83.8477,13.7109,13.7109,0,0,16.805014,388267340
16.582993,84.0234,13.5352,13.5352,0,0,16.805014,388267340
16.585020,84.1992,13.3594,13.3594,0,0,16.805014,388267340
16.587017,84.1992,13.0078,13.0078,0,0,16.805014,388267340
16.589015,84.3750,12.8320,12.8320,0,0,16.805014,388267340
16.591033,84.3750,12.6562,12.6562,0,0,16.805014,388267340
16.593019,84.5508,12.4805,12.4805,0,0,16.805014,388267340
16.595017,84.5508,12.3047,12.3047,0,0,16.805014,388267340
16.597015,84.7266,12.1289,12.1289,0,0,16.805014,388267340
16.599015,84.9023,11.9531,11.9531,0,0,16.805014,388267340
16.601015,84.9023,11.7773,11.7773,0,0,16.805014,388267340
16.603015,84.9023,11.6016,11.6016,0,0,16.805014,388267340
16.605015,84.9023,11.4258,11.4258,0,0,16.805014,388267340
16.607015,85.0781,11.2500,11.2500,0,0,16.805014,388267340
16.609015,85.0781,11.2500,11.2500,0,0,16.805014,388267340
16.611015,85.0781,11.0742,11.0742,0,0,16.805014,388267340
16.613015,85.2539,10.8984,10.8984,0,0,16.805014,388267340
16.615015,85.2539,10.7227,10.7227,0,0,16.805014,388267340
16.617015,85.2539,10.7227,10.7227,0,0,16.805014,388267340
16.619015,85.2539,10.5469,10.5469,0,0,16.805014,388267340
16.621015,85.4297,10.5469,10.5469,0,0,16.805014,388267340
16.623030,85.4297,10.5469,10.5469,0,0,16.805014,388267340
16.625029,85.4297,10.3711,10.3711,0,0,16.805014,388267340
16.627028,85.4297,10.3711,10.3711,0,0,16.805014,388267340
16.629026,85.4297,10.3711,10.3711,0,0,16.805014,388267340
16.631023,85.4297,10.1953,10.1953,0,0,16.805014,388267340
16.633021,85.4297,10.1953,10.1953,0,0,16.805014,388267340
16.635017,85.4297,10.1953,10.1953,0,0,16.805014,388267340
16.637015,85.4297,10.1953,10.1953,0,0,16.805014,388267340
16.639015,85.4297,10.1953,10.1953,0,0,16.805014,388267340
16.641015,85.4297,10.1953,10.1953,0,0,16.805014,388267340
16.643015,85.4297,10.1953,10.1953,0,0,16.805014,388267340
16.645015,85.4297,10.1953,10.1953,0,0,16.805014,388267340
16.647015,85.4297,10.1953,10.1953,0,0,16.805014,388267340
16.649015,85.2539,10.3711,10.3711,0,0,16.805014,388267340
16.651015,85.2539,10.3711,10.3711,0,0,16.805014,388267340
16.653015,85.2539,10.5469,10.5469,0,0,16.805014,388267340
16.655015,85.2539,10.5469,10.5469,0,0,16.805014,388267340
16.657015,85.0781,10.7227,10.7227,0,0,16.805014,388267340
16.659015,85.0781,10.7227,10.7227,0,0,16.805014,388267340
16.663534,84.9023,10.8984,10.8984,0,0,16.805014,388267340
16.663805,84.9023,10.8984,10.8984,0,0,16.805014,388267340
16.665010,84.9023,11.0742,11.0742,0,0,16.805014,388267340
16.667001,84.9023,11.2500,11.2500,0,0,16.805014,388267340
16.668984,84.7266,11.2500,11.2500,0,0,16.805014,388267340
16.670972,84.7266,11.4258,11.4258,0,0,16.805014,388267340
16.672956,84.5508,11.6016,11.6016,0,0,16.805014,388267340
16.675004,84.5508,11.6016,11.6016,0,0,16.805014,388267340
16.676984,84.3750,11.9531,11.9531,0,0,16.805014,388267340
16.678975,84.3750,11.9531,11.9531,0,0,16.805014,388267340
16.680990,84.1992,12.1289,12.1289,0,0,16.805014,388267340
16.682979,84.1992,12.3047,12.3047,0,0,16.805014,388267340
16.684962,84.1992,12.6562,12.6562,0,0,16.805014,388267340
16.687039,84.0234,12.6562,12.6562,0,0,16.805014,388267340
16.689021,83.8477,12.8320,12.8320,0,0,16.805014,388267340
16.691010,83.8477,13.0078,13.0078,0,0,16.805014,388267340
16.692991,83.6719,13.3594,13.3594,0,0,16.805014,388267340
16.694980,83.4961,13.5352,13.5352,0,0,16.805014,388267340
16.696962,83.4961,13.7109,13.7109,0,0,16.805014,388267340
16.699039,83.3203,14.0625,14.0625,0,0,16.805014,388267340
16.701021,83.1445,14.2383,14.2383,0,0,16.805014,388267340
16.703011,83.1445,14.4141,14.4141,0,0,16.805014,388267340
16.704991,82.9688,14.5898,14.5898,0,0,16.805014,388267340
16.706980,82.7930,14.9414,14.9414,0,0,16.805014,388267340
16.708962,82.7930,15.1172,15.1172,0,0,16.805014,388267340
16.711039,82.6172,15.4688,15.4688,0,0,16.805014,388267340
16.713021,82.4414,15.6445,15.6445,0,0,16.805014,388267340
16.715011,82.2656,15.8203,15.8203,0,0,16.805014,388267340
16.716991,82.2656,16.1719,16.1719,0,0,16.805014,388267340
16.718980,82.0898,16.3477,16.3477,0,0,16.805014,388267340
16.720962,81.9141,16.5234,16.5234,0,0,16.805014,388267340
16.722970,81.9141,16.8750,16.8750,0,0,16.805014,388267340
16.725039,81.7383,17.2266,17.2266,0,0,16.805014,388267340
16.727030,81.5625,17.4023,17.4023,0,0,16.805014,388267340
16.729011,81.3867,17.7539,17.7539,0,0,16.805014,388267340
16.731000,81.3867,17.9297,17.9297,0,0,16.805014,388267340
16.732984,81.2109,18.2812,18.2812,0,0,16.805014,388267340
16.734971,81.0352,18.4570,18.4570,0,0,16.805014,388267340
16.737039,80.8594,18.8086,18.8086,0,0,16.805014,388267340
16.739030,80.6836,18.9844,18.9844,0,0,16.805014,388267340
16.740959,80.6836,19.3359,19.3359,0,0,16.805014,388267340
16.743032,80.5078,19.6875,19.6875,0,0,16.805014,388267340
16.745015,80.3320,19.8633,19.8633,0,0,16.805014,388267340
16.747003,80.1562,20.0391,20.0391,0,0,16.805014,388267340
16.748984,80.1562,20.3906,20.3906,0,0,16.805014,388267340
16.750972,79.9805,20.5664,20.5664,0,0,16.805014,388267340
16.752956,79.9805,20.9180,20.9180,0,0,16.805014,388267340
16.755030,79.8047,21.0938,21.0938,0,0,16.805014,388267340
16.757011,79.6289,21.4453,21.4453,0,0,16.805014,388267340
16.759000,79.4531,21.6211,21.6211,0,0,16.805014,388267340
16.763360,79.2773,22.1484,22.1484,0,0,16.805014,388267340
16.763636,79.2773,22.1484,22.1484,0,0,16.805014,388267340
16.765023,79.1016,22.5000,22.5000,0,0,16.805014,388267340
16.767022,79.1016,22.6758,22.6758,0,0,16.805014,388267340
16.769018,78.9258,22.8516,22.8516,0,0,16.805014,388267340
16.771017,78.7500,23.2031,23.2031,0,0,16.805014,388267340
16.773015,78.7500,23.3789,23.3789,0,0,16.805014,388267340
16.775015,78.5742,23.5547,23.5547,0,0,16.805014,388267340
16.776967,78.5742,23.7305,23.7305,0,0,16.805014,388267340
16.778963,78.3984,23.9062,23.9062,0,0,16.805014,388267340
16.780963,78.3984,24.0820,24.0820,0,0,16.805014,388267340
16.782979,78.2227,24.2578,24.2578,0,0,16.805014,388267340
16.784962,78.2227,24.6094,24.6094,0,0,16.805014,388267340
16.786977,78.0469,24.7852,24.7852,0,0,16.805014,388267340
16.789004,78.0469,24.9609,24.9609,0,0,16.805014,388267340
16.791144,77.8711,25.1367,25.1367,0,0,16.805014,388267340
16.794628,77.8711,25.4883,25.4883,0,0,17.053721,388526461
16.795097,77.8711,25.4883,25.4883,0,0,17.053721,388526461
16.797018,77.6953,25.6641,25.6641,0,0,17.053721,388526461
16.799006,77.6953,25.6641,25.6641,0,0,17.053721,388526461
16.801005,77.5195,25.8398,25.8398,0,0,17.053721,388526461
16.802986,77.5195,26.0156,26.0156,0,0,17.053721,388526461
16.805009,77.5195,26.1914,26.1914,0,0,17.053721,388526461
16.807008,77.3438,26.1914,26.1914,0,0,17.053721,388526461
16.808981,77.3438,26.3672,26.3672,0,0,17.053721,388526461
16.811003,77.3438,26.5430,26.5430,0,0,17.053721,388526461
16.813003,77.3438,26.7188,26.7188,0,0,17.053721,388526461
16.815029,77.3438,26.7188,26.7188,0,0,17.053721,388526461
16.817030,77.1680,26.7188,26.7188,0,0,17.053721,388526461
16.819028,77.1680,26.8945,26.8945,0,0,17.053721,388526461
16.821009,77.1680,26.8945,26.8945,0,0,17.053721,388526461
16.822998,77.1680,27.0703,27.0703,0,0,17.053721,388526461
16.824995,77.1680,27.0703,27.0703,0,0,17.053721,388526461
16.826991,77.1680,27.0703,27.0703,0,0,17.053721,388526461
16.828990,77.1680,27.0703,27.0703,0,0,17.053721,388526461
16.830986,77.1680,27.0703,27.0703,0,0,17.053721,388526461
16.832984,77.1680,27.0703,27.0703,0,0,17.053721,388526461
16.834984,77.1680,27.0703,27.0703,0,0,17.053721,388526461
16.836984,77.1680,27.2461,27.2461,0,0,17.053721,388526461
16.838984,77.1680,27.2461,27.2461,0,0,17.053721,388526461
16.840984,77.1680,27.2461,27.2461,0,0,17.053721,388526461
16.842984,77.1680,27.2461,27.2461,0,0,17.053721,388526461
16.844984,77.1680,27.0703,27.0703,0,0,17.053721,388526461
16.846984,77.1680,27.0703,27.0703,0,0,17.053721,388526461
16.848984,77.3438,27.0703,27.0703,0,0,17.053721,388526461
16.850984,77.3438,27.0703,27.0703,0,0,17.053721,388526461
16.852984,77.3438,27.0703,27.0703,0,0,17.053721,388526461
16.854984,77.3438,26.8945,26.8945,0,0,17.053721,388526461
16.856984,77.5195,26.8945,26.8945,0,0,17.053721,388526461
16.858984,77.5195,26.8945,26.8945,0,0,17.053721,388526461
16.863872,77.6953,26.7188,26.7188,0,0,17.053721,388526461
16.864183,77.6953,26.5430,26.5430,0,0,17.053721,388526461
16.864968,77.6953,26.5430,26.5430,0,0,17.053721,388526461
16.866959,77.6953,26.3672,26.3672,0,0,17.053721,388526461
16.869026,77.8711,26.3672,26.3672,0,0,17.053721,388526461
16.871018,77.8711,26.1914,26.1914,0,0,17.053721,388526461
16.873001,77.8711,26.1914,26.1914,0,0,17.053721,388526461
16.874992,78.0469,26.0156,26.0156,0,0,17.053721,388526461
16.876975,78.0469,25.8398,25.8398,0,0,17.053721,388526461
16.878995,78.0469,25.6641,25.6641,0,0,17.053721,388526461
16.880964,78.2227,25.6641,25.6641,0,0,17.053721,388526461
16.882973,78.2227,25.4883,25.4883,0,0,17.053721,388526461
16.884956,78.3984,25.3125,25.3125,0,0,17.053721,388526461
16.887030,78.5742,25.1367,25.1367,0,0,17.053721,388526461
16.889011,78.5742,24.9609,24.9609,0,0,17.053721,388526461
16.891000,78.5742,24.7852,24.7852,0,0,17.053721,388526461
16.892984,78.7500,24.6094,24.6094,0,0,17.053721,388526461
16.894972,78.7500,24.4336,24.4336,0,0,17.053721,388526461
16.896956,78.9258,24.2578,24.2578,0,0,17.053721,388526461
16.899030,79.1016,24.0820,24.0820,0,0,17.053721,388526461
16.901011,79.1016,23.9062,23.9062,0,0,17.053721,388526461
16.903000,79.2773,23.7305,23.7305,0,0,17.053721,388526461
16.904984,79.2773,23.5547,23.5547,0,0,17.053721,388526461
16.906971,79.4531,23.3789,23.3789,0,0,17.053721,388526461
16.909039,79.4531,23.2031,23.2031,0,0,17.053721,388526461
16.911030,79.6289,22.8516,22.8516,0,0,17.053721,388526461
16.913011,79.8047,22.6758,22.6758,0,0,17.053721,388526461
16.915000,79.8047,22.5000,22.5000,0,0,17.053721,388526461
16.916984,79.9805,22.3242,22.3242,0,0,17.053721,388526461
16.918971,79.9805,22.1484,22.1484,0,0,17.053721,388526461
16.921039,80.1562,21.7969,21.7969,0,0,17.053721,388526461
16.922957,80.3320,21.6211,21.6211,0,0,17.053721,388526461
16.925024,80.3320,21.4453,21.4453,0,0,17.053721,388526461
16.927015,80.5078,21.2695,21.2695,0,0,17.053721,388526461
16.928996,80.6836,21.0938,21.0938,0,0,17.053721,388526461
16.930984,80.6836,20.7422,20.7422,0,0,17.053721,388526461
16.932968,80.8594,20.5664,20.5664,0,0,17.053721,388526461
16.934956,81.0352,20.3906,20.3906,0,0,17.053721,388526461
16.937023,81.0352,20.0391,20.0391,0,0,17.053721,388526461
16.939015,81.2109,19.8633,19.8633,0,0,17.053721,388526461
16.940996,81.3867,19.6875,19.6875,0,0,17.053721,388526461
16.942984,81.3867,19.5117,19.5117,0,0,17.053721,388526461
16.944968,81.5625,19.1602,19.1602,0,0,17.053721,388526461
16.946956,81.5625,18.9844,18.9844,0,0,17.053721,388526461
16.949023,81.7383,18.8086,18.8086,0,0,17.053721,388526461
16.951015,81.9141,18.6328,18.6328,0,0,17.053721,388526461
16.952996,81.9141,18.4570,18.4570,0,0,17.053721,388526461
16.954984,82.0898,18.1055,18.1055,0,0,17.053721,388526461
16.956968,82.0898,17.9297,17.9297,0,0,17.053721,388526461
16.958956,82.2656,17.7539,17.7539,0,0,17.053721,388526461
16.963410,82.4414,17.2266,17.2266,0,0,17.053721,388526461
16.963674,82.4414,17.2266,17.2266,0,0,17.053721,388526461
16.964988,82.6172,17.0508,17.0508,0,0,17.053721,388526461
16.966984,82.6172,16.8750,16.8750,0,0,17.053721,388526461
16.968984,82.7930,16.6992,16.6992,0,0,17.053721,388526461
16.970984,82.7930,16.5234,16.5234,0,0,17.053721,388526461
16.972980,82.9688,16.3477,16.3477,0,0,17.053721,388526461
16.974979,82.9688,16.1719,16.1719,0,0,17.053721,388526461
16.976975,83.1445,15.9961,15.9961,0,0,17.053721,388526461
16.978971,83.1445,15.8203,15.8203,0,0,17.053721,388526461
16.980994,83.3203,15.6445,15.6445,0,0,17.053721,388526461
16.982978,83.3203,15.4688,15.4688,0,0,17.053721,388526461
16.985023,83.4961,15.2930,15.2930,0,0,17.053721,388526461
16.987022,83.4961,15.1172,15.1172,0,0,17.053721,388526461
16.989018,83.4961,14.9414,14.9414,0,0,17.053721,388526461
16.991017,83.4961,14.7656,14.7656,0,0,17.053721,388526461
16.993015,83.6719,14.7656,14.7656,0,0,17.053721,388526461
16.995015,83.6719,14.5898,14.5898,0,0,17.053721,388526461
16.997015,83.6719,14.4141,14.4141,0,0,17.053721,388526461
16.999015,83.8477,14.2383,14.2383,0,0,17.053721,388526461
17.001015,83.8477,14.2383,14.2383,0,0,17.053721,388526461
17.003015,83.8477,14.0625,14.0625,0,0,17.053721,388526461
17.005015,84.0234,14.0625,14.0625,0,0,17.053721,388526461
17.007015,84.0234,13.8867,13.8867,0,0,17.053721,388526461
17.009015,84.0234,13.7109,13.7109,0,0,17.053721,388526461
17.011015,84.0234,13.7109,13.7109,0,0,17.053721,388526461
17.013015,84.1992,13.5352,13.5352,0,0,17.053721,388526461
17.015015,84.1992,13.5352,13.5352,0,0,17.053721,388526461
17.017015,84.1992,13.5352,13.5352,0,0,17.053721,388526461
17.018957,84.1992,13.3594,13.3594,0,0,17.053721,388526461
17.020984,84.1992,13.3594,13.3594,0,0,17.053721,388526461
17.022956,84.1992,13.3594,13.3594,0,0,17.053721,388526461
17.024989,84.1992,13.3594,13.3594,0,0,17.053721,388526461
17.027547,84.1992,13.1836,13.1836,0,0,17.053721,388526461
17.028975,84.1992,13.1836,13.1836,0,0,17.053721,388526461
17.030971,84.1992,13.1836,13.1836,0,0,17.053721,388526461
17.032967,84.1992,13.1836,13.1836,0,0,17.053721,388526461
17.034963,84.1992,13.1836,13.1836,0,0,17.053721,388526461
17.036962,84.1992,13.1836,13.1836,0,0,17.053721,388526461
17.038959,84.1992,13.1836,13.1836,0,0,17.053721,388526461
17.040956,84.1992,13.1836,13.1836,0,0,17.053721,388526461
17.043038,84.1992,13.1836,13.1836,0,0,17.053721,388526461
17.045034,84.1992,13.1836,13.1836,0,0,17.053721,388526461
17.047029,84.1992,13.1836,13.1836,0,0,17.053721,388526461
17.049026,84.1992,13.1836,13.1836,0,0,17.053721,388526461
17.053715,84.0234,13.3594,13.3594,0,0,17.303954,388772832
17.054160,84.0234,13.3594,13.3594,0,0,17.303954,388772832
17.054982,84.0234,13.3594,13.3594,0,0,17.303954,388772832
17.056986,84.0234,13.3594,13.3594,0,0,17.303954,388772832
17.058979,83.8477,13.5352,13.5352,0,0,17.303954,388772832
17.064063,83.8477,13.7109,13.7109,0,0,17.303954,388772832
17.064365,83.8477,13.7109,13.7109,0,0,17.303954,388772832
17.064975,83.6719,13.7109,13.7109,0,0,17.303954,388772832
17.067000,83.6719,13.7109,13.7109,0,0,17.303954,388772832
17.069150,83.6719,13.8867,13.8867,0,0,17.303954,388772832
17.070983,83.6719,13.8867,13.8867,0,0,17.303954,388772832
17.073010,83.4961,14.0625,14.0625,0,0,17.303954,388772832
17.074995,83.4961,14.0625,14.0625,0,0,17.303954,388772832
17.076994,83.4961,14.2383,14.2383,0,0,17.303954,388772832
17.079026,83.3203,14.4141,14.4141,0,0,17.303954,388772832
17.081006,83.3203,14.4141,14.4141,0,0,17.303954,388772832
17.082994,83.1445,14.5898,14.5898,0,0,17.303954,388772832
17.084975,83.1445,14.7656,14.7656,0,0,17.303954,388772832
17.086963,83.1445,14.7656,14.7656,0,0,17.303954,388772832
17.089030,82.9688,14.9414,14.9414,0,0,17.303954,388772832
17.091029,82.9688,15.1172,15.1172,0,0,17.303954,388772832
17.093000,82.7930,15.2930,15.2930,0,0,17.303954,388772832
17.094992,82.7930,15.4688,15.4688,0,0,17.303954,388772832
17.096972,82.7930,15.4688,15.4688,0,0,17.303954,388772832
17.098962,82.6172,15.6445,15.6445,0,0,17.303954,388772832
17.101030,82.4414,15.8203,15.8203,0,0,17.303954,388772832
17.103018,82.4414,15.9961,15.9961,0,0,17.303954,388772832
17.105000,82.2656,16.1719,16.1719,0,0,17.303954,388772832
17.106991,82.2656,16.3477,16.3477,0,0,17.303954,388772832
17.108970,82.2656,16.5234,16.5234,0,0,17.303954,388772832
17.110962,82.0898,16.5234,16.5234,0,0,17.303954,388772832
17.113029,82.0898,16.8750,16.8750,0,0,17.303954,388772832
17.115017,81.9141,17.0508,17.0508,0,0,17.303954,388772832
17.117000,81.9141,17.2266,17.2266,0,0,17.303954,388772832
17.118992,81.7383,17.2266,17.2266,0,0,17.303954,388772832
17.120972,81.5625,17.5781,17.5781,0,0,17.303954,388772832
17.122970,81.5625,17.7539,17.7539,0,0,17.303954,388772832
17.125038,81.3867,17.9297,17.9297,0,0,17.303954,388772832
17.127029,81.3867,18.1055,18.1055,0,0,17.303954,388772832
17.129009,81.3867,18.2812,18.2812,0,0,17.303954,388772832
17.131000,81.2109,18.4570,18.4570,0,0,17.303954,388772832
17.132984,81.0352,18.6328,18.6328,0,0,17.303954,388772832
17.134971,81.0352,18.8086,18.8086,0,0,17.303954,388772832
17.137038,80.8594,18.9844,18.9844,0,0,17.303954,388772832
17.139029,80.8594,19.1602,19.1602,0,0,17.303954,388772832
17.141010,80.6836,19.3359,19.3359,0,0,17.303954,388772832
17.143000,80.6836,19.5117,19.5117,0,0,17.303954,388772832
17.144984,80.6836,19.6875,19.6875,0,0,17.303954,388772832
17.146971,80.5078,19.8633,19.8633,0,0,17.303954,388772832
17.149039,80.3320,20.0391,20.0391,0,0,17.303954,388772832
17.151029,80.3320,20.2148,20.2148,0,0,17.303954,388772832
17.153010,80.1562,20.3906,20.3906,0,0,17.303954,388772832
17.155000,80.1562,20.5664,20.5664,0,0,17.303954,388772832
17.156984,79.9805,20.7422,20.7422,0,0,17.303954,388772832
17.158971,79.9805,20.7422,20.7422,0,0,17.303954,388772832
17.163434,79.8047,21.2695,21.2695,0,0,17.303954,388772832
17.163710,79.8047,21.2695,21.2695,0,0,17.303954,388772832
17.165022,79.8047,21.2695,21.2695,0,0,17.303954,388772832
17.167018,79.6289,21.4453,21.4453,0,0,17.303954,388772832
17.169017,79.6289,21.6211,21.6211,0,0,17.303954,388772832
17.171015,79.4531,21.7969,21.7969,0,0,17.303954,388772832
17.173015,79.4531,21.9727,21.9727,0,0,17.303954,388772832
17.175015,79.4531,22.1484,22.1484,0,0,17.303954,388772832
17.177015,79.2773,22.1484,22.1484,0,0,17.303954,388772832
17.179015,79.2773,22.3242,22.3242,0,0,17.303954,388772832
17.181015,79.2773,22.5000,22.5000,0,0,17.303954,388772832
17.183015,79.1016,22.6758,22.6758,0,0,17.303954,388772832
17.185015,79.1016,22.6758,22.6758,0,0,17.303954,388772832
17.186975,79.1016,22.8516,22.8516,0,0,17.303954,388772832
17.188971,78.9258,23.0273,23.0273,0,0,17.303954,388772832
17.190967,78.9258,23.2031,23.2031,0,0,17.303954,388772832
17.192964,78.9258,23.2031,23.2031,0,0,17.303954,388772832
17.194979,78.7500,23.3789,23.3789,0,0,17.303954,388772832
17.196976,78.7500,23.3789,23.3789,0,0,17.303954,388772832
17.198971,78.7500,23.5547,23.5547,0,0,17.303954,388772832
17.200967,78.7500,23.5547,23.5547,0,0,17.303954,388772832
17.202963,78.7500,23.7305,23.7305,0,0,17.303954,388772832
17.204962,78.5742,23.9062,23.9062,0,0,17.303954,388772832
17.206959,78.5742,23.9062,23.9062,0,0,17.303954,388772832
17.208956,78.5742,23.9062,23.9062,0,0,17.303954,388772832
17.211038,78.5742,24.0820,24.0820,0,0,17.303954,388772832
17.213034,78.5742,24.0820,24.0820,0,0,17.303954,388772832
17.215030,78.5742,24.0820,24.0820,0,0,17.303954,388772832
17.217028,78.5742,24.2578,24.2578,0,0,17.303954,388772832
17.219025,78.5742,24.2578,24.2578,0,0,17.303954,388772832
17.221021,78.5742,24.2578,24.2578,0,0,17.303954,388772832
17.223026,78.5742,24.2578,24.2578,0,0,17.303954,388772832
17.225022,78.5742,24.2578,24.2578,0,0,17.303954,388772832
17.227018,78.5742,24.2578,24.2578,0,0,17.303954,388772832
17.229015,78.5742,24.4336,24.4336,0,0,17.303954,388772832
17.231015,78.5742,24.4336,24.4336,0,0,17.303954,388772832
17.233015,78.5742,24.4336,24.4336,0,0,17.303954,388772832
17.235015,78.5742,24.4336,24.4336,0,0,17.303954,388772832
17.237015,78.5742,24.4336,24.4336,0,0,17.303954,388772832
17.239015,78.5742,24.4336,24.4336,0,0,17.303954,388772832
17.241021,78.5742,24.4336,24.4336,0,0,17.303954,388772832
17.243017,78.5742,24.4336,24.4336,0,0,17.303954,388772832
17.245015,78.5742,24.4336,24.4336,0,0,17.303954,388772832
17.247015,78.5742,24.2578,24.2578,0,0,17.303954,388772832
17.249015,78.5742,24.2578,24.2578,0,0,17.303954,388772832
17.251015,78.5742,24.2578,24.2578,0,0,17.303954,388772832
17.253015,78.5742,24.2578,24.2578,0,0,17.303954,388772832
17.255015,78.5742,24.2578,24.2578,0,0,17.303954,388772832
17.257015,78.7500,24.2578,24.2578,0,0,17.303954,388772832
17.259015,78.7500,24.0820,24.0820,0,0,17.303954,388772832
17.263413,78.7500,24.0820,24.0820,0,0,17.303954,388772832
17.263666,78.7500,24.0820,24.0820,0,0,17.303954,388772832
17.264966,78.7500,23.9062,23.9062,0,0,17.303954,388772832
17.266985,78.9258,23.9062,23.9062,0,0,17.303954,388772832
17.268974,78.9258,23.9062,23.9062,0,0,17.303954,388772832
17.271003,78.9258,23.7305,23.7305,0,0,17.303954,388772832
17.273006,78.9258,23.7305,23.7305,0,0,17.303954,388772832
17.274994,79.1016,23.5547,23.5547,0,0,17.303954,388772832
17.276985,79.1016,23.5547,23.5547,0,0,17.303954,388772832
17.278965,79.1016,23.3789,23.3789,0,0,17.303954,388772832
17.280996,79.2773,23.3789,23.3789,0,0,17.303954,388772832
17.283003,79.2773,23.2031,23.2031,0,0,17.303954,388772832
17.284984,79.2773,23.2031,23.2031,0,0,17.303954,388772832
17.286971,79.2773,23.0273,23.0273,0,0,17.303954,388772832
17.289015,79.4531,22.8516,22.8516,0,0,17.303954,388772832
17.291007,79.4531,22.8516,22.8516,0,0,17.303954,388772832
17.293007,79.6289,22.6758,22.6758,0,0,17.303954,388772832
17.294994,79.6289,22.6758,22.6758,0,0,17.303954,388772832
17.300171,79.8047,22.3242,22.3242,0,0,17.550227,389007322
17.300623,79.8047,22.3242,22.3242,0,0,17.550227,389007322
17.300968,79.8047,22.1484,22.1484,0,0,17.550227,389007322
17.303050,79.8047,22.1484,22.1484,0,0,17.550227,389007322
17.304983,79.9805,21.9727,21.9727,0,0,17.550227,389007322
17.306995,79.9805,21.7969,21.7969,0,0,17.550227,389007322
17.309040,79.9805,21.7969,21.7969,0,0,17.550227,389007322
17.311023,80.1562,21.6211,21.6211,0,0,17.550227,389007322
17.313002,80.1562,21.4453,21.4453,0,0,17.550227,389007322
17.314983,80.3320,21.2695,21.2695,0,0,17.550227,389007322
17.316969,80.3320,21.2695,21.2695,0,0,17.550227,389007322
17.318965,80.3320,21.0938,21.0938,0,0,17.550227,389007322
17.320979,80.5078,20.9180,20.9180,0,0,17.550227,389007322
17.322992,80.5078,20.7422,20.7422,0,0,17.550227,389007322
17.324992,80.6836,20.7422,20.7422,0,0,17.550227,389007322
17.326992,80.6836,20.5664,20.5664,0,0,17.550227,389007322
17.328992,80.6836,20.3906,20.3906,0,0,17.550227,389007322
17.330992,80.8594,20.2148,20.2148,0,0,17.550227,389007322
17.332992,80.8594,20.0391,20.0391,0,0,17.550227,389007322
17.334992,81.0352,20.0391,20.0391,0,0,17.550227,389007322
17.336992,81.0352,19.8633,19.8633,0,0,17.550227,389007322
17.338992,81.0352,19.6875,19.6875,0,0,17.550227,389007322
17.340992,81.2109,19.5117,19.5117,0,0,17.550227,389007322
17.342992,81.2109,19.3359,19.3359,0,0,17.550227,389007322
17.344992,81.3867,19.3359,19.3359,0,0,17.550227,389007322
17.346992,81.3867,19.1602,19.1602,0,0,17.550227,389007322
17.348992,81.3867,18.9844,18.9844,0,0,17.550227,389007322
17.350992,81.5625,18.9844,18.9844,0,0,17.550227,389007322
17.352992,81.5625,18.8086,18.8086,0,0,17.550227,389007322
17.354992,81.5625,18.6328,18.6328,0,0,17.550227,389007322
17.356992,81.7383,18.4570,18.4570,0,0,17.550227,389007322
17.358992,81.7383,18.4570,18.4570,0,0,17.550227,389007322
17.363886,81.9141,18.1055,18.1055,0,0,17.550227,389007322
17.364205,81.9141,18.1055,18.1055,0,0,17.550227,389007322
17.364990,81.9141,17.9297,17.9297,0,0,17.550227,389007322
17.366979,81.9141,17.9297,17.9297,0,0,17.550227,389007322
17.368963,82.0898,17.7539,17.7539,0,0,17.550227,389007322
17.371039,82.0898,17.5781,17.5781,0,0,17.550227,389007322
17.373021,82.0898,17.5781,17.5781,0,0,17.550227,389007322
17.375010,82.0898,17.4023,17.4023,0,0,17.550227,389007322
17.376991,82.2656,17.2266,17.2266,0,0,17.550227,389007322
17.378980,82.2656,17.2266,17.2266,0,0,17.550227,389007322
17.380962,82.2656,17.0508,17.0508,0,0,17.550227,389007322
17.383039,82.2656,17.0508,17.0508,0,0,17.550227,389007322
17.385021,82.4414,16.8750,16.8750,0,0,17.550227,389007322
17.387011,82.4414,16.8750,16.8750,0,0,17.550227,389007322
17.388991,82.4414,16.6992,16.6992,0,0,17.550227,389007322
17.391033,82.4414,16.5234,16.5234,0,0,17.550227,389007322
17.393015,82.4414,16.5234,16.5234,0,0,17.550227,389007322
17.395021,82.6172,16.5234,16.5234,0,0,17.550227,389007322
17.396975,82.6172,16.3477,16.3477,0,0,17.550227,389007322
17.398963,82.6172,16.3477,16.3477,0,0,17.550227,389007322
17.401030,82.6172,16.3477,16.3477,0,0,17.550227,389007322
17.403018,82.6172,16.1719,16.1719,0,0,17.550227,389007322
17.405001,82.6172,16.1719,16.1719,0,0,17.550227,389007322
17.406992,82.7930,16.1719,16.1719,0,0,17.550227,389007322
17.408972,82.7930,15.9961,15.9961,0,0,17.550227,389007322
17.410962,82.7930,15.9961,15.9961,0,0,17.550227,389007322
17.413029,82.7930,15.8203,15.8203,0,0,17.550227,389007322
17.415017,82.7930,15.8203,15.8203,0,0,17.550227,389007322
17.417001,82.7930,15.8203,15.8203,0,0,17.550227,389007322
17.418992,82.7930,15.8203,15.8203,0,0,17.550227,389007322
17.420972,82.7930,15.8203,15.8203,0,0,17.550227,389007322
17.422975,82.7930,15.8203,15.8203,0,0,17.550227,389007322
17.424956,82.7930,15.8203,15.8203,0,0,17.550227,389007322
17.427030,82.7930,15.8203,15.8203,0,0,17.550227,389007322
17.429011,82.7930,15.6445,15.6445,0,0,17.550227,389007322
17.431000,82.7930,15.6445,15.6445,0,0,17.550227,389007322
17.432984,82.7930,15.6445,15.6445,0,0,17.550227,389007322
17.434971,82.7930,15.6445,15.6445,0,0,17.550227,389007322
17.437039,82.7930,15.6445,15.6445,0,0,17.550227,389007322
17.439030,82.7930,15.6445,15.6445,0,0,17.550227,389007322
17.441011,82.7930,15.6445,15.6445,0,0,17.550227,389007322
17.443000,82.6172,15.6445,15.6445,0,0,17.550227,389007322
17.444984,82.6172,15.8203,15.8203,0,0,17.550227,389007322
17.446971,82.6172,15.8203,15.8203,0,0,17.550227,389007322
17.449039,82.6172,15.8203,15.8203,0,0,17.550227,389007322
17.451030,82.6172,15.8203,15.8203,0,0,17.550227,389007322
17.453011,82.6172,15.8203,15.8203,0,0,17.550227,389007322
17.455000,82.4414,15.8203,15.8203,0,0,17.550227,389007322
17.456984,82.4414,15.8203,15.8203,0,0,17.550227,389007322
17.458971,82.4414,15.9961,15.9961,0,0,17.550227,389007322
17.463335,82.4414,16.1719,16.1719,0,0,17.550227,389007322
17.463595,82.4414,16.1719,16.1719,0,0,17.550227,389007322
17.465000,82.4414,16.1719,16.1719,0,0,17.550227,389007322
17.466996,82.2656,16.1719,16.1719,0,0,17.550227,389007322
17.468992,82.2656,16.1719,16.1719,0,0,17.550227,389007322
17.470992,82.2656,16.1719,16.1719,0,0,17.550227,389007322
17.472992,82.2656,16.3477,16.3477,0,0,17.550227,389007322
17.474992,82.2656,16.3477,16.3477,0,0,17.550227,389007322
17.476992,82.0898,16.3477,16.3477,0,0,17.550227,389007322
17.478992,82.0898,16.5234,16.5234,0,0,17.550227,389007322
17.480992,82.0898,16.5234,16.5234,0,0,17.550227,389007322
17.482992,82.0898,16.5234,16.5234,0,0,17.550227,389007322
17.484992,82.0898,16.6992,16.6992,0,0,17.550227,389007322
17.486992,81.9141,16.8750,16.8750,0,0,17.550227,389007322
17.488992,81.9141,16.8750,16.8750,0,0,17.550227,389007322
17.490992,81.9141,16.8750,16.8750,0,0,17.550227,389007322
17.493040,81.7383,17.0508,17.0508,0,0,17.550227,389007322
17.494959,81.7383,17.0508,17.0508,0,0,17.550227,389007322
17.497010,81.7383,17.2266,17.2266,0,0,17.550227,389007322
17.499007,81.5625,17.2266,17.2266,0,0,17.550227,389007322
17.501004,81.5625,17.4023,17.4023,0,0,17.550227,389007322
17.503003,81.5625,17.4023,17.4023,0,0,17.550227,389007322
17.505000,81.5625,17.5781,17.5781,0,0,17.550227,389007322
17.507000,81.3867,17.5781,17.5781,0,0,17.550227,389007322
17.508996,81.3867,17.7539,17.7539,0,0,17.550227,389007322
17.510992,81.3867,17.7539,17.7539,0,0,17.550227,389007322
17.512990,81.3867,17.9297,17.9297,0,0,17.550227,389007322
17.514987,81.2109,17.9297,17.9297,0,0,17.550227,389007322
17.516971,81.2109,18.1055,18.1055,0,0,17.550227,389007322
17.518974,81.2109,18.2812,18.2812,0,0,17.550227,389007322
17.521031,81.0352,18.2812,18.2812,0,0,17.550227,389007322
17.522959,81.0352,18.4570,18.4570,0,0,17.550227,389007322
17.524956,81.0352,18.4570,18.4570,0,0,17.550227,389007322
17.526956,80.8594,18.6328,18.6328,0,0,17.550227,389007322
17.528989,80.8594,18.6328,18.6328,0,0,17.550227,389007322
17.531045,80.8594,18.8086,18.8086,0,0,17.550227,389007322
17.534521,80.6836,18.9844,18.9844,0,0,17.771324,389244396
17.535014,80.6836,18.9844,18.9844,0,0,17.771324,389244396
17.536990,80.6836,19.1602,19.1602,0,0,17.771324,389244396
17.538958,80.6836,19.1602,19.1602,0,0,17.771324,389244396
17.540984,80.6836,19.3359,19.3359,0,0,17.771324,389244396
17.542987,80.5078,19.3359,19.3359,0,0,17.771324,389244396
17.544984,80.5078,19.5117,19.5117,0,0,17.771324,389244396
17.546997,80.5078,19.5117,19.5117,0,0,17.771324,389244396
17.548975,80.3320,19.6875,19.6875,0,0,17.771324,389244396
17.551039,80.3320,19.6875,19.6875,0,0,17.771324,389244396
17.553017,80.3320,19.8633,19.8633,0,0,17.771324,389244396
17.554999,80.3320,19.8633,19.8633,0,0,17.771324,389244396
17.557014,80.1562,20.0391,20.0391,0,0,17.771324,389244396
17.559011,80.1562,20.0391,20.0391,0,0,17.771324,389244396
17.564113,80.1562,20.3906,20.3906,0,0,17.771324,389244396
17.564433,80.1562,20.3906,20.3906,0,0,17.771324,389244396
17.565032,79.9805,20.3906,20.3906,0,0,17.771324,389244396
17.567020,79.9805,20.3906,20.3906,0,0,17.771324,389244396
17.568982,79.9805,20.5664,20.5664,0,0,17.771324,389244396
17.570968,79.9805,20.5664,20.5664,0,0,17.771324,389244396
17.573030,79.9805,20.7422,20.7422,0,0,17.771324,389244396
17.575017,79.9805,20.7422,20.7422,0,0,17.771324,389244396
17.576995,79.9805,20.7422,20.7422,0,0,17.771324,389244396
17.578983,79.8047,20.9180,20.9180,0,0,17.771324,389244396
17.581041,79.8047,20.9180,20.9180,0,0,17.771324,389244396
17.583034,79.8047,21.0938,21.0938,0,0,17.771324,389244396
17.585018,79.8047,21.0938,21.0938,0,0,17.771324,389244396
17.587010,79.8047,21.0938,21.0938,0,0,17.771324,389244396
17.588992,79.6289,21.2695,21.2695,0,0,17.771324,389244396
17.590980,79.6289,21.2695,21.2695,0,0,17.771324,389244396
17.592962,79.6289,21.2695,21.2695,0,0,17.771324,389244396
17.595046,79.6289,21.4453,21.4453,0,0,17.771324,389244396
17.596961,79.6289,21.4453,21.4453,0,0,17.771324,389244396
17.598976,79.6289,21.4453,21.4453,0,0,17.771324,389244396
17.600959,79.6289,21.4453,21.4453,0,0,17.771324,389244396
17.603033,79.6289,21.6211,21.6211,0,0,17.771324,389244396
17.605015,79.6289,21.6211,21.6211,0,0,17.771324,389244396
17.607004,79.6289,21.6211,21.6211,0,0,17.771324,389244396
17.608984,79.6289,21.7969,21.7969,0,0,17.771324,389244396
17.610972,79.6289,21.7969,21.7969,0,0,17.771324,389244396
17.612956,79.6289,21.7969,21.7969,0,0,17.771324,389244396
17.615030,79.4531,21.7969,21.7969,0,0,17.771324,389244396
17.617011,79.4531,21.7969,21.7969,0,0,17.771324,389244396
17.619000,79.4531,21.7969,21.7969,0,0,17.771324,389244396
17.620984,79.4531,21.7969,21.7969,0,0,17.771324,389244396
17.622984,79.4531,21.7969,21.7969,0,0,17.771324,389244396
17.624967,79.4531,21.7969,21.7969,0,0,17.771324,389244396
17.626956,79.4531,21.7969,21.7969,0,0,17.771324,389244396
17.629023,79.4531,21.9727,21.9727,0,0,17.771324,389244396
17.631015,79.4531,21.9727,21.9727,0,0,17.771324,389244396
17.632996,79.4531,21.9727,21.9727,0,0,17.771324,389244396
17.634984,79.6289,21.9727,21.9727,0,0,17.771324,389244396
17.636968,79.6289,21.9727,21.9727,0,0,17.771324,389244396
17.638956,79.6289,21.9727,21.9727,0,0,17.771324,389244396
17.641023,79.6289,21.9727,21.9727,0,0,17.771324,389244396
17.643015,79.6289,21.9727,21.9727,0,0,17.771324,389244396
17.644996,79.6289,21.7969,21.7969,0,0,17.771324,389244396
17.646984,79.6289,21.7969,21.7969,0,0,17.771324,389244396
17.648968,79.6289,21.7969,21.7969,0,0,17.771324,389244396
17.650956,79.6289,21.7969,21.7969,0,0,17.771324,389244396
17.653023,79.6289,21.7969,21.7969,0,0,17.771324,389244396
17.655015,79.6289,21.7969,21.7969,0,0,17.771324,389244396
17.656996,79.8047,21.7969,21.7969,0,0,17.771324,389244396
17.658984,79.8047,21.7969,21.7969,0,0,17.771324,389244396
17.663351,79.8047,21.6211,21.6211,0,0,17.771324,389244396
17.663615,79.8047,21.6211,21.6211,0,0,17.771324,389244396
17.665015,79.8047,21.6211,21.6211,0,0,17.771324,389244396
17.667015,79.8047,21.6211,21.6211,0,0,17.771324,389244396
17.669015,79.9805,21.6211,21.6211,0,0,17.771324,389244396
17.671015,79.9805,21.4453,21.4453,0,0,17.771324,389244396
17.673015,79.9805,21.4453,21.4453,0,0,17.771324,389244396
17.675015,79.9805,21.4453,21.4453,0,0,17.771324,389244396
17.677015,79.9805,21.4453,21.4453,0,0,17.771324,389244396
17.679015,79.9805,21.4453,21.4453,0,0,17.771324,389244396
17.681015,79.9805,21.2695,21.2695,0,0,17.771324,389244396
17.683015,79.9805,21.2695,21.2695,0,0,17.771324,389244396
17.685015,80.1562,21.2695,21.2695,0,0,17.771324,389244396
17.687015,80.1562,21.2695,21.2695,0,0,17.771324,389244396
17.689015,80.1562,21.0938,21.0938,0,0,17.771324,389244396
17.691015,80.1562,21.0938,21.0938,0,0,17.771324,389244396
17.693015,80.1562,21.0938,21.0938,0,0,17.771324,389244396
17.695015,80.1562,21.0938,21.0938,0,0,17.771324,389244396
17.697015,80.3320,20.9180,20.9180,0,0,17.771324,389244396
17.698979,80.3320,20.9180,20.9180,0,0,17.771324,389244396
17.700992,80.3320,20.7422,20.7422,0,0,17.771324,389244396
17.702990,80.3320,20.7422,20.7422,0,0,17.771324,389244396
17.704988,80.3320,20.7422,20.7422,0,0,17.771324,389244396
17.706984,80.5078,20.7422,20.7422,0,0,17.771324,389244396
17.708984,80.5078,20.5664,20.5664,0,0,17.771324,389244396
17.710980,80.5078,20.5664,20.5664,0,0,17.771324,389244396
17.712979,80.5078,20.5664,20.5664,0,0,17.771324,389244396
17.714975,80.5078,20.3906,20.3906,0,0,17.771324,389244396
17.716971,80.6836,20.3906,20.3906,0,0,17.771324,389244396
17.718971,80.6836,20.3906,20.3906,0,0,17.771324,389244396
17.720967,80.6836,20.2148,20.2148,0,0,17.771324,389244396
17.722975,80.6836,20.2148,20.2148,0,0,17.771324,389244396
17.724972,80.6836,20.0391,20.0391,0,0,17.771324,389244396
17.726971,80.6836,20.0391,20.0391,0,0,17.771324,389244396
17.728968,80.8594,20.0391,20.0391,0,0,17.771324,389244396
17.730968,80.8594,20.0391,20.0391,0,0,17.771324,389244396
17.732968,80.8594,19.8633,19.8633,0,0,17.771324,389244396
17.734968,80.8594,19.8633,19.8633,0,0,17.771324,389244396
17.736968,80.8594,19.8633,19.8633,0,0,17.771324,389244396
17.738968,80.8594,19.6875,19.6875,0,0,17.771324,389244396
17.741001,81.0352,19.6875,19.6875,0,0,17.771324,389244396
17.743000,81.0352,19.6875,19.6875,0,0,17.771324,389244396
17.745000,81.0352,19.5117,19.5117,0,0,17.771324,389244396
17.746996,81.0352,19.5117,19.5117,0,0,17.771324,389244396
17.748992,81.0352,19.3359,19.3359,0,0,17.771324,389244396
17.750992,81.0352,19.3359,19.3359,0,0,17.771324,389244396
17.752992,81.2109,19.3359,19.3359,0,0,17.771324,389244396
17.754992,81.2109,19.1602,19.1602,0,0,17.771324,389244396
17.756992,81.2109,19.1602,19.1602,0,0,17.771324,389244396
17.758992,81.2109,19.1602,19.1602,0,0,17.771324,389244396
17.763576,81.2109,18.9844,18.9844,0,0,17.771324,389244396
17.763836,81.2109,18.9844,18.9844,0,0,17.771324,389244396
17.764958,81.3867,18.9844,18.9844,0,0,17.771324,389244396
17.767037,81.3867,18.9844,18.9844,0,0,17.771324,389244396
17.771684,81.3867,18.8086,18.8086,0,0,18.014546,389473847
17.772170,81.3867,18.8086,18.8086,0,0,18.014546,389473847
17.772981,81.3867,18.8086,18.8086,0,0,18.014546,389473847
17.774968,81.3867,18.6328,18.6328,0,0,18.014546,389473847
17.777015,81.3867,18.6328,18.6328,0,0,18.014546,389473847
17.778986,81.3867,18.6328,18.6328,0,0,18.014546,389473847
17.781402,81.3867,18.6328,18.6328,0,0,18.014546,389473847
17.782996,81.3867,18.6328,18.6328,0,0,18.014546,389473847
17.784971,81.3867,18.4570,18.4570,0,0,18.014546,389473847
17.786967,81.3867,18.4570,18.4570,0,0,18.014546,389473847
17.788963,81.3867,18.4570,18.4570,0,0,18.014546,389473847
17.790962,81.3867,18.4570,18.4570,0,0,18.014546,389473847
17.792959,81.5625,18.4570,18.4570,0,0,18.014546,389473847
17.794956,81.5625,18.4570,18.4570,0,0,18.014546,389473847
17.796956,81.5625,18.2812,18.2812,0,0,18.014546,389473847
17.799039,81.5625,18.2812,18.2812,0,0,18.014546,389473847
17.801010,81.5625,18.2812,18.2812,0,0,18.014546,389473847
17.802957,81.5625,18.2812,18.2812,0,0,18.014546,389473847
17.805039,81.5625,18.2812,18.2812,0,0,18.014546,389473847
17.807027,81.5625,18.2812,18.2812,0,0,18.014546,389473847
17.808979,81.5625,18.2812,18.2812,0,0,18.014546,389473847
17.810975,81.5625,18.2812,18.2812,0,0,18.014546,389473847
17.812971,81.5625,18.1055,18.1055,0,0,18.014546,389473847
17.814968,81.5625,18.1055,18.1055,0,0,18.014546,389473847
17.816968,81.5625,18.1055,18.1055,0,0,18.014546,389473847
17.818980,81.5625,18.1055,18.1055,0,0,18.014546,389473847
17.820979,81.5625,18.1055,18.1055,0,0,18.014546,389473847
17.822992,81.5625,18.1055,18.1055,0,0,18.014546,389473847
17.824992,81.5625,18.1055,18.1055,0,0,18.014546,389473847
17.826992,81.5625,18.1055,18.1055,0,0,18.014546,389473847
17.828992,81.5625,18.1055,18.1055,0,0,18.014546,389473847
17.830992,81.5625,18.1055,18.1055,0,0,18.014546,389473847
17.832992,81.5625,18.1055,18.1055,0,0,18.014546,389473847
17.834992,81.5625,18.1055,18.1055,0,0,18.014546,389473847
17.836992,81.5625,18.1055,18.1055,0,0,18.014546,389473847
17.838992,81.3867,18.1055,18.1055,0,0,18.014546,389473847
17.840992,81.3867,18.1055,18.1055,0,0,18.014546,389473847
17.842992,81.3867,18.1055,18.1055,0,0,18.014546,389473847
17.844992,81.3867,18.1055,18.1055,0,0,18.014546,389473847
17.846992,81.3867,18.1055,18.1055,0,0,18.014546,389473847
17.848992,81.3867,18.1055,18.1055,0,0,18.014546,389473847
17.850992,81.3867,18.1055,18.1055,0,0,18.014546,389473847
17.852992,81.3867,18.1055,18.1055,0,0,18.014546,389473847
17.854992,81.3867,18.1055,18.1055,0,0,18.014546,389473847
17.856992,81.3867,18.1055,18.1055,0,0,18.014546,389473847
17.858992,81.3867,18.1055,18.1055,0,0,18.014546,389473847
17.863874,81.3867,18.1055,18.1055,0,0,18.014546,389473847
17.864189,81.3867,18.1055,18.1055,0,0,18.014546,389473847
17.864972,81.3867,18.1055,18.1055,0,0,18.014546,389473847
17.866962,81.3867,18.1055,18.1055,0,0,18.014546,389473847
17.869030,81.3867,18.1055,18.1055,0,0,18.014546,389473847
17.871018,81.3867,18.2812,18.2812,0,0,18.014546,389473847
17.873001,81.3867,18.2812,18.2812,0,0,18.014546,389473847
17.874992,81.3867,18.2812,18.2812,0,0,18.014546,389473847
17.876972,81.3867,18.2812,18.2812,0,0,18.014546,389473847
17.878962,81.2109,18.2812,18.2812,0,0,18.014546,389473847
17.881029,81.2109,18.2812,18.2812,0,0,18.014546,389473847
17.883017,81.2109,18.2812,18.2812,0,0,18.014546,389473847
17.885001,81.2109,18.2812,18.2812,0,0,18.014546,389473847
17.886992,81.2109,18.2812,18.2812,0,0,18.014546,389473847
17.888972,81.2109,18.2812,18.2812,0,0,18.014546,389473847
17.890962,81.2109,18.2812,18.2812,0,0,18.014546,389473847
17.893029,81.2109,18.4570,18.4570,0,0,18.014546,389473847
17.895017,81.2109,18.4570,18.4570,0,0,18.014546,389473847
17.897001,81.2109,18.4570,18.4570,0,0,18.014546,389473847
17.898992,81.2109,18.4570,18.4570,0,0,18.014546,389473847
17.900972,81.2109,18.4570,18.4570,0,0,18.014546,389473847
17.903023,81.0352,18.4570,18.4570,0,0,18.014546,389473847
17.905003,81.0352,18.4570,18.4570,0,0,18.014546,389473847
17.906992,81.0352,18.4570,18.4570,0,0,18.014546,389473847
17.908992,81.0352,18.4570,18.4570,0,0,18.014546,389473847
17.910980,81.0352,18.6328,18.6328,0,0,18.014546,389473847
17.912962,81.0352,18.6328,18.6328,0,0,18.014546,389473847
17.915039,81.0352,18.6328,18.6328,0,0,18.014546,389473847
17.917037,81.0352,18.6328,18.6328,0,0,18.014546,389473847
17.918975,81.0352,18.6328,18.6328,0,0,18.014546,389473847
17.920956,81.0352,18.6328,18.6328,0,0,18.014546,389473847
17.922960,81.0352,18.6328,18.6328,0,0,18.014546,389473847
17.925029,81.0352,18.6328,18.6328,0,0,18.014546,389473847
17.927017,81.0352,18.8086,18.8086,0,0,18.014546,389473847
17.929001,81.0352,18.8086,18.8086,0,0,18.014546,389473847
17.930992,80.8594,18.8086,18.8086,0,0,18.014546,389473847
17.932972,80.8594,18.8086,18.8086,0,0,18.014546,389473847
17.934962,80.8594,18.9844,18.9844,0,0,18.014546,389473847
17.937029,80.8594,18.9844,18.9844,0,0,18.014546,389473847
17.939017,80.8594,18.9844,18.9844,0,0,18.014546,389473847
17.941001,80.8594,18.9844,18.9844,0,0,18.014546,389473847
17.942992,80.8594,18.9844,18.9844,0,0,18.014546,389473847
17.944972,80.8594,18.9844,18.9844,0,0,18.014546,389473847
17.946962,80.8594,18.9844,18.9844,0,0,18.014546,389473847
17.949029,80.8594,18.9844,18.9844,0,0,18.014546,389473847
17.951017,80.8594,19.1602,19.1602,0,0,18.014546,389473847
17.953001,80.8594,19.1602,19.1602,0,0,18.014546,389473847
17.954992,80.8594,19.1602,19.1602,0,0,18.014546,389473847
17.956972,80.8594,19.1602,19.1602,0,0,18.014546,389473847
17.958962,80.8594,19.1602,19.1602,0,0,18.014546,389473847
17.963322,80.8594,19.1602,19.1602,0,0,18.014546,389473847
17.963592,80.8594,19.1602,19.1602,0,0,18.014546,389473847
17.964992,80.8594,19.1602,19.1602,0,0,18.014546,389473847
17.966990,80.8594,19.3359,19.3359,0,0,18.014546,389473847
17.968986,80.8594,19.3359,19.3359,0,0,18.014546,389473847
17.970984,80.8594,19.3359,19.3359,0,0,18.014546,389473847
17.972984,80.8594,19.3359,19.3359,0,0,18.014546,389473847
17.974984,80.8594,19.3359,19.3359,0,0,18.014546,389473847
17.976984,80.8594,19.3359,19.3359,0,0,18.014546,389473847
17.978984,80.8594,19.3359,19.3359,0,0,18.014546,389473847
17.980984,80.8594,19.3359,19.3359,0,0,18.014546,389473847
17.982984,80.8594,19.3359,19.3359,0,0,18.014546,389473847
17.984984,80.8594,19.3359,19.3359,0,0,18.014546,389473847
17.986984,80.8594,19.5117,19.5117,0,0,18.014546,389473847
17.988984,80.8594,19.5117,19.5117,0,0,18.014546,389473847
17.991004,80.8594,19.5117,19.5117,0,0,18.014546,389473847
17.993019,80.8594,19.5117,19.5117,0,0,18.014546,389473847
17.995027,80.8594,19.5117,19.5117,0,0,18.014546,389473847
17.997548,80.8594,19.5117,19.5117,0,0,18.014546,389473847
18.000958,80.8594,19.5117,19.5117,0,0,18.260212,389723508
18.001510,80.8594,19.5117,19.5117,0,0,18.260212,389723508
18.002965,80.8594,19.6875,19.6875,0,0,18.260212,389723508
18.004969,80.8594,19.6875,19.6875,0,0,18.260212,389723508
18.006957,80.8594,19.6875,19.6875,0,0,18.260212,389723508
18.008968,80.8594,19.6875,19.6875,0,0,18.260212,389723508
18.010967,80.8594,19.6875,19.6875,0,0,18.260212,389723508
18.013003,80.8594,19.6875,19.6875,0,0,18.260212,389723508
18.015000,80.8594,19.6875,19.6875,0,0,18.260212,389723508
18.017005,80.8594,19.6875,19.6875,0,0,18.260212,389723508
18.019003,80.8594,19.6875,19.6875,0,0,18.260212,389723508
18.021033,80.8594,19.6875,19.6875,0,0,18.260212,389723508
18.023035,80.8594,19.6875,19.6875,0,0,18.260212,389723508
18.025032,80.8594,19.6875,19.6875,0,0,18.260212,389723508
18.027015,80.8594,19.6875,19.6875,0,0,18.260212,389723508
18.028978,80.8594,19.8633,19.8633,0,0,18.260212,389723508
18.031039,80.8594,19.8633,19.8633,0,0,18.260212,389723508
18.033034,80.8594,19.8633,19.8633,0,0,18.260212,389723508
18.035030,80.8594,19.8633,19.8633,0,0,18.260212,389723508
18.037029,80.8594,19.8633,19.8633,0,0,18.260212,389723508
18.039026,80.8594,19.8633,19.8633,0,0,18.260212,389723508
18.041023,80.8594,19.8633,19.8633,0,0,18.260212,389723508
18.043021,80.8594,19.8633,19.8633,0,0,18.260212,389723508
18.045017,80.8594,19.8633,19.8633,0,0,18.260212,389723508
18.047015,80.8594,19.8633,19.8633,0,0,18.260212,389723508
18.049015,80.8594,19.8633,19.8633,0,0,18.260212,389723508
18.051015,80.8594,19.8633,19.8633,0,0,18.260212,389723508
18.053015,80.8594,19.8633,19.8633,0,0,18.260212,389723508
18.055015,80.8594,20.0391,20.0391,0,0,18.260212,389723508
18.057015,80.8594,20.0391,20.0391,0,0,18.260212,389723508
18.059015,80.8594,20.0391,20.0391,0,0,18.260212,389723508
18.064093,80.8594,20.0391,20.0391,0,0,18.260212,389723508
18.064418,80.8594,20.0391,20.0391,0,0,18.260212,389723508
18.065012,80.8594,20.0391,20.0391,0,0,18.260212,389723508
18.067003,80.8594,20.0391,20.0391,0,0,18.260212,389723508
18.068984,80.8594,20.0391,20.0391,0,0,18.260212,389723508
18.070972,80.8594,20.0391,20.0391,0,0,18.260212,389723508
18.072956,80.8594,20.0391,20.0391,0,0,18.260212,389723508
18.075030,80.8594,20.0391,20.0391,0,0,18.260212,389723508
18.077011,80.8594,20.0391,20.0391,0,0,18.260212,389723508
18.079000,80.8594,20.0391,20.0391,0,0,18.260212,389723508
18.080984,80.8594,20.0391,20.0391,0,0,18.260212,389723508
18.082971,80.8594,20.0391,20.0391,0,0,18.260212,389723508
18.085039,80.8594,20.0391,20.0391,0,0,18.260212,389723508
18.087030,80.8594,20.0391,20.0391,0,0,18.260212,389723508
18.089011,80.8594,20.0391,20.0391,0,0,18.260212,389723508
18.091000,80.8594,20.0391,20.0391,0,0,18.260212,389723508
18.092984,80.8594,20.0391,20.0391,0,0,18.260212,389723508
18.094971,80.8594,20.2148,20.2148,0,0,18.260212,389723508
18.097039,80.8594,20.2148,20.2148,0,0,18.260212,389723508
18.099030,80.8594,20.2148,20.2148,0,0,18.260212,389723508
18.101011,80.8594,20.2148,20.2148,0,0,18.260212,389723508
18.103000,80.8594,20.2148,20.2148,0,0,18.260212,389723508
18.104984,80.8594,20.2148,20.2148,0,0,18.260212,389723508
18.106981,80.8594,20.2148,20.2148,0,0,18.260212,389723508
18.109016,80.8594,20.2148,20.2148,0,0,18.260212,389723508
18.111029,80.8594,20.2148,20.2148,0,0,18.260212,389723508
18.113011,80.8594,20.2148,20.2148,0,0,18.260212,389723508
18.115000,80.8594,20.2148,20.2148,0,0,18.260212,389723508
18.116984,80.8594,20.2148,20.2148,0,0,18.260212,389723508
18.118971,80.8594,20.2148,20.2148,0,0,18.260212,389723508
18.121039,80.8594,20.2148,20.2148,0,0,18.260212,389723508
18.122956,80.8594,20.2148,20.2148,0,0,18.260212,389723508
18.125023,80.8594,20.2148,20.2148,0,0,18.260212,389723508
18.127015,80.8594,20.2148,20.2148,0,0,18.260212,389723508
18.128996,80.8594,20.2148,20.2148,0,0,18.260212,389723508
18.130984,80.8594,20.2148,20.2148,0,0,18.260212,389723508
18.132967,80.8594,20.2148,20.2148,0,0,18.260212,389723508
18.134956,80.8594,20.2148,20.2148,0,0,18.260212,389723508
18.137022,80.8594,20.2148,20.2148,0,0,18.260212,389723508
18.139011,80.8594,20.2148,20.2148,0,0,18.260212,389723508
18.140991,80.8594,20.2148,20.2148,0,0,18.260212,389723508
18.142980,80.8594,20.2148,20.2148,0,0,18.260212,389723508
18.144962,80.8594,20.2148,20.2148,0,0,18.260212,389723508
18.147039,80.8594,20.2148,20.2148,0,0,18.260212,389723508
18.149021,80.8594,20.2148,20.2148,0,0,18.260212,389723508
18.151010,80.8594,20.2148,20.2148,0,0,18.260212,389723508
18.152992,80.8594,20.2148,20.2148,0,0,18.260212,389723508
18.154980,80.8594,20.2148,20.2148,0,0,18.260212,389723508
18.156962,80.8594,20.2148,20.2148,0,0,18.260212,389723508
18.159039,80.8594,20.2148,20.2148,0,0,18.260212,389723508
18.163410,80.8594,20.2148,20.2148,0,0,18.260212,389723508
18.163685,80.8594,20.2148,20.2148,0,0,18.260212,389723508
18.164990,80.8594,20.2148,20.2148,0,0,18.260212,389723508
18.166986,80.8594,20.2148,20.2148,0,0,18.260212,389723508
18.168984,80.8594,20.2148,20.2148,0,0,18.260212,389723508
18.170984,80.8594,20.2148,20.2148,0,0,18.260212,389723508
18.172984,80.8594,20.0391,20.0391,0,0,18.260212,389723508
18.174984,80.8594,20.0391,20.0391,0,0,18.260212,389723508
18.176984,80.8594,20.0391,20.0391,0,0,18.260212,389723508
18.178984,80.8594,20.0391,20.0391,0,0,18.260212,389723508
18.180984,80.8594,20.0391,20.0391,0,0,18.260212,389723508
18.182984,80.8594,20.0391,20.0391,0,0,18.260212,389723508
18.184984,80.8594,20.0391,20.0391,0,0,18.260212,389723508
18.186984,80.8594,20.0391,20.0391,0,0,18.260212,389723508
18.188984,80.8594,20.0391,20.0391,0,0,18.260212,389723508
18.190984,80.8594,20.0391,20.0391,0,0,18.260212,389723508
18.192984,80.8594,20.0391,20.0391,0,0,18.260212,389723508
18.194984,80.8594,20.0391,20.0391,0,0,18.260212,389723508
18.196984,80.8594,20.0391,20.0391,0,0,18.260212,389723508
18.198984,80.8594,20.0391,20.0391,0,0,18.260212,389723508
18.200984,80.8594,20.0391,20.0391,0,0,18.260212,389723508
18.202984,80.8594,20.0391,20.0391,0,0,18.260212,389723508
18.204984,80.8594,20.0391,20.0391,0,0,18.260212,389723508
18.206984,80.8594,20.0391,20.0391,0,0,18.260212,389723508
18.208984,80.8594,19.8633,19.8633,0,0,18.260212,389723508
18.211017,80.8594,19.8633,19.8633,0,0,18.260212,389723508
18.213016,80.8594,19.8633,19.8633,0,0,18.260212,389723508
18.215032,80.8594,19.8633,19.8633,0,0,18.260212,389723508
18.217030,80.8594,19.8633,19.8633,0,0,18.260212,389723508
18.219029,80.8594,19.8633,19.8633,0,0,18.260212,389723508
18.221028,80.8594,19.8633,19.8633,0,0,18.260212,389723508
18.223039,80.8594,19.8633,19.8633,0,0,18.260212,389723508
18.225034,80.8594,19.8633,19.8633,0,0,18.260212,389723508
18.227030,80.8594,19.8633,19.8633,0,0,18.260212,389723508
18.229029,80.8594,19.8633,19.8633,0,0,18.260212,389723508
18.231026,80.8594,19.8633,19.8633,0,0,18.260212,389723508
18.233023,80.8594,19.8633,19.8633,0,0,18.260212,389723508
18.235041,80.8594,19.8633,19.8633,0,0,18.260212,389723508
18.237029,80.8594,19.6875,19.6875,0,0,18.260212,389723508
18.238957,80.8594,19.6875,19.6875,0,0,18.260212,389723508
18.240988,80.8594,19.6875,19.6875,0,0,18.260212,389723508
18.242985,80.8594,19.6875,19.6875,0,0,18.260212,389723508
18.245042,80.8594,19.6875,19.6875,0,0,18.260212,389723508
18.247343,80.8594,19.6875,19.6875,0,0,18.260212,389723508
18.250851,80.8594,19.6875,19.6875,0,0,18.503912,389966196
18.251325,80.8594,19.6875,19.6875,0,0,18.503912,389966196
18.253042,80.8594,19.6875,19.6875,0,0,18.503912,389966196
18.254995,80.8594,19.6875,19.6875,0,0,18.503912,389966196
18.257026,80.8594,19.6875,19.6875,0,0,18.503912,389966196
18.259022,80.8594,19.6875,19.6875,0,0,18.503912,389966196
18.264014,80.8594,19.5117,19.5117,0,0,18.503912,389966196
18.264313,80.8594,19.5117,19.5117,0,0,18.503912,389966196
18.265010,80.8594,19.5117,19.5117,0,0,18.503912,389966196
18.267020,80.8594,19.5117,19.5117,0,0,18.503912,389966196
18.268986,80.8594,19.5117,19.5117,0,0,18.503912,389966196
18.271100,80.8594,19.5117,19.5117,0,0,18.503912,389966196
18.273012,80.8594,19.5117,19.5117,0,0,18.503912,389966196
18.274967,80.8594,19.5117,19.5117,0,0,18.503912,389966196
18.276993,80.8594,19.3359,19.3359,0,0,18.503912,389966196
18.278984,80.8594,19.3359,19.3359,0,0,18.503912,389966196
18.280968,80.8594,19.3359,19.3359,0,0,18.503912,389966196
18.282956,80.8594,19.3359,19.3359,0,0,18.503912,389966196
18.285022,80.8594,19.3359,19.3359,0,0,18.503912,389966196
18.287011,80.8594,19.3359,19.3359,0,0,18.503912,389966196
18.288991,80.8594,19.3359,19.3359,0,0,18.503912,389966196
18.290980,80.8594,19.3359,19.3359,0,0,18.503912,389966196
18.292962,80.8594,19.3359,19.3359,0,0,18.503912,389966196
18.295039,80.8594,19.3359,19.3359,0,0,18.503912,389966196
18.297021,80.8594,19.3359,19.3359,0,0,18.503912,389966196
18.299010,80.8594,19.1602,19.1602,0,0,18.503912,389966196
18.300992,80.8594,19.1602,19.1602,0,0,18.503912,389966196
18.302980,80.8594,19.1602,19.1602,0,0,18.503912,389966196
18.304962,80.8594,19.1602,19.1602,0,0,18.503912,389966196
18.307039,80.8594,19.1602,19.1602,0,0,18.503912,389966196
18.309021,80.8594,19.1602,19.1602,0,0,18.503912,389966196
18.311010,80.8594,19.1602,19.1602,0,0,18.503912,389966196
18.312957,80.8594,19.1602,19.1602,0,0,18.503912,389966196
18.315031,80.8594,19.1602,19.1602,0,0,18.503912,389966196
18.317033,80.8594,19.1602,19.1602,0,0,18.503912,389966196
18.319022,80.8594,19.1602,19.1602,0,0,18.503912,389966196
18.321003,80.8594,19.1602,19.1602,0,0,18.503912,389966196
18.323010,80.8594,19.1602,19.1602,0,0,18.503912,389966196
18.324992,80.8594,18.9844,18.9844,0,0,18.503912,389966196
18.326984,80.8594,18.9844,18.9844,0,0,18.503912,389966196
18.328968,80.8594,18.9844,18.9844,0,0,18.503912,389966196
18.330956,80.8594,18.9844,18.9844,0,0,18.503912,389966196
18.333022,80.8594,18.9844,18.9844,0,0,18.503912,389966196
18.335011,80.8594,18.9844,18.9844,0,0,18.503912,389966196
18.336991,80.8594,18.9844,18.9844,0,0,18.503912,389966196
18.338980,80.8594,18.9844,18.9844,0,0,18.503912,389966196
18.340962,80.8594,18.9844,18.9844,0,0,18.503912,389966196
18.343039,80.8594,18.9844,18.9844,0,0,18.503912,389966196
18.345021,80.8594,18.9844,18.9844,0,0,18.503912,389966196
18.347010,80.8594,18.9844,18.9844,0,0,18.503912,389966196
18.348992,80.8594,18.9844,18.9844,0,0,18.503912,389966196
18.350980,80.8594,18.9844,18.9844,0,0,18.503912,389966196
18.352962,80.8594,18.9844,18.9844,0,0,18.503912,389966196
18.355039,80.8594,18.9844,18.9844,0,0,18.503912,389966196
18.357021,80.8594,18.8086,18.8086,0,0,18.503912,389966196
18.359010,80.8594,18.8086,18.8086,0,0,18.503912,389966196
18.363464,80.8594,18.8086,18.8086,0,0,18.503912,389966196
18.363740,80.8594,18.8086,18.8086,0,0,18.503912,389966196
18.364966,80.8594,18.8086,18.8086,0,0,18.503912,389966196
18.366963,80.8594,18.8086,18.8086,0,0,18.503912,389966196
18.368963,80.8594,18.8086,18.8086,0,0,18.503912,389966196
18.370963,80.8594,18.8086,18.8086,0,0,18.503912,389966196
18.372962,80.8594,18.8086,18.8086,0,0,18.503912,389966196
18.374959,80.8594,18.8086,18.8086,0,0,18.503912,389966196
18.376956,80.8594,18.8086,18.8086,0,0,18.503912,389966196
18.378956,80.8594,18.8086,18.8086,0,0,18.503912,389966196
18.381039,80.8594,18.8086,18.8086,0,0,18.503912,389966196
18.383039,80.8594,18.8086,18.8086,0,0,18.503912,389966196
18.385039,80.8594,18.8086,18.8086,0,0,18.503912,389966196
18.387039,80.8594,18.8086,18.8086,0,0,18.503912,389966196
18.389034,80.8594,18.8086,18.8086,0,0,18.503912,389966196
18.391030,80.8594,18.8086,18.8086,0,0,18.503912,389966196
18.393029,80.8594,18.8086,18.8086,0,0,18.503912,389966196
18.395028,80.8594,18.6328,18.6328,0,0,18.503912,389966196
18.397026,80.8594,18.6328,18.6328,0,0,18.503912,389966196
18.399023,80.8594,18.6328,18.6328,0,0,18.503912,389966196
18.401021,80.8594,18.6328,18.6328,0,0,18.503912,389966196
18.403017,80.8594,18.6328,18.6328,0,0,18.503912,389966196
18.405015,80.8594,18.6328,18.6328,0,0,18.503912,389966196
18.407015,80.8594,18.6328,18.6328,0,0,18.503912,389966196
18.409015,80.8594,18.6328,18.6328,0,0,18.503912,389966196
18.411015,80.8594,18.6328,18.6328,0,0,18.503912,389966196
18.413015,80.8594,18.6328,18.6328,0,0,18.503912,389966196
18.414975,80.8594,18.6328,18.6328,0,0,18.503912,389966196
18.416972,80.8594,18.6328,18.6328,0,0,18.503912,389966196
18.418975,80.8594,18.6328,18.6328,0,0,18.503912,389966196
18.420990,80.8594,18.6328,18.6328,0,0,18.503912,389966196
18.422995,80.8594,18.6328,18.6328,0,0,18.503912,389966196
18.424991,80.8594,18.6328,18.6328,0,0,18.503912,389966196
18.426990,80.8594,18.6328,18.6328,0,0,18.503912,389966196
18.428986,80.8594,18.6328,18.6328,0,0,18.503912,389966196
18.430984,80.8594,18.6328,18.6328,0,0,18.503912,389966196
18.432984,80.8594,18.6328,18.6328,0,0,18.503912,389966196
18.434984,80.8594,18.6328,18.6328,0,0,18.503912,389966196
18.436984,80.8594,18.6328,18.6328,0,0,18.503912,389966196
18.438984,80.8594,18.6328,18.6328,0,0,18.503912,389966196
18.440984,80.8594,18.6328,18.6328,0,0,18.503912,389966196
18.442984,80.8594,18.6328,18.6328,0,0,18.503912,389966196
18.444984,80.8594,18.6328,18.6328,0,0,18.503912,389966196
18.446984,80.8594,18.6328,18.6328,0,0,18.503912,389966196
18.448984,80.8594,18.6328,18.6328,0,0,18.503912,389966196
18.450984,80.8594,18.6328,18.6328,0,0,18.503912,389966196
18.452984,80.8594,18.8086,18.8086,0,0,18.503912,389966196
18.454984,80.8594,18.8086,18.8086,0,0,18.503912,389966196
18.456984,80.8594,18.8086,18.8086,0,0,18.503912,389966196
18.458984,80.8594,18.8086,18.8086,0,0,18.503912,389966196
18.463371,80.8594,18.8086,18.8086,0,0,18.503912,389966196
18.463624,80.8594,18.8086,18.8086,0,0,18.503912,389966196
18.465011,80.8594,18.8086,18.8086,0,0,18.503912,389966196
18.467000,80.8594,18.8086,18.8086,0,0,18.503912,389966196
18.468984,80.8594,18.8086,18.8086,0,0,18.503912,389966196
18.470971,80.8594,18.8086,18.8086,0,0,18.503912,389966196
18.473039,80.8594,18.8086,18.8086,0,0,18.503912,389966196
18.475030,80.8594,18.8086,18.8086,0,0,18.503912,389966196
18.477011,80.8594,18.8086,18.8086,0,0,18.503912,389966196
18.479000,80.8594,18.8086,18.8086,0,0,18.503912,389966196
18.480958,80.8594,18.9844,18.9844,0,0,18.503912,389966196
18.483024,80.8594,18.9844,18.9844,0,0,18.503912,389966196
18.485018,80.8594,18.9844,18.9844,0,0,18.503912,389966196
18.487034,80.8594,18.9844,18.9844,0,0,18.503912,389966196
18.488990,80.8594,18.9844,18.9844,0,0,18.503912,389966196
18.493707,80.8594,18.9844,18.9844,0,0,18.751047,390216964
18.494237,80.8594,18.9844,18.9844,0,0,18.751047,390216964
18.495014,80.8594,18.9844,18.9844,0,0,18.751047,390216964
18.497003,80.8594,18.9844,18.9844,0,0,18.751047,390216964
18.498962,80.8594,18.9844,18.9844,0,0,18.751047,390216964
18.500959,80.8594,18.9844,18.9844,0,0,18.751047,390216964
18.502956,80.8594,18.9844,18.9844,0,0,18.751047,390216964
18.505038,80.8594,18.9844,18.9844,0,0,18.751047,390216964
18.506960,80.8594,18.9844,18.9844,0,0,18.751047,390216964
18.509033,80.8594,18.9844,18.9844,0,0,18.751047,390216964
18.510993,80.8594,18.9844,18.9844,0,0,18.751047,390216964
18.512959,80.8594,18.9844,18.9844,0,0,18.751047,390216964
18.514961,80.8594,19.1602,19.1602,0,0,18.751047,390216964
18.516972,80.8594,19.1602,19.1602,0,0,18.751047,390216964
18.518971,80.8594,19.1602,19.1602,0,0,18.751047,390216964
18.520968,80.8594,19.1602,19.1602,0,0,18.751047,390216964
18.522975,80.8594,19.1602,19.1602,0,0,18.751047,390216964
18.524979,80.8594,19.1602,19.1602,0,0,18.751047,390216964
18.527012,80.8594,19.1602,19.1602,0,0,18.751047,390216964
18.528962,80.8594,19.1602,19.1602,0,0,18.751047,390216964
18.531018,80.8594,19.1602,19.1602,0,0,18.751047,390216964
18.533018,80.8594,19.1602,19.1602,0,0,18.751047,390216964
18.535015,80.8594,19.1602,19.1602,0,0,18.751047,390216964
18.537015,80.8594,19.1602,19.1602,0,0,18.751047,390216964
18.539015,80.8594,19.1602,19.1602,0,0,18.751047,390216964
18.541015,80.8594,19.3359,19.3359,0,0,18.751047,390216964
18.543015,80.8594,19.3359,19.3359,0,0,18.751047,390216964
18.545015,80.8594,19.3359,19.3359,0,0,18.751047,390216964
18.547015,80.8594,19.3359,19.3359,0,0,18.751047,390216964
18.549015,80.8594,19.3359,19.3359,0,0,18.751047,390216964
18.551015,80.8594,19.3359,19.3359,0,0,18.751047,390216964
18.553015,80.8594,19.3359,19.3359,0,0,18.751047,390216964
18.555015,80.8594,19.3359,19.3359,0,0,18.751047,390216964
18.557015,80.8594,19.3359,19.3359,0,0,18.751047,390216964
18.559015,80.8594,19.3359,19.3359,0,0,18.751047,390216964
18.563898,80.8594,19.3359,19.3359,0,0,18.751047,390216964
18.564205,80.8594,19.3359,19.3359,0,0,18.751047,390216964
18.564984,80.8594,19.3359,19.3359,0,0,18.751047,390216964
18.566972,80.8594,19.5117,19.5117,0,0,18.751047,390216964
18.568956,80.8594,19.5117,19.5117,0,0,18.751047,390216964
18.571030,80.8594,19.5117,19.5117,0,0,18.751047,390216964
18.573011,80.8594,19.5117,19.5117,0,0,18.751047,390216964
18.575000,80.8594,19.5117,19.5117,0,0,18.751047,390216964
18.576984,80.8594,19.5117,19.5117,0,0,18.751047,390216964
18.578971,80.8594,19.5117,19.5117,0,0,18.751047,390216964
18.581039,80.8594,19.6875,19.6875,0,0,18.751047,390216964
18.583030,80.8594,19.6875,19.6875,0,0,18.751047,390216964
18.585011,80.8594,19.6875,19.6875,0,0,18.751047,390216964
18.587000,80.8594,19.6875,19.6875,0,0,18.751047,390216964
18.588984,80.8594,19.6875,19.6875,0,0,18.751047,390216964
18.590971,80.8594,19.6875,19.6875,0,0,18.751047,390216964
18.593039,80.8594,19.6875,19.6875,0,0,18.751047,390216964
18.595030,80.8594,19.6875,19.6875,0,0,18.751047,390216964
18.597011,80.8594,19.6875,19.6875,0,0,18.751047,390216964
18.599000,80.8594,19.6875,19.6875,0,0,18.751047,390216964
18.600984,80.8594,19.6875,19.6875,0,0,18.751047,390216964
18.602971,80.8594,19.6875,19.6875,0,0,18.751047,390216964
18.605039,80.8594,19.6875,19.6875,0,0,18.751047,390216964
18.607030,80.8594,19.6875,19.6875,0,0,18.751047,390216964
18.609011,80.8594,19.8633,19.8633,0,0,18.751047,390216964
18.611000,80.8594,19.8633,19.8633,0,0,18.751047,390216964
18.612984,80.8594,19.8633,19.8633,0,0,18.751047,390216964
18.614971,80.8594,19.8633,19.8633,0,0,18.751047,390216964
18.617039,80.8594,19.8633,19.8633,0,0,18.751047,390216964
18.618982,80.8594,19.8633,19.8633,0,0,18.751047,390216964
18.621030,80.8594,19.8633,19.8633,0,0,18.751047,390216964
18.622968,80.8594,19.8633,19.8633,0,0,18.751047,390216964
18.625034,80.8594,19.8633,19.8633,0,0,18.751047,390216964
18.627023,80.8594,19.8633,19.8633,0,0,18.751047,390216964
18.629007,80.8594,19.8633,19.8633,0,0,18.751047,390216964
18.630995,80.8594,19.8633,19.8633,0,0,18.751047,390216964
18.632979,80.8594,19.8633,19.8633,0,0,18.751047,390216964
18.634971,80.8594,19.8633,19.8633,0,0,18.751047,390216964
18.637039,80.8594,19.8633,19.8633,0,0,18.751047,390216964
18.639030,80.8594,19.8633,19.8633,0,0,18.751047,390216964
18.641011,80.8594,19.8633,19.8633,0,0,18.751047,390216964
18.643000,80.8594,20.0391,20.0391,0,0,18.751047,390216964
18.644984,80.8594,20.0391,20.0391,0,0,18.751047,390216964
18.646971,80.8594,20.0391,20.0391,0,0,18.751047,390216964
18.649039,80.8594,20.0391,20.0391,0,0,18.751047,390216964
18.651030,80.8594,20.0391,20.0391,0,0,18.751047,390216964
18.653011,80.8594,20.0391,20.0391,0,0,18.751047,390216964
18.655000,80.8594,20.0391,20.0391,0,0,18.751047,390216964
18.656984,80.8594,20.0391,20.0391,0,0,18.751047,390216964
18.658971,80.8594,20.0391,20.0391,0,0,18.751047,390216964
18.663335,80.8594,20.0391,20.0391,0,0,18.751047,390216964
18.663598,80.8594,20.0391,20.0391,0,0,18.751047,390216964
18.665000,80.8594,20.0391,20.0391,0,0,18.751047,390216964
18.666996,80.8594,20.0391,20.0391,0,0,18.751047,390216964
18.668992,80.8594,20.0391,20.0391,0,0,18.751047,390216964
18.670990,80.8594,20.0391,20.0391,0,0,18.751047,390216964
18.672987,80.8594,20.0391,20.0391,0,0,18.751047,390216964
18.674984,80.8594,20.0391,20.0391,0,0,18.751047,390216964
18.676984,80.8594,20.0391,20.0391,0,0,18.751047,390216964
18.678984,80.8594,20.0391,20.0391,0,0,18.751047,390216964
18.680984,80.8594,20.0391,20.0391,0,0,18.751047,390216964
18.682984,80.8594,20.0391,20.0391,0,0,18.751047,390216964
18.684984,80.8594,20.0391,20.0391,0,0,18.751047,390216964
18.686984,80.8594,20.0391,20.0391,0,0,18.751047,390216964
18.688984,80.8594,20.0391,20.0391,0,0,18.751047,390216964
18.690984,80.8594,20.0391,20.0391,0,0,18.751047,390216964
18.692984,80.8594,20.0391,20.0391,0,0,18.751047,390216964
18.694984,80.8594,20.0391,20.0391,0,0,18.751047,390216964
18.696984,80.8594,20.0391,20.0391,0,0,18.751047,390216964
18.698984,80.8594,20.0391,20.0391,0,0,18.751047,390216964
18.700984,80.8594,20.0391,20.0391,0,0,18.751047,390216964
18.702984,80.8594,20.0391,20.0391,0,0,18.751047,390216964
18.704984,80.8594,20.0391,20.0391,0,0,18.751047,390216964
18.706984,80.8594,20.0391,20.0391,0,0,18.751047,390216964
18.708984,80.8594,20.0391,20.0391,0,0,18.751047,390216964
18.710984,80.8594,20.0391,20.0391,0,0,18.751047,390216964
18.712984,80.8594,20.0391,20.0391,0,0,18.751047,390216964
18.714984,80.8594,20.0391,20.0391,0,0,18.751047,390216964
18.716984,80.8594,20.0391,20.0391,0,0,18.751047,390216964
18.718984,80.8594,20.0391,20.0391,0,0,18.751047,390216964
18.720984,80.8594,20.0391,20.0391,0,0,18.751047,390216964
18.723035,80.8594,20.0391,20.0391,0,0,18.751047,390216964
18.725030,80.8594,20.0391,20.0391,0,0,18.751047,390216964
18.727029,80.8594,20.0391,20.0391,0,0,18.751047,390216964
18.729029,80.8594,20.0391,20.0391,0,0,18.751047,390216964
18.731031,80.8594,20.0391,20.0391,0,0,18.751047,390216964
18.733023,80.8594,20.0391,20.0391,0,0,18.751047,390216964
18.735024,80.8594,20.0391,20.0391,0,0,18.751047,390216964
18.737023,80.8594,20.0391,20.0391,0,0,18.751047,390216964
18.739043,80.8594,20.0391,20.0391,0,0,18.751047,390216964
18.744701,80.8594,20.0391,20.0391,0,0,19.006710,390476405
18.745128,80.8594,20.0391,20.0391,0,0,19.006710,390476405
18.745359,80.8594,20.0391,20.0391,0,0,19.006710,390476405
18.746964,80.8594,20.0391,20.0391,0,0,19.006710,390476405
18.748991,80.8594,20.0391,20.0391,0,0,19.006710,390476405
18.750961,80.8594,20.0391,20.0391,0,0,19.006710,390476405
18.752960,80.8594,20.0391,20.0391,0,0,19.006710,390476405
18.754979,80.8594,20.0391,20.0391,0,0,19.006710,390476405
18.757008,80.8594,20.0391,20.0391,0,0,19.006710,390476405
18.758996,80.8594,20.0391,20.0391,0,0,19.006710,390476405
18.764670,80.8594,20.0391,20.0391,0,0,19.006710,390476405
18.765026,80.8594,20.0391,20.0391,0,0,19.006710,390476405
18.765203,80.8594,20.0391,20.0391,0,0,19.006710,390476405
18.767039,80.8594,20.0391,20.0391,0,0,19.006710,390476405
18.768964,80.8594,20.0391,20.0391,0,0,19.006710,390476405
18.771008,80.8594,19.8633,19.8633,0,0,19.006710,390476405
18.772963,80.8594,19.8633,19.8633,0,0,19.006710,390476405
18.775039,80.8594,19.8633,19.8633,0,0,19.006710,390476405
18.777022,80.8594,19.8633,19.8633,0,0,19.006710,390476405
18.779011,80.8594,19.8633,19.8633,0,0,19.006710,390476405
18.780992,80.8594,19.8633,19.8633,0,0,19.006710,390476405
18.782980,80.8594,19.8633,19.8633,0,0,19.006710,390476405
18.784962,80.8594,19.8633,19.8633,0,0,19.006710,390476405
18.787039,80.8594,19.8633,19.8633,0,0,19.006710,390476405
18.789021,80.8594,19.8633,19.8633,0,0,19.006710,390476405
18.791011,80.8594,19.8633,19.8633,0,0,19.006710,390476405
18.792991,80.8594,19.8633,19.8633,0,0,19.006710,390476405
18.794980,80.8594,19.8633,19.8633,0,0,19.006710,390476405
18.796962,80.8594,19.8633,19.8633,0,0,19.006710,390476405
18.799039,80.8594,19.8633,19.8633,0,0,19.006710,390476405
18.801021,80.8594,19.8633,19.8633,0,0,19.006710,390476405
18.803011,80.8594,19.8633,19.8633,0,0,19.006710,390476405
18.804991,80.8594,19.6875,19.6875,0,0,19.006710,390476405
18.806980,80.8594,19.6875,19.6875,0,0,19.006710,390476405
18.808962,80.8594,19.6875,19.6875,0,0,19.006710,390476405
18.811039,80.8594,19.6875,19.6875,0,0,19.006710,390476405
18.813021,80.8594,19.6875,19.6875,0,0,19.006710,390476405
18.815011,80.8594,19.6875,19.6875,0,0,19.006710,390476405
18.816991,80.8594,19.6875,19.6875,0,0,19.006710,390476405
18.818980,80.8594,19.6875,19.6875,0,0,19.006710,390476405
18.820962,80.8594,19.6875,19.6875,0,0,19.006710,390476405
18.822967,80.8594,19.6875,19.6875,0,0,19.006710,390476405
18.825009,80.8594,19.6875,19.6875,0,0,19.006710,390476405
18.827025,80.8594,19.6875,19.6875,0,0,19.006710,390476405
18.829007,80.8594,19.6875,19.6875,0,0,19.006710,390476405
18.830996,80.8594,19.6875,19.6875,0,0,19.006710,390476405
18.832979,80.8594,19.5117,19.5117,0,0,19.006710,390476405
18.834968,80.8594,19.5117,19.5117,0,0,19.006710,390476405
18.837033,80.8594,19.5117,19.5117,0,0,19.006710,390476405
18.839022,80.8594,19.5117,19.5117,0,0,19.006710,390476405
18.841003,80.8594,19.5117,19.5117,0,0,19.006710,390476405
18.842992,80.8594,19.5117,19.5117,0,0,19.006710,390476405
18.844971,80.8594,19.5117,19.5117,0,0,19.006710,390476405
18.846962,80.8594,19.5117,19.5117,0,0,19.006710,390476405
18.849030,80.8594,19.5117,19.5117,0,0,19.006710,390476405
18.851019,80.8594,19.3359,19.3359,0,0,19.006710,390476405
18.853000,80.8594,19.3359,19.3359,0,0,19.006710,390476405
18.854992,80.8594,19.3359,19.3359,0,0,19.006710,390476405
18.856975,80.8594,19.3359,19.3359,0,0,19.006710,390476405
18.858963,80.8594,19.3359,19.3359,0,0,19.006710,390476405
18.863325,80.8594,19.3359,19.3359,0,0,19.006710,390476405
18.863592,80.8594,19.3359,19.3359,0,0,19.006710,390476405
18.864995,80.8594,19.3359,19.3359,0,0,19.006710,390476405
18.866991,80.8594,19.3359,19.3359,0,0,19.006710,390476405
18.868990,80.8594,19.3359,19.3359,0,0,19.006710,390476405
18.870986,80.8594,19.3359,19.3359,0,0,19.006710,390476405
18.872984,80.8594,19.3359,19.3359,0,0,19.006710,390476405
18.874984,80.8594,19.3359,19.3359,0,0,19.006710,390476405
18.876980,80.8594,19.1602,19.1602,0,0,19.006710,390476405
18.878979,80.8594,19.1602,19.1602,0,0,19.006710,390476405
18.880975,80.8594,19.1602,19.1602,0,0,19.006710,390476405
18.882971,80.8594,19.1602,19.1602,0,0,19.006710,390476405
18.884971,80.8594,19.1602,19.1602,0,0,19.006710,390476405
18.886967,80.8594,19.1602,19.1602,0,0,19.006710,390476405
18.888963,80.8594,19.1602,19.1602,0,0,19.006710,390476405
18.890962,80.8594,19.1602,19.1602,0,0,19.006710,390476405
18.892959,80.8594,19.1602,19.1602,0,0,19.006710,390476405
18.894956,80.8594,19.1602,19.1602,0,0,19.006710,390476405
18.896956,80.8594,19.1602,19.1602,0,0,19.006710,390476405
18.899039,80.8594,19.1602,19.1602,0,0,19.006710,390476405
18.901038,80.8594,19.1602,19.1602,0,0,19.006710,390476405
18.903034,80.8594,19.1602,19.1602,0,0,19.006710,390476405
18.905030,80.8594,19.1602,19.1602,0,0,19.006710,390476405
18.907029,80.8594,19.1602,19.1602,0,0,19.006710,390476405
18.909028,80.8594,18.9844,18.9844,0,0,19.006710,390476405
18.911026,80.8594,18.9844,18.9844,0,0,19.006710,390476405
18.913023,80.8594,18.9844,18.9844,0,0,19.006710,390476405
18.915021,80.8594,18.9844,18.9844,0,0,19.006710,390476405
18.917017,80.8594,18.9844,18.9844,0,0,19.006710,390476405
18.919015,80.8594,18.9844,18.9844,0,0,19.006710,390476405
18.921015,80.8594,18.9844,18.9844,0,0,19.006710,390476405
18.923026,80.8594,18.9844,18.9844,0,0,19.006710,390476405
18.925023,80.8594,18.9844,18.9844,0,0,19.006710,390476405
18.926988,80.8594,18.9844,18.9844,0,0,19.006710,390476405
18.928985,80.8594,18.9844,18.9844,0,0,19.006710,390476405
18.930984,80.8594,18.9844,18.9844,0,0,19.006710,390476405
18.932984,80.8594,18.9844,18.9844,0,0,19.006710,390476405
18.934984,80.8594,18.9844,18.9844,0,0,19.006710,390476405
18.936984,80.8594,18.9844,18.9844,0,0,19.006710,390476405
18.939000,80.8594,18.9844,18.9844,0,0,19.006710,390476405
18.941000,80.8594,18.9844,18.9844,0,0,19.006710,390476405
18.942996,80.8594,18.9844,18.9844,0,0,19.006710,390476405
18.944992,80.8594,18.9844,18.9844,0,0,19.006710,390476405
18.946990,80.8594,18.9844,18.9844,0,0,19.006710,390476405
18.948987,80.8594,18.9844,18.9844,0,0,19.006710,390476405
18.950984,80.8594,18.9844,18.9844,0,0,19.006710,390476405
18.952980,80.8594,18.8086,18.8086,0,0,19.006710,390476405
18.954979,80.8594,18.8086,18.8086,0,0,19.006710,390476405
18.956975,80.8594,18.8086,18.8086,0,0,19.006710,390476405
18.958971,80.8594,18.8086,18.8086,0,0,19.006710,390476405
18.963355,80.8594,18.8086,18.8086,0,0,19.006710,390476405
18.963611,80.8594,18.8086,18.8086,0,0,19.006710,390476405
18.964994,80.8594,18.8086,18.8086,0,0,19.006710,390476405
18.966984,80.8594,18.8086,18.8086,0,0,19.006710,390476405
18.968967,80.8594,18.8086,18.8086,0,0,19.006710,390476405
18.970965,80.8594,18.8086,18.8086,0,0,19.006710,390476405
18.972976,80.8594,18.8086,18.8086,0,0,19.006710,390476405
18.975032,80.8594,18.8086,18.8086,0,0,19.006710,390476405
18.976986,80.8594,18.8086,18.8086,0,0,19.006710,390476405
18.979031,80.8594,18.8086,18.8086,0,0,19.006710,390476405
18.981030,80.8594,18.8086,18.8086,0,0,19.006710,390476405
18.983018,80.8594,18.8086,18.8086,0,0,19.006710,390476405
18.985000,80.8594,18.8086,18.8086,0,0,19.006710,390476405
18.986992,80.8594,18.8086,18.8086,0,0,19.006710,390476405
18.988972,80.8594,18.8086,18.8086,0,0,19.006710,390476405
18.990962,80.8594,18.8086,18.8086,0,0,19.006710,390476405
18.993029,80.8594,18.8086,18.8086,0,0,19.006710,390476405
18.994965,80.8594,18.8086,18.8086,0,0,19.006710,390476405
18.997030,80.8594,18.8086,18.8086,0,0,19.006710,390476405
18.999022,80.8594,18.8086,18.8086,0,0,19.006710,390476405
19.003502,80.8594,18.8086,18.8086,0,0,19.240930,390707593
19.004110,80.8594,18.8086,18.8086,0,0,19.240930,390707593
19.005005,80.8594,18.8086,18.8086,0,0,19.240930,390707593
19.007366,80.8594,18.8086,18.8086,0,0,19.240930,390707593
19.009033,80.8594,18.8086,18.8086,0,0,19.240930,390707593
19.010971,80.8594,18.8086,18.8086,0,0,19.240930,390707593
19.013020,80.8594,18.8086,18.8086,0,0,19.240930,390707593
19.014957,80.8594,18.8086,18.8086,0,0,19.240930,390707593
19.016991,80.8594,18.8086,18.8086,0,0,19.240930,390707593
19.018986,80.8594,18.8086,18.8086,0,0,19.240930,390707593
19.020957,80.8594,18.8086,18.8086,0,0,19.240930,390707593
19.023003,80.8594,18.8086,18.8086,0,0,19.240930,390707593
19.025000,80.8594,18.8086,18.8086,0,0,19.240930,390707593
19.027000,80.8594,18.8086,18.8086,0,0,19.240930,390707593
19.029028,80.8594,18.8086,18.8086,0,0,19.240930,390707593
19.031034,80.8594,18.8086,18.8086,0,0,19.240930,390707593
19.032971,80.8594,18.8086,18.8086,0,0,19.240930,390707593
19.034968,80.8594,18.9844,18.9844,0,0,19.240930,390707593
19.036964,80.8594,18.9844,18.9844,0,0,19.240930,390707593
19.038962,80.8594,18.9844,18.9844,0,0,19.240930,390707593
19.040959,80.8594,18.9844,18.9844,0,0,19.240930,390707593
19.042956,80.8594,18.9844,18.9844,0,0,19.240930,390707593
19.044956,80.8594,18.9844,18.9844,0,0,19.240930,390707593
19.047038,80.8594,18.9844,18.9844,0,0,19.240930,390707593
19.049034,80.8594,18.9844,18.9844,0,0,19.240930,390707593
19.051030,80.8594,18.9844,18.9844,0,0,19.240930,390707593
19.053028,80.8594,18.9844,18.9844,0,0,19.240930,390707593
19.055026,80.8594,18.9844,18.9844,0,0,19.240930,390707593
19.057023,80.8594,18.9844,18.9844,0,0,19.240930,390707593
19.059022,80.8594,18.9844,18.9844,0,0,19.240930,390707593
19.064099,80.8594,18.9844,18.9844,0,0,19.240930,390707593
19.064421,80.8594,18.9844,18.9844,0,0,19.240930,390707593
19.065016,80.8594,18.9844,18.9844,0,0,19.240930,390707593
19.067007,80.8594,18.9844,18.9844,0,0,19.240930,390707593
19.068990,80.8594,18.9844,18.9844,0,0,19.240930,390707593
19.070980,80.8594,18.9844,18.9844,0,0,19.240930,390707593
19.072962,80.8594,18.9844,18.9844,0,0,19.240930,390707593
19.075039,80.8594,18.9844,18.9844,0,0,19.240930,390707593
19.077021,80.8594,18.9844,18.9844,0,0,19.240930,390707593
19.079010,80.8594,19.1602,19.1602,0,0,19.240930,390707593
19.080992,80.8594,19.1602,19.1602,0,0,19.240930,390707593
19.082980,80.8594,19.1602,19.1602,0,0,19.240930,390707593
19.084962,80.8594,19.1602,19.1602,0,0,19.240930,390707593
19.087039,80.8594,19.1602,19.1602,0,0,19.240930,390707593
19.089021,80.8594,19.1602,19.1602,0,0,19.240930,390707593
19.091010,80.8594,19.1602,19.1602,0,0,19.240930,390707593
19.092992,80.8594,19.1602,19.1602,0,0,19.240930,390707593
19.094980,80.8594,19.1602,19.1602,0,0,19.240930,390707593
19.096962,80.8594,19.1602,19.1602,0,0,19.240930,390707593
19.099039,80.8594,19.1602,19.1602,0,0,19.240930,390707593
19.101021,80.8594,19.1602,19.1602,0,0,19.240930,390707593
19.103010,80.8594,19.1602,19.1602,0,0,19.240930,390707593
19.104992,80.8594,19.1602,19.1602,0,0,19.240930,390707593
19.106980,80.8594,19.1602,19.1602,0,0,19.240930,390707593
19.108962,80.8594,19.1602,19.1602,0,0,19.240930,390707593
19.111039,80.8594,19.3359,19.3359,0,0,19.240930,390707593
19.113021,80.8594,19.3359,19.3359,0,0,19.240930,390707593
19.115010,80.8594,19.3359,19.3359,0,0,19.240930,390707593
19.116992,80.8594,19.3359,19.3359,0,0,19.240930,390707593
19.118980,80.8594,19.3359,19.3359,0,0,19.240930,390707593
19.120962,80.8594,19.3359,19.3359,0,0,19.240930,390707593
19.122968,80.8594,19.3359,19.3359,0,0,19.240930,390707593
19.125033,80.8594,19.3359,19.3359,0,0,19.240930,390707593
19.127021,80.8594,19.3359,19.3359,0,0,19.240930,390707593
19.129003,80.8594,19.3359,19.3359,0,0,19.240930,390707593
19.131033,80.8594,19.3359,19.3359,0,0,19.240930,390707593
19.133015,80.8594,19.3359,19.3359,0,0,19.240930,390707593
19.135003,80.8594,19.3359,19.3359,0,0,19.240930,390707593
19.136984,80.8594,19.3359,19.3359,0,0,19.240930,390707593
19.138975,80.8594,19.5117,19.5117,0,0,19.240930,390707593
19.140971,80.8594,19.5117,19.5117,0,0,19.240930,390707593
19.142962,80.8594,19.5117,19.5117,0,0,19.240930,390707593
19.145030,80.8594,19.5117,19.5117,0,0,19.240930,390707593
19.147018,80.8594,19.5117,19.5117,0,0,19.240930,390707593
19.149000,80.8594,19.5117,19.5117,0,0,19.240930,390707593
19.150992,80.8594,19.5117,19.5117,0,0,19.240930,390707593
19.152972,80.8594,19.5117,19.5117,0,0,19.240930,390707593
19.154962,80.8594,19.5117,19.5117,0,0,19.240930,390707593
19.157030,80.8594,19.6875,19.6875,0,0,19.240930,390707593
19.159018,80.8594,19.6875,19.6875,0,0,19.240930,390707593
19.163377,80.8594,19.6875,19.6875,0,0,19.240930,390707593
19.163654,80.8594,19.6875,19.6875,0,0,19.240930,390707593
19.165040,80.8594,19.6875,19.6875,0,0,19.240930,390707593
19.167039,80.8594,19.6875,19.6875,0,0,19.240930,390707593
19.169038,80.8594,19.6875,19.6875,0,0,19.240930,390707593
19.171034,80.8594,19.6875,19.6875,0,0,19.240930,390707593
19.173030,80.8594,19.6875,19.6875,0,0,19.240930,390707593
19.175029,80.8594,19.6875,19.6875,0,0,19.240930,390707593
19.177028,80.8594,19.6875,19.6875,0,0,19.240930,390707593
19.179040,80.8594,19.6875,19.6875,0,0,19.240930,390707593
19.180959,80.8594,19.6875,19.6875,0,0,19.240930,390707593
19.182956,80.8594,19.6875,19.6875,0,0,19.240930,390707593
19.184956,80.8594,19.6875,19.6875,0,0,19.240930,390707593
19.186968,80.8594,19.6875,19.6875,0,0,19.240930,390707593
19.188967,80.8594,19.6875,19.6875,0,0,19.240930,390707593
19.190963,80.8594,19.8633,19.8633,0,0,19.240930,390707593
19.192962,80.8594,19.8633,19.8633,0,0,19.240930,390707593
19.194962,80.8594,19.8633,19.8633,0,0,19.240930,390707593
19.196963,80.8594,19.8633,19.8633,0,0,19.240930,390707593
19.198970,80.8594,19.8633,19.8633,0,0,19.240930,390707593
19.200968,80.8594,19.8633,19.8633,0,0,19.240930,390707593
19.202965,80.8594,19.8633,19.8633,0,0,19.240930,390707593
19.204963,80.8594,19.8633,19.8633,0,0,19.240930,390707593
19.206962,80.8594,19.8633,19.8633,0,0,19.240930,390707593
19.208959,80.8594,19.8633,19.8633,0,0,19.240930,390707593
19.210968,80.8594,19.8633,19.8633,0,0,19.240930,390707593
19.212968,80.8594,19.8633,19.8633,0,0,19.240930,390707593
19.214965,80.8594,19.8633,19.8633,0,0,19.240930,390707593
19.217001,80.8594,19.8633,19.8633,0,0,19.240930,390707593
19.219001,80.8594,19.8633,19.8633,0,0,19.240930,390707593
19.221001,80.8594,19.8633,19.8633,0,0,19.240930,390707593
19.223039,80.8594,19.8633,19.8633,0,0,19.240930,390707593
19.225039,80.8594,19.8633,19.8633,0,0,19.240930,390707593
19.227039,80.8594,19.8633,19.8633,0,0,19.240930,390707593
19.229045,80.8594,19.8633,19.8633,0,0,19.240930,390707593
19.231221,80.8594,19.8633,19.8633,0,0,19.240930,390707593
19.235023,80.8594,19.8633,19.8633,0,0,19.481351,390951402
19.235455,80.8594,19.8633,19.8633,0,0,19.481351,390951402
19.237035,80.8594,20.0391,20.0391,0,0,19.481351,390951402
19.238995,80.8594,20.0391,20.0391,0,0,19.481351,390951402
19.241038,80.8594,20.0391,20.0391,0,0,19.481351,390951402
19.243031,80.8594,20.0391,20.0391,0,0,19.481351,390951402
19.244972,80.8594,20.0391,20.0391,0,0,19.481351,390951402
19.246978,80.8594,20.0391,20.0391,0,0,19.481351,390951402
19.249035,80.8594,20.0391,20.0391,0,0,19.481351,390951402
19.250992,80.8594,20.0391,20.0391,0,0,19.481351,390951402
19.253022,80.8594,20.0391,20.0391,0,0,19.481351,390951402
19.254976,80.8594,20.0391,20.0391,0,0,19.481351,390951402
19.256976,80.8594,20.0391,20.0391,0,0,19.481351,390951402
19.258971,80.8594,20.0391,20.0391,0,0,19.481351,390951402
19.263872,80.8594,20.0391,20.0391,0,0,19.481351,390951402
19.264187,80.8594,20.0391,20.0391,0,0,19.481351,390951402
19.264972,80.8594,20.0391,20.0391,0,0,19.481351,390951402
19.266962,80.8594,20.0391,20.0391,0,0,19.481351,390951402
19.269029,80.8594,20.0391,20.0391,0,0,19.481351,390951402
19.271017,80.8594,20.0391,20.0391,0,0,19.481351,390951402
19.273000,80.8594,20.0391,20.0391,0,0,19.481351,390951402
19.274992,80.8594,20.0391,20.0391,0,0,19.481351,390951402
19.276972,80.8594,20.0391,20.0391,0,0,19.481351,390951402
19.278962,80.8594,20.0391,20.0391,0,0,19.481351,390951402
19.281030,80.8594,20.0391,20.0391,0,0,19.481351,390951402
19.283018,80.8594,20.0391,20.0391,0,0,19.481351,390951402
19.285001,80.8594,20.0391,20.0391,0,0,19.481351,390951402
19.286992,80.8594,20.0391,20.0391,0,0,19.481351,390951402
19.288972,80.8594,20.0391,20.0391,0,0,19.481351,390951402
19.290962,80.8594,20.0391,20.0391,0,0,19.481351,390951402
19.293030,80.8594,20.0391,20.0391,0,0,19.481351,390951402
19.295018,80.8594,20.0391,20.0391,0,0,19.481351,390951402
19.297001,80.8594,20.0391,20.0391,0,0,19.481351,390951402
19.298992,80.8594,20.0391,20.0391,0,0,19.481351,390951402
19.300972,80.8594,20.0391,20.0391,0,0,19.481351,390951402
19.302962,80.8594,20.0391,20.0391,0,0,19.481351,390951402
19.305030,80.8594,20.0391,20.0391,0,0,19.481351,390951402
19.307018,80.8594,20.0391,20.0391,0,0,19.481351,390951402
19.309001,80.8594,20.0391,20.0391,0,0,19.481351,390951402
19.310992,80.8594,20.0391,20.0391,0,0,19.481351,390951402
19.312972,80.8594,20.0391,20.0391,0,0,19.481351,390951402
19.314962,80.8594,20.0391,20.0391,0,0,19.481351,390951402
19.317030,80.8594,20.0391,20.0391,0,0,19.481351,390951402
19.319018,80.8594,20.0391,20.0391,0,0,19.481351,390951402
19.321001,80.8594,20.0391,20.0391,0,0,19.481351,390951402
19.323001,80.8594,20.0391,20.0391,0,0,19.481351,390951402
19.324984,80.8594,19.8633,19.8633,0,0,19.481351,390951402
19.326971,80.8594,19.8633,19.8633,0,0,19.481351,390951402
19.329039,80.8594,19.8633,19.8633,0,0,19.481351,390951402
19.331030,80.8594,19.8633,19.8633,0,0,19.481351,390951402
19.333011,80.8594,19.8633,19.8633,0,0,19.481351,390951402
19.335000,80.8594,19.8633,19.8633,0,0,19.481351,390951402
19.337038,80.8594,19.8633,19.8633,0,0,19.481351,390951402
19.338966,80.8594,19.8633,19.8633,0,0,19.481351,390951402
19.341031,80.8594,19.8633,19.8633,0,0,19.481351,390951402
19.343022,80.8594,19.8633,19.8633,0,0,19.481351,390951402
19.345003,80.8594,19.8633,19.8633,0,0,19.481351,390951402
19.346992,80.8594,19.8633,19.8633,0,0,19.481351,390951402
19.348972,80.8594,19.8633,19.8633,0,0,19.481351,390951402
19.350962,80.8594,19.8633,19.8633,0,0,19.481351,390951402
19.353030,80.8594,19.8633,19.8633,0,0,19.481351,390951402
19.355018,80.8594,19.8633,19.8633,0,0,19.481351,390951402
19.357001,80.8594,19.8633,19.8633,0,0,19.481351,390951402
19.358992,80.8594,19.8633,19.8633,0,0,19.481351,390951402
19.363353,80.8594,19.8633,19.8633,0,0,19.481351,390951402
19.363616,80.8594,19.8633,19.8633,0,0,19.481351,390951402
19.365015,80.8594,19.8633,19.8633,0,0,19.481351,390951402
19.367015,80.8594,19.8633,19.8633,0,0,19.481351,390951402
19.369015,80.8594,19.6875,19.6875,0,0,19.481351,390951402
19.371015,80.8594,19.6875,19.6875,0,0,19.481351,390951402
19.373015,80.8594,19.6875,19.6875,0,0,19.481351,390951402
19.375015,80.8594,19.6875,19.6875,0,0,19.481351,390951402
19.377015,80.8594,19.6875,19.6875,0,0,19.481351,390951402
19.379015,80.8594,19.6875,19.6875,0,0,19.481351,390951402
19.381015,80.8594,19.6875,19.6875,0,0,19.481351,390951402
19.383015,80.8594,19.6875,19.6875,0,0,19.481351,390951402
19.385015,80.8594,19.6875,19.6875,0,0,19.481351,390951402
19.387015,80.8594,19.6875,19.6875,0,0,19.481351,390951402
19.389015,80.8594,19.6875,19.6875,0,0,19.481351,390951402
19.391015,80.8594,19.6875,19.6875,0,0,19.481351,390951402
19.393015,80.8594,19.6875,19.6875,0,0,19.481351,390951402
19.395015,80.8594,19.6875,19.6875,0,0,19.481351,390951402
19.397015,80.8594,19.6875,19.6875,0,0,19.481351,390951402
19.399015,80.8594,19.6875,19.6875,0,0,19.481351,390951402
19.401015,80.8594,19.6875,19.6875,0,0,19.481351,390951402
19.403015,80.8594,19.5117,19.5117,0,0,19.481351,390951402
19.405015,80.8594,19.5117,19.5117,0,0,19.481351,390951402
19.407015,80.8594,19.5117,19.5117,0,0,19.481351,390951402
19.409015,80.8594,19.5117,19.5117,0,0,19.481351,390951402
19.411015,80.8594,19.5117,19.5117,0,0,19.481351,390951402
19.413015,80.8594,19.5117,19.5117,0,0,19.481351,390951402
19.415015,80.8594,19.5117,19.5117,0,0,19.481351,390951402
19.417015,80.8594,19.5117,19.5117,0,0,19.481351,390951402
19.419015,80.8594,19.5117,19.5117,0,0,19.481351,390951402
19.421015,80.8594,19.5117,19.5117,0,0,19.481351,390951402
19.423026,80.8594,19.3359,19.3359,0,0,19.481351,390951402
19.425022,80.8594,19.3359,19.3359,0,0,19.481351,390951402
19.427018,80.8594,19.3359,19.3359,0,0,19.481351,390951402
19.429017,80.8594,19.3359,19.3359,0,0,19.481351,390951402
19.431015,80.8594,19.3359,19.3359,0,0,19.481351,390951402
19.433015,80.8594,19.3359,19.3359,0,0,19.481351,390951402
19.435015,80.8594,19.3359,19.3359,0,0,19.481351,390951402
19.437015,80.8594,19.3359,19.3359,0,0,19.481351,390951402
19.438963,80.8594,19.3359,19.3359,0,0,19.481351,390951402
19.440979,80.8594,19.3359,19.3359,0,0,19.481351,390951402
19.442975,80.8594,19.3359,19.3359,0,0,19.481351,390951402
19.444971,80.8594,19.3359,19.3359,0,0,19.481351,390951402
19.446968,80.8594,19.3359,19.3359,0,0,19.481351,390951402
19.448967,80.8594,19.3359,19.3359,0,0,19.481351,390951402
19.450963,80.8594,19.3359,19.3359,0,0,19.481351,390951402
19.452962,80.8594,19.3359,19.3359,0,0,19.481351,390951402
19.454962,80.8594,19.1602,19.1602,0,0,19.481351,390951402
19.456962,80.8594,19.1602,19.1602,0,0,19.481351,390951402
19.458962,80.8594,19.1602,19.1602,0,0,19.481351,390951402
19.463373,80.8594,19.1602,19.1602,0,0,19.481351,390951402
19.463731,80.8594,19.1602,19.1602,0,0,19.481351,390951402
19.465002,80.8594,19.1602,19.1602,0,0,19.481351,390951402
19.466970,80.8594,19.1602,19.1602,0,0,19.481351,390951402
19.469033,80.8594,19.1602,19.1602,0,0,19.481351,390951402
19.470976,80.8594,19.1602,19.1602,0,0,19.481351,390951402
19.472988,80.8594,19.1602,19.1602,0,0,19.481351,390951402
19.475140,80.8594,19.1602,19.1602,0,0,19.481351,390951402
19.478533,80.8594,19.1602,19.1602,0,0,19.722351,391185026
19.479109,80.8594,19.1602,19.1602,0,0,19.722351,391185026
19.481004,80.8594,19.1602,19.1602,0,0,19.722351,391185026
19.482970,80.8594,19.1602,19.1602,0,0,19.722351,391185026
19.484999,80.8594,19.1602,19.1602,0,0,19.722351,391185026
19.487001,80.8594,19.1602,19.1602,0,0,19.722351,391185026
19.488961,80.8594,19.1602,19.1602,0,0,19.722351,391185026
19.490961,80.8594,19.1602,19.1602,0,0,19.722351,391185026
19.493021,80.8594,18.9844,18.9844,0,0,19.722351,391185026
19.494992,80.8594,18.9844,18.9844,0,0,19.722351,391185026
19.496971,80.8594,18.9844,18.9844,0,0,19.722351,391185026
19.498968,80.8594,18.9844,18.9844,0,0,19.722351,391185026
19.500968,80.8594,18.9844,18.9844,0,0,19.722351,391185026
19.503003,80.8594,18.9844,18.9844,0,0,19.722351,391185026
19.505000,80.8594,18.9844,18.9844,0,0,19.722351,391185026
19.507000,80.8594,18.9844,18.9844,0,0,19.722351,391185026
19.508996,80.8594,18.9844,18.9844,0,0,19.722351,391185026
19.510992,80.8594,18.9844,18.9844,0,0,19.722351,391185026
19.512990,80.8594,18.9844,18.9844,0,0,19.722351,391185026
19.514987,80.8594,18.9844,18.9844,0,0,19.722351,391185026
19.516984,80.8594,18.9844,18.9844,0,0,19.722351,391185026
19.518984,80.8594,18.9844,18.9844,0,0,19.722351,391185026
19.520984,80.8594,18.9844,18.9844,0,0,19.722351,391185026
19.522992,80.8594,18.9844,18.9844,0,0,19.722351,391185026
19.524990,80.8594,18.9844,18.9844,0,0,19.722351,391185026
19.526986,80.8594,18.9844,18.9844,0,0,19.722351,391185026
19.528984,80.8594,18.9844,18.9844,0,0,19.722351,391185026
19.530984,80.8594,18.9844,18.9844,0,0,19.722351,391185026
19.532984,80.8594,18.9844,18.9844,0,0,19.722351,391185026
19.534984,80.8594,18.9844,18.9844,0,0,19.722351,391185026
19.536984,80.8594,18.9844,18.9844,0,0,19.722351,391185026
19.538984,80.8594,18.9844,18.9844,0,0,19.722351,391185026
19.541034,80.8594,18.9844,18.9844,0,0,19.722351,391185026
19.543031,80.8594,18.9844,18.9844,0,0,19.722351,391185026
19.544966,80.8594,18.9844,18.9844,0,0,19.722351,391185026
19.546963,80.8594,18.9844,18.9844,0,0,19.722351,391185026
19.548962,80.8594,18.9844,18.9844,0,0,19.722351,391185026
19.550960,80.8594,18.9844,18.9844,0,0,19.722351,391185026
19.552959,80.8594,18.9844,18.9844,0,0,19.722351,391185026
19.554956,80.8594,18.9844,18.9844,0,0,19.722351,391185026
19.556956,80.8594,18.9844,18.9844,0,0,19.722351,391185026
19.559038,80.8594,18.9844,18.9844,0,0,19.722351,391185026
19.563834,80.8594,18.9844,18.9844,0,0,19.722351,391185026
19.564154,80.8594,18.9844,18.9844,0,0,19.722351,391185026
19.565011,80.8594,18.9844,18.9844,0,0,19.722351,391185026
19.567000,80.8594,18.9844,18.9844,0,0,19.722351,391185026
19.568984,80.8594,18.9844,18.9844,0,0,19.722351,391185026
19.570971,80.8594,18.9844,18.9844,0,0,19.722351,391185026
19.573039,80.8594,18.9844,18.9844,0,0,19.722351,391185026
19.575030,80.8594,18.9844,18.9844,0,0,19.722351,391185026
19.577011,80.8594,18.9844,18.9844,0,0,19.722351,391185026
19.579000,80.8594,18.9844,18.9844,0,0,19.722351,391185026
19.580984,80.8594,18.9844,18.9844,0,0,19.722351,391185026
19.582971,80.8594,18.9844,18.9844,0,0,19.722351,391185026
19.585039,80.8594,18.9844,18.9844,0,0,19.722351,391185026
19.587030,80.8594,18.9844,18.9844,0,0,19.722351,391185026
19.589011,80.8594,18.9844,18.9844,0,0,19.722351,391185026
19.591000,80.8594,18.9844,18.9844,0,0,19.722351,391185026
19.592984,80.8594,18.9844,18.9844,0,0,19.722351,391185026
19.594971,80.8594,18.9844,18.9844,0,0,19.722351,391185026
19.597039,80.8594,18.9844,18.9844,0,0,19.722351,391185026
19.599030,80.8594,18.9844,18.9844,0,0,19.722351,391185026
19.601011,80.8594,18.9844,18.9844,0,0,19.722351,391185026
19.603000,80.8594,18.9844,18.9844,0,0,19.722351,391185026
19.604984,80.8594,18.9844,18.9844,0,0,19.722351,391185026
19.606971,80.8594,18.9844,18.9844,0,0,19.722351,391185026
19.609039,80.8594,18.9844,18.9844,0,0,19.722351,391185026
19.611030,80.8594,18.9844,18.9844,0,0,19.722351,391185026
19.613011,80.8594,18.9844,18.9844,0,0,19.722351,391185026
19.615000,80.8594,18.9844,18.9844,0,0,19.722351,391185026
19.616984,80.8594,18.9844,18.9844,0,0,19.722351,391185026
19.618971,80.8594,18.9844,18.9844,0,0,19.722351,391185026
19.621039,80.8594,18.9844,18.9844,0,0,19.722351,391185026
19.622963,80.8594,18.9844,18.9844,0,0,19.722351,391185026
19.625030,80.8594,18.9844,18.9844,0,0,19.722351,391185026
19.627018,80.8594,18.9844,18.9844,0,0,19.722351,391185026
19.629001,80.8594,18.9844,18.9844,0,0,19.722351,391185026
19.630992,80.8594,18.9844,18.9844,0,0,19.722351,391185026
19.632972,80.8594,18.9844,18.9844,0,0,19.722351,391185026
19.634962,80.8594,18.9844,18.9844,0,0,19.722351,391185026
19.637030,80.8594,18.9844,18.9844,0,0,19.722351,391185026
19.639018,80.8594,19.1602,19.1602,0,0,19.722351,391185026
19.641001,80.8594,19.1602,19.1602,0,0,19.722351,391185026
19.643029,80.8594,19.1602,19.1602,0,0,19.722351,391185026
19.645011,80.8594,19.1602,19.1602,0,0,19.722351,391185026
19.647001,80.8594,19.1602,19.1602,0,0,19.722351,391185026
19.648996,80.8594,19.1602,19.1602,0,0,19.722351,391185026
19.650984,80.8594,19.1602,19.1602,0,0,19.722351,391185026
19.652967,80.8594,19.1602,19.1602,0,0,19.722351,391185026
19.654956,80.8594,19.1602,19.1602,0,0,19.722351,391185026
19.657022,80.8594,19.1602,19.1602,0,0,19.722351,391185026
19.659011,80.8594,19.1602,19.1602,0,0,19.722351,391185026
19.663375,80.8594,19.1602,19.1602,0,0,19.722351,391185026
19.663648,80.8594,19.1602,19.1602,0,0,19.722351,391185026
19.665039,80.8594,19.1602,19.1602,0,0,19.722351,391185026
19.667039,80.8594,19.1602,19.1602,0,0,19.722351,391185026
19.669039,80.8594,19.1602,19.1602,0,0,19.722351,391185026
19.671034,80.8594,19.1602,19.1602,0,0,19.722351,391185026
19.673030,80.8594,19.1602,19.1602,0,0,19.722351,391185026
19.675029,80.8594,19.1602,19.1602,0,0,19.722351,391185026
19.677028,80.8594,19.1602,19.1602,0,0,19.722351,391185026
19.679026,80.8594,19.3359,19.3359,0,0,19.722351,391185026
19.681023,80.8594,19.3359,19.3359,0,0,19.722351,391185026
19.683021,80.8594,19.3359,19.3359,0,0,19.722351,391185026
19.685017,80.8594,19.3359,19.3359,0,0,19.722351,391185026
19.687015,80.8594,19.3359,19.3359,0,0,19.722351,391185026
19.689015,80.8594,19.3359,19.3359,0,0,19.722351,391185026
19.691015,80.8594,19.3359,19.3359,0,0,19.722351,391185026
19.693015,80.8594,19.3359,19.3359,0,0,19.722351,391185026
19.695015,80.8594,19.3359,19.3359,0,0,19.722351,391185026
19.697015,80.8594,19.3359,19.3359,0,0,19.722351,391185026
19.699015,80.8594,19.3359,19.3359,0,0,19.722351,391185026
19.701015,80.8594,19.3359,19.3359,0,0,19.722351,391185026
19.703028,80.8594,19.3359,19.3359,0,0,19.722351,391185026
19.705022,80.8594,19.3359,19.3359,0,0,19.722351,391185026
19.706966,80.8594,19.3359,19.3359,0,0,19.722351,391185026
19.712201,80.8594,19.3359,19.3359,0,0,19.959166,391418443
19.712738,80.8594,19.3359,19.3359,0,0,19.959166,391418443
19.712992,80.8594,19.3359,19.3359,0,0,19.959166,391418443
19.714960,80.8594,19.5117,19.5117,0,0,19.959166,391418443
19.717031,80.8594,19.5117,19.5117,0,0,19.959166,391418443
19.718976,80.8594,19.5117,19.5117,0,0,19.959166,391418443
19.720957,80.8594,19.5117,19.5117,0,0,19.959166,391418443
19.723039,80.8594,19.5117,19.5117,0,0,19.959166,391418443
19.725040,80.8594,19.5117,19.5117,0,0,19.959166,391418443
19.727018,80.8594,19.5117,19.5117,0,0,19.959166,391418443
19.728960,80.8594,19.5117,19.5117,0,0,19.959166,391418443
19.730989,80.8594,19.5117,19.5117,0,0,19.959166,391418443
19.732979,80.8594,19.5117,19.5117,0,0,19.959166,391418443
19.734970,80.8594,19.6875,19.6875,0,0,19.959166,391418443
19.736966,80.8594,19.6875,19.6875,0,0,19.959166,391418443
19.739022,80.8594,19.6875,19.6875,0,0,19.959166,391418443
19.741034,80.8594,19.6875,19.6875,0,0,19.959166,391418443
19.743030,80.8594,19.6875,19.6875,0,0,19.959166,391418443
19.745037,80.8594,19.6875,19.6875,0,0,19.959166,391418443
19.747007,80.8594,19.6875,19.6875,0,0,19.959166,391418443
19.749007,80.8594,19.6875,19.6875,0,0,19.959166,391418443
19.751023,80.8594,19.6875,19.6875,0,0,19.959166,391418443
19.753022,80.8594,19.6875,19.6875,0,0,19.959166,391418443
19.755018,80.8594,19.6875,19.6875,0,0,19.959166,391418443
19.757018,80.8594,19.6875,19.6875,0,0,19.959166,391418443
19.759015,80.8594,19.6875,19.6875,0,0,19.959166,391418443
19.763897,80.8594,19.6875,19.6875,0,0,19.959166,391418443
19.764220,80.8594,19.6875,19.6875,0,0,19.959166,391418443
19.765000,80.8594,19.6875,19.6875,0,0,19.959166,391418443
19.766992,80.8594,19.6875,19.6875,0,0,19.959166,391418443
19.768972,80.8594,19.6875,19.6875,0,0,19.959166,391418443
19.770962,80.8594,19.6875,19.6875,0,0,19.959166,391418443
19.773030,80.8594,19.6875,19.6875,0,0,19.959166,391418443
19.775018,80.8594,19.8633,19.8633,0,0,19.959166,391418443
19.777001,80.8594,19.8633,19.8633,0,0,19.959166,391418443
19.778992,80.8594,19.8633,19.8633,0,0,19.959166,391418443
19.780972,80.8594,19.8633,19.8633,0,0,19.959166,391418443
19.782962,80.8594,19.8633,19.8633,0,0,19.959166,391418443
19.785030,80.8594,19.8633,19.8633,0,0,19.959166,391418443
19.787018,80.8594,19.8633,19.8633,0,0,19.959166,391418443
19.789001,80.8594,19.8633,19.8633,0,0,19.959166,391418443
19.790992,80.8594,19.8633,19.8633,0,0,19.959166,391418443
19.792972,80.8594,19.8633,19.8633,0,0,19.959166,391418443
19.794962,80.8594,19.8633,19.8633,0,0,19.959166,391418443
19.797030,80.8594,19.8633,19.8633,0,0,19.959166,391418443
19.799018,80.8594,19.8633,19.8633,0,0,19.959166,391418443
19.801001,80.8594,19.8633,19.8633,0,0,19.959166,391418443
19.802992,80.8594,19.8633,19.8633,0,0,19.959166,391418443
19.804972,80.8594,19.8633,19.8633,0,0,19.959166,391418443
19.806962,80.8594,19.8633,19.8633,0,0,19.959166,391418443
19.809030,80.8594,19.8633,19.8633,0,0,19.959166,391418443
19.811018,80.8594,19.8633,19.8633,0,0,19.959166,391418443
19.813001,80.8594,19.8633,19.8633,0,0,19.959166,391418443
19.814992,80.8594,19.8633,19.8633,0,0,19.959166,391418443
19.816972,80.8594,19.8633,19.8633,0,0,19.959166,391418443
19.818962,80.8594,19.8633,19.8633,0,0,19.959166,391418443
19.821030,80.8594,19.8633,19.8633,0,0,19.959166,391418443
19.823031,80.8594,19.8633,19.8633,0,0,19.959166,391418443
19.825015,80.8594,19.8633,19.8633,0,0,19.959166,391418443
19.827003,80.8594,19.8633,19.8633,0,0,19.959166,391418443
19.828984,80.8594,19.8633,19.8633,0,0,19.959166,391418443
19.830971,80.8594,19.8633,19.8633,0,0,19.959166,391418443
19.833039,80.8594,19.8633,19.8633,0,0,19.959166,391418443
19.835030,80.8594,19.8633,19.8633,0,0,19.959166,391418443
19.837011,80.8594,19.8633,19.8633,0,0,19.959166,391418443
19.839000,80.8594,19.8633,19.8633,0,0,19.959166,391418443
19.840984,80.8594,19.8633,19.8633,0,0,19.959166,391418443
19.842971,80.8594,19.8633,19.8633,0,0,19.959166,391418443
19.845039,80.8594,19.8633,19.8633,0,0,19.959166,391418443
19.847030,80.8594,19.8633,19.8633,0,0,19.959166,391418443
19.848956,80.8594,19.8633,19.8633,0,0,19.959166,391418443
19.851030,80.8594,19.8633,19.8633,0,0,19.959166,391418443
19.853016,80.8594,19.8633,19.8633,0,0,19.959166,391418443
19.854985,80.8594,19.8633,19.8633,0,0,19.959166,391418443
19.856968,80.8594,19.8633,19.8633,0,0,19.959166,391418443
19.858956,80.8594,19.8633,19.8633,0,0,19.959166,391418443
19.863413,80.8594,19.8633,19.8633,0,0,19.959166,391418443
19.863677,80.8594,19.8633,19.8633,0,0,19.959166,391418443
19.864992,80.8594,19.8633,19.8633,0,0,19.959166,391418443
19.866990,80.8594,19.8633,19.8633,0,0,19.959166,391418443
19.868986,80.8594,19.8633,19.8633,0,0,19.959166,391418443
19.870984,80.8594,19.8633,19.8633,0,0,19.959166,391418443
19.872984,80.8594,19.8633,19.8633,0,0,19.959166,391418443
19.874984,80.8594,19.8633,19.8633,0,0,19.959166,391418443
19.876984,80.8594,19.8633,19.8633,0,0,19.959166,391418443
19.878984,80.8594,19.8633,19.8633,0,0,19.959166,391418443
19.880984,80.8594,19.8633,19.8633,0,0,19.959166,391418443
19.882984,80.8594,19.8633,19.8633,0,0,19.959166,391418443
19.884984,80.8594,19.8633,19.8633,0,0,19.959166,391418443
19.886984,80.8594,19.8633,19.8633,0,0,19.959166,391418443
19.888984,80.8594,19.8633,19.8633,0,0,19.959166,391418443
19.890984,80.8594,19.8633,19.8633,0,0,19.959166,391418443
19.892984,80.8594,19.8633,19.8633,0,0,19.959166,391418443
19.894984,80.8594,19.8633,19.8633,0,0,19.959166,391418443
19.896984,80.8594,19.8633,19.8633,0,0,19.959166,391418443
19.898984,80.8594,19.8633,19.8633,0,0,19.959166,391418443
19.900984,80.8594,19.8633,19.8633,0,0,19.959166,391418443
19.902984,80.8594,19.8633,19.8633,0,0,19.959166,391418443
19.904984,80.8594,19.8633,19.8633,0,0,19.959166,391418443
19.906984,80.8594,19.8633,19.8633,0,0,19.959166,391418443
19.908984,80.8594,19.8633,19.8633,0,0,19.959166,391418443
19.910984,80.8594,19.8633,19.8633,0,0,19.959166,391418443
19.912984,80.8594,19.8633,19.8633,0,0,19.959166,391418443
19.914984,80.8594,19.8633,19.8633,0,0,19.959166,391418443
19.917000,80.8594,19.8633,19.8633,0,0,19.959166,391418443
19.918971,80.8594,19.8633,19.8633,0,0,19.959166,391418443
19.920968,80.8594,19.8633,19.8633,0,0,19.959166,391418443
19.922984,80.8594,19.8633,19.8633,0,0,19.959166,391418443
19.924984,80.8594,19.8633,19.8633,0,0,19.959166,391418443
19.926984,80.8594,19.8633,19.8633,0,0,19.959166,391418443
19.928984,80.8594,19.6875,19.6875,0,0,19.959166,391418443
19.930984,80.8594,19.6875,19.6875,0,0,19.959166,391418443
19.932994,80.8594,19.6875,19.6875,0,0,19.959166,391418443
19.935020,80.8594,19.6875,19.6875,0,0,19.959166,391418443
19.937010,80.8594,19.6875,19.6875,0,0,19.959166,391418443
19.939029,80.8594,19.6875,19.6875,0,0,19.959166,391418443
19.940971,80.8594,19.6875,19.6875,0,0,19.959166,391418443
19.945755,80.8594,19.6875,19.6875,0,0,20.196221,391668310
19.946232,80.8594,19.6875,19.6875,0,0,20.196221,391668310
19.946959,80.8594,19.6875,19.6875,0,0,20.196221,391668310
19.949034,80.8594,19.6875,19.6875,0,0,20.196221,391668310
19.951030,80.8594,19.6875,19.6875,0,0,20.196221,391668310
19.952985,80.8594,19.6875,19.6875,0,0,20.196221,391668310
19.954984,80.8594,19.6875,19.6875,0,0,20.196221,391668310
19.956980,80.8594,19.6875,19.6875,0,0,20.196221,391668310
19.958979,80.8594,19.6875,19.6875,0,0,20.196221,391668310
19.963857,80.8594,19.6875,19.6875,0,0,20.196221,391668310
19.964148,80.8594,19.6875,19.6875,0,0,20.196221,391668310
19.965019,80.8594,19.6875,19.6875,0,0,20.196221,391668310
19.966964,80.8594,19.6875,19.6875,0,0,20.196221,391668310
19.969068,80.8594,19.6875,19.6875,0,0,20.196221,391668310
19.971002,80.8594,19.5117,19.5117,0,0,20.196221,391668310
19.973032,80.8594,19.5117,19.5117,0,0,20.196221,391668310
19.975010,80.8594,19.5117,19.5117,0,0,20.196221,391668310
19.976992,80.8594,19.5117,19.5117,0,0,20.196221,391668310
19.978984,80.8594,19.5117,19.5117,0,0,20.196221,391668310
19.980968,80.8594,19.5117,19.5117,0,0,20.196221,391668310
19.982956,80.8594,19.5117,19.5117,0,0,20.196221,391668310
19.985023,80.8594,19.5117,19.5117,0,0,20.196221,391668310
19.987015,80.8594,19.5117,19.5117,0,0,20.196221,391668310
19.988996,80.8594,19.5117,19.5117,0,0,20.196221,391668310
19.990984,80.8594,19.5117,19.5117,0,0,20.196221,391668310
19.992967,80.8594,19.5117,19.5117,0,0,20.196221,391668310
19.994956,80.8594,19.5117,19.5117,0,0,20.196221,391668310
19.997023,80.8594,19.3359,19.3359,0,0,20.196221,391668310
19.999015,80.8594,19.3359,19.3359,0,0,20.196221,391668310
20.000996,80.8594,19.3359,19.3359,0,0,20.196221,391668310
20.002984,80.8594,19.3359,19.3359,0,0,20.196221,391668310
20.004968,80.8594,19.3359,19.3359,0,0,20.196221,391668310
20.006956,80.8594,19.3359,19.3359,0,0,20.196221,391668310
20.009023,80.8594,19.3359,19.3359,0,0,20.196221,391668310
20.011015,80.8594,19.3359,19.3359,0,0,20.196221,391668310
20.012996,80.8594,19.3359,19.3359,0,0,20.196221,391668310
20.014984,80.8594,19.3359,19.3359,0,0,20.196221,391668310
20.016968,80.8594,19.3359,19.3359,0,0,20.196221,391668310
20.018956,80.8594,19.3359,19.3359,0,0,20.196221,391668310
20.021023,80.8594,19.3359,19.3359,0,0,20.196221,391668310
20.023030,80.8594,19.3359,19.3359,0,0,20.196221,391668310
20.025011,80.8594,19.3359,19.3359,0,0,20.196221,391668310
20.027000,80.8594,19.3359,19.3359,0,0,20.196221,391668310
20.028984,80.8594,19.3359,19.3359,0,0,20.196221,391668310
20.030971,80.8594,19.3359,19.3359,0,0,20.196221,391668310
20.033039,80.8594,19.1602,19.1602,0,0,20.196221,391668310
20.035030,80.8594,19.1602,19.1602,0,0,20.196221,391668310
20.037011,80.8594,19.1602,19.1602,0,0,20.196221,391668310
20.039000,80.8594,19.1602,19.1602,0,0,20.196221,391668310
20.040984,80.8594,19.1602,19.1602,0,0,20.196221,391668310
20.042971,80.8594,19.1602,19.1602,0,0,20.196221,391668310
20.045039,80.8594,19.1602,19.1602,0,0,20.196221,391668310
20.047030,80.8594,19.1602,19.1602,0,0,20.196221,391668310
20.049011,80.8594,19.1602,19.1602,0,0,20.196221,391668310
20.051000,80.8594,19.1602,19.1602,0,0,20.196221,391668310
20.053028,80.8594,19.1602,19.1602,0,0,20.196221,391668310
20.055027,80.8594,19.1602,19.1602,0,0,20.196221,391668310
20.057027,80.8594,19.1602,19.1602,0,0,20.196221,391668310
20.059017,80.8594,19.1602,19.1602,0,0,20.196221,391668310
20.063668,80.8594,19.1602,19.1602,0,0,20.196221,391668310
20.063939,80.8594,19.1602,19.1602,0,0,20.196221,391668310
20.065000,80.8594,19.1602,19.1602,0,0,20.196221,391668310
20.067000,80.8594,19.1602,19.1602,0,0,20.196221,391668310
20.069000,80.8594,19.1602,19.1602,0,0,20.196221,391668310
20.070996,80.8594,19.1602,19.1602,0,0,20.196221,391668310
20.072992,80.8594,19.1602,19.1602,0,0,20.196221,391668310
20.074992,80.8594,19.1602,19.1602,0,0,20.196221,391668310
20.076992,80.8594,19.1602,19.1602,0,0,20.196221,391668310
20.078992,80.8594,19.1602,19.1602,0,0,20.196221,391668310
20.080992,80.8594,19.1602,19.1602,0,0,20.196221,391668310
20.082992,80.8594,19.1602,19.1602,0,0,20.196221,391668310
20.084992,80.8594,19.1602,19.1602,0,0,20.196221,391668310
20.086992,80.8594,18.9844,18.9844,0,0,20.196221,391668310
20.088992,80.8594,18.9844,18.9844,0,0,20.196221,391668310
20.090992,80.8594,18.9844,18.9844,0,0,20.196221,391668310
20.092992,80.8594,18.9844,18.9844,0,0,20.196221,391668310
20.094992,80.8594,18.9844,18.9844,0,0,20.196221,391668310
20.096992,80.8594,18.9844,18.9844,0,0,20.196221,391668310
20.098992,80.8594,18.9844,18.9844,0,0,20.196221,391668310
20.100992,80.8594,18.9844,18.9844,0,0,20.196221,391668310
20.102992,80.8594,18.9844,18.9844,0,0,20.196221,391668310
20.104992,80.8594,18.9844,18.9844,0,0,20.196221,391668310
20.106992,80.8594,18.9844,18.9844,0,0,20.196221,391668310
20.108992,80.8594,18.9844,18.9844,0,0,20.196221,391668310
20.110992,80.8594,18.9844,18.9844,0,0,20.196221,391668310
20.112992,80.8594,18.9844,18.9844,0,0,20.196221,391668310
20.114992,80.8594,18.9844,18.9844,0,0,20.196221,391668310
20.116992,80.8594,18.9844,18.9844,0,0,20.196221,391668310
20.118992,80.8594,18.9844,18.9844,0,0,20.196221,391668310
20.120992,80.8594,18.9844,18.9844,0,0,20.196221,391668310
20.123000,80.8594,18.9844,18.9844,0,0,20.196221,391668310
20.125000,80.8594,18.9844,18.9844,0,0,20.196221,391668310
20.126996,80.8594,18.9844,18.9844,0,0,20.196221,391668310
20.128992,80.8594,18.9844,18.9844,0,0,20.196221,391668310
20.130992,80.8594,18.9844,18.9844,0,0,20.196221,391668310
20.132992,80.8594,18.9844,18.9844,0,0,20.196221,391668310
20.134992,80.8594,18.9844,18.9844,0,0,20.196221,391668310
20.136992,80.8594,18.9844,18.9844,0,0,20.196221,391668310
20.138992,80.8594,18.9844,18.9844,0,0,20.196221,391668310
20.140992,80.8594,18.9844,18.9844,0,0,20.196221,391668310
20.142992,80.8594,18.9844,18.9844,0,0,20.196221,391668310
20.144992,80.8594,18.9844,18.9844,0,0,20.196221,391668310
20.146992,80.8594,18.9844,18.9844,0,0,20.196221,391668310
20.148992,80.8594,18.9844,18.9844,0,0,20.196221,391668310
20.150992,80.8594,18.9844,18.9844,0,0,20.196221,391668310
20.152992,80.8594,18.9844,18.9844,0,0,20.196221,391668310
20.155026,80.8594,18.9844,18.9844,0,0,20.196221,391668310
20.157022,80.8594,18.9844,18.9844,0,0,20.196221,391668310
20.159022,80.8594,18.9844,18.9844,0,0,20.196221,391668310
20.163346,80.8594,18.9844,18.9844,0,0,20.196221,391668310
20.163602,80.8594,18.9844,18.9844,0,0,20.196221,391668310
20.164985,80.8594,18.9844,18.9844,0,0,20.196221,391668310
20.166975,80.8594,18.9844,18.9844,0,0,20.196221,391668310
20.168956,80.8594,18.9844,18.9844,0,0,20.196221,391668310
20.171030,80.8594,18.9844,18.9844,0,0,20.196221,391668310
20.173011,80.8594,18.9844,18.9844,0,0,20.196221,391668310
20.175000,80.8594,18.9844,18.9844,0,0,20.196221,391668310
20.176984,80.8594,18.9844,18.9844,0,0,20.196221,391668310
20.179033,80.8594,18.9844,18.9844,0,0,20.196221,391668310
20.180994,80.8594,18.9844,18.9844,0,0,20.196221,391668310
20.183016,80.8594,18.9844,18.9844,0,0,20.196221,391668310
20.185000,80.8594,18.9844,18.9844,0,0,20.196221,391668310
20.187018,80.8594,18.9844,18.9844,0,0,20.196221,391668310
20.189035,80.8594,18.9844,18.9844,0,0,20.196221,391668310
20.191010,80.8594,18.9844,18.9844,0,0,20.196221,391668310
20.195406,80.8594,19.1602,19.1602,0,0,20.435156,391898592
20.196007,80.8594,19.1602,19.1602,0,0,20.435156,391898592
20.197012,80.8594,19.1602,19.1602,0,0,20.435156,391898592
20.199285,80.8594,19.1602,19.1602,0,0,20.435156,391898592
20.201010,80.8594,19.1602,19.1602,0,0,20.435156,391898592
20.203015,80.8594,19.1602,19.1602,0,0,20.435156,391898592
20.205021,80.8594,19.1602,19.1602,0,0,20.435156,391898592
20.206957,80.8594,19.1602,19.1602,0,0,20.435156,391898592
20.209000,80.8594,19.1602,19.1602,0,0,20.435156,391898592
20.211023,80.8594,19.1602,19.1602,0,0,20.435156,391898592
20.212966,80.8594,19.1602,19.1602,0,0,20.435156,391898592
20.215008,80.8594,19.1602,19.1602,0,0,20.435156,391898592
20.217032,80.8594,19.1602,19.1602,0,0,20.435156,391898592
20.219000,80.8594,19.1602,19.1602,0,0,20.435156,391898592
20.221000,80.8594,19.1602,19.1602,0,0,20.435156,391898592
20.223009,80.8594,19.1602,19.1602,0,0,20.435156,391898592
20.225007,80.8594,19.1602,19.1602,0,0,20.435156,391898592
20.227003,80.8594,19.1602,19.1602,0,0,20.435156,391898592
20.229003,80.8594,19.1602,19.1602,0,0,20.435156,391898592
20.231000,80.8594,19.1602,19.1602,0,0,20.435156,391898592
20.233000,80.8594,19.1602,19.1602,0,0,20.435156,391898592
20.234996,80.8594,19.1602,19.1602,0,0,20.435156,391898592
20.236992,80.8594,19.1602,19.1602,0,0,20.435156,391898592
20.238990,80.8594,19.1602,19.1602,0,0,20.435156,391898592
20.240996,80.8594,19.1602,19.1602,0,0,20.435156,391898592
20.242992,80.8594,19.3359,19.3359,0,0,20.435156,391898592
20.244990,80.8594,19.3359,19.3359,0,0,20.435156,391898592
20.246987,80.8594,19.3359,19.3359,0,0,20.435156,391898592
20.248984,80.8594,19.3359,19.3359,0,0,20.435156,391898592
20.250984,80.8594,19.3359,19.3359,0,0,20.435156,391898592
20.252984,80.8594,19.3359,19.3359,0,0,20.435156,391898592
20.254984,80.8594,19.3359,19.3359,0,0,20.435156,391898592
20.256984,80.8594,19.3359,19.3359,0,0,20.435156,391898592
20.259038,80.8594,19.3359,19.3359,0,0,20.435156,391898592
20.263847,80.8594,19.3359,19.3359,0,0,20.435156,391898592
20.264170,80.8594,19.3359,19.3359,0,0,20.435156,391898592
20.265030,80.8594,19.3359,19.3359,0,0,20.435156,391898592
20.267018,80.8594,19.3359,19.3359,0,0,20.435156,391898592
20.269001,80.8594,19.3359,19.3359,0,0,20.435156,391898592
20.270992,80.8594,19.3359,19.3359,0,0,20.435156,391898592
20.272972,80.8594,19.3359,19.3359,0,0,20.435156,391898592
20.274962,80.8594,19.3359,19.3359,0,0,20.435156,391898592
20.277030,80.8594,19.3359,19.3359,0,0,20.435156,391898592
20.279018,80.8594,19.3359,19.3359,0,0,20.435156,391898592
20.281001,80.8594,19.3359,19.3359,0,0,20.435156,391898592
20.282992,80.8594,19.3359,19.3359,0,0,20.435156,391898592
20.284972,80.8594,19.3359,19.3359,0,0,20.435156,391898592
20.286962,80.8594,19.5117,19.5117,0,0,20.435156,391898592
20.289030,80.8594,19.5117,19.5117,0,0,20.435156,391898592
20.291018,80.8594,19.5117,19.5117,0,0,20.435156,391898592
20.293001,80.8594,19.5117,19.5117,0,0,20.435156,391898592
20.294992,80.8594,19.5117,19.5117,0,0,20.435156,391898592
20.296972,80.8594,19.5117,19.5117,0,0,20.435156,391898592
20.298962,80.8594,19.5117,19.5117,0,0,20.435156,391898592
20.301030,80.8594,19.5117,19.5117,0,0,20.435156,391898592
20.303018,80.8594,19.5117,19.5117,0,0,20.435156,391898592
20.305001,80.8594,19.5117,19.5117,0,0,20.435156,391898592
20.306992,80.8594,19.5117,19.5117,0,0,20.435156,391898592
20.308972,80.8594,19.5117,19.5117,0,0,20.435156,391898592
20.310962,80.8594,19.5117,19.5117,0,0,20.435156,391898592
20.313030,80.8594,19.6875,19.6875,0,0,20.435156,391898592
20.315018,80.8594,19.6875,19.6875,0,0,20.435156,391898592
20.317001,80.8594,19.6875,19.6875,0,0,20.435156,391898592
20.318992,80.8594,19.6875,19.6875,0,0,20.435156,391898592
20.320972,80.8594,19.6875,19.6875,0,0,20.435156,391898592
20.322976,80.8594,19.6875,19.6875,0,0,20.435156,391898592
20.324959,80.8594,19.6875,19.6875,0,0,20.435156,391898592
20.327032,80.8594,19.6875,19.6875,0,0,20.435156,391898592
20.329015,80.8594,19.6875,19.6875,0,0,20.435156,391898592
20.331007,80.8594,19.6875,19.6875,0,0,20.435156,391898592
20.332990,80.8594,19.6875,19.6875,0,0,20.435156,391898592
20.334980,80.8594,19.6875,19.6875,0,0,20.435156,391898592
20.336962,80.8594,19.6875,19.6875,0,0,20.435156,391898592
20.339039,80.8594,19.6875,19.6875,0,0,20.435156,391898592
20.341021,80.8594,19.6875,19.6875,0,0,20.435156,391898592
20.343010,80.8594,19.6875,19.6875,0,0,20.435156,391898592
20.344992,80.8594,19.6875,19.6875,0,0,20.435156,391898592
20.346980,80.8594,19.6875,19.6875,0,0,20.435156,391898592
20.348962,80.8594,19.6875,19.6875,0,0,20.435156,391898592
20.351039,80.8594,19.6875,19.6875,0,0,20.435156,391898592
20.353021,80.8594,19.6875,19.6875,0,0,20.435156,391898592
20.355010,80.8594,19.6875,19.6875,0,0,20.435156,391898592
20.356992,80.8594,19.6875,19.6875,0,0,20.435156,391898592
20.358980,80.8594,19.6875,19.6875,0,0,20.435156,391898592
20.363395,80.8594,19.6875,19.6875,0,0,20.435156,391898592
20.363673,80.8594,19.6875,19.6875,0,0,20.435156,391898592
20.364976,80.8594,19.6875,19.6875,0,0,20.435156,391898592
20.366971,80.8594,19.8633,19.8633,0,0,20.435156,391898592
20.368968,80.8594,19.8633,19.8633,0,0,20.435156,391898592
20.370967,80.8594,19.8633,19.8633,0,0,20.435156,391898592
20.372963,80.8594,19.8633,19.8633,0,0,20.435156,391898592
20.374962,80.8594,19.8633,19.8633,0,0,20.435156,391898592
20.376962,80.8594,19.8633,19.8633,0,0,20.435156,391898592
20.378962,80.8594,19.8633,19.8633,0,0,20.435156,391898592
20.380962,80.8594,19.8633,19.8633,0,0,20.435156,391898592
20.382962,80.8594,19.8633,19.8633,0,0,20.435156,391898592
20.384962,80.8594,19.8633,19.8633,0,0,20.435156,391898592
20.386962,80.8594,19.8633,19.8633,0,0,20.435156,391898592
20.388962,80.8594,19.8633,19.8633,0,0,20.435156,391898592
20.390962,80.8594,19.8633,19.8633,0,0,20.435156,391898592
20.392962,80.8594,19.8633,19.8633,0,0,20.435156,391898592
20.394962,80.8594,19.8633,19.8633,0,0,20.435156,391898592
20.396962,80.8594,19.8633,19.8633,0,0,20.435156,391898592
20.398962,80.8594,19.8633,19.8633,0,0,20.435156,391898592
20.400962,80.8594,19.8633,19.8633,0,0,20.435156,391898592
20.402962,80.8594,19.8633,19.8633,0,0,20.435156,391898592
20.404962,80.8594,19.8633,19.8633,0,0,20.435156,391898592
20.406962,80.8594,19.8633,19.8633,0,0,20.435156,391898592
20.408962,80.8594,19.8633,19.8633,0,0,20.435156,391898592
20.410962,80.8594,19.8633,19.8633,0,0,20.435156,391898592
20.412995,80.8594,19.8633,19.8633,0,0,20.435156,391898592
20.415004,80.8594,19.8633,19.8633,0,0,20.435156,391898592
20.416958,80.8594,19.8633,19.8633,0,0,20.435156,391898592
20.418980,80.8594,19.8633,19.8633,0,0,20.435156,391898592
20.420963,80.8594,19.8633,19.8633,0,0,20.435156,391898592
20.425928,80.8594,19.8633,19.8633,0,0,20.707374,392163246
20.426401,80.8594,19.8633,19.8633,0,0,20.707374,392163246
20.427035,80.8594,19.8633,19.8633,0,0,20.707374,392163246
20.429024,80.8594,19.8633,19.8633,0,0,20.707374,392163246
20.431010,80.8594,19.8633,19.8633,0,0,20.707374,392163246
20.433060,80.8594,19.8633,19.8633,0,0,20.707374,392163246
20.434968,80.8594,19.8633,19.8633,0,0,20.707374,392163246
20.436962,80.8594,19.8633,19.8633,0,0,20.707374,392163246
20.438958,80.8594,19.8633,19.8633,0,0,20.707374,392163246
20.440994,80.8594,19.8633,19.8633,0,0,20.707374,392163246
20.443029,80.8594,19.8633,19.8633,0,0,20.707374,392163246
20.445003,80.8594,19.8633,19.8633,0,0,20.707374,392163246
20.446958,80.8594,19.8633,19.8633,0,0,20.707374,392163246
20.448970,80.8594,19.8633,19.8633,0,0,20.707374,392163246
20.451004,80.8594,19.8633,19.8633,0,0,20.707374,392163246
20.452975,80.8594,19.8633,19.8633,0,0,20.707374,392163246
20.455031,80.8594,19.8633,19.8633,0,0,20.707374,392163246
20.457030,80.8594,19.8633,19.8633,0,0,20.707374,392163246
20.459029,80.8594,19.8633,19.8633,0,0,20.707374,392163246
20.464068,80.8594,19.8633,19.8633,0,0,20.707374,392163246
20.464378,80.8594,19.8633,19.8633,0,0,20.707374,392163246
20.464984,80.8594,19.8633,19.8633,0,0,20.707374,392163246
20.466971,80.8594,19.8633,19.8633,0,0,20.707374,392163246
20.468956,80.8594,19.8633,19.8633,0,0,20.707374,392163246
20.470971,80.8594,19.8633,19.8633,0,0,20.707374,392163246
20.473039,80.8594,19.8633,19.8633,0,0,20.707374,392163246
20.475030,80.8594,19.8633,19.8633,0,0,20.707374,392163246
20.477011,80.8594,19.8633,19.8633,0,0,20.707374,392163246
20.479000,80.8594,19.8633,19.8633,0,0,20.707374,392163246
20.480984,80.8594,19.8633,19.8633,0,0,20.707374,392163246
20.482971,80.8594,19.6875,19.6875,0,0,20.707374,392163246
20.485039,80.8594,19.6875,19.6875,0,0,20.707374,392163246
20.487030,80.8594,19.6875,19.6875,0,0,20.707374,392163246
20.489011,80.8594,19.6875,19.6875,0,0,20.707374,392163246
20.491000,80.8594,19.6875,19.6875,0,0,20.707374,392163246
20.492984,80.8594,19.6875,19.6875,0,0,20.707374,392163246
20.494971,80.8594,19.6875,19.6875,0,0,20.707374,392163246
20.497039,80.8594,19.6875,19.6875,0,0,20.707374,392163246
20.499030,80.8594,19.6875,19.6875,0,0,20.707374,392163246
20.501011,80.8594,19.6875,19.6875,0,0,20.707374,392163246
20.503000,80.8594,19.6875,19.6875,0,0,20.707374,392163246
20.504984,80.8594,19.6875,19.6875,0,0,20.707374,392163246
20.506971,80.8594,19.6875,19.6875,0,0,20.707374,392163246
20.509039,80.8594,19.6875,19.6875,0,0,20.707374,392163246
20.511030,80.8594,19.6875,19.6875,0,0,20.707374,392163246
20.513011,80.8594,19.6875,19.6875,0,0,20.707374,392163246
20.515000,80.8594,19.6875,19.6875,0,0,20.707374,392163246
20.516984,80.8594,19.6875,19.6875,0,0,20.707374,392163246
20.518971,80.8594,19.6875,19.6875,0,0,20.707374,392163246
20.521039,80.8594,19.6875,19.6875,0,0,20.707374,392163246
20.522956,80.8594,19.6875,19.6875,0,0,20.707374,392163246
20.525023,80.8594,19.6875,19.6875,0,0,20.707374,392163246
20.527015,80.8594,19.6875,19.6875,0,0,20.707374,392163246
20.528996,80.8594,19.6875,19.6875,0,0,20.707374,392163246
20.530984,80.8594,19.6875,19.6875,0,0,20.707374,392163246
20.532967,80.8594,19.6875,19.6875,0,0,20.707374,392163246
20.534956,80.8594,19.6875,19.6875,0,0,20.707374,392163246
20.537022,80.8594,19.5117,19.5117,0,0,20.707374,392163246
20.539011,80.8594,19.5117,19.5117,0,0,20.707374,392163246
20.540991,80.8594,19.5117,19.5117,0,0,20.707374,392163246
20.542980,80.8594,19.5117,19.5117,0,0,20.707374,392163246
20.544962,80.8594,19.5117,19.5117,0,0,20.707374,392163246
20.547039,80.8594,19.5117,19.5117,0,0,20.707374,392163246
20.549021,80.8594,19.5117,19.5117,0,0,20.707374,392163246
20.551010,80.8594,19.5117,19.5117,0,0,20.707374,392163246
20.552992,80.8594,19.5117,19.5117,0,0,20.707374,392163246
20.554980,80.8594,19.5117,19.5117,0,0,20.707374,392163246
20.556962,80.8594,19.5117,19.5117,0,0,20.707374,392163246
20.559039,80.8594,19.5117,19.5117,0,0,20.707374,392163246
20.563410,80.8594,19.5117,19.5117,0,0,20.707374,392163246
20.563678,80.8594,19.5117,19.5117,0,0,20.707374,392163246
20.565031,80.8594,19.5117,19.5117,0,0,20.707374,392163246
20.567031,80.8594,19.3359,19.3359,0,0,20.707374,392163246
20.568962,80.8594,19.3359,19.3359,0,0,20.707374,392163246
20.570959,80.8594,19.3359,19.3359,0,0,20.707374,392163246
20.572956,80.8594,19.3359,19.3359,0,0,20.707374,392163246
20.574956,80.8594,19.3359,19.3359,0,0,20.707374,392163246
20.577039,80.8594,19.3359,19.3359,0,0,20.707374,392163246
20.579039,80.8594,19.3359,19.3359,0,0,20.707374,392163246
20.581038,80.8594,19.3359,19.3359,0,0,20.707374,392163246
20.583034,80.8594,19.3359,19.3359,0,0,20.707374,392163246
20.585030,80.8594,19.3359,19.3359,0,0,20.707374,392163246
20.587029,80.8594,19.3359,19.3359,0,0,20.707374,392163246
20.589028,80.8594,19.3359,19.3359,0,0,20.707374,392163246
20.591026,80.8594,19.3359,19.3359,0,0,20.707374,392163246
20.593023,80.8594,19.3359,19.3359,0,0,20.707374,392163246
20.595022,80.8594,19.3359,19.3359,0,0,20.707374,392163246
20.597040,80.8594,19.3359,19.3359,0,0,20.707374,392163246
20.598961,80.8594,19.3359,19.3359,0,0,20.707374,392163246
20.601003,80.8594,19.3359,19.3359,0,0,20.707374,392163246
20.603042,80.8594,19.3359,19.3359,0,0,20.707374,392163246
20.605037,80.8594,19.3359,19.3359,0,0,20.707374,392163246
20.606980,80.8594,19.3359,19.3359,0,0,20.707374,392163246
20.609018,80.8594,19.3359,19.3359,0,0,20.707374,392163246
20.611018,80.8594,19.3359,19.3359,0,0,20.707374,392163246
20.613015,80.8594,19.3359,19.3359,0,0,20.707374,392163246
20.615015,80.8594,19.1602,19.1602,0,0,20.707374,392163246
20.617021,80.8594,19.1602,19.1602,0,0,20.707374,392163246
20.619432,80.8594,19.1602,19.1602,0,0,20.707374,392163246
20.632747,80.8594,19.1602,19.1602,0,0,20.707374,392163246
20.634796,80.8594,19.1602,19.1602,0,0,20.707374,392163246
20.636768,80.8594,19.1602,19.1602,0,0,20.707374,392163246
20.638761,80.8594,19.1602,19.1602,0,0,20.707374,392163246
20.640826,80.8594,19.1602,19.1602,0,0,20.707374,392163246
20.642805,80.8594,19.1602,19.1602,0,0,20.707374,392163246
20.644821,80.8594,19.1602,19.1602,0,0,20.707374,392163246
20.646818,80.8594,19.1602,19.1602,0,0,20.707374,392163246
20.648797,80.8594,19.1602,19.1602,0,0,20.707374,392163246
20.650796,80.8594,19.1602,19.1602,0,0,20.707374,392163246
20.652777,80.8594,19.1602,19.1602,0,0,20.707374,392163246
20.654774,80.8594,19.1602,19.1602,0,0,20.707374,392163246
20.656813,80.8594,19.1602,19.1602,0,0,20.707374,392163246
20.659133,80.8594,19.1602,19.1602,0,0,20.707374,392163246
20.664564,80.8594,19.1602,19.1602,0,0,20.707374,392163246
20.664851,80.8594,19.1602,19.1602,0,0,20.707374,392163246
20.665036,80.8594,19.1602,19.1602,0,0,20.707374,392163246
20.666774,80.8594,19.1602,19.1602,0,0,20.707374,392163246
20.668808,80.8594,19.1602,19.1602,0,0,20.707374,392163246
20.670796,80.8594,19.1602,19.1602,0,0,20.707374,392163246
20.672776,80.8594,19.1602,19.1602,0,0,20.707374,392163246
20.674765,80.8594,19.1602,19.1602,0,0,20.707374,392163246
20.676781,80.8594,19.1602,19.1602,0,0,20.707374,392163246
20.678773,80.8594,19.1602,19.1602,0,0,20.707374,392163246
20.680778,80.8594,19.1602,19.1602,0,0,20.707374,392163246
20.682790,80.8594,19.1602,19.1602,0,0,20.707374,392163246
20.684775,80.8594,19.1602,19.1602,0,0,20.707374,392163246
20.690665,80.8594,19.1602,19.1602,0,0,20.736888,392205439
20.691173,80.8594,19.1602,19.1602,0,0,20.736888,392205439
20.691439,80.8594,19.1602,19.1602,0,0,20.736888,392205439
20.692794,80.8594,19.1602,19.1602,0,0,20.736888,392205439
20.694783,80.8594,19.1602,19.1602,0,0,20.736888,392205439
20.696796,80.8594,19.1602,19.1602,0,0,20.736888,392205439
20.698831,80.8594,19.1602,19.1602,0,0,20.736888,392205439
20.700830,80.8594,19.1602,19.1602,0,0,20.736888,392205439
20.702785,80.8594,19.1602,19.1602,0,0,20.736888,392205439
20.704784,80.8594,19.1602,19.1602,0,0,20.736888,392205439
20.706796,80.8594,19.1602,19.1602,0,0,20.736888,392205439
20.708791,80.8594,19.1602,19.1602,0,0,20.736888,392205439
20.710812,80.8594,19.1602,19.1602,0,0,20.736888,392205439
20.712808,80.8594,19.1602,19.1602,0,0,20.736888,392205439
20.714795,80.8594,19.1602,19.1602,0,0,20.736888,392205439
20.716831,80.8594,19.1602,19.1602,0,0,20.736888,392205439
20.718813,80.8594,19.1602,19.1602,0,0,20.736888,392205439
20.720826,80.8594,19.1602,19.1602,0,0,20.736888,392205439
20.722791,80.8594,19.1602,19.1602,0,0,20.736888,392205439
20.724819,80.8594,19.1602,19.1602,0,0,20.736888,392205439
20.726818,80.8594,19.1602,19.1602,0,0,20.736888,392205439
20.728761,80.8594,19.1602,19.1602,0,0,20.736888,392205439
20.732569,80.8594,19.1602,19.1602,0,0,20.773192,392235949
20.733008,80.8594,19.1602,19.1602,0,0,20.773192,392235949
20.734833,80.8594,19.1602,19.1602,0,0,20.773192,392235949
20.736758,80.8594,19.1602,19.1602,0,0,20.773192,392235949
20.738772,80.8594,19.1602,19.1602,0,0,20.773192,392235949
20.740821,80.8594,19.1602,19.1602,0,0,20.773192,392235949
20.742764,80.8594,19.1602,19.1602,0,0,20.773192,392235949
20.744828,80.8594,19.1602,19.1602,0,0,20.773192,392235949
20.747131,80.8594,19.1602,19.1602,0,0,20.773192,392235949
20.748802,80.8594,19.1602,19.1602,0,0,20.773192,392235949
20.750816,80.8594,19.1602,19.1602,0,0,20.773192,392235949
20.752769,80.8594,19.1602,19.1602,0,0,20.773192,392235949
20.754812,80.8594,19.1602,19.1602,0,0,20.773192,392235949
20.756812,80.8594,19.1602,19.1602,0,0,20.773192,392235949
20.758823,80.8594,19.1602,19.1602,0,0,20.773192,392235949
20.767402,80.8594,19.1602,19.1602,0,0,20.809793,392275409
20.767723,80.8594,19.1602,19.1602,0,0,20.809793,392275409
20.767896,80.8594,19.1602,19.1602,0,0,20.809793,392275409
20.768069,80.8594,19.1602,19.1602,0,0,20.809793,392275409
20.768761,80.8594,19.1602,19.1602,0,0,20.809793,392275409
20.770808,80.8594,19.1602,19.1602,0,0,20.809793,392275409
20.772799,80.8594,19.1602,19.1602,0,0,20.809793,392275409
20.774792,80.8594,19.1602,19.1602,0,0,20.809793,392275409
20.776782,80.8594,19.1602,19.1602,0,0,20.809793,392275409
20.778819,80.8594,19.1602,19.1602,0,0,20.809793,392275409
20.780758,80.8594,19.1602,19.1602,0,0,20.809793,392275409
20.782834,80.8594,19.1602,19.1602,0,0,20.809793,392275409
20.784823,80.8594,19.1602,19.1602,0,0,20.809793,392275409
20.786751,80.8594,19.1602,19.1602,0,0,20.809793,392275409
20.788772,80.8594,19.1602,19.1602,0,0,20.809793,392275409
20.790795,80.8594,19.1602,19.1602,0,0,20.809793,392275409
20.792755,80.8594,19.1602,19.1602,0,0,20.809793,392275409
20.794778,80.8594,19.1602,19.1602,0,0,20.809793,392275409
20.796815,80.8594,19.1602,19.1602,0,0,20.809793,392275409
20.799186,80.8594,19.1602,19.1602,0,0,20.809793,392275409
20.802670,80.8594,19.3359,19.3359,0,0,20.831952,392307482
20.803215,80.8594,19.3359,19.3359,0,0,20.831952,392307482
20.804758,80.8594,19.3359,19.3359,0,0,20.831952,392307482
20.806760,80.8594,19.3359,19.3359,0,0,20.831952,392307482
20.808828,80.8594,19.3359,19.3359,0,0,20.831952,392307482
20.810808,80.8594,19.3359,19.3359,0,0,20.831952,392307482
20.812752,80.8594,19.3359,19.3359,0,0,20.831952,392307482
20.814802,80.8594,19.3359,19.3359,0,0,20.831952,392307482
20.816822,80.8594,19.3359,19.3359,0,0,20.831952,392307482
20.818827,80.8594,19.3359,19.3359,0,0,20.831952,392307482
20.820828,80.8594,19.3359,19.3359,0,0,20.831952,392307482
20.822753,80.8594,19.3359,19.3359,0,0,20.831952,392307482
20.824747,80.8594,19.3359,19.3359,0,0,20.831952,392307482
20.826808,80.8594,19.3359,19.3359,0,0,20.831952,392307482
20.828787,80.8594,19.3359,19.3359,0,0,20.831952,392307482
20.830784,80.8594,19.3359,19.3359,0,0,20.831952,392307482
20.834406,80.8594,19.3359,19.3359,0,0,20.857101,392328161
20.834918,80.8594,19.3359,19.3359,0,0,20.857101,392328161
20.836747,80.8594,19.3359,19.3359,0,0,20.857101,392328161
20.838834,80.8594,19.3359,19.3359,0,0,20.857101,392328161
20.840787,80.8594,19.3359,19.3359,0,0,20.857101,392328161
20.842776,80.8594,19.3359,19.3359,0,0,20.857101,392328161
20.844789,80.8594,19.3359,19.3359,0,0,20.857101,392328161
20.846776,80.8594,19.3359,19.3359,0,0,20.857101,392328161
20.848774,80.8594,19.3359,19.3359,0,0,20.857101,392328161
20.850826,80.8594,19.3359,19.3359,0,0,20.857101,392328161
20.855221,80.8594,19.3359,19.3359,0,0,20.892117,392365946
20.855675,80.8594,19.3359,19.3359,0,0,20.892117,392365946
20.856753,80.8594,19.3359,19.3359,0,0,20.892117,392365946
20.858752,80.8594,19.5117,19.5117,0,0,20.892117,392365946
20.860750,80.8594,19.5117,19.5117,0,0,20.892117,392365946
20.866170,80.8594,19.5117,19.5117,0,0,20.892117,392365946
20.866565,80.8594,19.5117,19.5117,0,0,20.892117,392365946
20.866830,80.8594,19.5117,19.5117,0,0,20.892117,392365946
20.868747,80.8594,19.5117,19.5117,0,0,20.892117,392365946
20.870812,80.8594,19.5117,19.5117,0,0,20.892117,392365946
20.872803,80.8594,19.5117,19.5117,0,0,20.892117,392365946
20.874783,80.8594,19.5117,19.5117,0,0,20.892117,392365946
20.876772,80.8594,19.5117,19.5117,0,0,20.892117,392365946
20.878752,80.8594,19.5117,19.5117,0,0,20.892117,392365946
20.880824,80.8594,19.5117,19.5117,0,0,20.892117,392365946
20.882804,80.8594,19.5117,19.5117,0,0,20.892117,392365946
20.884830,80.8594,19.5117,19.5117,0,0,20.892117,392365946
20.886796,80.8594,19.5117,19.5117,0,0,20.892117,392365946
20.888757,80.8594,19.5117,19.5117,0,0,20.892117,392365946
20.893258,80.8594,19.6875,19.6875,0,0,20.925907,392391097
20.893793,80.8594,19.6875,19.6875,0,0,20.925907,392391097
20.894783,80.8594,19.6875,19.6875,0,0,20.925907,392391097
20.896797,80.8594,19.6875,19.6875,0,0,20.925907,392391097
20.898752,80.8594,19.6875,19.6875,0,0,20.925907,392391097
20.900767,80.8594,19.6875,19.6875,0,0,20.925907,392391097
20.902829,80.8594,19.6875,19.6875,0,0,20.925907,392391097
20.904750,80.8594,19.6875,19.6875,0,0,20.925907,392391097
20.906755,80.8594,19.6875,19.6875,0,0,20.925907,392391097
20.908753,80.8594,19.6875,19.6875,0,0,20.925907,392391097
20.910771,80.8594,19.6875,19.6875,0,0,20.925907,392391097
20.912758,80.8594,19.6875,19.6875,0,0,20.925907,392391097
20.918002,80.8594,19.6875,19.6875,0,0,20.976635,392441942
20.918572,80.8594,19.6875,19.6875,0,0,20.976635,392441942
20.918846,80.8594,19.6875,19.6875,0,0,20.976635,392441942
20.920876,80.8594,19.6875,19.6875,0,0,20.976635,392441942
20.922819,80.8594,19.6875,19.6875,0,0,20.976635,392441942
20.924812,80.8594,19.6875,19.6875,0,0,20.976635,392441942
20.926807,80.8594,19.6875,19.6875,0,0,20.976635,392441942
20.928830,80.8594,19.6875,19.6875,0,0,20.976635,392441942
20.930767,80.8594,19.6875,19.6875,0,0,20.976635,392441942
20.932818,80.8594,19.6875,19.6875,0,0,20.976635,392441942
20.934750,80.8594,19.6875,19.6875,0,0,20.976635,392441942
20.936810,80.8594,19.6875,19.6875,0,0,20.976635,392441942
20.938792,80.8594,19.6875,19.6875,0,0,20.976635,392441942
20.940760,80.8594,19.6875,19.6875,0,0,20.976635,392441942
20.942758,80.8594,19.6875,19.6875,0,0,20.976635,392441942
20.944758,80.8594,19.6875,19.6875,0,0,20.976635,392441942
20.946813,80.8594,19.6875,19.6875,0,0,20.976635,392441942
20.948799,80.8594,19.6875,19.6875,0,0,20.976635,392441942
20.950764,80.8594,19.6875,19.6875,0,0,20.976635,392441942
20.952772,80.8594,19.6875,19.6875,0,0,20.976635,392441942
20.954771,80.8594,19.6875,19.6875,0,0,20.976635,392441942
20.956771,80.8594,19.6875,19.6875,0,0,20.976635,392441942
20.958768,80.8594,19.6875,19.6875,0,0,20.976635,392441942
20.960764,80.8594,19.6875,19.6875,0,0,20.976635,392441942
20.969414,80.8594,19.6875,19.6875,0,0,21.011249,392478003
20.970201,80.8594,19.6875,19.6875,0,0,21.011249,392478003
20.970481,80.8594,19.6875,19.6875,0,0,21.011249,392478003
20.970731,80.8594,19.6875,19.6875,0,0,21.011249,392478003
20.970981,80.8594,19.6875,19.6875,0,0,21.011249,392478003
20.972758,80.8594,19.6875,19.6875,0,0,21.011249,392478003
20.974820,80.8594,19.6875,19.6875,0,0,21.011249,392478003
20.976818,80.8594,19.6875,19.6875,0,0,21.011249,392478003
20.978815,80.8594,19.6875,19.6875,0,0,21.011249,392478003
20.980813,80.8594,19.6875,19.6875,0,0,21.011249,392478003
20.982772,80.8594,19.6875,19.6875,0,0,21.011249,392478003
20.984827,80.8594,19.6875,19.6875,0,0,21.011249,392478003
20.986847,80.8594,19.6875,19.6875,0,0,21.011249,392478003
20.988780,80.8594,19.6875,19.6875,0,0,21.011249,392478003
20.990783,80.8594,19.6875,19.6875,0,0,21.011249,392478003
20.992781,80.8594,19.6875,19.6875,0,0,21.011249,392478003
20.994812,80.8594,19.6875,19.6875,0,0,21.011249,392478003
20.996807,80.8594,19.6875,19.6875,0,0,21.011249,392478003
20.998804,80.8594,19.6875,19.6875,0,0,21.011249,392478003
21.000807,80.8594,19.6875,19.6875,0,0,21.011249,392478003
21.005125,80.8594,19.6875,19.6875,0,0,21.042334,392514519
21.005605,80.8594,19.6875,19.6875,0,0,21.042334,392514519
21.006768,80.8594,19.6875,19.6875,0,0,21.042334,392514519
21.008753,80.8594,19.6875,19.6875,0,0,21.042334,392514519
21.010796,80.8594,19.6875,19.6875,0,0,21.042334,392514519
21.012790,80.8594,19.6875,19.6875,0,0,21.042334,392514519
21.014786,80.8594,19.6875,19.6875,0,0,21.042334,392514519
21.016783,80.8594,19.6875,19.6875,0,0,21.042334,392514519
21.018815,80.8594,19.6875,19.6875,0,0,21.042334,392514519
21.020763,80.8594,19.6875,19.6875,0,0,21.042334,392514519
21.022791,80.8594,19.6875,19.6875,0,0,21.042334,392514519
21.024813,80.8594,19.6875,19.6875,0,0,21.042334,392514519
21.026775,80.8594,19.6875,19.6875,0,0,21.042334,392514519
21.028794,80.8594,19.6875,19.6875,0,0,21.042334,392514519
21.030791,80.8594,19.6875,19.6875,0,0,21.042334,392514519
21.032814,80.8594,19.6875,19.6875,0,0,21.042334,392514519
21.034813,80.8594,19.6875,19.6875,0,0,21.042334,392514519
21.036759,80.8594,19.6875,19.6875,0,0,21.042334,392514519
21.041461,80.8594,19.6875,19.6875,0,0,21.081414,392550841
21.042008,80.8594,19.6875,19.6875,0,0,21.081414,392550841
21.042757,80.8594,19.6875,19.6875,0,0,21.081414,392550841
21.044782,80.8594,19.6875,19.6875,0,0,21.081414,392550841
21.046794,80.8594,19.6875,19.6875,0,0,21.081414,392550841
21.048818,80.8594,19.6875,19.6875,0,0,21.081414,392550841
21.050823,80.8594,19.6875,19.6875,0,0,21.081414,392550841
21.052831,80.8594,19.6875,19.6875,0,0,21.081414,392550841
21.054751,80.8594,19.6875,19.6875,0,0,21.081414,392550841
21.056818,80.8594,19.6875,19.6875,0,0,21.081414,392550841
21.058757,80.8594,19.6875,19.6875,0,0,21.081414,392550841
21.060773,80.8594,19.6875,19.6875,0,0,21.081414,392550841
21.066234,80.8594,19.6875,19.6875,0,0,21.081414,392550841
21.066721,80.8594,19.6875,19.6875,0,0,21.081414,392550841
21.066950,80.8594,19.6875,19.6875,0,0,21.081414,392550841
21.068780,80.8594,19.6875,19.6875,0,0,21.081414,392550841
21.070760,80.8594,19.6875,19.6875,0,0,21.081414,392550841
21.072817,80.8594,19.6875,19.6875,0,0,21.081414,392550841
21.078326,80.8594,19.6875,19.6875,0,0,21.107537,392580724
21.078819,80.8594,19.6875,19.6875,0,0,21.107537,392580724
21.079071,80.8594,19.6875,19.6875,0,0,21.107537,392580724
21.080762,80.8594,19.6875,19.6875,0,0,21.107537,392580724
21.082781,80.8594,19.6875,19.6875,0,0,21.107537,392580724
21.084782,80.8594,19.6875,19.6875,0,0,21.107537,392580724
21.086752,80.8594,19.6875,19.6875,0,0,21.107537,392580724
21.088766,80.8594,19.6875,19.6875,0,0,21.107537,392580724
21.090826,80.8594,19.6875,19.6875,0,0,21.107537,392580724
21.092790,80.8594,19.6875,19.6875,0,0,21.107537,392580724
21.094805,80.8594,19.6875,19.6875,0,0,21.107537,392580724
21.096784,80.8594,19.5117,19.5117,0,0,21.107537,392580724
21.098794,80.8594,19.5117,19.5117,0,0,21.107537,392580724
21.100791,80.8594,19.5117,19.5117,0,0,21.107537,392580724
21.102827,80.8594,19.5117,19.5117,0,0,21.107537,392580724
21.104788,80.8594,19.5117,19.5117,0,0,21.154732,392605940
21.108088,80.8594,19.5117,19.5117,0,0,21.154732,392605940
21.108794,80.8594,19.5117,19.5117,0,0,21.154732,392605940
21.110800,80.8594,19.5117,19.5117,0,0,21.154732,392605940
21.112834,80.8594,19.5117,19.5117,0,0,21.154732,392605940
21.114834,80.8594,19.5117,19.5117,0,0,21.154732,392605940
21.117210,80.8594,19.5117,19.5117,0,0,21.154732,392605940
21.118822,80.8594,19.5117,19.5117,0,0,21.154732,392605940
21.120825,80.8594,19.5117,19.5117,0,0,21.154732,392605940
21.122829,80.8594,19.5117,19.5117,0,0,21.154732,392605940
21.124825,80.8594,19.5117,19.5117,0,0,21.154732,392605940
21.126753,80.8594,19.5117,19.5117,0,0,21.154732,392605940
21.128751,80.8594,19.5117,19.5117,0,0,21.154732,392605940
21.132873,80.8594,19.5117,19.5117,0,0,21.198868,392665460
21.133411,80.8594,19.5117,19.5117,0,0,21.198868,392665460
21.134798,80.8594,19.5117,19.5117,0,0,21.198868,392665460
21.136780,80.8594,19.5117,19.5117,0,0,21.198868,392665460
21.138791,80.8594,19.3359,19.3359,0,0,21.198868,392665460
21.140787,80.8594,19.3359,19.3359,0,0,21.198868,392665460
21.142804,80.8594,19.3359,19.3359,0,0,21.198868,392665460
21.144799,80.8594,19.3359,19.3359,0,0,21.198868,392665460
21.146819,80.8594,19.3359,19.3359,0,0,21.198868,392665460
21.148813,80.8594,19.3359,19.3359,0,0,21.198868,392665460
21.150807,80.8594,19.3359,19.3359,0,0,21.198868,392665460
21.152803,80.8594,19.3359,19.3359,0,0,21.198868,392665460
21.154828,80.8594,19.3359,19.3359,0,0,21.198868,392665460
21.156822,80.8594,19.3359,19.3359,0,0,21.198868,392665460
21.158820,80.8594,19.3359,19.3359,0,0,21.198868,392665460
21.160815,80.8594,19.3359,19.3359,0,0,21.198868,392665460
21.166961,80.8594,19.3359,19.3359,0,0,21.198868,392665460
21.167505,80.8594,19.3359,19.3359,0,0,21.198868,392665460
21.167705,80.8594,19.3359,19.3359,0,0,21.198868,392665460
21.168773,80.8594,19.3359,19.3359,0,0,21.198868,392665460
21.170811,80.8594,19.3359,19.3359,0,0,21.198868,392665460
21.172760,80.8594,19.3359,19.3359,0,0,21.198868,392665460
21.174829,80.8594,19.3359,19.3359,0,0,21.198868,392665460
21.176820,80.8594,19.3359,19.3359,0,0,21.198868,392665460
21.178807,80.8594,19.3359,19.3359,0,0,21.198868,392665460
21.180829,80.8594,19.3359,19.3359,0,0,21.198868,392665460
21.182813,80.8594,19.3359,19.3359,0,0,21.198868,392665460
21.184756,80.8594,19.3359,19.3359,0,0,21.198868,392665460
21.186764,80.8594,19.3359,19.3359,0,0,21.198868,392665460
21.189276,80.8594,19.3359,19.3359,0,0,21.198868,392665460
21.192823,80.8594,19.3359,19.3359,0,0,21.231812,392702473
21.193324,80.8594,19.3359,19.3359,0,0,21.231812,392702473
21.194766,80.8594,19.3359,19.3359,0,0,21.231812,392702473
21.196764,80.8594,19.3359,19.3359,0,0,21.231812,392702473
21.198760,80.8594,19.3359,19.3359,0,0,21.231812,392702473
21.200782,80.8594,19.3359,19.3359,0,0,21.231812,392702473
21.202781,80.8594,19.3359,19.3359,0,0,21.231812,392702473
21.204776,80.8594,19.1602,19.1602,0,0,21.231812,392702473
21.206756,80.8594,19.1602,19.1602,0,0,21.231812,392702473
21.208768,80.8594,19.1602,19.1602,0,0,21.231812,392702473
21.210756,80.8594,19.1602,19.1602,0,0,21.231812,392702473
21.212816,80.8594,19.1602,19.1602,0,0,21.231812,392702473
21.214782,80.8594,19.1602,19.1602,0,0,21.231812,392702473
21.216811,80.8594,19.1602,19.1602,0,0,21.231812,392702473
21.218798,80.8594,19.1602,19.1602,0,0,21.231812,392702473
21.220749,80.8594,19.1602,19.1602,0,0,21.231812,392702473
21.222758,80.8594,19.1602,19.1602,0,0,21.231812,392702473
21.224819,80.8594,19.1602,19.1602,0,0,21.231812,392702473
21.229587,80.8594,19.1602,19.1602,0,0,21.265784,392734816
21.230043,80.8594,19.1602,19.1602,0,0,21.265784,392734816
21.230772,80.8594,19.1602,19.1602,0,0,21.265784,392734816
21.232779,80.8594,19.1602,19.1602,0,0,21.265784,392734816
21.234818,80.8594,19.1602,19.1602,0,0,21.265784,392734816
21.236761,80.8594,19.1602,19.1602,0,0,21.265784,392734816
21.238813,80.8594,19.1602,19.1602,0,0,21.265784,392734816
21.240800,80.8594,19.1602,19.1602,0,0,21.265784,392734816
21.242759,80.8594,19.1602,19.1602,0,0,21.265784,392734816
21.244780,80.8594,19.1602,19.1602,0,0,21.265784,392734816
21.246753,80.8594,19.1602,19.1602,0,0,21.265784,392734816
21.248752,80.8594,19.1602,19.1602,0,0,21.265784,392734816
21.250749,80.8594,19.1602,19.1602,0,0,21.265784,392734816
21.252761,80.8594,19.1602,19.1602,0,0,21.265784,392734816
21.254809,80.8594,19.1602,19.1602,0,0,21.265784,392734816
21.256758,80.8594,19.1602,19.1602,0,0,21.265784,392734816
21.258791,80.8594,19.1602,19.1602,0,0,21.265784,392734816
