t_s,th_deg,al_deg,pwm,mode
0.0000,-2.285,-43.594,0,0
0.0005,-2.285,-43.594,0,0
0.0007,-2.285,-43.594,0,0
0.0023,-2.285,-43.594,0,0
0.0042,-2.285,-43.594,0,0
0.0062,-2.285,-43.594,0,0
0.0082,-2.285,-43.594,0,0
0.0101,-2.285,-43.594,0,0
0.0121,-2.285,-43.594,0,0
0.0141,-2.285,-43.594,0,0
0.0161,-2.285,-43.594,0,0
0.0182,-2.285,-43.594,0,0
0.0202,-2.285,-43.594,0,0
0.0222,-2.285,-43.594,0,0
0.0247,-2.285,-43.594,0,0
0.0262,-2.285,-43.594,0,0
0.0282,-2.285,-43.594,0,0
0.0301,-2.285,-43.594,0,0
0.0321,-2.285,-43.594,0,0
0.0341,-2.285,-43.594,0,0
0.0380,-2.285,-43.594,0,0
0.0384,-2.285,-43.594,0,0
0.0401,-2.285,-43.594,0,0
0.0569,-2.285,-43.594,0,5
0.0591,-2.285,-43.594,0,5
0.0610,-2.285,-43.594,0,5
0.0630,-2.285,-43.594,0,5
0.0649,-2.285,-43.594,0,5
0.0669,-2.285,-43.594,0,5
0.0689,-2.285,-43.594,0,5
0.0710,-2.285,-43.594,0,5
0.0730,-2.285,-43.594,0,5
0.0750,-2.285,-43.594,0,5
0.0769,-2.285,-43.594,0,5
0.0790,-2.285,-43.594,0,5
0.0809,-2.285,-43.594,0,5
0.0830,-2.285,-43.594,0,5
0.0850,-2.285,-43.594,0,5
0.0870,-2.285,-43.594,0,5
0.0890,-2.285,-43.594,0,5
0.0911,-2.285,-43.594,0,5
0.0929,-2.285,-43.594,0,5
0.0949,-2.285,-43.594,0,5
0.0969,-2.285,-43.594,0,5
0.0989,-2.285,-43.594,0,5
0.1010,-2.285,-43.594,0,5
0.1030,-2.285,-43.594,0,5
0.1050,-2.285,-43.594,0,5
0.1070,-2.285,-43.594,0,5
0.1090,-2.285,-43.594,0,5
0.1110,-2.285,-43.594,0,5
0.1130,-2.285,-43.594,0,5
0.1150,-2.285,-43.594,0,5
0.1170,-2.285,-43.594,0,5
0.1190,-2.285,-43.594,0,5
0.1209,-2.285,-43.594,0,5
0.1229,-2.285,-43.594,0,5
0.1249,-2.285,-43.594,0,5
0.1269,-2.285,-43.594,0,5
0.1290,-2.285,-43.594,0,5
0.1310,-2.285,-43.594,0,5
0.1330,-2.285,-43.594,0,5
0.1350,-2.285,-43.594,0,5
0.1381,-2.285,-43.594,0,5
0.1389,-2.285,-43.594,0,5
0.1409,-2.285,-43.594,0,5
0.1429,-2.285,-43.594,0,5
0.1449,-2.285,-43.594,0,5
0.1470,-2.285,-43.594,0,5
0.1490,-2.285,-43.594,0,5
0.1510,-2.285,-43.594,0,5
0.1530,-2.285,-43.594,0,5
0.1550,-2.285,-43.594,0,5
0.1570,-2.285,-43.594,0,5
0.1590,-2.285,-43.594,0,5
0.1610,-2.285,-43.594,0,5
0.1630,-2.285,-43.594,0,5
0.1650,-2.285,-43.594,0,5
0.1670,-2.285,-43.594,0,5
0.1689,-2.285,-43.594,0,5
0.1709,-2.285,-43.594,0,5
0.1729,-2.285,-43.594,0,5
0.1749,-2.285,-43.594,0,5
0.1770,-2.285,-43.594,0,5
0.1790,-2.285,-43.594,0,5
0.1810,-2.285,-43.594,0,5
0.1830,-2.285,-43.594,0,5
0.1849,-2.285,-43.594,0,5
0.1869,-2.285,-43.594,0,5
0.1889,-2.285,-43.594,0,5
0.1910,-2.285,-43.594,0,5
0.1930,-2.285,-43.594,0,5
0.1950,-2.285,-43.594,0,5
0.1970,-2.285,-43.594,0,5
0.1997,-2.285,-43.594,0,5
0.2011,-2.285,-43.594,0,5
0.2031,-2.285,-43.594,0,5
0.2049,-2.285,-43.594,0,5
0.2069,-2.285,-43.594,0,5
0.2089,-2.285,-43.594,0,5
0.2109,-2.285,-43.594,0,5
0.2129,-2.285,-43.594,0,5
0.2150,-2.285,-43.594,0,5
0.2169,-2.285,-43.594,0,5
0.2189,-2.285,-43.594,0,5
0.2210,-2.285,-43.594,0,5
0.2229,-2.285,-43.594,0,5
0.2249,-2.285,-43.594,0,5
0.2270,-2.285,-43.594,0,5
0.2290,-2.285,-43.594,0,5
0.2310,-2.285,-43.594,0,5
0.2330,-2.285,-43.594,0,5
0.2350,-2.285,-43.594,0,5
0.2377,-2.285,-43.594,0,5
0.2390,-2.285,-43.594,0,5
0.2410,-2.285,-43.594,0,5
0.2430,-2.285,-43.594,0,5
0.2450,-2.285,-43.594,0,5
0.2470,-2.285,-43.594,0,5
0.2490,-2.285,-43.594,0,5
0.2510,-2.285,-43.594,0,5
0.2530,-2.285,-43.594,0,5
0.2550,-2.285,-43.594,0,5
0.2570,-2.285,-43.594,0,5
0.2589,-2.285,-43.594,0,5
0.2609,-2.285,-43.594,0,5
0.2629,-2.285,-43.594,0,5
0.2649,-2.285,-43.594,0,5
0.2669,-2.285,-43.594,0,5
0.2690,-2.285,-43.594,0,5
0.2710,-2.285,-43.594,0,5
0.2730,-2.285,-43.594,0,5
0.2749,-2.285,-43.594,0,5
0.2769,-2.285,-43.594,0,5
0.2790,-2.285,-43.594,0,5
0.2810,-2.285,-43.594,0,5
0.2830,-2.285,-43.594,0,5
0.2850,-2.285,-43.594,0,5
0.2870,-2.285,-43.594,0,5
0.2890,-2.285,-43.594,0,5
0.2910,-2.285,-43.594,0,5
0.2930,-2.285,-43.594,0,5
0.2950,-2.285,-43.594,0,5
0.2970,-2.285,-43.594,0,5
0.2989,-2.285,-43.594,0,5
0.3009,-2.285,-43.594,0,5
0.3029,-2.285,-43.594,0,5
0.3049,-2.285,-43.594,0,5
0.3069,-2.285,-43.594,0,5
0.3090,-2.285,-43.594,0,5
0.3110,-2.285,-43.594,0,5
0.3129,-2.285,-43.594,0,5
0.3149,-2.285,-43.594,0,5
0.3169,-2.285,-43.594,0,5
0.3190,-2.285,-43.594,0,5
0.3210,-2.285,-43.594,0,5
0.3230,-2.285,-43.594,0,5
0.3250,-2.285,-43.594,0,5
0.3270,-2.285,-43.594,0,5
0.3290,-2.285,-43.594,0,5
0.3310,-2.285,-43.594,0,5
0.3330,-2.285,-43.594,0,5
0.3350,-2.285,-43.594,0,5
0.3376,-2.285,-43.594,0,5
0.3389,-2.285,-43.594,0,5
0.3410,-2.285,-43.594,0,5
0.3429,-2.285,-43.594,0,5
0.3449,-2.285,-43.594,0,5
0.3469,-2.285,-43.594,0,5
0.3489,-2.285,-43.594,0,5
0.3509,-2.285,-43.594,0,5
0.3530,-2.285,-43.594,0,5
0.3550,-2.285,-43.594,0,5
0.3570,-2.285,-43.594,0,5
0.3590,-2.285,-43.594,0,5
0.3610,-2.285,-43.594,0,5
0.3630,-2.285,-43.594,0,5
0.3650,-2.285,-43.594,0,5
0.3670,-2.285,-43.594,0,5
0.3690,-2.285,-43.594,0,5
0.3710,-2.285,-43.594,0,5
0.3730,-2.285,-43.594,0,5
0.3749,-2.285,-43.594,0,5
0.3769,-2.285,-43.594,0,5
0.3789,-2.285,-43.594,0,5
0.3809,-2.285,-43.594,0,5
0.3830,-2.285,-43.594,0,5
0.3849,-2.285,-43.594,0,5
0.3869,-2.285,-43.594,0,5
0.3889,-2.285,-43.594,0,5
0.3909,-2.285,-43.594,0,5
0.3930,-2.285,-43.594,0,5
0.3950,-2.285,-43.594,0,5
0.3970,-2.285,-43.594,0,5
0.3990,-2.285,-43.594,0,5
0.4010,-2.285,-43.594,0,5
0.4030,-2.285,-43.594,0,5
0.4050,-2.285,-43.594,0,5
0.4070,-2.285,-43.594,0,5
0.4090,-2.285,-43.594,0,5
0.4110,-2.285,-43.594,0,5
0.4130,-2.285,-43.594,0,5
0.4150,-2.285,-43.594,0,5
0.4169,-2.285,-43.594,0,5
0.4189,-2.285,-43.594,0,5
0.4209,-2.285,-43.594,0,5
0.4229,-2.285,-43.594,0,5
0.4250,-2.285,-43.594,0,5
0.4270,-2.285,-43.594,0,5
0.4290,-2.285,-43.594,0,5
0.4310,-2.285,-43.594,0,5
0.4330,-2.285,-43.594,0,5
0.4350,-2.285,-43.594,0,5
0.4377,-2.285,-43.594,0,5
0.4390,-2.285,-43.594,0,5
0.4410,-2.285,-43.594,0,5
0.4456,-2.285,-43.594,0,5
0.4463,-2.285,-43.594,0,5
0.4471,-2.285,-43.594,0,5
0.4491,-2.285,-43.594,0,5
0.4510,-2.285,-43.594,0,5
0.4530,-2.285,-43.594,0,5
0.4550,-2.285,-43.594,0,5
0.4570,-2.285,-43.594,0,5
0.4590,-2.285,-43.594,0,5
0.4610,-2.285,-43.594,0,5
0.4629,-2.285,-43.594,0,5
0.4649,-2.285,-43.594,0,5
0.4669,-2.285,-43.594,0,5
0.4690,-2.285,-43.594,0,5
0.4709,-2.285,-43.594,0,5
0.4729,-2.285,-43.594,0,5
0.4750,-2.285,-43.594,0,5
0.4770,-2.285,-43.594,0,5
0.4790,-2.285,-43.594,0,5
0.4810,-2.285,-43.594,0,5
0.4830,-2.285,-43.594,0,5
0.4850,-2.285,-43.594,0,5
0.4870,-2.285,-43.594,0,5
0.4890,-2.285,-43.594,0,5
0.4910,-2.285,-43.594,0,5
0.4929,-2.285,-43.594,0,5
0.4949,-2.285,-43.594,0,5
0.4970,-2.285,-43.594,0,5
0.4990,-2.285,-43.594,0,5
0.5010,-2.285,-43.594,0,5
0.5031,-2.285,-43.594,0,5
0.5050,-2.285,-43.594,0,5
0.5070,-2.285,-43.594,0,5
0.5090,-2.285,-43.594,0,5
0.5110,-2.285,-43.594,0,5
0.5130,-2.285,-43.594,0,5
0.5150,-2.285,-43.594,0,5
0.5170,-2.285,-43.594,0,5
0.5190,-2.285,-43.594,0,5
0.5210,-2.285,-43.594,0,5
0.5230,-2.285,-43.594,0,5
0.5250,-2.285,-43.594,0,5
0.5270,-2.285,-43.594,0,5
0.5290,-2.285,-43.594,0,5
0.5309,-2.285,-43.594,0,5
0.5330,-2.285,-43.594,0,5
0.5349,-2.285,-43.594,0,5
0.5380,-2.285,-43.594,0,5
0.5390,-2.285,-43.594,0,5
0.5410,-2.285,-43.594,0,5
0.5431,-2.285,-43.594,0,5
0.5450,-2.285,-43.594,0,5
0.5470,-2.285,-43.594,0,5
0.5489,-2.285,-43.594,0,5
0.5509,-2.285,-43.594,0,5
0.5530,-2.285,-43.594,0,5
0.5550,-2.285,-43.594,0,5
0.5570,-2.285,-43.594,0,5
0.5590,-2.285,-43.594,0,5
0.5610,-2.285,-43.594,0,5
0.5630,-2.285,-43.594,0,5
0.5650,-2.285,-43.594,0,5
0.5670,-2.285,-43.594,0,5
0.5690,-2.285,-43.594,0,5
0.5710,-2.285,-43.594,0,5
0.5730,-2.285,-43.594,0,5
0.5750,-2.285,-43.594,0,5
0.5770,-2.285,-43.594,0,5
0.5790,-2.285,-43.594,0,5
0.5810,-2.285,-43.594,0,5
0.5830,-2.285,-43.594,0,5
0.5850,-2.285,-43.594,0,5
0.5870,-2.285,-43.594,0,5
0.5890,-2.285,-43.594,0,5
0.5910,-2.285,-43.594,0,5
0.5929,-2.285,-43.594,0,5
0.5949,-2.285,-43.594,0,5
0.5969,-2.285,-43.594,0,5
0.5989,-2.285,-43.594,0,5
0.6009,-2.285,-43.594,0,5
0.6030,-2.285,-43.594,0,5
0.6050,-2.285,-43.594,0,5
0.6070,-2.285,-43.594,0,5
0.6090,-2.285,-43.594,0,5
0.6110,-2.285,-43.594,0,5
0.6130,-2.285,-43.594,0,5
0.6150,-2.285,-43.594,0,5
0.6169,-2.285,-43.594,0,5
0.6190,-2.285,-43.594,0,5
0.6210,-2.285,-43.594,0,5
0.6230,-2.285,-43.594,0,5
0.6250,-2.285,-43.594,0,5
0.6270,-2.285,-43.594,0,5
0.6290,-2.285,-43.594,0,5
0.6310,-2.285,-43.594,0,5
0.6330,-2.285,-43.594,0,5
0.6350,-2.285,-43.594,0,5
0.6377,-2.285,-43.594,0,5
0.6390,-2.285,-43.594,0,5
0.6410,-2.285,-43.594,0,5
0.6430,-2.285,-43.594,0,5
0.6450,-2.285,-43.594,0,5
0.6470,-2.285,-43.594,0,5
0.6490,-2.285,-43.594,0,5
0.6510,-2.285,-43.594,0,5
0.6529,-2.285,-43.594,0,5
0.6688,-2.285,-43.594,0,5
0.6709,-2.285,-43.594,0,5
0.6731,-2.285,-43.594,0,5
0.6749,-2.285,-43.594,0,5
0.6769,-2.285,-43.594,0,5
0.6789,-2.285,-43.594,0,5
0.6809,-2.285,-43.594,0,5
0.6830,-2.285,-43.594,0,5
0.6849,-2.285,-43.594,0,5
0.6868,-2.285,-43.594,0,5
0.6890,-2.285,-43.594,0,5
0.6910,-2.285,-43.594,0,5
0.6929,-2.285,-43.594,0,5
0.6949,-2.285,-43.594,0,5
0.6969,-2.285,-43.594,0,5
0.6989,-2.285,-43.594,0,5
0.7009,-2.285,-43.594,0,5
0.7029,-2.285,-43.594,0,5
0.7049,-2.285,-43.594,0,5
0.7069,-2.285,-43.594,0,5
0.7089,-2.285,-43.594,0,5
0.7108,-2.285,-43.594,0,5
0.7129,-2.285,-43.594,0,5
0.7148,-2.285,-43.594,0,5
0.7170,-2.285,-43.594,0,5
0.7190,-2.285,-43.594,0,5
0.7210,-2.285,-43.594,0,5
0.7229,-2.285,-43.594,0,5
0.7249,-2.285,-43.594,0,5
0.7269,-2.285,-43.594,0,5
0.7289,-2.285,-43.594,0,5
0.7309,-2.285,-43.594,0,5
0.7329,-2.285,-43.594,0,5
0.7349,-2.285,-43.594,0,5
0.7380,-2.285,-43.594,0,5
0.7389,-2.285,-43.594,0,5
0.7409,-2.285,-43.594,0,5
0.7429,-2.285,-43.594,0,5
0.7449,-2.285,-43.594,0,5
0.7470,-2.285,-43.594,0,5
0.7490,-2.285,-43.594,0,5
0.7510,-2.285,-43.594,0,5
0.7529,-2.285,-43.594,0,5
0.7549,-2.285,-43.594,0,5
0.7569,-2.285,-43.594,0,5
0.7589,-2.285,-43.594,0,5
0.7609,-2.285,-43.594,0,5
0.7629,-2.285,-43.594,0,5
0.7649,-2.285,-43.594,0,5
0.7670,-2.285,-43.594,0,5
0.7689,-2.285,-43.594,0,5
0.7709,-2.285,-43.594,0,5
0.7729,-2.285,-43.594,0,5
0.7749,-2.285,-43.594,0,5
0.7769,-2.285,-43.594,0,5
0.7789,-2.285,-43.594,0,5
0.7810,-2.285,-43.594,0,5
0.7830,-2.285,-43.594,0,5
0.7849,-2.285,-43.594,0,5
0.7869,-2.285,-43.594,0,5
0.7889,-2.285,-43.594,0,5
0.7910,-2.285,-43.594,0,5
0.7930,-2.285,-43.594,0,5
0.7949,-2.285,-43.594,0,5
0.7969,-2.285,-43.594,0,5
0.7989,-2.285,-43.594,0,5
0.8009,-2.285,-43.594,0,5
0.8029,-2.285,-43.594,0,5
0.8049,-2.285,-43.594,0,5
0.8069,-2.285,-43.594,0,5
0.8089,-2.285,-43.594,0,5
0.8109,-2.285,-43.594,0,5
0.8128,-2.285,-43.594,0,5
0.8148,-2.285,-43.594,0,5
0.8169,-2.285,-43.594,0,5
0.8189,-2.285,-43.594,0,5
0.8209,-2.285,-43.594,0,5
0.8229,-2.285,-43.594,0,5
0.8249,-2.285,-43.594,0,5
0.8269,-2.285,-43.594,0,5
0.8289,-2.285,-43.594,0,5
0.8308,-2.285,-43.594,0,5
0.8328,-2.285,-43.594,0,5
0.8350,-2.285,-43.594,0,5
0.8378,-2.285,-43.594,0,5
0.8389,-2.285,-43.594,0,5
0.8409,-2.285,-43.594,0,5
0.8429,-2.285,-43.594,0,5
0.8449,-2.285,-43.594,0,5
0.8469,-2.285,-43.594,0,5
0.8489,-2.285,-43.594,0,5
0.8509,-2.285,-43.594,0,5
0.8529,-2.285,-43.594,0,5
0.8549,-2.285,-43.594,0,5
0.8569,-2.285,-43.594,0,5
0.8589,-2.285,-43.594,0,5
0.8608,-2.285,-43.594,0,5
0.8628,-2.285,-43.594,0,5
0.8650,-2.285,-43.594,0,5
0.8670,-2.285,-43.594,0,5
0.8689,-2.285,-43.594,0,5
0.8709,-2.285,-43.594,0,5
0.8729,-2.285,-43.594,0,5
0.8749,-2.285,-43.594,0,5
0.8769,-2.285,-43.594,0,5
0.8789,-2.285,-43.594,0,5
0.8809,-2.285,-43.594,0,5
0.8829,-2.285,-43.594,0,5
0.8849,-2.285,-43.594,0,5
0.8869,-2.285,-43.594,0,5
0.8890,-2.285,-43.594,0,5
0.8910,-2.285,-43.594,0,5
0.8929,-2.285,-43.594,0,5
0.8949,-2.285,-43.594,0,5
0.8969,-2.285,-43.594,0,5
0.8989,-2.285,-43.594,0,5
0.9009,-2.285,-43.594,0,5
0.9029,-2.285,-43.594,0,5
0.9049,-2.285,-43.594,0,5
0.9069,-2.285,-43.594,0,5
0.9089,-2.285,-43.594,0,5
0.9109,-2.285,-43.594,0,5
0.9129,-2.285,-43.594,0,5
0.9149,-2.285,-43.594,0,5
0.9169,-2.285,-43.594,0,5
0.9189,-2.285,-43.594,0,5
0.9209,-2.285,-43.594,0,5
0.9229,-2.285,-43.594,0,5
0.9248,-2.285,-43.594,0,5
0.9268,-2.285,-43.594,0,5
0.9290,-2.285,-43.594,0,5
0.9310,-2.285,-43.594,0,5
0.9329,-2.285,-43.594,0,5
0.9349,-2.285,-43.594,0,5
0.9377,-2.285,-43.594,0,5
0.9389,-2.285,-43.594,0,5
0.9409,-2.285,-43.594,0,5
0.9429,-2.285,-43.594,0,5
0.9449,-2.285,-43.594,0,5
0.9469,-2.285,-43.594,0,5
0.9489,-2.285,-43.594,0,5
0.9509,-2.285,-43.594,0,5
0.9529,-2.285,-43.594,0,5
0.9549,-2.285,-43.594,0,5
0.9569,-2.285,-43.594,0,5
0.9589,-2.285,-43.594,0,5
0.9609,-2.285,-43.594,0,5
0.9629,-2.285,-43.594,0,5
0.9649,-2.285,-43.594,0,5
0.9669,-2.285,-43.594,0,5
0.9689,-2.285,-43.594,0,5
0.9708,-2.285,-43.594,0,5
0.9728,-2.285,-43.594,0,5
0.9750,-2.285,-43.594,0,5
0.9770,-2.285,-43.594,0,5
0.9789,-2.285,-43.594,0,5
0.9809,-2.285,-43.594,0,5
0.9829,-2.285,-43.594,0,5
0.9849,-2.285,-43.594,0,5
0.9869,-2.285,-43.594,0,5
0.9889,-2.285,-43.594,0,5
0.9909,-2.285,-43.594,0,5
0.9929,-2.285,-43.594,0,5
0.9949,-2.285,-43.594,0,5
0.9969,-2.285,-43.594,0,5
0.9989,-2.285,-43.594,0,5
1.0009,-2.285,-43.594,0,5
1.0029,-2.285,-43.594,0,5
1.0049,-2.285,-43.594,0,5
1.0069,-2.285,-43.594,0,5
1.0089,-2.285,-43.594,0,5
1.0109,-2.285,-43.594,0,5
1.0129,-2.285,-43.594,0,5
1.0149,-2.285,-43.594,0,5
1.0169,-2.285,-43.594,0,5
1.0189,-2.285,-43.594,0,5
1.0209,-2.285,-43.594,0,5
1.0228,-2.285,-43.594,0,5
1.0248,-2.285,-43.594,0,5
1.0270,-2.285,-43.594,0,5
1.0290,-2.285,-43.594,0,5
1.0309,-2.285,-43.594,0,5
1.0329,-2.285,-43.594,0,5
1.0349,-2.285,-43.594,0,5
1.0377,-2.285,-43.594,0,5
1.0389,-2.285,-43.594,0,5
1.0409,-2.285,-43.594,0,5
1.0429,-2.285,-43.594,0,5
1.0449,-2.285,-43.594,0,5
1.0469,-2.285,0.000,0,5
1.0489,-2.285,0.000,59,5
1.0509,-2.285,0.000,59,5
1.0530,-2.285,0.000,59,5
1.0549,-2.285,0.000,59,5
1.0569,-2.285,0.000,59,5
1.0589,-2.461,0.176,59,5
1.0610,-2.461,0.176,59,5
1.0628,-2.637,0.176,59,5
1.0649,-2.637,0.352,59,5
1.0669,-2.812,0.527,59,5
1.0689,-2.812,0.527,59,5
1.0709,-2.988,0.703,59,5
1.0730,-3.164,0.879,59,5
1.0750,-3.164,0.879,59,5
1.0768,-3.340,1.055,59,5
1.0789,-3.516,1.230,59,5
1.0809,-3.691,1.406,59,5
1.0829,-3.867,1.582,59,5
1.0849,-4.043,1.758,59,5
1.0869,-4.219,1.934,59,5
1.0889,-4.395,2.109,59,5
1.0909,-4.746,2.285,59,5
1.0929,-4.922,2.637,59,5
1.0950,-5.098,2.812,59,5
1.0970,-5.449,2.988,59,5
1.0988,-5.625,3.340,59,5
1.1009,-5.801,3.516,59,5
1.1029,-6.152,3.691,59,5
1.1049,-6.328,4.043,59,5
1.1069,-6.680,4.219,59,5
1.1090,-7.031,4.570,59,5
1.1108,-7.207,4.746,59,5
1.1129,-7.559,5.098,59,5
1.1149,-7.910,5.449,59,5
1.1169,-8.086,5.625,59,5
1.1189,-8.438,5.977,59,5
1.1209,-8.789,6.328,59,5
1.1229,-9.141,6.504,59,5
1.1250,-9.492,6.855,59,5
1.1270,-9.844,7.207,59,5
1.1290,-10.195,7.559,59,5
1.1308,-10.547,7.734,59,5
1.1329,-10.723,8.086,59,5
1.1349,-11.250,8.262,59,5
1.1378,-11.777,8.789,59,5
1.1389,-11.953,8.965,59,5
1.1409,-12.305,9.316,59,5
1.1430,-12.656,9.668,59,5
1.1450,-13.008,9.844,59,5
1.1468,-13.359,10.195,59,5
1.1489,-13.887,10.547,59,5
1.1509,-14.238,10.723,59,5
1.1529,-14.590,11.074,59,5
1.1549,-14.941,11.426,59,5
1.1569,-15.469,11.777,59,5
1.1589,-15.820,11.953,59,5
1.1609,-16.172,12.305,59,5
1.1629,-16.699,12.480,59,5
1.1650,-17.051,12.832,59,5
1.1670,-17.402,13.184,59,5
1.1690,-17.754,13.359,59,5
1.1708,-18.281,13.535,59,5
1.1729,-18.633,13.887,59,5
1.1749,-19.160,14.238,59,5
1.1769,-19.512,14.414,59,5
1.1789,-19.863,14.766,59,5
1.1809,-20.391,14.941,59,5
1.1829,-20.742,15.293,59,5
1.1849,-21.094,15.469,59,5
1.1869,-21.621,15.645,59,5
1.1889,-21.973,15.996,59,5
1.1909,-22.500,16.172,59,5
1.1930,-22.852,16.348,59,5
1.1950,-23.203,16.523,59,5
1.1969,-23.730,16.699,59,5
1.1989,-24.082,16.875,59,5
1.2009,-24.609,17.051,59,5
1.2029,-24.961,17.227,59,5
1.2049,-25.312,17.402,59,5
1.2069,-25.840,17.578,59,5
1.2090,-26.191,17.754,59,5
1.2110,-26.719,17.754,58,5
1.2129,-27.070,17.930,58,5
1.2149,-27.422,18.105,58,5
1.2169,-27.949,18.281,58,5
1.2189,-28.301,18.281,58,5
1.2209,-28.652,18.457,58,5
1.2229,-29.004,18.457,58,5
1.2249,-29.531,18.457,58,5
1.2269,-29.883,18.633,58,5
1.2289,-30.410,18.633,58,5
1.2309,-30.762,18.809,58,5
1.2329,-31.113,18.809,58,5
1.2349,-31.641,18.809,58,5
1.2376,-32.168,18.809,58,5
1.2389,-32.344,18.809,58,5
1.2409,-32.871,18.809,58,5
1.2430,-33.223,18.809,58,5
1.2450,-33.574,18.809,58,5
1.2468,-33.926,18.809,58,5
1.2489,-34.453,18.809,58,5
1.2509,-34.805,18.809,58,5
1.2529,-35.156,18.809,58,5
1.2549,-35.508,18.633,58,5
1.2569,-36.035,18.457,58,5
1.2589,-36.387,18.457,3,5
1.2609,-36.738,18.457,2,5
1.2629,-37.090,18.281,0,5
1.2649,-37.441,18.105,0,5
1.2669,-37.793,18.105,0,5
1.2689,-38.145,17.754,0,5
1.2709,-38.496,17.578,-1,5
1.2729,-38.848,17.402,-2,5
1.2749,-39.199,17.227,-3,5
1.2769,-39.375,17.051,-4,5
1.2790,-39.727,16.699,-57,5
1.2810,-40.078,16.348,-57,5
1.2828,-40.254,16.172,-57,5
1.2849,-40.430,15.820,-57,5
1.2869,-40.781,15.469,-57,5
1.2889,-40.957,14.941,-57,5
1.2909,-41.133,14.590,-57,5
1.2929,-41.309,14.238,-57,5
1.2949,-41.484,13.711,-57,5
1.2969,-41.484,13.359,-57,5
1.2989,-41.660,12.832,-57,5
1.3009,-41.660,12.129,-57,5
1.3029,-41.836,11.602,-57,5
1.3049,-41.836,11.074,-57,5
1.3069,-42.012,10.547,-57,5
1.3089,-42.012,9.844,-57,5
1.3109,-42.012,9.141,-57,5
1.3129,-42.012,8.438,-57,5
1.3150,-42.012,7.734,-57,5
1.3168,-41.836,7.207,-57,5
1.3189,-41.836,6.328,-57,5
1.3208,-41.660,5.625,-57,5
1.3229,-41.660,4.922,-57,5
1.3249,-41.484,4.043,-57,5
1.3269,-41.484,3.340,-57,5
1.3289,-41.309,2.461,-57,5
1.3309,-41.133,1.582,-57,5
1.3329,-40.957,0.703,-57,5
1.3349,-40.781,-0.176,-57,5
1.3378,-40.430,-1.406,-57,5
1.3389,-40.254,-1.934,-57,5
1.3409,-40.078,-2.812,-57,5
1.3430,-39.902,-3.691,-57,5
1.3450,-39.727,-4.746,-57,5
1.3468,-39.551,-5.449,-57,5
1.3489,-39.199,-6.504,-57,5
1.3509,-39.023,-7.383,-57,5
1.3529,-38.672,-8.262,-57,5
1.3549,-38.496,-9.316,-57,5
1.3569,-38.145,-10.195,-57,5
1.3589,-37.969,-11.074,-57,5
1.3609,-37.617,-12.129,-57,5
1.3630,-37.441,-13.008,-57,5
1.3650,-37.090,-13.887,-57,5
1.3668,-36.738,-14.766,-58,5
1.3689,-36.562,-15.645,-58,5
1.3709,-36.211,-16.699,-58,5
1.3729,-36.035,-17.578,-58,5
1.3749,-35.684,-18.457,-58,5
1.3769,-35.508,-19.160,-58,5
1.3789,-35.156,-20.215,-58,5
1.3809,-34.980,-20.918,-58,5
1.3830,-34.629,-21.797,-58,5
1.3850,-34.453,-22.676,-58,5
1.3868,-34.277,-23.379,-58,5
1.3889,-33.926,-24.082,-58,5
1.3909,-33.750,-24.961,-58,5
1.3929,-33.574,-25.664,-58,5
1.3949,-33.223,-26.543,-58,5
1.3969,-33.047,-27.246,-58,5
1.3989,-32.871,-27.949,-58,5
1.4009,-32.520,-28.652,-58,5
1.4029,-32.344,-29.355,-58,5
1.4049,-32.168,-30.059,-58,5
1.4069,-31.816,-30.586,-58,5
1.4089,-31.641,-31.289,-58,5
1.4109,-31.465,-31.816,-58,5
1.4129,-31.289,-32.520,-58,5
1.4149,-31.113,-33.047,-58,5
1.4170,-30.938,-33.574,-58,5
1.4190,-30.762,-34.277,-58,5
1.4208,-30.586,-34.629,-58,5
1.4229,-30.410,-35.156,-58,5
1.4249,-30.234,-35.684,-58,5
1.4269,-30.059,-36.035,-58,5
1.4289,-29.883,-36.562,-58,5
1.4309,-29.707,-37.090,-58,5
1.4329,-29.531,-37.441,-58,5
1.4349,-29.355,-37.793,-58,5
1.4376,-29.180,-38.320,-58,5
1.4389,-29.004,-38.672,-58,5
1.4409,-28.828,-38.848,-58,5
1.4430,-28.652,-39.199,-58,5
1.4450,-28.652,-39.551,-58,5
1.4468,-28.477,-39.902,-58,5
1.4489,-28.301,-40.078,-58,5
1.4509,-28.125,-40.254,-58,5
1.4529,-27.949,-40.605,-58,5
1.4549,-27.949,-40.781,-58,5
1.4569,-27.773,-40.957,-58,5
1.4589,-27.598,-41.133,-58,5
1.4609,-27.422,-41.309,-58,5
1.4629,-27.422,-41.309,-58,5
1.4650,-27.246,-41.484,-58,5
1.4670,-27.070,-41.484,-58,5
1.4688,-26.895,-41.660,-58,5
1.4709,-26.895,-41.660,-58,5
1.4729,-26.719,-41.660,-58,5
1.4749,-26.543,-41.660,-58,5
1.4769,-26.543,-41.660,-58,5
1.4789,-26.367,-41.660,-58,5
1.4809,-26.191,-41.660,-58,5
1.4829,-26.191,-41.484,-58,5
1.4849,-26.016,-41.484,-58,5
1.4869,-26.016,-41.309,-59,5
1.4890,-25.840,-41.133,-59,5
1.4910,-25.664,-40.957,-59,5
1.4930,-25.664,-40.781,-59,5
1.4948,-25.488,-40.605,-59,5
1.4969,-25.488,-40.430,-59,5
1.4989,-25.312,-40.254,-59,5
1.5009,-25.312,-40.078,-59,5
1.5029,-25.137,-39.727,-59,5
1.5049,-24.961,-39.375,-59,5
1.5070,-24.961,-39.199,-59,5
1.5090,-24.961,-38.848,59,5
1.5108,-24.785,-38.496,59,5
1.5130,-24.785,-37.969,59,5
1.5149,-24.785,-37.617,59,5
1.5169,-24.785,-37.266,59,5
1.5189,-24.785,-36.738,59,5
1.5209,-24.785,-36.211,59,5
1.5229,-24.785,-35.684,59,5
1.5249,-24.785,-35.156,59,5
1.5270,-24.785,-34.629,59,5
1.5290,-24.785,-33.926,59,5
1.5308,-24.961,-33.398,59,5
1.5329,-25.137,-32.695,59,5
1.5349,-25.137,-31.992,59,5
1.5377,-25.312,-30.938,59,5
1.5388,-25.488,-30.410,59,5
1.5409,-25.664,-29.707,59,5
1.5429,-25.840,-28.828,59,5
1.5449,-26.016,-27.949,59,5
1.5469,-26.191,-27.070,59,5
1.5489,-26.543,-26.191,58,5
1.5509,-26.895,-25.137,58,5
1.5529,-27.070,-24.258,58,5
1.5550,-27.422,-23.203,58,5
1.5570,-27.773,-22.324,58,5
1.5588,-28.125,-21.270,58,5
1.5609,-28.477,-20.215,58,5
1.5629,-28.828,-18.984,58,5
1.5649,-29.355,-17.754,58,5
1.5669,-29.707,-16.699,58,5
1.5689,-30.234,-15.469,58,5
1.5710,-30.762,-14.238,58,5
1.5730,-31.113,-12.832,58,5
1.5748,-31.641,-11.777,58,5
1.5769,-32.168,-10.371,58,5
1.5789,-32.871,-9.141,58,5
1.5809,-33.398,-7.734,58,5
1.5829,-33.926,-6.328,58,5
1.5849,-34.629,-4.922,58,5
1.5869,-35.156,-3.516,58,5
1.5889,-35.859,-2.109,58,5
1.5909,-36.387,-0.703,58,5
1.5930,-37.090,0.703,58,5
1.5950,-37.793,2.109,58,5
1.5968,-38.320,3.516,57,5
1.5989,-39.023,4.922,57,5
1.6009,-39.551,6.328,57,5
1.6029,-40.254,7.734,57,5
1.6049,-40.957,9.141,57,5
1.6070,-41.484,10.547,57,5
1.6090,-42.188,11.953,57,5
1.6108,-42.715,13.184,57,5
1.6129,-43.418,14.590,57,5
1.6148,-43.945,15.996,57,5
1.6169,-44.473,17.227,57,5
1.6189,-45.000,18.457,57,5
1.6209,-45.527,19.863,57,5
1.6229,-46.055,21.094,57,5
1.6249,-46.582,22.324,56,5
1.6269,-47.109,23.379,56,5
1.6289,-47.637,24.609,56,5
1.6309,-47.988,25.840,56,5
1.6330,-48.516,26.895,56,5
1.6350,-48.867,28.125,56,5
1.6377,-49.395,29.531,56,5
1.6389,-49.746,30.234,56,5
1.6409,-50.098,31.113,56,5
1.6429,-50.449,32.168,55,5
1.6449,-50.801,33.047,54,5
1.6469,-51.328,34.102,53,5
1.6489,-51.504,34.980,52,5
1.6509,-51.855,35.859,51,5
1.6530,-52.207,36.738,50,5
1.6550,-52.559,37.617,49,5
1.6568,-52.734,38.320,48,5
1.6589,-53.086,39.199,47,5
1.6609,-53.262,39.902,46,5
1.6629,-53.613,40.781,46,5
1.6649,-53.789,41.484,45,5
1.6669,-54.141,42.188,44,5
1.6689,-54.316,42.715,43,5
1.6709,-54.492,43.418,43,5
1.6729,-54.668,44.121,42,5
1.6750,-54.844,44.648,41,5
1.6770,-55.020,45.176,41,5
1.6789,-55.195,45.703,40,5
1.6809,-55.371,46.230,40,5
1.6829,-55.547,46.582,39,5
1.6849,-55.723,47.109,39,5
1.6869,-55.723,47.461,38,5
1.6889,-55.898,47.812,38,5
1.6909,-56.074,48.340,38,5
1.6929,-56.074,48.516,38,5
1.6949,-56.250,48.867,38,5
1.6969,-56.250,49.219,37,5
1.6989,-56.426,49.395,37,5
1.7009,-56.426,49.746,37,5
1.7029,-56.426,49.922,37,5
1.7049,-56.602,50.098,37,5
1.7069,-56.602,50.273,37,5
1.7089,-56.777,50.449,37,5
1.7109,-56.777,50.449,36,5
1.7129,-56.777,50.625,36,5
1.7149,-56.777,50.625,36,5
1.7169,-56.777,50.625,36,5
1.7189,-56.777,50.625,36,5
1.7209,-56.777,50.625,36,5
1.7229,-56.777,50.625,36,5
1.7249,-56.777,50.449,36,5
1.7269,-56.777,50.449,36,5
1.7289,-56.777,50.273,36,5
1.7309,-56.777,50.098,36,5
1.7329,-56.777,49.922,36,5
1.7349,-56.777,49.746,36,5
1.7377,-56.602,49.395,36,5
1.7389,-56.602,49.219,37,5
1.7410,-56.426,48.867,37,5
1.7429,-56.426,48.516,-55,5
1.7450,-56.426,48.164,-55,5
1.7469,-56.250,47.812,-55,5
1.7489,-56.074,47.461,-55,5
1.7509,-56.074,47.109,-55,5
1.7529,-55.898,46.582,-55,5
1.7549,-55.723,46.055,-55,5
1.7568,-55.547,45.527,-55,5
1.7590,-55.371,45.000,-55,5
1.7609,-55.195,44.297,-55,5
1.7629,-55.020,43.770,-55,5
1.7649,-54.668,43.066,-55,5
1.7669,-54.492,42.363,-55,5
1.7689,-54.141,41.660,-55,5
1.7710,-53.965,40.957,-55,5
1.7730,-53.613,40.254,-55,5
1.7748,-53.262,39.375,-55,5
1.7768,-52.910,38.672,-56,5
1.7788,-52.559,37.793,-56,5
1.7808,-52.207,36.914,-56,5
1.7829,-51.855,35.859,-56,5
1.7849,-51.504,34.980,-56,5
1.7869,-50.977,33.926,-56,5
1.7889,-50.449,32.871,-56,5
1.7910,-49.922,31.816,-56,5
1.7930,-49.395,30.762,-56,5
1.7950,-48.867,29.531,-56,5
1.7970,-48.340,28.477,-56,5
1.7988,-47.812,27.246,-56,5
1.8008,-47.285,26.016,-56,5
1.8028,-46.582,24.785,-56,5
1.8048,-45.879,23.555,-56,5
1.8069,-45.176,22.148,-57,5
1.8089,-44.473,20.918,-57,5
1.8109,-43.770,19.512,-57,5
1.8129,-42.891,17.930,-57,5
1.8150,-42.188,16.523,-57,5
1.8170,-41.309,14.941,-57,5
1.8190,-40.430,13.359,-57,5
1.8208,-39.551,11.953,-57,5
1.8228,-38.672,10.371,-57,5
1.8248,-37.793,8.789,-57,5
1.8270,-36.738,7.031,-57,5
1.8288,-35.859,5.625,-58,5
1.8308,-34.805,3.867,-58,5
1.8328,-33.926,2.285,-58,5
1.8349,-32.871,0.527,-58,5
1.8380,-31.113,-2.109,-58,5
1.8388,-30.762,-2.812,-58,5
1.8416,-29.355,-5.273,-58,5
1.8429,-28.652,-6.328,-58,5
1.8449,-27.598,-8.086,-58,5
1.8469,-26.543,-9.668,-58,5
1.8490,-25.488,-11.426,-58,5
1.8508,-24.609,-13.008,-59,5
1.8529,-23.555,-14.766,-59,5
1.8578,-21.270,-18.809,-59,5
1.8584,-21.094,-19.160,-59,5
1.8590,-20.742,-19.512,-59,5
1.8609,-19.863,-21.094,-59,5
1.8629,-18.984,-22.676,-59,5
1.8649,-18.105,-24.082,-59,5
1.8669,-17.402,-25.488,-59,5
1.8689,-16.523,-27.070,-59,5
1.8709,-15.645,-28.477,-59,5
1.8729,-14.941,-29.883,-59,5
1.8749,-14.238,-31.289,-59,5
1.8769,-13.359,-32.520,-59,5
1.8789,-12.656,-33.926,-59,5
1.8809,-11.953,-35.156,-59,5
1.8829,-11.250,-36.387,-59,5
1.8849,-10.547,-37.617,-59,5
1.8868,-10.020,-38.848,-59,5
1.8888,-9.316,-40.078,-59,5
1.8909,-8.789,-41.133,-59,5
1.8929,-8.086,-42.363,-59,5
1.8949,-7.559,-43.418,-59,5
1.8969,-7.031,-44.473,-59,5
1.8989,-6.504,-45.527,-59,5
1.9009,-5.801,-46.582,-59,5
1.9029,-5.273,-47.461,-59,5
1.9049,-4.922,-48.516,-59,5
1.9069,-4.395,-49.395,-59,5
1.9089,-3.867,-50.449,-59,5
1.9109,-3.340,-51.152,-59,5
1.9129,-2.812,-52.031,-59,5
1.9149,-2.461,-52.910,-59,5
1.9169,-1.934,-53.789,-59,5
1.9189,-1.582,-54.492,-59,5
1.9209,-1.055,-55.195,-59,5
1.9229,-0.703,-56.074,-59,5
1.9249,-0.176,-56.777,-59,5
1.9269,0.176,-57.480,-59,5
1.9289,0.703,-58.008,-59,5
1.9309,1.055,-58.711,-59,5
1.9329,1.406,-59.238,-59,5
1.9349,1.934,-59.766,-59,5
1.9379,2.461,-60.645,-59,5
1.9389,2.637,-60.996,-59,5
1.9409,2.988,-61.348,-59,5
1.9429,3.340,-61.875,-59,5
1.9450,3.867,-62.402,-59,5
1.9469,4.219,-62.754,-59,5
1.9489,4.570,-63.105,-59,5
1.9509,4.922,-63.457,-59,5
1.9528,5.273,-63.809,-59,5
1.9549,5.625,-64.160,-59,5
1.9569,5.977,-64.512,-59,5
1.9589,6.328,-64.688,-59,5
1.9609,6.680,-65.039,-59,5
1.9629,7.031,-65.215,-59,5
1.9649,7.383,-65.391,-59,5
1.9669,7.734,-65.566,-59,5
1.9689,8.086,-65.742,-59,5
1.9709,8.438,-65.918,-59,5
1.9729,8.789,-65.918,-59,5
1.9749,9.141,-66.094,-59,5
1.9769,9.492,-66.094,-59,5
1.9789,9.844,-66.094,-59,5
1.9809,10.195,-66.094,-59,5
1.9829,10.547,-66.094,-59,5
1.9849,10.898,-66.094,-59,5
1.9869,11.074,-65.918,-59,5
1.9889,11.602,-65.918,-59,5
1.9909,11.777,-65.742,-59,5
1.9929,12.129,-65.566,-59,5
1.9949,12.480,-65.391,-59,5
1.9969,12.832,-65.215,-59,5
1.9989,13.184,-64.863,-59,5
2.0009,13.535,-64.688,-59,5
2.0029,13.887,-64.512,-59,5
2.0049,14.238,-64.160,-59,5
2.0069,14.590,-63.809,-59,5
2.0089,14.766,-63.809,-59,5
2.0109,15.117,-63.809,-59,5
2.0129,15.469,-63.809,-59,5
2.0150,15.820,-63.809,-59,5
2.0169,15.996,-63.809,59,5
2.0189,16.348,-63.809,59,5
2.0208,16.699,-63.809,59,5
2.0228,16.875,-63.809,59,5
2.0249,17.227,-63.809,59,5
2.0269,17.402,-63.809,59,5
2.0289,17.754,-63.809,59,5
2.0309,17.930,-63.809,59,5
2.0329,18.105,-63.809,59,5
2.0349,18.281,-63.809,59,5
2.0377,18.633,-63.809,59,5
2.0389,18.809,-63.809,59,5
2.0409,18.809,-63.809,59,5
2.0429,18.984,-63.809,59,5
2.0449,19.160,-63.809,59,5
2.0469,19.336,-63.809,59,5
2.0489,19.336,-63.809,59,5
2.0510,19.512,-63.809,59,5
2.0528,19.512,-63.809,59,5
2.0549,19.512,-63.809,59,5
2.0569,19.512,-63.809,59,5
2.0589,19.512,-63.809,59,5
2.0609,19.512,-63.809,59,5
2.0629,19.512,-63.809,59,5
2.0648,19.512,-63.809,59,5
2.0669,19.336,-63.809,59,5
2.0689,19.336,-63.809,59,5
2.0710,19.160,-63.809,59,5
2.0729,18.984,-63.809,59,5
2.0748,18.809,-63.809,59,5
2.0769,18.633,-63.809,59,5
2.0789,18.281,-63.809,59,5
2.0809,18.105,-63.809,59,5
2.0829,17.754,-63.809,59,5
2.0848,17.402,-63.809,59,5
2.0869,16.875,-63.809,59,5
2.0889,16.523,-63.809,59,5
2.0910,15.996,-63.809,59,5
2.0929,15.645,-63.809,59,5
2.0950,15.117,-63.809,59,5
2.0969,14.590,-63.809,59,5
2.0988,13.887,-63.809,59,5
2.1009,13.184,-63.809,59,5
2.1029,12.656,-63.809,59,5
2.1049,11.953,-61.699,59,5
2.1069,11.250,-59.590,59,5
2.1089,10.371,-57.480,59,5
2.1109,9.668,-55.547,59,5
2.1129,8.789,-53.262,59,5
2.1149,8.086,-51.152,59,5
2.1170,7.207,-49.043,59,5
2.1189,6.504,-46.934,59,5
2.1210,5.625,-44.824,59,5
2.1229,4.922,-42.715,59,5
2.1249,4.043,-40.605,59,5
2.1269,3.340,-38.672,59,5
2.1289,2.637,-36.562,59,5
2.1309,1.934,-34.453,59,5
2.1329,1.230,-32.520,59,5
2.1349,0.527,-30.586,59,5
2.1378,-0.352,-27.949,59,5
2.1389,-0.703,-26.719,59,5
2.1409,-1.230,-24.785,59,5
2.1429,-1.758,-23.027,59,5
2.1449,-2.285,-21.270,59,5
2.1470,-2.812,-19.512,59,5
2.1490,-3.340,-17.754,59,5
2.1510,-3.691,-16.172,59,5
2.1530,-4.219,-14.590,59,5
2.1550,-4.570,-12.832,59,5
2.1570,-4.922,-11.250,59,5
2.1590,-5.273,-9.668,59,5
2.1610,-5.625,-8.262,59,5
2.1630,-5.977,-6.680,59,5
2.1649,-6.328,-5.273,59,5
2.1669,-6.504,-3.867,59,5
2.1689,-6.855,-2.461,59,5
2.1709,-7.207,-1.055,59,5
2.1729,-7.383,0.176,59,5
2.1749,-7.734,1.582,59,5
2.1769,-7.910,2.812,59,5
2.1789,-8.086,4.043,59,5
2.1809,-8.262,5.273,59,5
2.1829,-8.438,6.504,59,5
2.1849,-8.613,7.734,59,5
2.1869,-8.789,8.789,59,5
2.1889,-8.965,9.844,59,5
2.1909,-9.141,11.074,59,5
2.1929,-9.316,11.953,59,5
2.1949,-9.492,13.008,59,5
2.1969,-9.668,14.062,59,5
2.1989,-9.668,14.941,59,5
2.2009,-9.844,15.996,59,5
2.2029,-10.020,16.875,59,5
2.2049,-10.020,17.754,59,5
2.2069,-10.195,18.633,59,5
2.2089,-10.371,19.512,59,5
2.2109,-10.371,20.215,59,5
2.2129,-10.547,20.918,59,5
2.2149,-10.547,21.797,59,5
2.2169,-10.723,22.500,59,5
2.2189,-10.723,23.203,59,5
2.2209,-10.898,23.730,59,5
2.2229,-11.074,24.434,59,5
2.2249,-11.074,25.137,59,5
2.2269,-11.250,25.664,59,5
2.2290,-11.250,26.191,59,5
2.2310,-11.426,26.719,59,5
2.2330,-11.426,27.246,59,5
2.2350,-11.602,27.598,59,5
2.2377,-11.777,28.301,59,5
2.2390,-11.777,28.652,59,5
2.2408,-11.953,28.828,59,5
2.2429,-11.953,29.355,59,5
2.2449,-12.129,29.531,59,5
2.2469,-12.129,29.883,59,5
2.2489,-12.305,30.234,59,5
2.2509,-12.305,30.410,59,5
2.2529,-12.480,30.762,59,5
2.2549,-12.656,30.938,59,5
2.2568,-12.656,31.113,59,5
2.2592,-12.832,31.113,59,5
2.2609,-13.008,31.289,59,5
2.2628,-13.008,31.465,59,5
2.2649,-13.184,31.465,59,5
2.2669,-13.359,31.465,59,5
2.2689,-13.535,31.465,59,5
2.2709,-13.535,31.465,59,5
2.2729,-13.711,31.465,59,5
2.2749,-13.887,31.465,59,5
2.2769,-14.062,31.289,59,5
2.2789,-14.238,31.113,59,5
2.2809,-14.238,30.938,59,5
2.2829,-14.414,30.762,59,5
2.2849,-14.590,30.586,59,5
2.2869,-14.766,30.410,59,5
2.2889,-14.941,30.059,59,5
2.2909,-15.117,29.707,59,5
2.2929,-15.293,29.531,59,5
2.2949,-15.469,29.180,59,5
2.2969,-15.645,28.828,59,5
2.2989,-15.645,28.301,59,5
2.3009,-15.820,27.949,59,5
2.3029,-16.172,27.422,59,5
2.3049,-16.172,26.895,59,5
2.3069,-16.348,26.543,59,5
2.3089,-16.523,25.840,-59,5
2.3109,-16.699,25.312,-59,5
2.3129,-16.875,24.785,-59,5
2.3149,-17.051,24.082,-59,5
2.3169,-17.051,23.379,-59,5
2.3189,-17.227,22.852,-59,5
2.3210,-17.402,21.973,-59,5
2.3229,-17.402,21.270,-59,5
2.3249,-17.578,20.566,-59,5
2.3269,-17.578,19.863,-59,5
2.3289,-17.754,18.984,-59,5
2.3309,-17.754,18.105,-59,5
2.3330,-17.754,17.051,-59,5
2.3350,-17.930,16.172,-59,5
2.3377,-17.930,14.941,-59,5
2.3389,-17.930,14.414,-59,5
2.3409,-17.930,13.359,-59,5
2.3429,-17.930,12.305,-59,5
2.3448,-17.930,11.250,-59,5
2.3470,-17.930,10.020,-59,5
2.3490,-17.754,8.965,-59,5
2.3509,-17.754,7.734,-59,5
2.3529,-17.754,6.680,-59,5
2.3549,-17.578,5.449,-59,5
2.3569,-17.402,4.219,-59,5
2.3589,-17.227,2.812,-59,5
2.3609,-17.051,1.406,-59,5
2.3629,-16.875,0.176,-59,5
2.3649,-16.699,-1.230,-59,5
2.3670,-16.523,-2.812,-59,5
2.3688,-16.172,-4.219,-59,5
2.3709,-15.996,-5.625,-59,5
2.3729,-15.645,-7.207,-59,5
2.3749,-15.293,-8.789,-59,5
2.3769,-14.941,-10.547,-59,5
2.3789,-14.414,-12.129,-59,5
2.3809,-14.062,-13.887,-59,5
2.3829,-13.535,-15.645,-59,5
2.3849,-13.008,-17.578,-59,5
2.3870,-12.480,-19.336,-59,5
2.3888,-11.953,-21.094,-59,5
2.3909,-11.250,-23.203,-59,5
2.3929,-10.547,-25.137,-59,5
2.3949,-9.844,-27.246,-59,5
2.3969,-8.965,-29.355,-59,5
2.3989,-8.262,-31.465,-59,5
2.4009,-7.207,-33.574,-59,5
2.4029,-6.328,-35.859,-59,5
2.4050,-5.449,-38.145,-59,5
2.4070,-4.395,-40.605,-59,5
2.4088,-3.516,-42.715,-59,5
2.4109,-2.285,-45.176,-59,5
2.4129,-1.230,-47.637,-59,5
2.4149,-0.176,-50.098,-59,5
2.4169,1.055,-52.559,-59,5
2.4189,2.109,-55.020,-59,5
2.4209,3.340,-57.480,-59,5
2.4229,4.395,-59.941,-59,5
2.4249,5.449,-62.402,-59,5
2.4269,6.680,-64.863,-59,5
2.4289,7.734,-67.324,-59,5
2.4309,8.789,-69.609,-59,5
2.4329,9.668,-71.895,0,5
2.4349,10.547,-74.180,0,5
2.4377,11.953,-74.355,0,5
2.4389,12.480,-74.355,0,5
2.4409,13.184,-74.355,0,5
2.4428,13.887,-74.355,0,5
2.4449,14.766,-74.355,0,5
2.4469,15.469,-74.355,0,5
2.4489,15.996,-74.355,0,5
2.4510,16.699,-74.355,0,5
2.4528,17.227,-74.355,-59,5
2.4549,17.754,-74.355,-59,5
2.4569,18.281,-74.355,-59,5
2.4589,18.809,-74.355,-59,5
2.4609,19.336,-74.355,-59,5
2.4629,19.688,-74.355,-59,5
2.4649,20.039,-74.355,-59,5
2.4669,20.566,-74.355,-59,5
2.4689,20.918,-74.355,-59,5
2.4709,21.270,-74.355,-59,5
2.4729,21.621,-74.355,-59,5
2.4749,21.797,-74.355,-59,5
2.4770,22.148,-74.355,-59,5
2.4790,22.500,-74.355,-59,5
2.4810,22.676,-74.355,-59,5
2.4830,23.027,-74.355,-59,5
2.4850,23.203,-74.355,-59,5
2.4868,23.379,-74.355,-59,5
2.4888,23.555,-74.355,-59,5
2.4909,23.730,-74.355,-59,5
2.4929,23.906,-74.355,-59,5
2.4949,24.258,-74.355,-59,5
2.4969,24.434,-74.355,-59,5
2.4989,24.434,-74.355,-59,5
2.5009,24.609,-74.355,-59,5
2.5029,24.785,-74.355,-59,5
2.5049,24.961,-74.355,-59,5
2.5069,25.137,-74.355,-59,5
2.5089,25.312,-74.355,-59,5
2.5109,25.312,-74.355,-59,5
2.5130,25.488,-74.355,-59,5
2.5150,25.664,-74.355,-59,5
2.5170,25.840,-74.355,-59,5
2.5188,25.840,-74.355,-59,5
2.5208,26.016,-74.355,-59,5
2.5228,26.016,-74.355,-59,5
2.5248,26.191,-74.355,-59,5
2.5270,26.367,-74.355,-58,5
2.5288,26.543,-74.355,-58,5
2.5309,26.543,-74.355,-58,5
2.5329,26.719,-74.355,-58,5
2.5349,26.719,-74.355,-58,5
2.5377,26.895,-74.355,-58,5
2.5389,26.895,-74.355,-21,5
2.5409,27.070,-74.355,-21,5
2.5429,27.246,-74.355,-21,5
2.5450,27.246,-74.355,-20,5
2.5470,27.422,-74.355,-20,5
2.5490,27.422,-74.355,-19,5
2.5510,27.598,-74.355,-19,5
2.5530,27.598,-74.355,-19,5
2.5548,27.773,-74.355,-19,5
2.5568,27.949,-74.355,-18,5
2.5589,27.949,-74.355,-18,5
2.5610,27.949,-74.355,58,5
2.5629,28.125,-74.355,58,5
2.5649,28.125,-74.355,58,5
2.5669,28.301,-74.355,58,5
2.5690,28.301,-74.355,58,5
2.5709,28.301,-74.355,58,5
2.5728,28.477,-74.355,58,5
2.5749,28.477,-74.355,58,5
2.5769,28.652,-74.355,58,5
2.5789,28.652,-74.355,58,5
2.5809,28.652,-74.355,58,5
2.5829,28.652,-74.355,58,5
2.5849,28.652,-74.355,58,5
2.5868,28.652,-74.355,58,5
2.5889,28.828,-74.355,58,5
2.5909,28.828,-74.355,58,5
2.5929,28.828,-74.355,58,5
2.5949,28.828,-74.355,58,5
2.5968,28.828,-74.355,58,5
2.5989,28.828,-74.355,58,5
2.6009,28.828,-74.355,58,5
2.6029,28.828,-74.355,58,5
2.6049,28.828,-74.355,58,5
2.6069,28.828,-74.355,58,5
2.6090,28.828,-74.355,58,5
2.6109,28.828,-74.355,58,5
2.6129,28.652,-74.355,58,5
2.6148,28.652,-74.355,58,5
2.6169,28.652,-74.355,58,5
2.6189,28.652,-74.355,58,5
2.6209,28.477,-74.355,58,5
2.6229,28.477,-74.355,58,5
2.6249,28.301,-74.355,58,5
2.6269,28.301,-74.355,58,5
2.6289,28.125,-74.355,58,5
2.6309,28.125,-74.355,58,5
2.6329,27.949,-74.355,58,5
2.6349,27.949,-74.355,58,5
2.6378,27.598,-74.355,58,5
2.6389,27.598,-74.355,58,5
2.6409,27.422,-74.355,58,5
2.6430,27.246,-74.355,58,5
2.6449,27.070,-74.355,58,5
2.6469,26.895,-74.355,58,5
2.6490,26.719,-74.355,58,5
2.6509,26.543,-74.355,58,5
2.6529,26.191,-74.355,58,5
2.6550,26.016,-74.355,58,5
2.6569,25.664,-74.355,59,5
2.6589,25.488,-74.355,59,5
2.6609,25.137,-74.355,59,5
2.6629,24.785,-74.355,59,5
2.6650,24.434,-74.355,59,5
2.6668,24.082,-74.355,59,5
2.6689,23.730,-74.355,59,5
2.6709,23.379,-74.355,59,5
2.6729,23.027,-74.355,59,5
2.6749,22.500,-74.355,59,5
2.6770,21.973,-74.355,59,5
2.6789,21.621,-74.355,59,5
2.6808,21.094,-74.355,59,5
2.6829,20.391,-74.355,59,5
2.6849,19.863,-74.355,59,5
2.6870,19.160,-74.355,59,5
2.6889,18.633,-74.355,59,5
2.6909,17.930,-74.355,59,5
2.6930,17.227,-74.355,59,5
2.6949,16.523,-74.355,59,5
2.6970,15.645,-73.125,59,5
2.6989,14.766,-71.191,59,5
2.7008,13.887,-69.434,59,5
2.7029,12.832,-67.324,59,5
2.7049,11.953,-65.391,59,5
2.7068,10.898,-63.281,59,5
2.7089,9.844,-60.996,59,5
2.7109,8.613,-58.887,59,5
2.7130,7.383,-56.426,59,5
2.7150,6.152,-54.141,59,5
2.7168,4.922,-52.031,59,5
2.7189,3.516,-49.570,59,5
2.7209,2.109,-47.109,59,5
2.7229,0.527,-44.473,59,5
2.7249,-0.879,-42.012,59,5
2.7269,-2.461,-39.375,59,5
2.7290,-4.043,-36.738,59,5
2.7310,-5.625,-33.926,59,5
2.7329,-7.207,-31.465,59,5
2.7349,-8.789,-28.828,59,5
2.7377,-11.074,-25.137,59,5
2.7389,-11.953,-23.555,59,5
2.7409,-13.535,-20.918,59,5
2.7429,-15.117,-18.457,59,5
2.7449,-16.699,-15.820,59,5
2.7470,-18.105,-13.359,59,5
2.7488,-19.336,-11.074,59,5
2.7509,-20.742,-8.613,59,5
2.7530,-21.973,-6.152,59,5
2.7548,-23.203,-4.043,59,5
2.7569,-24.434,-1.758,59,5
2.7589,-25.488,0.527,59,5
2.7609,-26.719,2.637,59,5
2.7629,-27.773,4.746,58,5
2.7649,-28.828,6.855,58,5
2.7670,-29.707,8.965,58,5
2.7688,-30.586,10.898,58,5
2.7709,-31.465,12.832,58,5
2.7729,-32.344,14.766,58,5
2.7749,-33.047,16.699,58,5
2.7769,-33.926,18.457,58,5
2.7789,-34.629,20.391,58,5
2.7810,-35.332,22.148,58,5
2.7828,-36.035,23.730,58,5
2.7849,-36.738,25.488,58,5
2.7869,-37.266,27.246,58,5
2.7889,-37.969,28.828,57,5
2.7909,-38.496,30.410,57,5
2.7929,-39.199,31.992,57,5
2.7950,-39.551,33.574,57,5
2.7968,-40.078,34.980,57,5
2.7989,-40.605,36.387,57,5
2.8009,-41.133,37.793,57,5
2.8029,-41.660,39.199,57,5
2.8049,-42.188,40.605,57,5
2.8069,-42.539,42.012,57,5
2.8090,-43.066,43.418,57,5
2.8108,-43.418,44.473,57,5
2.8129,-43.770,45.879,57,5
2.8150,-44.297,47.109,57,5
2.8168,-44.648,48.340,57,5
2.8189,-45.000,49.395,57,5
2.8209,-45.527,50.625,57,5
2.8229,-45.879,51.855,57,5
2.8249,-46.230,52.910,57,5
2.8269,-46.582,53.965,56,5
2.8290,-46.934,55.020,56,5
2.8308,-47.285,55.898,56,5
2.8329,-47.637,56.953,56,5
2.8349,-47.988,57.832,56,5
2.8379,-48.516,59.238,56,5
2.8389,-48.691,59.590,56,5
2.8409,-49.043,60.469,56,5
2.8429,-49.219,61.348,56,5
2.8449,-49.570,62.227,56,5
2.8470,-49.922,63.105,56,5
2.8488,-50.273,63.809,56,5
2.8509,-50.625,64.512,55,5
2.8529,-50.801,65.215,54,5
2.8549,-51.328,65.918,53,5
2.8569,-51.504,66.445,52,5
2.8589,-51.855,67.148,51,5
2.8610,-52.207,67.676,50,5
2.8628,-52.559,68.203,49,5
2.8649,-52.910,68.730,48,5
2.8669,-53.262,69.258,47,5
2.8689,-53.613,69.785,46,5
2.8709,-53.789,70.137,45,5
2.8729,-54.141,70.664,44,5
2.8750,-54.492,71.016,43,5
2.8768,-54.844,71.367,42,5
2.8789,-55.195,71.719,41,5
2.8809,-55.547,72.070,40,5
2.8829,-55.898,72.246,39,5
2.8849,-56.250,72.598,38,5
2.8869,-56.426,72.773,37,5
2.8890,-56.953,72.949,37,5
2.8908,-57.129,73.125,36,5
2.8929,-57.480,73.301,35,5
2.8949,-57.832,73.477,34,5
2.8969,-58.184,73.477,33,5
2.8989,-58.535,73.652,32,5
2.9009,-58.887,73.652,31,5
2.9030,-59.238,73.652,30,5
2.9048,-59.590,73.652,29,5
2.9069,-59.941,73.652,28,5
2.9089,-60.293,73.477,27,5
2.9109,-60.645,73.301,26,5
2.9129,-60.996,73.301,25,5
2.9149,-61.348,73.125,24,5
2.9169,-61.699,72.949,22,5
2.9189,-62.051,72.773,21,5
2.9210,-62.402,72.422,20,5
2.9228,-62.754,72.246,20,5
2.9249,-63.105,71.895,19,5
2.9269,-63.457,71.719,18,5
2.9289,-63.809,71.191,17,5
2.9309,-64.160,71.016,16,5
2.9329,-64.512,70.488,15,5
2.9350,-64.863,70.137,14,5
2.9377,-65.391,69.434,13,5
2.9390,-65.566,69.082,11,5
2.9409,-65.742,68.730,-54,5
2.9429,-66.094,68.203,-54,5
2.9449,-66.445,67.500,-54,5
2.9469,-66.797,66.973,-54,5
2.9489,-67.148,66.270,-53,5
2.9509,-67.500,65.742,-53,5
2.9530,-67.676,65.039,-53,5
2.9548,-68.027,64.336,-53,5
2.9569,-68.203,63.633,-53,5
2.9589,-68.555,62.930,-53,5
2.9609,-68.730,62.051,-53,5
2.9629,-69.082,61.348,-53,5
2.9649,-69.258,60.469,-53,5
2.9670,-69.609,59.590,-53,5
2.9688,-69.785,58.887,-53,5
2.9709,-69.961,57.832,-53,5
2.9734,-70.137,56.777,-53,5
2.9748,-70.312,56.074,-53,5
2.9769,-70.488,55.020,-53,5
2.9789,-70.664,53.965,-53,5
2.9809,-70.840,52.910,-53,5
2.9830,-71.016,51.855,-53,5
2.9850,-71.191,50.625,-53,5
3.0001,-71.719,41.309,-53,5
3.0022,-71.719,39.902,-53,5
3.0043,-71.719,38.496,-53,5
3.0062,-71.543,37.090,-53,5
3.0082,-71.543,35.684,-53,5
3.0101,-71.543,34.277,-53,5
3.0121,-71.367,32.695,-53,5
3.0142,-71.191,30.938,-53,5
3.0162,-71.191,29.355,-53,5
3.0182,-70.840,27.773,-53,5
3.0202,-70.664,26.016,-53,5
3.0222,-70.488,24.434,-53,5
3.0241,-70.312,22.676,-53,5
3.0261,-69.961,20.918,-53,5
3.0281,-69.609,19.160,-53,5
3.0301,-69.258,17.227,-53,5
3.0322,-68.730,15.293,-53,5
3.0342,-68.379,13.184,-53,5
3.0381,-67.324,9.316,-53,5
3.0386,-67.148,8.613,-53,5
3.0402,-66.797,7.031,-53,5
3.0422,-66.094,4.922,-53,5
3.0442,-65.391,2.637,-54,5
3.0462,-64.688,0.352,-54,5
3.0481,-63.984,-1.934,-54,5
3.0501,-63.105,-4.219,-54,5
3.0521,-62.227,-6.680,-54,5
3.0542,-61.172,-9.316,-54,5
3.0562,-60.293,-11.953,-54,5
3.0582,-59.062,-14.590,-55,5
3.0602,-58.008,-17.227,-55,5
3.0622,-56.777,-20.039,-55,5
3.0642,-55.547,-22.852,-55,5
3.0662,-54.316,-25.664,-55,5
3.0682,-52.910,-28.477,0,5
3.0701,-51.680,-31.289,0,5
3.0722,-50.098,-34.277,0,5
3.0742,-48.867,-37.090,0,5
3.0762,-47.637,-39.902,0,5
3.0781,-46.406,-42.715,0,5
3.0802,-45.000,-45.703,0,5
3.0822,-43.770,-48.340,0,5
3.0842,-42.715,-50.977,0,5
3.0861,-41.660,-53.613,0,5
3.0881,-40.605,-56.250,0,5
3.0902,-39.551,-58.887,0,5
3.0922,-38.496,-61.348,0,5
3.0941,-37.793,-63.809,0,5
3.0962,-36.914,-66.094,0,5
3.0982,-36.035,-68.379,0,5
3.1002,-35.332,-70.664,0,5
3.1022,-34.629,-72.949,0,5
3.1042,-34.102,-75.059,0,5
3.1062,-33.398,-77.168,0,5
3.1082,-32.871,-79.277,0,5
3.1101,-32.344,-81.211,0,5
3.1122,-31.816,-83.320,0,5
3.1141,-31.465,-85.078,0,5
3.1162,-31.113,-87.012,0,5
3.1182,-30.762,-88.945,0,5
3.1202,-30.410,-90.703,0,5
3.1221,-30.059,-92.461,0,5
3.1242,-29.707,-94.219,0,5
3.1262,-29.531,-95.977,0,5
3.1282,-29.180,-97.559,0,5
3.1301,-29.004,-99.141,0,5
3.1322,-28.828,-100.898,0,5
3.1342,-28.652,-102.480,0,5
3.1377,-28.301,-105.117,0,5
3.1381,-28.301,-105.469,0,5
3.1401,-28.301,-106.875,0,5
3.1422,-28.125,-108.281,0,5
3.1441,-27.949,-109.688,0,5
3.1462,-27.949,-111.094,0,5
3.1482,-27.773,-112.500,0,5
3.1502,-27.773,-113.730,0,5
3.1521,-27.773,-115.137,0,5
3.1542,-27.598,-116.367,0,5
3.1562,-27.598,-117.598,0,5
3.1582,-27.598,-118.828,0,5
3.1601,-27.598,-119.883,0,5
3.1622,-27.598,-121.113,0,5
3.1642,-27.598,-122.168,0,5
3.1662,-27.598,-123.223,0,5
3.1681,-27.598,-124.277,0,5
3.1702,-27.598,-125.332,0,5
3.1722,-27.598,-126.387,0,5
3.1742,-27.773,-127.266,0,5
3.1761,-27.773,-128.320,0,5
3.1782,-27.773,-129.199,0,5
3.1802,-27.949,-130.078,0,5
3.1822,-27.949,-130.957,0,5
3.1841,-27.949,-131.836,0,5
3.1862,-28.125,-132.715,0,5
3.1882,-28.125,-133.418,0,5
3.1902,-28.125,-134.297,0,5
3.1921,-28.301,-135.000,0,5
3.1942,-28.301,-135.703,-58,5
3.1962,-28.301,-136.406,-58,5
3.1981,-28.301,-136.934,-58,5
3.2001,-28.477,-137.637,-58,5
3.2021,-28.477,-138.164,-58,5
3.2041,-28.477,-138.691,-58,5
3.2062,-28.652,-139.219,-58,5
3.2082,-28.652,-139.746,-58,5
3.2102,-28.652,-140.273,-58,5
3.2123,-28.652,-140.801,-58,5
3.2142,-28.652,-141.152,-58,5
3.2162,-28.828,-141.504,-58,5
3.2182,-28.828,-142.031,-58,5
3.2202,-28.828,-142.383,-58,5
3.2222,-28.828,-142.559,-58,5
3.2242,-28.828,-142.910,-58,5
3.2262,-28.828,-143.262,-58,5
3.2281,-28.828,-143.438,-58,5
3.2301,-28.828,-143.613,-58,5
3.2321,-28.652,-143.789,-58,5
3.2342,-28.652,-143.965,-58,5
3.2377,-28.652,-144.141,-58,5
3.2381,-28.652,-144.141,-58,5
3.2402,-28.477,-144.141,-58,5
3.2422,-28.477,-144.316,-58,5
3.2441,-28.301,-144.316,-58,5
3.2462,-28.301,-144.316,-58,5
3.2482,-28.301,-144.141,-58,5
3.2502,-28.125,-144.141,-58,5
3.2522,-28.125,-143.965,-58,5
3.2542,-27.949,-143.965,-58,5
3.2562,-27.773,-143.613,-58,5
3.2582,-27.773,-143.438,-58,5
3.2602,-27.598,-143.262,-58,5
3.2622,-27.422,-143.086,-58,5
3.2642,-27.246,-142.734,-58,5
3.2662,-27.246,-142.559,-58,5
3.2682,-27.070,-142.207,-58,5
3.2701,-26.895,-141.855,-58,5
3.2721,-26.719,-141.504,-58,5
3.2741,-26.543,-140.977,-58,5
3.2761,-26.367,-140.625,-58,5
3.2782,-26.191,-140.098,58,5
3.2802,-26.191,-139.570,58,5
3.2822,-26.016,-139.043,58,5
3.2842,-25.840,-138.516,59,5
3.2862,-25.664,-137.988,59,5
3.2882,-25.488,-137.285,59,5
3.2902,-25.312,-136.758,59,5
3.2921,-25.312,-136.055,59,5
3.2941,-25.137,-135.527,59,5
3.2961,-24.961,-134.824,59,5
3.2982,-24.785,-133.945,59,5
3.3002,-24.785,-133.242,59,5
3.3022,-24.609,-132.363,59,5
3.3042,-24.609,-131.660,59,5
3.3062,-24.434,-130.781,59,5
3.3082,-24.434,-129.902,59,5
3.3102,-24.258,-129.023,59,5
3.3122,-24.258,-128.145,59,5
3.3141,-24.082,-127.266,59,5
3.3161,-24.082,-126.387,59,5
3.3181,-24.082,-125.332,59,5
3.3202,-24.082,-124.277,59,5
3.3222,-24.082,-123.223,59,5
3.3242,-24.082,-122.168,59,5
3.3262,-24.082,-121.113,59,5
3.3282,-24.082,-119.883,59,5
3.3302,-24.082,-118.828,59,5
3.3322,-24.082,-117.598,59,5
3.3342,-24.082,-116.367,59,5
3.3377,-24.082,-114.082,59,5
3.3382,-24.258,-113.906,59,5
3.3402,-24.258,-112.500,59,5
3.3422,-24.434,-111.270,59,5
3.3442,-24.609,-109.863,59,5
3.3462,-24.609,-108.457,59,5
3.3482,-24.785,-107.051,59,5
3.3501,-24.961,-105.645,59,5
3.3522,-25.312,-104.062,59,5
3.3542,-25.488,-102.656,59,5
3.3562,-25.664,-101.074,59,5
3.3582,-26.016,-99.316,59,5
3.3602,-26.191,-97.734,59,5
3.3622,-26.543,-96.152,58,5
3.3642,-26.895,-94.395,58,5
3.3662,-27.246,-92.637,58,5
3.3682,-27.598,-90.879,58,5
3.3702,-28.125,-89.121,58,5
3.3722,-28.652,-87.188,58,5
3.3742,-29.004,-85.430,58,5
3.3762,-29.531,-83.496,58,5
3.3781,-30.234,-81.562,58,5
3.3801,-30.762,-79.453,58,5
3.3821,-31.465,-77.520,58,5
3.3841,-32.168,-75.410,58,5
3.3861,-32.871,-73.125,58,5
3.3881,-33.750,-71.016,58,5
3.3902,-34.629,-68.730,58,5
3.3922,-35.508,-66.270,58,5
3.3942,-36.387,-63.984,58,5
3.3962,-37.441,-61.523,58,5
3.3982,-38.672,-60.820,57,5
3.4002,-39.727,-60.820,57,5
3.4022,-40.957,-60.820,57,5
3.4042,-42.188,-60.820,57,5
3.4062,-43.594,-60.293,57,5
3.4082,-45.000,-57.480,57,5
3.4102,-46.406,-54.668,57,5
3.4122,-47.988,-51.855,56,5
3.4142,-49.570,-48.867,56,5
3.4161,-50.977,-46.055,56,5
3.4181,-52.559,-43.242,53,5
3.4201,-54.141,-40.254,48,5
3.4221,-55.547,-37.441,43,5
3.4242,-56.953,-34.453,39,5
3.4262,-58.535,-31.641,36,5
3.4281,-59.766,-29.004,0,5
3.4302,-61.172,-26.191,27,5
3.4322,-62.402,-23.555,23,5
3.4342,-63.633,-20.918,20,5
3.4377,-65.566,-16.523,17,5
3.4381,-65.918,-15.996,11,5
3.4402,-66.797,-13.535,10,5
3.4422,-67.852,-11.074,8,5
3.4442,-68.730,-8.789,5,5
3.4462,-69.609,-6.680,2,5
3.4482,-70.312,-4.395,0,5
3.4502,-71.016,-2.285,0,5
3.4522,-71.719,-0.176,-2,5
3.4541,-72.246,1.758,-4,5
3.4561,-72.949,3.691,-5,5
3.4581,-73.477,5.801,-7,5
3.4601,-74.004,7.559,-8,5
3.4622,-74.531,9.492,-10,5
3.4642,-74.883,11.250,-11,5
3.4662,-75.410,13.184,-12,5
3.4682,-75.762,14.766,-14,5
3.4702,-76.113,16.523,-14,5
3.4722,-76.465,18.281,-15,5
3.4742,-76.641,19.863,-16,5
3.4762,-76.992,21.445,-16,5
3.4781,-77.168,22.852,-17,5
3.4801,-77.520,24.434,-18,5
3.4821,-77.695,26.016,-19,5
3.4841,-77.871,27.422,-19,5
3.4863,-78.047,28.828,-19,5
3.4882,-78.223,30.234,-20,5
3.4902,-78.223,31.641,-20,5
3.4922,-78.398,32.871,-20,5
3.4942,-78.574,34.277,-21,5
3.4962,-78.574,35.508,-21,5
3.4981,-78.750,36.738,-21,5
3.5001,-78.750,37.969,-22,5
3.5021,-78.750,39.023,-22,5
3.5042,-78.926,40.254,-22,5
3.5062,-78.926,41.309,-22,5
3.5082,-78.926,42.363,-22,5
3.5102,-78.926,43.594,-22,5
3.5122,-78.926,44.473,-22,5
3.5141,-78.926,45.527,-22,5
3.5161,-78.926,46.582,-22,5
3.5181,-78.926,47.461,-22,5
3.5202,-78.926,48.340,-22,5
3.5222,-78.926,49.219,-22,5
3.5242,-78.750,50.098,-22,5
3.5262,-78.750,50.977,-22,5
3.5282,-78.750,51.855,-22,5
3.5302,-78.574,52.559,-22,5
3.5322,-78.574,53.438,-21,5
3.5342,-78.398,54.141,-21,5
3.5377,-78.223,55.371,-21,5
3.5382,-78.223,55.547,-20,5
3.5402,-78.223,56.250,-20,5
3.5422,-78.047,56.777,-20,5
3.5442,-78.047,57.480,-20,5
3.5462,-77.871,58.008,-20,5
3.5482,-77.871,58.535,-19,5
3.5502,-77.695,59.062,-19,5
3.5522,-77.520,59.590,-19,5
3.5542,-77.520,59.941,-19,5
3.5561,-77.344,60.469,-19,5
3.5582,-77.344,60.820,-19,5
3.5602,-77.168,61.172,-19,5
3.5622,-76.992,61.699,-18,5
3.5642,-76.992,61.875,-17,5
3.5661,-76.816,62.227,-17,5
3.5682,-76.816,62.578,-17,5
3.5702,-76.641,62.754,-17,5
3.5722,-76.465,63.105,-16,5
3.5742,-76.465,63.281,-16,5
3.5762,-76.289,63.457,-16,5
3.5782,-76.113,63.457,-15,5
3.5802,-76.113,63.633,-15,5
3.5822,-75.938,63.809,-15,5
3.5842,-75.938,63.809,-14,5
3.5862,-75.762,63.809,-14,5
3.5882,-75.586,63.809,-14,5
3.5902,-75.586,63.809,-14,5
3.5922,-75.410,63.809,-14,5
3.5942,-75.410,63.809,-14,5
3.5962,-75.234,63.633,-14,5
3.5982,-75.234,63.457,-13,5
3.6001,-75.059,63.457,-13,5
3.6021,-74.883,63.281,-13,5
3.6041,-74.883,63.105,-12,5
3.6061,-74.707,62.754,-12,5
3.6081,-74.707,62.578,-12,5
3.6101,-74.531,62.402,-12,5
3.6121,-74.531,62.051,-11,5
3.6142,-74.355,61.699,-11,5
3.6162,-74.355,61.348,-11,5
3.6182,-74.180,60.996,-11,5
3.6202,-74.004,60.469,-52,5
3.6222,-74.004,60.117,-52,5
3.6242,-73.828,59.590,-52,5
3.6262,-73.828,59.062,-52,5
3.6282,-73.652,58.535,-52,5
3.6302,-73.652,58.184,-52,5
3.6322,-73.477,57.480,-52,5
3.6342,-73.301,56.953,-52,5
3.6377,-73.125,55.723,-52,5
3.6382,-73.125,55.723,-52,5
3.6402,-72.949,55.020,-52,5
3.6422,-72.773,54.316,-52,5
3.6442,-72.598,53.613,-52,5
3.6462,-72.598,52.734,-53,5
3.6482,-72.422,52.031,-53,5
3.6502,-72.246,51.152,-53,5
3.6522,-72.070,50.449,-53,5
3.6542,-71.895,49.570,-53,5
3.6562,-71.719,48.691,-53,5
3.6582,-71.543,47.812,-53,5
3.6602,-71.367,46.758,-53,5
3.6622,-71.191,45.879,-53,5
3.6641,-71.016,44.824,-53,5
3.6661,-70.840,43.770,-53,5
3.6682,-70.488,42.715,-53,5
3.6702,-70.312,41.660,-53,5
3.6722,-69.961,40.605,-53,5
3.6742,-69.785,39.375,-53,5
3.6762,-69.434,38.320,-53,5
3.6782,-69.258,37.090,-53,5
3.6802,-68.906,35.859,-53,5
3.6821,-68.555,34.629,-53,5
3.6841,-68.203,33.398,-53,5
3.6861,-67.852,31.992,-53,5
3.6881,-67.500,30.762,-53,5
3.6902,-67.148,29.355,-53,5
3.6922,-66.797,27.949,-53,5
3.6942,-66.270,26.543,-53,5
3.6962,-65.918,24.961,-54,5
3.6982,-65.566,23.379,-54,5
3.7002,-65.039,21.973,-54,5
3.7022,-64.512,20.391,-54,5
3.7042,-63.984,18.809,-54,5
3.7061,-63.457,17.227,-54,5
3.7081,-62.754,15.645,-54,5
3.7101,-62.227,13.887,-54,5
3.7122,-61.523,12.129,-54,5
3.7142,-60.996,10.371,-54,5
3.7162,-60.117,8.438,-54,5
3.7182,-59.414,6.504,-55,5
3.7202,-58.711,4.746,-55,5
3.7222,-57.832,2.812,-55,5
3.7241,-56.953,0.879,-55,5
3.7261,-56.074,-1.230,-55,5
3.7281,-55.195,-3.340,-55,5
3.7301,-54.141,-5.449,-55,5
3.7322,-53.086,-7.559,-55,5
3.7342,-52.031,-9.844,-56,5
3.7377,-49.922,-13.887,-56,5
3.7381,-49.570,-14.414,-56,5
3.7402,-48.340,-16.875,-56,5
3.7422,-46.934,-19.160,-56,5
3.7442,-45.527,-21.797,-56,5
3.7462,-43.945,-24.258,-57,5
3.7482,-42.363,-26.895,-57,5
3.7502,-40.957,-29.531,-57,5
3.7522,-39.199,-32.344,-57,5
3.7541,-37.617,-34.805,-57,5
3.7562,-35.859,-37.793,-57,5
3.7582,-34.102,-40.605,-58,5
3.7602,-32.168,-43.418,-58,5
3.7622,-30.410,-46.055,-58,5
3.7642,-28.652,-49.043,-58,5
3.7662,-26.895,-51.680,-58,5
3.7682,-25.137,-54.492,0,5
3.7701,-23.555,-57.129,0,5
3.7722,-21.797,-59.941,0,5
3.7742,-20.215,-62.578,0,5
3.7762,-18.633,-65.215,0,5
3.7781,-17.227,-67.676,0,5
3.7802,-15.645,-70.312,0,5
3.7857,-12.129,-76.992,0,5
3.7867,-11.426,-78.223,0,5
3.7873,-11.074,-78.750,0,5
3.7881,-10.723,-79.629,0,5
3.7902,-9.492,-81.914,0,5
3.7921,-8.438,-84.023,0,5
3.7942,-7.383,-86.309,0,5
3.7961,-6.504,-88.242,0,5
3.7982,-5.449,-90.527,0,5
3.8002,-4.570,-92.285,0,5
3.8022,-3.691,-94.395,0,5
3.8041,-2.988,-96.152,0,5
3.8062,-2.285,-98.262,0,5
3.8082,-1.406,-99.844,0,5
3.8102,-0.703,-101.777,0,5
3.8121,-0.176,-103.359,0,5
3.8142,0.527,-105.293,0,5
3.8161,1.230,-106.875,0,5
3.8182,1.758,-108.633,0,5
3.8202,2.285,-110.215,0,5
3.8222,2.812,-111.797,0,5
3.8241,3.340,-113.203,0,5
3.8262,3.867,-114.785,0,5
3.8282,4.395,-116.191,0,5
3.8302,4.746,-117.598,0,5
3.8321,5.273,-119.004,0,5
3.8342,5.625,-120.586,0,5
3.8382,6.504,-123.223,0,5
3.8387,6.504,-123.574,0,5
3.8402,6.855,-124.453,0,5
3.8422,7.207,-125.859,0,5
3.8442,7.559,-127.090,0,5
3.8462,7.910,-128.145,0,5
3.8481,8.262,-129.375,0,5
3.8502,8.613,-130.605,0,5
3.8522,8.789,-130.605,0,5
3.8542,9.141,-130.605,0,5
3.8561,9.492,-130.605,0,5
3.8583,9.668,-131.484,0,5
3.8601,10.020,-132.363,0,5
3.8622,10.371,-133.418,0,5
3.8642,10.547,-134.297,0,5
3.8661,10.723,-134.824,0,5
3.8681,11.074,-134.824,0,5
3.8702,11.250,-135.703,0,5
3.8722,11.602,-136.406,0,5
3.8741,11.777,-137.285,-59,5
3.8762,12.129,-138.164,-59,5
3.8782,12.305,-138.867,-59,5
3.8802,12.480,-139.570,-59,5
3.8822,12.832,-140.273,-59,5
3.8842,13.184,-140.977,-59,5
3.8862,13.359,-141.680,-59,5
3.8882,13.535,-142.207,-59,5
3.8902,13.887,-142.910,-59,5
3.8922,14.062,-143.438,-59,5
3.8941,14.414,-143.965,-59,5
3.8961,14.590,-144.492,-59,5
3.8981,14.941,-145.020,-59,5
3.9001,15.117,-145.371,-59,5
3.9022,15.469,-145.898,-59,5
3.9042,15.645,-146.250,-59,5
3.9062,15.996,-146.777,-59,5
3.9082,16.348,-146.953,-59,5
3.9102,16.523,-147.305,-59,5
3.9122,16.875,-147.656,-59,5
3.9142,17.227,-147.832,-59,5
3.9161,17.402,-148.184,-59,5
3.9181,17.754,-148.359,-59,5
3.9201,18.105,-148.535,-59,5
3.9221,18.457,-148.711,-59,5
3.9242,18.809,-148.887,-59,5
3.9262,19.160,-148.887,-59,5
3.9281,19.512,-148.887,-59,5
3.9302,19.688,-149.062,-59,5
3.9322,20.215,-149.062,-59,5
3.9341,20.391,-149.062,-59,5
3.9377,21.094,-148.887,-59,5
3.9381,21.094,-148.887,-59,5
3.9402,21.621,-148.711,-59,5
3.9422,21.973,-148.535,-59,5
3.9442,22.324,-148.359,-59,5
3.9462,22.676,-148.184,-59,5
3.9482,23.027,-148.008,-59,5
3.9502,23.555,-147.832,-59,5
3.9522,23.906,-147.480,-59,5
3.9542,24.258,-147.129,-59,5
3.9561,24.609,-146.953,-59,5
3.9581,25.137,-146.426,-59,5
3.9601,25.488,-146.074,59,5
3.9622,25.840,-145.723,59,5
3.9642,26.367,-145.371,59,5
3.9662,26.719,-144.844,58,5
3.9682,27.070,-144.316,58,5
3.9702,27.422,-143.789,58,5
3.9722,27.949,-143.262,58,5
3.9742,28.301,-142.734,58,5
3.9762,28.652,-142.031,58,5
3.9782,29.004,-141.504,58,5
3.9802,29.355,-140.801,58,5
3.9821,29.707,-140.098,58,5
3.9841,30.059,-139.395,58,5
3.9861,30.234,-138.691,58,5
3.9881,30.762,-137.988,58,5
3.9902,30.938,-137.109,58,5
3.9921,31.289,-136.406,58,5
3.9941,31.641,-135.527,58,5
3.9961,31.816,-134.648,58,5
3.9982,32.168,-133.770,58,5
4.0002,32.344,-132.891,58,5
4.0022,32.695,-131.836,58,5
4.0042,32.871,-130.957,58,5
4.0062,33.223,-129.902,58,5
4.0082,33.398,-128.848,58,5
4.0102,33.574,-127.793,58,5
4.0122,33.750,-126.738,58,5
4.0141,34.102,-125.684,58,5
4.0161,34.277,-124.453,58,5
4.0181,34.453,-123.398,58,5
4.0202,34.453,-122.168,58,5
4.0222,34.629,-120.938,58,5
4.0242,34.805,-119.707,58,5
4.0262,34.980,-119.004,58,5
4.0282,34.980,-117.773,58,5
4.0302,34.980,-116.543,58,5
4.0322,35.156,-115.137,58,5
4.0342,35.156,-113.730,58,5
4.0377,35.156,-111.094,58,5
4.0382,35.156,-110.742,58,5
4.0402,35.156,-109.160,58,5
4.0422,35.156,-107.754,58,5
4.0442,35.156,-106.172,58,5
4.0462,34.980,-104.590,58,5
4.0482,34.980,-102.832,58,5
4.0502,34.805,-101.074,58,5
4.0522,34.629,-99.316,58,5
4.0542,34.453,-97.734,58,5
4.0562,34.277,-95.801,58,5
4.0582,33.926,-94.043,58,5
4.0602,33.574,-92.109,58,5
4.0621,33.223,-91.055,58,5
4.0642,32.871,-91.055,58,5
4.0662,32.520,-91.055,58,5
4.0682,31.992,-91.055,58,5
4.0702,31.465,-91.055,58,5
4.0722,30.938,-91.055,58,5
4.0742,30.410,-91.055,58,5
4.0762,29.707,-91.055,58,5
4.0782,29.004,-91.055,58,5
4.0802,28.301,-91.055,58,5
4.0822,27.422,-91.055,58,5
4.0842,26.543,-91.055,58,5
4.0862,25.664,-91.055,58,5
4.0882,24.609,-91.055,59,5
4.0902,23.555,-91.055,59,5
4.0922,22.324,-91.055,59,5
4.0942,21.094,-91.055,59,5
4.0962,19.863,-91.055,59,5
4.0982,18.633,-91.055,59,5
4.1002,17.227,-88.242,59,5
4.1022,15.996,-85.254,59,5
4.1042,14.590,-82.266,59,5
4.1062,13.184,-79.277,59,5
4.1082,11.777,-76.289,59,5
4.1101,10.723,-73.652,59,5
4.1121,9.316,-70.840,59,5
4.1141,8.262,-67.852,59,5
4.1161,7.031,-65.039,59,5
4.1181,5.977,-62.402,59,5
4.1202,4.922,-59.590,59,5
4.1222,3.867,-56.953,59,5
4.1242,2.812,-54.316,59,5
4.1262,1.934,-51.855,59,5
4.1282,1.230,-49.395,59,5
4.1302,0.352,-46.934,59,5
4.1322,-0.352,-44.473,59,5
4.1342,-1.055,-42.188,59,5
4.1377,-2.109,-38.145,59,5
4.1382,-2.285,-37.793,59,5
4.1402,-2.812,-35.508,59,5
4.1422,-3.340,-33.398,59,5
4.1442,-3.867,-31.113,59,5
4.1461,-4.395,-29.355,59,5
4.1481,-4.746,-27.246,59,5
4.1501,-5.098,-25.312,59,5
4.1522,-5.625,-23.203,59,5
4.1542,-5.977,-21.270,59,5
4.1562,-6.328,-19.512,59,5
4.1582,-6.504,-17.578,59,5
4.1602,-6.855,-15.820,59,5
4.1622,-7.031,-14.062,59,5
4.1642,-7.383,-12.305,59,5
4.1662,-7.559,-10.547,59,5
4.1682,-7.734,-8.789,59,5
4.1702,-7.910,-7.207,59,5
4.1722,-8.262,-5.625,59,5
4.1742,-8.438,-3.867,59,5
4.1761,-8.438,-2.461,59,5
4.1781,-8.613,-0.879,59,5
4.1801,-8.789,0.527,59,5
4.1822,-8.965,2.109,59,5
4.1842,-8.965,3.516,59,5
4.1862,-9.141,4.922,59,5
4.1882,-9.316,6.328,59,5
4.1902,-9.316,7.734,59,5
4.1922,-9.316,9.141,59,5
4.1942,-9.492,10.371,59,5
4.1961,-9.668,11.602,59,5
4.1981,-9.668,12.832,59,5
4.2001,-9.668,14.062,59,5
4.2022,-9.844,15.293,59,5
4.2042,-9.844,16.523,59,5
4.2062,-10.020,17.754,59,5
4.2082,-10.020,18.809,59,5
4.2102,-10.020,19.863,59,5
4.2122,-10.020,20.918,59,5
4.2142,-10.195,21.973,59,5
4.2161,-10.195,23.027,59,5
4.2181,-10.371,23.906,59,5
4.2201,-10.371,24.961,59,5
4.2221,-10.371,25.840,59,5
4.2242,-10.547,26.719,59,5
4.2262,-10.547,27.598,59,5
4.2282,-10.547,28.477,59,5
4.2302,-10.723,29.355,59,5
4.2322,-10.723,30.234,59,5
4.2342,-10.898,30.938,59,5
4.2378,-11.074,32.168,59,5
4.2382,-11.074,32.344,59,5
4.2402,-11.250,33.047,59,5
4.2421,-11.250,33.750,59,5
4.2442,-11.426,34.453,59,5
4.2462,-11.426,34.980,59,5
4.2481,-11.602,35.508,59,5
4.2501,-11.777,36.035,59,5
4.2521,-11.953,36.562,59,5
4.2542,-12.129,37.090,59,5
4.2562,-12.129,37.617,59,5
4.2582,-12.480,37.969,59,5
4.2602,-12.656,38.496,59,5
4.2622,-12.832,38.848,59,5
4.2642,-13.008,39.199,59,5
4.2662,-13.184,39.551,59,5
4.2683,-13.359,39.727,59,5
4.2701,-13.535,40.078,59,5
4.2721,-13.887,40.254,59,5
4.2741,-14.062,40.430,59,5
4.2761,-14.414,40.605,59,5
4.2782,-14.590,40.781,59,5
4.2802,-14.941,40.957,59,5
4.2822,-15.293,40.957,59,5
4.2842,-15.645,40.957,59,5
4.2862,-15.820,41.133,59,5
4.2882,-16.172,41.133,59,5
4.2902,-16.523,41.133,59,5
4.2922,-16.875,40.957,59,5
4.2941,-17.227,40.957,59,5
4.2961,-17.578,40.781,59,5
4.2981,-17.930,40.781,59,5
4.3002,-18.281,40.605,59,5
4.3022,-18.633,40.254,59,5
4.3042,-19.160,40.078,59,5
4.3062,-19.512,39.902,59,5
4.3082,-19.863,39.551,59,5
4.3102,-20.391,39.199,59,5
4.3121,-20.742,38.848,59,5
4.3142,-21.270,38.496,59,5
4.3162,-21.621,37.969,59,5
4.3182,-21.973,37.617,59,5
4.3202,-22.500,37.090,-59,5
4.3222,-23.027,36.738,-59,5
4.3242,-23.379,36.211,-59,5
4.3262,-23.906,35.684,-59,5
4.3282,-24.258,35.156,-59,5
4.3302,-24.609,34.453,-59,5
4.3322,-25.137,33.926,-59,5
4.3341,-25.488,33.223,-59,5
4.3377,-26.191,32.168,-59,5
4.3381,-26.367,31.992,-58,5
4.3402,-26.719,31.289,-58,5
4.3422,-27.246,30.586,-58,5
4.3442,-27.598,29.707,-58,5
4.3462,-27.949,29.004,-58,5
4.3482,-28.301,28.301,-58,5
4.3502,-28.828,27.422,-58,5
4.3522,-29.180,26.543,-58,5
4.3542,-29.531,25.664,-58,5
4.3561,-29.707,24.785,-58,5
4.3581,-30.234,23.906,-58,5
4.3601,-30.410,23.027,-58,5
4.3622,-30.938,21.973,-58,5
4.3642,-31.113,21.094,-58,5
4.3662,-31.465,20.039,-58,5
4.3682,-31.816,18.984,-58,5
4.3703,-32.168,17.930,-58,5
4.3722,-32.344,16.875,-58,5
4.3742,-32.520,15.820,-58,5
4.3762,-32.871,14.766,-58,5
4.3782,-33.223,13.535,-58,5
4.3802,-33.398,12.305,-58,5
4.3822,-33.574,11.074,-58,5
4.3842,-33.750,9.844,-58,5
4.3862,-33.926,8.613,-58,5
4.3881,-34.277,7.383,-58,5
4.3901,-34.453,6.152,-58,5
4.3921,-34.629,4.746,-58,5
4.3942,-34.629,3.340,-58,5
4.3962,-34.805,1.934,-58,5
4.3982,-34.980,0.527,-58,5
4.4002,-34.980,-0.879,-58,5
4.4022,-35.156,-2.461,-58,5
4.4042,-35.156,-3.867,-58,5
4.4062,-35.156,-5.449,-58,5
4.4082,-35.332,-7.031,-58,5
4.4101,-35.332,-8.613,-58,5
4.4121,-35.332,-10.195,-58,5
4.4142,-35.332,-11.953,-58,5
4.4162,-35.156,-13.535,-58,5
4.4182,-35.156,-15.293,-58,5
4.4202,-34.980,-17.051,-58,5
4.4222,-34.805,-18.984,-58,5
4.4242,-34.629,-20.742,-58,5
4.4262,-34.453,-22.676,-58,5
4.4281,-34.277,-24.434,-58,5
4.4301,-33.926,-26.543,-58,5
4.4321,-33.750,-28.477,-58,5
4.4342,-33.398,-30.410,-58,5
4.4377,-32.695,-34.277,-58,5
4.4381,-32.520,-34.629,-58,5
4.4401,-32.168,-36.914,-58,5
4.4422,-31.641,-39.199,-58,5
4.4442,-31.113,-41.484,-58,5
4.4462,-30.410,-43.770,-58,5
4.4482,-29.707,-46.230,-58,5
4.4502,-29.004,-48.516,-58,5
4.4522,-28.301,-51.152,-58,5
4.4542,-27.422,-53.613,-58,5
4.4562,-26.543,-56.250,-58,5
4.4582,-25.488,-59.062,-58,5
4.4602,-24.434,-61.875,-59,5
4.4622,-23.379,-64.688,-59,5
4.4642,-22.148,-67.500,-59,5
4.4662,-20.918,-70.488,-59,5
4.4682,-19.688,-73.477,0,5
4.4702,-18.281,-76.465,0,5
4.4723,-16.875,-79.629,0,5
4.4742,-15.469,-82.617,0,5
4.4761,-14.062,-85.605,0,5
4.4782,-12.656,-88.945,0,5
4.4802,-11.250,-92.109,0,5
4.4821,-9.844,-94.922,0,5
4.4842,-8.438,-98.262,0,5
4.4862,-7.207,-101.074,0,5
4.4882,-5.977,-104.062,0,5
4.4901,-4.922,-106.875,0,5
4.4922,-3.691,-109.688,0,5
4.4942,-2.637,-112.500,0,5
4.4962,-1.758,-115.137,0,5
4.4981,-0.879,-117.598,0,5
4.5002,0.000,-120.410,0,5
4.5022,0.879,-122.871,0,5
4.5042,1.582,-125.156,0,5
4.5061,2.109,-127.441,0,5
4.5082,2.812,-129.902,0,5
4.5102,3.340,-132.188,0,5
4.5122,4.043,-134.297,0,5
4.5142,4.395,-136.582,0,5
4.5161,4.922,-138.691,0,5
4.5182,5.273,-140.801,0,5
4.5202,5.625,-142.734,0,5
4.5221,5.977,-144.668,0,5
4.5242,6.328,-146.777,0,5
4.5262,6.504,-148.711,0,5
4.5281,6.855,-150.469,0,5
4.5302,7.031,-152.402,0,5
4.5322,7.207,-154.160,0,5
4.5342,7.383,-155.918,0,5
4.5376,7.559,-158.906,0,5
4.5382,7.559,-159.434,0,5
4.5402,7.734,-161.191,0,5
4.5422,7.910,-162.246,0,5
4.5441,7.910,-162.246,0,5
4.5462,7.910,-162.246,0,5
4.5482,7.910,-162.246,0,5
4.5501,8.086,-162.246,0,5
4.5522,8.086,-162.246,0,5
4.5542,8.086,-163.477,0,5
4.5561,8.086,-164.883,0,5
4.5582,7.910,-166.465,0,5
4.5601,7.910,-167.695,59,5
4.5622,7.910,-169.102,59,5
4.5642,7.734,-170.332,59,5
4.5662,7.734,-171.738,59,5
4.5682,7.559,-172.969,59,5
4.5702,7.559,-174.199,59,5
4.5722,7.383,-175.430,59,5
4.5742,7.207,-176.660,59,5
4.5762,7.031,-177.715,59,5
4.5782,6.855,-178.945,59,5
4.5802,6.855,-180.000,59,5
4.5822,6.504,-181.055,59,5
4.5842,6.328,177.891,0,5
4.5862,6.152,176.836,59,5
4.5881,5.977,175.781,59,5
4.5902,5.801,174.727,59,5
4.5922,5.449,173.848,59,5
4.5942,5.273,172.969,59,5
4.5961,5.098,172.090,59,5
4.5982,4.922,171.035,59,5
4.6002,4.570,170.156,59,5
4.6021,4.395,169.453,59,5
4.6042,4.043,168.574,59,5
4.6062,3.691,167.695,59,5
4.6082,3.516,166.992,59,5
4.6101,3.340,166.113,59,5
4.6122,2.988,165.410,59,5
4.6142,2.637,164.707,59,5
4.6162,2.461,164.004,59,5
4.6181,2.109,163.477,59,5
4.6202,1.758,162.773,59,5
4.6222,1.406,162.246,59,5
4.6241,1.230,161.543,59,5
4.6262,0.879,161.016,59,5
4.6282,0.527,160.488,59,5
4.6302,0.176,159.961,59,5
4.6321,0.000,159.434,59,5
4.6342,-0.352,158.906,60,5
4.6379,-0.879,158.203,59,5
4.6383,-1.055,158.027,59,5
4.6402,-1.406,157.676,59,5
4.6422,-1.582,157.324,59,5
4.6442,-2.109,156.797,59,5
4.6461,-2.285,156.621,59,5
4.6482,-2.637,156.270,59,5
4.6502,-2.988,155.918,59,5
4.6521,-3.340,155.566,59,5
4.6542,-3.691,155.391,59,5
4.6562,-4.043,155.215,59,5
4.6581,-4.395,155.039,59,5
4.6602,-4.570,154.863,59,5
4.6622,-4.922,154.688,59,5
4.6641,-5.273,154.512,59,5
4.6662,-5.625,154.336,59,5
4.6682,-5.977,154.336,59,5
4.6702,-6.328,154.160,59,5
4.6721,-6.504,154.160,59,5
4.6742,-6.855,154.160,59,5
4.6762,-7.207,154.160,59,5
4.6782,-7.559,154.160,59,5
4.6802,-7.910,154.160,59,5
4.6821,-8.086,154.160,59,5
4.6842,-8.438,154.336,59,5
4.6862,-8.789,154.512,59,5
4.6882,-9.141,154.688,59,5
4.6901,-9.316,154.863,59,5
4.6922,-9.668,154.863,59,5
4.6942,-10.020,155.215,59,5
4.6962,-10.371,155.391,59,5
4.6981,-10.547,155.566,59,5
4.7002,-10.898,155.918,59,5
4.7022,-11.250,156.270,-8,5
4.7041,-11.426,156.621,-8,5
4.7062,-11.777,156.973,-8,5
4.7082,-12.129,157.324,-8,5
4.7101,-12.305,157.676,-8,5
4.7122,-12.656,158.203,-8,5
4.7142,-12.832,158.730,-8,5
4.7162,-13.184,159.082,-8,5
4.7181,-13.359,159.609,-8,5
4.7202,-13.535,160.137,-8,5
4.7222,-13.887,160.840,-59,5
4.7241,-14.062,161.367,-59,5
4.7262,-14.238,161.895,-59,5
4.7282,-14.590,162.598,-59,5
4.7301,-14.766,163.301,-59,5
4.7322,-14.941,164.004,-59,5
4.7342,-15.117,164.707,-59,5
4.7377,-15.469,166.113,-59,5
4.7381,-15.469,166.289,-59,5
4.7401,-15.645,167.168,-59,5
4.7422,-15.820,168.047,-59,5
4.7442,-15.996,168.926,-59,5
4.7461,-16.172,169.805,-59,5
4.7482,-16.348,170.684,-59,5
4.7502,-16.348,171.738,-59,5
4.7521,-16.523,172.617,-59,5
4.7542,-16.699,173.672,-59,5
4.7562,-16.875,174.727,-59,5
4.7581,-17.051,175.781,-59,5
4.7602,-17.227,177.012,-59,5
4.7622,-17.402,178.066,-59,5
4.7641,-17.402,179.121,-59,5
4.7662,-17.578,180.352,-59,5
4.7682,-17.754,181.582,-59,5
4.7702,-17.930,182.812,-59,5
4.7721,-18.105,184.043,-59,5
4.7742,-18.281,185.273,-59,5
4.7762,-18.281,186.504,-59,5
4.7781,-18.457,187.910,-59,5
4.7801,-18.633,189.141,-59,5
4.7821,-18.809,190.547,-59,5
4.7841,-18.984,191.953,-59,5
4.7862,-19.160,193.535,-59,5
4.7882,-19.336,194.941,-59,5
4.7901,-19.688,196.348,-59,5
4.7922,-19.863,198.105,-59,5
4.7942,-20.039,199.512,-59,5
4.7962,-20.215,201.094,-59,5
4.7981,-20.566,202.676,-59,5
4.8002,-20.742,204.434,-59,5
4.8022,-21.094,206.016,-59,5
4.8041,-21.270,207.598,-59,5
4.8062,-21.621,209.531,-59,5
4.8082,-21.973,211.289,-59,5
4.8102,-22.324,213.047,-59,5
4.8121,-22.676,214.805,-59,5
4.8142,-23.027,216.738,-59,5
4.8162,-23.379,218.672,-59,5
4.8182,-23.906,220.605,-59,5
4.8201,-24.258,222.363,-59,5
4.8222,-24.785,224.473,-59,5
4.8242,-25.312,226.582,-59,5
4.8262,-25.664,228.516,-59,5
4.8282,-26.367,230.801,-59,5
4.8302,-26.895,232.910,-58,5
4.8321,-27.598,235.020,-58,5
4.8342,-28.125,237.305,-58,5
4.8379,-29.531,241.523,-58,5
4.8385,-29.707,242.227,-58,5
4.8402,-30.410,244.160,-58,5
4.8421,-31.113,246.621,-58,5
4.8442,-32.168,249.082,-58,5
4.8462,-33.047,251.543,-58,5
4.8482,-34.102,254.180,-58,5
4.8502,-35.156,256.816,-58,5
4.8521,-36.035,259.277,-58,5
4.8542,-37.266,262.090,-58,5
4.8562,-38.496,264.902,-57,5
4.8582,-39.727,267.715,-57,5
4.8602,-40.957,270.527,-57,5
4.8621,-42.188,273.340,-57,5
4.8642,-43.594,276.328,-57,5
4.8662,-44.824,279.141,-57,5
4.8682,-46.230,282.129,-57,5
4.8845,-55.547,304.277,-56,5
4.8866,-56.250,306.562,-55,5
4.8887,-57.129,309.199,-55,5
4.8906,-57.832,311.309,-55,5
4.8925,-58.535,313.594,-55,5
4.8946,-59.238,315.879,-55,5
4.8966,-59.766,317.988,-55,5
4.8985,-60.293,319.922,-55,5
4.9006,-60.820,322.031,-55,5
4.9026,-61.172,323.965,-54,5
4.9046,-61.699,325.898,-54,5
4.9066,-62.051,327.832,-54,5
4.9085,-62.227,329.590,-54,5
4.9106,-62.578,331.523,-54,5
4.9126,-62.754,-26.719,-54,5
4.9145,-63.105,-25.137,19,5
4.9165,-63.281,-23.555,18,5
4.9186,-63.457,-21.797,18,5
4.9206,-63.457,-20.215,17,5
4.9226,-63.633,-18.809,17,5
4.9246,-63.633,-17.227,17,5
4.9266,-63.809,-15.645,17,5
4.9286,-63.809,-14.238,16,5
4.9306,-63.809,-12.832,16,5
4.9325,-63.809,-11.426,16,5
4.9345,-63.809,-10.195,16,5
4.9381,-63.809,-7.910,16,5
4.9386,-63.809,-7.559,16,5
4.9406,-63.809,-6.328,16,5
4.9426,-63.633,-5.098,16,5
4.9446,-63.633,-3.867,17,5
4.9466,-63.457,-2.637,17,5
4.9485,-63.457,-1.582,17,5
4.9505,-63.281,-0.527,17,5
4.9525,-63.105,0.527,18,5
4.9545,-63.105,1.582,18,5
4.9566,-62.930,2.637,18,5
4.9586,-62.754,3.516,19,5
4.9606,-62.578,4.570,19,5
4.9626,-62.402,5.449,20,5
4.9646,-62.227,6.328,20,5
4.9666,-62.051,7.207,20,5
4.9685,-61.875,7.910,20,5
4.9705,-61.699,8.789,21,5
4.9725,-61.523,9.668,21,5
4.9745,-61.348,10.371,22,5
4.9766,-61.172,11.074,22,5
4.9786,-60.996,11.777,23,5
4.9806,-60.645,12.480,24,5
4.9826,-60.469,13.184,25,5
4.9846,-60.293,13.711,25,5
4.9866,-59.941,14.238,26,5
4.9885,-59.766,14.766,27,5
4.9905,-59.590,15.469,27,5
4.9925,-59.414,15.996,28,5
4.9946,-59.238,16.348,28,5
4.9966,-58.887,16.875,29,5
4.9986,-58.711,17.227,30,5
5.0005,-58.535,17.578,30,5
5.0025,-58.184,18.105,31,5
5.0045,-58.008,18.281,32,5
5.0066,-57.832,18.633,32,5
5.0086,-57.656,18.984,33,5
5.0106,-57.305,19.160,34,5
5.0126,-57.129,19.512,35,5
5.0146,-56.953,19.688,35,5
5.0166,-56.602,19.863,36,5
5.0186,-56.426,19.863,37,5
5.0205,-56.250,20.039,37,5
5.0225,-56.074,20.215,37,5
5.0245,-55.723,20.215,38,5
5.0266,-55.547,20.215,38,5
5.0286,-55.371,20.215,39,5
5.0306,-55.195,20.215,39,5
5.0326,-55.020,20.215,40,5
5.0346,-54.844,20.039,40,5
5.0377,-54.492,19.863,41,5
5.0386,-54.316,19.863,42,5
5.0407,-54.141,19.688,43,5
5.0426,-53.965,19.512,43,5
5.0446,-53.789,19.160,44,5
5.0465,-53.613,18.984,44,5
5.0485,-53.438,18.809,45,5
5.0506,-53.262,18.457,45,5
5.0526,-53.086,18.105,46,5
5.0546,-52.734,17.754,-56,5
5.0566,-52.559,17.402,-56,5
5.0586,-52.383,16.875,-56,5
5.0606,-52.207,16.523,-56,5
5.0625,-52.031,15.996,-56,5
5.0646,-51.855,15.469,-56,5
5.0666,-51.680,14.941,-56,5
5.0686,-51.504,14.414,-56,5
5.0706,-51.152,13.887,-56,5
5.0726,-50.977,13.184,-56,5
5.0746,-50.801,12.656,-56,5
5.0766,-50.449,11.953,-56,5
5.0786,-50.273,11.250,-56,5
5.0805,-50.098,10.547,-56,5
5.0825,-49.746,9.844,-56,5
5.0845,-49.395,9.141,-56,5
5.0866,-49.219,8.262,-56,5
5.0886,-49.043,7.383,-56,5
5.0906,-48.691,6.504,-56,5
5.0926,-48.340,5.625,-56,5
5.0946,-47.988,4.746,-56,5
5.0966,-47.812,3.691,-56,5
5.0987,-47.461,2.812,-56,5
5.1005,-47.109,1.934,-56,5
5.1026,-46.758,0.703,-56,5
5.1046,-46.406,-0.352,-56,5
5.1066,-46.055,-1.406,-56,5
5.1086,-45.703,-2.461,-56,5
5.1106,-45.176,-3.691,-57,5
5.1125,-44.824,-4.746,-57,5
5.1145,-44.473,-5.977,-57,5
5.1166,-43.945,-7.207,-57,5
5.1186,-43.594,-8.438,-57,5
5.1206,-43.066,-9.844,-57,5
5.1226,-42.539,-11.250,-57,5
5.1246,-42.012,-12.480,-57,5
5.1266,-41.484,-13.887,-57,5
5.1286,-40.957,-15.469,-57,5
5.1306,-40.254,-16.875,-57,5
5.1325,-39.727,-18.281,-57,5
5.1345,-39.199,-19.863,-57,5
5.1377,-38.145,-22.324,-57,5
5.1385,-37.793,-23.027,-57,5
5.1406,-37.090,-24.609,-57,5
5.1426,-36.211,-26.367,-58,5
5.1446,-35.508,-28.125,-58,5
5.1466,-34.629,-29.883,-58,5
5.1485,-33.926,-31.641,-58,5
5.1505,-32.871,-33.398,-58,5
5.1526,-31.992,-35.332,-58,5
5.1546,-30.938,-37.266,-58,5
5.1566,-29.883,-39.199,-58,5
5.1586,-28.828,-41.133,-58,5
5.1606,-27.773,-43.242,-58,5
5.1626,-26.543,-45.352,-58,5
5.1645,-25.312,-47.461,-58,5
5.1665,-24.082,-49.570,-59,5
5.1685,-22.676,-51.855,-59,5
5.1706,-21.270,-54.141,-59,5
5.1726,-19.863,-56.602,-59,5
5.1746,-18.457,-58.887,-59,5
5.1766,-16.875,-61.348,-59,5
5.1786,-15.293,-63.809,-59,5
5.1806,-13.535,-66.445,-59,5
5.1826,-11.953,-68.906,0,5
5.1845,-10.195,-71.367,0,5
5.1866,-8.438,-74.180,0,5
5.1886,-6.680,-76.641,0,5
5.1905,-5.098,-79.277,0,5
5.1926,-3.164,-81.914,0,5
5.1945,-1.582,-84.375,0,5
5.1966,0.176,-87.012,0,5
5.1986,1.758,-89.473,0,5
5.2005,3.340,-91.934,0,5
5.2026,4.922,-94.395,0,5
5.2046,6.504,-96.680,0,5
5.2066,7.910,-97.910,0,5
5.2085,9.141,-97.910,0,5
5.2106,10.547,-97.910,0,5
5.2126,11.953,-97.910,0,5
5.2146,13.184,-98.789,0,5
5.2165,14.238,-100.723,0,5
5.2186,15.469,-102.832,0,5
5.2206,16.523,-104.238,0,5
5.2226,17.578,-105.996,0,5
5.2245,18.457,-107.930,0,5
5.2266,19.512,-109.863,0,5
5.2286,20.391,-111.621,0,5
5.2306,21.270,-113.379,0,5
5.2326,22.148,-115.312,0,5
5.2346,23.027,-116.895,0,5
5.2377,24.082,-119.531,0,5
5.2386,24.434,-120.234,0,5
5.2406,25.137,-121.816,0,5
5.2426,25.840,-123.398,0,5
5.2445,26.543,-124.805,0,5
5.2466,27.246,-126.387,0,5
5.2486,27.773,-127.793,0,5
5.2505,28.301,-129.199,0,5
5.2526,29.004,-130.781,0,5
5.2546,29.531,-132.012,0,5
5.2566,30.059,-133.418,0,5
5.2585,30.586,-134.648,0,5
5.2606,31.113,-135.879,0,5
5.2626,31.465,-137.109,0,5
5.2646,31.992,-138.340,0,5
5.2665,32.344,-139.395,0,5
5.2686,32.871,-140.625,0,5
5.2706,33.223,-141.855,0,5
5.2725,33.750,-142.910,0,5
5.2746,34.102,-143.965,0,5
5.2766,34.453,-144.316,0,5
5.2786,34.805,-145.195,0,5
5.2806,35.156,-146.250,0,5
5.2826,35.684,-147.129,0,5
5.2846,35.859,-148.184,0,5
5.2865,36.387,-148.887,0,5
5.2886,36.562,-149.766,0,5
5.2906,36.914,-150.645,0,5
5.2925,37.266,-150.996,0,5
5.2945,37.617,-150.996,0,5
5.2965,37.969,-150.996,0,5
5.2986,38.320,-150.996,0,5
5.3006,38.496,-150.996,0,5
5.3026,38.848,-150.996,0,5
5.3046,39.199,-150.996,0,5
5.3066,39.375,-150.996,0,5
5.3086,39.727,-150.996,-57,5
5.3105,40.078,-150.996,-57,5
5.3126,40.254,-150.996,-57,5
5.3146,40.605,-150.996,-57,5
5.3166,40.957,-150.996,-57,5
5.3186,41.309,-150.996,-57,5
5.3206,41.484,-150.996,-57,5
5.3226,41.836,-150.996,-57,5
5.3246,42.188,-150.996,-57,5
5.3266,42.363,-150.996,-57,5
5.3286,42.715,-150.996,-57,5
5.3305,43.066,-150.996,-57,5
5.3325,43.418,-150.996,-57,5
5.3345,43.594,-150.996,-57,5
5.3377,44.121,-150.996,-57,5
5.3385,44.297,-150.996,-57,5
5.3406,44.648,-150.996,-57,5
5.3426,44.824,-150.996,-57,5
5.3446,45.176,-150.996,-57,5
5.3466,45.527,-150.996,-57,5
5.3486,45.879,-150.996,-57,5
5.3506,46.230,-150.996,-57,5
5.3525,46.582,-150.996,-56,5
5.3545,46.934,-150.996,-56,5
5.3565,47.285,-150.996,-56,5
5.3586,47.637,-150.996,-56,5
5.3606,47.812,-150.996,-56,5
5.3626,48.340,-150.996,-56,5
5.3646,48.516,-150.996,-56,5
5.3666,49.043,-150.996,-56,5
5.3686,49.395,-150.996,-56,5
5.3706,49.746,-150.996,3,5
5.3725,49.922,-150.996,4,5
5.3745,50.273,-150.996,5,5
5.3765,50.625,-150.996,6,5
5.3786,50.977,-150.996,7,5
5.3806,51.328,-150.996,8,5
5.3826,51.680,-150.996,9,5
5.3846,52.031,-150.996,10,5
5.3866,52.383,-150.996,11,5
5.3886,52.734,-150.996,12,5
5.3906,53.086,-150.996,43,5
5.3926,53.438,-150.996,45,5
5.3946,53.789,-150.996,47,5
5.3966,53.965,-150.996,50,5
5.3985,54.316,-150.996,52,5
5.4006,54.668,-150.996,54,5
5.4026,55.020,-150.996,55,5
5.4046,55.195,-150.996,55,5
5.4066,55.547,-150.996,55,5
5.4085,55.723,-150.996,55,5
5.4106,56.074,-150.996,55,5
5.4126,56.250,-150.996,55,5
5.4146,56.426,-150.996,55,5
5.4166,56.777,-150.996,55,5
5.4185,56.953,-150.996,55,5
5.4206,57.129,-150.996,55,5
5.4226,57.305,-150.996,55,5
5.4246,57.480,-150.996,55,5
5.4266,57.656,-150.996,55,5
5.4286,57.832,-150.996,55,5
5.4305,58.008,-150.996,55,5
5.4326,58.008,-150.996,55,5
5.4345,58.184,-150.996,55,5
5.4377,58.359,-150.996,55,5
5.4385,58.359,-150.996,55,5
5.4406,58.359,-150.996,55,5
5.4426,58.359,-150.996,55,5
5.4446,58.359,-150.996,55,5
5.4465,58.359,-150.996,55,5
5.4485,58.359,-150.996,55,5
5.4506,58.359,-150.996,55,5
5.4526,58.359,-150.996,55,5
5.4546,58.184,-150.996,55,5
5.4566,58.184,-150.996,55,5
5.4586,58.008,-150.996,55,5
5.4606,57.832,-150.996,55,5
5.4626,57.656,-150.996,55,5
5.4646,57.305,-150.996,55,5
5.4665,57.129,-150.996,55,5
5.4686,56.777,-150.996,55,5
5.4706,56.426,-150.996,55,5
5.4726,56.074,-150.996,55,5
5.4746,55.547,-150.996,55,5
5.4766,55.195,-150.996,55,5
5.4786,54.668,-150.996,55,5
5.4806,54.141,-150.996,55,5
5.4826,53.438,-150.996,55,5
5.4846,52.734,-150.996,56,5
5.4865,52.031,-150.996,56,5
5.4885,51.328,-150.996,56,5
5.4906,50.449,-150.996,56,5
5.4926,49.570,-150.996,56,5
5.4946,48.691,-150.996,56,5
5.4966,47.812,-150.996,56,5
5.4985,46.758,-150.996,56,5
5.5006,45.527,-150.996,56,5
5.5026,44.473,-150.996,57,5
5.5046,43.418,-150.996,57,5
5.5065,42.188,-150.996,57,5
5.5086,40.957,-150.996,57,5
5.5106,39.902,-150.996,57,5
5.5126,38.672,-150.996,57,5
5.5146,37.617,-150.996,57,5
5.5166,36.562,-150.996,57,5
5.5186,35.508,-149.062,58,5
5.5205,34.453,-146.426,58,5
5.5226,33.398,-143.965,58,5
5.5246,32.520,-141.328,58,5
5.5266,31.465,-138.867,58,5
5.5286,30.762,-136.406,58,5
5.5306,29.883,-134.121,58,5
5.5326,29.180,-131.660,58,5
5.5346,28.477,-129.375,58,5
5.5377,27.422,-126.035,58,5
5.5386,27.070,-124.980,58,5
5.5406,26.543,-122.871,0,5
5.5425,26.016,-120.762,0,5
5.5446,25.488,-118.652,0,5
5.5466,24.961,-116.719,0,5
5.5486,24.434,-114.785,0,5
5.5505,24.082,-112.852,0,5
5.5525,23.730,-110.918,59,5
5.5545,23.379,-109.160,59,5
5.5565,23.027,-107.227,59,5
5.5585,22.676,-105.469,59,5
5.5605,22.500,-103.711,59,5
5.5625,22.324,-101.953,0,5
5.5646,21.973,-100.371,0,5
5.5666,21.797,-98.613,0,5
5.5685,21.621,-97.031,0,5
5.5706,21.445,-95.449,0,5
5.5726,21.270,-93.867,0,5
5.5745,21.094,-92.461,0,5
5.5766,20.918,-90.879,0,5
5.5786,20.918,-89.473,0,5
5.5805,20.742,-88.066,0,5
5.5825,20.566,-86.660,59,5
5.5845,20.566,-85.254,59,5
5.5865,20.391,-84.023,59,5
5.5885,20.391,-82.617,59,5
5.5905,20.391,-81.387,59,5
5.5925,20.391,-80.156,59,5
5.5945,20.215,-78.926,59,5
5.5965,20.215,-77.695,59,5
5.5985,20.215,-76.641,59,5
5.6005,20.215,-75.410,59,5
5.6025,20.215,-74.355,59,5
5.6045,20.215,-73.301,59,5
5.6066,20.215,-72.246,59,5
5.6086,20.039,-71.191,59,5
5.6106,20.039,-70.137,59,5
5.6126,20.039,-69.082,59,5
5.6146,20.039,-68.203,59,5
5.6166,20.039,-67.324,59,5
5.6186,20.039,-66.445,59,5
5.6206,20.039,-65.566,59,5
5.6226,19.863,-64.688,59,5
5.6246,19.863,-63.984,59,5
5.6266,19.863,-63.105,59,5
5.6286,19.863,-62.402,59,5
5.6306,19.863,-61.699,59,5
5.6326,19.863,-60.996,59,5
5.6346,19.688,-60.293,59,5
5.6377,19.688,-59.414,59,5
5.6386,19.688,-59.238,59,5
5.6406,19.688,-58.535,59,5
5.6426,19.512,-58.008,59,5
5.6446,19.512,-57.480,59,5
5.6466,19.512,-56.953,59,5
5.6486,19.336,-56.602,59,5
5.6506,19.336,-56.074,59,5
5.6526,19.160,-55.723,59,5
5.6546,19.160,-55.371,59,5
5.6566,18.984,-55.020,59,5
5.6586,18.809,-54.668,59,5
5.6606,18.809,-54.316,59,5
5.6626,18.633,-54.141,59,5
5.6646,18.457,-53.965,59,5
5.6666,18.457,-53.613,59,5
5.6686,18.281,-53.438,59,5
5.6706,18.105,-53.262,59,5
5.6726,17.930,-53.262,59,5
5.6746,17.754,-53.086,59,5
5.6766,17.578,-53.086,59,5
5.6786,17.402,-53.086,59,5
5.6807,17.227,-52.910,59,5
5.6826,17.051,-53.086,59,5
5.6845,16.875,-53.086,59,5
5.6865,16.699,-53.262,59,5
5.6885,16.348,-53.262,59,5
5.6905,16.172,-53.438,59,5
5.6925,15.996,-53.613,59,5
5.6945,15.645,-53.789,59,5
5.6965,15.469,-53.965,59,5
5.6985,15.293,-54.316,59,5
5.7005,14.941,-54.668,59,5
5.7026,14.590,-54.844,59,5
5.7045,14.414,-55.195,59,5
5.7066,14.062,-55.547,59,5
5.7086,13.887,-56.074,-59,5
5.7106,13.535,-56.426,-59,5
5.7126,13.359,-56.953,-59,5
5.7146,13.008,-57.480,-59,5
5.7166,12.832,-57.832,-59,5
5.7186,12.480,-58.359,-59,5
5.7206,12.305,-59.062,-59,5
5.7226,11.953,-59.590,-59,5
5.7246,11.777,-60.117,-59,5
5.7266,11.426,-60.820,-59,5
5.7286,11.250,-61.348,-59,5
5.7305,11.074,-62.051,-59,5
5.7326,10.723,-62.754,-59,5
5.7345,10.547,-63.633,-59,5
5.7377,10.195,-64.688,-59,5
5.7387,10.020,-65.215,-59,5
5.7405,9.844,-65.918,-59,5
5.7425,9.668,-66.797,-59,5
5.7445,9.492,-67.676,-59,5
5.7465,9.316,-68.555,-59,5
5.7485,9.141,-69.434,-59,5
5.7505,8.965,-70.488,-59,5
5.7526,8.789,-71.543,-59,5
5.7546,8.613,-72.422,-59,5
5.7566,8.438,-73.477,-59,5
5.7586,8.262,-74.531,-59,5
5.7606,8.262,-75.586,-59,5
5.7626,8.086,-76.816,-59,5
5.7646,7.910,-77.871,-59,5
5.7666,7.910,-79.102,-59,5
5.7686,7.910,-80.332,-59,5
5.7706,7.734,-81.562,-59,5
5.7726,7.734,-82.793,-59,5
5.7746,7.734,-84.023,-59,5
5.7766,7.734,-85.254,-59,5
5.7786,7.734,-86.660,-59,5
5.7806,7.734,-88.066,-59,5
5.7826,7.734,-89.473,-59,5
5.7846,7.734,-90.879,-59,5
5.7866,7.734,-92.461,-59,5
5.7886,7.734,-93.867,-59,5
5.7906,7.910,-95.449,-59,5
5.7926,8.086,-97.031,-59,5
5.7946,8.262,-98.613,-59,5
5.7966,8.262,-100.195,-59,5
5.7986,8.613,-101.953,-59,5
5.8005,8.789,-103.535,-59,5
5.8026,8.965,-105.293,-59,5
5.8046,9.316,-107.051,-59,5
5.8066,9.668,-108.984,-59,5
5.8086,9.844,-110.918,-59,5
5.8106,10.371,-112.676,-59,5
5.8126,10.723,-114.609,-59,5
5.8145,11.074,-116.543,-59,5
5.8166,11.602,-118.652,0,5
5.8186,12.129,-120.762,0,5
5.8206,12.656,-122.871,0,5
5.8225,13.184,-124.980,0,5
5.8246,13.887,-127.090,0,5
5.8266,14.590,-127.090,0,5
5.8285,15.293,-127.090,0,5
5.8306,16.172,-127.090,0,5
5.8326,17.051,-127.090,0,5
5.8345,17.930,-127.090,0,5
5.8380,19.512,-127.090,0,5
5.8385,19.688,-127.090,0,5
5.8406,20.918,-127.090,0,5
5.8426,21.973,-127.090,0,5
5.8445,23.027,-127.090,0,5
5.8466,24.434,-127.090,0,5
5.8486,25.488,-127.090,0,5
5.8506,26.719,-127.090,0,5
5.8525,27.949,-127.090,0,5
5.8546,29.355,-127.090,0,5
5.8565,30.586,-127.090,-58,5
5.8585,31.816,-127.090,-58,5
5.8605,33.047,-127.090,-58,5
5.8626,34.277,-127.090,-58,5
5.8646,35.332,-127.090,-58,5
5.8666,36.562,-127.090,-58,5
5.8686,37.617,-127.090,-58,5
5.8706,38.496,-127.090,-57,5
5.8726,39.551,-127.090,-57,5
5.8747,40.605,-127.090,-57,5
5.8766,41.309,-127.090,-57,5
5.8786,42.188,-127.090,-57,5
5.8806,42.891,-127.090,-57,5
5.8826,43.594,-127.090,-57,5
5.8846,44.297,-127.090,-57,5
5.8865,44.824,-127.090,-57,5
5.8886,45.527,-127.090,-57,5
5.8906,46.055,-127.090,-57,5
5.8926,46.582,-127.090,-56,5
5.8945,46.934,-127.090,-56,5
5.8996,47.988,-127.090,-56,5
5.9008,48.340,-127.090,-56,5
5.9014,48.340,-127.090,-56,5
5.9026,48.516,-127.090,-56,5
5.9046,48.867,-127.090,-56,5
5.9066,49.219,-127.090,-56,5
5.9086,49.570,-127.090,-56,5
5.9106,49.746,-127.090,-56,5
5.9126,50.098,-127.090,-56,5
5.9146,50.273,-127.090,-55,5
5.9166,50.449,-127.090,-55,5
5.9186,50.625,-127.090,-54,5
5.9206,50.801,-127.090,-54,5
5.9226,50.977,-127.090,15,5
5.9246,51.152,-127.090,16,5
5.9266,51.152,-127.090,16,5
5.9286,51.328,-127.090,16,5
5.9306,51.504,-127.090,17,5
5.9326,51.504,-127.090,17,5
5.9346,51.504,-127.090,17,5
5.9382,51.680,-127.090,17,5
5.9387,51.680,-127.090,18,5
5.9406,51.680,-127.090,18,5
5.9426,51.680,-127.090,18,5
5.9446,51.680,-127.090,56,5
5.9466,51.680,-127.090,56,5
5.9486,51.680,-127.090,56,5
5.9506,51.680,-127.090,56,5
5.9526,51.680,-127.090,56,5
5.9546,51.680,-127.090,56,5
5.9566,51.680,-127.090,56,5
5.9586,51.504,-127.090,56,5
5.9606,51.504,-127.090,56,5
5.9626,51.504,-127.090,56,5
5.9645,51.328,-127.090,56,5
5.9666,51.152,-127.090,56,5
5.9686,51.152,-127.090,56,5
5.9706,50.977,-127.090,56,5
5.9726,50.977,-127.090,56,5
5.9746,50.801,-127.090,56,5
5.9766,50.625,-127.090,56,5
5.9785,50.625,-127.090,56,5
5.9806,50.449,-127.090,56,5
5.9825,50.273,-127.090,56,5
5.9846,50.098,-127.090,56,5
5.9866,49.922,-127.090,56,5
5.9886,49.746,-127.090,56,5
5.9905,49.746,-127.090,56,5
5.9926,49.570,-127.090,56,5
5.9945,49.395,-127.090,56,5
5.9966,49.219,-127.090,56,5
5.9985,49.043,-127.090,56,5
6.0006,48.867,-127.090,56,5
6.0025,48.691,-127.090,56,5
6.0046,48.516,-127.090,56,5
6.0065,48.340,-127.090,56,5
6.0086,48.164,-127.090,56,5
6.0106,47.812,-127.090,56,5
6.0126,47.637,-127.090,56,5
6.0145,47.637,-127.090,56,5
6.0166,47.285,-127.090,56,5
6.0185,47.109,-127.090,56,5
6.0206,46.934,-127.090,56,5
6.0225,46.758,-127.090,56,5
6.0246,46.582,-127.090,56,5
6.0265,46.406,-127.090,56,5
6.0286,46.230,-127.090,56,5
6.0306,45.879,-127.090,56,5
6.0326,45.703,-127.090,57,5
6.0346,45.527,-127.090,57,5
6.0378,45.176,-127.090,57,5
6.0386,45.176,-127.090,57,5
6.0405,45.000,-127.090,57,5
6.0426,44.824,-127.090,57,5
6.0445,44.473,-127.090,57,5
6.0466,44.297,-127.090,57,5
6.0486,44.121,-127.090,57,5
6.0506,43.945,-127.090,57,5
6.0526,43.594,-127.090,57,5
6.0546,43.418,-127.090,57,5
6.0566,43.242,-127.090,57,5
6.0586,43.066,-127.090,57,5
6.0605,42.891,-127.090,57,5
6.0625,42.715,-127.090,57,5
6.0646,42.363,-127.090,57,5
6.0666,42.188,-127.090,57,5
6.0686,42.012,-127.090,57,5
6.0706,41.660,-127.090,57,5
6.0726,41.484,-127.090,57,5
6.0747,41.309,-127.090,57,5
6.0766,41.133,-127.090,57,5
6.0785,40.781,-127.090,57,5
6.0806,40.605,-127.090,57,5
6.0826,40.430,-127.090,57,5
6.0846,40.078,-127.090,57,5
6.0866,39.902,-127.090,57,5
6.0886,39.727,-127.090,57,5
6.0906,39.375,-127.090,57,5
6.0926,39.199,-127.090,57,5
6.0945,38.848,-127.090,57,5
6.0966,38.672,-127.090,57,5
6.0985,38.320,-127.090,57,5
6.1006,38.145,-127.090,57,5
6.1026,37.793,-127.090,57,5
6.1046,37.441,-127.090,57,5
6.1066,37.266,-127.090,57,5
6.1085,36.914,-127.090,57,5
6.1106,36.562,-127.090,58,5
6.1125,36.387,-127.090,58,5
6.1145,36.035,-127.090,58,5
6.1166,35.684,-127.090,58,5
6.1186,35.332,-127.090,58,5
6.1207,34.980,-127.090,58,5
6.1226,34.629,-127.090,58,5
6.1246,34.277,-127.090,58,5
6.1265,33.926,-127.090,58,5
6.1286,33.574,-127.090,58,5
6.1305,33.047,-127.090,58,5
6.1326,32.695,-127.090,58,5
6.1346,32.168,-127.090,58,5
6.1377,31.465,-127.090,58,5
6.1386,31.289,-127.090,58,5
6.1406,30.762,-127.090,58,5
6.1426,30.234,-127.090,58,5
6.1446,29.707,-127.090,58,5
6.1466,29.180,-127.090,58,5
6.1486,28.652,-127.090,58,5
6.1506,28.125,-126.211,58,5
6.1525,27.422,-124.629,58,5
6.1546,26.895,-123.047,58,5
6.1565,26.191,-121.465,58,5
6.1585,25.488,-119.707,58,5
6.1605,24.785,-118.125,59,5
6.1625,24.082,-116.367,59,5
6.1645,23.203,-114.609,59,5
6.1665,22.500,-112.676,59,5
6.1686,21.621,-110.742,59,5
6.1706,20.742,-108.984,59,5
6.1726,19.688,-107.051,59,5
6.1746,18.809,-104.941,59,5
6.1766,17.754,-103.008,59,5
6.1786,16.699,-101.074,59,5
6.1806,15.645,-98.965,59,5
6.1826,14.414,-96.855,59,5
6.1846,13.184,-94.570,59,5
6.1866,11.953,-92.285,59,5
6.1886,10.547,-90.000,59,5
6.1906,9.141,-87.715,59,5
6.1926,7.734,-85.254,59,5
6.1946,6.152,-82.793,59,5
6.1966,4.570,-80.332,59,5
6.1986,2.812,-77.695,59,5
6.2006,1.230,-75.059,59,5
6.2026,-0.703,-72.422,59,5
6.2046,-2.461,-69.785,59,5
6.2066,-4.395,-66.973,59,5
6.2086,-6.328,-64.160,59,5
6.2106,-8.438,-61.348,59,5
6.2126,-10.547,-58.359,59,5
6.2146,-12.480,-55.547,59,5
6.2166,-14.590,-52.734,59,5
6.2186,-16.699,-49.746,0,5
6.2206,-18.633,-47.109,0,5
6.2225,-20.566,-44.297,0,5
6.2246,-22.500,-41.484,0,5
6.2265,-24.258,-38.848,0,5
6.2286,-26.191,-36.035,0,5
6.2306,-27.949,-33.574,0,5
6.2326,-29.707,-30.762,0,5
6.2346,-31.113,-28.301,0,5
6.2377,-33.574,-24.609,0,5
6.2386,-34.277,-23.379,0,5
6.2406,-35.684,-21.094,0,5
6.2426,-37.090,-18.809,0,5
6.2446,-38.320,-16.699,0,5
6.2465,-39.551,-14.414,0,5
6.2486,-40.781,-12.129,0,5
6.2505,-41.836,-10.020,0,5
6.2526,-42.891,-7.910,0,5
6.2546,-43.945,-5.977,0,5
6.2566,-45.000,-3.867,0,5
6.2586,-45.879,-2.109,0,5
6.2606,-46.758,-0.176,57,5
6.2626,-47.637,1.758,56,5
6.2646,-48.516,3.516,56,5
6.2666,-49.395,5.449,56,5
6.2686,-50.098,7.207,56,5
6.2706,-50.801,8.965,55,5
6.2726,-51.504,10.547,53,5
6.2746,-52.207,12.129,51,5
6.2766,-52.910,13.887,49,5
6.2786,-53.613,15.469,47,5
6.2806,-54.316,17.051,45,5
6.2826,-54.844,18.457,43,5
6.2846,-55.371,20.039,41,5
6.2866,-56.074,21.621,39,5
6.2886,-56.602,23.027,38,5
6.2906,-57.129,24.434,37,5
6.2926,-57.656,25.840,35,5
6.2946,-58.184,27.246,34,5
6.2966,-58.535,28.477,32,5
6.2986,-59.062,29.707,31,5
6.3006,-59.590,31.113,29,5
6.3026,-60.117,32.344,28,5
6.3046,-60.469,33.574,26,5
6.3066,-60.996,34.629,25,5
6.3086,-61.348,35.859,24,5
6.3106,-61.875,36.914,22,5
6.3126,-62.227,38.145,21,5
6.3145,-62.578,39.199,20,5
6.3166,-63.105,40.254,20,5
6.3186,-63.457,41.309,18,5
6.3206,-63.809,42.188,17,5
6.3226,-64.160,43.242,16,5
6.3246,-64.512,44.121,15,5
6.3266,-64.863,45.000,14,5
6.3286,-65.215,45.879,13,5
6.3306,-65.566,46.758,12,5
6.3326,-65.918,47.637,11,5
6.3346,-66.270,48.516,10,5
6.3377,-66.797,49.570,9,5
6.3386,-66.973,49.922,8,5
6.3406,-67.324,50.625,8,5
6.3426,-67.676,51.328,7,5
6.3446,-68.027,52.031,5,5
6.3466,-68.379,52.734,4,5
6.3486,-68.555,53.262,3,5
6.3506,-68.906,53.965,3,5
6.3526,-69.258,54.492,2,5
6.3546,-69.609,55.020,1,5
6.3566,-69.961,55.547,0,5
6.3586,-70.312,56.074,0,5
6.3605,-70.488,56.426,0,5
6.3626,-70.840,56.953,0,5
6.3646,-71.191,57.305,-1,5
6.3666,-71.543,57.656,-2,5
6.3686,-71.895,58.008,-3,5
6.3706,-72.070,58.359,-4,5
6.3726,-72.422,58.711,-5,5
6.3746,-72.773,59.062,-6,5
6.3766,-73.125,59.238,-7,5
6.3786,-73.301,59.414,-7,5
6.3806,-73.652,59.590,-7,5
6.3826,-74.004,59.766,-8,5
6.3846,-74.355,59.941,-10,5
6.3866,-74.707,60.117,-11,5
6.3886,-75.059,60.293,-12,5
6.3906,-75.410,60.293,-13,5
6.3926,-75.586,60.293,-14,5
6.3946,-75.938,60.293,-14,5
6.3966,-76.289,60.293,-14,5
6.3986,-76.641,60.293,-15,5
6.4006,-76.992,60.293,-16,5
6.4026,-77.344,60.117,-17,5
6.4046,-77.520,59.941,-19,5
6.4066,-78.047,59.941,-19,5
6.4086,-78.223,59.766,-20,5
6.4106,-78.574,59.590,-20,5
6.4126,-78.926,59.238,-21,5
6.4146,-79.277,59.062,-22,5
6.4166,-79.629,58.887,-23,5
6.4186,-79.980,58.535,-24,5
6.4206,-80.332,58.184,-25,5
6.4225,-80.508,57.832,-25,5
6.4245,-80.859,57.480,-26,5
6.4265,-81.211,57.129,-27,5
6.4285,-81.562,56.777,-51,5
6.4305,-81.738,56.250,-51,5
6.4325,-82.090,55.723,-51,5
6.4345,-82.441,55.371,-51,5
6.4378,-82.793,54.492,-51,5
6.4386,-82.969,54.316,-51,5
6.4406,-83.320,53.613,-51,5
6.4426,-83.496,53.086,-51,5
6.4446,-83.848,52.559,-51,5
6.4466,-84.023,51.855,-51,5
6.4486,-84.375,51.152,-50,5
6.4506,-84.551,50.449,-50,5
6.4526,-84.902,49.746,-50,5
6.4546,-85.078,49.043,-50,5
6.4566,-85.254,48.340,-50,5
6.4586,-85.430,47.637,-50,5
6.4606,-85.781,46.758,-50,5
6.4626,-85.957,45.879,-50,5
6.4646,-86.133,45.000,-50,5
6.4666,-86.309,44.121,-50,5
6.4686,-86.484,43.242,-50,5
6.4706,-86.660,42.188,-50,5
6.4726,-86.836,41.309,-50,5
6.4746,-87.012,40.254,-50,5
6.4766,-87.012,39.375,-50,5
6.4786,-87.188,38.145,-50,5
6.4806,-87.363,37.266,-50,5
6.4826,-87.363,36.035,-50,5
6.4846,-87.363,34.980,-50,5
6.4866,-87.539,33.750,-50,5
6.4886,-87.539,32.520,-50,5
6.4906,-87.715,31.465,-50,5
6.4926,-87.715,30.234,-50,5
6.4946,-87.715,28.828,-50,5
6.4966,-87.715,27.598,-50,5
6.4986,-87.715,26.367,-50,5
6.5006,-87.715,24.961,-50,5
6.5026,-87.715,23.555,-50,5
6.5046,-87.539,22.148,-50,5
6.5066,-87.539,20.742,-50,5
6.5086,-87.363,19.160,-50,5
6.5106,-87.363,17.754,-50,5
6.5126,-87.188,16.172,-50,5
6.5146,-87.012,14.590,-50,5
6.5166,-86.836,13.008,-50,5
6.5186,-86.660,11.250,-50,5
6.5205,-86.309,9.668,-50,5
6.5226,-85.957,7.910,-50,5
6.5246,-85.781,6.152,-50,5
6.5266,-85.430,4.395,-50,5
6.5285,-85.078,2.637,-50,5
6.5305,-84.727,0.703,-50,5
6.5326,-84.199,-1.230,-50,5
6.5346,-83.848,-3.164,-50,5
6.5377,-82.969,-6.328,-51,5
6.5386,-82.793,-7.207,-51,5
6.5406,-82.090,-9.316,-51,5
6.5426,-81.562,-11.426,-51,5
6.5446,-80.859,-13.711,-51,5
6.5466,-80.156,-15.996,-51,5
6.5486,-79.277,-18.281,-51,5
6.5506,-78.398,-20.566,-51,5
6.5526,-77.520,-23.027,-52,5
6.5546,-76.641,-25.488,-52,5
6.5566,-75.586,-27.949,-52,5
6.5586,-74.355,-30.586,-52,5
6.5606,-73.301,-33.223,-52,5
6.5626,-72.070,-36.035,-52,5
6.5646,-70.664,-38.848,-53,5
6.5666,-69.434,-41.660,-53,5
6.5686,-68.027,-44.648,-53,5
6.5706,-66.445,-47.637,-53,5
6.5726,-65.039,-50.449,0,5
6.5745,-63.457,-53.438,0,5
6.5766,-61.875,-56.426,0,5
6.5786,-60.469,-59.414,0,5
6.5805,-59.062,-62.227,0,5
6.5826,-57.480,-65.391,0,5
6.5846,-56.074,-68.203,0,5
6.5866,-54.668,-71.191,0,5
6.5886,-53.438,-73.828,0,5
6.5906,-52.207,-76.641,0,5
6.5926,-50.801,-79.453,0,5
6.5946,-49.746,-81.914,0,5
6.5965,-48.691,-84.551,0,5
6.5986,-47.637,-87.188,0,5
6.6006,-46.582,-89.473,0,5
6.6025,-45.879,-91.934,0,5
6.6046,-45.000,-94.219,0,5
6.6066,-44.121,-96.504,0,5
6.6085,-43.418,-98.613,0,5
6.6106,-42.715,-100.898,0,5
6.6126,-42.012,-103.008,0,5
6.6146,-41.484,-105.293,0,5
6.6166,-40.781,-107.227,0,5
6.6186,-40.254,-109.160,0,5
6.6206,-39.902,-111.270,0,5
6.6225,-39.375,-113.027,0,5
6.6245,-39.023,-114.961,0,5
6.6266,-38.496,-116.895,0,5
6.6286,-38.145,-118.652,0,5
6.6305,-37.793,-120.410,0,5
6.6326,-37.441,-122.168,0,5
6.6346,-37.266,-123.750,0,5
6.6377,-36.738,-126.562,0,5
6.6386,-36.738,-127.090,0,5
6.6405,-36.387,-128.672,0,5
6.6426,-36.211,-130.430,0,5
6.6446,-36.035,-132.012,0,5
6.6465,-35.859,-133.418,0,5
6.6486,-35.684,-135.000,0,5
6.6506,-35.508,-136.406,0,5
6.6525,-35.332,-137.637,0,5
6.6546,-35.332,-139.219,0,5
6.6565,-35.156,-140.449,0,5
6.6586,-34.980,-141.855,0,5
6.6606,-34.980,-143.086,0,5
6.6626,-34.805,-144.492,0,5
6.6646,-34.805,-145.547,0,5
6.6665,-34.629,-146.777,0,5
6.6686,-34.629,-148.008,0,5
6.6705,-34.629,-149.238,0,5
6.6726,-34.629,-150.469,0,5
6.6746,-34.629,-151.523,0,5
6.6765,-34.629,-152.578,0,5
6.6786,-34.453,-153.633,0,5
6.6805,-34.453,-154.688,0,5
6.6826,-34.453,-155.566,0,5
6.6846,-34.453,-156.621,0,5
6.6866,-34.453,-157.676,0,5
6.6886,-34.453,-158.555,0,5
6.6905,-34.453,-159.434,0,5
6.6926,-34.453,-160.312,0,5
6.6945,-34.453,-161.016,0,5
6.6966,-34.453,-161.895,0,5
6.6986,-34.453,-162.773,0,5
6.7005,-34.453,-163.477,0,5
6.7026,-34.453,-164.180,0,5
6.7045,-34.453,-164.883,0,5
6.7066,-34.629,-165.586,0,5
6.7086,-34.629,-166.289,58,5
6.7106,-34.629,-166.992,58,5
6.7126,-34.629,-167.520,58,5
6.7146,-34.629,-168.223,58,5
6.7166,-34.629,-168.750,58,5
6.7186,-34.629,-169.277,58,5
6.7206,-34.629,-169.805,58,5
6.7226,-34.805,-170.156,58,5
6.7246,-34.805,-170.684,58,5
6.7265,-34.805,-171.211,58,5
6.7286,-34.805,-171.562,58,5
6.7305,-34.980,-172.090,58,5
6.7325,-34.980,-172.266,58,5
6.7345,-34.980,-172.793,58,5
6.7378,-35.156,-173.145,58,5
6.7385,-35.156,-173.320,58,5
6.7405,-35.156,-173.672,58,5
6.7426,-35.156,-173.848,58,5
6.7446,-35.332,-174.199,58,5
6.7466,-35.332,-174.375,58,5
6.7486,-35.332,-174.551,58,5
6.7506,-35.332,-174.551,58,5
6.7526,-35.332,-174.727,58,5
6.7546,-35.508,-174.902,58,5
6.7566,-35.508,-174.902,58,5
6.7586,-35.684,-175.078,58,5
6.7606,-35.684,-175.078,58,5
6.7629,-35.684,-175.078,58,5
6.7646,-35.684,-175.078,58,5
6.7667,-35.859,-175.078,58,5
6.7686,-35.859,-174.902,58,5
6.7706,-35.859,-174.902,58,5
6.7726,-36.035,-174.727,58,5
6.7746,-36.035,-174.551,58,5
6.7766,-36.035,-174.375,58,5
6.7786,-36.035,-174.375,58,5
6.7806,-36.211,-174.023,58,5
6.7826,-36.211,-173.848,58,5
6.7846,-36.211,-173.672,58,5
6.7866,-36.387,-173.320,58,5
6.7886,-36.387,-172.969,58,5
6.7906,-36.387,-172.793,0,4
6.7926,-36.387,-172.266,-7,4
6.7946,-36.562,-171.914,-24,4
6.7966,-36.562,-171.562,-16,4
6.7986,-36.562,-171.035,-16,4
6.8005,-36.562,-170.684,-24,4
6.8025,-36.562,-170.156,-16,4
6.8045,-36.738,-169.629,-24,4
6.8066,-36.738,-169.102,-24,4
6.8086,-36.738,-168.574,-24,4
6.8106,-36.738,-167.871,-24,4
6.8126,-36.738,-167.344,-24,4
6.8146,-36.738,-166.641,-24,4
6.8166,-36.738,-165.938,-24,4
6.8186,-36.738,-165.234,-24,4
6.8205,-36.738,-164.531,-24,4
6.8225,-36.738,-163.828,-24,4
6.8245,-36.738,-163.125,-24,4
6.8265,-36.738,-162.246,-24,4
6.8286,-36.738,-161.367,-24,4
6.8306,-36.738,-160.488,-24,4
6.8326,-36.738,-159.609,-24,4
6.8346,-36.738,-158.730,-24,4
6.8381,-36.914,-157.148,-24,4
6.8386,-36.914,-156.797,-24,4
6.8405,-36.914,-155.918,-16,4
6.8425,-36.914,-154.863,-24,4
6.8445,-36.914,-153.809,-24,4
6.8466,-37.090,-152.754,-24,4
6.8486,-37.090,-151.699,-24,4
6.8506,-37.090,-150.645,-24,4
6.8526,-37.090,-149.414,-24,4
6.8546,-37.266,-148.184,-24,4
6.8566,-37.266,-146.953,-24,4
6.8586,-37.266,-145.723,-24,4
6.8606,-37.441,-144.492,-24,4
6.8626,-37.441,-143.262,-24,4
6.8645,-37.441,-142.031,-24,4
6.8665,-37.617,-140.625,-24,4
6.8685,-37.793,-139.219,-24,4
6.8706,-37.969,-137.812,-24,4
6.8726,-37.969,-136.406,-24,4
6.8746,-38.145,-135.000,-24,4
6.8766,-38.320,-133.594,-24,4
6.8786,-38.496,-132.012,-24,4
6.8806,-38.672,-130.430,-24,4
6.8826,-38.848,-128.848,-24,4
6.8846,-39.199,-127.266,-24,4
6.8866,-39.375,-125.684,-24,4
6.8885,-39.551,-123.926,-24,4
6.8905,-39.902,-122.344,-24,4
6.8925,-40.254,-120.586,-24,4
6.8946,-40.605,-118.828,-24,4
6.8966,-40.957,-116.895,-24,4
6.8986,-41.309,-115.137,-23,4
6.9006,-41.660,-113.203,-23,4
6.9026,-42.188,-111.270,-23,4
6.9046,-42.539,-109.512,-23,4
6.9066,-43.066,-109.512,-23,4
6.9086,-43.594,-109.512,0,4
6.9106,-44.121,-109.512,0,4
6.9126,-44.824,-109.512,0,4
6.9146,-45.352,-109.512,0,4
6.9166,-46.055,-109.512,0,4
6.9186,-46.758,-109.512,0,4
6.9205,-47.637,-109.512,0,4
6.9225,-48.516,-109.512,0,4
6.9246,-49.395,-109.512,0,4
6.9266,-50.273,-109.512,0,4
6.9286,-51.328,-109.512,0,4
6.9306,-52.383,-109.512,0,4
6.9326,-53.438,-106.875,0,4
6.9346,-54.668,-104.062,-23,4
6.9377,-56.426,-99.844,-23,4
6.9386,-57.129,-98.438,-23,4
6.9406,-58.359,-95.801,-23,4
6.9426,-59.766,-92.812,-23,4
6.9446,-60.996,-90.000,-22,4
6.9466,-62.402,-87.188,-22,4
6.9486,-63.809,-84.199,-22,4
6.9506,-65.215,-81.387,-22,4
6.9526,-66.445,-78.574,-22,4
6.9546,-67.852,-75.762,-22,4
6.9566,-69.082,-72.949,-22,4
6.9586,-70.312,-70.137,-22,4
6.9606,-71.367,-67.500,-22,4
6.9625,-72.422,-65.039,-22,4
6.9645,-73.477,-62.402,-22,4
6.9665,-74.531,-59.941,-22,4
6.9686,-75.410,-57.480,-21,4
6.9706,-76.289,-55.020,-21,4
6.9726,-77.168,-52.734,-21,4
6.9746,-77.871,-50.449,-21,4
6.9765,-78.574,-48.340,-21,4
6.9786,-79.102,-46.230,-21,4
6.9806,-79.629,-44.121,-21,4
6.9826,-80.332,-42.012,-21,4
6.9846,-80.859,-39.902,-21,4
6.9865,-81.211,-37.969,-21,4
6.9886,-81.738,-36.035,-21,4
6.9906,-82.090,-34.277,-21,4
6.9926,-82.441,-32.344,-21,4
6.9946,-82.617,-30.762,-21,4
6.9966,-82.969,-28.828,-21,4
6.9985,-83.145,-27.246,-21,4
7.0006,-83.496,-25.488,-21,4
7.0026,-83.672,-23.906,-21,4
7.0046,-83.848,-22.324,-21,4
7.0066,-84.023,-20.742,-21,4
7.0086,-84.199,-19.160,-21,4
7.0106,-84.199,-17.754,-21,4
7.0127,-84.375,-16.348,-21,4
7.0145,-84.375,-14.941,-21,4
7.0166,-84.551,-13.535,-21,4
7.0186,-84.551,-12.305,-21,4
7.0206,-84.551,-11.074,-21,4
7.0226,-84.551,-9.668,-21,4
7.0246,-84.551,-8.438,-21,4
7.0266,-84.551,-7.207,-21,4
7.0286,-84.551,-5.977,-21,4
7.0305,-84.375,-4.922,-21,4
7.0327,-84.375,-3.691,-21,4
7.0345,-84.375,-2.637,-21,4
7.0377,-84.199,-0.879,-21,4
7.0386,-84.199,-0.527,-21,4
7.0405,-84.023,0.527,-14,4
7.0426,-83.848,1.582,-21,4
7.0446,-83.848,2.461,-21,4
7.0466,-83.672,3.340,-21,4
7.0486,-83.496,4.219,-21,4
7.0506,-83.320,5.098,-21,4
7.0525,-83.145,5.977,-21,4
7.0546,-83.145,6.855,-21,4
7.0566,-82.969,7.559,-21,4
7.0586,-82.793,8.438,-21,4
7.0607,-82.617,9.141,-21,4
7.0626,-82.441,9.844,-21,4
7.0646,-82.266,10.547,-21,4
7.0665,-82.090,11.250,-21,4
7.0686,-81.914,11.777,-21,4
7.0706,-81.738,12.480,-21,4
7.0727,-81.562,13.008,-21,4
7.0745,-81.387,13.535,-21,4
7.0766,-81.035,14.062,-21,4
7.0786,-80.859,14.590,-21,4
7.0806,-80.684,14.941,-21,4
7.0826,-80.508,15.469,-14,4
7.0846,-80.332,15.820,-21,4
7.0865,-80.156,16.172,-14,4
7.0886,-79.980,16.699,-14,4
7.0906,-79.629,16.875,-21,4
7.0926,-79.453,17.227,-6,4
7.0947,-79.277,17.578,-14,4
7.0966,-79.102,17.754,-14,4
7.0986,-78.926,17.930,-6,4
7.1006,-78.574,18.105,-6,4
7.1026,-78.398,18.281,-6,4
7.1045,-78.223,18.457,-6,4
7.1066,-78.047,18.457,-6,4
7.1086,-77.871,18.633,0,4
7.1106,-77.520,18.809,-6,4
7.1126,-77.344,18.809,-6,4
7.1146,-77.168,18.809,0,4
7.1166,-76.992,18.809,0,4
7.1186,-76.816,18.633,0,4
7.1205,-76.641,18.633,-6,4
7.1225,-76.465,18.457,0,4
7.1246,-76.113,18.281,-6,4
7.1266,-75.938,18.281,-6,4
7.1286,-75.762,18.105,0,4
7.1306,-75.586,17.754,-6,4
7.1326,-75.410,17.578,-14,4
7.1345,-75.234,17.227,-7,4
7.1378,-74.883,16.699,-14,4
7.1385,-74.707,16.699,-21,4
7.1405,-74.531,16.348,0,4
7.1425,-74.355,15.996,-14,4
7.1446,-74.180,15.469,-14,4
7.1466,-74.004,14.941,-21,4
7.1486,-73.828,14.590,-21,4
7.1505,-73.652,14.062,-14,4
7.1525,-73.477,13.535,-22,4
7.1546,-73.301,13.008,-22,4
7.1566,-72.949,12.480,-22,4
7.1586,-72.773,11.777,-22,4
7.1606,-72.598,11.250,-22,4
7.1626,-72.422,10.547,-22,4
7.1645,-72.246,9.844,-22,4
7.1666,-72.070,9.141,-22,4
7.1686,-71.719,8.438,-22,4
7.1706,-71.543,7.734,-22,4
7.1726,-71.367,6.855,-22,4
7.1746,-71.191,5.977,-22,4
7.1765,-70.840,5.273,-22,4
7.1786,-70.664,4.395,-22,4
7.1806,-70.488,3.340,-22,4
7.1826,-70.137,2.461,-22,4
7.1846,-69.961,1.582,-22,4
7.1866,-69.609,0.527,-22,4
7.1885,-69.434,-0.527,-22,4
7.1905,-69.258,-1.406,62,4
7.1926,-68.906,-2.637,62,4
7.1946,-68.555,-3.691,62,4
7.1966,-68.379,-4.746,62,4
7.1986,-68.027,-5.977,62,4
7.2005,-67.676,-7.031,62,4
7.2026,-67.500,-8.262,62,4
7.2046,-67.148,-9.492,62,4
7.2065,-66.797,-10.723,62,4
7.2086,-66.445,-12.129,62,4
7.2105,-66.270,-13.359,63,4
7.2126,-65.742,-14.766,63,4
7.2145,-65.566,-16.172,63,4
7.2166,-65.039,-17.578,63,4
7.2186,-64.688,-18.984,63,4
7.2205,-64.336,-20.391,63,4
7.2226,-63.984,-21.973,63,4
7.2246,-63.457,-23.555,63,4
7.2265,-63.105,-25.137,63,4
7.2286,-62.578,-26.719,63,4
7.2306,-62.051,-28.301,63,4
7.2325,-61.699,-29.883,63,4
7.2346,-61.172,-31.641,63,4
7.2378,-60.293,-34.453,64,4
7.2386,-60.117,-35.156,64,4
7.2406,-59.590,-36.914,64,4
7.2426,-58.887,-38.672,64,4
7.2445,-58.359,-40.430,64,4
7.2466,-57.656,-42.363,64,4
7.2486,-56.953,-44.473,64,4
7.2505,-56.250,-46.230,64,4
7.2526,-55.547,-48.340,64,4
7.2545,-54.844,-50.273,64,4
7.2566,-53.965,-52.383,65,4
7.2586,-53.086,-54.668,65,4
7.2605,-52.207,-56.602,65,4
7.2626,-51.328,-58.887,65,4
7.2646,-50.449,-61.172,65,4
7.2665,-49.395,-63.281,65,4
7.2686,-48.516,-65.566,65,4
7.2706,-47.461,-68.027,66,4
7.2725,-46.406,-70.312,66,4
7.2746,-45.352,-72.598,66,4
7.2766,-44.297,-75.059,66,4
7.2785,-43.066,-77.344,66,4
7.2806,-42.012,-79.805,66,4
7.2826,-40.957,-82.266,67,4
7.2845,-39.902,-84.551,67,4
7.2866,-38.848,-87.012,67,4
7.2886,-37.793,-89.297,67,4
7.2905,-36.738,-91.582,67,4
7.2926,-35.684,-93.867,67,4
7.2946,-34.805,-96.152,67,4
7.2965,-33.926,-98.262,67,4
7.2986,-33.047,-100.371,68,4
7.3006,-32.344,-102.480,68,4
7.3025,-31.641,-104.414,68,4
7.3046,-30.938,-106.523,68,4
7.3066,-30.234,-108.457,68,4
7.3085,-29.531,-110.215,68,4
7.3106,-29.004,-112.148,68,4
7.3125,-28.477,-113.906,68,4
7.3146,-28.125,-115.664,68,4
7.3166,-27.598,-117.246,68,4
7.3185,-27.246,-118.828,68,4
7.3206,-26.895,-120.410,68,4
7.3226,-26.543,-121.992,68,4
7.3245,-26.191,-123.398,68,4
7.3266,-26.016,-124.980,68,4
7.3286,-25.840,-126.387,68,4
7.3305,-25.664,-127.617,68,4
7.3326,-25.488,-128.848,68,4
7.3346,-25.312,-130.254,68,4
7.3377,-25.137,-132.012,68,4
7.3386,-25.137,-132.715,68,4
7.3405,-25.137,-133.770,68,4
7.3426,-24.961,-135.000,68,4
7.3446,-24.961,-136.055,68,4
7.3465,-24.961,-137.109,68,4
7.3485,-24.961,-137.988,68,4
7.3506,-25.137,-139.043,68,4
7.3526,-25.137,-140.098,68,4
7.3545,-25.137,-140.801,68,4
7.3566,-25.312,-141.855,68,4
7.3586,-25.312,-142.734,68,4
7.3605,-25.488,-143.438,68,4
7.3626,-25.664,-144.316,68,4
7.3647,-25.840,-145.020,68,4
7.3799,-27.422,-149.941,68,4
7.3821,-27.773,-150.469,68,4
7.3844,-28.125,-150.996,68,4
7.3860,-28.301,-151.348,68,4
7.3881,-28.652,-151.699,68,4
7.3900,-28.828,-152.051,68,4
7.3920,-29.180,-152.402,68,4
7.3940,-29.531,-152.754,68,4
7.3961,-29.883,-153.105,68,4
7.3980,-30.234,-153.281,68,4
7.4000,-30.410,-153.457,68,4
7.4020,-30.938,-153.809,68,4
7.4039,-31.113,-153.984,68,4
7.4060,-31.641,-154.160,68,4
7.4080,-31.992,-154.160,68,4
7.4100,-32.344,-154.336,-19,4
7.4119,-32.695,-154.512,68,4
7.4140,-33.223,-154.512,68,4
7.4160,-33.574,-154.512,-44,4
7.4179,-33.926,-154.512,-43,4
7.4200,-34.277,-154.512,-43,4
7.4220,-34.805,-154.512,-43,4
7.4240,-35.156,-154.336,-43,4
7.4260,-35.508,-154.160,-43,4
7.4280,-36.035,-154.160,-43,4
7.4300,-36.387,-153.984,-43,4
7.4320,-36.738,-153.809,-43,4
7.4340,-37.266,-153.457,-43,4
7.4381,-38.145,-153.105,-43,4
7.4387,-38.145,-152.930,-43,4
7.4400,-38.496,-152.754,-43,4
7.4420,-38.848,-152.402,-43,4
7.4441,-39.375,-152.051,-43,4
7.4460,-39.727,-151.699,-43,4
7.4480,-40.078,-151.348,-43,4
7.4499,-40.605,-150.996,-43,4
7.4520,-40.957,-150.820,-43,4
7.4540,-41.484,-150.820,-43,4
7.4560,-41.836,-150.820,-43,4
7.4580,-42.363,-150.820,-43,4
7.4600,-42.715,-150.820,-43,4
7.4620,-43.242,-150.820,-43,4
7.4640,-43.594,-150.820,-42,4
7.4660,-44.121,-150.820,-42,4
7.4680,-44.473,-150.820,-42,4
7.4700,-45.000,-150.820,-42,4
7.4720,-45.527,-150.820,-42,4
7.4740,-46.055,-150.820,-42,4
7.4760,-46.406,-150.820,-42,4
7.4780,-46.934,-150.820,-42,4
7.4800,-47.461,-150.820,-42,4
7.4820,-47.988,-150.820,-42,4
7.4840,-48.516,-150.820,-42,4
7.4860,-49.043,-150.820,-42,4
7.4880,-49.570,-150.820,-42,4
7.4900,-50.098,-150.820,-42,4
7.4920,-50.625,-150.820,-42,4
7.4941,-51.152,-150.820,-42,4
7.4960,-51.680,-150.820,-42,4
7.4980,-52.383,-150.820,-42,4
7.5001,-52.910,-150.820,-42,4
7.5020,-53.613,-150.293,-42,4
7.5040,-54.141,-149.062,-41,4
7.5061,-54.844,-147.832,-41,4
7.5080,-55.371,-146.777,-41,4
7.5100,-56.074,-145.723,-41,4
7.5121,-56.777,-144.316,-41,4
7.5140,-57.480,-143.262,-41,4
7.5161,-58.184,-141.855,-39,4
7.5181,-58.887,-140.625,-37,4
7.5200,-59.590,-139.395,-34,4
7.5220,-60.469,-137.988,-33,4
7.5241,-61.172,-136.582,-30,4
7.5260,-61.875,-135.352,-27,4
7.5280,-62.754,-133.770,-25,4
7.5301,-63.633,-132.363,-22,4
7.5320,-64.512,-130.957,-19,4
7.5340,-65.391,-129.375,-17,4
7.5378,-67.148,-126.562,-14,4
7.5382,-67.324,-126.211,-8,4
7.5399,-68.203,-124.805,-8,4
7.5420,-69.082,-123.223,-8,4
7.5440,-70.137,-121.465,-8,4
7.5459,-71.191,-119.883,62,4
7.5480,-72.246,-118.125,62,4
7.5500,-73.301,-116.543,61,4
7.5520,-74.355,-114.785,61,4
7.5540,-75.586,-113.027,61,4
7.5559,-76.641,-111.270,61,4
7.5580,-77.871,-109.512,61,4
7.5600,-78.926,-107.578,60,4
7.5620,-80.156,-105.820,60,4
7.5640,-81.387,-103.887,60,4
7.5661,-82.617,-102.129,60,4
7.5680,-83.672,-100.371,59,4
7.5700,-84.902,-98.613,59,4
7.5721,-85.957,-96.855,59,4
7.5740,-87.188,-95.098,59,4
7.5760,-88.242,-93.340,58,4
7.5781,-89.297,-91.406,58,4
7.5800,-90.352,-89.824,58,4
7.5820,-91.406,-88.066,58,4
7.5841,-92.461,-86.484,57,4
7.5860,-93.516,-84.902,57,4
7.5880,-94.395,-83.320,57,4
7.5900,-95.273,-81.738,0,0
7.5920,-96.328,-80.156,0,0
7.5940,-97.207,-78.750,0,0
7.5959,-97.910,-77.344,0,0
7.5981,-98.789,-75.762,0,0
7.6000,-99.492,-74.531,0,0
7.6020,-100.195,-73.125,0,0
7.6040,-100.898,-71.895,0,0
7.6060,-101.602,-70.664,0,0
7.6081,-102.305,-69.434,0,0
7.6100,-102.832,-68.203,0,0
7.6120,-103.535,-66.973,0,0
7.6140,-104.062,-65.918,0,0
7.6160,-104.590,-64.863,0,0
7.6180,-105.117,-63.809,0,0
7.6200,-105.645,-62.930,0,0
7.6221,-105.996,-61.875,0,0
7.6240,-106.523,-60.996,0,0
7.6260,-106.875,-59.941,0,0
7.6280,-107.227,-59.238,0,0
7.6300,-107.754,-58.359,0,0
7.6320,-108.105,-57.656,0,0
7.6341,-108.457,-56.777,0,0
7.6379,-108.984,-55.371,0,0
7.6381,-108.984,-55.371,0,0
7.6400,-109.336,-54.668,0,0
7.6419,-109.512,-54.141,0,0
7.6441,-109.863,-53.438,0,0
7.6460,-110.039,-52.910,0,0
7.6481,-110.391,-52.207,0,0
7.6500,-110.566,-51.855,0,0
7.6520,-110.742,-51.328,0,0
7.6540,-110.918,-50.801,0,0
7.6561,-111.094,-50.449,0,0
7.6580,-111.270,-49.922,0,0
7.6600,-111.445,-49.746,0,0
7.6620,-111.621,-49.219,0,0
7.6673,-111.973,-48.516,0,0
7.6677,-111.973,-48.516,0,0
7.6679,-111.973,-48.516,0,0
7.6700,-111.973,-48.340,0,0
7.6720,-112.148,-47.988,0,0
7.6741,-112.148,-47.988,0,0
7.6761,-112.324,-47.812,0,0
7.6780,-112.324,-47.637,0,0
7.6800,-112.324,-47.637,0,0
7.6820,-112.324,-47.637,0,0
7.6840,-112.324,-47.637,0,0
7.6860,-112.324,-47.637,0,0
7.6879,-112.324,-47.637,0,0
7.6901,-112.324,-47.637,0,0
7.6920,-112.324,-47.812,0,0
7.6940,-112.324,-47.988,0,0
7.6960,-112.324,-47.988,0,0
7.6980,-112.324,-48.340,0,0
7.7001,-112.148,-48.516,0,0
7.7020,-112.148,-48.691,0,0
7.7040,-111.973,-49.043,0,0
7.7060,-111.973,-49.395,0,0
7.7080,-111.797,-49.746,0,0
7.7100,-111.797,-50.098,0,0
7.7121,-111.621,-50.449,0,0
7.7141,-111.445,-50.801,0,0
7.7161,-111.270,-51.328,0,0
7.7180,-111.094,-51.855,0,0
7.7200,-110.918,-52.383,0,0
7.7220,-110.742,-52.910,0,0
7.7240,-110.566,-53.438,0,0
7.7260,-110.391,-54.141,0,0
7.7279,-110.215,-54.668,0,0
7.7301,-109.863,-55.371,0,0
7.7320,-109.688,-56.074,0,0
7.7340,-109.336,-56.777,0,0
7.7379,-108.809,-58.184,0,0
7.7381,-108.809,-58.359,0,0
7.7400,-108.457,-59.062,0,0
7.7419,-108.105,-59.941,0,0
7.7441,-107.754,-60.820,0,0
7.7460,-107.402,-61.699,0,0
7.7480,-107.051,-62.578,0,0
7.7500,-106.699,-63.633,0,0
7.7520,-106.348,-64.688,0,0
7.7540,-105.820,-65.566,0,0
7.7560,-105.469,-66.621,0,0
7.7580,-104.941,-67.676,0,0
7.7600,-104.414,-68.906,0,0
7.7620,-103.887,-70.137,0,0
7.7640,-103.359,-71.191,0,0
7.7660,-102.832,-72.422,0,0
7.7681,-102.129,-73.828,0,0
7.7700,-101.602,-75.059,0,0
7.7720,-100.898,-76.289,0,0
7.7740,-100.371,-77.695,0,0
7.7760,-99.668,-79.102,0,0
7.7780,-98.965,-80.332,0,0
7.7801,-98.262,-81.914,0,0
7.7820,-97.383,-83.496,0,0
7.7840,-96.680,-84.902,0,0
7.7860,-95.801,-86.484,0,0
7.7880,-95.098,-87.891,0,0
7.7900,-94.219,-89.473,0,0
7.7921,-93.340,-91.230,0,0
7.7940,-92.461,-92.812,0,0
7.7960,-91.582,-94.395,0,0
7.7980,-90.527,-96.152,0,0
7.8000,-89.648,-97.734,0,0
7.8020,-88.770,-99.492,0,0
7.8041,-87.715,-101.250,0,0
7.8060,-86.660,-103.008,0,0
7.8080,-85.781,-104.766,0,0
7.8100,-84.902,-106.348,0,0
7.8120,-83.848,-108.105,0,0
7.8140,-82.969,-109.688,0,0
7.8161,-81.914,-111.621,0,0
7.8180,-81.035,-113.203,0,0
7.8200,-80.156,-114.785,0,0
7.8220,-79.277,-116.543,0,0
7.8240,-78.398,-118.125,0,0
7.8260,-77.520,-119.707,0,0
7.8279,-76.641,-121.289,0,0
7.8301,-75.938,-122.871,0,0
7.8320,-75.059,-124.277,0,0
7.8340,-74.355,-125.859,0,0
7.8378,-72.949,-128.496,0,0
7.8380,-72.773,-128.672,0,0
7.8400,-72.246,-130.078,0,0
7.8420,-71.543,-131.484,0,0
7.8440,-70.840,-132.715,0,0
7.8459,-70.312,-134.121,0,0
7.8481,-69.609,-135.352,0,0
7.8500,-69.082,-136.582,0,0
7.8521,-68.555,-137.812,0,0
7.8540,-68.027,-138.867,0,0
7.8561,-67.500,-140.098,0,0
7.8580,-66.973,-141.152,0,0
7.8600,-66.445,-142.207,0,0
7.8621,-66.094,-143.438,0,0
7.8640,-65.566,-144.316,0,0
7.8660,-65.215,-145.371,0,0
7.8680,-64.863,-146.250,0,0
7.8700,-64.336,-147.129,0,0
7.8720,-63.984,-148.184,0,0
7.8741,-63.633,-149.062,0,0
7.8760,-63.281,-149.941,0,0
7.8780,-62.930,-150.645,0,0
7.8800,-62.578,-151.348,0,0
7.8820,-62.402,-152.227,0,0
7.8840,-62.051,-152.930,0,0
7.8861,-61.699,-153.809,0,0
7.8880,-61.348,-154.336,0,0
7.8900,-61.172,-155.039,0,0
7.8920,-60.996,-155.566,0,0
7.8940,-60.645,-156.270,0,0
7.8960,-60.469,-156.797,0,0
7.8981,-60.293,-157.324,0,0
7.9000,-59.941,-157.852,0,0
7.9020,-59.766,-158.379,0,0
7.9040,-59.590,-158.906,0,0
7.9060,-59.414,-159.258,0,0
7.9080,-59.238,-159.609,0,0
7.9101,-59.062,-160.137,0,0
7.9120,-58.887,-160.488,0,0
7.9140,-58.711,-160.840,0,0
7.9160,-58.535,-161.016,0,0
7.9180,-58.359,-161.367,0,0
7.9200,-58.184,-161.543,0,0
7.9221,-58.008,-161.719,0,0
7.9240,-57.832,-161.895,0,0
7.9260,-57.832,-162.246,0,0
7.9280,-57.656,-162.246,0,0
7.9300,-57.656,-162.422,0,0
7.9320,-57.480,-162.422,0,0
7.9341,-57.305,-162.598,0,0
7.9376,-57.129,-162.598,0,0
7.9380,-57.129,-162.598,0,0
7.9400,-57.129,-162.598,0,0
7.9420,-56.953,-162.598,0,0
7.9441,-56.953,-162.422,0,0
7.9460,-56.777,-162.422,0,0
7.9480,-56.777,-162.246,0,0
7.9500,-56.602,-162.246,0,0
7.9520,-56.602,-161.895,0,0
7.9540,-56.602,-161.719,0,0
7.9560,-56.426,-161.543,0,0
7.9580,-56.426,-161.191,0,0
7.9600,-56.426,-161.016,0,0
7.9620,-56.426,-160.840,0,0
7.9639,-56.426,-160.312,0,0
7.9661,-56.426,-159.961,0,0
7.9680,-56.426,-159.609,0,0
7.9700,-56.250,-159.258,0,0
7.9720,-56.250,-158.730,0,0
7.9740,-56.250,-158.379,0,0
7.9761,-56.250,-157.852,0,0
7.9780,-56.250,-157.324,0,0
7.9800,-56.426,-156.797,0,0
7.9820,-56.426,-156.270,0,0
7.9840,-56.426,-155.566,0,0
7.9860,-56.426,-154.863,0,0
7.9881,-56.426,-154.160,0,0
7.9900,-56.602,-153.633,0,0
7.9920,-56.602,-152.930,0,0
7.9940,-56.777,-152.051,0,0
7.9960,-56.777,-151.348,0,0
7.9980,-56.953,-150.645,0,0
8.0001,-57.129,-149.766,0,0
8.0020,-57.129,-148.887,0,0
8.0040,-57.305,-148.184,0,0
8.0060,-57.480,-147.129,0,0
8.0080,-57.656,-146.250,0,0
8.0100,-57.832,-145.371,0,0
8.0121,-58.008,-144.316,0,0
8.0140,-58.184,-143.262,0,0
8.0160,-58.359,-142.207,0,0
8.0180,-58.535,-141.152,0,0
8.0200,-58.887,-140.098,0,0
8.0220,-59.062,-139.043,0,0
8.0241,-59.414,-137.812,0,0
8.0260,-59.766,-136.582,0,0
8.0280,-59.941,-135.527,0,0
8.0300,-60.469,-134.297,0,0
8.0320,-60.645,-132.891,0,0
8.0340,-61.172,-131.660,0,0
8.0377,-61.875,-129.199,0,0
8.0380,-61.875,-129.023,0,0
8.0400,-62.227,-128.320,0,0
8.0420,-62.754,-128.320,0,0
8.0439,-63.105,-128.320,0,0
8.0461,-63.633,-128.320,0,0
8.0480,-64.160,-128.320,0,0
8.0500,-64.688,-128.320,0,0
8.0520,-65.215,-128.320,0,0
8.0540,-65.742,-128.320,0,0
8.0561,-66.270,-128.320,0,0
8.0580,-66.973,-128.320,0,0
8.0600,-67.500,-128.320,0,0
8.0620,-68.027,-127.090,0,0
8.0640,-68.730,-125.332,0,0
8.0661,-69.258,-123.750,0,0
8.0680,-69.961,-122.168,0,0
8.0700,-70.488,-120.410,0,0
8.0720,-71.191,-118.828,0,0
8.0740,-71.719,-117.246,0,0
8.0760,-72.246,-115.664,0,0
8.0781,-72.949,-113.906,0,0
8.0800,-73.477,-112.500,0,0
8.0820,-74.004,-110.918,0,0
8.0840,-74.531,-109.336,0,0
8.0860,-75.059,-107.930,0,0
8.0880,-75.410,-106.348,0,0
8.0900,-75.938,-104.941,0,0
8.0920,-76.465,-103.535,0,0
8.0941,-76.816,-101.953,0,0
8.0960,-77.168,-100.547,0,0
8.0980,-77.520,-99.316,0,0
8.1000,-78.047,-97.910,0,0
8.1020,-78.223,-96.680,0,0
8.1040,-78.574,-95.449,0,0
8.1061,-78.926,-94.219,0,0
8.1080,-79.102,-92.988,0,0
8.1100,-79.453,-91.934,0,0
8.1120,-79.629,-90.703,0,0
8.1140,-79.805,-89.648,0,0
8.1160,-79.980,-88.594,0,0
8.1181,-80.156,-87.539,0,0
8.1200,-80.332,-86.484,0,0
8.1220,-80.508,-85.605,0,0
8.1240,-80.508,-84.551,0,0
8.1260,-80.684,-83.672,0,0
8.1280,-80.684,-82.793,0,0
8.1301,-80.859,-81.914,0,0
8.1320,-80.859,-81.035,0,0
8.1340,-80.859,-80.332,0,0
8.1376,-80.859,-78.926,0,0
8.1379,-80.859,-78.750,0,0
8.1401,-80.859,-78.047,0,0
8.1420,-80.859,-77.344,0,0
8.1440,-80.859,-76.641,0,0
8.1460,-80.859,-76.113,0,0
8.1480,-80.859,-75.410,0,0
8.1499,-80.859,-75.059,0,0
8.1521,-80.684,-74.355,0,0
8.1540,-80.684,-73.828,0,0
8.1560,-80.508,-73.301,0,0
8.1580,-80.508,-72.949,0,0
8.1601,-80.332,-72.422,0,0
8.1620,-80.332,-72.070,0,0
8.1640,-80.156,-71.719,0,0
8.1660,-79.980,-71.191,0,0
8.1680,-79.805,-71.016,0,0
8.1700,-79.629,-70.664,0,0
8.1720,-79.629,-70.312,0,0
8.1741,-79.453,-70.137,0,0
8.1761,-79.277,-69.785,0,0
8.1781,-78.926,-69.609,0,0
8.1800,-78.926,-69.434,0,0
8.1820,-78.750,-69.434,0,0
8.1840,-78.398,-69.258,0,0
8.1860,-78.223,-69.082,0,0
8.1881,-78.047,-69.082,0,0
8.1900,-77.871,-69.082,0,0
8.1920,-77.520,-68.906,0,0
8.1940,-77.344,-68.906,0,0
8.1960,-77.168,-69.082,0,0
8.1980,-76.816,-69.082,0,0
8.2001,-76.641,-69.082,0,0
8.2020,-76.289,-69.258,0,0
8.2040,-76.113,-69.434,0,0
8.2060,-75.762,-69.609,0,0
8.2080,-75.410,-69.785,0,0
8.2100,-75.234,-69.961,0,0
8.2121,-74.883,-70.137,0,0
8.2141,-74.531,-70.488,0,0
8.2160,-74.355,-70.840,0,0
8.2180,-74.004,-71.016,0,0
8.2200,-73.652,-71.367,0,0
8.2220,-73.301,-71.719,0,0
8.2240,-72.949,-72.070,0,0
8.2261,-72.598,-72.598,0,0
8.2280,-72.246,-72.949,0,0
8.2300,-71.895,-73.477,0,0
8.2320,-71.543,-74.004,0,0
8.2340,-71.191,-74.531,0,0
8.2377,-70.312,-75.410,0,0
8.2380,-70.312,-75.586,0,0
8.2400,-69.785,-76.113,0,0
8.2420,-69.434,-76.816,0,0
8.2440,-69.082,-77.344,0,0
8.2459,-68.555,-78.047,0,0
8.2481,-68.027,-78.750,0,0
8.2500,-67.676,-79.453,0,0
8.2520,-67.148,-80.156,0,0
8.2540,-66.621,-81.035,0,0
8.2560,-66.094,-81.738,0,0
8.2581,-65.566,-82.617,0,0
8.2600,-65.039,-83.496,0,0
8.2621,-64.512,-84.375,0,0
8.2640,-63.984,-85.254,0,0
8.2660,-63.281,-86.133,0,0
8.2680,-62.754,-87.012,0,0
8.2700,-62.051,-88.066,0,0
8.2719,-61.523,-89.121,0,0
8.2741,-60.820,-90.176,0,0
8.2760,-60.117,-91.230,0,0
8.2780,-59.590,-92.109,0,0
8.2801,-58.711,-93.340,0,0
8.2820,-58.008,-94.395,0,0
8.2840,-57.305,-95.625,0,0
8.2860,-56.602,-96.855,0,0
8.2880,-55.898,-97.910,0,0
8.2900,-55.020,-99.141,0,0
8.2921,-54.316,-100.547,0,0
8.2940,-53.438,-101.777,0,0
8.2960,-52.559,-103.008,0,0
8.2980,-51.680,-104.238,0,0
8.3000,-50.801,-105.645,0,0
8.3020,-50.098,-106.875,0,0
8.3041,-49.043,-108.457,0,0
8.3060,-48.164,-109.688,0,0
8.3080,-47.285,-111.094,0,0
8.3100,-46.406,-112.500,0,0
8.3120,-45.352,-113.906,0,0
8.3140,-44.473,-115.312,0,0
8.3160,-43.594,-116.719,0,0
8.3181,-42.539,-118.125,0,0
8.3200,-41.660,-119.531,0,0
8.3219,-40.605,-120.938,0,0
8.3241,-39.551,-122.520,0,0
8.3260,-38.672,-123.926,0,0
8.3279,-37.793,-125.156,0,0
8.3301,-36.914,-126.738,0,0
8.3320,-36.035,-127.969,0,0
8.3340,-34.980,-129.375,0,0
8.3376,-33.574,-131.660,0,0
8.3379,-33.398,-132.012,0,0
8.3401,-32.520,-133.418,0,0
8.3420,-31.641,-134.648,0,0
8.3440,-30.762,-135.879,0,0
8.3460,-30.059,-137.109,0,0
8.3480,-29.355,-138.340,0,0
8.3501,-28.477,-139.570,0,0
8.3520,-27.773,-140.625,0,0
8.3540,-27.070,-141.855,0,0
8.3560,-26.367,-142.910,0,0
8.3580,-25.664,-143.965,0,0
8.3600,-24.961,-145.020,0,0
8.3621,-24.434,-146.074,0,0
8.3640,-23.730,-147.129,0,0
8.3660,-23.203,-148.008,0,0
8.3680,-22.500,-148.887,0,0
8.3700,-21.973,-149.941,0,0
8.3721,-21.445,-150.820,0,0
8.3740,-20.918,-151.699,0,0
8.3760,-20.391,-152.402,0,0
8.3780,-19.863,-153.281,0,0
8.3800,-19.512,-153.984,0,0
8.3820,-18.984,-154.863,0,0
8.3840,-18.457,-155.566,0,0
8.3861,-18.105,-156.270,0,0
8.3880,-17.754,-156.973,0,0
8.3900,-17.227,-157.500,0,0
8.3920,-16.875,-158.203,0,0
8.3940,-16.523,-158.730,0,0
8.3960,-16.172,-159.434,0,0
8.3981,-15.820,-159.961,0,0
8.4000,-15.469,-160.488,0,0
8.4020,-15.117,-160.840,0,0
8.4040,-14.766,-161.367,0,0
8.4060,-14.414,-161.719,0,0
8.4080,-14.238,-162.246,0,0
8.4101,-13.887,-162.598,0,0
8.4120,-13.535,-162.949,0,0
8.4140,-13.359,-163.301,0,0
8.4160,-13.008,-163.652,0,0
8.4180,-12.832,-163.828,0,0
8.4200,-12.656,-164.180,0,0
8.4221,-12.305,-164.355,0,0
8.4240,-12.129,-164.531,0,0
8.4260,-11.953,-164.707,0,0
8.4280,-11.777,-164.883,0,0
8.4300,-11.426,-165.059,0,0
8.4320,-11.250,-165.234,0,0
8.4341,-11.074,-165.234,0,0
8.4376,-10.723,-165.410,0,0
8.4380,-10.723,-165.410,0,0
8.4400,-10.547,-165.410,0,0
8.4420,-10.547,-165.410,0,0
8.4441,-10.371,-165.234,0,0
8.4460,-10.195,-165.234,0,0
8.4480,-10.020,-165.059,0,0
8.4500,-10.020,-165.059,0,0
8.4520,-9.844,-164.883,0,0
8.4540,-9.668,-164.707,0,0
8.4561,-9.668,-164.531,0,0
8.4580,-9.492,-164.355,0,0
8.4600,-9.492,-164.004,0,0
8.4620,-9.316,-163.652,0,0
8.4640,-9.316,-163.477,0,0
8.4661,-9.316,-163.125,0,0
8.4681,-9.316,-162.773,0,0
8.4700,-9.141,-162.422,0,0
8.4720,-9.141,-161.895,0,0
8.4740,-9.141,-161.543,0,0
8.4760,-9.141,-161.016,0,0
8.4781,-9.141,-160.488,0,0
8.4800,-9.141,-160.137,0,0
8.4820,-9.141,-159.609,0,0
8.4840,-9.141,-158.906,0,0
8.4860,-9.141,-158.379,0,0
8.4880,-9.316,-157.852,0,0
8.4901,-9.316,-157.148,0,0
8.4920,-9.316,-156.445,0,0
8.4940,-9.492,-155.918,0,0
8.4960,-9.492,-155.215,0,0
8.4980,-9.668,-154.336,0,0
8.5000,-9.844,-153.633,0,0
8.5019,-9.844,-152.754,0,0
8.5041,-10.020,-152.051,0,0
8.5060,-10.195,-151.172,0,0
8.5080,-10.371,-150.293,0,0
8.5100,-10.547,-149.414,0,0
8.5120,-10.723,-148.535,0,0
8.5141,-11.074,-147.480,0,0
8.5160,-11.250,-146.426,0,0
8.5180,-11.426,-145.547,0,0
8.5200,-11.777,-144.492,0,0
8.5220,-11.953,-143.438,0,0
8.5240,-12.305,-142.559,0,0
8.5261,-12.656,-141.328,0,0
8.5280,-12.832,-140.098,0,0
8.5300,-13.184,-139.043,0,0
8.5320,-13.535,-137.812,0,0
8.5340,-13.887,-136.758,0,0
8.5377,-14.590,-134.473,0,0
8.5380,-14.766,-134.297,0,0
8.5400,-15.117,-133.066,0,0
8.5421,-15.645,-131.660,0,0
8.5440,-15.996,-130.430,0,0
8.5460,-16.348,-129.199,0,0
8.5480,-16.875,-127.793,0,0
8.5500,-17.227,-126.562,0,0
8.5519,-17.754,-125.156,0,0
8.5541,-18.281,-123.750,0,0
8.5560,-18.809,-122.520,0,0
8.5580,-19.160,-121.113,0,0
8.5600,-19.688,-119.707,0,0
8.5620,-20.215,-118.301,0,0
8.5640,-20.566,-117.070,0,0
8.5661,-21.094,-115.664,0,0
8.5680,-21.621,-114.434,0,0
8.5700,-21.973,-113.027,0,0
8.5720,-22.500,-111.621,0,0
8.5740,-22.852,-110.391,0,0
8.5760,-23.379,-109.160,0,0
8.5780,-23.730,-107.930,0,0
8.5800,-24.082,-106.699,0,0
8.5821,-24.609,-105.293,0,0
8.5840,-24.785,-104.238,0,0
8.5860,-25.312,-103.008,0,0
8.5880,-25.488,-101.777,0,0
8.5900,-26.016,-100.723,0,0
8.5919,-26.191,-99.668,0,0
8.5941,-26.543,-98.438,0,0
8.5960,-26.895,-97.383,0,0
8.5980,-27.070,-96.328,0,0
8.6000,-27.422,-95.273,0,0
8.6019,-27.598,-94.219,0,0
8.6041,-27.773,-93.340,0,0
8.6060,-27.949,-92.285,0,0
8.6080,-28.125,-91.406,0,0
8.6100,-28.301,-90.527,0,0
8.6120,-28.477,-89.648,0,0
8.6139,-28.652,-88.770,0,0
8.6161,-28.828,-87.891,0,0
8.6180,-29.004,-87.188,0,0
8.6200,-29.004,-86.484,0,0
8.6220,-29.180,-85.605,0,0
8.6240,-29.180,-84.902,0,0
8.6261,-29.355,-84.199,0,0
8.6280,-29.355,-83.496,0,0
8.6300,-29.531,-82.969,0,0
8.6319,-29.531,-82.266,0,0
8.6339,-29.531,-81.738,0,0
8.6377,-29.531,-80.684,0,0
8.6380,-29.531,-80.684,0,0
8.6400,-29.531,-80.156,0,0
8.6421,-29.531,-79.629,0,0
8.6440,-29.531,-79.102,0,0
8.6460,-29.531,-78.750,0,0
8.6480,-29.531,-78.223,0,0
8.6500,-29.531,-77.871,0,0
8.6520,-29.531,-77.520,0,0
8.6541,-29.531,-77.168,0,0
8.6560,-29.355,-76.816,0,0
8.6580,-29.355,-76.465,0,0
8.6600,-29.180,-76.289,0,0
8.6620,-29.180,-75.938,0,0
8.6640,-29.004,-75.762,0,0
8.6661,-29.004,-75.586,0,0
8.6680,-28.828,-75.410,0,0
8.6700,-28.828,-75.234,0,0
8.6720,-28.652,-75.059,0,0
8.6740,-28.652,-75.059,0,0
8.6760,-28.477,-74.883,0,0
8.6780,-28.301,-74.883,0,0
8.6800,-28.125,-74.883,0,0
8.6820,-27.949,-74.883,0,0
8.6840,-27.949,-74.883,0,0
8.6860,-27.773,-74.883,0,0
8.6880,-27.598,-74.883,0,0
13.8452,-11.602,-158.555,0,0
13.8457,-11.602,-158.555,0,0
13.8459,-11.602,-158.555,0,0
13.8474,-11.602,-158.379,0,0
13.8494,-11.602,-158.379,0,0
13.8514,-11.602,-158.379,0,0
13.8534,-11.602,-158.379,0,0
13.8554,-11.602,-158.379,0,0
13.8573,-11.602,-158.379,0,0
13.8594,-11.602,-158.379,0,0
13.8614,-11.602,-158.379,0,0
13.8634,-11.602,-158.379,0,0
13.8654,-11.602,-158.379,0,0
13.8673,-11.602,-158.379,0,0
13.8695,-11.602,-158.379,0,0
13.8714,-11.602,-158.379,0,0
13.8734,-11.602,-158.379,0,0
13.8754,-11.602,-158.379,0,0
13.8774,-11.602,-158.379,0,0
13.8794,-11.602,-158.379,0,0
13.8814,-11.602,-158.203,0,0
13.8835,-11.602,-158.203,0,0
13.8854,-11.602,-158.203,0,0
13.8874,-11.602,-158.203,0,0
13.8894,-11.602,-158.203,0,0
13.8914,-11.602,-158.203,0,0
13.8934,-11.602,-158.203,0,0
13.8954,-11.602,-158.203,0,0
13.8974,-11.602,-158.203,0,0
13.8995,-11.602,-158.203,0,0
13.9014,-11.602,-158.203,0,0
13.9034,-11.602,-158.203,0,0
13.9055,-11.602,-158.203,0,0
13.9074,-11.602,-158.203,0,0
13.9094,-11.602,-158.203,0,0
13.9113,-11.602,-158.203,0,0
13.9133,-11.602,-158.027,0,0
13.9154,-11.602,-158.027,0,0
13.9174,-11.602,-158.027,0,0
13.9194,-11.602,-158.027,0,0
13.9214,-11.602,-158.027,0,0
13.9233,-11.602,-158.027,0,0
13.9254,-11.602,-158.027,0,0
13.9274,-11.602,-158.027,0,0
13.9294,-11.602,-158.027,0,0
13.9313,-11.602,-158.027,0,0
13.9334,-11.602,-158.027,0,0
13.9380,-11.602,-158.027,0,0
13.9382,-11.602,-158.027,0,0
13.9394,-11.602,-158.027,0,0
13.9415,-11.602,-158.027,0,0
13.9434,-11.602,-158.027,0,0
13.9454,-11.602,-158.027,0,0
13.9473,-11.602,-158.027,0,0
13.9494,-11.602,-158.027,0,0
13.9514,-11.602,-158.027,0,0
13.9534,-11.602,-158.027,0,0
13.9555,-11.602,-158.027,0,0
13.9574,-11.602,-157.852,0,0
13.9594,-11.602,-157.852,0,0
13.9614,-11.602,-157.852,0,0
13.9635,-11.602,-157.852,0,0
13.9654,-11.602,-157.852,0,0
13.9674,-11.602,-157.852,0,0
13.9694,-11.602,-157.852,0,0
13.9715,-11.602,-157.852,0,0
13.9734,-11.602,-157.852,0,0
13.9754,-11.602,-157.852,0,0
13.9774,-11.602,-157.852,0,0
13.9795,-11.602,-157.852,0,0
13.9814,-11.602,-157.852,0,0
13.9834,-11.602,-157.852,0,0
13.9854,-11.602,-157.852,0,0
13.9875,-11.602,-157.852,0,0
13.9894,-11.602,-157.852,0,0
13.9914,-11.602,-157.852,0,0
13.9934,-11.602,-157.852,0,0
13.9955,-11.602,-157.852,0,0
13.9974,-11.602,-157.852,0,0
13.9993,-11.602,-157.852,0,0
14.0014,-11.602,-157.852,0,0
14.0034,-11.602,-157.852,0,0
14.0055,-11.602,-157.852,0,0
14.0074,-11.602,-157.852,0,0
14.0094,-11.602,-157.676,0,0
14.0113,-11.602,-157.676,0,0
14.0135,-11.602,-157.676,0,0
14.0154,-11.602,-157.676,0,0
14.0174,-11.602,-157.676,0,0
14.0194,-11.602,-157.676,0,0
14.0215,-11.602,-157.676,0,0
14.0234,-11.602,-157.676,0,0
14.0254,-11.602,-157.676,0,0
14.0274,-11.602,-157.676,0,0
14.0295,-11.602,-157.676,0,0
14.0314,-11.602,-157.676,0,0
14.0334,-11.602,-157.676,0,0
14.0376,-11.602,-157.852,0,0
14.0378,-11.602,-157.852,0,0
14.0394,-11.602,-157.852,0,0
14.0415,-11.602,-157.852,0,0
14.0434,-11.602,-157.852,0,0
14.0454,-11.602,-157.852,0,0
14.0473,-11.602,-157.852,0,0
14.0494,-11.602,-157.852,0,0
14.0514,-11.602,-157.852,0,0
14.0534,-11.602,-157.852,0,0
14.0555,-11.602,-157.852,0,0
14.0574,-11.602,-157.852,0,0
14.0594,-11.602,-157.852,0,0
14.0614,-11.602,-157.852,0,0
14.0635,-11.602,-157.852,0,0
14.0655,-11.602,-157.852,0,0
14.0674,-11.602,-157.852,0,0
14.0694,-11.602,-157.852,0,0
14.0714,-11.602,-157.852,0,0
14.0735,-11.602,-157.852,0,0
14.0754,-11.602,-157.852,0,0
14.0774,-11.602,-157.852,0,0
14.0794,-11.602,-157.852,0,0
14.0815,-11.602,-158.027,0,0
14.0834,-11.602,-158.027,0,0
14.0854,-11.602,-158.027,0,0
14.0874,-11.602,-158.027,0,0
14.0895,-11.602,-158.027,0,0
14.0914,-11.602,-158.027,0,0
14.0934,-11.602,-158.027,0,0
14.0954,-11.602,-158.027,0,0
14.0975,-11.602,-158.027,0,0
14.0994,-11.602,-158.027,0,0
14.1014,-11.602,-158.027,0,0
14.1034,-11.602,-158.027,0,0
14.1053,-11.602,-158.027,0,0
14.1074,-11.602,-158.027,0,0
14.1094,-11.602,-158.027,0,0
14.1114,-11.602,-158.027,0,0
14.1133,-11.602,-158.027,0,0
14.1154,-11.602,-158.027,0,0
14.1174,-11.602,-158.027,0,0
14.1194,-11.602,-158.027,0,0
14.1215,-11.602,-158.027,0,0
14.1234,-11.602,-158.203,0,0
14.1254,-11.602,-158.203,0,0
14.1274,-11.602,-158.203,0,0
14.1295,-11.602,-158.203,0,0
14.1314,-11.602,-158.203,0,0
14.1335,-11.602,-158.203,0,0
14.1376,-11.602,-158.203,0,0
14.1378,-11.602,-158.203,0,0
14.1393,-11.602,-158.203,0,0
14.1414,-11.602,-158.203,0,0
14.1434,-11.602,-158.203,0,0
14.1454,-11.602,-158.203,0,0
14.1475,-11.602,-158.203,0,0
14.1494,-11.602,-158.203,0,0
14.1514,-11.602,-158.203,0,0
14.1534,-11.602,-158.203,0,0
14.1555,-11.602,-158.203,0,0
14.1574,-11.602,-158.203,0,0
14.1594,-11.602,-158.203,0,0
14.1614,-11.602,-158.379,0,0
14.1635,-11.602,-158.379,0,0
14.1654,-11.602,-158.379,0,0
14.1674,-11.602,-158.379,0,0
14.1694,-11.602,-158.379,0,0
14.1714,-11.602,-158.379,0,0
14.1734,-11.602,-158.379,0,0
14.1754,-11.602,-158.379,0,0
14.1774,-11.602,-158.379,0,0
14.1793,-11.602,-158.379,0,0
14.1814,-11.602,-158.379,0,0
14.1834,-11.602,-158.379,0,0
14.1854,-11.602,-158.379,0,0
14.1874,-11.602,-158.379,0,0
14.1893,-11.602,-158.379,0,0
14.1915,-11.602,-158.379,0,0
14.1934,-11.602,-158.379,0,0
14.1954,-11.602,-158.555,0,0
14.1975,-11.602,-158.555,0,0
14.1994,-11.602,-158.555,0,0
14.2015,-11.602,-158.555,0,0
14.2033,-11.602,-158.555,0,0
14.2054,-11.602,-158.555,0,0
14.2074,-11.602,-158.555,0,0
14.2093,-11.602,-158.555,0,0
14.2114,-11.602,-158.555,0,0
14.2135,-11.602,-158.555,0,0
14.2154,-11.602,-158.555,0,0
14.2174,-11.602,-158.555,0,0
14.2194,-11.602,-158.555,0,0
14.2213,-11.602,-158.555,0,0
14.2235,-11.602,-158.730,0,0
14.2254,-11.602,-158.730,0,0
14.2274,-11.602,-158.730,0,0
14.2294,-11.602,-158.730,0,0
14.2314,-11.602,-158.730,0,0
14.2333,-11.602,-158.730,0,0
14.2376,-11.602,-158.730,0,0
14.2379,-11.602,-158.730,0,0
14.2394,-11.602,-158.730,0,0
14.2415,-11.602,-158.730,0,0
14.2434,-11.602,-158.730,0,0
14.2454,-11.602,-158.730,0,0
14.2474,-11.602,-158.730,0,0
14.2494,-11.602,-158.730,0,0
14.2515,-11.602,-158.730,0,0
14.2535,-11.602,-158.730,0,0
14.2555,-11.602,-158.730,0,0
14.2574,-11.602,-158.730,0,0
14.2593,-11.602,-158.730,0,0
14.2615,-11.602,-158.730,0,0
14.2634,-11.602,-158.730,0,0
14.2653,-11.602,-158.730,0,0
14.2675,-11.602,-158.730,0,0
14.2695,-11.602,-158.730,0,0
14.2714,-11.602,-158.730,0,0
14.2734,-11.602,-158.730,0,0
14.2754,-11.602,-158.730,0,0
14.2774,-11.602,-158.730,0,0
14.2795,-11.602,-158.730,0,0
14.2814,-11.602,-158.730,0,0
14.2834,-11.602,-158.730,0,0
14.2854,-11.602,-158.730,0,0
14.2874,-11.602,-158.730,0,0
14.2893,-11.602,-158.730,0,0
14.2915,-11.602,-158.730,0,0
14.2934,-11.602,-158.730,0,0
14.2954,-11.602,-158.730,0,0
14.2974,-11.602,-158.730,0,0
14.2994,-11.602,-158.730,0,0
14.3015,-11.602,-158.730,0,0
14.3034,-11.602,-158.730,0,0
14.3054,-11.602,-158.730,0,0
14.3074,-11.602,-158.730,0,0
14.3094,-11.602,-158.730,0,0
14.3114,-11.602,-158.730,0,0
14.3133,-11.602,-158.730,0,0
14.3153,-11.602,-158.730,0,0
14.3174,-11.602,-158.730,0,0
14.3194,-11.602,-158.730,0,0
14.3214,-11.602,-158.730,0,0
14.3234,-11.602,-158.730,0,0
14.3253,-11.602,-158.730,0,0
14.3275,-11.602,-158.730,0,0
14.3294,-11.602,-158.730,0,0
14.3314,-11.602,-158.730,0,0
14.3334,-11.602,-158.730,0,0
14.3377,-11.602,-158.730,0,0
14.3380,-11.602,-158.730,0,0
14.3394,-11.602,-158.730,0,0
14.3415,-11.602,-158.730,0,0
14.3561,-11.602,-158.730,0,0
14.3582,-11.602,-158.730,0,0
14.3601,-11.602,-158.730,0,0
14.3622,-11.602,-158.730,0,0
14.3642,-11.602,-158.730,0,0
14.3662,-11.602,-158.730,0,0
14.3682,-11.602,-158.730,0,0
14.3702,-11.602,-158.730,0,0
14.3721,-11.602,-158.730,0,0
14.3741,-11.602,-158.730,0,0
14.3761,-11.602,-158.730,0,0
14.3782,-11.602,-158.730,0,0
14.3802,-11.602,-158.730,0,0
14.3822,-11.602,-158.730,0,0
14.3841,-11.602,-158.730,0,0
14.3861,-11.602,-158.555,0,0
14.3881,-11.602,-158.555,0,0
14.3901,-11.602,-158.555,0,0
14.3922,-11.602,-158.555,0,0
14.3942,-11.602,-158.555,0,0
14.3962,-11.602,-158.555,0,0
14.3981,-11.602,-158.555,0,0
14.4001,-11.602,-158.555,0,0
14.4021,-11.602,-158.555,0,0
14.4042,-11.602,-158.555,0,0
14.4062,-11.602,-158.555,0,0
14.4082,-11.602,-158.555,0,0
14.4101,-11.602,-158.555,0,0
14.4121,-11.602,-158.379,0,0
14.4141,-11.602,-158.379,0,0
14.4162,-11.602,-158.379,0,0
14.4182,-11.602,-158.379,0,0
14.4202,-11.602,-158.379,0,0
14.4221,-11.602,-158.379,0,0
14.4241,-11.602,-158.379,0,0
14.4261,-11.602,-158.379,0,0
14.4281,-11.602,-158.379,0,0
14.4302,-11.602,-158.379,0,0
14.4322,-11.602,-158.379,0,0
14.4341,-11.602,-158.379,0,0
14.4381,-11.602,-158.379,0,0
14.4383,-11.602,-158.379,0,0
14.4401,-11.602,-158.379,0,0
14.4422,-11.602,-158.379,0,0
14.4442,-11.602,-158.379,0,0
14.4461,-11.602,-158.379,0,0
14.4481,-11.602,-158.379,0,0
14.4501,-11.602,-158.379,0,0
14.4522,-11.602,-158.379,0,0
14.4542,-11.602,-158.203,0,0
14.4561,-11.602,-158.203,0,0
14.4581,-11.602,-158.203,0,0
14.4601,-11.602,-158.203,0,0
14.4621,-11.602,-158.203,0,0
14.4642,-11.602,-158.203,0,0
14.4662,-11.602,-158.203,0,0
14.4681,-11.602,-158.203,0,0
14.4701,-11.602,-158.203,0,0
14.4721,-11.602,-158.203,0,0
14.4742,-11.602,-158.203,0,0
14.4762,-11.602,-158.203,0,0
14.4781,-11.602,-158.203,0,0
14.4801,-11.602,-158.203,0,0
14.4821,-11.602,-158.203,0,0
14.4841,-11.602,-158.203,0,0
14.4861,-11.602,-158.203,0,0
14.4881,-11.602,-158.203,0,0
14.4901,-11.602,-158.203,0,0
14.4922,-11.602,-158.203,0,0
14.4942,-11.602,-158.027,0,0
14.4961,-11.602,-158.027,0,0
14.4981,-11.602,-158.027,0,0
14.5001,-11.602,-158.027,0,0
14.5022,-11.602,-158.027,0,0
14.5042,-11.602,-158.027,0,0
14.5061,-11.602,-158.027,0,0
14.5081,-11.602,-158.027,0,0
14.5102,-11.602,-158.027,0,0
14.5122,-11.602,-158.027,0,0
14.5141,-11.602,-158.027,0,0
14.5162,-11.602,-158.027,0,0
14.5182,-11.602,-158.027,0,0
14.5201,-11.602,-158.027,0,0
14.5221,-11.602,-158.027,0,0
14.5241,-11.602,-158.027,0,0
14.5261,-11.602,-158.027,0,0
14.5282,-11.602,-158.027,0,0
14.5302,-11.602,-158.027,0,0
14.5321,-11.602,-158.027,0,0
14.5341,-11.602,-158.027,0,0
14.5377,-11.602,-158.027,0,0
14.5382,-11.602,-158.027,0,0
14.5401,-11.602,-158.027,0,0
14.5421,-11.602,-158.027,0,0
14.5441,-11.602,-158.027,0,0
14.5461,-11.602,-158.027,0,0
14.5482,-11.602,-158.027,0,0
14.5502,-11.602,-158.027,0,0
14.5521,-11.602,-158.027,0,0
14.5541,-11.602,-158.027,0,0
14.5561,-11.602,-158.027,0,0
14.5582,-11.602,-158.027,0,0
14.5601,-11.602,-158.027,0,0
14.5621,-11.602,-158.027,0,0
14.5641,-11.602,-158.027,0,0
14.5661,-11.602,-158.027,0,0
14.5681,-11.602,-158.027,0,0
14.5701,-11.602,-157.852,0,0
14.5722,-11.602,-157.852,0,0
14.5742,-11.602,-157.852,0,0
14.5761,-11.602,-157.852,0,0
14.5781,-11.602,-157.852,0,0
14.5801,-11.602,-157.852,0,0
14.5822,-11.602,-157.852,0,0
14.5842,-11.602,-157.852,0,0
14.5861,-11.602,-157.852,0,0
14.5881,-11.602,-157.852,0,0
14.5901,-11.602,-157.852,0,0
14.5921,-11.602,-157.852,0,0
14.5942,-11.602,-157.852,0,0
14.5962,-11.602,-157.852,0,0
14.5981,-11.602,-157.852,0,0
14.6001,-11.602,-157.852,0,0
14.6021,-11.602,-157.852,0,0
14.6041,-11.602,-157.852,0,0
14.6062,-11.602,-157.852,0,0
14.6082,-11.602,-157.852,0,0
14.6101,-11.602,-157.852,0,0
14.6122,-11.602,-157.852,0,0
14.6142,-11.602,-157.852,0,0
14.6161,-11.602,-157.852,0,0
14.6181,-11.602,-157.852,0,0
14.6202,-11.602,-157.852,0,0
14.6222,-11.602,-157.852,0,0
14.6241,-11.602,-157.852,0,0
14.6261,-11.602,-157.852,0,0
14.6281,-11.602,-157.852,0,0
14.6301,-11.602,-158.027,0,0
14.6322,-11.602,-158.027,0,0
14.6342,-11.602,-158.027,0,0
14.6376,-11.602,-158.027,0,0
14.6382,-11.602,-158.027,0,0
14.6401,-11.602,-158.027,0,0
14.6421,-11.602,-158.027,0,0
14.6441,-11.602,-158.027,0,0
14.6462,-11.602,-158.027,0,0
14.6482,-11.602,-158.027,0,0
14.6502,-11.602,-158.027,0,0
14.6521,-11.602,-158.027,0,0
14.6541,-11.602,-158.027,0,0
14.6561,-11.602,-158.027,0,0
14.6582,-11.602,-158.027,0,0
14.6602,-11.602,-158.027,0,0
14.6622,-11.602,-158.027,0,0
14.6641,-11.602,-158.027,0,0
14.6661,-11.602,-158.027,0,0
14.6681,-11.602,-158.027,0,0
14.6702,-11.602,-158.027,0,0
14.6722,-11.602,-158.027,0,0
14.6742,-11.602,-158.027,0,0
14.6761,-11.602,-158.027,0,0
14.6781,-11.602,-158.027,0,0
14.6801,-11.602,-158.027,0,0
14.6822,-11.602,-158.027,0,0
14.6842,-11.602,-158.027,0,0
14.6862,-11.602,-158.027,0,0
14.6881,-11.602,-158.203,0,0
14.6901,-11.602,-158.203,0,0
14.6921,-11.602,-158.203,0,0
14.6941,-11.602,-158.203,0,0
14.6961,-11.602,-158.203,0,0
14.6982,-11.602,-158.203,0,0
14.7002,-11.602,-158.203,0,0
14.7021,-11.602,-158.203,0,0
14.7041,-11.602,-158.203,0,0
14.7061,-11.602,-158.203,0,0
14.7081,-11.602,-158.203,0,0
14.7102,-11.602,-158.203,0,0
14.7122,-11.602,-158.203,0,0
14.7141,-11.602,-158.203,0,0
14.7161,-11.602,-158.203,0,0
14.7181,-11.602,-158.203,0,0
14.7201,-11.602,-158.203,0,0
14.7221,-11.602,-158.203,0,0
14.7242,-11.602,-158.203,0,0
14.7262,-11.602,-158.203,0,0
14.7281,-11.602,-158.203,0,0
14.7301,-11.602,-158.203,0,0
14.7321,-11.602,-158.203,0,0
14.7342,-11.602,-158.203,0,0
14.7376,-11.602,-158.379,0,0
14.7381,-11.602,-158.379,0,0
14.7402,-11.602,-158.379,0,0
14.7422,-11.602,-158.379,0,0
14.7441,-11.602,-158.379,0,0
14.7461,-11.602,-158.379,0,0
14.7481,-11.602,-158.379,0,0
14.7501,-11.602,-158.379,0,0
14.7522,-11.602,-158.379,0,0
14.7542,-11.602,-158.379,0,0
14.7561,-11.602,-158.379,0,0
14.7581,-11.602,-158.379,0,0
14.7601,-11.602,-158.379,0,0
14.7622,-11.602,-158.379,0,0
14.7642,-11.602,-158.379,0,0
14.7662,-11.602,-158.379,0,0
14.7681,-11.602,-158.379,0,0
14.7701,-11.602,-158.379,0,0
14.7721,-11.602,-158.379,0,0
14.7742,-11.602,-158.379,0,0
14.7762,-11.602,-158.379,0,0
14.7782,-11.602,-158.379,0,0
14.7801,-11.602,-158.555,0,0
14.7821,-11.602,-158.555,0,0
14.7841,-11.602,-158.555,0,0
14.7862,-11.602,-158.555,0,0
14.7882,-11.602,-158.555,0,0
14.7902,-11.602,-158.555,0,0
14.7921,-11.602,-158.555,0,0
14.7941,-11.602,-158.555,0,0
14.7961,-11.602,-158.555,0,0
14.7982,-11.602,-158.555,0,0
14.8002,-11.602,-158.555,0,0
14.8022,-11.602,-158.555,0,0
14.8041,-11.602,-158.555,0,0
14.8061,-11.602,-158.555,0,0
14.8081,-11.602,-158.555,0,0
14.8102,-11.602,-158.555,0,0
14.8122,-11.602,-158.555,0,0
14.8142,-11.602,-158.555,0,0
14.8161,-11.602,-158.555,0,0
14.8181,-11.602,-158.730,0,0
14.8201,-11.602,-158.730,0,0
14.8221,-11.602,-158.730,0,0
14.8242,-11.602,-158.730,0,0
14.8261,-11.602,-158.730,0,0
14.8282,-11.602,-158.730,0,0
14.8302,-11.602,-158.730,0,0
14.8322,-11.602,-158.730,0,0
14.8341,-11.602,-158.730,0,0
14.8379,-11.602,-158.730,0,0
14.8382,-11.602,-158.730,0,0
14.8401,-11.602,-158.730,0,0
14.8421,-11.602,-158.730,0,0
14.8441,-11.602,-158.730,0,0
14.8461,-11.602,-158.730,0,0
14.8482,-11.602,-158.730,0,0
14.8502,-11.602,-158.730,0,0
14.8521,-11.602,-158.730,0,0
14.8541,-11.602,-158.730,0,0
14.8561,-11.602,-158.730,0,0
14.8582,-11.602,-158.730,0,0
14.8602,-11.602,-158.730,0,0
14.8622,-11.602,-158.730,0,0
14.8641,-11.602,-158.730,0,0
14.8661,-11.602,-158.730,0,0
14.8681,-11.602,-158.730,0,0
14.8702,-11.602,-158.730,0,0
14.8722,-11.602,-158.730,0,0
14.8742,-11.602,-158.730,0,0
14.8761,-11.602,-158.730,0,0
