t_s,th_deg,al_deg,pwm,mode
0.0000,-1.758,101.074,0,0
0.0008,-1.758,101.074,0,0
0.0010,-1.758,101.074,0,0
0.0027,-1.758,101.074,0,0
0.0047,-1.758,101.250,0,0
0.0067,-1.758,101.250,0,0
0.0087,-1.758,101.250,0,0
0.0106,-1.758,101.250,0,0
0.0128,-1.758,101.250,0,0
0.0147,-1.758,101.250,0,0
0.0167,-1.758,101.250,0,0
0.0187,-1.758,101.250,0,0
0.0207,-1.758,101.250,0,0
0.0228,-1.758,101.250,0,0
0.0250,-1.758,101.250,0,0
0.0268,-1.758,101.250,0,0
0.0288,-1.758,101.250,0,0
0.0308,-1.758,101.250,0,0
0.0327,-1.758,101.250,0,0
0.0347,-1.758,101.250,0,0
0.0367,-1.758,101.250,0,0
0.0388,-1.758,101.250,0,0
0.0408,-1.758,101.250,0,0
0.0427,-1.758,101.250,0,0
0.0447,-1.758,101.250,0,0
0.0467,-1.758,101.250,0,0
0.0486,-1.758,101.250,0,0
0.0507,-1.758,101.250,0,0
0.0527,-1.758,101.250,0,0
0.0546,-1.758,101.250,0,0
0.0567,-1.758,101.250,0,0
0.0588,-1.758,101.250,0,0
0.0608,-1.758,101.250,0,0
0.0627,-1.758,101.250,0,0
0.0647,-1.758,101.250,0,0
0.0667,-1.758,101.250,0,0
0.0688,-1.758,101.250,0,0
0.0707,-1.758,101.250,0,0
0.0727,-1.758,101.250,0,0
0.0747,-1.758,101.250,0,0
0.0767,-1.758,101.250,0,0
0.0787,-1.758,101.250,0,0
0.0808,-1.758,101.250,0,0
0.0827,-1.758,101.250,0,0
0.0847,-1.758,101.250,0,0
0.0867,-1.758,101.250,0,0
0.0887,-1.758,101.250,0,0
0.0930,-1.758,101.250,0,0
0.0933,-1.758,101.250,0,0
0.0946,-1.758,101.250,0,0
0.1111,-1.758,101.250,0,5
0.1133,-1.758,101.250,0,5
0.1153,-1.758,101.250,0,5
0.1173,-1.758,101.250,0,5
0.1192,-1.758,101.250,0,5
0.1212,-1.758,101.250,0,5
0.1232,-1.758,101.250,0,5
0.1252,-1.758,101.250,0,5
0.1272,-1.758,101.250,0,5
0.1292,-1.758,101.250,0,5
0.1312,-1.758,101.250,0,5
0.1333,-1.758,101.250,0,5
0.1353,-1.758,101.250,0,5
0.1372,-1.758,101.250,0,5
0.1392,-1.758,101.250,0,5
0.1412,-1.758,101.250,0,5
0.1432,-1.758,101.250,0,5
0.1453,-1.758,101.250,0,5
0.1473,-1.758,101.250,0,5
0.1493,-1.758,101.250,0,5
0.1513,-1.758,101.250,0,5
0.1532,-1.758,101.250,0,5
0.1551,-1.758,101.250,0,5
0.1572,-1.758,101.250,0,5
0.1592,-1.758,101.250,0,5
0.1612,-1.758,101.250,0,5
0.1632,-1.758,101.250,0,5
0.1651,-1.758,101.250,0,5
0.1673,-1.758,101.250,0,5
0.1693,-1.758,101.250,0,5
0.1713,-1.758,101.250,0,5
0.1732,-1.758,101.250,0,5
0.1752,-1.758,101.250,0,5
0.1772,-1.758,101.250,0,5
0.1792,-1.758,101.250,0,5
0.1812,-1.758,101.250,0,5
0.1832,-1.758,101.250,0,5
0.1852,-1.758,101.250,0,5
0.1872,-1.758,101.250,0,5
0.1892,-1.758,101.250,0,5
0.1935,-1.758,101.250,0,5
0.1938,-1.758,101.250,0,5
0.1952,-1.758,101.250,0,5
0.1972,-1.758,101.250,0,5
0.1992,-1.758,101.250,0,5
0.2012,-1.758,101.250,0,5
0.2032,-1.758,101.250,0,5
0.2052,-1.758,101.250,0,5
0.2072,-1.758,101.250,0,5
0.2092,-1.758,101.250,0,5
0.2112,-1.758,101.250,0,5
0.2132,-1.758,101.250,0,5
0.2153,-1.758,101.250,0,5
0.2173,-1.758,101.250,0,5
0.2193,-1.758,101.250,0,5
0.2212,-1.758,101.250,0,5
0.2233,-1.758,101.250,0,5
0.2253,-1.758,101.250,0,5
0.2273,-1.758,101.250,0,5
0.2292,-1.758,101.250,0,5
0.2312,-1.758,101.250,0,5
0.2373,-1.758,101.250,0,5
0.2382,-1.758,101.250,0,5
0.2384,-1.758,101.250,0,5
0.2392,-1.758,101.250,0,5
0.2413,-1.758,101.250,0,5
0.2432,-1.758,101.250,0,5
0.2452,-1.758,101.250,0,5
0.2472,-1.758,101.250,0,5
0.2493,-1.758,101.250,0,5
0.2513,-1.758,101.250,0,5
0.2532,-1.758,101.250,0,5
0.2552,-1.758,101.250,0,5
0.2572,-1.758,101.250,0,5
0.2592,-1.758,101.250,0,5
0.2612,-1.758,101.250,0,5
0.2633,-1.758,101.250,0,5
0.2652,-1.758,101.250,0,5
0.2672,-1.758,101.250,0,5
0.2692,-1.758,101.250,0,5
0.2712,-1.758,101.250,0,5
0.2732,-1.758,101.250,0,5
0.2753,-1.758,101.250,0,5
0.2772,-1.758,101.250,0,5
0.2792,-1.758,101.250,0,5
0.2812,-1.758,101.250,0,5
0.2832,-1.758,101.250,0,5
0.2852,-1.758,101.250,0,5
0.2873,-1.758,101.250,0,5
0.2893,-1.758,101.250,0,5
0.2930,-1.758,101.250,0,5
0.2933,-1.758,101.250,0,5
0.2953,-1.758,101.250,0,5
0.2975,-1.758,101.250,0,5
0.2992,-1.758,101.250,0,5
0.3012,-1.758,101.250,0,5
0.3032,-1.758,101.250,0,5
0.3052,-1.758,101.250,0,5
0.3072,-1.758,101.250,0,5
0.3092,-1.758,101.250,0,5
0.3111,-1.758,101.250,0,5
0.3133,-1.758,101.250,0,5
0.3152,-1.758,101.250,0,5
0.3172,-1.758,101.250,0,5
0.3192,-1.758,101.250,0,5
0.3212,-1.758,101.250,0,5
0.3232,-1.758,101.250,0,5
0.3253,-1.758,101.250,0,5
0.3272,-1.758,101.250,0,5
0.3292,-1.758,101.250,0,5
0.3312,-1.758,101.250,0,5
0.3332,-1.758,101.250,0,5
0.3352,-1.758,101.250,0,5
0.3372,-1.758,101.250,0,5
0.3392,-1.758,101.250,0,5
0.3413,-1.758,101.250,0,5
0.3432,-1.758,101.250,0,5
0.3452,-1.758,101.250,0,5
0.3472,-1.758,101.250,0,5
0.3492,-1.758,101.250,0,5
0.3512,-1.758,101.250,0,5
0.3533,-1.758,101.250,0,5
0.3553,-1.758,101.250,0,5
0.3572,-1.758,101.250,0,5
0.3592,-1.758,101.250,0,5
0.3612,-1.758,101.250,0,5
0.3632,-1.758,101.250,0,5
0.3653,-1.758,101.250,0,5
0.3673,-1.758,101.250,0,5
0.3692,-1.758,101.250,0,5
0.3712,-1.758,101.250,0,5
0.3732,-1.758,101.250,0,5
0.3752,-1.758,101.074,0,5
0.3773,-1.758,101.074,0,5
0.3792,-1.758,101.074,0,5
0.3812,-1.758,101.074,0,5
0.3832,-1.758,101.074,0,5
0.3852,-1.758,101.074,0,5
0.3872,-1.758,101.074,0,5
0.3893,-1.758,101.074,0,5
0.3928,-1.758,101.074,0,5
0.3932,-1.758,101.074,0,5
0.3952,-1.758,101.074,0,5
0.3972,-1.758,101.074,0,5
0.3993,-1.758,101.074,0,5
0.4012,-1.758,101.074,0,5
0.4032,-1.758,101.074,0,5
0.4052,-1.758,101.074,0,5
0.4072,-1.758,101.074,0,5
0.4092,-1.758,101.074,0,5
0.4113,-1.758,101.074,0,5
0.4133,-1.758,101.074,0,5
0.4152,-1.758,101.074,0,5
0.4172,-1.758,101.074,0,5
0.4192,-1.758,101.074,0,5
0.4212,-1.758,101.074,0,5
0.4232,-1.758,101.074,0,5
0.4252,-1.758,101.074,0,5
0.4273,-1.758,101.074,0,5
0.4293,-1.758,101.074,0,5
0.4312,-1.758,101.074,0,5
0.4332,-1.758,101.074,0,5
0.4352,-1.758,101.074,0,5
0.4372,-1.758,101.074,0,5
0.4392,-1.758,101.074,0,5
0.4412,-1.758,101.074,0,5
0.4432,-1.758,101.074,0,5
0.4585,-1.758,101.074,0,5
0.4606,-1.758,101.074,0,5
0.4626,-1.758,101.074,0,5
0.4646,-1.758,101.074,0,5
0.4666,-1.758,101.074,0,5
0.4686,-1.758,101.074,0,5
0.4706,-1.758,101.074,0,5
0.4726,-1.758,101.074,0,5
0.4745,-1.758,101.074,0,5
0.4765,-1.758,101.074,0,5
0.4786,-1.758,101.074,0,5
0.4806,-1.758,101.074,0,5
0.4826,-1.758,101.074,0,5
0.4846,-1.758,101.074,0,5
0.4865,-1.758,101.074,0,5
0.4885,-1.758,101.074,0,5
0.4931,-1.758,101.074,0,5
0.4933,-1.758,101.074,0,5
0.4945,-1.758,101.074,0,5
0.4966,-1.758,101.074,0,5
0.4985,-1.758,101.074,0,5
0.5006,-1.758,101.074,0,5
0.5026,-1.758,101.074,0,5
0.5045,-1.758,101.074,0,5
0.5065,-1.758,101.074,0,5
0.5085,-1.758,101.074,0,5
0.5106,-1.758,101.074,0,5
0.5126,-1.758,101.074,0,5
0.5146,-1.758,101.074,0,5
0.5165,-1.758,101.074,0,5
0.5185,-1.758,101.074,0,5
0.5205,-1.758,101.074,0,5
0.5226,-1.758,101.074,0,5
0.5246,-1.758,101.074,0,5
0.5266,-1.758,101.074,0,5
0.5286,-1.758,101.074,0,5
0.5305,-1.758,101.074,0,5
0.5325,-1.758,101.074,0,5
0.5345,-1.758,101.074,0,5
0.5366,-1.758,101.074,0,5
0.5386,-1.758,101.074,0,5
0.5406,-1.758,101.074,0,5
0.5426,-1.758,101.074,0,5
0.5446,-1.758,101.074,0,5
0.5465,-1.758,101.074,0,5
0.5486,-1.758,101.074,0,5
0.5505,-1.758,101.074,0,5
0.5525,-1.758,101.074,0,5
0.5546,-1.758,101.074,0,5
0.5566,-1.758,101.074,0,5
0.5586,-1.758,101.074,0,5
0.5605,-1.758,101.074,0,5
0.5626,-1.758,101.074,0,5
0.5646,-1.758,101.074,0,5
0.5666,-1.758,101.074,0,5
0.5685,-1.758,101.074,0,5
0.5705,-1.758,101.074,0,5
0.5726,-1.758,101.250,0,5
0.5746,-1.758,101.250,0,5
0.5766,-1.758,101.250,0,5
0.5786,-1.758,101.250,0,5
0.5805,-1.758,101.250,0,5
0.5825,-1.758,101.250,0,5
0.5845,-1.758,101.250,0,5
0.5866,-1.758,101.250,0,5
0.5886,-1.758,101.250,0,5
0.5928,-1.758,101.250,0,5
0.5932,-1.758,101.250,0,5
0.5945,-1.758,101.250,0,5
0.5966,-1.758,101.250,0,5
0.5985,-1.758,101.250,0,5
0.6005,-1.758,101.250,0,5
0.6026,-1.758,101.250,0,5
0.6046,-1.758,101.250,0,5
0.6066,-1.758,101.250,0,5
0.6085,-1.758,101.250,0,5
0.6105,-1.758,101.250,0,5
0.6125,-1.758,101.250,0,5
0.6146,-1.758,101.250,0,5
0.6166,-1.758,101.250,0,5
0.6186,-1.758,101.250,0,5
0.6206,-1.758,101.250,0,5
0.6226,-1.758,101.250,0,5
0.6246,-1.758,101.250,0,5
0.6266,-1.758,101.250,0,5
0.6285,-1.758,101.250,0,5
0.6305,-1.758,101.250,0,5
0.6325,-1.758,101.250,0,5
0.6345,-1.758,101.250,0,5
0.6365,-1.758,101.250,0,5
0.6386,-1.758,101.250,0,5
0.6406,-1.758,101.250,0,5
0.6426,-1.758,101.250,0,5
0.6446,-1.758,101.250,0,5
0.6466,-1.758,101.250,0,5
0.6485,-1.758,101.250,0,5
0.6506,-1.758,101.250,0,5
0.6526,-1.758,101.250,0,5
0.6546,-1.758,101.250,0,5
0.6566,-1.758,101.250,0,5
0.6586,-1.758,101.250,0,5
0.6606,-1.758,101.250,0,5
0.6626,-1.758,101.250,0,5
0.6646,-1.758,101.250,0,5
0.6665,-1.758,101.250,0,5
0.6685,-1.758,101.250,0,5
0.6705,-1.758,101.250,0,5
0.6725,-1.758,101.250,0,5
0.6745,-1.758,101.250,0,5
0.6766,-1.758,101.250,0,5
0.6785,-1.758,101.250,0,5
0.6807,-1.758,101.250,0,5
0.6861,-1.758,101.250,0,5
0.6868,-1.758,101.250,0,5
0.6871,-1.758,101.250,0,5
0.6885,-1.758,101.250,0,5
0.6933,-1.758,101.250,0,5
0.6936,-1.758,101.250,0,5
0.6945,-1.758,101.250,0,5
0.6965,-1.758,101.250,0,5
0.6985,-1.758,101.250,0,5
0.7005,-1.758,101.250,0,5
0.7026,-1.758,101.250,0,5
0.7046,-1.758,101.250,0,5
0.7065,-1.758,101.250,0,5
0.7085,-1.758,101.250,0,5
0.7105,-1.758,101.250,0,5
0.7125,-1.758,101.250,0,5
0.7145,-1.758,101.250,0,5
0.7165,-1.758,101.250,0,5
0.7186,-1.758,101.250,0,5
0.7206,-1.758,101.250,0,5
0.7226,-1.758,101.250,0,5
0.7246,-1.758,101.250,0,5
0.7266,-1.758,101.250,0,5
0.7286,-1.758,101.250,0,5
0.7306,-1.758,101.250,0,5
0.7326,-1.758,101.250,0,5
0.7346,-1.758,101.250,0,5
0.7365,-1.758,101.250,0,5
0.7385,-1.758,101.250,0,5
0.7405,-1.758,101.250,0,5
0.7425,-1.758,101.250,0,5
0.7445,-1.758,101.250,0,5
0.7466,-1.758,101.250,0,5
0.7486,-1.758,101.250,0,5
0.7506,-1.758,101.250,0,5
0.7526,-1.758,101.250,0,5
0.7546,-1.758,101.250,0,5
0.7566,-1.758,101.250,0,5
0.7586,-1.758,101.250,0,5
0.7606,-1.758,101.250,0,5
0.7626,-1.758,101.250,0,5
0.7646,-1.758,101.250,0,5
0.7665,-1.758,101.250,0,5
0.7685,-1.758,101.250,0,5
0.7705,-1.758,101.250,0,5
0.7725,-1.758,101.250,0,5
0.7745,-1.758,101.250,0,5
0.7765,-1.758,101.250,0,5
0.7786,-1.758,101.250,0,5
0.7806,-1.758,101.250,0,5
0.7826,-1.758,101.250,0,5
0.7846,-1.758,101.250,0,5
0.7866,-1.758,101.250,0,5
0.7886,-1.758,101.250,0,5
0.7926,-1.758,101.250,0,5
0.7929,-1.758,101.250,0,5
0.7947,-1.758,101.250,0,5
0.7965,-1.758,101.250,0,5
0.7985,-1.758,101.250,0,5
0.8006,-1.758,101.250,0,5
0.8026,-1.758,101.250,0,5
0.8046,-1.758,101.250,0,5
0.8065,-1.758,101.250,0,5
0.8086,-1.758,101.250,0,5
0.8106,-1.758,101.250,0,5
0.8126,-1.758,101.250,0,5
0.8146,-1.758,101.250,0,5
0.8166,-1.758,101.250,0,5
0.8186,-1.758,101.250,0,5
0.8206,-1.758,101.250,0,5
0.8226,-1.758,101.250,0,5
0.8246,-1.758,101.250,0,5
0.8265,-1.758,101.250,0,5
0.8286,-1.758,101.250,0,5
0.8306,-1.758,101.250,0,5
0.8326,-1.758,101.250,0,5
0.8347,-1.758,101.250,0,5
0.8365,-1.758,101.250,0,5
0.8386,-1.758,101.250,0,5
0.8406,-1.758,101.250,0,5
0.8425,-1.758,101.250,0,5
0.8445,-1.758,101.250,0,5
0.8465,-1.758,101.250,0,5
0.8486,-1.758,101.250,0,5
0.8505,-1.758,101.250,0,5
0.8525,-1.758,101.250,0,5
0.8545,-1.758,101.250,0,5
0.8566,-1.758,101.250,0,5
0.8586,-1.758,101.250,0,5
0.8606,-1.758,101.250,0,5
0.8626,-1.758,101.250,0,5
0.8646,-1.758,101.250,0,5
0.8666,-1.758,101.250,0,5
0.8686,-1.758,101.250,0,5
0.8705,-1.758,101.250,0,5
0.8725,-1.758,101.250,0,5
0.8745,-1.758,101.250,0,5
0.8765,-1.758,101.250,0,5
0.8786,-1.758,101.250,0,5
0.8806,-1.758,101.250,0,5
0.8825,-1.758,101.250,0,5
0.8845,-1.758,101.250,0,5
0.8865,-1.758,101.250,0,5
0.8886,-1.758,101.250,0,5
0.8927,-1.758,101.250,0,5
0.8929,-1.758,101.250,0,5
0.8945,-1.758,101.250,0,5
0.8965,-1.758,101.250,0,5
0.8985,-1.758,101.250,0,5
0.9006,-1.758,101.250,0,5
0.9026,-1.758,101.250,0,5
0.9046,-1.758,101.250,0,5
0.9070,-1.758,101.250,0,5
0.9216,-1.758,101.250,0,5
0.9236,-1.758,101.250,0,5
0.9256,-1.758,101.250,0,5
0.9277,-1.758,101.250,0,5
0.9296,-1.758,101.250,0,5
0.9316,-1.758,101.250,0,5
0.9336,-1.758,101.250,0,5
0.9356,-1.758,101.250,0,5
0.9376,-1.758,101.250,0,5
0.9397,-1.758,101.250,0,5
0.9416,-1.758,101.250,0,5
0.9436,-1.758,101.250,0,5
0.9456,-1.758,101.250,0,5
0.9476,-1.758,101.250,0,5
0.9496,-1.758,101.250,0,5
0.9516,-1.758,101.250,0,5
0.9536,-1.758,101.250,0,5
0.9557,-1.758,101.250,0,5
0.9577,-1.758,101.250,0,5
0.9596,-1.758,101.250,0,5
0.9616,-1.758,101.250,0,5
0.9636,-1.758,101.250,0,5
0.9656,-1.758,101.250,0,5
0.9677,-1.758,101.250,0,5
0.9697,-1.758,101.250,0,5
0.9716,-1.758,101.250,0,5
0.9736,-1.758,101.250,0,5
0.9756,-1.758,101.250,0,5
0.9776,-1.758,101.250,0,5
0.9797,-1.758,101.250,0,5
0.9817,-1.758,101.250,0,5
0.9837,-1.758,101.250,0,5
0.9857,-1.758,101.250,0,5
0.9877,-1.758,101.250,0,5
0.9897,-1.758,101.250,0,5
0.9931,-1.758,101.250,0,5
0.9936,-1.758,101.250,0,5
0.9956,-1.758,101.250,0,5
0.9977,-1.758,101.250,0,5
0.9996,-1.758,101.250,0,5
1.0017,-1.758,101.250,0,5
1.0036,-1.758,101.250,0,5
1.0057,-1.758,101.250,0,5
1.0077,-1.758,101.250,0,5
1.0096,-1.758,101.250,0,5
1.0116,-1.758,101.250,0,5
1.0136,-1.758,101.250,0,5
1.0156,-1.758,101.250,0,5
1.0176,-1.758,101.250,0,5
1.0196,-1.758,101.250,0,5
1.0216,-1.758,101.250,0,5
1.0236,-1.758,101.250,0,5
1.0256,-1.758,101.250,0,5
1.0276,-1.758,101.250,0,5
1.0338,-1.758,101.250,0,5
1.0345,-1.758,101.250,0,5
1.0348,-1.758,101.250,0,5
1.0357,-1.758,101.250,0,5
1.0380,-1.758,101.250,0,5
1.0396,-1.758,101.250,0,5
1.0416,-1.758,101.250,0,5
1.0436,-1.758,101.250,0,5
1.0456,-1.758,101.250,0,5
1.0477,-1.758,101.250,0,5
1.0496,-1.758,101.250,0,5
1.0516,-1.758,101.250,0,5
1.0537,-1.758,101.250,0,5
1.0558,-1.758,101.250,0,5
1.0576,-1.758,101.250,0,5
1.0596,-1.758,101.250,0,5
1.0616,-1.758,101.250,0,5
1.0636,-1.758,101.250,0,5
1.0657,-1.758,101.250,0,5
1.0676,-1.758,101.250,0,5
1.0696,-1.758,101.250,0,5
1.0716,-1.758,101.250,0,5
1.0736,-1.758,101.250,0,5
1.0757,-1.758,101.250,0,5
1.0779,-1.758,101.250,0,5
1.0796,-1.758,101.250,0,5
1.0816,-1.758,101.250,0,5
1.0836,-1.758,101.250,0,5
1.0856,-1.758,101.250,0,5
1.0876,-1.758,101.250,0,5
1.0896,-1.758,101.250,0,5
1.0932,-1.758,101.250,0,5
1.0936,-1.758,101.250,0,5
1.0956,-1.758,101.250,0,5
1.0976,-1.758,101.250,0,5
1.0996,-1.758,101.250,0,5
1.1016,-1.758,0.000,0,5
1.1036,-1.758,0.000,11,5
1.1056,-1.758,0.000,8,5
1.1077,-1.758,0.000,5,5
1.1097,-1.758,0.000,2,5
1.1116,-1.758,0.000,0,5
1.1136,-1.758,0.000,-1,5
1.1157,-1.758,0.000,-4,5
1.1176,-1.758,0.000,-7,5
1.1196,-1.758,0.000,-10,5
1.1216,-1.758,0.000,-13,5
1.1236,-1.758,0.000,-16,5
1.1256,-1.758,0.000,-19,5
1.1276,-1.758,0.000,-22,5
1.1296,-1.758,0.000,-25,5
1.1339,-1.758,0.000,-28,5
1.1356,-1.758,0.000,-35,5
1.1367,-1.758,0.000,-37,5
1.1381,-1.758,0.000,-38,5
1.1396,-1.758,-0.176,-39,5
1.1416,-1.758,-0.176,-42,5
1.1436,-1.758,-0.176,-45,5
1.1456,-1.758,-0.176,-48,5
1.1476,-1.758,-0.176,-59,5
1.1496,-1.758,-0.176,-59,5
1.1516,-1.582,-0.176,-59,5
1.1536,-1.582,-0.352,-58,5
1.1557,-1.582,-0.352,-58,5
1.1577,-1.406,-0.527,-58,5
1.1596,-1.406,-0.527,-58,5
1.1616,-1.230,-0.703,-58,5
1.1636,-1.230,-0.703,-57,5
1.1656,-1.055,-0.879,-57,5
1.1676,-0.879,-0.879,-59,5
1.1696,-0.879,-1.055,-59,5
1.1716,-0.703,-1.230,-59,5
1.1736,-0.527,-1.406,-59,5
1.1756,-0.352,-1.406,-59,5
1.1776,-0.352,-1.582,-59,5
1.1797,-0.176,-1.758,-59,5
1.1816,0.000,-1.934,-59,5
1.1836,0.176,-2.109,-60,5
1.1856,0.352,-2.285,-59,5
1.1877,0.703,-2.461,-59,5
1.1897,0.879,-2.637,-59,5
1.1930,1.230,-2.988,-59,5
1.1936,1.230,-3.164,-59,5
1.1956,1.406,-3.340,-59,5
1.1976,1.758,-3.516,-59,5
1.1996,1.934,-3.691,-59,5
1.2016,2.109,-4.043,-59,5
1.2036,2.461,-4.219,-59,5
1.2056,2.637,-4.395,-59,5
1.2076,2.988,-4.746,-59,5
1.2096,3.164,-4.922,-59,5
1.2116,3.516,-5.098,-59,5
1.2136,3.867,-5.449,-59,5
1.2156,4.043,-5.625,-59,5
1.2176,4.395,-5.977,-59,5
1.2196,4.570,-6.152,-59,5
1.2216,4.922,-6.504,-59,5
1.2237,5.273,-6.680,-59,5
1.2257,5.449,-7.031,-59,5
1.2277,5.801,-7.207,-59,5
1.2297,6.152,-7.559,-59,5
1.2316,6.504,-7.734,-59,5
1.2336,6.855,-8.086,-59,5
1.2356,7.031,-8.262,-59,5
1.2376,7.383,-8.613,-59,5
1.2396,7.734,-8.789,-59,5
1.2416,8.086,-9.141,-59,5
1.2436,8.438,-9.316,-59,5
1.2456,8.789,-9.668,-59,5
1.2476,9.141,-9.844,-59,5
1.2496,9.492,-10.020,-59,5
1.2516,9.844,-10.371,-59,5
1.2536,10.195,-10.547,-59,5
1.2556,10.547,-10.898,-59,5
1.2576,10.898,-11.074,-59,5
1.2596,11.250,-11.426,-59,5
1.2617,11.602,-11.602,-59,5
1.2637,11.953,-11.953,-59,5
1.2657,12.305,-12.129,-59,5
1.2677,12.656,-12.305,-59,5
1.2696,13.008,-12.656,-59,5
1.2716,13.359,-12.832,-59,5
1.2736,13.711,-12.832,-59,5
1.2756,14.238,-12.832,-59,5
1.2776,14.590,-12.656,-59,5
1.2796,14.941,-12.832,-59,5
1.2816,15.293,-13.184,-59,5
1.2836,15.645,-13.359,-59,5
1.2857,15.996,-13.535,-59,5
1.2877,16.523,-13.711,-59,5
1.2897,16.875,-13.887,-59,5
1.2928,17.402,-14.062,-59,5
1.2936,17.578,-14.238,-59,5
1.2956,17.930,-14.414,-59,5
1.2976,18.281,-14.590,-59,5
1.2997,18.633,-14.590,-59,5
1.3016,19.160,-14.766,-59,5
1.3037,19.512,-14.941,-59,5
1.3056,19.863,-14.941,-59,5
1.3076,20.215,-15.117,-59,5
1.3097,20.566,-15.293,-59,5
1.3116,20.918,-15.469,-59,5
1.3136,21.270,-15.469,-59,5
1.3156,21.621,-15.469,-59,5
1.3176,22.148,-15.645,-59,5
1.3196,22.500,-15.645,-59,5
1.3216,22.852,-15.820,-59,5
1.3236,23.203,-15.820,-59,5
1.3256,23.555,-15.820,-59,5
1.3276,23.906,-15.820,-59,5
1.3296,24.258,-15.820,-59,5
1.3316,24.785,-15.820,-59,5
1.3336,25.137,-15.820,-59,5
1.3356,25.488,-15.820,-59,5
1.3376,25.840,-15.820,-59,5
1.3396,26.191,-15.820,-59,5
1.3416,26.543,-15.820,-58,5
1.3436,27.070,-15.820,-58,5
1.3456,27.422,-15.820,-58,5
1.3476,27.773,-15.820,-58,5
1.3496,28.125,-15.820,-58,5
1.3516,28.477,-15.820,-58,5
1.3536,28.828,-15.820,-58,5
1.3556,29.180,-15.820,-58,5
1.3576,29.707,-15.820,-58,5
1.3596,30.059,-15.820,-58,5
1.3616,30.410,-15.820,-58,5
1.3637,30.762,-15.820,-58,5
1.3656,31.113,-15.820,-58,5
1.3676,31.465,-15.820,-58,5
1.3696,31.992,-15.820,-58,5
1.3716,32.344,-15.820,-58,5
1.3736,32.695,-15.820,35,5
1.3756,33.047,-15.820,36,5
1.3776,33.398,-15.820,36,5
1.3796,33.750,-15.820,37,5
1.3816,34.102,-15.820,38,5
1.3836,34.277,-15.820,40,5
1.3856,34.629,-15.820,40,5
1.3877,34.980,-15.820,41,5
1.4073,37.090,-15.820,42,5
1.4094,37.266,-15.820,58,5
1.4114,37.441,-15.820,57,5
1.4134,37.441,-15.820,57,5
1.4154,37.617,-15.820,57,5
1.4174,37.617,-15.820,57,5
1.4194,37.793,-15.820,57,5
1.4214,37.793,-15.820,57,5
1.4234,37.793,-15.820,57,5
1.4254,37.793,-15.820,57,5
1.4274,37.793,-15.820,57,5
1.4295,37.793,-15.820,57,5
1.4314,37.793,-15.820,57,5
1.4334,37.793,-15.820,57,5
1.4354,37.793,-15.820,57,5
1.4374,37.617,-15.820,57,5
1.4394,37.617,-15.820,57,5
1.4414,37.441,-15.820,57,5
1.4435,37.441,-15.820,57,5
1.4454,37.266,-15.820,57,5
1.4474,37.090,-15.820,57,5
1.4495,36.914,-15.820,58,5
1.4514,36.914,-15.820,58,5
1.4534,36.738,-15.820,58,5
1.4554,36.387,-15.820,58,5
1.4574,36.387,-15.820,58,5
1.4594,36.211,-15.820,58,5
1.4614,35.859,-15.820,58,5
1.4634,35.684,-15.820,58,5
1.4654,35.508,-15.820,58,5
1.4674,35.332,-15.820,58,5
1.4693,35.156,-15.820,58,5
1.4714,34.805,-15.820,58,5
1.4734,34.629,-15.820,58,5
1.4754,34.453,-15.820,58,5
1.4774,34.102,-15.820,58,5
1.4793,33.926,-15.820,58,5
1.4815,33.750,-15.820,58,5
1.4835,33.398,-15.820,58,5
1.4855,33.223,-15.820,58,5
1.4874,33.047,-15.820,58,5
1.4894,32.695,-15.820,58,5
1.4914,32.520,-15.820,58,5
1.4934,32.344,-15.820,58,5
1.4953,32.168,-15.820,58,5
1.4975,31.816,-15.820,58,5
1.4995,31.641,-15.820,58,5
1.5014,31.465,-15.820,58,5
1.5058,30.938,-15.820,58,5
1.5066,30.938,-15.820,58,5
1.5074,30.762,-15.820,58,5
1.5094,30.586,-15.820,58,5
1.5114,30.410,-15.820,58,5
1.5133,30.234,-15.820,58,5
1.5155,29.883,-15.820,58,5
1.5175,29.707,-15.820,58,5
1.5194,29.531,-15.820,58,5
1.5214,29.355,-15.820,58,5
1.5234,29.180,-15.820,58,5
1.5254,29.004,-15.820,58,5
1.5274,28.828,-15.645,58,5
1.5293,28.652,-15.293,58,5
1.5315,28.477,-14.590,58,5
1.5333,28.125,-14.238,58,5
1.5354,27.949,-13.711,58,5
1.5374,27.773,-13.359,58,5
1.5394,27.598,-12.832,58,5
1.5414,27.422,-12.480,58,5
1.5434,27.246,-11.953,58,5
1.5454,27.070,-11.602,58,5
1.5474,26.895,-11.250,58,5
1.5495,26.719,-10.898,58,5
1.5515,26.543,-10.547,58,5
1.5533,26.367,-10.371,58,5
1.5554,26.191,-10.020,58,5
1.5574,26.016,-9.844,58,5
1.5595,25.840,-9.492,59,5
1.5615,25.664,-9.316,59,5
1.5635,25.488,-8.965,59,5
1.5654,25.312,-8.789,59,5
1.5674,25.137,-8.613,59,5
1.5694,24.961,-8.438,59,5
1.5714,24.961,-8.262,59,5
1.5734,24.785,-8.262,59,5
1.5755,24.609,-8.086,59,5
1.5774,24.434,-7.910,59,5
1.5794,24.258,-7.910,59,5
1.5814,24.082,-7.734,59,5
1.5834,23.906,-7.734,59,5
1.5854,23.730,-7.734,59,5
1.5874,23.555,-7.734,59,5
1.5895,23.379,-7.734,59,5
1.5915,23.203,-7.734,59,5
1.5934,23.027,-7.734,59,5
1.5954,22.852,-7.910,59,5
1.5974,22.852,-7.910,59,5
1.5994,22.500,-7.910,59,5
1.6014,22.500,-8.086,59,5
1.6061,22.148,-8.438,59,5
1.6066,21.973,-8.438,59,5
1.6074,21.973,-8.613,59,5
1.6094,21.797,-8.789,59,5
1.6114,21.621,-8.965,59,5
1.6134,21.445,-9.141,59,5
1.6155,21.270,-9.492,59,5
1.6174,21.270,-9.668,-59,5
1.6194,21.094,-10.020,-59,5
1.6221,20.918,-10.371,-59,5
1.6233,20.918,-10.723,-59,5
1.6255,20.742,-11.074,-59,5
1.6275,20.742,-11.426,-59,5
1.6295,20.566,-11.777,-59,5
1.6314,20.566,-12.305,-59,5
1.6334,20.391,-12.832,-59,5
1.6355,20.391,-13.359,-59,5
1.6375,20.391,-13.887,-59,5
1.6394,20.391,-14.414,-59,5
1.6452,20.391,-16.172,-59,5
1.6465,20.566,-16.523,-59,5
1.6470,20.566,-16.699,-59,5
1.6476,20.566,-16.875,-59,5
1.6497,20.566,-17.754,-59,5
1.6515,20.742,-18.281,-59,5
1.6534,20.742,-18.984,-59,5
1.6554,20.918,-19.863,-59,5
1.6574,21.094,-20.742,-59,5
1.6595,21.270,-21.621,-59,5
1.6613,21.445,-22.500,-59,5
1.6634,21.621,-23.379,-59,5
1.6654,21.797,-24.258,-59,5
1.6675,22.148,-25.312,-59,5
1.6693,22.324,-26.191,-59,5
1.6714,22.676,-27.246,-59,5
1.6734,22.852,-28.301,-59,5
1.6754,23.203,-29.355,-59,5
1.6774,23.555,-30.410,-59,5
1.6795,23.906,-31.641,-59,5
1.6813,24.258,-32.695,-59,5
1.6834,24.785,-33.926,-59,5
1.6854,25.137,-35.156,-59,5
1.6874,25.664,-36.387,-59,5
1.6894,26.016,-37.617,-59,5
1.6915,26.543,-38.848,-59,5
1.6934,27.070,-40.078,-58,5
1.6954,27.422,-40.605,-58,5
1.6974,27.949,-40.605,-58,5
1.6994,28.477,-40.605,-58,5
1.7014,29.004,-40.605,-58,5
1.7060,30.410,-40.605,-58,5
1.7065,30.586,-40.605,-58,5
1.7075,30.762,-40.605,-58,5
1.7093,31.289,-40.605,-58,5
1.7114,31.816,-40.605,-58,5
1.7134,32.520,-40.605,-58,5
1.7154,33.047,-40.605,-58,5
1.7174,33.574,-40.605,-58,5
1.7194,34.102,-40.605,-58,5
1.7214,34.805,-40.605,-58,5
1.7234,35.332,-40.605,-58,5
1.7255,35.859,-40.605,-58,5
1.7273,36.387,-40.605,-58,5
1.7294,36.914,-40.605,-58,5
1.7314,37.441,-40.605,-58,5
1.7334,37.793,-40.605,-57,5
1.7354,38.320,-40.605,-57,5
1.7374,38.848,-40.605,-57,5
1.7395,39.375,-40.605,-57,5
1.7413,39.727,-40.605,-57,5
1.7434,40.078,-40.605,-57,5
1.7454,40.605,-40.605,-57,5
1.7474,40.957,-40.605,-57,5
1.7494,41.309,-40.605,-57,5
1.7514,41.836,-40.605,-57,5
1.7535,42.188,-40.605,-57,5
1.7553,42.539,-40.605,-57,5
1.7574,42.891,-40.605,-57,5
1.7594,43.242,-40.605,-57,5
1.7614,43.418,-40.605,-57,5
1.7634,43.770,-40.605,-57,5
1.7655,44.121,-40.605,-57,5
1.7674,44.473,-40.605,-57,5
1.7694,44.648,-40.605,-57,5
1.7714,45.000,-40.605,-57,5
1.7734,45.176,-40.605,-57,5
1.7754,45.352,-40.605,-57,5
1.7775,45.703,-40.605,-57,5
1.7793,45.879,-40.605,-57,5
1.7814,46.055,-40.605,-57,5
1.7834,46.406,-40.605,-56,5
1.7855,46.582,-40.605,50,5
1.7873,46.758,-40.605,50,5
1.7894,46.934,-40.605,51,5
1.7914,47.109,-40.605,51,5
1.7934,47.109,-40.605,52,5
1.7954,47.285,-40.605,52,5
1.7975,47.461,-40.605,52,5
1.7993,47.461,-40.605,53,5
1.8014,47.637,-40.605,53,5
1.8057,47.812,-40.605,52,5
1.8065,47.812,-40.605,56,5
1.8074,47.812,-40.605,56,5
1.8094,47.812,-40.605,56,5
1.8113,47.812,-40.605,56,5
1.8134,47.812,-40.605,56,5
1.8154,47.812,-40.605,56,5
1.8174,47.812,-40.605,56,5
1.8195,47.812,-40.605,56,5
1.8214,47.812,-40.605,56,5
1.8234,47.812,-40.605,56,5
1.8253,47.637,-40.605,56,5
1.8275,47.637,-40.605,56,5
1.8295,47.461,-40.605,56,5
1.8314,47.461,-40.605,56,5
1.8334,47.285,-40.605,56,5
1.8354,47.109,-40.605,56,5
1.8375,46.934,-40.605,56,5
1.8394,46.758,-40.605,56,5
1.8414,46.758,-40.605,56,5
1.8434,46.406,-40.605,56,5
1.8455,46.230,-40.605,56,5
1.8474,46.055,-40.605,56,5
1.8494,45.879,-40.605,56,5
1.8514,45.703,-40.605,57,5
1.8534,45.352,-40.605,57,5
1.8555,45.176,-40.605,57,5
1.8574,44.824,-40.605,57,5
1.8594,44.648,-40.605,57,5
1.8614,44.297,-40.605,57,5
1.8633,43.945,-40.605,57,5
1.8654,43.594,-40.605,57,5
1.8674,43.242,-40.605,57,5
1.8694,42.891,-40.605,57,5
1.8714,42.539,-40.605,57,5
1.8734,42.188,-40.605,57,5
1.8753,41.660,-40.605,57,5
1.8773,41.309,-40.605,57,5
1.8795,40.781,-40.605,57,5
1.8815,40.430,-40.605,57,5
1.8835,39.727,-40.605,57,5
1.8854,39.375,-40.605,57,5
1.8875,38.672,-40.605,57,5
1.8894,38.145,-39.902,57,5
1.8917,37.617,-38.848,57,5
1.8935,37.090,-37.969,57,5
1.8954,36.387,-37.090,58,5
1.8974,35.684,-36.035,58,5
1.8994,35.156,-34.805,58,5
1.9013,34.453,-33.750,58,5
1.9058,32.695,-31.113,58,5
1.9064,32.520,-30.762,58,5
1.9074,32.168,-30.234,58,5
1.9095,31.289,-28.828,58,5
1.9242,24.434,-18.457,58,5
1.9264,23.379,-17.051,59,5
1.9283,22.324,-15.469,59,5
1.9302,21.270,-13.887,59,5
1.9323,20.039,-12.305,59,5
1.9343,18.809,-10.723,59,5
1.9363,17.754,-8.965,59,5
1.9383,16.523,-7.383,59,5
1.9404,15.293,-5.625,59,5
1.9423,14.238,-4.043,59,5
1.9444,13.008,-2.285,59,5
1.9463,11.777,-0.703,59,5
1.9483,10.547,0.879,59,5
1.9503,9.316,2.637,59,5
1.9524,8.086,4.395,59,5
1.9547,6.680,6.328,59,5
1.9562,5.977,7.559,59,5
1.9583,4.570,9.316,59,5
1.9603,3.516,11.074,59,5
1.9623,2.461,12.656,59,5
1.9643,1.230,14.238,59,5
1.9664,0.176,15.645,59,5
1.9682,-0.879,17.227,59,5
1.9702,-1.934,18.809,59,5
1.9724,-2.988,20.215,59,5
1.9743,-3.867,21.797,59,5
1.9764,-4.922,23.203,59,5
1.9782,-5.801,24.609,59,5
1.9802,-6.680,26.016,59,5
1.9822,-7.734,27.246,59,5
1.9843,-8.613,28.652,59,5
1.9863,-9.492,30.059,59,5
1.9883,-10.371,31.289,59,5
1.9903,-11.250,32.520,59,5
1.9923,-11.953,33.750,59,5
1.9943,-12.832,34.980,59,5
1.9964,-13.711,36.211,59,5
1.9982,-14.414,37.266,59,5
2.0002,-15.117,38.496,59,5
2.0022,-15.820,39.551,59,5
2.0062,-17.227,41.660,59,5
2.0070,-17.578,42.012,59,5
2.0083,-17.930,42.715,59,5
2.0103,-18.633,43.770,59,5
2.0124,-19.336,44.824,59,5
2.0142,-19.863,45.703,59,5
2.0163,-20.566,46.582,59,5
2.0183,-21.270,47.461,59,5
2.0203,-21.797,48.340,59,5
2.0224,-22.500,49.219,59,5
2.0275,-23.906,51.328,59,5
2.0288,-24.258,51.855,59,5
2.0294,-24.434,52.031,59,5
2.0303,-24.785,52.383,59,5
2.0322,-25.312,53.086,59,5
2.0343,-25.840,53.789,59,5
2.0364,-26.367,54.492,59,5
2.0382,-27.070,55.020,58,5
2.0403,-27.598,55.723,58,5
2.0423,-28.125,56.250,58,5
2.0443,-28.477,56.953,58,5
2.0463,-29.180,57.480,58,5
2.0483,-29.707,58.008,58,5
2.0503,-30.234,58.535,58,5
2.0523,-30.586,58.887,58,5
2.0543,-31.113,59.414,58,5
2.0563,-31.641,59.766,58,5
2.0583,-32.168,60.293,58,5
2.0603,-32.695,60.645,58,5
2.0622,-33.047,60.996,58,5
2.0642,-33.574,61.172,58,5
2.0662,-34.102,61.523,58,5
2.0683,-34.629,61.875,58,5
2.0704,-35.156,62.051,58,5
2.0722,-35.508,62.402,58,5
2.0743,-36.035,62.578,58,5
2.0763,-36.562,62.754,58,5
2.0783,-36.914,62.754,58,5
2.0802,-37.441,62.930,58,5
2.0822,-37.969,63.105,57,5
2.0843,-38.320,63.105,57,5
2.0863,-38.848,63.281,57,5
2.0883,-39.199,63.281,57,5
2.0903,-39.727,63.281,57,5
2.0924,-40.254,63.281,57,5
2.0942,-40.605,63.105,57,5
2.0963,-41.133,63.105,57,5
2.0983,-41.484,63.105,57,5
2.1003,-42.012,62.930,57,5
2.1023,-42.363,62.754,57,5
2.1059,-43.242,62.402,57,5
2.1064,-43.242,62.402,57,5
2.1083,-43.770,62.051,57,5
2.1103,-44.297,61.875,57,5
2.1123,-44.648,61.699,57,5
2.1142,-45.176,61.348,57,5
2.1163,-45.527,60.996,57,5
2.1183,-45.879,60.645,57,5
2.1203,-46.406,60.293,57,5
2.1223,-46.758,59.766,56,5
2.1243,-47.285,59.414,-56,5
2.1263,-47.637,58.887,-56,5
2.1283,-47.988,58.359,-56,5
2.1303,-48.516,57.832,-56,5
2.1322,-48.867,57.480,-56,5
2.1342,-49.219,56.777,-56,5
2.1363,-49.570,56.250,-56,5
2.1383,-49.922,55.547,-56,5
2.1403,-50.098,54.844,-56,5
2.1423,-50.449,54.141,-56,5
2.1443,-50.801,53.438,-56,5
2.1463,-51.152,52.734,-56,5
2.1483,-51.328,52.031,-56,5
2.1503,-51.680,51.152,-56,5
2.1523,-51.855,50.273,-56,5
2.1543,-52.207,49.395,-56,5
2.1564,-52.383,48.516,-56,5
2.1582,-52.559,47.637,-56,5
2.1602,-52.734,46.582,-56,5
2.1622,-52.910,45.703,-56,5
2.1643,-53.086,44.648,-56,5
2.1663,-53.086,43.594,-56,5
2.1683,-53.262,42.363,-56,5
2.1703,-53.438,41.309,-56,5
2.1723,-53.438,40.078,-56,5
2.1743,-53.438,38.848,-56,5
2.1763,-53.438,37.617,-56,5
2.1783,-53.438,36.387,-56,5
2.1804,-53.438,34.980,-56,5
2.1822,-53.438,33.750,-56,5
2.1842,-53.438,32.344,-56,5
2.1862,-53.262,30.938,-56,5
2.1883,-53.086,29.355,-56,5
2.1904,-52.910,27.949,-56,5
2.1922,-52.734,26.367,-56,5
2.1943,-52.559,24.785,-56,5
2.1962,-52.207,23.203,-56,5
2.1989,-51.855,20.918,-56,5
2.2003,-51.680,19.688,-56,5
2.2022,-51.328,17.930,-56,5
2.2059,-50.449,14.590,-56,5
2.2064,-50.273,14.062,-56,5
2.2083,-49.922,12.305,-56,5
2.2103,-49.395,10.371,-56,5
2.2123,-48.867,8.438,-56,5
2.2143,-48.164,6.328,-56,5
2.2164,-47.637,4.219,-56,5
2.2182,-46.934,2.285,-56,5
2.2202,-46.406,0.176,-56,5
2.2222,-45.703,-1.934,-56,5
2.2243,-45.000,-4.043,-57,5
2.2263,-44.297,-6.152,-57,5
2.2283,-43.418,-8.438,-57,5
2.2303,-42.715,-10.547,-57,5
2.2323,-42.012,-12.656,-57,5
2.2343,-41.309,-14.941,-57,5
2.2363,-40.605,-17.051,-57,5
2.2383,-39.902,-19.160,-57,5
2.2403,-39.375,-21.270,-57,5
2.2423,-38.672,-23.379,-57,5
2.2444,-38.145,-25.312,-57,5
2.2462,-37.617,-27.246,-57,5
2.2482,-36.914,-29.180,-57,5
2.2503,-36.387,-31.113,-58,5
2.2523,-36.035,-32.871,-58,5
2.2543,-35.508,-34.805,-58,5
2.2563,-34.980,-36.562,-58,5
2.2583,-34.629,-38.496,-58,5
2.2603,-34.102,-40.078,-58,5
2.2623,-33.750,-41.836,-58,5
2.2643,-33.398,-43.594,-58,5
2.2663,-33.223,-45.176,-58,5
2.2683,-32.871,-46.758,-58,5
2.2703,-32.520,-48.340,-58,5
2.2723,-32.344,-49.922,-58,5
2.2744,-31.992,-51.328,-58,5
2.2764,-31.816,-52.910,-58,5
2.2782,-31.641,-54.316,-58,5
2.2802,-31.289,-55.723,-58,5
2.2822,-31.113,-57.129,-58,5
2.2843,-31.113,-58.359,-58,5
2.2863,-30.938,-59.766,-58,5
2.2883,-30.762,-60.996,-58,5
2.2902,-30.586,-62.227,-58,5
2.2923,-30.410,-63.457,-58,5
2.2943,-30.410,-64.688,-58,5
2.2963,-30.234,-65.918,-58,5
2.2984,-30.059,-67.148,-58,5
2.3002,-30.059,-68.203,-58,5
2.3022,-29.883,-69.258,-58,5
2.3058,-29.883,-71.016,-58,5
2.3065,-29.883,-71.543,-58,5
2.3082,-29.707,-72.246,-58,5
2.3102,-29.707,-73.301,-58,5
2.3123,-29.707,-74.355,-58,5
2.3143,-29.531,-75.234,-58,5
2.3164,-29.531,-76.113,-58,5
2.3182,-29.531,-76.816,-58,5
2.3202,-29.531,-77.695,-58,5
2.3223,-29.531,-78.574,-58,5
2.3243,-29.355,-79.277,-58,5
2.3263,-29.355,-80.156,-58,5
2.3283,-29.355,-80.859,-58,5
2.3303,-29.355,-81.562,-58,5
2.3323,-29.355,-82.266,-58,5
2.3477,-29.180,-86.484,-58,5
2.3498,-29.180,-86.836,-58,5
2.3519,-29.180,-87.363,-58,5
2.3538,-29.180,-87.715,-58,5
2.3558,-29.180,-88.066,-58,5
2.3578,-29.180,-88.418,-58,5
2.3598,-29.004,-88.594,-58,5
2.3618,-29.004,-88.945,-58,5
2.3638,-29.004,-89.121,-58,5
2.3658,-29.004,-89.297,-58,5
2.3678,-29.004,-89.473,-58,5
2.3698,-29.004,-89.648,-58,5
2.3718,-28.828,-89.824,-58,5
2.3738,-28.828,-90.000,-58,5
2.3758,-28.828,-90.000,-58,5
2.3778,-28.652,-90.000,-58,5
2.3798,-28.652,-90.000,-58,5
2.3818,-28.652,-90.000,-58,5
2.3838,-28.477,-90.000,-58,5
2.3858,-28.477,-90.000,-58,5
2.3878,-28.477,-89.824,-58,5
2.3898,-28.301,-89.824,-58,5
2.3918,-28.301,-89.648,-58,5
2.3937,-28.301,-89.473,-58,5
2.3957,-28.125,-89.297,-58,5
2.3977,-28.125,-89.121,-58,5
2.3997,-27.949,-88.770,-58,5
2.4017,-27.949,-88.594,-58,5
2.4061,-27.773,-87.891,-58,5
2.4068,-27.773,-87.715,-58,5
2.4078,-27.773,-87.539,-58,5
2.4097,-27.598,-87.188,-58,5
2.4118,-27.598,-86.660,-58,5
2.4138,-27.422,-86.309,-58,5
2.4158,-27.422,-85.781,-58,5
2.4178,-27.246,-85.254,-58,5
2.4198,-27.246,-84.727,58,5
2.4218,-27.070,-84.199,58,5
2.4238,-27.070,-83.672,58,5
2.4258,-27.070,-82.969,58,5
2.4278,-27.070,-82.266,58,5
2.4298,-26.895,-81.562,58,5
2.4318,-26.895,-81.035,58,5
2.4338,-26.895,-80.156,58,5
2.4358,-26.895,-79.453,58,5
2.4378,-26.895,-78.750,58,5
2.4398,-26.895,-77.871,58,5
2.4418,-26.895,-76.992,58,5
2.4438,-26.895,-76.113,58,5
2.4458,-26.895,-75.234,58,5
2.4478,-26.895,-74.355,58,5
2.4498,-27.070,-73.301,58,5
2.4518,-27.070,-72.246,58,5
2.4538,-27.070,-71.191,58,5
2.4558,-27.246,-70.312,58,5
2.4578,-27.422,-69.082,58,5
2.4598,-27.422,-68.027,58,5
2.4618,-27.598,-66.797,58,5
2.4638,-27.773,-65.742,58,5
2.4658,-27.949,-64.512,58,5
2.4678,-28.125,-63.281,58,5
2.4698,-28.477,-61.875,58,5
2.4718,-28.652,-60.645,58,5
2.4738,-29.004,-59.238,58,5
2.4758,-29.180,-57.832,58,5
2.4778,-29.531,-56.426,58,5
2.4798,-29.883,-55.020,58,5
2.4818,-30.234,-53.438,58,5
2.4838,-30.586,-52.031,58,5
2.4858,-30.938,-50.449,58,5
2.4878,-31.465,-48.867,58,5
2.4898,-31.992,-47.109,58,5
2.4918,-32.520,-45.527,58,5
2.4938,-33.047,-43.770,58,5
2.4958,-33.574,-42.012,58,5
2.4978,-34.102,-40.078,58,5
2.4998,-34.805,-38.145,58,5
2.5018,-35.508,-36.387,58,5
2.5058,-37.090,-32.344,58,5
2.5064,-37.441,-31.641,58,5
2.5079,-37.969,-30.234,57,5
2.5098,-38.848,-28.125,57,5
2.5118,-39.727,-26.016,57,5
2.5138,-40.781,-23.730,57,5
2.5158,-41.660,-21.621,57,5
2.5178,-42.715,-19.160,57,5
2.5198,-43.945,-16.875,57,5
2.5218,-45.000,-14.590,57,5
2.5238,-46.230,-12.129,57,5
2.5258,-47.461,-9.668,56,5
2.5278,-48.516,-7.207,56,5
2.5298,-49.746,-4.746,56,5
2.5318,-50.977,-2.285,56,5
2.5338,-52.207,0.176,53,5
2.5358,-53.438,2.637,49,5
2.5378,-54.492,4.922,45,5
2.5398,-55.723,7.383,42,5
2.5418,-56.777,9.668,38,5
2.5438,-57.832,11.953,36,5
2.5458,-58.711,14.238,33,5
2.5478,-59.766,16.348,30,5
2.5498,-60.645,18.457,27,5
2.5518,-61.523,20.566,25,5
2.5538,-62.402,22.676,22,5
2.5557,-63.105,24.609,20,5
2.5577,-63.984,26.543,18,5
2.5597,-64.688,28.477,16,5
2.5617,-65.215,30.410,13,5
2.5638,-65.918,32.168,12,5
2.5658,-66.445,33.926,10,5
2.5678,-66.973,35.684,9,5
2.5698,-67.500,37.441,8,5
2.5718,-67.852,39.023,6,5
2.5738,-68.379,40.605,5,5
2.5758,-68.730,42.188,3,5
2.5778,-69.258,43.770,2,5
2.5798,-69.609,45.176,1,5
2.5817,-69.961,46.582,0,5
2.5837,-70.137,47.988,0,5
2.5858,-70.488,49.395,0,5
2.5878,-70.664,50.801,0,5
2.5898,-71.016,52.031,0,5
2.5918,-71.191,53.438,-2,5
2.5938,-71.367,54.668,-2,5
2.5958,-71.543,55.723,-3,5
2.5978,-71.719,56.953,-3,5
2.5998,-71.895,58.184,-4,5
2.6017,-71.895,59.238,-4,5
2.6059,-72.070,61.348,-4,5
2.6065,-72.246,61.699,-5,5
2.6078,-72.246,62.402,-5,5
2.6133,-72.422,65.039,-5,5
2.6146,-72.422,65.566,-6,5
2.6152,-72.422,65.918,-6,5
2.6158,-72.422,66.094,-6,5
2.6179,-72.422,66.973,-6,5
2.6197,-72.598,67.676,-6,5
2.6218,-72.598,68.555,-6,5
2.6238,-72.598,69.434,-6,5
2.6258,-72.598,70.137,-6,5
2.6278,-72.598,70.840,-6,5
2.6298,-72.598,71.543,-6,5
2.6318,-72.422,72.246,-6,5
2.6338,-72.422,72.773,-6,5
2.6357,-72.422,73.301,-6,5
2.6377,-72.422,73.828,-6,5
2.6397,-72.246,74.531,-6,5
2.6417,-72.246,75.059,-5,5
2.6438,-72.070,75.410,-5,5
2.6458,-72.070,75.938,-5,5
2.6478,-72.070,76.289,-5,5
2.6498,-71.895,76.641,-5,5
2.6518,-71.895,77.168,-4,5
2.6538,-71.719,77.520,-4,5
2.6558,-71.719,77.871,-4,5
2.6578,-71.543,78.047,-4,5
2.6598,-71.367,78.223,-3,5
2.6618,-71.367,78.574,-3,5
2.6638,-71.191,78.750,-3,5
2.6658,-71.191,78.926,-2,5
2.6678,-71.016,79.102,-2,5
2.6697,-70.840,79.277,-2,5
2.6717,-70.664,79.277,-1,5
2.6737,-70.664,79.277,0,5
2.6758,-70.488,79.453,0,5
2.6778,-70.312,79.453,0,5
2.6798,-70.312,79.453,0,5
2.6818,-70.137,79.277,0,5
2.6838,-69.961,79.277,0,5
2.6858,-69.785,79.102,0,5
2.6877,-69.609,78.926,0,5
2.6898,-69.609,78.750,0,5
2.6918,-69.258,78.574,0,5
2.6938,-69.258,78.398,1,5
2.6958,-69.082,78.223,1,5
2.6978,-68.906,77.871,1,5
2.6998,-68.730,77.520,2,5
2.7017,-68.555,77.344,2,5
2.7059,-68.203,76.465,3,5
2.7064,-68.203,76.465,4,5
2.7077,-68.027,76.113,4,5
2.7097,-67.852,75.762,4,5
2.7117,-67.676,75.234,5,5
2.7137,-67.500,74.707,5,5
2.7158,-67.324,74.180,-53,5
2.7178,-67.148,73.652,-53,5
2.7198,-66.797,73.125,-53,5
2.7218,-66.621,72.422,-53,5
2.7238,-66.445,71.719,-54,5
2.7258,-66.270,71.191,-54,5
2.7278,-65.918,70.488,-54,5
2.7298,-65.742,69.785,-54,5
2.7318,-65.391,68.906,-54,5
2.7338,-65.215,68.203,-54,5
2.7358,-64.863,67.324,-54,5
2.7378,-64.512,66.445,-54,5
2.7398,-64.336,65.566,-54,5
2.7418,-63.984,64.688,-54,5
2.7438,-63.633,63.809,-54,5
2.7458,-63.281,62.754,-54,5
2.7478,-62.930,61.875,-54,5
2.7498,-62.578,60.820,-54,5
2.7518,-62.051,59.766,-54,5
2.7538,-61.699,58.535,-54,5
2.7557,-61.348,57.656,-54,5
2.7577,-60.820,56.426,-54,5
2.7597,-60.469,55.371,-54,5
2.7617,-59.941,53.965,-54,5
2.7638,-59.414,52.734,-55,5
2.7658,-58.887,51.504,-55,5
2.7679,-58.359,50.098,-55,5
2.7698,-57.832,48.867,-55,5
2.7718,-57.129,47.461,-55,5
2.7738,-56.602,46.055,-55,5
2.7758,-55.898,44.648,-55,5
2.7778,-55.195,43.066,-55,5
2.7797,-54.668,41.660,-55,5
2.7817,-53.789,40.078,-55,5
2.7837,-53.086,38.496,-55,5
2.7858,-52.383,36.738,-56,5
2.7878,-51.504,35.156,-56,5
2.7898,-50.625,33.398,-56,5
2.7919,-49.570,31.641,-56,5
2.7937,-48.691,29.883,-56,5
2.7958,-47.637,27.949,-56,5
2.7978,-46.758,26.016,-56,5
2.7998,-45.527,24.082,-56,5
2.8018,-44.473,22.148,-57,5
2.8058,-42.012,18.105,-57,5
2.8062,-41.836,17.578,-57,5
2.8078,-40.781,15.996,-57,5
2.8097,-39.551,13.887,-57,5
2.8117,-38.145,11.777,-57,5
2.8138,-36.738,9.492,-57,5
2.8158,-35.332,7.207,-58,5
2.8178,-33.750,4.922,-58,5
2.8198,-32.344,2.461,-58,5
2.8218,-30.762,0.176,-58,5
2.8237,-29.180,-2.109,-58,5
2.8257,-27.598,-4.570,-58,5
2.8277,-26.016,-6.855,-58,5
2.8298,-24.434,-9.316,-59,5
2.8318,-22.852,-11.777,-59,5
2.8338,-21.270,-14.062,-59,5
2.8358,-19.863,-16.523,-59,5
2.8378,-18.281,-18.809,-59,5
2.8397,-16.875,-20.918,-59,5
2.8417,-15.469,-23.203,-59,5
2.8437,-14.062,-25.488,-59,5
2.8458,-12.832,-27.598,-59,5
2.8478,-11.426,-29.707,-59,5
2.8498,-10.195,-31.992,-59,5
2.8518,-8.965,-33.926,-59,5
2.8538,-7.734,-36.035,-59,5
2.8557,-6.680,-37.793,-59,5
2.8577,-5.625,-39.727,-59,5
2.8598,-4.570,-41.836,0,5
2.8618,-3.691,-43.594,0,5
2.8638,-2.637,-45.352,-59,5
2.8658,-1.758,-47.285,-59,5
2.8678,-0.703,-48.867,-59,5
2.8697,0.000,-50.449,-59,5
2.8717,0.879,-52.207,-60,5
2.8738,1.758,-53.789,-59,5
2.8758,2.461,-55.547,-59,5
2.8778,3.164,-57.129,-59,5
2.8798,4.043,-58.535,-59,5
2.8818,4.746,-60.117,-59,5
2.8837,5.273,-61.523,-59,5
2.8857,5.977,-62.930,-59,5
2.8877,6.680,-64.336,-59,5
2.8898,7.383,-65.742,-59,5
2.8918,7.910,-66.973,-59,5
2.8938,8.613,-68.379,-59,5
2.8958,9.141,-69.609,-59,5
2.8978,9.668,-71.016,-59,5
2.8998,10.195,-72.246,-59,5
2.9017,10.723,-73.301,-59,5
2.9057,11.777,-75.586,-59,5
2.9063,11.953,-75.938,-59,5
2.9078,12.305,-76.816,-59,5
2.9098,12.832,-77.871,-59,5
2.9118,13.359,-78.926,-59,5
2.9138,13.887,-79.980,-59,5
2.9158,14.414,-80.859,-59,5
2.9178,14.766,-81.914,-59,5
2.9197,15.293,-82.793,-59,5
2.9217,15.820,-82.793,-59,5
2.9238,16.172,-82.793,-59,5
2.9258,16.523,-82.793,-59,5
2.9278,17.051,-82.793,-59,5
2.9298,17.578,-82.793,-59,5
2.9318,17.930,-82.793,-59,5
2.9337,18.457,-82.793,-59,5
2.9357,18.809,-82.793,-59,5
2.9378,19.336,-82.793,-59,5
2.9398,19.688,-82.793,-59,5
2.9418,20.039,-82.793,-59,5
2.9438,20.566,-82.793,-59,5
2.9458,20.918,-82.793,-59,5
2.9477,21.445,-82.793,-59,5
2.9497,21.797,-82.793,-59,5
2.9517,22.148,-82.793,-59,5
2.9538,22.676,-82.793,-59,5
2.9558,23.027,-82.793,-59,5
2.9578,23.555,-82.793,-59,5
2.9598,23.906,-82.793,-59,5
2.9618,24.434,-82.793,-59,5
2.9637,24.785,-82.793,-59,5
2.9657,25.312,-82.793,-59,5
2.9677,25.664,-82.793,-59,5
2.9698,26.191,-82.793,-59,5
2.9718,26.543,-82.793,-58,5
2.9737,27.070,-82.793,-58,5
2.9761,27.598,-82.793,-58,5
2.9777,27.949,-82.793,-58,5
2.9798,28.477,-82.793,-58,5
2.9818,28.828,-82.793,-58,5
2.9838,29.180,-82.793,-58,5
2.9858,29.707,-82.793,-58,5
2.9878,30.234,-82.793,-58,5
2.9898,30.586,-82.793,-58,5
2.9917,31.113,-82.793,-58,5
2.9938,31.641,-82.793,-58,5
2.9958,31.992,-82.793,-58,5
2.9977,32.520,-82.793,-58,5
2.9997,33.047,-82.793,-58,5
3.0017,33.398,-82.793,-58,5
3.0060,34.453,-82.793,-58,5
3.0064,34.629,-82.793,-58,5
3.0078,34.980,-82.793,-58,5
3.0098,35.508,-82.793,7,5
3.0247,39.023,-82.793,8,5
3.0268,39.551,-82.793,19,5
3.0288,39.902,-82.793,20,5
3.0308,40.430,-82.793,57,5
3.0329,40.781,-82.793,57,5
3.0348,41.309,-82.793,57,5
3.0368,41.660,-82.793,57,5
3.0388,42.188,-82.793,57,5
3.0408,42.539,-82.793,57,5
3.0429,43.066,-82.793,57,5
3.0448,43.418,-82.793,57,5
3.0468,43.770,-82.793,57,5
3.0489,44.121,-82.793,57,5
3.0509,44.473,-82.793,57,5
3.0528,44.824,-82.793,57,5
3.0548,45.176,-82.793,57,5
3.0568,45.527,-82.793,57,5
3.0589,45.879,-82.793,57,5
3.0608,46.230,-82.793,57,5
3.0629,46.406,-82.793,56,5
3.0648,46.758,-82.793,56,5
3.0668,46.934,-82.793,56,5
3.0688,47.285,-82.793,56,5
3.0708,47.461,-82.793,56,5
3.0728,47.637,-82.793,56,5
3.0748,47.988,-82.793,56,5
3.0768,48.164,-82.793,56,5
3.0788,48.340,-82.793,56,5
3.0808,48.340,-82.793,56,5
3.0829,48.516,-82.793,56,5
3.0848,48.691,-82.793,56,5
3.0869,48.691,-82.793,56,5
3.0888,48.867,-82.793,56,5
3.0909,48.867,-82.793,56,5
3.0928,48.867,-82.793,56,5
3.0949,48.867,-82.793,56,5
3.0968,48.867,-82.793,56,5
3.0987,48.867,-82.793,56,5
3.1008,48.691,-82.793,56,5
3.1028,48.691,-82.793,56,5
3.1061,48.340,-82.793,56,5
3.1069,48.164,-82.793,56,5
3.1088,47.988,-82.793,56,5
3.1109,47.812,-82.793,56,5
3.1128,47.461,-82.793,56,5
3.1148,47.109,-82.793,56,5
3.1169,46.758,-82.793,56,5
3.1188,46.230,-82.793,56,5
3.1208,45.703,-82.793,56,5
3.1228,45.176,-82.793,57,5
3.1248,44.648,-82.793,57,5
3.1268,43.945,-82.793,57,5
3.1288,43.242,-82.793,57,5
3.1308,42.539,-82.793,57,5
3.1329,41.660,-82.793,57,5
3.1349,40.957,-82.793,57,5
3.1368,40.078,-82.793,57,5
3.1389,39.023,-82.793,57,5
3.1408,38.145,-82.793,57,5
3.1428,37.266,-82.793,57,5
3.1448,36.211,-82.793,57,5
3.1468,35.332,-82.793,58,5
3.1488,34.277,-82.793,55,5
3.1508,33.398,-82.793,49,5
3.1529,32.344,-82.793,44,5
3.1548,31.641,-82.793,38,5
3.1568,30.762,-82.793,34,5
3.1588,29.883,-82.793,29,5
3.1608,29.180,-82.793,24,5
3.1629,28.477,-82.793,19,5
3.1648,27.949,-82.793,15,5
3.1669,27.246,-82.793,11,5
3.1688,26.719,-82.793,6,5
3.1709,26.191,-81.211,2,5
3.1728,25.664,-79.102,0,5
3.1749,25.312,-76.992,-3,5
3.1768,24.961,-74.883,59,5
3.1788,24.434,-72.949,59,5
3.1808,24.258,-70.840,59,5
3.1828,23.906,-68.906,59,5
3.1848,23.555,-66.973,59,5
3.1868,23.379,-65.215,59,5
3.1888,23.203,-63.281,59,5
3.1908,22.852,-61.523,59,5
3.1929,22.676,-59.766,59,5
3.1949,22.500,-58.008,59,5
3.1968,22.324,-56.250,59,5
3.1989,22.324,-54.668,59,5
3.2009,22.148,-52.910,59,5
3.2029,22.148,-51.328,59,5
3.2057,21.973,-49.219,59,5
3.2068,21.973,-48.340,59,5
3.2088,21.797,-46.934,59,5
3.2108,21.797,-45.352,59,5
3.2128,21.797,-43.770,59,5
3.2148,21.797,-42.363,59,5
3.2168,21.797,-40.957,59,5
3.2188,21.797,-39.727,59,5
3.2208,21.797,-38.320,59,5
3.2228,21.797,-37.090,59,5
3.2248,21.797,-35.859,59,5
3.2268,21.797,-34.453,59,5
3.2288,21.797,-33.223,59,5
3.2308,21.797,-32.168,59,5
3.2328,21.797,-30.938,59,5
3.2348,21.797,-29.707,59,5
3.2368,21.973,-28.652,59,5
3.2388,21.973,-27.598,59,5
3.2408,21.973,-26.543,59,5
3.2428,22.148,-25.488,59,5
3.2448,22.148,-24.609,59,5
3.2468,22.148,-23.730,59,5
3.2488,22.148,-22.676,59,5
3.2509,22.148,-21.797,59,5
3.2529,22.324,-20.918,59,5
3.2549,22.324,-20.039,59,5
3.2569,22.324,-19.160,59,5
3.2589,22.500,-18.457,59,5
3.2609,22.500,-17.578,59,5
3.2629,22.500,-16.875,59,5
3.2649,22.500,-16.172,59,5
3.2669,22.500,-15.469,59,5
3.2688,22.676,-14.941,59,5
3.2708,22.676,-14.238,59,5
3.2728,22.676,-13.535,59,5
3.2748,22.676,-13.008,59,5
3.2768,22.676,-12.480,59,5
3.2788,22.676,-11.953,59,5
3.2808,22.676,-11.426,59,5
3.2828,22.676,-11.074,59,5
3.2848,22.676,-10.547,59,5
3.2868,22.676,-10.195,59,5
3.2888,22.676,-9.844,59,5
3.2908,22.676,-9.492,59,5
3.2928,22.676,-9.141,59,5
3.2948,22.500,-8.965,59,5
3.2969,22.500,-8.613,59,5
3.2989,22.500,-8.438,59,5
3.3009,22.324,-8.262,59,5
3.3028,22.324,-7.910,59,5
3.3065,22.148,-7.734,59,5
3.3073,22.148,-7.734,59,5
3.3089,22.148,-7.734,59,5
3.3108,21.973,-7.559,59,5
3.3128,21.797,-7.559,59,5
3.3148,21.797,-7.559,59,5
3.3168,21.621,-7.559,59,5
3.3188,21.445,-7.559,59,5
3.3208,21.445,-7.734,59,5
3.3229,21.270,-7.734,59,5
3.3249,21.094,-7.910,59,5
3.3268,20.918,-8.086,59,5
3.3288,20.742,-8.262,59,5
3.3308,20.566,-8.613,59,5
3.3328,20.391,-8.789,59,5
3.3348,20.215,-9.141,59,5
3.3368,20.039,-9.316,59,5
3.3388,19.863,-9.844,59,5
3.3408,19.688,-10.195,59,5
3.3428,19.512,-10.547,59,5
3.3448,19.336,-11.074,59,5
3.3469,19.160,-11.426,-59,5
3.3489,18.809,-11.953,-59,5
3.3509,18.633,-12.480,-59,5
3.3528,18.457,-12.832,-59,5
3.3548,18.281,-13.535,-59,5
3.3568,18.105,-14.062,-59,5
3.3588,17.930,-14.766,-59,5
3.3608,17.754,-15.293,-59,5
3.3628,17.578,-15.996,-59,5
3.3648,17.402,-16.699,-59,5
3.3668,17.227,-17.402,-59,5
3.3688,17.051,-18.281,-59,5
3.3708,16.875,-18.984,-59,5
3.3729,16.699,-19.688,-59,5
3.3749,16.523,-20.566,-59,5
3.3769,16.348,-21.445,-59,5
3.3788,16.172,-22.324,-59,5
3.3808,16.172,-23.203,-59,5
3.3828,15.996,-24.082,-59,5
3.3848,15.996,-25.137,-59,5
3.3868,15.820,-26.016,-59,5
3.3888,15.820,-27.246,-59,5
3.3908,15.645,-28.125,-59,5
3.3929,15.645,-29.355,-59,5
3.3949,15.469,-30.410,-59,5
3.3968,15.469,-31.465,-59,5
3.3988,15.469,-32.520,-59,5
3.4008,15.469,-33.750,-59,5
3.4028,15.469,-34.980,-59,5
3.4058,15.469,-36.914,-59,5
3.4068,15.469,-37.617,-59,5
3.4088,15.469,-38.848,-59,5
3.4109,15.469,-40.254,-59,5
3.4129,15.469,-41.484,-59,5
3.4148,15.645,-42.891,-59,5
3.4168,15.645,-44.473,-59,5
3.4188,15.820,-45.879,-59,5
3.4209,15.996,-47.285,-59,5
3.4228,16.172,-48.867,-59,5
3.4248,16.348,-50.449,-59,5
3.4268,16.523,-52.031,-59,5
3.4288,16.699,-53.613,-59,5
3.4308,16.875,-55.371,-59,5
3.4328,17.227,-56.953,-59,5
3.4348,17.578,-58.711,-59,5
3.4368,17.930,-60.469,-59,5
3.4388,18.281,-62.402,-59,5
3.4408,18.633,-64.160,-59,5
3.4429,18.984,-66.094,-59,5
3.4449,19.512,-68.027,-59,5
3.4467,20.039,-69.961,-59,5
3.4488,20.566,-71.895,-59,5
3.4508,21.094,-73.477,-59,5
3.4528,21.797,-73.477,-59,5
3.4548,22.500,-73.477,-59,5
3.4568,23.203,-73.477,-59,5
3.4588,23.906,-73.477,-59,5
3.4608,24.785,-73.477,-59,5
3.4628,25.664,-73.477,-59,5
3.4649,26.719,-73.477,-59,5
3.4669,27.773,-73.477,-58,5
3.4689,28.828,-73.477,-58,5
3.4709,29.883,-73.477,-58,5
3.4729,31.113,-73.477,-58,5
3.4783,34.629,-73.477,-58,5
3.4796,35.508,-73.477,-58,5
3.4802,35.859,-73.477,-58,5
3.4809,36.387,-73.477,-58,5
3.4828,37.793,-73.477,-58,5
3.4848,39.023,-73.477,-57,5
3.4869,40.605,-73.477,-57,5
3.4887,41.836,-73.477,-57,5
3.4908,43.242,-73.477,-57,5
3.4928,44.648,-73.477,-57,5
3.4948,45.879,-73.477,-57,5
3.4969,47.109,-73.477,-57,5
3.4989,48.340,-73.477,-56,5
3.5009,49.570,-73.477,-56,5
3.5027,50.449,-73.477,-56,5
3.5060,52.207,-73.477,-54,5
3.5068,52.559,-73.477,-49,5
3.5089,53.438,-73.477,-48,5
3.5108,54.316,-73.477,-45,5
3.5128,55.195,-73.477,-43,5
3.5148,55.898,-73.477,-40,5
3.5168,56.602,-73.477,-38,5
3.5188,57.305,-73.477,-37,5
3.5208,57.832,-73.477,-35,5
3.5228,58.535,-73.477,-33,5
3.5248,59.062,-73.477,-31,5
3.5268,59.590,-73.477,-29,5
3.5288,59.941,-73.477,-28,5
3.5309,60.469,-73.477,-27,5
3.5329,60.820,-73.477,-25,5
3.5349,61.172,-73.477,-24,5
3.5369,61.523,-73.477,-23,5
3.5388,61.875,-73.477,29,5
3.5408,62.227,-73.477,30,5
3.5428,62.402,-73.477,30,5
3.5448,62.754,-73.477,31,5
3.5468,62.930,-73.477,32,5
3.5488,63.105,-73.477,33,5
3.5508,63.281,-73.477,33,5
3.5528,63.457,-73.477,34,5
3.5548,63.633,-73.477,34,5
3.5569,63.809,-73.477,35,5
3.5588,63.984,-73.477,35,5
3.5608,63.984,-73.477,54,5
3.5628,64.160,-73.477,54,5
3.5648,64.160,-73.477,54,5
3.5668,64.160,-73.477,54,5
3.5688,64.336,-73.477,54,5
3.5708,64.336,-73.477,54,5
3.5729,64.336,-73.477,54,5
3.5749,64.336,-73.477,54,5
3.5769,64.336,-73.477,54,5
3.5787,64.336,-73.477,54,5
3.5808,64.336,-73.477,54,5
3.5828,64.336,-73.477,54,5
3.5848,64.160,-73.477,54,5
3.5869,64.160,-73.477,54,5
3.5888,63.984,-73.477,54,5
3.5909,63.984,-73.477,54,5
3.5929,63.809,-73.477,54,5
3.5948,63.809,-73.477,54,5
3.5968,63.633,-73.477,54,5
3.5988,63.633,-73.477,54,5
3.6008,63.457,-73.477,54,5
3.6028,63.281,-73.477,54,5
3.6059,63.105,-73.477,54,5
3.6068,63.105,-73.477,54,5
3.6088,62.930,-73.477,54,5
3.6108,62.754,-73.477,54,5
3.6128,62.578,-73.477,54,5
3.6148,62.402,-73.477,54,5
3.6168,62.227,-73.477,54,5
3.6188,62.227,-73.477,54,5
3.6208,62.051,-73.477,54,5
3.6228,61.875,-73.477,54,5
3.6248,61.699,-73.477,54,5
3.6268,61.523,-73.477,54,5
3.6289,61.348,-73.477,54,5
3.6308,61.172,-73.477,54,5
3.6328,60.996,-73.477,54,5
3.6348,60.820,-73.477,54,5
3.6368,60.469,-73.477,54,5
3.6388,60.293,-73.477,54,5
3.6408,60.117,-73.477,55,5
3.6428,59.941,-73.477,55,5
3.6448,59.766,-73.477,55,5
3.6468,59.590,-73.477,55,5
3.6488,59.414,-73.477,55,5
3.6509,59.238,-73.477,55,5
3.6528,58.887,-73.477,55,5
3.6549,58.711,-73.477,55,5
3.6568,58.535,-73.477,55,5
3.6588,58.359,-73.477,55,5
3.6609,58.184,-73.477,55,5
3.6628,58.008,-73.477,55,5
3.6648,57.832,-73.477,55,5
3.6669,57.480,-73.477,55,5
3.6688,57.305,-73.477,55,5
3.6708,57.129,-73.477,55,5
3.6728,56.953,-73.477,55,5
3.6749,56.777,-73.477,55,5
3.6768,56.602,-73.477,55,5
3.6788,56.250,-73.477,55,5
3.6809,56.074,-73.477,55,5
3.6829,55.898,-73.477,55,5
3.6848,55.723,-73.477,55,5
3.6868,55.371,-73.477,55,5
3.6888,55.195,-73.477,55,5
3.6908,55.020,-73.477,55,5
3.6928,54.844,-73.477,55,5
3.6950,54.492,-73.477,55,5
3.6969,54.316,-73.477,55,5
3.6988,54.141,-73.477,54,5
3.7008,53.965,-73.477,53,5
3.7028,53.789,-73.477,51,5
3.7058,53.262,-73.477,49,5
3.7068,53.262,-73.477,45,5
3.7088,53.086,-73.477,45,5
3.7109,52.734,-73.477,43,5
3.7129,52.559,-73.477,42,5
3.7148,52.383,-73.477,41,5
3.7168,52.031,-73.477,39,5
3.7189,51.855,-73.477,37,5
3.7208,51.680,-73.477,36,5
3.7228,51.328,-73.477,35,5
3.7248,51.152,-73.477,33,5
3.7268,50.801,-73.477,32,5
3.7288,50.625,-73.477,30,5
3.7308,50.273,-73.477,30,5
3.7328,50.098,-73.477,29,5
3.7348,49.746,-73.477,28,5
3.7368,49.570,-73.477,27,5
3.7389,49.219,-73.477,26,5
3.7408,49.043,-73.477,25,5
3.7428,48.691,-73.477,25,5
3.7448,48.340,-73.477,24,5
3.7470,48.164,-73.477,23,5
3.7487,47.812,-73.477,23,5
3.7508,47.461,-73.477,22,5
3.7528,47.285,-73.477,21,5
3.7548,46.934,-73.477,21,5
3.7569,46.582,-73.477,21,5
3.7588,46.230,-73.477,20,5
3.7608,45.879,-73.477,20,5
3.7628,45.527,-73.477,20,5
3.7649,45.000,-73.477,19,5
3.7668,44.648,-73.477,19,5
3.7688,44.297,-73.477,20,5
3.7708,43.770,-73.477,20,5
3.7728,43.418,-73.477,19,5
3.7748,42.891,-73.477,20,5
3.7767,42.539,-73.477,19,5
3.7788,42.012,-73.477,20,5
3.7808,41.484,-73.477,19,5
3.7828,40.957,-73.477,19,5
3.7849,40.430,-73.477,19,5
3.7869,39.727,-73.477,19,5
3.7889,39.199,-73.477,19,5
3.7908,38.496,-73.477,19,5
3.7928,37.793,-73.477,19,5
3.7948,37.090,-73.477,18,5
3.7967,36.387,-73.477,18,5
3.7988,35.684,-73.477,18,5
3.8008,34.805,-73.477,18,5
3.8028,34.102,-73.477,18,5
3.8057,32.695,-73.477,18,5
3.8068,32.168,-73.477,17,5
3.8088,31.289,-71.719,16,5
3.8108,30.234,-69.609,16,5
3.8129,29.180,-67.324,15,5
3.8148,27.949,-65.039,14,5
3.8169,26.719,-62.754,13,5
3.8188,25.664,-60.469,12,5
3.8208,24.258,-58.008,11,5
3.8228,23.027,-55.547,10,5
3.8247,21.621,-53.086,8,5
3.8268,20.039,-50.449,7,5
3.8288,18.633,-47.812,59,5
3.8309,16.875,-45.176,59,5
3.8329,15.293,-42.363,59,5
3.8347,13.711,-39.902,59,5
3.8368,11.953,-37.090,59,5
3.8388,10.195,-34.102,59,5
3.8408,8.438,-31.113,59,5
3.8428,6.680,-28.301,59,5
3.8448,4.746,-25.488,59,5
3.8468,2.988,-22.676,59,5
3.8489,1.230,-19.863,59,5
3.8508,-0.527,-17.051,59,5
3.8529,-2.285,-14.238,59,5
3.8548,-3.691,-11.602,59,5
3.8568,-5.273,-8.965,59,5
3.8589,-6.855,-6.328,59,5
3.8609,-8.262,-3.691,59,5
3.8629,-9.668,-1.230,59,5
3.8648,-10.898,1.230,59,5
3.8668,-12.305,3.516,59,5
3.8688,-13.535,5.977,59,5
3.8708,-14.590,8.262,0,5
3.8729,-15.820,10.547,0,5
3.8748,-16.875,12.656,0,5
3.8768,-17.754,14.766,0,5
3.8788,-18.809,17.051,0,5
3.8809,-19.688,19.160,0,5
3.8828,-20.566,21.094,0,5
3.8848,-21.270,23.027,0,5
3.8869,-22.148,25.137,0,5
3.8888,-22.852,26.895,0,5
3.8908,-23.555,28.652,59,5
3.8928,-24.258,30.586,59,5
3.8948,-24.961,32.520,59,5
3.8969,-25.664,34.277,59,5
3.8989,-26.191,36.035,59,5
3.9009,-26.895,37.793,58,5
3.9028,-27.422,39.199,58,5
3.9058,-28.125,41.660,58,5
3.9069,-28.477,42.539,58,5
3.9088,-29.004,44.121,58,5
3.9108,-29.355,45.703,58,5
3.9128,-29.883,47.285,58,5
3.9149,-30.410,48.691,58,5
3.9169,-30.762,50.098,58,5
3.9187,-31.289,51.504,58,5
3.9208,-31.641,52.910,58,5
3.9228,-31.992,54.316,58,5
3.9248,-32.520,55.723,58,5
3.9268,-32.871,56.953,58,5
3.9288,-33.223,58.184,58,5
3.9308,-33.750,59.590,58,5
3.9329,-34.102,60.645,58,5
3.9349,-34.453,61.875,58,5
3.9368,-34.805,63.105,58,5
3.9388,-35.156,64.160,58,5
3.9408,-35.508,65.391,58,5
3.9428,-35.859,66.445,58,5
3.9448,-36.211,67.500,58,5
3.9469,-36.562,68.555,58,5
3.9489,-36.914,69.609,58,5
3.9509,-37.266,70.488,58,5
3.9529,-37.617,71.543,57,5
3.9548,-37.793,72.422,57,5
3.9568,-38.145,73.301,57,5
3.9588,-38.496,74.180,57,5
3.9608,-38.848,75.059,57,5
3.9628,-39.199,75.762,57,5
3.9648,-39.551,76.641,57,5
3.9669,-39.902,77.344,57,5
3.9689,-40.254,78.047,57,5
3.9708,-40.430,78.750,57,5
3.9728,-40.957,79.453,57,5
3.9748,-41.133,80.156,57,5
3.9768,-41.660,80.684,57,5
3.9788,-42.012,81.387,57,5
3.9809,-42.363,81.738,57,5
3.9829,-42.715,82.441,57,5
3.9849,-43.066,82.969,57,5
3.9868,-43.418,83.320,57,5
3.9888,-43.770,83.848,57,5
3.9908,-44.121,84.199,57,5
3.9928,-44.648,84.551,57,5
3.9949,-45.000,85.078,57,5
3.9969,-45.352,85.254,57,5
3.9988,-45.879,85.605,57,5
4.0008,-46.230,85.957,57,5
4.0028,-46.582,86.133,56,5
4.0058,-47.285,86.484,56,5
4.0068,-47.461,86.484,56,5
4.0088,-47.988,86.660,56,5
4.0108,-48.340,86.836,56,5
4.0128,-48.867,87.012,56,5
4.0149,-49.395,87.012,56,5
4.0169,-49.746,87.012,56,5
4.0188,-50.273,87.012,56,5
4.0209,-50.801,87.012,55,5
4.0228,-51.152,87.012,53,5
4.0248,-51.680,87.012,52,5
4.0268,-52.207,86.836,50,5
4.0288,-52.734,86.660,49,5
4.0309,-53.086,86.484,47,5
4.0329,-53.613,86.309,46,5
4.0348,-54.141,86.133,45,5
4.0368,-54.668,85.957,43,5
4.0388,-55.195,85.605,41,5
4.0408,-55.723,85.254,40,5
4.0428,-56.250,85.078,38,5
4.0448,-56.602,84.727,37,5
4.0469,-57.129,84.375,37,5
4.0489,-57.656,83.848,35,5
4.0508,-58.184,83.496,34,5
4.0528,-58.711,82.969,32,5
4.0548,-59.238,82.441,30,5
4.0569,-59.766,82.090,-55,5
4.0589,-60.293,81.387,-55,5
4.0608,-60.820,80.859,-55,5
4.0628,-61.172,80.332,-54,5
4.0648,-61.699,79.629,-54,5
4.0668,-62.227,79.102,-54,5
4.0688,-62.754,78.398,-54,5
4.0708,-63.105,77.695,-54,5
4.0729,-63.633,76.992,-54,5
4.0749,-64.160,76.113,-54,5
4.0768,-64.512,75.410,-54,5
4.0788,-64.863,74.707,-54,5
4.0808,-65.391,73.828,-54,5
4.0828,-65.742,73.125,-54,5
4.0854,-66.270,71.895,-54,5
4.0868,-66.621,71.191,-54,5
4.0888,-66.973,70.312,-54,5
4.0908,-67.324,69.434,-53,5
4.0929,-67.676,68.379,-53,5
4.0948,-68.027,67.500,-53,5
4.0968,-68.379,66.445,-53,5
4.1149,-71.016,56.074,-53,5
4.1169,-71.191,54.668,-53,5
4.1189,-71.367,53.438,-53,5
4.1209,-71.543,52.031,-53,5
4.1230,-71.719,50.625,-53,5
4.1249,-71.895,49.219,-53,5
4.1269,-71.895,47.812,-53,5
4.1290,-72.070,46.230,-53,5
4.1310,-72.070,44.824,-53,5
4.1329,-72.246,43.242,-53,5
4.1349,-72.246,41.660,-53,5
4.1369,-72.246,40.078,-53,5
4.1390,-72.246,38.320,-53,5
4.1409,-72.246,36.738,-53,5
4.1429,-72.246,35.156,-53,5
4.1449,-72.246,33.223,-53,5
4.1469,-72.070,31.465,-53,5
4.1489,-71.895,29.707,-53,5
4.1509,-71.719,27.773,-53,5
4.1530,-71.543,25.840,-53,5
4.1550,-71.367,23.906,-53,5
4.1569,-71.016,21.973,-53,5
4.1589,-70.664,19.863,-53,5
4.1609,-70.488,17.930,-53,5
4.1629,-69.961,15.645,-53,5
4.1650,-69.609,13.359,-53,5
4.1669,-69.082,11.250,-53,5
4.1689,-68.555,8.965,-53,5
4.1709,-67.852,6.680,-53,5
4.1729,-67.148,4.219,-53,5
4.1749,-66.445,1.758,-53,5
4.1770,-65.742,-0.879,-54,5
4.1790,-64.863,-3.516,-54,5
4.1809,-63.984,-5.977,-54,5
4.1829,-62.930,-8.613,-54,5
4.1849,-62.051,-11.426,-54,5
4.1869,-60.820,-14.414,-54,5
4.1889,-59.766,-17.402,-54,5
4.1910,-58.535,-20.391,-55,5
4.1929,-57.305,-23.203,-55,5
4.1949,-55.898,-26.191,-55,5
4.1969,-54.668,-29.355,-55,5
4.1989,-53.262,-32.520,-55,5
4.2010,-52.031,-35.684,-56,5
4.2029,-50.625,-38.672,0,5
4.2049,-49.395,-41.484,0,5
4.2070,-48.164,-44.648,0,5
4.2089,-47.109,-47.461,0,5
4.2109,-46.055,-50.273,0,5
4.2138,-44.473,-54.141,0,5
4.2149,-43.945,-55.723,0,5
4.2170,-42.891,-58.535,0,5
4.2189,-42.012,-61.172,0,5
4.2209,-41.309,-63.633,0,5
4.2229,-40.605,-66.094,0,5
4.2249,-39.902,-68.555,0,5
4.2270,-39.199,-71.016,0,5
4.2289,-38.672,-73.125,0,5
4.2310,-38.145,-75.586,0,5
4.2329,-37.617,-77.695,0,5
4.2349,-37.090,-79.980,0,5
4.2369,-36.738,-82.090,0,5
4.2390,-36.387,-84.199,0,5
4.2409,-36.035,-86.133,0,5
4.2429,-35.684,-88.066,0,5
4.2449,-35.508,-90.000,0,5
4.2470,-35.156,-92.109,0,5
4.2489,-34.980,-94.043,0,5
4.2509,-34.805,-95.801,0,5
4.2529,-34.629,-97.559,0,5
4.2550,-34.453,-99.316,0,5
4.2569,-34.277,-101.074,0,5
4.2589,-34.277,-102.832,0,5
4.2609,-34.102,-104.414,0,5
4.2630,-34.102,-106.172,0,5
4.2649,-34.102,-107.754,0,5
4.2669,-34.102,-109.336,0,5
4.2689,-34.102,-110.918,0,5
4.2710,-34.102,-112.324,0,5
4.2729,-34.102,-113.906,0,5
4.2749,-34.102,-115.312,0,5
4.2769,-34.102,-116.719,0,5
4.2790,-34.102,-118.125,0,5
4.2809,-34.102,-119.531,0,5
4.2829,-34.277,-120.938,0,5
4.2849,-34.277,-122.168,0,5
4.2870,-34.453,-123.574,0,5
4.2889,-34.629,-124.805,0,5
4.2909,-34.629,-126.035,0,5
4.2929,-34.805,-127.266,0,5
4.2950,-34.805,-128.496,0,5
4.2970,-34.980,-129.551,0,5
4.2989,-35.156,-130.781,0,5
4.3009,-35.332,-131.836,0,5
4.3030,-35.508,-132.891,0,5
4.3050,-35.508,-133.945,0,5
4.3069,-35.684,-135.000,0,5
4.3089,-35.859,-135.879,0,5
4.3109,-36.035,-136.934,0,5
4.3137,-36.211,-138.340,0,5
4.3149,-36.387,-138.867,0,5
4.3170,-36.562,-139.746,0,5
4.3192,-36.738,-140.625,0,5
4.3209,-36.914,-141.504,0,5
4.3230,-37.090,-142.207,0,5
4.3250,-37.266,-143.086,0,5
4.3269,-37.441,-143.789,-57,5
4.3289,-37.617,-144.668,-57,5
4.3309,-37.617,-145.371,-57,5
4.3329,-37.969,-146.074,-57,5
4.3349,-37.969,-146.602,-57,5
4.3369,-38.145,-147.305,-57,5
4.3389,-38.320,-147.832,-57,5
4.3409,-38.496,-148.535,-57,5
4.3430,-38.672,-149.062,-57,5
4.3450,-38.672,-149.590,-57,5
4.3470,-38.848,-149.941,-57,5
4.3490,-39.023,-150.469,-57,5
4.3510,-39.023,-150.996,-57,5
4.3529,-39.023,-151.348,-57,5
4.3549,-39.199,-151.699,-57,5
4.3569,-39.375,-152.051,-57,5
4.3589,-39.375,-152.402,-57,5
4.3609,-39.375,-152.754,-57,5
4.3629,-39.375,-152.930,-57,5
4.3649,-39.551,-153.281,-57,5
4.3669,-39.551,-153.457,-57,5
4.3689,-39.551,-153.633,-57,5
4.3710,-39.551,-153.809,-57,5
4.3730,-39.551,-153.809,-57,5
4.3750,-39.551,-153.984,-57,5
4.3770,-39.551,-153.984,-57,5
4.3790,-39.551,-153.984,-57,5
4.3809,-39.551,-154.160,-57,5
4.3829,-39.375,-154.160,-57,5
4.3849,-39.375,-153.984,-57,5
4.3869,-39.375,-153.984,-57,5
4.3889,-39.199,-153.809,-57,5
4.3910,-39.199,-153.809,-57,5
4.3930,-39.023,-153.633,-57,5
4.3949,-39.023,-153.457,-57,5
4.3969,-38.848,-153.281,-57,5
4.3989,-38.672,-152.930,-57,5
4.4009,-38.672,-152.754,-57,5
4.4029,-38.496,-152.402,-57,5
4.4049,-38.320,-152.051,-57,5
4.4069,-38.145,-151.699,-57,5
4.4089,-37.969,-151.348,-57,5
4.4109,-37.793,-150.996,-57,5
4.4138,-37.617,-150.293,57,5
4.4150,-37.617,-149.941,57,5
4.4170,-37.441,-149.590,57,5
4.4190,-37.266,-149.062,57,5
4.4210,-37.090,-148.535,57,5
4.4229,-36.914,-148.008,58,5
4.4249,-36.738,-147.480,58,5
4.4269,-36.562,-146.777,58,5
4.4289,-36.387,-146.250,58,5
4.4309,-36.211,-145.547,58,5
4.4329,-36.211,-144.844,58,5
4.4349,-36.035,-144.141,58,5
4.4369,-35.859,-143.438,58,5
4.4390,-35.684,-142.734,58,5
4.4409,-35.508,-142.031,58,5
4.4429,-35.508,-141.152,58,5
4.4449,-35.332,-140.449,58,5
4.4469,-35.156,-139.570,58,5
4.4489,-35.156,-138.691,58,5
4.4509,-34.980,-137.812,58,5
4.4529,-34.980,-136.934,58,5
4.4549,-34.805,-135.879,58,5
4.4569,-34.805,-135.000,58,5
4.4589,-34.629,-134.121,58,5
4.4609,-34.629,-133.066,58,5
4.4629,-34.629,-132.012,58,5
4.4649,-34.453,-130.957,58,5
4.4669,-34.453,-129.902,58,5
4.4689,-34.453,-128.672,58,5
4.4709,-34.453,-127.617,58,5
4.4729,-34.453,-126.387,58,5
4.4749,-34.453,-125.332,58,5
4.4769,-34.453,-124.102,58,5
4.4789,-34.453,-122.871,58,5
4.4809,-34.453,-121.641,58,5
4.4829,-34.453,-120.234,58,5
4.4849,-34.629,-119.004,58,5
4.4869,-34.629,-117.598,58,5
4.4889,-34.805,-116.191,58,5
4.4909,-34.805,-114.785,58,5
4.4929,-34.980,-113.379,58,5
4.4949,-35.156,-111.973,58,5
4.4970,-35.332,-110.391,58,5
4.4989,-35.508,-108.984,58,5
4.5010,-35.508,-107.402,58,5
4.5068,-36.211,-102.480,58,5
4.5081,-36.562,-101.602,58,5
4.5086,-36.562,-101.074,58,5
4.5092,-36.562,-100.547,58,5
4.5110,-36.914,-99.141,58,5
4.5145,-37.441,-95.977,58,5
4.5151,-37.617,-95.449,57,5
4.5169,-37.969,-93.867,57,5
4.5189,-38.320,-91.934,57,5
4.5209,-38.848,-90.176,57,5
4.5229,-39.375,-88.066,57,5
4.5249,-39.727,-86.133,57,5
4.5269,-40.430,-84.199,57,5
4.5289,-40.957,-82.090,57,5
4.5309,-41.660,-79.980,57,5
4.5329,-42.363,-77.871,57,5
4.5349,-43.066,-75.762,57,5
4.5369,-43.770,-73.477,57,5
4.5389,-44.648,-71.191,57,5
4.5410,-45.527,-68.730,57,5
4.5430,-46.582,-66.270,57,5
4.5449,-47.461,-63.984,56,5
4.5469,-48.516,-61.348,56,5
4.5489,-49.570,-58.887,56,5
4.5509,-50.801,-56.250,56,5
4.5529,-52.207,-53.438,53,5
4.5549,-53.438,-50.625,49,5
4.5569,-54.844,-47.812,45,5
4.5589,-56.250,-44.824,0,5
4.5610,-57.832,-41.836,37,5
4.5630,-59.414,-38.848,33,5
4.5650,-60.996,-35.859,28,5
4.5669,-62.578,-33.047,24,5
4.5690,-64.160,-29.883,20,5
4.5709,-65.742,-26.895,15,5
4.5729,-67.324,-24.082,10,5
4.5749,-68.906,-21.094,7,5
4.5769,-70.312,-18.105,2,5
4.5792,-72.070,-14.766,0,5
4.5810,-73.125,-12.480,0,5
4.5830,-74.531,-9.668,0,5
4.5849,-75.586,-7.031,0,5
4.5869,-76.816,-4.395,0,5
4.5890,-78.047,-1.934,0,5
4.5909,-79.102,0.527,0,5
4.5929,-79.980,2.988,0,5
4.5950,-81.035,5.449,0,5
4.5969,-81.738,7.559,0,5
4.5989,-82.441,9.844,0,5
4.6009,-83.320,12.129,0,5
4.6029,-84.023,14.238,0,5
4.6050,-84.727,16.348,0,5
4.6069,-85.254,18.457,0,5
4.6089,-85.781,20.391,0,5
4.6110,-86.309,22.324,0,5
4.6140,-87.012,25.137,0,5
4.6150,-87.188,26.191,0,5
4.6169,-87.539,27.949,0,5
4.6189,-88.066,29.707,0,5
4.6210,-88.418,31.465,0,5
4.6229,-88.594,33.047,-46,5
4.6249,-88.945,34.805,-45,5
4.6269,-89.121,36.387,-46,5
4.6289,-89.473,37.969,-47,5
4.6309,-89.648,39.551,-48,5
4.6329,-89.824,41.133,-48,5
4.6349,-90.000,42.715,-49,5
4.6370,-90.176,44.121,-49,5
4.6389,-90.352,45.527,58,5
4.6409,-90.352,46.934,58,5
4.6429,-90.527,48.340,58,5
4.6449,-90.527,49.570,58,5
4.6470,-90.703,50.801,58,5
4.6490,-90.703,52.207,58,5
4.6509,-90.703,53.438,58,5
4.6529,-90.879,54.668,58,5
4.6550,-90.879,55.723,58,5
4.6570,-90.879,56.953,58,5
4.6590,-90.879,58.184,58,5
4.6609,-90.879,59.062,58,5
4.6629,-90.879,60.293,58,5
4.6649,-90.879,61.348,58,5
4.6669,-90.879,62.402,58,5
4.6690,-90.879,63.281,58,5
4.6710,-90.879,64.160,58,5
4.6729,-90.879,65.215,58,5
4.6749,-90.879,66.094,58,5
4.6769,-90.879,66.973,58,5
4.6789,-90.879,67.852,58,5
4.6809,-90.703,68.730,58,5
4.6829,-90.703,69.434,58,5
4.6849,-90.703,70.312,58,5
4.6870,-90.703,71.016,58,5
4.6890,-90.703,71.719,58,5
4.6909,-90.703,72.422,58,5
4.6929,-90.527,73.125,58,5
4.6949,-90.527,73.652,58,5
4.6969,-90.527,74.355,58,5
4.6990,-90.527,74.883,58,5
4.7009,-90.527,75.410,58,5
4.7030,-90.352,75.938,58,5
4.7050,-90.352,76.465,58,5
4.7070,-90.352,76.816,58,5
4.7089,-90.352,77.344,58,5
4.7109,-90.352,77.695,58,5
4.7138,-90.352,78.223,58,5
4.7149,-90.352,78.574,58,5
4.7169,-90.352,78.750,58,5
4.7189,-90.352,79.102,58,5
4.7210,-90.352,79.453,58,5
4.7230,-90.352,79.629,58,5
4.7249,-90.352,79.980,58,5
4.7269,-90.352,80.156,58,5
4.7290,-90.352,80.332,58,5
4.7309,-90.352,80.332,58,5
4.7330,-90.352,80.508,58,5
4.7349,-90.527,80.684,58,5
4.7369,-90.527,80.684,58,5
4.7390,-90.527,80.684,58,5
4.7409,-90.703,80.684,58,5
4.7429,-90.703,80.684,58,5
4.7449,-90.703,80.684,58,5
4.7469,-90.879,80.508,58,5
4.7489,-90.879,80.332,58,5
4.7509,-90.879,80.332,58,5
4.7530,-91.055,80.156,58,5
4.7550,-91.055,79.980,57,5
4.7569,-91.055,79.805,57,5
4.7589,-91.230,79.453,57,5
4.7609,-91.406,79.277,57,5
4.7629,-91.406,78.926,57,5
4.7649,-91.582,78.574,57,5
4.7670,-91.582,78.223,57,5
4.7690,-91.758,77.871,57,5
4.7709,-91.758,77.520,57,5
4.7729,-91.934,76.992,57,5
4.7749,-92.109,76.641,57,5
4.7769,-92.109,76.113,57,5
4.7789,-92.285,75.586,57,5
4.7810,-92.461,75.059,57,5
4.7830,-92.461,74.531,57,5
4.7849,-92.637,73.828,57,5
4.7869,-92.812,73.301,57,5
4.7889,-92.812,72.598,57,5
4.7909,-92.988,71.895,57,5
4.7929,-93.164,71.191,57,5
4.7949,-93.164,70.488,57,5
4.7969,-93.340,69.785,57,5
4.7989,-93.516,68.906,57,5
4.8010,-93.516,68.203,57,5
4.8030,-93.691,67.324,57,5
4.8050,-93.867,66.445,57,5
4.8069,-93.867,65.566,57,5
4.8089,-94.043,64.688,57,5
4.8109,-94.043,63.633,57,5
4.8136,-94.219,62.402,57,5
4.8149,-94.219,61.699,57,5
4.8169,-94.395,60.645,57,5
4.8190,-94.395,59.590,57,5
4.8209,-94.570,58.535,57,5
4.8229,-94.570,57.480,57,5
4.8250,-94.570,56.250,57,5
4.8269,-94.746,55.020,57,5
4.8289,-94.746,53.965,57,5
4.8309,-94.746,52.734,57,5
4.8329,-94.922,51.328,57,5
4.8349,-94.922,50.098,57,5
4.8370,-94.922,48.691,57,5
4.8390,-94.922,47.461,57,5
4.8409,-94.922,46.055,57,5
4.8429,-94.922,44.824,57,5
4.8449,-94.922,43.242,57,5
4.8469,-94.746,41.660,57,5
4.8490,-94.746,40.254,57,5
4.8510,-94.746,38.672,57,5
4.8529,-94.570,37.266,57,5
4.8549,-94.570,35.684,57,5
4.8569,-94.395,33.926,57,5
4.8589,-94.219,32.344,57,5
4.8609,-94.043,30.586,57,5
4.8630,-93.867,28.828,57,5
4.8650,-93.691,27.246,57,5
4.8669,-93.516,25.488,57,5
4.8689,-93.164,23.555,57,5
4.8709,-92.988,21.797,57,5
4.8729,-92.637,19.863,57,5
4.8749,-92.285,17.754,57,5
4.8770,-91.934,15.820,57,5
4.8790,-91.582,13.887,57,5
4.8809,-91.055,11.777,57,5
4.8829,-90.703,9.668,57,5
4.8849,-90.176,7.559,58,5
4.8869,-89.648,5.449,58,5
4.8889,-88.945,3.164,-49,5
4.8909,-88.418,0.879,-50,5
4.8929,-87.715,-1.582,-50,5
4.8949,-87.012,-4.043,-50,5
4.8969,-86.133,-6.504,-50,5
4.8989,-85.430,-8.965,-50,5
4.9009,-84.375,-11.602,-50,5
4.9029,-83.496,-14.238,-50,5
4.9050,-82.441,-17.051,-51,5
4.9070,-81.387,-19.688,-51,5
4.9090,-80.332,-22.500,-51,5
4.9110,-79.102,-25.488,-51,5
4.9137,-77.520,-29.355,-51,5
4.9150,-76.816,-31.113,-52,5
4.9170,-75.586,-33.926,-52,5
4.9190,-74.355,-36.914,-52,5
4.9210,-73.301,-39.727,-52,5
4.9229,-72.246,-42.363,-52,5
4.9249,-71.191,-45.000,-53,5
4.9269,-70.137,-47.812,-53,5
4.9289,-69.082,-50.449,-53,5
4.9309,-68.203,-53.086,0,5
4.9330,-67.324,-55.723,0,5
4.9349,-66.445,-58.184,0,5
4.9369,-65.742,-60.645,0,5
4.9390,-65.039,-63.105,0,5
4.9409,-64.336,-65.391,0,5
4.9429,-63.633,-67.676,0,5
4.9449,-63.105,-69.785,0,5
4.9470,-62.578,-72.070,0,5
4.9489,-62.051,-74.180,0,5
4.9509,-61.699,-76.289,0,5
4.9529,-61.348,-78.223,0,5
4.9549,-60.820,-80.332,0,5
4.9569,-60.645,-82.266,0,5
4.9590,-60.293,-84.199,0,5
4.9609,-59.941,-85.957,0,5
4.9629,-59.766,-87.891,0,5
4.9650,-59.414,-89.824,0,5
4.9669,-59.238,-91.406,0,5
4.9689,-59.062,-93.164,0,5
4.9710,-58.887,-94.922,0,5
4.9729,-58.887,-96.504,0,5
4.9749,-58.711,-98.086,0,5
4.9770,-58.711,-99.668,0,5
4.9789,-58.535,-101.250,0,5
4.9809,-58.535,-102.656,0,5
4.9830,-58.535,-104.238,0,5
4.9849,-58.535,-105.645,0,5
4.9869,-58.535,-107.051,0,5
4.9890,-58.535,-108.633,0,5
4.9909,-58.535,-109.863,0,5
4.9929,-58.535,-111.270,0,5
4.9949,-58.535,-112.500,0,5
4.9970,-58.535,-113.906,0,5
4.9989,-58.711,-115.137,0,5
5.0009,-58.711,-116.191,0,5
5.0030,-58.711,-117.422,0,5
5.0049,-58.887,-118.652,0,5
5.0069,-58.887,-119.707,0,5
5.0089,-59.062,-120.938,0,5
5.0109,-59.238,-121.992,0,5
5.0137,-59.414,-123.398,0,5
5.0149,-59.414,-124.102,0,5
5.0169,-59.414,-124.980,0,5
5.0190,-59.590,-126.035,0,5
5.0209,-59.766,-127.090,0,5
5.0229,-59.941,-127.969,0,5
5.0250,-60.117,-128.848,0,5
5.0269,-60.117,-129.551,0,5
5.0289,-60.293,-130.430,0,5
5.0310,-60.469,-131.309,0,5
5.0329,-60.645,-132.188,0,5
5.0349,-60.820,-132.891,0,5
5.0369,-60.996,-133.594,-54,5
5.0389,-61.172,-134.297,-54,5
5.0409,-61.172,-135.000,-54,5
5.0429,-61.348,-135.527,-54,5
5.0449,-61.523,-136.230,-54,5
5.0470,-61.699,-136.758,-54,5
5.0489,-61.875,-137.285,-54,5
5.0509,-61.875,-137.812,-54,5
5.0529,-62.051,-138.340,-54,5
5.0549,-62.227,-138.867,-54,5
5.0569,-62.227,-139.219,-54,5
5.0589,-62.402,-139.746,-54,5
5.0609,-62.402,-140.098,-54,5
5.0629,-62.578,-140.449,-54,5
5.0649,-62.578,-140.801,-54,5
5.0669,-62.754,-141.152,-54,5
5.0690,-62.754,-141.504,-54,5
5.0710,-62.930,-141.680,-54,5
5.0730,-62.930,-141.855,-54,5
5.0750,-62.930,-142.031,-54,5
5.0769,-62.930,-142.207,-54,5
5.0789,-62.930,-142.383,-54,5
5.0809,-63.105,-142.559,-54,5
5.0829,-63.105,-142.559,-54,5
5.0849,-63.105,-142.734,-54,5
5.0869,-63.105,-142.734,-54,5
5.0889,-63.105,-142.734,-54,5
5.0909,-63.105,-142.734,-54,5
5.0929,-63.105,-142.559,-54,5
5.0949,-63.105,-142.559,-54,5
5.0969,-63.105,-142.383,-54,5
5.0990,-63.105,-142.207,-54,5
5.1010,-62.930,-142.031,-54,5
5.1030,-62.930,-141.855,-54,5
5.1050,-62.930,-141.504,-54,5
5.1070,-62.930,-141.328,-54,5
5.1089,-62.754,-141.152,-54,5
5.1109,-62.754,-140.801,-54,5
5.1137,-62.578,-140.273,-54,5
5.1149,-62.578,-140.098,-54,5
5.1169,-62.402,-139.746,-54,5
5.1189,-62.402,-139.219,-54,5
5.1209,-62.227,-138.691,20,5
5.1229,-62.227,-138.340,20,5
5.1249,-62.051,-137.812,20,5
5.1269,-62.051,-137.285,20,5
5.1289,-61.875,-136.582,20,5
5.1309,-61.699,-136.055,21,5
5.1330,-61.699,-135.527,21,5
5.1350,-61.523,-134.824,21,5
5.1370,-61.523,-134.121,22,5
5.1389,-61.348,-133.418,22,5
5.1409,-61.348,-132.715,22,5
5.1429,-61.172,-132.012,22,5
5.1449,-60.996,-131.309,23,5
5.1470,-60.996,-130.430,24,5
5.1489,-60.820,-129.551,24,5
5.1509,-60.820,-128.672,24,5
5.1529,-60.645,-127.969,24,5
5.1549,-60.645,-126.914,25,5
5.1569,-60.645,-126.035,25,5
5.1590,-60.469,-124.980,25,5
5.1610,-60.469,-124.102,25,5
5.1629,-60.293,-123.047,25,5
5.1649,-60.293,-121.992,26,5
5.1669,-60.293,-120.938,26,5
5.1689,-60.117,-119.883,26,5
5.1709,-60.117,-118.652,26,5
5.1729,-60.117,-117.598,26,5
5.1749,-60.117,-116.367,26,5
5.1769,-60.117,-115.137,26,5
5.1789,-60.117,-113.906,26,5
5.1810,-60.117,-112.676,26,5
5.1830,-60.117,-111.270,26,5
5.1850,-60.117,-109.863,26,5
5.1870,-60.117,-108.633,26,5
5.1890,-60.293,-107.227,26,5
5.1910,-60.293,-105.820,26,5
5.1929,-60.469,-104.590,26,5
5.1949,-60.469,-103.008,25,5
5.1969,-60.645,-101.426,25,5
5.1989,-60.820,-100.020,25,5
5.2009,-60.820,-98.262,24,5
5.2029,-61.172,-96.855,24,5
5.2049,-61.348,-95.098,23,5
5.2069,-61.523,-93.516,22,5
5.2089,-61.699,-91.758,22,5
5.2110,-62.051,-90.000,21,5
5.2137,-62.402,-87.539,20,5
5.2150,-62.578,-86.309,20,5
5.2170,-62.930,-84.551,20,5
5.2190,-63.281,-82.617,19,5
5.2210,-63.633,-80.684,18,5
5.2230,-64.160,-78.750,17,5
5.2250,-64.512,-76.641,15,5
5.2269,-65.039,-74.883,14,5
5.2289,-65.566,-72.773,12,5
5.2309,-66.094,-70.488,11,5
5.2329,-66.797,-68.379,9,5
5.2349,-67.324,-66.094,8,5
5.2369,-68.027,-63.809,7,5
5.2389,-68.906,-61.523,4,5
5.2409,-69.609,-59.062,2,5
5.2429,-70.488,-56.777,0,5
5.2449,-71.367,-54.141,0,5
5.2469,-72.246,-51.680,-3,5
5.2489,-73.301,-49.043,-5,5
5.2509,-74.355,-46.406,-7,5
5.2530,-75.410,-43.770,-11,5
5.2550,-76.465,-40.957,-14,5
5.2570,-77.695,-38.145,-16,5
5.2590,-78.926,-35.508,-19,5
5.2610,-79.980,-32.695,-22,5
5.2630,-81.211,-29.883,-25,5
5.2650,-82.441,-27.070,-28,5
5.2669,-83.496,-24.609,-31,5
5.2689,-84.551,-21.797,-34,5
5.2710,-85.781,-18.984,0,5
5.2729,-86.660,-16.523,0,5
5.2750,-87.715,-13.887,0,5
5.2769,-88.594,-11.426,0,5
5.2789,-89.473,-8.965,0,5
5.2810,-90.352,-6.504,0,5
5.2829,-91.055,-4.219,58,5
5.2849,-91.758,-1.934,57,5
5.2869,-92.461,0.352,57,5
5.2889,-93.164,2.637,57,5
5.2909,-93.691,4.746,57,5
5.2930,-94.219,6.855,57,5
5.2950,-94.746,8.965,57,5
5.2969,-95.273,10.898,0,0
5.2989,-95.625,12.832,0,0
5.3009,-95.977,14.766,0,0
5.3030,-96.328,16.699,0,0
5.3049,-96.680,18.457,0,0
5.3069,-97.031,20.215,0,0
5.3089,-97.207,21.973,0,0
5.3109,-97.383,23.555,0,0
5.3138,-97.734,26.016,0,0
5.3149,-97.734,26.895,0,0
5.3169,-97.910,28.477,0,0
5.3190,-98.086,30.059,0,0
5.3209,-98.086,31.641,0,0
5.3229,-98.086,33.047,0,0
5.3249,-98.262,34.453,0,0
5.3270,-98.262,35.859,0,0
5.3289,-98.262,37.266,0,0
5.3309,-98.262,38.672,0,0
5.3329,-98.262,39.902,0,0
5.3350,-98.262,41.309,0,0
5.3369,-98.086,42.363,0,0
5.3389,-98.086,43.594,0,0
5.3409,-98.086,44.824,0,0
5.3430,-97.910,46.055,0,0
5.3449,-97.734,47.109,0,0
5.3469,-97.734,48.164,0,0
5.3489,-97.559,49.219,0,0
5.3510,-97.383,50.273,0,0
5.3529,-97.207,51.328,0,0
5.3549,-97.031,52.207,0,0
5.3570,-96.855,53.262,0,0
5.3589,-96.680,54.141,0,0
5.3609,-96.504,55.020,0,0
5.3629,-96.328,55.723,0,0
5.3650,-96.152,56.777,0,0
5.3669,-95.977,57.480,0,0
5.3689,-95.801,58.184,0,0
5.3709,-95.449,58.887,0,0
5.3730,-95.273,59.766,0,0
5.3749,-95.098,60.469,0,0
5.3769,-94.922,60.996,0,0
5.3789,-94.570,61.699,0,0
5.3810,-94.395,62.402,0,0
5.3829,-94.043,62.930,0,0
5.3849,-93.867,63.457,0,0
5.3869,-93.691,63.984,0,0
5.3890,-93.340,64.512,0,0
5.3909,-93.164,64.863,0,0
5.3929,-92.812,65.391,0,0
5.3949,-92.637,65.742,0,0
5.3970,-92.285,66.094,0,0
5.3989,-92.109,66.621,0,0
5.4009,-91.758,66.797,0,0
5.4029,-91.582,67.148,0,0
5.4050,-91.230,67.500,0,0
5.4069,-91.055,67.676,0,0
5.4089,-90.703,68.027,0,0
5.4109,-90.352,68.027,0,0
5.4136,-90.000,68.379,0,0
5.4149,-89.824,68.379,0,0
5.4169,-89.648,68.555,0,0
5.4190,-89.297,68.555,0,0
5.4209,-89.121,68.730,0,0
5.4229,-88.770,68.730,0,0
5.4249,-88.594,68.730,0,0
5.4270,-88.242,68.730,0,0
5.4289,-88.066,68.555,0,0
5.4309,-87.715,68.555,0,0
5.4329,-87.539,68.379,0,0
5.4350,-87.188,68.203,0,0
5.4369,-86.836,68.203,0,0
5.4389,-86.660,68.027,0,0
5.4409,-86.309,67.676,0,0
5.4430,-86.133,67.500,0,0
5.4449,-85.781,67.148,0,0
5.4469,-85.605,66.797,0,0
5.4489,-85.254,66.621,0,0
5.4510,-85.078,66.094,0,0
5.4529,-84.727,65.742,0,0
5.4550,-84.551,65.391,0,0
5.4570,-84.199,64.863,0,0
5.4589,-84.023,64.512,0,0
5.4609,-83.672,63.984,0,0
5.4629,-83.320,63.457,0,0
5.4650,-83.145,62.754,0,0
5.4669,-82.793,62.402,0,0
5.4689,-82.617,61.699,0,0
5.4709,-82.266,60.996,0,0
5.4730,-81.914,60.469,0,0
5.4749,-81.738,59.766,0,0
5.4769,-81.387,59.062,0,0
5.4789,-81.211,58.359,0,0
5.4810,-80.859,57.480,0,0
5.4829,-80.508,56.777,0,0
5.4849,-80.156,55.898,0,0
5.4869,-79.980,55.020,0,0
5.4890,-79.629,54.141,0,0
5.4909,-79.277,53.262,0,0
5.4929,-78.926,52.207,0,0
5.4949,-78.574,51.328,0,0
5.4970,-78.223,50.273,0,0
5.4989,-77.871,49.219,0,0
5.5009,-77.520,48.164,0,0
5.5029,-77.168,47.109,0,0
5.5050,-76.816,45.879,0,0
5.5069,-76.289,44.824,0,0
5.5089,-75.938,43.594,0,0
5.5109,-75.586,42.539,0,0
5.5136,-74.883,40.781,0,0
5.5149,-74.707,40.078,0,0
5.5169,-74.180,38.672,0,0
5.5190,-73.652,37.266,0,0
5.5209,-73.301,36.035,0,0
5.5229,-72.773,34.629,0,0
5.5249,-72.246,33.223,0,0
5.5270,-71.719,31.816,0,0
5.5289,-71.191,30.234,0,0
5.5309,-70.488,28.828,0,0
5.5329,-69.961,27.246,0,0
5.5350,-69.258,25.664,0,0
5.5369,-68.555,24.082,0,0
5.5389,-67.852,22.500,0,0
5.5409,-67.148,20.742,0,0
5.5430,-66.445,18.984,0,0
5.5449,-65.742,17.227,0,0
5.5469,-64.863,15.469,0,0
5.5489,-64.160,13.711,0,0
5.5510,-63.105,11.777,0,0
5.5529,-62.227,9.844,0,0
5.5549,-61.348,7.910,0,0
5.5570,-60.293,5.801,0,0
5.5589,-59.238,4.043,0,0
5.5609,-58.184,1.934,0,0
5.5629,-57.129,-0.176,0,0
5.5650,-55.898,-2.461,0,0
5.5669,-54.668,-4.746,0,0
5.5689,-53.438,-6.855,0,0
5.5709,-52.031,-9.141,0,0
5.5730,-50.625,-11.602,0,0
5.5749,-49.219,-13.887,0,0
5.5769,-47.812,-16.348,0,0
5.5789,-46.406,-18.809,0,0
5.5810,-44.648,-21.270,0,0
5.5829,-43.242,-23.730,0,0
5.5849,-41.660,-26.191,0,0
5.5869,-40.078,-28.828,0,0
5.5890,-38.496,-31.465,0,0
5.5909,-36.914,-33.926,0,0
5.5929,-35.332,-36.387,0,0
5.5949,-33.926,-38.848,0,0
5.5970,-32.344,-41.309,0,0
5.5989,-30.938,-43.770,0,0
5.6009,-29.531,-46.055,0,0
5.6029,-28.125,-48.340,0,0
5.6050,-26.719,-50.801,0,0
5.6069,-25.488,-52.910,0,0
5.6089,-24.258,-55.195,0,0
5.6109,-23.027,-57.305,0,0
5.6138,-21.445,-60.293,0,0
5.6149,-20.918,-61.348,0,0
5.6170,-19.863,-63.457,0,0
5.6189,-18.809,-65.391,0,0
5.6209,-17.930,-67.324,0,0
5.6229,-17.051,-69.082,0,0
5.6250,-16.172,-71.016,0,0
5.6269,-15.293,-72.773,0,0
5.6289,-14.590,-74.531,0,0
5.6309,-13.887,-76.113,0,0
5.6330,-13.008,-77.871,0,0
5.6349,-12.305,-79.453,0,0
5.6369,-11.777,-81.035,0,0
5.6389,-11.074,-82.617,0,0
5.6410,-10.547,-84.199,0,0
5.6429,-10.020,-85.605,0,0
5.6449,-9.492,-87.188,0,0
5.6469,-8.789,-88.418,0,0
5.6490,-8.438,-90.000,0,0
5.6509,-7.910,-91.230,0,0
5.6529,-7.383,-92.637,0,0
5.6549,-7.031,-93.867,0,0
5.6570,-6.504,-95.098,0,0
5.6589,-6.152,-96.328,0,0
5.6609,-5.801,-97.559,0,0
5.6629,-5.273,-98.613,0,0
5.6650,-4.922,-99.844,0,0
5.6669,-4.570,-100.898,0,0
5.6689,-4.219,-101.953,0,0
5.6709,-3.867,-103.008,0,0
5.6730,-3.691,-104.062,0,0
5.6749,-3.340,-104.941,0,0
5.6769,-2.988,-105.996,0,0
5.6789,-2.637,-106.875,0,0
5.6810,-2.461,-107.754,0,0
5.6829,-2.109,-108.633,0,0
5.6849,-1.758,-109.512,0,0
5.6869,-1.582,-110.215,0,0
5.6890,-1.406,-111.094,0,0
5.6909,-1.055,-111.797,0,0
5.6929,-0.879,-112.500,0,0
5.6949,-0.527,-113.203,0,0
5.6970,-0.352,-113.906,0,0
5.6989,-0.176,-114.609,0,0
5.7009,0.000,-115.137,0,0
5.7030,0.352,-115.664,0,0
5.7049,0.527,-116.191,0,0
5.7069,0.703,-116.719,0,0
5.7089,0.879,-117.246,0,0
5.7110,1.055,-117.773,0,0
5.7137,1.406,-118.301,0,0
5.7149,1.582,-118.652,0,0
5.7169,1.758,-119.004,0,0
5.7190,1.934,-119.355,0,0
5.7209,2.109,-119.707,0,0
5.7229,2.461,-120.059,0,0
5.7250,2.461,-120.234,0,0
5.7270,2.812,-120.586,0,0
5.7289,2.988,-120.762,0,0
5.7309,3.164,-120.938,0,0
5.7330,3.340,-121.113,0,0
5.7349,3.516,-121.289,0,0
5.7369,3.691,-121.465,0,0
5.7389,3.867,-121.465,0,0
5.7410,4.043,-121.465,0,0
5.7429,4.219,-121.465,0,0
5.7449,4.395,-121.465,0,0
5.7469,4.570,-121.465,0,0
5.7490,4.746,-121.465,0,0
5.7509,4.922,-121.465,0,0
5.7529,5.098,-121.289,0,0
5.7549,5.273,-121.113,0,0
5.7570,5.449,-120.938,0,0
5.7589,5.625,-120.762,0,0
5.7609,5.801,-120.586,0,0
5.7630,5.977,-120.234,0,0
5.7649,6.152,-120.059,0,0
5.7670,6.328,-119.707,0,0
5.7689,6.504,-119.355,0,0
5.7709,6.680,-119.004,0,0
5.7730,6.855,-118.652,0,0
5.7749,6.855,-118.301,0,0
5.7769,7.031,-117.773,0,0
5.7789,7.207,-117.246,0,0
5.7810,7.383,-116.719,0,0
5.7829,7.559,-116.191,0,0
5.7849,7.734,-115.840,0,0
5.7869,7.910,-115.137,0,0
5.7890,8.086,-114.609,0,0
5.7909,8.086,-113.906,0,0
5.7929,8.262,-113.203,0,0
5.7949,8.438,-112.500,0,0
5.7970,8.438,-111.797,0,0
5.7989,8.613,-111.094,0,0
5.8009,8.789,-110.391,0,0
5.8029,8.789,-109.512,0,0
5.8050,8.965,-108.633,0,0
5.8069,8.965,-107.754,0,0
5.8089,9.141,-106.875,0,0
5.8109,9.141,-105.996,0,0
5.8136,9.316,-104.766,0,0
5.8149,9.316,-104.062,0,0
5.8169,9.316,-103.008,0,0
5.8189,9.492,-101.953,0,0
5.8210,9.492,-100.898,0,0
5.8229,9.492,-99.844,0,0
5.8249,9.492,-98.613,0,0
5.8270,9.492,-97.559,0,0
5.8289,9.492,-96.328,0,0
5.8309,9.492,-95.098,0,0
5.8329,9.492,-94.043,0,0
5.8350,9.492,-92.637,0,0
5.8369,9.316,-91.406,0,0
5.8389,9.316,-90.000,0,0
5.8409,9.141,-88.594,0,0
5.8430,8.965,-87.188,0,0
5.8449,8.789,-85.781,0,0
5.8469,8.789,-84.375,0,0
5.8489,8.613,-82.793,0,0
5.8510,8.262,-81.211,0,0
5.8529,8.086,-79.629,0,0
5.8549,7.910,-78.047,0,0
5.8569,7.559,-76.465,0,0
5.8590,7.383,-74.707,0,0
5.8609,7.031,-72.949,0,0
5.8629,6.680,-71.191,0,0
5.8650,6.152,-69.434,0,0
5.8669,5.801,-67.500,0,0
5.8689,5.273,-65.566,0,0
5.8709,4.746,-63.809,0,0
5.8729,4.395,-61.699,0,0
5.8750,3.691,-59.590,0,0
5.8769,3.164,-57.480,0,0
5.8789,2.461,-55.547,0,0
5.8809,1.758,-53.438,0,0
5.8830,1.055,-50.977,0,0
5.8849,0.352,-48.867,0,0
5.8869,-0.527,-46.582,0,0
5.8889,-1.406,-44.297,0,0
5.8910,-2.285,-41.660,0,0
5.8929,-3.164,-39.375,0,0
5.8949,-4.043,-36.914,0,0
5.8969,-5.098,-34.453,0,0
5.8990,-5.977,-31.816,0,0
5.9009,-7.031,-29.531,0,0
5.9029,-7.910,-27.070,0,0
5.9049,-8.965,-24.609,0,0
5.9070,-9.844,-21.973,0,0
5.9089,-10.723,-19.688,0,0
5.9109,-11.602,-17.227,0,0
5.9136,-12.832,-14.062,0,0
5.9150,-13.359,-12.480,0,0
5.9169,-14.238,-10.371,0,0
5.9189,-14.941,-8.086,0,0
5.9210,-15.645,-5.801,0,0
5.9230,-16.172,-3.691,0,0
5.9249,-16.875,-1.758,0,0
5.9269,-17.402,0.352,0,0
5.9290,-17.930,2.461,0,0
5.9309,-18.457,4.395,0,0
5.9329,-18.984,6.152,0,0
5.9349,-19.336,7.910,0,0
5.9370,-19.688,10.020,0,0
5.9389,-20.039,11.777,0,0
5.9409,-20.391,13.359,0,0
5.9429,-20.742,15.117,0,0
5.9450,-20.918,16.875,0,0
5.9469,-21.270,18.457,0,0
5.9489,-21.445,20.039,0,0
5.9509,-21.621,21.621,0,0
5.9530,-21.797,23.203,0,0
5.9549,-21.973,24.609,0,0
5.9569,-22.148,26.016,0,0
5.9589,-22.148,27.422,0,0
5.9610,-22.324,28.828,0,0
5.9629,-22.500,30.234,0,0
5.9649,-22.500,31.465,0,0
5.9669,-22.500,32.871,0,0
5.9689,-22.676,33.926,0,0
5.9709,-22.676,35.156,0,0
5.9729,-22.676,36.387,0,0
5.9750,-22.676,37.617,0,0
5.9769,-22.676,38.672,0,0
5.9789,-22.676,39.902,0,0
5.9809,-22.676,40.781,0,0
5.9830,-22.676,42.012,0,0
5.9849,-22.500,42.891,0,0
5.9869,-22.500,43.945,0,0
5.9889,-22.500,44.824,0,0
5.9910,-22.324,45.879,0,0
5.9929,-22.324,46.758,0,0
5.9949,-22.148,47.637,0,0
5.9969,-22.148,48.340,0,0
5.9990,-21.973,49.219,0,0
6.0009,-21.973,50.098,0,0
6.0029,-21.797,50.801,0,0
6.0049,-21.621,51.504,0,0
6.0070,-21.621,52.207,0,0
6.0089,-21.445,52.910,0,0
6.0109,-21.270,53.613,0,0
6.0136,-21.094,54.316,0,0
6.0150,-21.094,54.668,0,0
6.0169,-20.918,55.371,0,0
6.0189,-20.742,55.723,0,0
6.0210,-20.742,56.250,0,0
6.0229,-20.566,56.777,0,0
6.0249,-20.391,57.129,0,0
6.0269,-20.215,57.656,0,0
6.0290,-20.039,58.008,0,0
6.0309,-20.039,58.359,0,0
6.0329,-19.863,58.711,0,0
6.0349,-19.688,59.062,0,0
6.0370,-19.512,59.238,0,0
6.0389,-19.336,59.590,0,0
6.0409,-19.160,59.766,0,0
6.0429,-18.984,59.941,0,0
6.0450,-18.984,60.293,0,0
6.0469,-18.633,60.293,0,0
6.0489,-18.633,60.469,0,0
6.0509,-18.457,60.469,0,0
6.0530,-18.281,60.645,0,0
6.0549,-18.105,60.645,0,0
6.0569,-17.930,60.645,0,0
6.0589,-17.930,60.645,0,0
6.0610,-17.754,60.469,0,0
6.0629,-17.578,60.469,0,0
6.0649,-17.402,60.293,0,0
6.0669,-17.227,60.293,0,0
6.0689,-17.051,59.941,0,0
6.0709,-17.051,59.941,0,0
6.0730,-16.875,59.590,0,0
6.0749,-16.699,59.414,0,0
6.0769,-16.523,59.062,0,0
6.0789,-16.348,58.887,0,0
6.0810,-16.172,58.535,0,0
6.0829,-16.172,58.184,0,0
6.0849,-15.996,57.656,0,0
6.0869,-15.820,57.305,0,0
6.0889,-15.645,56.953,0,0
6.0910,-15.469,56.426,0,0
6.0930,-15.293,55.898,0,0
6.0949,-15.117,55.371,0,0
6.0969,-15.117,54.844,0,0
6.0990,-14.941,54.316,0,0
6.1010,-14.766,53.613,0,0
6.1029,-14.590,53.086,0,0
6.1049,-14.414,52.383,0,0
6.1070,-14.238,51.680,0,0
6.1089,-14.062,50.977,0,0
6.1109,-13.887,50.098,0,0
6.1136,-13.535,49.219,0,0
6.1150,-13.535,48.516,0,0
6.1169,-13.184,47.812,0,0
6.1189,-13.008,46.934,0,0
6.1209,-12.832,46.055,0,0
6.1230,-12.656,45.176,0,0
6.1249,-12.305,44.121,0,0
6.1269,-12.129,43.242,0,0
6.1289,-11.953,42.188,0,0
6.1310,-11.602,41.133,0,0
6.1329,-11.426,40.078,0,0
6.1349,-11.074,39.023,0,0
6.1369,-10.898,37.969,0,0
6.1390,-10.547,36.738,0,0
6.1409,-10.195,35.684,0,0
6.1429,-10.020,34.453,0,0
6.1449,-9.668,33.223,0,0
6.1470,-9.316,31.816,0,0
6.1489,-8.789,30.586,0,0
6.1509,-8.613,29.355,0,0
6.1529,-8.086,27.949,0,0
6.1550,-7.734,26.543,0,0
6.1569,-7.207,25.137,0,0
6.1589,-6.855,23.555,0,0
6.1609,-6.328,22.148,0,0
6.1630,-5.801,20.566,0,0
6.1649,-5.273,18.984,0,0
6.1669,-4.746,17.402,0,0
6.1689,-4.219,15.820,0,0
6.1709,-3.691,14.238,0,0
6.1730,-2.988,12.480,0,0
6.1749,-2.285,10.723,0,0
6.1769,-1.582,8.965,0,0
6.1789,-0.879,7.207,0,0
6.1809,-0.176,5.273,0,0
6.1829,0.527,3.340,0,0
6.1850,1.406,1.406,0,0
6.1869,2.461,-0.527,0,0
6.1889,3.164,-2.637,0,0
6.1909,4.219,-4.570,0,0
6.1930,5.273,-6.855,0,0
6.1949,6.152,-8.965,0,0
6.1969,7.383,-11.074,0,0
6.1989,8.262,-13.184,0,0
6.2010,9.492,-15.645,0,0
6.2029,10.723,-17.930,0,0
6.2049,11.953,-20.215,0,0
6.2069,13.008,-22.500,0,0
6.2090,14.414,-24.961,0,0
6.2109,15.645,-27.246,0,0
6.2137,17.402,-30.586,0,0
6.2150,18.281,-32.168,0,0
6.2169,19.512,-34.453,0,0
6.2189,20.742,-36.738,0,0
6.2209,21.797,-39.023,0,0
6.2230,23.027,-41.484,0,0
6.2249,24.258,-43.594,0,0
6.2269,25.312,-45.879,0,0
6.2289,26.367,-47.988,0,0
6.2310,27.422,-50.273,0,0
6.2329,28.477,-50.449,0,0
6.2349,29.355,-50.449,0,0
6.2369,30.234,-50.449,0,0
6.2390,31.113,-50.449,0,0
6.2409,31.992,-50.449,0,0
6.2429,32.695,-50.449,0,0
6.2449,33.398,-50.449,0,0
6.2470,34.102,-50.449,0,0
6.2489,34.805,-50.449,0,0
6.2509,35.508,-50.449,0,0
6.2529,36.035,-50.449,0,0
6.2550,36.562,-50.449,0,0
6.2569,37.090,-50.449,0,0
6.2589,37.617,-50.449,0,0
6.2609,38.145,-50.449,0,0
6.2630,38.672,-50.449,0,0
6.2649,39.023,-50.449,0,0
6.2669,39.375,-50.449,0,0
6.2689,39.727,-50.449,0,0
6.2710,40.254,-50.449,0,0
6.2730,40.605,-50.449,0,0
6.2750,40.957,-50.449,0,0
6.2770,41.133,-50.449,0,0
6.2789,41.484,-50.449,0,0
6.2809,41.836,-50.449,0,0
6.2829,42.012,-50.449,0,0
6.2850,42.188,-50.449,0,0
6.2869,42.539,-50.449,0,0
6.2889,42.715,-50.449,0,0
6.2909,42.891,-50.449,0,0
6.2929,43.066,-50.449,0,0
6.2950,43.242,-50.449,0,0
6.2969,43.418,-50.449,0,0
6.2989,43.594,-50.449,0,0
6.3009,43.770,-50.449,0,0
6.3030,43.945,-50.449,0,0
6.3049,44.121,-50.449,0,0
6.3069,44.121,-50.449,0,0
6.3089,44.297,-50.449,0,0
6.3110,44.473,-50.449,0,0
6.3137,44.648,-50.449,0,0
6.3149,44.648,-50.449,0,0
6.3169,44.648,-50.449,0,0
6.3190,44.824,-50.449,0,0
6.3209,44.824,-50.449,0,0
6.3229,45.000,-50.449,0,0
6.3249,45.000,-50.449,0,0
6.3270,45.176,-50.449,0,0
6.3289,45.176,-50.449,0,0
6.3309,45.176,-50.449,0,0
6.3329,45.352,-50.449,0,0
6.3350,45.352,-50.449,0,0
6.3369,45.352,-50.449,0,0
6.3389,45.352,-50.449,0,0
6.3409,45.527,-50.449,0,0
6.3430,45.527,-50.449,0,0
6.3449,45.527,-50.449,0,0
6.3469,45.527,-50.449,0,0
6.3489,45.703,-50.449,0,0
6.3510,45.703,-50.449,0,0
6.3529,45.703,-50.449,0,0
6.3549,45.703,-50.449,0,0
6.3569,45.703,-50.449,0,0
6.3590,45.703,-50.449,0,0
6.3609,45.703,-50.449,0,0
6.3629,45.703,-50.449,0,0
6.3649,45.879,-50.449,0,0
6.3670,45.879,-50.449,0,0
6.3689,45.879,-50.449,0,0
6.3709,45.879,-50.449,0,0
6.3729,45.879,-50.449,0,0
6.3750,45.879,-50.449,0,0
6.3769,45.879,-50.449,0,0
6.3790,45.879,-50.449,0,0
6.3810,45.879,-50.449,0,0
6.3829,45.879,-50.449,0,0
6.3849,45.879,-50.449,0,0
6.3869,45.879,-50.449,0,0
6.3890,45.879,-50.449,0,0
6.3909,45.879,-50.449,0,0
6.3929,45.703,-50.449,0,0
6.3949,45.703,-50.449,0,0
6.3970,45.703,-50.449,0,0
6.3989,45.703,-50.449,0,0
6.4009,45.703,-50.449,0,0
6.4029,45.527,-50.449,0,0
6.4050,45.527,-50.449,0,0
6.4069,45.527,-50.449,0,0
6.4089,45.352,-50.449,0,0
6.4109,45.352,-50.449,0,0
6.4136,45.352,-50.449,0,0
6.4149,45.176,-50.449,0,0
6.4169,45.176,-50.449,0,0
6.4190,45.000,-50.449,0,0
6.4209,45.000,-50.449,0,0
6.4229,44.824,-50.449,0,0
6.4249,44.648,-50.449,0,0
6.4270,44.648,-50.449,0,0
6.4289,44.473,-50.449,0,0
6.4309,44.297,-50.449,0,0
6.4329,44.121,-50.449,0,0
6.4350,43.945,-50.449,0,0
6.4369,43.770,-50.449,0,0
6.4389,43.594,-50.449,0,0
6.4409,43.418,-50.449,0,0
6.4430,43.242,-50.449,0,0
6.4449,42.891,-50.449,0,0
6.4469,42.715,-50.449,0,0
6.4489,42.363,-50.449,0,0
6.4510,42.188,-50.449,0,0
6.4529,41.836,-50.449,0,0
6.4549,41.484,-50.449,0,0
6.4569,41.133,-50.449,0,0
6.4590,40.781,-50.449,0,0
6.4609,40.430,-50.449,0,0
6.4629,40.078,-50.449,0,0
6.4649,39.551,-50.449,0,0
6.4670,39.023,-50.449,0,0
6.4689,38.672,-50.449,0,0
6.4709,38.145,-50.449,0,0
6.4729,37.617,-50.449,0,0
6.4750,36.914,-50.449,0,0
6.4769,36.387,-50.449,0,0
6.4790,35.684,-50.449,0,0
6.4810,34.980,-50.449,0,0
6.4829,34.277,-50.449,0,0
6.4849,33.574,-50.449,0,0
6.4869,32.871,-50.449,0,0
6.4890,31.992,-50.449,0,0
6.4909,31.113,-50.449,0,0
6.4929,30.234,-50.449,0,0
6.4949,29.355,-49.922,0,0
6.4970,28.301,-47.637,0,0
6.4989,27.246,-45.527,0,0
6.5009,26.191,-43.418,0,0
6.5029,25.137,-41.133,0,0
6.5050,24.082,-38.672,0,0
6.5069,23.027,-36.562,0,0
6.5089,21.973,-34.277,0,0
6.5109,20.918,-31.992,0,0
6.5136,19.336,-28.828,0,0
6.5149,18.633,-27.246,0,0
6.5169,17.578,-25.137,0,0
6.5190,16.523,-22.676,0,0
6.5209,15.469,-20.566,0,0
6.5229,14.590,-18.457,0,0
6.5249,13.711,-16.348,0,0
6.5270,12.656,-14.062,0,0
6.5289,11.777,-12.129,0,0
6.5309,10.898,-10.020,0,0
6.5329,10.195,-8.262,0,0
6.5350,9.492,-6.152,0,0
6.5369,8.789,-4.219,0,0
6.5389,8.086,-2.461,0,0
6.5409,7.383,-0.703,0,0
6.5430,6.680,1.230,0,0
6.5449,6.152,2.812,0,0
6.5469,5.625,4.570,0,0
6.5489,5.098,6.152,0,0
6.5510,4.570,7.910,0,0
6.5529,4.043,9.316,0,0
6.5549,3.691,10.898,0,0
6.5570,3.164,12.480,0,0
6.5591,2.812,14.062,0,0
6.5610,2.461,15.469,0,0
6.5629,2.109,16.699,0,0
6.5649,1.758,18.105,0,0
6.5669,1.582,19.512,0,0
6.5690,1.230,20.742,0,0
6.5709,1.055,21.973,0,0
6.5729,0.703,23.203,0,0
6.5749,0.527,24.434,0,0
6.5770,0.176,25.664,0,0
6.5789,0.000,26.719,0,0
6.5809,-0.176,27.949,0,0
6.5829,-0.352,28.828,0,0
6.5850,-0.527,30.059,0,0
6.5869,-0.703,30.938,0,0
6.5889,-0.879,31.992,0,0
6.5909,-0.879,32.871,0,0
6.5930,-1.055,33.926,0,0
6.5949,-1.230,34.805,0,0
6.5969,-1.230,35.684,0,0
6.5989,-1.406,36.387,0,0
6.6010,-1.582,37.266,0,0
6.6030,-1.582,38.145,0,0
6.6049,-1.582,38.848,0,0
6.6069,-1.758,39.551,0,0
6.6090,-1.758,40.254,0,0
6.6109,-1.758,40.957,0,0
6.6139,-1.934,42.012,0,0
6.6150,-1.934,42.188,0,0
6.6169,-1.934,42.891,0,0
6.6189,-1.934,43.418,0,0
6.6209,-2.109,43.770,0,0
6.6230,-2.109,44.473,0,0
6.6249,-2.109,44.824,0,0
6.6269,-2.109,45.352,0,0
6.6289,-2.109,45.703,0,0
6.6310,-2.109,46.230,0,0
6.6329,-2.109,46.406,0,0
6.6349,-2.109,46.934,0,0
6.6369,-2.109,47.109,0,0
6.6390,-2.285,47.461,0,0
6.6409,-2.285,47.637,0,0
6.6429,-2.285,47.812,0,0
6.6449,-2.285,47.988,0,0
6.6470,-2.285,48.340,0,0
6.6489,-2.285,48.340,0,0
6.6510,-2.285,48.516,0,0
6.6529,-2.285,48.691,0,0
6.6549,-2.285,48.691,0,0
6.6570,-2.285,48.691,0,0
6.6589,-2.109,48.691,0,0
6.6609,-2.109,48.691,0,0
6.6629,-2.109,48.691,0,0
6.6650,-2.109,48.516,0,0
6.6669,-2.109,48.516,0,0
6.6689,-2.109,48.340,0,0
6.6709,-2.109,48.164,0,0
6.6730,-2.109,47.988,0,0
6.6749,-2.109,47.812,0,0
6.6769,-1.934,47.461,0,0
6.6789,-1.934,47.285,0,0
6.6810,-1.934,46.934,0,0
6.6829,-1.934,46.582,0,0
6.6850,-1.934,46.230,0,0
6.6869,-1.758,45.879,0,0
6.6890,-1.758,45.527,0,0
6.6909,-1.758,45.000,0,0
6.6929,-1.758,44.473,0,0
6.6949,-1.758,44.121,0,0
6.6970,-1.582,43.418,0,0
6.6989,-1.582,42.891,0,0
6.7010,-1.582,42.363,0,0
6.7029,-1.406,41.836,0,0
6.7049,-1.406,41.133,0,0
6.7069,-1.230,40.605,0,0
6.7090,-1.230,39.727,0,0
6.7109,-1.055,39.023,0,0
6.7137,-1.055,37.969,0,0
6.7150,-0.879,37.441,0,0
6.7169,-0.879,36.738,0,0
6.7189,-0.703,35.859,0,0
6.7209,-0.703,35.156,0,0
6.7230,-0.527,34.102,0,0
6.7249,-0.352,33.223,0,0
6.7269,-0.176,32.344,0,0
6.7290,-0.176,31.289,0,0
6.7309,0.000,30.234,0,0
6.7459,1.758,21.797,0,0
6.7479,1.934,20.566,0,0
6.7502,2.285,19.160,0,0
6.7519,2.637,17.930,0,0
6.7539,2.812,16.699,0,0
6.7560,3.164,15.117,0,0
6.7580,3.691,13.711,0,0
6.7599,4.043,12.305,0,0
6.7619,4.395,10.898,0,0
6.7639,4.746,9.316,0,0
6.7660,5.273,7.734,0,0
6.7680,5.801,6.152,0,0
6.7699,6.328,4.395,0,0
6.7719,6.855,2.812,0,0
6.7739,7.383,1.230,0,0
6.7759,8.086,-0.527,0,0
6.7780,8.613,-2.461,0,0
6.7800,9.316,-4.219,0,0
6.7819,10.020,-6.152,0,0
6.7839,10.723,-7.910,0,0
6.7859,11.602,-9.844,0,0
6.7879,12.305,-10.371,0,0
6.7900,13.184,-10.371,0,0
6.7920,14.062,-10.371,0,0
6.7940,14.941,-10.371,0,0
6.7960,15.820,-10.371,0,0
6.7979,16.699,-10.371,0,0
6.7999,17.754,-10.371,0,0
6.8019,18.809,-10.371,0,0
6.8040,19.863,-10.371,0,0
6.8060,20.742,-10.371,0,0
6.8079,21.797,-10.371,0,0
6.8100,22.852,-10.371,0,0
6.8141,24.961,-10.371,0,0
6.8144,25.137,-10.371,0,0
6.8159,25.840,-10.371,0,0
6.8179,26.895,-10.371,0,0
6.8200,27.773,-10.371,0,0
6.8220,28.652,-10.371,0,0
6.8240,29.531,-10.371,0,0
6.8259,30.410,-10.371,0,0
6.8279,31.113,-10.371,0,0
6.8299,31.992,-10.371,0,0
6.8320,32.695,-10.371,0,0
6.8340,33.398,-10.371,0,0
6.8359,34.102,-10.371,0,0
6.8379,34.629,-10.371,0,0
6.8399,35.156,-10.371,0,0
6.8419,35.684,-10.371,0,0
6.8440,36.211,-10.371,0,0
6.8459,36.738,-10.371,0,0
6.8480,37.266,-10.371,0,0
6.8500,37.617,-10.371,0,0
6.8520,38.145,-10.371,0,0
6.8539,38.496,-10.371,0,0
6.8559,38.848,-10.371,0,0
6.8579,39.199,-10.371,0,0
6.8600,39.551,-10.371,0,0
6.8620,39.727,-10.371,0,0
6.8639,40.078,-10.371,0,0
6.8660,40.254,-10.371,0,0
6.8679,40.430,-10.371,0,0
6.8700,40.781,-10.371,0,0
6.8720,40.957,-10.371,0,0
6.8740,41.133,-10.371,0,0
6.8760,41.309,-10.371,0,0
6.8779,41.484,-10.371,0,0
6.8799,41.660,-10.371,0,0
6.8819,41.660,-10.371,0,0
6.8840,41.836,-10.371,0,0
6.8860,42.012,-10.371,0,0
6.8881,42.012,-10.371,0,0
6.8900,42.188,-10.371,0,0
6.8919,42.188,-10.371,0,0
6.8939,42.188,-10.371,0,0
6.8959,42.363,-10.371,0,0
6.8981,42.363,-10.371,0,0
6.9000,42.363,-10.371,0,0
6.9019,42.539,-10.371,0,0
6.9039,42.539,-10.371,0,0
6.9060,42.539,-10.371,0,0
6.9080,42.539,-10.371,0,0
6.9100,42.539,-10.371,0,0
6.9137,42.539,-10.371,0,0
6.9139,42.539,-10.371,0,0
6.9159,42.539,-10.371,0,0
6.9180,42.539,-10.371,0,0
6.9200,42.539,-10.371,0,0
6.9219,42.539,-10.371,0,0
6.9239,42.539,-10.371,0,0
6.9259,42.539,-10.371,0,0
6.9280,42.363,-10.371,0,0
6.9300,42.363,-10.371,0,0
6.9319,42.363,-10.371,0,0
6.9339,42.188,-10.371,0,0
6.9359,42.188,-10.371,0,0
6.9380,42.188,-10.371,0,0
6.9400,42.188,-10.371,0,0
6.9419,42.012,-10.371,0,0
6.9439,42.012,-10.371,0,0
6.9459,41.836,-10.371,0,0
6.9479,41.836,-10.371,0,0
6.9536,41.660,-10.371,0,0
6.9540,41.660,-10.371,0,0
6.9543,41.660,-10.371,0,0
6.9559,41.484,-10.371,0,0
6.9579,41.484,-10.371,0,0
6.9599,41.309,-10.371,0,0
6.9619,41.309,-10.371,0,0
6.9640,41.133,-10.371,0,0
6.9660,41.133,-10.371,0,0
6.9679,40.957,-10.371,0,0
6.9699,40.957,-10.371,0,0
6.9719,40.781,-10.371,0,0
6.9740,40.605,-10.371,0,0
6.9760,40.605,-10.371,0,0
6.9779,40.430,-10.371,0,0
6.9800,40.430,-10.371,0,0
6.9819,40.254,-10.371,0,0
6.9839,40.078,-10.371,0,0
6.9860,39.902,-10.371,0,0
6.9880,39.727,-10.371,0,0
6.9900,39.727,-10.371,0,0
6.9920,39.551,-10.371,0,0
6.9940,39.375,-10.371,0,0
6.9959,39.199,-10.371,0,0
6.9979,39.023,-10.371,0,0
7.0000,38.848,-10.371,0,0
7.0020,38.672,-10.371,0,0
7.0039,38.496,-10.371,0,0
7.0059,38.320,-10.371,0,0
7.0080,38.145,-10.371,0,0
7.0099,37.969,-10.371,0,0
7.0140,37.441,-10.371,0,0
7.0143,37.441,-10.371,0,0
7.0159,37.266,-10.371,0,0
7.0186,36.914,-10.371,0,0
7.0199,36.738,-10.371,0,0
7.0219,36.387,-10.371,0,0
7.0239,36.211,-10.371,0,0
7.0260,35.859,-10.371,0,0
7.0280,35.508,-10.371,0,0
7.0299,35.156,-10.371,0,0
7.0319,34.805,-10.371,0,0
7.0339,34.453,-10.371,0,0
7.0360,34.102,-10.371,0,0
7.0380,33.750,-10.371,0,0
7.0399,33.223,-10.371,0,0
7.0419,32.871,-10.371,0,0
7.0439,32.344,-10.371,0,0
7.0460,31.992,-10.371,0,0
7.0479,31.465,-10.371,0,0
7.0500,30.938,-10.371,0,0
7.0520,30.410,-10.371,0,0
7.0539,29.883,-10.371,0,0
7.0559,29.180,-10.371,0,0
7.0579,28.477,-10.371,0,0
7.0599,27.949,-10.371,0,0
7.0619,27.246,-10.371,0,0
7.0640,26.367,-10.371,0,0
7.0660,25.664,-10.371,0,0
7.0679,24.961,-10.371,0,0
7.0822,18.281,1.406,0,0
7.0844,17.227,3.516,0,0
7.0867,15.996,5.977,0,0
7.0883,15.117,7.559,0,0
7.0902,14.062,9.668,0,0
7.0923,13.008,11.777,0,0
7.0943,11.777,14.062,0,0
7.0962,10.723,16.172,0,0
7.0982,9.492,18.105,0,0
7.1003,8.438,20.391,0,0
7.1023,7.383,22.500,0,0
7.1043,6.328,24.434,0,0
7.1062,5.273,26.543,0,0
7.1082,4.219,28.477,0,0
7.1102,3.340,30.410,0,0
7.1140,1.582,34.277,0,0
7.1143,1.406,34.453,0,0
7.1163,0.527,36.387,0,0
7.1182,-0.352,38.145,0,0
7.1202,-1.055,39.902,0,0
7.1222,-1.758,41.660,0,0
7.1243,-2.637,43.418,0,0
7.1263,-3.340,45.176,0,0
7.1282,-4.043,46.758,0,0
7.1302,-4.570,48.340,0,0
7.1322,-5.273,49.922,0,0
7.1343,-5.801,51.504,0,0
7.1363,-6.504,52.910,0,0
7.1383,-7.031,54.316,0,0
7.1402,-7.383,55.723,0,0
7.1422,-7.910,57.129,0,0
7.1442,-8.438,58.535,0,0
7.1463,-8.789,59.941,0,0
7.1483,-9.316,61.172,0,0
7.1502,-9.668,62.402,0,0
7.1522,-10.020,63.633,0,0
7.1542,-10.371,64.863,0,0
7.1563,-10.723,66.094,0,0
7.1583,-11.074,67.148,0,0
7.1603,-11.426,68.203,0,0
7.1622,-11.602,69.258,0,0
7.1642,-11.953,70.312,0,0
7.1662,-12.129,71.367,0,0
7.1683,-12.305,72.422,0,0
7.1703,-12.656,73.301,0,0
7.1722,-12.832,74.180,0,0
7.1742,-13.008,75.059,0,0
7.1762,-13.359,75.938,0,0
7.1783,-13.535,76.816,0,0
7.1803,-13.711,77.520,0,0
7.1823,-13.711,78.223,0,0
7.1842,-14.062,79.102,0,0
7.1862,-14.238,79.805,0,0
7.1882,-14.238,80.332,0,0
7.1903,-14.414,81.035,0,0
7.1923,-14.590,81.738,0,0
7.1943,-14.766,82.441,0,0
7.1963,-14.766,82.969,0,0
7.1983,-14.941,83.496,0,0
7.2003,-14.941,83.848,0,0
7.2023,-15.117,84.375,0,0
7.2043,-15.117,84.902,0,0
7.2063,-15.293,85.254,0,0
7.2082,-15.469,85.781,0,0
7.2102,-15.469,86.133,0,0
7.2136,-15.645,86.660,0,0
7.2143,-15.645,86.660,0,0
7.2163,-15.645,87.012,0,0
7.2182,-15.820,87.363,0,0
7.2202,-15.820,87.539,0,0
7.2223,-15.820,87.715,0,0
7.2243,-15.820,87.891,0,0
7.2263,-15.996,88.066,0,0
7.2282,-15.996,88.242,0,0
7.2302,-15.996,88.418,0,0
7.2322,-15.996,88.418,0,0
7.2343,-16.172,88.418,0,0
7.2363,-16.172,88.418,0,0
7.2382,-16.172,88.418,0,0
7.2402,-16.172,88.418,0,0
7.2422,-16.172,88.418,0,0
7.2443,-16.172,88.242,0,0
7.2463,-16.172,88.066,0,0
7.2483,-16.172,87.891,0,0
7.2502,-16.172,87.715,0,0
7.2522,-16.172,87.539,0,0
7.2542,-16.172,87.363,0,0
7.2563,-16.172,87.012,0,0
7.2583,-16.172,86.660,0,0
7.2602,-16.172,86.484,0,0
7.2622,-16.172,86.133,0,0
7.2643,-16.172,85.781,0,0
7.2663,-16.172,85.254,0,0
7.2683,-16.172,84.902,0,0
7.2702,-16.172,84.375,0,0
7.2722,-15.996,84.023,0,0
7.2742,-15.996,83.496,0,0
7.2763,-15.996,82.969,0,0
7.2783,-15.820,82.266,0,0
7.2802,-15.820,81.738,0,0
7.2822,-15.820,81.035,0,0
7.2842,-15.645,80.508,0,0
7.2863,-15.645,79.805,0,0
7.2883,-15.469,79.102,0,0
7.2903,-15.469,78.398,0,0
7.2922,-15.293,77.520,0,0
7.2942,-15.117,76.816,0,0
7.2962,-15.117,75.938,0,0
7.2983,-14.941,75.059,0,0
7.3002,-14.766,74.355,0,0
7.3022,-14.590,73.301,0,0
7.3043,-14.414,72.422,0,0
7.3063,-14.414,71.543,0,0
7.3082,-14.238,70.488,0,0
7.3102,-13.887,69.434,0,0
7.3137,-13.535,67.676,0,0
7.3143,-13.535,67.324,0,0
7.3163,-13.359,66.094,0,0
7.3183,-13.008,65.039,0,0
7.3203,-12.832,63.809,0,0
7.3222,-12.480,62.578,0,0
7.3242,-12.129,61.348,0,0
7.3263,-11.777,60.117,0,0
7.3283,-11.426,58.887,0,0
7.3302,-11.250,57.480,0,0
7.3322,-10.723,56.074,0,0
7.3342,-10.371,54.844,0,0
7.3363,-10.020,53.262,0,0
7.3383,-9.492,51.855,0,0
7.3403,-8.965,50.273,0,0
7.3422,-8.613,48.867,0,0
7.3445,-7.910,47.109,0,0
7.3463,-7.383,45.527,0,0
7.3483,-6.855,43.945,0,0
7.3502,-6.328,42.363,0,0
7.3522,-5.625,40.605,0,0
7.3543,-4.922,38.672,0,0
7.3563,-4.219,37.090,0,0
7.3582,-3.516,35.156,0,0
7.3602,-2.812,33.398,0,0
7.3622,-1.934,31.465,0,0
7.3643,-1.055,29.531,0,0
7.3663,-0.352,27.598,0,0
7.3682,0.527,25.488,0,0
7.3702,1.406,23.555,0,0
7.3722,2.285,21.621,0,0
7.3743,3.340,19.512,0,0
7.3763,4.219,17.402,0,0
7.3782,5.273,15.469,0,0
7.3802,6.152,13.359,0,0
7.3822,7.031,11.426,0,0
7.3843,7.910,9.141,0,0
7.3863,8.789,7.207,0,0
7.3882,9.668,5.273,0,0
7.3902,10.547,3.340,0,0
7.3922,11.426,1.406,0,0
7.3942,12.305,0.000,0,0
7.3963,13.008,0.176,0,0
7.3983,13.887,0.176,0,0
7.4003,14.590,0.176,0,0
7.4023,15.293,0.176,0,0
7.4043,15.996,0.176,0,0
7.4062,16.523,0.176,0,0
7.4082,17.227,0.176,0,0
7.4103,17.754,0.176,0,0
7.4136,18.633,0.176,0,0
7.4143,18.809,0.176,0,0
7.4162,19.336,0.176,0,0
7.4182,19.688,0.176,0,0
7.4202,20.215,0.176,0,0
7.4223,20.566,0.176,0,0
7.4243,20.918,0.176,0,0
7.4262,21.445,0.176,0,0
7.4282,21.621,0.176,0,0
7.4302,21.973,0.176,0,0
7.4323,22.324,0.176,0,0
7.4343,22.676,0.176,0,0
7.4362,22.852,0.176,0,0
7.4382,23.027,0.176,0,0
7.4402,23.379,0.176,0,0
7.4423,23.555,0.176,0,0
7.4443,23.730,0.176,0,0
7.4462,23.906,0.176,0,0
7.4482,24.082,0.176,0,0
7.4502,24.258,0.176,0,0
7.4523,24.434,0.176,0,0
7.4543,24.434,0.176,0,0
7.4562,24.609,0.176,0,0
7.4582,24.785,0.176,0,0
7.4602,24.785,0.176,0,0
7.4623,24.961,0.176,0,0
7.4643,24.961,0.176,0,0
7.4662,25.137,0.176,0,0
7.4682,25.137,0.176,0,0
7.4703,25.137,0.176,0,0
7.4723,25.312,0.176,0,0
7.4743,25.312,0.176,0,0
7.4762,25.312,0.176,0,0
7.4782,25.312,0.176,0,0
7.4803,25.312,0.176,0,0
7.4823,25.312,0.176,0,0
7.4843,25.312,0.176,0,0
7.4862,25.312,0.176,0,0
7.4882,25.312,0.176,0,0
7.4902,25.312,0.176,0,0
7.4922,25.312,0.176,0,0
7.4942,25.312,0.176,0,0
7.4963,25.312,0.176,0,0
7.4983,25.312,0.176,0,0
7.5002,25.312,0.176,0,0
7.5022,25.312,0.176,0,0
7.5042,25.137,0.176,0,0
7.5063,25.137,0.176,0,0
7.5083,25.137,0.176,0,0
7.5103,24.961,0.176,0,0
7.5136,24.961,0.176,0,0
7.5142,24.961,0.176,0,0
7.5162,24.961,0.176,0,0
7.5183,24.785,0.176,0,0
7.5203,24.785,0.176,0,0
7.5223,24.609,0.176,0,0
7.5242,24.609,0.176,0,0
7.5262,24.434,0.176,0,0
7.5283,24.434,0.176,0,0
7.5303,24.258,0.176,0,0
7.5323,24.258,0.176,0,0
7.5342,24.082,0.176,0,0
7.5362,24.082,0.176,0,0
7.5382,23.906,0.176,0,0
7.5403,23.730,0.176,0,0
7.5423,23.730,0.176,0,0
7.5442,23.555,0.176,0,0
7.5462,23.379,0.176,0,0
7.5482,23.379,0.176,0,0
7.5503,23.203,0.176,0,0
7.5523,23.027,0.176,0,0
7.5542,22.852,0.176,0,0
7.5562,22.676,0.176,0,0
7.5582,22.500,0.176,0,0
7.5602,22.324,0.176,0,0
7.5622,22.148,0.176,0,0
7.5642,22.148,0.176,0,0
7.5663,21.797,0.176,0,0
7.5683,21.621,0.176,0,0
7.5702,21.445,0.176,0,0
7.5722,21.270,0.176,0,0
7.5742,21.094,0.176,0,0
7.5763,20.742,0.176,0,0
7.5783,20.566,0.176,0,0
7.5802,20.215,0.176,0,0
7.5822,20.039,0.176,0,0
7.5842,19.688,0.176,0,0
7.5863,19.512,0.176,0,0
7.5883,19.160,0.176,0,0
7.5902,18.809,0.176,0,0
7.5922,18.633,0.176,0,0
7.5942,18.281,0.176,0,0
7.5963,17.930,0.176,0,0
7.5983,17.402,0.176,0,0
7.6003,17.051,0.176,0,0
7.6022,16.699,0.176,0,0
7.6043,16.172,0.176,0,0
7.6063,15.820,0.176,0,0
7.6082,15.293,0.176,0,0
7.6102,14.766,0.176,0,0
7.6139,13.887,0.527,0,0
7.6142,13.711,0.703,0,0
7.6163,13.184,2.109,0,0
7.6182,12.656,3.516,0,0
7.6202,11.953,5.098,0,0
7.6222,11.426,6.504,0,0
7.6243,10.723,8.262,0,0
7.6263,10.020,9.844,0,0
7.6282,9.316,11.426,0,0
7.6302,8.613,13.008,0,0
7.6322,7.910,14.766,0,0
7.6343,7.031,16.523,0,0
7.6363,6.152,18.281,0,0
7.6382,5.273,20.039,0,0
7.6402,4.395,21.797,0,0
7.6422,3.516,23.730,0,0
7.6443,2.637,25.664,0,0
7.6462,1.582,27.598,0,0
7.6482,0.703,29.355,0,0
7.6503,-0.352,31.465,0,0
7.6523,-1.406,33.398,0,0
7.6543,-2.461,35.332,0,0
7.6563,-3.340,37.266,0,0
7.6583,-4.395,39.375,0,0
7.6603,-5.449,41.309,0,0
7.6623,-6.504,43.242,0,0
7.6642,-7.383,45.176,0,0
7.6662,-8.262,46.934,0,0
7.6682,-9.316,48.867,0,0
7.6703,-10.195,50.801,0,0
7.6723,-11.074,52.734,0,0
7.6742,-11.953,54.492,0,0
7.6762,-12.832,56.250,0,0
7.6782,-13.535,57.832,0,0
7.6802,-14.414,59.590,0,0
7.6823,-15.117,61.348,0,0
7.6885,-17.227,66.270,0,0
7.6890,-17.402,66.621,0,0
7.6892,-17.402,66.797,0,0
7.6903,-17.754,67.676,0,0
7.6923,-18.457,69.082,0,0
7.6942,-18.984,70.488,0,0
7.6962,-19.512,71.895,0,0
7.6983,-20.039,73.301,0,0
7.7003,-20.566,74.707,0,0
7.7022,-20.918,75.938,0,0
7.7043,-21.445,77.344,0,0
7.7064,-21.797,78.574,0,0
7.7082,-22.148,79.629,0,0
7.7103,-22.676,80.859,0,0
7.7140,-23.203,82.969,0,0
7.7144,-23.379,83.145,0,0
7.7162,-23.555,84.199,0,0
7.7183,-23.906,85.254,0,0
7.7203,-24.258,86.309,0,0
7.7222,-24.434,87.363,0,0
7.7242,-24.785,88.242,0,0
7.7263,-24.961,89.297,0,0
7.7283,-25.137,90.176,0,0
7.7302,-25.488,90.879,0,0
7.7322,-25.664,91.758,0,0
7.7343,-25.840,92.637,0,0
7.7363,-26.016,93.340,0,0
7.7382,-26.191,94.219,0,0
7.7402,-26.367,94.922,0,0
7.7423,-26.543,95.625,0,0
7.7443,-26.719,96.152,0,0
7.7462,-26.719,96.855,0,0
7.7482,-26.895,97.559,0,0
7.7503,-27.070,98.086,0,0
7.7523,-27.070,98.613,0,0
7.7542,-27.246,99.141,0,0
7.7562,-27.246,99.668,0,0
7.7583,-27.422,100.020,0,0
7.7602,-27.422,100.547,0,0
7.7623,-27.598,101.074,0,0
7.7643,-27.598,101.250,0,0
7.7662,-27.598,101.777,0,0
7.7682,-27.773,101.953,0,0
7.7703,-27.773,102.305,0,0
7.7723,-27.773,102.656,0,0
7.7742,-27.773,102.832,0,0
7.7762,-27.773,103.008,0,0
7.7783,-27.773,103.184,0,0
7.7803,-27.949,103.359,0,0
7.7822,-27.949,103.535,0,0
7.7842,-27.949,103.535,0,0
7.7863,-27.949,103.711,0,0
7.7883,-27.949,103.887,0,0
7.7902,-27.949,103.887,0,0
7.7922,-27.949,103.887,0,0
7.7942,-27.949,103.887,0,0
7.7963,-27.949,103.711,0,0
7.7983,-27.773,103.711,0,0
7.8002,-27.773,103.535,0,0
7.8023,-27.773,103.359,0,0
7.8043,-27.773,103.184,0,0
7.8062,-27.773,103.184,0,0
7.8082,-27.598,102.832,0,0
7.8103,-27.598,102.656,0,0
7.8137,-27.598,102.129,0,0
7.8142,-27.422,101.953,0,0
7.8163,-27.422,101.777,0,0
7.8183,-27.422,101.250,0,0
7.8202,-27.246,101.074,0,0
7.8223,-27.070,100.547,0,0
7.8243,-27.070,100.020,0,0
7.8262,-27.070,99.668,0,0
7.8283,-26.895,99.141,0,0
7.8303,-26.719,98.613,0,0
7.8322,-26.719,98.086,0,0
7.8342,-26.543,97.559,0,0
7.8363,-26.367,96.855,0,0
7.8383,-26.191,96.328,0,0
7.8402,-26.016,95.625,0,0
7.8422,-25.840,94.922,0,0
7.8443,-25.664,94.219,0,0
7.8463,-25.488,93.516,0,0
7.8482,-25.312,92.637,0,0
7.8502,-25.137,91.934,0,0
7.8523,-24.961,91.055,0,0
7.8543,-24.785,90.176,0,0
7.8562,-24.434,89.297,0,0
7.8582,-24.258,88.418,0,0
7.8603,-24.082,87.363,0,0
7.8623,-23.730,86.484,0,0
7.8642,-23.379,85.605,0,0
7.8662,-23.203,84.551,0,0
7.8683,-22.852,83.320,0,0
7.8703,-22.500,82.266,0,0
7.8722,-22.148,81.211,0,0
7.8742,-21.797,80.156,0,0
7.8763,-21.445,78.750,0,0
7.8783,-20.918,77.520,0,0
7.8802,-20.566,76.465,0,0
7.8822,-20.039,75.059,0,0
7.8843,-19.688,73.828,0,0
7.8863,-19.160,72.422,0,0
7.8882,-18.633,71.016,0,0
7.8902,-18.105,69.785,0,0
7.8923,-17.578,68.203,0,0
7.8943,-17.051,66.797,0,0
7.8962,-16.523,65.215,0,0
7.8983,-15.820,63.809,0,0
7.9002,-15.117,62.227,0,0
7.9022,-14.414,60.645,0,0
7.9043,-13.711,58.887,0,0
7.9063,-13.008,57.305,0,0
7.9082,-12.305,55.547,0,0
7.9103,-11.426,53.789,0,0
7.9137,-10.020,50.801,0,0
7.9142,-9.844,50.449,0,0
7.9163,-8.965,48.516,0,0
7.9183,-8.086,46.582,0,0
7.9203,-7.207,44.824,0,0
7.9223,-6.328,42.891,0,0
7.9242,-5.449,41.133,0,0
7.9262,-4.570,39.375,0,0
7.9283,-3.516,37.266,0,0
7.9303,-2.637,35.508,0,0
7.9322,-1.758,33.574,0,0
7.9343,-0.879,31.816,0,0
7.9362,0.000,30.059,0,0
7.9382,0.879,28.125,0,0
7.9402,1.758,26.367,0,0
7.9422,2.461,24.609,0,0
7.9442,3.340,22.852,0,0
7.9462,4.043,21.094,0,0
7.9482,4.922,19.512,0,0
7.9503,5.625,17.754,0,0
7.9523,6.328,15.996,0,0
7.9542,7.031,14.590,0,0
7.9562,7.559,13.008,0,0
7.9582,8.262,11.426,0,0
7.9603,8.789,9.844,0,0
7.9623,9.492,8.438,0,0
7.9643,10.020,7.031,0,0
7.9662,10.371,5.801,0,0
7.9683,10.898,4.395,0,0
7.9703,11.426,2.988,0,0
7.9723,11.777,1.758,0,0
7.9743,12.305,1.582,0,0
7.9763,12.656,1.582,0,0
7.9782,13.008,1.582,0,0
7.9802,13.359,1.582,0,0
7.9823,13.711,1.582,0,0
7.9843,14.062,1.582,0,0
7.9863,14.414,1.582,0,0
7.9882,14.590,1.582,0,0
7.9902,14.941,1.582,0,0
7.9922,15.117,1.582,0,0
7.9942,15.469,1.582,0,0
7.9962,15.645,1.582,0,0
7.9983,15.820,1.582,0,0
8.0003,15.996,1.582,0,0
8.0022,16.172,1.582,0,0
8.0042,16.523,1.582,0,0
8.0062,16.523,1.582,0,0
8.0083,16.699,1.582,0,0
8.0103,16.875,1.582,0,0
8.0138,17.227,1.582,0,0
8.0142,17.227,1.582,0,0
8.0163,17.227,1.582,0,0
8.0183,17.402,1.582,0,0
8.0202,17.402,1.582,0,0
8.0223,17.578,1.582,0,0
8.0243,17.754,1.582,0,0
8.0262,17.754,1.582,0,0
8.0282,17.754,1.582,0,0
8.0303,17.930,1.582,0,0
8.0323,17.930,1.582,0,0
8.0343,17.930,1.582,0,0
8.0362,17.930,1.582,0,0
8.0382,18.105,1.582,0,0
8.0403,18.105,1.582,0,0
8.0423,18.105,1.582,0,0
8.0443,18.105,1.582,0,0
8.0462,18.105,1.582,0,0
8.0482,18.105,1.582,0,0
8.0502,18.105,1.582,0,0
8.0523,18.105,1.582,0,0
8.0543,18.105,1.582,0,0
8.0562,18.105,1.582,0,0
8.0582,18.105,1.582,0,0
8.0602,18.105,1.582,0,0
8.0622,18.105,1.582,0,0
8.0642,18.105,1.582,0,0
8.0663,18.105,1.582,0,0
8.0683,17.930,1.582,0,0
8.0702,17.930,1.582,0,0
8.0722,17.930,1.582,0,0
8.0742,17.930,1.582,0,0
8.0762,17.754,1.582,0,0
8.0783,17.754,1.582,0,0
8.0802,17.578,1.582,0,0
8.0823,17.578,1.582,0,0
8.0843,17.578,1.582,0,0
8.0862,17.402,1.582,0,0
8.0883,17.227,1.582,0,0
8.0903,17.227,1.582,0,0
8.1058,16.172,1.582,0,0
8.1079,15.996,1.582,0,0
8.1100,15.820,1.582,0,0
8.1141,15.469,1.582,0,0
8.1145,15.469,1.582,0,0
8.1159,15.293,1.582,0,0
8.1178,15.117,1.582,0,0
8.1199,14.766,1.582,0,0
8.1219,14.590,1.582,0,0
8.1238,14.414,1.582,0,0
8.1259,14.062,1.582,0,0
8.1279,13.711,1.582,0,0
8.1299,13.535,1.582,0,0
8.1319,13.184,1.582,0,0
8.1338,13.008,1.582,0,0
8.1358,12.656,1.582,0,0
8.1379,12.305,1.582,0,0
8.1399,11.777,1.582,0,0
8.1419,11.426,1.582,0,0
8.1438,11.074,1.582,0,0
8.1458,10.723,1.582,0,0
8.1479,10.195,1.582,0,0
8.1499,9.844,1.582,0,0
8.1519,9.316,1.934,0,0
8.1539,8.789,3.164,0,0
8.1558,8.262,4.395,0,0
8.1578,7.734,5.801,0,0
8.1599,7.207,7.383,0,0
8.1619,6.680,8.789,0,0
8.1639,5.977,10.195,0,0
8.1658,5.273,11.777,0,0
8.1678,4.746,13.184,0,0
8.1699,4.043,14.941,0,0
8.1719,3.340,16.348,0,0
8.1739,2.637,18.105,0,0
8.1759,1.758,19.688,0,0
8.1778,1.055,21.270,0,0
8.1798,0.176,23.027,0,0
8.1819,-0.703,24.785,0,0
8.1839,-1.406,26.543,0,0
8.1859,-2.285,28.301,0,0
8.1878,-3.164,30.059,0,0
8.1898,-3.867,31.816,0,0
8.1919,-4.922,33.750,0,0
8.1939,-5.801,35.508,0,0
8.1959,-6.680,37.266,0,0
8.1979,-7.383,39.023,0,0
8.1998,-8.262,40.781,0,0
8.2019,-9.141,42.539,0,0
8.2038,-10.020,44.297,0,0
8.2059,-10.898,46.055,0,0
8.2079,-11.602,47.812,0,0
8.2099,-12.305,49.395,0,0
8.2138,-13.887,52.559,0,0
8.2140,-13.887,52.734,0,0
8.2158,-14.590,54.316,0,0
8.2178,-15.117,55.723,0,0
8.2199,-15.820,57.480,0,0
8.2219,-16.523,58.887,0,0
8.2239,-17.051,60.293,0,0
8.2258,-17.578,61.699,0,0
8.2279,-18.281,63.105,0,0
8.2298,-18.633,64.512,0,0
8.2318,-19.160,65.918,0,0
8.2339,-19.688,67.148,0,0
8.2359,-20.039,68.379,0,0
8.2383,-20.742,69.961,0,0
8.2400,-20.918,70.840,0,0
8.2419,-21.270,72.070,0,0
8.2439,-21.797,73.125,0,0
8.2459,-21.973,74.355,0,0
8.2479,-22.324,75.234,0,0
8.2498,-22.676,76.289,0,0
8.2519,-23.027,77.344,0,0
8.2539,-23.203,78.398,0,0
8.2559,-23.555,79.277,0,0
8.2579,-23.730,80.156,0,0
8.2598,-24.082,81.035,0,0
8.2619,-24.258,82.090,0,0
8.2639,-24.434,82.793,0,0
8.2659,-24.609,83.672,0,0
8.2679,-24.785,84.375,0,0
8.2698,-24.961,85.078,0,0
8.2719,-25.137,85.957,0,0
8.2739,-25.312,86.660,0,0
8.2758,-25.312,87.188,0,0
8.2778,-25.488,87.891,0,0
8.2798,-25.664,88.418,0,0
8.2819,-25.664,89.121,0,0
8.2839,-25.840,89.648,0,0
8.2859,-25.840,90.176,0,0
8.2878,-26.016,90.703,0,0
8.2898,-26.016,91.055,0,0
8.2919,-26.191,91.582,0,0
8.2939,-26.191,91.934,0,0
8.2959,-26.191,92.285,0,0
8.2979,-26.191,92.812,0,0
8.2999,-26.191,92.988,0,0
8.3018,-26.367,93.340,0,0
8.3039,-26.367,93.691,0,0
8.3059,-26.367,93.867,0,0
8.3079,-26.367,94.043,0,0
8.3099,-26.367,94.219,0,0
8.3136,-26.367,94.570,0,0
8.3138,-26.367,94.570,0,0
8.3159,-26.367,94.746,0,0
8.3178,-26.367,94.746,0,0
