t_s,th_deg,al_deg,pwm,mode
0.0000,-0.527,-62.227,0,0
0.0008,-0.527,-62.227,0,0
0.0009,-0.527,-62.227,0,0
0.0026,-0.527,-62.227,0,0
0.0045,-0.527,-62.227,0,0
0.0065,-0.527,-62.227,0,0
0.0103,-0.527,-62.227,0,0
0.0106,-0.527,-62.227,0,0
0.0126,-0.527,-62.227,0,0
0.0146,-0.352,-62.227,0,0
0.0165,-0.352,-62.227,0,0
0.0185,-0.352,-62.227,0,0
0.0206,-0.352,-62.227,0,0
0.0226,-0.352,-62.227,0,0
0.0245,-0.352,-62.227,0,0
0.0265,-0.352,-62.227,0,0
0.0285,-0.352,-62.227,0,0
0.0306,-0.352,-62.227,0,0
0.0326,-0.352,-62.227,0,0
0.0345,-0.352,-62.227,0,0
0.0365,-0.352,-62.227,0,0
0.0386,-0.352,-62.227,0,0
0.0405,-0.352,-62.227,0,0
0.0425,-0.352,-62.227,0,0
0.0445,-0.352,-62.227,0,0
0.0465,-0.352,-62.227,0,0
0.0485,-0.352,-62.227,0,0
0.0505,-0.352,-62.227,0,0
0.0526,-0.352,-62.227,0,0
0.0546,-0.352,-62.227,0,0
0.0566,-0.352,-62.227,0,0
0.0586,-0.352,-62.227,0,0
0.0606,-0.352,-62.227,0,0
0.0626,-0.352,-62.227,0,0
0.0646,-0.352,-62.227,0,0
0.0665,-0.352,-62.227,0,0
0.0685,-0.352,-62.227,0,0
0.0705,-0.352,-62.227,0,0
0.0725,-0.352,-62.227,0,0
0.0745,-0.352,-62.227,0,0
0.0765,-0.352,-62.227,0,0
0.0785,-0.352,-62.227,0,0
0.0806,-0.352,-62.227,0,0
0.0826,-0.352,-62.227,0,0
0.0846,-0.352,-62.227,0,0
0.1016,-0.352,-62.227,0,5
0.1037,-0.352,-62.227,0,5
0.1057,-0.352,-62.227,0,5
0.1096,-0.352,-62.227,0,5
0.1099,-0.352,-62.227,0,5
0.1117,-0.352,-62.227,0,5
0.1137,-0.352,-62.227,0,5
0.1157,-0.352,-62.227,0,5
0.1177,-0.352,-62.227,0,5
0.1196,-0.352,-62.227,0,5
0.1217,-0.352,-62.227,0,5
0.1237,-0.352,-62.227,0,5
0.1257,-0.352,-62.227,0,5
0.1277,-0.352,-62.227,0,5
0.1296,-0.352,-62.227,0,5
0.1317,-0.352,-62.227,0,5
0.1337,-0.352,-62.227,0,5
0.1357,-0.352,-62.227,0,5
0.1377,-0.352,-62.227,0,5
0.1397,-0.352,-62.227,0,5
0.1417,-0.352,-62.227,0,5
0.1437,-0.352,-62.227,0,5
0.1457,-0.352,-62.227,0,5
0.1476,-0.352,-62.227,0,5
0.1497,-0.352,-62.227,0,5
0.1517,-0.352,-62.227,0,5
0.1537,-0.352,-62.227,0,5
0.1557,-0.352,-62.227,0,5
0.1576,-0.352,-62.227,0,5
0.1596,-0.352,-62.227,0,5
0.1617,-0.352,-62.227,0,5
0.1637,-0.352,-62.227,0,5
0.1657,-0.352,-62.227,0,5
0.1677,-0.352,-62.227,0,5
0.1696,-0.352,-62.227,0,5
0.1716,-0.352,-62.227,0,5
0.1737,-0.352,-62.227,0,5
0.1756,-0.352,-62.227,0,5
0.1776,-0.352,-62.227,0,5
0.1797,-0.352,-62.227,0,5
0.1817,-0.352,-62.227,0,5
0.1837,-0.352,-62.227,0,5
0.1857,-0.352,-62.227,0,5
0.1876,-0.352,-62.227,0,5
0.1896,-0.352,-62.227,0,5
0.1917,-0.352,-62.227,0,5
0.1937,-0.352,-62.227,0,5
0.1957,-0.352,-62.227,0,5
0.1977,-0.352,-62.402,0,5
0.1996,-0.352,-62.402,0,5
0.2017,-0.352,-62.402,0,5
0.2037,-0.352,-62.402,0,5
0.2057,-0.352,-62.402,0,5
0.2091,-0.352,-62.402,0,5
0.2096,-0.352,-62.402,0,5
0.2117,-0.352,-62.402,0,5
0.2137,-0.352,-62.402,0,5
0.2157,-0.352,-62.402,0,5
0.2177,-0.352,-62.402,0,5
0.2196,-0.352,-62.402,0,5
0.2216,-0.352,-62.402,0,5
0.2237,-0.352,-62.402,0,5
0.2257,-0.352,-62.402,0,5
0.2277,-0.352,-62.402,0,5
0.2297,-0.352,-62.402,0,5
0.2317,-0.352,-62.402,0,5
0.2342,-0.352,-62.402,0,5
0.2357,-0.352,-62.402,0,5
0.2377,-0.352,-62.402,0,5
0.2397,-0.352,-62.402,0,5
0.2417,-0.352,-62.402,0,5
0.2436,-0.352,-62.402,0,5
0.2456,-0.352,-62.402,0,5
0.2477,-0.352,-62.402,0,5
0.2496,-0.352,-62.402,0,5
0.2517,-0.352,-62.402,0,5
0.2537,-0.352,-62.402,0,5
0.2557,-0.352,-62.402,0,5
0.2576,-0.352,-62.402,0,5
0.2596,-0.352,-62.402,0,5
0.2617,-0.352,-62.402,0,5
0.2637,-0.352,-62.402,0,5
0.2657,-0.352,-62.402,0,5
0.2676,-0.352,-62.402,0,5
0.2697,-0.352,-62.402,0,5
0.2717,-0.352,-62.402,0,5
0.2737,-0.352,-62.402,0,5
0.2757,-0.352,-62.402,0,5
0.2777,-0.352,-62.402,0,5
0.2797,-0.352,-62.402,0,5
0.2817,-0.352,-62.402,0,5
0.2837,-0.352,-62.402,0,5
0.2856,-0.352,-62.402,0,5
0.2876,-0.352,-62.402,0,5
0.2897,-0.352,-62.578,0,5
0.2917,-0.352,-62.578,0,5
0.2937,-0.352,-62.578,0,5
0.2957,-0.352,-62.578,0,5
0.2976,-0.352,-62.578,0,5
0.2996,-0.352,-62.578,0,5
0.3017,-0.352,-62.578,0,5
0.3037,-0.352,-62.578,0,5
0.3057,-0.352,-62.578,0,5
0.3091,-0.352,-62.578,0,5
0.3097,-0.352,-62.578,0,5
0.3117,-0.352,-62.578,0,5
0.3137,-0.352,-62.578,0,5
0.3157,-0.352,-62.578,0,5
0.3216,-0.352,-62.578,0,5
0.3222,-0.352,-62.578,0,5
0.3225,-0.352,-62.578,0,5
0.3237,-0.352,-62.578,0,5
0.3257,-0.352,-62.578,0,5
0.3277,-0.352,-62.578,0,5
0.3297,-0.352,-62.578,0,5
0.3317,-0.352,-62.578,0,5
0.3336,-0.352,-62.578,0,5
0.3356,-0.352,-62.578,0,5
0.3377,-0.352,-62.578,0,5
0.3396,-0.352,-62.578,0,5
0.3416,-0.352,-62.578,0,5
0.3437,-0.352,-62.578,0,5
0.3457,-0.352,-62.578,0,5
0.3477,-0.352,-62.578,0,5
0.3498,-0.352,-62.578,0,5
0.3520,-0.352,-62.578,0,5
0.3536,-0.352,-62.578,0,5
0.3557,-0.352,-62.578,0,5
0.3577,-0.352,-62.578,0,5
0.3596,-0.352,-62.578,0,5
0.3617,-0.352,-62.578,0,5
0.3636,-0.352,-62.578,0,5
0.3657,-0.352,-62.578,0,5
0.3677,-0.352,-62.578,0,5
0.3697,-0.352,-62.578,0,5
0.3717,-0.352,-62.578,0,5
0.3736,-0.352,-62.578,0,5
0.3757,-0.352,-62.578,0,5
0.3777,-0.352,-62.578,0,5
0.3796,-0.352,-62.578,0,5
0.3817,-0.352,-62.578,0,5
0.3837,-0.352,-62.578,0,5
0.3857,-0.352,-62.578,0,5
0.3877,-0.352,-62.578,0,5
0.3896,-0.352,-62.578,0,5
0.3917,-0.352,-62.578,0,5
0.3937,-0.352,-62.578,0,5
0.3957,-0.352,-62.578,0,5
0.3977,-0.352,-62.578,0,5
0.3997,-0.352,-62.578,0,5
0.4017,-0.352,-62.578,0,5
0.4036,-0.352,-62.578,0,5
0.4056,-0.352,-62.578,0,5
0.4094,-0.352,-62.578,0,5
0.4097,-0.352,-62.578,0,5
0.4116,-0.352,-62.578,0,5
0.4137,-0.352,-62.578,0,5
0.4156,-0.352,-62.578,0,5
0.4176,-0.352,-62.578,0,5
0.4196,-0.352,-62.578,0,5
0.4216,-0.352,-62.578,0,5
0.4237,-0.352,-62.578,0,5
0.4257,-0.352,-62.578,0,5
0.4277,-0.352,-62.578,0,5
0.4296,-0.352,-62.578,0,5
0.4316,-0.352,-62.578,0,5
0.4337,-0.352,-62.578,0,5
0.4356,-0.352,-62.578,0,5
0.4376,-0.352,-62.578,0,5
0.4397,-0.352,-62.578,0,5
0.4417,-0.352,-62.578,0,5
0.4437,-0.352,-62.578,0,5
0.4456,-0.352,-62.578,0,5
0.4476,-0.352,-62.578,0,5
0.4497,-0.352,-62.578,0,5
0.4517,-0.352,-62.578,0,5
0.4537,-0.352,-62.578,0,5
0.4556,-0.352,-62.578,0,5
0.4576,-0.352,-62.578,0,5
0.4597,-0.352,-62.578,0,5
0.4617,-0.352,-62.578,0,5
0.4637,-0.352,-62.578,0,5
0.4657,-0.352,-62.578,0,5
0.4676,-0.352,-62.578,0,5
0.4696,-0.352,-62.578,0,5
0.4717,-0.352,-62.578,0,5
0.4737,-0.352,-62.578,0,5
0.4756,-0.352,-62.578,0,5
0.4777,-0.352,-62.578,0,5
0.4797,-0.352,-62.578,0,5
0.4817,-0.352,-62.578,0,5
0.4837,-0.352,-62.578,0,5
0.4856,-0.352,-62.578,0,5
0.4877,-0.352,-62.578,0,5
0.4897,-0.352,-62.402,0,5
0.4917,-0.352,-62.402,0,5
0.4937,-0.352,-62.402,0,5
0.4956,-0.352,-62.402,0,5
0.4976,-0.352,-62.402,0,5
0.4997,-0.352,-62.402,0,5
0.5017,-0.352,-62.402,0,5
0.5037,-0.352,-62.402,0,5
0.5057,-0.352,-62.402,0,5
0.5091,-0.352,-62.402,0,5
0.5097,-0.352,-62.402,0,5
0.5117,-0.352,-62.402,0,5
0.5136,-0.352,-62.227,0,5
0.5156,-0.352,-62.227,0,5
0.5177,-0.352,-62.227,0,5
0.5197,-0.352,-62.227,0,5
0.5217,-0.352,-62.227,0,5
0.5237,-0.352,-62.227,0,5
0.5256,-0.352,-62.227,0,5
0.5277,-0.352,-62.227,0,5
0.5297,-0.352,-62.227,0,5
0.5317,-0.352,-62.227,0,5
0.5336,-0.352,-62.227,0,5
0.5356,-0.352,-62.227,0,5
0.5377,-0.352,-62.227,0,5
0.5396,-0.352,-62.227,0,5
0.5417,-0.352,-62.227,0,5
0.5437,-0.352,-62.227,0,5
0.5456,-0.352,-62.227,0,5
0.5477,-0.352,-62.227,0,5
0.5497,-0.352,-62.227,0,5
0.5517,-0.352,-62.227,0,5
0.5537,-0.352,-62.227,0,5
0.5556,-0.352,-62.227,0,5
0.5577,-0.352,-62.227,0,5
0.5597,-0.352,-62.227,0,5
0.5617,-0.352,-62.227,0,5
0.5637,-0.352,-62.227,0,5
0.5656,-0.352,-62.227,0,5
0.5677,-0.352,-62.227,0,5
0.5697,-0.352,-62.227,0,5
0.5717,-0.352,-62.227,0,5
0.5736,-0.352,-62.227,0,5
0.5757,-0.352,-62.227,0,5
0.5776,-0.352,-62.227,0,5
0.5796,-0.352,-62.227,0,5
0.5951,-0.352,-62.227,0,5
0.5971,-0.352,-62.227,0,5
0.5992,-0.352,-62.227,0,5
0.6011,-0.352,-62.227,0,5
0.6031,-0.352,-62.227,0,5
0.6052,-0.352,-62.227,0,5
0.6095,-0.352,-62.227,0,5
0.6098,-0.352,-62.227,0,5
0.6111,-0.352,-62.227,0,5
0.6131,-0.352,-62.227,0,5
0.6151,-0.352,-62.227,0,5
0.6171,-0.352,-62.227,0,5
0.6192,-0.352,-62.227,0,5
0.6212,-0.352,-62.227,0,5
0.6231,-0.352,-62.227,0,5
0.6251,-0.352,-62.227,0,5
0.6271,-0.352,-62.227,0,5
0.6292,-0.352,-62.227,0,5
0.6312,-0.352,-62.227,0,5
0.6332,-0.352,-62.227,0,5
0.6351,-0.352,-62.227,0,5
0.6371,-0.352,-62.227,0,5
0.6391,-0.352,-62.227,0,5
0.6415,-0.352,-62.227,0,5
0.6432,-0.352,-62.227,0,5
0.6451,-0.352,-62.227,0,5
0.6472,-0.352,-62.227,0,5
0.6492,-0.352,-62.227,0,5
0.6512,-0.352,-62.227,0,5
0.6531,-0.352,-62.227,0,5
0.6551,-0.352,-62.227,0,5
0.6572,-0.352,-62.227,0,5
0.6592,-0.352,-62.227,0,5
0.6611,-0.352,-62.227,0,5
0.6631,-0.352,-62.227,0,5
0.6651,-0.352,-62.227,0,5
0.6672,-0.352,-62.227,0,5
0.6692,-0.352,-62.227,0,5
0.6711,-0.352,-62.227,0,5
0.6731,-0.352,-62.227,0,5
0.6751,-0.352,-62.227,0,5
0.6771,-0.352,-62.227,0,5
0.6792,-0.352,-62.227,0,5
0.6812,-0.352,-62.227,0,5
0.6831,-0.352,-62.227,0,5
0.6851,-0.352,-62.227,0,5
0.6871,-0.352,-62.227,0,5
0.6891,-0.352,-62.227,0,5
0.6912,-0.352,-62.227,0,5
0.6932,-0.352,-62.227,0,5
0.6951,-0.352,-62.227,0,5
0.6971,-0.352,-62.227,0,5
0.6991,-0.352,-62.227,0,5
0.7011,-0.352,-62.227,0,5
0.7032,-0.352,-62.227,0,5
0.7051,-0.352,-62.227,0,5
0.7092,-0.352,-62.227,0,5
0.7095,-0.352,-62.227,0,5
0.7111,-0.352,-62.227,0,5
0.7132,-0.352,-62.227,0,5
0.7152,-0.352,-62.227,0,5
0.7171,-0.352,-62.227,0,5
0.7213,-0.352,-62.227,0,5
0.7220,-0.352,-62.227,0,5
0.7231,-0.352,-62.227,0,5
0.7251,-0.352,-62.227,0,5
0.7272,-0.352,-62.227,0,5
0.7291,-0.352,-62.227,0,5
0.7312,-0.352,-62.227,0,5
0.7332,-0.352,-62.227,0,5
0.7351,-0.352,-62.227,0,5
0.7372,-0.352,-62.227,0,5
0.7391,-0.352,-62.227,0,5
0.7411,-0.352,-62.227,0,5
0.7432,-0.352,-62.227,0,5
0.7452,-0.352,-62.227,0,5
0.7471,-0.352,-62.227,0,5
0.7492,-0.352,-62.227,0,5
0.7511,-0.352,-62.227,0,5
0.7531,-0.352,-62.227,0,5
0.7551,-0.352,-62.227,0,5
0.7571,-0.352,-62.227,0,5
0.7591,-0.352,-62.227,0,5
0.7611,-0.352,-62.227,0,5
0.7631,-0.352,-62.227,0,5
0.7652,-0.352,-62.227,0,5
0.7672,-0.352,-62.227,0,5
0.7691,-0.352,-62.227,0,5
0.7711,-0.352,-62.227,0,5
0.7731,-0.352,-62.227,0,5
0.7751,-0.352,-62.227,0,5
0.7771,-0.352,-62.227,0,5
0.7792,-0.352,-62.227,0,5
0.7812,-0.352,-62.227,0,5
0.7831,-0.352,-62.227,0,5
0.7851,-0.352,-62.227,0,5
0.7871,-0.352,-62.227,0,5
0.7891,-0.352,-62.227,0,5
0.7912,-0.352,-62.227,0,5
0.7932,-0.352,-62.402,0,5
0.7951,-0.352,-62.402,0,5
0.7971,-0.352,-62.402,0,5
0.7992,-0.352,-62.402,0,5
0.8011,-0.352,-62.402,0,5
0.8031,-0.352,-62.402,0,5
0.8051,-0.352,-62.402,0,5
0.8094,-0.352,-62.402,0,5
0.8096,-0.352,-62.402,0,5
0.8112,-0.352,-62.402,0,5
0.8131,-0.352,-62.402,0,5
0.8151,-0.352,-62.402,0,5
0.8171,-0.352,-62.402,0,5
0.8191,-0.352,-62.402,0,5
0.8212,-0.352,-62.402,0,5
0.8232,-0.352,-62.402,0,5
0.8251,-0.352,-62.402,0,5
0.8271,-0.352,-62.402,0,5
0.8291,-0.352,-62.402,0,5
0.8311,-0.352,-62.402,0,5
0.8332,-0.352,-62.402,0,5
0.8351,-0.352,-62.402,0,5
0.8371,-0.352,-62.402,0,5
0.8392,-0.352,-62.402,0,5
0.8412,-0.352,-62.402,0,5
0.8431,-0.352,-62.402,0,5
0.8451,-0.352,-62.402,0,5
0.8472,-0.352,-62.402,0,5
0.8492,-0.352,-62.402,0,5
0.8512,-0.352,-62.402,0,5
0.8531,-0.352,-62.402,0,5
0.8552,-0.352,-62.402,0,5
0.8572,-0.352,-62.402,0,5
0.8591,-0.352,-62.402,0,5
0.8611,-0.352,-62.402,0,5
0.8631,-0.352,-62.402,0,5
0.8651,-0.352,-62.402,0,5
0.8672,-0.352,-62.402,0,5
0.8692,-0.352,-62.402,0,5
0.8711,-0.352,-62.402,0,5
0.8731,-0.352,-62.402,0,5
0.8751,-0.352,-62.578,0,5
0.8771,-0.352,-62.578,0,5
0.8792,-0.352,-62.578,0,5
0.8812,-0.352,-62.578,0,5
0.8831,-0.352,-62.578,0,5
0.8851,-0.352,-62.578,0,5
0.8871,-0.352,-62.578,0,5
0.8891,-0.352,-62.578,0,5
0.8912,-0.352,-62.578,0,5
0.8932,-0.352,-62.578,0,5
0.8951,-0.352,-62.578,0,5
0.8971,-0.352,-62.578,0,5
0.8991,-0.352,-62.578,0,5
0.9012,-0.352,-62.578,0,5
0.9031,-0.352,-62.578,0,5
0.9051,-0.352,-62.578,0,5
0.9093,-0.352,-62.578,0,5
0.9096,-0.352,-62.578,0,5
0.9111,-0.352,-62.578,0,5
0.9131,-0.352,-62.578,0,5
0.9152,-0.352,-62.578,0,5
0.9171,-0.352,-62.578,0,5
0.9191,-0.352,-62.578,0,5
0.9211,-0.352,-62.578,0,5
0.9231,-0.352,-62.578,0,5
0.9251,-0.352,-62.578,0,5
0.9271,-0.352,-62.578,0,5
0.9292,-0.352,-62.578,0,5
0.9312,-0.352,-62.578,0,5
0.9331,-0.352,-62.402,0,5
0.9480,-0.352,-62.402,0,5
0.9501,-0.352,-62.402,0,5
0.9521,-0.352,-62.402,0,5
0.9541,-0.352,-62.402,0,5
0.9561,-0.352,-62.402,0,5
0.9581,-0.352,-62.402,0,5
0.9601,-0.352,-62.402,0,5
0.9621,-0.352,-62.402,0,5
0.9640,-0.352,-62.402,0,5
0.9661,-0.352,-62.402,0,5
0.9680,-0.352,-62.402,0,5
0.9701,-0.352,-62.402,0,5
0.9721,-0.352,-62.402,0,5
0.9741,-0.352,-62.402,0,5
0.9762,-0.352,-62.402,0,5
0.9781,-0.352,-62.402,0,5
0.9801,-0.352,-62.402,0,5
0.9821,-0.352,-62.402,0,5
0.9841,-0.352,-62.402,0,5
0.9861,-0.352,-62.402,0,5
0.9880,-0.352,-62.402,0,5
0.9901,-0.352,-62.402,0,5
0.9921,-0.352,-62.402,0,5
0.9941,-0.352,-62.578,0,5
0.9961,-0.352,-62.578,0,5
0.9981,-0.352,-62.578,0,5
1.0000,-0.352,-62.578,0,5
1.0021,-0.352,-62.578,0,5
1.0040,-0.352,-62.578,0,5
1.0061,-0.352,-62.578,0,5
1.0095,-0.352,-62.578,0,5
1.0101,-0.352,-62.578,0,5
1.0120,-0.352,-62.578,0,5
1.0141,-0.352,-62.578,0,5
1.0161,-0.352,-62.578,0,5
1.0181,-0.352,-62.578,0,5
1.0201,-0.352,-62.578,0,5
1.0222,-0.352,-62.578,0,5
1.0241,-0.352,-62.578,0,5
1.0261,-0.352,-62.578,0,5
1.0282,-0.352,-62.578,0,5
1.0301,-0.352,-62.578,0,5
1.0321,-0.352,-62.578,0,5
1.0341,-0.352,-62.578,0,5
1.0361,-0.352,-62.578,0,5
1.0381,-0.352,-62.578,0,5
1.0400,-0.352,-62.578,0,5
1.0421,-0.352,-62.578,0,5
1.0441,-0.352,-62.578,0,5
1.0461,-0.352,-62.402,0,5
1.0481,-0.352,-62.402,0,5
1.0501,-0.352,-62.402,0,5
1.0521,-0.352,-62.402,0,5
1.0541,-0.352,-62.402,0,5
1.0562,-0.352,-62.402,0,5
1.0581,-0.352,-62.402,0,5
1.0601,-0.352,-62.402,0,5
1.0621,-0.352,-62.402,0,5
1.0641,-0.352,-62.402,0,5
1.0661,-0.352,-62.402,0,5
1.0680,-0.352,-62.402,0,5
1.0701,-0.352,-62.402,0,5
1.0721,-0.352,-62.402,0,5
1.0741,-0.352,-62.402,0,5
1.0761,-0.352,-62.402,0,5
1.0781,-0.352,-62.402,0,5
1.0800,-0.352,-62.402,0,5
1.0821,-0.352,-62.402,0,5
1.0841,-0.352,-62.402,0,5
1.0861,-0.352,-62.402,0,5
1.0881,-0.352,-62.402,0,5
1.0900,-0.352,-62.402,0,5
1.0924,-0.352,0.000,0,5
1.0943,-0.352,0.000,-59,5
1.0961,-0.352,0.000,-59,5
1.0981,-0.352,0.000,-59,5
1.1001,-0.352,-0.176,-59,5
1.1021,-0.352,-0.176,-59,5
1.1040,-0.176,-0.176,-59,5
1.1061,-0.176,-0.176,-59,5
1.1092,0.000,-0.352,-59,5
1.1102,0.000,-0.352,-60,5
1.1121,0.000,-0.352,-60,5
1.1172,0.352,-0.703,-60,5
1.1186,0.352,-0.703,-59,5
1.1190,0.352,-0.879,-59,5
1.1201,0.527,-0.879,-59,5
1.1223,0.703,-1.055,-59,5
1.1241,0.703,-1.055,-59,5
1.1261,0.879,-1.230,-59,5
1.1280,1.055,-1.406,-59,5
1.1304,1.230,-1.582,-59,5
1.1321,1.406,-1.758,-59,5
1.1341,1.582,-1.934,-59,5
1.1361,1.758,-2.109,-59,5
1.1382,1.934,-2.285,-59,5
1.1404,2.109,-2.461,-59,5
1.1421,2.285,-2.637,-59,5
1.1441,2.461,-2.988,-59,5
1.1461,2.812,-3.164,-59,5
1.1481,2.988,-3.340,-59,5
1.1502,3.164,-3.516,-59,5
1.1521,3.516,-3.867,-59,5
1.1541,3.691,-4.043,-59,5
1.1561,3.867,-4.219,-59,5
1.1581,4.219,-4.570,-59,5
1.1601,4.395,-4.746,-59,5
1.1621,4.746,-5.098,-59,5
1.1645,5.098,-5.273,-59,5
1.1789,7.207,-7.207,-59,5
1.1809,7.559,-7.559,-59,5
1.1830,7.734,-7.734,-59,5
1.1850,8.086,-8.086,-59,5
1.1870,8.438,-8.262,-59,5
1.1890,8.789,-8.613,-59,5
1.1910,9.141,-8.789,-59,5
1.1929,9.492,-9.141,-59,5
1.1950,9.844,-9.492,-59,5
1.1970,10.195,-9.668,-59,5
1.1990,10.547,-10.020,-59,5
1.2009,10.898,-10.195,-59,5
1.2030,11.250,-10.371,-59,5
1.2050,11.602,-10.723,-59,5
1.2095,12.305,-11.074,-59,5
1.2100,12.480,-11.074,-59,5
1.2110,12.656,-11.074,-59,5
1.2130,13.008,-11.074,-59,5
1.2150,13.359,-11.250,-59,5
1.2170,13.711,-11.602,-59,5
1.2189,14.062,-11.777,-59,5
1.2210,14.414,-11.953,-59,5
1.2229,14.766,-12.305,-59,5
1.2250,15.117,-12.480,-59,5
1.2270,15.469,-12.656,-59,5
1.2290,15.820,-12.832,-59,5
1.2310,16.172,-13.008,-59,5
1.2330,16.699,-13.184,-59,5
1.2350,17.051,-13.535,-59,5
1.2370,17.402,-13.711,-59,5
1.2389,17.754,-13.887,-59,5
1.2410,18.105,-14.062,-59,5
1.2430,18.457,-14.238,-59,5
1.2450,18.809,-14.414,-59,5
1.2470,19.160,-14.414,-59,5
1.2490,19.688,-14.590,-59,5
1.2510,19.863,-14.766,-59,5
1.2534,20.391,-14.941,-59,5
1.2550,20.742,-15.117,-59,5
1.2570,21.094,-15.117,-59,5
1.2589,21.445,-15.293,-59,5
1.2609,21.797,-15.469,-59,5
1.2630,22.148,-15.645,-59,5
1.2649,22.500,-15.645,-59,5
1.2670,23.027,-15.820,-59,5
1.2690,23.379,-15.820,-59,5
1.2710,23.730,-15.820,-59,5
1.2730,24.082,-15.996,-59,5
1.2749,24.434,-15.996,-59,5
1.2770,24.785,-15.996,-59,5
1.2789,25.137,-15.996,-59,5
1.2810,25.488,-16.172,-59,5
1.2830,26.016,-16.172,-59,5
1.2850,26.367,-16.172,-59,5
1.2870,26.719,-16.172,-58,5
1.2890,27.070,-16.172,-58,5
1.2909,27.422,-16.172,-58,5
1.2930,27.773,-16.172,-58,5
1.2950,28.125,-16.172,-58,5
1.2969,28.477,-16.172,-58,5
1.2991,29.004,-16.172,-58,5
1.3009,29.355,-15.996,-58,5
1.3030,29.707,-15.996,-58,5
1.3050,30.059,-15.996,-58,5
1.3092,30.762,-15.820,-58,5
1.3097,30.938,-15.820,31,5
1.3110,31.113,-15.820,32,5
1.3130,31.465,-15.645,33,5
1.3150,31.816,-15.645,34,5
1.3169,32.168,-15.645,35,5
1.3190,32.520,-15.645,37,5
1.3210,32.695,-15.820,37,5
1.3229,33.047,-15.645,37,5
1.3250,33.398,-15.293,39,5
1.3270,33.574,-15.117,40,5
1.3290,33.926,-14.941,41,5
1.3310,34.102,-14.941,42,5
1.3360,34.629,-14.941,58,5
1.3373,34.805,-14.941,58,5
1.3378,34.805,-14.941,58,5
1.3390,34.980,-14.941,58,5
1.3410,35.156,-14.941,58,5
1.3430,35.332,-14.941,58,5
1.3450,35.332,-14.941,58,5
1.3470,35.508,-14.941,58,5
1.3489,35.508,-14.941,58,5
1.3510,35.684,-14.941,58,5
1.3530,35.684,-14.941,58,5
1.3550,35.859,-14.941,58,5
1.3570,35.859,-14.941,58,5
1.3590,35.859,-14.941,58,5
1.3610,35.859,-14.941,58,5
1.3630,35.859,-14.941,58,5
1.3652,35.859,-14.941,58,5
1.3670,35.684,-14.941,58,5
1.3691,35.684,-14.941,58,5
1.3710,35.508,-14.941,58,5
1.3730,35.332,-14.941,58,5
1.3750,35.332,-14.941,58,5
1.3770,35.156,-14.941,58,5
1.3789,34.980,-14.941,58,5
1.3810,34.805,-14.941,58,5
1.3830,34.629,-14.941,58,5
1.3849,34.453,-14.941,58,5
1.3870,34.277,-14.941,58,5
1.3890,34.102,-14.941,58,5
1.3909,33.750,-14.941,58,5
1.3930,33.574,-14.941,58,5
1.3950,33.398,-14.766,58,5
1.3970,33.047,-13.887,58,5
1.3990,32.871,-13.008,58,5
1.4009,32.520,-12.129,58,5
1.4030,32.344,-11.250,58,5
1.4050,31.992,-10.371,58,5
1.4093,31.465,-8.438,58,5
1.4098,31.465,-8.262,58,5
1.4109,31.289,-7.734,58,5
1.4130,30.938,-6.855,58,5
1.4150,30.762,-5.977,58,5
1.4170,30.410,-5.098,58,5
1.4323,28.301,1.230,58,5
1.4344,28.125,1.934,58,5
1.4364,27.773,2.812,58,5
1.4384,27.598,3.691,58,5
1.4403,27.422,4.395,58,5
1.4424,27.070,5.098,58,5
1.4443,26.895,5.801,58,5
1.4463,26.543,6.504,58,5
1.4483,26.367,7.207,58,5
1.4504,26.016,7.910,58,5
1.4524,25.840,8.438,59,5
1.4543,25.664,8.965,59,5
1.4564,25.312,9.668,59,5
1.4584,25.137,10.371,59,5
1.4603,24.961,10.898,59,5
1.4624,24.609,11.426,59,5
1.4643,24.434,12.129,59,5
1.4663,24.258,12.480,59,5
1.4683,24.082,13.184,59,5
1.4703,23.906,13.535,59,5
1.4723,23.555,14.238,59,5
1.4744,23.379,14.590,59,5
1.4763,23.203,15.117,59,5
1.4783,23.027,15.469,59,5
1.4804,22.676,15.996,59,5
1.4823,22.500,16.348,59,5
1.4844,22.324,16.699,59,5
1.4863,22.148,17.051,59,5
1.4883,21.973,17.402,59,5
1.4903,21.797,17.754,59,5
1.4924,21.621,18.105,59,5
1.4943,21.445,18.457,59,5
1.4964,21.094,18.633,59,5
1.4984,21.094,18.809,59,5
1.5003,20.742,19.160,59,5
1.5023,20.566,19.336,59,5
1.5044,20.391,19.512,59,5
1.5063,20.215,19.863,59,5
1.5096,19.863,20.039,59,5
1.5103,19.863,20.039,59,5
1.5123,19.688,20.215,59,5
1.5143,19.512,20.215,59,5
1.5163,19.336,20.391,59,5
1.5184,19.160,20.566,59,5
1.5203,18.984,20.566,59,5
1.5223,18.809,20.566,59,5
1.5243,18.633,20.566,59,5
1.5263,18.457,20.566,59,5
1.5284,18.281,20.566,59,5
1.5303,18.105,20.566,59,5
1.5323,17.930,20.566,59,5
1.5344,17.754,20.391,59,5
1.5363,17.578,20.391,59,5
1.5383,17.578,20.215,59,5
1.5404,17.227,20.039,59,5
1.5423,17.051,20.039,59,5
1.5443,17.051,19.863,59,5
1.5464,16.875,19.512,59,5
1.5483,16.699,19.336,59,5
1.5503,16.523,19.160,59,5
1.5524,16.348,18.984,59,5
1.5543,16.172,18.633,59,5
1.5563,15.996,18.457,59,5
1.5584,15.820,18.105,59,5
1.5603,15.645,17.754,59,5
1.5624,15.469,17.402,59,5
1.5643,15.469,17.227,59,5
1.5663,15.293,16.699,-59,5
1.5684,15.117,16.348,-59,5
1.5703,14.941,15.996,-59,5
1.5723,14.941,15.469,-59,5
1.5743,14.766,14.941,-59,5
1.5764,14.766,14.414,-59,5
1.5783,14.590,13.887,-59,5
1.5803,14.590,13.359,-59,5
1.5824,14.590,12.832,-59,5
1.5843,14.414,12.129,-59,5
1.5863,14.414,11.602,-59,5
1.5884,14.414,10.898,-59,5
1.5903,14.414,10.195,-59,5
1.5923,14.590,9.492,-59,5
1.5944,14.590,8.613,-59,5
1.5963,14.766,7.910,-59,5
1.5983,14.766,7.031,-59,5
1.6003,14.941,6.152,-59,5
1.6023,14.941,5.273,-59,5
1.6044,15.117,4.395,-59,5
1.6063,15.293,3.340,-59,5
1.6091,15.645,2.109,-59,5
1.6103,15.645,1.582,-59,5
1.6123,15.996,0.352,-59,5
1.6144,16.172,-0.703,-59,5
1.6163,16.523,-1.758,-59,5
1.6184,16.875,-2.812,-59,5
1.6241,17.754,-6.152,-59,5
1.6255,17.930,-7.031,-59,5
1.6259,18.105,-7.383,-59,5
1.6264,18.105,-7.559,-59,5
1.6288,18.633,-8.965,-59,5
1.6303,18.984,-10.020,-59,5
1.6323,19.336,-11.250,-59,5
1.6343,19.863,-12.656,-59,5
1.6363,20.215,-14.062,-59,5
1.6383,20.742,-15.293,-59,5
1.6404,21.270,-16.699,-59,5
1.6423,21.797,-18.105,-59,5
1.6443,22.324,-19.512,-59,5
1.6464,22.852,-20.918,-59,5
1.6483,23.203,-22.148,-59,5
1.6503,23.906,-23.730,-59,5
1.6523,24.258,-25.137,-59,5
1.6543,24.961,-26.543,-59,5
1.6563,25.488,-27.949,-59,5
1.6584,26.016,-29.355,-59,5
1.6603,26.543,-30.762,-59,5
1.6623,27.070,-32.168,-58,5
1.6644,27.598,-33.574,-58,5
1.6663,28.125,-34.805,-58,5
1.6684,28.477,-36.211,-58,5
1.6704,29.004,-37.617,-58,5
1.6723,29.531,-38.145,-58,5
1.6743,29.883,-38.145,-58,5
1.6764,30.410,-38.145,-58,5
1.6783,30.938,-38.145,-58,5
1.6803,31.289,-38.145,-58,5
1.6823,31.641,-38.145,-58,5
1.6843,31.992,-38.145,-58,5
1.6863,32.344,-38.145,-58,5
1.6884,32.871,-38.145,-58,5
1.6903,33.223,-38.145,-58,5
1.6923,33.574,-38.145,-58,5
1.6944,33.926,-38.145,-58,5
1.6963,34.102,-38.145,-58,5
1.6983,34.453,-38.145,-58,5
1.7004,34.805,-38.145,-58,5
1.7023,35.156,-38.145,-58,5
1.7043,35.332,-38.145,-58,5
1.7063,35.684,-38.145,-58,5
1.7093,36.035,-38.145,-58,5
1.7103,36.035,-38.145,-58,5
1.7124,36.387,-38.145,-58,5
1.7143,36.562,-38.145,-58,5
1.7164,36.738,-38.145,-58,5
1.7186,37.090,-38.145,-58,5
1.7204,37.266,-38.145,-58,5
1.7223,37.441,-38.145,-57,5
1.7243,37.617,-38.145,-57,5
1.7264,37.793,-38.145,-57,5
1.7283,37.969,-38.145,-57,5
1.7303,38.145,-38.145,-57,5
1.7323,38.320,-38.145,-57,5
1.7343,38.496,-38.145,-57,5
1.7363,38.672,-38.145,-57,5
1.7384,38.672,-38.145,-57,5
1.7403,38.848,-38.145,-57,5
1.7423,39.023,-38.145,-57,5
1.7443,39.199,-38.145,-57,5
1.7464,39.375,-38.145,-57,5
1.7483,39.375,-38.145,-57,5
1.7503,39.551,-38.145,-57,5
1.7523,39.551,-38.145,-39,5
1.7544,39.727,-38.145,-39,5
1.7564,39.727,-38.145,-39,5
1.7583,39.902,-38.145,-39,5
1.7604,40.078,-38.145,-38,5
1.7623,40.078,-38.145,-38,5
1.7643,40.078,-38.145,-38,5
1.7663,40.254,-38.145,-38,5
1.7683,40.254,-38.145,-37,5
1.7703,40.254,-38.145,-37,5
1.7723,40.254,-38.145,57,5
1.7743,40.430,-38.145,57,5
1.7763,40.430,-38.145,57,5
1.7783,40.430,-38.145,57,5
1.7803,40.430,-38.145,57,5
1.7824,40.430,-38.145,57,5
1.7843,40.430,-38.145,57,5
1.7863,40.430,-38.145,57,5
1.7883,40.254,-38.145,57,5
1.7903,40.254,-38.145,57,5
1.7923,40.254,-38.145,57,5
1.7943,40.078,-38.145,57,5
1.7963,40.078,-38.145,57,5
1.7983,39.902,-38.145,57,5
1.8003,39.902,-38.145,57,5
1.8023,39.727,-38.145,57,5
1.8043,39.551,-38.145,57,5
1.8063,39.375,-38.145,57,5
1.8092,39.199,-38.145,57,5
1.8103,39.023,-38.145,57,5
1.8123,38.848,-38.145,57,5
1.8143,38.672,-38.145,57,5
1.8163,38.320,-38.145,57,5
1.8184,38.145,-38.145,57,5
1.8203,37.969,-38.145,57,5
1.8223,37.617,-38.145,57,5
1.8243,37.266,-38.145,57,5
1.8264,37.090,-38.145,57,5
1.8283,36.738,-38.145,58,5
1.8303,36.387,-38.145,58,5
1.8323,36.035,-38.145,58,5
1.8343,35.684,-38.145,58,5
1.8364,35.156,-38.145,58,5
1.8383,34.805,-37.617,58,5
1.8404,34.453,-36.562,58,5
1.8556,30.234,-28.125,58,5
1.8576,29.531,-26.895,58,5
1.8598,28.828,-25.488,58,5
1.8616,28.125,-24.434,58,5
1.8636,27.422,-23.027,58,5
1.8657,26.719,-21.445,58,5
1.8676,25.840,-20.215,58,5
1.8696,24.961,-18.633,59,5
1.8717,24.082,-17.051,59,5
1.8736,23.203,-15.645,59,5
1.8756,22.324,-13.887,59,5
1.8776,21.270,-12.480,59,5
1.8796,20.391,-10.723,59,5
1.8816,19.336,-8.965,59,5
1.8836,18.281,-7.207,59,5
1.8856,17.227,-5.625,59,5
1.8876,16.172,-3.867,59,5
1.8896,14.941,-2.109,59,5
1.8916,13.887,-0.176,59,5
1.8936,12.832,1.582,59,5
1.8956,11.602,3.340,59,5
1.8976,10.547,5.098,59,5
1.8996,9.316,6.855,59,5
1.9016,8.262,8.789,59,5
1.9037,7.207,10.723,59,5
1.9056,6.152,12.305,59,5
1.9097,3.867,15.996,59,5
1.9102,3.516,16.348,59,5
1.9116,2.812,17.578,59,5
1.9137,1.758,19.336,59,5
1.9156,0.703,20.918,59,5
1.9176,-0.176,22.676,59,5
1.9196,-1.230,24.258,59,5
1.9216,-2.109,25.840,59,5
1.9236,-3.164,27.422,59,5
1.9257,-4.043,29.004,59,5
1.9276,-4.746,30.410,59,5
1.9296,-5.625,31.992,59,5
1.9317,-6.504,33.398,59,5
1.9336,-7.383,34.805,59,5
1.9356,-8.086,36.211,59,5
1.9377,-8.965,37.617,59,5
1.9396,-9.668,38.848,59,5
1.9417,-10.371,40.254,59,5
1.9436,-11.074,41.484,59,5
1.9456,-11.777,42.715,59,5
1.9477,-12.480,43.945,59,5
1.9496,-13.008,45.176,59,5
1.9516,-13.711,46.230,59,5
1.9536,-14.238,47.461,59,5
1.9556,-14.941,48.691,59,5
1.9576,-15.469,49.570,59,5
1.9596,-16.172,50.801,59,5
1.9616,-16.699,51.680,59,5
1.9636,-17.227,52.734,59,5
1.9657,-17.754,53.789,59,5
1.9676,-18.281,54.668,59,5
1.9696,-18.809,55.723,59,5
1.9716,-19.336,56.602,59,5
1.9736,-19.863,57.305,59,5
1.9757,-20.391,58.184,59,5
1.9776,-20.742,59.062,59,5
1.9796,-21.270,59.941,59,5
1.9816,-21.797,60.645,59,5
1.9836,-22.148,61.348,59,5
1.9857,-22.676,62.051,59,5
1.9876,-23.027,62.754,59,5
1.9896,-23.555,63.457,59,5
1.9916,-23.906,63.984,59,5
1.9936,-24.434,64.688,59,5
1.9957,-24.785,65.215,59,5
1.9976,-25.312,65.742,59,5
1.9996,-25.664,66.445,59,5
2.0017,-26.016,66.973,59,5
2.0036,-26.543,67.324,59,5
2.0056,-26.895,67.852,58,5
2.0091,-27.598,68.555,58,5
2.0096,-27.773,68.555,58,5
2.0117,-28.125,69.082,58,5
2.0136,-28.477,69.434,58,5
2.0156,-28.828,69.785,58,5
2.0176,-29.355,69.961,58,5
2.0196,-29.707,70.312,58,5
2.0216,-30.059,70.488,58,5
2.0237,-30.410,70.664,58,5
2.0256,-30.762,70.840,58,5
2.0276,-31.289,71.191,58,5
2.0296,-31.641,71.191,58,5
2.0316,-31.992,71.367,58,5
2.0336,-32.344,71.543,58,5
2.0356,-32.695,71.543,58,5
2.0376,-33.047,71.543,58,5
2.0397,-33.574,71.543,58,5
2.0416,-33.750,71.543,58,5
2.0436,-34.277,71.543,58,5
2.0456,-34.629,71.543,58,5
2.0476,-34.980,71.367,58,5
2.0496,-35.332,71.367,58,5
2.0516,-35.684,71.191,58,5
2.0536,-36.035,71.016,58,5
2.0556,-36.387,70.840,58,5
2.0576,-36.738,70.664,58,5
2.0596,-37.266,70.488,58,5
2.0616,-37.617,70.137,57,5
2.0636,-37.969,69.785,57,5
2.0656,-38.320,69.434,57,5
2.0676,-38.496,69.258,-57,5
2.0697,-39.023,68.730,-57,5
2.0716,-39.199,68.379,-57,5
2.0737,-39.551,68.027,-57,5
2.0756,-39.902,67.500,-57,5
2.0777,-40.254,66.973,-57,5
2.0797,-40.605,66.445,-57,5
2.0816,-40.781,65.918,-57,5
2.0836,-41.133,65.391,-57,5
2.0857,-41.309,64.688,-57,5
2.0876,-41.484,64.160,-57,5
2.0897,-41.836,63.457,-57,5
2.0916,-42.012,62.754,-57,5
2.0936,-42.188,62.051,-57,5
2.0956,-42.539,61.348,-57,5
2.0977,-42.715,60.469,-57,5
2.0996,-42.891,59.590,-57,5
2.1016,-42.891,58.887,-57,5
2.1036,-43.066,58.008,-57,5
2.1056,-43.242,57.129,-57,5
2.1092,-43.418,55.371,-57,5
2.1096,-43.418,55.020,-57,5
2.1116,-43.594,54.141,-57,5
2.1136,-43.594,53.086,-57,5
2.1157,-43.594,51.855,-57,5
2.1176,-43.594,50.801,-57,5
2.1196,-43.594,49.746,-57,5
2.1216,-43.594,48.516,-57,5
2.1236,-43.594,47.285,-57,5
2.1256,-43.594,46.055,-57,5
2.1276,-43.418,44.824,-57,5
2.1296,-43.418,43.418,-57,5
2.1316,-43.242,42.012,-57,5
2.1336,-43.066,40.605,-57,5
2.1361,-42.363,36.211,-57,5
2.1407,-42.188,35.332,-57,5
2.1413,-42.188,34.805,-57,5
2.1417,-42.012,34.453,-57,5
2.1436,-41.836,33.047,-57,5
2.1456,-41.484,31.289,-57,5
2.1476,-40.957,29.707,-57,5
2.1497,-40.605,27.773,-57,5
2.1516,-40.078,26.191,-57,5
2.1537,-39.551,24.258,-57,5
2.1556,-39.199,22.324,-57,5
2.1576,-38.496,20.391,-57,5
2.1596,-37.969,18.457,-57,5
2.1616,-37.266,16.523,-57,5
2.1636,-36.562,14.414,-57,5
2.1657,-35.859,12.305,-58,5
2.1676,-35.156,10.195,-58,5
2.1696,-34.277,8.086,-58,5
2.1717,-33.398,5.801,-58,5
2.1736,-32.695,3.691,-58,5
2.1757,-31.816,1.406,-58,5
2.1776,-30.938,-0.879,-58,5
2.1797,-30.059,-3.164,-58,5
2.1816,-29.355,-5.273,-58,5
2.1836,-28.477,-7.559,-58,5
2.1856,-27.598,-9.844,-58,5
2.1876,-26.719,-12.129,-58,5
2.1897,-26.016,-14.238,-58,5
2.1916,-25.137,-16.348,-59,5
2.1936,-24.434,-18.457,-59,5
2.1956,-23.730,-20.391,-59,5
2.1976,-23.027,-22.500,-59,5
2.1996,-22.324,-24.434,-59,5
2.2017,-21.797,-26.543,-59,5
2.2036,-21.094,-28.301,-59,5
2.2056,-20.566,-30.234,-59,5
2.2093,-19.688,-33.574,-59,5
2.2098,-19.512,-34.102,-59,5
2.2116,-18.984,-35.684,-59,5
2.2136,-18.633,-37.441,-59,5
2.2156,-18.281,-39.023,-59,5
2.2176,-17.754,-40.605,-59,5
2.2196,-17.402,-42.363,-59,5
2.2216,-17.051,-43.945,-59,5
2.2236,-16.699,-45.527,-59,5
2.2256,-16.348,-46.934,-59,5
2.2277,-16.172,-48.516,-59,5
2.2296,-15.820,-49.922,-59,5
2.2316,-15.469,-51.328,-59,5
2.2337,-15.293,-52.910,-59,5
2.2357,-15.117,-54.141,-59,5
2.2376,-14.766,-55.371,-59,5
2.2396,-14.590,-56.777,-59,5
2.2416,-14.414,-58.008,-59,5
2.2436,-14.238,-59.238,-59,5
2.2457,-14.062,-60.469,-59,5
2.2477,-13.887,-61.699,-59,5
2.2496,-13.711,-62.754,-59,5
2.2516,-13.535,-63.984,-59,5
2.2536,-13.359,-65.039,-59,5
2.2556,-13.359,-66.094,-59,5
2.2576,-13.184,-67.148,-59,5
2.2596,-13.008,-68.203,-59,5
2.2617,-13.008,-69.082,-59,5
2.2637,-12.832,-70.137,-59,5
2.2656,-12.656,-71.016,-59,5
2.2676,-12.656,-71.895,-59,5
2.2697,-12.480,-72.773,-59,5
2.2716,-12.480,-73.652,-59,5
2.2736,-12.305,-74.355,-59,5
2.2756,-12.305,-75.234,-59,5
2.2776,-12.129,-75.938,-59,5
2.2797,-12.129,-76.816,-59,5
2.2817,-11.953,-77.520,-59,5
2.2837,-11.953,-78.047,-59,5
2.2857,-11.777,-78.750,-59,5
2.2876,-11.777,-79.277,-59,5
2.2896,-11.777,-79.980,-59,5
2.2916,-11.602,-80.508,-59,5
2.2936,-11.602,-81.035,-59,5
2.2956,-11.426,-81.562,-59,5
2.2976,-11.426,-82.090,-59,5
2.2996,-11.250,-82.441,-59,5
2.3016,-11.250,-82.969,-59,5
2.3037,-11.250,-83.320,-59,5
2.3056,-11.074,-83.672,-59,5
2.3091,-10.898,-84.199,-59,5
2.3096,-10.898,-84.375,-59,5
2.3116,-10.898,-84.727,-59,5
2.3137,-10.723,-84.902,-59,5
2.3156,-10.723,-85.254,-59,5
2.3176,-10.547,-85.430,-59,5
2.3196,-10.547,-85.605,-59,5
2.3216,-10.371,-85.605,-59,5
2.3236,-10.371,-85.781,-59,5
2.3256,-10.195,-85.957,-59,5
2.3277,-10.195,-85.957,-59,5
2.3296,-10.020,-86.133,-59,5
2.3316,-9.844,-86.133,-59,5
2.3337,-9.844,-86.133,-59,5
2.3356,-9.668,-85.957,-59,5
2.3376,-9.668,-85.957,-59,5
2.3400,-9.492,-85.957,-59,5
2.3549,-8.438,-84.199,-59,5
2.3569,-8.262,-83.848,-59,5
2.3589,-8.262,-83.496,-59,5
2.3610,-8.086,-83.145,-59,5
2.3630,-7.910,-82.793,59,5
2.3649,-7.734,-82.441,59,5
2.3676,-7.734,-81.738,59,5
2.3690,-7.559,-81.211,59,5
2.3710,-7.559,-80.684,59,5
2.3729,-7.383,-80.332,59,5
2.3750,-7.207,-79.629,59,5
2.3770,-7.207,-79.102,59,5
2.3790,-7.031,-78.398,59,5
2.3810,-7.031,-77.695,59,5
2.3830,-7.031,-76.992,59,5
2.3849,-6.855,-76.289,59,5
2.3870,-6.855,-75.586,59,5
2.3889,-6.855,-74.707,59,5
2.3909,-6.855,-74.004,59,5
2.3930,-6.855,-73.125,59,5
2.3949,-6.855,-72.246,59,5
2.3970,-6.855,-71.367,59,5
2.3989,-6.855,-70.488,59,5
2.4010,-6.855,-69.434,59,5
2.4030,-6.855,-68.379,59,5
2.4050,-6.855,-67.324,59,5
2.4095,-7.031,-64.863,59,5
2.4100,-7.031,-64.688,59,5
2.4109,-7.207,-64.160,59,5
2.4129,-7.383,-62.930,59,5
2.4150,-7.559,-61.699,59,5
2.4317,-9.316,-50.449,0,2
2.4337,-9.668,-49.043,-54,2
2.4358,-9.844,-47.461,-54,2
2.4377,-10.195,-46.055,-54,2
2.4398,-10.547,-44.297,-79,2
2.4417,-11.074,-42.715,-79,2
2.4438,-11.426,-41.133,-79,2
2.4457,-11.777,-39.375,-79,2
2.4478,-12.305,-37.617,-79,2
2.4497,-12.656,-35.859,-79,2
2.4518,-13.184,-34.102,-79,2
2.4538,-13.711,-32.344,-79,2
2.4559,-14.238,-30.410,-79,2
2.4578,-14.766,-28.652,-79,2
2.4597,-15.293,-26.895,-79,2
2.4618,-15.820,-24.785,-79,2
2.4638,-16.348,-22.852,-79,2
2.4658,-17.051,-20.742,-79,2
2.4679,-17.578,-18.809,-79,2
2.4698,-18.281,-16.875,-79,2
2.4717,-18.984,-14.766,-79,2
2.4737,-19.512,-13.887,-79,2
2.4758,-20.215,-14.062,-79,2
2.4778,-20.918,-14.062,-182,2
2.4797,-21.445,-14.062,-187,2
2.4856,-23.027,-11.250,-188,2
2.4866,-23.203,-10.371,-197,2
2.4869,-23.203,-10.195,-197,2
2.4879,-23.555,-9.316,-190,2
2.4899,-23.906,-7.559,-186,2
2.4917,-24.258,-5.977,-182,2
2.4938,-24.434,-4.219,-179,2
2.4958,-24.609,-2.637,-171,2
2.4978,-24.961,-1.055,-164,2
2.4998,-24.961,0.527,-163,2
2.5018,-24.961,1.934,-152,2
2.5037,-24.961,3.164,-143,2
2.5057,-24.961,4.570,-134,2
2.5096,-24.785,6.855,-128,2
2.5099,-24.609,7.031,-116,2
2.5118,-24.609,8.086,-105,2
2.5138,-24.258,9.316,-101,2
2.5157,-24.082,10.195,-87,2
2.5178,-23.906,11.426,-80,2
2.5198,-23.555,12.305,-73,2
2.5217,-23.203,13.359,-63,2
2.5238,-22.852,14.238,-53,2
2.5258,-22.500,15.293,-45,2
2.5278,-22.148,16.172,-37,2
2.5297,-21.797,17.051,-30,2
2.5318,-21.445,17.930,-23,2
2.5338,-21.094,18.809,-18,2
2.5358,-20.742,19.512,-13,2
2.5377,-20.215,20.391,-8,2
2.5397,-19.863,21.270,0,2
2.5418,-19.512,21.973,2,2
2.5438,-18.984,22.676,5,2
2.5457,-18.633,23.379,13,2
2.5478,-18.105,24.082,15,2
2.5497,-17.754,24.785,22,2
2.5518,-17.227,25.488,23,2
2.5538,-16.875,26.191,30,2
2.5558,-16.348,26.895,30,2
2.5578,-15.820,27.422,36,2
2.5597,-15.469,27.949,42,2
2.5618,-14.941,28.652,41,2
2.5637,-14.414,29.180,46,2
2.5658,-14.062,29.707,51,2
2.5678,-13.535,30.234,50,2
2.5697,-13.008,30.762,55,2
2.5718,-12.656,31.289,59,2
2.5738,-12.129,31.816,58,2
2.5757,-11.602,32.168,62,2
2.5778,-11.250,32.695,66,2
2.5798,-10.723,33.223,64,2
2.5817,-10.195,33.574,68,2
2.5838,-9.844,34.102,71,2
2.5858,-9.316,34.453,54,2
2.5878,-8.965,34.805,54,2
2.5897,-8.438,35.156,54,2
2.5918,-7.910,35.508,54,2
2.5937,-7.559,35.859,54,2
2.5958,-7.031,36.211,54,2
2.5978,-6.504,36.387,54,2
2.5997,-6.152,36.738,54,2
2.6018,-5.625,36.914,54,2
2.6038,-5.273,37.266,54,2
2.6057,-4.746,37.441,54,2
2.6091,-4.043,37.793,34,2
2.6098,-3.867,37.793,34,2
2.6117,-3.516,37.969,34,2
2.6138,-2.988,38.145,34,2
2.6158,-2.461,38.320,34,2
2.6177,-2.109,38.320,34,2
2.6198,-1.582,38.496,34,2
2.6218,-1.055,38.496,34,2
2.6237,-0.527,38.496,34,2
2.6258,0.000,38.496,0,2
2.6281,0.527,38.496,0,2
2.6298,0.879,38.496,0,2
2.6317,1.406,38.496,34,2
2.6338,1.934,38.496,34,2
2.6357,2.285,38.320,34,2
2.6378,2.812,38.320,34,2
2.6398,3.340,38.145,34,2
2.6418,3.867,37.969,34,2
2.6438,4.395,37.793,34,2
2.6457,4.922,37.617,34,2
2.6478,5.449,37.441,34,2
2.6498,5.977,37.266,54,2
2.6518,6.504,36.914,54,2
2.6538,7.031,36.738,54,2
2.6557,7.559,36.387,54,2
2.6578,8.086,36.211,54,2
2.6598,8.613,35.859,54,2
2.6617,9.141,35.508,54,2
2.6638,9.668,35.156,54,2
2.6658,10.195,34.805,54,2
2.6677,10.547,34.277,79,2
2.6697,11.250,33.926,79,2
2.6718,11.602,33.574,79,2
2.6738,12.129,33.047,79,2
2.6758,12.656,32.695,79,2
2.6778,13.184,32.168,79,2
2.6798,13.711,31.816,79,2
2.6818,14.238,31.289,79,2
2.6838,14.766,30.762,79,2
2.6981,18.281,26.719,79,2
2.7002,18.809,26.191,79,2
2.7022,19.160,25.488,79,2
2.7041,19.688,24.961,79,2
2.7062,20.215,24.258,79,2
2.7095,20.742,23.379,197,2
2.7102,20.742,23.027,197,2
2.7122,21.094,22.500,197,2
2.7142,21.445,21.973,191,2
2.7162,21.797,21.270,186,2
2.7182,22.148,20.742,181,2
2.7202,22.324,20.215,177,2
2.7222,22.500,19.512,169,2
2.7242,22.852,19.160,162,2
2.7262,23.027,18.457,160,2
2.7281,23.203,17.930,154,2
2.7302,23.379,17.578,149,2
2.7322,23.379,17.051,145,2
2.7342,23.555,16.523,136,2
2.7362,23.730,15.996,133,2
2.7382,23.730,15.645,130,2
2.7401,23.730,15.117,123,2
2.7422,23.730,14.590,117,2
2.7442,23.730,14.238,111,2
2.7461,23.730,13.887,106,2
2.7482,23.730,13.359,101,2
2.7503,23.730,13.008,97,2
2.7522,23.730,12.480,94,2
2.7541,23.555,12.129,91,2
2.7562,23.555,11.602,83,2
2.7582,23.379,11.250,81,2
2.7601,23.379,10.898,74,2
2.7622,23.203,10.371,74,2
2.7642,23.203,10.020,69,2
2.7662,23.027,9.492,69,2
2.7682,22.852,9.141,63,2
2.7702,22.676,8.789,59,2
2.7722,22.500,8.262,54,2
2.7742,22.500,7.910,51,2
2.7762,22.324,7.383,53,2
2.7782,22.148,6.855,49,2
2.7802,21.973,6.504,46,2
2.7822,21.797,5.977,43,2
2.7841,21.797,5.449,40,2
2.7862,21.445,5.098,43,2
2.7882,21.445,4.570,35,2
2.7902,21.270,4.043,38,2
2.7922,21.094,3.516,36,2
2.7942,20.918,2.988,34,2
2.7963,20.742,2.461,32,2
2.7982,20.742,1.934,30,2
2.8002,20.566,1.406,34,2
2.8022,20.391,0.879,32,2
2.8042,20.391,0.352,30,2
2.8062,20.215,-0.352,33,2
2.8091,19.863,-1.055,31,2
2.8102,19.863,-1.406,24,2
2.8122,19.688,-1.934,28,2
2.8141,19.688,-2.461,26,2
2.8162,19.512,-3.164,30,2
2.8182,19.336,-3.691,28,2
2.8202,19.160,-4.395,26,2
2.8221,19.160,-4.922,25,2
2.8242,18.984,-5.449,28,2
2.8262,18.984,-5.977,27,2
2.8282,18.809,-6.680,30,2
2.8302,18.633,-7.207,28,2
2.8322,18.457,-7.910,26,2
2.8342,18.281,-8.438,24,2
2.8362,18.281,-8.965,22,2
2.8381,18.105,-9.492,26,2
2.8402,17.930,-10.195,24,2
2.8422,17.754,-10.723,22,2
2.8443,17.754,-11.426,21,2
2.8462,17.578,-11.777,24,2
2.8482,17.402,-12.480,22,2
2.8502,17.227,-13.008,20,2
2.8522,17.051,-13.711,19,2
2.8541,16.875,-14.238,17,2
2.8562,16.875,-14.590,16,2
2.8582,16.523,-15.293,20,2
2.8602,16.523,-15.820,13,2
2.8621,16.348,-16.348,17,2
2.8642,16.172,-16.699,16,2
2.8662,15.996,-17.402,14,2
2.8682,15.820,-17.930,13,2
2.8702,15.645,-18.281,12,2
2.8722,15.469,-18.809,10,2
2.8742,15.117,-19.336,9,2
2.8762,14.941,-19.863,3,2
2.8782,14.766,-20.215,3,2
2.8801,14.590,-20.742,2,2
2.8822,14.414,-21.094,2,2
2.8842,14.062,-21.621,1,2
2.8861,13.887,-21.973,-1,2
2.8882,13.711,-22.324,-1,2
2.8902,13.535,-22.852,-1,2
2.8922,13.184,-23.203,-1,2
2.8942,13.008,-23.555,-6,2
2.8962,12.656,-23.906,-6,2
2.8982,12.480,-24.258,-11,2
2.9002,12.305,-24.434,-10,2
2.9021,11.953,-24.785,-10,2
2.9042,11.777,-25.137,-14,2
2.9062,11.426,-25.488,-13,2
2.9093,11.074,-25.840,-18,2
2.9101,10.898,-26.016,-22,2
2.9122,10.547,-26.367,-21,2
2.9142,10.371,-26.543,-25,2
2.9162,10.020,-26.895,-23,2
2.9182,9.844,-27.070,-27,2
2.9202,9.492,-27.246,-25,2
2.9222,9.141,-27.422,-29,2
2.9242,8.789,-27.598,-32,2
2.9262,8.438,-27.773,-36,2
2.9282,8.086,-27.949,-38,2
2.9302,7.910,-28.125,-41,2
2.9322,7.559,-28.301,-38,2
2.9342,7.207,-28.477,-41,2
2.9362,7.031,-28.477,-44,2
2.9382,6.504,-28.652,-41,2
2.9402,6.328,-28.652,-49,2
2.9422,5.977,-28.828,-46,2
2.9442,5.625,-29.004,-49,2
2.9462,5.273,-29.004,-51,2
2.9482,4.922,-29.004,-53,2
2.9502,4.570,-29.180,-34,2
2.9522,4.395,-29.180,-34,2
2.9542,4.043,-29.180,-34,2
2.9562,3.691,-29.180,-34,2
2.9582,3.340,-29.180,-34,2
2.9602,2.988,-29.180,-34,2
2.9622,2.637,-29.180,-34,2
2.9642,2.285,-29.180,-34,2
2.9662,1.934,-29.180,-34,2
2.9685,1.582,-29.180,-34,2
2.9702,1.230,-29.004,-34,2
2.9722,0.879,-29.004,-34,2
2.9742,0.527,-29.004,-34,2
2.9762,0.176,-28.828,0,2
2.9782,-0.176,-28.652,0,2
2.9802,-0.703,-28.477,0,2
2.9822,-1.055,-28.477,0,2
2.9842,-1.406,-28.301,-34,2
2.9861,-1.758,-28.125,-34,2
2.9882,-2.109,-27.949,-34,2
2.9902,-2.637,-27.773,-34,2
2.9922,-2.988,-27.598,-34,2
2.9942,-3.340,-27.422,-34,2
2.9962,-3.691,-27.070,-34,2
2.9982,-4.219,-26.895,-34,2
3.0002,-4.570,-26.719,-34,2
3.0022,-4.922,-26.367,-34,2
3.0042,-5.449,-26.191,-34,2
3.0062,-5.801,-25.840,-54,2
3.0091,-6.328,-25.488,-54,2
3.0102,-6.680,-25.312,-54,2
3.0122,-7.031,-25.137,-54,2
3.0141,-7.383,-24.785,-54,2
3.0162,-7.734,-24.434,-54,2
3.0182,-8.262,-24.258,-54,2
3.0201,-8.613,-23.906,-54,2
3.0222,-8.965,-23.730,-54,2
3.0242,-9.316,-23.379,-54,2
3.0262,-9.844,-23.027,-54,2
3.0281,-10.195,-22.852,-54,2
3.0303,-10.547,-22.500,-79,2
3.0348,-11.250,-21.797,-79,2
3.0355,-11.426,-21.621,-79,2
3.0362,-11.602,-21.621,-79,2
3.0382,-11.777,-21.270,-79,2
3.0402,-12.129,-21.094,-79,2
3.0422,-12.480,-20.742,-79,2
3.0442,-12.656,-20.566,-79,2
3.0461,-13.008,-20.391,-79,2
3.0483,-13.184,-20.039,-79,2
3.0502,-13.535,-19.863,-79,2
3.0522,-13.711,-19.688,-79,2
3.0542,-13.887,-19.512,-79,2
3.0562,-14.062,-19.336,-79,2
3.0581,-14.238,-19.160,-79,2
3.0602,-14.414,-18.984,-79,2
3.0622,-14.590,-18.809,-79,2
3.0642,-14.766,-18.633,-79,2
3.0661,-14.766,-18.633,-79,2
3.0682,-14.941,-18.457,-79,2
3.0702,-14.941,-18.457,-79,2
3.0722,-15.117,-18.281,-79,2
3.0741,-15.117,-18.281,-79,2
3.0762,-15.117,-18.105,-79,2
3.0782,-15.117,-18.105,-75,2
3.0802,-15.117,-18.105,-71,2
3.0821,-15.117,-18.105,-68,2
3.0842,-15.117,-18.105,-65,2
3.0862,-15.117,-17.930,-62,2
3.0881,-15.117,-17.930,-60,2
3.0902,-14.941,-17.930,-58,2
3.0922,-14.941,-17.930,-51,2
3.0941,-14.941,-17.930,-50,2
3.0962,-14.766,-17.930,-50,2
3.0982,-14.766,-17.930,-44,2
3.1002,-14.766,-17.930,-43,2
3.1022,-14.590,-17.930,-43,2
3.1042,-14.590,-17.930,-38,2
3.1062,-14.414,-17.930,-39,2
3.1094,-14.414,-17.930,-34,2
3.1102,-14.414,-17.930,-35,2
3.1121,-14.238,-17.930,-36,2
3.1142,-14.062,-17.930,-31,2
3.1162,-14.062,-17.754,-27,2
3.1181,-14.062,-17.754,-29,2
3.1202,-13.887,-17.754,-30,2
3.1222,-13.887,-17.754,-26,2
3.1241,-13.887,-17.578,-28,2
3.1262,-13.711,-17.578,-30,2
3.1282,-13.711,-17.402,-26,2
3.1301,-13.535,-17.402,-27,2
3.1322,-13.535,-17.227,-24,2
3.1342,-13.535,-17.227,-26,2
3.1361,-13.359,-17.227,-27,2
3.1382,-13.359,-17.051,-23,2
3.1402,-13.359,-17.051,-25,2
3.1422,-13.184,-16.875,-27,2
3.1442,-13.184,-16.699,-23,2
3.1462,-13.184,-16.523,-25,2
3.1482,-13.008,-16.523,-27,2
3.1502,-13.008,-16.348,-23,2
3.1522,-13.008,-16.348,-25,2
3.1542,-12.832,-15.996,-26,2
3.1562,-12.832,-15.996,-22,2
3.1582,-12.832,-15.820,-24,2
3.1602,-12.656,-15.645,-26,2
3.1622,-12.656,-15.645,-22,2
3.1641,-12.656,-15.293,-24,2
3.1662,-12.656,-15.293,-25,2
3.1682,-12.656,-15.117,-27,2
3.1702,-12.480,-14.941,-28,2
3.1722,-12.480,-14.766,-24,2
3.1742,-12.480,-14.590,-25,2
3.1761,-12.480,-14.414,-27,2
3.1782,-12.480,-14.238,-28,2
3.1802,-12.305,-14.062,-29,2
3.1822,-12.305,-13.887,-25,2
3.1842,-12.305,-13.711,-26,2
3.1862,-12.305,-13.535,-27,2
3.1882,-12.129,-13.184,-28,2
3.1902,-12.129,-13.008,-24,2
3.1922,-12.129,-12.832,-25,2
3.1941,-11.953,-12.656,-27,2
3.1962,-11.953,-12.480,-22,2
3.1982,-11.953,-12.305,-24,2
3.2003,-11.953,-12.129,-25,2
3.2022,-11.953,-11.777,-27,2
3.2041,-11.953,-11.602,-28,2
3.2062,-11.777,-11.426,-29,2
3.2091,-11.777,-11.074,-24,2
3.2101,-11.777,-11.074,-25,2
3.2121,-11.777,-10.898,-26,2
3.2142,-11.602,-10.723,-27,2
3.2162,-11.602,-10.371,-23,2
3.2182,-11.602,-10.195,-24,2
3.2202,-11.602,-10.020,-26,2
3.2222,-11.426,-9.844,-27,2
3.2242,-11.426,-9.668,-22,2
3.2263,-11.250,-9.492,-24,2
3.2282,-11.250,-9.316,-20,2
3.2302,-11.250,-8.965,-21,2
3.2321,-11.250,-8.789,-23,2
3.2342,-11.074,-8.789,-24,2
3.2361,-11.074,-8.613,-20,2
3.2382,-11.074,-8.262,-21,2
3.2401,-10.898,-8.086,-23,2
3.2422,-10.898,-7.910,-19,2
3.2442,-10.898,-7.734,-20,2
3.2463,-10.723,-7.559,-22,2
3.2481,-10.723,-7.383,-18,2
3.2501,-10.547,-7.207,-19,2
3.2522,-10.547,-7.031,-16,2
3.2542,-10.547,-6.855,-18,2
3.2561,-10.371,-6.680,-19,2
3.2582,-10.371,-6.504,-15,2
3.2602,-10.371,-6.504,-17,2
3.2622,-10.195,-6.152,-19,2
3.2642,-10.195,-6.152,-15,2
3.2662,-10.020,-5.977,-17,2
3.2682,-9.844,-5.801,-13,2
3.2702,-9.844,-5.625,-10,2
3.2722,-9.844,-5.449,-12,2
3.2741,-9.668,-5.449,-14,2
3.2762,-9.668,-5.273,-11,2
3.2781,-9.492,-5.098,-13,2
3.2802,-9.492,-5.098,-10,2
3.2823,-9.316,-4.746,-12,2
3.2843,-9.141,-4.746,-9,2
3.2862,-9.141,-4.570,-6,2
3.2882,-8.965,-4.570,-8,2
3.2902,-8.965,-4.395,-5,2
3.2921,-8.789,-4.395,-8,2
3.2942,-8.613,-4.219,-5,2
3.2962,-8.613,-4.043,-2,2
3.2982,-8.438,-4.043,-5,2
3.3001,-8.438,-4.043,-2,2
3.3021,-8.262,-3.867,-5,2
3.3042,-8.086,-3.867,-2,2
3.3062,-8.086,-3.867,0,2
3.3091,-7.734,-3.691,-2,2
3.3102,-7.734,-3.691,2,2
3.3122,-7.559,-3.691,0,2
3.3142,-7.559,-3.691,3,2
3.3162,-7.383,-3.516,0,2
3.3182,-7.207,-3.516,2,2
3.3202,-7.031,-3.340,4,2
3.3222,-7.031,-3.340,6,2
3.3242,-6.855,-3.340,3,2
3.3267,-5.625,-3.340,5,2
3.3411,-5.625,-3.340,39,2
3.3432,-5.449,-3.340,32,2
3.3452,-5.273,-3.340,31,2
3.3472,-5.098,-3.516,30,2
3.3491,-4.922,-3.516,30,2
3.3511,-4.746,-3.516,30,2
3.3532,-4.570,-3.691,29,2
3.3552,-4.395,-3.691,29,2
3.3571,-4.219,-3.691,29,2
3.3592,-4.219,-3.691,29,2
3.3611,-4.043,-3.691,24,2
3.3632,-3.867,-3.867,25,2
3.3652,-3.691,-3.867,25,2
3.3671,-3.516,-3.867,26,2
3.3692,-3.340,-3.867,27,2
3.3712,-3.340,-4.043,27,2
3.3731,-3.164,-4.043,23,2
3.3752,-2.988,-4.043,24,2
3.3771,-2.812,-4.043,25,2
3.3792,-2.637,-4.219,26,2
3.3812,-2.461,-4.219,27,2
3.3831,-2.285,-4.395,28,2
3.3852,-2.109,-4.395,29,2
3.3872,-2.109,-4.570,30,2
3.3891,-1.934,-4.570,25,2
3.3912,-1.758,-4.570,26,2
3.3932,-1.582,-4.746,28,2
3.3951,-1.406,-4.746,29,2
3.3972,-1.230,-4.746,30,2
3.3992,-1.230,-4.922,31,2
3.4011,-1.055,-5.098,27,2
3.4032,-0.879,-5.098,28,2
3.4052,-0.703,-5.098,29,2
3.4095,-0.352,-5.273,0,2
3.4099,-0.352,-5.273,0,2
3.4111,-0.352,-5.449,0,2
3.4131,-0.176,-5.449,0,2
3.4151,0.000,-5.625,0,2
3.4172,0.176,-5.625,0,2
3.4191,0.176,-5.801,0,2
3.4211,0.352,-5.801,0,2
3.4231,0.527,-5.977,0,2
3.4252,0.703,-6.152,0,2
3.4271,0.879,-6.152,0,2
3.4292,1.055,-6.328,34,2
3.4311,1.055,-6.328,34,2
3.4332,1.230,-6.504,32,2
3.4352,1.406,-6.680,33,2
3.4371,1.582,-6.680,34,2
3.4392,1.758,-6.855,34,2
3.4412,1.758,-6.855,34,2
3.4431,1.934,-6.855,34,2
3.4452,2.109,-7.031,34,2
3.4472,2.109,-7.207,34,2
3.4491,2.285,-7.207,33,2
3.4512,2.461,-7.383,34,2
3.4532,2.461,-7.383,34,2
3.4551,2.637,-7.383,33,2
3.4572,2.812,-7.559,34,2
3.4592,2.812,-7.559,34,2
3.4611,2.988,-7.734,33,2
3.4632,2.988,-7.734,34,2
3.4651,3.164,-7.910,32,2
3.4672,3.164,-7.910,34,2
3.4692,3.340,-7.910,31,2
3.4712,3.340,-7.910,34,2
3.4732,3.516,-8.086,31,2
3.4751,3.516,-8.086,33,2
3.4772,3.516,-8.086,30,2
3.4791,3.691,-8.086,28,2
3.4812,3.691,-8.262,31,2
3.4832,3.691,-8.262,28,2
3.4852,3.867,-8.262,26,2
3.4872,3.867,-8.262,29,2
3.4892,3.867,-8.262,27,2
3.4912,4.043,-8.262,25,2
3.4931,4.043,-8.438,29,2
3.4952,4.043,-8.438,26,2
3.4971,4.219,-8.438,25,2
3.4992,4.219,-8.438,28,2
3.5012,4.219,-8.438,26,2
3.5031,4.219,-8.438,24,2
3.5052,4.219,-8.613,23,2
3.5093,4.395,-8.613,21,2
3.5096,4.395,-8.613,25,2
3.5111,4.395,-8.613,24,2
3.5131,4.395,-8.613,22,2
3.5152,4.395,-8.613,21,2
3.5171,4.395,-8.613,20,2
3.5192,4.395,-8.613,19,2
3.5211,4.395,-8.613,29,2
3.5232,4.395,-8.613,29,2
3.5252,4.395,-8.613,29,2
3.5272,4.395,-8.613,29,2
3.5292,4.395,-8.613,29,2
3.5311,4.570,-8.438,29,2
3.5331,4.570,-8.438,20,2
3.5352,4.570,-8.438,19,2
3.5372,4.570,-8.438,29,2
3.5416,4.570,-8.438,29,2
3.5425,4.570,-8.262,29,2
3.5431,4.570,-8.262,29,2
3.5452,4.570,-8.262,29,2
3.5472,4.570,-8.262,29,2
3.5492,4.395,-8.262,29,2
3.5511,4.395,-8.262,29,2
3.5532,4.395,-8.262,29,2
3.5551,4.395,-8.086,29,2
3.5572,4.395,-8.086,29,2
3.5591,4.395,-8.086,29,2
3.5612,4.395,-8.086,29,2
3.5632,4.395,-8.086,29,2
3.5652,4.219,-7.910,29,2
3.5672,4.219,-7.910,29,2
3.5692,4.219,-7.910,29,2
3.5711,4.219,-7.910,29,2
3.5732,4.219,-7.910,29,2
3.5752,4.219,-7.734,29,2
3.5772,4.219,-7.734,29,2
3.5792,4.043,-7.559,29,2
3.5812,4.043,-7.559,4,2
3.5832,4.043,-7.559,29,2
3.5852,3.867,-7.559,29,2
3.5871,3.867,-7.383,1,2
3.5892,3.867,-7.383,2,2
3.5911,3.867,-7.383,3,2
3.5932,3.691,-7.383,29,2
3.5952,3.691,-7.207,0,2
3.5971,3.691,-7.207,1,2
3.5992,3.691,-7.207,2,2
3.6011,3.691,-7.207,3,2
3.6032,3.516,-7.207,29,2
3.6052,3.516,-7.031,0,2
3.6100,3.516,-7.031,0,2
3.6107,3.516,-7.031,1,2
3.6111,3.516,-7.031,2,2
3.6132,3.516,-6.855,29,2
3.6152,3.340,-6.855,29,2
3.6172,3.340,-6.855,0,2
3.6192,3.340,-6.855,0,2
3.6211,3.340,-6.855,1,2
3.6232,3.164,-6.855,29,2
3.6252,3.164,-6.855,0,2
3.6271,3.164,-6.855,0,2
3.6291,3.164,-6.855,0,2
3.6312,3.164,-6.680,1,2
3.6331,3.164,-6.680,29,2
3.6352,2.988,-6.680,29,2
3.6371,2.988,-6.680,0,2
3.6391,2.988,-6.680,0,2
3.6412,2.988,-6.680,0,2
3.6431,2.988,-6.680,29,2
3.6452,2.988,-6.680,29,2
3.6471,2.988,-6.680,29,2
3.6492,2.812,-6.680,29,2
3.6512,2.812,-6.680,0,2
3.6531,2.812,-6.680,0,2
3.6552,2.812,-6.680,29,2
3.6571,2.812,-6.680,29,2
3.6592,2.812,-6.680,29,2
3.6612,2.812,-6.680,29,2
3.6632,2.812,-6.680,29,2
3.6782,2.461,-6.855,29,2
3.6802,2.461,-6.855,-3,2
3.6825,2.461,-6.855,-2,2
3.6842,2.461,-6.855,0,2
3.6862,2.285,-6.855,0,2
3.6883,2.285,-6.855,-4,2
3.6902,2.285,-6.855,-2,2
3.6923,2.285,-6.855,-1,2
3.6943,2.285,-6.855,0,2
3.6962,2.285,-7.031,0,2
3.6982,2.285,-7.031,29,2
3.7003,2.109,-7.031,29,2
3.7023,2.109,-7.207,-2,2
3.7043,2.109,-7.207,0,2
3.7062,2.109,-7.207,0,2
3.7104,2.109,-7.207,29,2
3.7111,2.109,-7.207,29,2
3.7123,2.109,-7.383,29,2
3.7143,2.109,-7.383,29,2
3.7162,2.109,-7.383,29,2
3.7183,1.934,-7.383,29,2
3.7203,1.934,-7.383,0,2
3.7223,1.934,-7.559,0,2
3.7243,1.934,-7.559,0,2
3.7263,1.934,-7.559,0,2
3.7282,1.934,-7.559,0,2
3.7302,1.934,-7.559,1,2
3.7323,1.758,-7.734,1,2
3.7342,1.758,-7.734,-1,2
3.7363,1.758,-7.910,0,2
3.7383,1.758,-7.910,0,2
3.7402,1.758,-7.910,0,2
3.7422,1.758,-8.086,0,2
3.7443,1.758,-8.086,0,2
3.7462,1.758,-8.086,1,2
3.7483,1.758,-8.086,1,2
3.7503,1.758,-8.262,1,2
3.7523,1.758,-8.262,2,2
3.7543,1.758,-8.438,2,2
3.7562,1.758,-8.438,2,2
3.7583,1.758,-8.613,3,2
3.7602,1.758,-8.613,3,2
3.7622,1.758,-8.613,3,2
3.7643,1.758,-8.789,3,2
3.7662,1.758,-8.789,3,2
3.7683,1.758,-8.789,3,2
3.7702,1.758,-8.965,3,2
3.7723,1.758,-8.965,4,2
3.7742,1.582,-9.141,4,2
3.7762,1.582,-9.141,0,2
3.7782,1.582,-9.316,0,2
3.7846,1.582,-9.492,0,2
3.7856,1.582,-9.492,0,2
3.7858,1.582,-9.492,1,2
3.7863,1.582,-9.492,1,2
3.7883,1.582,-9.668,1,2
3.7902,1.582,-9.668,2,2
3.7922,1.582,-9.668,2,2
3.7943,1.582,-9.844,2,2
3.7962,1.582,-10.020,2,2
3.7983,1.582,-10.020,2,2
3.8002,1.582,-10.020,3,2
3.8023,1.582,-10.195,3,2
3.8042,1.582,-10.195,3,2
3.8063,1.582,-10.195,3,2
3.8093,1.582,-10.371,3,2
3.8103,1.582,-10.371,3,2
3.8123,1.582,-10.547,3,2
3.8143,1.582,-10.547,3,2
3.8162,1.582,-10.723,3,2
3.8183,1.582,-10.723,3,2
3.8202,1.582,-10.723,3,2
3.8222,1.582,-10.898,3,2
3.8242,1.582,-10.898,4,2
3.8262,1.582,-10.898,4,2
3.8282,1.582,-10.898,4,2
3.8302,1.582,-11.074,4,2
3.8323,1.582,-11.074,4,2
3.8343,1.582,-11.074,4,2
3.8362,1.582,-11.250,4,2
3.8383,1.582,-11.250,4,2
3.8402,1.582,-11.426,4,2
3.8423,1.582,-11.426,4,2
3.8442,1.582,-11.426,4,2
3.8462,1.582,-11.426,4,2
3.8482,1.582,-11.602,4,2
3.8502,1.582,-11.602,4,2
3.8522,1.582,-11.602,4,2
3.8543,1.582,-11.602,4,2
3.8562,1.582,-11.602,4,2
3.8582,1.582,-11.602,4,2
3.8602,1.582,-11.777,4,2
3.8623,1.406,-11.777,4,2
3.8642,1.406,-11.777,0,2
3.8663,1.406,-11.777,0,2
3.8683,1.406,-11.777,0,2
3.8702,1.406,-11.777,0,2
3.8723,1.406,-11.777,0,2
3.8750,1.406,-11.953,1,2
3.8763,1.406,-11.953,1,2
3.8783,1.406,-11.953,1,2
3.8802,1.406,-11.953,2,2
3.8822,1.406,-11.953,2,2
3.8843,1.406,-11.953,2,2
3.8862,1.230,-11.953,2,2
3.8882,1.230,-11.953,0,2
3.8903,1.230,-11.953,0,2
3.8922,1.230,-11.953,0,2
3.8942,1.230,-11.953,0,2
3.8963,1.055,-11.953,0,2
3.8982,1.055,-11.953,-3,2
3.9003,1.055,-11.953,-2,2
3.9022,1.055,-11.953,-1,2
3.9042,1.055,-11.953,0,2
3.9062,1.055,-11.953,0,2
3.9094,0.879,-11.777,0,2
3.9102,0.879,-11.777,-4,2
3.9122,0.879,-11.777,-3,2
3.9143,0.879,-11.777,-2,2
3.9162,0.879,-11.777,-1,2
3.9182,0.879,-11.777,0,2
3.9202,0.703,-11.777,0,2
3.9222,0.703,-11.777,0,2
3.9243,0.703,-11.602,0,2
3.9263,0.703,-11.602,0,2
3.9282,0.703,-11.602,0,2
3.9302,0.703,-11.602,0,2
3.9322,0.703,-11.602,0,2
3.9343,0.527,-11.426,0,2
3.9362,0.527,-11.426,0,2
3.9382,0.527,-11.426,0,2
3.9402,0.352,-11.426,0,2
3.9423,0.352,-11.426,0,2
3.9442,0.352,-11.250,0,2
3.9462,0.352,-11.250,0,2
3.9482,0.352,-11.074,0,2
3.9503,0.176,-11.074,0,2
3.9522,0.176,-11.074,0,2
3.9542,0.176,-10.898,0,2
3.9562,0.176,-10.898,0,2
3.9583,0.000,-10.898,0,2
3.9602,0.000,-10.898,0,2
3.9622,0.000,-10.723,0,2
3.9642,0.000,-10.723,0,2
3.9662,0.000,-10.723,0,2
3.9683,0.000,-10.547,0,2
3.9703,-0.176,-10.547,0,2
3.9722,-0.176,-10.371,0,2
3.9742,-0.176,-10.371,0,2
3.9763,-0.352,-10.371,0,2
3.9783,-0.352,-10.195,0,2
3.9802,-0.352,-10.195,0,2
3.9822,-0.352,-10.195,0,2
3.9842,-0.352,-10.020,0,2
3.9863,-0.527,-10.020,0,2
3.9882,-0.527,-10.020,0,2
3.9902,-0.527,-9.844,0,2
3.9922,-0.527,-9.844,0,2
3.9943,-0.527,-9.668,0,2
3.9963,-0.703,-9.668,0,2
3.9983,-0.703,-9.668,0,2
4.0002,-0.703,-9.492,0,2
4.0022,-0.703,-9.492,0,2
4.0210,-1.055,-8.965,0,2
4.0230,-1.055,-8.965,-17,2
4.0251,-1.055,-8.789,-15,2
4.0270,-1.055,-8.789,-13,2
4.0290,-1.055,-8.789,-12,2
4.0311,-1.055,-8.789,-11,2
4.0330,-1.230,-8.789,-9,2
4.0351,-1.230,-8.613,-14,2
4.0370,-1.230,-8.613,-12,2
4.0390,-1.230,-8.613,-11,2
4.0410,-1.230,-8.613,-10,2
4.0431,-1.230,-8.438,-9,2
4.0450,-1.230,-8.438,-8,2
4.0470,-1.230,-8.438,-7,2
4.0491,-1.230,-8.262,-7,2
4.0510,-1.230,-8.262,-6,2
4.0530,-1.230,-8.262,-5,2
4.0551,-1.230,-8.262,-5,2
4.0570,-1.230,-8.262,-5,2
4.0591,-1.230,-8.262,-4,2
4.0611,-1.230,-8.262,-4,2
4.0630,-1.230,-8.086,-4,2
4.0651,-1.230,-8.086,-3,2
4.0670,-1.230,-8.086,-3,2
4.0690,-1.230,-8.086,-3,2
4.0711,-1.230,-8.086,-3,2
4.0730,-1.230,-8.086,-3,2
4.0751,-1.230,-8.086,-3,2
4.0770,-1.230,-8.086,-2,2
4.0791,-1.230,-8.086,-2,2
4.0810,-1.230,-8.086,-2,2
4.0831,-1.230,-8.086,-2,2
4.0850,-1.230,-8.086,-2,2
4.0870,-1.230,-8.086,-2,2
4.0891,-1.230,-8.086,-2,2
4.0911,-1.230,-8.086,-2,2
4.0930,-1.230,-8.086,-2,2
4.0950,-1.230,-8.086,-2,2
4.0971,-1.230,-8.086,-2,2
4.0990,-1.230,-8.086,-2,2
4.1011,-1.230,-8.086,-2,2
4.1031,-1.230,-8.086,-2,2
4.1050,-1.230,-8.086,-2,2
4.1071,-1.230,-8.086,-2,2
4.1090,-1.230,-8.086,-2,2
4.1110,-1.230,-8.086,-2,2
4.1130,-1.230,-8.086,-2,2
4.1150,-1.230,-8.086,-2,2
4.1194,-1.055,-8.086,-2,2
4.1197,-1.055,-8.086,1,2
4.1210,-1.055,-8.086,0,2
4.1230,-1.055,-8.086,0,2
4.1251,-1.055,-8.086,0,2
4.1270,-1.055,-8.086,0,2
4.1290,-1.055,-8.086,0,2
4.1311,-1.055,-8.086,0,2
4.1331,-1.055,-8.086,0,2
4.1351,-1.055,-8.086,0,2
4.1370,-1.055,-8.086,0,2
4.1390,-1.055,-8.086,0,2
4.1410,-0.879,-8.262,0,2
4.1431,-0.879,-8.262,2,2
4.1450,-0.879,-8.262,1,2
4.1471,-0.879,-8.262,1,2
4.1490,-0.879,-8.262,0,2
4.1535,-0.879,-8.262,0,2
4.1542,-0.879,-8.262,0,2
4.1551,-0.879,-8.262,0,2
4.1570,-0.703,-8.262,0,2
4.1590,-0.703,-8.262,0,2
4.1611,-0.703,-8.438,0,2
4.1631,-0.703,-8.438,0,2
4.1650,-0.703,-8.438,0,2
4.1670,-0.703,-8.438,0,2
4.1691,-0.703,-8.438,0,2
4.1710,-0.703,-8.613,0,2
4.1730,-0.703,-8.613,0,2
4.1751,-0.703,-8.613,0,2
4.1770,-0.703,-8.613,0,2
4.1790,-0.703,-8.613,0,2
4.1810,-0.703,-8.613,0,2
4.1830,-0.527,-8.613,0,2
4.1851,-0.527,-8.613,0,2
4.1871,-0.527,-8.613,0,2
4.1890,-0.527,-8.789,0,2
4.1910,-0.527,-8.789,0,2
4.1931,-0.527,-8.789,0,2
4.1951,-0.527,-8.789,0,2
4.1970,-0.527,-8.789,0,2
4.1990,-0.527,-8.789,0,2
4.2010,-0.527,-8.789,0,2
4.2031,-0.527,-8.789,0,2
4.2051,-0.527,-8.789,0,2
4.2070,-0.527,-8.965,0,2
4.2090,-0.352,-8.965,0,2
4.2111,-0.352,-8.965,0,2
4.2131,-0.352,-8.965,0,2
4.2150,-0.352,-8.965,0,2
4.2193,-0.352,-8.965,0,2
4.2196,-0.352,-8.965,0,2
4.2210,-0.352,-8.965,0,2
4.2231,-0.352,-8.965,0,2
4.2250,-0.352,-9.141,0,2
4.2271,-0.352,-9.141,0,2
4.2409,-0.352,-9.316,0,2
4.2429,-0.352,-9.316,0,2
4.2454,-0.352,-9.316,0,2
4.2469,-0.352,-9.316,0,2
4.2489,-0.352,-9.316,0,2
4.2510,-0.352,-9.316,0,2
4.2530,-0.352,-9.316,0,2
4.2549,-0.352,-9.316,0,2
4.2569,-0.352,-9.316,0,2
4.2589,-0.352,-9.316,0,2
4.2609,-0.352,-9.316,0,2
4.2630,-0.352,-9.316,0,2
4.2650,-0.352,-9.316,0,2
4.2670,-0.352,-9.316,0,2
4.2689,-0.352,-9.316,0,2
4.2709,-0.352,-9.316,0,2
4.2729,-0.352,-9.316,0,2
4.2749,-0.352,-9.316,0,2
4.2769,-0.352,-9.316,0,2
4.2789,-0.352,-9.316,0,2
4.2809,-0.352,-9.492,0,2
4.2830,-0.352,-9.492,0,2
4.2850,-0.352,-9.492,0,2
4.2869,-0.352,-9.492,0,2
4.2889,-0.352,-9.492,0,2
4.2909,-0.352,-9.492,0,2
4.2930,-0.352,-9.492,0,2
4.2949,-0.352,-9.492,0,2
4.2969,-0.352,-9.492,0,2
4.2989,-0.352,-9.492,0,2
4.3009,-0.352,-9.492,0,2
4.3029,-0.352,-9.492,0,2
4.3049,-0.352,-9.492,0,2
4.3070,-0.352,-9.492,0,2
4.3089,-0.352,-9.492,0,2
4.3109,-0.352,-9.492,0,2
4.3129,-0.352,-9.492,0,2
4.3150,-0.352,-9.492,0,2
4.3194,-0.352,-9.492,0,2
4.3197,-0.352,-9.492,0,2
4.3209,-0.352,-9.492,0,2
4.3230,-0.352,-9.492,0,2
4.3249,-0.352,-9.492,0,2
4.3269,-0.352,-9.492,0,2
4.3289,-0.352,-9.492,0,2
4.3309,-0.352,-9.492,0,2
4.3330,-0.352,-9.492,0,2
4.3349,-0.352,-9.492,0,2
4.3370,-0.352,-9.492,0,2
4.3389,-0.352,-9.492,0,2
4.3409,-0.352,-9.492,0,2
4.3430,-0.352,-9.492,0,2
4.3449,-0.352,-9.492,0,2
4.3469,-0.352,-9.492,0,2
4.3489,-0.352,-9.492,0,2
4.3509,-0.352,-9.492,0,2
4.3529,-0.352,-9.492,0,2
4.3550,-0.352,-9.492,0,2
4.3569,-0.352,-9.492,0,2
4.3589,-0.352,-9.492,0,2
4.3609,-0.352,-9.492,0,2
4.3630,-0.352,-9.492,0,2
4.3650,-0.352,-9.492,0,2
4.3669,-0.352,-9.492,0,2
4.3689,-0.352,-9.492,0,2
4.3709,-0.352,-9.492,0,2
4.3730,-0.352,-9.492,0,2
4.3749,-0.352,-9.492,0,2
4.3769,-0.352,-9.492,0,2
4.3789,-0.352,-9.492,0,2
4.3810,-0.352,-9.492,0,2
4.3830,-0.352,-9.492,0,2
4.3849,-0.352,-9.492,0,2
4.3869,-0.352,-9.492,0,2
4.3889,-0.352,-9.492,0,2
4.3910,-0.352,-9.492,0,2
4.3929,-0.352,-9.492,0,2
4.3949,-0.352,-9.492,0,2
4.3969,-0.352,-9.492,0,2
4.3990,-0.352,-9.492,0,2
4.4010,-0.352,-9.492,0,2
4.4029,-0.352,-9.492,0,2
4.4049,-0.352,-9.492,0,2
4.4069,-0.352,-9.492,0,2
4.4090,-0.352,-9.492,0,2
4.4109,-0.352,-9.492,0,2
4.4129,-0.352,-9.492,0,2
4.4149,-0.352,-9.492,0,2
4.4192,-0.352,-9.492,0,2
4.4194,-0.352,-9.492,0,2
4.4210,-0.352,-9.492,0,2
4.4230,-0.352,-9.492,0,2
4.4249,-0.352,-9.316,0,2
4.4269,-0.352,-9.316,0,2
4.4289,-0.352,-9.316,0,2
4.4309,-0.352,-9.316,0,2
4.4329,-0.352,-9.316,0,2
4.4349,-0.352,-9.316,0,2
4.4369,-0.352,-9.316,0,2
4.4390,-0.352,-9.316,0,2
4.4409,-0.352,-9.316,0,2
4.4429,-0.352,-9.316,0,2
4.4449,-0.352,-9.316,0,2
4.4470,-0.352,-9.316,0,2
4.4489,-0.352,-9.316,0,2
4.4509,-0.352,-9.316,0,2
4.4529,-0.352,-9.316,0,2
4.4550,-0.352,-9.316,0,2
4.4569,-0.352,-9.316,0,2
4.4590,-0.352,-9.316,0,2
4.4610,-0.352,-9.316,0,2
4.4629,-0.352,-9.316,0,2
4.4689,-0.352,-9.316,0,2
4.4698,-0.352,-9.316,0,2
4.4700,-0.352,-9.316,0,2
4.4710,-0.352,-9.316,0,2
4.4731,-0.352,-9.316,0,2
4.4750,-0.352,-9.316,0,2
4.4770,-0.352,-9.316,0,2
4.4790,-0.352,-9.316,0,2
4.4810,-0.352,-9.316,0,2
4.4830,-0.352,-9.141,0,2
4.4850,-0.352,-9.141,0,2
4.4870,-0.352,-9.141,0,2
4.4896,-0.352,-9.141,0,2
4.4910,-0.352,-9.141,0,2
4.4929,-0.352,-9.141,0,2
4.4949,-0.352,-9.141,0,2
4.4970,-0.352,-9.141,0,2
4.4990,-0.352,-9.141,0,2
4.5009,-0.352,-9.141,0,2
4.5030,-0.352,-9.141,0,2
4.5049,-0.352,-9.141,0,2
4.5070,-0.352,-9.141,0,2
4.5089,-0.352,-9.141,0,2
4.5271,-0.352,-8.965,0,2
4.5291,-0.352,-8.965,0,2
4.5313,-0.352,-8.965,0,2
4.5332,-0.352,-8.965,0,2
4.5352,-0.352,-8.965,0,2
4.5372,-0.352,-8.965,0,2
4.5392,-0.352,-8.965,0,2
4.5412,-0.352,-8.965,0,2
4.5431,-0.352,-8.965,0,2
4.5451,-0.352,-8.965,0,2
4.5472,-0.352,-8.965,0,2
4.5492,-0.352,-8.965,0,2
4.5512,-0.352,-8.965,0,2
4.5532,-0.352,-8.965,0,2
4.5552,-0.352,-8.965,0,2
4.5572,-0.352,-8.965,0,2
4.5592,-0.352,-8.965,0,2
4.5612,-0.352,-8.965,0,2
4.5632,-0.352,-8.965,0,2
4.5652,-0.352,-8.965,0,2
4.5671,-0.352,-8.965,0,2
4.5692,-0.352,-8.965,0,2
4.5712,-0.352,-8.789,0,2
4.5732,-0.352,-8.789,0,2
4.5753,-0.352,-8.789,0,2
4.5772,-0.352,-8.789,0,2
4.5792,-0.352,-8.789,0,2
4.5812,-0.352,-8.789,0,2
4.5832,-0.352,-8.789,0,2
4.5852,-0.352,-8.789,0,2
4.5872,-0.352,-8.789,0,2
4.5892,-0.352,-8.789,0,2
4.5911,-0.352,-8.789,0,2
4.5932,-0.352,-8.789,0,2
4.5952,-0.352,-8.789,0,2
4.5972,-0.352,-8.789,0,2
4.5993,-0.352,-8.789,0,2
4.6012,-0.352,-8.789,0,2
4.6032,-0.352,-8.789,0,2
4.6052,-0.352,-8.789,0,2
4.6073,-0.352,-8.789,0,2
4.6092,-0.352,-8.789,0,2
4.6112,-0.352,-8.789,0,2
4.6132,-0.352,-8.789,0,2
4.6152,-0.352,-8.789,0,2
4.6172,-0.352,-8.789,0,2
4.6192,-0.352,-8.789,0,2
4.6212,-0.352,-8.789,0,2
4.6232,-0.352,-8.789,0,2
4.6262,-0.352,-8.789,0,2
4.6272,-0.352,-8.789,0,2
4.6293,-0.352,-8.789,0,2
4.6312,-0.352,-8.789,0,2
4.6332,-0.352,-8.789,0,2
4.6352,-0.352,-8.789,0,2
4.6371,-0.352,-8.789,0,2
4.6392,-0.352,-8.789,0,2
4.6413,-0.352,-8.789,0,2
4.6432,-0.352,-8.789,0,2
4.6452,-0.352,-8.789,0,2
4.6479,-0.352,-8.789,0,2
4.6492,-0.352,-8.789,0,2
4.6512,-0.352,-8.789,0,2
4.6532,-0.352,-8.789,0,2
4.6553,-0.352,-8.789,0,2
4.6572,-0.352,-8.789,0,2
4.6592,-0.352,-8.789,0,2
4.6612,-0.352,-8.789,0,2
4.6632,-0.352,-8.789,0,2
4.6652,-0.352,-8.789,0,2
4.6673,-0.352,-8.789,0,2
4.6692,-0.352,-8.789,0,2
4.6712,-0.352,-8.789,0,2
4.6732,-0.352,-8.789,0,2
4.6752,-0.352,-8.789,0,2
4.6772,-0.352,-8.789,0,2
4.6791,-0.352,-8.789,0,2
4.6812,-0.352,-8.789,0,2
4.6833,-0.352,-8.789,0,2
4.6884,-0.352,-8.789,0,2
4.6892,-0.352,-8.789,0,2
4.6895,-0.352,-8.789,0,2
4.6912,-0.352,-8.789,0,2
4.6932,-0.352,-8.789,0,2
4.6952,-0.352,-8.789,0,2
4.6973,-0.352,-8.789,0,2
4.6992,-0.352,-8.789,0,2
4.7013,-0.352,-8.965,0,2
4.7032,-0.352,-8.965,0,2
4.7052,-0.352,-8.965,0,2
4.7072,-0.352,-8.965,0,2
4.7092,-0.352,-8.965,0,2
4.7112,-0.352,-8.965,0,2
4.7132,-0.352,-8.965,0,2
4.7152,-0.352,-8.965,0,2
4.7173,-0.352,-8.965,0,2
4.7192,-0.352,-8.965,0,2
4.7212,-0.352,-8.965,0,2
4.7232,-0.352,-8.965,0,2
4.7264,-0.352,-8.965,0,2
4.7272,-0.352,-8.965,0,2
4.7292,-0.352,-8.965,0,2
4.7312,-0.352,-8.965,0,2
4.7332,-0.352,-8.965,0,2
4.7488,-0.352,-8.965,0,2
4.7509,-0.352,-8.965,0,2
4.7529,-0.352,-8.965,0,2
4.7549,-0.352,-8.965,0,2
4.7570,-0.352,-8.965,0,2
4.7589,-0.352,-8.965,0,2
4.7609,-0.352,-8.965,0,2
4.7629,-0.352,-8.965,0,2
4.7649,-0.352,-8.965,0,2
4.7669,-0.352,-8.965,0,2
4.7689,-0.352,-9.141,0,2
4.7709,-0.352,-9.141,0,2
4.7729,-0.352,-9.141,0,2
4.7748,-0.352,-9.141,0,2
4.7769,-0.352,-9.141,0,2
4.7788,-0.352,-9.141,0,2
4.7817,-0.352,-9.141,0,2
4.7829,-0.352,-9.141,0,2
4.7849,-0.352,-9.141,0,2
4.7868,-0.352,-9.141,0,2
4.7889,-0.352,-9.141,0,2
4.7909,-0.352,-9.141,0,2
4.7929,-0.352,-9.141,0,2
4.7949,-0.352,-9.141,0,2
4.7968,-0.352,-9.141,0,2
4.7989,-0.352,-9.141,0,2
4.8010,-0.352,-9.141,0,2
4.8029,-0.352,-9.141,0,2
4.8048,-0.352,-9.316,0,2
4.8069,-0.352,-9.316,0,2
4.8088,-0.352,-9.316,0,2
4.8137,-0.352,-9.316,0,2
4.8146,-0.352,-9.316,0,2
4.8149,-0.352,-9.316,0,2
4.8169,-0.352,-9.316,0,2
4.8189,-0.352,-9.316,0,2
4.8209,-0.352,-9.316,0,2
4.8229,-0.352,-9.316,0,2
4.8265,-0.352,-9.316,0,2
4.8269,-0.352,-9.316,0,2
4.8289,-0.352,-9.316,0,2
4.8309,-0.352,-9.316,0,2
4.8329,-0.352,-9.316,0,2
4.8349,-0.352,-9.316,0,2
4.8369,-0.352,-9.316,0,2
4.8389,-0.352,-9.316,0,2
4.8409,-0.352,-9.316,0,2
4.8429,-0.352,-9.316,0,2
4.8449,-0.352,-9.316,0,2
4.8469,-0.352,-9.316,0,2
4.8489,-0.352,-9.316,0,2
4.8509,-0.352,-9.316,0,2
4.8529,-0.352,-9.316,0,2
4.8549,-0.352,-9.316,0,2
4.8569,-0.352,-9.316,0,2
4.8589,-0.352,-9.316,0,2
4.8609,-0.352,-9.316,0,2
4.8629,-0.352,-9.316,0,2
4.8649,-0.352,-9.316,0,2
4.8669,-0.352,-9.316,0,2
4.8688,-0.352,-9.316,0,2
4.8709,-0.352,-9.316,0,2
4.8729,-0.352,-9.316,0,2
4.8749,-0.352,-9.316,0,2
4.8770,-0.352,-9.316,0,2
4.8789,-0.352,-9.316,0,2
4.8809,-0.352,-9.316,0,2
4.8829,-0.352,-9.316,0,2
4.8849,-0.352,-9.316,0,2
4.8869,-0.352,-9.316,0,2
4.8889,-0.352,-9.316,0,2
4.8909,-0.352,-9.316,0,2
4.8929,-0.352,-9.316,0,2
4.8948,-0.352,-9.316,0,2
4.8969,-0.352,-9.316,0,2
4.8989,-0.352,-9.316,0,2
4.9009,-0.352,-9.316,0,2
4.9030,-0.352,-9.492,0,2
4.9049,-0.352,-9.492,0,2
4.9069,-0.352,-9.492,0,2
4.9089,-0.352,-9.492,0,2
4.9109,-0.352,-9.492,0,2
4.9129,-0.352,-9.492,0,2
4.9149,-0.352,-9.492,0,2
4.9169,-0.352,-9.492,0,2
4.9188,-0.352,-9.492,0,2
4.9209,-0.352,-9.492,0,2
4.9228,-0.352,-9.492,0,2
4.9263,-0.352,-9.492,0,2
4.9269,-0.352,-9.492,0,2
4.9288,-0.352,-9.492,0,2
4.9309,-0.352,-9.492,0,2
4.9329,-0.352,-9.492,0,2
4.9350,-0.352,-9.492,0,2
4.9370,-0.352,-9.492,0,2
4.9390,-0.352,-9.492,0,2
4.9409,-0.352,-9.492,0,2
4.9429,-0.352,-9.492,0,2
4.9449,-0.352,-9.492,0,2
4.9469,-0.352,-9.492,0,2
4.9489,-0.352,-9.492,0,2
4.9509,-0.352,-9.492,0,2
4.9529,-0.352,-9.492,0,2
4.9549,-0.352,-9.492,0,2
4.9569,-0.352,-9.316,0,2
4.9588,-0.352,-9.316,0,2
4.9609,-0.352,-9.316,0,2
4.9629,-0.352,-9.316,0,2
4.9649,-0.352,-9.316,0,2
4.9670,-0.352,-9.316,0,2
4.9689,-0.352,-9.316,0,2
4.9709,-0.352,-9.316,0,2
4.9729,-0.352,-9.316,0,2
4.9749,-0.352,-9.316,0,2
4.9770,-0.352,-9.316,0,2
4.9789,-0.352,-9.316,0,2
4.9809,-0.352,-9.316,0,2
4.9828,-0.352,-9.316,0,2
4.9849,-0.352,-9.316,0,2
4.9869,-0.352,-9.316,0,2
4.9889,-0.352,-9.316,0,2
4.9908,-0.352,-9.316,0,2
4.9929,-0.352,-9.316,0,2
4.9949,-0.352,-9.316,0,2
4.9969,-0.352,-9.316,0,2
4.9989,-0.352,-9.316,0,2
5.0008,-0.352,-9.316,0,2
5.0029,-0.352,-9.316,0,2
5.0049,-0.352,-9.316,0,2
5.0069,-0.352,-9.316,0,2
5.0089,-0.352,-9.316,0,2
5.0237,-0.352,-9.316,0,2
5.0285,-0.352,-9.316,0,2
5.0289,-0.352,-9.316,0,2
5.0298,-0.352,-9.316,0,2
5.0318,-0.352,-9.316,0,2
5.0337,-0.352,-9.316,0,2
5.0358,-0.352,-9.316,0,2
5.0378,-0.352,-9.316,0,2
5.0398,-0.352,-9.316,0,2
5.0418,-0.352,-9.316,0,2
5.0438,-0.352,-9.316,0,2
5.0458,-0.352,-9.316,0,2
5.0479,-0.352,-9.316,0,2
5.0497,-0.352,-9.141,0,2
5.0518,-0.352,-9.141,0,2
5.0537,-0.352,-9.141,0,2
5.0558,-0.352,-9.141,0,2
5.0579,-0.352,-9.141,0,2
5.0598,-0.352,-9.141,0,2
5.0618,-0.352,-9.141,0,2
5.0638,-0.352,-9.141,0,2
5.0657,-0.352,-9.141,0,2
5.0678,-0.352,-9.141,0,2
5.0698,-0.352,-9.141,0,2
5.0718,-0.352,-9.141,0,2
5.0738,-0.352,-9.141,0,2
5.0758,-0.352,-9.141,0,2
5.0778,-0.352,-9.141,0,2
5.0797,-0.352,-9.141,0,2
5.0818,-0.352,-9.141,0,2
5.0838,-0.352,-9.141,0,2
5.0858,-0.352,-9.141,0,2
5.0878,-0.352,-9.141,0,2
5.0897,-0.352,-8.965,0,2
5.0918,-0.352,-8.965,0,2
5.0938,-0.352,-8.965,0,2
5.0958,-0.352,-8.965,0,2
5.0977,-0.352,-8.965,0,2
5.0997,-0.352,-8.965,0,2
5.1019,-0.352,-8.965,0,2
5.1038,-0.352,-8.965,0,2
5.1058,-0.352,-8.965,0,2
5.1078,-0.352,-8.965,0,2
5.1097,-0.352,-8.965,0,2
5.1118,-0.352,-8.965,0,2
5.1138,-0.352,-8.965,0,2
5.1158,-0.352,-8.965,0,2
5.1177,-0.352,-8.965,0,2
5.1198,-0.352,-8.965,0,2
5.1218,-0.352,-8.965,0,2
5.1238,-0.352,-8.965,0,2
5.1272,-0.352,-8.965,0,2
5.1277,-0.352,-8.965,0,2
5.1326,-0.352,-8.965,0,2
5.1335,-0.352,-8.965,0,2
5.1338,-0.352,-8.965,0,2
5.1359,-0.352,-8.965,0,2
5.1378,-0.352,-8.965,0,2
5.1398,-0.352,-8.965,0,2
5.1418,-0.352,-8.965,0,2
5.1438,-0.352,-8.965,0,2
5.1458,-0.352,-8.965,0,2
5.1478,-0.352,-8.965,0,2
5.1498,-0.352,-8.965,0,2
5.1520,-0.352,-8.965,0,2
5.1539,-0.352,-8.965,0,2
5.1559,-0.352,-8.965,0,2
5.1578,-0.352,-8.965,0,2
5.1597,-0.352,-8.965,0,2
5.1618,-0.352,-8.965,0,2
5.1638,-0.352,-8.965,0,2
5.1658,-0.352,-8.965,0,2
5.1678,-0.352,-8.965,0,2
5.1697,-0.352,-8.965,0,2
5.1718,-0.352,-8.965,0,2
5.1738,-0.352,-8.965,0,2
5.1757,-0.352,-8.965,0,2
5.1778,-0.352,-8.965,0,2
5.1799,-0.352,-8.965,0,2
5.1817,-0.352,-8.965,0,2
5.1838,-0.352,-8.965,0,2
5.1858,-0.352,-8.965,0,2
5.1878,-0.352,-8.965,0,2
5.1897,-0.352,-8.965,0,2
5.1917,-0.352,-8.789,0,2
5.1938,-0.352,-8.789,0,2
5.1958,-0.352,-8.789,0,2
5.1978,-0.352,-8.789,0,2
5.1998,-0.352,-8.789,0,2
5.2017,-0.352,-8.789,0,2
5.2038,-0.352,-8.789,0,2
5.2058,-0.352,-8.789,0,2
5.2078,-0.352,-8.789,0,2
5.2098,-0.352,-8.789,0,2
5.2237,-0.352,-8.965,0,2
5.2285,-0.352,-8.965,0,2
5.2289,-0.352,-8.965,0,2
5.2298,-0.352,-8.965,0,2
5.2317,-0.352,-8.965,0,2
5.2337,-0.352,-8.965,0,2
5.2358,-0.352,-8.965,0,2
5.2378,-0.352,-8.965,0,2
5.2397,-0.352,-8.965,0,2
5.2418,-0.352,-8.965,0,2
5.2438,-0.352,-8.965,0,2
5.2458,-0.352,-8.965,0,2
5.2477,-0.352,-8.965,0,2
5.2497,-0.352,-8.965,0,2
5.2518,-0.352,-8.965,0,2
5.2538,-0.352,-8.965,0,2
5.2558,-0.352,-8.965,0,2
5.2578,-0.352,-8.965,0,2
5.2597,-0.352,-8.965,0,2
5.2617,-0.352,-8.965,0,2
5.2638,-0.352,-8.965,0,2
5.2658,-0.352,-8.965,0,2
5.2678,-0.352,-8.965,0,2
5.2698,-0.352,-8.965,0,2
5.2718,-0.352,-8.965,0,2
5.2737,-0.352,-8.965,0,2
5.2757,-0.352,-8.965,0,2
5.2778,-0.352,-8.965,0,2
5.2798,-0.352,-8.965,0,2
5.2817,-0.352,-8.965,0,2
5.2837,-0.352,-8.965,0,2
5.2861,-0.352,-8.965,0,2
5.2878,-0.352,-8.965,0,2
5.2898,-0.352,-8.965,0,2
5.2917,-0.352,-8.965,0,2
5.2937,-0.352,-8.965,0,2
5.2958,-0.352,-8.965,0,2
5.2978,-0.352,-8.965,0,2
5.2997,-0.352,-8.965,0,2
5.3017,-0.352,-8.965,0,2
5.3038,-0.352,-8.965,0,2
5.3058,-0.352,-8.965,0,2
5.3077,-0.352,-8.965,0,2
5.3097,-0.352,-8.965,0,2
5.3118,-0.352,-8.965,0,2
5.3138,-0.352,-8.965,0,2
5.3157,-0.352,-8.965,0,2
5.3177,-0.352,-8.965,0,2
5.3197,-0.352,-8.965,0,2
5.3218,-0.352,-8.965,0,2
5.3238,-0.352,-8.965,0,2
5.3271,-0.352,-8.965,0,2
5.3277,-0.352,-8.965,0,2
5.3297,-0.352,-8.965,0,2
5.3318,-0.352,-8.965,0,2
5.3338,-0.352,-8.965,0,2
5.3357,-0.352,-9.141,0,2
5.3378,-0.352,-9.141,0,2
5.3397,-0.352,-9.141,0,2
5.3418,-0.352,-9.141,0,2
5.3438,-0.352,-9.141,0,2
5.3457,-0.352,-9.141,0,2
5.3477,-0.352,-9.141,0,2
5.3497,-0.352,-9.141,0,2
5.3517,-0.352,-9.141,0,2
5.3538,-0.352,-9.141,0,2
5.3557,-0.352,-9.141,0,2
5.3578,-0.352,-9.141,0,2
5.3597,-0.352,-9.141,0,2
5.3617,-0.352,-9.141,0,2
5.3638,-0.352,-9.141,0,2
5.3657,-0.352,-9.141,0,2
5.3677,-0.352,-9.141,0,2
5.3698,-0.352,-9.141,0,2
5.3718,-0.352,-9.141,0,2
5.3738,-0.352,-9.141,0,2
5.3758,-0.352,-9.141,0,2
5.3778,-0.352,-9.141,0,2
5.3798,-0.352,-9.141,0,2
5.3817,-0.352,-9.141,0,2
5.3837,-0.352,-9.141,0,2
5.3858,-0.352,-9.141,0,2
5.3878,-0.352,-9.316,0,2
5.3898,-0.352,-9.316,0,2
5.3918,-0.352,-9.316,0,2
5.3938,-0.352,-9.316,0,2
5.3958,-0.352,-9.316,0,2
5.3977,-0.352,-9.316,0,2
5.3997,-0.352,-9.316,0,2
5.4018,-0.352,-9.316,0,2
5.4038,-0.352,-9.316,0,2
5.4057,-0.352,-9.316,0,2
5.4077,-0.352,-9.316,0,2
5.4128,-0.352,-9.316,0,2
5.4135,-0.352,-9.316,0,2
5.4137,-0.352,-9.316,0,2
5.4161,-0.352,-9.316,0,2
5.4178,-0.352,-9.316,0,2
5.4198,-0.352,-9.316,0,2
5.4218,-0.352,-9.316,0,2
5.4237,-0.352,-9.316,0,2
5.4274,-0.352,-9.316,0,2
5.4278,-0.352,-9.316,0,2
5.4298,-0.352,-9.316,0,2
5.4317,-0.352,-9.316,0,2
5.4337,-0.352,-9.316,0,2
5.4357,-0.352,-9.316,0,2
5.4378,-0.352,-9.316,0,2
5.4398,-0.352,-9.316,0,2
5.4417,-0.352,-9.316,0,2
5.4437,-0.352,-9.316,0,2
5.4457,-0.352,-9.316,0,2
5.4478,-0.352,-9.316,0,2
5.4498,-0.352,-9.316,0,2
5.4518,-0.352,-9.316,0,2
5.4537,-0.352,-9.316,0,2
5.4557,-0.352,-9.316,0,2
5.4577,-0.352,-9.316,0,2
5.4597,-0.352,-9.316,0,2
5.4617,-0.352,-9.316,0,2
5.4637,-0.352,-9.316,0,2
5.4658,-0.352,-9.316,0,2
5.4678,-0.352,-9.316,0,2
5.4697,-0.352,-9.316,0,2
5.4717,-0.352,-9.316,0,2
5.4738,-0.352,-9.316,0,2
5.4758,-0.352,-9.316,0,2
5.4778,-0.352,-9.316,0,2
5.4798,-0.352,-9.316,0,2
5.4817,-0.352,-9.316,0,2
5.4837,-0.352,-9.316,0,2
5.4857,-0.352,-9.316,0,2
5.4878,-0.352,-9.316,0,2
5.4898,-0.352,-9.316,0,2
5.4918,-0.352,-9.316,0,2
5.4938,-0.352,-9.316,0,2
5.4957,-0.352,-9.316,0,2
5.4977,-0.352,-9.316,0,2
5.4997,-0.352,-9.316,0,2
5.5018,-0.352,-9.316,0,2
5.5038,-0.352,-9.316,0,2
5.5058,-0.352,-9.316,0,2
5.5078,-0.352,-9.316,0,2
5.5097,-0.352,-9.316,0,2
5.5117,-0.352,-9.316,0,2
5.5137,-0.352,-9.316,0,2
5.5158,-0.352,-9.316,0,2
5.5178,-0.352,-9.316,0,2
5.5198,-0.352,-9.316,0,2
5.5218,-0.352,-9.316,0,2
5.5237,-0.352,-9.316,0,2
5.5271,-0.352,-9.316,0,2
5.5277,-0.352,-9.316,0,2
5.5297,-0.352,-9.316,0,2
5.5317,-0.352,-9.316,0,2
5.5337,-0.352,-9.316,0,2
5.5358,-0.352,-9.316,0,2
5.5378,-0.352,-9.316,0,2
5.5397,-0.352,-9.316,0,2
5.5417,-0.352,-9.316,0,2
5.5437,-0.352,-9.316,0,2
5.5458,-0.352,-9.316,0,2
5.5478,-0.352,-9.316,0,2
5.5498,-0.352,-9.316,0,2
5.5518,-0.352,-9.316,0,2
5.5537,-0.352,-9.316,0,2
5.5558,-0.352,-9.316,0,2
5.5577,-0.352,-9.316,0,2
5.5597,-0.352,-9.316,0,2
5.5618,-0.352,-9.316,0,2
5.5638,-0.352,-9.316,0,2
5.5658,-0.352,-9.316,0,2
5.5677,-0.352,-9.316,0,2
5.5697,-0.352,-9.316,0,2
5.5717,-0.352,-9.316,0,2
5.5738,-0.352,-9.316,0,2
5.5758,-0.352,-9.316,0,2
5.5778,-0.352,-9.316,0,2
5.5798,-0.352,-9.316,0,2
5.5817,-0.352,-9.316,0,2
5.5837,-0.352,-9.316,0,2
5.5857,-0.352,-9.316,0,2
5.5878,-0.352,-9.316,0,2
5.5898,-0.352,-9.316,0,2
5.5918,-0.352,-9.316,0,2
5.5938,-0.352,-9.316,0,2
5.5957,-0.352,-9.316,0,2
5.5977,-0.352,-9.316,0,2
5.5997,-0.352,-9.141,0,2
5.6018,-0.352,-9.141,0,2
5.6038,-0.352,-9.141,0,2
5.6058,-0.352,-9.141,0,2
5.6078,-0.352,-9.141,0,2
5.6097,-0.352,-9.141,0,2
5.6117,-0.352,-9.141,0,2
5.6137,-0.352,-9.141,0,2
5.6158,-0.352,-9.141,0,2
5.6178,-0.352,-9.141,0,2
5.6198,-0.352,-9.141,0,2
5.6218,-0.352,-9.141,0,2
5.6237,-0.352,-9.141,0,2
5.6271,-0.352,-9.141,0,2
5.6277,-0.352,-9.141,0,2
5.6298,-0.352,-9.141,0,2
5.6318,-0.352,-9.141,0,2
5.6338,-0.352,-9.141,0,2
5.6358,-0.352,-9.141,0,2
5.6377,-0.352,-9.141,0,2
5.6397,-0.352,-9.141,0,2
5.6418,-0.352,-9.141,0,2
5.6438,-0.352,-9.141,0,2
5.6458,-0.352,-9.141,0,2
5.6478,-0.352,-9.141,0,2
5.6497,-0.352,-9.141,0,2
5.6517,-0.352,-9.141,0,2
5.6537,-0.352,-9.141,0,2
5.6558,-0.352,-9.141,0,2
5.6577,-0.352,-9.141,0,2
5.6598,-0.352,-9.141,0,2
5.6618,-0.352,-9.141,0,2
5.6638,-0.352,-9.141,0,2
5.6658,-0.352,-9.141,0,2
5.6678,-0.352,-9.141,0,2
5.6697,-0.352,-9.141,0,2
5.6717,-0.352,-9.141,0,2
5.6737,-0.352,-8.965,0,2
5.6758,-0.352,-8.965,0,2
5.6778,-0.352,-8.965,0,2
5.6798,-0.352,-8.965,0,2
5.6818,-0.352,-8.965,0,2
5.6837,-0.352,-8.965,0,2
5.6857,-0.352,-8.965,0,2
5.6877,-0.352,-8.965,0,2
5.6898,-0.352,-8.965,0,2
5.6917,-0.352,-8.965,0,2
5.6937,-0.352,-8.965,0,2
5.6957,-0.352,-8.965,0,2
5.6978,-0.352,-8.965,0,2
5.6998,-0.352,-8.965,0,2
5.7018,-0.352,-8.965,0,2
5.7038,-0.352,-8.965,0,2
5.7057,-0.352,-8.965,0,2
5.7077,-0.352,-8.965,0,2
5.7097,-0.352,-8.965,0,2
5.7117,-0.352,-8.965,0,2
5.7137,-0.352,-8.965,0,2
5.7157,-0.352,-8.965,0,2
5.7178,-0.352,-8.965,0,2
5.7197,-0.352,-8.965,0,2
5.7217,-0.352,-8.965,0,2
5.7237,-0.352,-8.965,0,2
5.7271,-0.352,-8.965,0,2
5.7278,-0.352,-8.965,0,2
5.7298,-0.352,-8.965,0,2
5.7318,-0.352,-8.965,0,2
5.7337,-0.352,-8.965,0,2
5.7357,-0.352,-8.965,0,2
5.7377,-0.352,-8.965,0,2
5.7398,-0.352,-8.965,0,2
5.7418,-0.352,-8.965,0,2
5.7438,-0.352,-8.965,0,2
5.7457,-0.352,-8.965,0,2
5.7477,-0.352,-8.965,0,2
5.7497,-0.352,-8.965,0,2
5.7518,-0.352,-8.965,0,2
5.7538,-0.352,-8.965,0,2
5.7558,-0.352,-8.965,0,2
5.7578,-0.352,-8.965,0,2
5.7597,-0.352,-8.965,0,2
5.7617,-0.352,-8.965,0,2
5.7638,-0.352,-8.965,0,2
5.7658,-0.352,-8.965,0,2
5.7678,-0.352,-8.965,0,2
5.7698,-0.352,-8.965,0,2
5.7718,-0.352,-8.965,0,2
5.7737,-0.352,-8.965,0,2
5.7757,-0.352,-8.965,0,2
5.7777,-0.352,-8.965,0,2
5.7798,-0.352,-8.965,0,2
5.7818,-0.352,-8.965,0,2
5.7838,-0.352,-8.965,0,2
5.7857,-0.352,-8.965,0,2
5.7878,-0.352,-8.965,0,2
5.7898,-0.352,-8.965,0,2
5.7918,-0.352,-8.965,0,2
5.7938,-0.352,-8.965,0,2
5.7958,-0.352,-8.965,0,2
5.7977,-0.352,-8.965,0,2
5.7997,-0.352,-8.965,0,2
5.8017,-0.352,-8.965,0,2
5.8038,-0.352,-8.965,0,2
5.8058,-0.352,-8.965,0,2
5.8078,-0.352,-8.965,0,2
5.8098,-0.352,-8.965,0,2
5.8117,-0.352,-8.965,0,2
5.8137,-0.352,-8.965,0,2
5.8157,-0.352,-8.965,0,2
5.8178,-0.352,-8.965,0,2
5.8198,-0.352,-8.965,0,2
5.8218,-0.352,-8.965,0,2
5.8238,-0.352,-8.965,0,2
5.8272,-0.352,-8.965,0,2
5.8278,-0.352,-8.965,0,2
5.8298,-0.352,-8.965,0,2
5.8317,-0.352,-8.965,0,2
5.8337,-0.352,-8.965,0,2
5.8358,-0.352,-8.965,0,2
5.8378,-0.352,-8.965,0,2
5.8398,-0.352,-8.965,0,2
5.8417,-0.352,-8.965,0,2
5.8437,-0.352,-8.965,0,2
5.8458,-0.352,-8.965,0,2
5.8478,-0.352,-8.965,0,2
5.8498,-0.352,-8.965,0,2
5.8518,-0.352,-8.965,0,2
5.8537,-0.352,-8.965,0,2
5.8557,-0.352,-8.965,0,2
5.8577,-0.352,-8.965,0,2
5.8598,-0.352,-8.965,0,2
5.8617,-0.352,-8.965,0,2
5.8637,-0.352,-8.965,0,2
5.8657,-0.352,-8.965,0,2
5.8678,-0.352,-8.965,0,2
5.8697,-0.352,-8.965,0,2
5.8718,-0.352,-8.965,0,2
5.8738,-0.352,-8.965,0,2
5.8757,-0.352,-8.965,0,2
5.8778,-0.352,-8.965,0,2
5.8797,-0.352,-8.965,0,2
5.8817,-0.352,-8.965,0,2
5.8838,-0.352,-8.965,0,2
5.8858,-0.352,-8.965,0,2
5.8878,-0.352,-8.965,0,2
5.9025,-0.352,-9.141,0,2
5.9045,-0.352,-9.141,0,2
5.9069,-0.352,-9.141,0,2
5.9086,-0.352,-9.141,0,2
5.9105,-0.352,-9.141,0,2
5.9125,-0.352,-9.141,0,2
5.9145,-0.352,-9.141,0,2
5.9165,-0.352,-9.141,0,2
5.9185,-0.352,-9.141,0,2
5.9206,-0.352,-9.141,0,2
5.9226,-0.352,-9.141,0,2
5.9246,-0.352,-9.141,0,2
5.9277,-0.352,-9.141,0,2
5.9285,-0.352,-9.141,0,2
5.9305,-0.352,-9.141,0,2
5.9325,-0.352,-9.141,0,2
5.9346,-0.352,-9.141,0,2
5.9366,-0.352,-9.141,0,2
5.9386,-0.352,-9.141,0,2
5.9405,-0.352,-9.141,0,2
5.9425,-0.352,-9.141,0,2
5.9446,-0.352,-9.141,0,2
5.9466,-0.352,-9.141,0,2
5.9486,-0.352,-9.141,0,2
5.9506,-0.352,-9.141,0,2
5.9525,-0.352,-9.141,0,2
5.9545,-0.352,-9.141,0,2
5.9565,-0.352,-9.141,0,2
5.9585,-0.352,-9.141,0,2
5.9606,-0.352,-9.141,0,2
5.9626,-0.352,-9.141,0,2
5.9645,-0.352,-9.141,0,2
5.9665,-0.352,-9.141,0,2
5.9685,-0.352,-9.141,0,2
5.9706,-0.352,-9.141,0,2
5.9725,-0.352,-9.141,0,2
5.9745,-0.352,-9.141,0,2
5.9765,-0.352,-9.141,0,2
5.9785,-0.352,-9.141,0,2
5.9806,-0.352,-9.141,0,2
5.9825,-0.352,-9.141,0,2
5.9852,-0.352,-9.141,0,2
5.9866,-0.352,-9.141,0,2
5.9885,-0.352,-9.141,0,2
5.9906,-0.352,-9.141,0,2
5.9926,-0.352,-9.141,0,2
5.9946,-0.352,-9.141,0,2
5.9966,-0.352,-9.141,0,2
5.9985,-0.352,-9.141,0,2
6.0005,-0.352,-9.141,0,2
6.0026,-0.352,-9.141,0,2
6.0045,-0.352,-9.141,0,2
6.0065,-0.352,-9.316,0,2
6.0086,-0.352,-9.316,0,2
6.0106,-0.352,-9.316,0,2
6.0126,-0.352,-9.316,0,2
6.0146,-0.352,-9.316,0,2
6.0165,-0.352,-9.316,0,2
6.0219,-0.352,-9.316,0,2
6.0227,-0.352,-9.316,0,2
6.0229,-0.352,-9.316,0,2
6.0245,-0.352,-9.316,0,2
6.0277,-0.352,-9.316,0,2
6.0285,-0.352,-9.316,0,2
6.0305,-0.352,-9.316,0,2
6.0326,-0.352,-9.316,0,2
6.0346,-0.352,-9.316,0,2
6.0366,-0.352,-9.316,0,2
6.0386,-0.352,-9.316,0,2
6.0405,-0.352,-9.316,0,2
6.0426,-0.352,-9.316,0,2
6.0445,-0.352,-9.316,0,2
6.0466,-0.352,-9.316,0,2
6.0486,-0.352,-9.316,0,2
6.0505,-0.352,-9.316,0,2
6.0525,-0.352,-9.316,0,2
6.0545,-0.352,-9.316,0,2
6.0566,-0.352,-9.316,0,2
6.0585,-0.352,-9.316,0,2
6.0605,-0.352,-9.316,0,2
6.0625,-0.352,-9.316,0,2
6.0645,-0.352,-9.316,0,2
6.0666,-0.352,-9.316,0,2
6.0686,-0.352,-9.316,0,2
6.0706,-0.352,-9.316,0,2
6.0726,-0.352,-9.316,0,2
6.0745,-0.352,-9.316,0,2
6.0765,-0.352,-9.316,0,2
6.0785,-0.352,-9.316,0,2
6.0806,-0.352,-9.316,0,2
6.0826,-0.352,-9.316,0,2
6.0845,-0.352,-9.316,0,2
6.0865,-0.352,-9.316,0,2
6.0886,-0.352,-9.316,0,2
6.0906,-0.352,-9.316,0,2
6.0925,-0.352,-9.316,0,2
6.0945,-0.352,-9.316,0,2
6.0966,-0.352,-9.316,0,2
6.0985,-0.352,-9.316,0,2
6.1005,-0.352,-9.316,0,2
6.1026,-0.352,-9.316,0,2
6.1046,-0.352,-9.316,0,2
6.1066,-0.352,-9.316,0,2
6.1085,-0.352,-9.316,0,2
6.1105,-0.352,-9.316,0,2
6.1126,-0.352,-9.316,0,2
6.1145,-0.352,-9.316,0,2
6.1165,-0.352,-9.316,0,2
6.1190,-0.352,-9.316,0,2
6.1206,-0.352,-9.316,0,2
6.1225,-0.352,-9.316,0,2
6.1246,-0.352,-9.316,0,2
6.1271,-0.352,-9.316,0,2
6.1285,-0.352,-9.316,0,2
6.1305,-0.352,-9.316,0,2
6.1325,-0.352,-9.316,0,2
6.1345,-0.352,-9.316,0,2
6.1366,-0.352,-9.316,0,2
6.1386,-0.352,-9.316,0,2
6.1405,-0.352,-9.316,0,2
6.1425,-0.352,-9.316,0,2
6.1445,-0.352,-9.316,0,2
6.1466,-0.352,-9.316,0,2
6.1486,-0.352,-9.316,0,2
6.1506,-0.352,-9.141,0,2
6.1525,-0.352,-9.141,0,2
6.1545,-0.352,-9.141,0,2
6.1566,-0.352,-9.141,0,2
6.1586,-0.352,-9.141,0,2
6.1605,-0.352,-9.141,0,2
6.1625,-0.352,-9.141,0,2
6.1645,-0.352,-9.141,0,2
6.1788,-0.352,-9.141,0,2
6.1808,-0.352,-9.141,0,2
6.1829,-0.352,-9.141,0,2
6.1849,-0.352,-9.141,0,2
6.1869,-0.352,-9.141,0,2
6.1889,-0.352,-9.141,0,2
6.1909,-0.352,-9.141,0,2
6.1928,-0.352,-9.141,0,2
6.1948,-0.352,-9.141,0,2
6.1969,-0.352,-9.141,0,2
6.1989,-0.352,-9.141,0,2
6.2008,-0.352,-9.141,0,2
6.2028,-0.352,-9.141,0,2
6.2049,-0.352,-9.141,0,2
6.2068,-0.352,-9.141,0,2
6.2088,-0.352,-9.141,0,2
6.2113,-0.352,-9.141,0,2
6.2128,-0.352,-9.141,0,2
6.2148,-0.352,-9.141,0,2
6.2168,-0.352,-9.141,0,2
6.2188,-0.352,-9.141,0,2
6.2208,-0.352,-9.141,0,2
6.2229,-0.352,-9.141,0,2
6.2279,-0.352,-9.141,0,2
6.2282,-0.352,-9.141,0,2
6.2289,-0.352,-9.141,0,2
6.2308,-0.352,-9.141,0,2
6.2328,-0.352,-9.141,0,2
6.2348,-0.352,-9.141,0,2
6.2369,-0.352,-9.141,0,2
6.2389,-0.352,-9.141,0,2
6.2409,-0.352,-9.141,0,2
6.2428,-0.352,-9.141,0,2
6.2449,-0.352,-9.141,0,2
6.2469,-0.352,-9.141,0,2
6.2488,-0.352,-9.141,0,2
6.2509,-0.352,-9.141,0,2
6.2528,-0.352,-9.141,0,2
6.2548,-0.352,-9.141,0,2
6.2568,-0.352,-9.141,0,2
6.2589,-0.352,-9.141,0,2
6.2608,-0.352,-9.141,0,2
6.2628,-0.352,-9.141,0,2
6.2648,-0.352,-9.141,0,2
6.2669,-0.352,-9.141,0,2
6.2689,-0.352,-9.141,0,2
6.2708,-0.352,-9.141,0,2
6.2729,-0.352,-8.965,0,2
6.2748,-0.352,-8.965,0,2
6.2768,-0.352,-8.965,0,2
6.2788,-0.352,-8.965,0,2
6.2808,-0.352,-8.965,0,2
6.2829,-0.352,-8.965,0,2
6.2849,-0.352,-8.965,0,2
6.2869,-0.352,-8.965,0,2
6.2889,-0.352,-8.965,0,2
6.2908,-0.352,-8.965,0,2
6.2929,-0.352,-8.965,0,2
6.2948,-0.352,-8.965,0,2
6.2968,-0.352,-8.965,0,2
6.2989,-0.352,-8.965,0,2
6.3009,-0.352,-8.965,0,2
6.3029,-0.352,-8.965,0,2
6.3048,-0.352,-8.965,0,2
6.3068,-0.352,-8.965,0,2
6.3089,-0.352,-8.965,0,2
6.3109,-0.352,-8.965,0,2
6.3128,-0.352,-8.965,0,2
6.3148,-0.352,-8.965,0,2
6.3169,-0.352,-8.965,0,2
6.3203,-0.352,-8.965,0,2
6.3211,-0.352,-8.965,0,2
6.3229,-0.352,-8.965,0,2
6.3274,-0.352,-8.965,0,2
6.3277,-0.352,-8.965,0,2
6.3288,-0.352,-8.965,0,2
6.3308,-0.352,-8.965,0,2
6.3328,-0.352,-8.965,0,2
6.3349,-0.352,-8.965,0,2
6.3368,-0.352,-8.965,0,2
6.3388,-0.352,-8.965,0,2
6.3408,-0.352,-8.965,0,2
6.3429,-0.352,-8.965,0,2
6.3449,-0.352,-8.965,0,2
6.3468,-0.352,-8.965,0,2
6.3489,-0.352,-8.965,0,2
6.3508,-0.352,-8.965,0,2
6.3528,-0.352,-8.965,0,2
6.3548,-0.352,-8.965,0,2
6.3569,-0.352,-8.965,0,2
6.3589,-0.352,-8.965,0,2
6.3608,-0.352,-8.965,0,2
6.3628,-0.352,-8.965,0,2
6.3649,-0.352,-8.965,0,2
6.3669,-0.352,-8.965,0,2
6.3688,-0.352,-8.965,0,2
6.3708,-0.352,-8.965,0,2
6.3729,-0.352,-8.965,0,2
6.3748,-0.352,-8.965,0,2
6.3769,-0.352,-8.965,0,2
6.3789,-0.352,-8.965,0,2
6.3809,-0.352,-8.965,0,2
6.3828,-0.352,-8.965,0,2
6.3849,-0.352,-8.965,0,2
6.3868,-0.352,-8.965,0,2
6.3888,-0.352,-8.965,0,2
6.3909,-0.352,-8.965,0,2
6.3929,-0.352,-8.965,0,2
6.3948,-0.352,-8.965,0,2
6.3968,-0.352,-8.965,0,2
6.3989,-0.352,-8.965,0,2
6.4014,-0.352,-8.965,0,2
6.4156,-0.352,-8.965,0,2
6.4177,-0.352,-8.965,0,2
6.4197,-0.352,-8.965,0,2
6.4217,-0.352,-8.965,0,2
6.4237,-0.352,-8.965,0,2
6.4274,-0.352,-8.965,0,2
6.4277,-0.352,-8.965,0,2
6.4297,-0.352,-9.141,0,2
6.4317,-0.352,-9.141,0,2
6.4336,-0.352,-9.141,0,2
6.4356,-0.352,-9.141,0,2
6.4376,-0.352,-9.141,0,2
6.4396,-0.352,-9.141,0,2
6.4417,-0.352,-9.141,0,2
6.4436,-0.352,-9.141,0,2
6.4456,-0.352,-9.141,0,2
6.4477,-0.352,-9.141,0,2
6.4497,-0.352,-9.141,0,2
6.4517,-0.352,-9.141,0,2
6.4536,-0.352,-9.141,0,2
6.4556,-0.352,-9.141,0,2
6.4577,-0.352,-9.141,0,2
6.4596,-0.352,-9.141,0,2
6.4617,-0.352,-9.141,0,2
6.4637,-0.352,-9.141,0,2
6.4657,-0.352,-9.141,0,2
6.4676,-0.352,-9.141,0,2
6.4697,-0.352,-9.141,0,2
6.4717,-0.352,-9.141,0,2
6.4737,-0.352,-9.141,0,2
6.4756,-0.352,-9.141,0,2
6.4777,-0.352,-9.141,0,2
6.4797,-0.352,-9.141,0,2
6.4816,-0.352,-9.141,0,2
6.4837,-0.352,-9.141,0,2
6.4857,-0.352,-9.141,0,2
6.4877,-0.352,-9.141,0,2
6.4897,-0.352,-9.141,0,2
6.4917,-0.352,-9.141,0,2
6.4936,-0.352,-9.141,0,2
6.4956,-0.352,-9.141,0,2
6.4977,-0.352,-9.141,0,2
6.4997,-0.352,-9.141,0,2
6.5017,-0.352,-9.141,0,2
6.5036,-0.352,-9.141,0,2
6.5057,-0.352,-9.141,0,2
6.5077,-0.352,-9.141,0,2
6.5097,-0.352,-9.141,0,2
6.5116,-0.352,-9.141,0,2
6.5137,-0.352,-9.141,0,2
6.5157,-0.352,-9.141,0,2
6.5177,-0.352,-9.141,0,2
6.5196,-0.352,-9.141,0,2
6.5217,-0.352,-9.141,0,2
6.5237,-0.352,-9.141,0,2
6.5271,-0.352,-9.141,0,2
6.5277,-0.352,-9.141,0,2
6.5296,-0.352,-9.141,0,2
6.5317,-0.352,-9.141,0,2
6.5337,-0.352,-9.141,0,2
6.5356,-0.352,-9.141,0,2
6.5377,-0.352,-9.141,0,2
6.5397,-0.352,-9.141,0,2
6.5416,-0.352,-9.141,0,2
6.5437,-0.352,-9.141,0,2
6.5457,-0.352,-9.141,0,2
6.5476,-0.352,-9.141,0,2
6.5497,-0.352,-9.141,0,2
6.5517,-0.352,-9.141,0,2
6.5537,-0.352,-9.141,0,2
6.5556,-0.352,-9.141,0,2
6.5577,-0.352,-9.141,0,2
6.5597,-0.352,-9.141,0,2
6.5617,-0.352,-9.141,0,2
6.5636,-0.352,-9.141,0,2
6.5657,-0.352,-9.141,0,2
6.5677,-0.352,-9.141,0,2
6.5697,-0.352,-9.141,0,2
6.5716,-0.352,-9.141,0,2
6.5736,-0.352,-9.141,0,2
6.5757,-0.352,-9.141,0,2
6.5777,-0.352,-9.141,0,2
6.5797,-0.352,-9.141,0,2
6.5817,-0.352,-9.141,0,2
6.5837,-0.352,-9.141,0,2
6.5856,-0.352,-9.141,0,2
6.5876,-0.352,-9.141,0,2
6.5897,-0.352,-9.141,0,2
6.5917,-0.352,-9.141,0,2
6.5936,-0.352,-9.141,0,2
6.5956,-0.352,-9.141,0,2
6.5977,-0.352,-9.141,0,2
6.5997,-0.352,-9.141,0,2
6.6016,-0.352,-9.141,0,2
6.6036,-0.352,-9.141,0,2
6.6057,-0.352,-9.141,0,2
6.6077,-0.352,-9.141,0,2
6.6096,-0.352,-9.141,0,2
6.6116,-0.352,-9.141,0,2
6.6137,-0.352,-9.141,0,2
6.6157,-0.352,-9.141,0,2
6.6177,-0.352,-9.141,0,2
6.6196,-0.352,-9.141,0,2
6.6217,-0.352,-9.141,0,2
6.6237,-0.352,-9.141,0,2
6.6271,-0.352,-9.141,0,2
6.6277,-0.352,-9.141,0,2
6.6296,-0.352,-9.141,0,2
6.6317,-0.352,-9.141,0,2
6.6337,-0.352,-9.141,0,2
6.6361,-0.352,-9.141,0,2
6.6377,-0.352,-9.141,0,2
6.6396,-0.352,-9.141,0,2
6.6417,-0.352,-9.141,0,2
6.6437,-0.352,-9.141,0,2
6.6456,-0.352,-9.141,0,2
6.6476,-0.352,-9.141,0,2
6.6497,-0.352,-9.141,0,2
6.6517,-0.352,-9.141,0,2
6.6537,-0.352,-9.141,0,2
6.6581,-0.352,-9.141,0,2
6.6589,-0.352,-9.141,0,2
6.6597,-0.352,-9.141,0,2
6.6621,-0.352,-9.141,0,2
6.6636,-0.352,-9.141,0,2
6.6656,-0.352,-9.141,0,2
6.6677,-0.352,-9.141,0,2
6.6697,-0.352,-9.141,0,2
6.6717,-0.352,-9.141,0,2
6.6737,-0.352,-9.141,0,2
6.6757,-0.352,-9.141,0,2
6.6777,-0.352,-9.141,0,2
6.6796,-0.352,-9.141,0,2
6.6817,-0.352,-9.141,0,2
6.6836,-0.352,-9.141,0,2
6.6857,-0.352,-9.141,0,2
6.6877,-0.352,-9.141,0,2
6.6896,-0.352,-9.141,0,2
6.6917,-0.352,-9.141,0,2
6.6937,-0.352,-9.141,0,2
6.6956,-0.352,-9.141,0,2
6.6977,-0.352,-9.141,0,2
6.6997,-0.352,-9.141,0,2
6.7016,-0.352,-9.141,0,2
6.7036,-0.352,-9.141,0,2
6.7057,-0.352,-9.141,0,2
6.7076,-0.352,-9.141,0,2
6.7096,-0.352,-9.141,0,2
6.7116,-0.352,-9.141,0,2
6.7137,-0.352,-9.141,0,2
6.7157,-0.352,-9.141,0,2
6.7177,-0.352,-9.141,0,2
6.7197,-0.352,-9.141,0,2
6.7216,-0.352,-9.141,0,2
6.7237,-0.352,-9.141,0,2
6.7274,-0.352,-9.141,0,2
6.7277,-0.352,-9.141,0,2
6.7297,-0.352,-9.141,0,2
6.7317,-0.352,-9.141,0,2
6.7336,-0.352,-9.141,0,2
6.7356,-0.352,-9.141,0,2
6.7377,-0.352,-9.141,0,2
6.7397,-0.352,-9.141,0,2
6.7417,-0.352,-9.141,0,2
6.7437,-0.352,-9.141,0,2
6.7456,-0.352,-9.141,0,2
6.7476,-0.352,-9.141,0,2
6.7497,-0.352,-9.141,0,2
6.7517,-0.352,-9.141,0,2
6.7537,-0.352,-9.141,0,2
6.7557,-0.352,-9.141,0,2
6.7577,-0.352,-9.141,0,2
6.7596,-0.352,-9.141,0,2
6.7616,-0.352,-9.141,0,2
6.7637,-0.352,-9.141,0,2
6.7657,-0.352,-9.141,0,2
6.7677,-0.352,-9.141,0,2
6.7697,-0.352,-9.141,0,2
6.7717,-0.352,-9.141,0,2
6.7736,-0.352,-9.141,0,2
6.7756,-0.352,-9.141,0,2
6.7777,-0.352,-9.141,0,2
6.7797,-0.352,-9.141,0,2
6.7816,-0.352,-9.141,0,2
6.7836,-0.352,-9.141,0,2
6.7863,-0.352,-9.141,0,2
6.7876,-0.352,-9.141,0,2
6.7897,-0.352,-9.141,0,2
6.7917,-0.352,-9.141,0,2
6.7937,-0.352,-9.141,0,2
6.7956,-0.352,-9.141,0,2
6.7977,-0.352,-9.141,0,2
6.7997,-0.352,-9.141,0,2
6.8017,-0.352,-9.141,0,2
6.8037,-0.352,-9.141,0,2
6.8056,-0.352,-9.141,0,2
6.8076,-0.352,-9.141,0,2
6.8096,-0.352,-9.141,0,2
6.8117,-0.352,-9.141,0,2
6.8137,-0.352,-9.141,0,2
6.8157,-0.352,-9.141,0,2
6.8176,-0.352,-9.141,0,2
6.8197,-0.352,-9.141,0,2
6.8217,-0.352,-9.141,0,2
6.8237,-0.352,-9.141,0,2
6.8271,-0.352,-9.141,0,2
6.8276,-0.352,-9.141,0,2
6.8297,-0.352,-9.141,0,2
6.8317,-0.352,-9.141,0,2
6.8336,-0.352,-9.141,0,2
6.8356,-0.352,-9.141,0,2
6.8377,-0.352,-9.141,0,2
6.8397,-0.352,-9.141,0,2
6.8416,-0.352,-9.141,0,2
6.8437,-0.352,-9.141,0,2
6.8457,-0.352,-9.141,0,2
6.8476,-0.352,-9.141,0,2
6.8496,-0.352,-9.141,0,2
6.8517,-0.352,-9.141,0,2
6.8537,-0.352,-9.141,0,2
6.8557,-0.352,-9.141,0,2
6.8576,-0.352,-9.141,0,2
6.8597,-0.352,-9.141,0,2
6.8616,-0.352,-9.141,0,2
6.8636,-0.352,-9.141,0,2
6.8657,-0.352,-9.141,0,2
6.8677,-0.352,-9.141,0,2
6.8697,-0.352,-9.141,0,2
6.8716,-0.352,-9.141,0,2
6.8737,-0.352,-9.141,0,2
6.8757,-0.352,-9.141,0,2
6.8777,-0.352,-9.141,0,2
6.8796,-0.352,-9.141,0,2
6.8817,-0.352,-9.141,0,2
6.8837,-0.352,-9.141,0,2
6.8857,-0.352,-9.141,0,2
6.8877,-0.352,-9.141,0,2
6.8897,-0.352,-9.141,0,2
6.8916,-0.352,-9.141,0,2
6.8937,-0.352,-9.141,0,2
6.8957,-0.352,-9.141,0,2
6.8977,-0.352,-9.141,0,2
6.8997,-0.352,-9.141,0,2
6.9017,-0.352,-9.141,0,2
6.9036,-0.352,-9.141,0,2
6.9057,-0.352,-9.141,0,2
6.9076,-0.352,-9.141,0,2
6.9097,-0.352,-9.141,0,2
6.9117,-0.352,-9.141,0,2
6.9137,-0.352,-9.141,0,2
6.9157,-0.352,-9.141,0,2
6.9176,-0.352,-9.141,0,2
6.9196,-0.352,-9.141,0,2
6.9217,-0.352,-9.141,0,2
6.9237,-0.352,-9.141,0,2
6.9273,-0.352,-9.141,0,2
6.9276,-0.352,-9.141,0,2
6.9297,-0.352,-9.141,0,2
6.9317,-0.352,-9.141,0,2
6.9337,-0.352,-9.141,0,2
6.9357,-0.352,-9.141,0,2
6.9376,-0.352,-9.141,0,2
6.9397,-0.352,-9.141,0,2
6.9417,-0.352,-9.141,0,2
6.9436,-0.352,-9.141,0,2
6.9456,-0.352,-9.141,0,2
6.9477,-0.352,-9.141,0,2
6.9497,-0.352,-9.141,0,2
6.9517,-0.352,-9.141,0,2
6.9536,-0.352,-9.141,0,2
6.9557,-0.352,-9.141,0,2
6.9577,-0.352,-9.141,0,2
6.9597,-0.352,-9.141,0,2
6.9617,-0.352,-9.141,0,2
6.9636,-0.352,-9.141,0,2
6.9657,-0.352,-9.141,0,2
6.9677,-0.352,-9.141,0,2
6.9697,-0.352,-9.141,0,2
6.9716,-0.352,-9.141,0,2
6.9736,-0.352,-9.141,0,2
6.9757,-0.352,-9.141,0,2
6.9777,-0.352,-9.141,0,2
6.9797,-0.352,-9.141,0,2
6.9816,-0.352,-9.141,0,2
6.9836,-0.352,-9.141,0,2
6.9857,-0.352,-9.141,0,2
6.9877,-0.352,-9.141,0,2
6.9896,-0.352,-9.141,0,2
6.9917,-0.352,-9.141,0,2
6.9936,-0.352,-9.141,0,2
6.9957,-0.352,-9.141,0,2
6.9977,-0.352,-9.141,0,2
6.9997,-0.352,-9.141,0,2
7.0016,-0.352,-9.141,0,2
7.0036,-0.352,-9.141,0,2
7.0057,-0.352,-9.141,0,2
7.0077,-0.352,-9.141,0,2
7.0097,-0.352,-9.141,0,2
7.0116,-0.352,-9.141,0,2
7.0137,-0.352,-9.141,0,2
7.0157,-0.352,-9.141,0,2
7.0177,-0.352,-9.141,0,2
7.0197,-0.352,-9.141,0,2
7.0216,-0.352,-9.141,0,2
7.0237,-0.352,-9.141,0,2
7.0271,-0.352,-9.141,0,2
7.0277,-0.352,-9.141,0,2
7.0297,-0.352,-9.141,0,2
7.0440,-0.352,-9.141,0,2
7.0462,-0.352,-9.141,0,2
7.0481,-0.352,-9.141,0,2
7.0501,-0.352,-9.141,0,2
7.0521,-0.352,-9.141,0,2
7.0541,-0.352,-9.141,0,2
7.0561,-0.352,-9.141,0,2
7.0581,-0.352,-9.141,0,2
7.0602,-0.352,-9.141,0,2
7.0621,-0.352,-9.141,0,2
7.0641,-0.352,-9.141,0,2
7.0661,-0.352,-9.141,0,2
7.0681,-0.352,-9.141,0,2
7.0701,-0.352,-9.141,0,2
7.0721,-0.352,-9.141,0,2
7.0741,-0.352,-9.141,0,2
7.0761,-0.352,-9.141,0,2
7.0782,-0.352,-9.141,0,2
7.0801,-0.352,-9.141,0,2
7.0821,-0.352,-9.141,0,2
7.0841,-0.352,-9.141,0,2
7.0861,-0.352,-9.141,0,2
7.0881,-0.352,-9.141,0,2
7.0901,-0.352,-9.141,0,2
7.0921,-0.352,-9.141,0,2
7.0942,-0.352,-9.141,0,2
7.0961,-0.352,-9.141,0,2
7.0981,-0.352,-9.141,0,2
7.1001,-0.352,-9.141,0,2
7.1021,-0.352,-9.141,0,2
7.1041,-0.352,-9.141,0,2
7.1061,-0.352,-9.141,0,2
7.1081,-0.352,-9.141,0,2
7.1101,-0.352,-9.141,0,2
7.1121,-0.352,-9.141,0,2
7.1141,-0.352,-9.141,0,2
7.1161,-0.352,-9.141,0,2
7.1181,-0.352,-9.141,0,2
7.1201,-0.352,-9.141,0,2
7.1221,-0.352,-9.141,0,2
7.1242,-0.352,-9.141,0,2
7.1276,-0.352,-9.141,0,2
7.1281,-0.352,-9.141,0,2
7.1302,-0.352,-9.141,0,2
7.1320,-0.352,-9.141,0,2
7.1341,-0.352,-9.141,0,2
7.1361,-0.352,-9.141,0,2
7.1381,-0.352,-9.141,0,2
7.1401,-0.352,-9.141,0,2
7.1421,-0.352,-9.141,0,2
7.1442,-0.352,-9.141,0,2
7.1461,-0.352,-9.141,0,2
7.1481,-0.352,-9.141,0,2
7.1501,-0.352,-9.141,0,2
7.1521,-0.352,-9.141,0,2
7.1541,-0.352,-9.141,0,2
7.1561,-0.352,-9.141,0,2
7.1582,-0.352,-9.141,0,2
7.1601,-0.352,-9.141,0,2
7.1621,-0.352,-9.141,0,2
7.1641,-0.352,-9.141,0,2
7.1662,-0.352,-9.141,0,2
7.1681,-0.352,-9.141,0,2
7.1701,-0.352,-9.141,0,2
7.1721,-0.352,-9.141,0,2
7.1741,-0.352,-9.141,0,2
7.1760,-0.352,-9.141,0,2
7.1781,-0.352,-9.141,0,2
7.1801,-0.352,-9.141,0,2
7.1821,-0.352,-9.141,0,2
7.1841,-0.352,-9.141,0,2
7.1862,-0.352,-9.141,0,2
7.1881,-0.352,-9.141,0,2
7.1901,-0.352,-9.141,0,2
7.1921,-0.352,-9.141,0,2
7.1941,-0.352,-9.141,0,2
7.1961,-0.352,-9.141,0,2
7.1982,-0.352,-9.141,0,2
7.2001,-0.352,-9.141,0,2
7.2021,-0.352,-9.141,0,2
7.2041,-0.352,-9.141,0,2
7.2061,-0.352,-9.141,0,2
7.2082,-0.352,-9.141,0,2
7.2102,-0.352,-9.141,0,2
7.2121,-0.352,-9.141,0,2
7.2141,-0.352,-9.141,0,2
7.2161,-0.352,-9.141,0,2
7.2181,-0.352,-9.141,0,2
7.2200,-0.352,-9.141,0,2
7.2221,-0.352,-9.141,0,2
7.2241,-0.352,-9.141,0,2
7.2271,-0.352,-9.141,0,2
7.2281,-0.352,-9.141,0,2
7.2302,-0.352,-9.141,0,2
7.2320,-0.352,-9.141,0,2
7.2341,-0.352,-9.141,0,2
7.2361,-0.352,-9.141,0,2
7.2381,-0.352,-9.141,0,2
7.2401,-0.352,-9.141,0,2
7.2422,-0.352,-9.141,0,2
7.2440,-0.352,-9.141,0,2
7.2461,-0.352,-9.141,0,2
7.2481,-0.352,-9.141,0,2
7.2536,-0.352,-9.141,0,2
7.2543,-0.352,-9.141,0,2
7.2545,-0.352,-9.141,0,2
7.2561,-0.352,-9.141,0,2
7.2586,-0.352,-9.141,0,2
7.2601,-0.352,-9.141,0,2
7.2621,-0.352,-9.141,0,2
7.2641,-0.352,-9.141,0,2
7.2662,-0.352,-9.141,0,2
7.2681,-0.352,-9.141,0,2
7.2701,-0.352,-9.141,0,2
7.2721,-0.352,-9.141,0,2
7.2741,-0.352,-9.141,0,2
7.2761,-0.352,-9.141,0,2
7.2781,-0.352,-9.141,0,2
7.2802,-0.352,-9.141,0,2
7.2821,-0.352,-9.141,0,2
7.2841,-0.352,-9.141,0,2
7.2861,-0.352,-9.141,0,2
7.2881,-0.352,-9.141,0,2
7.2902,-0.352,-9.141,0,2
7.2921,-0.352,-9.141,0,2
7.2940,-0.352,-9.141,0,2
7.2961,-0.352,-9.141,0,2
7.2981,-0.352,-9.141,0,2
7.3002,-0.352,-9.141,0,2
7.3021,-0.352,-9.141,0,2
7.3041,-0.352,-9.141,0,2
7.3061,-0.352,-9.141,0,2
7.3082,-0.352,-9.141,0,2
7.3101,-0.352,-9.141,0,2
7.3121,-0.352,-9.141,0,2
7.3141,-0.352,-9.141,0,2
7.3161,-0.352,-9.141,0,2
7.3182,-0.352,-9.141,0,2
7.3201,-0.352,-9.141,0,2
7.3221,-0.352,-9.141,0,2
7.3241,-0.352,-9.141,0,2
7.3274,-0.352,-9.141,0,2
7.3281,-0.352,-9.141,0,2
7.3300,-0.352,-9.141,0,2
7.3321,-0.352,-9.141,0,2
7.3341,-0.352,-9.141,0,2
7.3361,-0.352,-9.141,0,2
7.3381,-0.352,-9.141,0,2
7.3400,-0.352,-9.141,0,2
7.3421,-0.352,-9.141,0,2
7.3441,-0.352,-9.141,0,2
7.3461,-0.352,-9.141,0,2
7.3480,-0.352,-9.141,0,2
7.3501,-0.352,-9.141,0,2
7.3521,-0.352,-9.141,0,2
7.3541,-0.352,-9.141,0,2
7.3562,-0.352,-9.141,0,2
7.3581,-0.352,-9.141,0,2
7.3601,-0.352,-9.141,0,2
7.3621,-0.352,-9.141,0,2
7.3641,-0.352,-9.141,0,2
7.3660,-0.352,-9.141,0,2
7.3681,-0.352,-9.141,0,2
7.3701,-0.352,-9.141,0,2
7.3721,-0.352,-9.141,0,2
7.3741,-0.352,-9.141,0,2
7.3761,-0.352,-9.141,0,2
7.3781,-0.352,-9.141,0,2
7.3801,-0.352,-9.141,0,2
7.3822,-0.352,-9.141,0,2
7.3841,-0.352,-9.141,0,2
7.3861,-0.352,-9.141,0,2
7.3882,-0.352,-9.141,0,2
7.3901,-0.352,-9.141,0,2
7.3920,-0.352,-9.141,0,2
7.3942,-0.352,-9.141,0,2
7.3961,-0.352,-9.141,0,2
7.3981,-0.352,-9.141,0,2
7.4001,-0.352,-9.141,0,2
7.4021,-0.352,-9.141,0,2
7.4041,-0.352,-9.141,0,2
7.4062,-0.352,-9.141,0,2
7.4081,-0.352,-9.141,0,2
7.4228,-0.352,-9.141,0,2
7.4283,-0.352,-9.141,0,2
7.4287,-0.352,-9.141,0,2
7.4289,-0.352,-9.141,0,2
7.4309,-0.352,-9.141,0,2
7.4329,-0.352,-9.141,0,2
7.4349,-0.352,-9.141,0,2
7.4369,-0.352,-9.141,0,2
7.4388,-0.352,-9.141,0,2
7.4409,-0.352,-9.141,0,2
7.4429,-0.352,-9.141,0,2
7.4448,-0.352,-9.141,0,2
7.4469,-0.352,-9.141,0,2
7.4489,-0.352,-9.141,0,2
7.4509,-0.352,-9.141,0,2
7.4529,-0.352,-9.141,0,2
7.4549,-0.352,-9.141,0,2
7.4570,-0.352,-9.141,0,2
7.4589,-0.352,-9.141,0,2
7.4608,-0.352,-9.141,0,2
7.4629,-0.352,-9.141,0,2
7.4648,-0.352,-9.141,0,2
7.4669,-0.352,-9.141,0,2
7.4689,-0.352,-9.141,0,2
7.4709,-0.352,-9.141,0,2
7.4729,-0.352,-9.141,0,2
7.4749,-0.352,-9.141,0,2
7.4769,-0.352,-9.141,0,2
7.4789,-0.352,-9.141,0,2
7.4809,-0.352,-9.141,0,2
7.4829,-0.352,-9.141,0,2
7.4850,-0.352,-9.141,0,2
7.4869,-0.352,-9.141,0,2
7.4889,-0.352,-9.141,0,2
7.4909,-0.352,-9.141,0,2
7.4929,-0.352,-9.141,0,2
7.4949,-0.352,-9.141,0,2
7.4969,-0.352,-9.141,0,2
7.4989,-0.352,-9.141,0,2
7.5009,-0.352,-9.141,0,2
7.5057,-0.352,-9.141,0,2
7.5066,-0.352,-9.141,0,2
7.5070,-0.352,-9.141,0,2
7.5090,-0.352,-9.141,0,2
7.5109,-0.352,-9.141,0,2
7.5129,-0.352,-9.141,0,2
7.5149,-0.352,-9.141,0,2
7.5169,-0.352,-9.141,0,2
7.5188,-0.352,-9.141,0,2
7.5209,-0.352,-9.141,0,2
7.5229,-0.352,-9.141,0,2
7.5274,-0.352,-9.141,0,2
7.5277,-0.352,-9.141,0,2
7.5289,-0.352,-9.141,0,2
7.5309,-0.352,-9.141,0,2
7.5329,-0.352,-9.141,0,2
7.5349,-0.352,-9.141,0,2
7.5369,-0.352,-9.141,0,2
7.5389,-0.352,-9.141,0,2
7.5408,-0.352,-9.141,0,2
7.5429,-0.352,-9.141,0,2
7.5449,-0.352,-9.141,0,2
7.5469,-0.352,-9.141,0,2
7.5489,-0.352,-9.141,0,2
7.5509,-0.352,-9.141,0,2
7.5529,-0.352,-9.141,0,2
7.5549,-0.352,-9.141,0,2
7.5569,-0.352,-9.141,0,2
7.5588,-0.352,-9.141,0,2
7.5609,-0.352,-9.141,0,2
7.5629,-0.352,-9.141,0,2
7.5650,-0.352,-9.141,0,2
7.5670,-0.352,-9.141,0,2
7.5688,-0.352,-9.141,0,2
7.5709,-0.352,-9.141,0,2
7.5729,-0.352,-9.141,0,2
7.5748,-0.352,-9.141,0,2
7.5770,-0.352,-9.141,0,2
7.5789,-0.352,-9.141,0,2
7.5809,-0.352,-9.141,0,2
7.5829,-0.352,-9.141,0,2
7.5850,-0.352,-9.141,0,2
7.5869,-0.352,-9.141,0,2
7.5889,-0.352,-9.141,0,2
7.5909,-0.352,-9.141,0,2
7.5930,-0.352,-9.141,0,2
7.6074,-0.352,-9.141,0,2
7.6095,-0.352,-9.141,0,2
7.6117,-0.352,-9.141,0,2
7.6135,-0.352,-9.141,0,2
7.6155,-0.352,-9.141,0,2
7.6175,-0.352,-9.141,0,2
7.6195,-0.352,-9.141,0,2
7.6215,-0.352,-9.141,0,2
7.6235,-0.352,-9.141,0,2
7.6275,-0.352,-9.141,0,2
7.6278,-0.352,-9.141,0,2
7.6295,-0.352,-9.141,0,2
7.6315,-0.352,-9.141,0,2
7.6335,-0.352,-9.141,0,2
7.6356,-0.352,-9.141,0,2
7.6375,-0.352,-9.141,0,2
7.6395,-0.352,-9.141,0,2
7.6415,-0.352,-9.141,0,2
7.6434,-0.352,-9.141,0,2
7.6455,-0.352,-9.141,0,2
7.6475,-0.352,-9.141,0,2
7.6495,-0.352,-9.141,0,2
7.6515,-0.352,-9.141,0,2
7.6535,-0.352,-9.141,0,2
7.6555,-0.352,-9.141,0,2
7.6575,-0.352,-9.141,0,2
7.6595,-0.352,-9.141,0,2
7.6614,-0.352,-9.141,0,2
7.6635,-0.352,-9.141,0,2
7.6655,-0.352,-9.141,0,2
7.6674,-0.352,-9.141,0,2
7.6695,-0.352,-9.141,0,2
7.6715,-0.352,-9.141,0,2
7.6735,-0.352,-9.141,0,2
7.6755,-0.352,-9.141,0,2
7.6775,-0.352,-9.141,0,2
7.6795,-0.352,-9.141,0,2
7.6815,-0.352,-9.141,0,2
7.6835,-0.352,-9.141,0,2
7.6854,-0.352,-9.141,0,2
7.6875,-0.352,-9.141,0,2
7.6895,-0.352,-9.141,0,2
7.6915,-0.352,-9.141,0,2
7.6936,-0.352,-9.141,0,2
7.6955,-0.352,-9.141,0,2
7.6975,-0.352,-9.141,0,2
7.6995,-0.352,-9.141,0,2
7.7015,-0.352,-9.141,0,2
7.7034,-0.352,-9.141,0,2
7.7055,-0.352,-9.141,0,2
7.7075,-0.352,-9.141,0,2
7.7096,-0.352,-9.141,0,2
7.7115,-0.352,-9.141,0,2
7.7135,-0.352,-9.141,0,2
7.7155,-0.352,-9.141,0,2
7.7175,-0.352,-9.141,0,2
7.7195,-0.352,-9.141,0,2
7.7215,-0.352,-9.141,0,2
7.7235,-0.352,-9.141,0,2
7.7272,-0.352,-9.141,0,2
7.7276,-0.352,-9.141,0,2
7.7295,-0.352,-9.141,0,2
7.7315,-0.352,-9.141,0,2
7.7335,-0.352,-9.141,0,2
7.7356,-0.352,-9.141,0,2
7.7375,-0.352,-9.141,0,2
7.7395,-0.352,-9.141,0,2
7.7415,-0.352,-9.141,0,2
7.7435,-0.352,-9.141,0,2
7.7456,-0.352,-9.141,0,2
7.7479,-0.352,-9.141,0,2
7.7494,-0.352,-9.141,0,2
7.7515,-0.352,-9.141,0,2
7.7534,-0.352,-9.141,0,2
7.7555,-0.352,-9.141,0,2
7.7575,-0.352,-9.141,0,2
7.7595,-0.352,-9.141,0,2
7.7614,-0.352,-9.141,0,2
7.7635,-0.352,-9.141,0,2
7.7655,-0.352,-9.141,0,2
7.7675,-0.352,-9.141,0,2
7.7695,-0.352,-9.141,0,2
7.7715,-0.352,-9.141,0,2
7.7735,-0.352,-9.141,0,2
7.7756,-0.352,-9.141,0,2
7.7775,-0.352,-9.141,0,2
7.7795,-0.352,-9.141,0,2
7.7815,-0.352,-9.141,0,2
7.7835,-0.352,-9.141,0,2
7.7856,-0.352,-9.141,0,2
7.7875,-0.352,-9.141,0,2
7.7895,-0.352,-9.141,0,2
7.7915,-0.352,-9.141,0,2
7.7934,-0.352,-9.141,0,2
7.7955,-0.352,-9.141,0,2
7.7975,-0.352,-9.141,0,2
7.7995,-0.352,-9.141,0,2
7.8016,-0.352,-9.141,0,2
7.8035,-0.352,-9.141,0,2
7.8055,-0.352,-9.141,0,2
7.8074,-0.352,-9.141,0,2
7.8095,-0.352,-9.141,0,2
7.8115,-0.352,-9.141,0,2
7.8135,-0.352,-9.141,0,2
7.8156,-0.352,-9.141,0,2
7.8208,-0.352,-9.141,0,2
7.8216,-0.352,-9.141,0,2
7.8219,-0.352,-9.141,0,2
7.8235,-0.352,-9.141,0,2
7.8276,-0.352,-9.141,0,2
7.8280,-0.352,-9.141,0,2
7.8295,-0.352,-9.141,0,2
7.8315,-0.352,-9.141,0,2
7.8334,-0.352,-9.141,0,2
7.8354,-0.352,-9.141,0,2
7.8375,-0.352,-9.141,0,2
7.8395,-0.352,-9.141,0,2
7.8415,-0.352,-9.141,0,2
7.8435,-0.352,-9.141,0,2
7.8455,-0.352,-9.141,0,2
7.8475,-0.352,-9.141,0,2
7.8495,-0.352,-9.141,0,2
7.8515,-0.352,-9.141,0,2
7.8535,-0.352,-9.141,0,2
7.8555,-0.352,-9.141,0,2
7.8575,-0.352,-9.141,0,2
7.8595,-0.352,-9.141,0,2
7.8615,-0.352,-9.141,0,2
7.8635,-0.352,-9.141,0,2
7.8655,-0.352,-9.141,0,2
7.8675,-0.352,-9.141,0,2
7.8695,-0.352,-9.141,0,2
7.8720,-0.352,-9.141,0,2
7.8735,-0.352,-9.141,0,2
7.8755,-0.352,-9.141,0,2
7.8775,-0.352,-9.141,0,2
7.8795,-0.352,-9.141,0,2
7.8814,-0.352,-9.141,0,2
7.8835,-0.352,-9.141,0,2
7.8856,-0.352,-9.141,0,2
7.8875,-0.352,-9.141,0,2
7.8895,-0.352,-9.141,0,2
7.8915,-0.352,-9.141,0,2
7.8935,-0.352,-9.141,0,2
7.8955,-0.352,-9.141,0,2
7.8975,-0.352,-9.141,0,2
7.8995,-0.352,-9.141,0,2
7.9015,-0.352,-9.141,0,2
7.9035,-0.352,-9.141,0,2
7.9055,-0.352,-9.141,0,2
7.9075,-0.352,-9.141,0,2
7.9095,-0.352,-9.141,0,2
7.9115,-0.352,-9.141,0,2
7.9135,-0.352,-9.141,0,2
7.9155,-0.352,-9.141,0,2
7.9174,-0.352,-9.141,0,2
7.9195,-0.352,-9.141,0,2
7.9215,-0.352,-9.141,0,2
7.9235,-0.352,-9.141,0,2
7.9273,-0.352,-9.141,0,2
7.9276,-0.352,-9.141,0,2
7.9295,-0.352,-9.141,0,2
7.9437,-0.352,-9.141,0,2
7.9458,-0.352,-9.141,0,2
7.9480,-0.352,-9.141,0,2
7.9498,-0.352,-9.141,0,2
7.9518,-0.352,-9.141,0,2
7.9537,-0.352,-9.141,0,2
7.9558,-0.352,-9.141,0,2
7.9577,-0.352,-9.141,0,2
7.9597,-0.352,-9.141,0,2
7.9617,-0.352,-9.141,0,2
7.9642,-0.352,-9.141,0,2
7.9658,-0.352,-9.141,0,2
7.9677,-0.352,-9.141,0,2
7.9697,-0.352,-9.141,0,2
7.9718,-0.352,-9.141,0,2
7.9738,-0.352,-9.141,0,2
7.9758,-0.352,-9.141,0,2
7.9777,-0.352,-9.141,0,2
7.9797,-0.352,-9.141,0,2
7.9817,-0.352,-9.141,0,2
7.9837,-0.352,-9.141,0,2
7.9857,-0.352,-9.141,0,2
7.9877,-0.352,-9.141,0,2
7.9898,-0.352,-9.141,0,2
7.9918,-0.352,-9.141,0,2
7.9937,-0.352,-9.141,0,2
7.9957,-0.352,-9.141,0,2
7.9977,-0.352,-9.141,0,2
8.0018,-0.352,-9.141,0,2
8.0026,-0.352,-9.141,0,2
8.0037,-0.352,-9.141,0,2
8.0057,-0.352,-9.141,0,2
8.0077,-0.352,-9.141,0,2
8.0097,-0.352,-9.141,0,2
8.0117,-0.352,-9.141,0,2
8.0137,-0.352,-9.141,0,2
8.0157,-0.352,-9.141,0,2
8.0177,-0.352,-9.141,0,2
8.0197,-0.352,-9.141,0,2
8.0218,-0.352,-9.141,0,2
8.0237,-0.352,-9.141,0,2
8.0285,-0.352,-9.141,0,2
8.0291,-0.352,-9.141,0,2
8.0297,-0.352,-9.141,0,2
8.0318,-0.352,-9.141,0,2
8.0337,-0.352,-9.141,0,2
8.0357,-0.352,-9.141,0,2
8.0377,-0.352,-9.141,0,2
8.0398,-0.352,-9.141,0,2
8.0417,-0.352,-9.141,0,2
8.0438,-0.352,-9.141,0,2
8.0457,-0.352,-9.141,0,2
8.0478,-0.352,-9.141,0,2
8.0497,-0.352,-9.141,0,2
8.0517,-0.352,-9.141,0,2
8.0537,-0.352,-9.141,0,2
8.0557,-0.352,-9.141,0,2
8.0577,-0.352,-9.141,0,2
8.0597,-0.352,-9.141,0,2
8.0618,-0.352,-9.141,0,2
8.0637,-0.352,-9.141,0,2
8.0657,-0.352,-9.141,0,2
8.0677,-0.352,-9.141,0,2
8.0832,-0.352,-9.141,0,2
8.0853,-0.352,-9.141,0,2
8.0874,-0.352,-9.141,0,2
8.0893,-0.352,-9.141,0,2
8.0913,-0.352,-9.141,0,2
8.0932,-0.352,-9.141,0,2
8.0953,-0.352,-9.141,0,2
8.0973,-0.352,-9.141,0,2
8.0992,-0.352,-9.141,0,2
8.1013,-0.352,-9.141,0,2
8.1033,-0.352,-9.141,0,2
8.1053,-0.352,-9.141,0,2
8.1073,-0.352,-9.141,0,2
8.1093,-0.352,-9.141,0,2
8.1112,-0.352,-9.141,0,2
8.1133,-0.352,-9.141,0,2
8.1153,-0.352,-9.141,0,2
8.1172,-0.352,-9.141,0,2
8.1192,-0.352,-9.141,0,2
8.1212,-0.352,-9.141,0,2
8.1233,-0.352,-9.141,0,2
8.1275,-0.352,-9.141,0,2
8.1279,-0.352,-9.141,0,2
8.1292,-0.352,-9.141,0,2
8.1313,-0.352,-9.141,0,2
8.1333,-0.352,-9.141,0,2
8.1353,-0.352,-9.141,0,2
8.1372,-0.352,-9.141,0,2
8.1392,-0.352,-9.141,0,2
8.1413,-0.352,-9.141,0,2
8.1432,-0.352,-9.141,0,2
8.1453,-0.352,-9.141,0,2
8.1473,-0.352,-9.141,0,2
8.1493,-0.352,-9.141,0,2
8.1512,-0.352,-9.141,0,2
8.1532,-0.352,-9.141,0,2
8.1553,-0.352,-9.141,0,2
8.1573,-0.352,-9.141,0,2
8.1592,-0.352,-9.141,0,2
8.1612,-0.352,-9.141,0,2
8.1633,-0.352,-9.141,0,2
8.1653,-0.352,-9.141,0,2
8.1672,-0.352,-9.141,0,2
8.1692,-0.352,-9.141,0,2
8.1713,-0.352,-9.141,0,2
8.1733,-0.352,-9.141,0,2
8.1753,-0.352,-9.141,0,2
8.1772,-0.352,-9.141,0,2
8.1792,-0.352,-9.141,0,2
8.1813,-0.352,-9.141,0,2
8.1833,-0.352,-9.141,0,2
8.1852,-0.352,-9.141,0,2
8.1872,-0.352,-9.141,0,2
8.1893,-0.352,-9.141,0,2
8.1913,-0.352,-9.141,0,2
8.1932,-0.352,-9.141,0,2
8.1952,-0.352,-9.141,0,2
8.1972,-0.352,-9.141,0,2
8.1992,-0.352,-9.141,0,2
8.2013,-0.352,-9.141,0,2
8.2033,-0.352,-9.141,0,2
8.2052,-0.352,-9.141,0,2
8.2073,-0.352,-9.141,0,2
8.2131,-0.352,-9.141,0,2
8.2140,-0.352,-9.141,0,2
8.2142,-0.352,-9.141,0,2
8.2153,-0.352,-9.141,0,2
8.2174,-0.352,-9.141,0,2
8.2192,-0.352,-9.141,0,2
8.2213,-0.352,-9.141,0,2
8.2233,-0.352,-9.141,0,2
8.2274,-0.352,-9.141,0,2
8.2277,-0.352,-9.141,0,2
8.2293,-0.352,-9.141,0,2
8.2313,-0.352,-9.141,0,2
8.2333,-0.352,-9.141,0,2
8.2352,-0.352,-9.141,0,2
8.2372,-0.352,-9.141,0,2
8.2393,-0.352,-9.141,0,2
8.2413,-0.352,-9.141,0,2
8.2432,-0.352,-9.141,0,2
8.2453,-0.352,-9.141,0,2
8.2473,-0.352,-9.141,0,2
8.2493,-0.352,-9.141,0,2
8.2513,-0.352,-9.141,0,2
8.2532,-0.352,-9.141,0,2
8.2552,-0.352,-9.141,0,2
8.2573,-0.352,-9.141,0,2
8.2593,-0.352,-9.141,0,2
8.2613,-0.352,-9.141,0,2
8.2633,-0.352,-9.141,0,2
8.2653,-0.352,-9.141,0,2
8.2672,-0.352,-9.141,0,2
8.2693,-0.352,-9.141,0,2
8.2713,-0.352,-9.141,0,2
8.2733,-0.352,-9.141,0,2
8.2752,-0.352,-9.141,0,2
8.2773,-0.352,-9.141,0,2
8.2794,-0.352,-9.141,0,2
8.2813,-0.352,-9.141,0,2
8.2833,-0.352,-9.141,0,2
8.2853,-0.352,-9.141,0,2
8.2872,-0.352,-9.141,0,2
8.2892,-0.352,-9.141,0,2
8.2913,-0.352,-9.141,0,2
8.2933,-0.352,-9.141,0,2
8.2952,-0.352,-9.141,0,2
8.2972,-0.352,-9.141,0,2
8.2993,-0.352,-9.141,0,2
8.3013,-0.352,-9.141,0,2
8.3033,-0.352,-9.141,0,2
8.3053,-0.352,-9.141,0,2
8.3073,-0.352,-9.141,0,2
8.3092,-0.352,-9.141,0,2
8.3113,-0.352,-9.141,0,2
8.3133,-0.352,-9.141,0,2
8.3153,-0.352,-9.141,0,2
8.3172,-0.352,-9.141,0,2
8.3192,-0.352,-9.141,0,2
8.3213,-0.352,-9.141,0,2
8.3233,-0.352,-9.141,0,2
8.3271,-0.352,-9.141,0,2
8.3275,-0.352,-9.141,0,2
8.3293,-0.352,-9.141,0,2
8.3313,-0.352,-9.141,0,2
8.3333,-0.352,-9.141,0,2
8.3352,-0.352,-9.141,0,2
8.3372,-0.352,-9.141,0,2
8.3393,-0.352,-9.141,0,2
8.3413,-0.352,-9.141,0,2
8.3432,-0.352,-9.141,0,2
8.3452,-0.352,-9.141,0,2
8.3473,-0.352,-9.141,0,2
8.3493,-0.352,-9.141,0,2
8.3513,-0.352,-9.141,0,2
8.3532,-0.352,-9.141,0,2
8.3553,-0.352,-9.141,0,2
8.3573,-0.352,-9.141,0,2
8.3592,-0.352,-9.141,0,2
8.3612,-0.352,-9.141,0,2
8.3633,-0.352,-9.141,0,2
8.3653,-0.352,-9.141,0,2
8.3672,-0.352,-9.141,0,2
8.3692,-0.352,-9.141,0,2
8.3713,-0.352,-9.141,0,2
8.3733,-0.352,-9.141,0,2
8.3753,-0.352,-9.141,0,2
8.3772,-0.352,-9.141,0,2
8.3913,-0.352,-9.141,0,2
8.3934,-0.352,-9.141,0,2
8.3953,-0.352,-9.141,0,2
8.3973,-0.352,-9.141,0,2
8.3994,-0.352,-9.141,0,2
8.4013,-0.352,-9.141,0,2
8.4033,-0.352,-9.141,0,2
8.4053,-0.352,-9.141,0,2
8.4073,-0.352,-9.141,0,2
8.4093,-0.352,-9.141,0,2
8.4114,-0.352,-9.141,0,2
8.4133,-0.352,-9.141,0,2
8.4153,-0.352,-9.141,0,2
8.4173,-0.352,-9.141,0,2
8.4194,-0.352,-9.141,0,2
8.4214,-0.352,-9.141,0,2
8.4233,-0.352,-9.141,0,2
8.4276,-0.352,-9.141,0,2
8.4278,-0.352,-9.141,0,2
8.4294,-0.352,-9.141,0,2
8.4314,-0.352,-9.141,0,2
8.4333,-0.352,-9.141,0,2
8.4353,-0.352,-9.141,0,2
8.4373,-0.352,-9.141,0,2
8.4394,-0.352,-9.141,0,2
8.4413,-0.352,-9.141,0,2
8.4433,-0.352,-9.141,0,2
8.4454,-0.352,-9.141,0,2
8.4473,-0.352,-9.141,0,2
8.4494,-0.352,-9.141,0,2
8.4514,-0.352,-9.141,0,2
8.4533,-0.352,-9.141,0,2
8.4553,-0.352,-9.141,0,2
8.4605,-0.352,-9.141,0,2
8.4614,-0.352,-9.141,0,2
8.4617,-0.352,-9.141,0,2
8.4634,-0.352,-9.141,0,2
8.4654,-0.352,-9.141,0,2
8.4673,-0.352,-9.141,0,2
8.4693,-0.352,-9.141,0,2
8.4714,-0.352,-9.141,0,2
8.4734,-0.352,-9.141,0,2
8.4753,-0.352,-9.141,0,2
8.4773,-0.352,-9.141,0,2
8.4793,-0.352,-9.141,0,2
8.4813,-0.352,-9.141,0,2
8.4833,-0.352,-9.141,0,2
8.4853,-0.352,-9.141,0,2
8.4873,-0.352,-9.141,0,2
8.4894,-0.352,-9.141,0,2
8.4914,-0.352,-9.141,0,2
8.4933,-0.352,-9.141,0,2
8.4953,-0.352,-9.141,0,2
8.4973,-0.352,-9.141,0,2
8.4994,-0.352,-9.141,0,2
8.5013,-0.352,-9.141,0,2
8.5033,-0.352,-9.141,0,2
8.5054,-0.352,-9.141,0,2
8.5073,-0.352,-9.141,0,2
8.5093,-0.352,-9.141,0,2
8.5113,-0.352,-9.141,0,2
8.5133,-0.352,-9.141,0,2
8.5154,-0.352,-9.141,0,2
8.5173,-0.352,-9.141,0,2
8.5194,-0.352,-9.141,0,2
8.5213,-0.352,-9.141,0,2
8.5233,-0.352,-9.141,0,2
8.5274,-0.352,-9.141,0,2
8.5277,-0.352,-9.141,0,2
8.5294,-0.352,-9.141,0,2
8.5313,-0.352,-9.141,0,2
8.5333,-0.352,-9.141,0,2
8.5353,-0.352,-9.141,0,2
8.5374,-0.352,-9.141,0,2
8.5393,-0.352,-9.141,0,2
8.5413,-0.352,-9.141,0,2
8.5434,-0.352,-9.141,0,2
8.5453,-0.352,-9.141,0,2
8.5473,-0.352,-9.141,0,2
8.5493,-0.352,-9.141,0,2
8.5514,-0.352,-9.141,0,2
8.5533,-0.352,-9.141,0,2
8.5553,-0.352,-9.141,0,2
8.5573,-0.352,-9.141,0,2
8.5593,-0.352,-9.141,0,2
8.5614,-0.352,-9.141,0,2
8.5634,-0.352,-9.141,0,2
8.5653,-0.352,-9.141,0,2
8.5673,-0.352,-9.141,0,2
8.5693,-0.352,-9.141,0,2
8.5714,-0.352,-9.141,0,2
8.5733,-0.352,-9.141,0,2
8.5753,-0.352,-9.141,0,2
8.5773,-0.352,-9.141,0,2
8.5793,-0.352,-9.141,0,2
8.5944,-0.352,-9.141,0,2
8.5965,-0.352,-9.141,0,2
8.5985,-0.352,-9.141,0,2
8.6004,-0.352,-9.141,0,2
8.6024,-0.352,-9.141,0,2
8.6045,-0.352,-9.141,0,2
8.6065,-0.352,-9.141,0,2
8.6085,-0.352,-9.141,0,2
8.6104,-0.352,-9.141,0,2
8.6124,-0.352,-9.141,0,2
8.6144,-0.352,-9.141,0,2
8.6165,-0.352,-9.141,0,2
8.6185,-0.352,-9.141,0,2
8.6205,-0.352,-9.141,0,2
8.6224,-0.352,-9.141,0,2
8.6244,-0.352,-9.141,0,2
8.6275,-0.352,-9.141,0,2
8.6284,-0.352,-9.141,0,2
8.6305,-0.352,-9.141,0,2
8.6325,-0.352,-9.141,0,2
8.6344,-0.352,-9.141,0,2
8.6365,-0.352,-9.141,0,2
8.6384,-0.352,-9.141,0,2
8.6404,-0.352,-9.141,0,2
8.6425,-0.352,-9.141,0,2
8.6444,-0.352,-9.141,0,2
8.6465,-0.352,-9.141,0,2
8.6484,-0.352,-9.141,0,2
8.6504,-0.352,-9.141,0,2
8.6524,-0.352,-9.141,0,2
8.6545,-0.352,-9.141,0,2
8.6564,-0.352,-9.141,0,2
8.6584,-0.352,-9.141,0,2
8.6604,-0.352,-9.141,0,2
8.6625,-0.352,-9.141,0,2
8.6644,-0.352,-9.141,0,2
8.6664,-0.352,-9.141,0,2
8.6684,-0.352,-9.141,0,2
8.6705,-0.352,-9.141,0,2
8.6725,-0.352,-9.141,0,2
8.6744,-0.352,-9.141,0,2
8.6764,-0.352,-9.141,0,2
8.6785,-0.352,-9.141,0,2
8.6805,-0.352,-9.141,0,2
8.6824,-0.352,-9.141,0,2
8.6844,-0.352,-9.141,0,2
8.6865,-0.352,-9.141,0,2
8.6885,-0.352,-9.141,0,2
8.6904,-0.352,-9.141,0,2
8.6924,-0.352,-9.141,0,2
8.6944,-0.352,-9.141,0,2
8.6964,-0.352,-9.141,0,2
8.6985,-0.352,-9.141,0,2
8.7005,-0.352,-9.141,0,2
8.7025,-0.352,-9.141,0,2
8.7045,-0.352,-9.141,0,2
8.7064,-0.352,-9.141,0,2
8.7084,-0.352,-9.141,0,2
8.7104,-0.352,-9.141,0,2
8.7125,-0.352,-9.141,0,2
8.7144,-0.352,-9.141,0,2
8.7164,-0.352,-9.141,0,2
8.7184,-0.352,-9.141,0,2
8.7204,-0.352,-9.141,0,2
8.7225,-0.352,-9.141,0,2
8.7275,-0.352,-9.141,0,2
8.7279,-0.352,-9.141,0,2
8.7285,-0.352,-9.141,0,2
8.7304,-0.352,-9.141,0,2
8.7325,-0.352,-9.141,0,2
8.7344,-0.352,-9.141,0,2
8.7365,-0.352,-9.141,0,2
8.7385,-0.352,-9.141,0,2
8.7404,-0.352,-9.141,0,2
8.7425,-0.352,-9.141,0,2
8.7444,-0.352,-9.141,0,2
8.7465,-0.352,-9.141,0,2
8.7485,-0.352,-9.141,0,2
8.7504,-0.352,-9.141,0,2
8.7524,-0.352,-9.141,0,2
8.7544,-0.352,-9.141,0,2
8.7564,-0.352,-9.141,0,2
8.7584,-0.352,-9.141,0,2
8.7605,-0.352,-9.141,0,2
8.7625,-0.352,-9.141,0,2
8.7645,-0.352,-9.141,0,2
8.7664,-0.352,-9.141,0,2
8.7684,-0.352,-9.141,0,2
8.7704,-0.352,-9.141,0,2
8.7724,-0.352,-9.141,0,2
8.7745,-0.352,-9.141,0,2
8.7765,-0.352,-9.141,0,2
8.7784,-0.352,-9.141,0,2
8.7804,-0.352,-9.141,0,2
8.7824,-0.352,-9.141,0,2
8.7844,-0.352,-9.141,0,2
8.7864,-0.352,-9.141,0,2
8.7885,-0.352,-9.141,0,2
8.7904,-0.352,-9.141,0,2
8.7928,-0.352,-9.141,0,2
8.7967,-0.352,-9.141,0,2
8.7973,-0.352,-9.141,0,2
8.7984,-0.352,-9.141,0,2
8.8006,-0.352,-9.141,0,2
8.8025,-0.352,-9.141,0,2
8.8044,-0.352,-9.141,0,2
8.8064,-0.352,-9.141,0,2
8.8084,-0.352,-9.141,0,2
8.8105,-0.352,-9.141,0,2
8.8125,-0.352,-9.141,0,2
8.8144,-0.352,-9.141,0,2
8.8164,-0.352,-9.141,0,2
8.8184,-0.352,-9.141,0,2
8.8204,-0.352,-9.141,0,2
8.8224,-0.352,-9.141,0,2
8.8245,-0.352,-9.141,0,2
8.8273,-0.352,-9.141,0,2
8.8285,-0.352,-9.141,0,2
8.8304,-0.352,-9.141,0,2
8.8324,-0.352,-9.141,0,2
8.8344,-0.352,-9.141,0,2
8.8364,-0.352,-9.141,0,2
8.8384,-0.352,-9.141,0,2
8.8404,-0.352,-9.141,0,2
8.8425,-0.352,-9.141,0,2
8.8445,-0.352,-9.141,0,2
8.8464,-0.352,-9.141,0,2
8.8484,-0.352,-9.141,0,2
8.8504,-0.352,-9.141,0,2
8.8524,-0.352,-9.141,0,2
8.8544,-0.352,-9.141,0,2
8.8564,-0.352,-9.141,0,2
8.8584,-0.352,-9.141,0,2
8.8605,-0.352,-9.141,0,2
8.8624,-0.352,-9.141,0,2
8.8644,-0.352,-9.141,0,2
8.8664,-0.352,-9.141,0,2
8.8685,-0.352,-9.141,0,2
8.8705,-0.352,-9.141,0,2
8.8724,-0.352,-9.141,0,2
8.8744,-0.352,-9.141,0,2
8.8765,-0.352,-9.141,0,2
8.8785,-0.352,-9.141,0,2
8.8804,-0.352,-9.141,0,2
8.8824,-0.352,-9.141,0,2
8.8844,-0.352,-9.141,0,2
8.8865,-0.352,-9.141,0,2
8.8884,-0.352,-9.141,0,2
8.8904,-0.352,-9.141,0,2
8.8925,-0.352,-9.141,0,2
8.8945,-0.352,-9.141,0,2
8.8964,-0.352,-9.141,0,2
8.8985,-0.352,-9.141,0,2
8.9004,-0.352,-9.141,0,2
8.9162,-0.352,-9.141,0,2
8.9182,-0.352,-9.141,0,2
8.9203,-0.352,-9.141,0,2
8.9224,-0.352,-9.141,0,2
8.9243,-0.352,-9.141,0,2
8.9277,-0.352,-9.141,0,2
8.9283,-0.352,-9.141,0,2
8.9303,-0.352,-9.141,0,2
8.9324,-0.352,-9.141,0,2
8.9343,-0.352,-9.141,0,2
8.9363,-0.352,-9.141,0,2
8.9383,-0.352,-9.141,0,2
8.9402,-0.352,-9.141,0,2
8.9422,-0.352,-9.141,0,2
8.9444,-0.352,-9.141,0,2
8.9463,-0.352,-9.141,0,2
8.9483,-0.352,-9.141,0,2
8.9503,-0.352,-9.141,0,2
8.9523,-0.352,-9.141,0,2
8.9543,-0.352,-9.141,0,2
8.9564,-0.352,-9.141,0,2
8.9584,-0.352,-9.141,0,2
8.9603,-0.352,-9.141,0,2
8.9623,-0.352,-9.141,0,2
8.9643,-0.352,-9.141,0,2
8.9663,-0.352,-9.141,0,2
8.9684,-0.352,-9.141,0,2
8.9703,-0.352,-9.141,0,2
8.9723,-0.352,-9.141,0,2
8.9784,-0.352,-9.141,0,2
8.9791,-0.352,-9.141,0,2
8.9794,-0.352,-9.141,0,2
8.9804,-0.352,-9.141,0,2
8.9824,-0.352,-9.141,0,2
8.9843,-0.352,-9.141,0,2
8.9863,-0.352,-9.141,0,2
8.9882,-0.352,-9.141,0,2
8.9903,-0.352,-9.141,0,2
8.9924,-0.352,-9.141,0,2
8.9943,-0.352,-9.141,0,2
8.9963,-0.352,-9.141,0,2
8.9983,-0.352,-9.141,0,2
9.0002,-0.352,-9.141,0,2
9.0023,-0.352,-9.141,0,2
9.0043,-0.352,-9.141,0,2
9.0063,-0.352,-9.141,0,2
9.0083,-0.352,-9.141,0,2
9.0103,-0.352,-9.141,0,2
9.0123,-0.352,-9.141,0,2
9.0143,-0.352,-9.141,0,2
9.0163,-0.352,-9.141,0,2
9.0183,-0.352,-9.141,0,2
9.0203,-0.352,-9.141,0,2
9.0223,-0.352,-9.141,0,2
9.0400,-0.352,-9.141,0,2
9.0420,-0.352,-9.141,0,2
9.0440,-0.352,-9.141,0,2
9.0460,-0.352,-9.141,0,2
9.0480,-0.352,-9.141,0,2
9.0501,-0.352,-9.141,0,2
9.0520,-0.352,-9.141,0,2
9.0541,-0.352,-9.141,0,2
9.0561,-0.352,-9.141,0,2
9.0581,-0.352,-9.141,0,2
9.0600,-0.352,-9.141,0,2
9.0620,-0.352,-9.141,0,2
9.0641,-0.352,-9.141,0,2
9.0661,-0.352,-9.141,0,2
9.0680,-0.352,-9.141,0,2
9.0700,-0.352,-9.141,0,2
9.0721,-0.352,-9.141,0,2
9.0741,-0.352,-9.141,0,2
9.0760,-0.352,-9.141,0,2
9.0781,-0.352,-9.141,0,2
9.0801,-0.352,-9.141,0,2
9.0820,-0.352,-9.141,0,2
9.0840,-0.352,-9.141,0,2
9.0860,-0.352,-9.141,0,2
9.0881,-0.352,-9.141,0,2
9.0901,-0.352,-9.141,0,2
9.0921,-0.352,-9.141,0,2
9.0941,-0.352,-9.141,0,2
9.0960,-0.352,-9.141,0,2
9.0980,-0.352,-9.141,0,2
9.1000,-0.352,-9.141,0,2
9.1021,-0.352,-9.141,0,2
9.1041,-0.352,-9.141,0,2
9.1060,-0.352,-9.141,0,2
9.1080,-0.352,-9.141,0,2
9.1100,-0.352,-9.141,0,2
9.1121,-0.352,-9.141,0,2
9.1174,-0.352,-9.141,0,2
9.1182,-0.352,-9.141,0,2
9.1184,-0.352,-9.141,0,2
9.1203,-0.352,-9.141,0,2
9.1220,-0.352,-9.141,0,2
9.1240,-0.352,-9.141,0,2
9.1261,-0.352,-9.141,0,2
9.1280,-0.352,-9.141,0,2
9.1301,-0.352,-9.141,0,2
9.1321,-0.352,-9.141,0,2
9.1341,-0.352,-9.141,0,2
9.1387,-0.352,-9.141,0,2
9.1392,-0.352,-9.141,0,2
9.1400,-0.352,-9.141,0,2
9.1421,-0.352,-9.141,0,2
9.1441,-0.352,-9.141,0,2
9.1461,-0.352,-9.141,0,2
9.1480,-0.352,-9.141,0,2
9.1500,-0.352,-9.141,0,2
9.1521,-0.352,-9.141,0,2
9.1541,-0.352,-9.141,0,2
9.1561,-0.352,-9.141,0,2
9.1580,-0.352,-9.141,0,2
9.1601,-0.352,-9.141,0,2
9.1620,-0.352,-9.141,0,2
9.1641,-0.352,-9.141,0,2
9.1660,-0.352,-9.141,0,2
9.1681,-0.352,-9.141,0,2
9.1827,-0.352,-9.141,0,2
9.1847,-0.352,-9.141,0,2
9.1871,-0.352,-9.141,0,2
9.1887,-0.352,-9.141,0,2
9.1907,-0.352,-9.141,0,2
9.1928,-0.352,-9.141,0,2
9.1948,-0.352,-9.141,0,2
9.1968,-0.352,-9.141,0,2
9.1987,-0.352,-9.141,0,2
9.2008,-0.352,-9.141,0,2
9.2028,-0.352,-9.141,0,2
9.2048,-0.352,-9.141,0,2
9.2067,-0.352,-9.141,0,2
9.2088,-0.352,-9.141,0,2
9.2108,-0.352,-9.141,0,2
9.2128,-0.352,-9.141,0,2
9.2147,-0.352,-9.141,0,2
9.2168,-0.352,-9.141,0,2
9.2188,-0.352,-9.141,0,2
9.2208,-0.352,-9.141,0,2
9.2228,-0.352,-9.141,0,2
9.2248,-0.352,-9.141,0,2
9.2268,-0.352,-9.141,0,2
9.2287,-0.352,-9.141,0,2
9.2307,-0.352,-9.141,0,2
9.2328,-0.352,-9.141,0,2
9.2348,-0.352,-9.141,0,2
9.2388,-0.352,-9.141,0,2
9.2391,-0.352,-9.141,0,2
9.2408,-0.352,-9.141,0,2
9.2427,-0.352,-9.141,0,2
9.2448,-0.352,-9.141,0,2
9.2468,-0.352,-9.141,0,2
9.2488,-0.352,-9.141,0,2
9.2508,-0.352,-9.141,0,2
9.2527,-0.352,-9.141,0,2
9.2548,-0.352,-9.141,0,2
9.2567,-0.352,-9.141,0,2
9.2587,-0.352,-9.141,0,2
9.2608,-0.352,-9.141,0,2
9.2627,-0.352,-9.141,0,2
9.2689,-0.352,-9.141,0,2
9.2697,-0.352,-9.141,0,2
9.2699,-0.352,-9.141,0,2
9.2707,-0.352,-9.141,0,2
9.2727,-0.352,-9.141,0,2
9.2748,-0.352,-9.141,0,2
9.2768,-0.352,-9.141,0,2
9.2788,-0.352,-9.141,0,2
9.2807,-0.352,-9.141,0,2
9.2827,-0.352,-9.141,0,2
9.2855,-0.352,-9.141,0,2
9.2868,-0.352,-9.141,0,2
9.2888,-0.352,-9.141,0,2
9.2908,-0.352,-9.141,0,2
9.2927,-0.352,-9.141,0,2
9.2948,-0.352,-9.141,0,2
9.2967,-0.352,-9.141,0,2
9.2988,-0.352,-9.141,0,2
9.3008,-0.352,-9.141,0,2
9.3160,-0.352,-9.141,0,2
9.3181,-0.352,-9.141,0,2
9.3200,-0.352,-9.141,0,2
9.3221,-0.352,-9.141,0,2
9.3240,-0.352,-9.141,0,2
9.3260,-0.352,-9.141,0,2
9.3280,-0.352,-9.141,0,2
9.3301,-0.352,-9.141,0,2
9.3321,-0.352,-9.141,0,2
9.3340,-0.352,-9.141,0,2
9.3388,-0.352,-9.141,0,2
9.3400,-0.352,-9.141,0,2
9.3403,-0.352,-9.141,0,2
9.3420,-0.352,-9.141,0,2
9.3441,-0.352,-9.141,0,2
9.3461,-0.352,-9.141,0,2
9.3481,-0.352,-9.141,0,2
9.3500,-0.352,-9.141,0,2
9.3521,-0.352,-9.141,0,2
9.3540,-0.352,-9.141,0,2
9.3561,-0.352,-9.141,0,2
9.3581,-0.352,-9.141,0,2
9.3601,-0.352,-9.141,0,2
9.3620,-0.352,-9.141,0,2
9.3640,-0.352,-9.141,0,2
9.3661,-0.352,-9.141,0,2
9.3680,-0.352,-9.141,0,2
9.3701,-0.352,-9.141,0,2
9.3720,-0.352,-9.141,0,2
9.3740,-0.352,-9.141,0,2
9.3761,-0.352,-9.141,0,2
9.3781,-0.352,-9.141,0,2
9.3820,-0.352,-9.141,0,2
9.3829,-0.352,-9.141,0,2
9.3841,-0.352,-9.141,0,2
9.3861,-0.352,-9.141,0,2
9.3880,-0.352,-9.141,0,2
9.3901,-0.352,-9.141,0,2
9.3921,-0.352,-9.141,0,2
9.3940,-0.352,-9.141,0,2
9.3960,-0.352,-9.141,0,2
9.3981,-0.352,-9.141,0,2
9.4001,-0.352,-9.141,0,2
9.4020,-0.352,-9.141,0,2
9.4041,-0.352,-9.141,0,2
9.4061,-0.352,-9.141,0,2
9.4080,-0.352,-9.141,0,2
9.4100,-0.352,-9.141,0,2
9.4120,-0.352,-9.141,0,2
9.4141,-0.352,-9.141,0,2
9.4161,-0.352,-9.141,0,2
9.4180,-0.352,-9.141,0,2
9.4201,-0.352,-9.141,0,2
9.4220,-0.352,-9.141,0,2
9.4240,-0.352,-9.141,0,2
9.4261,-0.352,-9.141,0,2
9.4281,-0.352,-9.141,0,2
9.4300,-0.352,-9.141,0,2
9.4320,-0.352,-9.141,0,2
9.4341,-0.352,-9.141,0,2
9.4384,-0.352,-9.141,0,2
9.4388,-0.352,-9.141,0,2
9.4401,-0.352,-9.141,0,2
9.4421,-0.352,-9.141,0,2
9.4440,-0.352,-9.141,0,2
9.4460,-0.352,-9.141,0,2
9.4480,-0.352,-9.141,0,2
9.4501,-0.352,-9.141,0,2
9.4521,-0.352,-9.141,0,2
9.4541,-0.352,-9.141,0,2
9.4560,-0.352,-9.141,0,2
9.4580,-0.352,-9.141,0,2
9.4600,-0.352,-9.141,0,2
9.4621,-0.352,-9.141,0,2
9.4641,-0.352,-9.141,0,2
9.4660,-0.352,-9.141,0,2
9.4680,-0.352,-9.141,0,2
9.4701,-0.352,-9.141,0,2
9.4721,-0.352,-9.141,0,2
9.4741,-0.352,-9.141,0,2
9.4760,-0.352,-9.141,0,2
9.4780,-0.352,-9.141,0,2
9.4801,-0.352,-9.141,0,2
9.4820,-0.352,-9.141,0,2
9.4840,-0.352,-9.141,0,2
9.4860,-0.352,-9.141,0,2
9.4880,-0.352,-9.141,0,2
9.4901,-0.352,-9.141,0,2
9.4921,-0.352,-9.141,0,2
9.4940,-0.352,-9.141,0,2
9.4960,-0.352,-9.141,0,2
9.5099,-0.352,-9.141,0,2
9.5119,-0.352,-9.141,0,2
9.5140,-0.352,-9.141,0,2
9.5159,-0.352,-9.141,0,2
9.5179,-0.352,-9.141,0,2
9.5199,-0.352,-9.141,0,2
9.5220,-0.352,-9.141,0,2
9.5239,-0.352,-9.141,0,2
9.5259,-0.352,-9.141,0,2
9.5280,-0.352,-9.141,0,2
9.5300,-0.352,-9.141,0,2
9.5319,-0.352,-9.141,0,2
9.5339,-0.352,-9.141,0,2
9.5385,-0.352,-9.141,0,2
9.5388,-0.352,-9.141,0,2
9.5399,-0.352,-9.141,0,2
9.5419,-0.352,-9.141,0,2
9.5439,-0.352,-9.141,0,2
9.5459,-0.352,-9.141,0,2
9.5480,-0.352,-9.141,0,2
9.5499,-0.352,-9.141,0,2
9.5519,-0.352,-9.141,0,2
9.5539,-0.352,-9.141,0,2
9.5559,-0.352,-9.141,0,2
9.5579,-0.352,-9.141,0,2
9.5599,-0.352,-9.141,0,2
9.5620,-0.352,-9.141,0,2
9.5640,-0.352,-9.141,0,2
9.5659,-0.352,-9.141,0,2
9.5679,-0.352,-9.141,0,2
9.5699,-0.352,-9.141,0,2
9.5719,-0.352,-9.141,0,2
9.5739,-0.352,-9.141,0,2
9.5760,-0.352,-9.141,0,2
9.5780,-0.352,-9.141,0,2
9.5799,-0.352,-9.141,0,2
9.5819,-0.352,-9.141,0,2
9.5839,-0.352,-9.141,0,2
9.5859,-0.352,-9.141,0,2
9.5879,-0.352,-9.141,0,2
9.5900,-0.352,-9.141,0,2
9.5920,-0.352,-9.141,0,2
9.5939,-0.352,-9.141,0,2
9.5959,-0.352,-9.141,0,2
9.5979,-0.352,-9.141,0,2
9.5999,-0.352,-9.141,0,2
9.6019,-0.352,-9.141,0,2
9.6040,-0.352,-9.141,0,2
9.6060,-0.352,-9.141,0,2
9.6079,-0.352,-9.141,0,2
9.6099,-0.352,-9.141,0,2
9.6119,-0.352,-9.141,0,2
9.6139,-0.352,-9.141,0,2
9.6159,-0.352,-9.141,0,2
9.6180,-0.352,-9.141,0,2
9.6200,-0.352,-9.141,0,2
9.6219,-0.352,-9.141,0,2
9.6239,-0.352,-9.141,0,2
9.6259,-0.352,-9.141,0,2
9.6280,-0.352,-9.141,0,2
9.6299,-0.352,-9.141,0,2
9.6319,-0.352,-9.141,0,2
9.6339,-0.352,-9.141,0,2
9.6382,-0.352,-9.141,0,2
9.6384,-0.352,-9.141,0,2
9.6399,-0.352,-9.141,0,2
9.6419,-0.352,-9.141,0,2
9.6440,-0.352,-9.141,0,2
9.6459,-0.352,-9.141,0,2
9.6479,-0.352,-9.141,0,2
9.6499,-0.352,-9.141,0,2
9.6519,-0.352,-9.141,0,2
9.6540,-0.352,-9.141,0,2
9.6559,-0.352,-9.141,0,2
9.6579,-0.352,-9.141,0,2
9.6600,-0.352,-9.141,0,2
9.6619,-0.352,-9.141,0,2
9.6639,-0.352,-9.141,0,2
9.6659,-0.352,-9.141,0,2
9.6680,-0.352,-9.141,0,2
9.6699,-0.352,-9.141,0,2
9.6719,-0.352,-9.141,0,2
9.6739,-0.352,-9.141,0,2
9.6760,-0.352,-9.141,0,2
9.6779,-0.352,-9.141,0,2
9.6799,-0.352,-9.141,0,2
9.6819,-0.352,-9.141,0,2
9.6839,-0.352,-9.141,0,2
9.6860,-0.352,-9.141,0,2
9.6879,-0.352,-9.141,0,2
9.6900,-0.352,-9.141,0,2
9.6920,-0.352,-9.141,0,2
9.6940,-0.352,-9.141,0,2
9.6960,-0.352,-9.141,0,2
9.6979,-0.352,-9.141,0,2
9.6999,-0.352,-9.141,0,2
9.7020,-0.352,-9.141,0,2
9.7040,-0.352,-9.141,0,2
9.7059,-0.352,-9.141,0,2
9.7079,-0.352,-9.141,0,2
9.7099,-0.352,-9.141,0,2
9.7120,-0.352,-9.141,0,2
9.7139,-0.352,-9.141,0,2
9.7159,-0.352,-9.141,0,2
9.7179,-0.352,-9.141,0,2
9.7200,-0.352,-9.141,0,2
9.7219,-0.352,-9.141,0,2
9.7239,-0.352,-9.141,0,2
9.7259,-0.352,-9.141,0,2
9.7279,-0.352,-9.141,0,2
9.7299,-0.352,-9.141,0,2
9.7320,-0.352,-9.141,0,2
9.7339,-0.352,-9.141,0,2
9.7382,-0.352,-9.141,0,2
9.7384,-0.352,-9.141,0,2
9.7399,-0.352,-9.141,0,2
9.7420,-0.352,-9.141,0,2
9.7475,-0.352,-9.141,0,2
9.7482,-0.352,-9.141,0,2
9.7484,-0.352,-9.141,0,2
9.7500,-0.352,-9.141,0,2
9.7523,-0.352,-9.141,0,2
9.7539,-0.352,-9.141,0,2
9.7559,-0.352,-9.141,0,2
9.7580,-0.352,-9.141,0,2
9.7599,-0.352,-9.141,0,2
9.7619,-0.352,-9.141,0,2
9.7639,-0.352,-9.141,0,2
9.7659,-0.352,-9.141,0,2
9.7679,-0.352,-9.141,0,2
9.7699,-0.352,-9.141,0,2
9.7720,-0.352,-9.141,0,2
9.7740,-0.352,-9.141,0,2
9.7759,-0.352,-9.141,0,2
9.7779,-0.352,-9.141,0,2
9.7799,-0.352,-9.141,0,2
9.7822,-0.352,-9.141,0,2
9.7840,-0.352,-9.141,0,2
9.7859,-0.352,-9.141,0,2
9.7880,-0.352,-9.141,0,2
9.7900,-0.352,-9.141,0,2
9.7920,-0.352,-9.141,0,2
9.7939,-0.352,-9.141,0,2
9.7960,-0.352,-9.141,0,2
9.8103,-0.352,-9.141,0,2
9.8123,-0.352,-9.141,0,2
9.8144,-0.352,-9.141,0,2
9.8164,-0.352,-9.141,0,2
9.8184,-0.352,-9.141,0,2
9.8204,-0.352,-9.141,0,2
9.8223,-0.352,-9.141,0,2
9.8243,-0.352,-9.141,0,2
9.8264,-0.352,-9.141,0,2
9.8284,-0.352,-9.141,0,2
9.8303,-0.352,-9.141,0,2
9.8323,-0.352,-9.141,0,2
9.8344,-0.352,-9.141,0,2
9.8386,-0.352,-9.141,0,2
9.8389,-0.352,-9.141,0,2
9.8404,-0.352,-9.141,0,2
9.8424,-0.352,-9.141,0,2
9.8444,-0.352,-9.141,0,2
9.8464,-0.352,-9.141,0,2
9.8484,-0.352,-9.141,0,2
9.8504,-0.352,-9.141,0,2
9.8524,-0.352,-9.141,0,2
9.8543,-0.352,-9.141,0,2
9.8564,-0.352,-9.141,0,2
9.8584,-0.352,-9.141,0,2
9.8604,-0.352,-9.141,0,2
9.8623,-0.352,-9.141,0,2
9.8644,-0.352,-9.141,0,2
9.8666,-0.352,-9.141,0,2
9.8684,-0.352,-9.141,0,2
9.8703,-0.352,-9.141,0,2
9.8724,-0.352,-9.141,0,2
9.8745,-0.352,-9.141,0,2
9.8763,-0.352,-9.141,0,2
9.8784,-0.352,-9.141,0,2
9.8804,-0.352,-9.141,0,2
9.8823,-0.352,-9.141,0,2
9.8843,-0.352,-9.141,0,2
9.8864,-0.352,-9.141,0,2
9.8884,-0.352,-9.141,0,2
9.8904,-0.352,-9.141,0,2
9.8923,-0.352,-9.141,0,2
9.8944,-0.352,-9.141,0,2
9.8964,-0.352,-9.141,0,2
9.8984,-0.352,-9.141,0,2
9.9003,-0.352,-9.141,0,2
9.9024,-0.352,-9.141,0,2
9.9044,-0.352,-9.141,0,2
9.9064,-0.352,-9.141,0,2
9.9083,-0.352,-9.141,0,2
9.9104,-0.352,-9.141,0,2
9.9124,-0.352,-9.141,0,2
9.9144,-0.352,-9.141,0,2
9.9163,-0.352,-9.141,0,2
9.9183,-0.352,-9.141,0,2
9.9203,-0.352,-9.141,0,2
9.9223,-0.352,-9.141,0,2
9.9244,-0.352,-9.141,0,2
9.9264,-0.352,-9.141,0,2
9.9283,-0.352,-9.141,0,2
9.9304,-0.352,-9.141,0,2
9.9324,-0.352,-9.141,0,2
9.9344,-0.352,-9.141,0,2
9.9384,-0.352,-9.141,0,2
9.9387,-0.352,-9.141,0,2
9.9403,-0.352,-9.141,0,2
9.9424,-0.352,-9.141,0,2
9.9443,-0.352,-9.141,0,2
9.9463,-0.352,-9.141,0,2
9.9484,-0.352,-9.141,0,2
9.9503,-0.352,-9.141,0,2
9.9524,-0.352,-9.141,0,2
9.9544,-0.352,-9.141,0,2
9.9564,-0.352,-9.141,0,2
9.9584,-0.352,-9.141,0,2
9.9604,-0.352,-9.141,0,2
9.9624,-0.352,-9.141,0,2
9.9644,-0.352,-9.141,0,2
9.9663,-0.352,-9.141,0,2
9.9684,-0.352,-9.141,0,2
9.9704,-0.352,-9.141,0,2
9.9723,-0.352,-9.141,0,2
9.9743,-0.352,-9.141,0,2
9.9763,-0.352,-9.141,0,2
9.9784,-0.352,-9.141,0,2
9.9804,-0.352,-9.141,0,2
9.9824,-0.352,-9.141,0,2
9.9843,-0.352,-9.141,0,2
9.9863,-0.352,-9.141,0,2
9.9884,-0.352,-9.141,0,2
9.9904,-0.352,-9.141,0,2
9.9924,-0.352,-9.141,0,2
9.9965,-0.352,-9.141,0,2
9.9973,-0.352,-9.141,0,2
9.9984,-0.352,-9.141,0,2
10.0006,-0.352,-9.141,0,2
10.0023,-0.352,-9.141,0,2
10.0043,-0.352,-9.141,0,2
10.0063,-0.352,-9.141,0,2
10.0083,-0.352,-9.141,0,2
10.0104,-0.352,-9.141,0,2
10.0124,-0.352,-9.141,0,2
10.0143,-0.352,-9.141,0,2
10.0163,-0.352,-9.141,0,2
10.0184,-0.352,-9.141,0,2
10.0203,-0.352,-9.141,0,2
10.0224,-0.352,-9.141,0,2
10.0244,-0.352,-9.141,0,2
10.0264,-0.352,-9.141,0,2
10.0284,-0.352,-9.141,0,2
10.0303,-0.352,-9.141,0,2
10.0325,-0.352,-9.141,0,2
10.0344,-0.352,-9.141,0,2
10.0383,-0.352,-9.141,0,2
10.0386,-0.352,-9.141,0,2
10.0404,-0.352,-9.141,0,2
10.0424,-0.352,-9.141,0,2
10.0444,-0.352,-9.141,0,2
10.0464,-0.352,-9.141,0,2
10.0484,-0.352,-9.141,0,2
10.0503,-0.352,-9.141,0,2
10.0523,-0.352,-9.141,0,2
10.0544,-0.352,-9.141,0,2
10.0564,-0.352,-9.141,0,2
10.0583,-0.352,-9.141,0,2
10.0733,-0.352,-9.141,0,2
10.0753,-0.352,-9.141,0,2
10.0774,-0.352,-9.141,0,2
10.0793,-0.352,-9.141,0,2
10.0813,-0.352,-9.141,0,2
10.0834,-0.352,-9.141,0,2
10.0853,-0.352,-9.141,0,2
10.0873,-0.352,-9.141,0,2
10.0893,-0.352,-9.141,0,2
10.0913,-0.352,-9.141,0,2
10.0934,-0.352,-9.141,0,2
10.0954,-0.352,-9.141,0,2
10.0973,-0.352,-9.141,0,2
10.0993,-0.352,-9.141,0,2
10.1014,-0.352,-9.141,0,2
10.1034,-0.352,-9.141,0,2
10.1053,-0.352,-9.141,0,2
10.1073,-0.352,-9.141,0,2
10.1093,-0.352,-9.141,0,2
10.1114,-0.352,-9.141,0,2
10.1134,-0.352,-9.141,0,2
10.1153,-0.352,-9.141,0,2
10.1173,-0.352,-9.141,0,2
10.1194,-0.352,-9.141,0,2
10.1213,-0.352,-9.141,0,2
10.1233,-0.352,-9.141,0,2
10.1253,-0.352,-9.141,0,2
10.1274,-0.352,-9.141,0,2
10.1294,-0.352,-9.141,0,2
10.1313,-0.352,-9.141,0,2
10.1333,-0.352,-9.141,0,2
10.1354,-0.352,-9.141,0,2
10.1392,-0.352,-9.141,0,2
10.1397,-0.352,-9.141,0,2
10.1413,-0.352,-9.141,0,2
10.1433,-0.352,-9.141,0,2
10.1453,-0.352,-9.141,0,2
10.1473,-0.352,-9.141,0,2
10.1494,-0.352,-9.141,0,2
10.1513,-0.352,-9.141,0,2
10.1533,-0.352,-9.141,0,2
10.1554,-0.352,-9.141,0,2
10.1574,-0.352,-9.141,0,2
10.1593,-0.352,-9.141,0,2
10.1613,-0.352,-9.141,0,2
10.1633,-0.352,-9.141,0,2
10.1653,-0.352,-9.141,0,2
10.1673,-0.352,-9.141,0,2
10.1694,-0.352,-9.141,0,2
10.1714,-0.352,-9.141,0,2
10.1733,-0.352,-9.141,0,2
10.1753,-0.352,-9.141,0,2
10.1773,-0.352,-9.141,0,2
10.1793,-0.352,-9.141,0,2
10.1814,-0.352,-9.141,0,2
10.1833,-0.176,-9.141,0,2
10.1853,-0.176,-9.141,0,2
10.1873,-0.176,-9.141,0,2
10.1893,-0.176,-9.141,0,2
10.1914,-0.176,-9.141,0,2
10.1934,-0.176,-9.141,0,2
10.1953,-0.176,-9.141,0,2
10.1973,-0.176,-9.141,0,2
10.1994,-0.176,-9.141,0,2
10.2014,-0.176,-9.141,0,2
10.2033,-0.176,-9.141,0,2
10.2054,-0.176,-9.141,0,2
10.2073,-0.176,-9.141,0,2
10.2093,-0.176,-9.141,0,2
10.2113,-0.176,-9.141,0,2
10.2133,-0.176,-9.141,0,2
10.2154,-0.176,-9.141,0,2
10.2174,-0.176,-9.141,0,2
10.2193,-0.176,-9.141,0,2
10.2213,-0.176,-9.141,0,2
10.2234,-0.176,-9.141,0,2
10.2254,-0.176,-9.141,0,2
10.2274,-0.176,-9.141,0,2
10.2294,-0.176,-9.141,0,2
10.2313,-0.176,-9.141,0,2
10.2333,-0.176,-9.141,0,2
10.2354,-0.176,-9.141,0,2
10.2381,-0.176,-9.141,0,2
10.2394,-0.176,-9.141,0,2
10.2413,-0.176,-9.141,0,2
10.2434,-0.176,-9.141,0,2
10.2453,-0.176,-9.141,0,2
10.2474,-0.176,-9.141,0,2
10.2494,-0.176,-9.141,0,2
10.2513,-0.176,-9.141,0,2
10.2533,-0.176,-9.141,0,2
10.2554,-0.176,-9.141,0,2
10.2597,-0.176,-9.141,0,2
10.2605,-0.176,-9.141,0,2
10.2613,-0.176,-9.141,0,2
10.2634,-0.176,-9.141,0,2
10.2653,-0.176,-9.141,0,2
10.2674,-0.176,-9.141,0,2
10.2693,-0.176,-9.141,0,2
10.2714,-0.176,-9.141,0,2
10.2734,-0.176,-9.141,0,2
10.2754,-0.176,-9.141,0,2
10.2773,-0.176,-9.141,0,2
10.2793,-0.176,-9.141,0,2
10.2813,-0.176,-9.141,0,2
10.2833,-0.176,-9.141,0,2
10.2854,-0.176,-9.141,0,2
10.2873,-0.176,-9.141,0,2
10.2893,-0.176,-9.141,0,2
10.2914,-0.176,-9.141,0,2
10.2933,-0.176,-9.141,0,2
10.2954,-0.176,-9.141,0,2
10.2974,-0.176,-9.141,0,2
10.2994,-0.176,-9.141,0,2
10.3013,-0.176,-9.141,0,2
10.3033,-0.176,-9.141,0,2
10.3054,-0.176,-9.141,0,2
10.3074,-0.176,-9.141,0,2
10.3093,-0.176,-9.141,0,2
10.3113,-0.176,-9.141,0,2
10.3134,-0.176,-9.141,0,2
10.3156,-0.176,-9.141,0,2
10.3174,-0.176,-9.141,0,2
10.3194,-0.176,-9.141,0,2
10.3214,-0.176,-9.141,0,2
10.3233,-0.176,-9.141,0,2
10.3254,-0.176,-9.141,0,2
10.3273,-0.176,-9.141,0,2
10.3294,-0.176,-9.141,0,2
10.3314,-0.176,-9.141,0,2
10.3334,-0.176,-9.141,0,2
10.3353,-0.176,-9.141,0,2
10.3385,-0.176,-9.141,0,2
10.3393,-0.176,-9.141,0,2
10.3413,-0.176,-9.141,0,2
10.3434,-0.176,-9.141,0,2
10.3453,-0.176,-9.141,0,2
10.3473,-0.176,-9.141,0,2
10.3494,-0.176,-9.141,0,2
10.3514,-0.176,-9.141,0,2
10.3533,-0.176,-9.141,0,2
10.3553,-0.176,-9.141,0,2
10.3573,-0.176,-9.141,0,2
10.3594,-0.176,-9.141,0,2
10.3745,-0.176,-9.141,0,2
10.3766,-0.176,-9.141,0,2
10.3787,-0.176,-9.141,0,2
10.3805,-0.176,-9.141,0,2
10.3825,-0.176,-9.141,0,2
10.3846,-0.176,-9.141,0,2
10.3866,-0.176,-9.141,0,2
10.3886,-0.176,-9.141,0,2
10.3906,-0.176,-9.141,0,2
10.3925,-0.176,-9.141,0,2
10.3945,-0.176,-9.141,0,2
10.3965,-0.176,-9.141,0,2
10.3985,-0.176,-9.141,0,2
10.4005,-0.176,-9.141,0,2
10.4025,-0.176,-9.141,0,2
10.4046,-0.176,-9.141,0,2
10.4066,-0.176,-9.141,0,2
10.4086,-0.176,-9.141,0,2
10.4105,-0.176,-9.141,0,2
10.4125,-0.176,-9.141,0,2
10.4145,-0.176,-9.141,0,2
10.4165,-0.176,-9.141,0,2
10.4186,-0.176,-9.141,0,2
10.4206,-0.176,-9.141,0,2
10.4226,-0.176,-9.141,0,2
10.4245,-0.176,-9.141,0,2
10.4265,-0.176,-9.141,0,2
10.4285,-0.176,-9.141,0,2
10.4305,-0.176,-9.141,0,2
10.4326,-0.176,-9.141,0,2
10.4345,-0.176,-9.141,0,2
10.4385,-0.176,-9.141,0,2
10.4393,-0.176,-9.141,0,2
10.4405,-0.176,-9.141,0,2
10.4426,-0.176,-9.141,0,2
10.4445,-0.176,-9.141,0,2
10.4465,-0.176,-9.141,0,2
10.4485,-0.176,-9.141,0,2
10.4505,-0.176,-9.141,0,2
10.4526,-0.176,-9.141,0,2
10.4545,-0.176,-9.141,0,2
10.4565,-0.176,-9.141,0,2
10.4586,-0.176,-9.141,0,2
10.4606,-0.176,-9.141,0,2
10.4626,-0.176,-9.141,0,2
10.4645,-0.176,-9.141,0,2
10.4665,-0.176,-9.141,0,2
10.4686,-0.176,-9.141,0,2
10.4706,-0.176,-9.141,0,2
10.4726,-0.176,-9.141,0,2
10.4746,-0.176,-9.141,0,2
10.4766,-0.176,-9.141,0,2
10.4785,-0.176,-9.141,0,2
10.4805,-0.176,-9.141,0,2
10.4826,-0.176,-9.141,0,2
10.4846,-0.176,-9.141,0,2
10.4865,-0.176,-9.141,0,2
10.4885,-0.176,-9.141,0,2
10.4906,-0.176,-9.141,0,2
10.4926,-0.176,-9.141,0,2
10.4946,-0.176,-9.141,0,2
10.4965,-0.176,-9.141,0,2
10.4985,-0.176,-9.141,0,2
10.5006,-0.176,-9.141,0,2
10.5026,-0.176,-9.141,0,2
10.5046,-0.176,-9.141,0,2
10.5065,-0.176,-9.141,0,2
10.5085,-0.176,-9.141,0,2
10.5106,-0.176,-9.141,0,2
10.5125,-0.176,-9.141,0,2
10.5145,-0.176,-9.141,0,2
10.5166,-0.176,-9.141,0,2
10.5186,-0.176,-9.141,0,2
10.5205,-0.176,-9.141,0,2
10.5225,-0.176,-9.141,0,2
10.5246,-0.176,-9.141,0,2
10.5266,-0.176,-9.141,0,2
10.5285,-0.176,-9.141,0,2
10.5305,-0.176,-9.141,0,2
10.5325,-0.176,-9.141,0,2
10.5346,-0.176,-9.141,0,2
10.5381,-0.176,-9.141,0,2
10.5385,-0.176,-9.141,0,2
10.5405,-0.176,-9.141,0,2
10.5426,-0.176,-9.141,0,2
10.5445,-0.176,-9.141,0,2
10.5466,-0.176,-9.141,0,2
10.5486,-0.176,-9.141,0,2
10.5505,-0.176,-9.141,0,2
10.5525,-0.176,-9.141,0,2
10.5546,-0.176,-9.141,0,2
10.5566,-0.176,-9.141,0,2
10.5585,-0.176,-9.141,0,2
10.5605,-0.176,-9.141,0,2
10.5625,-0.176,-9.141,0,2
10.5646,-0.176,-9.141,0,2
10.5666,-0.176,-9.141,0,2
10.5685,-0.176,-9.141,0,2
10.5705,-0.176,-9.141,0,2
10.5725,-0.176,-9.141,0,2
10.5746,-0.176,-9.141,0,2
10.5766,-0.176,-9.141,0,2
10.5785,-0.176,-9.141,0,2
10.5806,-0.176,-9.141,0,2
10.5826,-0.176,-9.141,0,2
10.5845,-0.176,-9.141,0,2
10.5865,-0.176,-9.141,0,2
10.5886,-0.176,-9.141,0,2
10.5905,-0.176,-9.141,0,2
10.5925,-0.176,-9.141,0,2
10.5945,-0.176,-9.141,0,2
10.5966,-0.176,-9.141,0,2
10.5986,-0.176,-9.141,0,2
10.6006,-0.176,-9.141,0,2
10.6025,-0.176,-9.141,0,2
10.6045,-0.176,-9.141,0,2
10.6066,-0.176,-9.141,0,2
10.6086,-0.176,-9.141,0,2
10.6105,-0.176,-9.141,0,2
10.6125,-0.176,-9.141,0,2
10.6146,-0.176,-9.141,0,2
10.6166,-0.176,-9.141,0,2
10.6185,-0.176,-9.141,0,2
10.6205,-0.176,-9.141,0,2
10.6225,-0.176,-9.141,0,2
10.6246,-0.176,-9.141,0,2
10.6266,-0.176,-9.141,0,2
10.6285,-0.176,-9.141,0,2
10.6305,-0.176,-9.141,0,2
10.6326,-0.176,-9.141,0,2
10.6346,-0.176,-9.141,0,2
10.6381,-0.176,-9.141,0,2
10.6385,-0.176,-9.141,0,2
10.6405,-0.176,-9.141,0,2
10.6426,-0.176,-9.141,0,2
10.6445,-0.176,-9.141,0,2
10.6465,-0.176,-9.141,0,2
10.6485,-0.176,-9.141,0,2
10.6534,-0.176,-9.141,0,2
10.6541,-0.176,-9.141,0,2
10.6546,-0.176,-9.141,0,2
10.6566,-0.176,-9.141,0,2
10.6585,-0.176,-9.141,0,2
10.6606,-0.176,-9.141,0,2
10.6626,-0.176,-9.141,0,2
10.6645,-0.176,-9.141,0,2
10.6665,-0.176,-9.141,0,2
10.6686,-0.176,-9.141,0,2
10.6705,-0.176,-9.141,0,2
10.6726,-0.176,-9.141,0,2
10.6745,-0.176,-9.141,0,2
10.6765,-0.176,-9.141,0,2
10.6786,-0.176,-9.141,0,2
10.6805,-0.176,-9.141,0,2
10.6825,-0.176,-9.141,0,2
10.6846,-0.176,-9.141,0,2
10.6865,-0.176,-9.141,0,2
10.6885,-0.176,-9.141,0,2
10.6906,-0.176,-9.141,0,2
10.6926,-0.176,-9.141,0,2
10.6945,-0.176,-9.141,0,2
10.6966,-0.176,-9.141,0,2
10.6986,-0.176,-9.141,0,2
10.7005,-0.176,-9.141,0,2
10.7025,-0.176,-9.141,0,2
10.7046,-0.176,-9.141,0,2
10.7066,-0.176,-9.141,0,2
10.7086,-0.176,-9.141,0,2
10.7106,-0.176,-9.141,0,2
10.7126,-0.176,-9.141,0,2
10.7145,-0.176,-9.141,0,2
10.7165,-0.176,-9.141,0,2
10.7186,-0.176,-9.141,0,2
10.7206,-0.176,-9.141,0,2
10.7225,-0.176,-9.141,0,2
10.7246,-0.176,-9.141,0,2
10.7266,-0.176,-9.141,0,2
10.7286,-0.176,-9.141,0,2
10.7305,-0.176,-9.141,0,2
10.7325,-0.176,-9.141,0,2
10.7345,-0.176,-9.141,0,2
10.7384,-0.176,-9.141,0,2
10.7387,-0.176,-9.141,0,2
10.7405,-0.176,-9.141,0,2
10.7426,-0.176,-9.141,0,2
10.7445,-0.176,-9.141,0,2
10.7465,-0.176,-9.141,0,2
10.7485,-0.176,-9.141,0,2
10.7506,-0.176,-9.141,0,2
10.7526,-0.176,-9.141,0,2
10.7545,-0.176,-9.141,0,2
10.7565,-0.176,-9.141,0,2
10.7586,-0.176,-9.141,0,2
10.7606,-0.176,-9.141,0,2
10.7625,-0.176,-9.141,0,2
10.7645,-0.176,-9.141,0,2
10.7666,-0.176,-9.141,0,2
10.7686,-0.176,-9.141,0,2
10.7705,-0.176,-9.141,0,2
10.7725,-0.176,-9.141,0,2
10.7745,-0.176,-9.141,0,2
10.7765,-0.176,-9.141,0,2
10.7786,-0.176,-9.141,0,2
10.7805,-0.176,-9.141,0,2
10.7825,-0.176,-9.141,0,2
10.7846,-0.176,-9.141,0,2
10.7866,-0.176,-9.141,0,2
10.7886,-0.176,-9.141,0,2
10.7905,-0.176,-9.141,0,2
10.7926,-0.176,-9.141,0,2
10.7945,-0.176,-9.141,0,2
10.7966,-0.176,-9.141,0,2
10.7986,-0.176,-9.141,0,2
10.8005,-0.176,-9.141,0,2
10.8025,-0.176,-9.141,0,2
10.8046,-0.176,-9.141,0,2
10.8066,-0.176,-9.141,0,2
10.8085,-0.176,-9.141,0,2
10.8105,-0.176,-9.141,0,2
10.8126,-0.176,-9.141,0,2
10.8146,-0.176,-9.141,0,2
10.8165,-0.176,-9.141,0,2
10.8185,-0.176,-9.141,0,2
10.8205,-0.176,-9.141,0,2
10.8226,-0.176,-9.141,0,2
10.8246,-0.176,-9.141,0,2
10.8265,-0.176,-9.141,0,2
10.8285,-0.176,-9.141,0,2
10.8475,-0.176,-9.141,0,2
10.8495,-0.176,-9.141,0,2
10.8516,-0.176,-9.141,0,2
10.8536,-0.176,-9.141,0,2
10.8555,-0.176,-9.141,0,2
10.8575,-0.176,-9.141,0,2
10.8595,-0.176,-9.141,0,2
10.8616,-0.176,-9.141,0,2
10.8635,-0.176,-9.141,0,2
10.8656,-0.176,-9.141,0,2
10.8675,-0.176,-9.141,0,2
10.8695,-0.176,-9.141,0,2
10.8715,-0.176,-9.141,0,2
10.8736,-0.176,-9.141,0,2
10.8755,-0.176,-9.141,0,2
10.8775,-0.176,-9.141,0,2
10.8795,-0.176,-9.141,0,2
10.8815,-0.176,-9.141,0,2
10.8835,-0.176,-9.141,0,2
10.8855,-0.176,-9.141,0,2
10.8875,-0.176,-9.141,0,2
10.8895,-0.176,-9.141,0,2
10.8915,-0.176,-9.141,0,2
10.8936,-0.176,-9.141,0,2
10.8956,-0.176,-9.141,0,2
10.8975,-0.176,-9.141,0,2
10.8995,-0.176,-9.141,0,2
10.9016,-0.176,-9.141,0,2
10.9035,-0.176,-9.141,0,2
10.9055,-0.176,-9.141,0,2
10.9075,-0.176,-9.141,0,2
10.9096,-0.176,-9.141,0,2
10.9115,-0.176,-9.141,0,2
10.9135,-0.176,-9.141,0,2
10.9155,-0.176,-9.141,0,2
10.9175,-0.176,-9.141,0,2
10.9196,-0.176,-9.141,0,2
10.9215,-0.176,-9.141,0,2
10.9235,-0.176,-9.141,0,2
10.9255,-0.176,-9.141,0,2
10.9276,-0.176,-9.141,0,2
10.9295,-0.176,-9.141,0,2
10.9315,-0.176,-9.141,0,2
10.9335,-0.176,-9.141,0,2
10.9356,-0.176,-9.141,0,2
10.9375,-0.176,-9.141,0,2
10.9395,-0.176,-9.141,0,2
10.9415,-0.176,-9.141,0,2
10.9436,-0.176,-9.141,0,2
10.9464,-0.176,-9.141,0,2
10.9475,-0.176,-9.141,0,2
10.9496,-0.176,-9.141,0,2
10.9515,-0.176,-9.141,0,2
10.9536,-0.176,-9.141,0,2
10.9555,-0.176,-9.141,0,2
10.9575,-0.176,-9.141,0,2
10.9595,-0.176,-9.141,0,2
10.9615,-0.176,-9.141,0,2
10.9636,-0.176,-9.141,0,2
10.9656,-0.176,-9.141,0,2
10.9675,-0.176,-9.141,0,2
10.9695,-0.176,-9.141,0,2
10.9715,-0.176,-9.141,0,2
10.9736,-0.176,-9.141,0,2
10.9755,-0.176,-9.141,0,2
10.9775,-0.176,-9.141,0,2
10.9795,-0.176,-9.141,0,2
10.9816,-0.176,-9.141,0,2
10.9835,-0.176,-9.141,0,2
10.9855,-0.176,-9.141,0,2
10.9876,-0.176,-9.141,0,2
10.9895,-0.176,-9.141,0,2
10.9915,-0.176,-9.141,0,2
10.9935,-0.176,-9.141,0,2
10.9956,-0.176,-9.141,0,2
10.9975,-0.176,-9.141,0,2
10.9995,-0.176,-9.141,0,2
11.0016,-0.176,-9.141,0,2
11.0035,-0.176,-9.141,0,2
11.0055,-0.176,-9.141,0,2
11.0075,-0.176,-9.141,0,2
11.0096,-0.176,-9.141,0,2
11.0115,-0.176,-9.141,0,2
11.0135,-0.176,-9.141,0,2
11.0155,-0.176,-9.141,0,2
11.0176,-0.176,-9.141,0,2
11.0195,-0.176,-9.141,0,2
11.0215,-0.176,-9.141,0,2
11.0235,-0.176,-9.141,0,2
11.0255,-0.176,-9.141,0,2
11.0276,-0.176,-9.141,0,2
11.0295,-0.176,-9.141,0,2
11.0315,-0.176,-9.141,0,2
11.0335,-0.176,-9.141,0,2
11.0356,-0.176,-9.141,0,2
11.0375,-0.176,-9.141,0,2
11.0395,-0.176,-9.141,0,2
11.0415,-0.176,-9.141,0,2
11.0435,-0.176,-9.141,0,2
11.0461,-0.176,-9.141,0,2
11.0476,-0.176,-9.141,0,2
11.0503,-0.176,-9.141,0,2
11.0515,-0.176,-9.141,0,2
11.0535,-0.176,-9.141,0,2
11.0556,-0.176,-9.141,0,2
11.0576,-0.176,-9.141,0,2
11.0595,-0.176,-9.141,0,2
11.0615,-0.176,-9.141,0,2
11.0635,-0.176,-9.141,0,2
11.0655,-0.176,-9.141,0,2
11.0676,-0.176,-9.141,0,2
11.0695,-0.176,-9.141,0,2
11.0715,-0.176,-9.141,0,2
11.0735,-0.176,-9.141,0,2
11.0755,-0.176,-9.141,0,2
11.0776,-0.176,-9.141,0,2
11.0795,-0.176,-9.141,0,2
11.0815,-0.176,-9.141,0,2
11.0835,-0.176,-9.141,0,2
11.0856,-0.176,-9.141,0,2
11.0875,-0.176,-9.141,0,2
11.0895,-0.176,-9.141,0,2
11.0915,-0.176,-9.141,0,2
11.0935,-0.176,-9.141,0,2
11.0955,-0.176,-9.141,0,2
11.0975,-0.176,-9.141,0,2
11.0995,-0.176,-9.141,0,2
11.1016,-0.176,-9.141,0,2
11.1036,-0.176,-9.141,0,2
11.1055,-0.176,-9.141,0,2
11.1075,-0.176,-9.141,0,2
11.1095,-0.176,-9.141,0,2
11.1116,-0.176,-9.141,0,2
11.1135,-0.176,-9.141,0,2
11.1155,-0.176,-9.141,0,2
11.1175,-0.176,-9.141,0,2
11.1195,-0.176,-9.141,0,2
11.1215,-0.176,-9.141,0,2
11.1235,-0.176,-9.141,0,2
11.1256,-0.176,-9.141,0,2
11.1275,-0.176,-9.141,0,2
11.1295,-0.176,-9.141,0,2
11.1315,-0.176,-9.141,0,2
11.1336,-0.176,-9.141,0,2
11.1356,-0.176,-9.141,0,2
11.1375,-0.176,-9.141,0,2
11.1395,-0.176,-9.141,0,2
11.1415,-0.176,-9.141,0,2
11.1435,-0.176,-9.141,0,2
11.1461,-0.176,-9.141,0,2
11.1475,-0.176,-9.141,0,2
11.1496,-0.176,-9.141,0,2
11.1515,-0.176,-9.141,0,2
11.1535,-0.176,-9.141,0,2
11.1556,-0.176,-9.141,0,2
11.1576,-0.176,-9.141,0,2
11.1596,-0.176,-9.141,0,2
11.1616,-0.176,-9.141,0,2
11.1635,-0.176,-9.141,0,2
11.1655,-0.176,-9.141,0,2
11.1675,-0.176,-9.141,0,2
11.1695,-0.176,-9.141,0,2
11.1716,-0.176,-9.141,0,2
11.1736,-0.176,-9.141,0,2
11.1755,-0.176,-9.141,0,2
11.1810,-0.176,-9.141,0,2
11.1817,-0.176,-9.141,0,2
11.1819,-0.176,-9.141,0,2
11.1835,-0.176,-9.141,0,2
11.1858,-0.176,-9.141,0,2
11.1875,-0.176,-9.141,0,2
11.1895,-0.176,-9.141,0,2
11.1916,-0.176,-9.141,0,2
11.1935,-0.176,-9.141,0,2
11.1956,-0.176,-9.141,0,2
11.1975,-0.176,-9.141,0,2
11.1995,-0.176,-9.141,0,2
11.2015,-0.176,-9.141,0,2
11.2035,-0.176,-9.141,0,2
11.2055,-0.176,-9.141,0,2
11.2076,-0.176,-9.141,0,2
11.2095,-0.176,-9.141,0,2
11.2115,-0.176,-9.141,0,2
11.2135,-0.176,-9.141,0,2
11.2155,-0.176,-9.141,0,2
11.2175,-0.176,-9.141,0,2
11.2195,-0.176,-9.141,0,2
11.2215,-0.176,-9.141,0,2
11.2235,-0.176,-9.141,0,2
11.2255,-0.176,-9.141,0,2
11.2275,-0.176,-9.141,0,2
11.2296,-0.176,-9.141,0,2
11.2315,-0.176,-9.141,0,2
11.2335,-0.176,-9.141,0,2
11.2355,-0.176,-9.141,0,2
11.2375,-0.176,-9.141,0,2
11.2395,-0.176,-9.141,0,2
11.2416,-0.176,-9.141,0,2
11.2435,-0.176,-9.141,0,2
11.2464,-0.176,-9.141,0,2
11.2476,-0.176,-9.141,0,2
11.2496,-0.176,-9.141,0,2
11.2516,-0.176,-9.141,0,2
11.2536,-0.176,-9.141,0,2
11.2556,-0.176,-9.141,0,2
11.2576,-0.176,-9.141,0,2
11.2595,-0.176,-9.141,0,2
11.2615,-0.176,-9.141,0,2
11.2635,-0.176,-9.141,0,2
11.2656,-0.176,-9.141,0,2
11.2675,-0.176,-9.141,0,2
11.2695,-0.176,-9.141,0,2
11.2715,-0.176,-9.141,0,2
11.2736,-0.176,-9.141,0,2
11.2755,-0.176,-9.141,0,2
11.2775,-0.176,-9.141,0,2
11.2795,-0.176,-9.141,0,2
11.2816,-0.176,-9.141,0,2
11.2836,-0.176,-9.141,0,2
11.2855,-0.176,-9.141,0,2
11.2875,-0.176,-9.141,0,2
11.2895,-0.176,-9.141,0,2
11.2915,-0.176,-9.141,0,2
11.2935,-0.176,-9.141,0,2
11.2955,-0.176,-9.141,0,2
11.2975,-0.176,-9.141,0,2
11.2996,-0.176,-9.141,0,2
11.3016,-0.176,-9.141,0,2
11.3035,-0.176,-9.141,0,2
11.3056,-0.176,-9.141,0,2
11.3075,-0.176,-9.141,0,2
11.3095,-0.176,-9.141,0,2
11.3115,-0.176,-9.141,0,2
11.3136,-0.176,-9.141,0,2
11.3155,-0.176,-9.141,0,2
11.3175,-0.176,-9.141,0,2
11.3195,-0.176,-9.141,0,2
11.3216,-0.176,-9.141,0,2
11.3236,-0.176,-9.141,0,2
11.3255,-0.176,-9.141,0,2
11.3275,-0.176,-9.141,0,2
11.3295,-0.176,-8.965,0,2
11.3315,-0.176,-8.965,0,2
11.3336,-0.176,-8.965,0,2
11.3355,-0.176,-8.965,0,2
11.3376,-0.176,-8.965,0,2
11.3395,-0.176,-8.965,0,2
11.3415,-0.176,-8.965,0,2
11.3436,-0.176,-8.965,0,2
11.3461,-0.176,-8.965,0,2
11.3475,-0.176,-8.965,0,2
11.3496,-0.176,-8.965,0,2
11.3515,-0.176,-8.965,0,2
11.3536,-0.176,-8.965,0,2
11.3555,-0.176,-8.965,0,2
11.3575,-0.176,-8.965,0,2
11.3595,-0.176,-8.965,0,2
11.3616,-0.176,-8.965,0,2
11.3635,-0.176,-8.965,0,2
11.3655,-0.176,-8.965,0,2
11.3675,-0.176,-8.965,0,2
11.3696,-0.176,-9.141,0,2
11.3716,-0.176,-9.141,0,2
11.3735,-0.176,-9.141,0,2
11.3756,-0.176,-9.141,0,2
11.3891,-0.176,-9.141,0,2
11.3912,-0.176,-9.141,0,2
11.3931,-0.176,-9.141,0,2
11.3952,-0.176,-9.141,0,2
11.3971,-0.176,-9.141,0,2
11.3992,-0.176,-9.141,0,2
11.4012,-0.176,-9.141,0,2
11.4032,-0.176,-9.141,0,2
11.4052,-0.176,-9.141,0,2
11.4072,-0.176,-9.141,0,2
11.4092,-0.176,-9.141,0,2
11.4112,-0.176,-9.141,0,2
11.4131,-0.176,-9.141,0,2
11.4152,-0.176,-9.141,0,2
11.4172,-0.176,-9.141,0,2
11.4192,-0.176,-9.141,0,2
11.4212,-0.176,-9.141,0,2
11.4232,-0.176,-9.141,0,2
11.4251,-0.176,-9.141,0,2
11.4271,-0.176,-9.141,0,2
11.4292,-0.176,-9.141,0,2
11.4312,-0.176,-9.141,0,2
11.4332,-0.176,-9.141,0,2
11.4352,-0.176,-9.141,0,2
11.4372,-0.176,-9.141,0,2
11.4392,-0.176,-9.141,0,2
11.4411,-0.176,-9.141,0,2
11.4432,-0.176,-9.141,0,2
11.4465,-0.176,-9.141,0,2
11.4471,-0.176,-9.141,0,2
11.4491,-0.176,-9.141,0,2
11.4512,-0.176,-9.141,0,2
11.4532,-0.176,-9.141,0,2
11.4552,-0.176,-9.141,0,2
11.4571,-0.176,-9.141,0,2
11.4592,-0.176,-9.141,0,2
11.4612,-0.176,-9.141,0,2
11.4632,-0.176,-9.141,0,2
11.4652,-0.176,-9.141,0,2
11.4672,-0.176,-9.141,0,2
11.4692,-0.176,-9.141,0,2
11.4712,-0.176,-9.141,0,2
11.4732,-0.176,-9.141,0,2
11.4751,-0.176,-9.141,0,2
11.4771,-0.176,-9.141,0,2
11.4792,-0.176,-9.141,0,2
11.4812,-0.176,-9.141,0,2
11.4832,-0.176,-9.141,0,2
11.4851,-0.176,-9.141,0,2
11.4872,-0.176,-9.141,0,2
11.4892,-0.176,-9.141,0,2
11.4911,-0.176,-9.141,0,2
11.4931,-0.176,-9.141,0,2
11.4952,-0.176,-9.141,0,2
11.4971,-0.176,-9.141,0,2
11.4991,-0.176,-9.141,0,2
11.5012,-0.176,-9.141,0,2
11.5031,-0.176,-9.141,0,2
11.5052,-0.176,-9.141,0,2
11.5072,-0.176,-9.141,0,2
11.5092,-0.176,-9.141,0,2
11.5112,-0.176,-9.141,0,2
11.5132,-0.176,-9.141,0,2
11.5152,-0.176,-9.141,0,2
11.5171,-0.176,-9.141,0,2
11.5191,-0.176,-9.141,0,2
11.5212,-0.176,-9.141,0,2
11.5232,-0.176,-9.141,0,2
11.5251,-0.176,-9.141,0,2
11.5271,-0.176,-9.141,0,2
11.5292,-0.176,-9.141,0,2
11.5312,-0.176,-9.141,0,2
11.5332,-0.176,-9.141,0,2
11.5351,-0.176,-9.141,0,2
11.5371,-0.176,-9.141,0,2
11.5392,-0.176,-9.141,0,2
11.5412,-0.176,-9.141,0,2
11.5432,-0.176,-9.141,0,2
11.5462,-0.176,-9.141,0,2
11.5472,-0.176,-9.141,0,2
11.5491,-0.176,-9.141,0,2
11.5511,-0.176,-9.141,0,2
11.5532,-0.176,-9.141,0,2
11.5552,-0.176,-9.141,0,2
11.5572,-0.176,-9.141,0,2
11.5614,-0.176,-9.141,0,2
11.5622,-0.176,-9.141,0,2
11.5632,-0.176,-9.141,0,2
11.5652,-0.176,-9.141,0,2
11.5671,-0.176,-9.141,0,2
11.5692,-0.176,-9.141,0,2
11.5711,-0.176,-9.141,0,2
11.5731,-0.176,-9.141,0,2
11.5752,-0.176,-9.141,0,2
11.5772,-0.176,-9.141,0,2
11.5791,-0.176,-9.141,0,2
11.5811,-0.176,-9.141,0,2
11.5832,-0.176,-9.141,0,2
11.5852,-0.176,-9.141,0,2
11.5871,-0.176,-9.141,0,2
11.5892,-0.176,-9.141,0,2
11.5914,-0.176,-9.141,0,2
11.5931,-0.176,-9.141,0,2
11.5952,-0.176,-9.141,0,2
11.5971,-0.176,-9.141,0,2
11.5991,-0.176,-9.141,0,2
11.6012,-0.176,-9.141,0,2
11.6031,-0.176,-9.141,0,2
11.6051,-0.176,-9.141,0,2
11.6072,-0.176,-9.141,0,2
11.6092,-0.176,-9.141,0,2
11.6112,-0.176,-9.141,0,2
11.6131,-0.176,-9.141,0,2
11.6152,-0.176,-9.141,0,2
11.6172,-0.176,-9.141,0,2
11.6191,-0.176,-9.141,0,2
11.6212,-0.176,-9.141,0,2
11.6232,-0.176,-9.141,0,2
11.6252,-0.176,-9.141,0,2
11.6398,-0.176,-9.141,0,2
11.6419,-0.176,-9.141,0,2
11.6466,-0.176,-9.141,0,2
11.6470,-0.176,-9.141,0,2
11.6478,-0.176,-9.141,0,2
11.6498,-0.176,-9.141,0,2
11.6519,-0.176,-9.141,0,2
11.6539,-0.176,-9.141,0,2
11.6558,-0.176,-9.141,0,2
11.6578,-0.176,-9.141,0,2
11.6598,-0.176,-9.141,0,2
11.6618,-0.176,-9.141,0,2
11.6639,-0.176,-9.141,0,2
11.6659,-0.176,-8.965,0,2
11.6678,-0.176,-8.965,0,2
11.6698,-0.176,-8.965,0,2
11.6719,-0.176,-8.965,0,2
11.6738,-0.176,-8.965,0,2
11.6758,-0.176,-8.965,0,2
11.6779,-0.176,-8.965,0,2
11.6799,-0.176,-8.965,0,2
11.6818,-0.176,-8.965,0,2
11.6839,-0.176,-8.965,0,2
11.6859,-0.176,-8.965,0,2
11.6878,-0.176,-8.965,0,2
11.6898,-0.176,-8.965,0,2
11.6918,-0.176,-8.965,0,2
11.6939,-0.176,-8.965,0,2
11.6958,-0.176,-8.965,0,2
11.6978,-0.176,-8.965,0,2
11.6999,-0.176,-8.965,0,2
11.7018,-0.176,-8.965,0,2
11.7039,-0.176,-8.965,0,2
11.7059,-0.176,-9.141,0,2
11.7078,-0.176,-9.141,0,2
11.7098,-0.176,-9.141,0,2
11.7119,-0.176,-9.141,0,2
11.7138,-0.176,-9.141,0,2
11.7158,-0.176,-9.141,0,2
11.7178,-0.176,-9.141,0,2
11.7198,-0.176,-9.141,0,2
11.7219,-0.176,-9.141,0,2
11.7239,-0.176,-9.141,0,2
11.7258,-0.176,-9.141,0,2
11.7278,-0.176,-9.141,0,2
11.7299,-0.176,-9.141,0,2
11.7319,-0.176,-9.141,0,2
11.7339,-0.176,-9.141,0,2
11.7359,-0.176,-9.141,0,2
11.7378,-0.176,-9.141,0,2
11.7398,-0.176,-9.141,0,2
11.7419,-0.176,-9.141,0,2
11.7462,-0.176,-9.141,0,2
11.7466,-0.176,-9.141,0,2
11.7478,-0.176,-9.141,0,2
11.7501,-0.176,-9.141,0,2
11.7518,-0.176,-9.141,0,2
11.7539,-0.176,-9.141,0,2
11.7559,-0.176,-9.141,0,2
11.7579,-0.176,-9.141,0,2
11.7599,-0.176,-8.965,0,2
11.7619,-0.176,-8.965,0,2
11.7638,-0.176,-8.965,0,2
11.7658,-0.176,-8.965,0,2
11.7678,-0.176,-8.965,0,2
11.7698,-0.176,-8.965,0,2
11.7719,-0.176,-8.965,0,2
11.7739,-0.176,-8.965,0,2
11.7759,-0.176,-8.965,0,2
11.7778,-0.176,-8.965,0,2
11.7798,-0.176,-8.965,0,2
11.7818,-0.176,-8.965,0,2
11.7838,-0.176,-8.965,0,2
11.7859,-0.176,-8.965,0,2
11.7879,-0.176,-8.965,0,2
11.7899,-0.176,-8.965,0,2
11.7918,-0.176,-8.965,0,2
11.7938,-0.176,-8.965,0,2
11.7958,-0.176,-8.965,0,2
11.7979,-0.176,-8.965,0,2
11.7999,-0.176,-8.965,0,2
11.8018,-0.176,-8.965,0,2
11.8038,-0.176,-9.141,0,2
11.8058,-0.176,-9.141,0,2
11.8078,-0.176,-9.141,0,2
11.8099,-0.176,-9.141,0,2
11.8118,-0.176,-9.141,0,2
11.8138,-0.176,-9.141,0,2
11.8158,-0.176,-9.141,0,2
11.8178,-0.176,-9.141,0,2
11.8199,-0.176,-9.141,0,2
11.8219,-0.176,-9.141,0,2
11.8239,-0.176,-9.141,0,2
11.8258,-0.176,-9.141,0,2
11.8278,-0.176,-9.141,0,2
11.8298,-0.176,-9.141,0,2
11.8318,-0.176,-9.141,0,2
11.8339,-0.176,-9.141,0,2
11.8359,-0.176,-9.141,0,2
11.8379,-0.176,-9.141,0,2
11.8398,-0.176,-9.141,0,2
11.8418,-0.176,-9.141,0,2
11.8461,-0.176,-9.141,0,2
11.8464,-0.176,-9.141,0,2
11.8478,-0.176,-9.141,0,2
11.8499,-0.176,-9.141,0,2
11.8518,-0.176,-9.141,0,2
11.8538,-0.176,-9.141,0,2
11.8559,-0.176,-9.141,0,2
11.8579,-0.176,-9.141,0,2
11.8598,-0.176,-9.141,0,2
11.8618,-0.176,-9.141,0,2
11.8639,-0.176,-9.141,0,2
11.8659,-0.176,-9.141,0,2
11.8679,-0.176,-9.141,0,2
11.8698,-0.176,-9.141,0,2
11.8718,-0.176,-9.141,0,2
11.8739,-0.176,-9.141,0,2
11.8759,-0.176,-9.141,0,2
11.8778,-0.176,-9.141,0,2
11.8798,-0.176,-9.141,0,2
11.8818,-0.176,-9.141,0,2
11.8839,-0.176,-9.141,0,2
11.8859,-0.176,-9.141,0,2
11.8878,-0.176,-9.141,0,2
11.8898,-0.176,-9.141,0,2
11.8919,-0.176,-9.141,0,2
11.8939,-0.176,-9.141,0,2
11.8959,-0.176,-9.141,0,2
11.8979,-0.176,-9.141,0,2
11.8998,-0.176,-9.141,0,2
11.9018,-0.176,-9.141,0,2
11.9039,-0.176,-9.141,0,2
11.9058,-0.176,-9.141,0,2
11.9078,-0.176,-9.141,0,2
11.9098,-0.176,-9.141,0,2
11.9118,-0.176,-9.141,0,2
11.9139,-0.176,-9.141,0,2
11.9159,-0.176,-9.141,0,2
11.9178,-0.176,-9.141,0,2
11.9198,-0.176,-9.141,0,2
11.9218,-0.176,-9.141,0,2
11.9239,-0.176,-9.141,0,2
11.9258,-0.176,-9.141,0,2
11.9278,-0.176,-9.141,0,2
11.9299,-0.176,-9.141,0,2
11.9319,-0.176,-9.141,0,2
11.9338,-0.176,-9.141,0,2
11.9358,-0.176,-9.141,0,2
11.9379,-0.176,-9.141,0,2
11.9399,-0.176,-9.141,0,2
11.9418,-0.176,-9.141,0,2
11.9464,-0.176,-9.141,0,2
11.9467,-0.176,-9.141,0,2
11.9478,-0.176,-9.141,0,2
11.9499,-0.176,-9.141,0,2
11.9519,-0.176,-9.141,0,2
11.9538,-0.176,-9.141,0,2
11.9558,-0.176,-9.141,0,2
11.9578,-0.176,-9.141,0,2
11.9599,-0.176,-9.141,0,2
11.9619,-0.176,-9.141,0,2
11.9638,-0.176,-9.141,0,2
11.9658,-0.176,-9.141,0,2
11.9679,-0.176,-9.141,0,2
11.9699,-0.176,-9.141,0,2
11.9719,-0.176,-9.141,0,2
11.9738,-0.176,-9.141,0,2
11.9758,-0.176,-9.141,0,2
11.9778,-0.176,-9.141,0,2
11.9799,-0.176,-9.141,0,2
11.9856,-0.176,-9.141,0,2
11.9863,-0.176,-9.141,0,2
11.9865,-0.176,-9.141,0,2
11.9878,-0.176,-9.141,0,2
11.9898,-0.176,-9.141,0,2
11.9918,-0.176,-9.141,0,2
11.9939,-0.176,-9.141,0,2
11.9958,-0.176,-9.141,0,2
11.9978,-0.176,-9.141,0,2
11.9999,-0.176,-9.141,0,2
12.0019,-0.176,-9.141,0,2
12.0038,-0.176,-9.141,0,2
12.0059,-0.176,-9.141,0,2
12.0078,-0.176,-9.141,0,2
12.0098,-0.176,-9.141,0,2
12.0118,-0.176,-9.141,0,2
12.0138,-0.176,-9.141,0,2
12.0158,-0.176,-9.141,0,2
12.0178,-0.176,-9.141,0,2
12.0199,-0.176,-9.141,0,2
12.0218,-0.176,-9.141,0,2
12.0239,-0.176,-9.141,0,2
12.0259,-0.176,-9.141,0,2
12.0281,-0.176,-9.141,0,2
12.0299,-0.176,-9.141,0,2
12.0319,-0.176,-9.141,0,2
12.0339,-0.176,-9.141,0,2
12.0358,-0.176,-9.141,0,2
12.0378,-0.176,-9.141,0,2
12.0399,-0.176,-9.141,0,2
12.0419,-0.176,-9.141,0,2
12.0464,-0.176,-9.141,0,2
12.0467,-0.176,-9.141,0,2
12.0479,-0.176,-9.141,0,2
12.0498,-0.176,-9.141,0,2
12.0518,-0.176,-9.141,0,2
12.0538,-0.176,-9.141,0,2
12.0558,-0.176,-9.141,0,2
12.0579,-0.176,-9.141,0,2
12.0598,-0.176,-9.141,0,2
12.0618,-0.176,-9.141,0,2
12.0638,-0.176,-9.141,0,2
12.0659,-0.176,-9.141,0,2
12.0679,-0.176,-9.141,0,2
12.0698,-0.176,-9.141,0,2
12.0718,-0.176,-9.141,0,2
12.0739,-0.176,-9.141,0,2
12.0759,-0.176,-9.141,0,2
12.0778,-0.176,-9.141,0,2
12.0799,-0.176,-9.141,0,2
12.0818,-0.176,-9.141,0,2
12.0838,-0.176,-9.141,0,2
12.0982,-0.176,-9.141,0,2
12.1003,-0.176,-9.141,0,2
12.1022,-0.176,-9.141,0,2
12.1043,-0.176,-9.141,0,2
12.1062,-0.176,-9.141,0,2
12.1083,-0.176,-9.141,0,2
12.1103,-0.176,-9.141,0,2
12.1122,-0.176,-9.141,0,2
12.1146,-0.176,-9.141,0,2
12.1163,-0.176,-9.141,0,2
12.1182,-0.176,-9.141,0,2
12.1203,-0.176,-9.141,0,2
12.1222,-0.176,-9.141,0,2
12.1242,-0.176,-9.141,0,2
12.1263,-0.176,-9.141,0,2
12.1282,-0.176,-9.141,0,2
12.1303,-0.176,-9.141,0,2
12.1323,-0.176,-9.141,0,2
12.1343,-0.176,-9.141,0,2
12.1363,-0.176,-9.141,0,2
12.1382,-0.176,-9.141,0,2
12.1403,-0.176,-9.141,0,2
12.1423,-0.176,-9.141,0,2
12.1464,-0.176,-9.141,0,2
12.1468,-0.176,-9.141,0,2
12.1482,-0.176,-9.141,0,2
12.1503,-0.176,-9.141,0,2
12.1523,-0.176,-9.141,0,2
12.1543,-0.176,-9.141,0,2
12.1563,-0.176,-9.141,0,2
12.1583,-0.176,-9.141,0,2
12.1603,-0.176,-9.141,0,2
12.1623,-0.176,-9.141,0,2
12.1642,-0.176,-9.141,0,2
12.1662,-0.176,-9.141,0,2
12.1683,-0.176,-9.141,0,2
12.1703,-0.176,-9.141,0,2
12.1722,-0.176,-9.141,0,2
12.1743,-0.176,-9.141,0,2
12.1763,-0.176,-9.141,0,2
12.1783,-0.176,-9.141,0,2
12.1802,-0.176,-9.141,0,2
12.1823,-0.176,-9.141,0,2
12.1843,-0.176,-9.141,0,2
12.1863,-0.176,-9.141,0,2
12.1882,-0.176,-9.141,0,2
12.1902,-0.176,-9.141,0,2
12.1923,-0.176,-9.141,0,2
12.1943,-0.176,-9.141,0,2
12.1963,-0.176,-9.141,0,2
12.1982,-0.176,-9.141,0,2
12.2003,-0.176,-9.141,0,2
12.2023,-0.176,-9.141,0,2
12.2043,-0.176,-9.141,0,2
12.2062,-0.176,-9.141,0,2
12.2083,-0.176,-9.141,0,2
12.2103,-0.176,-9.141,0,2
12.2122,-0.176,-9.141,0,2
12.2143,-0.176,-9.141,0,2
12.2163,-0.176,-9.141,0,2
12.2183,-0.176,-9.141,0,2
12.2203,-0.176,-9.141,0,2
12.2222,-0.176,-9.141,0,2
12.2243,-0.176,-9.141,0,2
12.2263,-0.176,-9.141,0,2
12.2282,-0.176,-9.141,0,2
12.2303,-0.176,-9.141,0,2
12.2323,-0.176,-9.141,0,2
12.2343,-0.176,-9.141,0,2
12.2362,-0.176,-9.141,0,2
12.2383,-0.176,-9.141,0,2
12.2403,-0.176,-9.141,0,2
12.2423,-0.176,-9.141,0,2
12.2461,-0.176,-9.141,0,2
12.2463,-0.176,-9.141,0,2
12.2482,-0.176,-9.141,0,2
12.2503,-0.176,-9.141,0,2
12.2523,-0.176,-9.141,0,2
12.2543,-0.176,-9.141,0,2
12.2562,-0.176,-9.141,0,2
12.2583,-0.176,-9.141,0,2
12.2603,-0.176,-9.141,0,2
12.2623,-0.176,-9.141,0,2
12.2642,-0.176,-9.141,0,2
12.2662,-0.176,-9.141,0,2
12.2683,-0.176,-9.141,0,2
12.2703,-0.176,-9.141,0,2
12.2723,-0.176,-9.141,0,2
12.2742,-0.176,-9.141,0,2
12.2763,-0.176,-9.141,0,2
12.2783,-0.176,-9.141,0,2
12.2803,-0.176,-9.141,0,2
12.2822,-0.176,-9.141,0,2
12.2843,-0.176,-9.141,0,2
12.2863,-0.176,-9.141,0,2
12.2883,-0.176,-9.141,0,2
12.2902,-0.176,-9.141,0,2
12.2922,-0.176,-9.141,0,2
12.2943,-0.176,-9.141,0,2
12.2962,-0.176,-9.141,0,2
12.2982,-0.176,-8.965,0,2
12.3003,-0.176,-8.965,0,2
12.3023,-0.176,-8.965,0,2
12.3043,-0.176,-8.965,0,2
12.3063,-0.176,-8.965,0,2
12.3082,-0.176,-8.965,0,2
12.3102,-0.176,-8.965,0,2
12.3123,-0.176,-8.965,0,2
12.3143,-0.176,-8.965,0,2
12.3190,-0.176,-8.965,0,2
12.3199,-0.176,-8.965,0,2
12.3203,-0.176,-8.965,0,2
12.3223,-0.176,-8.965,0,2
12.3242,-0.176,-8.965,0,2
12.3263,-0.176,-8.965,0,2
12.3283,-0.176,-8.965,0,2
12.3303,-0.176,-8.965,0,2
12.3323,-0.176,-8.965,0,2
12.3343,-0.176,-8.965,0,2
12.3362,-0.176,-8.965,0,2
12.3382,-0.176,-8.965,0,2
12.3402,-0.176,-8.965,0,2
12.3423,-0.176,-8.965,0,2
12.3464,-0.176,-9.141,0,2
12.3467,-0.176,-9.141,0,2
12.3483,-0.176,-9.141,0,2
12.3502,-0.176,-9.141,0,2
12.3522,-0.176,-9.141,0,2
12.3543,-0.176,-9.141,0,2
12.3563,-0.176,-9.141,0,2
12.3583,-0.176,-9.141,0,2
12.3603,-0.176,-9.141,0,2
12.3623,-0.176,-9.141,0,2
12.3643,-0.176,-9.141,0,2
12.3662,-0.176,-9.141,0,2
12.3682,-0.176,-9.141,0,2
12.3703,-0.176,-9.141,0,2
12.3723,-0.176,-9.141,0,2
12.3743,-0.176,-9.141,0,2
12.3763,-0.176,-9.141,0,2
12.3783,-0.176,-9.141,0,2
12.3802,-0.176,-9.141,0,2
12.3823,-0.176,-9.141,0,2
12.3843,-0.176,-9.141,0,2
12.3863,-0.176,-9.141,0,2
12.3883,-0.176,-9.141,0,2
12.3903,-0.176,-9.141,0,2
12.3922,-0.176,-9.141,0,2
12.3942,-0.176,-9.141,0,2
12.3963,-0.176,-9.141,0,2
12.3983,-0.176,-9.141,0,2
12.4003,-0.176,-9.141,0,2
12.4023,-0.176,-9.141,0,2
12.4043,-0.176,-9.141,0,2
12.4063,-0.176,-9.141,0,2
12.4082,-0.176,-9.141,0,2
12.4102,-0.176,-9.141,0,2
12.4123,-0.176,-9.141,0,2
12.4142,-0.176,-9.141,0,2
12.4163,-0.176,-9.141,0,2
12.4183,-0.176,-9.141,0,2
12.4202,-0.176,-9.141,0,2
12.4223,-0.176,-9.141,0,2
12.4243,-0.176,-9.141,0,2
12.4263,-0.176,-9.141,0,2
12.4282,-0.176,-9.141,0,2
12.4303,-0.176,-9.141,0,2
12.4323,-0.176,-9.141,0,2
12.4342,-0.176,-9.141,0,2
12.4363,-0.176,-9.141,0,2
12.4383,-0.176,-9.141,0,2
12.4403,-0.176,-9.141,0,2
12.4423,-0.176,-9.141,0,2
12.4461,-0.176,-9.141,0,2
12.4464,-0.176,-9.141,0,2
12.4483,-0.176,-9.141,0,2
12.4503,-0.176,-9.141,0,2
12.4529,-0.176,-9.141,0,2
12.4543,-0.176,-9.141,0,2
12.4563,-0.176,-9.141,0,2
12.4582,-0.176,-9.141,0,2
12.4603,-0.176,-9.141,0,2
12.4623,-0.176,-9.141,0,2
12.4643,-0.176,-9.141,0,2
12.4662,-0.176,-9.141,0,2
12.4682,-0.176,-9.141,0,2
12.4703,-0.176,-9.141,0,2
12.4723,-0.176,-9.141,0,2
12.4742,-0.176,-9.141,0,2
12.4762,-0.176,-9.141,0,2
12.4783,-0.176,-9.141,0,2
12.4803,-0.176,-9.141,0,2
12.4823,-0.176,-9.141,0,2
12.4842,-0.176,-9.141,0,2
12.4863,-0.176,-9.141,0,2
12.4883,-0.176,-9.141,0,2
12.4903,-0.176,-9.141,0,2
12.4923,-0.176,-9.141,0,2
12.4943,-0.176,-9.141,0,2
12.4963,-0.176,-9.141,0,2
12.4983,-0.176,-9.141,0,2
12.5003,-0.176,-9.141,0,2
12.5022,-0.176,-9.141,0,2
12.5043,-0.176,-9.141,0,2
12.5063,-0.176,-9.141,0,2
12.5083,-0.176,-9.141,0,2
12.5103,-0.176,-9.141,0,2
12.5123,-0.176,-9.141,0,2
12.5142,-0.176,-9.141,0,2
12.5162,-0.176,-9.141,0,2
12.5182,-0.176,-9.141,0,2
12.5202,-0.176,-9.141,0,2
12.5222,-0.176,-9.141,0,2
12.5243,-0.176,-9.141,0,2
12.5263,-0.176,-9.141,0,2
12.5283,-0.176,-9.141,0,2
12.5303,-0.176,-9.141,0,2
12.5322,-0.176,-9.141,0,2
12.5343,-0.176,-9.141,0,2
12.5363,-0.176,-9.141,0,2
12.5383,-0.176,-9.141,0,2
12.5402,-0.176,-9.141,0,2
12.5423,-0.176,-9.141,0,2
12.5462,-0.176,-9.141,0,2
12.5465,-0.176,-9.141,0,2
12.5483,-0.176,-9.141,0,2
12.5503,-0.176,-9.141,0,2
12.5523,-0.176,-9.141,0,2
12.5542,-0.176,-9.141,0,2
12.5563,-0.176,-9.141,0,2
12.5583,-0.176,-9.141,0,2
12.5603,-0.176,-9.141,0,2
12.5622,-0.176,-9.141,0,2
12.5643,-0.176,-9.141,0,2
12.5663,-0.176,-9.141,0,2
12.5683,-0.176,-9.141,0,2
12.5703,-0.176,-9.141,0,2
12.5723,-0.176,-9.141,0,2
12.5743,-0.176,-9.141,0,2
12.5763,-0.176,-9.141,0,2
12.5783,-0.176,-9.141,0,2
12.5802,-0.176,-9.141,0,2
12.5823,-0.176,-9.141,0,2
12.5843,-0.176,-9.141,0,2
12.5863,-0.176,-9.141,0,2
12.5882,-0.176,-9.141,0,2
12.5902,-0.176,-9.141,0,2
12.5923,-0.176,-9.141,0,2
12.5943,-0.176,-9.141,0,2
12.5963,-0.176,-9.141,0,2
12.5983,-0.176,-9.141,0,2
12.6003,-0.176,-9.141,0,2
12.6022,-0.176,-9.141,0,2
12.6042,-0.176,-9.141,0,2
12.6063,-0.176,-9.141,0,2
12.6083,-0.176,-9.141,0,2
12.6103,-0.176,-9.141,0,2
12.6122,-0.176,-9.141,0,2
12.6143,-0.176,-9.141,0,2
12.6163,-0.176,-9.141,0,2
12.6183,-0.176,-9.141,0,2
12.6327,-0.176,-9.141,0,2
12.6347,-0.176,-9.141,0,2
12.6371,-0.176,-9.141,0,2
12.6388,-0.176,-9.141,0,2
12.6407,-0.176,-9.141,0,2
12.6428,-0.176,-9.141,0,2
12.6466,-0.176,-9.141,0,2
12.6469,-0.176,-9.141,0,2
12.6488,-0.176,-9.141,0,2
12.6508,-0.176,-9.141,0,2
12.6527,-0.176,-9.141,0,2
12.6548,-0.176,-9.141,0,2
12.6568,-0.176,-9.141,0,2
12.6588,-0.176,-9.141,0,2
12.6607,-0.176,-9.141,0,2
12.6627,-0.176,-9.141,0,2
12.6648,-0.176,-9.141,0,2
12.6667,-0.176,-9.141,0,2
12.6687,-0.176,-9.141,0,2
12.6708,-0.176,-9.141,0,2
12.6727,-0.176,-9.141,0,2
12.6747,-0.176,-9.141,0,2
12.6768,-0.176,-9.141,0,2
12.6787,-0.176,-9.141,0,2
12.6808,-0.176,-9.141,0,2
12.6828,-0.176,-9.141,0,2
12.6848,-0.176,-9.141,0,2
12.6868,-0.176,-9.141,0,2
12.6887,-0.176,-9.141,0,2
12.6907,-0.176,-9.141,0,2
12.6928,-0.176,-9.141,0,2
12.6948,-0.176,-9.141,0,2
12.6968,-0.176,-9.141,0,2
12.6988,-0.176,-9.141,0,2
12.7007,-0.176,-9.141,0,2
12.7027,-0.176,-9.141,0,2
12.7048,-0.176,-9.141,0,2
12.7068,-0.176,-9.141,0,2
12.7088,-0.176,-9.141,0,2
12.7107,-0.176,-9.141,0,2
12.7128,-0.176,-9.141,0,2
12.7148,-0.176,-9.141,0,2
12.7168,-0.176,-9.141,0,2
12.7187,-0.176,-9.141,0,2
12.7208,-0.176,-9.141,0,2
12.7228,-0.176,-9.141,0,2
12.7248,-0.176,-8.965,0,2
12.7268,-0.176,-8.965,0,2
12.7288,-0.176,-8.965,0,2
12.7308,-0.176,-8.965,0,2
12.7328,-0.176,-8.965,0,2
12.7347,-0.176,-8.965,0,2
12.7367,-0.176,-8.965,0,2
12.7388,-0.176,-8.965,0,2
12.7408,-0.176,-8.965,0,2
12.7427,-0.176,-8.965,0,2
12.7461,-0.176,-8.965,0,2
12.7467,-0.176,-8.965,0,2
12.7523,-0.176,-9.141,0,2
12.7531,-0.176,-9.141,0,2
12.7533,-0.176,-9.141,0,2
12.7548,-0.176,-9.141,0,2
12.7568,-0.176,-9.141,0,2
12.7587,-0.176,-9.141,0,2
12.7608,-0.176,-9.141,0,2
12.7628,-0.176,-9.141,0,2
12.7648,-0.176,-9.141,0,2
12.7668,-0.176,-9.141,0,2
12.7687,-0.176,-9.141,0,2
12.7707,-0.176,-9.141,0,2
12.7728,-0.176,-9.141,0,2
12.7748,-0.176,-9.141,0,2
12.7768,-0.176,-9.141,0,2
12.7788,-0.176,-9.141,0,2
12.7808,-0.176,-9.141,0,2
12.7827,-0.176,-9.141,0,2
12.7847,-0.176,-9.316,0,2
12.7868,-0.176,-9.316,0,2
12.7888,-0.176,-9.316,0,2
12.7907,0.000,-9.316,0,2
12.7930,0.000,-9.316,0,2
12.7947,0.000,-9.316,0,2
12.7968,0.000,-9.316,0,2
12.7988,0.000,-9.316,0,2
12.8008,0.000,-9.316,0,2
12.8027,0.000,-9.316,0,2
12.8048,0.000,-9.316,0,2
12.8068,0.000,-9.316,0,2
12.8088,0.000,-9.316,0,2
12.8107,0.000,-9.316,0,2
12.8128,0.000,-9.316,0,2
12.8148,0.000,-9.316,0,2
12.8168,0.000,-9.316,0,2
12.8187,0.000,-9.316,0,2
12.8207,0.000,-9.316,0,2
12.8228,0.000,-9.316,0,2
12.8248,0.000,-9.141,0,2
12.8268,0.000,-9.141,0,2
12.8288,0.000,-9.141,0,2
12.8308,0.000,-9.141,0,2
12.8327,0.000,-9.141,0,2
12.8348,0.000,-9.141,0,2
12.8367,0.000,-9.141,0,2
12.8388,0.000,-9.141,0,2
12.8408,0.000,-9.141,0,2
12.8428,0.000,-9.141,0,2
12.8464,0.000,-9.141,0,2
12.8467,0.000,-9.141,0,2
12.8487,0.000,-9.141,0,2
12.8508,0.000,-9.141,0,2
12.8528,0.000,-9.141,0,2
12.8548,0.000,-9.141,0,2
12.8567,0.000,-9.141,0,2
12.8588,0.000,-9.141,0,2
12.8608,0.000,-9.141,0,2
12.8628,0.000,-9.141,0,2
12.8648,0.000,-9.141,0,2
12.8668,0.000,-9.141,0,2
12.8687,0.000,-9.141,0,2
12.8708,0.000,-9.141,0,2
12.8727,0.000,-9.141,0,2
12.8747,0.000,-9.141,0,2
12.8768,0.000,-9.141,0,2
12.8788,0.000,-9.141,0,2
12.8807,0.000,-9.141,0,2
12.8828,0.000,-9.141,0,2
12.8848,0.000,-9.141,0,2
12.8867,0.000,-9.141,0,2
12.8887,0.000,-9.141,0,2
12.8908,0.000,-9.141,0,2
12.8928,0.000,-9.141,0,2
12.8948,0.000,-9.141,0,2
12.8967,0.000,-9.141,0,2
12.8987,0.000,-9.141,0,2
12.9008,0.000,-9.141,0,2
12.9028,0.000,-9.141,0,2
12.9048,0.000,-9.141,0,2
12.9068,0.000,-9.141,0,2
12.9087,0.000,-9.141,0,2
12.9108,0.000,-9.141,0,2
12.9261,0.000,-9.141,0,2
12.9281,0.000,-9.141,0,2
12.9302,0.000,-8.965,0,2
12.9322,0.000,-8.965,0,2
12.9342,0.000,-8.965,0,2
12.9362,0.000,-8.965,0,2
12.9382,0.000,-8.965,0,2
12.9402,0.000,-8.965,0,2
12.9422,0.000,-8.965,0,2
12.9467,0.000,-8.965,0,2
12.9470,0.000,-8.965,0,2
12.9482,0.000,-8.965,0,2
12.9502,0.000,-8.965,0,2
12.9522,0.000,-8.965,0,2
12.9542,0.000,-8.965,0,2
12.9561,0.000,-8.965,0,2
12.9582,0.000,-8.965,0,2
12.9602,0.000,-8.965,0,2
12.9622,0.000,-8.965,0,2
12.9642,0.000,-8.965,0,2
12.9661,0.000,-8.965,0,2
12.9681,0.000,-8.965,0,2
12.9702,-0.176,-8.965,0,2
12.9722,-0.176,-8.965,0,2
12.9742,-0.176,-8.965,0,2
12.9770,-0.176,-8.965,0,2
12.9782,-0.176,-8.965,0,2
12.9802,-0.176,-8.965,0,2
12.9822,-0.176,-8.965,0,2
12.9842,-0.176,-8.965,0,2
12.9862,-0.176,-8.965,0,2
12.9882,-0.176,-8.965,0,2
12.9901,-0.176,-8.965,0,2
12.9922,-0.176,-8.965,0,2
12.9942,-0.176,-8.965,0,2
12.9962,-0.176,-9.141,0,2
12.9981,-0.176,-9.141,0,2
13.0002,-0.176,-9.141,0,2
13.0022,0.000,-9.141,0,2
13.0042,0.000,-9.141,0,2
13.0062,0.000,-9.141,0,2
13.0082,0.000,-9.141,0,2
13.0101,0.000,-9.141,0,2
13.0122,0.000,-9.141,0,2
13.0142,0.000,-9.141,0,2
13.0162,0.000,-9.141,0,2
13.0181,0.000,-9.141,0,2
13.0203,0.000,-9.141,0,2
13.0251,0.000,-9.141,0,2
13.0259,0.000,-9.141,0,2
13.0263,0.000,-9.141,0,2
13.0282,0.000,-9.141,0,2
13.0302,0.000,-9.141,0,2
13.0322,0.000,-9.141,0,2
13.0342,0.000,-9.141,0,2
13.0362,0.000,-9.141,0,2
13.0382,0.000,-9.141,0,2
13.0401,0.000,-9.141,0,2
13.0422,0.000,-9.141,0,2
13.0464,0.000,-9.141,0,2
13.0466,0.000,-9.141,0,2
13.0482,0.000,-9.141,0,2
13.0501,0.000,-9.141,0,2
13.0522,0.000,-9.141,0,2
13.0542,0.000,-9.141,0,2
13.0562,0.000,-9.141,0,2
13.0582,0.000,-9.141,0,2
13.0602,0.000,-9.141,0,2
13.0622,0.000,-9.141,0,2
13.0641,0.000,-9.141,0,2
13.0661,0.000,-9.141,0,2
13.0682,0.000,-9.141,0,2
13.0702,0.000,-9.141,0,2
13.0722,0.000,-9.141,0,2
13.0742,0.000,-9.141,0,2
13.0762,0.000,-9.141,0,2
13.0782,0.000,-9.141,0,2
13.0802,0.000,-9.141,0,2
13.0822,0.000,-9.141,0,2
13.0842,0.000,-9.141,0,2
13.0862,0.000,-9.141,0,2
13.0882,0.000,-9.141,0,2
13.0901,0.000,-9.141,0,2
13.0922,0.000,-9.141,0,2
13.0942,0.000,-9.141,0,2
13.0962,0.000,-9.141,0,2
13.0982,0.000,-9.141,0,2
13.1002,0.000,-9.141,0,2
13.1022,0.000,-9.141,0,2
13.1041,0.000,-9.141,0,2
13.1061,0.000,-9.141,0,2
13.1082,0.000,-9.141,0,2
13.1102,0.000,-9.141,0,2
13.1122,0.000,-9.141,0,2
13.1142,0.000,-9.141,0,2
13.1161,0.000,-9.141,0,2
13.1181,0.000,-9.141,0,2
13.1202,0.000,-9.316,0,2
13.1222,0.000,-9.316,0,2
13.1242,0.000,-9.316,0,2
13.1262,0.000,-9.316,0,2
13.1282,0.000,-9.316,0,2
13.1302,0.000,-9.316,0,2
13.1322,0.000,-9.316,0,2
13.1341,0.000,-9.316,0,2
13.1362,0.000,-9.316,0,2
13.1382,0.000,-9.316,0,2
13.1402,0.000,-9.316,0,2
13.1421,0.000,-9.316,0,2
13.1461,0.000,-9.141,0,2
13.1464,0.000,-9.141,0,2
13.1482,0.000,-9.141,0,2
13.1502,0.000,-9.141,0,2
13.1522,0.000,-9.141,0,2
13.1541,0.000,-9.141,0,2
13.1562,0.000,-9.141,0,2
13.1582,0.000,-9.141,0,2
13.1602,0.000,-9.141,0,2
13.1622,0.000,-9.141,0,2
13.1642,0.000,-9.141,0,2
13.1662,0.000,-9.141,0,2
13.1681,0.000,-9.141,0,2
13.1701,0.000,-9.141,0,2
13.1722,0.000,-9.141,0,2
13.1742,0.000,-9.141,0,2
13.1762,0.000,-9.141,0,2
13.1782,0.000,-9.141,0,2
13.1802,0.000,-9.141,0,2
13.1822,0.000,-9.141,0,2
13.1841,0.000,-9.141,0,2
13.1862,0.000,-9.141,0,2
13.1882,0.000,-9.141,0,2
13.1902,0.000,-9.141,0,2
13.1922,0.000,-9.141,0,2
13.1942,0.000,-9.141,0,2
13.1962,0.000,-9.141,0,2
13.1982,0.000,-9.141,0,2
13.2002,0.000,-9.141,0,2
13.2022,0.000,-9.141,0,2
13.2041,0.000,-9.141,0,2
13.2061,0.000,-9.141,0,2
13.2082,0.000,-9.141,0,2
13.2102,0.000,-9.141,0,2
13.2122,0.000,-9.141,0,2
13.2142,0.000,-9.141,0,2
13.2161,0.000,-9.141,0,2
13.2182,0.000,-9.141,0,2
13.2202,0.000,-9.141,0,2
13.2222,0.000,-9.141,0,2
13.2242,0.000,-9.141,0,2
13.2262,0.000,-9.141,0,2
13.2281,0.000,-9.141,0,2
13.2301,0.000,-9.141,0,2
13.2322,0.000,-9.141,0,2
13.2344,0.000,-9.141,0,2
13.2524,0.000,-9.141,0,2
13.2545,0.000,-9.141,0,2
13.2564,0.000,-9.141,0,2
13.2584,0.000,-9.141,0,2
13.2604,0.000,-9.141,0,2
13.2625,0.000,-9.141,0,2
13.2644,0.000,-9.141,0,2
13.2664,0.000,-9.141,0,2
13.2684,0.000,-9.141,0,2
13.2704,0.000,-9.141,0,2
13.2724,0.000,-9.141,0,2
13.2745,0.000,-9.141,0,2
13.2765,0.000,-9.141,0,2
13.2785,0.000,-9.141,0,2
13.2804,0.000,-8.965,0,2
13.2824,0.000,-8.965,0,2
13.2844,0.000,-8.965,0,2
13.2865,0.000,-8.965,0,2
13.2885,0.000,-8.965,0,2
13.2904,0.000,-8.965,0,2
13.2924,0.000,-8.965,0,2
13.2944,0.000,-8.965,0,2
13.2964,0.000,-8.965,0,2
13.2984,0.000,-8.965,0,2
13.3004,0.000,-8.965,0,2
13.3025,0.000,-8.965,0,2
13.3045,0.000,-8.965,0,2
13.3064,0.000,-8.965,0,2
13.3084,0.000,-8.965,0,2
13.3104,0.000,-9.141,0,2
13.3125,0.000,-9.141,0,2
13.3145,0.000,-9.141,0,2
13.3164,0.000,-9.141,0,2
13.3185,0.000,-9.141,0,2
13.3204,0.000,-9.141,0,2
13.3225,0.000,-9.141,0,2
13.3244,0.000,-9.141,0,2
13.3264,0.000,-9.141,0,2
13.3284,0.000,-9.141,0,2
13.3305,0.000,-9.141,0,2
13.3324,0.000,-9.141,0,2
13.3345,0.000,-9.141,0,2
13.3365,0.000,-9.141,0,2
13.3385,0.000,-9.141,0,2
13.3404,0.000,-9.141,0,2
13.3424,0.000,-9.141,0,2
13.3444,0.000,-9.141,0,2
13.3465,0.000,-9.141,0,2
13.3485,0.000,-9.141,0,2
13.3512,0.000,-9.141,0,2
13.3524,0.000,-9.141,0,2
13.3545,0.000,-9.141,0,2
13.3564,0.000,-9.141,0,2
13.3584,0.000,-9.141,0,2
13.3604,0.000,-9.141,0,2
13.3625,0.000,-9.141,0,2
13.3644,0.000,-9.141,0,2
13.3664,0.000,-9.141,0,2
13.3684,0.000,-9.141,0,2
13.3704,0.000,-9.141,0,2
13.3725,0.000,-9.141,0,2
13.3744,0.000,-9.141,0,2
13.3764,0.000,-9.141,0,2
13.3784,0.000,-9.141,0,2
13.3805,0.000,-9.141,0,2
13.3824,0.000,-9.141,0,2
13.3844,0.000,-9.141,0,2
13.3864,0.000,-9.141,0,2
13.3884,0.000,-9.141,0,2
13.3905,0.000,-9.141,0,2
13.3924,0.000,-9.141,0,2
13.3944,0.000,-9.141,0,2
13.3964,0.000,-9.141,0,2
13.3985,0.000,-9.141,0,2
13.4004,0.000,-9.141,0,2
13.4024,0.000,-9.141,0,2
13.4044,0.000,-9.141,0,2
13.4064,0.000,-9.141,0,2
13.4085,0.000,-9.141,0,2
13.4104,0.000,-9.141,0,2
13.4124,0.000,-9.141,0,2
13.4144,0.000,-9.141,0,2
13.4165,0.000,-9.141,0,2
13.4184,0.000,-9.141,0,2
13.4204,0.000,-9.141,0,2
13.4224,0.000,-9.141,0,2
13.4244,0.000,-9.141,0,2
13.4265,0.000,-9.141,0,2
13.4284,0.000,-9.141,0,2
13.4304,0.000,-9.141,0,2
13.4324,0.000,-9.141,0,2
13.4345,0.000,-9.141,0,2
13.4364,0.000,-9.141,0,2
13.4384,0.000,-9.141,0,2
13.4404,0.000,-9.141,0,2
13.4424,0.000,-9.141,0,2
13.4444,0.000,-9.141,0,2
13.4464,0.000,-9.141,0,2
13.4484,0.000,-9.141,0,2
13.4511,0.000,-9.141,0,2
13.4524,0.000,-9.141,0,2
13.4545,0.000,-9.141,0,2
13.4564,0.000,-9.141,0,2
13.4584,0.000,-9.141,0,2
13.4605,0.000,-9.141,0,2
13.4625,0.000,-9.141,0,2
13.4644,0.000,-9.141,0,2
13.4664,0.000,-9.141,0,2
13.4684,0.000,-9.141,0,2
13.4705,0.000,-9.141,0,2
13.4724,0.000,-9.141,0,2
13.4744,0.000,-9.141,0,2
13.4764,0.000,-9.141,0,2
13.4784,0.000,-9.141,0,2
13.4805,0.000,-9.141,0,2
13.4824,0.000,-9.141,0,2
13.4844,0.000,-9.141,0,2
13.4864,0.000,-9.141,0,2
13.4885,0.000,-9.141,0,2
13.4904,0.000,-9.141,0,2
13.4924,0.000,-9.141,0,2
13.4944,0.000,-9.141,0,2
13.4964,0.000,-9.141,0,2
13.4985,0.000,-9.141,0,2
13.5004,0.000,-9.141,0,2
13.5024,0.000,-9.141,0,2
13.5044,0.000,-9.141,0,2
13.5065,0.000,-9.141,0,2
13.5084,0.000,-9.141,0,2
13.5104,0.000,-9.141,0,2
13.5124,0.000,-9.141,0,2
13.5144,0.000,-9.141,0,2
13.5164,0.000,-9.141,0,2
13.5184,0.000,-9.141,0,2
13.5205,0.000,-9.141,0,2
13.5224,0.000,-9.141,0,2
13.5244,0.000,-9.141,0,2
13.5264,0.000,-9.141,0,2
13.5285,0.000,-9.141,0,2
13.5304,0.000,-9.141,0,2
13.5324,0.000,-9.141,0,2
13.5344,0.000,-9.141,0,2
13.5364,0.000,-9.141,0,2
13.5385,0.000,-9.141,0,2
13.5404,0.000,-9.141,0,2
13.5425,0.000,-9.141,0,2
13.5444,0.000,-9.141,0,2
13.5464,0.000,-9.141,0,2
13.5484,0.000,-9.141,0,2
13.5511,0.000,-9.141,0,2
13.5524,0.000,-9.141,0,2
13.5544,0.000,-9.141,0,2
13.5565,0.000,-9.141,0,2
13.5584,0.000,-9.141,0,2
13.5604,0.000,-9.141,0,2
13.5624,0.000,-9.141,0,2
13.5645,0.000,-9.141,0,2
13.5665,0.000,-9.141,0,2
13.5684,0.000,-9.141,0,2
13.5704,0.000,-9.141,0,2
13.5725,0.000,-9.141,0,2
13.5744,0.000,-9.141,0,2
13.5764,0.000,-9.141,0,2
13.5784,0.000,-9.141,0,2
13.5804,0.000,-9.141,0,2
13.5825,0.000,-9.141,0,2
13.5844,0.000,-9.141,0,2
13.5864,0.000,-9.141,0,2
13.5884,0.000,-9.141,0,2
13.5905,0.000,-9.141,0,2
13.5924,0.000,-9.141,0,2
13.5944,0.000,-9.141,0,2
13.5964,0.000,-9.141,0,2
13.5984,0.000,-9.141,0,2
13.6005,0.000,-9.141,0,2
13.6024,0.000,-9.141,0,2
13.6045,0.000,-9.141,0,2
13.6097,0.000,-9.141,0,2
13.6104,0.000,-9.141,0,2
13.6106,0.000,-9.141,0,2
13.6125,0.000,-9.141,0,2
13.6148,0.000,-9.141,0,2
13.6165,0.000,-9.141,0,2
13.6185,0.000,-9.141,0,2
13.6205,0.000,-9.141,0,2
13.6224,0.000,-9.141,0,2
13.6244,0.000,-9.141,0,2
13.6264,0.000,-9.141,0,2
13.6284,0.000,-9.141,0,2
13.6304,0.000,-9.141,0,2
13.6325,0.000,-9.141,0,2
13.6344,0.000,-9.141,0,2
13.6364,0.000,-9.141,0,2
13.6384,0.000,-9.141,0,2
13.6404,0.000,-9.141,0,2
13.6425,0.000,-9.141,0,2
13.6445,0.000,-9.141,0,2
13.6464,0.000,-9.141,0,2
13.6484,0.000,-9.141,0,2
13.6514,0.000,-9.141,0,2
13.6524,0.000,-9.141,0,2
13.6545,0.000,-9.141,0,2
13.6565,0.000,-9.141,0,2
13.6584,0.000,-9.141,0,2
13.6604,0.000,-9.141,0,2
13.6624,0.000,-9.141,0,2
13.6644,0.000,-9.141,0,2
13.6664,0.000,-9.141,0,2
13.6684,0.000,-9.141,0,2
13.6704,0.000,-9.141,0,2
13.6724,0.000,-9.141,0,2
13.6744,0.000,-9.141,0,2
13.6764,0.000,-9.141,0,2
13.6785,0.000,-9.141,0,2
13.6805,0.000,-9.141,0,2
13.6825,0.000,-9.141,0,2
13.6844,0.000,-9.141,0,2
13.6864,0.000,-9.141,0,2
13.6884,0.000,-9.141,0,2
13.6904,0.000,-9.141,0,2
13.6924,0.000,-9.141,0,2
13.6945,0.000,-9.141,0,2
13.6965,0.000,-9.141,0,2
13.6985,0.000,-9.141,0,2
13.7004,0.000,-9.141,0,2
13.7024,0.000,-9.141,0,2
13.7044,0.000,-9.141,0,2
13.7064,0.000,-9.141,0,2
13.7084,0.000,-9.141,0,2
13.7105,0.000,-9.141,0,2
13.7125,0.000,-9.141,0,2
13.7145,0.000,-9.141,0,2
13.7164,0.000,-9.141,0,2
13.7184,0.000,-9.141,0,2
13.7204,0.000,-9.141,0,2
13.7224,0.000,-9.141,0,2
13.7244,0.000,-9.141,0,2
13.7265,0.000,-9.141,0,2
13.7285,0.000,-9.141,0,2
13.7305,0.000,-9.141,0,2
13.7324,0.000,-9.141,0,2
13.7344,0.000,-9.141,0,2
13.7364,0.000,-9.141,0,2
13.7384,0.000,-9.141,0,2
13.7404,0.000,-9.141,0,2
13.7425,0.000,-9.141,0,2
13.7445,0.000,-9.141,0,2
13.7464,0.000,-9.141,0,2
13.7485,0.000,-9.141,0,2
13.7511,0.000,-9.141,0,2
13.7525,0.000,-9.141,0,2
13.7545,0.000,-9.141,0,2
13.7564,0.000,-9.141,0,2
13.7584,0.000,-9.141,0,2
13.7604,0.000,-9.141,0,2
13.7625,0.000,-9.141,0,2
13.7644,0.000,-9.141,0,2
13.7664,0.000,-9.141,0,2
13.7684,0.000,-9.141,0,2
13.7705,0.000,-9.141,0,2
13.7724,0.000,-9.141,0,2
13.7744,0.000,-9.141,0,2
13.7764,0.000,-9.141,0,2
13.7785,0.000,-9.141,0,2
13.7804,0.000,-9.141,0,2
13.7824,0.000,-9.141,0,2
13.7844,0.000,-9.141,0,2
13.7865,0.000,-9.141,0,2
13.7884,0.000,-9.141,0,2
13.7904,0.000,-9.141,0,2
13.7924,0.000,-9.141,0,2
13.7945,0.000,-9.141,0,2
13.7965,0.000,-9.141,0,2
13.7984,0.000,-9.141,0,2
13.8004,0.000,-9.141,0,2
13.8024,0.000,-9.141,0,2
13.8044,0.000,-9.141,0,2
13.8064,0.000,-9.141,0,2
13.8085,0.000,-9.141,0,2
13.8105,0.000,-9.141,0,2
13.8125,0.000,-9.141,0,2
13.8144,0.000,-9.141,0,2
13.8164,0.000,-9.141,0,2
13.8184,0.000,-9.141,0,2
13.8204,0.000,-9.141,0,2
13.8224,0.000,-9.141,0,2
13.8245,0.000,-9.141,0,2
13.8265,0.000,-9.141,0,2
13.8285,0.000,-9.141,0,2
13.8304,0.000,-9.141,0,2
13.8324,0.000,-9.141,0,2
13.8344,0.000,-9.141,0,2
13.8364,0.000,-9.141,0,2
13.8384,0.000,-9.141,0,2
13.8405,0.000,-9.141,0,2
13.8424,0.000,-9.141,0,2
13.8444,0.000,-9.141,0,2
13.8464,0.000,-9.141,0,2
13.8485,0.000,-9.141,0,2
13.8511,0.000,-9.141,0,2
13.8524,0.000,-9.141,0,2
13.8544,0.000,-9.141,0,2
13.8564,0.000,-9.141,0,2
13.8584,0.000,-9.141,0,2
13.8605,0.000,-9.141,0,2
13.8625,0.000,-9.141,0,2
13.8645,0.000,-9.141,0,2
13.8664,0.000,-9.141,0,2
13.8684,0.000,-9.141,0,2
13.8704,0.000,-9.141,0,2
13.8724,0.000,-9.141,0,2
13.8745,0.000,-9.141,0,2
13.8765,0.000,-9.141,0,2
13.8784,0.000,-9.141,0,2
13.8804,0.000,-9.141,0,2
13.8824,0.000,-9.141,0,2
13.8844,0.000,-9.141,0,2
13.8864,0.000,-9.141,0,2
13.8885,0.000,-9.141,0,2
13.8905,0.000,-9.141,0,2
13.8925,0.000,-9.141,0,2
13.8944,0.000,-9.141,0,2
13.8964,0.000,-9.141,0,2
13.8984,0.000,-9.141,0,2
13.9004,0.000,-9.141,0,2
13.9024,0.000,-9.141,0,2
13.9044,0.000,-9.141,0,2
13.9065,0.000,-9.141,0,2
13.9084,0.000,-9.141,0,2
13.9104,0.000,-9.141,0,2
13.9124,0.000,-9.141,0,2
13.9144,0.000,-9.141,0,2
13.9164,0.000,-9.141,0,2
13.9184,0.000,-9.141,0,2
13.9205,0.000,-9.141,0,2
13.9224,0.000,-9.141,0,2
13.9249,0.000,-9.141,0,2
13.9264,0.000,-9.141,0,2
13.9284,0.000,-9.141,0,2
13.9304,0.000,-9.141,0,2
13.9324,0.000,-9.141,0,2
13.9345,0.000,-9.141,0,2
13.9365,0.000,-9.141,0,2
13.9385,0.000,-9.141,0,2
13.9404,0.000,-9.141,0,2
13.9424,0.000,-9.141,0,2
13.9444,0.000,-9.141,0,2
13.9464,0.000,-9.141,0,2
13.9485,0.000,-9.141,0,2
13.9515,0.000,-9.141,0,2
13.9524,0.000,-9.141,0,2
13.9545,0.000,-9.141,0,2
13.9565,0.000,-9.141,0,2
13.9584,0.000,-9.141,0,2
13.9604,0.000,-9.141,0,2
13.9624,0.000,-9.141,0,2
13.9644,0.000,-9.141,0,2
13.9664,0.000,-9.141,0,2
13.9685,0.000,-9.141,0,2
13.9705,0.000,-9.141,0,2
13.9724,0.000,-9.141,0,2
13.9744,0.000,-9.141,0,2
13.9765,0.000,-9.141,0,2
13.9785,0.000,-9.141,0,2
13.9804,0.000,-9.141,0,2
13.9824,0.000,-9.141,0,2
13.9845,0.000,-9.141,0,2
13.9864,0.000,-9.141,0,2
13.9884,0.000,-9.141,0,2
13.9904,0.000,-9.141,0,2
13.9924,0.000,-9.141,0,2
13.9944,0.000,-9.141,0,2
13.9964,0.000,-9.141,0,2
13.9985,0.000,-9.141,0,2
14.0005,0.000,-9.141,0,2
14.0025,0.000,-9.141,0,2
14.0044,0.000,-9.141,0,2
14.0064,0.000,-9.141,0,2
14.0084,0.000,-9.141,0,2
14.0104,0.000,-9.141,0,2
14.0124,0.000,-9.141,0,2
14.0144,0.000,-9.141,0,2
14.0164,0.000,-9.141,0,2
14.0184,0.000,-9.141,0,2
14.0205,0.000,-9.141,0,2
14.0225,0.000,-9.141,0,2
14.0245,0.000,-9.141,0,2
14.0264,0.000,-9.141,0,2
14.0284,0.000,-9.141,0,2
14.0304,0.000,-9.141,0,2
14.0325,0.000,-9.141,0,2
14.0344,0.000,-9.141,0,2
14.0364,0.000,-9.141,0,2
14.0384,0.000,-9.141,0,2
14.0404,0.000,-9.141,0,2
14.0425,0.000,-9.141,0,2
14.0444,0.000,-9.141,0,2
14.0464,0.000,-9.141,0,2
14.0484,0.000,-9.141,0,2
14.0511,0.000,-9.141,0,2
14.0524,0.000,-9.141,0,2
14.0544,0.000,-9.141,0,2
14.0565,0.000,-9.141,0,2
14.0584,0.000,-9.141,0,2
14.0604,0.000,-9.141,0,2
14.0624,0.000,-9.141,0,2
14.0644,0.000,-9.141,0,2
14.0665,0.000,-9.141,0,2
14.0685,0.000,-9.141,0,2
14.0705,0.000,-9.141,0,2
14.0724,0.000,-9.141,0,2
14.0744,0.000,-9.141,0,2
14.0764,0.000,-9.141,0,2
14.0784,0.000,-9.141,0,2
14.0805,0.000,-9.141,0,2
14.0825,0.000,-9.141,0,2
14.0845,0.000,-9.141,0,2
14.0864,0.000,-9.141,0,2
14.0884,0.000,-9.141,0,2
14.0904,0.000,-9.141,0,2
14.0924,0.000,-9.141,0,2
14.0944,0.000,-9.141,0,2
14.0965,0.000,-9.141,0,2
14.0985,0.000,-9.141,0,2
14.1005,0.000,-9.141,0,2
14.1024,0.000,-9.141,0,2
14.1044,0.000,-9.141,0,2
14.1064,0.000,-9.141,0,2
14.1084,0.000,-9.141,0,2
14.1104,0.000,-9.141,0,2
14.1125,0.000,-9.141,0,2
14.1145,0.000,-9.141,0,2
14.1165,0.000,-9.141,0,2
14.1184,0.000,-9.141,0,2
14.1204,0.000,-9.141,0,2
14.1224,0.000,-9.141,0,2
14.1244,0.000,-9.141,0,2
14.1264,0.000,-9.141,0,2
14.1285,0.000,-9.141,0,2
14.1305,0.000,-9.141,0,2
14.1324,0.000,-9.141,0,2
14.1344,0.000,-9.141,0,2
14.1364,0.000,-9.141,0,2
14.1384,0.000,-9.141,0,2
14.1404,0.000,-9.141,0,2
14.1425,0.000,-9.141,0,2
14.1444,0.000,-9.141,0,2
14.1464,0.000,-9.141,0,2
14.1484,0.000,-9.141,0,2
14.1516,0.000,-9.141,0,2
14.1661,0.000,-9.141,0,2
14.1681,0.000,-9.141,0,2
14.1701,0.000,-9.141,0,2
14.1722,0.000,-9.141,0,2
14.1741,0.000,-9.141,0,2
14.1761,0.000,-9.141,0,2
14.1781,0.000,-9.141,0,2
14.1801,0.000,-9.141,0,2
14.1822,0.000,-9.141,0,2
14.1842,0.000,-9.141,0,2
14.1862,0.000,-9.141,0,2
14.1882,0.000,-9.141,0,2
14.1901,0.000,-9.141,0,2
14.1921,0.000,-9.141,0,2
14.1941,0.000,-9.141,0,2
14.1961,0.000,-9.141,0,2
14.1981,0.000,-9.141,0,2
14.2002,0.000,-9.141,0,2
14.2022,0.000,-9.141,0,2
14.2042,0.000,-9.141,0,2
14.2061,0.000,-9.141,0,2
14.2081,0.000,-9.141,0,2
14.2101,0.000,-9.141,0,2
14.2122,0.000,-9.141,0,2
14.2142,0.000,-9.141,0,2
14.2162,0.000,-9.141,0,2
14.2182,0.000,-9.141,0,2
14.2201,0.000,-9.141,0,2
14.2221,0.000,-9.141,0,2
14.2241,0.000,-9.141,0,2
14.2261,0.000,-9.141,0,2
14.2282,0.000,-9.141,0,2
14.2302,0.000,-9.141,0,2
14.2322,0.000,-9.141,0,2
14.2342,0.000,-9.141,0,2
14.2361,0.000,-9.141,0,2
14.2381,0.000,-9.141,0,2
14.2401,0.000,-9.141,0,2
14.2422,0.000,-9.141,0,2
14.2442,0.000,-9.141,0,2
14.2461,0.000,-9.141,0,2
14.2481,0.000,-9.141,0,2
14.2515,0.000,-9.141,0,2
14.2522,0.000,-9.141,0,2
14.2541,0.000,-9.141,0,2
14.2561,0.000,-9.141,0,2
14.2581,0.000,-9.141,0,2
14.2601,0.000,-9.141,0,2
14.2622,0.000,-9.141,0,2
14.2642,0.000,-9.141,0,2
14.2662,0.000,-9.141,0,2
14.2682,0.000,-9.141,0,2
14.2701,0.000,-9.141,0,2
14.2721,0.000,-9.141,0,2
14.2741,0.000,-9.141,0,2
14.2761,0.000,-9.141,0,2
14.2782,0.000,-9.141,0,2
14.2802,0.000,-9.141,0,2
14.2822,0.000,-9.141,0,2
14.2842,0.000,-9.141,0,2
14.2861,0.000,-9.141,0,2
14.2881,0.000,-9.141,0,2
14.2901,0.000,-9.141,0,2
14.2921,0.000,-9.141,0,2
14.2941,0.000,-9.141,0,2
14.2962,0.000,-9.141,0,2
14.2982,0.000,-9.141,0,2
14.3001,0.000,-9.141,0,2
14.3021,0.000,-9.141,0,2
14.3041,0.000,-9.141,0,2
14.3061,0.000,-9.141,0,2
14.3082,0.000,-9.141,0,2
14.3102,0.000,-9.141,0,2
14.3122,0.000,-9.141,0,2
14.3141,0.000,-9.141,0,2
14.3162,0.000,-9.141,0,2
14.3182,0.000,-9.141,0,2
14.3202,0.000,-9.141,0,2
14.3222,0.000,-9.141,0,2
14.3241,0.000,-9.141,0,2
14.3261,0.000,-9.141,0,2
14.3281,0.000,-9.141,0,2
14.3302,0.000,-9.141,0,2
14.3322,0.000,-9.141,0,2
14.3342,0.000,-9.141,0,2
14.3362,0.000,-9.141,0,2
14.3381,0.000,-9.141,0,2
14.3401,0.000,-9.141,0,2
14.3421,0.000,-9.141,0,2
14.3442,0.000,-9.141,0,2
14.3462,0.000,-9.141,0,2
14.3482,0.000,-9.141,0,2
14.3511,0.000,-9.141,0,2
14.3522,0.000,-9.141,0,2
14.3541,0.000,-9.141,0,2
14.3562,0.000,-9.141,0,2
14.3582,0.000,-9.141,0,2
14.3602,0.000,-9.141,0,2
14.3622,0.000,-9.141,0,2
14.3641,0.000,-9.141,0,2
14.3661,0.000,-9.141,0,2
14.3681,0.000,-9.141,0,2
14.3701,0.000,-9.141,0,2
14.3722,0.000,-9.141,0,2
14.3742,0.000,-9.141,0,2
14.3762,0.000,-9.141,0,2
14.3782,0.000,-9.141,0,2
14.3801,0.000,-9.141,0,2
14.3821,0.000,-9.141,0,2
14.3841,0.000,-9.141,0,2
14.3862,0.000,-9.141,0,2
14.3882,0.000,-9.141,0,2
14.3902,0.000,-9.141,0,2
14.3922,0.000,-9.141,0,2
14.3941,0.000,-9.141,0,2
14.3961,0.000,-9.141,0,2
14.3981,0.000,-9.141,0,2
14.4001,0.000,-9.141,0,2
14.4021,0.000,-9.141,0,2
14.4042,0.000,-9.141,0,2
14.4061,0.000,-9.141,0,2
14.4082,0.000,-9.141,0,2
14.4102,0.000,-9.141,0,2
14.4121,0.000,-9.141,0,2
14.4141,0.000,-9.141,0,2
14.4162,0.000,-9.141,0,2
14.4182,0.000,-9.141,0,2
14.4202,0.000,-9.141,0,2
14.4221,0.000,-9.141,0,2
14.4242,0.000,-9.141,0,2
14.4262,0.000,-9.141,0,2
14.4282,0.000,-9.141,0,2
14.4302,0.000,-9.141,0,2
14.4321,0.000,-9.141,0,2
14.4341,0.000,-9.141,0,2
14.4362,0.000,-9.141,0,2
14.4382,0.000,-9.141,0,2
14.4401,0.000,-9.141,0,2
14.4422,0.000,-9.141,0,2
14.4442,0.000,-9.141,0,2
14.4462,0.000,-9.141,0,2
14.4481,0.000,-9.141,0,2
14.4512,0.000,-9.141,0,2
14.4522,0.000,-9.141,0,2
14.4542,0.000,-9.141,0,2
14.4561,0.000,-9.141,0,2
14.4581,0.000,-9.141,0,2
14.4602,0.000,-9.141,0,2
14.4622,0.000,-9.141,0,2
14.4642,0.000,-9.141,0,2
14.4661,0.000,-9.141,0,2
14.4682,0.000,-9.141,0,2
14.4701,0.000,-9.141,0,2
14.4722,0.000,-9.141,0,2
14.4741,0.000,-9.141,0,2
14.4762,0.000,-9.141,0,2
14.4782,0.000,-9.141,0,2
14.4801,0.000,-9.141,0,2
14.4821,0.000,-9.141,0,2
14.4842,0.000,-9.141,0,2
14.4862,0.000,-9.141,0,2
14.4881,0.000,-9.141,0,2
14.4901,0.000,-9.141,0,2
14.4922,0.000,-9.141,0,2
14.4942,0.000,-9.141,0,2
14.4962,0.000,-9.141,0,2
14.4981,0.000,-9.141,0,2
14.5001,0.000,-9.141,0,2
14.5022,0.000,-9.141,0,2
14.5042,0.000,-9.141,0,2
14.5061,0.000,-9.141,0,2
14.5081,0.000,-9.141,0,2
14.5101,0.000,-9.141,0,2
14.5121,0.000,-9.141,0,2
14.5142,0.000,-9.141,0,2
14.5162,0.000,-9.141,0,2
14.5181,0.000,-9.141,0,2
14.5201,0.000,-9.141,0,2
14.5222,0.000,-9.141,0,2
14.5242,0.000,-9.141,0,2
14.5261,0.000,-9.141,0,2
14.5281,0.000,-9.141,0,2
14.5302,0.000,-9.141,0,2
14.5322,0.000,-9.141,0,2
14.5342,0.000,-9.141,0,2
14.5361,0.000,-9.141,0,2
14.5381,0.000,-9.141,0,2
14.5401,0.000,-9.141,0,2
14.5421,0.000,-9.141,0,2
14.5442,0.000,-9.141,0,2
14.5461,0.000,-9.141,0,2
14.5482,0.000,-9.141,0,2
14.5511,0.000,-9.141,0,2
14.5522,0.000,-9.141,0,2
14.5541,0.000,-9.141,0,2
14.5561,0.000,-9.141,0,2
14.5582,0.000,-9.141,0,2
14.5601,0.000,-9.141,0,2
14.5621,0.000,-9.141,0,2
14.5642,0.000,-9.141,0,2
14.5662,0.000,-9.141,0,2
14.5681,0.000,-9.141,0,2
14.5702,0.000,-9.141,0,2
14.5721,0.000,-9.141,0,2
14.5746,0.000,-9.141,0,0
14.5905,0.000,-9.141,0,0
14.5925,0.000,-9.141,0,0
14.5945,0.000,-9.141,0,0
14.5965,0.000,-9.141,0,0
14.5985,0.000,-9.141,0,0
14.6006,0.000,-9.141,0,0
14.6026,0.000,-9.141,0,0
14.6046,0.000,-9.141,0,0
14.6066,0.000,-9.141,0,0
14.6085,0.000,-9.141,0,0
14.6105,0.000,-9.141,0,0
14.6126,0.000,-9.141,0,0
14.6146,0.000,-9.141,0,0
14.6166,0.000,-9.141,0,0
14.6186,0.000,-9.141,0,0
14.6206,0.000,-9.141,0,0
14.6225,0.000,-9.141,0,0
14.6245,0.000,-9.141,0,0
14.6265,0.000,-8.965,0,0
14.6285,0.000,-8.965,0,0
14.6305,0.000,-8.965,0,0
14.6325,0.000,-8.965,0,0
14.6345,0.000,-8.965,0,0
14.6366,0.000,-8.965,0,0
14.6392,0.000,-8.965,0,0
14.6406,0.000,-8.965,0,0
14.6427,0.000,-8.965,0,0
14.6445,0.000,-8.965,0,0
14.6466,0.000,-8.965,0,0
14.6486,0.000,-8.965,0,0
14.6515,0.000,-8.965,0,0
14.6526,0.000,-8.965,0,0
14.6546,0.000,-8.965,0,0
14.6566,0.000,-8.965,0,0
14.6585,0.000,-8.965,0,0
14.6605,0.000,-8.965,0,0
14.6625,0.000,-8.965,0,0
14.6646,0.000,-8.965,0,0
14.6666,0.000,-8.965,0,0
14.6686,0.000,-9.141,0,0
14.6706,0.000,-9.141,0,0
14.6725,0.000,-9.141,0,0
14.6745,0.000,-9.141,0,0
14.6766,0.000,-9.141,0,0
14.6786,0.000,-9.141,0,0
14.6806,0.000,-9.141,0,0
14.6826,0.000,-9.141,0,0
14.6846,0.000,-9.141,0,0
14.6866,0.000,-9.141,0,0
14.6885,0.000,-9.141,0,0
14.6905,0.000,-9.141,0,0
14.6926,0.000,-9.141,0,0
14.6946,0.000,-9.141,0,0
14.6966,0.000,-9.141,0,0
14.6986,0.000,-9.141,0,0
14.7005,0.000,-9.141,0,0
14.7025,0.000,-9.141,0,0
14.7046,0.000,-9.141,0,0
14.7065,0.000,-9.141,0,0
14.7086,0.000,-9.141,0,0
14.7106,0.000,-9.141,0,0
14.7126,0.000,-8.965,0,0
14.7146,0.000,-8.965,0,0
14.7165,0.000,-8.965,0,0
14.7186,0.000,-8.965,0,0
14.7205,0.000,-8.965,0,0
14.7225,0.000,-8.965,0,0
14.7246,0.000,-8.965,0,0
14.7266,0.000,-8.965,0,0
14.7286,0.000,-8.965,0,0
14.7306,0.000,-8.965,0,0
14.7325,0.000,-8.965,0,0
14.7345,0.000,-8.965,0,0
14.7366,0.000,-8.965,0,0
14.7386,0.000,-8.965,0,0
14.7406,0.000,-8.965,0,0
14.7426,0.000,-8.965,0,0
14.7446,0.000,-8.965,0,0
14.7466,0.000,-8.965,0,0
14.7485,0.000,-8.965,0,0
14.7511,0.000,-8.965,0,0
14.7525,0.000,-8.965,0,0
14.7545,0.000,-8.965,0,0
14.7566,0.000,-8.965,0,0
14.7586,0.000,-8.965,0,0
14.7606,0.000,-8.965,0,0
14.7626,0.000,-8.965,0,0
14.7646,0.000,-8.965,0,0
14.7665,0.000,-8.965,0,0
14.7685,0.000,-8.965,0,0
14.7706,0.000,-8.965,0,0
14.7726,0.000,-8.965,0,0
14.7746,0.000,-9.141,0,0
14.7766,0.000,-9.141,0,0
14.7786,0.000,-9.141,0,0
14.7806,0.000,-9.141,0,0
14.7826,0.000,-9.141,0,0
14.7846,0.000,-9.141,0,0
14.7866,0.000,-9.141,0,0
14.7886,0.000,-9.141,0,0
14.7905,0.000,-9.141,0,0
14.7926,0.000,-9.141,0,0
14.7945,0.000,-9.141,0,0
14.7966,0.000,-9.141,0,0
14.7986,0.000,-9.141,0,0
14.8006,0.000,-9.141,0,0
14.8026,0.000,-9.141,0,0
14.8045,0.000,-9.141,0,0
14.8066,0.000,-9.141,0,0
14.8085,0.000,-9.141,0,0
14.8106,0.000,-9.141,0,0
14.8126,0.000,-9.141,0,0
14.8146,0.000,-9.141,0,0
14.8166,0.000,-9.141,0,0
14.8185,0.000,-9.141,0,0
14.8205,0.000,-9.141,0,0
